open_time,open,high,low,close,volume,close_time,quote_volume,trades,taker_buy_base,taker_buy_quote,ignore,symbol
2026-05-18 07:10:00+00:00,9.12,9.12,9.11,9.12,5162.43,1779088499999,47067.03910000,143,761.46000000,6942.56880000,0,AVAXUSDT
2026-05-18 07:15:00+00:00,9.11,9.12,9.1,9.11,2895.73,1779088799999,26380.11800000,122,898.82000000,8188.27880000,0,AVAXUSDT
2026-05-18 07:20:00+00:00,9.1,9.11,9.08,9.1,12232.7,1779089099999,111246.69610000,182,6203.90000000,56418.74630000,0,AVAXUSDT
2026-05-18 07:25:00+00:00,9.11,9.15,9.11,9.13,7617.31,1779089399999,69586.17990000,218,3930.67000000,35907.83100000,0,AVAXUSDT
2026-05-18 07:30:00+00:00,9.14,9.15,9.12,9.13,6546.76,1779089699999,59794.64350000,215,2924.34000000,26728.13790000,0,AVAXUSDT
2026-05-18 07:35:00+00:00,9.13,9.13,9.11,9.12,5727.95,1779089999999,52245.29280000,208,3101.51000000,28288.33300000,0,AVAXUSDT
2026-05-18 07:40:00+00:00,9.12,9.13,9.09,9.1,9728.54,1779090299999,88712.85650000,252,2252.01000000,20532.34040000,0,AVAXUSDT
2026-05-18 07:45:00+00:00,9.1,9.12,9.1,9.1,2747.04,1779090599999,25014.96410000,172,1568.18000000,14286.15980000,0,AVAXUSDT
2026-05-18 07:50:00+00:00,9.1,9.12,9.09,9.11,3327.23,1779090899999,30288.59330000,98,1855.49000000,16895.62110000,0,AVAXUSDT
2026-05-18 07:55:00+00:00,9.12,9.12,9.11,9.11,2203.71,1779091199999,20077.69990000,68,2022.30000000,18425.05480000,0,AVAXUSDT
2026-05-18 08:00:00+00:00,9.12,9.14,9.12,9.14,5480.69,1779091499999,50041.48970000,133,1506.90000000,13760.83580000,0,AVAXUSDT
2026-05-18 08:05:00+00:00,9.14,9.14,9.12,9.13,8604.53,1779091799999,78579.20800000,163,6065.54000000,55392.45600000,0,AVAXUSDT
2026-05-18 08:10:00+00:00,9.13,9.14,9.12,9.12,1733.54,1779092099999,15826.98090000,118,544.57000000,4971.93060000,0,AVAXUSDT
2026-05-18 08:15:00+00:00,9.12,9.13,9.11,9.11,748.65,1779092399999,6826.45680000,78,222.05000000,2026.35600000,0,AVAXUSDT
2026-05-18 08:20:00+00:00,9.12,9.13,9.1,9.12,2405.16,1779092699999,21917.85680000,209,577.90000000,5268.05480000,0,AVAXUSDT
2026-05-18 08:25:00+00:00,9.12,9.13,9.11,9.11,6291.72,1779092999999,57380.55450000,133,931.34000000,8493.89710000,0,AVAXUSDT
2026-05-18 08:30:00+00:00,9.12,9.12,9.1,9.12,2884.32,1779093299999,26274.47330000,104,1306.63000000,11904.31460000,0,AVAXUSDT
2026-05-18 08:35:00+00:00,9.13,9.13,9.1,9.1,773.11,1779093599999,7045.32830000,79,118.64000000,1081.04070000,0,AVAXUSDT
2026-05-18 08:40:00+00:00,9.11,9.12,9.1,9.1,731.07,1779093899999,6659.96590000,61,200.53000000,1827.85770000,0,AVAXUSDT
2026-05-18 08:45:00+00:00,9.11,9.12,9.1,9.1,898.1,1779094199999,8181.23650000,49,796.21000000,7253.74660000,0,AVAXUSDT
2026-05-18 08:50:00+00:00,9.11,9.14,9.11,9.13,826.74,1779094499999,7546.02550000,71,671.00000000,6125.89100000,0,AVAXUSDT
2026-05-18 08:55:00+00:00,9.13,9.14,9.13,9.13,158.19,1779094799999,1444.54530000,15,27.06000000,247.32840000,0,AVAXUSDT
2026-05-18 09:00:00+00:00,9.14,9.14,9.1,9.1,4156.36,1779095099999,37941.02330000,122,1260.33000000,11518.83450000,0,AVAXUSDT
2026-05-18 09:05:00+00:00,9.1,9.11,9.09,9.09,2737.04,1779095399999,24905.97060000,143,1867.09000000,16990.97610000,0,AVAXUSDT
2026-05-18 09:10:00+00:00,9.09,9.11,9.08,9.09,6486.08,1779095699999,58974.33360000,189,3681.99000000,33473.60140000,0,AVAXUSDT
2026-05-18 09:15:00+00:00,9.1,9.12,9.1,9.1,1966.78,1779095999999,17902.83750000,88,1669.13000000,15193.07280000,0,AVAXUSDT
2026-05-18 09:20:00+00:00,9.1,9.12,9.1,9.11,1187.21,1779096299999,10815.48310000,99,295.61000000,2693.36090000,0,AVAXUSDT
2026-05-18 09:25:00+00:00,9.11,9.11,9.09,9.1,988.94,1779096599999,8999.42020000,69,571.02000000,5196.31810000,0,AVAXUSDT
2026-05-18 09:30:00+00:00,9.1,9.11,9.09,9.11,1398.82,1779096899999,12722.25390000,143,878.28000000,7990.35830000,0,AVAXUSDT
2026-05-18 09:35:00+00:00,9.1,9.12,9.1,9.11,707.49,1779097199999,6443.77370000,81,443.57000000,4040.95880000,0,AVAXUSDT
2026-05-18 09:40:00+00:00,9.11,9.11,9.1,9.1,3774.64,1779097499999,34350.04650000,57,3701.07000000,33680.55950000,0,AVAXUSDT
2026-05-18 09:45:00+00:00,9.1,9.12,9.1,9.11,1425.66,1779097799999,12984.15550000,80,1040.80000000,9481.75090000,0,AVAXUSDT
2026-05-18 09:50:00+00:00,9.12,9.12,9.09,9.09,575.37,1779098099999,5240.69150000,81,114.19000000,1040.32560000,0,AVAXUSDT
2026-05-18 09:55:00+00:00,9.1,9.1,9.08,9.08,2622.32,1779098399999,23842.17570000,44,562.33000000,5117.05610000,0,AVAXUSDT
2026-05-18 10:00:00+00:00,9.08,9.08,9.06,9.07,6009.94,1779098699999,54533.53640000,251,2665.04000000,24178.10940000,0,AVAXUSDT
2026-05-18 10:05:00+00:00,9.06,9.08,9.05,9.08,5612.17,1779098999999,50877.89210000,300,2117.89000000,19206.34330000,0,AVAXUSDT
2026-05-18 10:10:00+00:00,9.08,9.09,9.06,9.06,2675.23,1779099299999,24273.28730000,163,489.58000000,4446.00330000,0,AVAXUSDT
2026-05-18 10:15:00+00:00,9.06,9.08,9.06,9.06,3582.88,1779099599999,32485.23570000,131,1148.77000000,10419.37470000,0,AVAXUSDT
2026-05-18 10:20:00+00:00,9.07,9.07,9.05,9.06,3178.47,1779099899999,28817.68170000,117,1464.91000000,13278.03230000,0,AVAXUSDT
2026-05-18 10:25:00+00:00,9.07,9.07,9.06,9.07,569.86,1779100199999,5168.25250000,51,193.58000000,1755.77060000,0,AVAXUSDT
2026-05-18 10:30:00+00:00,9.07,9.07,9.05,9.05,1574.44,1779100499999,14271.22700000,73,407.77000000,3698.46620000,0,AVAXUSDT
2026-05-18 10:35:00+00:00,9.05,9.07,9.04,9.06,30435.84,1779100799999,275509.12450000,344,15251.59000000,138035.04850000,0,AVAXUSDT
2026-05-18 10:40:00+00:00,9.06,9.06,9.05,9.05,857.5,1779101099999,7766.98870000,38,71.97000000,652.04820000,0,AVAXUSDT
2026-05-18 10:45:00+00:00,9.06,9.08,9.05,9.07,2962.79,1779101399999,26850.00850000,75,2630.01000000,23832.34310000,0,AVAXUSDT
2026-05-18 10:50:00+00:00,9.07,9.08,9.07,9.07,1162.58,1779101699999,10544.80580000,90,289.37000000,2624.79110000,0,AVAXUSDT
2026-05-18 10:55:00+00:00,9.07,9.08,9.06,9.07,369.54,1779101999999,3349.57020000,49,83.21000000,754.91480000,0,AVAXUSDT
2026-05-18 11:00:00+00:00,9.06,9.08,9.05,9.07,2412.45,1779102299999,21877.23620000,136,1661.00000000,15063.88570000,0,AVAXUSDT
2026-05-18 11:05:00+00:00,9.07,9.08,9.06,9.06,3486.56,1779102599999,31610.22540000,173,637.50000000,5780.59320000,0,AVAXUSDT
2026-05-18 11:10:00+00:00,9.06,9.08,9.06,9.08,1108.45,1779102899999,10053.33160000,51,1066.67000000,9674.63750000,0,AVAXUSDT
2026-05-18 11:15:00+00:00,9.08,9.1,9.07,9.09,3066.58,1779103199999,27891.79350000,93,2858.29000000,26000.88440000,0,AVAXUSDT
2026-05-18 11:20:00+00:00,9.09,9.09,9.08,9.08,5005.59,1779103499999,45469.96840000,97,3090.63000000,28072.62680000,0,AVAXUSDT
2026-05-18 11:25:00+00:00,9.09,9.09,9.08,9.08,2771.64,1779103799999,25167.51010000,52,101.89000000,926.18010000,0,AVAXUSDT
2026-05-18 11:30:00+00:00,9.08,9.11,9.07,9.11,5077.73,1779104099999,46104.33030000,258,3689.40000000,33493.81120000,0,AVAXUSDT
2026-05-18 11:35:00+00:00,9.12,9.16,9.1,9.15,7778.81,1779104399999,71019.82260000,364,6729.24000000,61443.31150000,0,AVAXUSDT
2026-05-18 11:40:00+00:00,9.15,9.21,9.14,9.18,20773.41,1779104699999,190708.99320000,1032,12765.01000000,117159.34430000,0,AVAXUSDT
2026-05-18 11:45:00+00:00,9.18,9.19,9.16,9.17,19356.22,1779104999999,177697.12490000,253,1417.69000000,13017.82300000,0,AVAXUSDT
2026-05-18 11:50:00+00:00,9.18,9.18,9.16,9.16,928.77,1779105299999,8515.69260000,90,830.12000000,7611.98400000,0,AVAXUSDT
2026-05-18 11:55:00+00:00,9.16,9.17,9.15,9.16,541.73,1779105599999,4962.77660000,101,227.65000000,2085.99390000,0,AVAXUSDT
2026-05-18 12:00:00+00:00,9.16,9.19,9.16,9.17,5312.93,1779105899999,48773.97930000,417,2595.25000000,23833.28280000,0,AVAXUSDT
2026-05-18 12:05:00+00:00,9.17,9.2,9.17,9.19,4669.18,1779106199999,42920.19340000,288,3296.93000000,30307.97070000,0,AVAXUSDT
2026-05-18 12:10:00+00:00,9.19,9.19,9.17,9.18,683.43,1779106499999,6277.91510000,54,326.02000000,2995.96050000,0,AVAXUSDT
2026-05-18 12:15:00+00:00,9.18,9.19,9.17,9.19,6241.15,1779106799999,57263.47830000,299,2576.01000000,23640.53360000,0,AVAXUSDT
2026-05-18 12:20:00+00:00,9.18,9.21,9.18,9.2,4928.85,1779107099999,45320.71360000,172,3100.48000000,28505.54290000,0,AVAXUSDT
2026-05-18 12:25:00+00:00,9.2,9.2,9.16,9.18,15761.0,1779107399999,144776.45350000,346,9083.31000000,83480.19590000,0,AVAXUSDT
2026-05-18 12:30:00+00:00,9.17,9.2,9.17,9.2,4314.74,1779107699999,39641.36330000,243,3558.73000000,32693.17660000,0,AVAXUSDT
2026-05-18 12:35:00+00:00,9.2,9.23,9.2,9.22,5977.39,1779107999999,55098.95940000,321,3619.99000000,33374.48040000,0,AVAXUSDT
2026-05-18 12:40:00+00:00,9.21,9.23,9.21,9.23,1817.97,1779108299999,16752.36620000,211,777.54000000,7168.28210000,0,AVAXUSDT
2026-05-18 12:45:00+00:00,9.22,9.23,9.21,9.21,5662.79,1779108599999,52201.21720000,282,2348.33000000,21642.64100000,0,AVAXUSDT
2026-05-18 12:50:00+00:00,9.21,9.21,9.19,9.2,4222.62,1779108899999,38848.15160000,73,3793.24000000,34897.86960000,0,AVAXUSDT
2026-05-18 12:55:00+00:00,9.19,9.21,9.19,9.2,1327.76,1779109199999,12209.25960000,140,311.54000000,2866.32600000,0,AVAXUSDT
2026-05-18 13:00:00+00:00,9.2,9.2,9.17,9.18,3605.2,1779109499999,33117.86420000,207,830.68000000,7633.07820000,0,AVAXUSDT
2026-05-18 13:05:00+00:00,9.17,9.18,9.17,9.18,1549.35,1779109799999,14222.20580000,49,1462.70000000,13427.58600000,0,AVAXUSDT
2026-05-18 13:10:00+00:00,9.18,9.19,9.17,9.19,3203.56,1779110099999,29411.90680000,53,434.27000000,3990.09500000,0,AVAXUSDT
2026-05-18 13:15:00+00:00,9.18,9.19,9.17,9.18,2108.57,1779110399999,19350.94050000,80,445.06000000,4085.66170000,0,AVAXUSDT
2026-05-18 13:20:00+00:00,9.17,9.18,9.17,9.17,1385.01,1779110699999,12700.78270000,34,24.10000000,221.23800000,0,AVAXUSDT
2026-05-18 13:25:00+00:00,9.17,9.18,9.16,9.16,2007.47,1779110999999,18406.97060000,105,1599.36000000,14667.01050000,0,AVAXUSDT
2026-05-18 13:30:00+00:00,9.16,9.16,9.12,9.14,5706.09,1779111299999,52164.79080000,600,3717.26000000,33980.89650000,0,AVAXUSDT
2026-05-18 13:35:00+00:00,9.13,9.14,9.08,9.12,8260.81,1779111599999,75142.84090000,844,2501.31000000,22760.13210000,0,AVAXUSDT
2026-05-18 13:40:00+00:00,9.12,9.14,9.1,9.11,9642.67,1779111899999,88018.84350000,605,5965.11000000,54457.98940000,0,AVAXUSDT
2026-05-18 13:45:00+00:00,9.1,9.15,9.1,9.14,6746.28,1779112199999,61564.71240000,544,3602.43000000,32890.47200000,0,AVAXUSDT
2026-05-18 13:50:00+00:00,9.14,9.16,9.14,9.16,2017.2,1779112499999,18452.90550000,211,1655.85000000,15146.20520000,0,AVAXUSDT
2026-05-18 13:55:00+00:00,9.15,9.17,9.14,9.15,5823.21,1779112799999,53302.57050000,308,2587.59000000,23694.83460000,0,AVAXUSDT
2026-05-18 14:00:00+00:00,9.14,9.14,9.13,9.14,5580.55,1779113099999,50958.43660000,329,1807.78000000,16512.72750000,0,AVAXUSDT
2026-05-18 14:05:00+00:00,9.14,9.14,9.12,9.14,9582.3,1779113399999,87470.53010000,429,4203.38000000,38382.40720000,0,AVAXUSDT
2026-05-18 14:10:00+00:00,9.14,9.14,9.11,9.11,3924.22,1779113699999,35777.52410000,349,2067.73000000,18852.28000000,0,AVAXUSDT
2026-05-18 14:15:00+00:00,9.12,9.13,9.07,9.1,10150.62,1779113999999,92235.91300000,501,3339.45000000,30351.23900000,0,AVAXUSDT
2026-05-18 14:20:00+00:00,9.1,9.12,9.09,9.1,8860.34,1779114299999,80668.73170000,526,5338.14000000,48606.01640000,0,AVAXUSDT
2026-05-18 14:25:00+00:00,9.1,9.12,9.09,9.09,2837.5,1779114599999,25840.42390000,264,1589.80000000,14481.63000000,0,AVAXUSDT
2026-05-18 14:30:00+00:00,9.09,9.1,9.05,9.06,13705.63,1779114899999,124385.75700000,682,3443.46000000,31260.84620000,0,AVAXUSDT
2026-05-18 14:35:00+00:00,9.06,9.09,9.03,9.09,12993.24,1779115199999,117635.09310000,613,4879.35000000,44216.19130000,0,AVAXUSDT
2026-05-18 14:40:00+00:00,9.08,9.08,9.06,9.07,10490.72,1779115499999,95185.09130000,376,5507.75000000,49972.65300000,0,AVAXUSDT
2026-05-18 14:45:00+00:00,9.07,9.07,9.05,9.06,2124.97,1779115799999,19251.06120000,309,1287.93000000,11670.22090000,0,AVAXUSDT
2026-05-18 14:50:00+00:00,9.07,9.08,9.06,9.06,2475.23,1779116099999,22450.02020000,204,1142.70000000,10364.95660000,0,AVAXUSDT
2026-05-18 14:55:00+00:00,9.06,9.07,9.06,9.07,653.52,1779116399999,5925.95510000,95,447.47000000,4058.55290000,0,AVAXUSDT
2026-05-18 15:00:00+00:00,9.07,9.08,9.02,9.04,33324.53,1779116699999,301251.18880000,830,12675.60000000,114547.90350000,0,AVAXUSDT
2026-05-18 15:05:00+00:00,9.04,9.07,9.03,9.05,6383.86,1779116999999,57765.92130000,328,2136.53000000,19336.67420000,0,AVAXUSDT
2026-05-18 15:10:00+00:00,9.06,9.09,9.05,9.08,8538.96,1779117299999,77455.23960000,650,6170.89000000,55972.13940000,0,AVAXUSDT
2026-05-18 15:15:00+00:00,9.07,9.08,9.04,9.05,1680.68,1779117599999,15232.21590000,244,1027.24000000,9310.91060000,0,AVAXUSDT
2026-05-18 15:20:00+00:00,9.05,9.06,9.04,9.06,3120.76,1779117899999,28242.19170000,354,1562.78000000,14144.82380000,0,AVAXUSDT
2026-05-18 15:25:00+00:00,9.06,9.06,9.03,9.03,11207.09,1779118199999,101335.92090000,424,3882.87000000,35127.10710000,0,AVAXUSDT
2026-05-18 15:30:00+00:00,9.03,9.05,9.01,9.04,3563.53,1779118499999,32168.49070000,294,1488.47000000,13447.50070000,0,AVAXUSDT
2026-05-18 15:35:00+00:00,9.05,9.06,9.05,9.05,3648.26,1779118799999,33023.36790000,239,2019.32000000,18281.46090000,0,AVAXUSDT
2026-05-18 15:40:00+00:00,9.06,9.1,9.06,9.08,4394.66,1779119099999,39881.25920000,232,1551.84000000,14075.30290000,0,AVAXUSDT
2026-05-18 15:45:00+00:00,9.08,9.1,9.08,9.09,1914.45,1779119399999,17406.18140000,91,1173.15000000,10667.81500000,0,AVAXUSDT
2026-05-18 15:50:00+00:00,9.08,9.1,9.08,9.1,2381.2,1779119699999,21642.33980000,144,1044.86000000,9496.66690000,0,AVAXUSDT
2026-05-18 15:55:00+00:00,9.1,9.11,9.08,9.09,1744.88,1779119999999,15875.76120000,185,894.52000000,8139.97000000,0,AVAXUSDT
2026-05-18 16:00:00+00:00,9.09,9.09,9.07,9.07,372.05,1779120299999,3378.99090000,114,178.18000000,1618.58560000,0,AVAXUSDT
2026-05-18 16:05:00+00:00,9.08,9.09,9.07,9.09,2751.07,1779120599999,24972.98080000,186,1529.46000000,13892.71210000,0,AVAXUSDT
2026-05-18 16:10:00+00:00,9.09,9.12,9.08,9.11,2777.7,1779120899999,25301.35380000,178,1978.79000000,18030.00030000,0,AVAXUSDT
2026-05-18 16:15:00+00:00,9.11,9.11,9.09,9.11,6298.84,1779121199999,57368.15010000,219,5319.41000000,48453.02820000,0,AVAXUSDT
2026-05-18 16:20:00+00:00,9.11,9.12,9.08,9.09,7411.39,1779121499999,67433.69180000,224,4256.21000000,38725.12600000,0,AVAXUSDT
2026-05-18 16:25:00+00:00,9.09,9.09,9.05,9.07,11185.65,1779121799999,101418.99950000,365,2174.47000000,19712.16860000,0,AVAXUSDT
2026-05-18 16:30:00+00:00,9.06,9.08,9.05,9.07,6279.99,1779122099999,56910.49380000,242,2949.01000000,26724.18370000,0,AVAXUSDT
2026-05-18 16:35:00+00:00,9.08,9.1,9.08,9.09,2781.84,1779122399999,25279.66460000,199,2373.15000000,21565.18820000,0,AVAXUSDT
2026-05-18 16:40:00+00:00,9.09,9.1,9.08,9.1,1136.65,1779122699999,10332.81500000,250,659.90000000,5999.17010000,0,AVAXUSDT
2026-05-18 16:45:00+00:00,9.09,9.1,9.09,9.09,3282.0,1779122999999,29833.86120000,106,194.18000000,1765.57740000,0,AVAXUSDT
2026-05-18 16:50:00+00:00,9.09,9.1,9.08,9.1,1283.79,1779123299999,11672.46130000,111,993.94000000,9037.73380000,0,AVAXUSDT
2026-05-18 16:55:00+00:00,9.1,9.11,9.09,9.09,4287.03,1779123599999,39011.94180000,184,775.41000000,7056.28140000,0,AVAXUSDT
2026-05-18 17:00:00+00:00,9.1,9.11,9.09,9.11,1844.73,1779123899999,16793.17260000,209,1598.32000000,14551.28980000,0,AVAXUSDT
2026-05-18 17:05:00+00:00,9.11,9.12,9.11,9.12,976.06,1779124199999,8894.02610000,150,364.60000000,3322.82520000,0,AVAXUSDT
2026-05-18 17:10:00+00:00,9.12,9.13,9.11,9.11,965.95,1779124499999,8813.81270000,106,821.94000000,7500.87660000,0,AVAXUSDT
2026-05-18 17:15:00+00:00,9.11,9.14,9.11,9.13,422.62,1779124799999,3857.52190000,137,203.57000000,1858.10760000,0,AVAXUSDT
2026-05-18 17:20:00+00:00,9.13,9.14,9.12,9.13,6163.14,1779125099999,56255.83130000,147,3766.21000000,34385.54900000,0,AVAXUSDT
2026-05-18 17:25:00+00:00,9.13,9.13,9.11,9.13,2513.9,1779125399999,22938.99250000,205,1240.97000000,11329.23420000,0,AVAXUSDT
2026-05-18 17:30:00+00:00,9.14,9.14,9.12,9.13,2127.7,1779125699999,19435.31160000,67,1133.27000000,10356.22990000,0,AVAXUSDT
2026-05-18 17:35:00+00:00,9.13,9.14,9.12,9.13,5491.13,1779125999999,50132.74570000,402,5139.35000000,46922.38680000,0,AVAXUSDT
2026-05-18 17:40:00+00:00,9.13,9.14,9.12,9.14,730.43,1779126299999,6668.34040000,123,251.64000000,2297.56310000,0,AVAXUSDT
2026-05-18 17:45:00+00:00,9.14,9.14,9.12,9.13,2625.21,1779126599999,23969.41280000,161,1070.97000000,9778.92670000,0,AVAXUSDT
2026-05-18 17:50:00+00:00,9.13,9.15,9.13,9.14,5842.88,1779126899999,53439.15400000,147,4792.23000000,43836.21300000,0,AVAXUSDT
2026-05-18 17:55:00+00:00,9.14,9.14,9.12,9.12,4855.68,1779127199999,44322.95790000,83,207.61000000,1897.07750000,0,AVAXUSDT
2026-05-18 18:00:00+00:00,9.13,9.13,9.09,9.11,1510.1,1779127499999,13757.71420000,164,1278.75000000,11649.99050000,0,AVAXUSDT
2026-05-18 18:05:00+00:00,9.11,9.11,9.07,9.09,2116.49,1779127799999,19238.72240000,178,1390.52000000,12640.13380000,0,AVAXUSDT
2026-05-18 18:10:00+00:00,9.08,9.09,9.07,9.07,3104.23,1779128099999,28187.19990000,116,2768.00000000,25134.39950000,0,AVAXUSDT
2026-05-18 18:15:00+00:00,9.07,9.09,9.06,9.07,822.77,1779128399999,7467.90850000,136,461.13000000,4186.68600000,0,AVAXUSDT
2026-05-18 18:20:00+00:00,9.07,9.07,9.05,9.06,3570.86,1779128699999,32351.92200000,175,1251.49000000,11338.62680000,0,AVAXUSDT
2026-05-18 18:25:00+00:00,9.06,9.06,9.01,9.05,16881.63,1779128999999,152449.89450000,607,5163.14000000,46677.48060000,0,AVAXUSDT
2026-05-18 18:30:00+00:00,9.06,9.07,9.05,9.06,6962.45,1779129299999,63095.97700000,179,4807.09000000,43562.13660000,0,AVAXUSDT
2026-05-18 18:35:00+00:00,9.06,9.07,9.04,9.04,4335.64,1779129599999,39241.58570000,217,1825.50000000,16523.05780000,0,AVAXUSDT
2026-05-18 18:40:00+00:00,9.05,9.06,9.04,9.05,4589.45,1779129899999,41533.54600000,148,3187.05000000,28843.14090000,0,AVAXUSDT
2026-05-18 18:45:00+00:00,9.06,9.07,9.05,9.05,1260.23,1779130199999,11411.99040000,103,486.34000000,4405.96120000,0,AVAXUSDT
2026-05-18 18:50:00+00:00,9.05,9.06,9.04,9.04,3320.0,1779130499999,30038.89730000,156,2264.03000000,20490.02640000,0,AVAXUSDT
2026-05-18 18:55:00+00:00,9.04,9.05,9.02,9.02,7288.35,1779130799999,65820.29130000,270,2355.14000000,21287.99280000,0,AVAXUSDT
2026-05-18 19:00:00+00:00,9.02,9.16,9.02,9.15,34557.84,1779131099999,314749.37110000,1594,26302.27000000,239619.77670000,0,AVAXUSDT
2026-05-18 19:05:00+00:00,9.15,9.15,9.1,9.14,16582.49,1779131399999,151207.66350000,775,8716.58000000,79476.45490000,0,AVAXUSDT
2026-05-18 19:10:00+00:00,9.14,9.16,9.12,9.12,8964.69,1779131699999,81953.50470000,498,5646.38000000,51626.78730000,0,AVAXUSDT
2026-05-18 19:15:00+00:00,9.13,9.14,9.12,9.14,4668.03,1779131999999,42627.71570000,300,3911.90000000,35719.99500000,0,AVAXUSDT
2026-05-18 19:20:00+00:00,9.14,9.14,9.12,9.12,16374.38,1779132299999,149535.38680000,313,6018.49000000,54989.24190000,0,AVAXUSDT
2026-05-18 19:25:00+00:00,9.12,9.13,9.11,9.13,3156.94,1779132599999,28804.83600000,130,1474.23000000,13457.05960000,0,AVAXUSDT
2026-05-18 19:30:00+00:00,9.13,9.15,9.13,9.14,1258.77,1779132899999,11514.40980000,173,1045.95000000,9568.06660000,0,AVAXUSDT
2026-05-18 19:35:00+00:00,9.14,9.17,9.14,9.15,1674.55,1779133199999,15328.59020000,184,992.03000000,9078.70280000,0,AVAXUSDT
2026-05-18 19:40:00+00:00,9.16,9.18,9.15,9.17,480.05,1779133499999,4400.55060000,119,385.43000000,3533.65280000,0,AVAXUSDT
2026-05-18 19:45:00+00:00,9.17,9.19,9.16,9.18,10953.22,1779133799999,100507.58680000,245,7644.30000000,70156.92910000,0,AVAXUSDT
2026-05-18 19:50:00+00:00,9.18,9.2,9.17,9.18,30461.99,1779134099999,280098.76900000,302,15724.35000000,144565.12470000,0,AVAXUSDT
2026-05-18 19:55:00+00:00,9.17,9.18,9.17,9.18,1464.77,1779134399999,13446.46860000,66,1295.21000000,11890.02780000,0,AVAXUSDT
2026-05-18 20:00:00+00:00,9.18,9.2,9.18,9.18,4151.36,1779134699999,38129.38940000,185,2577.05000000,23664.82490000,0,AVAXUSDT
2026-05-18 20:05:00+00:00,9.17,9.19,9.17,9.19,1315.29,1779134999999,12072.09870000,43,801.55000000,7358.35500000,0,AVAXUSDT
2026-05-18 20:10:00+00:00,9.19,9.22,9.19,9.21,2771.18,1779135299999,25508.45720000,143,2625.89000000,24171.01710000,0,AVAXUSDT
2026-05-18 20:15:00+00:00,9.2,9.22,9.2,9.2,1717.48,1779135599999,15811.80290000,113,700.47000000,6451.72280000,0,AVAXUSDT
2026-05-18 20:20:00+00:00,9.21,9.21,9.19,9.2,8764.31,1779135899999,80630.79780000,98,651.11000000,5993.48750000,0,AVAXUSDT
2026-05-18 20:25:00+00:00,9.2,9.21,9.2,9.21,708.47,1779136199999,6524.21290000,39,628.89000000,5792.07690000,0,AVAXUSDT
2026-05-18 20:30:00+00:00,9.21,9.21,9.2,9.21,3711.73,1779136499999,34176.48960000,53,2247.23000000,20696.98830000,0,AVAXUSDT
2026-05-18 20:35:00+00:00,9.21,9.21,9.19,9.19,982.29,1779136799999,9037.53560000,73,259.32000000,2388.30810000,0,AVAXUSDT
2026-05-18 20:40:00+00:00,9.19,9.19,9.17,9.18,2111.05,1779137099999,19380.84170000,112,395.44000000,3631.82950000,0,AVAXUSDT
2026-05-18 20:45:00+00:00,9.17,9.18,9.15,9.15,3780.74,1779137399999,34626.29510000,166,2457.46000000,22512.99060000,0,AVAXUSDT
2026-05-18 20:50:00+00:00,9.15,9.17,9.15,9.17,927.39,1779137699999,8493.79150000,90,753.05000000,6898.46750000,0,AVAXUSDT
2026-05-18 20:55:00+00:00,9.16,9.19,9.16,9.18,6446.27,1779137999999,59159.47340000,186,4179.28000000,38365.05970000,0,AVAXUSDT
2026-05-18 21:00:00+00:00,9.18,9.19,9.16,9.19,12029.21,1779138299999,110420.17660000,217,9226.45000000,84701.09230000,0,AVAXUSDT
2026-05-18 21:05:00+00:00,9.18,9.19,9.17,9.18,1822.64,1779138599999,16731.53580000,70,1536.26000000,14102.94170000,0,AVAXUSDT
2026-05-18 21:10:00+00:00,9.19,9.21,9.18,9.2,9021.65,1779138899999,82945.11160000,145,7680.94000000,70635.09140000,0,AVAXUSDT
2026-05-18 21:15:00+00:00,9.2,9.21,9.2,9.2,3205.6,1779139199999,29491.71110000,84,2449.67000000,22537.15510000,0,AVAXUSDT
2026-05-18 21:20:00+00:00,9.21,9.22,9.2,9.21,4684.96,1779139499999,43163.21800000,133,1725.37000000,15905.68970000,0,AVAXUSDT
2026-05-18 21:25:00+00:00,9.2,9.23,9.2,9.22,3407.25,1779139799999,31373.12500000,141,2188.66000000,20158.49590000,0,AVAXUSDT
2026-05-18 21:30:00+00:00,9.22,9.26,9.22,9.23,7512.3,1779140099999,69410.39040000,316,4697.30000000,43407.23400000,0,AVAXUSDT
2026-05-18 21:35:00+00:00,9.23,9.24,9.23,9.24,9110.36,1779140399999,84136.99630000,317,8175.17000000,75505.19260000,0,AVAXUSDT
2026-05-18 21:40:00+00:00,9.23,9.25,9.23,9.24,9060.81,1779140699999,83690.77710000,304,5258.83000000,48576.25840000,0,AVAXUSDT
2026-05-18 21:45:00+00:00,9.24,9.25,9.23,9.24,1846.21,1779140999999,17065.46150000,115,696.51000000,6442.24670000,0,AVAXUSDT
2026-05-18 21:50:00+00:00,9.24,9.25,9.23,9.24,2732.59,1779141299999,25249.48760000,47,2587.08000000,23905.62490000,0,AVAXUSDT
2026-05-18 21:55:00+00:00,9.24,9.25,9.23,9.25,3181.77,1779141599999,29411.37790000,157,2357.18000000,21794.28060000,0,AVAXUSDT
2026-05-18 22:00:00+00:00,9.25,9.26,9.23,9.25,5371.84,1779141899999,49678.42690000,288,2824.55000000,26132.84020000,0,AVAXUSDT
2026-05-18 22:05:00+00:00,9.25,9.27,9.25,9.26,4476.72,1779142199999,41451.25790000,129,3315.13000000,30697.94080000,0,AVAXUSDT
2026-05-18 22:10:00+00:00,9.25,9.26,9.24,9.26,2435.71,1779142499999,22539.64560000,93,2245.88000000,20783.95650000,0,AVAXUSDT
2026-05-18 22:15:00+00:00,9.25,9.27,9.25,9.26,4220.58,1779142799999,39062.53720000,112,1910.33000000,17691.11650000,0,AVAXUSDT
2026-05-18 22:20:00+00:00,9.27,9.27,9.26,9.27,3743.03,1779143099999,34673.31640000,137,3072.95000000,28468.37560000,0,AVAXUSDT
2026-05-18 22:25:00+00:00,9.26,9.27,9.26,9.26,2333.96,1779143399999,21612.69740000,36,40.41000000,374.42440000,0,AVAXUSDT
2026-05-18 22:30:00+00:00,9.26,9.26,9.24,9.24,2078.4,1779143699999,19227.46530000,104,1091.50000000,10099.01350000,0,AVAXUSDT
2026-05-18 22:35:00+00:00,9.25,9.25,9.24,9.24,1833.31,1779143999999,16949.45750000,15,967.31000000,8947.61750000,0,AVAXUSDT
2026-05-18 22:40:00+00:00,9.24,9.25,9.22,9.23,1317.25,1779144299999,12160.44620000,71,230.05000000,2123.95570000,0,AVAXUSDT
2026-05-18 22:45:00+00:00,9.23,9.23,9.21,9.22,4840.14,1779144599999,44619.99480000,136,1576.74000000,14540.20060000,0,AVAXUSDT
2026-05-18 22:50:00+00:00,9.23,9.24,9.22,9.23,11032.48,1779144899999,101813.18610000,233,10080.60000000,93032.82980000,0,AVAXUSDT
2026-05-18 22:55:00+00:00,9.23,9.24,9.23,9.24,7044.22,1779145199999,65055.90570000,201,6581.16000000,60778.25410000,0,AVAXUSDT
2026-05-18 23:00:00+00:00,9.25,9.27,9.24,9.26,8224.95,1779145499999,76116.75710000,312,4187.77000000,38759.21930000,0,AVAXUSDT
2026-05-18 23:05:00+00:00,9.26,9.26,9.24,9.26,3833.97,1779145799999,35463.68200000,90,1604.62000000,14844.15850000,0,AVAXUSDT
2026-05-18 23:10:00+00:00,9.27,9.27,9.25,9.26,2232.06,1779146099999,20667.96670000,44,1092.62000000,10117.66920000,0,AVAXUSDT
2026-05-18 23:15:00+00:00,9.25,9.26,9.24,9.24,5640.25,1779146399999,52171.73880000,103,3504.01000000,32413.14080000,0,AVAXUSDT
2026-05-18 23:20:00+00:00,9.24,9.25,9.23,9.25,6244.28,1779146699999,57719.45060000,149,3364.89000000,31113.98610000,0,AVAXUSDT
2026-05-18 23:25:00+00:00,9.25,9.25,9.23,9.24,1827.22,1779146999999,16885.28860000,74,1459.73000000,13489.68750000,0,AVAXUSDT
2026-05-18 23:30:00+00:00,9.24,9.25,9.23,9.24,2202.2,1779147299999,20348.04450000,63,479.63000000,4431.94970000,0,AVAXUSDT
2026-05-18 23:35:00+00:00,9.23,9.26,9.23,9.25,646.87,1779147599999,5978.82350000,62,428.08000000,3959.27450000,0,AVAXUSDT
2026-05-18 23:40:00+00:00,9.25,9.27,9.24,9.27,5766.26,1779147899999,53392.14610000,155,5100.51000000,47231.23000000,0,AVAXUSDT
2026-05-18 23:45:00+00:00,9.26,9.26,9.24,9.24,1559.98,1779148199999,14437.99680000,65,336.45000000,3114.79700000,0,AVAXUSDT
2026-05-18 23:50:00+00:00,9.24,9.24,9.22,9.23,7469.53,1779148499999,68928.87080000,203,1351.79000000,12482.38910000,0,AVAXUSDT
2026-05-18 23:55:00+00:00,9.23,9.25,9.23,9.24,1057.31,1779148799999,9769.43200000,57,989.87000000,9146.40570000,0,AVAXUSDT
2026-05-19 00:00:00+00:00,9.25,9.26,9.24,9.25,7615.03,1779149099999,70439.74940000,233,3406.85000000,31514.61860000,0,AVAXUSDT
2026-05-19 00:05:00+00:00,9.25,9.27,9.24,9.25,7893.11,1779149399999,73024.13180000,325,2806.28000000,25970.02210000,0,AVAXUSDT
2026-05-19 00:10:00+00:00,9.26,9.27,9.25,9.26,7382.47,1779149699999,68362.02600000,210,6854.49000000,63473.28730000,0,AVAXUSDT
2026-05-19 00:15:00+00:00,9.26,9.29,9.25,9.28,10902.57,1779149999999,101073.54380000,361,8799.60000000,81591.92050000,0,AVAXUSDT
2026-05-19 00:20:00+00:00,9.29,9.32,9.28,9.29,7808.67,1779150299999,72594.00510000,335,4740.49000000,44073.38560000,0,AVAXUSDT
2026-05-19 00:25:00+00:00,9.28,9.29,9.28,9.28,1244.45,1779150599999,11559.59700000,57,893.28000000,8298.57120000,0,AVAXUSDT
2026-05-19 00:30:00+00:00,9.28,9.29,9.28,9.28,4328.02,1779150899999,40190.98390000,101,1492.56000000,13865.80500000,0,AVAXUSDT
2026-05-19 00:35:00+00:00,9.28,9.29,9.27,9.28,7013.09,1779151199999,65085.60330000,159,5240.91000000,48639.86310000,0,AVAXUSDT
2026-05-19 00:40:00+00:00,9.27,9.28,9.26,9.28,2438.51,1779151499999,22611.17020000,89,1564.48000000,14509.26600000,0,AVAXUSDT
2026-05-19 00:45:00+00:00,9.28,9.3,9.27,9.3,2722.94,1779151799999,25276.89430000,230,2202.18000000,20444.26850000,0,AVAXUSDT
2026-05-19 00:50:00+00:00,9.29,9.31,9.28,9.29,1591.68,1779152099999,14795.67240000,75,244.10000000,2271.15030000,0,AVAXUSDT
2026-05-19 00:55:00+00:00,9.28,9.29,9.28,9.28,3838.81,1779152399999,35625.21770000,90,3544.69000000,32895.78410000,0,AVAXUSDT
2026-05-19 01:00:00+00:00,9.28,9.28,9.25,9.26,7467.38,1779152699999,69184.47590000,334,2735.39000000,25349.84170000,0,AVAXUSDT
2026-05-19 01:05:00+00:00,9.26,9.28,9.26,9.27,3366.08,1779152999999,31203.43200000,208,1686.56000000,15634.91500000,0,AVAXUSDT
2026-05-19 01:10:00+00:00,9.27,9.28,9.27,9.28,2130.5,1779153299999,19768.58110000,88,1274.95000000,11831.53600000,0,AVAXUSDT
2026-05-19 01:15:00+00:00,9.27,9.28,9.26,9.26,13698.54,1779153599999,126965.67100000,237,2482.83000000,23015.90770000,0,AVAXUSDT
2026-05-19 01:20:00+00:00,9.26,9.26,9.24,9.24,4599.89,1779153899999,42553.30480000,126,2609.96000000,24145.94820000,0,AVAXUSDT
2026-05-19 01:25:00+00:00,9.25,9.25,9.22,9.23,4575.85,1779154199999,42233.55470000,312,2097.83000000,19363.70110000,0,AVAXUSDT
2026-05-19 01:30:00+00:00,9.23,9.26,9.22,9.25,7365.4,1779154499999,68045.51650000,261,5749.97000000,53130.53890000,0,AVAXUSDT
2026-05-19 01:35:00+00:00,9.25,9.27,9.25,9.26,7281.05,1779154799999,67420.91180000,236,3043.56000000,28183.42290000,0,AVAXUSDT
2026-05-19 01:40:00+00:00,9.26,9.27,9.25,9.27,5811.75,1779155099999,53849.32190000,193,4002.56000000,37079.77890000,0,AVAXUSDT
2026-05-19 01:45:00+00:00,9.27,9.27,9.25,9.25,3175.79,1779155399999,29398.27140000,95,686.23000000,6348.25170000,0,AVAXUSDT
2026-05-19 01:50:00+00:00,9.26,9.26,9.24,9.25,2028.05,1779155699999,18759.43460000,120,795.86000000,7361.73590000,0,AVAXUSDT
2026-05-19 01:55:00+00:00,9.25,9.25,9.24,9.24,202.3,1779155999999,1869.27870000,33,2.67000000,24.69750000,0,AVAXUSDT
2026-05-19 02:00:00+00:00,9.23,9.24,9.21,9.21,7240.39,1779156299999,66810.00020000,209,3836.86000000,35414.32860000,0,AVAXUSDT
2026-05-19 02:05:00+00:00,9.2,9.23,9.2,9.22,7043.49,1779156599999,64908.76830000,174,4088.19000000,37662.68270000,0,AVAXUSDT
2026-05-19 02:10:00+00:00,9.22,9.23,9.22,9.22,4046.89,1779156899999,37313.05160000,83,1348.09000000,12430.11560000,0,AVAXUSDT
2026-05-19 02:15:00+00:00,9.22,9.23,9.22,9.23,2551.15,1779157199999,23525.13120000,80,1332.37000000,12287.95250000,0,AVAXUSDT
2026-05-19 02:20:00+00:00,9.24,9.28,9.24,9.28,5309.81,1779157499999,49095.17650000,278,3362.34000000,31097.42440000,0,AVAXUSDT
2026-05-19 02:25:00+00:00,9.27,9.27,9.24,9.24,3590.55,1779157799999,33237.48560000,88,514.85000000,4772.60870000,0,AVAXUSDT
2026-05-19 02:30:00+00:00,9.24,9.24,9.22,9.23,1041.11,1779158099999,9609.09230000,72,892.04000000,8233.53570000,0,AVAXUSDT
2026-05-19 02:35:00+00:00,9.22,9.23,9.21,9.23,2978.97,1779158399999,27465.96230000,143,1096.91000000,10113.66120000,0,AVAXUSDT
2026-05-19 02:40:00+00:00,9.22,9.23,9.21,9.21,2363.63,1779158699999,21792.74840000,110,789.55000000,7279.78820000,0,AVAXUSDT
2026-05-19 02:45:00+00:00,9.22,9.23,9.21,9.22,2385.1,1779158999999,21990.62940000,112,1552.65000000,14315.46320000,0,AVAXUSDT
2026-05-19 02:50:00+00:00,9.21,9.22,9.2,9.21,641.61,1779159299999,5909.20550000,52,25.46000000,234.52330000,0,AVAXUSDT
2026-05-19 02:55:00+00:00,9.21,9.21,9.2,9.21,198.65,1779159599999,1829.09840000,9,151.84000000,1398.44640000,0,AVAXUSDT
2026-05-19 03:00:00+00:00,9.21,9.21,9.19,9.21,4627.16,1779159899999,42541.84500000,90,870.37000000,8007.64470000,0,AVAXUSDT
2026-05-19 03:05:00+00:00,9.2,9.22,9.2,9.21,10258.77,1779160199999,94483.56890000,77,6517.24000000,60024.14210000,0,AVAXUSDT
2026-05-19 03:10:00+00:00,9.22,9.22,9.21,9.22,1246.13,1779160499999,11488.52420000,34,1166.69000000,10756.88180000,0,AVAXUSDT
2026-05-19 03:15:00+00:00,9.23,9.25,9.22,9.23,4767.67,1779160799999,44019.77760000,205,2190.64000000,20219.83930000,0,AVAXUSDT
2026-05-19 03:20:00+00:00,9.23,9.23,9.22,9.23,113.33,1779161099999,1045.67260000,14,77.00000000,710.71000000,0,AVAXUSDT
2026-05-19 03:25:00+00:00,9.23,9.24,9.22,9.23,4769.79,1779161399999,44006.98850000,259,2297.96000000,21210.26160000,0,AVAXUSDT
2026-05-19 03:30:00+00:00,9.23,9.24,9.22,9.24,10955.39,1779161699999,101118.84210000,352,8286.76000000,76487.40610000,0,AVAXUSDT
2026-05-19 03:35:00+00:00,9.24,9.25,9.23,9.25,7776.44,1779161999999,71856.24570000,180,7301.50000000,67467.82300000,0,AVAXUSDT
2026-05-19 03:40:00+00:00,9.25,9.26,9.24,9.26,292.37,1779162299999,2704.07190000,53,250.26000000,2314.96970000,0,AVAXUSDT
2026-05-19 03:45:00+00:00,9.26,9.26,9.24,9.26,1819.02,1779162599999,16826.12960000,75,507.99000000,4699.11360000,0,AVAXUSDT
2026-05-19 03:50:00+00:00,9.26,9.26,9.23,9.25,3768.98,1779162899999,34833.61650000,116,663.89000000,6137.43910000,0,AVAXUSDT
2026-05-19 03:55:00+00:00,9.24,9.24,9.23,9.24,254.97,1779163199999,2355.56470000,35,162.04000000,1497.24960000,0,AVAXUSDT
2026-05-19 04:00:00+00:00,9.24,9.25,9.22,9.25,5800.93,1779163499999,53581.13340000,404,4705.61000000,43469.54000000,0,AVAXUSDT
2026-05-19 04:05:00+00:00,9.25,9.26,9.24,9.26,1842.21,1779163799999,17040.84830000,123,673.11000000,6226.68480000,0,AVAXUSDT
2026-05-19 04:10:00+00:00,9.26,9.27,9.26,9.27,4320.0,1779164099999,40026.97430000,339,2379.33000000,22042.34870000,0,AVAXUSDT
2026-05-19 04:15:00+00:00,9.26,9.27,9.24,9.24,2305.63,1779164399999,21347.82250000,127,578.40000000,5357.05460000,0,AVAXUSDT
2026-05-19 04:20:00+00:00,9.25,9.26,9.22,9.24,2325.39,1779164699999,21493.23480000,155,1386.95000000,12817.06240000,0,AVAXUSDT
2026-05-19 04:25:00+00:00,9.23,9.23,9.21,9.22,1463.29,1779164999999,13498.90380000,80,594.17000000,5478.28930000,0,AVAXUSDT
2026-05-19 04:30:00+00:00,9.23,9.23,9.21,9.23,10968.8,1779165299999,101134.87090000,168,2602.46000000,23997.22760000,0,AVAXUSDT
2026-05-19 04:35:00+00:00,9.23,9.25,9.22,9.25,1709.39,1779165599999,15788.46650000,80,971.53000000,8970.73290000,0,AVAXUSDT
2026-05-19 04:40:00+00:00,9.25,9.26,9.24,9.24,2530.9,1779165899999,23411.42880000,98,780.99000000,7224.77280000,0,AVAXUSDT
2026-05-19 04:45:00+00:00,9.25,9.26,9.24,9.26,3183.47,1779166199999,29447.31890000,160,2158.69000000,19968.13690000,0,AVAXUSDT
2026-05-19 04:50:00+00:00,9.26,9.26,9.25,9.26,791.86,1779166499999,7327.70980000,11,300.48000000,2782.44480000,0,AVAXUSDT
2026-05-19 04:55:00+00:00,9.25,9.26,9.24,9.24,6632.66,1779166799999,61350.38800000,188,3804.93000000,35195.65620000,0,AVAXUSDT
2026-05-19 05:00:00+00:00,9.24,9.26,9.24,9.25,5268.7,1779167099999,48735.46130000,191,2249.56000000,20808.46770000,0,AVAXUSDT
2026-05-19 05:05:00+00:00,9.26,9.26,9.24,9.26,3622.98,1779167399999,33512.88800000,118,1999.32000000,18494.28060000,0,AVAXUSDT
2026-05-19 05:10:00+00:00,9.26,9.26,9.22,9.24,7769.23,1779167699999,71745.41170000,160,960.57000000,8867.35680000,0,AVAXUSDT
2026-05-19 05:15:00+00:00,9.24,9.24,9.21,9.21,3297.7,1779167999999,30420.03300000,105,1574.81000000,14522.37700000,0,AVAXUSDT
2026-05-19 05:20:00+00:00,9.22,9.22,9.19,9.21,6152.37,1779168299999,56612.42270000,217,1936.93000000,17828.45980000,0,AVAXUSDT
2026-05-19 05:25:00+00:00,9.2,9.23,9.2,9.22,4226.21,1779168599999,38942.87160000,70,4196.49000000,38668.93310000,0,AVAXUSDT
2026-05-19 05:30:00+00:00,9.22,9.24,9.22,9.23,332.05,1779168899999,3064.72490000,39,302.14000000,2788.78570000,0,AVAXUSDT
2026-05-19 05:35:00+00:00,9.23,9.27,9.22,9.26,6797.31,1779169199999,62858.57720000,200,1936.08000000,17901.43970000,0,AVAXUSDT
2026-05-19 05:40:00+00:00,9.25,9.27,9.24,9.24,3015.83,1779169499999,27917.11490000,154,328.49000000,3041.92450000,0,AVAXUSDT
2026-05-19 05:45:00+00:00,9.24,9.26,9.23,9.26,6497.56,1779169799999,60073.60630000,197,4649.80000000,42999.74690000,0,AVAXUSDT
2026-05-19 05:50:00+00:00,9.26,9.26,9.24,9.26,1286.98,1779170099999,11905.82190000,63,481.53000000,4455.42830000,0,AVAXUSDT
2026-05-19 05:55:00+00:00,9.26,9.26,9.24,9.24,3713.26,1779170399999,34346.70420000,99,1015.67000000,9394.96510000,0,AVAXUSDT
2026-05-19 06:00:00+00:00,9.25,9.26,9.23,9.26,3894.1,1779170699999,36001.69640000,211,2898.17000000,26799.38010000,0,AVAXUSDT
2026-05-19 06:05:00+00:00,9.27,9.27,9.24,9.26,6457.79,1779170999999,59749.73940000,132,1351.57000000,12506.28500000,0,AVAXUSDT
2026-05-19 06:10:00+00:00,9.27,9.28,9.25,9.26,3016.92,1779171299999,27951.71910000,164,1787.07000000,16557.13130000,0,AVAXUSDT
2026-05-19 06:15:00+00:00,9.27,9.28,9.25,9.26,4210.47,1779171599999,38996.07850000,160,1194.00000000,11057.74900000,0,AVAXUSDT
2026-05-19 06:20:00+00:00,9.27,9.27,9.25,9.25,1544.01,1779171899999,14297.98830000,58,221.26000000,2049.97280000,0,AVAXUSDT
2026-05-19 06:25:00+00:00,9.26,9.27,9.26,9.26,1166.35,1779172199999,10800.94830000,35,1155.59000000,10701.31070000,0,AVAXUSDT
2026-05-19 06:30:00+00:00,9.26,9.27,9.25,9.26,3844.16,1779172499999,35596.60330000,170,1266.49000000,11727.89370000,0,AVAXUSDT
2026-05-19 06:35:00+00:00,9.27,9.27,9.24,9.26,2750.78,1779172799999,25450.33460000,113,1462.74000000,13531.84940000,0,AVAXUSDT
2026-05-19 06:40:00+00:00,9.26,9.27,9.25,9.27,2229.56,1779173099999,20646.08710000,66,1035.47000000,9588.83260000,0,AVAXUSDT
2026-05-19 06:45:00+00:00,9.26,9.27,9.25,9.26,5849.48,1779173399999,54166.05830000,98,2589.57000000,23979.71540000,0,AVAXUSDT
2026-05-19 06:50:00+00:00,9.26,9.26,9.25,9.26,269.42,1779173699999,2494.74290000,16,260.79000000,2414.91540000,0,AVAXUSDT
2026-05-19 06:55:00+00:00,9.26,9.27,9.25,9.25,3883.42,1779173999999,35983.29950000,123,3042.87000000,28200.51070000,0,AVAXUSDT
2026-05-19 07:00:00+00:00,9.26,9.26,9.24,9.25,561.54,1779174299999,5193.48850000,34,67.96000000,628.70710000,0,AVAXUSDT
2026-05-19 07:05:00+00:00,9.25,9.28,9.24,9.26,8807.56,1779174599999,81575.47190000,190,5974.82000000,55323.98780000,0,AVAXUSDT
2026-05-19 07:10:00+00:00,9.26,9.27,9.25,9.27,5172.4,1779174899999,47902.80010000,217,2042.87000000,18928.40750000,0,AVAXUSDT
2026-05-19 07:15:00+00:00,9.27,9.28,9.26,9.27,1816.12,1779175199999,16830.82820000,121,804.36000000,7457.21260000,0,AVAXUSDT
2026-05-19 07:20:00+00:00,9.27,9.27,9.25,9.26,2468.28,1779175499999,22851.07330000,45,136.06000000,1261.24480000,0,AVAXUSDT
2026-05-19 07:25:00+00:00,9.25,9.26,9.24,9.24,7948.66,1779175799999,73520.05950000,172,2354.06000000,21775.32100000,0,AVAXUSDT
2026-05-19 07:30:00+00:00,9.25,9.26,9.24,9.25,2464.62,1779176099999,22795.08680000,88,749.06000000,6928.99750000,0,AVAXUSDT
2026-05-19 07:35:00+00:00,9.25,9.27,9.24,9.26,6469.21,1779176399999,59880.93680000,161,3048.98000000,28231.22810000,0,AVAXUSDT
2026-05-19 07:40:00+00:00,9.26,9.27,9.25,9.26,3208.21,1779176699999,29702.78230000,123,829.22000000,7680.72150000,0,AVAXUSDT
2026-05-19 07:45:00+00:00,9.27,9.3,9.26,9.28,8487.52,1779176999999,78740.79950000,275,4853.39000000,45040.26550000,0,AVAXUSDT
2026-05-19 07:50:00+00:00,9.29,9.29,9.27,9.28,16335.05,1779177299999,151672.17090000,554,11114.24000000,103217.62840000,0,AVAXUSDT
2026-05-19 07:55:00+00:00,9.28,9.29,9.27,9.28,2295.65,1779177599999,21301.91280000,67,1068.63000000,9916.95860000,0,AVAXUSDT
2026-05-19 08:00:00+00:00,9.28,9.28,9.25,9.25,2830.22,1779177899999,26230.02440000,64,2183.27000000,20239.15310000,0,AVAXUSDT
2026-05-19 08:05:00+00:00,9.25,9.25,9.23,9.23,3935.88,1779178199999,36361.70610000,105,713.18000000,6590.58960000,0,AVAXUSDT
2026-05-19 08:10:00+00:00,9.23,9.24,9.22,9.24,6957.59,1779178499999,64218.70420000,95,5662.64000000,52266.99970000,0,AVAXUSDT
2026-05-19 08:15:00+00:00,9.23,9.25,9.23,9.24,4528.44,1779178799999,41865.14860000,147,2273.86000000,21019.53990000,0,AVAXUSDT
2026-05-19 08:20:00+00:00,9.25,9.25,9.22,9.23,3634.81,1779179099999,33588.03420000,153,1292.62000000,11941.51020000,0,AVAXUSDT
2026-05-19 08:25:00+00:00,9.23,9.24,9.21,9.24,2530.67,1779179399999,23338.24300000,224,1826.77000000,16848.17520000,0,AVAXUSDT
2026-05-19 08:30:00+00:00,9.24,9.25,9.23,9.25,4151.05,1779179699999,38358.55360000,174,2498.65000000,23091.81430000,0,AVAXUSDT
2026-05-19 08:35:00+00:00,9.25,9.26,9.24,9.26,2618.98,1779179999999,24225.64590000,103,2329.22000000,21545.41080000,0,AVAXUSDT
2026-05-19 08:40:00+00:00,9.26,9.28,9.26,9.27,3465.19,1779180299999,32131.49400000,115,2143.77000000,19872.16780000,0,AVAXUSDT
2026-05-19 08:45:00+00:00,9.27,9.28,9.25,9.25,2108.45,1779180599999,19539.00940000,69,796.82000000,7386.58060000,0,AVAXUSDT
2026-05-19 08:50:00+00:00,9.25,9.27,9.25,9.25,2223.39,1779180899999,20583.27120000,153,662.94000000,6138.84380000,0,AVAXUSDT
2026-05-19 08:55:00+00:00,9.25,9.26,9.24,9.24,3733.41,1779181199999,34510.71120000,124,271.46000000,2510.55790000,0,AVAXUSDT
2026-05-19 09:00:00+00:00,9.23,9.25,9.23,9.24,3760.74,1779181499999,34744.95360000,130,1905.04000000,17602.61850000,0,AVAXUSDT
2026-05-19 09:05:00+00:00,9.24,9.25,9.24,9.24,1910.21,1779181799999,17655.03060000,107,692.57000000,6404.03700000,0,AVAXUSDT
2026-05-19 09:10:00+00:00,9.25,9.25,9.24,9.25,145.8,1779182099999,1347.70180000,22,50.98000000,471.56500000,0,AVAXUSDT
2026-05-19 09:15:00+00:00,9.24,9.24,9.22,9.22,2273.78,1779182399999,20988.87420000,151,757.75000000,6995.34410000,0,AVAXUSDT
2026-05-19 09:20:00+00:00,9.23,9.23,9.21,9.22,2256.76,1779182699999,20817.41490000,107,1429.62000000,13194.98500000,0,AVAXUSDT
2026-05-19 09:25:00+00:00,9.22,9.22,9.17,9.18,8655.04,1779182999999,79483.28890000,420,2236.72000000,20555.00910000,0,AVAXUSDT
2026-05-19 09:30:00+00:00,9.19,9.19,9.17,9.18,4801.7,1779183299999,44079.05050000,252,1889.98000000,17363.26010000,0,AVAXUSDT
2026-05-19 09:35:00+00:00,9.17,9.2,9.17,9.2,1291.92,1779183599999,11870.60390000,60,1141.79000000,10491.09490000,0,AVAXUSDT
2026-05-19 09:40:00+00:00,9.2,9.2,9.19,9.2,84.29,1779183899999,775.15550000,12,53.04000000,487.96800000,0,AVAXUSDT
2026-05-19 09:45:00+00:00,9.19,9.2,9.18,9.19,10916.05,1779184199999,100246.09080000,199,3555.79000000,32645.36460000,0,AVAXUSDT
2026-05-19 09:50:00+00:00,9.19,9.2,9.19,9.19,1165.91,1779184499999,10720.72920000,37,601.63000000,5534.99600000,0,AVAXUSDT
2026-05-19 09:55:00+00:00,9.19,9.21,9.19,9.19,6018.53,1779184799999,55365.07560000,106,3990.28000000,36710.87400000,0,AVAXUSDT
2026-05-19 10:00:00+00:00,9.19,9.2,9.18,9.18,5084.57,1779185099999,46732.47440000,122,1148.89000000,10563.46430000,0,AVAXUSDT
2026-05-19 10:05:00+00:00,9.19,9.2,9.19,9.19,1046.74,1779185399999,9619.54710000,48,836.07000000,7683.48980000,0,AVAXUSDT
2026-05-19 10:10:00+00:00,9.19,9.19,9.18,9.18,624.88,1779185699999,5742.49000000,38,592.90000000,5448.75100000,0,AVAXUSDT
2026-05-19 10:15:00+00:00,9.19,9.19,9.17,9.18,1794.43,1779185999999,16470.83410000,73,339.71000000,3120.06640000,0,AVAXUSDT
2026-05-19 10:20:00+00:00,9.18,9.18,9.17,9.18,1936.88,1779186299999,17761.31640000,76,865.28000000,7934.74440000,0,AVAXUSDT
2026-05-19 10:25:00+00:00,9.17,9.17,9.16,9.17,700.4,1779186599999,6422.63880000,57,396.45000000,3635.44650000,0,AVAXUSDT
2026-05-19 10:30:00+00:00,9.18,9.2,9.17,9.18,2509.4,1779186899999,23051.08200000,113,2334.85000000,21447.80150000,0,AVAXUSDT
2026-05-19 10:35:00+00:00,9.18,9.2,9.15,9.18,10548.69,1779187199999,96740.14650000,297,5406.18000000,49580.61310000,0,AVAXUSDT
2026-05-19 10:40:00+00:00,9.17,9.18,9.14,9.14,3640.63,1779187499999,33340.62370000,125,723.67000000,6623.06400000,0,AVAXUSDT
2026-05-19 10:45:00+00:00,9.14,9.17,9.13,9.16,4747.43,1779187799999,43440.05150000,304,1953.71000000,17891.71700000,0,AVAXUSDT
2026-05-19 10:50:00+00:00,9.15,9.16,9.14,9.16,1423.57,1779188099999,13033.56500000,61,797.50000000,7305.03100000,0,AVAXUSDT
2026-05-19 10:55:00+00:00,9.16,9.17,9.15,9.16,4201.32,1779188399999,38482.40990000,164,2925.44000000,26798.21910000,0,AVAXUSDT
2026-05-19 11:00:00+00:00,9.16,9.16,9.14,9.14,1451.18,1779188699999,13276.46850000,100,594.98000000,5445.58410000,0,AVAXUSDT
2026-05-19 11:05:00+00:00,9.14,9.16,9.14,9.15,2796.57,1779188999999,25580.14860000,40,1917.67000000,17546.74890000,0,AVAXUSDT
2026-05-19 11:10:00+00:00,9.15,9.15,9.14,9.14,4971.16,1779189299999,45471.00260000,143,1533.43000000,14030.01540000,0,AVAXUSDT
2026-05-19 11:15:00+00:00,9.14,9.14,9.12,9.13,2401.87,1779189599999,21918.85870000,82,123.91000000,1131.87230000,0,AVAXUSDT
2026-05-19 11:20:00+00:00,9.13,9.13,9.12,9.13,3159.35,1779189899999,28818.62750000,62,2362.41000000,21550.53470000,0,AVAXUSDT
2026-05-19 11:25:00+00:00,9.13,9.14,9.12,9.14,1444.14,1779190199999,13183.99020000,39,1342.72000000,12259.03980000,0,AVAXUSDT
2026-05-19 11:30:00+00:00,9.13,9.13,9.12,9.12,438.02,1779190499999,3998.97470000,33,19.09000000,174.29170000,0,AVAXUSDT
2026-05-19 11:35:00+00:00,9.12,9.12,9.11,9.12,1137.64,1779190799999,10373.82250000,55,317.19000000,2892.77280000,0,AVAXUSDT
2026-05-19 11:40:00+00:00,9.11,9.12,9.08,9.08,8469.77,1779191099999,77077.14450000,206,2497.59000000,22729.60120000,0,AVAXUSDT
2026-05-19 11:45:00+00:00,9.09,9.11,9.08,9.1,2275.55,1779191399999,20696.45160000,94,1211.21000000,11013.52010000,0,AVAXUSDT
2026-05-19 11:50:00+00:00,9.1,9.12,9.1,9.11,5234.28,1779191699999,47681.12130000,85,3258.95000000,29689.07840000,0,AVAXUSDT
2026-05-19 11:55:00+00:00,9.1,9.11,9.1,9.1,435.91,1779191999999,3970.86750000,25,408.65000000,3722.80150000,0,AVAXUSDT
2026-05-19 12:00:00+00:00,9.1,9.11,9.09,9.11,2628.86,1779192299999,23930.62570000,94,1515.94000000,13799.11640000,0,AVAXUSDT
2026-05-19 12:05:00+00:00,9.11,9.12,9.1,9.12,776.78,1779192599999,7079.70790000,69,746.87000000,6807.47280000,0,AVAXUSDT
2026-05-19 12:10:00+00:00,9.12,9.13,9.12,9.13,1925.13,1779192899999,17558.60180000,97,432.39000000,3944.81300000,0,AVAXUSDT
2026-05-19 12:15:00+00:00,9.13,9.14,9.13,9.13,4344.64,1779193199999,39694.56760000,90,3241.86000000,29626.18620000,0,AVAXUSDT
2026-05-19 12:20:00+00:00,9.13,9.14,9.13,9.13,620.16,1779193499999,5662.74310000,37,464.00000000,4237.00230000,0,AVAXUSDT
2026-05-19 12:25:00+00:00,9.13,9.14,9.13,9.13,257.84,1779193799999,2355.53290000,9,145.37000000,1328.68180000,0,AVAXUSDT
2026-05-19 12:30:00+00:00,9.14,9.15,9.14,9.15,677.81,1779194099999,6197.83130000,62,671.75000000,6142.44290000,0,AVAXUSDT
2026-05-19 12:35:00+00:00,9.15,9.15,9.14,9.15,451.02,1779194399999,4123.09630000,23,77.35000000,707.75250000,0,AVAXUSDT
2026-05-19 12:40:00+00:00,9.15,9.15,9.14,9.15,263.38,1779194699999,2407.42060000,19,12.74000000,116.57100000,0,AVAXUSDT
2026-05-19 12:45:00+00:00,9.15,9.16,9.14,9.15,4382.15,1779194999999,40080.80110000,123,3731.51000000,34130.57050000,0,AVAXUSDT
2026-05-19 12:50:00+00:00,9.15,9.15,9.14,9.15,1953.83,1779195299999,17858.71930000,115,1658.88000000,15162.87630000,0,AVAXUSDT
2026-05-19 12:55:00+00:00,9.15,9.15,9.15,9.15,109.79,1779195599999,1004.57850000,31,109.79000000,1004.57850000,0,AVAXUSDT
2026-05-19 13:00:00+00:00,9.15,9.16,9.14,9.14,3523.6,1779195899999,32236.91850000,73,2940.96000000,26910.27050000,0,AVAXUSDT
2026-05-19 13:05:00+00:00,9.14,9.14,9.12,9.12,6546.41,1779196199999,59759.74410000,249,5142.89000000,46943.86570000,0,AVAXUSDT
2026-05-19 13:10:00+00:00,9.13,9.13,9.12,9.12,660.07,1779196499999,6019.86030000,65,448.86000000,4093.62510000,0,AVAXUSDT
2026-05-19 13:15:00+00:00,9.12,9.12,9.11,9.12,2508.72,1779196799999,22879.35980000,134,1956.01000000,17838.81120000,0,AVAXUSDT
2026-05-19 13:20:00+00:00,9.11,9.13,9.1,9.12,10293.24,1779197099999,93773.45310000,202,6121.85000000,55764.35990000,0,AVAXUSDT
2026-05-19 13:25:00+00:00,9.11,9.12,9.1,9.11,1965.31,1779197399999,17902.04180000,70,1128.77000000,10283.36250000,0,AVAXUSDT
2026-05-19 13:30:00+00:00,9.11,9.14,9.1,9.13,17925.77,1779197699999,163533.23050000,369,15132.70000000,138049.52080000,0,AVAXUSDT
2026-05-19 13:35:00+00:00,9.13,9.16,9.12,9.14,13751.96,1779197999999,125700.57160000,370,8234.89000000,75266.84430000,0,AVAXUSDT
2026-05-19 13:40:00+00:00,9.13,9.13,9.1,9.12,2375.19,1779198299999,21667.43540000,181,836.23000000,7626.60340000,0,AVAXUSDT
2026-05-19 13:45:00+00:00,9.11,9.14,9.11,9.13,23790.88,1779198599999,217168.54100000,442,14881.73000000,135846.22900000,0,AVAXUSDT
2026-05-19 13:50:00+00:00,9.12,9.15,9.12,9.15,4473.01,1779198899999,40898.09780000,175,2266.40000000,20726.15990000,0,AVAXUSDT
2026-05-19 13:55:00+00:00,9.15,9.15,9.12,9.12,2116.29,1779199199999,19339.14700000,152,816.85000000,7464.24150000,0,AVAXUSDT
2026-05-19 14:00:00+00:00,9.11,9.14,9.09,9.13,9134.51,1779199499999,83169.23670000,283,5773.89000000,52574.89420000,0,AVAXUSDT
2026-05-19 14:05:00+00:00,9.13,9.13,9.1,9.11,12970.27,1779199799999,118143.23890000,358,8155.03000000,74282.96740000,0,AVAXUSDT
2026-05-19 14:10:00+00:00,9.1,9.12,9.09,9.09,7643.34,1779200099999,69564.03210000,155,603.62000000,5498.99570000,0,AVAXUSDT
2026-05-19 14:15:00+00:00,9.09,9.1,9.07,9.07,7213.31,1779200399999,65524.67180000,325,3887.41000000,35321.57470000,0,AVAXUSDT
2026-05-19 14:20:00+00:00,9.08,9.08,9.05,9.06,4628.37,1779200699999,41947.68370000,264,2686.01000000,24349.15890000,0,AVAXUSDT
2026-05-19 14:25:00+00:00,9.07,9.08,9.06,9.08,5583.94,1779200999999,50655.27040000,162,3467.43000000,31452.97490000,0,AVAXUSDT
2026-05-19 14:30:00+00:00,9.08,9.09,9.06,9.07,4565.92,1779201299999,41427.40000000,125,824.32000000,7485.81440000,0,AVAXUSDT
2026-05-19 14:35:00+00:00,9.06,9.09,9.06,9.09,5284.03,1779201599999,47967.55860000,186,3798.69000000,34484.47940000,0,AVAXUSDT
2026-05-19 14:40:00+00:00,9.08,9.1,9.07,9.07,4872.83,1779201899999,44270.02780000,161,2254.13000000,20480.36720000,0,AVAXUSDT
2026-05-19 14:45:00+00:00,9.08,9.08,9.02,9.04,15687.19,1779202199999,141898.32670000,427,7181.61000000,64976.40160000,0,AVAXUSDT
2026-05-19 14:50:00+00:00,9.04,9.05,9.04,9.05,532.4,1779202499999,4816.02730000,61,350.65000000,3173.00730000,0,AVAXUSDT
2026-05-19 14:55:00+00:00,9.04,9.07,9.04,9.07,3003.34,1779202799999,27185.00730000,129,2499.09000000,22621.77750000,0,AVAXUSDT
2026-05-19 15:00:00+00:00,9.07,9.09,9.06,9.09,9134.13,1779203099999,82822.93640000,206,7159.20000000,64925.99220000,0,AVAXUSDT
2026-05-19 15:05:00+00:00,9.09,9.09,9.06,9.06,4628.07,1779203399999,41994.97980000,133,1018.67000000,9240.99450000,0,AVAXUSDT
2026-05-19 15:10:00+00:00,9.07,9.09,9.07,9.09,2789.27,1779203699999,25319.52090000,139,2580.56000000,23426.52120000,0,AVAXUSDT
2026-05-19 15:15:00+00:00,9.09,9.11,9.08,9.09,8699.45,1779203999999,79140.60250000,273,6439.22000000,58589.95010000,0,AVAXUSDT
2026-05-19 15:20:00+00:00,9.09,9.09,9.06,9.06,2985.51,1779204299999,27097.53420000,210,1425.19000000,12936.92650000,0,AVAXUSDT
2026-05-19 15:25:00+00:00,9.06,9.08,9.06,9.08,2211.05,1779204599999,20051.44000000,104,1460.95000000,13249.34480000,0,AVAXUSDT
2026-05-19 15:30:00+00:00,9.08,9.12,9.08,9.1,3268.74,1779204899999,29726.98920000,202,2419.80000000,21998.28510000,0,AVAXUSDT
2026-05-19 15:35:00+00:00,9.1,9.11,9.09,9.11,4134.27,1779205199999,37621.96080000,109,2817.78000000,25642.52820000,0,AVAXUSDT
2026-05-19 15:40:00+00:00,9.11,9.11,9.08,9.09,4951.55,1779205499999,45052.75770000,127,1762.85000000,16048.54170000,0,AVAXUSDT
2026-05-19 15:45:00+00:00,9.1,9.1,9.08,9.1,4449.37,1779205799999,40465.46230000,98,1573.09000000,14313.24660000,0,AVAXUSDT
2026-05-19 15:50:00+00:00,9.1,9.11,9.1,9.1,1646.34,1779206099999,14982.68430000,115,1178.71000000,10727.25130000,0,AVAXUSDT
2026-05-19 15:55:00+00:00,9.1,9.1,9.09,9.1,277.21,1779206399999,2521.75950000,33,192.06000000,1747.74600000,0,AVAXUSDT
2026-05-19 16:00:00+00:00,9.1,9.11,9.09,9.11,3349.6,1779206699999,30485.90780000,122,1864.36000000,16971.77330000,0,AVAXUSDT
2026-05-19 16:05:00+00:00,9.1,9.11,9.08,9.09,8973.69,1779206999999,81651.82930000,172,4199.61000000,38216.11380000,0,AVAXUSDT
2026-05-19 16:10:00+00:00,9.08,9.1,9.08,9.1,1259.39,1779207299999,11449.98500000,64,250.60000000,2280.13990000,0,AVAXUSDT
2026-05-19 16:15:00+00:00,9.1,9.12,9.1,9.1,1476.72,1779207599999,13448.65120000,110,356.80000000,3249.57570000,0,AVAXUSDT
2026-05-19 16:20:00+00:00,9.11,9.12,9.1,9.1,522.54,1779207899999,4759.72270000,73,298.17000000,2716.35650000,0,AVAXUSDT
2026-05-19 16:25:00+00:00,9.11,9.12,9.11,9.11,1702.53,1779208199999,15511.63300000,82,514.20000000,4685.94670000,0,AVAXUSDT
2026-05-19 16:30:00+00:00,9.11,9.14,9.11,9.13,1630.26,1779208499999,14871.78560000,79,1030.02000000,9396.10630000,0,AVAXUSDT
2026-05-19 16:35:00+00:00,9.14,9.15,9.13,9.14,3664.05,1779208799999,33489.25520000,96,3500.53000000,31994.85540000,0,AVAXUSDT
2026-05-19 16:40:00+00:00,9.13,9.14,9.13,9.13,591.18,1779209099999,5401.22690000,24,375.35000000,3430.69900000,0,AVAXUSDT
2026-05-19 16:45:00+00:00,9.14,9.16,9.14,9.14,1635.4,1779209399999,14962.84750000,133,1091.30000000,9985.19080000,0,AVAXUSDT
2026-05-19 16:50:00+00:00,9.15,9.17,9.14,9.16,2427.32,1779209699999,22222.79400000,101,2161.00000000,19783.84670000,0,AVAXUSDT
2026-05-19 16:55:00+00:00,9.16,9.17,9.15,9.17,3162.86,1779209999999,28977.45190000,158,1150.98000000,10548.68480000,0,AVAXUSDT
2026-05-19 17:00:00+00:00,9.16,9.18,9.16,9.17,2717.29,1779210299999,24915.64910000,66,2508.81000000,23005.91830000,0,AVAXUSDT
2026-05-19 17:05:00+00:00,9.17,9.18,9.16,9.17,989.19,1779210599999,9071.13530000,41,45.95000000,421.71680000,0,AVAXUSDT
2026-05-19 17:10:00+00:00,9.17,9.17,9.15,9.16,2330.33,1779210899999,21350.93920000,82,636.84000000,5838.78920000,0,AVAXUSDT
2026-05-19 17:15:00+00:00,9.17,9.19,9.17,9.18,4427.43,1779211199999,40629.47290000,131,3548.45000000,32567.20110000,0,AVAXUSDT
2026-05-19 17:20:00+00:00,9.19,9.19,9.17,9.17,1780.96,1779211499999,16341.54450000,68,757.83000000,6957.33400000,0,AVAXUSDT
2026-05-19 17:25:00+00:00,9.17,9.17,9.15,9.15,5633.76,1779211799999,51605.15520000,93,875.46000000,8019.45180000,0,AVAXUSDT
2026-05-19 17:30:00+00:00,9.16,9.16,9.14,9.14,2795.01,1779212099999,25565.65770000,97,147.97000000,1354.05860000,0,AVAXUSDT
2026-05-19 17:35:00+00:00,9.13,9.16,9.13,9.15,949.42,1779212399999,8684.30680000,87,661.35000000,6049.08230000,0,AVAXUSDT
2026-05-19 17:40:00+00:00,9.16,9.17,9.14,9.15,2364.04,1779212699999,21635.21330000,105,1573.68000000,14401.69550000,0,AVAXUSDT
2026-05-19 17:45:00+00:00,9.15,9.15,9.13,9.15,2582.44,1779212999999,23601.16090000,65,985.61000000,9008.95530000,0,AVAXUSDT
2026-05-19 17:50:00+00:00,9.14,9.15,9.14,9.14,1395.55,1779213299999,12759.83040000,59,454.27000000,4156.53120000,0,AVAXUSDT
2026-05-19 17:55:00+00:00,9.14,9.16,9.14,9.16,1789.7,1779213599999,16368.26500000,51,1038.66000000,9503.75940000,0,AVAXUSDT
2026-05-19 18:00:00+00:00,9.15,9.16,9.14,9.14,3176.59,1779213899999,29053.98150000,194,915.95000000,8377.24320000,0,AVAXUSDT
2026-05-19 18:05:00+00:00,9.15,9.16,9.14,9.16,3429.13,1779214199999,31376.36630000,133,1962.48000000,17956.84260000,0,AVAXUSDT
2026-05-19 18:10:00+00:00,9.16,9.17,9.15,9.15,2489.64,1779214499999,22804.50840000,82,2313.79000000,21194.51640000,0,AVAXUSDT
2026-05-19 18:15:00+00:00,9.16,9.16,9.14,9.15,1468.4,1779214799999,13436.01180000,94,184.62000000,1689.49650000,0,AVAXUSDT
2026-05-19 18:20:00+00:00,9.15,9.16,9.13,9.13,5565.45,1779215099999,50877.20960000,149,932.70000000,8531.66280000,0,AVAXUSDT
2026-05-19 18:25:00+00:00,9.14,9.14,9.12,9.12,1665.53,1779215399999,15197.06620000,91,148.19000000,1352.09500000,0,AVAXUSDT
2026-05-19 18:30:00+00:00,9.12,9.14,9.1,9.12,8308.54,1779215699999,75825.66440000,177,5362.27000000,48944.55750000,0,AVAXUSDT
2026-05-19 18:35:00+00:00,9.13,9.14,9.13,9.14,4422.29,1779215999999,40408.78090000,149,2241.36000000,20475.64820000,0,AVAXUSDT
2026-05-19 18:40:00+00:00,9.14,9.14,9.13,9.13,81.78,1779216299999,747.07400000,40,21.04000000,192.30560000,0,AVAXUSDT
2026-05-19 18:45:00+00:00,9.13,9.14,9.13,9.14,1257.11,1779216599999,11488.71210000,121,971.19000000,8876.67660000,0,AVAXUSDT
2026-05-19 18:50:00+00:00,9.14,9.14,9.13,9.13,352.38,1779216899999,3217.59910000,30,20.29000000,185.45060000,0,AVAXUSDT
2026-05-19 18:55:00+00:00,9.13,9.14,9.12,9.14,6869.71,1779217199999,62723.89270000,109,4090.05000000,37345.70630000,0,AVAXUSDT
2026-05-19 19:00:00+00:00,9.13,9.16,9.13,9.15,7551.41,1779217499999,69093.53510000,125,4013.62000000,36723.09650000,0,AVAXUSDT
2026-05-19 19:05:00+00:00,9.15,9.17,9.15,9.17,8582.38,1779217799999,78609.28000000,155,4185.11000000,38337.89760000,0,AVAXUSDT
2026-05-19 19:10:00+00:00,9.17,9.18,9.16,9.17,3576.79,1779218099999,32798.59070000,140,2754.72000000,25260.83610000,0,AVAXUSDT
2026-05-19 19:15:00+00:00,9.17,9.18,9.15,9.16,1552.73,1779218399999,14217.83830000,66,702.43000000,6434.80260000,0,AVAXUSDT
2026-05-19 19:20:00+00:00,9.15,9.15,9.14,9.14,2086.44,1779218699999,19076.48730000,121,245.90000000,2249.76520000,0,AVAXUSDT
2026-05-19 19:25:00+00:00,9.14,9.14,9.12,9.12,3711.06,1779218999999,33891.01300000,100,1647.09000000,15049.97390000,0,AVAXUSDT
2026-05-19 19:30:00+00:00,9.13,9.14,9.12,9.14,3451.81,1779219299999,31523.46620000,114,2629.95000000,24024.23320000,0,AVAXUSDT
2026-05-19 19:35:00+00:00,9.13,9.14,9.13,9.14,2117.64,1779219599999,19344.04000000,105,512.52000000,4680.56020000,0,AVAXUSDT
2026-05-19 19:40:00+00:00,9.14,9.14,9.12,9.12,1814.34,1779219899999,16565.03950000,95,1682.31000000,15359.77450000,0,AVAXUSDT
2026-05-19 19:45:00+00:00,9.13,9.13,9.11,9.11,2528.31,1779220199999,23049.10110000,92,290.11000000,2645.83160000,0,AVAXUSDT
2026-05-19 19:50:00+00:00,9.11,9.13,9.11,9.12,519.66,1779220499999,4737.60880000,145,352.34000000,3212.64340000,0,AVAXUSDT
2026-05-19 19:55:00+00:00,9.11,9.12,9.1,9.11,620.73,1779220799999,5655.40530000,50,155.68000000,1418.93960000,0,AVAXUSDT
2026-05-19 20:00:00+00:00,9.12,9.13,9.11,9.12,2976.2,1779221099999,27135.71960000,68,915.93000000,8356.00210000,0,AVAXUSDT
2026-05-19 20:05:00+00:00,9.12,9.13,9.12,9.13,1019.36,1779221399999,9304.86460000,101,873.49000000,7974.44890000,0,AVAXUSDT
2026-05-19 20:10:00+00:00,9.13,9.14,9.13,9.13,240.63,1779221699999,2196.96610000,57,38.76000000,353.89300000,0,AVAXUSDT
2026-05-19 20:15:00+00:00,9.12,9.13,9.12,9.13,346.73,1779221999999,3164.57280000,10,239.52000000,2186.81760000,0,AVAXUSDT
2026-05-19 20:20:00+00:00,9.13,9.13,9.12,9.12,36.94,1779222299999,337.06650000,13,17.37000000,158.58810000,0,AVAXUSDT
2026-05-19 20:25:00+00:00,9.12,9.13,9.12,9.12,20.63,1779222599999,188.21320000,16,6.76000000,61.71880000,0,AVAXUSDT
2026-05-19 20:30:00+00:00,9.13,9.13,9.12,9.13,340.43,1779222899999,3107.86850000,26,314.69000000,2873.11970000,0,AVAXUSDT
2026-05-19 20:35:00+00:00,9.13,9.14,9.12,9.13,363.62,1779223199999,3319.79810000,35,343.25000000,3133.89800000,0,AVAXUSDT
2026-05-19 20:40:00+00:00,9.14,9.14,9.13,9.13,341.04,1779223499999,3113.76410000,26,11.41000000,104.24220000,0,AVAXUSDT
2026-05-19 20:45:00+00:00,9.13,9.15,9.13,9.14,1091.23,1779223799999,9973.99200000,70,1006.81000000,9202.97460000,0,AVAXUSDT
2026-05-19 20:50:00+00:00,9.13,9.14,9.13,9.13,2680.42,1779224099999,24475.92270000,54,350.43000000,3202.93020000,0,AVAXUSDT
2026-05-19 20:55:00+00:00,9.14,9.14,9.13,9.14,33.67,1779224399999,307.46360000,8,5.65000000,51.64100000,0,AVAXUSDT
2026-05-19 21:00:00+00:00,9.14,9.14,9.12,9.13,1902.81,1779224699999,17373.26100000,68,760.60000000,6945.03280000,0,AVAXUSDT
2026-05-19 21:05:00+00:00,9.13,9.13,9.12,9.13,47.3,1779224999999,431.51150000,9,13.55000000,123.71150000,0,AVAXUSDT
2026-05-19 21:10:00+00:00,9.13,9.14,9.12,9.14,6084.8,1779225299999,55553.29410000,98,2111.24000000,19281.63260000,0,AVAXUSDT
2026-05-19 21:15:00+00:00,9.13,9.14,9.13,9.14,1135.37,1779225599999,10374.43680000,69,134.55000000,1229.78700000,0,AVAXUSDT
2026-05-19 21:20:00+00:00,9.14,9.14,9.13,9.14,231.85,1779225899999,2118.96030000,22,216.98000000,1983.19720000,0,AVAXUSDT
2026-05-19 21:25:00+00:00,9.14,9.14,9.13,9.14,3344.13,1779226199999,30565.31120000,103,1644.44000000,15030.18160000,0,AVAXUSDT
2026-05-19 21:30:00+00:00,9.14,9.15,9.14,9.15,839.92,1779226499999,7676.89950000,37,821.39000000,7507.53530000,0,AVAXUSDT
2026-05-19 21:35:00+00:00,9.14,9.14,9.14,9.14,356.71,1779226799999,3260.32940000,39,110.59000000,1010.79260000,0,AVAXUSDT
2026-05-19 21:40:00+00:00,9.15,9.15,9.13,9.15,3292.64,1779227099999,30098.27070000,102,976.06000000,8926.58400000,0,AVAXUSDT
2026-05-19 21:45:00+00:00,9.14,9.15,9.13,9.14,1356.56,1779227399999,12399.00490000,45,180.83000000,1652.86940000,0,AVAXUSDT
2026-05-19 21:50:00+00:00,9.14,9.15,9.14,9.15,64.12,1779227699999,586.66770000,9,61.09000000,558.97350000,0,AVAXUSDT
2026-05-19 21:55:00+00:00,9.14,9.15,9.12,9.13,1012.76,1779227999999,9254.66240000,47,5.55000000,50.71470000,0,AVAXUSDT
2026-05-19 22:00:00+00:00,9.13,9.13,9.1,9.11,4532.84,1779228299999,41295.49170000,159,2289.45000000,20856.98970000,0,AVAXUSDT
2026-05-19 22:05:00+00:00,9.11,9.12,9.1,9.11,516.69,1779228599999,4707.53600000,84,225.67000000,2056.35180000,0,AVAXUSDT
2026-05-19 22:10:00+00:00,9.11,9.12,9.1,9.1,812.74,1779228899999,7403.42250000,71,143.36000000,1306.47000000,0,AVAXUSDT
2026-05-19 22:15:00+00:00,9.1,9.11,9.09,9.1,2837.57,1779229199999,25821.60350000,143,287.13000000,2612.90240000,0,AVAXUSDT
2026-05-19 22:20:00+00:00,9.1,9.1,9.08,9.08,1892.92,1779229499999,17206.56460000,118,137.94000000,1253.99720000,0,AVAXUSDT
2026-05-19 22:25:00+00:00,9.08,9.08,9.07,9.08,2986.63,1779229799999,27104.71330000,85,87.96000000,798.67680000,0,AVAXUSDT
2026-05-19 22:30:00+00:00,9.07,9.09,9.06,9.09,3748.51,1779230099999,34004.42810000,113,3298.65000000,29923.61190000,0,AVAXUSDT
2026-05-19 22:35:00+00:00,9.09,9.09,9.08,9.09,384.04,1779230399999,3490.68450000,19,360.13000000,3273.58170000,0,AVAXUSDT
2026-05-19 22:40:00+00:00,9.09,9.09,9.08,9.08,481.63,1779230699999,4375.57340000,19,237.30000000,2157.05700000,0,AVAXUSDT
2026-05-19 22:45:00+00:00,9.08,9.09,9.08,9.09,647.39,1779230999999,5882.41410000,52,76.77000000,697.83930000,0,AVAXUSDT
2026-05-19 22:50:00+00:00,9.09,9.09,9.08,9.09,143.45,1779231299999,1302.72450000,11,19.85000000,180.43650000,0,AVAXUSDT
2026-05-19 22:55:00+00:00,9.08,9.1,9.08,9.08,19212.82,1779231599999,174668.56130000,148,11942.49000000,108583.76300000,0,AVAXUSDT
2026-05-19 23:00:00+00:00,9.08,9.1,9.08,9.1,956.1,1779231899999,8689.70260000,33,207.22000000,1884.19080000,0,AVAXUSDT
2026-05-19 23:05:00+00:00,9.1,9.11,9.09,9.1,6955.09,1779232199999,63293.77400000,103,6234.32000000,56738.20950000,0,AVAXUSDT
2026-05-19 23:10:00+00:00,9.11,9.12,9.11,9.11,621.21,1779232499999,5661.01030000,96,436.68000000,3979.94200000,0,AVAXUSDT
2026-05-19 23:15:00+00:00,9.11,9.13,9.1,9.12,3019.99,1779232799999,27530.74210000,131,2502.43000000,22815.08390000,0,AVAXUSDT
2026-05-19 23:20:00+00:00,9.12,9.12,9.11,9.11,350.39,1779233099999,3192.44660000,18,39.37000000,359.05440000,0,AVAXUSDT
2026-05-19 23:25:00+00:00,9.12,9.13,9.11,9.12,482.09,1779233399999,4396.03030000,37,410.68000000,3745.41390000,0,AVAXUSDT
2026-05-19 23:30:00+00:00,9.12,9.14,9.12,9.13,2268.09,1779233699999,20693.09820000,133,1330.01000000,12132.15130000,0,AVAXUSDT
2026-05-19 23:35:00+00:00,9.13,9.14,9.12,9.12,193.62,1779233999999,1767.82610000,22,15.50000000,141.66240000,0,AVAXUSDT
2026-05-19 23:40:00+00:00,9.13,9.13,9.12,9.12,480.82,1779234299999,4388.77570000,55,374.05000000,3415.03330000,0,AVAXUSDT
2026-05-19 23:45:00+00:00,9.12,9.12,9.1,9.11,3340.16,1779234599999,30428.87990000,204,1796.80000000,16368.88110000,0,AVAXUSDT
2026-05-19 23:50:00+00:00,9.12,9.12,9.1,9.1,654.91,1779234899999,5966.09720000,36,55.44000000,505.60520000,0,AVAXUSDT
2026-05-19 23:55:00+00:00,9.11,9.11,9.1,9.11,73.45,1779235199999,668.94620000,10,55.12000000,502.14320000,0,AVAXUSDT
2026-05-20 00:00:00+00:00,9.1,9.12,9.1,9.11,7932.5,1779235499999,72251.47180000,204,1909.65000000,17395.71270000,0,AVAXUSDT
2026-05-20 00:05:00+00:00,9.11,9.11,9.1,9.1,4632.37,1779235799999,42159.60390000,155,3623.03000000,32974.54140000,0,AVAXUSDT
2026-05-20 00:10:00+00:00,9.11,9.11,9.08,9.08,7379.35,1779236099999,67041.90480000,196,1579.73000000,14360.94450000,0,AVAXUSDT
2026-05-20 00:15:00+00:00,9.08,9.09,9.07,9.09,6334.43,1779236399999,57515.98430000,183,1475.94000000,13403.13660000,0,AVAXUSDT
2026-05-20 00:20:00+00:00,9.08,9.09,9.07,9.08,2699.0,1779236699999,24505.61220000,92,1784.21000000,16200.77710000,0,AVAXUSDT
2026-05-20 00:25:00+00:00,9.09,9.1,9.08,9.09,5950.66,1779236999999,54091.47590000,139,4632.62000000,42110.54430000,0,AVAXUSDT
2026-05-20 00:30:00+00:00,9.1,9.12,9.09,9.1,2507.85,1779237299999,22833.18100000,247,1184.02000000,10780.58470000,0,AVAXUSDT
2026-05-20 00:35:00+00:00,9.11,9.11,9.09,9.1,2355.35,1779237599999,21433.28670000,117,518.58000000,4719.43720000,0,AVAXUSDT
2026-05-20 00:40:00+00:00,9.1,9.11,9.09,9.1,673.74,1779237899999,6130.82280000,72,262.87000000,2392.12870000,0,AVAXUSDT
2026-05-20 00:45:00+00:00,9.11,9.11,9.09,9.11,1320.45,1779238199999,12016.75820000,68,613.10000000,5579.90080000,0,AVAXUSDT
2026-05-20 00:50:00+00:00,9.11,9.11,9.1,9.1,466.79,1779238499999,4248.71810000,65,148.79000000,1354.84980000,0,AVAXUSDT
2026-05-20 00:55:00+00:00,9.11,9.11,9.1,9.1,978.38,1779238799999,8903.43230000,20,17.43000000,158.78730000,0,AVAXUSDT
2026-05-20 01:00:00+00:00,9.11,9.11,9.09,9.11,5764.4,1779239099999,52455.84240000,134,5372.30000000,48888.45420000,0,AVAXUSDT
2026-05-20 01:05:00+00:00,9.1,9.12,9.09,9.11,3988.2,1779239399999,36288.39290000,201,1558.21000000,14183.16210000,0,AVAXUSDT
2026-05-20 01:10:00+00:00,9.11,9.12,9.11,9.11,552.02,1779239699999,5033.39670000,117,68.86000000,627.75630000,0,AVAXUSDT
2026-05-20 01:15:00+00:00,9.11,9.12,9.1,9.12,416.92,1779239999999,3797.73880000,70,53.82000000,490.48580000,0,AVAXUSDT
2026-05-20 01:20:00+00:00,9.12,9.12,9.1,9.1,2443.02,1779240299999,22249.71380000,105,516.32000000,4703.70140000,0,AVAXUSDT
2026-05-20 01:25:00+00:00,9.09,9.1,9.07,9.07,3715.46,1779240599999,33744.77080000,131,699.85000000,6355.64720000,0,AVAXUSDT
2026-05-20 01:30:00+00:00,9.06,9.09,9.06,9.08,2271.02,1779240899999,20611.48310000,131,1202.20000000,10909.43710000,0,AVAXUSDT
2026-05-20 01:35:00+00:00,9.07,9.09,9.06,9.08,2708.23,1779241199999,24560.48970000,96,1491.83000000,13531.34660000,0,AVAXUSDT
2026-05-20 01:40:00+00:00,9.09,9.09,9.07,9.08,927.15,1779241499999,8416.06080000,55,175.98000000,1597.95810000,0,AVAXUSDT
2026-05-20 01:45:00+00:00,9.08,9.09,9.07,9.09,449.51,1779241799999,4082.36090000,156,186.81000000,1697.16940000,0,AVAXUSDT
2026-05-20 01:50:00+00:00,9.1,9.12,9.09,9.1,1317.91,1779242099999,12003.80600000,265,672.96000000,6133.22300000,0,AVAXUSDT
2026-05-20 01:55:00+00:00,9.1,9.11,9.1,9.11,4169.93,1779242399999,37986.31580000,90,3968.05000000,36148.93550000,0,AVAXUSDT
2026-05-20 02:00:00+00:00,9.12,9.12,9.1,9.1,786.72,1779242699999,7166.99030000,34,53.40000000,486.50280000,0,AVAXUSDT
2026-05-20 02:05:00+00:00,9.11,9.11,9.1,9.1,947.96,1779242999999,8628.18940000,16,175.34000000,1597.34740000,0,AVAXUSDT
2026-05-20 02:10:00+00:00,9.11,9.11,9.09,9.11,887.23,1779243299999,8073.98970000,57,107.67000000,980.20830000,0,AVAXUSDT
2026-05-20 02:15:00+00:00,9.11,9.11,9.09,9.1,282.43,1779243599999,2571.84650000,66,190.69000000,1737.02250000,0,AVAXUSDT
2026-05-20 02:20:00+00:00,9.11,9.13,9.1,9.12,1112.7,1779243899999,10140.27540000,68,1076.83000000,9813.60330000,0,AVAXUSDT
2026-05-20 02:25:00+00:00,9.13,9.13,9.1,9.1,1059.96,1779244199999,9665.97290000,60,33.03000000,301.16940000,0,AVAXUSDT
2026-05-20 02:30:00+00:00,9.1,9.11,9.09,9.1,935.05,1779244499999,8508.78840000,176,244.15000000,2221.81100000,0,AVAXUSDT
2026-05-20 02:35:00+00:00,9.1,9.11,9.1,9.1,77.62,1779244799999,706.68430000,32,34.23000000,311.83530000,0,AVAXUSDT
2026-05-20 02:40:00+00:00,9.1,9.1,9.08,9.09,425.66,1779245099999,3869.33990000,91,124.49000000,1131.62510000,0,AVAXUSDT
2026-05-20 02:45:00+00:00,9.09,9.1,9.08,9.09,242.51,1779245399999,2204.80610000,45,116.48000000,1059.20550000,0,AVAXUSDT
2026-05-20 02:50:00+00:00,9.09,9.1,9.08,9.09,791.21,1779245699999,7196.20850000,56,769.72000000,7000.95530000,0,AVAXUSDT
2026-05-20 02:55:00+00:00,9.09,9.1,9.09,9.1,76.8,1779245999999,698.71840000,9,60.64000000,551.82400000,0,AVAXUSDT
2026-05-20 03:00:00+00:00,9.09,9.09,9.08,9.08,922.25,1779246299999,8378.71580000,47,1.46000000,13.27140000,0,AVAXUSDT
2026-05-20 03:05:00+00:00,9.09,9.09,9.08,9.09,2144.92,1779246599999,19495.85730000,137,1954.53000000,17766.67770000,0,AVAXUSDT
2026-05-20 03:10:00+00:00,9.09,9.1,9.09,9.1,2314.01,1779246899999,21034.92020000,24,56.93000000,518.06300000,0,AVAXUSDT
2026-05-20 03:15:00+00:00,9.1,9.11,9.1,9.11,2273.85,1779247199999,20692.70910000,49,2238.69000000,20372.75310000,0,AVAXUSDT
2026-05-20 03:20:00+00:00,9.11,9.12,9.1,9.1,819.16,1779247499999,7462.50080000,46,203.67000000,1855.45540000,0,AVAXUSDT
2026-05-20 03:25:00+00:00,9.11,9.14,9.1,9.14,1509.65,1779247799999,13777.33850000,143,1308.79000000,11943.92760000,0,AVAXUSDT
2026-05-20 03:30:00+00:00,9.13,9.14,9.12,9.14,1285.94,1779248099999,11740.57210000,64,80.51000000,735.21930000,0,AVAXUSDT
2026-05-20 03:35:00+00:00,9.14,9.14,9.12,9.13,373.1,1779248399999,3406.60890000,72,135.33000000,1236.09980000,0,AVAXUSDT
2026-05-20 03:40:00+00:00,9.13,9.13,9.11,9.12,2342.48,1779248699999,21364.21780000,114,1111.82000000,10140.60350000,0,AVAXUSDT
2026-05-20 03:45:00+00:00,9.12,9.13,9.11,9.12,1078.72,1779248999999,9837.80700000,70,217.17000000,1980.73100000,0,AVAXUSDT
2026-05-20 03:50:00+00:00,9.12,9.12,9.12,9.12,55.27,1779249299999,504.06240000,10,55.27000000,504.06240000,0,AVAXUSDT
2026-05-20 03:55:00+00:00,9.12,9.12,9.11,9.12,556.09,1779249599999,5071.51200000,32,546.38000000,4982.98560000,0,AVAXUSDT
2026-05-20 04:00:00+00:00,9.12,9.13,9.11,9.13,357.82,1779249899999,3262.95670000,85,89.41000000,815.45010000,0,AVAXUSDT
2026-05-20 04:05:00+00:00,9.13,9.13,9.11,9.12,674.72,1779250199999,6153.94440000,48,193.21000000,1762.58800000,0,AVAXUSDT
2026-05-20 04:10:00+00:00,9.13,9.13,9.11,9.13,2504.46,1779250499999,22840.25510000,56,2344.30000000,21380.02910000,0,AVAXUSDT
2026-05-20 04:15:00+00:00,9.12,9.13,9.11,9.11,349.86,1779250799999,3189.58620000,31,64.33000000,587.25370000,0,AVAXUSDT
2026-05-20 04:20:00+00:00,9.12,9.12,9.11,9.11,970.38,1779251099999,8848.69150000,22,852.97000000,7779.08640000,0,AVAXUSDT
2026-05-20 04:25:00+00:00,9.12,9.12,9.11,9.12,1408.54,1779251399999,12845.57200000,52,895.10000000,8163.31200000,0,AVAXUSDT
2026-05-20 04:30:00+00:00,9.12,9.12,9.12,9.12,40.58,1779251699999,370.08960000,12,40.58000000,370.08960000,0,AVAXUSDT
2026-05-20 04:35:00+00:00,9.11,9.11,9.09,9.11,1359.34,1779251999999,12371.37310000,92,376.30000000,3425.17900000,0,AVAXUSDT
2026-05-20 04:40:00+00:00,9.1,9.12,9.1,9.12,306.77,1779252299999,2793.59770000,28,85.43000000,778.28920000,0,AVAXUSDT
2026-05-20 04:45:00+00:00,9.11,9.12,9.11,9.12,2748.04,1779252599999,25039.63520000,92,167.83000000,1530.60960000,0,AVAXUSDT
2026-05-20 04:50:00+00:00,9.11,9.12,9.11,9.12,1317.73,1779252899999,12017.55060000,33,1303.03000000,11883.63360000,0,AVAXUSDT
2026-05-20 04:55:00+00:00,9.13,9.13,9.12,9.13,115.34,1779253199999,1052.45400000,15,55.32000000,505.07160000,0,AVAXUSDT
2026-05-20 05:00:00+00:00,9.13,9.147,9.13,9.14,5160.83,1779253499999,47145.95248000,174,4969.75000000,45400.44539000,0,AVAXUSDT
2026-05-20 05:05:00+00:00,9.141,9.175,9.14,9.17,5453.78,1779253799999,49943.23489000,274,4497.65000000,41184.92764000,0,AVAXUSDT
2026-05-20 05:10:00+00:00,9.171,9.2,9.16,9.183,7663.65,1779254099999,70320.38059000,447,2480.72000000,22789.06820000,0,AVAXUSDT
2026-05-20 05:15:00+00:00,9.185,9.185,9.173,9.182,1036.85,1779254399999,9518.17868000,142,278.15000000,2553.61656000,0,AVAXUSDT
2026-05-20 05:20:00+00:00,9.184,9.185,9.17,9.172,820.42,1779254699999,7531.10877000,114,482.86000000,4432.81767000,0,AVAXUSDT
2026-05-20 05:25:00+00:00,9.173,9.174,9.165,9.168,1008.46,1779254999999,9247.66926000,126,509.71000000,4673.42011000,0,AVAXUSDT
2026-05-20 05:30:00+00:00,9.17,9.2,9.17,9.187,11586.14,1779255299999,106464.96776000,648,7204.46000000,66194.24686000,0,AVAXUSDT
2026-05-20 05:35:00+00:00,9.187,9.199,9.187,9.198,2952.2,1779255599999,27138.74856000,175,1865.82000000,17150.68099000,0,AVAXUSDT
2026-05-20 05:40:00+00:00,9.2,9.21,9.191,9.191,17021.39,1779255899999,156605.00928000,498,10942.03000000,100670.23874000,0,AVAXUSDT
2026-05-20 05:45:00+00:00,9.19,9.192,9.185,9.19,1730.3,1779256199999,15898.89537000,141,741.13000000,6810.01093000,0,AVAXUSDT
2026-05-20 05:50:00+00:00,9.191,9.198,9.188,9.196,5564.97,1779256499999,51166.13510000,221,1313.98000000,12081.89329000,0,AVAXUSDT
2026-05-20 05:55:00+00:00,9.197,9.2,9.188,9.193,3527.13,1779256799999,32432.90539000,230,1806.58000000,16609.45514000,0,AVAXUSDT
2026-05-20 06:00:00+00:00,9.194,9.206,9.194,9.199,7178.11,1779257099999,66033.37347000,294,3500.18000000,32195.75921000,0,AVAXUSDT
2026-05-20 06:05:00+00:00,9.2,9.203,9.195,9.199,6034.08,1779257399999,55516.17706000,250,2649.78000000,24378.39646000,0,AVAXUSDT
2026-05-20 06:10:00+00:00,9.199,9.2,9.197,9.199,4507.29,1779257699999,41465.02500000,145,3772.24000000,34703.31067000,0,AVAXUSDT
2026-05-20 06:15:00+00:00,9.199,9.209,9.199,9.208,6426.17,1779257999999,59154.72000000,234,3567.87000000,32843.53100000,0,AVAXUSDT
2026-05-20 06:20:00+00:00,9.208,9.221,9.203,9.22,8253.39,1779258299999,76027.09525000,455,5333.57000000,49132.52123000,0,AVAXUSDT
2026-05-20 06:25:00+00:00,9.219,9.219,9.206,9.208,4024.66,1779258599999,37065.71569000,143,1443.45000000,13290.39753000,0,AVAXUSDT
2026-05-20 06:30:00+00:00,9.209,9.214,9.203,9.205,4304.2,1779258899999,39631.15673000,213,1999.66000000,18411.11193000,0,AVAXUSDT
2026-05-20 06:35:00+00:00,9.204,9.215,9.201,9.215,5870.58,1779259199999,54048.29695000,184,3324.86000000,30616.24204000,0,AVAXUSDT
2026-05-20 06:40:00+00:00,9.214,9.215,9.208,9.215,2226.87,1779259499999,20507.90683000,144,1061.83000000,9778.63137000,0,AVAXUSDT
2026-05-20 06:45:00+00:00,9.214,9.229,9.212,9.229,3074.06,1779259799999,28339.35630000,275,939.27000000,8660.13889000,0,AVAXUSDT
2026-05-20 06:50:00+00:00,9.23,9.245,9.229,9.235,10699.19,1779260099999,98828.35307000,405,4425.14000000,40874.26550000,0,AVAXUSDT
2026-05-20 06:55:00+00:00,9.236,9.238,9.233,9.236,1023.11,1779260399999,9448.69982000,88,591.73000000,5464.87907000,0,AVAXUSDT
2026-05-20 07:00:00+00:00,9.236,9.237,9.215,9.219,2057.5,1779260699999,18977.15202000,207,220.13000000,2030.77096000,0,AVAXUSDT
2026-05-20 07:05:00+00:00,9.219,9.227,9.214,9.227,3140.08,1779260999999,28958.75340000,196,1834.21000000,16913.32695000,0,AVAXUSDT
2026-05-20 07:10:00+00:00,9.227,9.229,9.219,9.219,4570.7,1779261299999,42148.45911000,180,577.85000000,5330.14064000,0,AVAXUSDT
2026-05-20 07:15:00+00:00,9.219,9.219,9.213,9.215,1306.5,1779261599999,12040.69781000,111,760.90000000,7013.44082000,0,AVAXUSDT
2026-05-20 07:20:00+00:00,9.215,9.239,9.215,9.237,2974.39,1779261899999,27460.99359000,187,1134.85000000,10475.37980000,0,AVAXUSDT
2026-05-20 07:25:00+00:00,9.237,9.237,9.224,9.231,2040.31,1779262199999,18828.88009000,116,1262.76000000,11652.80317000,0,AVAXUSDT
2026-05-20 07:30:00+00:00,9.23,9.232,9.218,9.229,2391.47,1779262499999,22057.95671000,181,1300.16000000,11993.32859000,0,AVAXUSDT
2026-05-20 07:35:00+00:00,9.229,9.23,9.224,9.227,600.19,1779262799999,5537.38116000,67,271.18000000,2502.00970000,0,AVAXUSDT
2026-05-20 07:40:00+00:00,9.227,9.231,9.221,9.221,824.27,1779263099999,7605.92777000,93,329.17000000,3036.90088000,0,AVAXUSDT
2026-05-20 07:45:00+00:00,9.22,9.22,9.205,9.205,3501.53,1779263399999,32251.29472000,154,1008.55000000,9288.43713000,0,AVAXUSDT
2026-05-20 07:50:00+00:00,9.204,9.21,9.197,9.21,2074.63,1779263699999,19093.24580000,156,1593.58000000,14668.24163000,0,AVAXUSDT
2026-05-20 07:55:00+00:00,9.21,9.21,9.2,9.207,3603.93,1779263999999,33179.48219000,184,1037.32000000,9549.51979000,0,AVAXUSDT
2026-05-20 08:00:00+00:00,9.208,9.22,9.206,9.22,3143.7,1779264299999,28966.94320000,188,1177.36000000,10848.67012000,0,AVAXUSDT
2026-05-20 08:05:00+00:00,9.22,9.23,9.213,9.213,4341.81,1779264599999,40036.61676000,274,1159.47000000,10692.63457000,0,AVAXUSDT
2026-05-20 08:10:00+00:00,9.212,9.22,9.208,9.217,1859.6,1779264899999,17131.92100000,211,645.92000000,5952.93165000,0,AVAXUSDT
2026-05-20 08:15:00+00:00,9.217,9.218,9.21,9.213,3137.37,1779265199999,28905.46152000,178,2800.02000000,25797.13074000,0,AVAXUSDT
2026-05-20 08:20:00+00:00,9.213,9.214,9.205,9.212,3661.63,1779265499999,33723.67441000,410,1210.37000000,11148.66002000,0,AVAXUSDT
2026-05-20 08:25:00+00:00,9.212,9.214,9.21,9.214,710.34,1779265799999,6543.85680000,180,544.84000000,5019.29841000,0,AVAXUSDT
2026-05-20 08:30:00+00:00,9.215,9.24,9.215,9.233,19736.18,1779266099999,182191.44019000,810,15322.12000000,141446.26548000,0,AVAXUSDT
2026-05-20 08:35:00+00:00,9.234,9.267,9.234,9.262,20433.54,1779266399999,189060.86861000,1165,13532.27000000,125202.29926000,0,AVAXUSDT
2026-05-20 08:40:00+00:00,9.261,9.262,9.245,9.256,2598.23,1779266699999,24039.18358000,543,1243.70000000,11506.59287000,0,AVAXUSDT
2026-05-20 08:45:00+00:00,9.256,9.256,9.242,9.243,1395.64,1779266999999,12909.97036000,274,318.86000000,2949.47217000,0,AVAXUSDT
2026-05-20 08:50:00+00:00,9.243,9.248,9.24,9.244,2067.07,1779267299999,19110.12343000,259,1085.25000000,10033.73483000,0,AVAXUSDT
2026-05-20 08:55:00+00:00,9.244,9.244,9.235,9.24,1055.46,1779267599999,9751.93514000,202,826.89000000,7640.21330000,0,AVAXUSDT
2026-05-20 09:00:00+00:00,9.239,9.24,9.235,9.237,934.04,1779267899999,8628.55961000,190,342.01000000,3159.43218000,0,AVAXUSDT
2026-05-20 09:05:00+00:00,9.236,9.236,9.218,9.219,2056.82,1779268199999,18972.43989000,310,581.59000000,5362.80564000,0,AVAXUSDT
2026-05-20 09:10:00+00:00,9.22,9.227,9.22,9.223,589.86,1779268499999,5440.72677000,135,315.27000000,2907.79290000,0,AVAXUSDT
2026-05-20 09:15:00+00:00,9.222,9.223,9.209,9.223,3773.71,1779268799999,34765.73047000,235,2785.66000000,25657.98850000,0,AVAXUSDT
2026-05-20 09:20:00+00:00,9.224,9.229,9.219,9.222,1848.52,1779269099999,17052.03409000,223,963.21000000,8886.33911000,0,AVAXUSDT
2026-05-20 09:25:00+00:00,9.222,9.23,9.222,9.228,2153.1,1779269399999,19866.22463000,109,1614.92000000,14899.85842000,0,AVAXUSDT
2026-05-20 09:30:00+00:00,9.228,9.229,9.221,9.223,1294.27,1779269699999,11938.42597000,201,870.26000000,8027.14961000,0,AVAXUSDT
2026-05-20 09:35:00+00:00,9.224,9.226,9.22,9.226,567.32,1779269999999,5232.12094000,132,269.97000000,2489.98920000,0,AVAXUSDT
2026-05-20 09:40:00+00:00,9.227,9.229,9.218,9.218,845.41,1779270299999,7797.10130000,242,105.15000000,970.18824000,0,AVAXUSDT
2026-05-20 09:45:00+00:00,9.217,9.217,9.212,9.212,855.75,1779270599999,7886.34157000,132,507.35000000,4675.71062000,0,AVAXUSDT
2026-05-20 09:50:00+00:00,9.211,9.212,9.204,9.208,1714.92,1779270899999,15789.19506000,323,909.73000000,8376.01294000,0,AVAXUSDT
2026-05-20 09:55:00+00:00,9.209,9.21,9.2,9.204,2913.11,1779271199999,26810.79750000,246,1382.90000000,12728.87674000,0,AVAXUSDT
2026-05-20 10:00:00+00:00,9.205,9.218,9.205,9.208,2079.34,1779271499999,19154.99886000,236,1738.36000000,16014.45996000,0,AVAXUSDT
2026-05-20 10:05:00+00:00,9.208,9.216,9.205,9.213,1977.28,1779271799999,18215.40692000,175,825.34000000,7603.02899000,0,AVAXUSDT
2026-05-20 10:10:00+00:00,9.214,9.22,9.213,9.219,912.73,1779272099999,8412.23044000,138,661.39000000,6096.15886000,0,AVAXUSDT
2026-05-20 10:15:00+00:00,9.218,9.219,9.215,9.218,723.65,1779272399999,6669.80834000,90,440.63000000,4061.42053000,0,AVAXUSDT
2026-05-20 10:20:00+00:00,9.218,9.23,9.218,9.227,3835.68,1779272699999,35382.57472000,396,2500.73000000,23069.13648000,0,AVAXUSDT
2026-05-20 10:25:00+00:00,9.226,9.227,9.22,9.225,4881.75,1779272999999,45024.67058000,224,4493.66000000,41445.08160000,0,AVAXUSDT
2026-05-20 10:30:00+00:00,9.226,9.239,9.225,9.238,2753.42,1779273299999,25427.84669000,358,1553.75000000,14348.94569000,0,AVAXUSDT
2026-05-20 10:35:00+00:00,9.239,9.25,9.231,9.231,6341.08,1779273599999,58606.17027000,661,4176.28000000,38608.34896000,0,AVAXUSDT
2026-05-20 10:40:00+00:00,9.231,9.233,9.222,9.223,1541.94,1779273899999,14229.72565000,303,825.82000000,7621.39219000,0,AVAXUSDT
2026-05-20 10:45:00+00:00,9.224,9.229,9.22,9.22,2811.34,1779274199999,25933.58546000,377,1370.34000000,12641.73742000,0,AVAXUSDT
2026-05-20 10:50:00+00:00,9.22,9.227,9.216,9.227,3370.69,1779274499999,31086.03249000,310,2441.34000000,22515.64490000,0,AVAXUSDT
2026-05-20 10:55:00+00:00,9.228,9.231,9.219,9.225,2144.4,1779274799999,19778.36160000,219,460.05000000,4244.21043000,0,AVAXUSDT
2026-05-20 11:00:00+00:00,9.224,9.233,9.223,9.227,3684.79,1779275099999,33997.83012000,381,1738.29000000,16039.46540000,0,AVAXUSDT
2026-05-20 11:05:00+00:00,9.227,9.231,9.226,9.227,1573.25,1779275399999,14517.85349000,222,586.56000000,5413.52890000,0,AVAXUSDT
2026-05-20 11:10:00+00:00,9.227,9.233,9.227,9.229,3245.37,1779275699999,29956.36442000,326,1711.32000000,15795.89334000,0,AVAXUSDT
2026-05-20 11:15:00+00:00,9.229,9.238,9.229,9.229,1877.79,1779275999999,17337.23639000,262,921.27000000,8504.46316000,0,AVAXUSDT
2026-05-20 11:20:00+00:00,9.229,9.234,9.228,9.231,3236.82,1779276299999,29876.47782000,355,1772.07000000,16356.19272000,0,AVAXUSDT
2026-05-20 11:25:00+00:00,9.23,9.23,9.222,9.224,2682.64,1779276599999,24750.77808000,247,1114.19000000,10279.89617000,0,AVAXUSDT
2026-05-20 11:30:00+00:00,9.225,9.232,9.221,9.231,2886.17,1779276899999,26627.84326000,474,1774.35000000,16370.19726000,0,AVAXUSDT
2026-05-20 11:35:00+00:00,9.231,9.233,9.225,9.23,1970.5,1779277199999,18184.88125000,212,1285.34000000,11862.32477000,0,AVAXUSDT
2026-05-20 11:40:00+00:00,9.23,9.231,9.21,9.217,7801.58,1779277499999,71911.31295000,711,2504.27000000,23081.12547000,0,AVAXUSDT
2026-05-20 11:45:00+00:00,9.217,9.218,9.205,9.205,5727.6,1779277799999,52770.72401000,484,2155.58000000,19863.04777000,0,AVAXUSDT
2026-05-20 11:50:00+00:00,9.205,9.205,9.185,9.199,5219.95,1779278099999,47981.62410000,600,4203.69000000,38640.00827000,0,AVAXUSDT
2026-05-20 11:55:00+00:00,9.2,9.205,9.196,9.205,1734.7,1779278399999,15961.69128000,305,981.65000000,9032.64821000,0,AVAXUSDT
2026-05-20 12:00:00+00:00,9.204,9.219,9.195,9.218,3749.45,1779278699999,34524.90028000,635,1927.04000000,17741.43367000,0,AVAXUSDT
2026-05-20 12:05:00+00:00,9.218,9.22,9.213,9.218,2295.05,1779278999999,21153.31719000,277,442.21000000,4076.05866000,0,AVAXUSDT
2026-05-20 12:10:00+00:00,9.217,9.222,9.213,9.219,1377.56,1779279299999,12699.52436000,263,592.92000000,5465.03914000,0,AVAXUSDT
2026-05-20 12:15:00+00:00,9.218,9.223,9.214,9.219,3474.2,1779279599999,32025.41438000,368,2132.84000000,19662.66473000,0,AVAXUSDT
2026-05-20 12:20:00+00:00,9.218,9.218,9.208,9.216,1897.33,1779279899999,17478.40482000,310,370.91000000,3417.31090000,0,AVAXUSDT
2026-05-20 12:25:00+00:00,9.217,9.23,9.217,9.228,3106.33,1779280199999,28654.25791000,563,2030.62000000,18731.38529000,0,AVAXUSDT
2026-05-20 12:30:00+00:00,9.229,9.248,9.225,9.248,6128.95,1779280499999,56627.31200000,656,5068.86000000,46837.02645000,0,AVAXUSDT
2026-05-20 12:35:00+00:00,9.247,9.248,9.233,9.237,1542.49,1779280799999,14248.78607000,229,402.09000000,3715.24820000,0,AVAXUSDT
2026-05-20 12:40:00+00:00,9.238,9.244,9.232,9.243,2202.45,1779281099999,20341.20685000,256,1807.26000000,16691.64519000,0,AVAXUSDT
2026-05-20 12:45:00+00:00,9.243,9.264,9.243,9.261,7737.22,1779281399999,71600.34257000,567,6708.26000000,62076.64406000,0,AVAXUSDT
2026-05-20 12:50:00+00:00,9.261,9.262,9.254,9.26,3241.64,1779281699999,30009.11667000,357,889.51000000,8236.23059000,0,AVAXUSDT
2026-05-20 12:55:00+00:00,9.26,9.272,9.252,9.253,9279.89,1779281999999,85944.35807000,702,5259.78000000,48716.68179000,0,AVAXUSDT
2026-05-20 13:00:00+00:00,9.252,9.256,9.247,9.254,3629.92,1779282299999,33581.32488000,373,785.85000000,7270.54812000,0,AVAXUSDT
2026-05-20 13:05:00+00:00,9.254,9.258,9.249,9.252,2511.13,1779282599999,23237.44028000,437,954.82000000,8837.13450000,0,AVAXUSDT
2026-05-20 13:10:00+00:00,9.252,9.252,9.236,9.236,1197.8,1779282899999,11073.16437000,302,214.91000000,1986.49574000,0,AVAXUSDT
2026-05-20 13:15:00+00:00,9.236,9.236,9.221,9.232,1500.36,1779283199999,13848.88616000,427,701.61000000,6476.41759000,0,AVAXUSDT
2026-05-20 13:20:00+00:00,9.232,9.241,9.23,9.232,1171.63,1779283499999,10821.21795000,256,584.15000000,5394.62035000,0,AVAXUSDT
2026-05-20 13:25:00+00:00,9.231,9.231,9.204,9.209,2746.77,1779283799999,25302.49229000,493,1311.61000000,12082.26336000,0,AVAXUSDT
2026-05-20 13:30:00+00:00,9.209,9.22,9.203,9.214,6175.19,1779284099999,56882.52631000,700,3163.29000000,29143.04250000,0,AVAXUSDT
2026-05-20 13:35:00+00:00,9.213,9.213,9.153,9.181,25981.51,1779284399999,238430.09461000,2423,8984.75000000,82464.65919000,0,AVAXUSDT
2026-05-20 13:40:00+00:00,9.181,9.192,9.171,9.187,10384.37,1779284699999,95354.96412000,920,6536.79000000,60031.80393000,0,AVAXUSDT
2026-05-20 13:45:00+00:00,9.187,9.21,9.182,9.188,6446.02,1779284999999,59269.93229000,1254,2647.04000000,24341.23217000,0,AVAXUSDT
2026-05-20 13:50:00+00:00,9.189,9.199,9.182,9.187,2374.62,1779285299999,21830.24965000,599,1614.14000000,14841.70159000,0,AVAXUSDT
2026-05-20 13:55:00+00:00,9.186,9.193,9.172,9.193,6931.79,1779285599999,63655.39501000,727,2062.11000000,18936.96854000,0,AVAXUSDT
2026-05-20 14:00:00+00:00,9.194,9.205,9.191,9.197,9776.32,1779285899999,89931.32108000,617,2709.15000000,24919.22705000,0,AVAXUSDT
2026-05-20 14:05:00+00:00,9.198,9.207,9.189,9.198,4832.95,1779286199999,44436.43350000,460,540.22000000,4969.34742000,0,AVAXUSDT
2026-05-20 14:10:00+00:00,9.197,9.218,9.165,9.206,8760.35,1779286499999,80519.94712000,1413,5313.33000000,48825.39169000,0,AVAXUSDT
2026-05-20 14:15:00+00:00,9.206,9.264,9.205,9.263,14452.38,1779286799999,133519.10054000,1886,10338.29000000,95525.50281000,0,AVAXUSDT
2026-05-20 14:20:00+00:00,9.263,9.268,9.245,9.247,5171.72,1779287099999,47894.54060000,1041,2799.38000000,25930.80236000,0,AVAXUSDT
2026-05-20 14:25:00+00:00,9.246,9.263,9.242,9.259,4568.71,1779287399999,42284.84324000,647,3820.36000000,35358.92715000,0,AVAXUSDT
2026-05-20 14:30:00+00:00,9.26,9.296,9.26,9.27,28966.72,1779287699999,268712.75367000,1688,23531.15000000,218253.54236000,0,AVAXUSDT
2026-05-20 14:35:00+00:00,9.269,9.278,9.256,9.27,7160.63,1779287999999,66371.01075000,1016,4287.77000000,39751.65924000,0,AVAXUSDT
2026-05-20 14:40:00+00:00,9.27,9.284,9.266,9.284,5265.87,1779288299999,48868.16459000,504,3677.82000000,34130.13425000,0,AVAXUSDT
2026-05-20 14:45:00+00:00,9.285,9.303,9.283,9.287,18800.38,1779288599999,174697.91038000,1143,11686.78000000,108604.03635000,0,AVAXUSDT
2026-05-20 14:50:00+00:00,9.289,9.332,9.287,9.321,22701.06,1779288899999,211373.10464000,1676,16062.19000000,149520.46081000,0,AVAXUSDT
2026-05-20 14:55:00+00:00,9.321,9.325,9.312,9.312,6248.37,1779289199999,58229.35560000,574,2075.17000000,19343.09773000,0,AVAXUSDT
2026-05-20 15:00:00+00:00,9.312,9.319,9.296,9.296,11810.43,1779289499999,109937.77729000,1423,5142.21000000,47876.36399000,0,AVAXUSDT
2026-05-20 15:05:00+00:00,9.296,9.309,9.295,9.308,8509.37,1779289799999,79144.13066000,816,6073.83000000,56493.27620000,0,AVAXUSDT
2026-05-20 15:10:00+00:00,9.307,9.307,9.268,9.27,14578.63,1779290099999,135337.08019000,1366,3732.21000000,34637.65378000,0,AVAXUSDT
2026-05-20 15:15:00+00:00,9.271,9.359,9.271,9.334,39970.18,1779290399999,372783.17218000,4006,25313.80000000,235971.13206000,0,AVAXUSDT
2026-05-20 15:20:00+00:00,9.335,9.368,9.335,9.341,25821.51,1779290699999,241553.73924000,1382,22201.41000000,207708.01928000,0,AVAXUSDT
2026-05-20 15:25:00+00:00,9.341,9.35,9.324,9.342,7609.11,1779290999999,71047.63022000,880,2635.83000000,24612.02645000,0,AVAXUSDT
2026-05-20 15:30:00+00:00,9.343,9.353,9.339,9.345,15231.63,1779291299999,142346.59364000,808,10452.02000000,97677.07182000,0,AVAXUSDT
2026-05-20 15:35:00+00:00,9.345,9.352,9.335,9.335,11195.55,1779291599999,104619.07244000,728,5611.36000000,52442.89786000,0,AVAXUSDT
2026-05-20 15:40:00+00:00,9.336,9.336,9.313,9.327,10312.84,1779291899999,96149.32809000,709,6843.48000000,63802.32847000,0,AVAXUSDT
2026-05-20 15:45:00+00:00,9.328,9.357,9.327,9.349,20930.9,1779292199999,195608.86110000,1152,15543.56000000,145250.66652000,0,AVAXUSDT
2026-05-20 15:50:00+00:00,9.349,9.35,9.332,9.337,3146.49,1779292499999,29392.78979000,377,872.66000000,8154.83428000,0,AVAXUSDT
2026-05-20 15:55:00+00:00,9.337,9.348,9.323,9.34,9451.6,1779292799999,88250.21674000,765,6354.03000000,59321.38718000,0,AVAXUSDT
2026-05-20 16:00:00+00:00,9.341,9.366,9.341,9.357,17549.5,1779293099999,164100.06082000,900,13570.71000000,126886.49689000,0,AVAXUSDT
2026-05-20 16:05:00+00:00,9.358,9.374,9.356,9.374,16666.75,1779293399999,156037.13548000,1023,11884.63000000,111270.57009000,0,AVAXUSDT
2026-05-20 16:10:00+00:00,9.373,9.373,9.358,9.358,4978.29,1779293699999,46624.83085000,541,1010.24000000,9464.67955000,0,AVAXUSDT
2026-05-20 16:15:00+00:00,9.357,9.357,9.321,9.329,7323.19,1779293999999,68346.58554000,901,2267.00000000,21157.98897000,0,AVAXUSDT
2026-05-20 16:20:00+00:00,9.329,9.329,9.294,9.307,8324.01,1779294299999,77502.26797000,1336,2445.70000000,22774.06739000,0,AVAXUSDT
2026-05-20 16:25:00+00:00,9.307,9.307,9.271,9.287,8097.2,1779294599999,75229.40963000,1154,2755.65000000,25596.59202000,0,AVAXUSDT
2026-05-20 16:30:00+00:00,9.287,9.304,9.278,9.301,4810.4,1779294899999,44692.99224000,670,2153.06000000,20012.45523000,0,AVAXUSDT
2026-05-20 16:35:00+00:00,9.301,9.328,9.295,9.318,8114.78,1779295199999,75585.19913000,587,5621.61000000,52372.21568000,0,AVAXUSDT
2026-05-20 16:40:00+00:00,9.317,9.345,9.313,9.336,9468.17,1779295499999,88322.13033000,622,7186.05000000,67045.39342000,0,AVAXUSDT
2026-05-20 16:45:00+00:00,9.337,9.35,9.331,9.342,6499.37,1779295799999,60718.51947000,867,3591.43000000,33556.27522000,0,AVAXUSDT
2026-05-20 16:50:00+00:00,9.343,9.35,9.325,9.329,3058.09,1779296099999,28563.14896000,450,1081.13000000,10103.17773000,0,AVAXUSDT
2026-05-20 16:55:00+00:00,9.33,9.336,9.318,9.336,3596.17,1779296399999,33548.18319000,464,2203.88000000,20562.11227000,0,AVAXUSDT
2026-05-20 17:00:00+00:00,9.335,9.34,9.319,9.32,9951.93,1779296699999,92848.24171000,694,3594.69000000,33547.02915000,0,AVAXUSDT
2026-05-20 17:05:00+00:00,9.321,9.328,9.315,9.327,4848.93,1779296999999,45200.38950000,493,2927.75000000,27293.57858000,0,AVAXUSDT
2026-05-20 17:10:00+00:00,9.327,9.354,9.321,9.346,17821.92,1779297299999,166469.78489000,1251,13828.99000000,129161.47553000,0,AVAXUSDT
2026-05-20 17:15:00+00:00,9.346,9.351,9.335,9.351,5541.13,1779297599999,51773.23781000,509,4315.09000000,40320.74329000,0,AVAXUSDT
2026-05-20 17:20:00+00:00,9.35,9.4,9.346,9.363,53474.99,1779297899999,500907.91382000,1385,44554.57000000,417399.20628000,0,AVAXUSDT
2026-05-20 17:25:00+00:00,9.362,9.377,9.357,9.362,17701.7,1779298199999,165806.79876000,1013,10052.65000000,94169.98526000,0,AVAXUSDT
2026-05-20 17:30:00+00:00,9.363,9.368,9.352,9.364,7547.64,1779298499999,70653.75573000,639,4037.65000000,37798.27435000,0,AVAXUSDT
2026-05-20 17:35:00+00:00,9.365,9.4,9.365,9.378,18701.61,1779298799999,175447.26212000,1384,13127.63000000,123151.14037000,0,AVAXUSDT
2026-05-20 17:40:00+00:00,9.377,9.381,9.366,9.378,5470.45,1779299099999,51269.02416000,530,1153.39000000,10810.16066000,0,AVAXUSDT
2026-05-20 17:45:00+00:00,9.378,9.385,9.374,9.378,10636.39,1779299399999,99759.65922000,708,6350.49000000,59558.55519000,0,AVAXUSDT
2026-05-20 17:50:00+00:00,9.378,9.378,9.353,9.353,3906.69,1779299699999,36598.26605000,509,888.79000000,8326.11039000,0,AVAXUSDT
2026-05-20 17:55:00+00:00,9.353,9.356,9.341,9.342,2209.17,1779299999999,20651.03163000,367,830.94000000,7771.10886000,0,AVAXUSDT
2026-05-20 18:00:00+00:00,9.341,9.349,9.322,9.34,9523.92,1779300299999,88944.95465000,762,5004.03000000,46739.42115000,0,AVAXUSDT
2026-05-20 18:05:00+00:00,9.34,9.34,9.324,9.326,3193.18,1779300599999,29794.76806000,415,559.20000000,5219.15607000,0,AVAXUSDT
2026-05-20 18:10:00+00:00,9.327,9.329,9.321,9.329,1308.08,1779300899999,12195.61536000,223,695.32000000,6481.83636000,0,AVAXUSDT
2026-05-20 18:15:00+00:00,9.328,9.335,9.327,9.332,667.23,1779301199999,6225.57586000,214,162.54000000,1516.57357000,0,AVAXUSDT
2026-05-20 18:20:00+00:00,9.332,9.333,9.308,9.31,4023.97,1779301499999,37500.47995000,493,535.91000000,4995.56525000,0,AVAXUSDT
2026-05-20 18:25:00+00:00,9.31,9.311,9.299,9.302,3494.43,1779301799999,32508.12758000,469,1246.12000000,11594.68395000,0,AVAXUSDT
2026-05-20 18:30:00+00:00,9.302,9.308,9.294,9.303,1133.99,1779302099999,10547.55168000,288,610.77000000,5680.98229000,0,AVAXUSDT
2026-05-20 18:35:00+00:00,9.302,9.31,9.302,9.305,946.73,1779302399999,8809.95064000,178,611.83000000,5693.65999000,0,AVAXUSDT
2026-05-20 18:40:00+00:00,9.305,9.305,9.295,9.298,2762.01,1779302699999,25685.29923000,405,1302.54000000,12113.69791000,0,AVAXUSDT
2026-05-20 18:45:00+00:00,9.297,9.3,9.275,9.283,6235.51,1779302999999,57872.08223000,767,2054.77000000,19070.00305000,0,AVAXUSDT
2026-05-20 18:50:00+00:00,9.282,9.283,9.272,9.281,2166.97,1779303299999,20103.30602000,373,840.12000000,7794.03516000,0,AVAXUSDT
2026-05-20 18:55:00+00:00,9.281,9.294,9.281,9.291,1545.08,1779303599999,14350.89324000,249,967.57000000,8987.44178000,0,AVAXUSDT
2026-05-20 19:00:00+00:00,9.291,9.298,9.28,9.28,6049.49,1779303899999,56177.85958000,711,399.46000000,3710.77883000,0,AVAXUSDT
2026-05-20 19:05:00+00:00,9.28,9.301,9.275,9.3,5732.6,1779304199999,53262.79828000,507,4400.13000000,40887.36748000,0,AVAXUSDT
2026-05-20 19:10:00+00:00,9.3,9.3,9.292,9.292,3089.74,1779304499999,28716.87421000,394,215.21000000,2000.81411000,0,AVAXUSDT
2026-05-20 19:15:00+00:00,9.292,9.316,9.289,9.314,10220.08,1779304799999,95123.30292000,593,6845.47000000,63714.56708000,0,AVAXUSDT
2026-05-20 19:20:00+00:00,9.315,9.324,9.312,9.323,6154.87,1779305099999,57347.44813000,332,4482.52000000,41765.29930000,0,AVAXUSDT
2026-05-20 19:25:00+00:00,9.323,9.328,9.317,9.324,2879.48,1779305399999,26843.43585000,297,1679.06000000,15654.67042000,0,AVAXUSDT
2026-05-20 19:30:00+00:00,9.324,9.334,9.315,9.317,4697.08,1779305699999,43793.15567000,455,2415.96000000,22529.23624000,0,AVAXUSDT
2026-05-20 19:35:00+00:00,9.317,9.336,9.308,9.326,9632.92,1779305999999,89807.84996000,558,6501.13000000,60614.02794000,0,AVAXUSDT
2026-05-20 19:40:00+00:00,9.325,9.33,9.321,9.321,2068.47,1779306299999,19290.27874000,231,977.62000000,9118.52110000,0,AVAXUSDT
2026-05-20 19:45:00+00:00,9.321,9.328,9.319,9.321,1051.86,1779306599999,9807.84978000,229,339.21000000,3162.99562000,0,AVAXUSDT
2026-05-20 19:50:00+00:00,9.321,9.321,9.308,9.318,4314.87,1779306899999,40208.29894000,497,1222.61000000,11390.59907000,0,AVAXUSDT
2026-05-20 19:55:00+00:00,9.319,9.324,9.313,9.318,1183.84,1779307199999,11032.73088000,247,693.96000000,6468.27793000,0,AVAXUSDT
2026-05-20 20:00:00+00:00,9.317,9.317,9.296,9.306,4759.58,1779307499999,44284.73816000,511,3297.85000000,30683.50794000,0,AVAXUSDT
2026-05-20 20:05:00+00:00,9.307,9.315,9.303,9.314,2272.24,1779307799999,21149.29172000,250,958.78000000,8925.79745000,0,AVAXUSDT
2026-05-20 20:10:00+00:00,9.315,9.335,9.315,9.332,4645.49,1779308099999,43319.42975000,349,3497.63000000,32616.45045000,0,AVAXUSDT
2026-05-20 20:15:00+00:00,9.333,9.336,9.304,9.31,14323.19,1779308399999,133435.28517000,794,5563.27000000,51826.83285000,0,AVAXUSDT
2026-05-20 20:20:00+00:00,9.31,9.31,9.262,9.283,16534.76,1779308699999,153580.32471000,1514,6734.74000000,62535.98264000,0,AVAXUSDT
2026-05-20 20:25:00+00:00,9.282,9.301,9.275,9.301,9125.43,1779308999999,84745.19215000,479,7441.18000000,69115.01633000,0,AVAXUSDT
2026-05-20 20:30:00+00:00,9.301,9.303,9.277,9.278,3455.54,1779309299999,32111.66217000,475,628.38000000,5835.03602000,0,AVAXUSDT
2026-05-20 20:35:00+00:00,9.279,9.284,9.275,9.282,1140.17,1779309599999,10581.08905000,219,709.61000000,6586.22710000,0,AVAXUSDT
2026-05-20 20:40:00+00:00,9.283,9.302,9.282,9.293,2742.23,1779309899999,25489.85207000,279,1821.01000000,16925.54367000,0,AVAXUSDT
2026-05-20 20:45:00+00:00,9.294,9.306,9.289,9.303,1838.75,1779310199999,17104.08828000,238,1228.33000000,11426.10264000,0,AVAXUSDT
2026-05-20 20:50:00+00:00,9.303,9.311,9.297,9.301,1416.14,1779310499999,13177.09782000,239,1022.39000000,9513.68196000,0,AVAXUSDT
2026-05-20 20:55:00+00:00,9.302,9.312,9.302,9.307,1525.89,1779310799999,14201.98911000,206,969.67000000,9025.13017000,0,AVAXUSDT
2026-05-20 21:00:00+00:00,9.305,9.314,9.29,9.312,7254.37,1779311099999,67483.94182000,373,2584.08000000,24057.88179000,0,AVAXUSDT
2026-05-20 21:05:00+00:00,9.311,9.312,9.304,9.309,2251.45,1779311399999,20960.40478000,191,1544.06000000,14375.01696000,0,AVAXUSDT
2026-05-20 21:10:00+00:00,9.31,9.315,9.305,9.313,2274.37,1779311699999,21171.82913000,144,1627.25000000,15148.92202000,0,AVAXUSDT
2026-05-20 21:15:00+00:00,9.313,9.314,9.3,9.301,1558.38,1779311999999,14505.17278000,285,521.16000000,4849.76774000,0,AVAXUSDT
2026-05-20 21:20:00+00:00,9.3,9.304,9.292,9.303,2293.78,1779312299999,21328.63267000,258,654.27000000,6082.36428000,0,AVAXUSDT
2026-05-20 21:25:00+00:00,9.303,9.306,9.288,9.289,4204.18,1779312599999,39069.40073000,361,976.41000000,9080.02884000,0,AVAXUSDT
2026-05-20 21:30:00+00:00,9.289,9.297,9.281,9.296,4859.85,1779312899999,45141.40085000,390,3518.01000000,32681.60237000,0,AVAXUSDT
2026-05-20 21:35:00+00:00,9.295,9.299,9.293,9.298,382.89,1779313199999,3559.74225000,67,235.92000000,2193.49150000,0,AVAXUSDT
2026-05-20 21:40:00+00:00,9.297,9.304,9.294,9.299,1385.88,1779313499999,12888.44176000,189,827.23000000,7694.01912000,0,AVAXUSDT
2026-05-20 21:45:00+00:00,9.299,9.3,9.29,9.29,2511.46,1779313799999,23347.80569000,179,724.99000000,6740.63435000,0,AVAXUSDT
2026-05-20 21:50:00+00:00,9.289,9.289,9.287,9.288,1880.61,1779314099999,17466.73257000,123,878.61000000,8160.40501000,0,AVAXUSDT
2026-05-20 21:55:00+00:00,9.287,9.289,9.266,9.268,4616.63,1779314399999,42836.89819000,484,853.47000000,7917.54267000,0,AVAXUSDT
2026-05-20 22:00:00+00:00,9.268,9.268,9.247,9.261,5736.94,1779314699999,53108.02924000,885,1890.06000000,17498.52107000,0,AVAXUSDT
2026-05-20 22:05:00+00:00,9.261,9.268,9.233,9.237,6460.41,1779314999999,59734.07196000,750,1325.88000000,12273.04295000,0,AVAXUSDT
2026-05-20 22:10:00+00:00,9.238,9.251,9.226,9.251,7145.19,1779315299999,66026.83239000,550,5023.66000000,46424.45298000,0,AVAXUSDT
2026-05-20 22:15:00+00:00,9.251,9.255,9.22,9.224,4178.56,1779315599999,38592.34884000,437,442.75000000,4091.38316000,0,AVAXUSDT
2026-05-20 22:20:00+00:00,9.224,9.244,9.222,9.244,3479.0,1779315899999,32131.02094000,285,2627.07000000,24263.27523000,0,AVAXUSDT
2026-05-20 22:25:00+00:00,9.244,9.268,9.243,9.265,2904.24,1779316199999,26890.99780000,287,2503.30000000,23181.50257000,0,AVAXUSDT
2026-05-20 22:30:00+00:00,9.266,9.272,9.255,9.26,2353.17,1779316499999,21797.13451000,274,1537.67000000,14245.30505000,0,AVAXUSDT
2026-05-20 22:35:00+00:00,9.261,9.261,9.247,9.247,1586.54,1779316799999,14686.42110000,217,83.58000000,773.67639000,0,AVAXUSDT
2026-05-20 22:40:00+00:00,9.248,9.262,9.246,9.26,884.14,1779317099999,8184.91307000,166,540.26000000,5002.53472000,0,AVAXUSDT
2026-05-20 22:45:00+00:00,9.26,9.278,9.26,9.278,1937.24,1779317399999,17950.57716000,235,1328.50000000,12308.62318000,0,AVAXUSDT
2026-05-20 22:50:00+00:00,9.279,9.281,9.271,9.278,2045.64,1779317699999,18974.21778000,200,763.55000000,7083.26484000,0,AVAXUSDT
2026-05-20 22:55:00+00:00,9.278,9.285,9.274,9.274,1237.53,1779317999999,11486.11574000,208,591.25000000,5488.28160000,0,AVAXUSDT
2026-05-20 23:00:00+00:00,9.273,9.273,9.259,9.26,9787.27,1779318299999,90657.91539000,499,2077.02000000,19244.78776000,0,AVAXUSDT
2026-05-20 23:05:00+00:00,9.26,9.267,9.258,9.261,3001.29,1779318599999,27803.17169000,215,2358.10000000,21845.24132000,0,AVAXUSDT
2026-05-20 23:10:00+00:00,9.261,9.264,9.255,9.259,3114.31,1779318899999,28837.99799000,272,1566.87000000,14510.01550000,0,AVAXUSDT
2026-05-20 23:15:00+00:00,9.258,9.264,9.253,9.263,1360.38,1779319199999,12596.12597000,207,825.04000000,7640.36425000,0,AVAXUSDT
2026-05-20 23:20:00+00:00,9.263,9.264,9.249,9.252,3767.22,1779319499999,34864.97880000,259,2456.04000000,22731.82117000,0,AVAXUSDT
2026-05-20 23:25:00+00:00,9.251,9.267,9.251,9.264,4693.83,1779319799999,43456.81431000,424,1539.16000000,14250.31854000,0,AVAXUSDT
2026-05-20 23:30:00+00:00,9.264,9.277,9.263,9.277,2942.03,1779320099999,27267.25319000,316,2177.95000000,20187.66308000,0,AVAXUSDT
2026-05-20 23:35:00+00:00,9.276,9.287,9.276,9.281,2818.35,1779320399999,26159.38307000,244,1097.85000000,10189.95984000,0,AVAXUSDT
2026-05-20 23:40:00+00:00,9.281,9.287,9.279,9.284,939.23,1779320699999,8719.05202000,146,706.43000000,6557.45048000,0,AVAXUSDT
2026-05-20 23:45:00+00:00,9.285,9.298,9.285,9.289,4022.03,1779320999999,37366.69626000,353,2100.84000000,19517.98446000,0,AVAXUSDT
2026-05-20 23:50:00+00:00,9.289,9.297,9.28,9.297,2232.64,1779321299999,20736.84474000,281,1393.19000000,12939.99793000,0,AVAXUSDT
2026-05-20 23:55:00+00:00,9.297,9.299,9.293,9.298,5227.37,1779321599999,48589.21132000,323,2669.83000000,24815.53490000,0,AVAXUSDT
2026-05-21 00:00:00+00:00,9.297,9.309,9.292,9.305,11205.87,1779321899999,104237.29720000,825,7913.94000000,73619.99788000,0,AVAXUSDT
2026-05-21 00:05:00+00:00,9.305,9.306,9.293,9.302,11923.4,1779322199999,110875.17670000,612,6242.59000000,58054.62192000,0,AVAXUSDT
2026-05-21 00:10:00+00:00,9.302,9.312,9.301,9.312,1932.65,1779322499999,17987.12336000,336,1326.34000000,12344.90436000,0,AVAXUSDT
2026-05-21 00:15:00+00:00,9.312,9.326,9.307,9.31,7247.05,1779322799999,67539.76532000,725,3754.61000000,34999.36016000,0,AVAXUSDT
2026-05-21 00:20:00+00:00,9.31,9.31,9.3,9.31,5120.28,1779323099999,47651.45498000,346,3012.39000000,28038.54825000,0,AVAXUSDT
2026-05-21 00:25:00+00:00,9.31,9.317,9.304,9.317,1168.56,1779323399999,10877.41441000,230,906.22000000,8436.20239000,0,AVAXUSDT
2026-05-21 00:30:00+00:00,9.318,9.324,9.311,9.322,2330.69,1779323699999,21711.11517000,270,1262.39000000,11760.23012000,0,AVAXUSDT
2026-05-21 00:35:00+00:00,9.321,9.327,9.318,9.327,1577.13,1779323999999,14701.45090000,240,777.95000000,7252.26785000,0,AVAXUSDT
2026-05-21 00:40:00+00:00,9.328,9.34,9.327,9.34,5140.25,1779324299999,47967.27374000,315,4107.56000000,38329.32877000,0,AVAXUSDT
2026-05-21 00:45:00+00:00,9.34,9.354,9.335,9.351,12685.14,1779324599999,118535.76187000,728,7587.72000000,70909.54617000,0,AVAXUSDT
2026-05-21 00:50:00+00:00,9.352,9.365,9.344,9.361,9497.35,1779324899999,88847.95713000,661,5695.49000000,53282.55541000,0,AVAXUSDT
2026-05-21 00:55:00+00:00,9.361,9.361,9.351,9.355,3681.34,1779325199999,34439.27481000,284,2163.03000000,20234.61052000,0,AVAXUSDT
2026-05-21 01:00:00+00:00,9.355,9.358,9.348,9.358,4867.88,1779325499999,45535.38190000,371,2878.92000000,26934.59408000,0,AVAXUSDT
2026-05-21 01:05:00+00:00,9.358,9.359,9.347,9.358,4255.57,1779325799999,39805.88070000,408,2605.52000000,24369.31124000,0,AVAXUSDT
2026-05-21 01:10:00+00:00,9.357,9.368,9.352,9.367,7211.32,1779326099999,67514.24430000,447,6179.16000000,57853.97145000,0,AVAXUSDT
2026-05-21 01:15:00+00:00,9.368,9.387,9.35,9.352,16038.53,1779326399999,150294.65136000,1206,5976.41000000,56009.44608000,0,AVAXUSDT
2026-05-21 01:20:00+00:00,9.351,9.352,9.342,9.348,4295.34,1779326699999,40145.27053000,341,760.16000000,7107.08136000,0,AVAXUSDT
2026-05-21 01:25:00+00:00,9.347,9.347,9.34,9.346,4915.84,1779326999999,45933.35530000,241,3801.74000000,35523.50022000,0,AVAXUSDT
2026-05-21 01:30:00+00:00,9.346,9.346,9.335,9.346,1901.03,1779327299999,17755.88269000,285,760.99000000,7109.12497000,0,AVAXUSDT
2026-05-21 01:35:00+00:00,9.346,9.351,9.335,9.341,4129.22,1779327599999,38579.35338000,352,1439.07000000,13445.10574000,0,AVAXUSDT
2026-05-21 01:40:00+00:00,9.342,9.359,9.34,9.34,19756.57,1779327899999,184648.81235000,615,5972.42000000,55840.81175000,0,AVAXUSDT
2026-05-21 01:45:00+00:00,9.339,9.359,9.338,9.354,22216.27,1779328199999,207722.82086000,679,8374.35000000,78310.89287000,0,AVAXUSDT
2026-05-21 01:50:00+00:00,9.353,9.355,9.333,9.339,2119.56,1779328499999,19804.08213000,343,456.33000000,4261.64977000,0,AVAXUSDT
2026-05-21 01:55:00+00:00,9.34,9.357,9.34,9.354,4241.09,1779328799999,39651.01048000,267,3334.02000000,31170.50586000,0,AVAXUSDT
2026-05-21 02:00:00+00:00,9.353,9.367,9.35,9.361,6518.47,1779329099999,61003.97308000,376,5292.21000000,49532.81272000,0,AVAXUSDT
2026-05-21 02:05:00+00:00,9.36,9.36,9.345,9.349,3340.05,1779329399999,31225.49774000,195,1141.53000000,10669.67044000,0,AVAXUSDT
2026-05-21 02:10:00+00:00,9.349,9.356,9.348,9.353,2372.79,1779329699999,22189.64157000,224,1210.42000000,11319.75447000,0,AVAXUSDT
2026-05-21 02:15:00+00:00,9.353,9.379,9.35,9.379,4214.14,1779329999999,39470.29100000,386,3515.44000000,32926.26856000,0,AVAXUSDT
2026-05-21 02:20:00+00:00,9.378,9.392,9.37,9.37,12963.59,1779330299999,121597.97735000,722,6725.77000000,63099.75505000,0,AVAXUSDT
2026-05-21 02:25:00+00:00,9.37,9.383,9.37,9.377,14278.77,1779330599999,133884.28657000,683,6528.16000000,61203.39226000,0,AVAXUSDT
2026-05-21 02:30:00+00:00,9.378,9.384,9.376,9.379,4684.51,1779330899999,43941.49663000,406,2951.91000000,27689.52538000,0,AVAXUSDT
2026-05-21 02:35:00+00:00,9.379,9.387,9.376,9.376,6467.5,1779331199999,60662.94682000,341,1751.47000000,16428.39644000,0,AVAXUSDT
2026-05-21 02:40:00+00:00,9.377,9.382,9.372,9.376,10435.81,1779331499999,97852.59689000,480,8569.14000000,80349.61218000,0,AVAXUSDT
2026-05-21 02:45:00+00:00,9.375,9.376,9.368,9.368,2399.16,1779331799999,22484.24950000,257,809.02000000,7582.45047000,0,AVAXUSDT
2026-05-21 02:50:00+00:00,9.368,9.378,9.365,9.365,2955.95,1779332099999,27702.02240000,349,1350.01000000,12651.42976000,0,AVAXUSDT
2026-05-21 02:55:00+00:00,9.366,9.368,9.361,9.361,1904.43,1779332399999,17837.00004000,183,1138.08000000,10659.77272000,0,AVAXUSDT
2026-05-21 03:00:00+00:00,9.361,9.363,9.353,9.353,5115.37,1779332699999,47874.52500000,477,2117.68000000,19819.42899000,0,AVAXUSDT
2026-05-21 03:05:00+00:00,9.353,9.368,9.353,9.367,10877.61,1779332999999,101843.86615000,373,9698.25000000,90801.61638000,0,AVAXUSDT
2026-05-21 03:10:00+00:00,9.368,9.378,9.366,9.368,4670.78,1779333299999,43767.52729000,329,2184.74000000,20473.22345000,0,AVAXUSDT
2026-05-21 03:15:00+00:00,9.367,9.368,9.362,9.367,1174.13,1779333599999,10995.62057000,220,499.86000000,4681.47565000,0,AVAXUSDT
2026-05-21 03:20:00+00:00,9.367,9.379,9.367,9.373,4345.64,1779333899999,40741.69924000,242,2769.26000000,25964.34317000,0,AVAXUSDT
2026-05-21 03:25:00+00:00,9.374,9.382,9.374,9.38,2838.72,1779334199999,26619.42521000,230,1481.94000000,13896.57775000,0,AVAXUSDT
2026-05-21 03:30:00+00:00,9.38,9.388,9.378,9.381,6240.46,1779334499999,58551.73821000,356,4251.65000000,39891.11389000,0,AVAXUSDT
2026-05-21 03:35:00+00:00,9.381,9.382,9.377,9.382,1605.28,1779334799999,15054.17064000,179,1283.41000000,12035.23446000,0,AVAXUSDT
2026-05-21 03:40:00+00:00,9.382,9.382,9.375,9.375,961.06,1779335099999,9012.95385000,132,446.08000000,4183.59362000,0,AVAXUSDT
2026-05-21 03:45:00+00:00,9.375,9.382,9.372,9.372,1602.42,1779335399999,15028.31967000,184,919.54000000,8625.17933000,0,AVAXUSDT
2026-05-21 03:50:00+00:00,9.372,9.381,9.371,9.381,4424.42,1779335699999,41474.19240000,402,2529.48000000,23711.80623000,0,AVAXUSDT
2026-05-21 03:55:00+00:00,9.382,9.388,9.381,9.383,5670.86,1779335999999,53212.26244000,269,4012.98000000,37656.81187000,0,AVAXUSDT
2026-05-21 04:00:00+00:00,9.384,9.402,9.383,9.398,11333.98,1779336299999,106479.92543000,457,8173.88000000,76781.32242000,0,AVAXUSDT
2026-05-21 04:05:00+00:00,9.399,9.399,9.38,9.395,26283.52,1779336599999,246740.06681000,874,12999.38000000,122058.58005000,0,AVAXUSDT
2026-05-21 04:10:00+00:00,9.388,9.394,9.376,9.376,20336.51,1779336899999,190812.58517000,503,3475.65000000,32611.10157000,0,AVAXUSDT
2026-05-21 04:15:00+00:00,9.377,9.385,9.375,9.377,2238.65,1779337199999,20999.73721000,281,924.25000000,8670.74853000,0,AVAXUSDT
2026-05-21 04:20:00+00:00,9.377,9.386,9.376,9.386,1002.39,1779337499999,9402.91829000,133,619.96000000,5816.25104000,0,AVAXUSDT
2026-05-21 04:25:00+00:00,9.387,9.389,9.382,9.382,1467.27,1779337799999,13772.46656000,136,566.52000000,5318.84346000,0,AVAXUSDT
2026-05-21 04:30:00+00:00,9.382,9.387,9.375,9.376,3598.35,1779338099999,33756.95161000,286,1797.46000000,16864.96347000,0,AVAXUSDT
2026-05-21 04:35:00+00:00,9.376,9.376,9.355,9.374,3743.88,1779338399999,35069.46040000,540,2025.98000000,18975.64748000,0,AVAXUSDT
2026-05-21 04:40:00+00:00,9.374,9.386,9.372,9.38,5097.4,1779338699999,47811.65603000,321,3344.59000000,31377.39955000,0,AVAXUSDT
2026-05-21 04:45:00+00:00,9.379,9.382,9.375,9.375,3984.86,1779338999999,37372.73747000,163,2349.06000000,22031.10699000,0,AVAXUSDT
2026-05-21 04:50:00+00:00,9.374,9.383,9.373,9.38,4577.91,1779339299999,42928.18776000,239,2676.97000000,25102.60277000,0,AVAXUSDT
2026-05-21 04:55:00+00:00,9.38,9.394,9.38,9.388,7504.21,1779339599999,70451.52789000,433,4399.05000000,41296.54349000,0,AVAXUSDT
2026-05-21 05:00:00+00:00,9.388,9.399,9.385,9.397,5283.42,1779339899999,49618.35014000,356,3655.10000000,34330.70847000,0,AVAXUSDT
2026-05-21 05:05:00+00:00,9.398,9.398,9.386,9.388,7342.03,1779340199999,68972.65697000,353,6091.45000000,57225.97383000,0,AVAXUSDT
2026-05-21 05:10:00+00:00,9.387,9.395,9.376,9.382,8862.16,1779340499999,83196.30301000,493,6317.35000000,59311.38166000,0,AVAXUSDT
2026-05-21 05:15:00+00:00,9.382,9.389,9.377,9.388,1106.55,1779340799999,10384.32976000,229,705.48000000,6620.96312000,0,AVAXUSDT
2026-05-21 05:20:00+00:00,9.389,9.391,9.365,9.373,8278.86,1779341099999,77605.63163000,550,2051.59000000,19235.33659000,0,AVAXUSDT
2026-05-21 05:25:00+00:00,9.373,9.375,9.361,9.362,2140.45,1779341399999,20046.98796000,335,1337.56000000,12527.03277000,0,AVAXUSDT
2026-05-21 05:30:00+00:00,9.361,9.361,9.346,9.352,6892.76,1779341699999,64455.09783000,708,3027.28000000,28306.06365000,0,AVAXUSDT
2026-05-21 05:35:00+00:00,9.351,9.355,9.345,9.347,5914.28,1779341999999,55312.53634000,350,4661.04000000,43593.82749000,0,AVAXUSDT
2026-05-21 05:40:00+00:00,9.348,9.348,9.337,9.337,2183.39,1779342299999,20400.73136000,256,493.66000000,4614.11981000,0,AVAXUSDT
2026-05-21 05:45:00+00:00,9.337,9.34,9.304,9.319,10345.09,1779342599999,96396.22776000,1001,3862.92000000,35991.31796000,0,AVAXUSDT
2026-05-21 05:50:00+00:00,9.319,9.336,9.318,9.336,4674.58,1779342899999,43604.77268000,340,3865.33000000,36055.91523000,0,AVAXUSDT
2026-05-21 05:55:00+00:00,9.336,9.347,9.334,9.347,921.53,1779343199999,8608.43922000,237,797.86000000,7453.10295000,0,AVAXUSDT
2026-05-21 06:00:00+00:00,9.347,9.353,9.344,9.351,3888.46,1779343499999,36358.62108000,366,2755.76000000,25768.26426000,0,AVAXUSDT
2026-05-21 06:05:00+00:00,9.35,9.359,9.343,9.344,3237.82,1779343799999,30281.44415000,292,1880.87000000,17594.16165000,0,AVAXUSDT
2026-05-21 06:10:00+00:00,9.345,9.357,9.345,9.357,1126.81,1779344099999,10537.93990000,204,703.63000000,6580.34385000,0,AVAXUSDT
2026-05-21 06:15:00+00:00,9.358,9.364,9.352,9.356,5255.79,1779344399999,49181.87964000,283,3051.70000000,28555.43950000,0,AVAXUSDT
2026-05-21 06:20:00+00:00,9.357,9.379,9.357,9.369,9696.81,1779344699999,90865.76316000,568,7343.68000000,68811.58803000,0,AVAXUSDT
2026-05-21 06:25:00+00:00,9.369,9.375,9.363,9.375,5379.03,1779344999999,50389.70142000,407,4655.29000000,43607.68341000,0,AVAXUSDT
2026-05-21 06:30:00+00:00,9.374,9.386,9.372,9.382,10996.25,1779345299999,103148.35368000,504,8830.51000000,82833.44517000,0,AVAXUSDT
2026-05-21 06:35:00+00:00,9.382,9.382,9.366,9.366,2256.5,1779345599999,21157.84848000,303,733.98000000,6883.17162000,0,AVAXUSDT
2026-05-21 06:40:00+00:00,9.365,9.4,9.357,9.381,68803.09,1779345899999,645497.29497000,1574,56082.05000000,526197.73137000,0,AVAXUSDT
2026-05-21 06:45:00+00:00,9.381,9.42,9.37,9.389,304426.91,1779346199999,2861308.91299000,9308,228377.39000000,2146963.38380000,0,AVAXUSDT
2026-05-21 06:50:00+00:00,9.389,9.413,9.387,9.403,22225.53,1779346499999,208895.11037000,1097,19323.31000000,181626.97481000,0,AVAXUSDT
2026-05-21 06:55:00+00:00,9.402,9.402,9.388,9.389,2648.15,1779346799999,24874.51756000,913,934.67000000,8778.73831000,0,AVAXUSDT
2026-05-21 07:00:00+00:00,9.39,9.407,9.383,9.384,11459.14,1779347099999,107633.80985000,1190,7309.85000000,68659.63679000,0,AVAXUSDT
2026-05-21 07:05:00+00:00,9.385,9.404,9.385,9.393,13034.48,1779347399999,122470.37513000,1289,8697.83000000,81731.14944000,0,AVAXUSDT
2026-05-21 07:10:00+00:00,9.393,9.397,9.39,9.392,7630.87,1779347699999,71694.56716000,595,4436.62000000,41687.41796000,0,AVAXUSDT
2026-05-21 07:15:00+00:00,9.392,9.396,9.382,9.382,5677.22,1779347999999,53313.64702000,550,2823.73000000,26524.94842000,0,AVAXUSDT
2026-05-21 07:20:00+00:00,9.381,9.383,9.378,9.378,5289.01,1779348299999,49616.59086000,217,3342.68000000,31360.52373000,0,AVAXUSDT
2026-05-21 07:25:00+00:00,9.377,9.389,9.375,9.388,8796.63,1779348599999,82534.64438000,349,5920.74000000,55547.42344000,0,AVAXUSDT
2026-05-21 07:30:00+00:00,9.389,9.412,9.389,9.407,12784.84,1779348899999,120207.52557000,646,11189.83000000,105201.62004000,0,AVAXUSDT
2026-05-21 07:35:00+00:00,9.407,9.437,9.407,9.437,10074.8,1779349199999,94898.17514000,1195,8567.76000000,80702.88004000,0,AVAXUSDT
2026-05-21 07:40:00+00:00,9.437,9.44,9.431,9.44,9055.51,1779349499999,85443.12307000,1142,4932.23000000,46538.50825000,0,AVAXUSDT
2026-05-21 07:45:00+00:00,9.439,9.446,9.436,9.438,9851.37,1779349799999,93013.08556000,797,7741.56000000,73096.25110000,0,AVAXUSDT
2026-05-21 07:50:00+00:00,9.437,9.462,9.435,9.459,30488.78,1779350099999,287992.31560000,1012,20082.73000000,189748.36762000,0,AVAXUSDT
2026-05-21 07:55:00+00:00,9.459,9.485,9.459,9.471,14268.06,1779350399999,135132.96677000,872,6228.60000000,59011.94469000,0,AVAXUSDT
2026-05-21 08:00:00+00:00,9.472,9.481,9.469,9.48,18334.41,1779350699999,173742.59216000,787,14203.80000000,134599.78174000,0,AVAXUSDT
2026-05-21 08:05:00+00:00,9.48,9.498,9.472,9.488,15339.83,1779350999999,145448.20894000,773,7070.15000000,67055.62434000,0,AVAXUSDT
2026-05-21 08:10:00+00:00,9.488,9.497,9.485,9.497,12770.98,1779351299999,121201.20385000,776,9657.09000000,91654.78433000,0,AVAXUSDT
2026-05-21 08:15:00+00:00,9.497,9.517,9.492,9.495,18522.02,1779351599999,176077.81406000,1875,7113.89000000,67633.03628000,0,AVAXUSDT
2026-05-21 08:20:00+00:00,9.495,9.499,9.487,9.492,12162.21,1779351899999,115452.09242000,1053,5769.66000000,54780.87177000,0,AVAXUSDT
2026-05-21 08:25:00+00:00,9.491,9.499,9.479,9.499,13989.34,1779352199999,132778.13545000,1239,10000.45000000,94931.54984000,0,AVAXUSDT
2026-05-21 08:30:00+00:00,9.499,9.503,9.491,9.5,9096.57,1779352499999,86386.12143000,1382,5509.03000000,52312.95246000,0,AVAXUSDT
2026-05-21 08:35:00+00:00,9.501,9.501,9.467,9.474,6342.88,1779352799999,60158.84217000,972,1652.31000000,15670.80453000,0,AVAXUSDT
2026-05-21 08:40:00+00:00,9.475,9.483,9.474,9.483,11081.12,1779353099999,105053.44984000,739,8401.16000000,79656.37682000,0,AVAXUSDT
2026-05-21 08:45:00+00:00,9.482,9.482,9.41,9.429,136087.18,1779353399999,1283643.65233000,2703,16260.46000000,153567.00813000,0,AVAXUSDT
2026-05-21 08:50:00+00:00,9.429,9.432,9.379,9.407,265489.33,1779353699999,2496035.27225000,6077,67764.47000000,637233.87545000,0,AVAXUSDT
2026-05-21 08:55:00+00:00,9.407,9.416,9.406,9.411,9898.62,1779353999999,93158.59317000,1969,5157.29000000,48537.07307000,0,AVAXUSDT
2026-05-21 09:00:00+00:00,9.411,9.411,9.394,9.408,13306.71,1779354299999,125115.91116000,1231,7499.70000000,70520.08465000,0,AVAXUSDT
2026-05-21 09:05:00+00:00,9.408,9.42,9.406,9.41,11555.82,1779354599999,108775.97049000,2031,6546.71000000,61626.89916000,0,AVAXUSDT
2026-05-21 09:10:00+00:00,9.411,9.429,9.411,9.426,5829.39,1779354899999,54938.45935000,1034,4912.69000000,46298.21822000,0,AVAXUSDT
2026-05-21 09:15:00+00:00,9.426,9.438,9.426,9.429,3824.66,1779355199999,36077.42635000,1935,3195.49000000,30142.36985000,0,AVAXUSDT
2026-05-21 09:20:00+00:00,9.43,9.45,9.43,9.443,6863.6,1779355499999,64804.94560000,996,6384.84000000,60282.44481000,0,AVAXUSDT
2026-05-21 09:25:00+00:00,9.443,9.446,9.439,9.442,3606.34,1779355799999,34055.09310000,705,3198.58000000,30204.61179000,0,AVAXUSDT
2026-05-21 09:30:00+00:00,9.441,9.446,9.405,9.409,12140.21,1779356099999,114439.37234000,1099,2814.97000000,26555.45110000,0,AVAXUSDT
2026-05-21 09:35:00+00:00,9.409,9.417,9.387,9.39,6715.71,1779356399999,63118.73169000,881,1220.85000000,11480.82367000,0,AVAXUSDT
2026-05-21 09:40:00+00:00,9.391,9.411,9.391,9.411,7257.02,1779356699999,68223.25326000,739,3265.57000000,30695.24177000,0,AVAXUSDT
2026-05-21 09:45:00+00:00,9.411,9.411,9.391,9.391,2199.1,1779356999999,20685.70991000,197,1070.03000000,10065.98164000,0,AVAXUSDT
2026-05-21 09:50:00+00:00,9.391,9.393,9.378,9.381,4127.12,1779357299999,38720.96716000,428,610.56000000,5729.42877000,0,AVAXUSDT
2026-05-21 09:55:00+00:00,9.381,9.391,9.378,9.378,1335.06,1779357599999,12530.24296000,397,1063.29000000,9979.44012000,0,AVAXUSDT
2026-05-21 10:00:00+00:00,9.378,9.384,9.37,9.382,2919.58,1779357899999,27381.81211000,455,2344.83000000,21991.56768000,0,AVAXUSDT
2026-05-21 10:05:00+00:00,9.381,9.381,9.375,9.378,1472.66,1779358199999,13811.33867000,470,779.66000000,7312.16516000,0,AVAXUSDT
2026-05-21 10:10:00+00:00,9.379,9.384,9.37,9.374,5898.97,1779358499999,55308.45367000,526,1274.40000000,11953.08446000,0,AVAXUSDT
2026-05-21 10:15:00+00:00,9.375,9.38,9.369,9.38,6259.43,1779358799999,58666.55524000,473,4083.65000000,38273.32820000,0,AVAXUSDT
2026-05-21 10:20:00+00:00,9.379,9.38,9.37,9.375,948.75,1779359099999,8892.80127000,436,481.39000000,4512.07994000,0,AVAXUSDT
2026-05-21 10:25:00+00:00,9.375,9.376,9.284,9.317,44025.79,1779359399999,410438.72494000,4444,12551.24000000,117019.29032000,0,AVAXUSDT
2026-05-21 10:30:00+00:00,9.317,9.325,9.3,9.322,21549.74,1779359699999,200572.95861000,1981,7294.38000000,67909.22255000,0,AVAXUSDT
2026-05-21 10:35:00+00:00,9.322,9.338,9.311,9.311,9893.53,1779359999999,92281.07286000,2123,3014.22000000,28135.27156000,0,AVAXUSDT
2026-05-21 10:40:00+00:00,9.311,9.33,9.31,9.327,5396.24,1779360299999,50295.57601000,927,3277.16000000,30535.59592000,0,AVAXUSDT
2026-05-21 10:45:00+00:00,9.326,9.329,9.317,9.323,1978.35,1779360599999,18443.92263000,988,1077.98000000,10049.96904000,0,AVAXUSDT
2026-05-21 10:50:00+00:00,9.324,9.326,9.309,9.326,7842.48,1779360899999,73064.64248000,864,4227.47000000,39387.83440000,0,AVAXUSDT
2026-05-21 10:55:00+00:00,9.327,9.329,9.315,9.323,3482.25,1779361199999,32456.50418000,607,541.62000000,5049.62324000,0,AVAXUSDT
2026-05-21 11:00:00+00:00,9.323,9.328,9.309,9.321,9454.28,1779361499999,88072.17012000,1053,1381.72000000,12873.11336000,0,AVAXUSDT
2026-05-21 11:05:00+00:00,9.32,9.324,9.313,9.322,2423.7,1779361799999,22581.47795000,597,761.65000000,7096.22381000,0,AVAXUSDT
2026-05-21 11:10:00+00:00,9.321,9.333,9.321,9.331,1370.2,1779362099999,12780.95144000,359,969.99000000,9047.16075000,0,AVAXUSDT
2026-05-21 11:15:00+00:00,9.331,9.341,9.329,9.329,2685.57,1779362399999,25072.97398000,506,2243.24000000,20945.01855000,0,AVAXUSDT
2026-05-21 11:20:00+00:00,9.328,9.337,9.318,9.322,6020.36,1779362699999,56158.58660000,928,2740.98000000,25579.56883000,0,AVAXUSDT
2026-05-21 11:25:00+00:00,9.322,9.329,9.321,9.329,1667.21,1779362999999,15548.78168000,218,1558.30000000,14533.24322000,0,AVAXUSDT
2026-05-21 11:30:00+00:00,9.328,9.336,9.323,9.324,3288.62,1779363299999,30692.48473000,518,2643.72000000,24675.74026000,0,AVAXUSDT
2026-05-21 11:35:00+00:00,9.323,9.325,9.313,9.321,3275.73,1779363599999,30522.55854000,431,1014.25000000,9450.45066000,0,AVAXUSDT
2026-05-21 11:40:00+00:00,9.321,9.324,9.3,9.304,6192.31,1779363899999,57669.44779000,898,525.56000000,4893.15866000,0,AVAXUSDT
2026-05-21 11:45:00+00:00,9.304,9.31,9.302,9.308,2097.98,1779364199999,19521.10101000,394,355.70000000,3310.07646000,0,AVAXUSDT
2026-05-21 11:50:00+00:00,9.309,9.314,9.304,9.31,1188.18,1779364499999,11061.71836000,322,452.89000000,4216.14004000,0,AVAXUSDT
2026-05-21 11:55:00+00:00,9.31,9.31,9.296,9.296,10461.29,1779364799999,97297.94691000,653,574.39000000,5343.34788000,0,AVAXUSDT
2026-05-21 12:00:00+00:00,9.297,9.31,9.29,9.31,19418.19,1779365099999,180566.59702000,794,15016.98000000,139653.73460000,0,AVAXUSDT
2026-05-21 12:05:00+00:00,9.31,9.311,9.296,9.303,2580.15,1779365399999,24001.66397000,742,1085.68000000,10096.57501000,0,AVAXUSDT
2026-05-21 12:10:00+00:00,9.303,9.303,9.29,9.296,2675.8,1779365699999,24871.34957000,653,377.58000000,3509.53657000,0,AVAXUSDT
2026-05-21 12:15:00+00:00,9.296,9.301,9.293,9.297,1896.07,1779365999999,17627.13964000,704,1443.05000000,13415.61393000,0,AVAXUSDT
2026-05-21 12:20:00+00:00,9.297,9.297,9.284,9.291,5935.51,1779366299999,55145.55074000,624,330.02000000,3065.68325000,0,AVAXUSDT
2026-05-21 12:25:00+00:00,9.29,9.294,9.275,9.28,6880.48,1779366599999,63849.72649000,654,2367.74000000,21970.28781000,0,AVAXUSDT
2026-05-21 12:30:00+00:00,9.281,9.315,9.263,9.312,21397.72,1779366899999,198667.55805000,2913,12725.51000000,118181.14506000,0,AVAXUSDT
2026-05-21 12:35:00+00:00,9.312,9.325,9.305,9.325,4982.66,1779367199999,46412.26547000,1703,2772.54000000,25825.47861000,0,AVAXUSDT
2026-05-21 12:40:00+00:00,9.325,9.325,9.312,9.317,1607.64,1779367499999,14979.06963000,542,515.90000000,4806.63734000,0,AVAXUSDT
2026-05-21 12:45:00+00:00,9.316,9.326,9.316,9.32,1060.32,1779367799999,9884.90141000,546,485.99000000,4530.26104000,0,AVAXUSDT
2026-05-21 12:50:00+00:00,9.32,9.32,9.307,9.315,1958.99,1779368099999,18246.03293000,448,1269.53000000,11825.23449000,0,AVAXUSDT
2026-05-21 12:55:00+00:00,9.315,9.319,9.306,9.307,1566.66,1779368399999,14591.07516000,575,855.86000000,7971.55176000,0,AVAXUSDT
2026-05-21 13:00:00+00:00,9.307,9.33,9.304,9.321,2173.92,1779368699999,20261.63196000,787,862.42000000,8038.76361000,0,AVAXUSDT
2026-05-21 13:05:00+00:00,9.321,9.333,9.321,9.326,4765.9,1779368999999,44446.53925000,715,2202.30000000,20544.84107000,0,AVAXUSDT
2026-05-21 13:10:00+00:00,9.325,9.329,9.322,9.327,1077.28,1779369299999,10044.68232000,327,274.88000000,2563.37732000,0,AVAXUSDT
2026-05-21 13:15:00+00:00,9.326,9.326,9.313,9.317,1597.94,1779369599999,14892.30898000,703,679.91000000,6335.87226000,0,AVAXUSDT
2026-05-21 13:20:00+00:00,9.317,9.334,9.316,9.329,1294.07,1779369899999,12066.48894000,516,832.94000000,7766.60112000,0,AVAXUSDT
2026-05-21 13:25:00+00:00,9.33,9.341,9.329,9.341,5092.11,1779370199999,47528.74454000,476,4836.98000000,45147.69231000,0,AVAXUSDT
2026-05-21 13:30:00+00:00,9.342,9.344,9.296,9.314,8291.68,1779370499999,77273.41953000,2225,3391.75000000,31594.72706000,0,AVAXUSDT
2026-05-21 13:35:00+00:00,9.314,9.314,9.269,9.273,28413.44,1779370799999,263790.34486000,3086,4706.16000000,43712.57869000,0,AVAXUSDT
2026-05-21 13:40:00+00:00,9.273,9.287,9.25,9.257,15790.07,1779371099999,146374.37499000,1974,3041.24000000,28211.17554000,0,AVAXUSDT
2026-05-21 13:45:00+00:00,9.258,9.289,9.258,9.274,9425.75,1779371399999,87427.80329000,2815,4020.56000000,37279.57261000,0,AVAXUSDT
2026-05-21 13:50:00+00:00,9.274,9.331,9.272,9.327,9917.12,1779371699999,92266.63146000,2859,7079.71000000,65878.44201000,0,AVAXUSDT
2026-05-21 13:55:00+00:00,9.328,9.35,9.321,9.33,7594.01,1779371999999,70886.85670000,1606,5242.99000000,48935.01202000,0,AVAXUSDT
2026-05-21 14:00:00+00:00,9.329,9.365,9.329,9.355,14854.54,1779372299999,138942.16097000,1874,12129.67000000,113460.69371000,0,AVAXUSDT
2026-05-21 14:05:00+00:00,9.355,9.356,9.324,9.35,9995.41,1779372599999,93306.09633000,1554,2689.56000000,25111.02874000,0,AVAXUSDT
2026-05-21 14:10:00+00:00,9.35,9.352,9.334,9.341,6619.51,1779372899999,61846.53130000,849,3381.65000000,31596.04704000,0,AVAXUSDT
2026-05-21 14:15:00+00:00,9.341,9.341,9.311,9.311,7438.69,1779373199999,69359.45058000,1518,3251.90000000,30316.87350000,0,AVAXUSDT
2026-05-21 14:20:00+00:00,9.31,9.318,9.292,9.315,9973.98,1779373499999,92808.33507000,1562,6134.67000000,57093.24650000,0,AVAXUSDT
2026-05-21 14:25:00+00:00,9.315,9.331,9.315,9.331,5015.4,1779373799999,46755.43633000,1013,2705.41000000,25221.79539000,0,AVAXUSDT
2026-05-21 14:30:00+00:00,9.332,9.356,9.332,9.35,4688.91,1779374099999,43835.46343000,1197,3417.63000000,31950.33571000,0,AVAXUSDT
2026-05-21 14:35:00+00:00,9.35,9.378,9.35,9.35,12835.04,1779374399999,120221.67155000,1355,9518.49000000,89164.31686000,0,AVAXUSDT
2026-05-21 14:40:00+00:00,9.35,9.354,9.312,9.32,4947.46,1779374699999,46166.65560000,1565,2127.37000000,19852.11027000,0,AVAXUSDT
2026-05-21 14:45:00+00:00,9.32,9.324,9.302,9.307,5543.48,1779374999999,51622.32119000,1312,1027.27000000,9567.65922000,0,AVAXUSDT
2026-05-21 14:50:00+00:00,9.308,9.321,9.296,9.321,4747.63,1779375299999,44173.43137000,1057,2194.09000000,20421.13183000,0,AVAXUSDT
2026-05-21 14:55:00+00:00,9.321,9.326,9.312,9.316,1792.58,1779375599999,16703.01084000,691,784.31000000,7308.77696000,0,AVAXUSDT
2026-05-21 15:00:00+00:00,9.315,9.317,9.306,9.315,4649.95,1779375899999,43297.34044000,857,1765.97000000,16447.72333000,0,AVAXUSDT
2026-05-21 15:05:00+00:00,9.315,9.315,9.295,9.306,4227.99,1779376199999,39326.80273000,976,1729.66000000,16088.34973000,0,AVAXUSDT
2026-05-21 15:10:00+00:00,9.306,9.365,9.302,9.352,15521.27,1779376499999,145117.34004000,1639,13280.21000000,124174.04876000,0,AVAXUSDT
2026-05-21 15:15:00+00:00,9.352,9.386,9.351,9.375,13401.67,1779376799999,125564.97510000,2032,9084.25000000,85131.72861000,0,AVAXUSDT
2026-05-21 15:20:00+00:00,9.374,9.401,9.37,9.384,10944.08,1779377099999,102791.69383000,1620,7424.46000000,69741.80139000,0,AVAXUSDT
2026-05-21 15:25:00+00:00,9.383,9.405,9.382,9.399,7791.11,1779377399999,73219.60926000,1301,6614.97000000,62170.14318000,0,AVAXUSDT
2026-05-21 15:30:00+00:00,9.399,9.404,9.352,9.355,10202.85,1779377699999,95696.41949000,1677,2494.21000000,23413.96367000,0,AVAXUSDT
2026-05-21 15:35:00+00:00,9.356,9.374,9.354,9.374,6856.0,1779377999999,64210.24014000,1075,4420.40000000,41404.61402000,0,AVAXUSDT
2026-05-21 15:40:00+00:00,9.373,9.378,9.364,9.365,2270.27,1779378299999,21278.60632000,828,1140.13000000,10688.11981000,0,AVAXUSDT
2026-05-21 15:45:00+00:00,9.365,9.402,9.365,9.387,4610.07,1779378599999,43268.91299000,1539,3166.97000000,29721.99536000,0,AVAXUSDT
2026-05-21 15:50:00+00:00,9.388,9.392,9.368,9.368,2933.08,1779378899999,27505.94685000,970,602.14000000,5650.01049000,0,AVAXUSDT
2026-05-21 15:55:00+00:00,9.368,9.379,9.368,9.376,1763.73,1779379199999,16533.23349000,446,677.62000000,6351.60343000,0,AVAXUSDT
2026-05-21 16:00:00+00:00,9.377,9.394,9.377,9.377,3665.8,1779379499999,34400.32912000,1018,2477.68000000,23252.01353000,0,AVAXUSDT
2026-05-21 16:05:00+00:00,9.376,9.384,9.368,9.384,2475.99,1779379799999,23212.07226000,560,1394.49000000,13070.35271000,0,AVAXUSDT
2026-05-21 16:10:00+00:00,9.384,9.388,9.357,9.368,7397.96,1779380099999,69327.54851000,1140,1335.56000000,12517.28698000,0,AVAXUSDT
2026-05-21 16:15:00+00:00,9.369,9.372,9.342,9.346,4899.38,1779380399999,45814.51308000,1054,1156.91000000,10824.02766000,0,AVAXUSDT
2026-05-21 16:20:00+00:00,9.346,9.349,9.33,9.337,4522.06,1779380699999,42219.15142000,721,1396.89000000,13043.86086000,0,AVAXUSDT
2026-05-21 16:25:00+00:00,9.337,9.35,9.333,9.349,3873.88,1779380999999,36202.83173000,738,2679.73000000,25043.49077000,0,AVAXUSDT
2026-05-21 16:30:00+00:00,9.349,9.381,9.349,9.37,4018.54,1779381299999,37642.07454000,929,1672.33000000,15650.56071000,0,AVAXUSDT
2026-05-21 16:35:00+00:00,9.369,9.369,9.344,9.352,4995.62,1779381599999,46724.10287000,981,1675.45000000,15672.19621000,0,AVAXUSDT
2026-05-21 16:40:00+00:00,9.351,9.353,9.344,9.347,1320.18,1779381899999,12342.52616000,621,456.57000000,4268.29970000,0,AVAXUSDT
2026-05-21 16:45:00+00:00,9.348,9.352,9.298,9.321,51000.35,1779382199999,474930.64789000,1420,5552.40000000,51746.95845000,0,AVAXUSDT
2026-05-21 16:50:00+00:00,9.321,9.328,9.306,9.323,7038.45,1779382499999,65577.37254000,1044,3066.94000000,28577.41341000,0,AVAXUSDT
2026-05-21 16:55:00+00:00,9.324,9.332,9.324,9.332,759.88,1779382799999,7087.40916000,213,421.60000000,3932.39682000,0,AVAXUSDT
2026-05-21 17:00:00+00:00,9.333,9.351,9.333,9.339,5530.54,1779383099999,51662.31935000,720,1496.05000000,13975.23272000,0,AVAXUSDT
2026-05-21 17:05:00+00:00,9.34,9.341,9.334,9.337,630.84,1779383399999,5890.27759000,359,175.67000000,1640.35869000,0,AVAXUSDT
2026-05-21 17:10:00+00:00,9.337,9.404,9.337,9.394,20930.36,1779383699999,196300.20132000,3514,15263.55000000,143133.88168000,0,AVAXUSDT
2026-05-21 17:15:00+00:00,9.394,9.446,9.391,9.438,18945.39,1779383999999,178528.82186000,3601,12579.93000000,118543.32725000,0,AVAXUSDT
2026-05-21 17:20:00+00:00,9.438,9.491,9.417,9.485,55764.66,1779384299999,527458.15952000,5060,42176.99000000,399051.46650000,0,AVAXUSDT
2026-05-21 17:25:00+00:00,9.484,9.502,9.483,9.494,21255.45,1779384599999,201801.47226000,2654,10820.29000000,102757.20266000,0,AVAXUSDT
2026-05-21 17:30:00+00:00,9.495,9.499,9.468,9.489,25560.74,1779384899999,242486.70606000,2515,14162.82000000,134373.17303000,0,AVAXUSDT
2026-05-21 17:35:00+00:00,9.49,9.495,9.48,9.483,3672.71,1779385199999,34836.26579000,942,1271.02000000,12056.24281000,0,AVAXUSDT
2026-05-21 17:40:00+00:00,9.483,9.49,9.477,9.485,9599.56,1779385499999,91033.29312000,1128,5413.50000000,51342.07247000,0,AVAXUSDT
2026-05-21 17:45:00+00:00,9.486,9.49,9.472,9.484,14001.52,1779385799999,132737.02193000,1304,9657.80000000,91564.12311000,0,AVAXUSDT
2026-05-21 17:50:00+00:00,9.484,9.506,9.475,9.498,26676.02,1779386099999,253211.11036000,2252,14944.79000000,141845.17967000,0,AVAXUSDT
2026-05-21 17:55:00+00:00,9.498,9.516,9.476,9.478,13933.38,1779386399999,132259.80788000,1391,3580.02000000,34014.28418000,0,AVAXUSDT
2026-05-21 18:00:00+00:00,9.478,9.5,9.453,9.462,66374.88,1779386699999,629005.59008000,3746,34385.13000000,326102.32272000,0,AVAXUSDT
2026-05-21 18:05:00+00:00,9.461,9.48,9.447,9.477,12144.62,1779386999999,114920.26797000,1867,6637.89000000,62844.99765000,0,AVAXUSDT
2026-05-21 18:10:00+00:00,9.478,9.484,9.467,9.474,16342.02,1779387299999,154855.66948000,1529,11485.42000000,108848.28207000,0,AVAXUSDT
2026-05-21 18:15:00+00:00,9.475,9.495,9.458,9.494,17776.9,1779387599999,168467.39857000,2110,9764.19000000,92588.90712000,0,AVAXUSDT
2026-05-21 18:20:00+00:00,9.494,9.504,9.487,9.503,13516.67,1779387899999,128334.58813000,1219,8713.58000000,82746.44866000,0,AVAXUSDT
2026-05-21 18:25:00+00:00,9.503,9.509,9.499,9.499,10259.83,1779388199999,97503.01386000,1041,4876.01000000,46342.86200000,0,AVAXUSDT
2026-05-21 18:30:00+00:00,9.498,9.505,9.493,9.497,14292.09,1779388499999,135783.09075000,1450,8741.10000000,83042.70707000,0,AVAXUSDT
2026-05-21 18:35:00+00:00,9.497,9.502,9.491,9.497,5460.32,1779388799999,51864.91873000,909,4111.97000000,39060.05872000,0,AVAXUSDT
2026-05-21 18:40:00+00:00,9.496,9.51,9.494,9.504,5757.16,1779389099999,54698.90221000,862,4773.50000000,45349.09925000,0,AVAXUSDT
2026-05-21 18:45:00+00:00,9.504,9.508,9.454,9.458,16068.51,1779389399999,152225.57721000,2826,5876.47000000,55649.16534000,0,AVAXUSDT
2026-05-21 18:50:00+00:00,9.457,9.469,9.42,9.42,20502.68,1779389699999,193668.59942000,3820,6997.09000000,66111.90816000,0,AVAXUSDT
2026-05-21 18:55:00+00:00,9.42,9.454,9.414,9.454,9742.09,1779389999999,91868.61587000,2219,5448.33000000,51388.84543000,0,AVAXUSDT
2026-05-21 19:00:00+00:00,9.454,9.467,9.452,9.457,9547.22,1779390299999,90309.21913000,1252,7193.73000000,68050.89187000,0,AVAXUSDT
2026-05-21 19:05:00+00:00,9.458,9.471,9.451,9.469,7453.2,1779390599999,70514.46678000,1092,4380.37000000,41454.84339000,0,AVAXUSDT
2026-05-21 19:10:00+00:00,9.469,9.477,9.464,9.464,7396.51,1779390899999,70050.08244000,738,3901.38000000,36950.34964000,0,AVAXUSDT
2026-05-21 19:15:00+00:00,9.464,9.469,9.458,9.468,2158.58,1779391199999,20431.84444000,725,1086.47000000,10284.19740000,0,AVAXUSDT
2026-05-21 19:20:00+00:00,9.469,9.469,9.457,9.457,878.2,1779391499999,8309.99683000,550,131.87000000,1247.87300000,0,AVAXUSDT
2026-05-21 19:25:00+00:00,9.458,9.461,9.447,9.452,3781.28,1779391799999,35755.14847000,652,583.43000000,5517.26615000,0,AVAXUSDT
2026-05-21 19:30:00+00:00,9.452,9.46,9.452,9.459,1630.3,1779392099999,15416.69092000,410,925.51000000,8751.98451000,0,AVAXUSDT
2026-05-21 19:35:00+00:00,9.46,9.473,9.46,9.464,6307.75,1779392399999,59715.58905000,494,5449.54000000,51588.65982000,0,AVAXUSDT
2026-05-21 19:40:00+00:00,9.465,9.469,9.455,9.462,11650.06,1779392699999,110206.81935000,618,2583.11000000,24435.23114000,0,AVAXUSDT
2026-05-21 19:45:00+00:00,9.462,9.478,9.461,9.474,5262.47,1779392999999,49852.92728000,633,4517.57000000,42798.05871000,0,AVAXUSDT
2026-05-21 19:50:00+00:00,9.474,9.499,9.474,9.486,10015.68,1779393299999,94999.66926000,1374,8144.29000000,77246.60627000,0,AVAXUSDT
2026-05-21 19:55:00+00:00,9.486,9.508,9.481,9.493,14150.85,1779393599999,134391.75882000,1042,12086.66000000,114786.27134000,0,AVAXUSDT
2026-05-21 20:00:00+00:00,9.493,9.5,9.49,9.49,10097.81,1779393899999,95871.61584000,714,4202.63000000,39896.70998000,0,AVAXUSDT
2026-05-21 20:05:00+00:00,9.489,9.505,9.486,9.503,8264.36,1779394199999,78499.04296000,1172,7267.46000000,69028.66569000,0,AVAXUSDT
2026-05-21 20:10:00+00:00,9.502,9.502,9.484,9.491,5304.6,1779394499999,50339.13930000,545,2717.55000000,25787.81266000,0,AVAXUSDT
2026-05-21 20:15:00+00:00,9.491,9.495,9.479,9.485,3101.64,1779394799999,29425.64384000,521,874.81000000,8301.69022000,0,AVAXUSDT
2026-05-21 20:20:00+00:00,9.484,9.488,9.481,9.488,597.36,1779395099999,5665.68075000,321,255.73000000,2425.74269000,0,AVAXUSDT
2026-05-21 20:25:00+00:00,9.488,9.493,9.475,9.478,3518.39,1779395399999,33349.28250000,648,2312.59000000,21917.28352000,0,AVAXUSDT
2026-05-21 20:30:00+00:00,9.478,9.479,9.473,9.474,3851.27,1779395699999,36492.42718000,370,1084.15000000,10273.49063000,0,AVAXUSDT
2026-05-21 20:35:00+00:00,9.475,9.479,9.457,9.457,3732.48,1779395999999,35341.50042000,651,1299.32000000,12307.66954000,0,AVAXUSDT
2026-05-21 20:40:00+00:00,9.458,9.478,9.458,9.478,4026.88,1779396299999,38130.12728000,409,2334.30000000,22100.19235000,0,AVAXUSDT
2026-05-21 20:45:00+00:00,9.478,9.502,9.478,9.495,14855.19,1779396599999,140997.31481000,914,13263.11000000,125877.37068000,0,AVAXUSDT
2026-05-21 20:50:00+00:00,9.495,9.495,9.476,9.482,7255.45,1779396899999,68797.10926000,765,3019.63000000,28629.79418000,0,AVAXUSDT
2026-05-21 20:55:00+00:00,9.481,9.485,9.48,9.481,1846.02,1779397199999,17506.01823000,272,512.07000000,4856.74568000,0,AVAXUSDT
2026-05-21 21:00:00+00:00,9.482,9.492,9.482,9.483,4066.49,1779397499999,38577.16597000,498,1153.69000000,10945.52496000,0,AVAXUSDT
2026-05-21 21:05:00+00:00,9.484,9.491,9.484,9.491,2586.87,1779397799999,24543.10554000,386,1058.52000000,10043.70871000,0,AVAXUSDT
2026-05-21 21:10:00+00:00,9.491,9.498,9.486,9.489,11211.47,1779398099999,106431.38179000,790,7844.02000000,74469.70263000,0,AVAXUSDT
2026-05-21 21:15:00+00:00,9.489,9.494,9.484,9.492,2557.66,1779398399999,24270.07351000,420,1806.12000000,17139.45011000,0,AVAXUSDT
2026-05-21 21:20:00+00:00,9.491,9.499,9.49,9.498,4641.78,1779398699999,44078.22322000,356,4288.94000000,40727.76789000,0,AVAXUSDT
2026-05-21 21:25:00+00:00,9.498,9.502,9.494,9.494,4296.05,1779398999999,40805.06431000,501,3033.37000000,28811.32912000,0,AVAXUSDT
2026-05-21 21:30:00+00:00,9.495,9.502,9.483,9.495,12713.89,1779399299999,120703.26218000,942,8618.21000000,81814.87649000,0,AVAXUSDT
2026-05-21 21:35:00+00:00,9.494,9.499,9.49,9.49,2088.42,1779399599999,19830.45020000,405,1429.66000000,13574.96405000,0,AVAXUSDT
2026-05-21 21:40:00+00:00,9.489,9.489,9.477,9.477,4033.31,1779399899999,38246.64982000,470,525.25000000,4980.81108000,0,AVAXUSDT
2026-05-21 21:45:00+00:00,9.478,9.482,9.468,9.475,3520.85,1779400199999,33355.24509000,539,1393.14000000,13200.50107000,0,AVAXUSDT
2026-05-21 21:50:00+00:00,9.475,9.483,9.474,9.479,551.08,1779400499999,5223.91117000,350,195.03000000,1848.68275000,0,AVAXUSDT
2026-05-21 21:55:00+00:00,9.479,9.479,9.464,9.47,1429.24,1779400799999,13536.62879000,545,543.57000000,5147.29072000,0,AVAXUSDT
2026-05-21 22:00:00+00:00,9.471,9.484,9.448,9.474,8335.25,1779401099999,78897.44215000,1841,5186.24000000,49107.01927000,0,AVAXUSDT
2026-05-21 22:05:00+00:00,9.474,9.48,9.468,9.476,3652.38,1779401399999,34604.68608000,472,2761.29000000,26163.50044000,0,AVAXUSDT
2026-05-21 22:10:00+00:00,9.475,9.478,9.468,9.478,1088.03,1779401699999,10306.81693000,609,377.18000000,3573.21806000,0,AVAXUSDT
2026-05-21 22:15:00+00:00,9.477,9.478,9.469,9.475,2407.39,1779401999999,22802.36175000,394,292.79000000,2773.62385000,0,AVAXUSDT
2026-05-21 22:20:00+00:00,9.476,9.478,9.472,9.478,1028.71,1779402299999,9746.76355000,403,447.14000000,4236.69511000,0,AVAXUSDT
2026-05-21 22:25:00+00:00,9.478,9.484,9.478,9.483,2899.48,1779402599999,27490.27565000,242,2492.05000000,23627.44848000,0,AVAXUSDT
2026-05-21 22:30:00+00:00,9.482,9.483,9.461,9.461,1885.82,1779402899999,17866.30749000,500,210.59000000,1996.81388000,0,AVAXUSDT
2026-05-21 22:35:00+00:00,9.461,9.465,9.448,9.448,5164.15,1779403199999,48855.91108000,668,3177.93000000,30070.11470000,0,AVAXUSDT
2026-05-21 22:40:00+00:00,9.448,9.468,9.448,9.461,4477.94,1779403499999,42361.17795000,576,3857.14000000,36486.60130000,0,AVAXUSDT
2026-05-21 22:45:00+00:00,9.462,9.467,9.459,9.459,7247.31,1779403799999,68573.16700000,703,4431.95000000,41935.03884000,0,AVAXUSDT
2026-05-21 22:50:00+00:00,9.459,9.462,9.454,9.459,3589.49,1779404099999,33953.09387000,686,2891.82000000,27355.25130000,0,AVAXUSDT
2026-05-21 22:55:00+00:00,9.459,9.46,9.453,9.454,821.67,1779404399999,7770.85576000,201,371.93000000,3517.88134000,0,AVAXUSDT
2026-05-21 23:00:00+00:00,9.453,9.465,9.445,9.463,1599.26,1779404699999,15116.86973000,578,1086.83000000,10274.18927000,0,AVAXUSDT
2026-05-21 23:05:00+00:00,9.463,9.468,9.456,9.467,5193.37,1779404999999,49130.46172000,546,967.63000000,9158.15455000,0,AVAXUSDT
2026-05-21 23:10:00+00:00,9.467,9.468,9.439,9.439,3423.76,1779405299999,32364.73297000,1008,371.93000000,3515.11459000,0,AVAXUSDT
2026-05-21 23:15:00+00:00,9.438,9.446,9.428,9.445,6930.03,1779405599999,65413.18229000,745,1882.51000000,17770.65781000,0,AVAXUSDT
2026-05-21 23:20:00+00:00,9.444,9.445,9.437,9.444,11811.37,1779405899999,111515.94027000,657,867.74000000,8191.66483000,0,AVAXUSDT
2026-05-21 23:25:00+00:00,9.445,9.457,9.444,9.45,1864.14,1779406199999,17610.87307000,425,1549.45000000,14636.38667000,0,AVAXUSDT
2026-05-21 23:30:00+00:00,9.45,9.46,9.446,9.455,2315.11,1779406499999,21884.50580000,901,1705.65000000,16124.54855000,0,AVAXUSDT
2026-05-21 23:35:00+00:00,9.456,9.462,9.451,9.459,2195.46,1779406799999,20762.37584000,488,1408.47000000,13319.63672000,0,AVAXUSDT
2026-05-21 23:40:00+00:00,9.46,9.466,9.454,9.457,2595.39,1779407099999,24554.69008000,548,1678.83000000,15881.99354000,0,AVAXUSDT
2026-05-21 23:45:00+00:00,9.458,9.458,9.451,9.457,720.93,1779407399999,6815.79417000,290,331.54000000,3134.80219000,0,AVAXUSDT
2026-05-21 23:50:00+00:00,9.457,9.467,9.452,9.452,5584.65,1779407699999,52818.81092000,666,3154.34000000,29837.46433000,0,AVAXUSDT
2026-05-21 23:55:00+00:00,9.453,9.455,9.443,9.453,4628.79,1779407999999,43735.78192000,472,3674.02000000,34714.09884000,0,AVAXUSDT
2026-05-22 00:00:00+00:00,9.453,9.462,9.449,9.453,4121.06,1779408299999,38960.63923000,1070,2060.47000000,19479.77031000,0,AVAXUSDT
2026-05-22 00:05:00+00:00,9.454,9.457,9.448,9.448,1960.18,1779408599999,18528.38314000,574,795.11000000,7516.69274000,0,AVAXUSDT
2026-05-22 00:10:00+00:00,9.447,9.447,9.431,9.433,2594.96,1779408899999,24488.23377000,804,693.42000000,6546.39411000,0,AVAXUSDT
2026-05-22 00:15:00+00:00,9.432,9.439,9.424,9.426,6205.05,1779409199999,58513.73140000,962,1612.64000000,15210.28463000,0,AVAXUSDT
2026-05-22 00:20:00+00:00,9.425,9.44,9.419,9.427,7819.18,1779409499999,73735.60374000,898,4647.15000000,43830.95001000,0,AVAXUSDT
2026-05-22 00:25:00+00:00,9.427,9.429,9.419,9.419,1148.64,1779409799999,10823.39419000,482,552.14000000,5202.52387000,0,AVAXUSDT
2026-05-22 00:30:00+00:00,9.419,9.436,9.419,9.428,4565.21,1779410099999,43042.93815000,662,2283.90000000,21530.70892000,0,AVAXUSDT
2026-05-22 00:35:00+00:00,9.427,9.435,9.417,9.417,3174.63,1779410399999,29934.36998000,630,2389.29000000,22531.53917000,0,AVAXUSDT
2026-05-22 00:40:00+00:00,9.417,9.422,9.409,9.412,4003.29,1779410699999,37686.07133000,571,703.46000000,6623.53242000,0,AVAXUSDT
2026-05-22 00:45:00+00:00,9.412,9.42,9.402,9.408,2895.61,1779410999999,27240.21594000,528,786.24000000,7399.60922000,0,AVAXUSDT
2026-05-22 00:50:00+00:00,9.409,9.409,9.387,9.39,2497.23,1779411299999,23459.09083000,431,937.17000000,8801.82383000,0,AVAXUSDT
2026-05-22 00:55:00+00:00,9.389,9.401,9.388,9.392,2539.3,1779411599999,23849.98138000,444,1522.68000000,14300.82906000,0,AVAXUSDT
2026-05-22 01:00:00+00:00,9.391,9.399,9.384,9.389,2225.34,1779411899999,20902.86303000,578,677.13000000,6359.41477000,0,AVAXUSDT
2026-05-22 01:05:00+00:00,9.39,9.401,9.39,9.401,1168.86,1779412199999,10979.57740000,327,313.84000000,2948.21356000,0,AVAXUSDT
2026-05-22 01:10:00+00:00,9.4,9.429,9.4,9.429,4147.88,1779412499999,39030.84272000,688,3037.46000000,28583.54278000,0,AVAXUSDT
2026-05-22 01:15:00+00:00,9.43,9.431,9.415,9.428,5301.84,1779412799999,49963.48717000,556,3206.45000000,30211.66527000,0,AVAXUSDT
2026-05-22 01:20:00+00:00,9.427,9.427,9.404,9.404,546.6,1779413099999,5146.15718000,306,113.29000000,1066.71365000,0,AVAXUSDT
2026-05-22 01:25:00+00:00,9.404,9.425,9.404,9.421,4901.78,1779413399999,46160.93162000,458,3834.47000000,36109.69945000,0,AVAXUSDT
2026-05-22 01:30:00+00:00,9.42,9.431,9.41,9.41,5732.65,1779413699999,53999.83746000,597,1232.59000000,11611.36300000,0,AVAXUSDT
2026-05-22 01:35:00+00:00,9.409,9.409,9.397,9.405,4775.28,1779413999999,44904.49922000,544,2867.09000000,26959.88853000,0,AVAXUSDT
2026-05-22 01:40:00+00:00,9.404,9.415,9.402,9.415,1991.67,1779414299999,18738.57561000,321,1613.29000000,15177.34424000,0,AVAXUSDT
2026-05-22 01:45:00+00:00,9.416,9.432,9.416,9.425,8944.28,1779414599999,84286.82482000,626,6302.65000000,59393.14326000,0,AVAXUSDT
2026-05-22 01:50:00+00:00,9.426,9.436,9.422,9.422,4289.05,1779414899999,40440.42160000,395,3781.02000000,35649.58840000,0,AVAXUSDT
2026-05-22 01:55:00+00:00,9.422,9.433,9.422,9.432,1465.39,1779415199999,13810.46168000,361,1112.38000000,10483.84360000,0,AVAXUSDT
2026-05-22 02:00:00+00:00,9.433,9.472,9.433,9.467,6297.13,1779415499999,59559.78786000,900,4621.38000000,43713.19197000,0,AVAXUSDT
2026-05-22 02:05:00+00:00,9.468,9.473,9.463,9.471,5497.71,1779415799999,52044.74009000,645,4750.03000000,44965.04561000,0,AVAXUSDT
2026-05-22 02:10:00+00:00,9.47,9.47,9.461,9.464,2687.62,1779416099999,25438.83804000,252,561.56000000,5315.05968000,0,AVAXUSDT
2026-05-22 02:15:00+00:00,9.463,9.473,9.463,9.472,3467.09,1779416399999,32833.81107000,393,2939.99000000,27841.96157000,0,AVAXUSDT
2026-05-22 02:20:00+00:00,9.471,9.48,9.459,9.46,5992.72,1779416699999,56774.44822000,622,4981.10000000,47194.06846000,0,AVAXUSDT
2026-05-22 02:25:00+00:00,9.46,9.466,9.454,9.461,2291.4,1779416999999,21677.33165000,359,519.01000000,4909.57325000,0,AVAXUSDT
2026-05-22 02:30:00+00:00,9.461,9.472,9.457,9.458,2401.31,1779417299999,22721.53563000,490,315.97000000,2989.94948000,0,AVAXUSDT
2026-05-22 02:35:00+00:00,9.458,9.467,9.457,9.466,1513.33,1779417599999,14318.71028000,283,368.96000000,3491.57139000,0,AVAXUSDT
2026-05-22 02:40:00+00:00,9.465,9.479,9.462,9.472,4168.87,1779417899999,39493.11422000,468,2944.60000000,27898.22871000,0,AVAXUSDT
2026-05-22 02:45:00+00:00,9.472,9.49,9.462,9.47,11076.88,1779418199999,104995.21306000,916,6929.39000000,65693.96288000,0,AVAXUSDT
2026-05-22 02:50:00+00:00,9.469,9.473,9.463,9.463,525.84,1779418499999,4979.29940000,180,207.73000000,1967.24914000,0,AVAXUSDT
2026-05-22 02:55:00+00:00,9.463,9.475,9.463,9.472,579.37,1779418799999,5486.05118000,180,466.07000000,4412.85217000,0,AVAXUSDT
2026-05-22 03:00:00+00:00,9.472,9.492,9.471,9.49,11810.25,1779419099999,111982.52584000,570,10918.53000000,103527.94812000,0,AVAXUSDT
2026-05-22 03:05:00+00:00,9.491,9.494,9.47,9.471,5249.69,1779419399999,49792.18773000,466,2547.51000000,24166.16307000,0,AVAXUSDT
2026-05-22 03:10:00+00:00,9.47,9.472,9.464,9.467,946.78,1779419699999,8964.20356000,231,394.40000000,3734.32773000,0,AVAXUSDT
2026-05-22 03:15:00+00:00,9.467,9.471,9.452,9.459,3314.25,1779419999999,31345.50779000,407,893.58000000,8451.61493000,0,AVAXUSDT
2026-05-22 03:20:00+00:00,9.459,9.479,9.457,9.475,5780.6,1779420299999,54747.18943000,533,4558.59000000,43175.74747000,0,AVAXUSDT
2026-05-22 03:25:00+00:00,9.474,9.474,9.463,9.471,919.77,1779420599999,8710.15183000,354,347.38000000,3288.91676000,0,AVAXUSDT
2026-05-22 03:30:00+00:00,9.472,9.489,9.467,9.489,7352.62,1779420899999,69714.51336000,873,5883.92000000,55799.01753000,0,AVAXUSDT
2026-05-22 03:35:00+00:00,9.489,9.491,9.482,9.489,3479.61,1779421199999,33009.52835000,650,2403.19000000,22799.98575000,0,AVAXUSDT
2026-05-22 03:40:00+00:00,9.489,9.497,9.489,9.495,4797.79,1779421499999,45540.12245000,553,4153.96000000,39428.26170000,0,AVAXUSDT
2026-05-22 03:45:00+00:00,9.495,9.499,9.49,9.499,3811.47,1779421799999,36194.28614000,463,2939.29000000,27912.35435000,0,AVAXUSDT
2026-05-22 03:50:00+00:00,9.5,9.505,9.499,9.503,9960.58,1779422099999,94643.15686000,675,7231.91000000,68716.98266000,0,AVAXUSDT
2026-05-22 03:55:00+00:00,9.503,9.507,9.494,9.503,14247.82,1779422399999,135362.39564000,1036,4125.62000000,39199.82712000,0,AVAXUSDT
2026-05-22 04:00:00+00:00,9.504,9.533,9.504,9.527,14629.24,1779422699999,139207.90832000,1609,13194.68000000,125551.56541000,0,AVAXUSDT
2026-05-22 04:05:00+00:00,9.527,9.544,9.526,9.534,7941.73,1779422999999,75718.49269000,1188,3972.47000000,37877.00297000,0,AVAXUSDT
2026-05-22 04:10:00+00:00,9.535,9.541,9.53,9.539,7765.76,1779423299999,74053.25327000,1095,6703.81000000,63928.91835000,0,AVAXUSDT
2026-05-22 04:15:00+00:00,9.539,9.552,9.539,9.544,14158.88,1779423599999,135153.40606000,1306,11863.63000000,113246.04941000,0,AVAXUSDT
2026-05-22 04:20:00+00:00,9.544,9.548,9.537,9.545,6096.29,1779423899999,58181.99054000,1160,4920.52000000,46962.03603000,0,AVAXUSDT
2026-05-22 04:25:00+00:00,9.544,9.548,9.541,9.544,6876.46,1779424199999,65631.89393000,1199,5542.63000000,52903.34389000,0,AVAXUSDT
2026-05-22 04:30:00+00:00,9.545,9.549,9.541,9.549,3193.46,1779424499999,30482.65538000,942,2917.17000000,27845.56211000,0,AVAXUSDT
2026-05-22 04:35:00+00:00,9.549,9.549,9.513,9.513,5633.19,1779424799999,53715.94731000,1292,2996.25000000,28573.62276000,0,AVAXUSDT
2026-05-22 04:40:00+00:00,9.513,9.515,9.503,9.513,2194.41,1779425099999,20868.31020000,615,923.93000000,8786.06614000,0,AVAXUSDT
2026-05-22 04:45:00+00:00,9.514,9.514,9.493,9.494,2971.33,1779425399999,28225.07080000,620,767.37000000,7289.90197000,0,AVAXUSDT
2026-05-22 04:50:00+00:00,9.494,9.518,9.494,9.511,3722.54,1779425699999,35384.55296000,672,2034.92000000,19343.44664000,0,AVAXUSDT
2026-05-22 04:55:00+00:00,9.51,9.519,9.508,9.517,2270.56,1779425999999,21604.65243000,261,1779.66000000,16933.67755000,0,AVAXUSDT
2026-05-22 05:00:00+00:00,9.517,9.519,9.511,9.512,2708.02,1779426299999,25767.06045000,709,1491.98000000,14196.73142000,0,AVAXUSDT
2026-05-22 05:05:00+00:00,9.513,9.529,9.513,9.525,2618.61,1779426599999,24934.19802000,554,1268.92000000,12082.44630000,0,AVAXUSDT
2026-05-22 05:10:00+00:00,9.526,9.546,9.526,9.539,8068.84,1779426899999,76969.48586000,882,7010.04000000,66866.23761000,0,AVAXUSDT
2026-05-22 05:15:00+00:00,9.539,9.562,9.539,9.542,13272.45,1779427199999,126712.96894000,922,10859.21000000,103671.86164000,0,AVAXUSDT
2026-05-22 05:20:00+00:00,9.541,9.541,9.508,9.511,3450.0,1779427499999,32855.82923000,586,999.73000000,9526.99830000,0,AVAXUSDT
2026-05-22 05:25:00+00:00,9.512,9.53,9.512,9.53,2329.26,1779427799999,22182.78158000,606,1829.24000000,17423.17181000,0,AVAXUSDT
2026-05-22 05:30:00+00:00,9.531,9.538,9.524,9.529,11087.26,1779428099999,105682.34183000,1027,9563.20000000,91158.56690000,0,AVAXUSDT
2026-05-22 05:35:00+00:00,9.529,9.53,9.515,9.522,4476.16,1779428399999,42627.93957000,878,1244.71000000,11857.54253000,0,AVAXUSDT
2026-05-22 05:40:00+00:00,9.522,9.535,9.513,9.53,5763.8,1779428699999,54891.29180000,749,2667.98000000,25423.21468000,0,AVAXUSDT
2026-05-22 05:45:00+00:00,9.53,9.556,9.53,9.554,9563.48,1779428999999,91264.01659000,893,8809.27000000,84065.46853000,0,AVAXUSDT
2026-05-22 05:50:00+00:00,9.553,9.575,9.553,9.556,13609.95,1779429299999,130196.19575000,891,6491.14000000,62073.48280000,0,AVAXUSDT
2026-05-22 05:55:00+00:00,9.556,9.556,9.519,9.534,4675.72,1779429599999,44585.99255000,1155,943.23000000,8990.13617000,0,AVAXUSDT
2026-05-22 06:00:00+00:00,9.534,9.54,9.527,9.54,3964.58,1779429899999,37797.13395000,899,2430.36000000,23171.80899000,0,AVAXUSDT
2026-05-22 06:05:00+00:00,9.54,9.54,9.52,9.534,7463.48,1779430199999,71110.98290000,1092,3986.81000000,37982.41233000,0,AVAXUSDT
2026-05-22 06:10:00+00:00,9.533,9.534,9.53,9.532,2859.29,1779430499999,27254.39991000,574,1857.61000000,17706.61381000,0,AVAXUSDT
2026-05-22 06:15:00+00:00,9.531,9.532,9.505,9.51,11634.55,1779430799999,110761.54006000,1363,2456.69000000,23389.88596000,0,AVAXUSDT
2026-05-22 06:20:00+00:00,9.51,9.521,9.504,9.509,5496.13,1779431099999,52269.44812000,983,518.98000000,4937.74584000,0,AVAXUSDT
2026-05-22 06:25:00+00:00,9.509,9.515,9.497,9.513,4861.39,1779431399999,46211.77930000,1125,1889.24000000,17961.52900000,0,AVAXUSDT
2026-05-22 06:30:00+00:00,9.513,9.515,9.497,9.5,7024.14,1779431699999,66789.99415000,1411,3519.15000000,33466.12988000,0,AVAXUSDT
2026-05-22 06:35:00+00:00,9.501,9.502,9.49,9.495,9974.74,1779431999999,94733.16722000,832,2396.72000000,22764.17483000,0,AVAXUSDT
2026-05-22 06:40:00+00:00,9.495,9.507,9.49,9.504,4170.89,1779432299999,39617.77356000,696,3017.58000000,28663.28401000,0,AVAXUSDT
2026-05-22 06:45:00+00:00,9.503,9.504,9.491,9.496,6719.16,1779432599999,63820.10833000,709,4373.33000000,41543.29213000,0,AVAXUSDT
2026-05-22 06:50:00+00:00,9.496,9.498,9.487,9.498,3822.69,1779432899999,36282.80704000,464,1786.06000000,16955.28879000,0,AVAXUSDT
2026-05-22 06:55:00+00:00,9.497,9.498,9.481,9.493,7242.94,1779433199999,68739.23723000,502,3283.57000000,31165.14332000,0,AVAXUSDT
2026-05-22 07:00:00+00:00,9.492,9.492,9.458,9.478,13702.94,1779433499999,129830.17687000,1356,2692.74000000,25504.59374000,0,AVAXUSDT
2026-05-22 07:05:00+00:00,9.478,9.484,9.471,9.479,3663.2,1779433799999,34715.78275000,621,1656.53000000,15698.58494000,0,AVAXUSDT
2026-05-22 07:10:00+00:00,9.479,9.505,9.478,9.495,11644.01,1779434099999,110580.72480000,1107,8248.21000000,78335.49748000,0,AVAXUSDT
2026-05-22 07:15:00+00:00,9.495,9.515,9.495,9.514,7327.5,1779434399999,69674.89085000,974,4538.74000000,43158.44266000,0,AVAXUSDT
2026-05-22 07:20:00+00:00,9.515,9.53,9.515,9.516,8247.99,1779434699999,78532.51940000,958,4601.91000000,43820.38164000,0,AVAXUSDT
2026-05-22 07:25:00+00:00,9.516,9.534,9.516,9.531,1750.89,1779434999999,16675.60417000,575,1355.32000000,12907.42006000,0,AVAXUSDT
2026-05-22 07:30:00+00:00,9.531,9.538,9.508,9.512,16011.84,1779435299999,152477.28546000,1260,6823.18000000,65006.37820000,0,AVAXUSDT
2026-05-22 07:35:00+00:00,9.513,9.535,9.513,9.53,4421.27,1779435599999,42132.52721000,609,3461.14000000,32984.54558000,0,AVAXUSDT
2026-05-22 07:40:00+00:00,9.531,9.548,9.53,9.536,6476.14,1779435899999,61771.19575000,630,5258.95000000,50158.82279000,0,AVAXUSDT
2026-05-22 07:45:00+00:00,9.536,9.54,9.531,9.54,1269.17,1779436199999,12100.99049000,261,631.79000000,6024.28786000,0,AVAXUSDT
2026-05-22 07:50:00+00:00,9.539,9.539,9.522,9.525,4629.51,1779436499999,44111.24107000,375,2273.80000000,21661.70134000,0,AVAXUSDT
2026-05-22 07:55:00+00:00,9.524,9.526,9.507,9.51,3036.03,1779436799999,28888.81805000,396,1437.80000000,13679.01206000,0,AVAXUSDT
2026-05-22 08:00:00+00:00,9.51,9.531,9.508,9.526,8622.97,1779437099999,82106.53196000,736,6688.12000000,63682.23695000,0,AVAXUSDT
2026-05-22 08:05:00+00:00,9.525,9.525,9.51,9.519,2133.91,1779437399999,20308.10436000,518,486.25000000,4627.52451000,0,AVAXUSDT
2026-05-22 08:10:00+00:00,9.519,9.531,9.518,9.523,2957.46,1779437699999,28167.28045000,581,1730.50000000,16481.96160000,0,AVAXUSDT
2026-05-22 08:15:00+00:00,9.523,9.548,9.523,9.541,40905.32,1779437999999,389869.20480000,1415,38591.86000000,367802.05123000,0,AVAXUSDT
2026-05-22 08:20:00+00:00,9.541,9.549,9.535,9.542,4106.47,1779438299999,39178.07552000,677,1104.19000000,10537.88887000,0,AVAXUSDT
2026-05-22 08:25:00+00:00,9.541,9.553,9.54,9.553,4339.62,1779438599999,41424.93696000,487,4207.18000000,40161.24739000,0,AVAXUSDT
2026-05-22 08:30:00+00:00,9.553,9.566,9.522,9.526,20834.08,1779438899999,198998.86813000,1249,12861.34000000,122874.78181000,0,AVAXUSDT
2026-05-22 08:35:00+00:00,9.525,9.525,9.486,9.506,22264.28,1779439199999,211721.84509000,2471,8385.75000000,79747.88024000,0,AVAXUSDT
2026-05-22 08:40:00+00:00,9.505,9.508,9.49,9.501,4273.09,1779439499999,40587.83928000,1010,1713.67000000,16278.51007000,0,AVAXUSDT
2026-05-22 08:45:00+00:00,9.502,9.508,9.493,9.497,4539.19,1779439799999,43112.15357000,766,2376.32000000,22569.96566000,0,AVAXUSDT
2026-05-22 08:50:00+00:00,9.497,9.516,9.489,9.514,7790.0,1779440099999,74062.44359000,1002,5052.99000000,48051.93213000,0,AVAXUSDT
2026-05-22 08:55:00+00:00,9.515,9.52,9.509,9.509,5669.69,1779440399999,53928.94704000,670,4948.13000000,47063.91932000,0,AVAXUSDT
2026-05-22 09:00:00+00:00,9.509,9.521,9.496,9.521,7874.65,1779440699999,74843.48342000,830,4568.84000000,43430.62943000,0,AVAXUSDT
2026-05-22 09:05:00+00:00,9.521,9.525,9.51,9.525,5253.07,1779440999999,50006.40300000,734,3828.84000000,36449.61942000,0,AVAXUSDT
2026-05-22 09:10:00+00:00,9.525,9.539,9.523,9.527,10101.51,1779441299999,96263.06000000,723,9328.96000000,88899.87323000,0,AVAXUSDT
2026-05-22 09:15:00+00:00,9.527,9.534,9.522,9.528,2522.04,1779441599999,24028.44724000,779,917.32000000,8739.69937000,0,AVAXUSDT
2026-05-22 09:20:00+00:00,9.528,9.55,9.525,9.545,5691.69,1779441899999,54286.67155000,784,4314.16000000,41141.19211000,0,AVAXUSDT
2026-05-22 09:25:00+00:00,9.544,9.546,9.528,9.528,6524.6,1779442199999,62228.39893000,700,3950.76000000,37679.61499000,0,AVAXUSDT
2026-05-22 09:30:00+00:00,9.529,9.534,9.509,9.513,2831.49,1779442499999,26948.32554000,642,950.23000000,9040.23904000,0,AVAXUSDT
2026-05-22 09:35:00+00:00,9.512,9.521,9.498,9.521,2275.16,1779442799999,21631.09521000,856,907.76000000,8632.12795000,0,AVAXUSDT
2026-05-22 09:40:00+00:00,9.522,9.531,9.519,9.525,8124.17,1779443099999,77396.50431000,739,7025.61000000,66933.30314000,0,AVAXUSDT
2026-05-22 09:45:00+00:00,9.525,9.526,9.491,9.508,3901.85,1779443399999,37089.61758000,767,1610.87000000,15310.97067000,0,AVAXUSDT
2026-05-22 09:50:00+00:00,9.507,9.513,9.503,9.507,1203.36,1779443699999,11441.94740000,414,690.98000000,6570.64889000,0,AVAXUSDT
2026-05-22 09:55:00+00:00,9.507,9.507,9.492,9.493,658.79,1779443999999,6258.50167000,299,369.79000000,3512.66886000,0,AVAXUSDT
2026-05-22 10:00:00+00:00,9.492,9.498,9.472,9.472,4480.08,1779444299999,42489.85863000,1075,1681.02000000,15948.63204000,0,AVAXUSDT
2026-05-22 10:05:00+00:00,9.471,9.493,9.471,9.487,5381.37,1779444599999,51035.84385000,860,3167.50000000,30036.60265000,0,AVAXUSDT
2026-05-22 10:10:00+00:00,9.488,9.488,9.476,9.478,5098.42,1779444899999,48332.49824000,601,1035.08000000,9813.87781000,0,AVAXUSDT
2026-05-22 10:15:00+00:00,9.477,9.477,9.459,9.467,2639.5,1779445199999,24985.56316000,753,1316.95000000,12466.54300000,0,AVAXUSDT
2026-05-22 10:20:00+00:00,9.466,9.486,9.464,9.486,2765.28,1779445499999,26200.34842000,523,2369.08000000,22447.38087000,0,AVAXUSDT
2026-05-22 10:25:00+00:00,9.486,9.496,9.485,9.492,2652.19,1779445799999,25169.90598000,484,1741.24000000,16524.82605000,0,AVAXUSDT
2026-05-22 10:30:00+00:00,9.493,9.5,9.486,9.494,1865.82,1779446099999,17716.47409000,627,1107.12000000,10512.29816000,0,AVAXUSDT
2026-05-22 10:35:00+00:00,9.493,9.496,9.486,9.496,733.05,1779446399999,6957.73061000,424,290.87000000,2760.33207000,0,AVAXUSDT
2026-05-22 10:40:00+00:00,9.496,9.499,9.493,9.495,980.44,1779446699999,9310.89223000,286,252.65000000,2399.26688000,0,AVAXUSDT
2026-05-22 10:45:00+00:00,9.494,9.497,9.491,9.491,620.5,1779446999999,5890.47061000,302,138.65000000,1316.33626000,0,AVAXUSDT
2026-05-22 10:50:00+00:00,9.492,9.495,9.49,9.494,1330.79,1779447299999,12630.61685000,249,1141.76000000,10836.25817000,0,AVAXUSDT
2026-05-22 10:55:00+00:00,9.494,9.496,9.488,9.496,771.56,1779447599999,7325.32571000,263,99.88000000,948.18139000,0,AVAXUSDT
2026-05-22 11:00:00+00:00,9.496,9.527,9.496,9.518,6674.88,1779447899999,63491.30215000,810,4227.01000000,40201.22648000,0,AVAXUSDT
2026-05-22 11:05:00+00:00,9.518,9.522,9.507,9.507,6267.41,1779448199999,59631.62188000,655,2591.24000000,24661.11354000,0,AVAXUSDT
2026-05-22 11:10:00+00:00,9.506,9.509,9.497,9.504,4280.32,1779448499999,40673.36523000,638,1288.82000000,12245.56892000,0,AVAXUSDT
2026-05-22 11:15:00+00:00,9.503,9.503,9.474,9.475,1084.62,1779448799999,10292.37600000,663,196.29000000,1863.03745000,0,AVAXUSDT
2026-05-22 11:20:00+00:00,9.476,9.488,9.467,9.477,1683.89,1779449099999,15954.83966000,552,436.57000000,4136.63081000,0,AVAXUSDT
2026-05-22 11:25:00+00:00,9.477,9.495,9.477,9.482,4555.19,1779449399999,43216.95270000,462,2026.43000000,19230.84560000,0,AVAXUSDT
2026-05-22 11:30:00+00:00,9.483,9.499,9.481,9.49,14131.01,1779449699999,134053.02452000,907,2845.60000000,27001.06707000,0,AVAXUSDT
2026-05-22 11:35:00+00:00,9.49,9.506,9.49,9.492,5708.77,1779449999999,54224.55144000,771,3247.36000000,30838.36961000,0,AVAXUSDT
2026-05-22 11:40:00+00:00,9.492,9.494,9.485,9.491,3900.88,1779450299999,37017.45580000,468,834.45000000,7919.20070000,0,AVAXUSDT
2026-05-22 11:45:00+00:00,9.49,9.523,9.487,9.521,5311.55,1779450599999,50503.67878000,1035,4380.57000000,41650.60813000,0,AVAXUSDT
2026-05-22 11:50:00+00:00,9.521,9.53,9.52,9.526,8499.52,1779450899999,80942.31232000,574,7906.96000000,75296.90823000,0,AVAXUSDT
2026-05-22 11:55:00+00:00,9.525,9.532,9.519,9.531,4061.96,1779451199999,38698.21632000,519,3389.27000000,32291.88799000,0,AVAXUSDT
2026-05-22 12:00:00+00:00,9.531,9.535,9.521,9.534,6428.78,1779451499999,61254.97935000,1035,4098.80000000,39058.32647000,0,AVAXUSDT
2026-05-22 12:05:00+00:00,9.533,9.537,9.522,9.522,2550.01,1779451799999,24303.44815000,468,1072.47000000,10221.90770000,0,AVAXUSDT
2026-05-22 12:10:00+00:00,9.521,9.55,9.521,9.544,18040.47,1779452099999,172112.24462000,1671,13990.55000000,133471.52794000,0,AVAXUSDT
2026-05-22 12:15:00+00:00,9.545,9.55,9.531,9.542,8786.11,1779452399999,83825.50882000,1200,5933.40000000,56613.41233000,0,AVAXUSDT
2026-05-22 12:20:00+00:00,9.541,9.545,9.522,9.533,6482.56,1779452699999,61776.78196000,1047,1936.80000000,18457.96324000,0,AVAXUSDT
2026-05-22 12:25:00+00:00,9.534,9.537,9.529,9.532,2442.51,1779452999999,23284.42642000,504,994.40000000,9479.65097000,0,AVAXUSDT
2026-05-22 12:30:00+00:00,9.531,9.539,9.526,9.529,7083.64,1779453299999,67523.13437000,702,3438.18000000,32779.66494000,0,AVAXUSDT
2026-05-22 12:35:00+00:00,9.529,9.537,9.517,9.534,5428.02,1779453599999,51715.37957000,846,2170.34000000,20682.14804000,0,AVAXUSDT
2026-05-22 12:40:00+00:00,9.535,9.544,9.532,9.534,4397.3,1779453899999,41932.99998000,545,2435.77000000,23229.48478000,0,AVAXUSDT
2026-05-22 12:45:00+00:00,9.535,9.563,9.535,9.561,12374.33,1779454199999,118212.34078000,755,11809.25000000,112812.58202000,0,AVAXUSDT
2026-05-22 12:50:00+00:00,9.56,9.578,9.559,9.573,9275.79,1779454499999,88747.73925000,1036,5860.93000000,56072.17951000,0,AVAXUSDT
2026-05-22 12:55:00+00:00,9.572,9.591,9.559,9.59,17326.86,1779454799999,165895.28517000,1501,15030.56000000,143920.66558000,0,AVAXUSDT
2026-05-22 13:00:00+00:00,9.589,9.595,9.576,9.579,7794.92,1779455099999,74708.21711000,1306,5116.11000000,49033.48591000,0,AVAXUSDT
2026-05-22 13:05:00+00:00,9.579,9.593,9.571,9.593,16659.4,1779455399999,159647.83637000,1423,14377.33000000,137780.58541000,0,AVAXUSDT
2026-05-22 13:10:00+00:00,9.594,9.595,9.581,9.584,8294.57,1779455699999,79521.38925000,1285,4833.38000000,46337.19943000,0,AVAXUSDT
2026-05-22 13:15:00+00:00,9.584,9.602,9.584,9.585,14971.86,1779455999999,143638.68541000,1634,9861.67000000,94614.34705000,0,AVAXUSDT
2026-05-22 13:20:00+00:00,9.585,9.589,9.561,9.575,5375.33,1779456299999,51465.32821000,1085,2878.46000000,27564.28352000,0,AVAXUSDT
2026-05-22 13:25:00+00:00,9.574,9.574,9.546,9.546,7435.34,1779456599999,71107.63589000,1138,1718.95000000,16435.11618000,0,AVAXUSDT
2026-05-22 13:30:00+00:00,9.545,9.561,9.5,9.522,40706.57,1779456899999,387766.07935000,3675,5929.74000000,56564.44453000,0,AVAXUSDT
2026-05-22 13:35:00+00:00,9.523,9.546,9.523,9.541,4339.3,1779457199999,41366.43241000,1573,1549.52000000,14772.74877000,0,AVAXUSDT
2026-05-22 13:40:00+00:00,9.541,9.553,9.512,9.523,32424.42,1779457499999,309053.00952000,2678,7202.35000000,68613.41678000,0,AVAXUSDT
2026-05-22 13:45:00+00:00,9.524,9.538,9.505,9.511,7299.98,1779457799999,69532.46115000,1319,2665.34000000,25388.08817000,0,AVAXUSDT
2026-05-22 13:50:00+00:00,9.512,9.522,9.494,9.518,7384.14,1779458099999,70198.74083000,1350,3918.20000000,37260.12500000,0,AVAXUSDT
2026-05-22 13:55:00+00:00,9.518,9.537,9.513,9.537,6737.33,1779458399999,64141.15407000,1048,3777.97000000,35969.99004000,0,AVAXUSDT
2026-05-22 14:00:00+00:00,9.537,9.537,9.493,9.498,17175.99,1779458699999,163389.73259000,2270,6294.24000000,59872.06081000,0,AVAXUSDT
2026-05-22 14:05:00+00:00,9.497,9.5,9.458,9.479,18300.26,1779458999999,173312.57574000,2680,3817.24000000,36160.31693000,0,AVAXUSDT
2026-05-22 14:10:00+00:00,9.48,9.49,9.474,9.477,3171.27,1779459299999,30069.06405000,813,1163.48000000,11034.89749000,0,AVAXUSDT
2026-05-22 14:15:00+00:00,9.476,9.484,9.429,9.434,17242.09,1779459599999,162948.70744000,2750,4588.34000000,43375.09904000,0,AVAXUSDT
2026-05-22 14:20:00+00:00,9.433,9.445,9.401,9.428,29993.89,1779459899999,282547.81818000,3136,5990.07000000,56449.34352000,0,AVAXUSDT
2026-05-22 14:25:00+00:00,9.429,9.447,9.421,9.446,3358.05,1779460199999,31700.31754000,868,2466.63000000,23287.46520000,0,AVAXUSDT
2026-05-22 14:30:00+00:00,9.446,9.45,9.43,9.444,12622.77,1779460499999,119138.63570000,1433,5703.29000000,53839.12631000,0,AVAXUSDT
2026-05-22 14:35:00+00:00,9.444,9.452,9.437,9.442,4968.4,1779460799999,46921.48308000,847,1808.80000000,17081.29556000,0,AVAXUSDT
2026-05-22 14:40:00+00:00,9.443,9.449,9.432,9.435,2556.89,1779461099999,24132.10902000,983,1078.60000000,10181.75945000,0,AVAXUSDT
2026-05-22 14:45:00+00:00,9.434,9.439,9.422,9.432,12246.96,1779461399999,115489.89414000,883,3948.89000000,37253.15461000,0,AVAXUSDT
2026-05-22 14:50:00+00:00,9.432,9.432,9.414,9.426,9549.48,1779461699999,89980.85131000,827,2254.06000000,21246.00889000,0,AVAXUSDT
2026-05-22 14:55:00+00:00,9.425,9.434,9.418,9.428,14676.92,1779461999999,138332.05998000,876,852.64000000,8038.42667000,0,AVAXUSDT
2026-05-22 15:00:00+00:00,9.427,9.446,9.412,9.443,9252.59,1779462299999,87243.13021000,1495,4110.00000000,38767.45290000,0,AVAXUSDT
2026-05-22 15:05:00+00:00,9.443,9.453,9.428,9.434,4041.18,1779462599999,38161.75205000,840,1193.23000000,11264.45420000,0,AVAXUSDT
2026-05-22 15:10:00+00:00,9.434,9.434,9.407,9.412,16835.47,1779462899999,158581.97768000,1406,1378.17000000,12976.61317000,0,AVAXUSDT
2026-05-22 15:15:00+00:00,9.413,9.431,9.413,9.431,5186.12,1779463199999,48869.10131000,528,3470.21000000,32703.41108000,0,AVAXUSDT
2026-05-22 15:20:00+00:00,9.432,9.437,9.394,9.396,12192.67,1779463499999,114707.08147000,1706,1398.33000000,13167.33356000,0,AVAXUSDT
2026-05-22 15:25:00+00:00,9.396,9.44,9.373,9.44,17595.01,1779463799999,165288.30546000,1804,6701.71000000,63016.78303000,0,AVAXUSDT
2026-05-22 15:30:00+00:00,9.44,9.464,9.437,9.46,8127.75,1779464099999,76853.80937000,1303,6078.95000000,57485.73609000,0,AVAXUSDT
2026-05-22 15:35:00+00:00,9.461,9.462,9.434,9.442,5841.73,1779464399999,55198.99235000,1118,2305.09000000,21780.48426000,0,AVAXUSDT
2026-05-22 15:40:00+00:00,9.441,9.441,9.427,9.434,4021.44,1779464699999,37935.21715000,721,1967.86000000,18562.94123000,0,AVAXUSDT
2026-05-22 15:45:00+00:00,9.435,9.438,9.428,9.429,4786.98,1779464999999,45153.94041000,772,2344.31000000,22115.01671000,0,AVAXUSDT
2026-05-22 15:50:00+00:00,9.428,9.44,9.417,9.44,6851.93,1779465299999,64576.84550000,656,2649.87000000,24983.69479000,0,AVAXUSDT
2026-05-22 15:55:00+00:00,9.439,9.447,9.432,9.433,7586.47,1779465599999,71619.10051000,843,1731.67000000,16348.41646000,0,AVAXUSDT
2026-05-22 16:00:00+00:00,9.433,9.46,9.429,9.454,4766.18,1779465899999,45042.36924000,849,2971.72000000,28083.43769000,0,AVAXUSDT
2026-05-22 16:05:00+00:00,9.454,9.455,9.427,9.431,3177.78,1779466199999,30005.48432000,860,497.18000000,4691.36622000,0,AVAXUSDT
2026-05-22 16:10:00+00:00,9.432,9.441,9.426,9.436,1812.06,1779466499999,17092.83061000,729,941.87000000,8885.11765000,0,AVAXUSDT
2026-05-22 16:15:00+00:00,9.435,9.435,9.415,9.427,10486.09,1779466799999,98822.96845000,1282,4561.03000000,42986.53841000,0,AVAXUSDT
2026-05-22 16:20:00+00:00,9.426,9.443,9.419,9.419,4160.29,1779467099999,39239.83019000,800,2037.17000000,19218.43200000,0,AVAXUSDT
2026-05-22 16:25:00+00:00,9.418,9.427,9.41,9.424,10351.79,1779467399999,97492.07100000,1011,2366.85000000,22289.73939000,0,AVAXUSDT
2026-05-22 16:30:00+00:00,9.425,9.433,9.411,9.411,4643.84,1779467699999,43779.58593000,699,2777.32000000,26191.92480000,0,AVAXUSDT
2026-05-22 16:35:00+00:00,9.411,9.427,9.403,9.419,5020.49,1779467999999,47284.22830000,780,1903.77000000,17930.72172000,0,AVAXUSDT
2026-05-22 16:40:00+00:00,9.418,9.423,9.411,9.417,2758.81,1779468299999,25981.37105000,516,1187.47000000,11185.30947000,0,AVAXUSDT
2026-05-22 16:45:00+00:00,9.418,9.437,9.418,9.436,2708.85,1779468599999,25540.13324000,443,2091.10000000,19715.08802000,0,AVAXUSDT
2026-05-22 16:50:00+00:00,9.436,9.45,9.434,9.447,5908.52,1779468899999,55812.86161000,431,4893.38000000,46225.83047000,0,AVAXUSDT
2026-05-22 16:55:00+00:00,9.447,9.447,9.432,9.438,2405.02,1779469199999,22698.68701000,496,892.86000000,8428.21961000,0,AVAXUSDT
2026-05-22 17:00:00+00:00,9.439,9.455,9.439,9.452,2712.55,1779469499999,25624.64426000,572,1284.54000000,12136.05873000,0,AVAXUSDT
2026-05-22 17:05:00+00:00,9.453,9.456,9.443,9.448,4608.1,1779469799999,43539.14781000,619,3092.94000000,29224.72943000,0,AVAXUSDT
2026-05-22 17:10:00+00:00,9.448,9.448,9.442,9.442,1016.46,1779470099999,9599.58981000,420,545.27000000,5150.20288000,0,AVAXUSDT
2026-05-22 17:15:00+00:00,9.442,9.454,9.416,9.416,7474.42,1779470399999,70502.45857000,986,1774.20000000,16744.34280000,0,AVAXUSDT
2026-05-22 17:20:00+00:00,9.416,9.427,9.402,9.414,8689.71,1779470699999,81827.98164000,1311,3076.96000000,28979.54223000,0,AVAXUSDT
2026-05-22 17:25:00+00:00,9.415,9.46,9.415,9.459,10618.81,1779470999999,100257.32047000,2041,4889.46000000,46165.31187000,0,AVAXUSDT
2026-05-22 17:30:00+00:00,9.46,9.466,9.44,9.447,8450.56,1779471299999,79869.00960000,1059,5176.30000000,48916.37232000,0,AVAXUSDT
2026-05-22 17:35:00+00:00,9.447,9.46,9.444,9.457,1083.67,1779471599999,10239.38392000,485,364.05000000,3440.66006000,0,AVAXUSDT
2026-05-22 17:40:00+00:00,9.458,9.464,9.456,9.456,1139.4,1779471899999,10778.93308000,429,222.69000000,2106.41079000,0,AVAXUSDT
2026-05-22 17:45:00+00:00,9.457,9.457,9.421,9.424,5602.18,1779472199999,52867.88563000,692,1877.47000000,17726.62582000,0,AVAXUSDT
2026-05-22 17:50:00+00:00,9.424,9.426,9.416,9.418,5598.3,1779472499999,52736.44578000,499,947.84000000,8929.30968000,0,AVAXUSDT
2026-05-22 17:55:00+00:00,9.418,9.418,9.406,9.408,3005.42,1779472799999,28282.89600000,479,595.83000000,5606.09534000,0,AVAXUSDT
2026-05-22 18:00:00+00:00,9.408,9.408,9.37,9.379,25405.56,1779473099999,238376.75160000,1374,6612.14000000,62001.65597000,0,AVAXUSDT
2026-05-22 18:05:00+00:00,9.38,9.387,9.377,9.378,7897.33,1779473399999,74083.29755000,632,2044.11000000,19176.38351000,0,AVAXUSDT
2026-05-22 18:10:00+00:00,9.377,9.386,9.369,9.386,11812.21,1779473699999,110754.07733000,622,1762.62000000,16529.63364000,0,AVAXUSDT
2026-05-22 18:15:00+00:00,9.385,9.4,9.379,9.399,5436.98,1779473999999,51046.20221000,687,4048.37000000,38012.73997000,0,AVAXUSDT
2026-05-22 18:20:00+00:00,9.399,9.407,9.393,9.4,2842.28,1779474299999,26714.70852000,470,1352.22000000,12709.71688000,0,AVAXUSDT
2026-05-22 18:25:00+00:00,9.399,9.399,9.376,9.383,8910.7,1779474599999,83648.23687000,741,2711.39000000,25452.14732000,0,AVAXUSDT
2026-05-22 18:30:00+00:00,9.383,9.384,9.346,9.351,11422.07,1779474899999,106863.48487000,1494,2873.62000000,26889.25685000,0,AVAXUSDT
2026-05-22 18:35:00+00:00,9.35,9.35,9.314,9.344,24142.59,1779475199999,225312.55402000,2029,8685.22000000,81075.01381000,0,AVAXUSDT
2026-05-22 18:40:00+00:00,9.345,9.348,9.319,9.32,13377.47,1779475499999,124870.65238000,1123,2868.93000000,26775.65231000,0,AVAXUSDT
2026-05-22 18:45:00+00:00,9.32,9.324,9.204,9.26,94194.38,1779475799999,872053.97961000,8478,24668.73000000,228329.00701000,0,AVAXUSDT
2026-05-22 18:50:00+00:00,9.26,9.292,9.26,9.289,13030.93,1779476099999,120825.95041000,1842,3699.74000000,34316.86655000,0,AVAXUSDT
2026-05-22 18:55:00+00:00,9.288,9.305,9.286,9.296,10364.44,1779476399999,96363.34931000,1349,4213.46000000,39181.20752000,0,AVAXUSDT
2026-05-22 19:00:00+00:00,9.296,9.313,9.26,9.27,30434.49,1779476699999,282727.61441000,3670,6585.61000000,61168.25429000,0,AVAXUSDT
2026-05-22 19:05:00+00:00,9.27,9.273,9.248,9.251,19042.92,1779476999999,176341.85398000,2846,6365.18000000,58959.64165000,0,AVAXUSDT
2026-05-22 19:10:00+00:00,9.25,9.273,9.244,9.26,7704.33,1779477299999,71354.59276000,1722,2839.38000000,26290.64939000,0,AVAXUSDT
2026-05-22 19:15:00+00:00,9.26,9.271,9.253,9.268,14822.85,1779477599999,137270.05392000,2392,2680.52000000,24831.78534000,0,AVAXUSDT
2026-05-22 19:20:00+00:00,9.269,9.281,9.268,9.274,3239.35,1779477899999,30041.43847000,1211,2130.38000000,19756.29916000,0,AVAXUSDT
2026-05-22 19:25:00+00:00,9.274,9.277,9.236,9.25,16078.78,1779478199999,148837.01443000,2090,4127.12000000,38193.49739000,0,AVAXUSDT
2026-05-22 19:30:00+00:00,9.251,9.254,9.148,9.195,91600.71,1779478499999,841702.00544000,10034,26978.87000000,247824.90980000,0,AVAXUSDT
2026-05-22 19:35:00+00:00,9.195,9.219,9.193,9.198,13519.4,1779478799999,124430.45724000,3121,5899.35000000,54300.78842000,0,AVAXUSDT
2026-05-22 19:40:00+00:00,9.198,9.201,9.162,9.199,29868.89,1779479099999,274227.56734000,3736,12667.45000000,116334.67713000,0,AVAXUSDT
2026-05-22 19:45:00+00:00,9.199,9.205,9.176,9.189,14543.14,1779479399999,133656.88588000,3071,4363.04000000,40118.72310000,0,AVAXUSDT
2026-05-22 19:50:00+00:00,9.189,9.251,9.182,9.238,63507.12,1779479699999,585948.75889000,2961,43466.23000000,401019.24699000,0,AVAXUSDT
2026-05-22 19:55:00+00:00,9.238,9.248,9.22,9.22,7999.95,1779479999999,73910.45553000,1104,3670.99000000,33927.87601000,0,AVAXUSDT
2026-05-22 20:00:00+00:00,9.22,9.239,9.216,9.226,12559.73,1779480299999,115892.96102000,1512,5132.85000000,47347.40326000,0,AVAXUSDT
2026-05-22 20:05:00+00:00,9.227,9.248,9.226,9.241,6104.89,1779480599999,56396.85445000,1010,2801.24000000,25885.69716000,0,AVAXUSDT
2026-05-22 20:10:00+00:00,9.241,9.245,9.232,9.235,8343.7,1779480899999,77088.48403000,991,2738.62000000,25301.55845000,0,AVAXUSDT
2026-05-22 20:15:00+00:00,9.235,9.247,9.223,9.23,10698.96,1779481199999,98818.96723000,1243,1787.24000000,16503.18753000,0,AVAXUSDT
2026-05-22 20:20:00+00:00,9.231,9.234,9.218,9.225,6152.05,1779481499999,56761.98053000,945,2686.12000000,24785.20282000,0,AVAXUSDT
2026-05-22 20:25:00+00:00,9.224,9.234,9.216,9.231,5951.96,1779481799999,54887.57186000,602,2154.87000000,19871.71604000,0,AVAXUSDT
2026-05-22 20:30:00+00:00,9.231,9.233,9.201,9.23,24818.71,1779482099999,228751.70924000,1983,7432.59000000,68496.45693000,0,AVAXUSDT
2026-05-22 20:35:00+00:00,9.23,9.235,9.225,9.235,3695.32,1779482399999,34104.57181000,551,872.99000000,8056.57985000,0,AVAXUSDT
2026-05-22 20:40:00+00:00,9.236,9.247,9.232,9.238,5868.81,1779482699999,54227.85849000,644,3546.52000000,32768.55513000,0,AVAXUSDT
2026-05-22 20:45:00+00:00,9.237,9.249,9.23,9.248,7733.53,1779482999999,71437.47184000,748,7070.05000000,65307.87509000,0,AVAXUSDT
2026-05-22 20:50:00+00:00,9.247,9.259,9.242,9.252,8334.78,1779483299999,77114.18425000,1509,2744.39000000,25392.20028000,0,AVAXUSDT
2026-05-22 20:55:00+00:00,9.253,9.256,9.242,9.252,4212.93,1779483599999,38968.66802000,898,1183.69000000,10950.91558000,0,AVAXUSDT
2026-05-22 21:00:00+00:00,9.251,9.263,9.247,9.248,3956.25,1779483899999,36611.05586000,748,1710.72000000,15830.56196000,0,AVAXUSDT
2026-05-22 21:05:00+00:00,9.249,9.253,9.245,9.253,2763.58,1779484199999,25566.03107000,737,1302.32000000,12049.23386000,0,AVAXUSDT
2026-05-22 21:10:00+00:00,9.254,9.262,9.253,9.256,7038.43,1779484499999,65150.97289000,615,3694.74000000,34197.29618000,0,AVAXUSDT
2026-05-22 21:15:00+00:00,9.255,9.259,9.248,9.259,3480.69,1779484799999,32208.91119000,493,1737.32000000,16079.53567000,0,AVAXUSDT
2026-05-22 21:20:00+00:00,9.26,9.267,9.26,9.267,2388.41,1779485099999,22124.39508000,230,848.37000000,7858.42241000,0,AVAXUSDT
2026-05-22 21:25:00+00:00,9.267,9.27,9.263,9.27,1390.98,1779485399999,12890.53134000,380,505.81000000,4687.51279000,0,AVAXUSDT
2026-05-22 21:30:00+00:00,9.271,9.285,9.269,9.278,2676.35,1779485699999,24833.90783000,347,2090.70000000,19399.03049000,0,AVAXUSDT
2026-05-22 21:35:00+00:00,9.279,9.279,9.272,9.276,2032.27,1779485999999,18850.46792000,393,852.62000000,7908.85703000,0,AVAXUSDT
2026-05-22 21:40:00+00:00,9.276,9.284,9.271,9.273,4904.27,1779486299999,45506.57695000,726,3206.63000000,29757.64980000,0,AVAXUSDT
2026-05-22 21:45:00+00:00,9.274,9.282,9.272,9.277,1316.66,1779486599999,12215.93048000,406,651.81000000,6047.72194000,0,AVAXUSDT
2026-05-22 21:50:00+00:00,9.277,9.277,9.267,9.272,1730.79,1779486899999,16045.17756000,275,346.97000000,3216.32013000,0,AVAXUSDT
2026-05-22 21:55:00+00:00,9.273,9.274,9.262,9.262,644.33,1779487199999,5971.07400000,206,119.11000000,1103.88091000,0,AVAXUSDT
2026-05-22 22:00:00+00:00,9.262,9.265,9.256,9.256,1428.95,1779487499999,13234.53861000,241,685.56000000,6351.34958000,0,AVAXUSDT
2026-05-22 22:05:00+00:00,9.257,9.258,9.25,9.258,1651.13,1779487799999,15279.03392000,316,788.76000000,7299.45302000,0,AVAXUSDT
2026-05-22 22:10:00+00:00,9.259,9.262,9.25,9.261,3032.36,1779488099999,28067.47002000,712,713.79000000,6606.97243000,0,AVAXUSDT
2026-05-22 22:15:00+00:00,9.261,9.263,9.24,9.243,5749.19,1779488399999,53168.79644000,927,2150.27000000,19878.55321000,0,AVAXUSDT
2026-05-22 22:20:00+00:00,9.243,9.248,9.241,9.243,4430.05,1779488699999,40953.45794000,554,3213.58000000,29709.00691000,0,AVAXUSDT
2026-05-22 22:25:00+00:00,9.242,9.242,9.232,9.234,2690.87,1779488999999,24853.41094000,440,682.73000000,6307.57544000,0,AVAXUSDT
2026-05-22 22:30:00+00:00,9.235,9.246,9.221,9.224,3521.27,1779489299999,32522.61893000,909,1349.42000000,12465.37546000,0,AVAXUSDT
2026-05-22 22:35:00+00:00,9.225,9.231,9.217,9.229,9843.51,1779489599999,90773.24334000,603,4430.73000000,40852.35796000,0,AVAXUSDT
2026-05-22 22:40:00+00:00,9.229,9.23,9.209,9.223,5480.22,1779489899999,50519.68231000,962,1584.22000000,14603.50057000,0,AVAXUSDT
2026-05-22 22:45:00+00:00,9.223,9.23,9.223,9.228,2984.72,1779490199999,27540.10261000,491,1169.27000000,10790.57328000,0,AVAXUSDT
2026-05-22 22:50:00+00:00,9.228,9.233,9.227,9.232,3058.7,1779490499999,28231.85953000,206,652.89000000,6026.27998000,0,AVAXUSDT
2026-05-22 22:55:00+00:00,9.232,9.234,9.228,9.231,2219.49,1779490799999,20488.79736000,291,576.48000000,5320.98819000,0,AVAXUSDT
2026-05-22 23:00:00+00:00,9.232,9.248,9.232,9.244,5255.78,1779491099999,48555.40507000,511,3027.38000000,27966.26794000,0,AVAXUSDT
2026-05-22 23:05:00+00:00,9.245,9.248,9.241,9.243,3266.2,1779491399999,30198.10866000,332,1299.41000000,12015.24063000,0,AVAXUSDT
2026-05-22 23:10:00+00:00,9.244,9.25,9.244,9.248,1869.84,1779491699999,17291.11647000,344,629.85000000,5823.97043000,0,AVAXUSDT
2026-05-22 23:15:00+00:00,9.248,9.25,9.224,9.226,4383.9,1779491999999,40491.44549000,605,200.41000000,1850.92366000,0,AVAXUSDT
2026-05-22 23:20:00+00:00,9.227,9.232,9.218,9.228,4751.26,1779492299999,43830.19041000,720,786.20000000,7253.89108000,0,AVAXUSDT
2026-05-22 23:25:00+00:00,9.227,9.227,9.193,9.194,8191.73,1779492599999,75455.42681000,922,539.61000000,4971.73058000,0,AVAXUSDT
2026-05-22 23:30:00+00:00,9.194,9.204,9.188,9.204,2559.3,1779492899999,23535.33584000,601,844.05000000,7762.63311000,0,AVAXUSDT
2026-05-22 23:35:00+00:00,9.204,9.219,9.202,9.218,2366.87,1779493199999,21810.51446000,268,1553.71000000,14316.16082000,0,AVAXUSDT
2026-05-22 23:40:00+00:00,9.218,9.223,9.215,9.223,445.51,1779493499999,4107.29364000,244,93.97000000,866.33861000,0,AVAXUSDT
2026-05-22 23:45:00+00:00,9.222,9.222,9.099,9.131,113986.41,1779493799999,1042737.97015000,8281,28677.77000000,262127.52858000,0,AVAXUSDT
2026-05-22 23:50:00+00:00,9.132,9.16,9.125,9.158,4986.3,1779494099999,45602.53314000,1327,3729.99000000,34107.70598000,0,AVAXUSDT
2026-05-22 23:55:00+00:00,9.158,9.163,9.153,9.154,2680.86,1779494399999,24550.87797000,708,1117.00000000,10228.29318000,0,AVAXUSDT
2026-05-23 00:00:00+00:00,9.155,9.157,9.126,9.141,21314.85,1779494699999,194806.80882000,2555,17125.08000000,156501.79449000,0,AVAXUSDT
2026-05-23 00:05:00+00:00,9.14,9.167,9.139,9.167,11003.9,1779494999999,100730.45518000,1463,6549.86000000,59949.14474000,0,AVAXUSDT
2026-05-23 00:10:00+00:00,9.166,9.169,9.141,9.154,8712.95,1779495299999,79783.00159000,1353,3677.97000000,33674.42098000,0,AVAXUSDT
2026-05-23 00:15:00+00:00,9.153,9.16,9.143,9.152,16218.69,1779495599999,148425.03775000,1282,7440.65000000,68100.86178000,0,AVAXUSDT
2026-05-23 00:20:00+00:00,9.152,9.156,9.138,9.145,5082.42,1779495899999,46487.02853000,855,1930.03000000,17653.40485000,0,AVAXUSDT
2026-05-23 00:25:00+00:00,9.146,9.15,9.132,9.145,5694.35,1779496199999,52048.36636000,960,1273.50000000,11641.85975000,0,AVAXUSDT
2026-05-23 00:30:00+00:00,9.145,9.163,9.134,9.151,13442.92,1779496499999,122983.77887000,2016,5712.04000000,52262.31040000,0,AVAXUSDT
2026-05-23 00:35:00+00:00,9.151,9.152,9.131,9.143,7271.13,1779496799999,66461.24092000,2070,2078.77000000,18998.77363000,0,AVAXUSDT
2026-05-23 00:40:00+00:00,9.142,9.147,9.109,9.14,12738.28,1779497099999,116265.13717000,2820,3118.76000000,28472.31899000,0,AVAXUSDT
2026-05-23 00:45:00+00:00,9.139,9.154,9.136,9.154,3797.91,1779497399999,34736.63346000,1380,1858.72000000,17002.26198000,0,AVAXUSDT
2026-05-23 00:50:00+00:00,9.154,9.167,9.153,9.162,2736.36,1779497699999,25065.04726000,508,1178.57000000,10797.51323000,0,AVAXUSDT
2026-05-23 00:55:00+00:00,9.163,9.174,9.162,9.17,1649.9,1779497999999,15128.42929000,284,916.44000000,8402.34469000,0,AVAXUSDT
2026-05-23 01:00:00+00:00,9.17,9.192,9.169,9.183,4833.75,1779498299999,44393.18601000,535,2569.81000000,23607.69471000,0,AVAXUSDT
2026-05-23 01:05:00+00:00,9.182,9.182,9.176,9.178,2309.89,1779498599999,21200.36951000,276,502.66000000,4613.78879000,0,AVAXUSDT
2026-05-23 01:10:00+00:00,9.178,9.178,9.158,9.158,1903.77,1779498899999,17452.48742000,469,251.30000000,2303.34924000,0,AVAXUSDT
2026-05-23 01:15:00+00:00,9.159,9.168,9.151,9.168,2461.52,1779499199999,22548.80466000,360,2197.60000000,20132.01350000,0,AVAXUSDT
2026-05-23 01:20:00+00:00,9.168,9.178,9.165,9.165,1328.88,1779499499999,12188.98970000,301,721.13000000,6613.66897000,0,AVAXUSDT
2026-05-23 01:25:00+00:00,9.165,9.171,9.161,9.167,2007.22,1779499799999,18400.79751000,281,1425.19000000,13064.98565000,0,AVAXUSDT
2026-05-23 01:30:00+00:00,9.167,9.171,9.16,9.163,1451.73,1779500099999,13304.13304000,351,963.81000000,8832.64808000,0,AVAXUSDT
2026-05-23 01:35:00+00:00,9.163,9.178,9.161,9.175,2306.28,1779500399999,21150.83410000,466,1158.58000000,10623.69626000,0,AVAXUSDT
2026-05-23 01:40:00+00:00,9.174,9.176,9.163,9.17,3626.77,1779500699999,33247.02413000,353,894.13000000,8195.57849000,0,AVAXUSDT
2026-05-23 01:45:00+00:00,9.17,9.177,9.153,9.175,4299.28,1779500999999,39411.02938000,552,3292.09000000,30179.85264000,0,AVAXUSDT
2026-05-23 01:50:00+00:00,9.175,9.184,9.173,9.184,1945.78,1779501299999,17855.72208000,283,1085.40000000,9960.32665000,0,AVAXUSDT
2026-05-23 01:55:00+00:00,9.183,9.184,9.179,9.182,3517.89,1779501599999,32300.88416000,294,3175.64000000,29158.92603000,0,AVAXUSDT
2026-05-23 02:00:00+00:00,9.183,9.189,9.17,9.171,3524.97,1779501899999,32343.74154000,513,600.87000000,5516.55610000,0,AVAXUSDT
2026-05-23 02:05:00+00:00,9.172,9.182,9.172,9.177,824.27,1779502199999,7565.56921000,365,537.22000000,4930.67007000,0,AVAXUSDT
2026-05-23 02:10:00+00:00,9.177,9.187,9.17,9.172,6829.53,1779502499999,62689.64498000,558,1456.64000000,13375.77818000,0,AVAXUSDT
2026-05-23 02:15:00+00:00,9.173,9.184,9.172,9.173,19308.2,1779502799999,177189.64965000,641,2888.62000000,26508.55212000,0,AVAXUSDT
2026-05-23 02:20:00+00:00,9.174,9.182,9.172,9.182,1220.36,1779503099999,11198.44686000,234,1016.08000000,9324.49732000,0,AVAXUSDT
2026-05-23 02:25:00+00:00,9.182,9.182,9.178,9.181,961.29,1779503399999,8825.34924000,183,635.18000000,5831.60498000,0,AVAXUSDT
2026-05-23 02:30:00+00:00,9.182,9.186,9.18,9.183,558.73,1779503699999,5131.00447000,207,302.30000000,2776.20154000,0,AVAXUSDT
2026-05-23 02:35:00+00:00,9.182,9.187,9.179,9.187,1236.21,1779503999999,11350.38364000,231,962.56000000,8837.77623000,0,AVAXUSDT
2026-05-23 02:40:00+00:00,9.187,9.191,9.182,9.185,1283.19,1779504299999,11788.34241000,291,491.40000000,4514.32817000,0,AVAXUSDT
2026-05-23 02:45:00+00:00,9.184,9.187,9.179,9.187,1007.81,1779504599999,9255.02097000,254,662.43000000,6083.97453000,0,AVAXUSDT
2026-05-23 02:50:00+00:00,9.188,9.191,9.186,9.189,1936.57,1779504899999,17792.79369000,212,1497.78000000,13761.37953000,0,AVAXUSDT
2026-05-23 02:55:00+00:00,9.188,9.192,9.186,9.192,666.29,1779505199999,6122.20208000,115,296.48000000,2724.64121000,0,AVAXUSDT
2026-05-23 03:00:00+00:00,9.192,9.196,9.191,9.194,485.25,1779505499999,4461.14620000,136,280.68000000,2580.47294000,0,AVAXUSDT
2026-05-23 03:05:00+00:00,9.194,9.196,9.193,9.196,691.25,1779505799999,6355.54892000,86,646.44000000,5943.56654000,0,AVAXUSDT
2026-05-23 03:10:00+00:00,9.196,9.2,9.193,9.2,706.01,1779506099999,6493.31936000,145,572.25000000,5263.09187000,0,AVAXUSDT
2026-05-23 03:15:00+00:00,9.2,9.202,9.198,9.198,1640.24,1779506399999,15091.22162000,189,873.66000000,8038.52449000,0,AVAXUSDT
2026-05-23 03:20:00+00:00,9.198,9.205,9.196,9.201,1397.11,1779506699999,12855.74584000,228,1030.65000000,9483.03750000,0,AVAXUSDT
2026-05-23 03:25:00+00:00,9.201,9.201,9.197,9.198,247.61,1779506999999,2277.73614000,78,143.27000000,1318.01231000,0,AVAXUSDT
2026-05-23 03:30:00+00:00,9.199,9.21,9.199,9.208,2819.99,1779507299999,25958.84971000,232,2041.77000000,18794.71359000,0,AVAXUSDT
2026-05-23 03:35:00+00:00,9.207,9.214,9.207,9.213,1577.18,1779507599999,14527.59608000,148,1309.85000000,12065.37225000,0,AVAXUSDT
2026-05-23 03:40:00+00:00,9.214,9.214,9.21,9.211,2233.12,1779507899999,20571.09235000,165,852.92000000,7856.44592000,0,AVAXUSDT
2026-05-23 03:45:00+00:00,9.211,9.214,9.21,9.21,1490.74,1779508199999,13733.39002000,166,547.15000000,5040.77704000,0,AVAXUSDT
2026-05-23 03:50:00+00:00,9.211,9.215,9.211,9.215,1280.69,1779508499999,11797.58700000,97,641.65000000,5911.35510000,0,AVAXUSDT
2026-05-23 03:55:00+00:00,9.215,9.215,9.201,9.201,2676.07,1779508799999,24635.80113000,302,438.99000000,4040.57754000,0,AVAXUSDT
2026-05-23 04:00:00+00:00,9.2,9.201,9.187,9.197,3615.24,1779509099999,33238.82150000,377,2205.09000000,20273.94536000,0,AVAXUSDT
2026-05-23 04:05:00+00:00,9.197,9.199,9.19,9.194,1722.18,1779509399999,15833.54595000,195,250.74000000,2304.86916000,0,AVAXUSDT
2026-05-23 04:10:00+00:00,9.193,9.194,9.184,9.184,1281.23,1779509699999,11771.82432000,217,286.29000000,2630.43348000,0,AVAXUSDT
2026-05-23 04:15:00+00:00,9.184,9.184,9.168,9.17,2947.31,1779509999999,27043.02425000,430,1051.21000000,9646.11356000,0,AVAXUSDT
2026-05-23 04:20:00+00:00,9.169,9.17,9.158,9.164,5000.04,1779510299999,45815.89444000,375,718.27000000,6580.84199000,0,AVAXUSDT
2026-05-23 04:25:00+00:00,9.163,9.165,9.154,9.16,4130.96,1779510599999,37833.93904000,412,2239.10000000,20505.70914000,0,AVAXUSDT
2026-05-23 04:30:00+00:00,9.161,9.182,9.161,9.176,2302.79,1779510899999,21124.36678000,389,1376.78000000,12624.92010000,0,AVAXUSDT
2026-05-23 04:35:00+00:00,9.175,9.175,9.162,9.163,3797.52,1779511199999,34811.62793000,493,1424.54000000,13060.44168000,0,AVAXUSDT
2026-05-23 04:40:00+00:00,9.163,9.165,9.153,9.157,1245.77,1779511499999,11407.29097000,297,643.56000000,5892.02146000,0,AVAXUSDT
2026-05-23 04:45:00+00:00,9.158,9.164,9.157,9.162,2255.7,1779511799999,20662.12941000,303,557.66000000,5108.12682000,0,AVAXUSDT
2026-05-23 04:50:00+00:00,9.163,9.163,9.151,9.156,3090.43,1779512099999,28292.74628000,349,1068.24000000,9779.14662000,0,AVAXUSDT
2026-05-23 04:55:00+00:00,9.156,9.159,9.153,9.158,2242.85,1779512399999,20536.99254000,227,1315.17000000,12041.74710000,0,AVAXUSDT
2026-05-23 05:00:00+00:00,9.159,9.16,9.149,9.16,2473.71,1779512699999,22643.54492000,325,1748.38000000,16005.52660000,0,AVAXUSDT
2026-05-23 05:05:00+00:00,9.161,9.167,9.157,9.158,5380.41,1779512999999,49305.00223000,315,562.42000000,5151.14527000,0,AVAXUSDT
2026-05-23 05:10:00+00:00,9.158,9.158,9.148,9.155,4943.66,1779513299999,45244.61053000,329,1863.87000000,17056.39496000,0,AVAXUSDT
2026-05-23 05:15:00+00:00,9.155,9.162,9.144,9.144,4342.06,1779513599999,39742.25595000,352,836.38000000,7659.19048000,0,AVAXUSDT
2026-05-23 05:20:00+00:00,9.144,9.144,9.129,9.135,7780.99,1779513899999,71106.17606000,627,2370.16000000,21656.04851000,0,AVAXUSDT
2026-05-23 05:25:00+00:00,9.136,9.146,9.136,9.141,1875.67,1779514199999,17147.88908000,215,690.21000000,6309.74489000,0,AVAXUSDT
2026-05-23 05:30:00+00:00,9.14,9.14,9.127,9.127,6395.78,1779514499999,58420.08787000,487,943.18000000,8615.44423000,0,AVAXUSDT
2026-05-23 05:35:00+00:00,9.127,9.147,9.126,9.147,4178.75,1779514799999,38204.49818000,399,1796.85000000,16419.65491000,0,AVAXUSDT
2026-05-23 05:40:00+00:00,9.148,9.154,9.145,9.152,3827.6,1779515099999,35021.99838000,386,3010.01000000,27540.45011000,0,AVAXUSDT
2026-05-23 05:45:00+00:00,9.152,9.152,9.142,9.145,3323.14,1779515399999,30396.70970000,371,1073.27000000,9817.47608000,0,AVAXUSDT
2026-05-23 05:50:00+00:00,9.144,9.147,9.141,9.142,1188.01,1779515699999,10863.15127000,236,861.83000000,7880.70953000,0,AVAXUSDT
2026-05-23 05:55:00+00:00,9.143,9.149,9.138,9.147,2769.68,1779515999999,25327.13981000,264,1244.29000000,11377.97858000,0,AVAXUSDT
2026-05-23 06:00:00+00:00,9.148,9.152,9.131,9.134,8599.75,1779516299999,78583.96933000,708,2068.85000000,18906.95833000,0,AVAXUSDT
2026-05-23 06:05:00+00:00,9.134,9.143,9.131,9.135,6491.51,1779516599999,59312.05684000,478,2908.61000000,26570.62912000,0,AVAXUSDT
2026-05-23 06:10:00+00:00,9.135,9.135,9.128,9.131,3089.41,1779516899999,28211.77494000,366,573.56000000,5237.00677000,0,AVAXUSDT
2026-05-23 06:15:00+00:00,9.132,9.139,9.129,9.135,5644.48,1779517199999,51556.89846000,393,3166.34000000,28922.10966000,0,AVAXUSDT
2026-05-23 06:20:00+00:00,9.135,9.138,9.128,9.134,3236.23,1779517499999,29560.27704000,350,1446.81000000,13214.59082000,0,AVAXUSDT
2026-05-23 06:25:00+00:00,9.134,9.134,9.124,9.124,4637.13,1779517799999,42327.51288000,526,1527.44000000,13940.62875000,0,AVAXUSDT
2026-05-23 06:30:00+00:00,9.125,9.136,9.123,9.13,3623.97,1779518099999,33085.66656000,707,2280.59000000,20822.95538000,0,AVAXUSDT
2026-05-23 06:35:00+00:00,9.131,9.134,9.118,9.123,8497.19,1779518399999,77530.45896000,447,1457.99000000,13301.24934000,0,AVAXUSDT
2026-05-23 06:40:00+00:00,9.124,9.128,9.12,9.121,2556.73,1779518699999,23324.93325000,270,630.11000000,5750.00340000,0,AVAXUSDT
2026-05-23 06:45:00+00:00,9.122,9.124,9.108,9.113,7483.18,1779518999999,68200.10120000,514,1922.20000000,17518.25410000,0,AVAXUSDT
2026-05-23 06:50:00+00:00,9.114,9.117,9.11,9.114,4417.54,1779519299999,40259.22034000,300,2433.67000000,22181.30195000,0,AVAXUSDT
2026-05-23 06:55:00+00:00,9.114,9.119,9.109,9.118,5803.27,1779519599999,52892.02768000,459,1460.50000000,13312.59689000,0,AVAXUSDT
2026-05-23 07:00:00+00:00,9.119,9.123,9.108,9.11,4870.87,1779519899999,44388.73928000,395,1057.61000000,9638.88928000,0,AVAXUSDT
2026-05-23 07:05:00+00:00,9.109,9.109,9.084,9.106,26241.68,1779520199999,238701.53465000,1223,8248.66000000,75018.02081000,0,AVAXUSDT
2026-05-23 07:10:00+00:00,9.106,9.11,9.099,9.103,6380.74,1779520499999,58094.77922000,477,1490.35000000,13569.31786000,0,AVAXUSDT
2026-05-23 07:15:00+00:00,9.103,9.103,9.092,9.094,8405.77,1779520799999,76460.29311000,527,2353.22000000,21402.42006000,0,AVAXUSDT
2026-05-23 07:20:00+00:00,9.094,9.1,9.087,9.096,14948.23,1779521099999,135948.79329000,729,9703.69000000,88258.62088000,0,AVAXUSDT
2026-05-23 07:25:00+00:00,9.095,9.098,9.088,9.098,17666.51,1779521399999,160627.83798000,652,9092.66000000,82681.23629000,0,AVAXUSDT
2026-05-23 07:30:00+00:00,9.097,9.097,9.064,9.086,34760.34,1779521699999,315586.86163000,2045,12104.40000000,109886.81366000,0,AVAXUSDT
2026-05-23 07:35:00+00:00,9.086,9.096,9.084,9.092,12115.23,1779521999999,110127.62220000,666,4394.73000000,39954.20652000,0,AVAXUSDT
2026-05-23 07:40:00+00:00,9.092,9.092,9.071,9.079,14317.18,1779522299999,130013.70867000,1030,2858.41000000,25949.41288000,0,AVAXUSDT
2026-05-23 07:45:00+00:00,9.078,9.078,8.977,8.987,131801.01,1779522599999,1188145.39157000,8006,37210.05000000,335165.23725000,0,AVAXUSDT
2026-05-23 07:50:00+00:00,8.987,8.987,8.842,8.906,188530.43,1779522899999,1679044.47072000,10770,79858.92000000,710857.40831000,0,AVAXUSDT
2026-05-23 07:55:00+00:00,8.905,8.928,8.9,8.92,64021.47,1779523199999,570823.55951000,2969,29570.72000000,263646.78037000,0,AVAXUSDT
2026-05-23 08:00:00+00:00,8.92,8.93,8.883,8.888,95374.52,1779523499999,849377.40512000,3554,28385.87000000,252794.67604000,0,AVAXUSDT
2026-05-23 08:05:00+00:00,8.889,8.898,8.87,8.898,27958.66,1779523799999,248368.20531000,1529,11368.42000000,101009.68878000,0,AVAXUSDT
2026-05-23 08:10:00+00:00,8.898,8.921,8.898,8.909,14992.96,1779524099999,133609.78165000,1615,5513.64000000,49121.55167000,0,AVAXUSDT
2026-05-23 08:15:00+00:00,8.909,8.924,8.906,8.913,15435.49,1779524399999,137633.95654000,1511,7317.66000000,65250.46709000,0,AVAXUSDT
2026-05-23 08:20:00+00:00,8.913,8.92,8.897,8.915,26346.27,1779524699999,234653.19178000,1590,13209.03000000,117642.60372000,0,AVAXUSDT
2026-05-23 08:25:00+00:00,8.914,8.914,8.883,8.888,23190.79,1779524999999,206335.27089000,1507,6787.50000000,60374.79140000,0,AVAXUSDT
2026-05-23 08:30:00+00:00,8.889,8.891,8.875,8.88,25139.2,1779525299999,223288.01931000,1447,6220.09000000,55246.79869000,0,AVAXUSDT
2026-05-23 08:35:00+00:00,8.88,8.88,8.834,8.846,48768.85,1779525599999,431961.12868000,2383,14137.73000000,125186.34204000,0,AVAXUSDT
2026-05-23 08:40:00+00:00,8.847,8.864,8.839,8.861,13068.41,1779525899999,115670.89870000,1242,6543.32000000,57915.54092000,0,AVAXUSDT
2026-05-23 08:45:00+00:00,8.861,8.896,8.858,8.896,24414.0,1779526199999,216623.47797000,1494,14245.55000000,126441.61746000,0,AVAXUSDT
2026-05-23 08:50:00+00:00,8.897,8.902,8.889,8.89,15767.46,1779526499999,140261.36743000,999,6270.66000000,55789.70174000,0,AVAXUSDT
2026-05-23 08:55:00+00:00,8.89,8.894,8.883,8.89,11315.09,1779526799999,100575.45049000,707,3453.37000000,30696.63223000,0,AVAXUSDT
2026-05-23 09:00:00+00:00,8.889,8.896,8.881,8.891,11995.32,1779527099999,106627.41325000,798,7232.15000000,64296.97312000,0,AVAXUSDT
2026-05-23 09:05:00+00:00,8.891,8.891,8.874,8.874,12298.53,1779527399999,109237.66405000,885,1814.24000000,16113.06279000,0,AVAXUSDT
2026-05-23 09:10:00+00:00,8.874,8.881,8.87,8.875,15013.22,1779527699999,133254.98204000,603,8712.48000000,77341.39054000,0,AVAXUSDT
2026-05-23 09:15:00+00:00,8.876,8.879,8.867,8.873,12533.82,1779527999999,111220.81583000,480,2630.85000000,23344.48902000,0,AVAXUSDT
2026-05-23 09:20:00+00:00,8.873,8.878,8.863,8.864,13844.64,1779528299999,122806.15531000,599,4156.63000000,36873.59477000,0,AVAXUSDT
2026-05-23 09:25:00+00:00,8.864,8.865,8.853,8.86,16391.52,1779528599999,145212.96582000,523,4475.98000000,39658.82309000,0,AVAXUSDT
2026-05-23 09:30:00+00:00,8.86,8.862,8.853,8.858,9755.52,1779528899999,86407.80196000,783,4483.20000000,39711.84575000,0,AVAXUSDT
2026-05-23 09:35:00+00:00,8.857,8.857,8.848,8.853,12333.47,1779529199999,109183.05392000,606,4822.46000000,42689.92418000,0,AVAXUSDT
2026-05-23 09:40:00+00:00,8.853,8.863,8.853,8.854,13390.35,1779529499999,118602.80412000,883,8467.68000000,75005.35412000,0,AVAXUSDT
2026-05-23 09:45:00+00:00,8.855,8.857,8.842,8.85,19109.09,1779529799999,169083.92449000,950,4587.00000000,40588.66403000,0,AVAXUSDT
2026-05-23 09:50:00+00:00,8.849,8.883,8.848,8.874,19708.71,1779530099999,174846.00884000,1238,13620.85000000,120820.44946000,0,AVAXUSDT
2026-05-23 09:55:00+00:00,8.875,8.881,8.873,8.875,2335.82,1779530399999,20734.67884000,465,1402.31000000,12448.05259000,0,AVAXUSDT
2026-05-23 10:00:00+00:00,8.875,8.893,8.872,8.89,11250.98,1779530699999,99947.89460000,803,9190.68000000,81646.37405000,0,AVAXUSDT
2026-05-23 10:05:00+00:00,8.89,8.898,8.888,8.896,3819.76,1779530999999,33976.78377000,508,2267.85000000,20172.87701000,0,AVAXUSDT
2026-05-23 10:10:00+00:00,8.896,8.904,8.896,8.904,4654.71,1779531299999,41424.10457000,523,1140.24000000,10148.12126000,0,AVAXUSDT
2026-05-23 10:15:00+00:00,8.905,8.908,8.899,8.904,2913.22,1779531599999,25939.20957000,457,1417.22000000,12617.34639000,0,AVAXUSDT
2026-05-23 10:20:00+00:00,8.904,8.909,8.901,8.909,3563.06,1779531899999,31729.18585000,368,2749.54000000,24485.62150000,0,AVAXUSDT
2026-05-23 10:25:00+00:00,8.909,8.917,8.909,8.916,3856.4,1779532199999,34370.68797000,380,2235.99000000,19930.66556000,0,AVAXUSDT
2026-05-23 10:30:00+00:00,8.915,8.915,8.903,8.913,7819.07,1779532499999,69657.08289000,604,3848.74000000,34290.25462000,0,AVAXUSDT
2026-05-23 10:35:00+00:00,8.913,8.916,8.908,8.912,5250.74,1779532799999,46795.51523000,393,2481.12000000,22112.11470000,0,AVAXUSDT
2026-05-23 10:40:00+00:00,8.912,8.912,8.906,8.908,3353.86,1779533099999,29879.05695000,476,2041.18000000,18185.06394000,0,AVAXUSDT
2026-05-23 10:45:00+00:00,8.909,8.912,8.903,8.905,10775.81,1779533399999,95986.32458000,408,2284.13000000,20348.19893000,0,AVAXUSDT
2026-05-23 10:50:00+00:00,8.904,8.912,8.904,8.906,18796.54,1779533699999,167451.26330000,545,7268.54000000,64746.92254000,0,AVAXUSDT
2026-05-23 10:55:00+00:00,8.905,8.907,8.901,8.906,6254.11,1779533999999,55686.13848000,372,831.35000000,7402.87095000,0,AVAXUSDT
2026-05-23 11:00:00+00:00,8.906,8.913,8.906,8.912,3040.09,1779534299999,27085.69589000,250,2046.29000000,18231.28257000,0,AVAXUSDT
2026-05-23 11:05:00+00:00,8.911,8.923,8.908,8.921,17336.85,1779534599999,154609.30900000,786,13478.94000000,120211.84781000,0,AVAXUSDT
2026-05-23 11:10:00+00:00,8.92,8.926,8.91,8.91,6174.59,1779534899999,55070.77463000,512,1496.65000000,13354.09356000,0,AVAXUSDT
2026-05-23 11:15:00+00:00,8.91,8.914,8.908,8.91,5864.89,1779535199999,52262.08128000,392,1965.01000000,17509.73861000,0,AVAXUSDT
2026-05-23 11:20:00+00:00,8.91,8.914,8.91,8.912,1885.61,1779535499999,16804.89598000,288,948.52000000,8453.46637000,0,AVAXUSDT
2026-05-23 11:25:00+00:00,8.912,8.918,8.91,8.912,15947.8,1779535799999,142170.49532000,566,9174.68000000,81797.20105000,0,AVAXUSDT
2026-05-23 11:30:00+00:00,8.912,8.917,8.911,8.912,1660.51,1779536099999,14800.58110000,293,389.29000000,3470.11410000,0,AVAXUSDT
2026-05-23 11:35:00+00:00,8.912,8.912,8.9,8.901,18721.16,1779536399999,166660.72447000,475,3077.74000000,27402.26425000,0,AVAXUSDT
2026-05-23 11:40:00+00:00,8.901,8.903,8.9,8.9,11221.07,1779536699999,99869.84303000,165,1419.37000000,12634.06189000,0,AVAXUSDT
2026-05-23 11:45:00+00:00,8.901,8.902,8.9,8.9,18392.93,1779536999999,163699.11229000,105,658.21000000,5858.75809000,0,AVAXUSDT
2026-05-23 11:50:00+00:00,8.9,8.903,8.9,8.903,959.36,1779537299999,8538.70024000,87,208.63000000,1857.13150000,0,AVAXUSDT
2026-05-23 11:55:00+00:00,8.903,8.909,8.9,8.9,37874.64,1779537599999,337102.07775000,359,2393.57000000,21313.35095000,0,AVAXUSDT
2026-05-23 12:00:00+00:00,8.901,8.902,8.877,8.887,103518.16,1779537899999,920975.59500000,1582,11084.01000000,98512.41416000,0,AVAXUSDT
2026-05-23 12:05:00+00:00,8.888,8.895,8.882,8.894,10750.68,1779538199999,95576.88132000,764,3984.49000000,35419.97430000,0,AVAXUSDT
2026-05-23 12:10:00+00:00,8.894,8.902,8.882,8.886,3574.4,1779538499999,31783.94655000,515,1420.35000000,12631.44097000,0,AVAXUSDT
2026-05-23 12:15:00+00:00,8.887,8.894,8.883,8.888,1359.21,1779538799999,12082.68453000,359,1026.75000000,9127.59153000,0,AVAXUSDT
2026-05-23 12:20:00+00:00,8.889,8.902,8.889,8.902,27057.53,1779539099999,240622.52764000,518,25120.52000000,223388.82122000,0,AVAXUSDT
2026-05-23 12:25:00+00:00,8.903,8.914,8.903,8.913,5828.16,1779539399999,51932.29671000,493,951.68000000,8478.08620000,0,AVAXUSDT
2026-05-23 12:30:00+00:00,8.914,8.919,8.905,8.907,6671.47,1779539699999,59455.53341000,494,1186.91000000,10579.24488000,0,AVAXUSDT
2026-05-23 12:35:00+00:00,8.908,8.918,8.908,8.915,6549.13,1779539999999,58371.70338000,523,961.51000000,8570.70831000,0,AVAXUSDT
2026-05-23 12:40:00+00:00,8.915,8.916,8.904,8.909,989.94,1779540299999,8818.65099000,353,590.30000000,5257.67581000,0,AVAXUSDT
2026-05-23 12:45:00+00:00,8.909,8.912,8.906,8.911,1657.2,1779540599999,14764.19044000,342,1011.12000000,9008.32168000,0,AVAXUSDT
2026-05-23 12:50:00+00:00,8.912,8.925,8.912,8.925,2646.75,1779540899999,23605.88673000,362,2356.46000000,21018.08949000,0,AVAXUSDT
2026-05-23 12:55:00+00:00,8.925,8.94,8.925,8.929,9389.54,1779541199999,83874.27213000,639,5734.79000000,51221.67469000,0,AVAXUSDT
2026-05-23 13:00:00+00:00,8.928,8.965,8.927,8.964,9014.26,1779541499999,80670.76144000,1399,6945.39000000,62159.76184000,0,AVAXUSDT
2026-05-23 13:05:00+00:00,8.963,8.98,8.956,8.977,7206.3,1779541799999,64624.17304000,1138,6102.74000000,54728.50847000,0,AVAXUSDT
2026-05-23 13:10:00+00:00,8.976,8.99,8.975,8.989,12626.0,1779542099999,113388.21494000,641,9346.67000000,83948.65080000,0,AVAXUSDT
2026-05-23 13:15:00+00:00,8.988,9.016,8.988,8.993,19814.94,1779542399999,178359.95542000,2360,12441.33000000,111986.46846000,0,AVAXUSDT
2026-05-23 13:20:00+00:00,8.993,9.01,8.993,9.006,6882.13,1779542699999,61967.40332000,808,5222.74000000,47024.92911000,0,AVAXUSDT
2026-05-23 13:25:00+00:00,9.006,9.018,9.005,9.016,6419.54,1779542999999,57847.44024000,370,5090.85000000,45876.67464000,0,AVAXUSDT
2026-05-23 13:30:00+00:00,9.017,9.022,8.995,8.995,15164.28,1779543299999,136692.66961000,1229,7340.09000000,66174.56454000,0,AVAXUSDT
2026-05-23 13:35:00+00:00,8.995,8.995,8.978,8.989,3370.31,1779543599999,30288.01928000,886,1895.40000000,17032.30634000,0,AVAXUSDT
2026-05-23 13:40:00+00:00,8.989,8.989,8.979,8.987,2809.3,1779543899999,25234.15221000,411,1379.85000000,12394.00573000,0,AVAXUSDT
2026-05-23 13:45:00+00:00,8.987,9.02,8.987,9.016,10796.11,1779544199999,97151.42535000,1099,6886.09000000,61974.33631000,0,AVAXUSDT
2026-05-23 13:50:00+00:00,9.015,9.015,8.99,9.008,9563.69,1779544499999,86112.54358000,1159,5810.84000000,52312.93947000,0,AVAXUSDT
2026-05-23 13:55:00+00:00,9.007,9.013,9.0,9.013,4581.93,1779544799999,41253.49224000,483,2454.44000000,22100.25403000,0,AVAXUSDT
2026-05-23 14:00:00+00:00,9.014,9.018,9.001,9.004,1619.8,1779545099999,14592.45457000,557,630.92000000,5681.58815000,0,AVAXUSDT
2026-05-23 14:05:00+00:00,9.005,9.034,9.002,9.03,5438.34,1779545399999,49044.26833000,832,3716.25000000,33506.34647000,0,AVAXUSDT
2026-05-23 14:10:00+00:00,9.03,9.038,9.029,9.033,4801.05,1779545699999,43374.18990000,430,2542.93000000,22972.89167000,0,AVAXUSDT
2026-05-23 14:15:00+00:00,9.033,9.036,9.02,9.022,5991.32,1779545999999,54064.34265000,572,2331.20000000,21036.55797000,0,AVAXUSDT
2026-05-23 14:20:00+00:00,9.022,9.032,9.02,9.022,3917.56,1779546299999,35349.74448000,456,1993.69000000,17993.54756000,0,AVAXUSDT
2026-05-23 14:25:00+00:00,9.021,9.028,9.02,9.027,6874.77,1779546599999,62040.02363000,410,6175.16000000,55726.90938000,0,AVAXUSDT
2026-05-23 14:30:00+00:00,9.028,9.033,9.02,9.03,2645.23,1779546899999,23879.57767000,683,1399.88000000,12637.70843000,0,AVAXUSDT
2026-05-23 14:35:00+00:00,9.031,9.039,9.023,9.037,6127.26,1779547199999,55349.27892000,776,4419.09000000,39917.37066000,0,AVAXUSDT
2026-05-23 14:40:00+00:00,9.036,9.05,9.036,9.049,4352.22,1779547499999,39357.61800000,836,3304.86000000,29883.60812000,0,AVAXUSDT
2026-05-23 14:45:00+00:00,9.048,9.06,9.045,9.049,4308.69,1779547799999,38999.17930000,940,1547.67000000,14012.35074000,0,AVAXUSDT
2026-05-23 14:50:00+00:00,9.048,9.061,9.046,9.061,579.4,1779548099999,5244.13661000,237,382.66000000,3463.63891000,0,AVAXUSDT
2026-05-23 14:55:00+00:00,9.06,9.112,9.06,9.105,30530.02,1779548399999,277590.15222000,2183,20135.30000000,182999.49079000,0,AVAXUSDT
2026-05-23 15:00:00+00:00,9.106,9.12,9.095,9.113,7539.77,1779548699999,68682.36028000,1339,4019.30000000,36612.56535000,0,AVAXUSDT
2026-05-23 15:05:00+00:00,9.113,9.155,9.105,9.15,17502.69,1779548999999,159774.37386000,1218,12899.47000000,117784.64349000,0,AVAXUSDT
2026-05-23 15:10:00+00:00,9.151,9.169,9.148,9.161,7746.96,1779549299999,70964.20408000,991,3564.81000000,32652.01182000,0,AVAXUSDT
2026-05-23 15:15:00+00:00,9.162,9.162,9.143,9.148,9612.03,1779549599999,87963.10608000,997,3488.61000000,31925.59083000,0,AVAXUSDT
2026-05-23 15:20:00+00:00,9.147,9.149,9.132,9.143,3529.36,1779549899999,32263.87341000,502,1177.24000000,10764.24731000,0,AVAXUSDT
2026-05-23 15:25:00+00:00,9.143,9.143,9.12,9.125,4592.61,1779550199999,41957.78664000,549,1975.31000000,18049.64126000,0,AVAXUSDT
2026-05-23 15:30:00+00:00,9.126,9.128,9.106,9.109,3615.39,1779550499999,32952.16953000,642,756.01000000,6891.03958000,0,AVAXUSDT
2026-05-23 15:35:00+00:00,9.108,9.119,9.106,9.108,7477.63,1779550799999,68145.85000000,607,4237.78000000,38619.88793000,0,AVAXUSDT
2026-05-23 15:40:00+00:00,9.109,9.121,9.107,9.112,2037.74,1779551099999,18573.21400000,504,1335.99000000,12178.19129000,0,AVAXUSDT
2026-05-23 15:45:00+00:00,9.112,9.134,9.112,9.12,4685.55,1779551399999,42745.38361000,623,2722.62000000,24833.55590000,0,AVAXUSDT
2026-05-23 15:50:00+00:00,9.12,9.132,9.12,9.127,2733.21,1779551699999,24940.28432000,464,2109.12000000,19244.57394000,0,AVAXUSDT
2026-05-23 15:55:00+00:00,9.127,9.134,9.124,9.134,1105.73,1779551999999,10093.02631000,189,39.13000000,357.23081000,0,AVAXUSDT
2026-05-23 16:00:00+00:00,9.135,9.148,9.126,9.139,4388.03,1779552299999,40098.15814000,903,3658.39000000,33430.02514000,0,AVAXUSDT
2026-05-23 16:05:00+00:00,9.139,9.141,9.127,9.132,2766.77,1779552599999,25259.40432000,438,322.07000000,2942.27855000,0,AVAXUSDT
2026-05-23 16:10:00+00:00,9.131,9.139,9.127,9.132,4202.42,1779552899999,38386.12273000,385,358.01000000,3269.61583000,0,AVAXUSDT
2026-05-23 16:15:00+00:00,9.132,9.135,9.127,9.131,1409.84,1779553199999,12874.62135000,380,879.16000000,8027.90550000,0,AVAXUSDT
2026-05-23 16:20:00+00:00,9.132,9.133,9.116,9.116,2107.86,1779553499999,19230.36833000,517,466.51000000,4256.84110000,0,AVAXUSDT
2026-05-23 16:25:00+00:00,9.115,9.119,9.11,9.118,1733.48,1779553799999,15799.87798000,276,457.90000000,4173.70105000,0,AVAXUSDT
2026-05-23 16:30:00+00:00,9.119,9.14,9.116,9.131,4268.09,1779554099999,38973.95898000,416,3356.77000000,30652.50438000,0,AVAXUSDT
2026-05-23 16:35:00+00:00,9.133,9.162,9.133,9.157,7376.19,1779554399999,67491.98753000,721,5507.20000000,50392.02852000,0,AVAXUSDT
2026-05-23 16:40:00+00:00,9.157,9.157,9.139,9.142,2671.77,1779554699999,24423.96123000,427,1945.38000000,17783.17172000,0,AVAXUSDT
2026-05-23 16:45:00+00:00,9.142,9.155,9.142,9.155,2862.48,1779554999999,26185.78556000,716,1518.33000000,13888.75214000,0,AVAXUSDT
2026-05-23 16:50:00+00:00,9.154,9.16,9.145,9.145,7457.9,1779555299999,68267.34347000,525,478.79000000,4382.95453000,0,AVAXUSDT
2026-05-23 16:55:00+00:00,9.144,9.158,9.143,9.153,3138.01,1779555599999,28724.71328000,431,1694.94000000,15514.33196000,0,AVAXUSDT
2026-05-23 17:00:00+00:00,9.154,9.173,9.142,9.142,9528.37,1779555899999,87294.45210000,903,6529.78000000,59842.72964000,0,AVAXUSDT
2026-05-23 17:05:00+00:00,9.142,9.156,9.142,9.152,3147.27,1779556199999,28797.11691000,358,1608.68000000,14720.30826000,0,AVAXUSDT
2026-05-23 17:10:00+00:00,9.151,9.151,9.141,9.146,3934.67,1779556499999,35983.90607000,474,1787.39000000,16345.62083000,0,AVAXUSDT
2026-05-23 17:15:00+00:00,9.147,9.155,9.146,9.148,2726.1,1779556799999,24945.45841000,472,1150.33000000,10527.79422000,0,AVAXUSDT
2026-05-23 17:20:00+00:00,9.148,9.148,9.132,9.136,6382.21,1779557099999,58338.93135000,663,1898.03000000,17346.02759000,0,AVAXUSDT
2026-05-23 17:25:00+00:00,9.136,9.154,9.134,9.15,4981.91,1779557399999,45571.16718000,429,4770.56000000,43638.26832000,0,AVAXUSDT
2026-05-23 17:30:00+00:00,9.15,9.155,9.138,9.141,2340.08,1779557699999,21405.52797000,570,1369.53000000,12526.98593000,0,AVAXUSDT
2026-05-23 17:35:00+00:00,9.141,9.142,9.128,9.136,2458.75,1779557999999,22458.17384000,362,968.79000000,8847.35549000,0,AVAXUSDT
2026-05-23 17:40:00+00:00,9.136,9.137,9.129,9.135,710.64,1779558299999,6490.94265000,250,277.55000000,2535.03371000,0,AVAXUSDT
2026-05-23 17:45:00+00:00,9.136,9.138,9.117,9.13,5005.51,1779558599999,45675.66922000,701,1789.33000000,16327.42468000,0,AVAXUSDT
2026-05-23 17:50:00+00:00,9.13,9.143,9.13,9.141,978.77,1779558899999,8940.63769000,436,691.45000000,6315.76961000,0,AVAXUSDT
2026-05-23 17:55:00+00:00,9.142,9.153,9.142,9.144,1666.13,1779559199999,15240.66892000,397,566.44000000,5181.95965000,0,AVAXUSDT
2026-05-23 18:00:00+00:00,9.144,9.153,9.139,9.151,2712.05,1779559499999,24805.86048000,379,2359.08000000,21578.26079000,0,AVAXUSDT
2026-05-23 18:05:00+00:00,9.15,9.164,9.149,9.164,5328.35,1779559799999,48799.11499000,515,5133.16000000,47012.62838000,0,AVAXUSDT
2026-05-23 18:10:00+00:00,9.165,9.2,9.161,9.193,18155.5,1779560099999,166811.99897000,2216,8752.20000000,80423.54065000,0,AVAXUSDT
2026-05-23 18:15:00+00:00,9.194,9.223,9.181,9.222,21945.62,1779560399999,202062.10600000,1894,14066.38000000,129583.19331000,0,AVAXUSDT
2026-05-23 18:20:00+00:00,9.222,9.26,9.222,9.249,18201.21,1779560699999,168262.57076000,2135,8976.86000000,82963.29196000,0,AVAXUSDT
2026-05-23 18:25:00+00:00,9.25,9.269,9.241,9.261,22434.1,1779560999999,207597.74844000,1399,12755.59000000,118052.33447000,0,AVAXUSDT
2026-05-23 18:30:00+00:00,9.261,9.321,9.261,9.301,51445.46,1779561299999,477728.03259000,3909,20993.06000000,194996.42140000,0,AVAXUSDT
2026-05-23 18:35:00+00:00,9.302,9.33,9.301,9.304,29412.69,1779561599999,274054.51490000,3125,18074.81000000,168438.51612000,0,AVAXUSDT
2026-05-23 18:40:00+00:00,9.305,9.334,9.305,9.323,11563.12,1779561899999,107791.30306000,1334,6433.02000000,59957.61758000,0,AVAXUSDT
2026-05-23 18:45:00+00:00,9.323,9.323,9.283,9.286,16701.61,1779562199999,155459.72308000,2018,7815.19000000,72744.47202000,0,AVAXUSDT
2026-05-23 18:50:00+00:00,9.287,9.298,9.283,9.288,12793.87,1779562499999,118881.42061000,1090,10399.92000000,96636.81006000,0,AVAXUSDT
2026-05-23 18:55:00+00:00,9.288,9.299,9.273,9.274,5584.71,1779562799999,51866.00274000,720,2922.85000000,27143.94698000,0,AVAXUSDT
2026-05-23 19:00:00+00:00,9.275,9.286,9.263,9.272,13765.49,1779563099999,127670.59636000,1434,7067.09000000,65561.87532000,0,AVAXUSDT
2026-05-23 19:05:00+00:00,9.272,9.279,9.257,9.264,13269.89,1779563399999,123005.86164000,1118,4744.82000000,43997.03522000,0,AVAXUSDT
2026-05-23 19:10:00+00:00,9.263,9.266,9.253,9.261,2892.95,1779563699999,26784.56262000,600,1509.16000000,13973.39412000,0,AVAXUSDT
2026-05-23 19:15:00+00:00,9.262,9.294,9.262,9.288,14069.06,1779563999999,130532.13612000,1119,12092.99000000,112188.83632000,0,AVAXUSDT
2026-05-23 19:20:00+00:00,9.288,9.304,9.282,9.282,8284.76,1779564299999,76994.24001000,822,5186.55000000,48208.59405000,0,AVAXUSDT
2026-05-23 19:25:00+00:00,9.283,9.3,9.283,9.3,3629.09,1779564599999,33725.10099000,439,2387.95000000,22190.79333000,0,AVAXUSDT
2026-05-23 19:30:00+00:00,9.3,9.306,9.278,9.294,8923.36,1779564899999,82917.27233000,876,5120.34000000,47578.05628000,0,AVAXUSDT
2026-05-23 19:35:00+00:00,9.294,9.301,9.283,9.296,6265.64,1779565199999,58223.52727000,544,3364.62000000,31274.96188000,0,AVAXUSDT
2026-05-23 19:40:00+00:00,9.296,9.298,9.269,9.279,6997.85,1779565499999,64947.90614000,660,4390.65000000,40751.71529000,0,AVAXUSDT
2026-05-23 19:45:00+00:00,9.279,9.289,9.276,9.289,1078.0,1779565799999,10004.36441000,366,523.50000000,4858.61333000,0,AVAXUSDT
2026-05-23 19:50:00+00:00,9.289,9.289,9.274,9.277,2113.7,1779566099999,19615.81388000,358,1103.15000000,10237.06496000,0,AVAXUSDT
2026-05-23 19:55:00+00:00,9.276,9.29,9.275,9.285,5788.73,1779566399999,53740.44984000,673,4614.41000000,42839.60213000,0,AVAXUSDT
2026-05-23 20:00:00+00:00,9.286,9.292,9.285,9.287,1509.0,1779566699999,14017.34880000,485,479.99000000,4458.80587000,0,AVAXUSDT
2026-05-23 20:05:00+00:00,9.287,9.288,9.272,9.278,1574.04,1779566999999,14604.33081000,468,501.84000000,4655.75531000,0,AVAXUSDT
2026-05-23 20:10:00+00:00,9.279,9.307,9.277,9.28,17258.88,1779567299999,160408.86421000,982,12779.94000000,118763.32519000,0,AVAXUSDT
2026-05-23 20:15:00+00:00,9.28,9.291,9.276,9.283,5119.42,1779567599999,47524.93420000,609,2716.88000000,25225.61624000,0,AVAXUSDT
2026-05-23 20:20:00+00:00,9.284,9.297,9.272,9.28,7501.25,1779567899999,69638.03648000,774,1086.94000000,10093.25403000,0,AVAXUSDT
2026-05-23 20:25:00+00:00,9.28,9.287,9.272,9.276,5172.2,1779568199999,47992.41455000,581,3766.77000000,34952.73402000,0,AVAXUSDT
2026-05-23 20:30:00+00:00,9.276,9.329,9.269,9.315,38082.09,1779568499999,354503.43241000,3407,24648.71000000,229471.30183000,0,AVAXUSDT
2026-05-23 20:35:00+00:00,9.314,9.486,9.313,9.463,121884.44,1779568799999,1147587.38975000,9546,79963.36000000,752117.39247000,0,AVAXUSDT
2026-05-23 20:40:00+00:00,9.464,9.495,9.453,9.478,31921.81,1779569099999,302330.71387000,5151,18892.08000000,178979.95189000,0,AVAXUSDT
2026-05-23 20:45:00+00:00,9.478,9.508,9.459,9.498,49476.36,1779569399999,469446.28348000,3999,31825.14000000,301943.46792000,0,AVAXUSDT
2026-05-23 20:50:00+00:00,9.497,9.503,9.476,9.498,35407.16,1779569699999,336048.99938000,2504,20310.76000000,192803.15188000,0,AVAXUSDT
2026-05-23 20:55:00+00:00,9.498,9.544,9.494,9.541,48605.15,1779569999999,462533.42704000,3991,39669.61000000,377473.94532000,0,AVAXUSDT
2026-05-23 21:00:00+00:00,9.542,9.59,9.499,9.528,80156.19,1779570299999,765462.61871000,6943,43126.61000000,412124.93188000,0,AVAXUSDT
2026-05-23 21:05:00+00:00,9.527,9.55,9.523,9.539,23653.03,1779570599999,225531.34937000,2450,17588.86000000,167702.83577000,0,AVAXUSDT
2026-05-23 21:10:00+00:00,9.54,9.549,9.508,9.517,31493.15,1779570899999,300040.04096000,2421,16113.43000000,153534.70066000,0,AVAXUSDT
2026-05-23 21:15:00+00:00,9.516,9.523,9.492,9.509,25563.59,1779571199999,243152.81586000,1959,16294.15000000,154992.14938000,0,AVAXUSDT
2026-05-23 21:20:00+00:00,9.509,9.532,9.509,9.517,11233.48,1779571499999,106946.39948000,1405,5857.19000000,55757.89215000,0,AVAXUSDT
2026-05-23 21:25:00+00:00,9.516,9.516,9.473,9.473,15796.82,1779571799999,150098.78889000,1961,8450.55000000,80307.05732000,0,AVAXUSDT
2026-05-23 21:30:00+00:00,9.473,9.49,9.438,9.489,24713.24,1779572099999,233906.63637000,3048,14591.63000000,138148.13589000,0,AVAXUSDT
2026-05-23 21:35:00+00:00,9.488,9.502,9.481,9.486,9294.42,1779572399999,88228.24153000,1376,4609.76000000,43756.22285000,0,AVAXUSDT
2026-05-23 21:40:00+00:00,9.486,9.486,9.458,9.467,5815.75,1779572699999,55074.47658000,1111,2842.80000000,26918.36836000,0,AVAXUSDT
2026-05-23 21:45:00+00:00,9.467,9.48,9.44,9.455,9939.44,1779572999999,94031.83780000,1205,5748.80000000,54393.94339000,0,AVAXUSDT
2026-05-23 21:50:00+00:00,9.455,9.47,9.445,9.465,12516.79,1779573299999,118363.77011000,1169,4622.20000000,43731.35131000,0,AVAXUSDT
2026-05-23 21:55:00+00:00,9.465,9.485,9.461,9.482,11189.15,1779573599999,106041.34842000,1155,5748.42000000,54474.46803000,0,AVAXUSDT
2026-05-23 22:00:00+00:00,9.482,9.513,9.482,9.511,15480.6,1779573899999,147091.08596000,1521,11720.16000000,111364.68120000,0,AVAXUSDT
2026-05-23 22:05:00+00:00,9.511,9.513,9.486,9.486,6261.78,1779574199999,59503.14378000,795,965.26000000,9172.51280000,0,AVAXUSDT
2026-05-23 22:10:00+00:00,9.485,9.491,9.48,9.487,4453.77,1779574499999,42252.56554000,535,3275.61000000,31076.50233000,0,AVAXUSDT
2026-05-23 22:15:00+00:00,9.488,9.492,9.47,9.483,13463.6,1779574799999,127601.30352000,1116,6451.23000000,61143.73277000,0,AVAXUSDT
2026-05-23 22:20:00+00:00,9.483,9.488,9.458,9.463,10006.88,1779575099999,94803.44477000,793,8252.46000000,78189.69462000,0,AVAXUSDT
2026-05-23 22:25:00+00:00,9.464,9.485,9.462,9.471,6910.06,1779575399999,65462.81291000,1095,4069.88000000,38561.18920000,0,AVAXUSDT
2026-05-23 22:30:00+00:00,9.472,9.475,9.449,9.452,10210.88,1779575699999,96624.64368000,1251,6496.67000000,61474.31933000,0,AVAXUSDT
2026-05-23 22:35:00+00:00,9.452,9.452,9.364,9.385,84220.35,1779575999999,791733.45428000,3913,29204.10000000,274210.19994000,0,AVAXUSDT
2026-05-23 22:40:00+00:00,9.385,9.419,9.385,9.418,11287.81,1779576299999,106146.27962000,1531,8259.90000000,77658.78246000,0,AVAXUSDT
2026-05-23 22:45:00+00:00,9.417,9.417,9.394,9.413,9092.48,1779576599999,85542.30895000,913,2158.98000000,20313.21702000,0,AVAXUSDT
2026-05-23 22:50:00+00:00,9.413,9.419,9.409,9.412,3937.53,1779576899999,37070.79643000,531,950.06000000,8944.38228000,0,AVAXUSDT
2026-05-23 22:55:00+00:00,9.412,9.418,9.405,9.414,2673.63,1779577199999,25165.86544000,518,1390.12000000,13086.21195000,0,AVAXUSDT
2026-05-23 23:00:00+00:00,9.413,9.413,9.398,9.403,4945.24,1779577499999,46506.89923000,678,2346.48000000,22064.18992000,0,AVAXUSDT
2026-05-23 23:05:00+00:00,9.403,9.424,9.402,9.412,10523.55,1779577799999,99074.19730000,676,7991.64000000,75235.17313000,0,AVAXUSDT
2026-05-23 23:10:00+00:00,9.411,9.411,9.402,9.408,4891.38,1779578099999,46011.41682000,651,1950.66000000,18350.03667000,0,AVAXUSDT
2026-05-23 23:15:00+00:00,9.408,9.416,9.399,9.401,6210.15,1779578399999,58428.94747000,464,2620.73000000,24660.85626000,0,AVAXUSDT
2026-05-23 23:20:00+00:00,9.401,9.406,9.387,9.39,958.22,1779578699999,9004.43815000,389,431.73000000,4057.17555000,0,AVAXUSDT
2026-05-23 23:25:00+00:00,9.389,9.39,9.383,9.388,2335.29,1779578999999,21918.98186000,317,1583.67000000,14863.97614000,0,AVAXUSDT
2026-05-23 23:30:00+00:00,9.389,9.412,9.389,9.408,4688.41,1779579299999,44065.94545000,448,3584.34000000,33679.96681000,0,AVAXUSDT
2026-05-23 23:35:00+00:00,9.407,9.407,9.393,9.397,2945.1,1779579599999,27682.44750000,483,1697.34000000,15955.76909000,0,AVAXUSDT
2026-05-23 23:40:00+00:00,9.397,9.399,9.39,9.393,4836.55,1779579899999,45428.00700000,454,2403.94000000,22579.11495000,0,AVAXUSDT
2026-05-23 23:45:00+00:00,9.393,9.395,9.386,9.39,7760.41,1779580199999,72873.85097000,584,1503.54000000,14117.88010000,0,AVAXUSDT
2026-05-23 23:50:00+00:00,9.391,9.396,9.386,9.395,2572.23,1779580499999,24153.10405000,401,1159.62000000,10888.05288000,0,AVAXUSDT
2026-05-23 23:55:00+00:00,9.396,9.404,9.39,9.39,1982.76,1779580799999,18631.58308000,521,764.07000000,7182.50939000,0,AVAXUSDT
2026-05-24 00:00:00+00:00,9.391,9.406,9.388,9.388,6326.49,1779581099999,59437.04838000,968,2402.12000000,22574.50540000,0,AVAXUSDT
2026-05-24 00:05:00+00:00,9.389,9.392,9.381,9.383,2887.14,1779581399999,27104.19348000,428,1838.06000000,17254.56625000,0,AVAXUSDT
2026-05-24 00:10:00+00:00,9.382,9.388,9.378,9.385,6006.35,1779581699999,56357.65020000,546,1649.95000000,15479.58112000,0,AVAXUSDT
2026-05-24 00:15:00+00:00,9.385,9.395,9.381,9.39,4256.52,1779581999999,39958.87794000,422,2521.16000000,23673.28497000,0,AVAXUSDT
2026-05-24 00:20:00+00:00,9.391,9.401,9.378,9.378,6334.97,1779582299999,59510.42041000,536,2566.56000000,24110.36298000,0,AVAXUSDT
2026-05-24 00:25:00+00:00,9.378,9.401,9.378,9.399,4057.82,1779582599999,38105.28685000,637,2787.56000000,26172.38273000,0,AVAXUSDT
2026-05-24 00:30:00+00:00,9.398,9.419,9.396,9.407,8245.1,1779582899999,77586.51079000,1096,4717.09000000,44385.38209000,0,AVAXUSDT
2026-05-24 00:35:00+00:00,9.406,9.422,9.406,9.414,2225.95,1779583199999,20959.53015000,603,887.50000000,8357.00288000,0,AVAXUSDT
2026-05-24 00:40:00+00:00,9.413,9.414,9.397,9.4,1881.74,1779583499999,17701.57310000,552,1008.72000000,9490.09536000,0,AVAXUSDT
2026-05-24 00:45:00+00:00,9.399,9.422,9.395,9.404,12079.7,1779583799999,113684.55377000,874,8195.50000000,77128.29904000,0,AVAXUSDT
2026-05-24 00:50:00+00:00,9.404,9.404,9.392,9.396,1409.74,1779584099999,13244.87038000,382,862.06000000,8098.72157000,0,AVAXUSDT
2026-05-24 00:55:00+00:00,9.397,9.408,9.394,9.406,1430.73,1779584399999,13455.24391000,225,884.54000000,8319.47486000,0,AVAXUSDT
2026-05-24 01:00:00+00:00,9.406,9.418,9.403,9.408,2768.69,1779584699999,26052.17158000,570,1873.40000000,17628.75648000,0,AVAXUSDT
2026-05-24 01:05:00+00:00,9.407,9.407,9.389,9.395,2371.33,1779584999999,22276.89765000,450,1237.48000000,11624.25693000,0,AVAXUSDT
2026-05-24 01:10:00+00:00,9.395,9.4,9.389,9.391,5687.03,1779585299999,53414.10770000,456,3913.63000000,36754.86847000,0,AVAXUSDT
2026-05-24 01:15:00+00:00,9.391,9.411,9.391,9.411,2570.47,1779585599999,24165.02872000,418,1905.90000000,17919.16821000,0,AVAXUSDT
2026-05-24 01:20:00+00:00,9.412,9.429,9.412,9.421,4889.85,1779585899999,46066.75459000,973,3525.57000000,33211.49992000,0,AVAXUSDT
2026-05-24 01:25:00+00:00,9.421,9.421,9.407,9.413,4031.79,1779586199999,37951.53743000,482,1534.20000000,14439.59108000,0,AVAXUSDT
2026-05-24 01:30:00+00:00,9.412,9.416,9.406,9.413,3484.3,1779586499999,32793.37572000,479,1961.45000000,18460.47278000,0,AVAXUSDT
2026-05-24 01:35:00+00:00,9.413,9.416,9.408,9.416,2179.36,1779586799999,20510.57106000,386,1187.85000000,11179.92552000,0,AVAXUSDT
2026-05-24 01:40:00+00:00,9.415,9.416,9.404,9.411,4534.32,1779587099999,42673.74237000,543,1461.46000000,13752.50541000,0,AVAXUSDT
2026-05-24 01:45:00+00:00,9.411,9.419,9.405,9.419,2186.63,1779587399999,20578.92328000,446,951.18000000,8954.86599000,0,AVAXUSDT
2026-05-24 01:50:00+00:00,9.42,9.422,9.405,9.408,1096.08,1779587699999,10318.88924000,409,379.63000000,3573.16913000,0,AVAXUSDT
2026-05-24 01:55:00+00:00,9.407,9.411,9.402,9.408,1248.3,1779587999999,11741.78164000,315,813.35000000,7650.06244000,0,AVAXUSDT
2026-05-24 02:00:00+00:00,9.409,9.417,9.403,9.403,2468.79,1779588299999,23235.25224000,431,1346.02000000,12669.63281000,0,AVAXUSDT
2026-05-24 02:05:00+00:00,9.403,9.403,9.391,9.393,2092.84,1779588599999,19662.40393000,360,406.50000000,3818.85026000,0,AVAXUSDT
2026-05-24 02:10:00+00:00,9.392,9.399,9.391,9.398,481.17,1779588899999,4520.23676000,214,403.60000000,3791.51968000,0,AVAXUSDT
2026-05-24 02:15:00+00:00,9.397,9.397,9.392,9.397,571.8,1779589199999,5371.69712000,183,324.35000000,3047.10846000,0,AVAXUSDT
2026-05-24 02:20:00+00:00,9.396,9.399,9.351,9.352,9281.86,1779589499999,86924.95311000,1187,1282.01000000,12012.52295000,0,AVAXUSDT
2026-05-24 02:25:00+00:00,9.351,9.351,9.338,9.351,11962.82,1779589799999,111782.06975000,896,2637.82000000,24645.76505000,0,AVAXUSDT
2026-05-24 02:30:00+00:00,9.351,9.354,9.346,9.348,1967.38,1779590099999,18395.18518000,559,1325.81000000,12396.53323000,0,AVAXUSDT
2026-05-24 02:35:00+00:00,9.348,9.359,9.344,9.347,7346.11,1779590399999,68697.74327000,748,2767.51000000,25885.23192000,0,AVAXUSDT
2026-05-24 02:40:00+00:00,9.347,9.356,9.346,9.355,2205.43,1779590699999,20625.88292000,237,1282.88000000,12000.17770000,0,AVAXUSDT
2026-05-24 02:45:00+00:00,9.356,9.37,9.356,9.361,1769.57,1779590999999,16567.59582000,529,684.74000000,6410.82412000,0,AVAXUSDT
2026-05-24 02:50:00+00:00,9.361,9.368,9.357,9.365,1938.99,1779591299999,18155.72934000,476,1285.83000000,12040.67733000,0,AVAXUSDT
2026-05-24 02:55:00+00:00,9.364,9.367,9.359,9.359,1676.33,1779591599999,15697.56968000,324,1129.55000000,10577.54919000,0,AVAXUSDT
2026-05-24 03:00:00+00:00,9.359,9.377,9.352,9.375,2696.24,1779591899999,25249.68739000,686,1603.13000000,15015.19007000,0,AVAXUSDT
2026-05-24 03:05:00+00:00,9.375,9.377,9.366,9.367,974.24,1779592199999,9130.22638000,353,409.13000000,3834.58808000,0,AVAXUSDT
2026-05-24 03:10:00+00:00,9.366,9.366,9.355,9.356,4694.12,1779592499999,43943.18341000,497,3592.83000000,33631.67786000,0,AVAXUSDT
2026-05-24 03:15:00+00:00,9.355,9.357,9.348,9.352,3429.49,1779592799999,32068.83145000,437,999.57000000,9351.36117000,0,AVAXUSDT
2026-05-24 03:20:00+00:00,9.352,9.357,9.347,9.35,1789.4,1779593099999,16731.36421000,406,640.94000000,5993.97056000,0,AVAXUSDT
2026-05-24 03:25:00+00:00,9.35,9.35,9.346,9.346,854.43,1779593399999,7987.70427000,303,136.61000000,1277.21916000,0,AVAXUSDT
2026-05-24 03:30:00+00:00,9.347,9.347,9.337,9.341,2667.01,1779593699999,24915.60748000,397,1081.35000000,10101.59696000,0,AVAXUSDT
2026-05-24 03:35:00+00:00,9.34,9.34,9.321,9.329,9464.58,1779593999999,88299.54045000,909,1795.33000000,16751.62704000,0,AVAXUSDT
2026-05-24 03:40:00+00:00,9.329,9.333,9.32,9.324,1956.94,1779594299999,18248.95575000,424,1069.96000000,9977.17399000,0,AVAXUSDT
2026-05-24 03:45:00+00:00,9.324,9.34,9.324,9.34,716.81,1779594599999,6688.70678000,308,459.70000000,4289.19659000,0,AVAXUSDT
2026-05-24 03:50:00+00:00,9.339,9.339,9.328,9.334,2136.7,1779594899999,19942.11060000,415,400.32000000,3736.61170000,0,AVAXUSDT
2026-05-24 03:55:00+00:00,9.335,9.337,9.33,9.33,1361.53,1779595199999,12708.74128000,313,213.39000000,1992.04645000,0,AVAXUSDT
2026-05-24 04:00:00+00:00,9.331,9.352,9.331,9.348,2679.89,1779595499999,25030.19334000,426,2228.13000000,20807.89196000,0,AVAXUSDT
2026-05-24 04:05:00+00:00,9.347,9.347,9.333,9.334,684.83,1779595799999,6395.70670000,494,206.79000000,1931.38259000,0,AVAXUSDT
2026-05-24 04:10:00+00:00,9.334,9.352,9.332,9.349,5159.35,1779596099999,48200.16136000,469,4169.11000000,38953.19397000,0,AVAXUSDT
2026-05-24 04:15:00+00:00,9.35,9.355,9.349,9.354,2313.0,1779596399999,21630.72198000,550,663.68000000,6206.48107000,0,AVAXUSDT
2026-05-24 04:20:00+00:00,9.354,9.356,9.35,9.35,1274.6,1779596699999,11920.34562000,235,549.24000000,5137.31001000,0,AVAXUSDT
2026-05-24 04:25:00+00:00,9.349,9.349,9.342,9.343,560.82,1779596999999,5240.34415000,237,201.13000000,1879.44788000,0,AVAXUSDT
2026-05-24 04:30:00+00:00,9.344,9.357,9.341,9.357,591.86,1779597299999,5533.84679000,266,442.92000000,4142.31062000,0,AVAXUSDT
2026-05-24 04:35:00+00:00,9.358,9.361,9.347,9.348,587.84,1779597599999,5498.61114000,317,85.62000000,800.67865000,0,AVAXUSDT
2026-05-24 04:40:00+00:00,9.349,9.361,9.349,9.357,367.04,1779597899999,3433.75789000,185,317.96000000,2974.37095000,0,AVAXUSDT
2026-05-24 04:45:00+00:00,9.356,9.356,9.34,9.347,1927.97,1779598199999,18018.96597000,348,325.95000000,3045.77429000,0,AVAXUSDT
2026-05-24 04:50:00+00:00,9.348,9.357,9.348,9.357,809.17,1779598499999,7567.76591000,221,622.01000000,5817.15899000,0,AVAXUSDT
2026-05-24 04:55:00+00:00,9.357,9.357,9.35,9.357,1448.16,1779598799999,13545.55912000,467,499.69000000,4674.16684000,0,AVAXUSDT
2026-05-24 05:00:00+00:00,9.356,9.36,9.352,9.36,791.76,1779599099999,7407.15367000,339,433.28000000,4053.58614000,0,AVAXUSDT
2026-05-24 05:05:00+00:00,9.359,9.359,9.349,9.351,2204.05,1779599399999,20613.65663000,366,363.03000000,3395.26579000,0,AVAXUSDT
2026-05-24 05:10:00+00:00,9.351,9.352,9.335,9.347,4910.8,1779599699999,45899.51504000,708,1828.22000000,17086.26397000,0,AVAXUSDT
2026-05-24 05:15:00+00:00,9.347,9.347,9.341,9.343,665.19,1779599999999,6214.60501000,296,228.25000000,2132.42446000,0,AVAXUSDT
2026-05-24 05:20:00+00:00,9.344,9.348,9.336,9.343,1320.29,1779600299999,12332.44848000,420,487.20000000,4550.96687000,0,AVAXUSDT
2026-05-24 05:25:00+00:00,9.343,9.343,9.33,9.34,4497.32,1779600599999,41987.86108000,530,2728.24000000,25477.26911000,0,AVAXUSDT
2026-05-24 05:30:00+00:00,9.341,9.344,9.332,9.341,1005.36,1779600899999,9388.15005000,323,404.19000000,3774.02614000,0,AVAXUSDT
2026-05-24 05:35:00+00:00,9.341,9.348,9.333,9.333,1589.51,1779601199999,14849.30852000,307,658.50000000,6153.10927000,0,AVAXUSDT
2026-05-24 05:40:00+00:00,9.334,9.338,9.326,9.328,2061.86,1779601499999,19236.07415000,380,597.80000000,5578.99446000,0,AVAXUSDT
2026-05-24 05:45:00+00:00,9.328,9.352,9.328,9.35,3087.18,1779601799999,28846.85283000,343,2592.87000000,24230.39787000,0,AVAXUSDT
2026-05-24 05:50:00+00:00,9.349,9.359,9.345,9.349,2605.66,1779602099999,24363.79110000,640,1976.87000000,18482.56114000,0,AVAXUSDT
2026-05-24 05:55:00+00:00,9.349,9.353,9.349,9.353,766.99,1779602399999,7173.09713000,63,202.22000000,1890.81432000,0,AVAXUSDT
2026-05-24 06:00:00+00:00,9.352,9.36,9.335,9.344,5858.46,1779602699999,54758.45356000,616,1888.05000000,17658.21754000,0,AVAXUSDT
2026-05-24 06:05:00+00:00,9.345,9.347,9.341,9.345,2751.02,1779602999999,25703.73627000,323,1051.55000000,9824.52711000,0,AVAXUSDT
2026-05-24 06:10:00+00:00,9.347,9.347,9.341,9.346,636.94,1779603299999,5951.03632000,192,146.69000000,1370.90379000,0,AVAXUSDT
2026-05-24 06:15:00+00:00,9.346,9.346,9.331,9.331,1212.75,1779603599999,11323.53112000,424,255.11000000,2382.16088000,0,AVAXUSDT
2026-05-24 06:20:00+00:00,9.331,9.337,9.327,9.328,692.72,1779603899999,6465.00524000,263,171.09000000,1596.63417000,0,AVAXUSDT
2026-05-24 06:25:00+00:00,9.328,9.331,9.324,9.328,2726.48,1779604199999,25435.86304000,270,42.53000000,396.75915000,0,AVAXUSDT
2026-05-24 06:30:00+00:00,9.329,9.33,9.323,9.325,1455.49,1779604499999,13574.81847000,489,800.15000000,7462.79607000,0,AVAXUSDT
2026-05-24 06:35:00+00:00,9.325,9.334,9.324,9.329,1425.99,1779604799999,13299.42305000,180,666.19000000,6213.60259000,0,AVAXUSDT
2026-05-24 06:40:00+00:00,9.328,9.344,9.328,9.343,1754.39,1779605099999,16384.63787000,253,1616.91000000,15100.39233000,0,AVAXUSDT
2026-05-24 06:45:00+00:00,9.344,9.348,9.334,9.347,885.64,1779605399999,8271.36286000,492,351.98000000,3286.53452000,0,AVAXUSDT
2026-05-24 06:50:00+00:00,9.348,9.374,9.347,9.359,8212.24,1779605699999,76919.78726000,824,5877.11000000,55049.64131000,0,AVAXUSDT
2026-05-24 06:55:00+00:00,9.36,9.37,9.36,9.363,1227.78,1779605999999,11500.61686000,205,864.09000000,8094.06792000,0,AVAXUSDT
2026-05-24 07:00:00+00:00,9.364,9.374,9.358,9.366,4703.74,1779606299999,44052.37307000,702,3293.20000000,30841.26752000,0,AVAXUSDT
2026-05-24 07:05:00+00:00,9.366,9.366,9.354,9.361,1244.53,1779606599999,11647.58374000,328,544.82000000,5099.17449000,0,AVAXUSDT
2026-05-24 07:10:00+00:00,9.361,9.361,9.347,9.347,2088.57,1779606899999,19532.18091000,296,855.67000000,8001.34864000,0,AVAXUSDT
2026-05-24 07:15:00+00:00,9.347,9.348,9.339,9.344,1874.24,1779607199999,17510.84804000,304,596.79000000,5575.88218000,0,AVAXUSDT
2026-05-24 07:20:00+00:00,9.345,9.345,9.329,9.329,2637.1,1779607499999,24616.77857000,364,204.38000000,1907.79136000,0,AVAXUSDT
2026-05-24 07:25:00+00:00,9.329,9.331,9.327,9.331,1275.5,1779607799999,11898.82330000,122,475.69000000,4437.87520000,0,AVAXUSDT
2026-05-24 07:30:00+00:00,9.331,9.34,9.327,9.34,1643.82,1779608099999,15339.59933000,238,564.84000000,5271.48633000,0,AVAXUSDT
2026-05-24 07:35:00+00:00,9.341,9.343,9.334,9.341,607.7,1779608399999,5674.83170000,273,385.64000000,3600.97608000,0,AVAXUSDT
2026-05-24 07:40:00+00:00,9.34,9.34,9.335,9.339,907.8,1779608699999,8477.06866000,145,797.29000000,7445.06775000,0,AVAXUSDT
2026-05-24 07:45:00+00:00,9.338,9.338,9.328,9.332,4078.44,1779608999999,38057.32240000,310,1337.33000000,12480.43123000,0,AVAXUSDT
2026-05-24 07:50:00+00:00,9.332,9.337,9.33,9.33,1133.2,1779609299999,10577.76174000,161,420.58000000,3925.70766000,0,AVAXUSDT
2026-05-24 07:55:00+00:00,9.33,9.33,9.322,9.327,1863.44,1779609599999,17378.99670000,166,338.96000000,3160.78391000,0,AVAXUSDT
2026-05-24 08:00:00+00:00,9.328,9.34,9.326,9.326,1996.08,1779609899999,18632.93708000,267,1623.56000000,15155.83044000,0,AVAXUSDT
2026-05-24 08:05:00+00:00,9.326,9.327,9.319,9.325,5986.35,1779610199999,55810.46501000,285,1223.74000000,11409.52950000,0,AVAXUSDT
2026-05-24 08:10:00+00:00,9.325,9.326,9.32,9.321,456.08,1779610499999,4252.21041000,170,204.27000000,1904.64708000,0,AVAXUSDT
2026-05-24 08:15:00+00:00,9.322,9.325,9.316,9.324,1857.73,1779610799999,17314.53070000,296,779.90000000,7268.04697000,0,AVAXUSDT
2026-05-24 08:20:00+00:00,9.324,9.34,9.324,9.336,4145.77,1779611099999,38701.48707000,298,563.88000000,5264.09901000,0,AVAXUSDT
2026-05-24 08:25:00+00:00,9.337,9.342,9.335,9.338,9765.41,1779611399999,91200.60820000,339,3513.32000000,32813.47433000,0,AVAXUSDT
2026-05-24 08:30:00+00:00,9.337,9.346,9.335,9.338,1633.29,1779611699999,15255.88464000,319,917.12000000,8568.19995000,0,AVAXUSDT
2026-05-24 08:35:00+00:00,9.337,9.348,9.332,9.345,5395.83,1779611999999,50397.48111000,536,3733.91000000,34875.41896000,0,AVAXUSDT
2026-05-24 08:40:00+00:00,9.345,9.346,9.34,9.343,3073.05,1779612299999,28710.72855000,192,1587.38000000,14831.43880000,0,AVAXUSDT
2026-05-24 08:45:00+00:00,9.342,9.349,9.339,9.343,731.63,1779612599999,6836.90132000,298,605.56000000,5658.97858000,0,AVAXUSDT
2026-05-24 08:50:00+00:00,9.343,9.349,9.337,9.341,7303.04,1779612899999,68220.40233000,389,2834.07000000,26471.86572000,0,AVAXUSDT
2026-05-24 08:55:00+00:00,9.341,9.346,9.341,9.345,638.54,1779613199999,5965.88308000,107,221.51000000,2069.64345000,0,AVAXUSDT
2026-05-24 09:00:00+00:00,9.344,9.344,9.335,9.339,1727.08,1779613499999,16129.84633000,363,629.18000000,5877.43931000,0,AVAXUSDT
2026-05-24 09:05:00+00:00,9.34,9.352,9.34,9.351,1223.79,1779613799999,11440.75263000,270,365.10000000,3412.00510000,0,AVAXUSDT
2026-05-24 09:10:00+00:00,9.352,9.355,9.352,9.354,134.54,1779614099999,1258.34083000,129,96.75000000,904.89435000,0,AVAXUSDT
2026-05-24 09:15:00+00:00,9.353,9.353,9.347,9.349,642.7,1779614399999,6008.11479000,223,205.49000000,1920.96996000,0,AVAXUSDT
2026-05-24 09:20:00+00:00,9.349,9.371,9.348,9.368,4973.11,1779614699999,46562.63408000,348,4643.36000000,43477.29637000,0,AVAXUSDT
2026-05-24 09:25:00+00:00,9.367,9.367,9.354,9.36,6059.09,1779614999999,56707.61278000,344,3260.70000000,30511.46921000,0,AVAXUSDT
2026-05-24 09:30:00+00:00,9.361,9.363,9.351,9.36,763.76,1779615299999,7145.54031000,216,601.40000000,5626.18431000,0,AVAXUSDT
2026-05-24 09:35:00+00:00,9.36,9.37,9.357,9.358,1864.78,1779615599999,17466.87162000,392,897.57000000,8408.36667000,0,AVAXUSDT
2026-05-24 09:40:00+00:00,9.358,9.362,9.353,9.359,2546.6,1779615899999,23828.62780000,297,2122.19000000,19856.55417000,0,AVAXUSDT
2026-05-24 09:45:00+00:00,9.358,9.358,9.35,9.35,861.0,1779616199999,8054.73085000,223,160.92000000,1505.11226000,0,AVAXUSDT
2026-05-24 09:50:00+00:00,9.351,9.368,9.351,9.362,16091.9,1779616499999,150716.29370000,354,2395.29000000,22423.07934000,0,AVAXUSDT
2026-05-24 09:55:00+00:00,9.362,9.362,9.355,9.357,1324.85,1779616799999,12398.97568000,169,1249.16000000,11690.69151000,0,AVAXUSDT
2026-05-24 10:00:00+00:00,9.357,9.358,9.335,9.336,2264.44,1779617099999,21171.35950000,630,298.82000000,2791.45975000,0,AVAXUSDT
2026-05-24 10:05:00+00:00,9.337,9.342,9.335,9.336,2293.12,1779617399999,21414.42980000,295,680.01000000,6349.26987000,0,AVAXUSDT
2026-05-24 10:10:00+00:00,9.336,9.336,9.322,9.33,2312.62,1779617699999,21574.22443000,386,53.30000000,497.08758000,0,AVAXUSDT
2026-05-24 10:15:00+00:00,9.33,9.337,9.327,9.333,1603.69,1779617999999,14965.20092000,404,454.08000000,4238.11660000,0,AVAXUSDT
2026-05-24 10:20:00+00:00,9.333,9.341,9.331,9.332,1262.49,1779618299999,11784.67306000,438,575.98000000,5375.12269000,0,AVAXUSDT
2026-05-24 10:25:00+00:00,9.332,9.385,9.322,9.355,36713.76,1779618599999,343595.26133000,1963,21151.99000000,198033.10791000,0,AVAXUSDT
2026-05-24 10:30:00+00:00,9.354,9.355,9.337,9.352,4875.24,1779618899999,45571.81887000,863,2053.35000000,19196.49861000,0,AVAXUSDT
2026-05-24 10:35:00+00:00,9.351,9.351,9.339,9.343,6887.89,1779619199999,64359.71740000,588,3702.73000000,34597.80406000,0,AVAXUSDT
2026-05-24 10:40:00+00:00,9.343,9.347,9.338,9.344,1419.99,1779619499999,13264.73913000,345,794.75000000,7424.51299000,0,AVAXUSDT
2026-05-24 10:45:00+00:00,9.343,9.343,9.334,9.336,1424.54,1779619799999,13302.82801000,426,192.17000000,1794.36566000,0,AVAXUSDT
2026-05-24 10:50:00+00:00,9.337,9.346,9.335,9.34,1591.6,1779620099999,14865.54327000,242,732.76000000,6842.60353000,0,AVAXUSDT
2026-05-24 10:55:00+00:00,9.34,9.349,9.34,9.346,726.81,1779620399999,6792.46920000,196,494.46000000,4620.99569000,0,AVAXUSDT
2026-05-24 11:00:00+00:00,9.347,9.364,9.347,9.363,1548.62,1779620699999,14491.91295000,464,1040.30000000,9734.04976000,0,AVAXUSDT
2026-05-24 11:05:00+00:00,9.363,9.367,9.36,9.364,2480.25,1779620999999,23227.46771000,307,1253.46000000,11738.35337000,0,AVAXUSDT
2026-05-24 11:10:00+00:00,9.364,9.366,9.359,9.363,422.57,1779621299999,3956.16370000,293,197.81000000,1852.19293000,0,AVAXUSDT
2026-05-24 11:15:00+00:00,9.364,9.364,9.357,9.357,340.94,1779621599999,3191.45589000,253,78.66000000,736.21391000,0,AVAXUSDT
2026-05-24 11:20:00+00:00,9.357,9.364,9.355,9.358,2867.13,1779621899999,26833.80733000,430,1863.83000000,17445.75104000,0,AVAXUSDT
2026-05-24 11:25:00+00:00,9.358,9.364,9.343,9.35,2955.44,1779622199999,27636.76252000,430,915.35000000,8561.58770000,0,AVAXUSDT
2026-05-24 11:30:00+00:00,9.351,9.358,9.351,9.355,947.56,1779622499999,8864.78338000,237,346.83000000,3243.85688000,0,AVAXUSDT
2026-05-24 11:35:00+00:00,9.355,9.356,9.341,9.345,2882.42,1779622799999,26958.44515000,316,1908.35000000,17850.77617000,0,AVAXUSDT
2026-05-24 11:40:00+00:00,9.346,9.35,9.346,9.35,919.82,1779623099999,8598.85190000,179,294.06000000,2748.73617000,0,AVAXUSDT
2026-05-24 11:45:00+00:00,9.35,9.356,9.345,9.345,956.75,1779623399999,8946.46701000,347,164.45000000,1537.91876000,0,AVAXUSDT
2026-05-24 11:50:00+00:00,9.344,9.352,9.342,9.352,395.68,1779623699999,3698.90410000,263,203.08000000,1898.40411000,0,AVAXUSDT
2026-05-24 11:55:00+00:00,9.351,9.358,9.345,9.352,4139.59,1779623999999,38714.96354000,469,2411.96000000,22561.59503000,0,AVAXUSDT
2026-05-24 12:00:00+00:00,9.353,9.354,9.345,9.351,1296.47,1779624299999,12121.33978000,231,682.77000000,6384.32395000,0,AVAXUSDT
2026-05-24 12:05:00+00:00,9.351,9.351,9.343,9.343,1237.98,1779624599999,11572.95732000,270,674.20000000,6303.06765000,0,AVAXUSDT
2026-05-24 12:10:00+00:00,9.344,9.345,9.332,9.342,4418.57,1779624899999,41253.80849000,324,2231.45000000,20838.14696000,0,AVAXUSDT
2026-05-24 12:15:00+00:00,9.342,9.342,9.317,9.317,7383.57,1779625199999,68863.71764000,779,264.65000000,2466.50120000,0,AVAXUSDT
2026-05-24 12:20:00+00:00,9.317,9.317,9.302,9.304,11745.52,1779625499999,109358.61571000,682,1984.43000000,18470.49959000,0,AVAXUSDT
2026-05-24 12:25:00+00:00,9.305,9.307,9.296,9.303,6389.64,1779625799999,59437.93554000,518,920.60000000,8562.17276000,0,AVAXUSDT
2026-05-24 12:30:00+00:00,9.302,9.31,9.299,9.302,3319.2,1779626099999,30882.01185000,577,1259.28000000,11719.21761000,0,AVAXUSDT
2026-05-24 12:35:00+00:00,9.303,9.313,9.303,9.313,2476.45,1779626399999,23046.04515000,399,911.34000000,8480.97181000,0,AVAXUSDT
2026-05-24 12:40:00+00:00,9.314,9.323,9.313,9.32,2164.25,1779626699999,20168.00111000,252,1661.80000000,15485.45290000,0,AVAXUSDT
2026-05-24 12:45:00+00:00,9.32,9.326,9.317,9.325,656.32,1779626999999,6117.94489000,237,482.74000000,4499.91219000,0,AVAXUSDT
2026-05-24 12:50:00+00:00,9.325,9.325,9.32,9.324,384.28,1779627299999,3582.37902000,170,253.76000000,2365.64999000,0,AVAXUSDT
2026-05-24 12:55:00+00:00,9.325,9.326,9.32,9.322,1116.79,1779627599999,10411.17331000,162,501.98000000,4680.47392000,0,AVAXUSDT
2026-05-24 13:00:00+00:00,9.323,9.334,9.323,9.332,1315.93,1779627899999,12275.11699000,267,818.00000000,7629.18921000,0,AVAXUSDT
2026-05-24 13:05:00+00:00,9.333,9.334,9.329,9.329,233.53,1779628199999,2179.22938000,200,107.11000000,999.63048000,0,AVAXUSDT
2026-05-24 13:10:00+00:00,9.329,9.33,9.319,9.325,1668.5,1779628499999,15555.72029000,475,933.03000000,8698.33997000,0,AVAXUSDT
2026-05-24 13:15:00+00:00,9.325,9.331,9.325,9.328,1189.01,1779628799999,11092.24714000,319,429.80000000,4008.91580000,0,AVAXUSDT
2026-05-24 13:20:00+00:00,9.328,9.332,9.327,9.327,1008.61,1779629099999,9410.95226000,208,190.26000000,1774.90229000,0,AVAXUSDT
2026-05-24 13:25:00+00:00,9.328,9.331,9.314,9.314,6805.82,1779629399999,63411.88480000,570,1901.16000000,17714.60631000,0,AVAXUSDT
2026-05-24 13:30:00+00:00,9.314,9.33,9.313,9.316,6876.19,1779629699999,64130.42396000,568,3471.93000000,32371.58152000,0,AVAXUSDT
2026-05-24 13:35:00+00:00,9.316,9.322,9.302,9.31,6587.37,1779629999999,61320.71266000,827,2545.76000000,23695.68684000,0,AVAXUSDT
2026-05-24 13:40:00+00:00,9.311,9.326,9.311,9.323,2091.86,1779630299999,19495.96993000,334,1728.71000000,16111.56582000,0,AVAXUSDT
2026-05-24 13:45:00+00:00,9.323,9.324,9.309,9.309,806.21,1779630599999,7511.10628000,403,132.78000000,1237.61159000,0,AVAXUSDT
2026-05-24 13:50:00+00:00,9.309,9.311,9.281,9.281,8342.44,1779630899999,77565.13459000,1048,629.01000000,5851.11681000,0,AVAXUSDT
2026-05-24 13:55:00+00:00,9.281,9.286,9.254,9.278,20282.42,1779631199999,187987.42435000,1931,5166.79000000,47884.50741000,0,AVAXUSDT
2026-05-24 14:00:00+00:00,9.278,9.282,9.259,9.265,12701.5,1779631499999,117716.00215000,1239,2459.04000000,22799.45840000,0,AVAXUSDT
2026-05-24 14:05:00+00:00,9.266,9.276,9.266,9.27,1427.01,1779631799999,13228.49782000,536,963.40000000,8929.71161000,0,AVAXUSDT
2026-05-24 14:10:00+00:00,9.271,9.282,9.201,9.224,46548.44,1779632099999,430074.44565000,4997,12446.49000000,114989.34071000,0,AVAXUSDT
2026-05-24 14:15:00+00:00,9.225,9.227,9.138,9.179,36231.35,1779632399999,332510.71297000,6893,14467.35000000,132810.06698000,0,AVAXUSDT
2026-05-24 14:20:00+00:00,9.18,9.232,9.179,9.226,14742.73,1779632699999,135707.19161000,2147,8669.86000000,79801.10503000,0,AVAXUSDT
2026-05-24 14:25:00+00:00,9.225,9.231,9.213,9.217,8855.71,1779632999999,81655.16634000,1162,2442.01000000,22520.04808000,0,AVAXUSDT
2026-05-24 14:30:00+00:00,9.217,9.234,9.215,9.234,6827.74,1779633299999,62987.98983000,1267,2893.42000000,26691.55465000,0,AVAXUSDT
2026-05-24 14:35:00+00:00,9.233,9.241,9.22,9.236,7936.35,1779633599999,73259.56846000,1083,3496.36000000,32289.86881000,0,AVAXUSDT
2026-05-24 14:40:00+00:00,9.235,9.239,9.231,9.234,1276.87,1779633899999,11790.12948000,531,623.34000000,5755.54123000,0,AVAXUSDT
2026-05-24 14:45:00+00:00,9.233,9.243,9.23,9.232,2953.26,1779634199999,27277.56254000,442,1738.71000000,16059.87885000,0,AVAXUSDT
2026-05-24 14:50:00+00:00,9.232,9.245,9.225,9.241,5280.13,1779634499999,48746.06756000,529,1975.23000000,18239.84051000,0,AVAXUSDT
2026-05-24 14:55:00+00:00,9.24,9.244,9.235,9.237,2349.68,1779634799999,21707.32537000,411,1502.59000000,13881.94944000,0,AVAXUSDT
2026-05-24 15:00:00+00:00,9.237,9.242,9.232,9.241,3767.76,1779635099999,34806.04371000,585,2231.27000000,20611.93222000,0,AVAXUSDT
2026-05-24 15:05:00+00:00,9.241,9.241,9.227,9.237,1105.61,1779635399999,10206.47651000,347,409.59000000,3781.63530000,0,AVAXUSDT
2026-05-24 15:10:00+00:00,9.237,9.241,9.237,9.238,927.19,1779635699999,8566.64431000,177,540.61000000,4995.09878000,0,AVAXUSDT
2026-05-24 15:15:00+00:00,9.237,9.24,9.222,9.23,3483.63,1779635999999,32150.88687000,612,1620.36000000,14956.30640000,0,AVAXUSDT
2026-05-24 15:20:00+00:00,9.23,9.235,9.219,9.234,1928.25,1779636299999,17788.41634000,416,1333.46000000,12301.45033000,0,AVAXUSDT
2026-05-24 15:25:00+00:00,9.233,9.235,9.231,9.233,315.2,1779636599999,2909.97965000,170,46.94000000,433.42766000,0,AVAXUSDT
2026-05-24 15:30:00+00:00,9.234,9.244,9.232,9.233,2833.3,1779636899999,26176.58787000,388,1988.79000000,18375.41899000,0,AVAXUSDT
2026-05-24 15:35:00+00:00,9.233,9.239,9.232,9.239,2309.32,1779637199999,21325.46412000,222,1183.12000000,10926.73494000,0,AVAXUSDT
2026-05-24 15:40:00+00:00,9.238,9.239,9.232,9.236,2417.05,1779637499999,22322.34474000,202,491.10000000,4534.84635000,0,AVAXUSDT
2026-05-24 15:45:00+00:00,9.235,9.245,9.232,9.245,1793.75,1779637799999,16574.59743000,356,1179.22000000,10897.48535000,0,AVAXUSDT
2026-05-24 15:50:00+00:00,9.246,9.247,9.239,9.247,1445.5,1779638099999,13360.13054000,379,669.39000000,6187.54003000,0,AVAXUSDT
2026-05-24 15:55:00+00:00,9.247,9.247,9.237,9.237,1757.74,1779638399999,16247.94588000,389,374.19000000,3459.13824000,0,AVAXUSDT
2026-05-24 16:00:00+00:00,9.236,9.25,9.223,9.248,11147.91,1779638699999,102955.87321000,1025,8051.11000000,74358.34727000,0,AVAXUSDT
2026-05-24 16:05:00+00:00,9.247,9.254,9.234,9.238,11744.73,1779638999999,108575.19689000,766,6574.01000000,60775.42456000,0,AVAXUSDT
2026-05-24 16:10:00+00:00,9.239,9.245,9.239,9.243,5799.65,1779639299999,53597.03247000,371,1564.34000000,14455.25788000,0,AVAXUSDT
2026-05-24 16:15:00+00:00,9.243,9.264,9.242,9.257,6323.77,1779639599999,58538.74732000,952,4046.82000000,37457.53795000,0,AVAXUSDT
2026-05-24 16:20:00+00:00,9.256,9.257,9.25,9.25,1232.86,1779639899999,11409.63070000,244,355.17000000,3287.14785000,0,AVAXUSDT
2026-05-24 16:25:00+00:00,9.251,9.251,9.238,9.244,2427.43,1779640199999,22434.16912000,316,232.33000000,2147.44321000,0,AVAXUSDT
2026-05-24 16:30:00+00:00,9.245,9.247,9.236,9.237,803.32,1779640499999,7424.05730000,305,275.60000000,2546.44830000,0,AVAXUSDT
2026-05-24 16:35:00+00:00,9.236,9.236,9.217,9.23,3384.1,1779640799999,31224.64340000,567,721.67000000,6655.44506000,0,AVAXUSDT
2026-05-24 16:40:00+00:00,9.23,9.235,9.226,9.228,698.31,1779641099999,6445.73788000,334,263.37000000,2430.98152000,0,AVAXUSDT
2026-05-24 16:45:00+00:00,9.227,9.243,9.227,9.238,4128.91,1779641399999,38135.97751000,379,1925.84000000,17782.92343000,0,AVAXUSDT
2026-05-24 16:50:00+00:00,9.238,9.248,9.234,9.248,1350.44,1779641699999,12477.84273000,290,977.21000000,9029.59076000,0,AVAXUSDT
2026-05-24 16:55:00+00:00,9.247,9.262,9.246,9.257,2973.74,1779641999999,27533.67116000,381,2431.44000000,22513.39609000,0,AVAXUSDT
2026-05-24 17:00:00+00:00,9.256,9.268,9.251,9.256,2190.88,1779642299999,20286.96048000,524,705.50000000,6532.83866000,0,AVAXUSDT
2026-05-24 17:05:00+00:00,9.257,9.263,9.256,9.256,1276.83,1779642599999,11821.89828000,341,239.92000000,2221.47115000,0,AVAXUSDT
2026-05-24 17:10:00+00:00,9.256,9.257,9.25,9.252,829.0,1779642899999,7672.17808000,204,548.82000000,5079.63554000,0,AVAXUSDT
2026-05-24 17:15:00+00:00,9.252,9.258,9.247,9.248,1830.98,1779643199999,16941.22260000,338,509.12000000,4712.17382000,0,AVAXUSDT
2026-05-24 17:20:00+00:00,9.248,9.258,9.247,9.258,942.85,1779643499999,8721.19515000,253,534.41000000,4943.61000000,0,AVAXUSDT
2026-05-24 17:25:00+00:00,9.259,9.261,9.251,9.251,1135.99,1779643799999,10514.43949000,324,498.70000000,4614.83767000,0,AVAXUSDT
2026-05-24 17:30:00+00:00,9.252,9.265,9.248,9.257,3322.88,1779644099999,30762.33724000,615,2389.74000000,22125.06690000,0,AVAXUSDT
2026-05-24 17:35:00+00:00,9.257,9.27,9.257,9.27,300.55,1779644399999,2783.14221000,260,201.49000000,1865.88926000,0,AVAXUSDT
2026-05-24 17:40:00+00:00,9.269,9.269,9.26,9.262,345.55,1779644699999,3201.50680000,211,157.22000000,1456.55959000,0,AVAXUSDT
2026-05-24 17:45:00+00:00,9.263,9.269,9.258,9.268,1114.4,1779644999999,10323.94724000,436,477.60000000,4424.44831000,0,AVAXUSDT
2026-05-24 17:50:00+00:00,9.268,9.272,9.26,9.267,1079.25,1779645299999,10000.01543000,323,205.01000000,1899.12779000,0,AVAXUSDT
2026-05-24 17:55:00+00:00,9.266,9.266,9.259,9.26,1117.88,1779645599999,10353.08852000,245,31.78000000,294.34567000,0,AVAXUSDT
2026-05-24 18:00:00+00:00,9.26,9.26,9.251,9.251,514.24,1779645899999,4759.89945000,330,234.36000000,2169.59473000,0,AVAXUSDT
2026-05-24 18:05:00+00:00,9.25,9.26,9.25,9.26,1225.71,1779646199999,11341.77573000,220,668.43000000,6186.14561000,0,AVAXUSDT
2026-05-24 18:10:00+00:00,9.26,9.263,9.258,9.258,922.17,1779646499999,8539.35322000,299,233.35000000,2161.01238000,0,AVAXUSDT
2026-05-24 18:15:00+00:00,9.257,9.259,9.253,9.253,1014.62,1779646799999,9392.48261000,280,343.98000000,3184.06516000,0,AVAXUSDT
2026-05-24 18:20:00+00:00,9.252,9.256,9.243,9.245,2381.84,1779647099999,22026.98894000,257,336.24000000,3111.10819000,0,AVAXUSDT
2026-05-24 18:25:00+00:00,9.244,9.245,9.24,9.242,703.14,1779647399999,6498.56431000,249,184.42000000,1704.38587000,0,AVAXUSDT
2026-05-24 18:30:00+00:00,9.242,9.242,9.23,9.236,4781.67,1779647699999,44170.62473000,647,3198.69000000,29548.32417000,0,AVAXUSDT
2026-05-24 18:35:00+00:00,9.235,9.243,9.235,9.242,1790.86,1779647999999,16546.76179000,157,1495.72000000,13820.38683000,0,AVAXUSDT
2026-05-24 18:40:00+00:00,9.243,9.244,9.227,9.229,2455.95,1779648299999,22677.38677000,366,246.18000000,2272.58248000,0,AVAXUSDT
2026-05-24 18:45:00+00:00,9.23,9.236,9.222,9.223,1412.95,1779648599999,13044.01876000,280,894.64000000,8259.94468000,0,AVAXUSDT
2026-05-24 18:50:00+00:00,9.223,9.228,9.222,9.228,1110.13,1779648899999,10240.54749000,209,520.82000000,4804.95518000,0,AVAXUSDT
2026-05-24 18:55:00+00:00,9.229,9.234,9.227,9.234,1522.77,1779649199999,14056.38954000,231,1093.71000000,10096.31971000,0,AVAXUSDT
2026-05-24 19:00:00+00:00,9.234,9.244,9.232,9.234,1563.37,1779649499999,14443.22131000,413,646.62000000,5974.18643000,0,AVAXUSDT
2026-05-24 19:05:00+00:00,9.234,9.235,9.228,9.23,1767.87,1779649799999,16318.29558000,366,357.99000000,3305.62394000,0,AVAXUSDT
2026-05-24 19:10:00+00:00,9.231,9.231,9.216,9.216,1941.7,1779650099999,17903.71942000,256,20.31000000,187.31143000,0,AVAXUSDT
2026-05-24 19:15:00+00:00,9.216,9.234,9.21,9.23,7251.54,1779650399999,66876.91749000,775,2684.42000000,24756.24422000,0,AVAXUSDT
2026-05-24 19:20:00+00:00,9.23,9.23,9.225,9.227,979.16,1779650699999,9034.38778000,185,220.10000000,2030.79069000,0,AVAXUSDT
2026-05-24 19:25:00+00:00,9.226,9.226,9.216,9.218,4758.37,1779650999999,43866.09660000,407,553.23000000,5099.35492000,0,AVAXUSDT
2026-05-24 19:30:00+00:00,9.218,9.225,9.217,9.218,2744.33,1779651299999,25309.95490000,194,2340.61000000,21586.84197000,0,AVAXUSDT
2026-05-24 19:35:00+00:00,9.218,9.225,9.218,9.224,776.13,1779651599999,7158.22712000,144,327.07000000,3016.32268000,0,AVAXUSDT
2026-05-24 19:40:00+00:00,9.225,9.234,9.225,9.23,1178.91,1779651899999,10882.24490000,320,769.24000000,7100.38304000,0,AVAXUSDT
2026-05-24 19:45:00+00:00,9.23,9.242,9.23,9.242,694.76,1779652199999,6415.47259000,239,336.13000000,3103.87341000,0,AVAXUSDT
2026-05-24 19:50:00+00:00,9.242,9.242,9.237,9.238,336.22,1779652499999,3106.53762000,109,18.28000000,168.90644000,0,AVAXUSDT
2026-05-24 19:55:00+00:00,9.239,9.24,9.234,9.235,608.13,1779652799999,5618.40228000,144,94.31000000,871.39308000,0,AVAXUSDT
2026-05-24 20:00:00+00:00,9.236,9.241,9.212,9.215,7983.36,1779653099999,73645.85484000,827,1963.18000000,18104.75756000,0,AVAXUSDT
2026-05-24 20:05:00+00:00,9.215,9.222,9.205,9.219,4438.91,1779653399999,40908.06651000,470,2218.24000000,20438.60834000,0,AVAXUSDT
2026-05-24 20:10:00+00:00,9.219,9.221,9.216,9.221,1577.72,1779653699999,14546.85150000,208,520.28000000,4796.87264000,0,AVAXUSDT
2026-05-24 20:15:00+00:00,9.22,9.222,9.214,9.219,3798.61,1779653999999,35021.27136000,350,854.46000000,7877.24245000,0,AVAXUSDT
2026-05-24 20:20:00+00:00,9.219,9.223,9.209,9.217,3485.03,1779654299999,32125.61794000,379,266.39000000,2455.24982000,0,AVAXUSDT
2026-05-24 20:25:00+00:00,9.216,9.218,9.205,9.217,4959.1,1779654599999,45665.26959000,473,1153.39000000,10621.62203000,0,AVAXUSDT
2026-05-24 20:30:00+00:00,9.218,9.226,9.215,9.217,2953.88,1779654899999,27236.21817000,456,905.99000000,8353.06912000,0,AVAXUSDT
2026-05-24 20:35:00+00:00,9.217,9.222,9.207,9.207,3131.45,1779655199999,28861.85326000,425,710.60000000,6551.04242000,0,AVAXUSDT
2026-05-24 20:40:00+00:00,9.208,9.212,9.208,9.211,1836.59,1779655499999,16915.97152000,193,1200.14000000,11054.03869000,0,AVAXUSDT
2026-05-24 20:45:00+00:00,9.211,9.22,9.194,9.201,6462.47,1779655799999,59498.53358000,758,2986.51000000,27504.62756000,0,AVAXUSDT
2026-05-24 20:50:00+00:00,9.202,9.202,9.197,9.198,7752.75,1779656099999,71322.92066000,236,4029.90000000,37072.19273000,0,AVAXUSDT
2026-05-24 20:55:00+00:00,9.199,9.202,9.196,9.201,1007.51,1779656399999,9268.59365000,266,862.57000000,7935.35241000,0,AVAXUSDT
2026-05-24 21:00:00+00:00,9.202,9.211,9.198,9.208,1375.49,1779656699999,12664.24523000,482,685.36000000,6309.63938000,0,AVAXUSDT
2026-05-24 21:05:00+00:00,9.207,9.207,9.201,9.201,667.32,1779656999999,6141.88328000,331,207.32000000,1908.19419000,0,AVAXUSDT
2026-05-24 21:10:00+00:00,9.201,9.21,9.196,9.21,2176.34,1779657299999,20019.21536000,242,631.09000000,5805.84422000,0,AVAXUSDT
2026-05-24 21:15:00+00:00,9.209,9.209,9.205,9.209,855.38,1779657599999,7876.34258000,204,56.25000000,517.83341000,0,AVAXUSDT
2026-05-24 21:20:00+00:00,9.21,9.21,9.206,9.206,597.12,1779657899999,5498.09937000,90,326.87000000,3009.86968000,0,AVAXUSDT
2026-05-24 21:25:00+00:00,9.205,9.205,9.15,9.163,21793.97,1779658199999,199946.60824000,1690,4545.75000000,41704.04220000,0,AVAXUSDT
2026-05-24 21:30:00+00:00,9.163,9.166,9.12,9.127,15929.48,1779658499999,145767.16306000,2359,4477.52000000,40974.89552000,0,AVAXUSDT
2026-05-24 21:35:00+00:00,9.127,9.127,9.073,9.097,38219.9,1779658799999,347829.91163000,3796,13608.15000000,123786.63126000,0,AVAXUSDT
2026-05-24 21:40:00+00:00,9.098,9.113,9.075,9.075,15056.61,1779659099999,137013.33245000,1651,4564.00000000,41530.33911000,0,AVAXUSDT
2026-05-24 21:45:00+00:00,9.076,9.1,9.069,9.083,16838.47,1779659399999,152927.26699000,1761,5192.20000000,47159.58934000,0,AVAXUSDT
2026-05-24 21:50:00+00:00,9.084,9.107,9.084,9.097,7792.56,1779659699999,70891.68344000,784,3806.18000000,34626.39855000,0,AVAXUSDT
2026-05-24 21:55:00+00:00,9.098,9.103,9.069,9.079,12348.1,1779659999999,112191.15582000,1430,3852.40000000,34990.46313000,0,AVAXUSDT
2026-05-24 22:00:00+00:00,9.08,9.155,9.08,9.147,20460.89,1779660299999,186692.89333000,3535,12803.72000000,116855.41257000,0,AVAXUSDT
2026-05-24 22:05:00+00:00,9.147,9.2,9.144,9.199,8049.93,1779660599999,73819.61248000,1327,5185.66000000,47560.47613000,0,AVAXUSDT
2026-05-24 22:10:00+00:00,9.198,9.208,9.186,9.197,15454.47,1779660899999,142124.86852000,1870,6671.84000000,61360.13429000,0,AVAXUSDT
2026-05-24 22:15:00+00:00,9.196,9.206,9.191,9.194,17185.66,1779661199999,158072.32649000,1212,12574.17000000,115664.48798000,0,AVAXUSDT
2026-05-24 22:20:00+00:00,9.195,9.208,9.188,9.201,5094.16,1779661499999,46867.34033000,585,2603.79000000,23959.77830000,0,AVAXUSDT
2026-05-24 22:25:00+00:00,9.201,9.207,9.192,9.192,4824.5,1779661799999,44375.10594000,506,587.89000000,5409.90222000,0,AVAXUSDT
2026-05-24 22:30:00+00:00,9.192,9.207,9.187,9.187,4961.06,1779662099999,45622.77001000,701,2729.63000000,25109.77655000,0,AVAXUSDT
2026-05-24 22:35:00+00:00,9.187,9.187,9.158,9.171,3105.87,1779662399999,28486.23272000,754,1423.45000000,13049.74267000,0,AVAXUSDT
2026-05-24 22:40:00+00:00,9.171,9.171,9.158,9.169,4211.6,1779662699999,38595.99775000,480,1599.94000000,14663.88906000,0,AVAXUSDT
2026-05-24 22:45:00+00:00,9.169,9.2,9.169,9.176,16627.98,1779662999999,152678.72667000,1141,3003.14000000,27577.19346000,0,AVAXUSDT
2026-05-24 22:50:00+00:00,9.177,9.184,9.159,9.164,6935.59,1779663299999,63609.76691000,726,1170.00000000,10735.39919000,0,AVAXUSDT
2026-05-24 22:55:00+00:00,9.165,9.173,9.164,9.168,3401.88,1779663599999,31198.46856000,215,750.46000000,6882.45136000,0,AVAXUSDT
2026-05-24 23:00:00+00:00,9.169,9.192,9.169,9.181,4276.61,1779663899999,39258.04154000,607,1764.05000000,16190.06185000,0,AVAXUSDT
2026-05-24 23:05:00+00:00,9.182,9.187,9.178,9.187,989.85,1779664199999,9090.41645000,294,657.25000000,6036.47873000,0,AVAXUSDT
2026-05-24 23:10:00+00:00,9.187,9.193,9.183,9.189,765.71,1779664499999,7036.22199000,266,596.26000000,5479.28121000,0,AVAXUSDT
2026-05-24 23:15:00+00:00,9.189,9.2,9.186,9.19,3458.7,1779664799999,31790.92141000,458,1531.24000000,14078.59117000,0,AVAXUSDT
2026-05-24 23:20:00+00:00,9.19,9.196,9.185,9.187,1409.33,1779665099999,12954.61600000,296,944.48000000,8682.83076000,0,AVAXUSDT
2026-05-24 23:25:00+00:00,9.187,9.189,9.18,9.187,1012.68,1779665399999,9297.81259000,230,404.10000000,3710.64714000,0,AVAXUSDT
2026-05-24 23:30:00+00:00,9.187,9.203,9.186,9.202,3843.47,1779665699999,35349.78849000,517,2120.73000000,19501.05604000,0,AVAXUSDT
2026-05-24 23:35:00+00:00,9.203,9.222,9.2,9.213,2967.82,1779665999999,27339.71263000,503,2052.03000000,18903.29984000,0,AVAXUSDT
2026-05-24 23:40:00+00:00,9.212,9.235,9.207,9.232,4050.25,1779666299999,37360.88533000,703,3358.14000000,30976.12080000,0,AVAXUSDT
2026-05-24 23:45:00+00:00,9.232,9.232,9.222,9.23,2998.45,1779666599999,27662.32416000,450,462.62000000,4268.38648000,0,AVAXUSDT
2026-05-24 23:50:00+00:00,9.23,9.23,9.219,9.22,1979.8,1779666899999,18262.45875000,420,1092.72000000,10080.21292000,0,AVAXUSDT
2026-05-24 23:55:00+00:00,9.219,9.219,9.21,9.212,4164.12,1779667199999,38359.32338000,347,1311.31000000,12080.16681000,0,AVAXUSDT
2026-05-25 00:00:00+00:00,9.212,9.223,9.205,9.216,9529.45,1779667499999,87799.02158000,802,4642.37000000,42776.28869000,0,AVAXUSDT
2026-05-25 00:05:00+00:00,9.216,9.229,9.214,9.229,3074.21,1779667799999,28346.16766000,460,1692.29000000,15606.41916000,0,AVAXUSDT
2026-05-25 00:10:00+00:00,9.228,9.234,9.222,9.225,2184.25,1779668099999,20150.14107000,334,914.68000000,8439.79063000,0,AVAXUSDT
2026-05-25 00:15:00+00:00,9.224,9.229,9.218,9.221,1352.35,1779668399999,12472.38488000,467,664.12000000,6125.26288000,0,AVAXUSDT
2026-05-25 00:20:00+00:00,9.222,9.234,9.218,9.228,2689.71,1779668699999,24818.72119000,488,2120.54000000,19567.60724000,0,AVAXUSDT
2026-05-25 00:25:00+00:00,9.229,9.236,9.222,9.236,8253.66,1779668999999,76183.13698000,483,4542.04000000,41924.69583000,0,AVAXUSDT
2026-05-25 00:30:00+00:00,9.235,9.24,9.221,9.225,10072.26,1779669299999,92949.77683000,783,2446.05000000,22578.32638000,0,AVAXUSDT
2026-05-25 00:35:00+00:00,9.226,9.238,9.224,9.236,1442.18,1779669599999,13311.75397000,366,1179.81000000,10889.36080000,0,AVAXUSDT
2026-05-25 00:40:00+00:00,9.235,9.235,9.221,9.223,698.23,1779669899999,6441.24228000,327,278.84000000,2572.08809000,0,AVAXUSDT
2026-05-25 00:45:00+00:00,9.222,9.24,9.216,9.231,3037.81,1779670199999,28031.07368000,593,2676.12000000,24692.15918000,0,AVAXUSDT
2026-05-25 00:50:00+00:00,9.231,9.231,9.22,9.224,1741.49,1779670499999,16061.19344000,270,1217.69000000,11230.55260000,0,AVAXUSDT
2026-05-25 00:55:00+00:00,9.224,9.224,9.218,9.224,879.38,1779670799999,8109.35455000,220,614.04000000,5662.50949000,0,AVAXUSDT
2026-05-25 01:00:00+00:00,9.224,9.228,9.206,9.213,8979.98,1779671099999,82745.11242000,779,3319.87000000,30588.71363000,0,AVAXUSDT
2026-05-25 01:05:00+00:00,9.213,9.217,9.213,9.216,806.11,1779671399999,7429.37070000,151,310.79000000,2864.27412000,0,AVAXUSDT
2026-05-25 01:10:00+00:00,9.215,9.221,9.21,9.221,2823.27,1779671699999,26010.31071000,288,422.26000000,3891.09714000,0,AVAXUSDT
2026-05-25 01:15:00+00:00,9.222,9.228,9.22,9.225,3356.92,1779671999999,30957.73487000,502,1406.62000000,12973.02671000,0,AVAXUSDT
2026-05-25 01:20:00+00:00,9.226,9.232,9.225,9.225,651.92,1779672299999,6016.14433000,277,336.58000000,3106.32442000,0,AVAXUSDT
2026-05-25 01:25:00+00:00,9.226,9.227,9.214,9.218,1009.32,1779672599999,9306.89595000,290,190.64000000,1757.42784000,0,AVAXUSDT
2026-05-25 01:30:00+00:00,9.219,9.22,9.208,9.21,9409.7,1779672899999,86684.39370000,565,2358.20000000,21727.13415000,0,AVAXUSDT
2026-05-25 01:35:00+00:00,9.211,9.216,9.197,9.199,7614.54,1779673199999,70113.27292000,477,4435.55000000,40838.42627000,0,AVAXUSDT
2026-05-25 01:40:00+00:00,9.2,9.2,9.188,9.188,1999.08,1779673499999,18379.82454000,373,492.37000000,4527.80891000,0,AVAXUSDT
2026-05-25 01:45:00+00:00,9.189,9.196,9.189,9.193,6363.48,1779673799999,58498.56325000,264,2760.21000000,25367.63037000,0,AVAXUSDT
2026-05-25 01:50:00+00:00,9.194,9.196,9.179,9.179,494.17,1779674099999,4539.66263000,256,79.89000000,734.49265000,0,AVAXUSDT
2026-05-25 01:55:00+00:00,9.179,9.183,9.153,9.156,8503.19,1779674399999,77895.57206000,686,981.09000000,8991.66715000,0,AVAXUSDT
2026-05-25 02:00:00+00:00,9.156,9.176,9.156,9.175,2093.6,1779674699999,19187.62263000,583,845.39000000,7749.60097000,0,AVAXUSDT
2026-05-25 02:05:00+00:00,9.176,9.228,9.176,9.218,10552.02,1779674999999,97166.86501000,1141,4821.53000000,44377.58611000,0,AVAXUSDT
2026-05-25 02:10:00+00:00,9.219,9.226,9.217,9.221,951.34,1779675299999,8772.67054000,309,507.94000000,4683.45460000,0,AVAXUSDT
2026-05-25 02:15:00+00:00,9.22,9.22,9.198,9.207,3948.46,1779675599999,36355.61330000,520,389.30000000,3585.01565000,0,AVAXUSDT
2026-05-25 02:20:00+00:00,9.208,9.209,9.197,9.199,3777.93,1779675899999,34780.04833000,276,123.93000000,1140.58963000,0,AVAXUSDT
2026-05-25 02:25:00+00:00,9.199,9.199,9.171,9.19,1889.67,1779676199999,17349.03134000,749,902.44000000,8286.01494000,0,AVAXUSDT
2026-05-25 02:30:00+00:00,9.19,9.196,9.18,9.181,1219.62,1779676499999,11204.94369000,391,329.22000000,3026.18899000,0,AVAXUSDT
2026-05-25 02:35:00+00:00,9.181,9.193,9.178,9.193,3641.43,1779676799999,33439.46752000,235,3549.31000000,32593.62022000,0,AVAXUSDT
2026-05-25 02:40:00+00:00,9.193,9.193,9.177,9.187,2199.9,1779677099999,20200.84494000,346,535.93000000,4922.85815000,0,AVAXUSDT
2026-05-25 02:45:00+00:00,9.187,9.188,9.18,9.184,904.42,1779677399999,8306.16995000,247,661.40000000,6074.02288000,0,AVAXUSDT
2026-05-25 02:50:00+00:00,9.183,9.188,9.183,9.186,1009.93,1779677699999,9277.20812000,156,963.49000000,8850.61892000,0,AVAXUSDT
2026-05-25 02:55:00+00:00,9.186,9.19,9.178,9.179,650.78,1779677999999,5977.44185000,174,178.54000000,1640.14652000,0,AVAXUSDT
2026-05-25 03:00:00+00:00,9.18,9.19,9.173,9.176,7606.12,1779678299999,69832.30277000,848,3071.53000000,28207.13489000,0,AVAXUSDT
2026-05-25 03:05:00+00:00,9.176,9.176,9.169,9.173,869.15,1779678599999,7971.10319000,425,117.66000000,1079.26488000,0,AVAXUSDT
2026-05-25 03:10:00+00:00,9.173,9.177,9.169,9.173,690.38,1779678899999,6333.42760000,221,40.88000000,375.00157000,0,AVAXUSDT
2026-05-25 03:15:00+00:00,9.173,9.177,9.171,9.172,1554.8,1779679199999,14263.81368000,281,300.41000000,2755.99916000,0,AVAXUSDT
2026-05-25 03:20:00+00:00,9.172,9.179,9.167,9.168,1589.71,1779679499999,14580.14147000,258,1271.10000000,11657.21165000,0,AVAXUSDT
2026-05-25 03:25:00+00:00,9.168,9.171,9.162,9.165,1667.04,1779679799999,15280.49094000,318,141.46000000,1296.58617000,0,AVAXUSDT
2026-05-25 03:30:00+00:00,9.166,9.171,9.161,9.171,3470.37,1779680099999,31819.00693000,361,3005.54000000,27558.54696000,0,AVAXUSDT
2026-05-25 03:35:00+00:00,9.172,9.177,9.17,9.175,2136.26,1779680399999,19591.70968000,297,1713.07000000,15710.30928000,0,AVAXUSDT
2026-05-25 03:40:00+00:00,9.174,9.176,9.171,9.173,775.42,1779680699999,7113.17649000,176,22.46000000,206.05301000,0,AVAXUSDT
2026-05-25 03:45:00+00:00,9.172,9.179,9.163,9.175,3879.17,1779680999999,35587.07949000,427,2762.42000000,25346.46786000,0,AVAXUSDT
2026-05-25 03:50:00+00:00,9.174,9.18,9.168,9.175,1482.37,1779681299999,13604.03190000,271,254.76000000,2337.05099000,0,AVAXUSDT
2026-05-25 03:55:00+00:00,9.175,9.178,9.169,9.17,891.79,1779681599999,8180.22509000,206,513.95000000,4713.93406000,0,AVAXUSDT
2026-05-25 04:00:00+00:00,9.17,9.176,9.168,9.168,1992.55,1779681899999,18274.56046000,242,443.72000000,4070.57596000,0,AVAXUSDT
2026-05-25 04:05:00+00:00,9.168,9.174,9.164,9.174,496.01,1779682199999,4547.48585000,265,335.53000000,3076.17899000,0,AVAXUSDT
2026-05-25 04:10:00+00:00,9.173,9.176,9.166,9.168,3924.28,1779682499999,35986.72178000,474,1565.27000000,14355.55686000,0,AVAXUSDT
2026-05-25 04:15:00+00:00,9.168,9.169,9.161,9.166,458.76,1779682799999,4204.24507000,271,235.27000000,2156.20548000,0,AVAXUSDT
2026-05-25 04:20:00+00:00,9.167,9.178,9.167,9.177,1330.85,1779683099999,12210.34484000,244,1289.84000000,11834.12012000,0,AVAXUSDT
2026-05-25 04:25:00+00:00,9.177,9.194,9.177,9.194,363.2,1779683399999,3336.96174000,287,294.10000000,2702.22588000,0,AVAXUSDT
2026-05-25 04:30:00+00:00,9.194,9.207,9.194,9.197,4896.65,1779683699999,45053.40859000,633,2965.06000000,27282.04021000,0,AVAXUSDT
2026-05-25 04:35:00+00:00,9.197,9.206,9.197,9.197,6154.78,1779683999999,56633.03275000,358,3150.34000000,28983.37311000,0,AVAXUSDT
2026-05-25 04:40:00+00:00,9.199,9.221,9.199,9.221,3585.73,1779684299999,33054.29314000,229,3464.59000000,31938.49633000,0,AVAXUSDT
2026-05-25 04:45:00+00:00,9.221,9.237,9.221,9.234,4539.05,1779684599999,41890.92701000,297,2763.31000000,25495.02382000,0,AVAXUSDT
2026-05-25 04:50:00+00:00,9.234,9.26,9.233,9.247,15375.71,1779684899999,142227.65446000,903,11187.30000000,103477.45802000,0,AVAXUSDT
2026-05-25 04:55:00+00:00,9.248,9.258,9.248,9.252,3031.55,1779685199999,28050.31266000,336,1004.76000000,9296.91960000,0,AVAXUSDT
2026-05-25 05:00:00+00:00,9.253,9.263,9.252,9.263,3926.51,1779685499999,36353.78962000,719,2509.06000000,23231.74798000,0,AVAXUSDT
2026-05-25 05:05:00+00:00,9.264,9.307,9.264,9.291,15253.59,1779685799999,141591.46264000,1486,12767.75000000,118502.18624000,0,AVAXUSDT
2026-05-25 05:10:00+00:00,9.291,9.294,9.282,9.288,2005.68,1779686099999,18630.55961000,399,886.52000000,8233.60366000,0,AVAXUSDT
2026-05-25 05:15:00+00:00,9.289,9.299,9.285,9.288,8730.56,1779686399999,81119.79234000,989,4972.93000000,46208.50006000,0,AVAXUSDT
2026-05-25 05:20:00+00:00,9.287,9.287,9.278,9.281,1634.76,1779686699999,15174.14511000,514,721.59000000,6698.01501000,0,AVAXUSDT
2026-05-25 05:25:00+00:00,9.281,9.281,9.275,9.278,233.05,1779686999999,2161.98054000,135,86.60000000,803.45475000,0,AVAXUSDT
2026-05-25 05:30:00+00:00,9.279,9.292,9.276,9.282,3663.58,1779687299999,34006.31383000,631,1445.44000000,13420.28264000,0,AVAXUSDT
2026-05-25 05:35:00+00:00,9.282,9.295,9.282,9.291,3793.02,1779687599999,35229.01899000,556,2505.30000000,23269.98102000,0,AVAXUSDT
2026-05-25 05:40:00+00:00,9.291,9.298,9.285,9.298,8752.74,1779687899999,81329.59096000,394,6189.74000000,57520.04425000,0,AVAXUSDT
2026-05-25 05:45:00+00:00,9.299,9.304,9.29,9.304,7728.22,1779688199999,71860.75068000,360,6848.14000000,63679.50052000,0,AVAXUSDT
2026-05-25 05:50:00+00:00,9.303,9.303,9.293,9.297,2018.33,1779688499999,18763.53173000,338,626.78000000,5826.85303000,0,AVAXUSDT
2026-05-25 05:55:00+00:00,9.298,9.307,9.292,9.292,15103.75,1779688799999,140439.49369000,593,14027.16000000,130428.76681000,0,AVAXUSDT
2026-05-25 06:00:00+00:00,9.291,9.3,9.29,9.294,2656.01,1779689099999,24691.95326000,556,1575.65000000,14650.05162000,0,AVAXUSDT
2026-05-25 06:05:00+00:00,9.293,9.323,9.293,9.314,25864.95,1779689399999,240827.51582000,1401,21148.31000000,196898.19895000,0,AVAXUSDT
2026-05-25 06:10:00+00:00,9.313,9.313,9.289,9.289,3769.11,1779689699999,35064.51378000,752,438.66000000,4080.11562000,0,AVAXUSDT
2026-05-25 06:15:00+00:00,9.29,9.292,9.275,9.284,2356.04,1779689999999,21864.70722000,612,1411.31000000,13095.56220000,0,AVAXUSDT
2026-05-25 06:20:00+00:00,9.284,9.284,9.273,9.28,5889.3,1779690299999,54651.06497000,732,3838.14000000,35623.49959000,0,AVAXUSDT
2026-05-25 06:25:00+00:00,9.28,9.289,9.279,9.289,893.9,1779690599999,8297.66299000,415,281.40000000,2613.14843000,0,AVAXUSDT
2026-05-25 06:30:00+00:00,9.29,9.315,9.29,9.313,8976.21,1779690899999,83508.35982000,1448,7613.81000000,70831.38462000,0,AVAXUSDT
2026-05-25 06:35:00+00:00,9.313,9.319,9.31,9.31,2152.77,1779691199999,20051.77092000,625,1430.52000000,13325.22697000,0,AVAXUSDT
2026-05-25 06:40:00+00:00,9.309,9.316,9.308,9.308,941.15,1779691499999,8765.27394000,216,449.44000000,4185.30988000,0,AVAXUSDT
2026-05-25 06:45:00+00:00,9.308,9.324,9.305,9.321,4888.01,1779691799999,45551.01908000,708,4586.31000000,42740.71215000,0,AVAXUSDT
2026-05-25 06:50:00+00:00,9.321,9.323,9.312,9.315,831.67,1779692099999,7749.69902000,301,332.85000000,3101.73997000,0,AVAXUSDT
2026-05-25 06:55:00+00:00,9.314,9.319,9.312,9.319,316.58,1779692399999,2949.18373000,402,218.09000000,2031.68777000,0,AVAXUSDT
2026-05-25 07:00:00+00:00,9.32,9.36,9.32,9.35,20397.07,1779692699999,190497.97638000,1772,15553.55000000,145219.55027000,0,AVAXUSDT
2026-05-25 07:05:00+00:00,9.35,9.353,9.341,9.35,1971.25,1779692999999,18426.47554000,573,1299.88000000,12152.04283000,0,AVAXUSDT
2026-05-25 07:10:00+00:00,9.349,9.349,9.333,9.334,6879.8,1779693299999,64281.11281000,585,4271.54000000,39920.66160000,0,AVAXUSDT
2026-05-25 07:15:00+00:00,9.334,9.343,9.308,9.313,11210.23,1779693599999,104555.66968000,1140,3852.72000000,35962.86791000,0,AVAXUSDT
2026-05-25 07:20:00+00:00,9.312,9.313,9.306,9.308,2650.25,1779693899999,24670.83487000,865,582.46000000,5422.14947000,0,AVAXUSDT
2026-05-25 07:25:00+00:00,9.308,9.308,9.297,9.299,1767.17,1779694199999,16438.67719000,340,817.10000000,7599.97872000,0,AVAXUSDT
2026-05-25 07:30:00+00:00,9.298,9.323,9.293,9.311,11542.81,1779694499999,107497.68911000,1042,10095.70000000,94021.93316000,0,AVAXUSDT
2026-05-25 07:35:00+00:00,9.311,9.316,9.311,9.315,1623.84,1779694799999,15123.10401000,387,1100.57000000,10249.53432000,0,AVAXUSDT
2026-05-25 07:40:00+00:00,9.315,9.319,9.311,9.319,899.99,1779695099999,8382.38871000,265,461.11000000,4294.18165000,0,AVAXUSDT
2026-05-25 07:45:00+00:00,9.319,9.325,9.315,9.325,2599.03,1779695399999,24222.13256000,639,547.99000000,5107.63120000,0,AVAXUSDT
2026-05-25 07:50:00+00:00,9.326,9.333,9.325,9.333,845.79,1779695699999,7889.32522000,231,345.07000000,3218.59272000,0,AVAXUSDT
2026-05-25 07:55:00+00:00,9.333,9.342,9.333,9.342,2422.2,1779695999999,22617.42116000,338,1606.86000000,15005.87227000,0,AVAXUSDT
2026-05-25 08:00:00+00:00,9.343,9.349,9.339,9.348,8546.06,1779696299999,79854.54652000,542,5267.50000000,49223.38171000,0,AVAXUSDT
2026-05-25 08:05:00+00:00,9.348,9.351,9.345,9.351,673.38,1779696599999,6293.89969000,140,115.16000000,1076.49690000,0,AVAXUSDT
2026-05-25 08:10:00+00:00,9.351,9.351,9.337,9.337,11641.4,1779696899999,108782.21575000,336,2929.03000000,27360.13874000,0,AVAXUSDT
2026-05-25 08:15:00+00:00,9.336,9.336,9.325,9.331,6497.1,1779697199999,60609.56095000,390,5220.37000000,48702.64064000,0,AVAXUSDT
2026-05-25 08:20:00+00:00,9.331,9.338,9.327,9.327,3390.8,1779697499999,31641.92072000,500,2076.71000000,19378.93226000,0,AVAXUSDT
2026-05-25 08:25:00+00:00,9.328,9.344,9.328,9.344,970.7,1779697799999,9064.04907000,349,646.96000000,6039.91390000,0,AVAXUSDT
2026-05-25 08:30:00+00:00,9.344,9.352,9.342,9.352,3517.3,1779698099999,32876.85717000,355,3243.30000000,30315.37424000,0,AVAXUSDT
2026-05-25 08:35:00+00:00,9.353,9.358,9.341,9.349,6860.4,1779698399999,64149.29029000,619,5641.16000000,52747.55469000,0,AVAXUSDT
2026-05-25 08:40:00+00:00,9.35,9.355,9.341,9.352,1189.21,1779698699999,11119.37286000,542,315.85000000,2953.20962000,0,AVAXUSDT
2026-05-25 08:45:00+00:00,9.353,9.359,9.353,9.359,1607.13,1779698999999,15036.06612000,410,1281.74000000,11991.51999000,0,AVAXUSDT
2026-05-25 08:50:00+00:00,9.359,9.36,9.351,9.359,1708.31,1779699299999,15982.71672000,448,1234.00000000,11545.33861000,0,AVAXUSDT
2026-05-25 08:55:00+00:00,9.359,9.364,9.356,9.357,2338.29,1779699599999,21888.88200000,335,1618.36000000,15149.88242000,0,AVAXUSDT
2026-05-25 09:00:00+00:00,9.357,9.364,9.349,9.35,4376.36,1779699899999,40959.17422000,623,2173.09000000,20341.55157000,0,AVAXUSDT
2026-05-25 09:05:00+00:00,9.351,9.362,9.351,9.359,8439.55,1779700199999,78984.56951000,447,8117.62000000,75971.60269000,0,AVAXUSDT
2026-05-25 09:10:00+00:00,9.359,9.363,9.349,9.353,3261.03,1779700499999,30519.52194000,648,2833.48000000,26519.51690000,0,AVAXUSDT
2026-05-25 09:15:00+00:00,9.352,9.354,9.348,9.354,1329.03,1779700799999,12428.62419000,233,509.37000000,4763.91225000,0,AVAXUSDT
2026-05-25 09:20:00+00:00,9.353,9.353,9.34,9.349,2572.94,1779701099999,24046.24256000,591,523.96000000,4896.94998000,0,AVAXUSDT
2026-05-25 09:25:00+00:00,9.35,9.354,9.35,9.354,554.93,1779701399999,5189.22855000,234,447.39000000,4183.54690000,0,AVAXUSDT
2026-05-25 09:30:00+00:00,9.354,9.377,9.353,9.363,8585.73,1779701699999,80406.26858000,909,6833.80000000,63998.10070000,0,AVAXUSDT
2026-05-25 09:35:00+00:00,9.363,9.369,9.358,9.367,635.64,1779701999999,5952.52795000,455,463.34000000,4339.23572000,0,AVAXUSDT
2026-05-25 09:40:00+00:00,9.366,9.38,9.361,9.38,7080.21,1779702299999,66350.56254000,774,3464.85000000,32468.13339000,0,AVAXUSDT
2026-05-25 09:45:00+00:00,9.379,9.385,9.371,9.373,3677.07,1779702599999,34483.72509000,439,2618.42000000,24554.57536000,0,AVAXUSDT
2026-05-25 09:50:00+00:00,9.374,9.381,9.374,9.377,5796.15,1779702899999,54362.98021000,569,4238.55000000,39754.17958000,0,AVAXUSDT
2026-05-25 09:55:00+00:00,9.377,9.377,9.371,9.375,7005.73,1779703199999,65658.06555000,406,2482.59000000,23268.78402000,0,AVAXUSDT
2026-05-25 10:00:00+00:00,9.374,9.38,9.374,9.379,2174.08,1779703499999,20386.69858000,281,1402.28000000,13150.39662000,0,AVAXUSDT
2026-05-25 10:05:00+00:00,9.379,9.384,9.379,9.384,3079.87,1779703799999,28892.61333000,276,2870.38000000,26927.31892000,0,AVAXUSDT
2026-05-25 10:10:00+00:00,9.383,9.4,9.38,9.394,18662.8,1779704099999,175304.61983000,986,15318.98000000,143888.98978000,0,AVAXUSDT
2026-05-25 10:15:00+00:00,9.394,9.422,9.394,9.418,8586.98,1779704399999,80769.37744000,1560,6079.61000000,57160.87452000,0,AVAXUSDT
2026-05-25 10:20:00+00:00,9.417,9.417,9.402,9.416,7870.99,1779704699999,74074.72028000,1159,5061.85000000,47636.94970000,0,AVAXUSDT
2026-05-25 10:25:00+00:00,9.416,9.416,9.41,9.41,2053.89,1779704999999,19330.85742000,305,1194.46000000,11242.10988000,0,AVAXUSDT
2026-05-25 10:30:00+00:00,9.409,9.411,9.399,9.411,6136.92,1779705299999,57732.04054000,900,5312.45000000,49978.88885000,0,AVAXUSDT
2026-05-25 10:35:00+00:00,9.412,9.421,9.409,9.409,23563.53,1779705599999,221863.46912000,833,19301.06000000,181726.73523000,0,AVAXUSDT
2026-05-25 10:40:00+00:00,9.409,9.417,9.405,9.416,4644.94,1779705899999,43706.45467000,295,2351.43000000,22131.01586000,0,AVAXUSDT
2026-05-25 10:45:00+00:00,9.415,9.422,9.415,9.415,9335.71,1779706199999,87911.65316000,378,7633.53000000,71880.81243000,0,AVAXUSDT
2026-05-25 10:50:00+00:00,9.415,9.416,9.406,9.416,4434.13,1779706499999,41733.25591000,445,2169.53000000,20418.92243000,0,AVAXUSDT
2026-05-25 10:55:00+00:00,9.416,9.417,9.413,9.417,1558.27,1779706799999,14672.24052000,164,1119.68000000,10542.19939000,0,AVAXUSDT
2026-05-25 11:00:00+00:00,9.416,9.42,9.4,9.408,6806.79,1779707099999,64039.92639000,562,2196.05000000,20662.51045000,0,AVAXUSDT
2026-05-25 11:05:00+00:00,9.409,9.41,9.399,9.41,2647.82,1779707399999,24902.75486000,370,811.51000000,7632.69314000,0,AVAXUSDT
2026-05-25 11:10:00+00:00,9.411,9.411,9.405,9.408,1346.18,1779707699999,12665.98638000,676,483.65000000,4549.98407000,0,AVAXUSDT
2026-05-25 11:15:00+00:00,9.409,9.411,9.4,9.402,2157.85,1779707999999,20299.00501000,422,669.45000000,6298.45672000,0,AVAXUSDT
2026-05-25 11:20:00+00:00,9.402,9.412,9.4,9.41,6182.96,1779708299999,58164.75756000,516,4268.26000000,40160.28665000,0,AVAXUSDT
2026-05-25 11:25:00+00:00,9.41,9.41,9.403,9.403,541.79,1779708599999,5095.96320000,127,41.10000000,386.53888000,0,AVAXUSDT
2026-05-25 11:30:00+00:00,9.403,9.407,9.398,9.399,2032.88,1779708899999,19111.97254000,507,893.67000000,8403.69736000,0,AVAXUSDT
2026-05-25 11:35:00+00:00,9.4,9.406,9.393,9.406,3204.96,1779709199999,30131.48474000,444,1684.29000000,15837.21081000,0,AVAXUSDT
2026-05-25 11:40:00+00:00,9.405,9.405,9.396,9.397,6910.54,1779709499999,64980.37472000,314,254.23000000,2389.30021000,0,AVAXUSDT
2026-05-25 11:45:00+00:00,9.398,9.403,9.384,9.386,3007.06,1779709799999,28238.50106000,667,1500.03000000,14089.10244000,0,AVAXUSDT
2026-05-25 11:50:00+00:00,9.386,9.386,9.367,9.376,4072.58,1779710099999,38173.17816000,489,1856.07000000,17393.22586000,0,AVAXUSDT
2026-05-25 11:55:00+00:00,9.376,9.377,9.37,9.377,1913.06,1779710399999,17933.35613000,416,1080.90000000,10132.85116000,0,AVAXUSDT
2026-05-25 12:00:00+00:00,9.378,9.394,9.365,9.38,10287.29,1779710699999,96457.62701000,1218,3221.46000000,30211.81619000,0,AVAXUSDT
2026-05-25 12:05:00+00:00,9.379,9.387,9.375,9.385,1568.17,1779710999999,14707.24984000,550,1101.35000000,10327.82684000,0,AVAXUSDT
2026-05-25 12:10:00+00:00,9.384,9.399,9.381,9.399,3543.76,1779711299999,33281.90903000,454,1886.60000000,17718.53736000,0,AVAXUSDT
2026-05-25 12:15:00+00:00,9.4,9.41,9.394,9.4,8625.07,1779711599999,81095.71071000,825,4209.25000000,39587.33775000,0,AVAXUSDT
2026-05-25 12:20:00+00:00,9.401,9.402,9.38,9.39,6332.17,1779711899999,59444.32610000,838,4815.84000000,45212.57242000,0,AVAXUSDT
2026-05-25 12:25:00+00:00,9.391,9.397,9.383,9.385,3202.47,1779712199999,30057.61947000,480,2818.98000000,26456.65261000,0,AVAXUSDT
2026-05-25 12:30:00+00:00,9.386,9.414,9.386,9.401,14034.61,1779712499999,131943.39768000,1378,11541.89000000,108495.81719000,0,AVAXUSDT
2026-05-25 12:35:00+00:00,9.402,9.413,9.4,9.408,3697.48,1779712799999,34775.12252000,886,2339.37000000,22001.73579000,0,AVAXUSDT
2026-05-25 12:40:00+00:00,9.409,9.414,9.402,9.414,4458.12,1779713099999,41933.66152000,811,1129.17000000,10625.41014000,0,AVAXUSDT
2026-05-25 12:45:00+00:00,9.413,9.413,9.392,9.399,4982.9,1779713399999,46852.42363000,809,1955.12000000,18374.67745000,0,AVAXUSDT
2026-05-25 12:50:00+00:00,9.399,9.409,9.399,9.409,1084.5,1779713699999,10197.23487000,607,683.62000000,6428.92879000,0,AVAXUSDT
2026-05-25 12:55:00+00:00,9.408,9.414,9.389,9.389,5861.37,1779713999999,55141.94508000,809,3518.92000000,33114.60151000,0,AVAXUSDT
2026-05-25 13:00:00+00:00,9.388,9.406,9.383,9.406,4066.12,1779714299999,38201.99727000,973,3199.04000000,30057.21771000,0,AVAXUSDT
2026-05-25 13:05:00+00:00,9.406,9.413,9.401,9.404,4588.05,1779714599999,43160.62284000,702,3645.95000000,34299.74688000,0,AVAXUSDT
2026-05-25 13:10:00+00:00,9.404,9.406,9.391,9.403,2020.2,1779714899999,18986.82953000,443,884.73000000,8314.54282000,0,AVAXUSDT
2026-05-25 13:15:00+00:00,9.404,9.406,9.398,9.401,1344.94,1779715199999,12647.38844000,531,461.53000000,4340.59616000,0,AVAXUSDT
2026-05-25 13:20:00+00:00,9.4,9.407,9.395,9.407,2410.95,1779715499999,22665.53278000,549,466.69000000,4388.52897000,0,AVAXUSDT
2026-05-25 13:25:00+00:00,9.406,9.41,9.401,9.404,1096.44,1779715799999,10313.15951000,333,548.66000000,5161.36396000,0,AVAXUSDT
2026-05-25 13:30:00+00:00,9.405,9.416,9.402,9.406,3200.7,1779716099999,30116.52610000,565,2203.13000000,20730.26306000,0,AVAXUSDT
2026-05-25 13:35:00+00:00,9.406,9.41,9.399,9.41,4797.12,1779716399999,45111.70126000,709,2486.42000000,23384.68305000,0,AVAXUSDT
2026-05-25 13:40:00+00:00,9.41,9.41,9.405,9.408,890.6,1779716699999,8378.45149000,306,320.62000000,3016.63698000,0,AVAXUSDT
2026-05-25 13:45:00+00:00,9.409,9.411,9.397,9.411,1472.05,1779716999999,13842.30678000,471,799.87000000,7521.51642000,0,AVAXUSDT
2026-05-25 13:50:00+00:00,9.412,9.415,9.4,9.407,2405.75,1779717299999,22632.76942000,502,1787.46000000,16815.88210000,0,AVAXUSDT
2026-05-25 13:55:00+00:00,9.408,9.41,9.405,9.408,2249.39,1779717599999,21162.15673000,265,1688.25000000,15883.29606000,0,AVAXUSDT
2026-05-25 14:00:00+00:00,9.408,9.447,9.408,9.447,16329.41,1779717899999,153951.26523000,1258,13865.95000000,130746.26130000,0,AVAXUSDT
2026-05-25 14:05:00+00:00,9.446,9.453,9.439,9.451,9432.4,1779718199999,89110.75495000,1133,5648.75000000,53369.78048000,0,AVAXUSDT
2026-05-25 14:10:00+00:00,9.452,9.459,9.447,9.447,13031.24,1779718499999,123171.94761000,641,9428.91000000,89117.56165000,0,AVAXUSDT
2026-05-25 14:15:00+00:00,9.447,9.466,9.447,9.463,14206.42,1779718799999,134347.37343000,1300,10592.67000000,100168.97680000,0,AVAXUSDT
2026-05-25 14:20:00+00:00,9.464,9.467,9.456,9.462,11265.53,1779719099999,106579.63123000,714,8052.34000000,76172.94076000,0,AVAXUSDT
2026-05-25 14:25:00+00:00,9.462,9.493,9.462,9.491,13284.96,1779719399999,125864.14461000,1300,9090.32000000,86123.76913000,0,AVAXUSDT
2026-05-25 14:30:00+00:00,9.491,9.495,9.467,9.471,9534.92,1779719699999,90422.88819000,908,3254.77000000,30876.09854000,0,AVAXUSDT
2026-05-25 14:35:00+00:00,9.471,9.474,9.459,9.46,4387.17,1779719999999,41537.57800000,453,1459.00000000,13812.95354000,0,AVAXUSDT
2026-05-25 14:40:00+00:00,9.459,9.459,9.441,9.444,5723.61,1779720299999,54091.30044000,620,2247.23000000,21233.63901000,0,AVAXUSDT
2026-05-25 14:45:00+00:00,9.444,9.469,9.444,9.467,17732.24,1779720599999,167748.14628000,1432,14544.38000000,137582.57286000,0,AVAXUSDT
2026-05-25 14:50:00+00:00,9.466,9.472,9.461,9.471,2747.19,1779720899999,26013.21255000,410,1159.09000000,10975.93959000,0,AVAXUSDT
2026-05-25 14:55:00+00:00,9.471,9.477,9.462,9.472,7468.69,1779721199999,70731.72041000,705,5632.94000000,53350.46037000,0,AVAXUSDT
2026-05-25 15:00:00+00:00,9.472,9.484,9.472,9.482,13357.59,1779721499999,126601.56659000,1013,11223.14000000,106367.20031000,0,AVAXUSDT
2026-05-25 15:05:00+00:00,9.482,9.49,9.473,9.474,7830.67,1779721799999,74245.56907000,783,5412.46000000,51317.83796000,0,AVAXUSDT
2026-05-25 15:10:00+00:00,9.473,9.506,9.465,9.465,28138.3,1779722099999,267015.21992000,2322,21268.94000000,201827.93183000,0,AVAXUSDT
2026-05-25 15:15:00+00:00,9.466,9.466,9.453,9.454,3341.07,1779722399999,31605.59655000,1067,1631.60000000,15434.83905000,0,AVAXUSDT
2026-05-25 15:20:00+00:00,9.454,9.454,9.426,9.435,9992.43,1779722699999,94264.95922000,1131,2974.73000000,28058.34909000,0,AVAXUSDT
2026-05-25 15:25:00+00:00,9.435,9.447,9.418,9.418,8215.24,1779722999999,77549.99648000,736,5612.44000000,52994.43041000,0,AVAXUSDT
2026-05-25 15:30:00+00:00,9.419,9.435,9.414,9.428,12629.86,1779723299999,119054.55470000,1339,9567.72000000,90197.00019000,0,AVAXUSDT
2026-05-25 15:35:00+00:00,9.429,9.444,9.426,9.443,880.59,1779723599999,8306.05366000,626,554.01000000,5225.42725000,0,AVAXUSDT
2026-05-25 15:40:00+00:00,9.442,9.444,9.435,9.437,875.36,1779723899999,8262.73049000,488,440.46000000,4157.56519000,0,AVAXUSDT
2026-05-25 15:45:00+00:00,9.437,9.44,9.426,9.436,4424.1,1779724199999,41733.11218000,557,2707.40000000,25540.61851000,0,AVAXUSDT
2026-05-25 15:50:00+00:00,9.436,9.436,9.421,9.427,3703.91,1779724499999,34908.51884000,475,2330.45000000,21957.57529000,0,AVAXUSDT
2026-05-25 15:55:00+00:00,9.426,9.438,9.426,9.433,1430.05,1779724799999,13493.82165000,323,142.12000000,1340.68609000,0,AVAXUSDT
2026-05-25 16:00:00+00:00,9.433,9.442,9.432,9.442,4255.92,1779725099999,40163.55315000,619,1536.28000000,14500.36814000,0,AVAXUSDT
2026-05-25 16:05:00+00:00,9.442,9.442,9.433,9.433,1419.12,1779725399999,13394.42246000,486,538.44000000,5082.04573000,0,AVAXUSDT
2026-05-25 16:10:00+00:00,9.433,9.44,9.418,9.418,2433.11,1779725699999,22945.59138000,614,360.06000000,3397.25611000,0,AVAXUSDT
2026-05-25 16:15:00+00:00,9.419,9.433,9.419,9.432,2214.97,1779725999999,20881.52996000,439,959.94000000,9049.24974000,0,AVAXUSDT
2026-05-25 16:20:00+00:00,9.432,9.45,9.431,9.441,2442.47,1779726299999,23057.61097000,446,1581.80000000,14934.15732000,0,AVAXUSDT
2026-05-25 16:25:00+00:00,9.441,9.441,9.434,9.44,1820.55,1779726599999,17181.20001000,438,329.21000000,3107.03165000,0,AVAXUSDT
2026-05-25 16:30:00+00:00,9.44,9.44,9.429,9.437,1511.42,1779726899999,14259.15241000,592,415.59000000,3920.80304000,0,AVAXUSDT
2026-05-25 16:35:00+00:00,9.437,9.453,9.435,9.449,4348.43,1779727199999,41077.10327000,518,2594.37000000,24508.73281000,0,AVAXUSDT
2026-05-25 16:40:00+00:00,9.449,9.458,9.444,9.458,3930.38,1779727499999,37151.64112000,538,3212.15000000,30363.54717000,0,AVAXUSDT
2026-05-25 16:45:00+00:00,9.458,9.477,9.453,9.477,11691.59,1779727799999,110675.17868000,810,8993.04000000,85130.27028000,0,AVAXUSDT
2026-05-25 16:50:00+00:00,9.478,9.484,9.455,9.463,5485.45,1779728099999,51934.80411000,823,1028.08000000,9733.66886000,0,AVAXUSDT
2026-05-25 16:55:00+00:00,9.464,9.47,9.461,9.461,7913.36,1779728399999,74900.18936000,526,6566.98000000,62157.17018000,0,AVAXUSDT
2026-05-25 17:00:00+00:00,9.462,9.471,9.459,9.466,5798.43,1779728699999,54890.00306000,736,2395.30000000,22673.65446000,0,AVAXUSDT
2026-05-25 17:05:00+00:00,9.465,9.471,9.462,9.465,3987.2,1779728999999,37736.83514000,388,3148.47000000,29798.59922000,0,AVAXUSDT
2026-05-25 17:10:00+00:00,9.464,9.465,9.459,9.462,1057.33,1779729299999,10004.53894000,252,220.01000000,2081.49056000,0,AVAXUSDT
2026-05-25 17:15:00+00:00,9.462,9.462,9.438,9.444,2121.96,1779729599999,20045.45014000,778,576.99000000,5447.89274000,0,AVAXUSDT
2026-05-25 17:20:00+00:00,9.445,9.449,9.443,9.447,391.85,1779729899999,3701.29737000,219,170.82000000,1613.56712000,0,AVAXUSDT
2026-05-25 17:25:00+00:00,9.446,9.455,9.446,9.455,5923.47,1779730199999,55960.32845000,282,4919.72000000,46477.77797000,0,AVAXUSDT
2026-05-25 17:30:00+00:00,9.455,9.456,9.425,9.437,2892.75,1779730499999,27313.75880000,707,665.98000000,6283.85702000,0,AVAXUSDT
2026-05-25 17:35:00+00:00,9.437,9.441,9.433,9.436,832.98,1779730799999,7860.40637000,224,637.61000000,6016.90525000,0,AVAXUSDT
2026-05-25 17:40:00+00:00,9.436,9.44,9.432,9.433,742.27,1779731099999,7003.02472000,173,221.35000000,2088.66110000,0,AVAXUSDT
2026-05-25 17:45:00+00:00,9.432,9.435,9.428,9.431,1107.14,1779731399999,10440.94435000,221,410.81000000,3874.39818000,0,AVAXUSDT
2026-05-25 17:50:00+00:00,9.431,9.432,9.425,9.429,886.6,1779731699999,8358.69966000,275,271.35000000,2558.12892000,0,AVAXUSDT
2026-05-25 17:55:00+00:00,9.429,9.436,9.424,9.435,1320.44,1779731999999,12449.97536000,291,525.83000000,4957.50963000,0,AVAXUSDT
2026-05-25 18:00:00+00:00,9.434,9.459,9.434,9.457,6119.11,1779732299999,57802.13642000,359,5114.61000000,48314.72824000,0,AVAXUSDT
2026-05-25 18:05:00+00:00,9.457,9.458,9.452,9.452,2354.1,1779732599999,22259.08066000,316,1387.79000000,13121.80883000,0,AVAXUSDT
2026-05-25 18:10:00+00:00,9.453,9.456,9.444,9.444,1155.9,1779732899999,10923.63144000,365,514.93000000,4865.98014000,0,AVAXUSDT
2026-05-25 18:15:00+00:00,9.444,9.447,9.438,9.438,791.42,1779733199999,7471.92623000,291,130.62000000,1233.68738000,0,AVAXUSDT
2026-05-25 18:20:00+00:00,9.438,9.443,9.435,9.435,1889.43,1779733499999,17830.00792000,333,671.79000000,6339.89456000,0,AVAXUSDT
2026-05-25 18:25:00+00:00,9.435,9.439,9.435,9.439,1103.1,1779733799999,10409.19130000,218,647.32000000,6108.83787000,0,AVAXUSDT
2026-05-25 18:30:00+00:00,9.439,9.44,9.426,9.429,1277.02,1779734099999,12045.08080000,353,224.12000000,2114.48801000,0,AVAXUSDT
2026-05-25 18:35:00+00:00,9.428,9.429,9.422,9.426,2796.8,1779734399999,26361.07570000,305,637.09000000,6005.03051000,0,AVAXUSDT
2026-05-25 18:40:00+00:00,9.426,9.429,9.417,9.427,2525.62,1779734699999,23797.59125000,322,748.77000000,7056.13568000,0,AVAXUSDT
2026-05-25 18:45:00+00:00,9.426,9.426,9.413,9.419,1944.7,1779734999999,18320.48590000,249,106.47000000,1002.69575000,0,AVAXUSDT
2026-05-25 18:50:00+00:00,9.418,9.42,9.407,9.407,629.34,1779735299999,5923.77776000,323,173.18000000,1629.86439000,0,AVAXUSDT
2026-05-25 18:55:00+00:00,9.407,9.407,9.394,9.399,3249.42,1779735599999,30543.18267000,444,1513.27000000,14224.97794000,0,AVAXUSDT
2026-05-25 19:00:00+00:00,9.398,9.398,9.376,9.385,9777.34,1779735899999,91779.43554000,977,2972.15000000,27902.04286000,0,AVAXUSDT
2026-05-25 19:05:00+00:00,9.386,9.396,9.386,9.388,5153.84,1779736199999,48396.11855000,355,929.39000000,8728.97899000,0,AVAXUSDT
2026-05-25 19:10:00+00:00,9.387,9.4,9.385,9.4,1409.04,1779736499999,13233.82166000,343,1079.72000000,10140.50671000,0,AVAXUSDT
2026-05-25 19:15:00+00:00,9.4,9.402,9.388,9.39,1602.25,1779736799999,15049.81584000,514,1035.05000000,9721.12089000,0,AVAXUSDT
2026-05-25 19:20:00+00:00,9.389,9.404,9.389,9.404,819.26,1779737099999,7699.58942000,336,250.98000000,2358.09254000,0,AVAXUSDT
2026-05-25 19:25:00+00:00,9.403,9.413,9.401,9.412,1088.01,1779737399999,10233.32486000,265,1028.61000000,9674.75480000,0,AVAXUSDT
2026-05-25 19:30:00+00:00,9.412,9.412,9.389,9.394,3817.13,1779737699999,35878.05346000,721,2638.21000000,24800.47344000,0,AVAXUSDT
2026-05-25 19:35:00+00:00,9.394,9.394,9.363,9.363,6073.76,1779737999999,56987.70084000,1036,1655.88000000,15539.83108000,0,AVAXUSDT
2026-05-25 19:40:00+00:00,9.364,9.379,9.364,9.378,2253.8,1779738299999,21119.95206000,448,1110.93000000,10410.58547000,0,AVAXUSDT
2026-05-25 19:45:00+00:00,9.379,9.383,9.374,9.376,719.59,1779738599999,6748.84311000,270,167.00000000,1566.08243000,0,AVAXUSDT
2026-05-25 19:50:00+00:00,9.377,9.39,9.377,9.386,1937.84,1779738899999,18183.06442000,294,900.63000000,8449.78782000,0,AVAXUSDT
2026-05-25 19:55:00+00:00,9.385,9.388,9.378,9.386,3437.6,1779739199999,32253.60246000,360,1631.34000000,15308.33818000,0,AVAXUSDT
2026-05-25 20:00:00+00:00,9.385,9.394,9.377,9.387,2233.76,1779739499999,20965.42932000,650,1201.86000000,11280.72532000,0,AVAXUSDT
2026-05-25 20:05:00+00:00,9.387,9.392,9.385,9.39,1162.4,1779739799999,10913.12265000,305,754.31000000,7081.84921000,0,AVAXUSDT
2026-05-25 20:10:00+00:00,9.39,9.396,9.39,9.393,2698.52,1779740099999,25345.90126000,246,2301.44000000,21616.22913000,0,AVAXUSDT
2026-05-25 20:15:00+00:00,9.393,9.401,9.39,9.401,1234.04,1779740399999,11592.55531000,350,838.43000000,7876.28742000,0,AVAXUSDT
2026-05-25 20:20:00+00:00,9.401,9.401,9.39,9.391,1450.07,1779740699999,13620.52637000,200,927.31000000,8708.72035000,0,AVAXUSDT
2026-05-25 20:25:00+00:00,9.391,9.391,9.381,9.386,6030.04,1779740999999,56598.91943000,517,3186.57000000,29912.44639000,0,AVAXUSDT
2026-05-25 20:30:00+00:00,9.387,9.39,9.369,9.369,3964.39,1779741299999,37203.73282000,660,1049.41000000,9848.79097000,0,AVAXUSDT
2026-05-25 20:35:00+00:00,9.37,9.373,9.361,9.362,5600.09,1779741599999,52456.08708000,715,1362.02000000,12755.80968000,0,AVAXUSDT
2026-05-25 20:40:00+00:00,9.363,9.365,9.328,9.344,9840.78,1779741899999,91962.94068000,1272,2345.60000000,21921.76260000,0,AVAXUSDT
2026-05-25 20:45:00+00:00,9.344,9.35,9.34,9.343,2448.18,1779742199999,22880.64084000,645,1505.24000000,14068.59409000,0,AVAXUSDT
2026-05-25 20:50:00+00:00,9.344,9.355,9.344,9.354,2368.96,1779742499999,22148.79967000,460,2160.86000000,20203.49233000,0,AVAXUSDT
2026-05-25 20:55:00+00:00,9.353,9.361,9.34,9.348,4585.82,1779742799999,42865.26705000,744,1204.56000000,11261.43508000,0,AVAXUSDT
2026-05-25 21:00:00+00:00,9.347,9.365,9.347,9.365,2751.37,1779743099999,25751.35134000,442,1564.84000000,14645.44463000,0,AVAXUSDT
2026-05-25 21:05:00+00:00,9.366,9.375,9.364,9.37,2326.39,1779743399999,21801.84162000,306,1337.01000000,12532.74516000,0,AVAXUSDT
2026-05-25 21:10:00+00:00,9.37,9.37,9.361,9.362,2655.95,1779743699999,24875.34571000,331,611.75000000,5728.68799000,0,AVAXUSDT
2026-05-25 21:15:00+00:00,9.362,9.362,9.351,9.359,1964.67,1779743999999,18378.87370000,332,442.77000000,4142.19014000,0,AVAXUSDT
2026-05-25 21:20:00+00:00,9.36,9.363,9.343,9.343,5573.73,1779744299999,52124.33273000,418,261.31000000,2444.93398000,0,AVAXUSDT
2026-05-25 21:25:00+00:00,9.344,9.363,9.344,9.363,2445.76,1779744599999,22870.36908000,295,2201.92000000,20588.92878000,0,AVAXUSDT
2026-05-25 21:30:00+00:00,9.363,9.366,9.361,9.362,438.33,1779744899999,4104.58520000,119,171.41000000,1605.07329000,0,AVAXUSDT
2026-05-25 21:35:00+00:00,9.361,9.362,9.346,9.347,1227.92,1779745199999,11485.77456000,229,208.77000000,1951.28700000,0,AVAXUSDT
2026-05-25 21:40:00+00:00,9.348,9.353,9.345,9.345,1124.1,1779745499999,10510.45422000,325,739.68000000,6916.09573000,0,AVAXUSDT
2026-05-25 21:45:00+00:00,9.345,9.345,9.332,9.342,2408.34,1779745799999,22484.40771000,406,1051.97000000,9820.36545000,0,AVAXUSDT
2026-05-25 21:50:00+00:00,9.342,9.346,9.33,9.343,12280.81,1779746099999,114687.11834000,642,1451.23000000,13555.48904000,0,AVAXUSDT
2026-05-25 21:55:00+00:00,9.344,9.346,9.34,9.341,1550.22,1779746399999,14484.98874000,281,1044.68000000,9761.89715000,0,AVAXUSDT
2026-05-25 22:00:00+00:00,9.342,9.346,9.319,9.323,9099.94,1779746699999,84948.28928000,1273,3497.10000000,32659.64898000,0,AVAXUSDT
2026-05-25 22:05:00+00:00,9.324,9.338,9.324,9.327,5777.82,1779746999999,53921.43049000,858,2816.51000000,26285.04485000,0,AVAXUSDT
2026-05-25 22:10:00+00:00,9.327,9.343,9.324,9.34,4905.58,1779747299999,45803.03376000,720,4416.29000000,41233.79821000,0,AVAXUSDT
2026-05-25 22:15:00+00:00,9.34,9.346,9.329,9.332,3448.08,1779747599999,32195.13874000,605,1386.24000000,12945.06706000,0,AVAXUSDT
2026-05-25 22:20:00+00:00,9.333,9.344,9.333,9.342,1307.4,1779747899999,12210.76329000,377,906.54000000,8466.47920000,0,AVAXUSDT
2026-05-25 22:25:00+00:00,9.341,9.344,9.322,9.326,3580.67,1779748199999,33429.58013000,586,420.89000000,3928.13236000,0,AVAXUSDT
2026-05-25 22:30:00+00:00,9.326,9.326,9.276,9.288,21992.43,1779748499999,204394.62897000,2197,8915.65000000,82834.04854000,0,AVAXUSDT
2026-05-25 22:35:00+00:00,9.289,9.294,9.277,9.294,6449.43,1779748799999,59891.04003000,979,2439.06000000,22649.94605000,0,AVAXUSDT
2026-05-25 22:40:00+00:00,9.293,9.302,9.289,9.294,1745.5,1779749099999,16229.53004000,418,1466.91000000,13640.28503000,0,AVAXUSDT
2026-05-25 22:45:00+00:00,9.295,9.304,9.293,9.304,2496.1,1779749399999,23212.43548000,365,1577.75000000,14675.08811000,0,AVAXUSDT
2026-05-25 22:50:00+00:00,9.303,9.306,9.297,9.302,1104.26,1779749699999,10270.88803000,447,834.01000000,7757.30009000,0,AVAXUSDT
2026-05-25 22:55:00+00:00,9.301,9.301,9.282,9.283,2236.32,1779749999999,20774.96653000,495,174.77000000,1624.51868000,0,AVAXUSDT
2026-05-25 23:00:00+00:00,9.282,9.287,9.274,9.285,3985.12,1779750299999,36984.15670000,810,2130.47000000,19769.64681000,0,AVAXUSDT
2026-05-25 23:05:00+00:00,9.285,9.302,9.284,9.3,2852.58,1779750599999,26515.24364000,564,2480.00000000,23051.22642000,0,AVAXUSDT
2026-05-25 23:10:00+00:00,9.3,9.301,9.295,9.301,1046.91,1779750899999,9733.42427000,185,791.87000000,7362.15223000,0,AVAXUSDT
2026-05-25 23:15:00+00:00,9.301,9.31,9.301,9.304,3558.54,1779751199999,33109.39076000,439,2986.80000000,27789.48906000,0,AVAXUSDT
2026-05-25 23:20:00+00:00,9.304,9.307,9.3,9.3,775.01,1779751499999,7210.16501000,188,264.08000000,2456.90919000,0,AVAXUSDT
2026-05-25 23:25:00+00:00,9.299,9.302,9.298,9.302,2330.67,1779751799999,21676.01887000,241,2140.19000000,19904.36237000,0,AVAXUSDT
2026-05-25 23:30:00+00:00,9.303,9.324,9.303,9.313,2556.51,1779752099999,23805.66323000,481,2093.01000000,19486.62340000,0,AVAXUSDT
2026-05-25 23:35:00+00:00,9.312,9.314,9.306,9.309,2575.36,1779752399999,23978.70933000,282,2252.28000000,20971.27916000,0,AVAXUSDT
2026-05-25 23:40:00+00:00,9.31,9.31,9.303,9.304,2427.35,1779752699999,22588.36185000,312,1062.96000000,9892.59635000,0,AVAXUSDT
2026-05-25 23:45:00+00:00,9.303,9.307,9.301,9.307,3084.82,1779752999999,28701.98520000,253,2803.67000000,26086.05450000,0,AVAXUSDT
2026-05-25 23:50:00+00:00,9.306,9.315,9.301,9.313,5532.71,1779753299999,51514.43482000,493,3896.82000000,36285.00447000,0,AVAXUSDT
2026-05-25 23:55:00+00:00,9.313,9.316,9.309,9.31,6833.15,1779753599999,63631.24286000,359,3114.33000000,29005.26011000,0,AVAXUSDT
2026-05-26 00:00:00+00:00,9.31,9.313,9.298,9.298,9412.1,1779753899999,87595.66922000,783,881.38000000,8204.59671000,0,AVAXUSDT
2026-05-26 00:05:00+00:00,9.298,9.308,9.298,9.302,1866.39,1779754199999,17364.73915000,551,1387.41000000,12909.35769000,0,AVAXUSDT
2026-05-26 00:10:00+00:00,9.303,9.308,9.303,9.308,187.07,1779754499999,1740.55241000,165,173.92000000,1618.19859000,0,AVAXUSDT
2026-05-26 00:15:00+00:00,9.308,9.31,9.289,9.299,1570.07,1779754799999,14602.82848000,544,492.69000000,4581.24563000,0,AVAXUSDT
2026-05-26 00:20:00+00:00,9.298,9.299,9.288,9.291,3782.39,1779755099999,35162.31934000,350,608.38000000,5652.05694000,0,AVAXUSDT
2026-05-26 00:25:00+00:00,9.291,9.301,9.286,9.29,10266.8,1779755399999,95417.98428000,593,887.93000000,8253.90075000,0,AVAXUSDT
2026-05-26 00:30:00+00:00,9.29,9.31,9.276,9.297,66064.59,1779755699999,613797.34789000,2282,33822.98000000,314438.23629000,0,AVAXUSDT
2026-05-26 00:35:00+00:00,9.296,9.296,9.257,9.266,5742.7,1779755999999,53257.80643000,1324,1125.25000000,10430.86028000,0,AVAXUSDT
2026-05-26 00:40:00+00:00,9.266,9.266,9.243,9.251,13427.91,1779756299999,124282.78723000,1358,1804.80000000,16698.38798000,0,AVAXUSDT
2026-05-26 00:45:00+00:00,9.252,9.261,9.245,9.256,10268.49,1779756599999,95019.81248000,1096,3411.99000000,31577.15268000,0,AVAXUSDT
2026-05-26 00:50:00+00:00,9.255,9.256,9.2,9.231,20093.21,1779756899999,185291.50176000,2603,3489.78000000,32169.63865000,0,AVAXUSDT
2026-05-26 00:55:00+00:00,9.231,9.258,9.231,9.254,3837.18,1779757199999,35476.08439000,957,2533.54000000,23423.96510000,0,AVAXUSDT
2026-05-26 01:00:00+00:00,9.253,9.253,9.222,9.224,10844.24,1779757499999,100179.60946000,1867,1302.85000000,12031.87314000,0,AVAXUSDT
2026-05-26 01:05:00+00:00,9.223,9.242,9.222,9.231,6459.56,1779757799999,59631.97814000,897,2510.27000000,23179.15721000,0,AVAXUSDT
2026-05-26 01:10:00+00:00,9.23,9.259,9.225,9.251,4856.29,1779758099999,44865.99859000,1039,2227.98000000,20596.79281000,0,AVAXUSDT
2026-05-26 01:15:00+00:00,9.25,9.259,9.247,9.254,4334.07,1779758399999,40105.90686000,1284,1854.46000000,17162.63669000,0,AVAXUSDT
2026-05-26 01:20:00+00:00,9.253,9.256,9.241,9.245,1918.29,1779758699999,17743.90231000,653,1126.74000000,10424.62284000,0,AVAXUSDT
2026-05-26 01:25:00+00:00,9.245,9.245,9.23,9.239,5460.27,1779758999999,50435.88214000,687,467.21000000,4316.81348000,0,AVAXUSDT
2026-05-26 01:30:00+00:00,9.24,9.24,9.187,9.195,17830.25,1779759299999,164183.01732000,2590,1125.43000000,10362.83994000,0,AVAXUSDT
2026-05-26 01:35:00+00:00,9.196,9.202,9.187,9.193,6312.25,1779759599999,58036.77881000,1274,1677.71000000,15425.68631000,0,AVAXUSDT
2026-05-26 01:40:00+00:00,9.192,9.192,9.176,9.185,10051.4,1779759899999,92326.10796000,1123,1377.85000000,12653.63550000,0,AVAXUSDT
2026-05-26 01:45:00+00:00,9.186,9.2,9.182,9.192,8220.11,1779760199999,75554.71593000,1070,2509.71000000,23070.79789000,0,AVAXUSDT
2026-05-26 01:50:00+00:00,9.192,9.212,9.192,9.207,9466.26,1779760499999,87115.98999000,638,4633.41000000,42636.20746000,0,AVAXUSDT
2026-05-26 01:55:00+00:00,9.206,9.215,9.205,9.208,1184.56,1779760799999,10911.37197000,420,748.43000000,6894.00240000,0,AVAXUSDT
2026-05-26 02:00:00+00:00,9.209,9.217,9.189,9.189,9866.88,1779761099999,90779.58081000,1269,2437.02000000,22438.90146000,0,AVAXUSDT
2026-05-26 02:05:00+00:00,9.188,9.21,9.188,9.205,3740.96,1779761399999,34411.22487000,694,2164.08000000,19901.76747000,0,AVAXUSDT
2026-05-26 02:10:00+00:00,9.206,9.22,9.206,9.215,3145.62,1779761699999,28973.63778000,416,728.26000000,6706.73706000,0,AVAXUSDT
2026-05-26 02:15:00+00:00,9.214,9.221,9.199,9.221,3444.37,1779761999999,31710.25661000,510,1091.80000000,10053.05803000,0,AVAXUSDT
2026-05-26 02:20:00+00:00,9.221,9.223,9.208,9.219,1331.8,1779762299999,12274.71538000,393,835.78000000,7701.82059000,0,AVAXUSDT
2026-05-26 02:25:00+00:00,9.218,9.218,9.202,9.204,1311.21,1779762599999,12077.54779000,354,314.73000000,2898.81573000,0,AVAXUSDT
2026-05-26 02:30:00+00:00,9.204,9.214,9.2,9.214,2770.3,1779762899999,25500.39737000,405,877.43000000,8079.33562000,0,AVAXUSDT
2026-05-26 02:35:00+00:00,9.214,9.219,9.204,9.206,2719.21,1779763199999,25045.89353000,539,459.83000000,4235.85748000,0,AVAXUSDT
2026-05-26 02:40:00+00:00,9.205,9.209,9.2,9.2,2738.51,1779763499999,25208.12628000,428,987.32000000,9086.71224000,0,AVAXUSDT
2026-05-26 02:45:00+00:00,9.201,9.212,9.194,9.21,4652.42,1779763799999,42804.74005000,726,1756.18000000,16159.17652000,0,AVAXUSDT
2026-05-26 02:50:00+00:00,9.211,9.216,9.21,9.21,979.03,1779764099999,9019.77415000,289,531.43000000,4895.90663000,0,AVAXUSDT
2026-05-26 02:55:00+00:00,9.209,9.211,9.203,9.208,689.95,1779764399999,6353.02067000,333,336.28000000,3096.32037000,0,AVAXUSDT
2026-05-26 03:00:00+00:00,9.208,9.209,9.189,9.19,2460.18,1779764699999,22632.22255000,625,515.75000000,4746.31004000,0,AVAXUSDT
2026-05-26 03:05:00+00:00,9.19,9.194,9.168,9.172,11137.6,1779764999999,102257.03363000,996,1047.38000000,9614.54945000,0,AVAXUSDT
2026-05-26 03:10:00+00:00,9.173,9.184,9.173,9.173,3202.09,1779765299999,29391.78780000,312,464.60000000,4262.94063000,0,AVAXUSDT
2026-05-26 03:15:00+00:00,9.172,9.185,9.171,9.183,2737.16,1779765599999,25133.11128000,278,1832.17000000,16823.36033000,0,AVAXUSDT
2026-05-26 03:20:00+00:00,9.183,9.193,9.182,9.19,2501.39,1779765899999,22986.73016000,457,1687.24000000,15505.35526000,0,AVAXUSDT
2026-05-26 03:25:00+00:00,9.19,9.193,9.178,9.193,4030.29,1779766199999,37011.12206000,571,2019.12000000,18544.98435000,0,AVAXUSDT
2026-05-26 03:30:00+00:00,9.194,9.209,9.191,9.207,1066.57,1779766499999,9810.38926000,515,618.32000000,5687.31439000,0,AVAXUSDT
2026-05-26 03:35:00+00:00,9.207,9.211,9.207,9.208,1237.82,1779766799999,11400.60763000,243,298.55000000,2749.69787000,0,AVAXUSDT
2026-05-26 03:40:00+00:00,9.208,9.21,9.206,9.21,265.13,1779767099999,2441.17684000,118,72.83000000,670.63341000,0,AVAXUSDT
2026-05-26 03:45:00+00:00,9.21,9.211,9.208,9.21,1706.63,1779767399999,15715.97881000,176,875.29000000,8060.78449000,0,AVAXUSDT
2026-05-26 03:50:00+00:00,9.21,9.224,9.209,9.224,1511.96,1779767699999,13932.18840000,291,1361.39000000,12544.74915000,0,AVAXUSDT
2026-05-26 03:55:00+00:00,9.224,9.226,9.219,9.225,964.47,1779767999999,8895.66911000,210,497.83000000,4591.50085000,0,AVAXUSDT
2026-05-26 04:00:00+00:00,9.226,9.244,9.224,9.225,7671.76,1779768299999,70871.24379000,665,5118.49000000,47294.22741000,0,AVAXUSDT
2026-05-26 04:05:00+00:00,9.225,9.225,9.211,9.213,953.84,1779768599999,8793.77353000,162,222.92000000,2055.75140000,0,AVAXUSDT
2026-05-26 04:10:00+00:00,9.213,9.222,9.213,9.219,1258.93,1779768899999,11603.03005000,195,547.67000000,5048.05119000,0,AVAXUSDT
2026-05-26 04:15:00+00:00,9.22,9.224,9.215,9.223,990.36,1779769199999,9131.97338000,265,650.25000000,5995.84043000,0,AVAXUSDT
2026-05-26 04:20:00+00:00,9.222,9.244,9.222,9.244,897.93,1779769499999,8296.73947000,339,734.77000000,6789.24629000,0,AVAXUSDT
2026-05-26 04:25:00+00:00,9.245,9.273,9.245,9.269,6802.58,1779769799999,63009.51113000,588,4596.35000000,42560.45133000,0,AVAXUSDT
2026-05-26 04:30:00+00:00,9.269,9.277,9.269,9.272,5939.46,1779770099999,55074.10960000,557,5158.23000000,47829.79651000,0,AVAXUSDT
2026-05-26 04:35:00+00:00,9.273,9.277,9.266,9.266,9792.14,1779770399999,90781.13301000,447,757.29000000,7023.37224000,0,AVAXUSDT
2026-05-26 04:40:00+00:00,9.266,9.267,9.263,9.266,867.91,1779770699999,8041.07642000,229,556.27000000,5153.90622000,0,AVAXUSDT
2026-05-26 04:45:00+00:00,9.266,9.268,9.256,9.258,2811.3,1779770999999,26034.67037000,421,2514.98000000,23290.36104000,0,AVAXUSDT
2026-05-26 04:50:00+00:00,9.257,9.257,9.243,9.253,2587.48,1779771299999,23925.58074000,363,1610.64000000,14888.00782000,0,AVAXUSDT
2026-05-26 04:55:00+00:00,9.254,9.265,9.254,9.257,1265.69,1779771599999,11722.21883000,365,873.07000000,8086.54233000,0,AVAXUSDT
2026-05-26 05:00:00+00:00,9.256,9.257,9.243,9.256,1984.73,1779771899999,18358.79977000,477,1685.66000000,15592.67594000,0,AVAXUSDT
2026-05-26 05:05:00+00:00,9.255,9.259,9.247,9.254,4718.67,1779772199999,43661.21659000,546,401.80000000,3717.77355000,0,AVAXUSDT
2026-05-26 05:10:00+00:00,9.253,9.267,9.253,9.263,1812.16,1779772499999,16786.93439000,331,1616.34000000,14973.30963000,0,AVAXUSDT
2026-05-26 05:15:00+00:00,9.264,9.274,9.264,9.274,1510.95,1779772799999,14004.30106000,326,1275.73000000,11824.06731000,0,AVAXUSDT
2026-05-26 05:20:00+00:00,9.274,9.288,9.274,9.288,3573.09,1779773099999,33162.73108000,470,2908.21000000,26989.99313000,0,AVAXUSDT
2026-05-26 05:25:00+00:00,9.287,9.288,9.283,9.285,1163.37,1779773399999,10802.67294000,295,368.11000000,3418.05036000,0,AVAXUSDT
2026-05-26 05:30:00+00:00,9.284,9.296,9.282,9.296,1883.78,1779773699999,17503.49063000,452,1492.99000000,13873.05891000,0,AVAXUSDT
2026-05-26 05:35:00+00:00,9.296,9.332,9.296,9.316,9161.1,1779773999999,85354.73133000,1319,7295.03000000,67962.19685000,0,AVAXUSDT
2026-05-26 05:40:00+00:00,9.317,9.318,9.304,9.316,3035.09,1779774299999,28260.60398000,450,1694.87000000,15782.05556000,0,AVAXUSDT
2026-05-26 05:45:00+00:00,9.315,9.315,9.291,9.292,5751.73,1779774599999,53478.37081000,547,2026.73000000,18840.62787000,0,AVAXUSDT
2026-05-26 05:50:00+00:00,9.292,9.294,9.282,9.286,7660.7,1779774899999,71150.76132000,398,893.08000000,8296.42540000,0,AVAXUSDT
2026-05-26 05:55:00+00:00,9.287,9.303,9.287,9.303,362.58,1779775199999,3370.33439000,308,152.46000000,1417.09643000,0,AVAXUSDT
2026-05-26 06:00:00+00:00,9.303,9.303,9.288,9.3,1540.51,1779775499999,14316.45518000,594,498.15000000,4629.50876000,0,AVAXUSDT
2026-05-26 06:05:00+00:00,9.301,9.313,9.3,9.313,970.22,1779775799999,9028.06470000,285,597.23000000,5557.59963000,0,AVAXUSDT
2026-05-26 06:10:00+00:00,9.312,9.312,9.3,9.3,445.06,1779776099999,4140.92078000,296,212.98000000,1981.43338000,0,AVAXUSDT
2026-05-26 06:15:00+00:00,9.301,9.304,9.299,9.301,1281.9,1779776399999,11923.28457000,262,474.50000000,4413.65110000,0,AVAXUSDT
2026-05-26 06:20:00+00:00,9.3,9.3,9.283,9.29,1057.24,1779776699999,9824.50747000,438,634.34000000,5893.88392000,0,AVAXUSDT
2026-05-26 06:25:00+00:00,9.29,9.294,9.264,9.273,9262.39,1779776999999,85882.95767000,742,3525.33000000,32679.73852000,0,AVAXUSDT
2026-05-26 06:30:00+00:00,9.273,9.296,9.273,9.296,3886.06,1779777299999,36061.99060000,564,3584.27000000,33261.34962000,0,AVAXUSDT
2026-05-26 06:35:00+00:00,9.296,9.319,9.296,9.319,1748.9,1779777599999,16288.43491000,396,1619.95000000,15087.68569000,0,AVAXUSDT
2026-05-26 06:40:00+00:00,9.32,9.33,9.315,9.32,7262.28,1779777899999,67699.49838000,554,5578.10000000,51998.27302000,0,AVAXUSDT
2026-05-26 06:45:00+00:00,9.32,9.32,9.308,9.309,3865.48,1779778199999,36002.14665000,449,1115.42000000,10388.89223000,0,AVAXUSDT
2026-05-26 06:50:00+00:00,9.309,9.318,9.307,9.318,792.34,1779778499999,7378.23126000,397,413.73000000,3852.53109000,0,AVAXUSDT
2026-05-26 06:55:00+00:00,9.318,9.318,9.304,9.306,748.2,1779778799999,6965.18765000,424,302.04000000,2811.46321000,0,AVAXUSDT
2026-05-26 07:00:00+00:00,9.306,9.31,9.289,9.289,2255.14,1779779099999,20979.47727000,524,926.31000000,8622.37804000,0,AVAXUSDT
2026-05-26 07:05:00+00:00,9.289,9.289,9.272,9.272,4479.66,1779779399999,41586.64349000,755,1019.56000000,9465.30137000,0,AVAXUSDT
2026-05-26 07:10:00+00:00,9.273,9.273,9.255,9.258,1803.67,1779779699999,16703.99457000,624,928.05000000,8594.04097000,0,AVAXUSDT
2026-05-26 07:15:00+00:00,9.258,9.259,9.239,9.257,10998.8,1779779999999,101725.45273000,779,8847.58000000,81831.13337000,0,AVAXUSDT
2026-05-26 07:20:00+00:00,9.257,9.278,9.257,9.278,1208.36,1779780299999,11198.91490000,305,513.40000000,4758.13447000,0,AVAXUSDT
2026-05-26 07:25:00+00:00,9.279,9.285,9.277,9.277,1300.82,1779780599999,12073.05763000,326,452.10000000,4195.41811000,0,AVAXUSDT
2026-05-26 07:30:00+00:00,9.276,9.276,9.252,9.26,5756.86,1779780899999,53331.19018000,953,2103.97000000,19488.84214000,0,AVAXUSDT
2026-05-26 07:35:00+00:00,9.259,9.259,9.243,9.246,10013.02,1779781199999,92590.97038000,599,1260.16000000,11653.53339000,0,AVAXUSDT
2026-05-26 07:40:00+00:00,9.247,9.264,9.247,9.257,5849.75,1779781499999,54149.36448000,430,1107.64000000,10251.21554000,0,AVAXUSDT
2026-05-26 07:45:00+00:00,9.258,9.273,9.257,9.273,1343.96,1779781799999,12453.71625000,266,1039.12000000,9630.17599000,0,AVAXUSDT
2026-05-26 07:50:00+00:00,9.273,9.291,9.273,9.29,3003.81,1779782099999,27868.07399000,249,1593.62000000,14788.69948000,0,AVAXUSDT
2026-05-26 07:55:00+00:00,9.289,9.289,9.262,9.27,4197.74,1779782399999,38938.90779000,445,840.27000000,7793.32511000,0,AVAXUSDT
2026-05-26 08:00:00+00:00,9.269,9.277,9.266,9.269,6885.54,1779782699999,63828.98080000,430,3673.10000000,34046.28869000,0,AVAXUSDT
2026-05-26 08:05:00+00:00,9.269,9.28,9.266,9.28,10656.95,1779782999999,98799.65843000,537,6467.52000000,59959.85853000,0,AVAXUSDT
2026-05-26 08:10:00+00:00,9.279,9.295,9.277,9.29,1938.05,1779783299999,17999.54424000,707,1155.53000000,10732.53891000,0,AVAXUSDT
2026-05-26 08:15:00+00:00,9.289,9.297,9.276,9.297,2176.2,1779783599999,20206.45475000,656,872.87000000,8106.67722000,0,AVAXUSDT
2026-05-26 08:20:00+00:00,9.297,9.297,9.286,9.286,1500.52,1779783899999,13941.48268000,299,281.05000000,2611.99709000,0,AVAXUSDT
2026-05-26 08:25:00+00:00,9.286,9.294,9.278,9.28,1284.93,1779784199999,11931.21079000,535,777.72000000,7220.56922000,0,AVAXUSDT
2026-05-26 08:30:00+00:00,9.28,9.28,9.262,9.265,1473.48,1779784499999,13659.91980000,536,504.23000000,4674.76876000,0,AVAXUSDT
2026-05-26 08:35:00+00:00,9.266,9.291,9.264,9.291,1515.22,1779784799999,14058.85903000,642,1146.16000000,10634.14550000,0,AVAXUSDT
2026-05-26 08:40:00+00:00,9.291,9.292,9.285,9.291,1837.58,1779785099999,17065.70475000,222,217.46000000,2019.70821000,0,AVAXUSDT
2026-05-26 08:45:00+00:00,9.292,9.292,9.272,9.272,4506.82,1779785399999,41838.14870000,527,892.50000000,8285.42937000,0,AVAXUSDT
2026-05-26 08:50:00+00:00,9.271,9.29,9.262,9.29,1165.05,1779785699999,10804.17078000,643,1024.73000000,9503.56266000,0,AVAXUSDT
2026-05-26 08:55:00+00:00,9.29,9.29,9.281,9.281,3345.73,1779785999999,31064.72160000,257,164.08000000,1523.19157000,0,AVAXUSDT
2026-05-26 09:00:00+00:00,9.282,9.287,9.272,9.277,1662.51,1779786299999,15427.58875000,679,740.70000000,6872.89013000,0,AVAXUSDT
2026-05-26 09:05:00+00:00,9.276,9.278,9.271,9.278,554.52,1779786599999,5143.11637000,410,253.91000000,2354.80560000,0,AVAXUSDT
2026-05-26 09:10:00+00:00,9.278,9.29,9.278,9.283,1574.53,1779786899999,14618.86040000,364,1039.74000000,9653.35541000,0,AVAXUSDT
2026-05-26 09:15:00+00:00,9.282,9.307,9.28,9.293,7727.69,1779787199999,71852.39742000,614,6729.34000000,62570.50617000,0,AVAXUSDT
2026-05-26 09:20:00+00:00,9.293,9.295,9.266,9.27,1506.89,1779787499999,13996.58339000,332,1097.34000000,10196.39969000,0,AVAXUSDT
2026-05-26 09:25:00+00:00,9.27,9.294,9.27,9.292,990.18,1779787799999,9190.59625000,316,558.56000000,5185.82754000,0,AVAXUSDT
2026-05-26 09:30:00+00:00,9.292,9.298,9.285,9.286,2322.85,1779788099999,21584.25004000,415,764.05000000,7099.87729000,0,AVAXUSDT
2026-05-26 09:35:00+00:00,9.285,9.295,9.278,9.283,3606.26,1779788399999,33487.09074000,493,2179.10000000,20235.88877000,0,AVAXUSDT
2026-05-26 09:40:00+00:00,9.282,9.288,9.273,9.288,3652.45,1779788699999,33906.52129000,410,2908.15000000,26998.72914000,0,AVAXUSDT
2026-05-26 09:45:00+00:00,9.288,9.292,9.273,9.278,2492.02,1779788999999,23131.90143000,403,550.37000000,5111.85723000,0,AVAXUSDT
2026-05-26 09:50:00+00:00,9.278,9.287,9.278,9.287,1739.21,1779789299999,16146.57316000,305,1189.77000000,11046.35900000,0,AVAXUSDT
2026-05-26 09:55:00+00:00,9.288,9.292,9.285,9.289,2277.38,1779789599999,21148.93387000,184,516.81000000,4800.21777000,0,AVAXUSDT
2026-05-26 10:00:00+00:00,9.288,9.29,9.278,9.278,2400.51,1779789899999,22285.11061000,414,860.12000000,7988.37958000,0,AVAXUSDT
2026-05-26 10:05:00+00:00,9.278,9.289,9.268,9.289,1482.66,1779790199999,13751.10396000,450,645.51000000,5987.89546000,0,AVAXUSDT
2026-05-26 10:10:00+00:00,9.289,9.304,9.289,9.3,8549.93,1779790499999,79475.32710000,640,7103.58000000,66029.48504000,0,AVAXUSDT
2026-05-26 10:15:00+00:00,9.301,9.357,9.301,9.353,24213.18,1779790799999,225609.53495000,1684,12916.20000000,120443.65145000,0,AVAXUSDT
2026-05-26 10:20:00+00:00,9.353,9.365,9.344,9.36,5984.31,1779791099999,55978.14445000,1245,1812.17000000,16952.90894000,0,AVAXUSDT
2026-05-26 10:25:00+00:00,9.36,9.43,9.36,9.421,31516.99,1779791399999,296025.55390000,3494,20714.78000000,194446.27982000,0,AVAXUSDT
2026-05-26 10:30:00+00:00,9.422,9.445,9.418,9.435,12538.46,1779791699999,118268.37076000,2428,7182.82000000,67749.16900000,0,AVAXUSDT
2026-05-26 10:35:00+00:00,9.436,9.46,9.431,9.447,20933.43,1779791999999,197727.05632000,2020,14436.28000000,136351.15315000,0,AVAXUSDT
2026-05-26 10:40:00+00:00,9.448,9.458,9.439,9.445,7275.34,1779792299999,68748.92446000,1288,4364.51000000,41249.89426000,0,AVAXUSDT
2026-05-26 10:45:00+00:00,9.444,9.452,9.43,9.452,22393.84,1779792599999,211429.88968000,1541,19726.29000000,186240.92611000,0,AVAXUSDT
2026-05-26 10:50:00+00:00,9.453,9.463,9.436,9.441,5468.36,1779792899999,51669.49620000,1205,2597.95000000,24550.61706000,0,AVAXUSDT
2026-05-26 10:55:00+00:00,9.441,9.445,9.429,9.429,4251.03,1779793199999,40127.58132000,683,1450.34000000,13691.19120000,0,AVAXUSDT
2026-05-26 11:00:00+00:00,9.429,9.436,9.423,9.433,11317.31,1779793499999,106739.12122000,987,4685.62000000,44189.22148000,0,AVAXUSDT
2026-05-26 11:05:00+00:00,9.432,9.435,9.422,9.422,6698.0,1779793799999,63153.06275000,628,5569.39000000,52511.35595000,0,AVAXUSDT
2026-05-26 11:10:00+00:00,9.421,9.428,9.415,9.416,2339.36,1779794099999,22042.85794000,522,575.72000000,5424.16125000,0,AVAXUSDT
2026-05-26 11:15:00+00:00,9.417,9.427,9.403,9.408,4093.1,1779794399999,38516.83410000,900,1982.76000000,18655.90340000,0,AVAXUSDT
2026-05-26 11:20:00+00:00,9.408,9.41,9.393,9.403,3280.15,1779794699999,30841.17012000,869,2081.50000000,19573.13253000,0,AVAXUSDT
2026-05-26 11:25:00+00:00,9.403,9.407,9.401,9.401,1180.59,1779794999999,11102.14866000,227,397.98000000,3742.72066000,0,AVAXUSDT
2026-05-26 11:30:00+00:00,9.401,9.42,9.4,9.406,8658.55,1779795299999,81460.48506000,868,4209.05000000,39595.03696000,0,AVAXUSDT
2026-05-26 11:35:00+00:00,9.407,9.411,9.394,9.404,1480.85,1779795599999,13921.41073000,486,421.33000000,3960.44030000,0,AVAXUSDT
2026-05-26 11:40:00+00:00,9.405,9.414,9.404,9.412,1625.44,1779795899999,15295.75058000,327,1303.15000000,12264.23735000,0,AVAXUSDT
2026-05-26 11:45:00+00:00,9.411,9.414,9.407,9.411,1977.48,1779796199999,18607.74657000,289,1590.76000000,14968.72467000,0,AVAXUSDT
2026-05-26 11:50:00+00:00,9.41,9.412,9.395,9.399,2713.49,1779796499999,25505.10981000,325,2142.55000000,20137.55728000,0,AVAXUSDT
2026-05-26 11:55:00+00:00,9.398,9.4,9.382,9.382,3537.55,1779796799999,33220.74161000,476,2332.81000000,21906.79192000,0,AVAXUSDT
2026-05-26 12:00:00+00:00,9.382,9.4,9.379,9.394,3653.62,1779797099999,34313.66874000,685,2396.84000000,22507.14554000,0,AVAXUSDT
2026-05-26 12:05:00+00:00,9.395,9.401,9.344,9.351,18820.28,1779797399999,176178.46585000,1613,6333.75000000,59282.35557000,0,AVAXUSDT
2026-05-26 12:10:00+00:00,9.35,9.376,9.346,9.372,3801.39,1779797699999,35574.71440000,589,2517.44000000,23565.00503000,0,AVAXUSDT
2026-05-26 12:15:00+00:00,9.372,9.379,9.367,9.374,3434.37,1779797999999,32188.54710000,494,2402.46000000,22518.29837000,0,AVAXUSDT
2026-05-26 12:20:00+00:00,9.373,9.374,9.361,9.363,3668.22,1779798299999,34360.03194000,349,1793.12000000,16793.75931000,0,AVAXUSDT
2026-05-26 12:25:00+00:00,9.364,9.368,9.36,9.368,2902.05,1779798599999,27171.82662000,354,2035.16000000,19055.78110000,0,AVAXUSDT
2026-05-26 12:30:00+00:00,9.369,9.374,9.362,9.37,3250.46,1779798899999,30449.72192000,350,1072.23000000,10045.91641000,0,AVAXUSDT
2026-05-26 12:35:00+00:00,9.37,9.374,9.366,9.366,2784.03,1779799199999,26081.38312000,332,1462.00000000,13696.28608000,0,AVAXUSDT
2026-05-26 12:40:00+00:00,9.367,9.376,9.364,9.374,1997.78,1779799499999,18717.41090000,364,1459.12000000,13671.73082000,0,AVAXUSDT
2026-05-26 12:45:00+00:00,9.374,9.379,9.37,9.376,4254.77,1779799799999,39886.63414000,351,3437.24000000,32224.25876000,0,AVAXUSDT
2026-05-26 12:50:00+00:00,9.377,9.396,9.377,9.396,1465.61,1779800099999,13755.29004000,477,904.39000000,8489.38173000,0,AVAXUSDT
2026-05-26 12:55:00+00:00,9.396,9.403,9.388,9.389,4893.79,1779800399999,45978.95242000,358,3253.00000000,30566.74401000,0,AVAXUSDT
2026-05-26 13:00:00+00:00,9.39,9.403,9.39,9.398,6436.69,1779800699999,60480.86671000,378,4619.72000000,43403.70454000,0,AVAXUSDT
2026-05-26 13:05:00+00:00,9.398,9.398,9.388,9.392,3494.89,1779800999999,32826.72021000,472,2091.44000000,19642.46486000,0,AVAXUSDT
2026-05-26 13:10:00+00:00,9.393,9.4,9.393,9.394,6287.59,1779801299999,59086.23072000,386,5128.74000000,48198.44186000,0,AVAXUSDT
2026-05-26 13:15:00+00:00,9.394,9.398,9.385,9.385,1743.34,1779801599999,16373.14666000,272,244.40000000,2296.29230000,0,AVAXUSDT
2026-05-26 13:20:00+00:00,9.385,9.389,9.359,9.378,9659.31,1779801899999,90536.16048000,1051,1771.47000000,16599.57045000,0,AVAXUSDT
2026-05-26 13:25:00+00:00,9.377,9.377,9.357,9.359,1549.34,1779802199999,14511.24111000,503,564.84000000,5288.32324000,0,AVAXUSDT
2026-05-26 13:30:00+00:00,9.36,9.362,9.334,9.343,12176.61,1779802499999,113815.95034000,1462,3785.19000000,35386.50446000,0,AVAXUSDT
2026-05-26 13:35:00+00:00,9.343,9.37,9.336,9.363,4295.54,1779802799999,40185.03018000,961,2211.30000000,20683.13888000,0,AVAXUSDT
2026-05-26 13:40:00+00:00,9.363,9.39,9.363,9.379,4076.2,1779803099999,38235.41737000,746,2259.41000000,21193.67919000,0,AVAXUSDT
2026-05-26 13:45:00+00:00,9.38,9.422,9.38,9.422,16858.81,1779803399999,158479.43148000,1235,13369.89000000,125676.39629000,0,AVAXUSDT
2026-05-26 13:50:00+00:00,9.422,9.436,9.406,9.412,10674.52,1779803699999,100562.93014000,1793,5294.56000000,49886.28499000,0,AVAXUSDT
2026-05-26 13:55:00+00:00,9.413,9.436,9.413,9.424,12664.89,1779803999999,119415.06358000,1159,9178.51000000,86544.07703000,0,AVAXUSDT
2026-05-26 14:00:00+00:00,9.425,9.44,9.423,9.43,8277.48,1779804299999,78065.82392000,1105,4979.31000000,46963.32451000,0,AVAXUSDT
2026-05-26 14:05:00+00:00,9.431,9.444,9.427,9.434,7945.9,1779804599999,74992.75960000,849,6437.60000000,60759.78977000,0,AVAXUSDT
2026-05-26 14:10:00+00:00,9.434,9.442,9.434,9.442,2254.31,1779804899999,21274.20595000,684,1752.29000000,16536.31996000,0,AVAXUSDT
2026-05-26 14:15:00+00:00,9.442,9.464,9.431,9.451,21849.52,1779805199999,206469.57255000,1591,18108.69000000,171139.92700000,0,AVAXUSDT
2026-05-26 14:20:00+00:00,9.451,9.469,9.451,9.46,11114.9,1779805499999,105141.17736000,1036,9369.71000000,88630.52690000,0,AVAXUSDT
2026-05-26 14:25:00+00:00,9.46,9.49,9.46,9.477,26232.2,1779805799999,248673.97414000,2290,17216.66000000,163188.79758000,0,AVAXUSDT
2026-05-26 14:30:00+00:00,9.478,9.479,9.437,9.44,10753.01,1779806099999,101653.44449000,1966,5184.93000000,49028.22984000,0,AVAXUSDT
2026-05-26 14:35:00+00:00,9.44,9.441,9.347,9.349,16649.89,1779806399999,156427.53483000,2861,5745.38000000,53995.06136000,0,AVAXUSDT
2026-05-26 14:40:00+00:00,9.349,9.373,9.326,9.35,19153.46,1779806699999,179064.29623000,2434,7690.18000000,71923.89025000,0,AVAXUSDT
2026-05-26 14:45:00+00:00,9.351,9.362,9.332,9.361,11167.75,1779806999999,104397.52552000,1859,6205.38000000,58002.45651000,0,AVAXUSDT
2026-05-26 14:50:00+00:00,9.362,9.386,9.36,9.374,8272.1,1779807299999,77552.61101000,1217,5373.97000000,50381.15982000,0,AVAXUSDT
2026-05-26 14:55:00+00:00,9.374,9.374,9.356,9.357,6018.84,1779807599999,56369.53044000,756,2335.76000000,21870.85207000,0,AVAXUSDT
2026-05-26 15:00:00+00:00,9.356,9.366,9.298,9.318,24597.54,1779807899999,229530.81253000,2889,11631.42000000,108555.04189000,0,AVAXUSDT
2026-05-26 15:05:00+00:00,9.319,9.326,9.301,9.311,8849.51,1779808199999,82447.14026000,1211,4486.32000000,41793.35200000,0,AVAXUSDT
2026-05-26 15:10:00+00:00,9.312,9.341,9.312,9.341,3870.05,1779808499999,36084.89363000,720,3056.65000000,28500.72294000,0,AVAXUSDT
2026-05-26 15:15:00+00:00,9.341,9.344,9.324,9.325,2188.7,1779808799999,20428.54290000,702,896.35000000,8365.48494000,0,AVAXUSDT
2026-05-26 15:20:00+00:00,9.325,9.328,9.276,9.306,15305.12,1779809099999,142337.59408000,1655,5006.49000000,46538.82622000,0,AVAXUSDT
2026-05-26 15:25:00+00:00,9.305,9.322,9.295,9.301,2472.67,1779809399999,23021.75556000,718,1312.98000000,12223.57602000,0,AVAXUSDT
2026-05-26 15:30:00+00:00,9.301,9.306,9.256,9.284,24901.94,1779809699999,231048.98807000,2921,8822.25000000,81880.68686000,0,AVAXUSDT
2026-05-26 15:35:00+00:00,9.284,9.284,9.269,9.283,16690.56,1779809999999,154833.02911000,1670,9966.13000000,92450.27908000,0,AVAXUSDT
2026-05-26 15:40:00+00:00,9.284,9.305,9.275,9.3,5125.13,1779810299999,47602.45939000,940,2212.58000000,20539.56132000,0,AVAXUSDT
2026-05-26 15:45:00+00:00,9.3,9.3,9.284,9.291,7435.37,1779810599999,69105.21209000,913,4463.11000000,41488.23435000,0,AVAXUSDT
2026-05-26 15:50:00+00:00,9.291,9.292,9.235,9.243,19845.54,1779810899999,183766.71611000,2268,3728.95000000,34507.05927000,0,AVAXUSDT
2026-05-26 15:55:00+00:00,9.243,9.299,9.242,9.291,6339.58,1779811199999,58718.79970000,981,5147.73000000,47671.59212000,0,AVAXUSDT
2026-05-26 16:00:00+00:00,9.291,9.291,9.263,9.265,26772.67,1779811499999,248269.75975000,1611,8776.54000000,81391.04806000,0,AVAXUSDT
2026-05-26 16:05:00+00:00,9.265,9.267,9.244,9.262,6783.48,1779811799999,62789.89090000,1250,3250.68000000,30082.81189000,0,AVAXUSDT
2026-05-26 16:10:00+00:00,9.262,9.262,9.217,9.243,13800.89,1779812099999,127462.48970000,1501,2792.93000000,25786.04914000,0,AVAXUSDT
2026-05-26 16:15:00+00:00,9.244,9.269,9.242,9.266,6150.76,1779812399999,56940.15672000,813,5002.30000000,46306.89478000,0,AVAXUSDT
2026-05-26 16:20:00+00:00,9.266,9.269,9.254,9.264,2152.0,1779812699999,19926.62915000,618,649.28000000,6011.55141000,0,AVAXUSDT
2026-05-26 16:25:00+00:00,9.265,9.271,9.252,9.264,4245.55,1779812999999,39316.26022000,747,2218.70000000,20544.83173000,0,AVAXUSDT
2026-05-26 16:30:00+00:00,9.265,9.27,9.242,9.264,14829.22,1779813299999,137252.20237000,1177,4025.86000000,37255.10127000,0,AVAXUSDT
2026-05-26 16:35:00+00:00,9.264,9.274,9.256,9.256,3550.31,1779813599999,32894.16039000,679,886.12000000,8213.07519000,0,AVAXUSDT
2026-05-26 16:40:00+00:00,9.255,9.262,9.24,9.254,6228.53,1779813899999,57608.61057000,687,2845.31000000,26311.05520000,0,AVAXUSDT
2026-05-26 16:45:00+00:00,9.255,9.267,9.241,9.244,7292.76,1779814199999,67487.49395000,902,2723.79000000,25223.55531000,0,AVAXUSDT
2026-05-26 16:50:00+00:00,9.244,9.253,9.23,9.253,9598.17,1779814499999,88707.32454000,1311,4772.65000000,44110.39390000,0,AVAXUSDT
2026-05-26 16:55:00+00:00,9.252,9.259,9.251,9.256,4690.61,1779814799999,43416.93340000,548,2805.23000000,25964.31849000,0,AVAXUSDT
2026-05-26 17:00:00+00:00,9.257,9.278,9.254,9.266,4498.75,1779815099999,41700.08558000,779,2088.55000000,19359.75763000,0,AVAXUSDT
2026-05-26 17:05:00+00:00,9.265,9.265,9.24,9.258,3252.32,1779815399999,30083.99511000,784,2158.56000000,19964.53834000,0,AVAXUSDT
2026-05-26 17:10:00+00:00,9.258,9.267,9.245,9.246,4700.45,1779815699999,43506.52814000,668,1038.01000000,9605.75328000,0,AVAXUSDT
2026-05-26 17:15:00+00:00,9.247,9.248,9.218,9.222,9679.56,1779815999999,89404.51892000,1389,2037.49000000,18810.83852000,0,AVAXUSDT
2026-05-26 17:20:00+00:00,9.222,9.222,9.183,9.191,17848.92,1779816299999,164193.76046000,3222,5336.73000000,49086.05234000,0,AVAXUSDT
2026-05-26 17:25:00+00:00,9.192,9.192,9.159,9.162,14447.77,1779816599999,132532.40874000,2523,4135.68000000,37926.33595000,0,AVAXUSDT
2026-05-26 17:30:00+00:00,9.161,9.161,9.12,9.14,39503.46,1779816899999,361077.54165000,5414,12274.83000000,112178.06202000,0,AVAXUSDT
2026-05-26 17:35:00+00:00,9.14,9.185,9.14,9.181,9549.4,1779817199999,87522.54776000,1639,6732.31000000,61696.16136000,0,AVAXUSDT
2026-05-26 17:40:00+00:00,9.18,9.19,9.168,9.19,11687.14,1779817499999,107233.82280000,1192,7525.87000000,69052.44323000,0,AVAXUSDT
2026-05-26 17:45:00+00:00,9.19,9.205,9.172,9.197,12665.09,1779817799999,116319.83048000,1647,6456.55000000,59304.08212000,0,AVAXUSDT
2026-05-26 17:50:00+00:00,9.197,9.199,9.18,9.189,13371.62,1779818099999,122887.21511000,983,4612.11000000,42385.24756000,0,AVAXUSDT
2026-05-26 17:55:00+00:00,9.189,9.197,9.166,9.172,8930.84,1779818399999,81991.03851000,1176,5297.28000000,48627.75454000,0,AVAXUSDT
2026-05-26 18:00:00+00:00,9.172,9.172,9.153,9.169,9693.27,1779818699999,88825.86088000,1418,5393.37000000,49422.39425000,0,AVAXUSDT
2026-05-26 18:05:00+00:00,9.17,9.184,9.164,9.181,5106.72,1779818999999,46850.91034000,652,2856.83000000,26213.47692000,0,AVAXUSDT
2026-05-26 18:10:00+00:00,9.182,9.184,9.171,9.184,4012.45,1779819299999,36825.03668000,549,1060.64000000,9732.85932000,0,AVAXUSDT
2026-05-26 18:15:00+00:00,9.184,9.214,9.183,9.209,7572.62,1779819599999,69649.01166000,859,5416.19000000,49814.49081000,0,AVAXUSDT
2026-05-26 18:20:00+00:00,9.209,9.225,9.205,9.221,3588.78,1779819899999,33079.98786000,699,2364.32000000,21792.86429000,0,AVAXUSDT
2026-05-26 18:25:00+00:00,9.221,9.224,9.183,9.189,4322.89,1779820199999,39775.94069000,554,1058.10000000,9725.60822000,0,AVAXUSDT
2026-05-26 18:30:00+00:00,9.19,9.204,9.183,9.204,3293.42,1779820499999,30285.71648000,534,2434.18000000,22387.94813000,0,AVAXUSDT
2026-05-26 18:35:00+00:00,9.203,9.203,9.174,9.182,11952.1,1779820799999,109738.42359000,577,1370.20000000,12575.03101000,0,AVAXUSDT
2026-05-26 18:40:00+00:00,9.182,9.182,9.136,9.142,13073.97,1779821099999,119714.30397000,1442,4041.50000000,37028.96201000,0,AVAXUSDT
2026-05-26 18:45:00+00:00,9.142,9.159,9.141,9.15,2867.54,1779821399999,26231.03927000,595,1952.85000000,17860.74110000,0,AVAXUSDT
2026-05-26 18:50:00+00:00,9.149,9.17,9.147,9.166,2997.94,1779821699999,27465.21520000,615,2012.85000000,18439.02512000,0,AVAXUSDT
2026-05-26 18:55:00+00:00,9.166,9.171,9.143,9.155,10055.64,1779821999999,92065.99836000,1027,2669.54000000,24443.04408000,0,AVAXUSDT
2026-05-26 19:00:00+00:00,9.156,9.165,9.148,9.151,5263.36,1779822299999,48183.10271000,926,1996.38000000,18273.05208000,0,AVAXUSDT
2026-05-26 19:05:00+00:00,9.15,9.162,9.148,9.157,3555.71,1779822599999,32560.51938000,569,2539.59000000,23257.38227000,0,AVAXUSDT
2026-05-26 19:10:00+00:00,9.158,9.164,9.134,9.136,8744.66,1779822899999,79976.66223000,1067,4840.98000000,44287.72306000,0,AVAXUSDT
2026-05-26 19:15:00+00:00,9.137,9.151,9.125,9.143,5844.44,1779823199999,53397.37575000,1050,2603.62000000,23798.28219000,0,AVAXUSDT
2026-05-26 19:20:00+00:00,9.143,9.148,9.132,9.138,5635.5,1779823499999,51496.05950000,669,1045.44000000,9554.58461000,0,AVAXUSDT
2026-05-26 19:25:00+00:00,9.139,9.151,9.139,9.148,2073.29,1779823799999,18963.77060000,464,1564.72000000,14311.87724000,0,AVAXUSDT
2026-05-26 19:30:00+00:00,9.149,9.161,9.142,9.152,5651.04,1779824099999,51725.76273000,618,2598.25000000,23779.20758000,0,AVAXUSDT
2026-05-26 19:35:00+00:00,9.151,9.165,9.148,9.163,3855.11,1779824399999,35293.81866000,521,2266.67000000,20755.06650000,0,AVAXUSDT
2026-05-26 19:40:00+00:00,9.162,9.188,9.157,9.178,2498.46,1779824699999,22912.91039000,698,1918.31000000,17590.61067000,0,AVAXUSDT
2026-05-26 19:45:00+00:00,9.178,9.18,9.168,9.176,2056.12,1779824999999,18863.01723000,452,1560.68000000,14316.76500000,0,AVAXUSDT
2026-05-26 19:50:00+00:00,9.176,9.193,9.176,9.185,3030.27,1779825299999,27835.53589000,518,2133.88000000,19600.84606000,0,AVAXUSDT
2026-05-26 19:55:00+00:00,9.184,9.184,9.172,9.173,2427.24,1779825599999,22278.00981000,506,1896.25000000,17403.93440000,0,AVAXUSDT
2026-05-26 20:00:00+00:00,9.174,9.185,9.17,9.181,7208.79,1779825899999,66163.41235000,658,3845.18000000,35290.03864000,0,AVAXUSDT
2026-05-26 20:05:00+00:00,9.181,9.183,9.172,9.18,3243.81,1779826199999,29771.57352000,497,1103.34000000,10125.85377000,0,AVAXUSDT
2026-05-26 20:10:00+00:00,9.18,9.185,9.175,9.178,983.33,1779826499999,9025.74045000,386,274.84000000,2522.61385000,0,AVAXUSDT
2026-05-26 20:15:00+00:00,9.178,9.186,9.171,9.171,1739.78,1779826799999,15969.94944000,533,887.72000000,8149.11172000,0,AVAXUSDT
2026-05-26 20:20:00+00:00,9.171,9.172,9.161,9.162,2542.47,1779827099999,23306.38243000,575,974.71000000,8934.91224000,0,AVAXUSDT
2026-05-26 20:25:00+00:00,9.162,9.182,9.159,9.181,2568.29,1779827399999,23548.38406000,374,1970.09000000,18063.48074000,0,AVAXUSDT
2026-05-26 20:30:00+00:00,9.181,9.185,9.164,9.167,6067.93,1779827699999,55667.59222000,873,1143.43000000,10494.79067000,0,AVAXUSDT
2026-05-26 20:35:00+00:00,9.168,9.169,9.159,9.168,2431.81,1779827999999,22287.59857000,615,1328.65000000,12177.55047000,0,AVAXUSDT
2026-05-26 20:40:00+00:00,9.167,9.171,9.162,9.17,1838.55,1779828299999,16850.07197000,263,1096.07000000,10045.36782000,0,AVAXUSDT
2026-05-26 20:45:00+00:00,9.17,9.178,9.169,9.174,1147.44,1779828599999,10526.55378000,356,506.82000000,4649.87481000,0,AVAXUSDT
2026-05-26 20:50:00+00:00,9.175,9.176,9.172,9.173,592.57,1779828899999,5436.13007000,236,277.90000000,2549.53769000,0,AVAXUSDT
2026-05-26 20:55:00+00:00,9.172,9.185,9.171,9.183,868.63,1779829199999,7971.61896000,344,307.63000000,2823.89943000,0,AVAXUSDT
2026-05-26 21:00:00+00:00,9.183,9.183,9.166,9.167,897.59,1779829499999,8234.95253000,398,94.85000000,870.75794000,0,AVAXUSDT
2026-05-26 21:05:00+00:00,9.167,9.168,9.157,9.157,2360.8,1779829799999,21629.90026000,476,360.47000000,3303.30104000,0,AVAXUSDT
2026-05-26 21:10:00+00:00,9.157,9.157,9.128,9.145,14364.8,1779830099999,131383.33007000,944,2086.49000000,19075.90688000,0,AVAXUSDT
2026-05-26 21:15:00+00:00,9.144,9.163,9.142,9.16,1009.02,1779830399999,9233.60874000,347,589.40000000,5393.21528000,0,AVAXUSDT
2026-05-26 21:20:00+00:00,9.161,9.18,9.161,9.178,2007.2,1779830699999,18414.26811000,339,1642.86000000,15071.30111000,0,AVAXUSDT
2026-05-26 21:25:00+00:00,9.178,9.186,9.178,9.184,594.78,1779830999999,5462.25447000,200,408.23000000,3748.93331000,0,AVAXUSDT
2026-05-26 21:30:00+00:00,9.184,9.189,9.177,9.177,938.92,1779831299999,8622.69056000,285,502.12000000,4612.14255000,0,AVAXUSDT
2026-05-26 21:35:00+00:00,9.177,9.185,9.173,9.185,1657.51,1779831599999,15216.05624000,217,1216.66000000,11168.99274000,0,AVAXUSDT
2026-05-26 21:40:00+00:00,9.185,9.185,9.179,9.18,1566.57,1779831899999,14384.45033000,205,570.02000000,5234.22686000,0,AVAXUSDT
2026-05-26 21:45:00+00:00,9.18,9.182,9.175,9.175,185.17,1779832199999,1699.70987000,130,43.47000000,399.05864000,0,AVAXUSDT
2026-05-26 21:50:00+00:00,9.176,9.176,9.151,9.152,5539.54,1779832499999,50735.24259000,470,573.08000000,5251.73834000,0,AVAXUSDT
2026-05-26 21:55:00+00:00,9.153,9.159,9.139,9.145,4849.93,1779832799999,44356.70574000,599,887.68000000,8119.92346000,0,AVAXUSDT
2026-05-26 22:00:00+00:00,9.146,9.157,9.143,9.144,5225.64,1779833099999,47817.28914000,615,2041.92000000,18684.95047000,0,AVAXUSDT
2026-05-26 22:05:00+00:00,9.143,9.144,9.128,9.14,12647.3,1779833399999,115536.94145000,977,3705.99000000,33855.21828000,0,AVAXUSDT
2026-05-26 22:10:00+00:00,9.14,9.141,9.124,9.137,4943.9,1779833699999,45169.90816000,715,995.74000000,9095.61579000,0,AVAXUSDT
2026-05-26 22:15:00+00:00,9.137,9.147,9.132,9.14,5443.63,1779833999999,49741.01283000,568,1667.89000000,15244.69877000,0,AVAXUSDT
2026-05-26 22:20:00+00:00,9.14,9.157,9.14,9.154,1636.71,1779834299999,14973.22567000,318,270.44000000,2474.11101000,0,AVAXUSDT
2026-05-26 22:25:00+00:00,9.155,9.16,9.153,9.158,2242.76,1779834599999,20537.28011000,234,1528.83000000,14000.19048000,0,AVAXUSDT
2026-05-26 22:30:00+00:00,9.158,9.163,9.149,9.159,1409.27,1779834899999,12902.37021000,406,344.52000000,3154.64925000,0,AVAXUSDT
2026-05-26 22:35:00+00:00,9.16,9.162,9.145,9.146,2105.0,1779835199999,19269.52568000,372,189.36000000,1733.45678000,0,AVAXUSDT
2026-05-26 22:40:00+00:00,9.146,9.149,9.137,9.14,3212.54,1779835499999,29375.55808000,406,1437.58000000,13147.45204000,0,AVAXUSDT
2026-05-26 22:45:00+00:00,9.14,9.14,9.129,9.131,3081.56,1779835799999,28152.64189000,534,844.05000000,7710.92387000,0,AVAXUSDT
2026-05-26 22:50:00+00:00,9.131,9.133,9.126,9.131,3677.18,1779836099999,33570.14570000,390,1166.11000000,10645.15242000,0,AVAXUSDT
2026-05-26 22:55:00+00:00,9.131,9.137,9.119,9.137,17844.03,1779836399999,162885.32590000,748,6741.77000000,61550.12329000,0,AVAXUSDT
2026-05-26 23:00:00+00:00,9.138,9.157,9.138,9.156,4274.8,1779836699999,39125.54245000,614,2515.43000000,23018.94218000,0,AVAXUSDT
2026-05-26 23:05:00+00:00,9.156,9.16,9.153,9.16,1362.52,1779836999999,12475.35217000,234,134.82000000,1234.46490000,0,AVAXUSDT
2026-05-26 23:10:00+00:00,9.16,9.164,9.152,9.157,3536.72,1779837299999,32390.18858000,339,2347.04000000,21494.33865000,0,AVAXUSDT
2026-05-26 23:15:00+00:00,9.157,9.159,9.153,9.159,3195.31,1779837599999,29257.55244000,257,1744.68000000,15975.02311000,0,AVAXUSDT
2026-05-26 23:20:00+00:00,9.16,9.16,9.148,9.149,1935.24,1779837899999,17717.04981000,277,612.09000000,5602.88138000,0,AVAXUSDT
2026-05-26 23:25:00+00:00,9.15,9.151,9.142,9.151,3134.38,1779838199999,28673.67842000,381,911.94000000,8343.54159000,0,AVAXUSDT
2026-05-26 23:30:00+00:00,9.151,9.156,9.15,9.152,4130.98,1779838499999,37810.35275000,368,2617.61000000,23960.52611000,0,AVAXUSDT
2026-05-26 23:35:00+00:00,9.152,9.163,9.151,9.155,2652.97,1779838799999,24291.64991000,337,1434.53000000,13131.31316000,0,AVAXUSDT
2026-05-26 23:40:00+00:00,9.156,9.158,9.154,9.154,2100.42,1779839099999,19231.83049000,279,620.85000000,5684.91363000,0,AVAXUSDT
2026-05-26 23:45:00+00:00,9.155,9.157,9.152,9.152,1500.43,1779839399999,13735.78907000,181,229.85000000,2103.92360000,0,AVAXUSDT
2026-05-26 23:50:00+00:00,9.152,9.152,9.135,9.137,1894.9,1779839699999,17321.73875000,291,373.24000000,3411.89922000,0,AVAXUSDT
2026-05-26 23:55:00+00:00,9.137,9.141,9.137,9.14,1435.5,1779839999999,13120.07216000,88,380.32000000,3476.16128000,0,AVAXUSDT
2026-05-27 00:00:00+00:00,9.14,9.151,9.14,9.144,10236.74,1779840299999,93637.20817000,705,5869.84000000,53694.30837000,0,AVAXUSDT
2026-05-27 00:05:00+00:00,9.143,9.154,9.143,9.154,7625.34,1779840599999,69749.77930000,417,5426.54000000,49636.20212000,0,AVAXUSDT
2026-05-27 00:10:00+00:00,9.154,9.158,9.146,9.154,2175.17,1779840899999,19904.13399000,424,983.31000000,8998.43013000,0,AVAXUSDT
2026-05-27 00:15:00+00:00,9.153,9.153,9.14,9.143,4312.91,1779841199999,39438.02819000,564,1997.23000000,18261.38987000,0,AVAXUSDT
2026-05-27 00:20:00+00:00,9.144,9.154,9.141,9.15,3285.0,1779841499999,30046.92660000,464,1310.74000000,11985.84053000,0,AVAXUSDT
2026-05-27 00:25:00+00:00,9.15,9.161,9.15,9.161,695.69,1779841799999,6369.48180000,367,575.14000000,5266.00137000,0,AVAXUSDT
2026-05-27 00:30:00+00:00,9.162,9.177,9.162,9.167,3136.24,1779842099999,28760.16919000,747,1617.05000000,14827.07838000,0,AVAXUSDT
2026-05-27 00:35:00+00:00,9.166,9.167,9.156,9.16,679.25,1779842399999,6221.69071000,277,489.84000000,4486.34025000,0,AVAXUSDT
2026-05-27 00:40:00+00:00,9.16,9.169,9.157,9.165,2171.97,1779842699999,19894.60786000,311,1007.53000000,9229.52289000,0,AVAXUSDT
2026-05-27 00:45:00+00:00,9.165,9.174,9.163,9.168,5874.95,1779842999999,53864.38052000,577,2139.26000000,19613.46718000,0,AVAXUSDT
2026-05-27 00:50:00+00:00,9.168,9.182,9.168,9.181,2481.91,1779843299999,22770.37023000,433,1588.42000000,14573.03101000,0,AVAXUSDT
2026-05-27 00:55:00+00:00,9.18,9.193,9.18,9.193,4933.87,1779843599999,45322.29845000,344,4791.52000000,44015.10299000,0,AVAXUSDT
2026-05-27 01:00:00+00:00,9.193,9.202,9.187,9.188,13113.8,1779843899999,120555.98336000,550,6286.98000000,57806.73070000,0,AVAXUSDT
2026-05-27 01:05:00+00:00,9.188,9.189,9.181,9.188,2514.16,1779844199999,23086.42636000,382,2328.57000000,21382.27447000,0,AVAXUSDT
2026-05-27 01:10:00+00:00,9.189,9.191,9.181,9.191,2218.03,1779844499999,20371.59903000,350,1305.12000000,11987.32008000,0,AVAXUSDT
2026-05-27 01:15:00+00:00,9.19,9.19,9.173,9.173,1479.84,1779844799999,13589.37003000,349,124.72000000,1145.67041000,0,AVAXUSDT
2026-05-27 01:20:00+00:00,9.173,9.174,9.155,9.163,10149.48,1779845099999,93034.34560000,810,3075.67000000,28186.02529000,0,AVAXUSDT
2026-05-27 01:25:00+00:00,9.162,9.174,9.158,9.174,1356.41,1779845399999,12434.74607000,375,977.59000000,8962.47436000,0,AVAXUSDT
2026-05-27 01:30:00+00:00,9.174,9.181,9.171,9.177,2004.86,1779845699999,18395.57478000,611,1393.60000000,12787.28672000,0,AVAXUSDT
2026-05-27 01:35:00+00:00,9.176,9.178,9.162,9.178,1213.09,1779845999999,11124.31170000,468,494.76000000,4536.77873000,0,AVAXUSDT
2026-05-27 01:40:00+00:00,9.179,9.182,9.166,9.166,3813.06,1779846299999,34982.46700000,446,648.78000000,5954.65874000,0,AVAXUSDT
2026-05-27 01:45:00+00:00,9.166,9.185,9.164,9.181,4212.64,1779846599999,38638.57532000,624,3912.80000000,35887.06116000,0,AVAXUSDT
2026-05-27 01:50:00+00:00,9.182,9.182,9.171,9.172,349.26,1779846899999,3205.30281000,323,98.48000000,903.86809000,0,AVAXUSDT
2026-05-27 01:55:00+00:00,9.172,9.172,9.145,9.149,1287.89,1779847199999,11794.90619000,418,454.43000000,4165.85466000,0,AVAXUSDT
2026-05-27 02:00:00+00:00,9.15,9.154,9.132,9.149,3733.83,1779847499999,34142.88733000,796,1355.16000000,12395.26757000,0,AVAXUSDT
2026-05-27 02:05:00+00:00,9.149,9.151,9.137,9.137,1671.76,1779847799999,15285.08670000,471,429.24000000,3925.70467000,0,AVAXUSDT
2026-05-27 02:10:00+00:00,9.137,9.151,9.136,9.148,1979.11,1779848099999,18104.70335000,392,1764.19000000,16139.61183000,0,AVAXUSDT
2026-05-27 02:15:00+00:00,9.149,9.149,9.114,9.122,5969.26,1779848399999,54464.55000000,906,990.36000000,9034.44733000,0,AVAXUSDT
2026-05-27 02:20:00+00:00,9.121,9.137,9.121,9.136,3098.8,1779848699999,28286.69747000,557,2074.11000000,18934.20251000,0,AVAXUSDT
2026-05-27 02:25:00+00:00,9.137,9.144,9.132,9.14,1191.69,1779848999999,10891.37227000,416,389.91000000,3563.41736000,0,AVAXUSDT
2026-05-27 02:30:00+00:00,9.141,9.151,9.125,9.151,16220.84,1779849299999,148176.51837000,794,2755.59000000,25175.43653000,0,AVAXUSDT
2026-05-27 02:35:00+00:00,9.152,9.154,9.132,9.132,1406.55,1779849599999,12866.84738000,505,430.15000000,3935.90855000,0,AVAXUSDT
2026-05-27 02:40:00+00:00,9.132,9.145,9.132,9.144,1995.32,1779849899999,18236.65846000,427,1496.12000000,13673.49929000,0,AVAXUSDT
2026-05-27 02:45:00+00:00,9.145,9.153,9.144,9.149,4154.22,1779850199999,38007.38110000,475,3643.40000000,33333.52221000,0,AVAXUSDT
2026-05-27 02:50:00+00:00,9.149,9.154,9.147,9.153,877.99,1779850499999,8034.60371000,201,369.78000000,3383.73551000,0,AVAXUSDT
2026-05-27 02:55:00+00:00,9.152,9.172,9.152,9.172,2443.73,1779850799999,22396.19352000,408,2055.32000000,18837.64443000,0,AVAXUSDT
2026-05-27 03:00:00+00:00,9.172,9.176,9.162,9.173,2164.15,1779851099999,19837.76357000,384,391.18000000,3586.66087000,0,AVAXUSDT
2026-05-27 03:05:00+00:00,9.174,9.178,9.173,9.174,4013.05,1779851399999,36825.62159000,208,960.87000000,8816.33299000,0,AVAXUSDT
2026-05-27 03:10:00+00:00,9.173,9.173,9.169,9.171,578.43,1779851699999,5305.07507000,187,500.81000000,4593.22998000,0,AVAXUSDT
2026-05-27 03:15:00+00:00,9.172,9.172,9.162,9.162,6799.43,1779851999999,62346.18015000,399,1081.21000000,9913.63583000,0,AVAXUSDT
2026-05-27 03:20:00+00:00,9.162,9.168,9.156,9.16,1630.03,1779852299999,14932.94977000,431,492.51000000,4511.31308000,0,AVAXUSDT
2026-05-27 03:25:00+00:00,9.16,9.169,9.16,9.168,1029.23,1779852599999,9431.07753000,274,730.32000000,6691.43305000,0,AVAXUSDT
2026-05-27 03:30:00+00:00,9.168,9.174,9.162,9.163,839.54,1779852899999,7697.20433000,298,303.30000000,2780.98266000,0,AVAXUSDT
2026-05-27 03:35:00+00:00,9.162,9.162,9.151,9.154,2991.76,1779853199999,27391.00167000,477,1047.94000000,9595.64138000,0,AVAXUSDT
2026-05-27 03:40:00+00:00,9.154,9.16,9.152,9.152,2127.32,1779853499999,19479.48612000,281,1817.04000000,16639.20974000,0,AVAXUSDT
2026-05-27 03:45:00+00:00,9.153,9.155,9.131,9.135,4692.64,1779853799999,42923.20805000,883,1499.14000000,13715.99612000,0,AVAXUSDT
2026-05-27 03:50:00+00:00,9.134,9.139,9.13,9.136,5997.76,1779854099999,54775.89596000,575,3340.20000000,30504.79802000,0,AVAXUSDT
2026-05-27 03:55:00+00:00,9.135,9.144,9.133,9.142,1681.83,1779854399999,15368.87445000,388,1361.56000000,12442.05225000,0,AVAXUSDT
2026-05-27 04:00:00+00:00,9.141,9.147,9.128,9.136,8086.03,1779854699999,73871.47932000,774,1840.61000000,16815.71004000,0,AVAXUSDT
2026-05-27 04:05:00+00:00,9.136,9.141,9.129,9.141,3955.21,1779854999999,36126.28272000,367,3578.76000000,32687.11563000,0,AVAXUSDT
2026-05-27 04:10:00+00:00,9.14,9.142,9.128,9.128,1416.52,1779855299999,12939.23130000,430,57.75000000,527.78073000,0,AVAXUSDT
2026-05-27 04:15:00+00:00,9.128,9.13,9.096,9.103,13585.89,1779855599999,123695.08690000,1385,3262.51000000,29704.78218000,0,AVAXUSDT
2026-05-27 04:20:00+00:00,9.104,9.107,9.095,9.1,4261.01,1779855899999,38783.09088000,617,2799.58000000,25479.53687000,0,AVAXUSDT
2026-05-27 04:25:00+00:00,9.1,9.108,9.092,9.093,2283.37,1779856199999,20781.67918000,434,111.15000000,1011.71010000,0,AVAXUSDT
2026-05-27 04:30:00+00:00,9.093,9.095,9.045,9.068,51050.3,1779856499999,462845.56445000,4222,11418.20000000,103460.10180000,0,AVAXUSDT
2026-05-27 04:35:00+00:00,9.069,9.081,9.065,9.081,5625.94,1779856799999,51055.76027000,633,4117.79000000,37369.42302000,0,AVAXUSDT
2026-05-27 04:40:00+00:00,9.081,9.084,9.079,9.082,1091.02,1779857099999,9907.27201000,256,652.67000000,5926.75176000,0,AVAXUSDT
2026-05-27 04:45:00+00:00,9.083,9.12,9.083,9.12,2593.67,1779857399999,23595.34777000,722,2120.08000000,19285.30250000,0,AVAXUSDT
2026-05-27 04:50:00+00:00,9.12,9.133,9.11,9.133,9865.28,1779857699999,89946.93142000,644,3276.37000000,29900.30007000,0,AVAXUSDT
2026-05-27 04:55:00+00:00,9.132,9.142,9.129,9.14,1376.92,1779857999999,12580.65321000,357,894.69000000,8174.97046000,0,AVAXUSDT
2026-05-27 05:00:00+00:00,9.141,9.148,9.139,9.147,2700.5,1779858299999,24691.12623000,528,1125.04000000,10286.58771000,0,AVAXUSDT
2026-05-27 05:05:00+00:00,9.147,9.149,9.144,9.149,998.96,1779858599999,9136.72419000,301,557.77000000,5101.57054000,0,AVAXUSDT
2026-05-27 05:10:00+00:00,9.149,9.149,9.139,9.142,765.3,1779858899999,6996.00249000,310,633.68000000,5792.50718000,0,AVAXUSDT
2026-05-27 05:15:00+00:00,9.143,9.148,9.141,9.144,2987.69,1779859199999,27318.60583000,241,2487.09000000,22741.48355000,0,AVAXUSDT
2026-05-27 05:20:00+00:00,9.144,9.153,9.137,9.153,2031.94,1779859499999,18581.16223000,340,406.04000000,3714.32688000,0,AVAXUSDT
2026-05-27 05:25:00+00:00,9.152,9.163,9.151,9.157,3784.08,1779859799999,34655.79055000,267,724.82000000,6636.82327000,0,AVAXUSDT
2026-05-27 05:30:00+00:00,9.158,9.159,9.147,9.147,687.08,1779860099999,6288.33923000,246,20.40000000,186.77460000,0,AVAXUSDT
2026-05-27 05:35:00+00:00,9.148,9.158,9.148,9.15,574.43,1779860399999,5256.88051000,328,339.03000000,3102.26346000,0,AVAXUSDT
2026-05-27 05:40:00+00:00,9.151,9.151,9.138,9.141,1422.55,1779860699999,13008.07218000,438,662.21000000,6054.56300000,0,AVAXUSDT
2026-05-27 05:45:00+00:00,9.142,9.152,9.138,9.151,951.46,1779860999999,8703.82178000,441,716.91000000,6558.73133000,0,AVAXUSDT
2026-05-27 05:50:00+00:00,9.151,9.16,9.151,9.16,2591.72,1779861299999,23734.61101000,391,1501.11000000,13746.58067000,0,AVAXUSDT
2026-05-27 05:55:00+00:00,9.16,9.176,9.16,9.169,5215.31,1779861599999,47807.59735000,508,3227.71000000,29580.13003000,0,AVAXUSDT
2026-05-27 06:00:00+00:00,9.17,9.173,9.161,9.167,1908.63,1779861899999,17495.33393000,327,1114.61000000,10216.94743000,0,AVAXUSDT
2026-05-27 06:05:00+00:00,9.167,9.179,9.166,9.179,3690.55,1779862199999,33842.02662000,500,3279.92000000,30076.65152000,0,AVAXUSDT
2026-05-27 06:10:00+00:00,9.179,9.179,9.165,9.171,1730.69,1779862499999,15874.96867000,321,1262.82000000,11583.58336000,0,AVAXUSDT
2026-05-27 06:15:00+00:00,9.172,9.172,9.165,9.17,2045.85,1779862799999,18756.38962000,396,1258.82000000,11541.25898000,0,AVAXUSDT
2026-05-27 06:20:00+00:00,9.171,9.176,9.161,9.166,3291.57,1779863099999,30178.66239000,466,938.06000000,8599.10316000,0,AVAXUSDT
2026-05-27 06:25:00+00:00,9.167,9.179,9.164,9.179,10762.68,1779863399999,98688.82030000,500,1110.05000000,10179.79780000,0,AVAXUSDT
2026-05-27 06:30:00+00:00,9.179,9.191,9.176,9.187,8683.85,1779863699999,79773.53281000,864,7991.85000000,73417.12745000,0,AVAXUSDT
2026-05-27 06:35:00+00:00,9.187,9.19,9.183,9.184,1016.15,1779863999999,9335.17377000,335,527.40000000,4845.12586000,0,AVAXUSDT
2026-05-27 06:40:00+00:00,9.184,9.189,9.184,9.189,1811.8,1779864299999,16642.90916000,166,1776.75000000,16320.94690000,0,AVAXUSDT
2026-05-27 06:45:00+00:00,9.188,9.199,9.186,9.196,5153.96,1779864599999,47389.73148000,502,3707.95000000,34089.56153000,0,AVAXUSDT
2026-05-27 06:50:00+00:00,9.195,9.195,9.181,9.181,1992.35,1779864899999,18311.45781000,289,1730.36000000,15903.75473000,0,AVAXUSDT
2026-05-27 06:55:00+00:00,9.181,9.196,9.18,9.196,5198.26,1779865199999,47772.86801000,330,4659.33000000,42821.87023000,0,AVAXUSDT
2026-05-27 07:00:00+00:00,9.196,9.215,9.196,9.203,13408.91,1779865499999,123431.57225000,831,10162.88000000,93548.00412000,0,AVAXUSDT
2026-05-27 07:05:00+00:00,9.203,9.207,9.194,9.194,2451.19,1779865799999,22550.85078000,430,367.88000000,3384.21396000,0,AVAXUSDT
2026-05-27 07:10:00+00:00,9.193,9.197,9.186,9.191,2672.53,1779866099999,24563.97441000,423,1301.36000000,11963.22598000,0,AVAXUSDT
2026-05-27 07:15:00+00:00,9.191,9.193,9.182,9.193,9834.53,1779866399999,90384.87388000,767,8482.24000000,77958.06004000,0,AVAXUSDT
2026-05-27 07:20:00+00:00,9.193,9.193,9.182,9.187,2216.42,1779866699999,20366.98725000,436,1087.83000000,9996.51336000,0,AVAXUSDT
2026-05-27 07:25:00+00:00,9.186,9.19,9.184,9.187,659.49,1779866999999,6058.81617000,226,66.33000000,609.39352000,0,AVAXUSDT
2026-05-27 07:30:00+00:00,9.188,9.19,9.176,9.188,9019.07,1779867299999,82828.42237000,664,8203.98000000,75342.76039000,0,AVAXUSDT
2026-05-27 07:35:00+00:00,9.188,9.19,9.175,9.176,4152.79,1779867599999,38138.22551000,478,1441.64000000,13246.35842000,0,AVAXUSDT
2026-05-27 07:40:00+00:00,9.176,9.177,9.173,9.175,4008.21,1779867899999,36772.97455000,270,124.63000000,1143.56703000,0,AVAXUSDT
2026-05-27 07:45:00+00:00,9.175,9.182,9.174,9.178,2114.9,1779868199999,19408.87768000,425,764.11000000,7013.76141000,0,AVAXUSDT
2026-05-27 07:50:00+00:00,9.177,9.181,9.173,9.176,8562.88,1779868499999,78582.18683000,584,811.04000000,7443.52320000,0,AVAXUSDT
2026-05-27 07:55:00+00:00,9.176,9.197,9.176,9.196,3264.53,1779868799999,29985.38989000,590,1611.26000000,14800.92152000,0,AVAXUSDT
2026-05-27 08:00:00+00:00,9.195,9.199,9.188,9.199,2066.28,1779869099999,18991.60217000,816,1538.38000000,14139.43792000,0,AVAXUSDT
2026-05-27 08:05:00+00:00,9.2,9.209,9.194,9.194,3930.76,1779869399999,36167.50048000,617,3130.52000000,28805.05993000,0,AVAXUSDT
2026-05-27 08:10:00+00:00,9.194,9.199,9.192,9.196,522.08,1779869699999,4800.45068000,292,119.65000000,1100.28974000,0,AVAXUSDT
2026-05-27 08:15:00+00:00,9.196,9.201,9.192,9.2,1267.83,1779869999999,11659.43744000,423,475.93000000,4376.86472000,0,AVAXUSDT
2026-05-27 08:20:00+00:00,9.2,9.213,9.198,9.202,5013.73,1779870299999,46145.49002000,688,3467.88000000,31912.07021000,0,AVAXUSDT
2026-05-27 08:25:00+00:00,9.203,9.227,9.203,9.218,4285.63,1779870599999,39500.29174000,826,2512.38000000,23151.95763000,0,AVAXUSDT
2026-05-27 08:30:00+00:00,9.218,9.22,9.21,9.216,6843.83,1779870899999,63058.32311000,433,5045.80000000,46489.78071000,0,AVAXUSDT
2026-05-27 08:35:00+00:00,9.215,9.221,9.214,9.221,1287.6,1779871199999,11869.28139000,284,959.68000000,8846.65633000,0,AVAXUSDT
2026-05-27 08:40:00+00:00,9.221,9.221,9.208,9.208,1745.62,1779871499999,16086.87794000,338,537.81000000,4955.47562000,0,AVAXUSDT
2026-05-27 08:45:00+00:00,9.208,9.211,9.185,9.186,3011.59,1779871799999,27693.58895000,508,315.47000000,2900.33219000,0,AVAXUSDT
2026-05-27 08:50:00+00:00,9.186,9.187,9.158,9.164,16779.01,1779872099999,153866.35932000,982,5595.30000000,51311.80637000,0,AVAXUSDT
2026-05-27 08:55:00+00:00,9.165,9.168,9.164,9.166,2866.67,1779872399999,26271.34847000,228,427.62000000,3919.03860000,0,AVAXUSDT
2026-05-27 09:00:00+00:00,9.166,9.168,9.137,9.14,11854.92,1779872699999,108603.69649000,825,492.78000000,4508.18546000,0,AVAXUSDT
2026-05-27 09:05:00+00:00,9.141,9.151,9.141,9.149,848.48,1779872999999,7760.78669000,406,318.01000000,2908.44378000,0,AVAXUSDT
2026-05-27 09:10:00+00:00,9.149,9.149,9.139,9.143,609.21,1779873299999,5569.74089000,364,91.24000000,834.16253000,0,AVAXUSDT
2026-05-27 09:15:00+00:00,9.143,9.145,9.13,9.139,1964.67,1779873599999,17948.22125000,545,465.42000000,4251.43183000,0,AVAXUSDT
2026-05-27 09:20:00+00:00,9.139,9.15,9.139,9.149,778.22,1779873899999,7117.35974000,336,353.08000000,3229.58653000,0,AVAXUSDT
2026-05-27 09:25:00+00:00,9.148,9.15,9.131,9.135,1637.26,1779874199999,14964.10865000,406,861.63000000,7872.46404000,0,AVAXUSDT
2026-05-27 09:30:00+00:00,9.136,9.15,9.132,9.147,1207.58,1779874499999,11038.15884000,335,549.62000000,5023.48334000,0,AVAXUSDT
2026-05-27 09:35:00+00:00,9.147,9.168,9.147,9.166,2385.55,1779874799999,21844.13967000,426,1920.84000000,17589.14074000,0,AVAXUSDT
2026-05-27 09:40:00+00:00,9.167,9.167,9.155,9.155,242.11,1779875099999,2218.27456000,165,80.56000000,738.20355000,0,AVAXUSDT
2026-05-27 09:45:00+00:00,9.156,9.157,9.151,9.153,1243.41,1779875399999,11383.23335000,278,453.58000000,4152.74303000,0,AVAXUSDT
2026-05-27 09:50:00+00:00,9.154,9.155,9.138,9.14,7650.66,1779875699999,69973.51348000,361,1142.48000000,10442.60748000,0,AVAXUSDT
2026-05-27 09:55:00+00:00,9.141,9.142,9.137,9.138,1984.21,1779875999999,18136.61947000,283,1469.70000000,13434.50348000,0,AVAXUSDT
2026-05-27 10:00:00+00:00,9.138,9.143,9.126,9.135,20798.06,1779876299999,189962.39404000,774,8127.38000000,74222.03569000,0,AVAXUSDT
2026-05-27 10:05:00+00:00,9.136,9.144,9.134,9.143,901.75,1779876599999,8239.77804000,380,657.96000000,6012.40377000,0,AVAXUSDT
2026-05-27 10:10:00+00:00,9.143,9.156,9.142,9.156,1983.03,1779876899999,18132.57453000,338,870.14000000,7957.08285000,0,AVAXUSDT
2026-05-27 10:15:00+00:00,9.157,9.169,9.152,9.162,7548.96,1779877199999,69179.24945000,820,6422.52000000,58857.48040000,0,AVAXUSDT
2026-05-27 10:20:00+00:00,9.161,9.163,9.157,9.162,2740.85,1779877499999,25105.03532000,444,1924.00000000,17623.99296000,0,AVAXUSDT
2026-05-27 10:25:00+00:00,9.162,9.176,9.162,9.165,2818.29,1779877799999,25844.15301000,471,2294.40000000,21039.99263000,0,AVAXUSDT
2026-05-27 10:30:00+00:00,9.166,9.17,9.152,9.154,4164.37,1779878099999,38128.51008000,479,3219.82000000,29478.21501000,0,AVAXUSDT
2026-05-27 10:35:00+00:00,9.154,9.168,9.153,9.158,6467.07,1779878399999,59213.92581000,575,4342.34000000,39755.97856000,0,AVAXUSDT
2026-05-27 10:40:00+00:00,9.157,9.159,9.155,9.158,346.45,1779878699999,3172.49445000,119,163.71000000,1499.34120000,0,AVAXUSDT
2026-05-27 10:45:00+00:00,9.158,9.164,9.154,9.159,3033.66,1779878999999,27777.03199000,431,2210.93000000,20243.63687000,0,AVAXUSDT
2026-05-27 10:50:00+00:00,9.158,9.158,9.154,9.158,687.46,1779879299999,6294.01155000,170,368.32000000,3372.10521000,0,AVAXUSDT
2026-05-27 10:55:00+00:00,9.158,9.163,9.157,9.161,3495.63,1779879599999,32017.70887000,282,2428.83000000,22247.77991000,0,AVAXUSDT
2026-05-27 11:00:00+00:00,9.16,9.187,9.155,9.18,5286.03,1779879899999,48472.08534000,873,4121.93000000,37798.66172000,0,AVAXUSDT
2026-05-27 11:05:00+00:00,9.18,9.187,9.176,9.181,2684.79,1779880199999,24648.45430000,374,2037.71000000,18707.76708000,0,AVAXUSDT
2026-05-27 11:10:00+00:00,9.18,9.183,9.174,9.181,1699.56,1779880499999,15600.37738000,232,1394.47000000,12799.92209000,0,AVAXUSDT
2026-05-27 11:15:00+00:00,9.182,9.193,9.173,9.173,7779.94,1779880799999,71428.19643000,657,3456.69000000,31734.03291000,0,AVAXUSDT
2026-05-27 11:20:00+00:00,9.173,9.189,9.172,9.178,8030.52,1779881099999,73711.73693000,743,3378.62000000,31016.83497000,0,AVAXUSDT
2026-05-27 11:25:00+00:00,9.179,9.18,9.173,9.173,604.14,1779881399999,5544.15445000,271,301.21000000,2764.24352000,0,AVAXUSDT
2026-05-27 11:30:00+00:00,9.173,9.173,9.162,9.166,2776.98,1779881699999,25453.59790000,721,1069.33000000,9800.87972000,0,AVAXUSDT
2026-05-27 11:35:00+00:00,9.167,9.182,9.167,9.179,820.75,1779881999999,7531.12592000,310,593.29000000,5443.56854000,0,AVAXUSDT
2026-05-27 11:40:00+00:00,9.178,9.178,9.166,9.168,2474.37,1779882299999,22688.31000000,309,2072.78000000,19005.77247000,0,AVAXUSDT
2026-05-27 11:45:00+00:00,9.168,9.168,9.159,9.163,2052.71,1779882599999,18809.19452000,229,417.01000000,3821.78811000,0,AVAXUSDT
2026-05-27 11:50:00+00:00,9.163,9.171,9.162,9.164,3749.28,1779882899999,34373.74587000,203,3368.21000000,30880.68777000,0,AVAXUSDT
2026-05-27 11:55:00+00:00,9.163,9.165,9.152,9.153,1372.92,1779883199999,12575.31363000,210,324.77000000,2975.98263000,0,AVAXUSDT
2026-05-27 12:00:00+00:00,9.153,9.153,9.131,9.138,4904.11,1779883499999,44836.27645000,872,2674.92000000,24456.65556000,0,AVAXUSDT
2026-05-27 12:05:00+00:00,9.139,9.147,9.121,9.135,5316.25,1779883799999,48560.16425000,1026,2249.55000000,20544.26027000,0,AVAXUSDT
2026-05-27 12:10:00+00:00,9.135,9.138,9.122,9.138,2232.57,1779884099999,20385.27647000,496,881.42000000,8048.12007000,0,AVAXUSDT
2026-05-27 12:15:00+00:00,9.139,9.176,9.127,9.173,8932.32,1779884399999,81678.91873000,1884,6309.72000000,57688.99889000,0,AVAXUSDT
2026-05-27 12:20:00+00:00,9.173,9.244,9.17,9.201,25298.5,1779884699999,233202.77749000,2995,16840.29000000,155296.61496000,0,AVAXUSDT
2026-05-27 12:25:00+00:00,9.201,9.219,9.197,9.215,5458.48,1779884999999,50270.86131000,1172,2185.10000000,20122.99229000,0,AVAXUSDT
2026-05-27 12:30:00+00:00,9.215,9.22,9.188,9.189,2576.23,1779885299999,23707.60790000,812,679.79000000,6260.37188000,0,AVAXUSDT
2026-05-27 12:35:00+00:00,9.19,9.229,9.19,9.224,9890.78,1779885599999,91103.67808000,1190,7338.69000000,67579.29886000,0,AVAXUSDT
2026-05-27 12:40:00+00:00,9.225,9.226,9.215,9.22,2600.43,1779885899999,23972.17677000,408,637.88000000,5880.80327000,0,AVAXUSDT
2026-05-27 12:45:00+00:00,9.221,9.221,9.2,9.211,4368.31,1779886199999,40225.86948000,619,1186.41000000,10921.36061000,0,AVAXUSDT
2026-05-27 12:50:00+00:00,9.211,9.211,9.198,9.208,702.45,1779886499999,6465.37774000,469,371.26000000,3416.67115000,0,AVAXUSDT
2026-05-27 12:55:00+00:00,9.207,9.207,9.187,9.188,806.07,1779886799999,7408.95451000,405,240.70000000,2211.88386000,0,AVAXUSDT
2026-05-27 13:00:00+00:00,9.187,9.198,9.171,9.172,2417.6,1779887099999,22203.66059000,833,1084.78000000,9962.06753000,0,AVAXUSDT
2026-05-27 13:05:00+00:00,9.172,9.18,9.151,9.161,5838.76,1779887399999,53525.18323000,1265,3405.90000000,31219.28459000,0,AVAXUSDT
2026-05-27 13:10:00+00:00,9.161,9.165,9.149,9.158,2862.75,1779887699999,26209.93165000,645,2075.31000000,19000.08087000,0,AVAXUSDT
2026-05-27 13:15:00+00:00,9.159,9.161,9.149,9.155,8265.5,1779887999999,75651.29855000,861,1349.77000000,12353.88546000,0,AVAXUSDT
2026-05-27 13:20:00+00:00,9.156,9.16,9.143,9.16,7087.5,1779888299999,64858.34576000,604,3362.38000000,30769.33226000,0,AVAXUSDT
2026-05-27 13:25:00+00:00,9.161,9.163,9.136,9.146,4331.58,1779888599999,39618.52506000,1121,1720.12000000,15731.18316000,0,AVAXUSDT
2026-05-27 13:30:00+00:00,9.145,9.152,9.119,9.14,14625.2,1779888899999,133606.39604000,2752,5018.24000000,45856.18322000,0,AVAXUSDT
2026-05-27 13:35:00+00:00,9.141,9.143,9.085,9.101,38529.55,1779889199999,350989.79373000,3307,16139.53000000,147041.54758000,0,AVAXUSDT
2026-05-27 13:40:00+00:00,9.101,9.102,9.081,9.089,16624.11,1779889499999,151134.75824000,2465,4745.46000000,43146.68277000,0,AVAXUSDT
2026-05-27 13:45:00+00:00,9.089,9.116,9.087,9.11,8830.3,1779889799999,80360.02914000,1675,4534.15000000,41256.38672000,0,AVAXUSDT
2026-05-27 13:50:00+00:00,9.11,9.141,9.1,9.135,9140.13,1779890099999,83388.56237000,1342,3634.38000000,33164.08586000,0,AVAXUSDT
2026-05-27 13:55:00+00:00,9.135,9.153,9.133,9.152,6612.82,1779890399999,60445.51037000,885,4117.84000000,37651.07291000,0,AVAXUSDT
2026-05-27 14:00:00+00:00,9.153,9.193,9.153,9.19,9315.78,1779890699999,85506.32374000,1912,6310.48000000,57916.04560000,0,AVAXUSDT
2026-05-27 14:05:00+00:00,9.189,9.189,9.149,9.156,10166.07,1779890999999,93187.75950000,1264,3210.66000000,29414.65289000,0,AVAXUSDT
2026-05-27 14:10:00+00:00,9.156,9.157,9.132,9.135,3648.2,1779891299999,33357.03963000,1016,1528.25000000,13970.33507000,0,AVAXUSDT
2026-05-27 14:15:00+00:00,9.135,9.153,9.127,9.153,4968.01,1779891599999,45389.92198000,1317,3103.83000000,28360.72829000,0,AVAXUSDT
2026-05-27 14:20:00+00:00,9.152,9.152,9.107,9.108,3336.11,1779891899999,30443.94224000,1357,883.21000000,8053.34021000,0,AVAXUSDT
2026-05-27 14:25:00+00:00,9.107,9.116,9.096,9.116,16566.76,1779892199999,150820.26679000,1648,5943.99000000,54141.13765000,0,AVAXUSDT
2026-05-27 14:30:00+00:00,9.115,9.144,9.112,9.138,11428.16,1779892499999,104291.25473000,2694,4971.15000000,45368.45753000,0,AVAXUSDT
2026-05-27 14:35:00+00:00,9.138,9.149,9.124,9.14,8378.97,1779892799999,76559.69018000,1103,4037.54000000,36900.36187000,0,AVAXUSDT
2026-05-27 14:40:00+00:00,9.139,9.142,9.114,9.135,6488.16,1779893099999,59225.17468000,950,2892.73000000,26413.76240000,0,AVAXUSDT
2026-05-27 14:45:00+00:00,9.136,9.156,9.136,9.149,5386.76,1779893399999,49259.99314000,1033,2684.72000000,24550.76963000,0,AVAXUSDT
2026-05-27 14:50:00+00:00,9.149,9.172,9.149,9.17,3701.9,1779893699999,33902.88079000,750,3106.52000000,28451.74746000,0,AVAXUSDT
2026-05-27 14:55:00+00:00,9.169,9.172,9.156,9.171,18275.87,1779893999999,167483.54075000,1007,4626.68000000,42413.99825000,0,AVAXUSDT
2026-05-27 15:00:00+00:00,9.17,9.189,9.168,9.182,7893.28,1779894299999,72470.00376000,1099,3545.24000000,32552.94028000,0,AVAXUSDT
2026-05-27 15:05:00+00:00,9.181,9.211,9.178,9.209,9858.78,1779894599999,90672.41117000,1176,7687.39000000,70708.26130000,0,AVAXUSDT
2026-05-27 15:10:00+00:00,9.209,9.232,9.207,9.226,10420.99,1779894899999,96104.01687000,1825,7806.69000000,71995.87320000,0,AVAXUSDT
2026-05-27 15:15:00+00:00,9.225,9.265,9.22,9.255,19631.52,1779895199999,181527.29726000,3172,13121.55000000,121348.91022000,0,AVAXUSDT
2026-05-27 15:20:00+00:00,9.255,9.27,9.244,9.27,15200.38,1779895499999,140739.03057000,2290,7359.70000000,68147.72939000,0,AVAXUSDT
2026-05-27 15:25:00+00:00,9.27,9.275,9.258,9.261,6027.96,1779895799999,55846.97907000,1445,2554.35000000,23674.44206000,0,AVAXUSDT
2026-05-27 15:30:00+00:00,9.262,9.291,9.258,9.268,15628.39,1779896099999,144953.59877000,2835,10881.05000000,100938.47865000,0,AVAXUSDT
2026-05-27 15:35:00+00:00,9.269,9.284,9.267,9.269,12462.87,1779896399999,115594.17987000,1968,8694.58000000,80643.18134000,0,AVAXUSDT
2026-05-27 15:40:00+00:00,9.27,9.275,9.231,9.235,4646.66,1779896699999,43022.89754000,1336,2070.76000000,19179.04342000,0,AVAXUSDT
2026-05-27 15:45:00+00:00,9.236,9.25,9.236,9.242,2885.94,1779896999999,26675.05047000,950,1859.32000000,17185.43467000,0,AVAXUSDT
2026-05-27 15:50:00+00:00,9.242,9.249,9.221,9.227,6468.42,1779897299999,59726.40107000,1130,2791.00000000,25775.71548000,0,AVAXUSDT
2026-05-27 15:55:00+00:00,9.228,9.242,9.215,9.242,4719.15,1779897599999,43535.52985000,729,3716.88000000,34288.98749000,0,AVAXUSDT
2026-05-27 16:00:00+00:00,9.242,9.254,9.232,9.238,5503.33,1779897899999,50862.13907000,1277,3216.50000000,29727.62870000,0,AVAXUSDT
2026-05-27 16:05:00+00:00,9.238,9.241,9.226,9.239,4629.73,1779898199999,42755.73251000,943,1782.75000000,16465.31213000,0,AVAXUSDT
2026-05-27 16:10:00+00:00,9.24,9.251,9.236,9.237,2202.49,1779898499999,20363.87709000,707,1599.54000000,14790.54638000,0,AVAXUSDT
2026-05-27 16:15:00+00:00,9.236,9.237,9.19,9.199,4558.7,1779898799999,41989.11566000,1349,2196.28000000,20224.88429000,0,AVAXUSDT
2026-05-27 16:20:00+00:00,9.2,9.203,9.191,9.201,3188.5,1779899099999,29320.95718000,652,1341.31000000,12335.86675000,0,AVAXUSDT
2026-05-27 16:25:00+00:00,9.202,9.208,9.199,9.205,1254.31,1779899399999,11544.38137000,484,704.12000000,6480.25019000,0,AVAXUSDT
2026-05-27 16:30:00+00:00,9.204,9.212,9.186,9.188,2899.6,1779899699999,26677.26458000,799,1030.06000000,9480.19850000,0,AVAXUSDT
2026-05-27 16:35:00+00:00,9.189,9.191,9.168,9.187,5372.69,1779899999999,49323.08528000,866,3731.05000000,34255.65533000,0,AVAXUSDT
2026-05-27 16:40:00+00:00,9.186,9.211,9.18,9.206,1389.51,1779900299999,12780.64235000,669,689.46000000,6340.70024000,0,AVAXUSDT
2026-05-27 16:45:00+00:00,9.205,9.21,9.203,9.207,1606.49,1779900599999,14788.86934000,477,1033.90000000,9517.32490000,0,AVAXUSDT
2026-05-27 16:50:00+00:00,9.208,9.222,9.206,9.207,1597.01,1779900899999,14713.83683000,568,1169.15000000,10771.92387000,0,AVAXUSDT
2026-05-27 16:55:00+00:00,9.207,9.214,9.206,9.21,2052.86,1779901199999,18909.60926000,300,1364.94000000,12574.27862000,0,AVAXUSDT
2026-05-27 17:00:00+00:00,9.21,9.21,9.174,9.197,8501.14,1779901499999,78133.18304000,1125,1820.96000000,16729.79765000,0,AVAXUSDT
2026-05-27 17:05:00+00:00,9.197,9.201,9.163,9.166,6416.02,1779901799999,58824.78512000,1025,3888.00000000,35640.04833000,0,AVAXUSDT
2026-05-27 17:10:00+00:00,9.167,9.173,9.136,9.14,7913.35,1779902099999,72407.74913000,1337,2544.84000000,23298.99840000,0,AVAXUSDT
2026-05-27 17:15:00+00:00,9.14,9.145,9.121,9.143,12943.85,1779902399999,118249.33408000,1795,3760.65000000,34348.24085000,0,AVAXUSDT
2026-05-27 17:20:00+00:00,9.144,9.165,9.144,9.157,2643.71,1779902699999,24201.94861000,670,666.96000000,6105.78091000,0,AVAXUSDT
2026-05-27 17:25:00+00:00,9.157,9.157,9.135,9.151,2870.11,1779902999999,26248.21716000,828,2178.19000000,19919.05141000,0,AVAXUSDT
2026-05-27 17:30:00+00:00,9.151,9.153,9.141,9.146,3248.62,1779903299999,29716.34596000,736,1889.36000000,17282.98767000,0,AVAXUSDT
2026-05-27 17:35:00+00:00,9.145,9.155,9.132,9.149,2083.26,1779903599999,19043.70450000,509,768.57000000,7027.62517000,0,AVAXUSDT
2026-05-27 17:40:00+00:00,9.148,9.15,9.123,9.13,5611.83,1779903899999,51242.41816000,986,1884.14000000,17206.36358000,0,AVAXUSDT
2026-05-27 17:45:00+00:00,9.131,9.136,9.126,9.134,2266.45,1779904199999,20695.79866000,638,1622.20000000,14812.69894000,0,AVAXUSDT
2026-05-27 17:50:00+00:00,9.134,9.138,9.127,9.129,1472.09,1779904499999,13441.76541000,400,954.38000000,8714.21331000,0,AVAXUSDT
2026-05-27 17:55:00+00:00,9.129,9.13,9.088,9.112,15557.52,1779904799999,141700.02407000,1897,4511.92000000,41076.53760000,0,AVAXUSDT
2026-05-27 18:00:00+00:00,9.111,9.118,9.096,9.1,6973.74,1779905099999,63507.26671000,1360,2653.87000000,24177.96368000,0,AVAXUSDT
2026-05-27 18:05:00+00:00,9.101,9.116,9.095,9.1,5640.28,1779905399999,51368.96584000,858,2149.92000000,19581.69361000,0,AVAXUSDT
2026-05-27 18:10:00+00:00,9.1,9.109,9.079,9.094,10604.32,1779905699999,96434.74145000,1177,5343.27000000,48598.17048000,0,AVAXUSDT
2026-05-27 18:15:00+00:00,9.095,9.112,9.089,9.109,3193.09,1779905999999,29066.42447000,815,1440.98000000,13117.20032000,0,AVAXUSDT
2026-05-27 18:20:00+00:00,9.108,9.112,9.097,9.105,3643.34,1779906299999,33169.27795000,639,1776.66000000,16177.90616000,0,AVAXUSDT
2026-05-27 18:25:00+00:00,9.106,9.109,9.095,9.107,3859.61,1779906599999,35138.69371000,620,2303.41000000,20971.87092000,0,AVAXUSDT
2026-05-27 18:30:00+00:00,9.107,9.111,9.095,9.105,2858.94,1779906899999,26026.54873000,609,1059.71000000,9647.46620000,0,AVAXUSDT
2026-05-27 18:35:00+00:00,9.104,9.112,9.098,9.111,1824.82,1779907199999,16613.04769000,484,1153.05000000,10497.09384000,0,AVAXUSDT
2026-05-27 18:40:00+00:00,9.111,9.13,9.111,9.126,2954.22,1779907499999,26951.21183000,473,1566.39000000,14285.48397000,0,AVAXUSDT
2026-05-27 18:45:00+00:00,9.127,9.134,9.125,9.134,593.82,1779907799999,5420.22004000,318,455.00000000,4153.00964000,0,AVAXUSDT
2026-05-27 18:50:00+00:00,9.134,9.15,9.133,9.146,2207.4,1779908099999,20182.45075000,641,1762.27000000,16112.72414000,0,AVAXUSDT
2026-05-27 18:55:00+00:00,9.147,9.167,9.147,9.163,859.7,1779908399999,7873.61991000,404,594.19000000,5441.87125000,0,AVAXUSDT
2026-05-27 19:00:00+00:00,9.164,9.179,9.16,9.179,4929.83,1779908699999,45198.08956000,789,3633.69000000,33314.53594000,0,AVAXUSDT
2026-05-27 19:05:00+00:00,9.179,9.181,9.172,9.179,5347.31,1779908999999,49056.14084000,547,3339.79000000,30638.16549000,0,AVAXUSDT
2026-05-27 19:10:00+00:00,9.18,9.184,9.169,9.184,2500.14,1779909299999,22950.61079000,433,1136.31000000,10428.44873000,0,AVAXUSDT
2026-05-27 19:15:00+00:00,9.184,9.187,9.175,9.175,1213.15,1779909599999,11140.03706000,558,479.38000000,4402.06921000,0,AVAXUSDT
2026-05-27 19:20:00+00:00,9.175,9.2,9.173,9.196,3115.23,1779909899999,28621.40219000,476,2042.85000000,18767.90321000,0,AVAXUSDT
2026-05-27 19:25:00+00:00,9.196,9.197,9.187,9.189,1861.56,1779910199999,17111.95164000,406,636.72000000,5851.58047000,0,AVAXUSDT
2026-05-27 19:30:00+00:00,9.189,9.205,9.185,9.193,4329.44,1779910499999,39827.49596000,561,3354.60000000,30860.35272000,0,AVAXUSDT
2026-05-27 19:35:00+00:00,9.194,9.202,9.189,9.199,6381.66,1779910799999,58681.83995000,678,3556.96000000,32706.16961000,0,AVAXUSDT
2026-05-27 19:40:00+00:00,9.198,9.198,9.18,9.184,3999.46,1779911099999,36750.48342000,602,1143.67000000,10511.39196000,0,AVAXUSDT
2026-05-27 19:45:00+00:00,9.185,9.191,9.179,9.179,834.44,1779911399999,7663.64979000,484,302.08000000,2775.00178000,0,AVAXUSDT
2026-05-27 19:50:00+00:00,9.179,9.199,9.176,9.199,2080.93,1779911699999,19128.69551000,381,1640.64000000,15084.23841000,0,AVAXUSDT
2026-05-27 19:55:00+00:00,9.198,9.198,9.186,9.19,3516.37,1779911999999,32317.48928000,364,574.07000000,5275.61557000,0,AVAXUSDT
2026-05-27 20:00:00+00:00,9.19,9.196,9.182,9.185,2851.5,1779912299999,26208.34358000,910,1514.34000000,13918.93241000,0,AVAXUSDT
2026-05-27 20:05:00+00:00,9.185,9.205,9.177,9.205,6650.04,1779912599999,61111.31093000,910,4837.57000000,44463.98252000,0,AVAXUSDT
2026-05-27 20:10:00+00:00,9.205,9.209,9.198,9.208,7293.36,1779912899999,67129.20292000,809,6052.45000000,55706.92687000,0,AVAXUSDT
2026-05-27 20:15:00+00:00,9.208,9.219,9.199,9.219,3541.78,1779913199999,32611.70936000,713,1911.08000000,17601.14213000,0,AVAXUSDT
2026-05-27 20:20:00+00:00,9.219,9.222,9.195,9.202,4591.14,1779913499999,42272.56135000,749,3137.39000000,28879.41156000,0,AVAXUSDT
2026-05-27 20:25:00+00:00,9.202,9.204,9.186,9.191,3248.67,1779913799999,29872.92560000,575,663.98000000,6104.74791000,0,AVAXUSDT
2026-05-27 20:30:00+00:00,9.19,9.194,9.18,9.183,2327.42,1779914099999,21381.59697000,757,1130.31000000,10385.34105000,0,AVAXUSDT
2026-05-27 20:35:00+00:00,9.184,9.192,9.184,9.188,2640.33,1779914399999,24258.95429000,370,1981.64000000,18207.31451000,0,AVAXUSDT
2026-05-27 20:40:00+00:00,9.187,9.2,9.185,9.199,12083.4,1779914699999,111018.06399000,678,7803.83000000,71694.13612000,0,AVAXUSDT
2026-05-27 20:45:00+00:00,9.199,9.214,9.199,9.214,2964.3,1779914999999,27292.37499000,378,943.51000000,8687.84948000,0,AVAXUSDT
2026-05-27 20:50:00+00:00,9.214,9.217,9.205,9.207,1221.05,1779915299999,11247.91846000,360,776.39000000,7151.60604000,0,AVAXUSDT
2026-05-27 20:55:00+00:00,9.206,9.214,9.194,9.194,2851.03,1779915599999,26240.07538000,484,923.37000000,8497.49005000,0,AVAXUSDT
2026-05-27 21:00:00+00:00,9.193,9.194,9.182,9.183,14750.08,1779915899999,135524.55405000,1265,11142.57000000,102384.55194000,0,AVAXUSDT
2026-05-27 21:05:00+00:00,9.184,9.197,9.183,9.191,3736.84,1779916199999,34349.58673000,517,2413.43000000,22183.39696000,0,AVAXUSDT
2026-05-27 21:10:00+00:00,9.19,9.2,9.185,9.195,2472.87,1779916499999,22734.34326000,518,384.03000000,3530.42732000,0,AVAXUSDT
2026-05-27 21:15:00+00:00,9.195,9.198,9.189,9.191,2036.82,1779916799999,18722.94270000,467,697.55000000,6412.10341000,0,AVAXUSDT
2026-05-27 21:20:00+00:00,9.191,9.193,9.188,9.188,558.03,1779917099999,5129.14567000,190,266.31000000,2447.71713000,0,AVAXUSDT
2026-05-27 21:25:00+00:00,9.189,9.191,9.172,9.172,1284.17,1779917399999,11792.61505000,473,565.58000000,5195.41867000,0,AVAXUSDT
2026-05-27 21:30:00+00:00,9.171,9.171,9.136,9.138,24640.62,1779917699999,225686.52047000,2832,12206.38000000,111815.22740000,0,AVAXUSDT
2026-05-27 21:35:00+00:00,9.139,9.141,9.119,9.119,4962.72,1779917999999,45312.73069000,1082,1366.81000000,12478.76052000,0,AVAXUSDT
2026-05-27 21:40:00+00:00,9.118,9.122,9.02,9.063,77121.89,1779918299999,699662.76184000,6062,22653.55000000,205634.40931000,0,AVAXUSDT
2026-05-27 21:45:00+00:00,9.062,9.067,9.0,9.035,36625.45,1779918599999,330317.97379000,4587,6389.67000000,57661.07547000,0,AVAXUSDT
2026-05-27 21:50:00+00:00,9.035,9.035,9.006,9.017,11277.5,1779918899999,101708.85975000,1651,3308.20000000,29843.08308000,0,AVAXUSDT
2026-05-27 21:55:00+00:00,9.017,9.043,9.001,9.043,18294.55,1779919199999,165068.89929000,2199,6842.20000000,61739.99112000,0,AVAXUSDT
2026-05-27 22:00:00+00:00,9.043,9.083,9.014,9.077,17902.2,1779919499999,161804.59500000,3262,6622.28000000,59899.57447000,0,AVAXUSDT
2026-05-27 22:05:00+00:00,9.078,9.085,9.047,9.049,19007.64,1779919799999,172459.48455000,1846,7727.63000000,70125.25246000,0,AVAXUSDT
2026-05-27 22:10:00+00:00,9.048,9.048,9.021,9.038,12730.19,1779920099999,114957.64701000,1866,6091.99000000,55006.95539000,0,AVAXUSDT
2026-05-27 22:15:00+00:00,9.038,9.047,9.016,9.045,12342.85,1779920399999,111490.78239000,1778,6024.01000000,54421.57265000,0,AVAXUSDT
2026-05-27 22:20:00+00:00,9.044,9.065,9.044,9.053,4375.82,1779920699999,39626.70712000,1023,2678.70000000,24259.76566000,0,AVAXUSDT
2026-05-27 22:25:00+00:00,9.055,9.066,9.049,9.064,2975.89,1779920999999,26949.21944000,775,1886.36000000,17082.97829000,0,AVAXUSDT
2026-05-27 22:30:00+00:00,9.063,9.063,9.044,9.057,6659.67,1779921299999,60298.35991000,1091,3825.28000000,34633.63704000,0,AVAXUSDT
2026-05-27 22:35:00+00:00,9.056,9.064,9.053,9.064,1039.09,1779921599999,9411.47149000,477,705.21000000,6387.75520000,0,AVAXUSDT
2026-05-27 22:40:00+00:00,9.064,9.074,9.056,9.056,4297.69,1779921899999,38962.34545000,691,1664.54000000,15089.86741000,0,AVAXUSDT
2026-05-27 22:45:00+00:00,9.056,9.063,9.032,9.033,1702.28,1779922199999,15398.46934000,808,998.87000000,9032.69215000,0,AVAXUSDT
2026-05-27 22:50:00+00:00,9.034,9.047,9.034,9.047,7219.27,1779922499999,65261.14645000,510,4402.15000000,39789.45542000,0,AVAXUSDT
2026-05-27 22:55:00+00:00,9.047,9.054,9.029,9.031,13888.83,1779922799999,125534.50165000,886,8739.96000000,78998.24095000,0,AVAXUSDT
2026-05-27 23:00:00+00:00,9.03,9.041,9.014,9.04,12949.96,1779923099999,116901.94481000,1189,8815.86000000,79591.92979000,0,AVAXUSDT
2026-05-27 23:05:00+00:00,9.039,9.046,9.032,9.042,5231.11,1779923399999,47271.99814000,775,3021.75000000,27308.20157000,0,AVAXUSDT
2026-05-27 23:10:00+00:00,9.041,9.046,9.035,9.04,2726.18,1779923699999,24641.61103000,541,1408.86000000,12735.22328000,0,AVAXUSDT
2026-05-27 23:15:00+00:00,9.041,9.054,9.04,9.053,7117.79,1779923999999,64391.61786000,911,2872.83000000,25992.03427000,0,AVAXUSDT
2026-05-27 23:20:00+00:00,9.054,9.054,9.015,9.018,5442.53,1779924299999,49134.04311000,999,1233.40000000,11134.29000000,0,AVAXUSDT
2026-05-27 23:25:00+00:00,9.018,9.018,8.994,9.006,19416.4,1779924599999,174866.37008000,1694,5043.63000000,45433.47343000,0,AVAXUSDT
2026-05-27 23:30:00+00:00,9.006,9.037,9.004,9.02,10095.37,1779924899999,91052.87637000,1089,6659.98000000,60055.91024000,0,AVAXUSDT
2026-05-27 23:35:00+00:00,9.019,9.03,9.008,9.03,6864.01,1779925199999,61878.56179000,864,2592.65000000,23380.76353000,0,AVAXUSDT
2026-05-27 23:40:00+00:00,9.031,9.042,9.031,9.04,10125.84,1779925499999,91512.01395000,824,6765.41000000,61140.16347000,0,AVAXUSDT
2026-05-27 23:45:00+00:00,9.039,9.056,9.036,9.056,1569.52,1779925799999,14197.71188000,573,515.88000000,4666.34993000,0,AVAXUSDT
2026-05-27 23:50:00+00:00,9.055,9.056,9.039,9.05,2067.9,1779926099999,18708.44551000,677,462.46000000,4185.32377000,0,AVAXUSDT
2026-05-27 23:55:00+00:00,9.051,9.055,9.043,9.043,2062.93,1779926399999,18670.34972000,506,1609.87000000,14570.49315000,0,AVAXUSDT
2026-05-28 00:00:00+00:00,9.042,9.059,9.036,9.053,11699.44,1779926699999,105876.48566000,1475,6426.99000000,58157.49631000,0,AVAXUSDT
2026-05-28 00:05:00+00:00,9.053,9.055,9.036,9.046,7182.84,1779926999999,64960.90348000,1231,3180.92000000,28761.03956000,0,AVAXUSDT
2026-05-28 00:10:00+00:00,9.047,9.048,9.029,9.032,9184.7,1779927299999,82957.92027000,843,4561.02000000,41190.33377000,0,AVAXUSDT
2026-05-28 00:15:00+00:00,9.032,9.056,9.032,9.049,2899.48,1779927599999,26230.33613000,751,2048.65000000,18530.46121000,0,AVAXUSDT
2026-05-28 00:20:00+00:00,9.05,9.059,9.037,9.041,4412.09,1779927899999,39912.14692000,702,1088.03000000,9847.63674000,0,AVAXUSDT
2026-05-28 00:25:00+00:00,9.041,9.041,9.019,9.034,6406.77,1779928199999,57875.00033000,862,3303.34000000,29827.92810000,0,AVAXUSDT
2026-05-28 00:30:00+00:00,9.035,9.054,9.035,9.054,2357.33,1779928499999,21310.95195000,577,837.94000000,7578.24514000,0,AVAXUSDT
2026-05-28 00:35:00+00:00,9.054,9.054,9.044,9.048,1663.55,1779928799999,15052.91315000,440,754.66000000,6828.77335000,0,AVAXUSDT
2026-05-28 00:40:00+00:00,9.047,9.061,9.045,9.061,1606.58,1779929099999,14540.40198000,340,1462.51000000,13236.98803000,0,AVAXUSDT
2026-05-28 00:45:00+00:00,9.06,9.067,9.056,9.056,5573.34,1779929399999,50514.06942000,520,4173.15000000,37826.99946000,0,AVAXUSDT
2026-05-28 00:50:00+00:00,9.057,9.057,9.041,9.056,2534.62,1779929699999,22932.19846000,496,1189.28000000,10760.94244000,0,AVAXUSDT
2026-05-28 00:55:00+00:00,9.055,9.058,9.037,9.057,4008.17,1779929999999,36270.97564000,695,2067.93000000,18712.96525000,0,AVAXUSDT
2026-05-28 01:00:00+00:00,9.057,9.063,9.054,9.054,2610.35,1779930299999,23641.14673000,548,541.04000000,4901.89085000,0,AVAXUSDT
2026-05-28 01:05:00+00:00,9.053,9.054,9.043,9.05,3577.44,1779930599999,32375.71436000,540,1962.81000000,17764.69182000,0,AVAXUSDT
2026-05-28 01:10:00+00:00,9.05,9.052,9.034,9.045,3755.09,1779930899999,33962.42008000,566,1387.67000000,12549.44480000,0,AVAXUSDT
2026-05-28 01:15:00+00:00,9.045,9.045,8.998,9.021,11069.9,1779931199999,99777.61929000,1873,2808.84000000,25315.83877000,0,AVAXUSDT
2026-05-28 01:20:00+00:00,9.022,9.049,9.01,9.038,8432.19,1779931499999,76035.36014000,1235,2742.12000000,24732.65915000,0,AVAXUSDT
2026-05-28 01:25:00+00:00,9.038,9.038,8.976,9.01,12090.2,1779931799999,108804.82468000,2087,5724.61000000,51492.37696000,0,AVAXUSDT
2026-05-28 01:30:00+00:00,9.009,9.025,9.002,9.011,6955.97,1779932099999,62698.22404000,1445,2862.29000000,25807.00771000,0,AVAXUSDT
2026-05-28 01:35:00+00:00,9.011,9.027,9.006,9.017,3089.06,1779932399999,27854.54624000,755,1162.64000000,10480.31507000,0,AVAXUSDT
2026-05-28 01:40:00+00:00,9.017,9.026,8.996,9.024,3809.84,1779932699999,34325.04915000,986,2612.20000000,23532.88513000,0,AVAXUSDT
2026-05-28 01:45:00+00:00,9.024,9.05,9.023,9.049,3795.47,1779932999999,34317.40495000,1040,1970.25000000,17815.28495000,0,AVAXUSDT
2026-05-28 01:50:00+00:00,9.048,9.051,9.033,9.042,7243.39,1779933299999,65510.11939000,867,914.25000000,8269.62429000,0,AVAXUSDT
2026-05-28 01:55:00+00:00,9.041,9.05,9.033,9.048,3940.01,1779933599999,35616.67954000,781,1527.30000000,13807.57820000,0,AVAXUSDT
2026-05-28 02:00:00+00:00,9.049,9.06,9.034,9.042,4353.22,1779933899999,39384.31102000,990,1999.78000000,18090.18358000,0,AVAXUSDT
2026-05-28 02:05:00+00:00,9.043,9.068,9.043,9.068,8782.38,1779934199999,79543.98719000,949,2554.07000000,23130.50670000,0,AVAXUSDT
2026-05-28 02:10:00+00:00,9.069,9.071,9.061,9.068,1184.8,1779934499999,10741.25711000,476,662.75000000,6008.36360000,0,AVAXUSDT
2026-05-28 02:15:00+00:00,9.068,9.07,9.056,9.056,1733.76,1779934799999,15710.73806000,612,288.99000000,2619.26140000,0,AVAXUSDT
2026-05-28 02:20:00+00:00,9.056,9.058,9.045,9.055,2805.78,1779935099999,25393.18786000,558,1389.95000000,12581.15099000,0,AVAXUSDT
2026-05-28 02:25:00+00:00,9.056,9.058,9.035,9.041,8665.04,1779935399999,78430.56993000,647,4280.62000000,38735.59975000,0,AVAXUSDT
2026-05-28 02:30:00+00:00,9.041,9.05,9.03,9.045,5666.99,1779935699999,51232.02965000,1061,2905.45000000,26271.64038000,0,AVAXUSDT
2026-05-28 02:35:00+00:00,9.045,9.06,9.026,9.06,23503.13,1779935999999,212684.96411000,1057,21552.77000000,195052.46830000,0,AVAXUSDT
2026-05-28 02:40:00+00:00,9.061,9.068,9.056,9.06,8707.2,1779936299999,78917.44929000,1147,5210.09000000,47224.39708000,0,AVAXUSDT
2026-05-28 02:45:00+00:00,9.059,9.061,9.051,9.06,4506.48,1779936599999,40814.03259000,582,1472.56000000,13339.08937000,0,AVAXUSDT
2026-05-28 02:50:00+00:00,9.06,9.06,9.047,9.055,3199.44,1779936899999,28970.20295000,590,2046.24000000,18527.71573000,0,AVAXUSDT
2026-05-28 02:55:00+00:00,9.054,9.061,9.052,9.054,3292.13,1779937199999,29813.57544000,697,1623.07000000,14700.24977000,0,AVAXUSDT
2026-05-28 03:00:00+00:00,9.054,9.059,9.041,9.051,3600.26,1779937499999,32583.80989000,1000,1318.77000000,11939.51540000,0,AVAXUSDT
2026-05-28 03:05:00+00:00,9.051,9.058,9.036,9.037,3093.97,1779937799999,27999.90387000,799,1089.87000000,9863.35529000,0,AVAXUSDT
2026-05-28 03:10:00+00:00,9.036,9.039,9.011,9.027,6901.5,1779938099999,62264.55742000,1293,1944.96000000,17552.36619000,0,AVAXUSDT
2026-05-28 03:15:00+00:00,9.027,9.03,8.889,8.949,97428.45,1779938399999,870309.41539000,10144,42697.88000000,381344.08618000,0,AVAXUSDT
2026-05-28 03:20:00+00:00,8.949,8.993,8.945,8.993,20762.63,1779938699999,186132.46369000,4529,11997.41000000,107602.77156000,0,AVAXUSDT
2026-05-28 03:25:00+00:00,8.993,8.993,8.958,8.958,5956.64,1779938999999,53475.61432000,1343,1691.78000000,15189.52030000,0,AVAXUSDT
2026-05-28 03:30:00+00:00,8.958,8.966,8.944,8.947,7428.82,1779939299999,66510.58943000,1999,4107.55000000,36776.62913000,0,AVAXUSDT
2026-05-28 03:35:00+00:00,8.947,8.947,8.919,8.933,31566.6,1779939599999,282061.72365000,3074,17235.25000000,154028.75672000,0,AVAXUSDT
2026-05-28 03:40:00+00:00,8.934,8.952,8.929,8.929,10997.94,1779939899999,98316.80147000,1853,3490.44000000,31212.83859000,0,AVAXUSDT
2026-05-28 03:45:00+00:00,8.928,8.944,8.917,8.917,12386.11,1779940199999,110613.46843000,1627,3777.37000000,33746.92366000,0,AVAXUSDT
2026-05-28 03:50:00+00:00,8.918,8.919,8.874,8.883,29795.86,1779940499999,264986.52101000,2957,9323.40000000,82929.48191000,0,AVAXUSDT
2026-05-28 03:55:00+00:00,8.882,8.887,8.86,8.88,27029.47,1779940799999,239879.14396000,3463,16010.67000000,142100.63899000,0,AVAXUSDT
2026-05-28 04:00:00+00:00,8.879,8.879,8.72,8.798,193915.61,1779941099999,1704897.83628000,12698,79090.71000000,694856.70645000,0,AVAXUSDT
2026-05-28 04:05:00+00:00,8.798,8.82,8.782,8.817,17551.37,1779941399999,154473.89101000,2679,10306.37000000,90726.27631000,0,AVAXUSDT
2026-05-28 04:10:00+00:00,8.817,8.828,8.791,8.794,9075.29,1779941699999,79971.20647000,1620,3850.05000000,33932.88377000,0,AVAXUSDT
2026-05-28 04:15:00+00:00,8.794,8.804,8.766,8.768,21337.57,1779941999999,187442.53404000,2311,10100.15000000,88749.23852000,0,AVAXUSDT
2026-05-28 04:20:00+00:00,8.767,8.773,8.738,8.749,24218.9,1779942299999,212030.43725000,3411,10822.84000000,94742.73845000,0,AVAXUSDT
2026-05-28 04:25:00+00:00,8.749,8.779,8.736,8.775,14619.4,1779942599999,128001.47458000,2020,8171.62000000,71559.09180000,0,AVAXUSDT
2026-05-28 04:30:00+00:00,8.774,8.8,8.767,8.799,6767.38,1779942899999,59430.64925000,1243,4655.36000000,40893.74892000,0,AVAXUSDT
2026-05-28 04:35:00+00:00,8.799,8.817,8.798,8.81,12679.31,1779943199999,111646.19098000,1404,6299.94000000,55475.88304000,0,AVAXUSDT
2026-05-28 04:40:00+00:00,8.81,8.835,8.81,8.828,22270.15,1779943499999,196574.40401000,1146,16018.45000000,141379.71281000,0,AVAXUSDT
2026-05-28 04:45:00+00:00,8.827,8.827,8.809,8.824,6009.9,1779943799999,53015.62014000,842,3359.73000000,29638.12394000,0,AVAXUSDT
2026-05-28 04:50:00+00:00,8.823,8.825,8.814,8.818,1834.93,1779944099999,16182.00499000,703,600.62000000,5296.28290000,0,AVAXUSDT
2026-05-28 04:55:00+00:00,8.818,8.832,8.817,8.826,5713.73,1779944399999,50436.07273000,832,3729.95000000,32923.73536000,0,AVAXUSDT
2026-05-28 05:00:00+00:00,8.827,8.837,8.816,8.828,6920.98,1779944699999,61074.40972000,1029,3835.56000000,33849.08986000,0,AVAXUSDT
2026-05-28 05:05:00+00:00,8.828,8.829,8.801,8.804,6901.17,1779944999999,60840.33854000,1377,3145.28000000,27743.01342000,0,AVAXUSDT
2026-05-28 05:10:00+00:00,8.804,8.807,8.792,8.793,3167.5,1779945299999,27867.44037000,705,1210.43000000,10648.43314000,0,AVAXUSDT
2026-05-28 05:15:00+00:00,8.793,8.795,8.747,8.76,9700.47,1779945599999,85045.12875000,1869,2701.96000000,23683.40977000,0,AVAXUSDT
2026-05-28 05:20:00+00:00,8.761,8.767,8.715,8.749,41951.82,1779945899999,366389.11364000,2944,20755.21000000,181225.58856000,0,AVAXUSDT
2026-05-28 05:25:00+00:00,8.749,8.751,8.737,8.74,15592.08,1779946199999,136340.62724000,926,1805.79000000,15791.75876000,0,AVAXUSDT
2026-05-28 05:30:00+00:00,8.739,8.778,8.737,8.775,11246.96,1779946499999,98500.16046000,2019,7423.26000000,65020.16381000,0,AVAXUSDT
2026-05-28 05:35:00+00:00,8.774,8.793,8.766,8.793,5564.49,1779946799999,48844.28618000,945,2957.97000000,25975.77914000,0,AVAXUSDT
2026-05-28 05:40:00+00:00,8.793,8.798,8.783,8.787,5002.45,1779947099999,43967.00683000,799,1676.21000000,14735.49150000,0,AVAXUSDT
2026-05-28 05:45:00+00:00,8.788,8.797,8.771,8.782,9105.39,1779947399999,79991.65484000,1187,5307.26000000,46623.52295000,0,AVAXUSDT
2026-05-28 05:50:00+00:00,8.783,8.794,8.78,8.793,3305.53,1779947699999,29056.49552000,469,1251.40000000,10997.83143000,0,AVAXUSDT
2026-05-28 05:55:00+00:00,8.793,8.793,8.774,8.774,2946.26,1779947999999,25882.06164000,533,1105.76000000,9710.84483000,0,AVAXUSDT
2026-05-28 06:00:00+00:00,8.773,8.784,8.764,8.783,6816.1,1779948299999,59808.32963000,995,4091.27000000,35896.37023000,0,AVAXUSDT
2026-05-28 06:05:00+00:00,8.782,8.795,8.782,8.784,4684.99,1779948599999,41169.20141000,792,2800.55000000,24609.82446000,0,AVAXUSDT
2026-05-28 06:10:00+00:00,8.784,8.792,8.78,8.784,3711.59,1779948899999,32601.17670000,922,2675.50000000,23499.13746000,0,AVAXUSDT
2026-05-28 06:15:00+00:00,8.784,8.79,8.781,8.787,4011.32,1779949199999,35236.33289000,704,2884.49000000,25336.33986000,0,AVAXUSDT
2026-05-28 06:20:00+00:00,8.788,8.791,8.763,8.768,4249.9,1779949499999,37298.12436000,873,1237.87000000,10864.39395000,0,AVAXUSDT
2026-05-28 06:25:00+00:00,8.768,8.781,8.756,8.781,7715.57,1779949799999,67647.11639000,839,5448.02000000,47774.60108000,0,AVAXUSDT
2026-05-28 06:30:00+00:00,8.78,8.781,8.755,8.771,9176.54,1779950099999,80449.08039000,1187,6191.83000000,54282.63041000,0,AVAXUSDT
2026-05-28 06:35:00+00:00,8.77,8.777,8.76,8.772,4772.23,1779950399999,41841.60378000,861,2996.11000000,26270.31932000,0,AVAXUSDT
2026-05-28 06:40:00+00:00,8.771,8.778,8.766,8.776,2601.47,1779950699999,22817.45706000,567,1280.31000000,11229.43821000,0,AVAXUSDT
2026-05-28 06:45:00+00:00,8.777,8.819,8.777,8.808,15831.68,1779950999999,139230.19437000,1370,11971.62000000,105239.75699000,0,AVAXUSDT
2026-05-28 06:50:00+00:00,8.807,8.808,8.794,8.797,2670.04,1779951299999,23496.20412000,690,1789.65000000,15748.29175000,0,AVAXUSDT
2026-05-28 06:55:00+00:00,8.797,8.808,8.797,8.804,4360.64,1779951599999,38391.92686000,715,3700.56000000,32580.36153000,0,AVAXUSDT
2026-05-28 07:00:00+00:00,8.805,8.809,8.788,8.793,5654.77,1779951899999,49743.16244000,852,1653.78000000,14546.03760000,0,AVAXUSDT
2026-05-28 07:05:00+00:00,8.793,8.813,8.789,8.813,3485.05,1779952199999,30673.69942000,530,1917.71000000,16883.32744000,0,AVAXUSDT
2026-05-28 07:10:00+00:00,8.813,8.813,8.796,8.805,7286.2,1779952499999,64148.28192000,867,2256.68000000,19871.05001000,0,AVAXUSDT
2026-05-28 07:15:00+00:00,8.806,8.825,8.806,8.822,7781.46,1779952799999,68614.72798000,1117,5105.44000000,45019.63027000,0,AVAXUSDT
2026-05-28 07:20:00+00:00,8.821,8.828,8.817,8.828,16096.37,1779953099999,142023.71752000,874,8354.64000000,73720.82791000,0,AVAXUSDT
2026-05-28 07:25:00+00:00,8.827,8.829,8.816,8.818,4447.92,1779953399999,39240.33633000,572,1521.80000000,13431.04294000,0,AVAXUSDT
2026-05-28 07:30:00+00:00,8.818,8.834,8.818,8.833,10238.97,1779953699999,90411.84772000,780,7473.05000000,65989.34849000,0,AVAXUSDT
2026-05-28 07:35:00+00:00,8.833,8.85,8.831,8.843,7758.12,1779953999999,68568.42742000,897,3675.58000000,32484.25600000,0,AVAXUSDT
2026-05-28 07:40:00+00:00,8.843,8.849,8.84,8.847,5272.95,1779954299999,46627.59296000,513,2695.44000000,23836.29118000,0,AVAXUSDT
2026-05-28 07:45:00+00:00,8.846,8.846,8.832,8.833,8057.13,1779954599999,71199.02406000,728,2660.91000000,23510.94093000,0,AVAXUSDT
2026-05-28 07:50:00+00:00,8.832,8.833,8.826,8.831,4517.44,1779954899999,39885.66241000,400,1291.49000000,11401.88221000,0,AVAXUSDT
2026-05-28 07:55:00+00:00,8.831,8.848,8.829,8.847,7013.0,1779955199999,61976.99319000,620,1859.17000000,16433.67860000,0,AVAXUSDT
2026-05-28 08:00:00+00:00,8.847,8.85,8.816,8.824,7705.26,1779955499999,68040.26011000,1120,4219.38000000,37263.63138000,0,AVAXUSDT
2026-05-28 08:05:00+00:00,8.824,8.844,8.824,8.841,3129.36,1779955799999,27651.77526000,510,2609.13000000,23052.96366000,0,AVAXUSDT
2026-05-28 08:10:00+00:00,8.841,8.852,8.836,8.852,3026.61,1779956099999,26761.91670000,702,1714.42000000,15159.08008000,0,AVAXUSDT
2026-05-28 08:15:00+00:00,8.852,8.852,8.831,8.837,4199.3,1779956399999,37120.82841000,749,811.01000000,7168.17764000,0,AVAXUSDT
2026-05-28 08:20:00+00:00,8.836,8.84,8.823,8.826,4814.32,1779956699999,42509.02496000,762,1488.41000000,13142.17415000,0,AVAXUSDT
2026-05-28 08:25:00+00:00,8.826,8.826,8.799,8.81,6516.64,1779956999999,57428.12194000,770,1933.97000000,17037.70024000,0,AVAXUSDT
2026-05-28 08:30:00+00:00,8.81,8.825,8.792,8.824,12432.22,1779957299999,109459.89330000,1150,4428.38000000,38994.94043000,0,AVAXUSDT
2026-05-28 08:35:00+00:00,8.823,8.826,8.809,8.823,3980.82,1779957599999,35105.87092000,642,1160.45000000,10236.57243000,0,AVAXUSDT
2026-05-28 08:40:00+00:00,8.823,8.823,8.81,8.811,3152.6,1779957899999,27792.14007000,571,1084.01000000,9559.54063000,0,AVAXUSDT
2026-05-28 08:45:00+00:00,8.811,8.825,8.811,8.813,2050.2,1779958199999,18078.11839000,596,449.34000000,3962.67214000,0,AVAXUSDT
2026-05-28 08:50:00+00:00,8.812,8.819,8.809,8.812,1910.07,1779958499999,16836.21989000,373,367.01000000,3235.17195000,0,AVAXUSDT
2026-05-28 08:55:00+00:00,8.812,8.813,8.801,8.806,2912.26,1779958799999,25648.12688000,554,762.59000000,6716.19918000,0,AVAXUSDT
2026-05-28 09:00:00+00:00,8.807,8.825,8.807,8.82,2250.78,1779959099999,19842.68337000,560,1751.07000000,15436.34039000,0,AVAXUSDT
2026-05-28 09:05:00+00:00,8.82,8.826,8.811,8.815,2123.95,1779959399999,18731.22317000,689,779.45000000,6875.26045000,0,AVAXUSDT
2026-05-28 09:10:00+00:00,8.814,8.819,8.803,8.819,2337.88,1779959699999,20592.92625000,584,903.89000000,7962.70390000,0,AVAXUSDT
2026-05-28 09:15:00+00:00,8.82,8.836,8.82,8.836,1857.63,1779959999999,16398.84575000,488,1422.09000000,12554.80868000,0,AVAXUSDT
2026-05-28 09:20:00+00:00,8.837,8.847,8.835,8.844,2710.17,1779960299999,23959.84117000,874,1800.25000000,15916.60086000,0,AVAXUSDT
2026-05-28 09:25:00+00:00,8.844,8.847,8.838,8.842,5083.96,1779960599999,44955.24505000,728,1721.24000000,15221.59423000,0,AVAXUSDT
2026-05-28 09:30:00+00:00,8.842,8.842,8.835,8.841,7034.1,1779960899999,62173.16365000,926,3355.13000000,29655.66453000,0,AVAXUSDT
2026-05-28 09:35:00+00:00,8.841,8.852,8.832,8.833,3575.16,1779961199999,31615.51552000,824,1275.86000000,11284.71666000,0,AVAXUSDT
2026-05-28 09:40:00+00:00,8.834,8.847,8.834,8.846,970.54,1779961499999,8580.80644000,568,629.81000000,5567.22893000,0,AVAXUSDT
2026-05-28 09:45:00+00:00,8.846,8.876,8.844,8.876,7231.9,1779961799999,64062.81046000,803,6489.30000000,57488.56305000,0,AVAXUSDT
2026-05-28 09:50:00+00:00,8.876,8.879,8.868,8.869,3660.64,1779962099999,32483.78942000,544,1850.78000000,16424.68961000,0,AVAXUSDT
2026-05-28 09:55:00+00:00,8.869,8.877,8.866,8.871,1305.77,1779962399999,11582.47755000,525,661.53000000,5868.00332000,0,AVAXUSDT
2026-05-28 10:00:00+00:00,8.871,8.875,8.856,8.858,10215.88,1779962699999,90578.27812000,795,3276.90000000,29064.02906000,0,AVAXUSDT
2026-05-28 10:05:00+00:00,8.858,8.877,8.858,8.871,10099.55,1779962999999,89587.82820000,742,6782.16000000,60159.88843000,0,AVAXUSDT
2026-05-28 10:10:00+00:00,8.872,8.885,8.867,8.867,6767.64,1779963299999,60071.93124000,906,2144.94000000,19042.32952000,0,AVAXUSDT
2026-05-28 10:15:00+00:00,8.868,8.872,8.84,8.848,14796.62,1779963599999,131040.52358000,968,3269.46000000,28952.89817000,0,AVAXUSDT
2026-05-28 10:20:00+00:00,8.849,8.854,8.822,8.825,5030.88,1779963899999,44456.06712000,872,890.14000000,7866.11725000,0,AVAXUSDT
2026-05-28 10:25:00+00:00,8.824,8.833,8.82,8.833,631.12,1779964199999,5569.57949000,502,273.72000000,2415.99366000,0,AVAXUSDT
2026-05-28 10:30:00+00:00,8.832,8.837,8.83,8.834,1660.88,1779964499999,14669.01513000,428,705.16000000,6228.53162000,0,AVAXUSDT
2026-05-28 10:35:00+00:00,8.835,8.842,8.832,8.838,2173.39,1779964799999,19206.04507000,355,855.98000000,7564.41996000,0,AVAXUSDT
2026-05-28 10:40:00+00:00,8.838,8.841,8.832,8.833,3149.2,1779965099999,27825.21736000,380,1034.44000000,9142.38411000,0,AVAXUSDT
2026-05-28 10:45:00+00:00,8.833,8.838,8.82,8.822,4154.54,1779965399999,36680.13559000,554,701.47000000,6193.92973000,0,AVAXUSDT
2026-05-28 10:50:00+00:00,8.822,8.822,8.797,8.816,22726.8,1779965699999,200270.67734000,1561,6904.72000000,60845.52886000,0,AVAXUSDT
2026-05-28 10:55:00+00:00,8.815,8.82,8.803,8.807,3655.2,1779965999999,32204.81513000,488,369.35000000,3254.71816000,0,AVAXUSDT
2026-05-28 11:00:00+00:00,8.807,8.82,8.799,8.81,11395.49,1779966299999,100389.89829000,1119,4017.13000000,35395.85061000,0,AVAXUSDT
2026-05-28 11:05:00+00:00,8.81,8.816,8.795,8.803,11273.65,1779966599999,99282.16856000,783,2056.56000000,18110.31946000,0,AVAXUSDT
2026-05-28 11:10:00+00:00,8.804,8.824,8.804,8.824,3809.47,1779966899999,33574.17151000,599,3013.06000000,26551.58919000,0,AVAXUSDT
2026-05-28 11:15:00+00:00,8.824,8.83,8.813,8.82,2929.56,1779967199999,25833.52941000,582,1024.53000000,9034.77503000,0,AVAXUSDT
2026-05-28 11:20:00+00:00,8.82,8.82,8.808,8.819,2046.67,1779967499999,18037.68085000,451,300.26000000,2646.60057000,0,AVAXUSDT
2026-05-28 11:25:00+00:00,8.819,8.819,8.797,8.805,3772.08,1779967799999,33221.58456000,596,630.64000000,5551.41362000,0,AVAXUSDT
2026-05-28 11:30:00+00:00,8.805,8.809,8.797,8.807,2765.49,1779968099999,24347.32186000,788,1178.02000000,10370.91720000,0,AVAXUSDT
2026-05-28 11:35:00+00:00,8.808,8.811,8.801,8.805,2654.19,1779968399999,23371.53637000,556,601.40000000,5295.62282000,0,AVAXUSDT
2026-05-28 11:40:00+00:00,8.805,8.813,8.802,8.813,2017.19,1779968699999,17766.67023000,318,1702.36000000,14994.87251000,0,AVAXUSDT
2026-05-28 11:45:00+00:00,8.813,8.813,8.805,8.812,1277.57,1779968999999,11254.43683000,342,525.40000000,4628.33303000,0,AVAXUSDT
2026-05-28 11:50:00+00:00,8.812,8.821,8.808,8.819,2418.5,1779969299999,21319.51720000,402,1007.32000000,8881.60243000,0,AVAXUSDT
2026-05-28 11:55:00+00:00,8.82,8.82,8.816,8.819,514.92,1779969599999,4540.44680000,171,480.95000000,4240.91873000,0,AVAXUSDT
2026-05-28 12:00:00+00:00,8.818,8.825,8.811,8.815,3619.76,1779969899999,31911.75727000,562,1491.58000000,13149.91538000,0,AVAXUSDT
2026-05-28 12:05:00+00:00,8.815,8.821,8.811,8.819,1697.53,1779970199999,14966.47382000,346,1386.04000000,12220.34960000,0,AVAXUSDT
2026-05-28 12:10:00+00:00,8.818,8.818,8.803,8.807,2720.95,1779970499999,23972.42440000,389,899.05000000,7919.67920000,0,AVAXUSDT
2026-05-28 12:15:00+00:00,8.807,8.811,8.788,8.794,7588.99,1779970799999,66751.53727000,613,3468.06000000,30506.48591000,0,AVAXUSDT
2026-05-28 12:20:00+00:00,8.793,8.796,8.771,8.771,14697.99,1779971099999,129084.99153000,1501,2724.59000000,23928.31023000,0,AVAXUSDT
2026-05-28 12:25:00+00:00,8.772,8.787,8.772,8.783,15907.31,1779971399999,139668.30844000,1151,4246.32000000,37286.53178000,0,AVAXUSDT
2026-05-28 12:30:00+00:00,8.783,8.823,8.782,8.817,10735.79,1779971699999,94435.39298000,1898,6808.05000000,59878.23375000,0,AVAXUSDT
2026-05-28 12:35:00+00:00,8.817,8.837,8.805,8.837,6328.11,1779971999999,55804.40410000,1263,4736.80000000,41778.06749000,0,AVAXUSDT
2026-05-28 12:40:00+00:00,8.837,8.85,8.836,8.847,4559.27,1779972299999,40320.61231000,1034,3176.48000000,28090.05724000,0,AVAXUSDT
2026-05-28 12:45:00+00:00,8.846,8.861,8.844,8.856,2046.74,1779972599999,18120.51076000,838,1159.53000000,10264.92566000,0,AVAXUSDT
2026-05-28 12:50:00+00:00,8.856,8.861,8.849,8.855,2877.8,1779972899999,25478.94902000,795,594.21000000,5261.75783000,0,AVAXUSDT
2026-05-28 12:55:00+00:00,8.854,8.856,8.851,8.852,854.61,1779973199999,7566.52263000,450,631.66000000,5592.77786000,0,AVAXUSDT
2026-05-28 13:00:00+00:00,8.853,8.878,8.853,8.871,10173.98,1779973499999,90210.88318000,1409,7596.60000000,67357.96991000,0,AVAXUSDT
2026-05-28 13:05:00+00:00,8.872,8.874,8.848,8.848,2158.67,1779973799999,19128.12685000,910,954.67000000,8457.73286000,0,AVAXUSDT
2026-05-28 13:10:00+00:00,8.848,8.848,8.841,8.847,3595.92,1779974099999,31803.79465000,606,892.63000000,7895.42765000,0,AVAXUSDT
2026-05-28 13:15:00+00:00,8.847,8.854,8.839,8.843,3086.2,1779974399999,27303.97150000,1233,1071.35000000,9479.32386000,0,AVAXUSDT
2026-05-28 13:20:00+00:00,8.843,8.846,8.826,8.836,1441.96,1779974699999,12741.14306000,780,519.27000000,4587.60160000,0,AVAXUSDT
2026-05-28 13:25:00+00:00,8.836,8.863,8.807,8.863,9896.18,1779974999999,87364.73273000,2264,3943.99000000,34836.56900000,0,AVAXUSDT
2026-05-28 13:30:00+00:00,8.864,8.867,8.817,8.82,8919.14,1779975299999,78909.57883000,2310,4178.31000000,36981.69985000,0,AVAXUSDT
2026-05-28 13:35:00+00:00,8.819,8.821,8.803,8.819,3875.63,1779975599999,34157.18853000,1394,1412.29000000,12445.87538000,0,AVAXUSDT
2026-05-28 13:40:00+00:00,8.819,8.839,8.813,8.82,9046.7,1779975899999,79844.57387000,1364,5038.44000000,44462.26222000,0,AVAXUSDT
2026-05-28 13:45:00+00:00,8.82,8.827,8.806,8.818,5253.22,1779976199999,46332.49510000,1096,3183.58000000,28085.60325000,0,AVAXUSDT
2026-05-28 13:50:00+00:00,8.817,8.865,8.813,8.858,19106.12,1779976499999,169027.39369000,2078,12881.71000000,113928.47543000,0,AVAXUSDT
2026-05-28 13:55:00+00:00,8.859,8.86,8.832,8.832,4588.61,1779976799999,40592.74332000,833,850.32000000,7521.02877000,0,AVAXUSDT
2026-05-28 14:00:00+00:00,8.832,8.835,8.777,8.796,8319.68,1779977099999,73148.60983000,1678,3508.94000000,30851.14497000,0,AVAXUSDT
2026-05-28 14:05:00+00:00,8.795,8.799,8.746,8.799,14948.71,1779977399999,131022.85463000,3220,7378.35000000,64687.18697000,0,AVAXUSDT
2026-05-28 14:10:00+00:00,8.8,8.867,8.752,8.866,32773.46,1779977699999,288591.80413000,4698,19771.13000000,174065.14174000,0,AVAXUSDT
2026-05-28 14:15:00+00:00,8.866,8.925,8.852,8.92,21217.89,1779977999999,188728.63533000,5110,11255.42000000,100142.42201000,0,AVAXUSDT
2026-05-28 14:20:00+00:00,8.918,8.923,8.856,8.865,16775.99,1779978299999,149247.19019000,2326,8081.25000000,71911.08287000,0,AVAXUSDT
2026-05-28 14:25:00+00:00,8.865,8.889,8.858,8.883,10833.58,1779978599999,96149.16766000,1726,3414.77000000,30309.82639000,0,AVAXUSDT
2026-05-28 14:30:00+00:00,8.883,8.905,8.87,8.871,11348.39,1779978899999,100799.72233000,2197,7333.70000000,65128.13337000,0,AVAXUSDT
2026-05-28 14:35:00+00:00,8.87,8.875,8.844,8.86,4734.98,1779979199999,41939.90178000,1717,1961.83000000,17373.84649000,0,AVAXUSDT
2026-05-28 14:40:00+00:00,8.86,8.883,8.856,8.863,5649.73,1779979499999,50099.00894000,1679,2690.83000000,23859.99133000,0,AVAXUSDT
2026-05-28 14:45:00+00:00,8.864,8.867,8.836,8.848,8797.15,1779979799999,77848.33387000,1793,3087.58000000,27317.73546000,0,AVAXUSDT
2026-05-28 14:50:00+00:00,8.849,8.873,8.846,8.859,8235.04,1779980099999,72944.15214000,1522,5853.02000000,51847.42986000,0,AVAXUSDT
2026-05-28 14:55:00+00:00,8.859,8.871,8.851,8.869,9782.27,1779980399999,86695.79612000,1240,5616.77000000,49796.42305000,0,AVAXUSDT
2026-05-28 15:00:00+00:00,8.869,8.871,8.855,8.856,7398.68,1779980699999,65585.45041000,1352,3850.53000000,34139.08362000,0,AVAXUSDT
2026-05-28 15:05:00+00:00,8.857,8.879,8.829,8.83,18294.13,1779980999999,161957.66476000,2146,12642.51000000,111928.90334000,0,AVAXUSDT
2026-05-28 15:10:00+00:00,8.83,8.84,8.817,8.818,7893.52,1779981299999,69701.57467000,1111,3329.97000000,29408.65134000,0,AVAXUSDT
2026-05-28 15:15:00+00:00,8.818,8.82,8.794,8.796,12027.81,1779981599999,105917.16747000,1267,3374.95000000,29734.09087000,0,AVAXUSDT
2026-05-28 15:20:00+00:00,8.796,8.826,8.782,8.819,7217.94,1779981899999,63531.06927000,1727,3852.78000000,33898.54359000,0,AVAXUSDT
2026-05-28 15:25:00+00:00,8.82,8.841,8.819,8.841,3854.82,1779982199999,34043.12276000,915,2243.08000000,19812.37505000,0,AVAXUSDT
2026-05-28 15:30:00+00:00,8.84,8.844,8.821,8.836,5665.73,1779982499999,50025.27046000,1022,3071.93000000,27122.11315000,0,AVAXUSDT
2026-05-28 15:35:00+00:00,8.835,8.862,8.835,8.849,4689.71,1779982799999,41511.70924000,1168,2491.98000000,22055.63937000,0,AVAXUSDT
2026-05-28 15:40:00+00:00,8.848,8.864,8.846,8.862,3404.2,1779983099999,30145.81998000,771,2578.40000000,22832.90168000,0,AVAXUSDT
2026-05-28 15:45:00+00:00,8.863,8.884,8.859,8.86,8972.16,1779983399999,79614.32517000,1251,4061.55000000,36048.94170000,0,AVAXUSDT
2026-05-28 15:50:00+00:00,8.861,8.866,8.847,8.848,2407.79,1779983699999,21326.51097000,799,1250.31000000,11074.64752000,0,AVAXUSDT
2026-05-28 15:55:00+00:00,8.848,8.857,8.841,8.852,4112.12,1779983999999,36378.42326000,720,2457.25000000,21741.98967000,0,AVAXUSDT
2026-05-28 16:00:00+00:00,8.851,8.851,8.815,8.816,5477.68,1779984299999,48409.58487000,1221,1377.69000000,12181.31341000,0,AVAXUSDT
2026-05-28 16:05:00+00:00,8.816,8.845,8.816,8.845,8270.77,1779984599999,72978.38125000,1020,6398.86000000,56463.88928000,0,AVAXUSDT
2026-05-28 16:10:00+00:00,8.846,8.893,8.846,8.885,15224.83,1779984899999,135159.11688000,1744,11196.47000000,99396.92769000,0,AVAXUSDT
2026-05-28 16:15:00+00:00,8.886,8.889,8.873,8.884,3685.48,1779985199999,32736.27253000,1003,2379.72000000,21138.46846000,0,AVAXUSDT
2026-05-28 16:20:00+00:00,8.884,8.924,8.878,8.912,9080.72,1779985499999,80777.33355000,1437,4309.59000000,38347.77818000,0,AVAXUSDT
2026-05-28 16:25:00+00:00,8.913,8.921,8.908,8.91,2771.07,1779985799999,24701.47225000,594,1871.10000000,16679.39492000,0,AVAXUSDT
2026-05-28 16:30:00+00:00,8.909,8.923,8.907,8.921,6762.85,1779986099999,60304.32578000,1108,4551.25000000,40588.72525000,0,AVAXUSDT
2026-05-28 16:35:00+00:00,8.922,8.926,8.912,8.923,7386.12,1779986399999,65876.25604000,769,1785.54000000,15927.43885000,0,AVAXUSDT
2026-05-28 16:40:00+00:00,8.922,8.955,8.919,8.955,11735.62,1779986699999,104912.88615000,1541,7189.12000000,64272.37483000,0,AVAXUSDT
2026-05-28 16:45:00+00:00,8.955,8.98,8.948,8.963,43760.34,1779986999999,391999.41302000,2300,21251.33000000,190381.35689000,0,AVAXUSDT
2026-05-28 16:50:00+00:00,8.964,8.982,8.959,8.964,7264.61,1779987299999,65188.58928000,1542,4363.83000000,39158.08309000,0,AVAXUSDT
2026-05-28 16:55:00+00:00,8.965,8.976,8.959,8.962,7633.14,1779987599999,68445.43443000,1130,3649.38000000,32725.74400000,0,AVAXUSDT
2026-05-28 17:00:00+00:00,8.963,8.969,8.93,8.935,4887.95,1779987899999,43736.98148000,1193,2210.69000000,19764.68084000,0,AVAXUSDT
2026-05-28 17:05:00+00:00,8.936,8.978,8.93,8.97,8834.94,1779988199999,79070.52917000,1655,5491.15000000,49138.02335000,0,AVAXUSDT
2026-05-28 17:10:00+00:00,8.97,8.975,8.957,8.969,10897.07,1779988499999,97708.82996000,1261,5971.25000000,53542.02400000,0,AVAXUSDT
2026-05-28 17:15:00+00:00,8.969,8.97,8.954,8.97,6632.32,1779988799999,59453.19594000,1152,3304.66000000,29627.24195000,0,AVAXUSDT
2026-05-28 17:20:00+00:00,8.97,8.978,8.949,8.949,4350.22,1779989099999,39002.59904000,875,1901.79000000,17054.60372000,0,AVAXUSDT
2026-05-28 17:25:00+00:00,8.948,8.953,8.932,8.942,4323.01,1779989399999,38661.11315000,1032,2203.73000000,19708.21263000,0,AVAXUSDT
2026-05-28 17:30:00+00:00,8.943,8.977,8.943,8.972,6513.78,1779989699999,58343.83645000,1169,5155.45000000,46173.65585000,0,AVAXUSDT
2026-05-28 17:35:00+00:00,8.973,8.981,8.962,8.981,5533.9,1779989999999,49645.47498000,823,3147.33000000,28241.23528000,0,AVAXUSDT
2026-05-28 17:40:00+00:00,8.982,8.985,8.974,8.975,5767.57,1779990299999,51792.48365000,779,3269.28000000,29355.06215000,0,AVAXUSDT
2026-05-28 17:45:00+00:00,8.974,9.016,8.974,9.001,31446.57,1779990599999,282884.90152000,2498,20288.61000000,182525.67323000,0,AVAXUSDT
2026-05-28 17:50:00+00:00,9.002,9.002,8.983,8.984,3686.51,1779990899999,33159.03689000,834,1405.37000000,12644.97053000,0,AVAXUSDT
2026-05-28 17:55:00+00:00,8.983,8.993,8.975,8.991,3536.33,1779991199999,31775.88896000,642,2206.62000000,19833.25576000,0,AVAXUSDT
2026-05-28 18:00:00+00:00,8.99,9.035,8.987,9.028,12549.96,1779991499999,113187.78205000,2000,7281.78000000,65669.44753000,0,AVAXUSDT
2026-05-28 18:05:00+00:00,9.028,9.055,9.027,9.046,9338.25,1779991799999,84444.34896000,1405,6154.67000000,55660.46054000,0,AVAXUSDT
2026-05-28 18:10:00+00:00,9.046,9.052,9.03,9.041,8949.49,1779992099999,80911.94533000,1561,5043.55000000,45597.78253000,0,AVAXUSDT
2026-05-28 18:15:00+00:00,9.042,9.074,9.039,9.047,22053.84,1779992399999,199737.78785000,2023,13485.06000000,122158.34841000,0,AVAXUSDT
2026-05-28 18:20:00+00:00,9.047,9.058,9.041,9.055,6853.95,1779992699999,62029.76027000,1089,4368.58000000,39538.64854000,0,AVAXUSDT
2026-05-28 18:25:00+00:00,9.056,9.058,9.025,9.027,5459.82,1779992999999,49351.43167000,1029,2272.42000000,20540.72178000,0,AVAXUSDT
2026-05-28 18:30:00+00:00,9.028,9.035,9.014,9.019,12453.33,1779993299999,112356.08457000,1334,4138.58000000,37334.44740000,0,AVAXUSDT
2026-05-28 18:35:00+00:00,9.018,9.018,8.996,8.998,2136.42,1779993599999,19236.77484000,765,791.87000000,7129.58742000,0,AVAXUSDT
2026-05-28 18:40:00+00:00,8.999,9.006,8.991,8.995,7049.13,1779993899999,63435.96158000,574,4835.83000000,43517.33043000,0,AVAXUSDT
2026-05-28 18:45:00+00:00,8.996,9.005,8.99,8.99,5522.02,1779994199999,49679.98907000,670,3450.31000000,31044.06653000,0,AVAXUSDT
2026-05-28 18:50:00+00:00,8.99,9.003,8.988,9.001,3994.44,1779994499999,35933.33629000,596,2318.96000000,20864.54645000,0,AVAXUSDT
2026-05-28 18:55:00+00:00,9.001,9.008,8.983,8.988,3943.4,1779994799999,35479.28166000,474,1725.66000000,15535.44636000,0,AVAXUSDT
2026-05-28 19:00:00+00:00,8.988,8.996,8.965,8.968,16709.29,1779995099999,150099.54505000,1083,9641.47000000,86668.20401000,0,AVAXUSDT
2026-05-28 19:05:00+00:00,8.969,8.976,8.952,8.953,3633.33,1779995399999,32579.92857000,576,1187.65000000,10657.86136000,0,AVAXUSDT
2026-05-28 19:10:00+00:00,8.954,8.957,8.939,8.945,15316.26,1779995699999,137002.64448000,853,5993.21000000,53600.87230000,0,AVAXUSDT
2026-05-28 19:15:00+00:00,8.944,8.951,8.935,8.947,5678.84,1779995999999,50780.73142000,739,3158.43000000,28243.13806000,0,AVAXUSDT
2026-05-28 19:20:00+00:00,8.946,8.951,8.94,8.95,6936.8,1779996299999,62058.87643000,398,4471.31000000,40006.26836000,0,AVAXUSDT
2026-05-28 19:25:00+00:00,8.951,8.952,8.944,8.951,5519.68,1779996599999,49390.63415000,538,1844.32000000,16503.38281000,0,AVAXUSDT
2026-05-28 19:30:00+00:00,8.952,8.956,8.928,8.93,5685.34,1779996899999,50847.12037000,553,2865.18000000,25627.86798000,0,AVAXUSDT
2026-05-28 19:35:00+00:00,8.929,8.929,8.92,8.92,5103.62,1779997199999,45546.66192000,466,1934.86000000,17267.12329000,0,AVAXUSDT
2026-05-28 19:40:00+00:00,8.921,8.928,8.917,8.923,1163.07,1779997499999,10376.76435000,455,878.75000000,7839.53608000,0,AVAXUSDT
2026-05-28 19:45:00+00:00,8.923,8.935,8.923,8.934,2964.27,1779997799999,26469.42129000,535,2340.80000000,20903.38660000,0,AVAXUSDT
2026-05-28 19:50:00+00:00,8.933,8.938,8.917,8.93,10224.67,1779998099999,91288.98569000,1166,4610.40000000,41163.15712000,0,AVAXUSDT
2026-05-28 19:55:00+00:00,8.93,8.932,8.912,8.916,5348.94,1779998399999,47705.44375000,740,2616.41000000,23332.01982000,0,AVAXUSDT
2026-05-28 20:00:00+00:00,8.916,8.927,8.906,8.915,4703.89,1779998699999,41940.19017000,1070,2449.95000000,21853.75788000,0,AVAXUSDT
2026-05-28 20:05:00+00:00,8.915,8.915,8.888,8.908,7874.96,1779998999999,70094.12158000,1436,5451.16000000,48514.79622000,0,AVAXUSDT
2026-05-28 20:10:00+00:00,8.908,8.938,8.906,8.924,8528.29,1779999299999,76143.24304000,984,7046.11000000,62909.64902000,0,AVAXUSDT
2026-05-28 20:15:00+00:00,8.924,8.957,8.923,8.957,1407.3,1779999599999,12587.26247000,706,1138.89000000,10186.41928000,0,AVAXUSDT
2026-05-28 20:20:00+00:00,8.956,8.957,8.944,8.945,1143.93,1779999899999,10237.56081000,440,404.64000000,3622.49749000,0,AVAXUSDT
2026-05-28 20:25:00+00:00,8.946,8.965,8.946,8.963,2144.31,1780000199999,19209.96649000,475,1723.50000000,15441.31665000,0,AVAXUSDT
2026-05-28 20:30:00+00:00,8.963,8.968,8.957,8.957,3915.35,1780000499999,35090.49950000,677,1098.57000000,9846.12639000,0,AVAXUSDT
2026-05-28 20:35:00+00:00,8.957,8.965,8.957,8.958,3848.46,1780000799999,34475.79760000,350,3383.46000000,30309.56987000,0,AVAXUSDT
2026-05-28 20:40:00+00:00,8.958,8.969,8.957,8.965,6273.04,1780001099999,56229.24001000,468,1347.52000000,12080.15862000,0,AVAXUSDT
2026-05-28 20:45:00+00:00,8.964,8.968,8.954,8.966,3450.0,1780001399999,30907.36792000,560,1610.09000000,14427.12842000,0,AVAXUSDT
2026-05-28 20:50:00+00:00,8.965,8.965,8.955,8.957,496.04,1780001699999,4443.37189000,167,217.47000000,1948.05259000,0,AVAXUSDT
2026-05-28 20:55:00+00:00,8.956,8.956,8.936,8.938,2339.56,1780001999999,20934.54351000,459,592.12000000,5295.74254000,0,AVAXUSDT
2026-05-28 21:00:00+00:00,8.939,8.949,8.935,8.936,833.66,1780002299999,7455.91086000,361,346.59000000,3099.48107000,0,AVAXUSDT
2026-05-28 21:05:00+00:00,8.935,8.956,8.931,8.956,3876.2,1780002599999,34662.49107000,531,3641.43000000,32562.51136000,0,AVAXUSDT
2026-05-28 21:10:00+00:00,8.956,8.984,8.956,8.972,3270.92,1780002899999,29349.35748000,889,2183.75000000,19593.30940000,0,AVAXUSDT
2026-05-28 21:15:00+00:00,8.972,8.981,8.968,8.97,1932.57,1780003199999,17344.74452000,538,1289.11000000,11568.78157000,0,AVAXUSDT
2026-05-28 21:20:00+00:00,8.97,8.983,8.97,8.98,5660.86,1780003499999,50813.84139000,480,4933.35000000,44283.34770000,0,AVAXUSDT
2026-05-28 21:25:00+00:00,8.98,8.983,8.975,8.975,482.13,1780003799999,4329.80390000,250,290.95000000,2612.97283000,0,AVAXUSDT
2026-05-28 21:30:00+00:00,8.974,8.981,8.973,8.98,2440.54,1780004099999,21907.49095000,239,2163.66000000,19422.01088000,0,AVAXUSDT
2026-05-28 21:35:00+00:00,8.979,8.994,8.977,8.993,2734.95,1780004399999,24571.17183000,430,1784.20000000,16028.63974000,0,AVAXUSDT
2026-05-28 21:40:00+00:00,8.993,8.993,8.979,8.985,2130.97,1780004699999,19146.78236000,515,1297.73000000,11659.21719000,0,AVAXUSDT
2026-05-28 21:45:00+00:00,8.984,8.985,8.98,8.983,1314.74,1780004999999,11809.23561000,202,894.21000000,8032.27503000,0,AVAXUSDT
2026-05-28 21:50:00+00:00,8.983,8.992,8.98,8.987,6962.01,1780005299999,62569.51028000,458,6360.31000000,57163.52640000,0,AVAXUSDT
2026-05-28 21:55:00+00:00,8.986,8.988,8.973,8.973,1128.72,1780005599999,10137.09850000,386,635.98000000,5711.76792000,0,AVAXUSDT
2026-05-28 22:00:00+00:00,8.972,8.992,8.969,8.969,10659.78,1780005899999,95710.31961000,1242,5542.02000000,49785.81848000,0,AVAXUSDT
2026-05-28 22:05:00+00:00,8.97,8.973,8.96,8.966,2680.76,1780006199999,24040.95340000,496,2146.32000000,19249.08959000,0,AVAXUSDT
2026-05-28 22:10:00+00:00,8.966,8.966,8.953,8.958,2134.22,1780006499999,19120.08846000,429,1357.83000000,12165.91545000,0,AVAXUSDT
2026-05-28 22:15:00+00:00,8.959,8.959,8.946,8.946,1251.89,1780006799999,11207.44666000,363,403.07000000,3609.32054000,0,AVAXUSDT
2026-05-28 22:20:00+00:00,8.945,8.945,8.932,8.942,3948.98,1780007099999,35292.92179000,502,1838.20000000,16430.69048000,0,AVAXUSDT
2026-05-28 22:25:00+00:00,8.942,8.945,8.92,8.92,8025.75,1780007399999,71697.24792000,832,4531.62000000,40488.01951000,0,AVAXUSDT
2026-05-28 22:30:00+00:00,8.92,8.92,8.905,8.91,8428.21,1780007699999,75159.60874000,616,3112.65000000,27754.08772000,0,AVAXUSDT
2026-05-28 22:35:00+00:00,8.91,8.913,8.905,8.91,1441.17,1780007999999,12837.25973000,320,892.39000000,7948.23833000,0,AVAXUSDT
2026-05-28 22:40:00+00:00,8.91,8.91,8.901,8.901,1913.44,1780008299999,17037.54259000,299,898.91000000,8003.50696000,0,AVAXUSDT
2026-05-28 22:45:00+00:00,8.902,8.922,8.902,8.921,2806.59,1780008599999,25002.77006000,392,1536.55000000,13688.76425000,0,AVAXUSDT
2026-05-28 22:50:00+00:00,8.92,8.926,8.913,8.917,778.17,1780008899999,6939.70114000,383,271.09000000,2417.45384000,0,AVAXUSDT
2026-05-28 22:55:00+00:00,8.918,8.918,8.908,8.909,1093.29,1780009199999,9743.12182000,243,475.60000000,4238.70738000,0,AVAXUSDT
2026-05-28 23:00:00+00:00,8.909,8.921,8.907,8.917,1632.85,1780009499999,14553.42130000,403,1050.68000000,9364.18030000,0,AVAXUSDT
2026-05-28 23:05:00+00:00,8.918,8.926,8.918,8.923,486.08,1780009799999,4336.28672000,226,319.12000000,2846.85642000,0,AVAXUSDT
2026-05-28 23:10:00+00:00,8.922,8.929,8.92,8.929,1412.51,1780010099999,12604.94681000,345,913.03000000,8148.18254000,0,AVAXUSDT
2026-05-28 23:15:00+00:00,8.93,8.939,8.927,8.928,1554.67,1780010399999,13887.38902000,407,1080.20000000,9648.22690000,0,AVAXUSDT
2026-05-28 23:20:00+00:00,8.928,8.928,8.917,8.919,687.01,1780010699999,6128.28924000,234,353.50000000,3153.24813000,0,AVAXUSDT
2026-05-28 23:25:00+00:00,8.919,8.943,8.919,8.941,1991.33,1780010999999,17791.56038000,449,963.70000000,8609.05108000,0,AVAXUSDT
2026-05-28 23:30:00+00:00,8.94,8.94,8.926,8.926,697.1,1780011299999,6227.90905000,459,254.35000000,2272.76647000,0,AVAXUSDT
2026-05-28 23:35:00+00:00,8.926,8.929,8.922,8.922,306.4,1780011599999,2734.62591000,170,56.12000000,500.93717000,0,AVAXUSDT
2026-05-28 23:40:00+00:00,8.922,8.928,8.916,8.928,4579.68,1780011899999,40848.84142000,446,597.87000000,5334.69376000,0,AVAXUSDT
2026-05-28 23:45:00+00:00,8.928,8.928,8.91,8.917,2048.79,1780012199999,18267.78468000,345,485.65000000,4331.59088000,0,AVAXUSDT
2026-05-28 23:50:00+00:00,8.918,8.923,8.917,8.922,683.86,1780012499999,6100.90152000,179,119.83000000,1068.98715000,0,AVAXUSDT
2026-05-28 23:55:00+00:00,8.923,8.932,8.922,8.928,2509.48,1780012799999,22397.35611000,439,468.10000000,4178.82073000,0,AVAXUSDT
2026-05-29 00:00:00+00:00,8.928,8.958,8.928,8.947,4287.27,1780013099999,38340.80626000,924,2908.47000000,26004.02039000,0,AVAXUSDT
2026-05-29 00:05:00+00:00,8.947,8.947,8.93,8.945,9873.26,1780013399999,88245.22619000,804,4845.59000000,43309.21338000,0,AVAXUSDT
2026-05-29 00:10:00+00:00,8.946,8.958,8.942,8.946,4443.64,1780013699999,39769.66879000,667,3628.43000000,32475.41813000,0,AVAXUSDT
2026-05-29 00:15:00+00:00,8.946,8.955,8.939,8.947,3383.6,1780013999999,30268.04395000,701,1319.62000000,11811.38177000,0,AVAXUSDT
2026-05-29 00:20:00+00:00,8.948,8.957,8.945,8.954,1344.81,1780014299999,12037.93437000,487,610.22000000,5462.79969000,0,AVAXUSDT
2026-05-29 00:25:00+00:00,8.955,8.959,8.947,8.948,1369.44,1780014599999,12263.78233000,383,835.41000000,7481.93759000,0,AVAXUSDT
2026-05-29 00:30:00+00:00,8.948,8.95,8.941,8.946,1010.59,1780014899999,9040.94519000,366,494.57000000,4424.30161000,0,AVAXUSDT
2026-05-29 00:35:00+00:00,8.947,8.958,8.947,8.958,2838.64,1780015199999,25416.27036000,495,1944.39000000,17411.78022000,0,AVAXUSDT
2026-05-29 00:40:00+00:00,8.958,8.962,8.949,8.962,3968.47,1780015499999,35537.34834000,420,2977.27000000,26663.20168000,0,AVAXUSDT
2026-05-29 00:45:00+00:00,8.961,8.961,8.949,8.952,3687.25,1780015799999,33014.61873000,443,1354.73000000,12127.45329000,0,AVAXUSDT
2026-05-29 00:50:00+00:00,8.951,8.962,8.945,8.945,1345.48,1780016099999,12048.54894000,363,662.56000000,5933.33874000,0,AVAXUSDT
2026-05-29 00:55:00+00:00,8.944,8.947,8.943,8.946,1202.38,1780016399999,10756.45976000,225,988.06000000,8839.12812000,0,AVAXUSDT
2026-05-29 01:00:00+00:00,8.947,8.964,8.947,8.959,2773.49,1780016699999,24841.74945000,459,2149.43000000,19254.45065000,0,AVAXUSDT
2026-05-29 01:05:00+00:00,8.96,8.974,8.96,8.973,9153.6,1780016999999,82101.31174000,711,8125.77000000,72882.82542000,0,AVAXUSDT
2026-05-29 01:10:00+00:00,8.972,8.972,8.958,8.966,2348.91,1780017299999,21049.54164000,423,843.85000000,7563.84499000,0,AVAXUSDT
2026-05-29 01:15:00+00:00,8.965,8.968,8.952,8.952,2659.59,1780017599999,23836.02806000,479,138.03000000,1237.25721000,0,AVAXUSDT
2026-05-29 01:20:00+00:00,8.951,8.951,8.928,8.938,3864.47,1780017899999,34535.58600000,822,1763.51000000,15758.61160000,0,AVAXUSDT
2026-05-29 01:25:00+00:00,8.939,8.946,8.935,8.938,968.37,1780018199999,8658.03069000,388,610.99000000,5462.42875000,0,AVAXUSDT
2026-05-29 01:30:00+00:00,8.937,8.937,8.93,8.937,3642.76,1780018499999,32547.50109000,573,2868.51000000,25631.80528000,0,AVAXUSDT
2026-05-29 01:35:00+00:00,8.937,8.937,8.929,8.932,2027.34,1780018799999,18109.65276000,487,1201.35000000,10731.68022000,0,AVAXUSDT
2026-05-29 01:40:00+00:00,8.932,8.949,8.93,8.947,1609.83,1780019099999,14383.19709000,381,366.21000000,3272.47753000,0,AVAXUSDT
2026-05-29 01:45:00+00:00,8.948,8.954,8.933,8.933,757.2,1780019399999,6775.19714000,455,336.44000000,3011.49565000,0,AVAXUSDT
2026-05-29 01:50:00+00:00,8.934,8.952,8.934,8.952,2395.95,1780019699999,21430.75526000,477,2214.92000000,19812.03506000,0,AVAXUSDT
2026-05-29 01:55:00+00:00,8.951,8.956,8.941,8.942,3011.85,1780019999999,26939.91396000,463,519.24000000,4644.94930000,0,AVAXUSDT
2026-05-29 02:00:00+00:00,8.943,8.951,8.936,8.949,730.06,1780020299999,6528.93196000,490,444.78000000,3977.51816000,0,AVAXUSDT
2026-05-29 02:05:00+00:00,8.948,8.952,8.944,8.95,1345.02,1780020599999,12036.46335000,435,641.39000000,5739.63114000,0,AVAXUSDT
2026-05-29 02:10:00+00:00,8.95,8.951,8.944,8.944,354.66,1780020899999,3173.42020000,248,87.92000000,786.63139000,0,AVAXUSDT
2026-05-29 02:15:00+00:00,8.944,8.947,8.935,8.942,1751.93,1780021199999,15661.43243000,461,544.25000000,4865.61690000,0,AVAXUSDT
2026-05-29 02:20:00+00:00,8.941,8.941,8.916,8.916,3734.42,1780021499999,33338.92751000,778,2428.34000000,21677.49036000,0,AVAXUSDT
2026-05-29 02:25:00+00:00,8.916,8.916,8.9,8.9,6730.97,1780021799999,59941.31283000,772,1745.28000000,15552.33340000,0,AVAXUSDT
2026-05-29 02:30:00+00:00,8.9,8.911,8.894,8.91,2322.56,1780022099999,20671.94069000,724,1421.74000000,12654.39269000,0,AVAXUSDT
2026-05-29 02:35:00+00:00,8.909,8.919,8.909,8.919,1972.04,1780022399999,17580.97656000,367,1730.58000000,15428.26067000,0,AVAXUSDT
2026-05-29 02:40:00+00:00,8.919,8.919,8.889,8.894,3475.52,1780022699999,30946.02820000,584,651.00000000,5790.04309000,0,AVAXUSDT
2026-05-29 02:45:00+00:00,8.894,8.898,8.894,8.897,716.3,1780022999999,6372.43062000,233,330.80000000,2942.83714000,0,AVAXUSDT
2026-05-29 02:50:00+00:00,8.898,8.898,8.87,8.87,3011.74,1780023299999,26758.37449000,595,621.39000000,5518.72193000,0,AVAXUSDT
2026-05-29 02:55:00+00:00,8.871,8.877,8.869,8.872,3414.13,1780023599999,30288.96572000,420,1253.51000000,11121.49242000,0,AVAXUSDT
2026-05-29 03:00:00+00:00,8.873,8.894,8.873,8.893,3589.09,1780023899999,31880.38846000,590,3177.04000000,28217.94201000,0,AVAXUSDT
2026-05-29 03:05:00+00:00,8.894,8.94,8.894,8.936,3272.63,1780024199999,29189.13612000,893,2158.08000000,19247.05873000,0,AVAXUSDT
2026-05-29 03:10:00+00:00,8.935,8.938,8.927,8.931,3922.84,1780024499999,35039.78549000,410,3104.61000000,27729.38835000,0,AVAXUSDT
2026-05-29 03:15:00+00:00,8.93,8.93,8.919,8.922,2811.17,1780024799999,25087.40372000,309,712.87000000,6360.99691000,0,AVAXUSDT
2026-05-29 03:20:00+00:00,8.923,8.925,8.909,8.909,741.66,1780025099999,6613.01937000,259,184.40000000,1644.42362000,0,AVAXUSDT
2026-05-29 03:25:00+00:00,8.908,8.909,8.901,8.903,2939.06,1780025399999,26171.77567000,273,713.73000000,6357.76671000,0,AVAXUSDT
2026-05-29 03:30:00+00:00,8.902,8.91,8.892,8.908,1758.02,1780025699999,15648.26198000,437,679.54000000,6049.25047000,0,AVAXUSDT
2026-05-29 03:35:00+00:00,8.907,8.907,8.89,8.892,1223.78,1780025999999,10884.97050000,374,354.09000000,3148.69693000,0,AVAXUSDT
2026-05-29 03:40:00+00:00,8.893,8.899,8.891,8.891,499.92,1780026299999,4446.82059000,156,231.07000000,2055.52379000,0,AVAXUSDT
2026-05-29 03:45:00+00:00,8.89,8.894,8.886,8.888,740.44,1780026599999,6581.59739000,226,423.84000000,3767.33975000,0,AVAXUSDT
2026-05-29 03:50:00+00:00,8.889,8.897,8.881,8.888,4330.48,1780026899999,38493.48874000,518,1377.19000000,12247.64257000,0,AVAXUSDT
2026-05-29 03:55:00+00:00,8.889,8.891,8.882,8.882,1634.88,1780027199999,14529.06489000,217,77.49000000,688.75384000,0,AVAXUSDT
2026-05-29 04:00:00+00:00,8.882,8.888,8.88,8.882,1818.38,1780027499999,16154.16062000,322,1165.86000000,10357.45710000,0,AVAXUSDT
2026-05-29 04:05:00+00:00,8.882,8.882,8.842,8.844,5081.52,1780027799999,45019.42140000,745,846.32000000,7497.81554000,0,AVAXUSDT
2026-05-29 04:10:00+00:00,8.845,8.846,8.834,8.845,2305.9,1780028099999,20382.33488000,564,1452.26000000,12837.25665000,0,AVAXUSDT
2026-05-29 04:15:00+00:00,8.846,8.856,8.846,8.847,851.81,1780028399999,7538.97984000,299,355.98000000,3151.03692000,0,AVAXUSDT
2026-05-29 04:20:00+00:00,8.847,8.864,8.846,8.861,2435.5,1780028699999,21569.46761000,339,1737.75000000,15388.72283000,0,AVAXUSDT
2026-05-29 04:25:00+00:00,8.861,8.872,8.86,8.871,3038.22,1780028999999,26937.01887000,332,222.07000000,1969.10508000,0,AVAXUSDT
2026-05-29 04:30:00+00:00,8.871,8.883,8.867,8.881,1739.49,1780029299999,15441.03109000,687,1152.85000000,10232.77293000,0,AVAXUSDT
2026-05-29 04:35:00+00:00,8.882,8.887,8.88,8.884,481.01,1780029599999,4272.60496000,236,180.31000000,1601.94473000,0,AVAXUSDT
2026-05-29 04:40:00+00:00,8.885,8.886,8.878,8.88,663.43,1780029899999,5892.91927000,186,235.96000000,2095.86355000,0,AVAXUSDT
2026-05-29 04:45:00+00:00,8.881,8.893,8.881,8.892,1147.66,1780030199999,10200.63140000,315,317.23000000,2819.56084000,0,AVAXUSDT
2026-05-29 04:50:00+00:00,8.892,8.892,8.885,8.89,964.46,1780030499999,8572.29116000,220,100.11000000,889.73204000,0,AVAXUSDT
2026-05-29 04:55:00+00:00,8.889,8.903,8.887,8.903,365.27,1780030799999,3249.16526000,198,321.67000000,2861.51145000,0,AVAXUSDT
2026-05-29 05:00:00+00:00,8.904,8.923,8.904,8.923,1782.28,1780031099999,15887.37892000,682,1065.50000000,9499.02514000,0,AVAXUSDT
2026-05-29 05:05:00+00:00,8.922,8.927,8.918,8.924,2188.02,1780031399999,19525.26381000,366,556.11000000,4963.02996000,0,AVAXUSDT
2026-05-29 05:10:00+00:00,8.925,8.932,8.921,8.924,2164.59,1780031699999,19326.66661000,343,1488.38000000,13291.09265000,0,AVAXUSDT
2026-05-29 05:15:00+00:00,8.924,8.926,8.919,8.922,2619.08,1780031999999,23366.81714000,266,661.32000000,5900.70411000,0,AVAXUSDT
2026-05-29 05:20:00+00:00,8.922,8.922,8.909,8.911,2396.12,1780032299999,21359.99596000,242,519.14000000,4626.74912000,0,AVAXUSDT
2026-05-29 05:25:00+00:00,8.912,8.919,8.912,8.915,1074.71,1780032599999,9581.22659000,215,894.84000000,7977.33644000,0,AVAXUSDT
2026-05-29 05:30:00+00:00,8.915,8.915,8.9,8.905,1299.34,1780032899999,11572.60427000,444,724.75000000,6454.10490000,0,AVAXUSDT
2026-05-29 05:35:00+00:00,8.905,8.906,8.899,8.905,546.66,1780033199999,4866.75907000,223,294.89000000,2625.23351000,0,AVAXUSDT
2026-05-29 05:40:00+00:00,8.904,8.904,8.9,8.903,92.81,1780033499999,826.17871000,115,44.00000000,391.65184000,0,AVAXUSDT
2026-05-29 05:45:00+00:00,8.903,8.931,8.902,8.92,5671.49,1780033799999,50545.24143000,645,5021.86000000,44754.40543000,0,AVAXUSDT
2026-05-29 05:50:00+00:00,8.92,8.92,8.917,8.917,1940.53,1780034099999,17305.85879000,198,913.75000000,8149.37759000,0,AVAXUSDT
2026-05-29 05:55:00+00:00,8.918,8.936,8.914,8.929,13273.44,1780034399999,118454.41052000,604,5571.16000000,49749.98943000,0,AVAXUSDT
2026-05-29 06:00:00+00:00,8.929,8.957,8.929,8.949,3471.62,1780034699999,31058.42557000,691,2418.39000000,21636.34610000,0,AVAXUSDT
2026-05-29 06:05:00+00:00,8.95,8.95,8.935,8.946,7053.83,1780034999999,63068.12227000,332,1232.75000000,11025.89976000,0,AVAXUSDT
2026-05-29 06:10:00+00:00,8.946,8.951,8.944,8.948,1414.98,1780035299999,12659.88627000,372,1019.44000000,9121.12051000,0,AVAXUSDT
2026-05-29 06:15:00+00:00,8.949,8.951,8.943,8.948,1181.42,1780035599999,10570.99782000,351,790.37000000,7071.69814000,0,AVAXUSDT
2026-05-29 06:20:00+00:00,8.948,8.982,8.947,8.962,9762.08,1780035899999,87517.67319000,1079,6617.22000000,59329.96704000,0,AVAXUSDT
2026-05-29 06:25:00+00:00,8.962,8.963,8.95,8.95,784.56,1780036199999,7025.39487000,345,369.59000000,3309.34371000,0,AVAXUSDT
2026-05-29 06:30:00+00:00,8.951,8.951,8.938,8.938,1489.68,1780036499999,13327.83240000,309,611.87000000,5473.66962000,0,AVAXUSDT
2026-05-29 06:35:00+00:00,8.939,8.939,8.926,8.929,1860.04,1780036799999,16617.93249000,325,1413.00000000,12625.05997000,0,AVAXUSDT
2026-05-29 06:40:00+00:00,8.93,8.936,8.923,8.936,26671.85,1780037099999,238125.12627000,2476,3090.77000000,27598.79262000,0,AVAXUSDT
2026-05-29 06:45:00+00:00,8.935,8.946,8.933,8.941,1034.45,1780037399999,9244.92290000,480,313.74000000,2804.42102000,0,AVAXUSDT
2026-05-29 06:50:00+00:00,8.941,8.959,8.94,8.954,4377.36,1780037699999,39187.39531000,478,2776.21000000,24852.96399000,0,AVAXUSDT
2026-05-29 06:55:00+00:00,8.955,8.956,8.951,8.954,1542.97,1780037999999,13814.42443000,244,685.55000000,6138.48538000,0,AVAXUSDT
2026-05-29 07:00:00+00:00,8.953,8.955,8.948,8.955,1548.76,1780038299999,13860.88123000,502,319.24000000,2857.30186000,0,AVAXUSDT
2026-05-29 07:05:00+00:00,8.955,8.955,8.95,8.952,931.45,1780038599999,8338.70012000,194,377.62000000,3380.79316000,0,AVAXUSDT
2026-05-29 07:10:00+00:00,8.953,8.963,8.953,8.963,1003.58,1780038899999,8991.63056000,265,763.67000000,6842.75273000,0,AVAXUSDT
2026-05-29 07:15:00+00:00,8.962,8.962,8.955,8.959,1413.02,1780039199999,12658.59585000,437,755.59000000,6769.55785000,0,AVAXUSDT
2026-05-29 07:20:00+00:00,8.96,8.972,8.96,8.965,2639.34,1780039499999,23667.39642000,384,1292.07000000,11586.29195000,0,AVAXUSDT
2026-05-29 07:25:00+00:00,8.965,8.965,8.955,8.956,2514.2,1780039799999,22521.72611000,247,1842.89000000,16507.57608000,0,AVAXUSDT
2026-05-29 07:30:00+00:00,8.957,8.957,8.925,8.929,5016.58,1780040099999,44837.14660000,1042,1912.54000000,17080.27403000,0,AVAXUSDT
2026-05-29 07:35:00+00:00,8.93,8.93,8.899,8.907,3108.71,1780040399999,27695.92455000,758,1237.10000000,11018.51240000,0,AVAXUSDT
2026-05-29 07:40:00+00:00,8.906,8.906,8.889,8.893,4153.06,1780040699999,36932.17135000,495,813.24000000,7231.89093000,0,AVAXUSDT
2026-05-29 07:45:00+00:00,8.892,8.914,8.89,8.912,3370.56,1780040999999,30011.18683000,803,1820.48000000,16215.40023000,0,AVAXUSDT
2026-05-29 07:50:00+00:00,8.912,8.918,8.908,8.913,2035.04,1780041299999,18135.90222000,397,636.96000000,5676.84363000,0,AVAXUSDT
2026-05-29 07:55:00+00:00,8.913,8.933,8.913,8.926,3439.86,1780041599999,30689.82948000,537,1038.62000000,9269.91034000,0,AVAXUSDT
2026-05-29 08:00:00+00:00,8.926,8.949,8.922,8.933,4590.82,1780041899999,41020.87035000,889,2028.64000000,18124.33782000,0,AVAXUSDT
2026-05-29 08:05:00+00:00,8.933,8.936,8.922,8.936,2427.71,1780042199999,21689.57385000,410,2030.04000000,18137.05836000,0,AVAXUSDT
2026-05-29 08:10:00+00:00,8.936,8.941,8.927,8.939,1754.35,1780042499999,15676.24724000,452,341.77000000,3053.95213000,0,AVAXUSDT
2026-05-29 08:15:00+00:00,8.938,8.94,8.929,8.938,1861.16,1780042799999,16631.29613000,377,1364.77000000,12195.74534000,0,AVAXUSDT
2026-05-29 08:20:00+00:00,8.938,8.96,8.938,8.95,3090.37,1780043099999,27669.19897000,611,2287.08000000,20477.38413000,0,AVAXUSDT
2026-05-29 08:25:00+00:00,8.951,8.963,8.948,8.948,4207.79,1780043399999,37681.14578000,655,1590.97000000,14248.12840000,0,AVAXUSDT
2026-05-29 08:30:00+00:00,8.948,8.948,8.926,8.937,4349.56,1780043699999,38847.32856000,688,1783.13000000,15929.05217000,0,AVAXUSDT
2026-05-29 08:35:00+00:00,8.936,8.942,8.927,8.942,1900.83,1780043999999,16974.99809000,591,992.83000000,8866.52654000,0,AVAXUSDT
2026-05-29 08:40:00+00:00,8.942,8.948,8.937,8.94,1318.53,1780044299999,11792.26489000,403,222.64000000,1990.81460000,0,AVAXUSDT
2026-05-29 08:45:00+00:00,8.941,8.942,8.934,8.934,681.27,1780044599999,6089.26582000,371,240.87000000,2153.25826000,0,AVAXUSDT
2026-05-29 08:50:00+00:00,8.933,8.939,8.93,8.937,1265.39,1780044899999,11304.61677000,306,339.46000000,3033.04973000,0,AVAXUSDT
2026-05-29 08:55:00+00:00,8.938,8.938,8.929,8.932,1137.03,1780045199999,10156.56210000,359,581.79000000,5196.70391000,0,AVAXUSDT
2026-05-29 09:00:00+00:00,8.933,8.946,8.931,8.941,1367.99,1780045499999,12225.06400000,435,618.41000000,5526.06081000,0,AVAXUSDT
2026-05-29 09:05:00+00:00,8.941,8.953,8.939,8.953,1265.55,1780045799999,11319.24901000,327,603.17000000,5394.62869000,0,AVAXUSDT
2026-05-29 09:10:00+00:00,8.954,8.964,8.954,8.958,3787.76,1780046099999,33930.14361000,381,2627.11000000,23533.76044000,0,AVAXUSDT
2026-05-29 09:15:00+00:00,8.958,8.976,8.958,8.976,3120.71,1780046399999,27979.40080000,603,1708.91000000,15322.04925000,0,AVAXUSDT
2026-05-29 09:20:00+00:00,8.975,8.975,8.959,8.962,2067.45,1780046699999,18542.71958000,423,1516.97000000,13608.26076000,0,AVAXUSDT
2026-05-29 09:25:00+00:00,8.963,8.977,8.961,8.975,3167.27,1780046999999,28411.35620000,379,2608.16000000,23395.73922000,0,AVAXUSDT
2026-05-29 09:30:00+00:00,8.974,8.974,8.961,8.961,5634.39,1780047299999,50543.02446000,472,1693.80000000,15193.03805000,0,AVAXUSDT
2026-05-29 09:35:00+00:00,8.961,8.965,8.956,8.965,617.01,1780047599999,5528.77282000,260,417.58000000,3741.41578000,0,AVAXUSDT
2026-05-29 09:40:00+00:00,8.964,8.969,8.964,8.966,649.9,1780047899999,5826.90486000,161,507.76000000,4552.43769000,0,AVAXUSDT
2026-05-29 09:45:00+00:00,8.967,8.97,8.961,8.961,775.16,1780048199999,6951.22751000,331,288.25000000,2584.35202000,0,AVAXUSDT
2026-05-29 09:50:00+00:00,8.96,8.967,8.96,8.967,2649.96,1780048499999,23746.89594000,238,1489.20000000,13344.56150000,0,AVAXUSDT
2026-05-29 09:55:00+00:00,8.967,8.967,8.957,8.965,1130.82,1780048799999,10133.92730000,330,487.61000000,4370.20951000,0,AVAXUSDT
2026-05-29 10:00:00+00:00,8.964,8.964,8.95,8.954,1386.95,1780049099999,12421.16909000,276,502.34000000,4499.24405000,0,AVAXUSDT
2026-05-29 10:05:00+00:00,8.954,8.96,8.948,8.948,1250.43,1780049399999,11196.58812000,408,314.04000000,2813.06553000,0,AVAXUSDT
2026-05-29 10:10:00+00:00,8.948,8.951,8.948,8.949,1547.81,1780049699999,13851.20547000,197,1107.52000000,9910.92754000,0,AVAXUSDT
2026-05-29 10:15:00+00:00,8.949,8.95,8.932,8.933,3152.41,1780049999999,28193.91554000,374,468.62000000,4191.17632000,0,AVAXUSDT
2026-05-29 10:20:00+00:00,8.933,8.938,8.926,8.929,3764.08,1780050299999,33613.80834000,416,1482.79000000,13241.76761000,0,AVAXUSDT
2026-05-29 10:25:00+00:00,8.929,8.93,8.92,8.923,4564.71,1780050599999,40731.62238000,437,3511.61000000,31334.66334000,0,AVAXUSDT
2026-05-29 10:30:00+00:00,8.923,8.923,8.91,8.918,4714.76,1780050899999,42028.57045000,452,918.45000000,8185.67137000,0,AVAXUSDT
2026-05-29 10:35:00+00:00,8.918,8.934,8.917,8.921,4820.97,1780051199999,43027.25023000,550,2285.23000000,20394.25949000,0,AVAXUSDT
2026-05-29 10:40:00+00:00,8.921,8.921,8.906,8.915,4969.52,1780051499999,44283.61639000,484,2492.61000000,22210.49118000,0,AVAXUSDT
2026-05-29 10:45:00+00:00,8.914,8.915,8.91,8.915,3446.37,1780051799999,30715.29882000,349,2939.86000000,26200.78774000,0,AVAXUSDT
2026-05-29 10:50:00+00:00,8.915,8.918,8.912,8.916,266.66,1780052099999,2377.26384000,208,115.16000000,1026.73910000,0,AVAXUSDT
2026-05-29 10:55:00+00:00,8.916,8.924,8.914,8.914,2647.27,1780052399999,23611.99703000,292,1123.07000000,10021.05021000,0,AVAXUSDT
2026-05-29 11:00:00+00:00,8.913,8.914,8.905,8.908,2526.41,1780052699999,22510.35285000,410,1337.30000000,11913.93784000,0,AVAXUSDT
2026-05-29 11:05:00+00:00,8.907,8.917,8.907,8.907,1524.84,1780052999999,13592.01216000,251,992.59000000,8847.71660000,0,AVAXUSDT
2026-05-29 11:10:00+00:00,8.906,8.915,8.903,8.911,8992.78,1780053299999,80096.94485000,605,2131.52000000,18987.00109000,0,AVAXUSDT
2026-05-29 11:15:00+00:00,8.911,8.92,8.911,8.92,1420.23,1780053599999,12660.90411000,340,1079.60000000,9624.30553000,0,AVAXUSDT
2026-05-29 11:20:00+00:00,8.92,8.923,8.911,8.916,1660.44,1780053899999,14807.34492000,363,100.01000000,891.91666000,0,AVAXUSDT
2026-05-29 11:25:00+00:00,8.915,8.915,8.894,8.896,2125.19,1780054199999,18918.15291000,541,830.19000000,7387.21536000,0,AVAXUSDT
2026-05-29 11:30:00+00:00,8.895,8.899,8.879,8.899,5224.06,1780054499999,46442.67725000,680,1925.68000000,17115.92554000,0,AVAXUSDT
2026-05-29 11:35:00+00:00,8.899,8.899,8.877,8.878,1996.41,1780054799999,17743.57084000,658,822.60000000,7308.41949000,0,AVAXUSDT
2026-05-29 11:40:00+00:00,8.878,8.886,8.87,8.879,4731.76,1780055099999,41991.79833000,800,2471.62000000,21934.92622000,0,AVAXUSDT
2026-05-29 11:45:00+00:00,8.879,8.882,8.859,8.859,6210.55,1780055399999,55099.12474000,564,4839.69000000,42936.53047000,0,AVAXUSDT
2026-05-29 11:50:00+00:00,8.859,8.862,8.836,8.855,11991.48,1780055699999,106118.64903000,1405,3628.59000000,32115.31637000,0,AVAXUSDT
2026-05-29 11:55:00+00:00,8.855,8.874,8.854,8.874,2563.49,1780055999999,22726.35961000,386,2092.62000000,18554.80080000,0,AVAXUSDT
2026-05-29 12:00:00+00:00,8.873,8.876,8.862,8.862,6817.99,1780056299999,60461.42628000,894,4034.69000000,35772.30111000,0,AVAXUSDT
2026-05-29 12:05:00+00:00,8.862,8.862,8.846,8.857,3610.18,1780056599999,31961.63971000,652,1350.77000000,11957.40356000,0,AVAXUSDT
2026-05-29 12:10:00+00:00,8.857,8.861,8.848,8.851,2457.71,1780056899999,21756.64618000,432,1220.14000000,10800.51201000,0,AVAXUSDT
2026-05-29 12:15:00+00:00,8.851,8.866,8.842,8.86,3336.45,1780057199999,29549.55729000,665,807.82000000,7153.44640000,0,AVAXUSDT
2026-05-29 12:20:00+00:00,8.859,8.865,8.851,8.851,2644.3,1780057499999,23423.16974000,545,711.81000000,6306.55849000,0,AVAXUSDT
2026-05-29 12:25:00+00:00,8.852,8.856,8.85,8.85,2280.97,1780057799999,20192.76868000,242,1538.61000000,13620.94974000,0,AVAXUSDT
2026-05-29 12:30:00+00:00,8.851,8.862,8.828,8.837,11866.12,1780058099999,104902.92258000,1346,3589.70000000,31721.27134000,0,AVAXUSDT
2026-05-29 12:35:00+00:00,8.836,8.84,8.822,8.822,5283.04,1780058399999,46641.77363000,971,1279.79000000,11295.43247000,0,AVAXUSDT
2026-05-29 12:40:00+00:00,8.821,8.832,8.812,8.831,5472.04,1780058699999,48291.42264000,689,2689.02000000,23735.17262000,0,AVAXUSDT
2026-05-29 12:45:00+00:00,8.831,8.834,8.807,8.822,13769.51,1780058999999,121382.21458000,1333,2819.47000000,24864.45051000,0,AVAXUSDT
2026-05-29 12:50:00+00:00,8.823,8.849,8.823,8.841,1945.03,1780059299999,17182.82358000,653,1090.96000000,9637.01823000,0,AVAXUSDT
2026-05-29 12:55:00+00:00,8.842,8.845,8.831,8.833,2257.57,1780059599999,19944.53410000,549,331.70000000,2930.49320000,0,AVAXUSDT
2026-05-29 13:00:00+00:00,8.832,8.832,8.808,8.815,3868.63,1780059899999,34131.09711000,791,904.89000000,7978.86341000,0,AVAXUSDT
2026-05-29 13:05:00+00:00,8.816,8.824,8.812,8.818,2920.37,1780060199999,25751.67224000,851,964.77000000,8507.98814000,0,AVAXUSDT
2026-05-29 13:10:00+00:00,8.817,8.817,8.788,8.808,21746.74,1780060499999,191333.13224000,1318,9748.76000000,85767.13985000,0,AVAXUSDT
2026-05-29 13:15:00+00:00,8.808,8.819,8.808,8.819,996.56,1780060799999,8784.10074000,504,524.21000000,4620.99413000,0,AVAXUSDT
2026-05-29 13:20:00+00:00,8.819,8.822,8.805,8.813,3506.85,1780061099999,30903.29407000,701,1776.73000000,15657.19423000,0,AVAXUSDT
2026-05-29 13:25:00+00:00,8.813,8.823,8.805,8.822,2641.63,1780061399999,23284.34967000,624,1650.46000000,14548.35486000,0,AVAXUSDT
2026-05-29 13:30:00+00:00,8.822,8.822,8.787,8.79,7203.87,1780061699999,63416.53936000,1790,2294.53000000,20194.13146000,0,AVAXUSDT
2026-05-29 13:35:00+00:00,8.79,8.844,8.789,8.832,6709.16,1780061999999,59208.35290000,1667,4680.92000000,41302.08277000,0,AVAXUSDT
2026-05-29 13:40:00+00:00,8.832,8.842,8.819,8.838,2251.82,1780062299999,19885.37286000,950,1301.87000000,11498.01629000,0,AVAXUSDT
2026-05-29 13:45:00+00:00,8.839,8.85,8.826,8.826,3633.47,1780062599999,32106.59124000,920,1439.14000000,12716.22126000,0,AVAXUSDT
2026-05-29 13:50:00+00:00,8.825,8.827,8.812,8.819,6014.79,1780062899999,53032.14981000,757,4454.44000000,39273.56832000,0,AVAXUSDT
2026-05-29 13:55:00+00:00,8.819,8.835,8.819,8.819,3154.6,1780063199999,27844.07762000,621,1392.26000000,12289.03501000,0,AVAXUSDT
2026-05-29 14:00:00+00:00,8.82,8.84,8.82,8.837,5124.34,1780063499999,45256.68887000,706,3067.34000000,27086.12710000,0,AVAXUSDT
2026-05-29 14:05:00+00:00,8.838,8.84,8.806,8.815,4410.34,1780063799999,38897.49495000,994,2170.73000000,19141.56664000,0,AVAXUSDT
2026-05-29 14:10:00+00:00,8.814,8.823,8.804,8.822,6397.49,1780064099999,56358.15797000,871,1531.27000000,13497.76156000,0,AVAXUSDT
2026-05-29 14:15:00+00:00,8.822,8.832,8.782,8.79,9028.37,1780064399999,79532.24939000,1902,3026.37000000,26667.93984000,0,AVAXUSDT
2026-05-29 14:20:00+00:00,8.789,8.796,8.756,8.756,10630.46,1780064699999,93267.04752000,1954,4021.93000000,35287.65116000,0,AVAXUSDT
2026-05-29 14:25:00+00:00,8.757,8.759,8.68,8.752,62830.93,1780064999999,547491.61191000,6842,22254.25000000,193753.13302000,0,AVAXUSDT
2026-05-29 14:30:00+00:00,8.751,8.759,8.733,8.757,14887.53,1780065299999,130175.97638000,2389,9566.23000000,83650.27283000,0,AVAXUSDT
2026-05-29 14:35:00+00:00,8.758,8.759,8.704,8.704,14893.24,1780065599999,130042.37225000,1846,2641.02000000,23073.06641000,0,AVAXUSDT
2026-05-29 14:40:00+00:00,8.705,8.715,8.656,8.67,37108.12,1780065899999,322201.15883000,4080,16451.51000000,142777.28884000,0,AVAXUSDT
2026-05-29 14:45:00+00:00,8.669,8.696,8.66,8.675,22996.03,1780066199999,199612.28723000,2774,12533.08000000,108758.72239000,0,AVAXUSDT
2026-05-29 14:50:00+00:00,8.676,8.768,8.675,8.727,43409.64,1780066499999,378537.42550000,5582,25812.05000000,225057.24168000,0,AVAXUSDT
2026-05-29 14:55:00+00:00,8.727,8.752,8.713,8.715,19844.21,1780066799999,173240.87044000,2218,11473.98000000,100188.05508000,0,AVAXUSDT
2026-05-29 15:00:00+00:00,8.716,8.777,8.712,8.776,13198.89,1780067099999,115243.04814000,1995,8508.56000000,74319.02026000,0,AVAXUSDT
2026-05-29 15:05:00+00:00,8.776,8.834,8.767,8.829,14356.48,1780067399999,126433.48012000,2511,9376.44000000,82599.12014000,0,AVAXUSDT
2026-05-29 15:10:00+00:00,8.829,8.849,8.824,8.838,9546.59,1780067699999,84367.74728000,1644,4174.12000000,36877.41202000,0,AVAXUSDT
2026-05-29 15:15:00+00:00,8.839,8.859,8.815,8.847,12419.13,1780067999999,109832.44138000,2166,7900.75000000,69875.07106000,0,AVAXUSDT
2026-05-29 15:20:00+00:00,8.847,8.863,8.838,8.861,4237.44,1780068299999,37496.68788000,998,2746.27000000,24301.29945000,0,AVAXUSDT
2026-05-29 15:25:00+00:00,8.861,8.94,8.833,8.929,70336.04,1780068599999,626134.86095000,4661,46746.88000000,416019.13978000,0,AVAXUSDT
2026-05-29 15:30:00+00:00,8.928,8.999,8.924,8.983,41590.27,1780068899999,372710.92595000,5079,27534.93000000,246753.67303000,0,AVAXUSDT
2026-05-29 15:35:00+00:00,8.984,9.003,8.978,8.991,15608.01,1780069199999,140343.71399000,3143,10579.84000000,95134.31740000,0,AVAXUSDT
2026-05-29 15:40:00+00:00,8.991,8.997,8.903,8.917,19261.55,1780069499999,172037.53953000,2832,13264.50000000,118419.38025000,0,AVAXUSDT
2026-05-29 15:45:00+00:00,8.917,8.926,8.901,8.921,9082.65,1780069799999,80967.63278000,2310,3738.37000000,33316.11615000,0,AVAXUSDT
2026-05-29 15:50:00+00:00,8.921,8.921,8.899,8.907,16953.67,1780070099999,151063.91642000,1770,5417.83000000,48271.61809000,0,AVAXUSDT
2026-05-29 15:55:00+00:00,8.907,8.928,8.901,8.925,5543.72,1780070399999,49441.97810000,1236,2757.32000000,24584.68882000,0,AVAXUSDT
2026-05-29 16:00:00+00:00,8.925,8.935,8.919,8.93,9602.86,1780070699999,85713.27635000,1207,3886.22000000,34692.67246000,0,AVAXUSDT
2026-05-29 16:05:00+00:00,8.931,8.942,8.922,8.94,8656.37,1780070999999,77309.53872000,935,2474.64000000,22104.20686000,0,AVAXUSDT
2026-05-29 16:10:00+00:00,8.939,8.97,8.938,8.956,7075.61,1780071299999,63374.59321000,1262,2834.65000000,25383.35357000,0,AVAXUSDT
2026-05-29 16:15:00+00:00,8.957,8.962,8.906,8.911,11093.85,1780071599999,98959.50376000,1533,4230.05000000,37721.81660000,0,AVAXUSDT
2026-05-29 16:20:00+00:00,8.91,8.912,8.87,8.874,8984.15,1780071899999,79848.53374000,1962,4304.77000000,38238.45789000,0,AVAXUSDT
2026-05-29 16:25:00+00:00,8.875,8.88,8.856,8.875,11837.03,1780072199999,104948.15722000,1299,3513.70000000,31159.23722000,0,AVAXUSDT
2026-05-29 16:30:00+00:00,8.875,8.956,8.875,8.952,28661.61,1780072499999,255794.47424000,3348,20128.93000000,179620.20732000,0,AVAXUSDT
2026-05-29 16:35:00+00:00,8.953,8.975,8.942,8.953,14655.26,1780072799999,131369.82424000,2092,8391.80000000,75234.93993000,0,AVAXUSDT
2026-05-29 16:40:00+00:00,8.954,8.966,8.95,8.958,5684.42,1780073099999,50913.47550000,1085,2776.67000000,24872.91099000,0,AVAXUSDT
2026-05-29 16:45:00+00:00,8.959,8.963,8.946,8.949,7321.71,1780073399999,65556.32211000,1244,2677.98000000,23984.93226000,0,AVAXUSDT
2026-05-29 16:50:00+00:00,8.949,8.953,8.928,8.951,7511.22,1780073699999,67152.99433000,1691,2706.39000000,24198.12987000,0,AVAXUSDT
2026-05-29 16:55:00+00:00,8.95,8.962,8.934,8.954,9091.3,1780073999999,81369.59431000,1034,6275.33000000,56165.21855000,0,AVAXUSDT
2026-05-29 17:00:00+00:00,8.954,8.961,8.923,8.923,4409.75,1780074299999,39438.84044000,1242,1490.46000000,13333.35892000,0,AVAXUSDT
2026-05-29 17:05:00+00:00,8.924,8.949,8.919,8.949,6687.78,1780074599999,59718.65650000,1136,4118.90000000,36787.24216000,0,AVAXUSDT
2026-05-29 17:10:00+00:00,8.95,8.974,8.95,8.969,13695.34,1780074899999,122758.68395000,1392,9810.92000000,87941.93326000,0,AVAXUSDT
2026-05-29 17:15:00+00:00,8.969,8.984,8.963,8.973,15493.28,1780075199999,139001.28153000,1732,10516.83000000,94355.14787000,0,AVAXUSDT
2026-05-29 17:20:00+00:00,8.972,8.979,8.96,8.971,13052.92,1780075499999,117093.55713000,2244,6717.99000000,60264.24049000,0,AVAXUSDT
2026-05-29 17:25:00+00:00,8.971,8.978,8.96,8.975,2841.03,1780075799999,25481.78072000,677,1377.83000000,12358.01590000,0,AVAXUSDT
2026-05-29 17:30:00+00:00,8.976,8.986,8.975,8.98,8265.18,1780076099999,74230.78572000,1058,3810.03000000,34215.44887000,0,AVAXUSDT
2026-05-29 17:35:00+00:00,8.979,8.988,8.973,8.98,4666.22,1780076399999,41903.89746000,740,1668.49000000,14983.78319000,0,AVAXUSDT
2026-05-29 17:40:00+00:00,8.98,8.982,8.962,8.963,1035.23,1780076699999,9289.33860000,537,726.15000000,6515.92842000,0,AVAXUSDT
2026-05-29 17:45:00+00:00,8.962,8.962,8.931,8.932,6471.89,1780076999999,57921.14777000,1123,1910.36000000,17097.14915000,0,AVAXUSDT
2026-05-29 17:50:00+00:00,8.932,8.941,8.92,8.927,6233.58,1780077299999,55670.58865000,1005,3337.30000000,29807.85459000,0,AVAXUSDT
2026-05-29 17:55:00+00:00,8.927,8.931,8.916,8.927,12257.61,1780077599999,109357.00178000,978,5608.61000000,50047.83400000,0,AVAXUSDT
2026-05-29 18:00:00+00:00,8.927,8.934,8.913,8.93,4259.61,1780077899999,38012.26557000,1031,2463.88000000,21985.61616000,0,AVAXUSDT
2026-05-29 18:05:00+00:00,8.93,8.946,8.923,8.935,1997.62,1780078199999,17848.11962000,690,1004.91000000,8976.98761000,0,AVAXUSDT
2026-05-29 18:10:00+00:00,8.936,8.952,8.934,8.945,1551.62,1780078499999,13877.92953000,461,516.21000000,4616.30618000,0,AVAXUSDT
2026-05-29 18:15:00+00:00,8.946,8.947,8.914,8.92,6917.4,1780078799999,61757.17959000,1145,3498.98000000,31234.43790000,0,AVAXUSDT
2026-05-29 18:20:00+00:00,8.919,8.929,8.913,8.913,5396.83,1780079099999,48134.47817000,1006,2883.52000000,25717.98208000,0,AVAXUSDT
2026-05-29 18:25:00+00:00,8.913,8.918,8.884,8.89,17423.24,1780079399999,155143.10971000,1480,6295.10000000,56053.57887000,0,AVAXUSDT
2026-05-29 18:30:00+00:00,8.89,8.898,8.885,8.898,2704.37,1780079699999,24048.25527000,701,2093.28000000,18615.83920000,0,AVAXUSDT
2026-05-29 18:35:00+00:00,8.898,8.91,8.888,8.907,2636.34,1780079999999,23456.39839000,749,959.97000000,8540.91064000,0,AVAXUSDT
2026-05-29 18:40:00+00:00,8.907,8.907,8.904,8.904,616.58,1780080299999,5490.35316000,210,235.42000000,2096.35792000,0,AVAXUSDT
2026-05-29 18:45:00+00:00,8.904,8.904,8.83,8.852,14585.56,1780080599999,129177.53071000,2995,4421.72000000,39135.01661000,0,AVAXUSDT
2026-05-29 18:50:00+00:00,8.853,8.865,8.8,8.834,18919.01,1780080899999,166912.61456000,3004,6893.82000000,60819.45198000,0,AVAXUSDT
2026-05-29 18:55:00+00:00,8.833,8.844,8.824,8.844,4161.67,1780081199999,36762.09462000,1027,1623.27000000,14343.14280000,0,AVAXUSDT
2026-05-29 19:00:00+00:00,8.844,8.849,8.831,8.847,3262.4,1780081499999,28846.30379000,884,2038.05000000,18020.11270000,0,AVAXUSDT
2026-05-29 19:05:00+00:00,8.846,8.855,8.844,8.844,1728.93,1780081799999,15306.74543000,432,695.81000000,6160.38756000,0,AVAXUSDT
2026-05-29 19:10:00+00:00,8.843,8.845,8.809,8.813,2840.89,1780082099999,25068.27903000,785,984.06000000,8680.13458000,0,AVAXUSDT
2026-05-29 19:15:00+00:00,8.812,8.813,8.774,8.78,9954.38,1780082399999,87550.35252000,1425,2987.90000000,26275.56279000,0,AVAXUSDT
2026-05-29 19:20:00+00:00,8.781,8.809,8.781,8.807,2907.99,1780082699999,25570.50876000,707,1657.11000000,14568.64216000,0,AVAXUSDT
2026-05-29 19:25:00+00:00,8.807,8.815,8.807,8.814,1413.38,1780082999999,12454.09705000,527,953.93000000,8405.49382000,0,AVAXUSDT
2026-05-29 19:30:00+00:00,8.814,8.839,8.814,8.836,1804.63,1780083299999,15935.13168000,857,863.92000000,7627.03027000,0,AVAXUSDT
2026-05-29 19:35:00+00:00,8.837,8.868,8.837,8.868,3456.12,1780083599999,30607.61289000,826,2313.03000000,20481.35088000,0,AVAXUSDT
2026-05-29 19:40:00+00:00,8.867,8.874,8.858,8.858,2052.64,1780083899999,18203.22086000,403,493.26000000,4375.45780000,0,AVAXUSDT
2026-05-29 19:45:00+00:00,8.859,8.86,8.849,8.853,1992.3,1780084199999,17640.84801000,423,1072.06000000,9492.60460000,0,AVAXUSDT
2026-05-29 19:50:00+00:00,8.853,8.853,8.836,8.843,1464.09,1780084499999,12950.40115000,538,1031.81000000,9126.75162000,0,AVAXUSDT
2026-05-29 19:55:00+00:00,8.844,8.847,8.835,8.837,646.77,1780084799999,5719.98680000,350,179.66000000,1589.01356000,0,AVAXUSDT
2026-05-29 20:00:00+00:00,8.837,8.85,8.83,8.839,7489.7,1780085099999,66229.87034000,607,5151.64000000,45565.63769000,0,AVAXUSDT
2026-05-29 20:05:00+00:00,8.84,8.859,8.84,8.856,2451.71,1780085399999,21697.74559000,593,1391.44000000,12313.27344000,0,AVAXUSDT
2026-05-29 20:10:00+00:00,8.857,8.861,8.851,8.854,762.99,1780085699999,6756.14901000,437,379.18000000,3357.10037000,0,AVAXUSDT
2026-05-29 20:15:00+00:00,8.853,8.853,8.835,8.836,2018.23,1780085999999,17844.38297000,743,465.34000000,4114.82242000,0,AVAXUSDT
2026-05-29 20:20:00+00:00,8.837,8.87,8.837,8.87,4229.12,1780086299999,37466.18505000,696,2236.19000000,19802.73030000,0,AVAXUSDT
2026-05-29 20:25:00+00:00,8.87,8.872,8.862,8.867,1399.09,1780086599999,12404.64131000,477,512.29000000,4542.19677000,0,AVAXUSDT
2026-05-29 20:30:00+00:00,8.868,8.879,8.868,8.874,1700.89,1780086899999,15094.80972000,368,389.94000000,3460.62298000,0,AVAXUSDT
2026-05-29 20:35:00+00:00,8.874,8.875,8.841,8.841,4333.62,1780087199999,38381.81709000,619,335.83000000,2976.51378000,0,AVAXUSDT
2026-05-29 20:40:00+00:00,8.841,8.842,8.833,8.837,7013.38,1780087499999,61981.99514000,446,4342.38000000,38376.49525000,0,AVAXUSDT
2026-05-29 20:45:00+00:00,8.837,8.846,8.833,8.834,2724.69,1780087799999,24075.97971000,425,1937.73000000,17120.50746000,0,AVAXUSDT
2026-05-29 20:50:00+00:00,8.834,8.837,8.809,8.811,2312.2,1780088099999,20401.93771000,555,659.33000000,5819.42872000,0,AVAXUSDT
2026-05-29 20:55:00+00:00,8.81,8.818,8.798,8.815,3971.28,1780088399999,34977.97824000,568,2660.68000000,23433.10692000,0,AVAXUSDT
2026-05-29 21:00:00+00:00,8.815,8.816,8.807,8.809,1645.07,1780088699999,14492.48104000,362,802.64000000,7071.69710000,0,AVAXUSDT
2026-05-29 21:05:00+00:00,8.809,8.83,8.809,8.825,2504.35,1780088999999,22087.09828000,594,2065.90000000,18217.34626000,0,AVAXUSDT
2026-05-29 21:10:00+00:00,8.825,8.854,8.824,8.852,2588.61,1780089299999,22883.14218000,504,2216.93000000,19596.66442000,0,AVAXUSDT
2026-05-29 21:15:00+00:00,8.851,8.851,8.846,8.847,2091.79,1780089599999,18513.47209000,167,1314.42000000,11633.26888000,0,AVAXUSDT
2026-05-29 21:20:00+00:00,8.847,8.847,8.814,8.834,11175.02,1780089899999,98702.67875000,850,2787.80000000,24610.77846000,0,AVAXUSDT
2026-05-29 21:25:00+00:00,8.834,8.834,8.82,8.82,720.83,1780090199999,6363.13718000,237,119.56000000,1055.62834000,0,AVAXUSDT
2026-05-29 21:30:00+00:00,8.82,8.825,8.812,8.82,2164.29,1780090499999,19091.87420000,342,782.55000000,6902.65493000,0,AVAXUSDT
2026-05-29 21:35:00+00:00,8.82,8.825,8.813,8.825,1294.19,1780090799999,11413.07396000,297,899.03000000,7928.20598000,0,AVAXUSDT
2026-05-29 21:40:00+00:00,8.825,8.846,8.825,8.843,4270.67,1780091099999,37748.89808000,559,3194.10000000,28230.70272000,0,AVAXUSDT
2026-05-29 21:45:00+00:00,8.844,8.844,8.825,8.825,1973.77,1780091399999,17440.10590000,234,691.48000000,6111.77994000,0,AVAXUSDT
2026-05-29 21:50:00+00:00,8.825,8.825,8.792,8.798,3588.8,1780091699999,31621.29513000,787,2079.41000000,18325.07278000,0,AVAXUSDT
2026-05-29 21:55:00+00:00,8.798,8.801,8.791,8.791,1255.91,1780091999999,11047.99974000,368,509.43000000,4481.21979000,0,AVAXUSDT
2026-05-29 22:00:00+00:00,8.791,8.809,8.791,8.8,3228.27,1780092299999,28410.88470000,583,1798.03000000,15820.90382000,0,AVAXUSDT
2026-05-29 22:05:00+00:00,8.799,8.8,8.791,8.792,637.01,1780092599999,5603.60684000,238,321.09000000,2824.28545000,0,AVAXUSDT
2026-05-29 22:10:00+00:00,8.792,8.805,8.787,8.801,3577.77,1780092899999,31470.75671000,409,791.06000000,6958.44064000,0,AVAXUSDT
2026-05-29 22:15:00+00:00,8.801,8.816,8.8,8.816,499.17,1780093199999,4397.03422000,274,473.37000000,4169.93460000,0,AVAXUSDT
2026-05-29 22:20:00+00:00,8.817,8.833,8.817,8.821,2669.97,1780093499999,23570.61004000,575,1419.46000000,12529.55406000,0,AVAXUSDT
2026-05-29 22:25:00+00:00,8.82,8.822,8.82,8.822,319.96,1780093799999,2822.60042000,71,297.44000000,2623.96650000,0,AVAXUSDT
2026-05-29 22:30:00+00:00,8.823,8.828,8.823,8.823,1954.39,1780094099999,17247.55390000,208,460.17000000,4060.77777000,0,AVAXUSDT
2026-05-29 22:35:00+00:00,8.822,8.822,8.812,8.817,1683.83,1780094399999,14847.37706000,350,933.94000000,8235.37660000,0,AVAXUSDT
2026-05-29 22:40:00+00:00,8.817,8.82,8.816,8.82,96.15,1780094699999,847.87165000,138,76.37000000,673.46337000,0,AVAXUSDT
2026-05-29 22:45:00+00:00,8.819,8.826,8.815,8.816,1749.27,1780094999999,15426.93597000,349,361.15000000,3185.01309000,0,AVAXUSDT
2026-05-29 22:50:00+00:00,8.816,8.816,8.803,8.807,870.34,1780095299999,7664.16926000,263,733.89000000,6462.27908000,0,AVAXUSDT
2026-05-29 22:55:00+00:00,8.807,8.821,8.807,8.815,1229.3,1780095599999,10835.96958000,330,648.37000000,5714.01254000,0,AVAXUSDT
2026-05-29 23:00:00+00:00,8.815,8.816,8.805,8.816,597.73,1780095899999,5266.41164000,279,330.43000000,2910.69251000,0,AVAXUSDT
2026-05-29 23:05:00+00:00,8.817,8.835,8.817,8.825,1859.15,1780096199999,16412.81875000,349,1314.78000000,11606.70241000,0,AVAXUSDT
2026-05-29 23:10:00+00:00,8.825,8.832,8.81,8.815,3635.35,1780096499999,32072.13812000,581,1902.96000000,16787.35373000,0,AVAXUSDT
2026-05-29 23:15:00+00:00,8.816,8.825,8.815,8.815,2295.61,1780096799999,20248.45928000,491,1101.76000000,9719.98047000,0,AVAXUSDT
2026-05-29 23:20:00+00:00,8.814,8.82,8.797,8.805,1141.57,1780097099999,10052.77648000,477,299.05000000,2633.47483000,0,AVAXUSDT
2026-05-29 23:25:00+00:00,8.805,8.808,8.803,8.806,2228.65,1780097399999,19621.64602000,322,547.00000000,4816.12280000,0,AVAXUSDT
2026-05-29 23:30:00+00:00,8.807,8.81,8.798,8.802,1858.12,1780097699999,16358.59300000,309,641.72000000,5648.39703000,0,AVAXUSDT
2026-05-29 23:35:00+00:00,8.802,8.807,8.789,8.807,13154.09,1780097999999,115666.77630000,486,954.90000000,8399.89678000,0,AVAXUSDT
2026-05-29 23:40:00+00:00,8.806,8.813,8.803,8.813,2766.63,1780098299999,24365.36548000,577,1244.96000000,10966.30421000,0,AVAXUSDT
2026-05-29 23:45:00+00:00,8.813,8.82,8.813,8.82,771.73,1780098599999,6802.84489000,207,240.24000000,2118.04316000,0,AVAXUSDT
2026-05-29 23:50:00+00:00,8.82,8.838,8.82,8.83,6743.24,1780098899999,59545.01537000,680,3921.20000000,34626.37978000,0,AVAXUSDT
2026-05-29 23:55:00+00:00,8.831,8.832,8.825,8.827,867.98,1780099199999,7661.57425000,173,181.94000000,1606.08357000,0,AVAXUSDT
2026-05-30 00:00:00+00:00,8.827,8.837,8.812,8.817,5067.95,1780099499999,44720.55209000,826,2443.85000000,21564.50579000,0,AVAXUSDT
2026-05-30 00:05:00+00:00,8.817,8.836,8.812,8.836,3977.74,1780099799999,35082.71486000,676,1677.46000000,14798.12945000,0,AVAXUSDT
2026-05-30 00:10:00+00:00,8.836,8.84,8.83,8.833,1555.43,1780100099999,13743.55639000,369,636.70000000,5626.14098000,0,AVAXUSDT
2026-05-30 00:15:00+00:00,8.834,8.848,8.834,8.839,2736.07,1780100399999,24198.57908000,673,1867.66000000,16518.55257000,0,AVAXUSDT
2026-05-30 00:20:00+00:00,8.839,8.848,8.839,8.844,1139.94,1780100699999,10081.25241000,345,872.19000000,7712.91272000,0,AVAXUSDT
2026-05-30 00:25:00+00:00,8.845,8.849,8.839,8.839,864.47,1780100999999,7646.89120000,260,416.66000000,3685.72461000,0,AVAXUSDT
2026-05-30 00:30:00+00:00,8.839,8.845,8.835,8.841,627.09,1780101299999,5542.59338000,294,475.22000000,4200.14460000,0,AVAXUSDT
2026-05-30 00:35:00+00:00,8.842,8.864,8.84,8.863,2011.17,1780101599999,17809.68689000,384,1903.24000000,16854.16883000,0,AVAXUSDT
2026-05-30 00:40:00+00:00,8.863,8.863,8.851,8.859,10593.79,1780101899999,93807.35543000,491,1528.96000000,13541.72113000,0,AVAXUSDT
2026-05-30 00:45:00+00:00,8.858,8.869,8.853,8.864,12515.6,1780102199999,110862.85566000,702,8524.34000000,75512.84318000,0,AVAXUSDT
2026-05-30 00:50:00+00:00,8.864,8.875,8.862,8.862,6448.76,1780102499999,57188.76114000,620,4132.57000000,36648.52337000,0,AVAXUSDT
2026-05-30 00:55:00+00:00,8.863,8.88,8.863,8.872,3680.34,1780102799999,32665.96116000,456,907.50000000,8051.76169000,0,AVAXUSDT
2026-05-30 01:00:00+00:00,8.873,8.88,8.866,8.876,1668.0,1780103099999,14801.44690000,467,1350.81000000,11987.14203000,0,AVAXUSDT
2026-05-30 01:05:00+00:00,8.876,8.895,8.874,8.895,3852.17,1780103399999,34223.28263000,472,3721.86000000,33066.59882000,0,AVAXUSDT
2026-05-30 01:10:00+00:00,8.895,8.901,8.893,8.898,3581.45,1780103699999,31860.68429000,603,2763.02000000,24580.38529000,0,AVAXUSDT
2026-05-30 01:15:00+00:00,8.897,8.909,8.891,8.909,3260.46,1780103999999,29022.58201000,546,2723.79000000,24248.15753000,0,AVAXUSDT
2026-05-30 01:20:00+00:00,8.909,8.913,8.901,8.911,9633.83,1780104299999,85799.80363000,837,5958.40000000,53066.90526000,0,AVAXUSDT
2026-05-30 01:25:00+00:00,8.912,8.92,8.911,8.918,3264.22,1780104599999,29101.86652000,352,2725.24000000,24296.00441000,0,AVAXUSDT
2026-05-30 01:30:00+00:00,8.917,8.97,8.908,8.934,49790.07,1780104899999,445275.06662000,2382,33322.25000000,298025.31049000,0,AVAXUSDT
2026-05-30 01:35:00+00:00,8.934,8.947,8.933,8.934,6846.97,1780105199999,61215.68029000,621,3862.99000000,34533.82617000,0,AVAXUSDT
2026-05-30 01:40:00+00:00,8.934,8.934,8.926,8.928,4334.29,1780105499999,38701.36726000,374,2390.49000000,21345.75233000,0,AVAXUSDT
2026-05-30 01:45:00+00:00,8.928,8.943,8.928,8.941,6983.91,1780105799999,62404.87447000,597,5050.38000000,45125.13372000,0,AVAXUSDT
2026-05-30 01:50:00+00:00,8.941,8.945,8.933,8.945,2866.08,1780106099999,25623.42943000,457,2480.90000000,22180.44216000,0,AVAXUSDT
2026-05-30 01:55:00+00:00,8.945,8.948,8.941,8.948,1612.05,1780106399999,14419.12634000,339,1110.46000000,9933.75746000,0,AVAXUSDT
2026-05-30 02:00:00+00:00,8.948,8.99,8.948,8.98,20612.05,1780106699999,184845.15701000,1999,15476.40000000,138757.46106000,0,AVAXUSDT
2026-05-30 02:05:00+00:00,8.98,8.983,8.975,8.978,2776.9,1780106999999,24934.98798000,381,853.31000000,7662.85970000,0,AVAXUSDT
2026-05-30 02:10:00+00:00,8.978,8.981,8.973,8.979,2288.44,1780107299999,20545.35885000,339,1661.85000000,14919.59588000,0,AVAXUSDT
2026-05-30 02:15:00+00:00,8.979,8.993,8.979,8.985,7375.35,1780107599999,66282.31472000,699,4966.53000000,44636.81614000,0,AVAXUSDT
2026-05-30 02:20:00+00:00,8.984,8.984,8.963,8.966,1479.8,1780107899999,13272.60451000,394,1000.98000000,8976.62175000,0,AVAXUSDT
2026-05-30 02:25:00+00:00,8.967,8.972,8.964,8.964,1573.33,1780108199999,14109.54467000,220,523.29000000,4692.82347000,0,AVAXUSDT
2026-05-30 02:30:00+00:00,8.965,8.991,8.965,8.99,8929.45,1780108499999,80195.06738000,754,8579.20000000,77050.08426000,0,AVAXUSDT
2026-05-30 02:35:00+00:00,8.99,8.998,8.99,8.99,16773.84,1780108799999,150871.46484000,634,6111.66000000,54969.93443000,0,AVAXUSDT
2026-05-30 02:40:00+00:00,8.991,9.002,8.99,8.992,2648.13,1780109099999,23825.73758000,472,2103.37000000,18925.82604000,0,AVAXUSDT
2026-05-30 02:45:00+00:00,8.993,8.996,8.986,8.986,2005.13,1780109399999,18030.67930000,296,1785.85000000,16059.13463000,0,AVAXUSDT
2026-05-30 02:50:00+00:00,8.986,9.0,8.986,9.0,5281.24,1780109699999,47501.44733000,569,3583.52000000,32231.95421000,0,AVAXUSDT
2026-05-30 02:55:00+00:00,9.0,9.019,8.997,9.016,5758.98,1780109999999,51866.67008000,662,4654.19000000,41919.35176000,0,AVAXUSDT
2026-05-30 03:00:00+00:00,9.016,9.049,9.014,9.035,17883.41,1780110299999,161450.14530000,2801,10813.77000000,97610.94469000,0,AVAXUSDT
2026-05-30 03:05:00+00:00,9.034,9.039,9.03,9.035,7449.16,1780110599999,67304.90822000,710,3414.01000000,30845.89369000,0,AVAXUSDT
2026-05-30 03:10:00+00:00,9.036,9.04,9.036,9.039,2673.66,1780110899999,24164.85852000,406,709.11000000,6408.46149000,0,AVAXUSDT
2026-05-30 03:15:00+00:00,9.038,9.038,9.019,9.019,2164.53,1780111199999,19546.16891000,521,801.50000000,7234.12458000,0,AVAXUSDT
2026-05-30 03:20:00+00:00,9.019,9.028,9.002,9.002,6029.18,1780111499999,54354.11671000,648,2365.94000000,21335.27334000,0,AVAXUSDT
2026-05-30 03:25:00+00:00,9.003,9.01,9.003,9.006,3055.02,1780111799999,27515.76379000,438,2537.56000000,22854.73383000,0,AVAXUSDT
2026-05-30 03:30:00+00:00,9.007,9.011,8.99,8.994,9270.65,1780112099999,83434.96055000,982,3455.40000000,31105.01687000,0,AVAXUSDT
2026-05-30 03:35:00+00:00,8.994,8.999,8.988,8.988,3228.99,1780112399999,29031.79370000,437,444.63000000,3998.64872000,0,AVAXUSDT
2026-05-30 03:40:00+00:00,8.988,8.988,8.964,8.964,3531.46,1780112699999,31717.69022000,674,418.64000000,3758.96283000,0,AVAXUSDT
2026-05-30 03:45:00+00:00,8.964,8.983,8.963,8.978,1985.32,1780112999999,17813.54743000,440,1082.42000000,9718.17356000,0,AVAXUSDT
2026-05-30 03:50:00+00:00,8.977,8.978,8.972,8.975,2203.16,1780113299999,19773.09918000,330,1049.99000000,9423.71163000,0,AVAXUSDT
2026-05-30 03:55:00+00:00,8.975,8.975,8.968,8.973,1346.14,1780113599999,12077.30719000,303,362.45000000,3252.16924000,0,AVAXUSDT
2026-05-30 04:00:00+00:00,8.973,8.996,8.971,8.971,5964.29,1780113899999,53595.49602000,1013,4866.15000000,43726.34808000,0,AVAXUSDT
2026-05-30 04:05:00+00:00,8.97,8.97,8.938,8.94,5302.6,1780114199999,47467.79378000,1179,1442.27000000,12911.39948000,0,AVAXUSDT
2026-05-30 04:10:00+00:00,8.94,8.968,8.94,8.968,4219.35,1780114499999,37778.57708000,635,3080.85000000,27581.52559000,0,AVAXUSDT
2026-05-30 04:15:00+00:00,8.968,8.969,8.941,8.943,3320.82,1780114799999,29721.53929000,749,1431.91000000,12810.82439000,0,AVAXUSDT
2026-05-30 04:20:00+00:00,8.943,8.947,8.914,8.92,20973.08,1780115099999,187224.38094000,1035,5978.33000000,53339.63864000,0,AVAXUSDT
2026-05-30 04:25:00+00:00,8.92,8.922,8.861,8.861,45261.42,1780115399999,402134.93874000,2312,12381.63000000,109842.34104000,0,AVAXUSDT
2026-05-30 04:30:00+00:00,8.86,8.862,8.823,8.83,27357.63,1780115699999,241794.03451000,3038,12022.24000000,106271.13232000,0,AVAXUSDT
2026-05-30 04:35:00+00:00,8.83,8.852,8.821,8.847,12423.68,1780115999999,109716.48699000,1710,4443.76000000,39265.02558000,0,AVAXUSDT
2026-05-30 04:40:00+00:00,8.847,8.869,8.847,8.869,1997.41,1780116299999,17688.62421000,656,907.24000000,8036.01736000,0,AVAXUSDT
2026-05-30 04:45:00+00:00,8.869,8.892,8.864,8.887,4171.13,1780116599999,37035.28030000,791,3353.12000000,29768.11337000,0,AVAXUSDT
2026-05-30 04:50:00+00:00,8.887,8.905,8.886,8.892,9214.63,1780116899999,81972.87486000,983,5701.43000000,50730.43096000,0,AVAXUSDT
2026-05-30 04:55:00+00:00,8.892,8.902,8.887,8.901,2043.07,1780117199999,18170.74113000,424,1563.99000000,13907.90482000,0,AVAXUSDT
2026-05-30 05:00:00+00:00,8.9,8.901,8.886,8.898,10111.14,1780117499999,89932.71779000,1003,7723.09000000,68689.46895000,0,AVAXUSDT
2026-05-30 05:05:00+00:00,8.899,8.949,8.899,8.924,15507.9,1780117799999,138429.37542000,1902,10099.20000000,90094.99964000,0,AVAXUSDT
2026-05-30 05:10:00+00:00,8.925,8.929,8.921,8.923,891.39,1780118099999,7955.19478000,318,516.77000000,4611.54191000,0,AVAXUSDT
2026-05-30 05:15:00+00:00,8.923,8.925,8.915,8.921,2371.97,1780118399999,21161.19397000,492,1207.00000000,10768.13001000,0,AVAXUSDT
2026-05-30 05:20:00+00:00,8.921,8.93,8.921,8.926,2182.43,1780118699999,19479.96358000,505,898.71000000,8021.78382000,0,AVAXUSDT
2026-05-30 05:25:00+00:00,8.926,8.929,8.918,8.918,471.8,1780118999999,4211.09000000,334,112.31000000,1002.48521000,0,AVAXUSDT
2026-05-30 05:30:00+00:00,8.917,8.923,8.917,8.919,361.92,1780119299999,3228.48627000,197,261.20000000,2330.01832000,0,AVAXUSDT
2026-05-30 05:35:00+00:00,8.919,8.932,8.919,8.93,2407.81,1780119599999,21497.07847000,386,1979.90000000,17675.83721000,0,AVAXUSDT
2026-05-30 05:40:00+00:00,8.929,8.931,8.926,8.931,316.72,1780119899999,2827.89522000,163,205.81000000,1837.73236000,0,AVAXUSDT
2026-05-30 05:45:00+00:00,8.932,8.948,8.932,8.942,3654.0,1780120199999,32669.49023000,527,3485.15000000,31159.75454000,0,AVAXUSDT
2026-05-30 05:50:00+00:00,8.942,8.949,8.936,8.937,1210.8,1780120499999,10827.31956000,347,465.81000000,4165.95685000,0,AVAXUSDT
2026-05-30 05:55:00+00:00,8.937,8.947,8.937,8.94,1009.28,1780120799999,9023.19034000,296,738.93000000,6605.46139000,0,AVAXUSDT
2026-05-30 06:00:00+00:00,8.94,8.945,8.931,8.931,5980.31,1780121099999,53479.75063000,495,2055.19000000,18378.99791000,0,AVAXUSDT
2026-05-30 06:05:00+00:00,8.93,8.93,8.922,8.922,1287.91,1780121399999,11494.61126000,378,504.06000000,4498.24408000,0,AVAXUSDT
2026-05-30 06:10:00+00:00,8.922,8.927,8.92,8.922,622.39,1780121699999,5553.38052000,292,230.11000000,2053.17977000,0,AVAXUSDT
2026-05-30 06:15:00+00:00,8.922,8.922,8.917,8.92,650.36,1780121999999,5801.13090000,316,159.55000000,1423.27114000,0,AVAXUSDT
2026-05-30 06:20:00+00:00,8.921,8.933,8.921,8.933,559.4,1780122299999,4994.53152000,255,406.78000000,3631.42187000,0,AVAXUSDT
2026-05-30 06:25:00+00:00,8.933,8.949,8.93,8.949,1937.0,1780122599999,17316.05541000,437,1683.81000000,15053.90192000,0,AVAXUSDT
2026-05-30 06:30:00+00:00,8.949,8.955,8.947,8.95,4800.19,1780122899999,42960.72643000,601,3499.52000000,31320.58208000,0,AVAXUSDT
2026-05-30 06:35:00+00:00,8.949,8.952,8.945,8.948,1541.1,1780123199999,13792.41230000,418,389.23000000,3483.41230000,0,AVAXUSDT
2026-05-30 06:40:00+00:00,8.947,8.947,8.942,8.944,953.63,1780123499999,8529.98872000,192,796.86000000,7127.68720000,0,AVAXUSDT
2026-05-30 06:45:00+00:00,8.944,8.944,8.925,8.925,1336.21,1780123799999,11934.87136000,368,53.52000000,478.12954000,0,AVAXUSDT
2026-05-30 06:50:00+00:00,8.926,8.926,8.916,8.921,1397.61,1780124099999,12469.78730000,287,1147.20000000,10235.72663000,0,AVAXUSDT
2026-05-30 06:55:00+00:00,8.921,8.923,8.913,8.92,950.97,1780124399999,8479.84984000,287,545.14000000,4861.17651000,0,AVAXUSDT
2026-05-30 07:00:00+00:00,8.92,8.921,8.904,8.905,1396.48,1780124699999,12446.62588000,234,186.24000000,1659.79006000,0,AVAXUSDT
2026-05-30 07:05:00+00:00,8.905,8.909,8.904,8.906,606.1,1780124999999,5398.64430000,126,177.22000000,1578.28771000,0,AVAXUSDT
2026-05-30 07:10:00+00:00,8.906,8.912,8.903,8.908,1018.91,1780125299999,9074.72039000,367,546.06000000,4863.56506000,0,AVAXUSDT
2026-05-30 07:15:00+00:00,8.908,8.912,8.905,8.91,414.64,1780125599999,3694.02871000,267,231.20000000,2060.14618000,0,AVAXUSDT
2026-05-30 07:20:00+00:00,8.911,8.923,8.909,8.923,600.56,1780125899999,5354.14580000,293,531.61000000,4739.66967000,0,AVAXUSDT
2026-05-30 07:25:00+00:00,8.922,8.928,8.921,8.927,1660.14,1780126199999,14816.35880000,383,860.59000000,7680.33441000,0,AVAXUSDT
2026-05-30 07:30:00+00:00,8.926,8.929,8.921,8.928,1330.75,1780126499999,11879.72422000,242,821.11000000,7331.04500000,0,AVAXUSDT
2026-05-30 07:35:00+00:00,8.927,8.927,8.905,8.907,2329.46,1780126799999,20758.75065000,515,942.47000000,8397.56891000,0,AVAXUSDT
2026-05-30 07:40:00+00:00,8.906,8.906,8.9,8.9,576.77,1780127099999,5135.57891000,162,53.42000000,475.67659000,0,AVAXUSDT
2026-05-30 07:45:00+00:00,8.9,8.905,8.897,8.904,1623.18,1780127399999,14446.28475000,345,577.38000000,5137.78661000,0,AVAXUSDT
2026-05-30 07:50:00+00:00,8.904,8.907,8.903,8.907,505.05,1780127699999,4496.77950000,115,254.53000000,2266.30587000,0,AVAXUSDT
2026-05-30 07:55:00+00:00,8.907,8.916,8.904,8.916,455.83,1780127999999,4060.93987000,197,179.19000000,1596.49888000,0,AVAXUSDT
2026-05-30 08:00:00+00:00,8.916,8.916,8.913,8.916,426.42,1780128299999,3801.62744000,135,68.68000000,612.32119000,0,AVAXUSDT
2026-05-30 08:05:00+00:00,8.917,8.924,8.915,8.922,345.38,1780128599999,3081.03756000,229,137.49000000,1226.61432000,0,AVAXUSDT
2026-05-30 08:10:00+00:00,8.922,8.924,8.916,8.924,668.74,1780128899999,5965.52861000,214,353.16000000,3150.75705000,0,AVAXUSDT
2026-05-30 08:15:00+00:00,8.924,8.924,8.909,8.909,1571.72,1780129199999,14016.26159000,373,877.52000000,7825.54197000,0,AVAXUSDT
2026-05-30 08:20:00+00:00,8.908,8.919,8.908,8.919,233.78,1780129499999,2083.74101000,111,214.00000000,1907.45027000,0,AVAXUSDT
2026-05-30 08:25:00+00:00,8.919,8.919,8.914,8.914,360.65,1780129799999,3216.10219000,117,103.77000000,925.49748000,0,AVAXUSDT
2026-05-30 08:30:00+00:00,8.914,8.917,8.912,8.912,340.19,1780130099999,3032.59937000,117,58.44000000,521.00959000,0,AVAXUSDT
2026-05-30 08:35:00+00:00,8.911,8.918,8.91,8.911,4501.47,1780130399999,40122.82350000,436,2821.23000000,25145.44596000,0,AVAXUSDT
2026-05-30 08:40:00+00:00,8.911,8.912,8.907,8.911,2274.58,1780130699999,20264.35558000,253,1582.96000000,14103.13154000,0,AVAXUSDT
2026-05-30 08:45:00+00:00,8.91,8.911,8.903,8.91,1879.11,1780130999999,16738.70417000,351,650.37000000,5792.52185000,0,AVAXUSDT
2026-05-30 08:50:00+00:00,8.909,8.909,8.907,8.908,327.93,1780131299999,2921.12925000,128,46.90000000,417.79103000,0,AVAXUSDT
2026-05-30 08:55:00+00:00,8.907,8.907,8.894,8.897,2040.67,1780131599999,18157.94955000,244,1149.82000000,10229.30264000,0,AVAXUSDT
2026-05-30 09:00:00+00:00,8.897,8.898,8.885,8.896,3560.12,1780131899999,31666.67058000,563,2138.94000000,19024.83492000,0,AVAXUSDT
2026-05-30 09:05:00+00:00,8.895,8.912,8.889,8.911,5858.5,1780132199999,52140.88848000,625,5213.24000000,46394.60562000,0,AVAXUSDT
2026-05-30 09:10:00+00:00,8.912,8.913,8.905,8.908,3108.32,1780132499999,27689.02136000,403,2667.13000000,23758.50721000,0,AVAXUSDT
2026-05-30 09:15:00+00:00,8.908,8.911,8.901,8.901,1011.26,1780132799999,9007.66487000,352,591.07000000,5264.89923000,0,AVAXUSDT
2026-05-30 09:20:00+00:00,8.901,8.91,8.901,8.91,2893.95,1780133099999,25780.05682000,618,2358.24000000,21008.21681000,0,AVAXUSDT
2026-05-30 09:25:00+00:00,8.91,8.919,8.909,8.919,623.86,1780133399999,5561.13813000,200,411.39000000,3667.93086000,0,AVAXUSDT
2026-05-30 09:30:00+00:00,8.919,8.925,8.916,8.918,1512.72,1780133699999,13492.21588000,345,1118.69000000,9978.25076000,0,AVAXUSDT
2026-05-30 09:35:00+00:00,8.918,8.921,8.913,8.914,526.23,1780133999999,4691.71416000,227,406.01000000,3619.66435000,0,AVAXUSDT
2026-05-30 09:40:00+00:00,8.914,8.918,8.912,8.918,843.24,1780134299999,7516.08399000,187,564.54000000,5032.05960000,0,AVAXUSDT
2026-05-30 09:45:00+00:00,8.918,8.931,8.918,8.928,19081.69,1780134599999,170363.02718000,728,7156.92000000,63891.55369000,0,AVAXUSDT
2026-05-30 09:50:00+00:00,8.929,8.942,8.928,8.937,4565.95,1780134899999,40795.38973000,376,4355.90000000,38918.55235000,0,AVAXUSDT
2026-05-30 09:55:00+00:00,8.937,8.937,8.925,8.93,4015.5,1780135199999,35852.17921000,323,2956.17000000,26392.30766000,0,AVAXUSDT
2026-05-30 10:00:00+00:00,8.93,8.931,8.922,8.925,1285.64,1780135499999,11476.39988000,160,516.07000000,4605.33342000,0,AVAXUSDT
2026-05-30 10:05:00+00:00,8.925,8.927,8.92,8.927,2756.63,1780135799999,24597.63241000,255,1630.59000000,14550.45849000,0,AVAXUSDT
2026-05-30 10:10:00+00:00,8.927,8.928,8.922,8.926,4051.33,1780136099999,36157.04480000,177,2350.48000000,20975.60275000,0,AVAXUSDT
2026-05-30 10:15:00+00:00,8.926,8.942,8.926,8.942,2428.56,1780136399999,21696.87636000,514,1983.34000000,17718.69380000,0,AVAXUSDT
2026-05-30 10:20:00+00:00,8.941,8.941,8.932,8.934,3144.2,1780136699999,28098.19552000,356,730.25000000,6523.47430000,0,AVAXUSDT
2026-05-30 10:25:00+00:00,8.934,8.934,8.926,8.929,1997.45,1780136999999,17834.95812000,243,746.43000000,6665.70405000,0,AVAXUSDT
2026-05-30 10:30:00+00:00,8.929,8.932,8.923,8.929,1877.29,1780137299999,16759.82345000,300,1418.13000000,12660.67235000,0,AVAXUSDT
2026-05-30 10:35:00+00:00,8.928,8.929,8.924,8.924,444.0,1780137599999,3963.69736000,119,66.83000000,596.60361000,0,AVAXUSDT
2026-05-30 10:40:00+00:00,8.923,8.931,8.923,8.928,1901.97,1780137899999,16976.92366000,179,1781.15000000,15898.16349000,0,AVAXUSDT
2026-05-30 10:45:00+00:00,8.928,8.931,8.927,8.93,1649.13,1780138199999,14724.98957000,154,1296.28000000,11574.22894000,0,AVAXUSDT
2026-05-30 10:50:00+00:00,8.931,8.934,8.928,8.929,700.18,1780138499999,6252.10905000,137,584.59000000,5219.91264000,0,AVAXUSDT
2026-05-30 10:55:00+00:00,8.929,8.929,8.916,8.917,3151.73,1780138799999,28133.85557000,253,456.54000000,4073.56680000,0,AVAXUSDT
2026-05-30 11:00:00+00:00,8.916,8.916,8.907,8.907,1237.09,1780139099999,11025.75241000,215,797.51000000,7108.61684000,0,AVAXUSDT
2026-05-30 11:05:00+00:00,8.908,8.915,8.898,8.902,5284.32,1780139399999,47041.37713000,462,462.33000000,4117.12334000,0,AVAXUSDT
2026-05-30 11:10:00+00:00,8.902,8.907,8.901,8.906,961.46,1780139699999,8560.53166000,181,665.01000000,5921.47570000,0,AVAXUSDT
2026-05-30 11:15:00+00:00,8.906,8.908,8.895,8.897,671.77,1780139999999,5979.88666000,412,224.47000000,1997.05123000,0,AVAXUSDT
2026-05-30 11:20:00+00:00,8.896,8.902,8.895,8.902,1129.34,1780140299999,10048.53711000,189,658.88000000,5863.25160000,0,AVAXUSDT
2026-05-30 11:25:00+00:00,8.902,8.913,8.902,8.908,1429.76,1780140599999,12737.69293000,223,396.15000000,3528.02268000,0,AVAXUSDT
2026-05-30 11:30:00+00:00,8.909,8.912,8.906,8.911,283.21,1780140899999,2523.39438000,132,100.76000000,897.71071000,0,AVAXUSDT
2026-05-30 11:35:00+00:00,8.912,8.935,8.912,8.927,7358.35,1780141199999,65690.55279000,708,5782.26000000,51631.87713000,0,AVAXUSDT
2026-05-30 11:40:00+00:00,8.928,8.929,8.926,8.927,729.76,1780141499999,6515.16477000,161,194.63000000,1737.68984000,0,AVAXUSDT
2026-05-30 11:45:00+00:00,8.926,8.928,8.92,8.924,2507.2,1780141799999,22374.66658000,257,1147.38000000,10240.74220000,0,AVAXUSDT
2026-05-30 11:50:00+00:00,8.925,8.926,8.919,8.926,1026.26,1780142099999,9156.03462000,233,852.88000000,7609.37339000,0,AVAXUSDT
2026-05-30 11:55:00+00:00,8.926,8.926,8.921,8.921,329.46,1780142399999,2939.58880000,77,2.02000000,18.02446000,0,AVAXUSDT
2026-05-30 12:00:00+00:00,8.921,8.923,8.915,8.919,1229.61,1780142699999,10966.16570000,211,337.45000000,3010.46754000,0,AVAXUSDT
2026-05-30 12:05:00+00:00,8.919,8.923,8.915,8.915,2269.67,1780142999999,20244.28364000,295,1450.36000000,12937.64470000,0,AVAXUSDT
2026-05-30 12:10:00+00:00,8.915,8.915,8.908,8.915,2694.08,1780143299999,24005.94537000,310,1136.23000000,10124.29702000,0,AVAXUSDT
2026-05-30 12:15:00+00:00,8.914,8.92,8.914,8.92,1438.52,1780143599999,12825.69747000,181,963.53000000,8591.18547000,0,AVAXUSDT
2026-05-30 12:20:00+00:00,8.919,8.926,8.919,8.924,1521.52,1780143899999,13576.37289000,204,939.27000000,8379.99093000,0,AVAXUSDT
2026-05-30 12:25:00+00:00,8.924,8.927,8.923,8.924,747.54,1780144199999,6671.70629000,154,494.09000000,4409.63544000,0,AVAXUSDT
2026-05-30 12:30:00+00:00,8.924,8.932,8.923,8.924,1304.29,1780144499999,11641.61059000,348,968.38000000,8643.39197000,0,AVAXUSDT
2026-05-30 12:35:00+00:00,8.923,8.923,8.914,8.916,1170.48,1780144799999,10435.95205000,199,764.61000000,6816.61302000,0,AVAXUSDT
2026-05-30 12:40:00+00:00,8.916,8.919,8.913,8.919,779.58,1780145099999,6950.04998000,141,477.20000000,4254.62129000,0,AVAXUSDT
2026-05-30 12:45:00+00:00,8.919,8.92,8.912,8.918,302.85,1780145399999,2700.30708000,271,142.73000000,1272.64698000,0,AVAXUSDT
2026-05-30 12:50:00+00:00,8.917,8.922,8.913,8.921,593.18,1780145699999,5290.09133000,150,460.78000000,4109.37096000,0,AVAXUSDT
2026-05-30 12:55:00+00:00,8.922,8.935,8.921,8.932,2217.83,1780145999999,19808.02831000,243,1223.82000000,10928.71814000,0,AVAXUSDT
2026-05-30 13:00:00+00:00,8.931,8.941,8.929,8.935,1514.8,1780146299999,13534.61441000,349,1082.41000000,9671.07144000,0,AVAXUSDT
2026-05-30 13:05:00+00:00,8.935,8.939,8.933,8.937,1383.64,1780146599999,12363.88610000,175,632.89000000,5656.02129000,0,AVAXUSDT
2026-05-30 13:10:00+00:00,8.937,8.939,8.936,8.936,674.41,1780146899999,6027.76734000,120,163.42000000,1460.75201000,0,AVAXUSDT
2026-05-30 13:15:00+00:00,8.935,8.936,8.931,8.935,1377.6,1780147199999,12307.86225000,336,1016.34000000,9080.68293000,0,AVAXUSDT
2026-05-30 13:20:00+00:00,8.935,8.95,8.934,8.943,6192.81,1780147499999,55387.92910000,504,5546.25000000,49604.23344000,0,AVAXUSDT
2026-05-30 13:25:00+00:00,8.943,8.943,8.937,8.937,904.99,1780147799999,8090.67352000,167,102.91000000,919.89344000,0,AVAXUSDT
2026-05-30 13:30:00+00:00,8.937,8.938,8.917,8.918,1819.71,1780148099999,16242.92848000,528,376.27000000,3359.91616000,0,AVAXUSDT
2026-05-30 13:35:00+00:00,8.918,8.919,8.912,8.915,14685.36,1780148399999,130950.53725000,553,4209.90000000,37533.16519000,0,AVAXUSDT
2026-05-30 13:40:00+00:00,8.915,8.932,8.915,8.932,706.39,1780148699999,6304.49138000,298,462.13000000,4124.12396000,0,AVAXUSDT
2026-05-30 13:45:00+00:00,8.931,8.938,8.931,8.932,698.51,1780148999999,6239.74660000,277,273.90000000,2446.92884000,0,AVAXUSDT
2026-05-30 13:50:00+00:00,8.932,8.944,8.931,8.944,360.48,1780149299999,3221.18796000,225,334.38000000,2987.98436000,0,AVAXUSDT
2026-05-30 13:55:00+00:00,8.945,8.96,8.942,8.952,4076.78,1780149599999,36494.91796000,534,3226.37000000,28884.25785000,0,AVAXUSDT
2026-05-30 14:00:00+00:00,8.953,8.963,8.949,8.956,6024.69,1780149899999,53947.74206000,806,5302.96000000,47484.48452000,0,AVAXUSDT
2026-05-30 14:05:00+00:00,8.955,8.955,8.947,8.952,3651.35,1780150199999,32678.46251000,355,2225.65000000,19918.69069000,0,AVAXUSDT
2026-05-30 14:10:00+00:00,8.951,8.963,8.947,8.947,3674.14,1780150499999,32903.90457000,525,2650.20000000,23732.72033000,0,AVAXUSDT
2026-05-30 14:15:00+00:00,8.947,8.969,8.938,8.967,3852.38,1780150799999,34484.90141000,823,1709.76000000,15313.70043000,0,AVAXUSDT
2026-05-30 14:20:00+00:00,8.968,8.97,8.959,8.965,1425.67,1780151099999,12783.17378000,495,1185.99000000,10634.49645000,0,AVAXUSDT
2026-05-30 14:25:00+00:00,8.964,8.979,8.962,8.973,5546.91,1780151399999,49768.92350000,725,1741.43000000,15623.88743000,0,AVAXUSDT
2026-05-30 14:30:00+00:00,8.974,8.981,8.964,8.977,2917.1,1780151699999,26172.54142000,868,1564.04000000,14029.29121000,0,AVAXUSDT
2026-05-30 14:35:00+00:00,8.977,8.98,8.97,8.976,1801.73,1780151999999,16170.13532000,573,508.17000000,4560.34640000,0,AVAXUSDT
2026-05-30 14:40:00+00:00,8.976,8.979,8.964,8.964,811.5,1780152299999,7281.94841000,323,444.92000000,3993.69354000,0,AVAXUSDT
2026-05-30 14:45:00+00:00,8.963,8.966,8.95,8.96,3626.8,1780152599999,32480.40024000,544,1264.54000000,11327.67756000,0,AVAXUSDT
2026-05-30 14:50:00+00:00,8.961,8.963,8.957,8.963,2007.11,1780152899999,17981.83554000,229,1174.73000000,10524.72003000,0,AVAXUSDT
2026-05-30 14:55:00+00:00,8.962,8.968,8.96,8.968,1711.1,1780153199999,15339.03601000,237,1221.95000000,10954.12493000,0,AVAXUSDT
2026-05-30 15:00:00+00:00,8.968,8.979,8.959,8.959,4401.46,1780153499999,39482.95238000,532,3417.77000000,30658.89584000,0,AVAXUSDT
2026-05-30 15:05:00+00:00,8.959,8.963,8.957,8.96,917.72,1780153799999,8221.90113000,360,634.80000000,5687.26922000,0,AVAXUSDT
2026-05-30 15:10:00+00:00,8.96,8.994,8.96,8.992,5899.63,1780154099999,52972.37585000,844,5178.60000000,46503.19853000,0,AVAXUSDT
2026-05-30 15:15:00+00:00,8.991,8.992,8.973,8.978,1764.91,1780154399999,15848.81631000,660,409.00000000,3672.86626000,0,AVAXUSDT
2026-05-30 15:20:00+00:00,8.978,8.978,8.953,8.969,2588.77,1780154699999,23197.50812000,763,1390.77000000,12462.54357000,0,AVAXUSDT
2026-05-30 15:25:00+00:00,8.969,8.979,8.969,8.976,1105.49,1780154999999,9919.95255000,364,408.35000000,3664.39042000,0,AVAXUSDT
2026-05-30 15:30:00+00:00,8.977,8.98,8.956,8.964,5525.17,1780155299999,49587.06836000,503,3093.54000000,27760.89611000,0,AVAXUSDT
2026-05-30 15:35:00+00:00,8.963,8.967,8.949,8.949,1333.19,1780155599999,11944.30102000,530,154.80000000,1387.24672000,0,AVAXUSDT
2026-05-30 15:40:00+00:00,8.949,8.956,8.948,8.951,617.45,1780155899999,5527.59762000,284,275.77000000,2468.82493000,0,AVAXUSDT
2026-05-30 15:45:00+00:00,8.952,8.968,8.952,8.968,1529.86,1780156199999,13713.24300000,411,723.32000000,6483.51845000,0,AVAXUSDT
2026-05-30 15:50:00+00:00,8.968,8.975,8.962,8.971,1755.07,1780156499999,15744.72027000,378,1312.84000000,11777.00787000,0,AVAXUSDT
2026-05-30 15:55:00+00:00,8.97,8.97,8.962,8.965,2095.38,1780156799999,18789.16163000,235,528.26000000,4735.95949000,0,AVAXUSDT
2026-05-30 16:00:00+00:00,8.964,8.967,8.952,8.964,3007.04,1780157099999,26947.21561000,613,334.80000000,2999.59774000,0,AVAXUSDT
2026-05-30 16:05:00+00:00,8.965,8.975,8.965,8.974,2568.94,1780157399999,23046.14788000,554,1872.30000000,16796.08017000,0,AVAXUSDT
2026-05-30 16:10:00+00:00,8.974,8.987,8.973,8.983,4040.85,1780157699999,36284.98346000,522,2813.63000000,25262.56931000,0,AVAXUSDT
2026-05-30 16:15:00+00:00,8.983,8.99,8.967,8.971,5146.79,1780157999999,46213.72715000,662,1859.89000000,16707.87418000,0,AVAXUSDT
2026-05-30 16:20:00+00:00,8.972,8.976,8.967,8.969,1135.61,1780158299999,10188.63725000,272,477.80000000,4286.60081000,0,AVAXUSDT
2026-05-30 16:25:00+00:00,8.968,8.978,8.967,8.976,1222.96,1780158599999,10971.34345000,205,574.54000000,5155.83902000,0,AVAXUSDT
2026-05-30 16:30:00+00:00,8.976,8.986,8.972,8.981,2703.32,1780158899999,24274.62818000,474,2459.86000000,22088.66272000,0,AVAXUSDT
2026-05-30 16:35:00+00:00,8.981,8.989,8.976,8.989,776.72,1780159199999,6976.77893000,326,281.88000000,2532.24967000,0,AVAXUSDT
2026-05-30 16:40:00+00:00,8.989,8.989,8.976,8.985,2821.58,1780159499999,25350.44878000,350,1369.95000000,12308.37197000,0,AVAXUSDT
2026-05-30 16:45:00+00:00,8.986,8.989,8.973,8.982,4277.11,1780159799999,38412.82916000,423,958.39000000,8605.02611000,0,AVAXUSDT
2026-05-30 16:50:00+00:00,8.983,8.986,8.979,8.984,981.17,1780160099999,8815.11718000,145,254.47000000,2286.39176000,0,AVAXUSDT
2026-05-30 16:55:00+00:00,8.983,8.986,8.983,8.985,1148.24,1780160399999,10315.92228000,83,1010.92000000,9082.22594000,0,AVAXUSDT
2026-05-30 17:00:00+00:00,8.984,8.993,8.981,8.991,2659.71,1780160699999,23905.96282000,342,2202.60000000,19797.76073000,0,AVAXUSDT
2026-05-30 17:05:00+00:00,8.991,8.993,8.973,8.974,1198.39,1780160999999,10767.61695000,415,194.42000000,1745.27627000,0,AVAXUSDT
2026-05-30 17:10:00+00:00,8.974,8.978,8.971,8.978,1239.92,1780161299999,11128.67212000,222,1069.17000000,9596.42982000,0,AVAXUSDT
2026-05-30 17:15:00+00:00,8.979,8.981,8.969,8.971,853.7,1780161599999,7661.06424000,289,454.79000000,4081.28785000,0,AVAXUSDT
2026-05-30 17:20:00+00:00,8.971,8.992,8.971,8.987,5400.99,1780161899999,48522.40058000,554,5171.58000000,46461.57896000,0,AVAXUSDT
2026-05-30 17:25:00+00:00,8.986,8.987,8.974,8.974,612.69,1780162199999,5501.89104000,283,308.29000000,2768.74514000,0,AVAXUSDT
2026-05-30 17:30:00+00:00,8.973,8.973,8.943,8.949,5601.3,1780162499999,50155.13259000,1087,2153.76000000,19275.61459000,0,AVAXUSDT
2026-05-30 17:35:00+00:00,8.949,8.957,8.942,8.957,2315.51,1780162799999,20715.29315000,270,417.32000000,3734.94906000,0,AVAXUSDT
2026-05-30 17:40:00+00:00,8.958,8.965,8.957,8.965,166.52,1780163099999,1492.42055000,178,103.68000000,929.23350000,0,AVAXUSDT
2026-05-30 17:45:00+00:00,8.966,8.98,8.966,8.979,1590.51,1780163399999,14274.58482000,352,1281.13000000,11497.51485000,0,AVAXUSDT
2026-05-30 17:50:00+00:00,8.979,8.984,8.979,8.981,798.15,1780163699999,7168.66312000,272,555.99000000,4993.59762000,0,AVAXUSDT
2026-05-30 17:55:00+00:00,8.981,8.99,8.981,8.99,743.29,1780163999999,6679.27513000,250,563.46000000,5062.98308000,0,AVAXUSDT
2026-05-30 18:00:00+00:00,8.989,8.989,8.985,8.987,417.97,1780164299999,3756.52919000,183,207.03000000,1860.74481000,0,AVAXUSDT
2026-05-30 18:05:00+00:00,8.987,8.988,8.983,8.984,570.71,1780164599999,5127.76435000,157,109.97000000,988.03472000,0,AVAXUSDT
2026-05-30 18:10:00+00:00,8.983,8.985,8.98,8.981,473.43,1780164899999,4253.00508000,87,292.15000000,2624.63036000,0,AVAXUSDT
2026-05-30 18:15:00+00:00,8.981,8.988,8.977,8.986,1737.63,1780165199999,15606.47564000,246,842.73000000,7570.83906000,0,AVAXUSDT
2026-05-30 18:20:00+00:00,8.987,8.995,8.982,8.982,2192.91,1780165499999,19710.20024000,435,1495.87000000,13445.70855000,0,AVAXUSDT
2026-05-30 18:25:00+00:00,8.981,8.982,8.97,8.971,3140.89,1780165799999,28183.41840000,348,122.85000000,1103.02192000,0,AVAXUSDT
2026-05-30 18:30:00+00:00,8.97,8.985,8.969,8.985,1900.06,1780166099999,17059.74871000,314,1352.60000000,12146.47026000,0,AVAXUSDT
2026-05-30 18:35:00+00:00,8.984,8.992,8.982,8.988,1311.24,1780166399999,11780.69858000,298,393.52000000,3536.74395000,0,AVAXUSDT
2026-05-30 18:40:00+00:00,8.988,8.995,8.986,8.995,1649.73,1780166699999,14828.82343000,237,1410.47000000,12678.20868000,0,AVAXUSDT
2026-05-30 18:45:00+00:00,8.995,9.009,8.995,8.995,4222.84,1780166999999,38012.48079000,631,3231.06000000,29085.05618000,0,AVAXUSDT
2026-05-30 18:50:00+00:00,8.994,8.995,8.986,8.994,1107.55,1780167299999,9958.61630000,332,736.47000000,6621.96110000,0,AVAXUSDT
2026-05-30 18:55:00+00:00,8.995,8.999,8.989,8.994,8489.65,1780167599999,76327.31748000,379,5896.29000000,53008.83782000,0,AVAXUSDT
2026-05-30 19:00:00+00:00,8.995,8.995,8.982,8.991,963.3,1780167899999,8658.84845000,337,400.27000000,3598.21567000,0,AVAXUSDT
2026-05-30 19:05:00+00:00,8.991,8.994,8.985,8.985,844.41,1780168199999,7590.12605000,251,260.00000000,2337.28418000,0,AVAXUSDT
2026-05-30 19:10:00+00:00,8.985,8.985,8.98,8.983,497.11,1780168499999,4464.88142000,143,135.06000000,1213.08615000,0,AVAXUSDT
2026-05-30 19:15:00+00:00,8.984,8.997,8.984,8.993,1179.26,1780168799999,10605.18323000,416,556.63000000,5005.31351000,0,AVAXUSDT
2026-05-30 19:20:00+00:00,8.993,8.997,8.986,8.986,992.88,1780169099999,8928.04063000,252,159.94000000,1437.43230000,0,AVAXUSDT
2026-05-30 19:25:00+00:00,8.985,8.986,8.975,8.975,2309.94,1780169399999,20741.37649000,257,407.02000000,3656.59829000,0,AVAXUSDT
2026-05-30 19:30:00+00:00,8.976,8.976,8.966,8.97,2719.13,1780169699999,24385.81063000,314,1441.85000000,12931.20539000,0,AVAXUSDT
2026-05-30 19:35:00+00:00,8.97,8.979,8.97,8.979,509.25,1780169999999,4570.59725000,242,362.86000000,3257.09439000,0,AVAXUSDT
2026-05-30 19:40:00+00:00,8.978,8.98,8.977,8.978,997.72,1780170299999,8957.63392000,157,787.69000000,7071.91834000,0,AVAXUSDT
2026-05-30 19:45:00+00:00,8.978,8.996,8.978,8.992,3845.55,1780170599999,34545.11292000,505,3160.75000000,28388.19522000,0,AVAXUSDT
2026-05-30 19:50:00+00:00,8.992,8.995,8.989,8.993,974.88,1780170899999,8766.25610000,268,519.42000000,4670.67882000,0,AVAXUSDT
2026-05-30 19:55:00+00:00,8.993,8.996,8.988,8.991,893.5,1780171199999,8034.96754000,264,302.28000000,2718.28290000,0,AVAXUSDT
2026-05-30 20:00:00+00:00,8.991,9.007,8.99,8.99,5144.26,1780171499999,46306.18715000,639,3810.65000000,34305.17971000,0,AVAXUSDT
2026-05-30 20:05:00+00:00,8.99,8.998,8.987,8.996,1324.58,1780171799999,11915.08868000,213,858.68000000,7723.84248000,0,AVAXUSDT
2026-05-30 20:10:00+00:00,8.996,8.999,8.993,8.993,859.4,1780172099999,7731.09227000,238,556.55000000,5006.82088000,0,AVAXUSDT
2026-05-30 20:15:00+00:00,8.992,8.996,8.991,8.991,208.89,1780172399999,1878.81181000,151,111.77000000,1005.40659000,0,AVAXUSDT
2026-05-30 20:20:00+00:00,8.99,8.992,8.984,8.986,1593.2,1780172699999,14315.67495000,181,61.01000000,548.33613000,0,AVAXUSDT
2026-05-30 20:25:00+00:00,8.987,8.989,8.986,8.987,234.63,1780172999999,2108.73407000,88,101.93000000,916.17466000,0,AVAXUSDT
2026-05-30 20:30:00+00:00,8.987,8.987,8.978,8.983,2042.64,1780173299999,18346.65651000,394,1667.00000000,14973.07131000,0,AVAXUSDT
2026-05-30 20:35:00+00:00,8.982,8.99,8.977,8.986,1387.12,1780173599999,12463.85591000,431,429.13000000,3856.20732000,0,AVAXUSDT
2026-05-30 20:40:00+00:00,8.987,8.988,8.985,8.987,217.23,1780173899999,1951.99080000,70,137.63000000,1236.73411000,0,AVAXUSDT
2026-05-30 20:45:00+00:00,8.986,8.994,8.986,8.993,3710.03,1780174199999,33348.99502000,250,1110.46000000,9981.95168000,0,AVAXUSDT
2026-05-30 20:50:00+00:00,8.992,9.002,8.989,8.996,2728.19,1780174499999,24537.45196000,441,1764.96000000,15874.50099000,0,AVAXUSDT
2026-05-30 20:55:00+00:00,8.997,8.999,8.995,8.999,579.98,1780174799999,5218.02685000,138,370.18000000,3330.68151000,0,AVAXUSDT
2026-05-30 21:00:00+00:00,8.999,9.007,8.999,9.003,3336.77,1780175099999,30046.62690000,437,2717.66000000,24472.39108000,0,AVAXUSDT
2026-05-30 21:05:00+00:00,9.003,9.009,8.999,9.009,2065.46,1780175399999,18593.75802000,219,1702.55000000,15327.08076000,0,AVAXUSDT
2026-05-30 21:10:00+00:00,9.009,9.016,9.004,9.007,4484.56,1780175699999,40400.76020000,405,2951.36000000,26587.11768000,0,AVAXUSDT
2026-05-30 21:15:00+00:00,9.007,9.007,9.001,9.001,862.93,1780175999999,7770.48021000,175,190.70000000,1717.29066000,0,AVAXUSDT
2026-05-30 21:20:00+00:00,9.002,9.008,9.001,9.003,3660.44,1780176299999,32959.58340000,313,1633.99000000,14713.48610000,0,AVAXUSDT
2026-05-30 21:25:00+00:00,9.003,9.013,9.003,9.01,1291.66,1780176599999,11633.81550000,242,1003.08000000,9034.53158000,0,AVAXUSDT
2026-05-30 21:30:00+00:00,9.009,9.009,9.0,9.0,1387.26,1780176899999,12492.20170000,152,588.19000000,5295.95305000,0,AVAXUSDT
2026-05-30 21:35:00+00:00,9.0,9.016,8.999,9.013,5207.91,1780177199999,46927.78202000,362,4562.70000000,41115.08856000,0,AVAXUSDT
2026-05-30 21:40:00+00:00,9.012,9.015,9.008,9.011,734.0,1780177499999,6614.58305000,195,314.23000000,2832.11663000,0,AVAXUSDT
2026-05-30 21:45:00+00:00,9.01,9.012,9.006,9.008,1904.46,1780177799999,17155.72111000,161,611.54000000,5509.50233000,0,AVAXUSDT
2026-05-30 21:50:00+00:00,9.008,9.011,9.006,9.009,1163.02,1780178099999,10476.49656000,195,502.20000000,4523.50545000,0,AVAXUSDT
2026-05-30 21:55:00+00:00,9.01,9.013,8.998,8.999,4147.97,1780178399999,37363.89748000,376,1589.78000000,14323.23195000,0,AVAXUSDT
2026-05-30 22:00:00+00:00,8.999,8.999,8.959,8.959,4256.53,1780178699999,38200.16440000,1176,1739.67000000,15612.84813000,0,AVAXUSDT
2026-05-30 22:05:00+00:00,8.959,8.959,8.937,8.957,9542.4,1780178999999,85382.33985000,927,3210.71000000,28737.45336000,0,AVAXUSDT
2026-05-30 22:10:00+00:00,8.956,8.966,8.956,8.962,792.45,1780179299999,7100.44966000,371,418.71000000,3751.88802000,0,AVAXUSDT
2026-05-30 22:15:00+00:00,8.963,8.968,8.96,8.96,3490.79,1780179599999,31293.69426000,384,1700.94000000,15249.01405000,0,AVAXUSDT
2026-05-30 22:20:00+00:00,8.96,8.96,8.938,8.942,1932.71,1780179899999,17281.82526000,341,515.98000000,4613.55975000,0,AVAXUSDT
2026-05-30 22:25:00+00:00,8.943,8.953,8.941,8.953,835.46,1780180199999,7474.49131000,206,688.29000000,6158.28867000,0,AVAXUSDT
2026-05-30 22:30:00+00:00,8.952,8.952,8.946,8.946,913.59,1780180499999,8175.55122000,198,490.79000000,4392.02647000,0,AVAXUSDT
2026-05-30 22:35:00+00:00,8.946,8.949,8.922,8.922,4235.86,1780180799999,37837.47108000,561,1572.24000000,14040.09154000,0,AVAXUSDT
2026-05-30 22:40:00+00:00,8.922,8.931,8.919,8.922,1601.25,1780181099999,14291.08920000,413,845.07000000,7541.39336000,0,AVAXUSDT
2026-05-30 22:45:00+00:00,8.921,8.934,8.921,8.932,706.62,1780181399999,6311.00386000,282,549.15000000,4904.68887000,0,AVAXUSDT
2026-05-30 22:50:00+00:00,8.932,8.933,8.926,8.933,652.11,1780181699999,5822.41829000,228,494.90000000,4418.74180000,0,AVAXUSDT
2026-05-30 22:55:00+00:00,8.933,8.942,8.933,8.94,1645.71,1780181999999,14707.87763000,285,271.95000000,2430.69127000,0,AVAXUSDT
2026-05-30 23:00:00+00:00,8.94,8.957,8.936,8.957,1469.02,1780182299999,13141.45442000,470,707.97000000,6335.41431000,0,AVAXUSDT
2026-05-30 23:05:00+00:00,8.956,8.957,8.944,8.945,1008.12,1780182599999,9026.78721000,258,531.91000000,4763.94014000,0,AVAXUSDT
2026-05-30 23:10:00+00:00,8.944,8.945,8.926,8.928,739.54,1780182899999,6606.63062000,291,58.41000000,521.95719000,0,AVAXUSDT
2026-05-30 23:15:00+00:00,8.927,8.936,8.919,8.933,6163.98,1780183199999,55003.01082000,500,1539.87000000,13748.77472000,0,AVAXUSDT
2026-05-30 23:20:00+00:00,8.932,8.932,8.924,8.932,1485.12,1780183499999,13259.20284000,300,846.81000000,7560.91536000,0,AVAXUSDT
2026-05-30 23:25:00+00:00,8.932,8.938,8.931,8.932,1623.48,1780183799999,14505.73702000,219,337.25000000,3013.66159000,0,AVAXUSDT
2026-05-30 23:30:00+00:00,8.932,8.932,8.923,8.925,493.63,1780184099999,4407.04117000,231,285.01000000,2544.52158000,0,AVAXUSDT
2026-05-30 23:35:00+00:00,8.924,8.925,8.92,8.921,611.2,1780184399999,5453.58776000,172,421.67000000,3762.45167000,0,AVAXUSDT
2026-05-30 23:40:00+00:00,8.921,8.923,8.916,8.916,1380.27,1780184699999,12309.91544000,155,713.78000000,6364.57467000,0,AVAXUSDT
2026-05-30 23:45:00+00:00,8.917,8.927,8.917,8.927,257.9,1780184999999,2301.10006000,205,175.48000000,1565.91129000,0,AVAXUSDT
2026-05-30 23:50:00+00:00,8.928,8.94,8.928,8.939,4665.17,1780185299999,41698.83316000,361,4204.28000000,37579.86793000,0,AVAXUSDT
2026-05-30 23:55:00+00:00,8.939,8.946,8.935,8.946,1244.16,1780185599999,11125.78265000,207,1150.68000000,10290.30672000,0,AVAXUSDT
2026-05-31 00:00:00+00:00,8.947,8.968,8.935,8.937,7921.1,1780185899999,70914.80337000,1020,4681.46000000,41909.35709000,0,AVAXUSDT
2026-05-31 00:05:00+00:00,8.937,8.953,8.933,8.953,5215.45,1780186199999,46616.69945000,503,781.32000000,6989.21612000,0,AVAXUSDT
2026-05-31 00:10:00+00:00,8.954,8.967,8.953,8.955,831.37,1780186499999,7448.14587000,403,444.70000000,3983.91102000,0,AVAXUSDT
2026-05-31 00:15:00+00:00,8.956,8.966,8.956,8.966,717.23,1780186799999,6426.39191000,211,256.28000000,2296.19305000,0,AVAXUSDT
2026-05-31 00:20:00+00:00,8.966,8.978,8.966,8.978,2659.51,1780187099999,23861.27016000,402,1852.44000000,16620.62598000,0,AVAXUSDT
2026-05-31 00:25:00+00:00,8.978,8.983,8.968,8.971,1161.83,1780187399999,10430.79707000,266,819.64000000,7359.41519000,0,AVAXUSDT
2026-05-31 00:30:00+00:00,8.97,8.974,8.963,8.974,1264.67,1780187699999,11340.60034000,317,628.23000000,5632.59492000,0,AVAXUSDT
2026-05-31 00:35:00+00:00,8.973,8.977,8.959,8.959,5693.65,1780187999999,51088.45790000,480,2082.05000000,18681.46725000,0,AVAXUSDT
2026-05-31 00:40:00+00:00,8.959,8.964,8.957,8.964,2470.05,1780188299999,22128.73127000,202,1855.57000000,16623.41336000,0,AVAXUSDT
2026-05-31 00:45:00+00:00,8.964,8.968,8.952,8.962,977.47,1780188599999,8758.61943000,383,565.81000000,5070.71680000,0,AVAXUSDT
2026-05-31 00:50:00+00:00,8.963,8.976,8.962,8.974,1302.71,1780188899999,11683.37776000,329,932.62000000,8365.17823000,0,AVAXUSDT
2026-05-31 00:55:00+00:00,8.974,8.977,8.969,8.975,910.67,1780189199999,8172.68625000,239,617.63000000,5543.48192000,0,AVAXUSDT
2026-05-31 01:00:00+00:00,8.974,8.981,8.971,8.979,4835.93,1780189499999,43417.71724000,440,4382.23000000,39344.28833000,0,AVAXUSDT
2026-05-31 01:05:00+00:00,8.979,8.981,8.974,8.977,909.2,1780189799999,8161.52293000,245,431.16000000,3870.72591000,0,AVAXUSDT
2026-05-31 01:10:00+00:00,8.977,8.979,8.972,8.974,1341.03,1780190099999,12035.87387000,231,1212.14000000,10878.99769000,0,AVAXUSDT
2026-05-31 01:15:00+00:00,8.975,8.992,8.975,8.985,2994.26,1780190399999,26905.91802000,508,2682.78000000,24107.29132000,0,AVAXUSDT
2026-05-31 01:20:00+00:00,8.985,9.001,8.981,9.0,4555.59,1780190699999,40965.46963000,469,3920.12000000,35254.31235000,0,AVAXUSDT
2026-05-31 01:25:00+00:00,8.999,8.999,8.979,8.984,4959.8,1780190999999,44588.75662000,462,2562.62000000,23038.64747000,0,AVAXUSDT
2026-05-31 01:30:00+00:00,8.984,9.004,8.984,9.001,3428.05,1780191299999,30844.94446000,401,3125.30000000,28120.01496000,0,AVAXUSDT
2026-05-31 01:35:00+00:00,9.001,9.003,8.996,8.996,761.54,1780191599999,6853.78138000,203,445.51000000,4009.70192000,0,AVAXUSDT
2026-05-31 01:40:00+00:00,8.995,8.995,8.972,8.977,1835.83,1780191899999,16491.89512000,336,810.13000000,7273.81878000,0,AVAXUSDT
2026-05-31 01:45:00+00:00,8.977,8.995,8.976,8.992,1470.39,1780192199999,13219.36085000,331,585.98000000,5266.43152000,0,AVAXUSDT
2026-05-31 01:50:00+00:00,8.993,8.996,8.988,8.988,348.72,1780192499999,3135.60760000,167,58.97000000,530.25724000,0,AVAXUSDT
2026-05-31 01:55:00+00:00,8.988,8.988,8.982,8.987,491.91,1780192799999,4420.14711000,210,312.56000000,2808.66013000,0,AVAXUSDT
2026-05-31 02:00:00+00:00,8.987,9.002,8.986,9.002,3830.3,1780193099999,34453.91157000,321,3765.05000000,33867.08695000,0,AVAXUSDT
2026-05-31 02:05:00+00:00,9.002,9.015,9.002,9.01,2537.94,1780193399999,22862.57521000,372,2272.95000000,20475.02353000,0,AVAXUSDT
2026-05-31 02:10:00+00:00,9.01,9.024,9.01,9.022,4064.23,1780193699999,36650.97696000,354,3814.11000000,34396.10441000,0,AVAXUSDT
2026-05-31 02:15:00+00:00,9.022,9.04,9.022,9.028,8338.73,1780193999999,75318.50333000,1103,5274.71000000,47642.87261000,0,AVAXUSDT
2026-05-31 02:20:00+00:00,9.027,9.027,9.019,9.023,1819.35,1780194299999,16412.76210000,343,371.24000000,3349.41072000,0,AVAXUSDT
2026-05-31 02:25:00+00:00,9.023,9.023,8.989,8.989,2610.42,1780194599999,23517.12875000,671,521.97000000,4704.98913000,0,AVAXUSDT
2026-05-31 02:30:00+00:00,8.988,9.005,8.975,8.975,5899.44,1780194899999,53063.69238000,789,3063.70000000,27565.99608000,0,AVAXUSDT
2026-05-31 02:35:00+00:00,8.975,8.987,8.975,8.985,1669.92,1780195199999,14998.26139000,477,812.12000000,7294.02857000,0,AVAXUSDT
2026-05-31 02:40:00+00:00,8.984,8.987,8.981,8.987,310.74,1780195499999,2791.65095000,216,162.82000000,1462.81503000,0,AVAXUSDT
2026-05-31 02:45:00+00:00,8.988,8.991,8.985,8.987,868.75,1780195799999,7808.08448000,251,667.47000000,5999.06009000,0,AVAXUSDT
2026-05-31 02:50:00+00:00,8.987,9.002,8.986,8.998,1899.45,1780196099999,17084.31835000,445,1211.61000000,10900.15019000,0,AVAXUSDT
2026-05-31 02:55:00+00:00,8.997,9.02,8.995,9.016,2950.05,1780196399999,26583.13863000,510,1972.97000000,17779.67798000,0,AVAXUSDT
2026-05-31 03:00:00+00:00,9.016,9.024,9.011,9.011,4933.91,1780196699999,44489.13356000,431,732.60000000,6608.19250000,0,AVAXUSDT
2026-05-31 03:05:00+00:00,9.011,9.014,9.008,9.009,370.19,1780196999999,3335.44383000,245,207.27000000,1867.47762000,0,AVAXUSDT
2026-05-31 03:10:00+00:00,9.009,9.011,9.006,9.011,658.42,1780197299999,5932.41142000,233,536.60000000,4835.00503000,0,AVAXUSDT
2026-05-31 03:15:00+00:00,9.011,9.012,9.003,9.011,926.65,1780197599999,8346.10594000,285,639.02000000,5755.40752000,0,AVAXUSDT
2026-05-31 03:20:00+00:00,9.011,9.021,9.006,9.02,2426.27,1780197899999,21866.61332000,335,966.48000000,8712.67660000,0,AVAXUSDT
2026-05-31 03:25:00+00:00,9.019,9.025,9.011,9.015,3870.98,1780198199999,34914.95566000,368,2395.85000000,21608.26979000,0,AVAXUSDT
2026-05-31 03:30:00+00:00,9.015,9.024,9.01,9.024,1076.88,1780198499999,9711.48170000,243,772.46000000,6967.60553000,0,AVAXUSDT
2026-05-31 03:35:00+00:00,9.024,9.025,9.008,9.008,947.53,1780198799999,8545.69732000,297,110.85000000,1000.31923000,0,AVAXUSDT
2026-05-31 03:40:00+00:00,9.007,9.01,9.002,9.01,577.38,1780199099999,5199.81406000,198,286.27000000,2577.93765000,0,AVAXUSDT
2026-05-31 03:45:00+00:00,9.01,9.021,9.008,9.021,1280.5,1780199399999,11541.58766000,219,460.89000000,4155.54037000,0,AVAXUSDT
2026-05-31 03:50:00+00:00,9.021,9.021,9.015,9.016,257.2,1780199699999,2319.03844000,116,135.58000000,1222.28098000,0,AVAXUSDT
2026-05-31 03:55:00+00:00,9.016,9.017,9.01,9.011,1314.42,1780199999999,11848.05179000,185,966.33000000,8710.90840000,0,AVAXUSDT
2026-05-31 04:00:00+00:00,9.012,9.018,9.011,9.016,1391.22,1780200299999,12542.65503000,189,327.40000000,2951.38662000,0,AVAXUSDT
2026-05-31 04:05:00+00:00,9.017,9.017,9.001,9.001,1875.23,1780200599999,16885.47258000,251,466.96000000,4203.53241000,0,AVAXUSDT
2026-05-31 04:10:00+00:00,9.001,9.004,8.997,9.002,1034.99,1780200899999,9316.03642000,217,632.29000000,5691.51466000,0,AVAXUSDT
2026-05-31 04:15:00+00:00,9.002,9.012,9.002,9.012,546.8,1780201199999,4926.31582000,194,147.25000000,1326.32627000,0,AVAXUSDT
2026-05-31 04:20:00+00:00,9.013,9.023,9.012,9.018,3275.19,1780201499999,29537.24837000,315,1251.89000000,11288.60154000,0,AVAXUSDT
2026-05-31 04:25:00+00:00,9.018,9.02,9.016,9.017,410.89,1780201799999,3705.46142000,163,201.80000000,1819.83499000,0,AVAXUSDT
2026-05-31 04:30:00+00:00,9.017,9.018,9.01,9.016,1398.51,1780202099999,12606.07547000,349,511.02000000,4606.67794000,0,AVAXUSDT
2026-05-31 04:35:00+00:00,9.016,9.041,9.016,9.028,9082.12,1780202399999,82045.80569000,584,5924.27000000,53501.77908000,0,AVAXUSDT
2026-05-31 04:40:00+00:00,9.028,9.028,9.017,9.019,5267.18,1780202699999,47528.06438000,409,1920.29000000,17325.38495000,0,AVAXUSDT
2026-05-31 04:45:00+00:00,9.02,9.025,9.014,9.025,1624.78,1780202999999,14655.52952000,239,1299.35000000,11721.30574000,0,AVAXUSDT
2026-05-31 04:50:00+00:00,9.025,9.036,9.025,9.033,2694.18,1780203299999,24331.41232000,329,2609.71000000,23568.62848000,0,AVAXUSDT
2026-05-31 04:55:00+00:00,9.034,9.038,9.033,9.035,1795.79,1780203599999,16225.79898000,160,1515.76000000,13695.85715000,0,AVAXUSDT
2026-05-31 05:00:00+00:00,9.034,9.036,9.026,9.031,1358.08,1780203899999,12267.20808000,306,596.81000000,5391.02665000,0,AVAXUSDT
2026-05-31 05:05:00+00:00,9.03,9.032,9.028,9.028,378.33,1780204199999,3416.21259000,108,116.26000000,1049.82530000,0,AVAXUSDT
2026-05-31 05:10:00+00:00,9.027,9.031,9.022,9.022,1181.79,1780204499999,10668.68947000,162,475.82000000,4296.58233000,0,AVAXUSDT
2026-05-31 05:15:00+00:00,9.022,9.032,9.022,9.03,979.38,1780204799999,8841.67407000,212,741.22000000,6691.92510000,0,AVAXUSDT
2026-05-31 05:20:00+00:00,9.03,9.032,9.025,9.025,710.03,1780205099999,6411.10553000,137,391.01000000,3530.91187000,0,AVAXUSDT
2026-05-31 05:25:00+00:00,9.025,9.039,9.024,9.037,2916.66,1780205399999,26350.09575000,240,2637.18000000,23826.30032000,0,AVAXUSDT
2026-05-31 05:30:00+00:00,9.036,9.045,9.036,9.038,5054.56,1780205699999,45700.16131000,305,4034.46000000,36478.17471000,0,AVAXUSDT
2026-05-31 05:35:00+00:00,9.038,9.084,9.038,9.057,26432.82,1780205999999,239572.96765000,1681,16668.49000000,151058.75232000,0,AVAXUSDT
2026-05-31 05:40:00+00:00,9.057,9.064,9.049,9.053,2904.56,1780206299999,26308.07879000,309,976.80000000,8846.51362000,0,AVAXUSDT
2026-05-31 05:45:00+00:00,9.054,9.059,9.037,9.041,18116.54,1780206599999,163851.06747000,892,4275.34000000,38672.19740000,0,AVAXUSDT
2026-05-31 05:50:00+00:00,9.041,9.051,9.034,9.044,3953.57,1780206899999,35747.31306000,546,2768.85000000,25034.83413000,0,AVAXUSDT
2026-05-31 05:55:00+00:00,9.044,9.049,9.041,9.045,7534.94,1780207199999,68155.93893000,366,3005.48000000,27188.17809000,0,AVAXUSDT
2026-05-31 06:00:00+00:00,9.045,9.056,9.032,9.038,13418.41,1780207499999,121405.68597000,963,9691.23000000,87692.34194000,0,AVAXUSDT
2026-05-31 06:05:00+00:00,9.038,9.046,9.033,9.041,1917.98,1780207799999,17339.51561000,337,1121.93000000,10144.62209000,0,AVAXUSDT
2026-05-31 06:10:00+00:00,9.042,9.048,9.042,9.044,3444.42,1780208099999,31154.19107000,290,2826.70000000,25566.00277000,0,AVAXUSDT
2026-05-31 06:15:00+00:00,9.044,9.051,9.042,9.047,2543.35,1780208399999,23005.70575000,205,2273.31000000,20562.85065000,0,AVAXUSDT
2026-05-31 06:20:00+00:00,9.047,9.051,9.047,9.047,3142.03,1780208699999,28430.92444000,130,1013.95000000,9174.30488000,0,AVAXUSDT
2026-05-31 06:25:00+00:00,9.046,9.046,9.036,9.043,4570.57,1780208999999,41330.52001000,329,2539.90000000,22970.65765000,0,AVAXUSDT
2026-05-31 06:30:00+00:00,9.042,9.046,9.04,9.042,940.1,1780209299999,8500.94370000,226,327.97000000,2965.38438000,0,AVAXUSDT
2026-05-31 06:35:00+00:00,9.042,9.043,9.041,9.042,1773.78,1780209599999,16038.43160000,100,1548.31000000,13999.83081000,0,AVAXUSDT
2026-05-31 06:40:00+00:00,9.043,9.043,9.035,9.035,2675.0,1780209899999,24178.53226000,135,529.48000000,4785.56136000,0,AVAXUSDT
2026-05-31 06:45:00+00:00,9.034,9.047,9.034,9.047,1336.03,1780210199999,12075.15529000,217,1178.34000000,10650.34698000,0,AVAXUSDT
2026-05-31 06:50:00+00:00,9.046,9.046,9.036,9.039,1612.48,1780210499999,14573.84399000,166,994.87000000,8990.80070000,0,AVAXUSDT
2026-05-31 06:55:00+00:00,9.039,9.039,9.027,9.027,421.19,1780210799999,3805.45112000,164,35.44000000,320.17847000,0,AVAXUSDT
2026-05-31 07:00:00+00:00,9.027,9.027,9.007,9.009,2542.18,1780211099999,22911.99611000,505,875.78000000,7892.71797000,0,AVAXUSDT
2026-05-31 07:05:00+00:00,9.01,9.021,9.009,9.02,3648.42,1780211399999,32890.58908000,400,677.82000000,6111.06603000,0,AVAXUSDT
2026-05-31 07:10:00+00:00,9.021,9.023,9.007,9.009,2418.31,1780211699999,21796.19365000,526,898.68000000,8099.71883000,0,AVAXUSDT
2026-05-31 07:15:00+00:00,9.009,9.021,9.009,9.017,1565.84,1780211999999,14118.18601000,252,874.37000000,7884.77208000,0,AVAXUSDT
2026-05-31 07:20:00+00:00,9.018,9.02,8.986,8.989,6793.64,1780212299999,61134.05673000,638,504.08000000,4536.02808000,0,AVAXUSDT
2026-05-31 07:25:00+00:00,8.989,8.994,8.981,8.991,1680.27,1780212599999,15102.33120000,383,763.71000000,6865.30612000,0,AVAXUSDT
2026-05-31 07:30:00+00:00,8.991,8.993,8.973,8.98,5055.66,1780212899999,45425.76964000,810,2670.85000000,24002.12190000,0,AVAXUSDT
2026-05-31 07:35:00+00:00,8.979,8.994,8.975,8.986,804.41,1780213199999,7227.49939000,502,501.11000000,4501.79478000,0,AVAXUSDT
2026-05-31 07:40:00+00:00,8.986,8.996,8.986,8.987,502.91,1780213499999,4521.21221000,240,228.32000000,2053.12998000,0,AVAXUSDT
2026-05-31 07:45:00+00:00,8.986,8.994,8.983,8.989,1512.64,1780213799999,13600.54158000,363,493.81000000,4440.22419000,0,AVAXUSDT
2026-05-31 07:50:00+00:00,8.989,8.995,8.984,8.991,3193.59,1780214099999,28707.38519000,405,1706.79000000,15343.33997000,0,AVAXUSDT
2026-05-31 07:55:00+00:00,8.991,8.997,8.987,8.991,1257.96,1780214399999,11310.67225000,221,901.65000000,8106.87247000,0,AVAXUSDT
2026-05-31 08:00:00+00:00,8.99,9.013,8.99,9.013,1523.26,1780214699999,13714.94368000,305,1244.75000000,11206.71888000,0,AVAXUSDT
2026-05-31 08:05:00+00:00,9.013,9.017,9.002,9.003,1664.64,1780214999999,15000.37619000,211,245.70000000,2213.81922000,0,AVAXUSDT
2026-05-31 08:10:00+00:00,9.004,9.005,8.997,9.004,535.8,1780215299999,4822.29186000,194,298.26000000,2684.23795000,0,AVAXUSDT
2026-05-31 08:15:00+00:00,9.005,9.015,9.004,9.01,2216.72,1780215599999,19975.12087000,351,2005.54000000,18072.46126000,0,AVAXUSDT
2026-05-31 08:20:00+00:00,9.01,9.019,9.01,9.018,312.92,1780215899999,2821.24661000,170,195.71000000,1764.22213000,0,AVAXUSDT
2026-05-31 08:25:00+00:00,9.017,9.017,9.011,9.015,940.8,1780216199999,8479.70674000,219,534.68000000,4819.42035000,0,AVAXUSDT
2026-05-31 08:30:00+00:00,9.016,9.016,9.006,9.011,376.62,1780216499999,3393.71630000,247,133.46000000,1202.67640000,0,AVAXUSDT
2026-05-31 08:35:00+00:00,9.012,9.013,9.005,9.006,418.8,1780216799999,3772.78162000,224,182.35000000,1643.08145000,0,AVAXUSDT
2026-05-31 08:40:00+00:00,9.006,9.006,8.991,8.997,2334.66,1780217099999,21002.58492000,375,557.73000000,5017.07428000,0,AVAXUSDT
2026-05-31 08:45:00+00:00,8.997,9.0,8.986,8.987,1531.8,1780217399999,13773.78308000,303,778.13000000,6999.19050000,0,AVAXUSDT
2026-05-31 08:50:00+00:00,8.987,8.992,8.977,8.992,3065.25,1780217699999,27542.55739000,507,2021.53000000,18165.13593000,0,AVAXUSDT
2026-05-31 08:55:00+00:00,8.993,9.012,8.993,9.001,3016.98,1780217999999,27173.16473000,578,779.30000000,7016.67842000,0,AVAXUSDT
2026-05-31 09:00:00+00:00,9.001,9.002,8.988,8.989,1529.03,1780218299999,13751.96661000,384,208.42000000,1875.17348000,0,AVAXUSDT
2026-05-31 09:05:00+00:00,8.989,8.992,8.988,8.991,309.08,1780218599999,2778.60149000,151,155.40000000,1397.07678000,0,AVAXUSDT
2026-05-31 09:10:00+00:00,8.992,8.996,8.987,8.987,1598.2,1780218899999,14369.31969000,241,329.60000000,2964.04338000,0,AVAXUSDT
2026-05-31 09:15:00+00:00,8.986,9.01,8.983,9.009,2417.13,1780219199999,21741.39435000,580,1968.66000000,17707.27117000,0,AVAXUSDT
2026-05-31 09:20:00+00:00,9.009,9.009,9.003,9.008,387.73,1780219499999,3491.90490000,201,222.30000000,2002.06099000,0,AVAXUSDT
2026-05-31 09:25:00+00:00,9.009,9.015,9.008,9.015,505.74,1780219799999,4557.17283000,150,406.34000000,3661.69421000,0,AVAXUSDT
2026-05-31 09:30:00+00:00,9.016,9.025,9.016,9.021,2894.13,1780220099999,26108.75367000,303,2055.48000000,18542.29706000,0,AVAXUSDT
2026-05-31 09:35:00+00:00,9.021,9.025,9.009,9.021,767.84,1780220399999,6924.02604000,388,320.20000000,2887.15430000,0,AVAXUSDT
2026-05-31 09:40:00+00:00,9.02,9.038,9.019,9.029,5291.51,1780220699999,47787.11571000,538,3478.54000000,31410.67340000,0,AVAXUSDT
2026-05-31 09:45:00+00:00,9.029,9.034,9.025,9.031,981.32,1780220999999,8861.19658000,285,679.64000000,6137.70005000,0,AVAXUSDT
2026-05-31 09:50:00+00:00,9.031,9.031,8.998,9.006,5900.31,1780221299999,53142.77603000,624,1006.60000000,9063.36090000,0,AVAXUSDT
2026-05-31 09:55:00+00:00,9.005,9.005,8.977,8.988,4379.61,1780221599999,39359.98234000,836,1585.11000000,14242.86777000,0,AVAXUSDT
2026-05-31 10:00:00+00:00,8.987,8.992,8.979,8.992,6838.85,1780221899999,61434.95646000,786,1359.82000000,12220.49901000,0,AVAXUSDT
2026-05-31 10:05:00+00:00,8.991,8.995,8.986,8.995,785.74,1780222199999,7063.43864000,322,365.76000000,3288.20280000,0,AVAXUSDT
2026-05-31 10:10:00+00:00,8.994,8.995,8.987,8.991,3286.08,1780222499999,29544.19498000,346,297.64000000,2676.42671000,0,AVAXUSDT
2026-05-31 10:15:00+00:00,8.99,8.99,8.973,8.973,1495.19,1780222799999,13431.81228000,348,337.78000000,3035.61504000,0,AVAXUSDT
2026-05-31 10:20:00+00:00,8.973,8.977,8.957,8.967,5287.85,1780223099999,47414.51070000,851,1101.44000000,9878.10354000,0,AVAXUSDT
2026-05-31 10:25:00+00:00,8.967,8.975,8.967,8.971,1133.93,1780223399999,10172.59459000,324,550.76000000,4940.64038000,0,AVAXUSDT
2026-05-31 10:30:00+00:00,8.972,8.979,8.971,8.978,1641.47,1780223699999,14734.10527000,274,1530.87000000,13741.52052000,0,AVAXUSDT
2026-05-31 10:35:00+00:00,8.978,8.981,8.97,8.977,2527.86,1780223999999,22689.99941000,390,1804.05000000,16193.30927000,0,AVAXUSDT
2026-05-31 10:40:00+00:00,8.976,8.976,8.972,8.975,399.56,1780224299999,3585.88511000,137,218.97000000,1965.22550000,0,AVAXUSDT
2026-05-31 10:45:00+00:00,8.975,8.979,8.97,8.979,341.4,1780224599999,3063.40459000,201,197.61000000,1773.39363000,0,AVAXUSDT
2026-05-31 10:50:00+00:00,8.979,8.986,8.975,8.979,1127.37,1780224899999,10126.52783000,265,767.60000000,6895.13763000,0,AVAXUSDT
2026-05-31 10:55:00+00:00,8.979,8.99,8.978,8.99,1046.28,1780225199999,9401.15448000,199,1020.20000000,9166.82501000,0,AVAXUSDT
2026-05-31 11:00:00+00:00,8.99,9.011,8.99,9.006,2601.97,1780225499999,23425.63178000,421,2283.38000000,20556.62969000,0,AVAXUSDT
2026-05-31 11:05:00+00:00,9.006,9.01,9.004,9.004,1047.22,1780225799999,9432.47955000,225,496.28000000,4470.66803000,0,AVAXUSDT
2026-05-31 11:10:00+00:00,9.004,9.006,9.002,9.004,136.62,1780226099999,1230.11966000,127,91.77000000,826.30379000,0,AVAXUSDT
2026-05-31 11:15:00+00:00,9.003,9.006,9.001,9.003,1136.19,1780226399999,10229.59987000,233,636.67000000,5732.24581000,0,AVAXUSDT
2026-05-31 11:20:00+00:00,9.003,9.003,8.994,9.002,1226.76,1780226699999,11037.85027000,315,461.05000000,4149.15341000,0,AVAXUSDT
2026-05-31 11:25:00+00:00,9.001,9.02,9.001,9.018,2671.11,1780226999999,24074.48251000,313,2197.49000000,19805.89174000,0,AVAXUSDT
2026-05-31 11:30:00+00:00,9.017,9.017,9.006,9.012,1151.14,1780227299999,10373.71331000,259,509.25000000,4589.28421000,0,AVAXUSDT
2026-05-31 11:35:00+00:00,9.013,9.026,9.012,9.019,2101.57,1780227599999,18955.54325000,346,1283.48000000,11577.18545000,0,AVAXUSDT
2026-05-31 11:40:00+00:00,9.019,9.02,9.012,9.015,2223.89,1780227899999,20048.88962000,228,1591.32000000,14346.13030000,0,AVAXUSDT
2026-05-31 11:45:00+00:00,9.016,9.016,9.008,9.01,639.78,1780228199999,5765.17550000,156,368.65000000,3322.06028000,0,AVAXUSDT
2026-05-31 11:50:00+00:00,9.01,9.016,9.0,9.009,2809.9,1780228499999,25311.36097000,391,1670.00000000,15045.72704000,0,AVAXUSDT
2026-05-31 11:55:00+00:00,9.01,9.017,9.005,9.016,1306.84,1780228799999,11780.06699000,232,1064.08000000,9592.53590000,0,AVAXUSDT
2026-05-31 12:00:00+00:00,9.016,9.023,8.998,9.0,3691.36,1780229099999,33270.30390000,645,2559.72000000,23071.58330000,0,AVAXUSDT
2026-05-31 12:05:00+00:00,9.0,9.01,8.999,9.008,1969.87,1780229399999,17737.13288000,279,834.10000000,7512.70720000,0,AVAXUSDT
2026-05-31 12:10:00+00:00,9.008,9.017,9.007,9.015,1599.36,1780229699999,14412.77402000,262,995.69000000,8972.63786000,0,AVAXUSDT
2026-05-31 12:15:00+00:00,9.016,9.05,9.016,9.046,13921.34,1780229999999,125795.91219000,1091,11513.47000000,104042.33175000,0,AVAXUSDT
2026-05-31 12:20:00+00:00,9.045,9.045,9.028,9.034,5011.87,1780230299999,45276.29923000,449,1865.09000000,16841.84538000,0,AVAXUSDT
2026-05-31 12:25:00+00:00,9.033,9.036,9.022,9.025,7024.05,1780230599999,63415.65060000,415,2020.22000000,18239.83285000,0,AVAXUSDT
2026-05-31 12:30:00+00:00,9.026,9.029,9.023,9.024,1342.11,1780230899999,12113.47574000,175,812.50000000,7333.52316000,0,AVAXUSDT
2026-05-31 12:35:00+00:00,9.025,9.041,9.025,9.034,7034.28,1780231199999,63558.76827000,454,5956.46000000,53822.68935000,0,AVAXUSDT
2026-05-31 12:40:00+00:00,9.033,9.039,9.029,9.037,1739.94,1780231499999,15717.66036000,253,1109.57000000,10024.39699000,0,AVAXUSDT
2026-05-31 12:45:00+00:00,9.038,9.043,9.028,9.032,3372.56,1780231799999,30462.26771000,380,2851.78000000,25756.00784000,0,AVAXUSDT
2026-05-31 12:50:00+00:00,9.032,9.037,9.02,9.022,1143.73,1780232099999,10323.69141000,350,314.33000000,2837.95337000,0,AVAXUSDT
2026-05-31 12:55:00+00:00,9.022,9.03,9.019,9.03,806.19,1780232399999,7278.10815000,184,692.27000000,6250.02119000,0,AVAXUSDT
2026-05-31 13:00:00+00:00,9.031,9.037,9.019,9.019,5892.98,1780232699999,53212.12688000,481,3817.16000000,34473.60726000,0,AVAXUSDT
2026-05-31 13:05:00+00:00,9.019,9.036,9.019,9.036,2544.62,1780232999999,22968.61168000,336,2170.70000000,19593.11717000,0,AVAXUSDT
2026-05-31 13:10:00+00:00,9.037,9.042,9.026,9.03,5101.8,1780233299999,46099.02144000,488,2496.45000000,22563.02829000,0,AVAXUSDT
2026-05-31 13:15:00+00:00,9.031,9.039,9.024,9.039,1893.97,1780233599999,17102.97471000,521,1088.05000000,9826.73801000,0,AVAXUSDT
2026-05-31 13:20:00+00:00,9.04,9.05,9.04,9.045,4086.49,1780233899999,36963.87942000,508,3376.77000000,30543.84487000,0,AVAXUSDT
2026-05-31 13:25:00+00:00,9.046,9.05,9.034,9.034,5571.26,1780234199999,50372.79817000,398,1205.26000000,10894.94804000,0,AVAXUSDT
2026-05-31 13:30:00+00:00,9.035,9.041,9.033,9.033,1825.99,1780234499999,16503.15434000,337,1211.46000000,10949.43664000,0,AVAXUSDT
2026-05-31 13:35:00+00:00,9.033,9.043,9.024,9.031,3413.94,1780234799999,30850.47694000,570,2199.98000000,19887.62604000,0,AVAXUSDT
2026-05-31 13:40:00+00:00,9.031,9.032,9.023,9.028,860.01,1780235099999,7764.84502000,278,320.76000000,2896.36097000,0,AVAXUSDT
2026-05-31 13:45:00+00:00,9.027,9.03,9.016,9.017,2883.34,1780235399999,26023.26289000,405,747.51000000,6748.49130000,0,AVAXUSDT
2026-05-31 13:50:00+00:00,9.017,9.018,9.0,9.012,5759.98,1780235699999,51890.95301000,550,1763.72000000,15876.32145000,0,AVAXUSDT
2026-05-31 13:55:00+00:00,9.013,9.015,9.008,9.01,1344.92,1780235999999,12120.91263000,310,812.75000000,7325.44786000,0,AVAXUSDT
2026-05-31 14:00:00+00:00,9.009,9.009,8.98,8.992,7380.06,1780236299999,66327.50076000,969,2114.72000000,19009.24275000,0,AVAXUSDT
2026-05-31 14:05:00+00:00,8.992,9.007,8.99,9.005,5274.5,1780236599999,47458.58513000,545,4549.75000000,40940.09866000,0,AVAXUSDT
2026-05-31 14:10:00+00:00,9.006,9.01,8.907,8.944,39898.79,1780236899999,357214.04652000,1993,11340.52000000,101476.77433000,0,AVAXUSDT
2026-05-31 14:15:00+00:00,8.945,8.965,8.85,8.892,82420.24,1780237199999,733304.52290000,7305,42039.18000000,374081.68245000,0,AVAXUSDT
2026-05-31 14:20:00+00:00,8.892,8.908,8.878,8.894,13806.79,1780237499999,122818.67940000,2190,4690.67000000,41737.36299000,0,AVAXUSDT
2026-05-31 14:25:00+00:00,8.895,8.905,8.882,8.896,6802.06,1780237799999,60499.79700000,1427,2861.20000000,25449.06703000,0,AVAXUSDT
2026-05-31 14:30:00+00:00,8.895,8.909,8.888,8.904,8298.57,1780238099999,73868.07166000,1358,4846.80000000,43148.09128000,0,AVAXUSDT
2026-05-31 14:35:00+00:00,8.904,8.911,8.887,8.896,5332.05,1780238399999,47461.03415000,1069,2254.92000000,20070.65065000,0,AVAXUSDT
2026-05-31 14:40:00+00:00,8.895,8.895,8.867,8.877,5838.83,1780238699999,51862.11773000,1172,1746.33000000,15512.66741000,0,AVAXUSDT
2026-05-31 14:45:00+00:00,8.878,8.892,8.878,8.88,5054.74,1780238999999,44917.73215000,735,2321.40000000,20626.28487000,0,AVAXUSDT
2026-05-31 14:50:00+00:00,8.88,8.89,8.876,8.886,5767.9,1780239299999,51251.28254000,669,3990.77000000,35461.84353000,0,AVAXUSDT
2026-05-31 14:55:00+00:00,8.886,8.886,8.867,8.877,6837.06,1780239599999,60682.22311000,1177,2145.35000000,19038.58716000,0,AVAXUSDT
2026-05-31 15:00:00+00:00,8.878,8.884,8.873,8.878,2389.15,1780239899999,21214.12385000,813,1140.18000000,10123.98566000,0,AVAXUSDT
2026-05-31 15:05:00+00:00,8.879,8.891,8.879,8.887,2090.21,1780240199999,18571.89358000,625,719.04000000,6389.52669000,0,AVAXUSDT
2026-05-31 15:10:00+00:00,8.887,8.896,8.886,8.896,2509.23,1780240499999,22306.50945000,407,1601.89000000,14240.84726000,0,AVAXUSDT
2026-05-31 15:15:00+00:00,8.896,8.896,8.886,8.896,810.18,1780240799999,7204.38807000,312,189.72000000,1686.41831000,0,AVAXUSDT
2026-05-31 15:20:00+00:00,8.896,8.919,8.896,8.919,3803.76,1780241099999,33862.73463000,587,2717.78000000,24194.89669000,0,AVAXUSDT
2026-05-31 15:25:00+00:00,8.919,8.934,8.916,8.92,5948.06,1780241399999,53089.17403000,849,3846.74000000,34343.18657000,0,AVAXUSDT
2026-05-31 15:30:00+00:00,8.92,8.927,8.918,8.927,1119.03,1780241699999,9982.45632000,355,426.70000000,3807.45995000,0,AVAXUSDT
2026-05-31 15:35:00+00:00,8.927,8.927,8.917,8.92,1477.77,1780241999999,13182.30525000,268,754.09000000,6726.63221000,0,AVAXUSDT
2026-05-31 15:40:00+00:00,8.92,8.92,8.893,8.894,7797.57,1780242299999,69444.03924000,815,1871.16000000,16664.39992000,0,AVAXUSDT
2026-05-31 15:45:00+00:00,8.893,8.908,8.893,8.896,2459.4,1780242599999,21887.16984000,528,728.75000000,6487.91355000,0,AVAXUSDT
2026-05-31 15:50:00+00:00,8.895,8.896,8.89,8.893,2084.05,1780242899999,18535.72022000,402,1263.00000000,11232.85521000,0,AVAXUSDT
2026-05-31 15:55:00+00:00,8.893,8.894,8.883,8.884,3595.34,1780243199999,31957.33841000,416,966.03000000,8588.24057000,0,AVAXUSDT
2026-05-31 16:00:00+00:00,8.884,8.898,8.881,8.893,5670.25,1780243499999,50429.95265000,592,1780.36000000,15831.17706000,0,AVAXUSDT
2026-05-31 16:05:00+00:00,8.893,8.898,8.883,8.883,1534.15,1780243799999,13643.36503000,465,310.01000000,2757.35184000,0,AVAXUSDT
2026-05-31 16:10:00+00:00,8.884,8.886,8.862,8.866,1725.58,1780244099999,15310.03734000,583,301.42000000,2673.90592000,0,AVAXUSDT
2026-05-31 16:15:00+00:00,8.866,8.879,8.865,8.876,2566.18,1780244399999,22768.79057000,629,894.90000000,7941.74367000,0,AVAXUSDT
2026-05-31 16:20:00+00:00,8.876,8.882,8.853,8.86,4806.96,1780244699999,42596.58199000,1507,1579.94000000,14005.90576000,0,AVAXUSDT
2026-05-31 16:25:00+00:00,8.86,8.867,8.848,8.867,9264.76,1780244999999,82052.87267000,1045,3166.19000000,28058.11731000,0,AVAXUSDT
2026-05-31 16:30:00+00:00,8.866,8.867,8.813,8.827,18328.0,1780245299999,161885.38818000,2504,5601.97000000,49502.51840000,0,AVAXUSDT
2026-05-31 16:35:00+00:00,8.827,8.841,8.818,8.838,9313.04,1780245599999,82238.20626000,1273,3911.66000000,34546.75791000,0,AVAXUSDT
2026-05-31 16:40:00+00:00,8.838,8.84,8.825,8.828,3100.42,1780245899999,27371.88387000,426,1579.98000000,13946.46712000,0,AVAXUSDT
2026-05-31 16:45:00+00:00,8.828,8.828,8.814,8.821,3917.08,1780246199999,34560.58720000,720,582.62000000,5138.88842000,0,AVAXUSDT
2026-05-31 16:50:00+00:00,8.82,8.831,8.82,8.831,2075.87,1780246499999,18320.98224000,393,1648.65000000,14551.97566000,0,AVAXUSDT
2026-05-31 16:55:00+00:00,8.831,8.831,8.827,8.83,965.59,1780246799999,8524.63009000,134,561.35000000,4955.82325000,0,AVAXUSDT
2026-05-31 17:00:00+00:00,8.829,8.839,8.821,8.822,3054.0,1780247099999,26958.41868000,550,1487.46000000,13134.44821000,0,AVAXUSDT
2026-05-31 17:05:00+00:00,8.822,8.83,8.822,8.825,2418.75,1780247399999,21347.88238000,520,1745.36000000,15404.76561000,0,AVAXUSDT
2026-05-31 17:10:00+00:00,8.825,8.83,8.814,8.826,6453.81,1780247699999,56931.27280000,553,1334.98000000,11777.21157000,0,AVAXUSDT
2026-05-31 17:15:00+00:00,8.827,8.842,8.827,8.835,6274.78,1780247999999,55453.02972000,488,1501.49000000,13267.65515000,0,AVAXUSDT
2026-05-31 17:20:00+00:00,8.834,8.838,8.828,8.836,3705.84,1780248299999,32735.64896000,358,2538.80000000,22427.90636000,0,AVAXUSDT
2026-05-31 17:25:00+00:00,8.837,8.852,8.837,8.849,4108.21,1780248599999,36355.44174000,504,2614.14000000,23133.30692000,0,AVAXUSDT
2026-05-31 17:30:00+00:00,8.85,8.863,8.85,8.858,3606.97,1780248899999,31945.04725000,608,1247.14000000,11045.50916000,0,AVAXUSDT
2026-05-31 17:35:00+00:00,8.858,8.868,8.857,8.868,1242.75,1780249199999,11012.71483000,315,168.52000000,1493.77566000,0,AVAXUSDT
2026-05-31 17:40:00+00:00,8.869,8.869,8.86,8.862,1923.82,1780249499999,17056.03335000,339,600.28000000,5321.82630000,0,AVAXUSDT
2026-05-31 17:45:00+00:00,8.862,8.872,8.862,8.867,1698.97,1780249799999,15064.41796000,393,1126.17000000,9984.97489000,0,AVAXUSDT
2026-05-31 17:50:00+00:00,8.866,8.866,8.861,8.865,1045.17,1780250099999,9265.50633000,219,586.17000000,5196.30195000,0,AVAXUSDT
2026-05-31 17:55:00+00:00,8.865,8.868,8.862,8.868,1564.5,1780250399999,13869.39227000,246,354.74000000,3144.87162000,0,AVAXUSDT
2026-05-31 18:00:00+00:00,8.868,8.868,8.852,8.854,2475.9,1780250699999,21932.55939000,566,687.54000000,6089.81764000,0,AVAXUSDT
2026-05-31 18:05:00+00:00,8.854,8.864,8.853,8.856,3278.8,1780250999999,29042.51882000,366,1694.17000000,15009.09425000,0,AVAXUSDT
2026-05-31 18:10:00+00:00,8.856,8.863,8.853,8.853,5449.75,1780251299999,48288.86679000,390,1160.83000000,10284.41860000,0,AVAXUSDT
2026-05-31 18:15:00+00:00,8.852,8.852,8.836,8.844,946.47,1780251599999,8370.90104000,408,254.35000000,2249.25201000,0,AVAXUSDT
2026-05-31 18:20:00+00:00,8.844,8.844,8.836,8.84,843.39,1780251899999,7455.33970000,273,541.55000000,4787.41757000,0,AVAXUSDT
2026-05-31 18:25:00+00:00,8.84,8.849,8.84,8.842,3842.88,1780252199999,33976.45326000,413,3436.90000000,30385.64267000,0,AVAXUSDT
2026-05-31 18:30:00+00:00,8.841,8.863,8.841,8.86,1754.5,1780252499999,15537.03123000,560,1167.85000000,10339.74182000,0,AVAXUSDT
2026-05-31 18:35:00+00:00,8.86,8.862,8.86,8.861,1105.22,1780252799999,9793.16205000,127,754.37000000,6684.55989000,0,AVAXUSDT
2026-05-31 18:40:00+00:00,8.862,8.868,8.857,8.861,2025.77,1780253099999,17952.90018000,405,547.16000000,4850.19145000,0,AVAXUSDT
2026-05-31 18:45:00+00:00,8.86,8.86,8.851,8.852,6228.0,1780253399999,55146.20216000,435,429.13000000,3800.49218000,0,AVAXUSDT
2026-05-31 18:50:00+00:00,8.852,8.855,8.846,8.853,1707.59,1780253699999,15114.72148000,354,250.17000000,2214.22082000,0,AVAXUSDT
2026-05-31 18:55:00+00:00,8.854,8.864,8.853,8.858,741.97,1780253999999,6571.91179000,229,207.63000000,1839.13546000,0,AVAXUSDT
2026-05-31 19:00:00+00:00,8.858,8.868,8.836,8.839,16379.52,1780254299999,144948.22987000,1172,6509.53000000,57580.48418000,0,AVAXUSDT
2026-05-31 19:05:00+00:00,8.84,8.844,8.825,8.837,17363.23,1780254599999,153397.59114000,1250,4365.82000000,38566.89385000,0,AVAXUSDT
2026-05-31 19:10:00+00:00,8.838,8.838,8.83,8.83,1612.0,1780254899999,14241.98314000,389,412.79000000,3646.37197000,0,AVAXUSDT
2026-05-31 19:15:00+00:00,8.83,8.837,8.83,8.836,205.12,1780255199999,1812.04267000,172,130.00000000,1148.46356000,0,AVAXUSDT
2026-05-31 19:20:00+00:00,8.836,8.841,8.825,8.825,1894.73,1780255499999,16743.02663000,491,600.78000000,5307.79761000,0,AVAXUSDT
2026-05-31 19:25:00+00:00,8.825,8.827,8.808,8.826,3594.37,1780255799999,31688.33536000,897,959.70000000,8461.07393000,0,AVAXUSDT
2026-05-31 19:30:00+00:00,8.827,8.829,8.8,8.807,8847.63,1780256099999,77912.84477000,1197,2303.53000000,20286.74068000,0,AVAXUSDT
2026-05-31 19:35:00+00:00,8.806,8.82,8.806,8.82,1687.56,1780256399999,14868.88446000,370,1231.36000000,10849.32599000,0,AVAXUSDT
2026-05-31 19:40:00+00:00,8.821,8.836,8.819,8.836,1860.97,1780256699999,16425.02101000,356,1117.82000000,9866.23826000,0,AVAXUSDT
2026-05-31 19:45:00+00:00,8.836,8.838,8.831,8.834,1626.44,1780256999999,14368.42796000,256,460.48000000,4067.42285000,0,AVAXUSDT
2026-05-31 19:50:00+00:00,8.834,8.838,8.832,8.838,831.37,1780257299999,7345.12772000,120,714.90000000,6316.16788000,0,AVAXUSDT
2026-05-31 19:55:00+00:00,8.837,8.842,8.836,8.839,1126.3,1780257599999,9955.32899000,196,422.74000000,3736.18982000,0,AVAXUSDT
2026-05-31 20:00:00+00:00,8.839,8.861,8.839,8.852,7027.6,1780257899999,62216.79875000,781,5728.97000000,50716.59372000,0,AVAXUSDT
2026-05-31 20:05:00+00:00,8.851,8.873,8.85,8.871,8970.33,1780258199999,79499.72718000,823,6897.72000000,61122.41808000,0,AVAXUSDT
2026-05-31 20:10:00+00:00,8.871,8.871,8.858,8.867,1650.92,1780258499999,14631.96622000,356,844.52000000,7483.18661000,0,AVAXUSDT
2026-05-31 20:15:00+00:00,8.868,8.873,8.863,8.869,2675.3,1780258799999,23720.88680000,362,1555.25000000,13789.82344000,0,AVAXUSDT
2026-05-31 20:20:00+00:00,8.869,8.88,8.867,8.869,1247.18,1780259099999,11068.21026000,442,270.99000000,2404.80021000,0,AVAXUSDT
2026-05-31 20:25:00+00:00,8.869,8.873,8.868,8.871,960.61,1780259399999,8521.19351000,221,65.49000000,580.95851000,0,AVAXUSDT
2026-05-31 20:30:00+00:00,8.871,8.879,8.87,8.87,885.8,1780259699999,7861.82326000,315,440.49000000,3909.67871000,0,AVAXUSDT
2026-05-31 20:35:00+00:00,8.871,8.873,8.868,8.871,2069.71,1780259999999,18358.56313000,206,455.70000000,4042.22063000,0,AVAXUSDT
2026-05-31 20:40:00+00:00,8.87,8.87,8.859,8.868,1682.35,1780260299999,14910.19231000,293,418.57000000,3709.22256000,0,AVAXUSDT
2026-05-31 20:45:00+00:00,8.869,8.872,8.869,8.871,441.99,1780260599999,3920.62508000,134,227.87000000,2021.38347000,0,AVAXUSDT
2026-05-31 20:50:00+00:00,8.871,8.883,8.87,8.883,822.26,1780260899999,7298.58510000,227,633.37000000,5621.55814000,0,AVAXUSDT
2026-05-31 20:55:00+00:00,8.884,8.895,8.884,8.894,1896.94,1780261199999,16862.90780000,475,959.01000000,8525.85774000,0,AVAXUSDT
2026-05-31 21:00:00+00:00,8.894,8.894,8.881,8.889,4399.68,1780261499999,39104.67199000,604,1719.57000000,15284.76975000,0,AVAXUSDT
2026-05-31 21:05:00+00:00,8.89,8.892,8.885,8.887,1179.5,1780261799999,10482.50798000,242,752.12000000,6683.93922000,0,AVAXUSDT
2026-05-31 21:10:00+00:00,8.887,8.889,8.88,8.883,9679.68,1780262099999,86006.62836000,552,3266.08000000,29022.25883000,0,AVAXUSDT
2026-05-31 21:15:00+00:00,8.884,8.912,8.884,8.901,4698.5,1780262399999,41839.57212000,710,2737.05000000,24368.76729000,0,AVAXUSDT
2026-05-31 21:20:00+00:00,8.901,8.903,8.895,8.897,882.65,1780262699999,7854.39615000,203,484.30000000,4308.95134000,0,AVAXUSDT
2026-05-31 21:25:00+00:00,8.896,8.899,8.889,8.891,910.97,1780262999999,8101.10130000,321,261.24000000,2323.22864000,0,AVAXUSDT
2026-05-31 21:30:00+00:00,8.891,8.903,8.888,8.903,3497.3,1780263299999,31090.84370000,420,2044.35000000,18174.62829000,0,AVAXUSDT
2026-05-31 21:35:00+00:00,8.904,8.909,8.901,8.901,3285.35,1780263599999,29256.86290000,538,1780.26000000,15854.80536000,0,AVAXUSDT
2026-05-31 21:40:00+00:00,8.901,8.916,8.898,8.916,5083.26,1780263899999,45275.07470000,594,1847.19000000,16456.88210000,0,AVAXUSDT
2026-05-31 21:45:00+00:00,8.915,8.952,8.914,8.944,8568.48,1780264199999,76577.46605000,864,5983.25000000,53453.54972000,0,AVAXUSDT
2026-05-31 21:50:00+00:00,8.944,8.944,8.931,8.936,1402.5,1780264499999,12531.23189000,447,650.24000000,5809.67690000,0,AVAXUSDT
2026-05-31 21:55:00+00:00,8.936,8.941,8.931,8.94,1290.43,1780264799999,11532.83889000,460,579.41000000,5177.70005000,0,AVAXUSDT
2026-05-31 22:00:00+00:00,8.94,8.957,8.91,8.917,7303.3,1780265099999,65326.22631000,1524,4306.15000000,38531.32875000,0,AVAXUSDT
2026-05-31 22:05:00+00:00,8.917,8.936,8.915,8.936,3183.9,1780265399999,28405.61718000,693,1669.29000000,14894.53248000,0,AVAXUSDT
2026-05-31 22:10:00+00:00,8.936,8.957,8.935,8.957,2587.12,1780265699999,23146.14326000,499,1436.53000000,12853.95177000,0,AVAXUSDT
2026-05-31 22:15:00+00:00,8.958,8.977,8.955,8.959,7559.16,1780265999999,67782.46276000,1130,5876.34000000,52693.88467000,0,AVAXUSDT
2026-05-31 22:20:00+00:00,8.958,8.958,8.939,8.95,1818.9,1780266299999,16276.18447000,786,704.33000000,6301.33370000,0,AVAXUSDT
2026-05-31 22:25:00+00:00,8.95,8.968,8.946,8.949,5164.01,1780266599999,46270.48811000,960,1461.39000000,13091.96747000,0,AVAXUSDT
2026-05-31 22:30:00+00:00,8.949,8.967,8.945,8.967,2296.39,1780266899999,20572.31279000,851,1024.72000000,9177.62418000,0,AVAXUSDT
2026-05-31 22:35:00+00:00,8.966,8.971,8.954,8.957,3035.16,1780267199999,27204.05205000,668,1231.01000000,11034.20091000,0,AVAXUSDT
2026-05-31 22:40:00+00:00,8.956,8.966,8.956,8.963,795.29,1780267499999,7127.55787000,294,295.63000000,2649.63954000,0,AVAXUSDT
2026-05-31 22:45:00+00:00,8.964,8.979,8.962,8.967,4648.11,1780267799999,41691.74511000,944,3035.55000000,27229.02030000,0,AVAXUSDT
2026-05-31 22:50:00+00:00,8.967,8.977,8.962,8.968,1738.87,1780268099999,15597.55066000,591,859.17000000,7706.32073000,0,AVAXUSDT
2026-05-31 22:55:00+00:00,8.969,8.985,8.968,8.982,3389.73,1780268399999,30433.35739000,512,1817.42000000,16316.78797000,0,AVAXUSDT
2026-05-31 23:00:00+00:00,8.982,9.029,8.979,9.009,14413.77,1780268699999,129728.22846000,2261,9137.71000000,82242.05139000,0,AVAXUSDT
2026-05-31 23:05:00+00:00,9.009,9.011,8.985,8.994,3552.68,1780268999999,31948.03125000,938,923.62000000,8306.90066000,0,AVAXUSDT
2026-05-31 23:10:00+00:00,8.994,8.998,8.981,8.981,2345.82,1780269299999,21082.34850000,659,546.83000000,4915.54663000,0,AVAXUSDT
2026-05-31 23:15:00+00:00,8.982,8.991,8.979,8.986,824.24,1780269599999,7407.12565000,575,399.81000000,3592.96908000,0,AVAXUSDT
2026-05-31 23:20:00+00:00,8.986,8.986,8.955,8.955,2633.18,1780269899999,23617.63841000,884,309.90000000,2779.60205000,0,AVAXUSDT
2026-05-31 23:25:00+00:00,8.956,8.966,8.951,8.96,3021.01,1780270199999,27055.85649000,726,1072.42000000,9606.20819000,0,AVAXUSDT
2026-05-31 23:30:00+00:00,8.961,8.961,8.919,8.938,7649.26,1780270499999,68302.85222000,1495,984.86000000,8795.70871000,0,AVAXUSDT
2026-05-31 23:35:00+00:00,8.938,8.942,8.917,8.925,2968.38,1780270799999,26501.40353000,1083,458.79000000,4098.08657000,0,AVAXUSDT
2026-05-31 23:40:00+00:00,8.925,8.928,8.912,8.928,4942.04,1780271099999,44095.35304000,798,1269.81000000,11328.46106000,0,AVAXUSDT
2026-05-31 23:45:00+00:00,8.928,8.95,8.925,8.95,2660.69,1780271399999,23780.24290000,876,1836.24000000,16414.30603000,0,AVAXUSDT
2026-05-31 23:50:00+00:00,8.951,8.969,8.951,8.967,7207.79,1780271699999,64606.83250000,1256,6006.74000000,53843.85481000,0,AVAXUSDT
2026-05-31 23:55:00+00:00,8.968,8.984,8.968,8.983,7670.83,1780271999999,68857.18680000,1138,6397.35000000,57425.17551000,0,AVAXUSDT
2026-06-01 00:00:00+00:00,8.983,9.014,8.976,9.007,17931.53,1780272299999,161286.70529000,1995,9443.93000000,84937.03117000,0,AVAXUSDT
2026-06-01 00:05:00+00:00,9.008,9.011,8.985,8.994,9432.19,1780272599999,84868.04717000,1540,2435.71000000,21909.55048000,0,AVAXUSDT
2026-06-01 00:10:00+00:00,8.993,9.014,8.988,9.014,4109.81,1780272899999,36971.68312000,1009,2757.16000000,24808.59741000,0,AVAXUSDT
2026-06-01 00:15:00+00:00,9.015,9.021,8.994,8.998,2612.7,1780273199999,23524.45873000,928,1396.59000000,12575.06121000,0,AVAXUSDT
2026-06-01 00:20:00+00:00,8.998,9.015,8.996,9.009,6535.73,1780273499999,58854.50779000,976,4006.38000000,36084.64125000,0,AVAXUSDT
2026-06-01 00:25:00+00:00,9.01,9.053,9.01,9.045,20176.52,1780273799999,182299.74956000,2031,15926.26000000,143894.69508000,0,AVAXUSDT
2026-06-01 00:30:00+00:00,9.045,9.069,9.031,9.05,10184.54,1780274099999,92149.04718000,2445,5054.36000000,45728.74319000,0,AVAXUSDT
2026-06-01 00:35:00+00:00,9.05,9.062,9.045,9.047,10137.76,1780274399999,91764.14327000,1289,7348.45000000,66516.78597000,0,AVAXUSDT
2026-06-01 00:40:00+00:00,9.046,9.063,9.036,9.057,8970.51,1780274699999,81209.13999000,1160,7322.50000000,66293.14265000,0,AVAXUSDT
2026-06-01 00:45:00+00:00,9.056,9.074,9.055,9.065,21924.79,1780274999999,198814.92117000,2044,15550.02000000,141010.38596000,0,AVAXUSDT
2026-06-01 00:50:00+00:00,9.065,9.07,9.048,9.049,5818.53,1780275299999,52724.74132000,1040,3830.72000000,34714.99250000,0,AVAXUSDT
2026-06-01 00:55:00+00:00,9.05,9.05,9.036,9.039,2500.19,1780275599999,22604.30583000,688,978.85000000,8847.11496000,0,AVAXUSDT
2026-06-01 01:00:00+00:00,9.038,9.043,9.014,9.015,5899.03,1780275899999,53248.63261000,1356,1768.70000000,15967.75775000,0,AVAXUSDT
2026-06-01 01:05:00+00:00,9.015,9.022,8.99,8.997,7548.19,1780276199999,67930.07773000,1506,1739.50000000,15667.01043000,0,AVAXUSDT
2026-06-01 01:10:00+00:00,8.996,9.002,8.988,8.988,3820.41,1780276499999,34375.61287000,876,1107.67000000,9966.15510000,0,AVAXUSDT
2026-06-01 01:15:00+00:00,8.989,8.998,8.977,8.977,3412.87,1780276799999,30684.95503000,866,1761.09000000,15835.52559000,0,AVAXUSDT
2026-06-01 01:20:00+00:00,8.978,8.987,8.967,8.968,4521.46,1780277099999,40588.56797000,963,1692.88000000,15200.91314000,0,AVAXUSDT
2026-06-01 01:25:00+00:00,8.967,8.972,8.959,8.963,4743.83,1780277399999,42543.64574000,863,2444.91000000,21925.04646000,0,AVAXUSDT
2026-06-01 01:30:00+00:00,8.963,8.969,8.957,8.969,6281.02,1780277699999,56279.03994000,758,4487.54000000,40208.92862000,0,AVAXUSDT
2026-06-01 01:35:00+00:00,8.969,8.974,8.961,8.961,821.66,1780277999999,7370.00720000,609,325.39000000,2918.75399000,0,AVAXUSDT
2026-06-01 01:40:00+00:00,8.962,8.974,8.926,8.932,5387.45,1780278299999,48180.73178000,1335,2325.94000000,20794.78065000,0,AVAXUSDT
2026-06-01 01:45:00+00:00,8.932,8.958,8.929,8.956,4260.41,1780278599999,38080.52924000,980,2425.76000000,21686.63038000,0,AVAXUSDT
2026-06-01 01:50:00+00:00,8.957,8.957,8.912,8.915,6893.75,1780278899999,61584.66636000,1239,2672.72000000,23878.04946000,0,AVAXUSDT
2026-06-01 01:55:00+00:00,8.915,8.915,8.891,8.891,7058.39,1780279199999,62832.41715000,1457,2923.27000000,26021.74993000,0,AVAXUSDT
2026-06-01 02:00:00+00:00,8.89,8.907,8.868,8.907,14273.53,1780279499999,126810.70407000,2101,3793.90000000,33698.80025000,0,AVAXUSDT
2026-06-01 02:05:00+00:00,8.907,8.957,8.907,8.952,5531.21,1780279799999,49429.18838000,1615,2401.04000000,21462.83497000,0,AVAXUSDT
2026-06-01 02:10:00+00:00,8.953,8.96,8.949,8.959,1679.12,1780280099999,15033.15371000,806,976.05000000,8738.22161000,0,AVAXUSDT
2026-06-01 02:15:00+00:00,8.959,8.961,8.945,8.951,3697.02,1780280399999,33098.78231000,712,2196.04000000,19661.97319000,0,AVAXUSDT
2026-06-01 02:20:00+00:00,8.951,8.974,8.951,8.957,3172.97,1780280699999,28436.12571000,760,1338.75000000,11997.90485000,0,AVAXUSDT
2026-06-01 02:25:00+00:00,8.957,8.964,8.954,8.963,2140.49,1780280999999,19177.00551000,560,1278.72000000,11455.71698000,0,AVAXUSDT
2026-06-01 02:30:00+00:00,8.963,8.965,8.953,8.965,2315.09,1780281299999,20741.55725000,559,1289.01000000,11550.62727000,0,AVAXUSDT
2026-06-01 02:35:00+00:00,8.966,8.979,8.961,8.979,1653.07,1780281599999,14828.84824000,587,1032.58000000,9265.31064000,0,AVAXUSDT
2026-06-01 02:40:00+00:00,8.978,9.045,8.972,9.022,12405.01,1780281899999,111810.10579000,3018,8577.83000000,77269.47300000,0,AVAXUSDT
2026-06-01 02:45:00+00:00,9.022,9.036,9.015,9.028,6378.43,1780282199999,57562.60664000,1604,3159.92000000,28525.31615000,0,AVAXUSDT
2026-06-01 02:50:00+00:00,9.027,9.038,9.025,9.032,4806.18,1780282499999,43404.64878000,1052,3123.13000000,28207.06866000,0,AVAXUSDT
2026-06-01 02:55:00+00:00,9.031,9.038,9.025,9.03,5576.65,1780282799999,50353.08881000,831,3500.84000000,31611.35882000,0,AVAXUSDT
2026-06-01 03:00:00+00:00,9.029,9.07,9.025,9.053,15814.01,1780283099999,143006.28734000,2690,10299.94000000,93151.24154000,0,AVAXUSDT
2026-06-01 03:05:00+00:00,9.053,9.073,9.049,9.067,4726.45,1780283399999,42831.40894000,1383,3139.81000000,28454.50557000,0,AVAXUSDT
2026-06-01 03:10:00+00:00,9.066,9.066,9.035,9.038,1666.07,1780283699999,15078.17418000,716,700.72000000,6338.83571000,0,AVAXUSDT
2026-06-01 03:15:00+00:00,9.038,9.048,9.019,9.036,7980.35,1780283999999,72102.10252000,1904,4579.30000000,41372.38615000,0,AVAXUSDT
2026-06-01 03:20:00+00:00,9.036,9.051,9.036,9.049,2223.97,1780284299999,20119.49413000,636,1505.83000000,13623.38900000,0,AVAXUSDT
2026-06-01 03:25:00+00:00,9.049,9.056,9.042,9.052,2731.71,1780284599999,24723.32776000,500,2352.01000000,21287.61021000,0,AVAXUSDT
2026-06-01 03:30:00+00:00,9.052,9.064,9.052,9.058,5447.69,1780284899999,49347.46770000,750,3170.06000000,28712.03903000,0,AVAXUSDT
2026-06-01 03:35:00+00:00,9.059,9.064,9.023,9.027,6131.56,1780285199999,55468.41474000,1286,2041.66000000,18472.74537000,0,AVAXUSDT
2026-06-01 03:40:00+00:00,9.028,9.032,9.021,9.032,1242.35,1780285499999,11214.09387000,451,564.34000000,5093.76717000,0,AVAXUSDT
2026-06-01 03:45:00+00:00,9.032,9.035,9.026,9.03,1650.74,1780285799999,14907.78719000,508,631.29000000,5701.50929000,0,AVAXUSDT
2026-06-01 03:50:00+00:00,9.031,9.038,9.006,9.006,3713.32,1780286099999,33509.90513000,996,1085.52000000,9797.42707000,0,AVAXUSDT
2026-06-01 03:55:00+00:00,9.005,9.022,9.005,9.02,3538.37,1780286399999,31889.62256000,690,1438.26000000,12965.46172000,0,AVAXUSDT
2026-06-01 04:00:00+00:00,9.02,9.044,9.02,9.028,5380.4,1780286699999,48601.87615000,1154,3740.76000000,33786.02088000,0,AVAXUSDT
2026-06-01 04:05:00+00:00,9.028,9.028,8.999,9.0,1713.48,1780286999999,15437.27595000,767,618.59000000,5572.54057000,0,AVAXUSDT
2026-06-01 04:10:00+00:00,8.999,8.999,8.973,8.984,3437.02,1780287299999,30877.27351000,973,2794.12000000,25100.83528000,0,AVAXUSDT
2026-06-01 04:15:00+00:00,8.984,8.991,8.966,8.966,4221.15,1780287599999,37890.39579000,879,2390.89000000,21453.72858000,0,AVAXUSDT
2026-06-01 04:20:00+00:00,8.965,8.968,8.933,8.938,12790.62,1780287899999,114457.33834000,1834,4262.44000000,38143.19358000,0,AVAXUSDT
2026-06-01 04:25:00+00:00,8.937,8.944,8.924,8.925,2264.92,1780288199999,20237.55115000,895,917.12000000,8196.55172000,0,AVAXUSDT
2026-06-01 04:30:00+00:00,8.925,8.942,8.919,8.94,3365.13,1780288499999,30047.59457000,950,1675.96000000,14966.58232000,0,AVAXUSDT
2026-06-01 04:35:00+00:00,8.94,8.958,8.938,8.951,1705.44,1780288799999,15264.70756000,552,822.57000000,7364.68320000,0,AVAXUSDT
2026-06-01 04:40:00+00:00,8.952,8.957,8.946,8.957,988.07,1780289099999,8847.43748000,410,787.20000000,7049.03411000,0,AVAXUSDT
2026-06-01 04:45:00+00:00,8.956,8.956,8.898,8.912,8724.07,1780289399999,77874.84060000,1238,3954.88000000,35313.76535000,0,AVAXUSDT
2026-06-01 04:50:00+00:00,8.912,8.946,8.912,8.945,3725.25,1780289699999,33248.98715000,704,1747.10000000,15599.20933000,0,AVAXUSDT
2026-06-01 04:55:00+00:00,8.945,8.959,8.941,8.95,1343.29,1780289999999,12021.47671000,496,799.77000000,7156.62224000,0,AVAXUSDT
2026-06-01 05:00:00+00:00,8.949,8.954,8.921,8.942,1721.33,1780290299999,15386.89550000,814,937.45000000,8378.82835000,0,AVAXUSDT
2026-06-01 05:05:00+00:00,8.943,8.947,8.928,8.928,2509.25,1780290599999,22431.00416000,526,1683.51000000,15049.00990000,0,AVAXUSDT
2026-06-01 05:10:00+00:00,8.927,8.93,8.914,8.93,3262.96,1780290899999,29107.30756000,812,2181.51000000,19461.42671000,0,AVAXUSDT
2026-06-01 05:15:00+00:00,8.93,8.93,8.91,8.914,1699.45,1780291199999,15154.65380000,698,785.50000000,7004.15781000,0,AVAXUSDT
2026-06-01 05:20:00+00:00,8.915,8.937,8.915,8.921,1838.66,1780291499999,16417.69435000,544,857.84000000,7658.04161000,0,AVAXUSDT
2026-06-01 05:25:00+00:00,8.92,8.92,8.888,8.89,2456.77,1780291799999,21861.99590000,1076,1288.14000000,11462.31089000,0,AVAXUSDT
2026-06-01 05:30:00+00:00,8.891,8.917,8.889,8.906,3547.92,1780292099999,31587.52879000,755,1678.66000000,14948.98368000,0,AVAXUSDT
2026-06-01 05:35:00+00:00,8.906,8.908,8.874,8.9,5500.54,1780292399999,48883.35640000,958,2129.13000000,18918.68412000,0,AVAXUSDT
2026-06-01 05:40:00+00:00,8.901,8.914,8.901,8.914,1866.1,1780292699999,16625.42834000,358,1643.37000000,14641.19660000,0,AVAXUSDT
2026-06-01 05:45:00+00:00,8.915,8.937,8.909,8.922,4566.61,1780292999999,40766.20559000,579,1025.39000000,9150.41239000,0,AVAXUSDT
2026-06-01 05:50:00+00:00,8.922,8.923,8.909,8.909,2641.53,1780293299999,23553.50942000,474,1813.26000000,16170.87300000,0,AVAXUSDT
2026-06-01 05:55:00+00:00,8.909,8.909,8.886,8.89,3379.68,1780293599999,30049.72181000,598,1859.44000000,16531.61257000,0,AVAXUSDT
2026-06-01 06:00:00+00:00,8.89,8.903,8.874,8.878,3014.25,1780293899999,26794.71957000,965,1281.33000000,11389.04872000,0,AVAXUSDT
2026-06-01 06:05:00+00:00,8.877,8.879,8.857,8.859,5402.51,1780294199999,47906.75480000,1336,1926.47000000,17082.38759000,0,AVAXUSDT
2026-06-01 06:10:00+00:00,8.859,8.874,8.856,8.872,3396.64,1780294499999,30117.10731000,715,1425.42000000,12641.66076000,0,AVAXUSDT
2026-06-01 06:15:00+00:00,8.873,8.879,8.867,8.867,2669.45,1780294799999,23681.92483000,630,1428.03000000,12668.57691000,0,AVAXUSDT
2026-06-01 06:20:00+00:00,8.866,8.87,8.847,8.863,5801.03,1780295099999,51375.48781000,1363,2446.03000000,21665.84925000,0,AVAXUSDT
2026-06-01 06:25:00+00:00,8.863,8.863,8.848,8.857,2840.71,1780295399999,25155.55771000,841,963.31000000,8529.60271000,0,AVAXUSDT
2026-06-01 06:30:00+00:00,8.856,8.858,8.836,8.847,6444.43,1780295699999,57031.42457000,1554,3380.70000000,29919.34622000,0,AVAXUSDT
2026-06-01 06:35:00+00:00,8.847,8.847,8.825,8.837,4301.05,1780295999999,38000.28012000,1535,1209.53000000,10684.98507000,0,AVAXUSDT
2026-06-01 06:40:00+00:00,8.836,8.838,8.818,8.82,6243.66,1780296299999,55116.12242000,1215,2467.58000000,21794.13691000,0,AVAXUSDT
2026-06-01 06:45:00+00:00,8.82,8.85,8.815,8.849,8382.06,1780296599999,73983.00534000,1484,5927.20000000,52323.15913000,0,AVAXUSDT
2026-06-01 06:50:00+00:00,8.848,8.855,8.845,8.845,2018.17,1780296899999,17860.07800000,518,565.29000000,5003.29112000,0,AVAXUSDT
2026-06-01 06:55:00+00:00,8.845,8.848,8.835,8.846,2272.6,1780297199999,20095.55328000,638,469.93000000,4154.90049000,0,AVAXUSDT
2026-06-01 07:00:00+00:00,8.846,8.851,8.83,8.849,2334.65,1780297499999,20643.32709000,628,1510.97000000,13361.17526000,0,AVAXUSDT
2026-06-01 07:05:00+00:00,8.848,8.868,8.848,8.868,2302.57,1780297799999,20392.76485000,698,1336.13000000,11832.08024000,0,AVAXUSDT
