open_time,open,high,low,close,volume,close_time,quote_volume,trades,taker_buy_base,taker_buy_quote,ignore,symbol
2026-05-18 07:10:00+00:00,84.76,84.76,84.64,84.74,5034.954,1779088499999,426447.23098000,1811,2534.06300000,214637.43620000,0,SOLUSDT
2026-05-18 07:15:00+00:00,84.74,84.74,84.53,84.53,4039.107,1779088799999,341823.08065000,1608,1584.60700000,134120.99826000,0,SOLUSDT
2026-05-18 07:20:00+00:00,84.52,84.6,84.41,84.59,8186.343,1779089099999,691736.91975000,2030,4590.47200000,387870.02966000,0,SOLUSDT
2026-05-18 07:25:00+00:00,84.58,85.01,84.58,84.94,9616.39,1779089399999,816233.51838000,3188,7096.64400000,602295.76767000,0,SOLUSDT
2026-05-18 07:30:00+00:00,84.94,84.98,84.85,84.91,4543.415,1779089699999,385799.17117000,2199,2081.49600000,176759.52582000,0,SOLUSDT
2026-05-18 07:35:00+00:00,84.9,84.9,84.78,84.79,4164.361,1779089999999,353289.27888000,1762,1772.76500000,150396.59733000,0,SOLUSDT
2026-05-18 07:40:00+00:00,84.79,84.82,84.53,84.57,5756.191,1779090299999,487390.29792000,2060,2051.18800000,173707.97264000,0,SOLUSDT
2026-05-18 07:45:00+00:00,84.56,84.72,84.56,84.64,4359.744,1779090599999,369029.54744000,1559,2301.79300000,194848.47811000,0,SOLUSDT
2026-05-18 07:50:00+00:00,84.64,84.77,84.58,84.76,4416.517,1779090899999,374064.20404000,1428,2320.61300000,196525.84866000,0,SOLUSDT
2026-05-18 07:55:00+00:00,84.77,84.82,84.68,84.76,5897.695,1779091199999,499863.52085000,1650,3598.17400000,304951.52427000,0,SOLUSDT
2026-05-18 08:00:00+00:00,84.76,84.99,84.73,84.98,10642.99,1779091499999,902683.63947000,2551,5398.38700000,457948.45742000,0,SOLUSDT
2026-05-18 08:05:00+00:00,84.98,85.01,84.86,84.87,14850.908,1779091799999,1261681.06704000,2356,7963.18300000,676497.98417000,0,SOLUSDT
2026-05-18 08:10:00+00:00,84.86,84.92,84.8,84.82,11633.841,1779092099999,987378.80814000,1497,8617.37300000,731438.70327000,0,SOLUSDT
2026-05-18 08:15:00+00:00,84.81,84.87,84.76,84.8,4302.963,1779092399999,364936.01386000,1205,1718.87300000,145773.63008000,0,SOLUSDT
2026-05-18 08:20:00+00:00,84.8,84.89,84.78,84.84,5333.847,1779092699999,452494.17886000,1391,3855.45600000,327088.61016000,0,SOLUSDT
2026-05-18 08:25:00+00:00,84.84,84.9,84.83,84.83,2465.148,1779092999999,209185.14769000,864,643.85900000,54638.04440000,0,SOLUSDT
2026-05-18 08:30:00+00:00,84.84,84.85,84.65,84.81,5304.665,1779093299999,449541.93960000,1451,1626.43100000,137820.29942000,0,SOLUSDT
2026-05-18 08:35:00+00:00,84.81,84.81,84.6,84.71,2960.596,1779093599999,250715.79246000,1247,1161.81100000,98381.77570000,0,SOLUSDT
2026-05-18 08:40:00+00:00,84.7,84.73,84.67,84.68,4489.291,1779093899999,380244.86751000,785,1621.61500000,137359.43865000,0,SOLUSDT
2026-05-18 08:45:00+00:00,84.68,84.77,84.65,84.69,3581.872,1779094199999,303482.40956000,943,1958.64900000,165971.42972000,0,SOLUSDT
2026-05-18 08:50:00+00:00,84.69,84.9,84.68,84.89,6802.766,1779094499999,576600.82180000,1200,5145.30900000,436112.09451000,0,SOLUSDT
2026-05-18 08:55:00+00:00,84.88,84.92,84.85,84.91,2823.079,1779094799999,239659.06995000,677,2014.64600000,171032.78159000,0,SOLUSDT
2026-05-18 09:00:00+00:00,84.9,84.93,84.7,84.75,3712.456,1779095099999,314808.88820000,1447,1754.49800000,148769.82823000,0,SOLUSDT
2026-05-18 09:05:00+00:00,84.74,84.75,84.65,84.68,6692.762,1779095399999,566861.84819000,1559,3207.98100000,271702.42538000,0,SOLUSDT
2026-05-18 09:10:00+00:00,84.69,84.71,84.59,84.64,5621.52,1779095699999,475867.66959000,1419,2006.54300000,169867.76195000,0,SOLUSDT
2026-05-18 09:15:00+00:00,84.63,84.76,84.62,84.66,4705.675,1779095999999,398576.48254000,1087,3000.18000000,254110.34092000,0,SOLUSDT
2026-05-18 09:20:00+00:00,84.66,84.74,84.66,84.74,2419.284,1779096299999,204896.58917000,795,1657.16400000,140352.20110000,0,SOLUSDT
2026-05-18 09:25:00+00:00,84.73,84.73,84.62,84.67,2299.05,1779096599999,194682.14663000,1071,1190.34600000,100794.50199000,0,SOLUSDT
2026-05-18 09:30:00+00:00,84.68,84.68,84.54,84.64,4171.728,1779096899999,352893.42606000,1312,1387.54600000,117380.36139000,0,SOLUSDT
2026-05-18 09:35:00+00:00,84.64,84.74,84.64,84.7,4480.603,1779097199999,379519.60874000,1035,2659.67000000,225253.20119000,0,SOLUSDT
2026-05-18 09:40:00+00:00,84.71,84.72,84.61,84.61,3149.447,1779097499999,266598.85178000,775,1447.02700000,122494.33141000,0,SOLUSDT
2026-05-18 09:45:00+00:00,84.62,84.74,84.6,84.68,3733.924,1779097799999,316152.81239000,1114,2303.80300000,195052.29619000,0,SOLUSDT
2026-05-18 09:50:00+00:00,84.68,84.7,84.52,84.54,8038.186,1779098099999,680098.91774000,1268,2378.24200000,201217.57271000,0,SOLUSDT
2026-05-18 09:55:00+00:00,84.54,84.58,84.46,84.49,6028.225,1779098399999,509397.20172000,1022,1665.19700000,140736.76480000,0,SOLUSDT
2026-05-18 10:00:00+00:00,84.49,84.51,84.36,84.38,9256.927,1779098699999,781831.94203000,2074,3239.55700000,273639.05569000,0,SOLUSDT
2026-05-18 10:05:00+00:00,84.37,84.42,84.21,84.33,16277.448,1779098999999,1371931.77095000,4054,6535.36000000,550848.04110000,0,SOLUSDT
2026-05-18 10:10:00+00:00,84.34,84.38,84.24,84.26,7397.436,1779099299999,623782.69487000,1595,2255.40400000,190174.32164000,0,SOLUSDT
2026-05-18 10:15:00+00:00,84.26,84.36,84.24,84.33,4139.393,1779099599999,348999.45291000,1224,2039.91400000,171990.21141000,0,SOLUSDT
2026-05-18 10:20:00+00:00,84.32,84.41,84.24,84.34,4610.192,1779099899999,388733.33473000,1397,2544.82400000,214592.95473000,0,SOLUSDT
2026-05-18 10:25:00+00:00,84.34,84.43,84.3,84.37,8010.244,1779100199999,675757.23582000,1419,4646.12000000,391949.15014000,0,SOLUSDT
2026-05-18 10:30:00+00:00,84.37,84.43,84.3,84.32,12676.445,1779100499999,1069620.27976000,1890,6849.78500000,578064.68511000,0,SOLUSDT
2026-05-18 10:35:00+00:00,84.31,84.42,84.24,84.39,5652.38,1779100799999,476758.49324000,1238,2400.50300000,202463.34910000,0,SOLUSDT
2026-05-18 10:40:00+00:00,84.38,84.41,84.29,84.32,3423.96,1779101099999,288830.91768000,920,1257.13800000,106047.78538000,0,SOLUSDT
2026-05-18 10:45:00+00:00,84.32,84.49,84.32,84.41,6269.989,1779101399999,529292.68343000,1505,4075.03200000,343938.49862000,0,SOLUSDT
2026-05-18 10:50:00+00:00,84.41,84.44,84.34,84.34,5090.927,1779101699999,429549.73967000,891,1868.13300000,157649.71448000,0,SOLUSDT
2026-05-18 10:55:00+00:00,84.35,84.35,84.23,84.26,8406.215,1779101999999,708471.04503000,1051,4391.51400000,370099.59628000,0,SOLUSDT
2026-05-18 11:00:00+00:00,84.27,84.33,84.09,84.27,12563.669,1779102299999,1058016.24332000,2373,6348.52300000,534513.12441000,0,SOLUSDT
2026-05-18 11:05:00+00:00,84.27,84.27,84.1,84.1,5758.475,1779102599999,484879.69861000,1779,1422.01000000,119743.66212000,0,SOLUSDT
2026-05-18 11:10:00+00:00,84.11,84.26,84.08,84.22,4654.918,1779102899999,391863.94056000,1369,2476.79900000,208501.10389000,0,SOLUSDT
2026-05-18 11:15:00+00:00,84.23,84.45,84.22,84.41,5565.806,1779103199999,469450.65289000,1049,2791.41700000,235419.95149000,0,SOLUSDT
2026-05-18 11:20:00+00:00,84.41,84.41,84.29,84.33,3155.669,1779103499999,266117.73992000,1023,1523.43300000,128452.31591000,0,SOLUSDT
2026-05-18 11:25:00+00:00,84.34,84.39,84.32,84.32,2606.986,1779103799999,219917.91305000,570,830.70300000,70077.87731000,0,SOLUSDT
2026-05-18 11:30:00+00:00,84.32,84.58,84.22,84.53,11539.729,1779104099999,973748.96025000,2542,6383.49000000,538772.15957000,0,SOLUSDT
2026-05-18 11:35:00+00:00,84.54,84.89,84.42,84.89,18114.453,1779104399999,1532212.49316000,4279,10057.72500000,850925.93200000,0,SOLUSDT
2026-05-18 11:40:00+00:00,84.89,85.32,84.84,85.23,39333.469,1779104699999,3347047.81216000,9993,30577.66700000,2601880.76217000,0,SOLUSDT
2026-05-18 11:45:00+00:00,85.23,85.25,85.01,85.08,15909.048,1779104999999,1353793.39935000,4237,8280.47700000,704527.87120000,0,SOLUSDT
2026-05-18 11:50:00+00:00,85.08,85.1,84.91,84.96,8615.771,1779105299999,732095.35295000,2004,4137.71600000,351564.14998000,0,SOLUSDT
2026-05-18 11:55:00+00:00,84.96,85.04,84.94,84.96,5963.336,1779105599999,506768.93766000,1801,2595.44800000,220593.59321000,0,SOLUSDT
2026-05-18 12:00:00+00:00,84.97,85.33,84.97,85.02,23191.144,1779105899999,1975345.80065000,5154,13760.26700000,1172326.58540000,0,SOLUSDT
2026-05-18 12:05:00+00:00,85.03,85.38,85.03,85.29,10850.301,1779106199999,924981.81767000,3654,7026.06400000,598937.61904000,0,SOLUSDT
2026-05-18 12:10:00+00:00,85.29,85.33,85.2,85.3,6422.122,1779106499999,547559.37522000,2077,2914.09500000,248469.84940000,0,SOLUSDT
2026-05-18 12:15:00+00:00,85.29,85.36,85.16,85.27,13483.962,1779106799999,1149513.29750000,3494,4898.69800000,417533.85717000,0,SOLUSDT
2026-05-18 12:20:00+00:00,85.26,85.49,85.25,85.47,13557.676,1779107099999,1157626.10761000,3083,10213.22000000,872034.99576000,0,SOLUSDT
2026-05-18 12:25:00+00:00,85.47,85.48,85.18,85.18,13376.094,1779107399999,1140910.98719000,2169,3881.89100000,331020.46462000,0,SOLUSDT
2026-05-18 12:30:00+00:00,85.18,85.46,85.09,85.44,16415.238,1779107699999,1399423.14536000,3726,8117.49400000,692274.32133000,0,SOLUSDT
2026-05-18 12:35:00+00:00,85.45,85.63,85.41,85.6,16748.281,1779107999999,1431742.75753000,5180,8647.40100000,739364.08554000,0,SOLUSDT
2026-05-18 12:40:00+00:00,85.59,85.77,85.55,85.71,26074.303,1779108299999,2233612.05957000,4548,12654.54600000,1084058.09781000,0,SOLUSDT
2026-05-18 12:45:00+00:00,85.71,85.8,85.56,85.57,9253.315,1779108599999,792850.12738000,3869,3415.82300000,292733.71458000,0,SOLUSDT
2026-05-18 12:50:00+00:00,85.57,85.61,85.48,85.51,5909.716,1779108899999,505472.83594000,2505,1565.83500000,133927.26746000,0,SOLUSDT
2026-05-18 12:55:00+00:00,85.52,85.61,85.47,85.57,8060.069,1779109199999,689543.66973000,1953,4305.30000000,368350.75216000,0,SOLUSDT
2026-05-18 13:00:00+00:00,85.57,85.57,85.29,85.32,16906.412,1779109499999,1443727.02421000,4183,4263.79300000,364064.60132000,0,SOLUSDT
2026-05-18 13:05:00+00:00,85.32,85.37,85.26,85.28,6007.232,1779109799999,512400.94447000,2047,2620.70700000,223546.93169000,0,SOLUSDT
2026-05-18 13:10:00+00:00,85.28,85.4,85.25,85.38,3761.321,1779110099999,320910.97075000,1442,1682.00300000,143511.86379000,0,SOLUSDT
2026-05-18 13:15:00+00:00,85.38,85.39,85.23,85.3,5106.742,1779110399999,435512.13762000,1593,2270.94900000,193654.49251000,0,SOLUSDT
2026-05-18 13:20:00+00:00,85.29,85.31,85.23,85.28,2598.646,1779110699999,221577.06458000,878,961.41200000,81977.48289000,0,SOLUSDT
2026-05-18 13:25:00+00:00,85.27,85.31,85.14,85.16,13143.298,1779110999999,1119962.88565000,2568,4631.25600000,394617.00469000,0,SOLUSDT
2026-05-18 13:30:00+00:00,85.15,85.15,84.74,84.87,29926.875,1779111299999,2541942.51362000,8924,9859.64100000,837593.30008000,0,SOLUSDT
2026-05-18 13:35:00+00:00,84.87,84.96,84.33,84.7,32247.76,1779111599999,2726790.80981000,11357,14755.18800000,1247911.34871000,0,SOLUSDT
2026-05-18 13:40:00+00:00,84.69,84.96,84.43,84.6,24426.771,1779111899999,2068730.26278000,9179,10546.38200000,893364.37745000,0,SOLUSDT
2026-05-18 13:45:00+00:00,84.59,84.92,84.46,84.76,28590.372,1779112199999,2419961.91632000,8499,9884.01000000,836974.02217000,0,SOLUSDT
2026-05-18 13:50:00+00:00,84.76,85.02,84.73,84.9,20253.995,1779112499999,1718443.29708000,6303,11221.56300000,952089.93742000,0,SOLUSDT
2026-05-18 13:55:00+00:00,84.89,84.95,84.63,84.69,9424.261,1779112799999,799012.67462000,4466,4859.61600000,412019.12032000,0,SOLUSDT
2026-05-18 14:00:00+00:00,84.69,84.69,84.4,84.64,13600.911,1779113099999,1149758.08054000,6068,5004.09300000,423093.97190000,0,SOLUSDT
2026-05-18 14:05:00+00:00,84.64,84.66,84.42,84.61,19341.103,1779113399999,1634808.46349000,6178,8083.87300000,683282.24653000,0,SOLUSDT
2026-05-18 14:10:00+00:00,84.6,84.62,84.34,84.42,10117.186,1779113699999,854743.46246000,4154,3865.02700000,326519.49746000,0,SOLUSDT
2026-05-18 14:15:00+00:00,84.42,84.52,84.02,84.3,29734.311,1779113999999,2503485.55321000,8305,10027.05400000,844809.05182000,0,SOLUSDT
2026-05-18 14:20:00+00:00,84.31,84.44,84.24,84.3,16836.834,1779114299999,1419972.58971000,5911,10404.21800000,877406.64643000,0,SOLUSDT
2026-05-18 14:25:00+00:00,84.3,84.44,84.2,84.23,10278.715,1779114599999,866851.65794000,3692,4264.51300000,359728.13394000,0,SOLUSDT
2026-05-18 14:30:00+00:00,84.23,84.32,83.83,83.9,33784.251,1779114899999,2839189.17311000,10041,8842.64800000,743652.21879000,0,SOLUSDT
2026-05-18 14:35:00+00:00,83.9,84.25,83.75,84.18,24708.06,1779115199999,2075203.49965000,8681,13228.57100000,1111531.49872000,0,SOLUSDT
2026-05-18 14:40:00+00:00,84.17,84.21,84.03,84.05,10557.677,1779115499999,887837.48625000,4676,4199.76200000,353172.58462000,0,SOLUSDT
2026-05-18 14:45:00+00:00,84.05,84.06,83.72,83.94,12700.554,1779115799999,1065421.01871000,6445,6589.60200000,552958.44252000,0,SOLUSDT
2026-05-18 14:50:00+00:00,83.93,84.11,83.87,83.88,7284.088,1779116099999,611789.56853000,3901,3094.02000000,259927.72357000,0,SOLUSDT
2026-05-18 14:55:00+00:00,83.88,83.99,83.8,83.98,10078.725,1779116399999,845788.52111000,3277,4382.78600000,367832.42516000,0,SOLUSDT
2026-05-18 15:00:00+00:00,83.98,84.02,83.62,83.72,32125.824,1779116699999,2691576.30461000,11225,10314.35800000,864295.55176000,0,SOLUSDT
2026-05-18 15:05:00+00:00,83.71,83.9,83.64,83.75,10564.716,1779116999999,884755.93687000,6205,5556.45400000,465311.19113000,0,SOLUSDT
2026-05-18 15:10:00+00:00,83.75,84.06,83.74,83.95,15690.743,1779117299999,1317529.11584000,4428,11009.78100000,924528.23346000,0,SOLUSDT
2026-05-18 15:15:00+00:00,83.95,83.98,83.71,83.75,11667.212,1779117599999,978293.25749000,3810,3864.19500000,323922.61028000,0,SOLUSDT
2026-05-18 15:20:00+00:00,83.74,83.87,83.74,83.83,8308.811,1779117899999,696235.73332000,3908,4314.90100000,361569.58029000,0,SOLUSDT
2026-05-18 15:25:00+00:00,83.84,84.0,83.71,83.74,9069.502,1779118199999,760375.58774000,4039,4257.75900000,357066.42849000,0,SOLUSDT
2026-05-18 15:30:00+00:00,83.73,83.99,83.64,83.99,12644.025,1779118499999,1060238.56923000,4788,7156.05000000,600090.79169000,0,SOLUSDT
2026-05-18 15:35:00+00:00,83.99,84.12,83.98,83.99,14344.398,1779118799999,1205606.23265000,3459,11129.02300000,935401.57004000,0,SOLUSDT
2026-05-18 15:40:00+00:00,83.99,84.21,83.97,84.14,7853.973,1779119099999,660571.94037000,2930,4451.31700000,374291.20544000,0,SOLUSDT
2026-05-18 15:45:00+00:00,84.14,84.21,84.11,84.12,4600.139,1779119399999,387127.82140000,1695,2716.93500000,228658.84173000,0,SOLUSDT
2026-05-18 15:50:00+00:00,84.12,84.31,84.1,84.3,7532.295,1779119699999,634064.04202000,2536,4532.16300000,381557.16509000,0,SOLUSDT
2026-05-18 15:55:00+00:00,84.3,84.4,84.17,84.2,7418.527,1779119999999,625402.42964000,2729,4498.95800000,379299.31925000,0,SOLUSDT
2026-05-18 16:00:00+00:00,84.21,84.26,84.09,84.13,4214.399,1779120299999,354682.54716000,2289,2216.69800000,186557.58968000,0,SOLUSDT
2026-05-18 16:05:00+00:00,84.13,84.21,84.08,84.18,6193.876,1779120599999,521145.49710000,2579,2922.70000000,245939.92244000,0,SOLUSDT
2026-05-18 16:10:00+00:00,84.18,84.55,84.15,84.38,24376.029,1779120899999,2057257.19483000,3921,19417.91400000,1639001.39835000,0,SOLUSDT
2026-05-18 16:15:00+00:00,84.38,84.49,84.36,84.42,5272.24,1779121199999,445093.49860000,2164,3478.98200000,293716.30572000,0,SOLUSDT
2026-05-18 16:20:00+00:00,84.41,84.51,84.17,84.28,8938.087,1779121499999,753956.82476000,2767,3378.97100000,285052.79300000,0,SOLUSDT
2026-05-18 16:25:00+00:00,84.28,84.28,84.01,84.08,11694.332,1779121799999,983662.28775000,3708,3043.51600000,255913.43051000,0,SOLUSDT
2026-05-18 16:30:00+00:00,84.07,84.24,83.99,84.2,11326.75,1779122099999,953162.50704000,4191,6705.63200000,564366.02992000,0,SOLUSDT
2026-05-18 16:35:00+00:00,84.19,84.4,84.19,84.3,10689.012,1779122399999,900815.64631000,3212,4593.78200000,387192.57549000,0,SOLUSDT
2026-05-18 16:40:00+00:00,84.31,84.36,84.23,84.33,6240.101,1779122699999,525993.03368000,2085,3563.51900000,300376.38597000,0,SOLUSDT
2026-05-18 16:45:00+00:00,84.34,84.48,84.33,84.35,8988.14,1779122999999,758512.77726000,2831,4133.45600000,348808.06323000,0,SOLUSDT
2026-05-18 16:50:00+00:00,84.36,84.45,84.3,84.44,4831.054,1779123299999,407705.53608000,2211,2994.74900000,252751.19244000,0,SOLUSDT
2026-05-18 16:55:00+00:00,84.44,84.5,84.33,84.33,7556.171,1779123599999,637943.40517000,2142,2886.74700000,243751.79198000,0,SOLUSDT
2026-05-18 17:00:00+00:00,84.33,84.49,84.25,84.49,5247.956,1779123899999,442744.55425000,2524,2769.81900000,233716.47932000,0,SOLUSDT
2026-05-18 17:05:00+00:00,84.49,84.7,84.45,84.51,7991.452,1779124199999,675985.50147000,3556,4082.94000000,345331.12535000,0,SOLUSDT
2026-05-18 17:10:00+00:00,84.51,84.54,84.35,84.4,4734.84,1779124499999,399970.72137000,1461,1781.55200000,150493.26834000,0,SOLUSDT
2026-05-18 17:15:00+00:00,84.41,84.57,84.41,84.52,7481.231,1779124799999,632223.92841000,2164,6036.87000000,510189.70204000,0,SOLUSDT
2026-05-18 17:20:00+00:00,84.53,84.55,84.38,84.49,3967.846,1779125099999,335149.67820000,1616,1713.97300000,144789.40037000,0,SOLUSDT
2026-05-18 17:25:00+00:00,84.49,84.49,84.4,84.45,3630.334,1779125399999,306595.51059000,1305,2124.60200000,179433.58076000,0,SOLUSDT
2026-05-18 17:30:00+00:00,84.45,84.47,84.32,84.35,3060.469,1779125699999,258222.05387000,1445,857.44900000,72370.11195000,0,SOLUSDT
2026-05-18 17:35:00+00:00,84.35,84.37,84.27,84.33,2624.81,1779125999999,221321.58904000,1636,1669.71800000,140797.11821000,0,SOLUSDT
2026-05-18 17:40:00+00:00,84.32,84.44,84.3,84.38,2666.53,1779126299999,224975.81851000,1546,1778.77700000,150076.26413000,0,SOLUSDT
2026-05-18 17:45:00+00:00,84.38,84.46,84.3,84.35,3395.456,1779126599999,286515.63879000,1556,1919.82200000,162005.11554000,0,SOLUSDT
2026-05-18 17:50:00+00:00,84.36,84.47,84.36,84.38,3449.955,1779126899999,291216.39645000,1091,1522.83800000,128545.86590000,0,SOLUSDT
2026-05-18 17:55:00+00:00,84.38,84.42,84.32,84.41,3755.384,1779127199999,316877.62810000,1283,2677.63100000,225946.71050000,0,SOLUSDT
2026-05-18 18:00:00+00:00,84.41,84.43,84.2,84.22,5560.392,1779127499999,468618.50046000,2543,1714.75400000,144498.39322000,0,SOLUSDT
2026-05-18 18:05:00+00:00,84.22,84.23,84.01,84.1,7866.82,1779127799999,661414.60265000,2092,5284.31600000,444221.60981000,0,SOLUSDT
2026-05-18 18:10:00+00:00,84.11,84.11,83.97,84.02,4157.066,1779128099999,349316.00625000,2006,1033.94200000,86889.56388000,0,SOLUSDT
2026-05-18 18:15:00+00:00,84.02,84.02,83.77,83.83,6856.519,1779128399999,575090.54972000,3553,2949.74800000,247325.67153000,0,SOLUSDT
2026-05-18 18:20:00+00:00,83.83,83.87,83.71,83.84,6072.942,1779128699999,508858.91996000,2981,2875.07800000,240946.67219000,0,SOLUSDT
2026-05-18 18:25:00+00:00,83.84,83.88,83.5,83.83,30889.408,1779128999999,2583666.65158000,8451,7224.01800000,604155.73361000,0,SOLUSDT
2026-05-18 18:30:00+00:00,83.82,83.96,83.77,83.91,2725.093,1779129299999,228526.14999000,2898,1658.29400000,139054.76302000,0,SOLUSDT
2026-05-18 18:35:00+00:00,83.92,83.99,83.8,83.83,12223.581,1779129599999,1026096.56740000,2476,4213.75700000,353690.29205000,0,SOLUSDT
2026-05-18 18:40:00+00:00,83.83,83.95,83.81,83.9,10680.984,1779129899999,895840.74497000,2460,2697.80500000,226335.93038000,0,SOLUSDT
2026-05-18 18:45:00+00:00,83.9,83.98,83.79,83.84,7634.522,1779130199999,640362.38149000,2375,4331.40100000,363278.74794000,0,SOLUSDT
2026-05-18 18:50:00+00:00,83.83,83.88,83.71,83.72,3382.592,1779130499999,283533.79398000,2346,1014.79000000,85061.23218000,0,SOLUSDT
2026-05-18 18:55:00+00:00,83.71,83.85,83.51,83.53,14889.458,1779130799999,1245219.90407000,4813,6296.23800000,526490.93701000,0,SOLUSDT
2026-05-18 19:00:00+00:00,83.53,84.95,83.51,84.67,52209.873,1779131099999,4411106.72885000,18785,37274.71400000,3149247.30106000,0,SOLUSDT
2026-05-18 19:05:00+00:00,84.67,84.79,84.31,84.59,14185.024,1779131399999,1198770.83290000,6083,7252.30200000,612858.40170000,0,SOLUSDT
2026-05-18 19:10:00+00:00,84.6,84.71,84.54,84.61,15941.772,1779131699999,1349016.70528000,5403,8037.10600000,680048.63741000,0,SOLUSDT
2026-05-18 19:15:00+00:00,84.61,84.68,84.47,84.55,7577.943,1779131999999,641005.57621000,3588,4247.72800000,359343.33279000,0,SOLUSDT
2026-05-18 19:20:00+00:00,84.54,84.68,84.45,84.46,12260.59,1779132299999,1036538.47185000,3021,6988.50600000,590882.78589000,0,SOLUSDT
2026-05-18 19:25:00+00:00,84.45,84.52,84.33,84.45,6618.016,1779132599999,558644.19852000,2573,2484.17600000,209716.41726000,0,SOLUSDT
2026-05-18 19:30:00+00:00,84.45,84.65,84.43,84.53,6610.216,1779132899999,558904.69244000,2834,4484.29100000,379149.78381000,0,SOLUSDT
2026-05-18 19:35:00+00:00,84.54,84.76,84.54,84.68,10526.649,1779133199999,891412.71476000,2436,6609.44100000,559690.98238000,0,SOLUSDT
2026-05-18 19:40:00+00:00,84.69,84.95,84.67,84.88,11071.964,1779133499999,938876.51427000,2965,7267.42700000,616362.83445000,0,SOLUSDT
2026-05-18 19:45:00+00:00,84.89,85.02,84.86,84.94,23902.22,1779133799999,2030471.18889000,4835,17685.58200000,1502456.78030000,0,SOLUSDT
2026-05-18 19:50:00+00:00,84.95,85.23,84.93,85.05,13889.728,1779134099999,1181844.81536000,4136,8403.33300000,715173.73878000,0,SOLUSDT
2026-05-18 19:55:00+00:00,85.04,85.15,84.98,84.99,9267.002,1779134399999,788094.58107000,2691,4865.83300000,413768.10468000,0,SOLUSDT
2026-05-18 20:00:00+00:00,85.0,85.23,85.0,85.07,15772.932,1779134699999,1342818.46085000,4262,9351.06400000,796058.40873000,0,SOLUSDT
2026-05-18 20:05:00+00:00,85.07,85.15,85.0,85.13,6935.366,1779134999999,589911.27771000,2014,959.10200000,81611.76611000,0,SOLUSDT
2026-05-18 20:10:00+00:00,85.13,85.33,85.13,85.24,7099.947,1779135299999,605264.42550000,2331,4336.32800000,369677.80503000,0,SOLUSDT
2026-05-18 20:15:00+00:00,85.23,85.37,85.23,85.3,7334.108,1779135599999,625799.19025000,2180,2358.08900000,201229.23666000,0,SOLUSDT
2026-05-18 20:20:00+00:00,85.29,85.36,85.22,85.36,7530.706,1779135899999,642200.46652000,1965,4002.95100000,341394.81265000,0,SOLUSDT
2026-05-18 20:25:00+00:00,85.35,85.38,85.31,85.34,5815.353,1779136199999,496324.87664000,1873,2932.10400000,250264.02964000,0,SOLUSDT
2026-05-18 20:30:00+00:00,85.35,85.41,85.23,85.25,7081.843,1779136499999,604324.49676000,1820,3911.74900000,333897.26816000,0,SOLUSDT
2026-05-18 20:35:00+00:00,85.25,85.27,85.14,85.14,10649.193,1779136799999,907468.63367000,1838,6385.07200000,544151.37770000,0,SOLUSDT
2026-05-18 20:40:00+00:00,85.14,85.15,85.02,85.06,3482.025,1779137099999,296227.97016000,1568,879.22700000,74798.39860000,0,SOLUSDT
2026-05-18 20:45:00+00:00,85.07,85.07,84.9,84.91,4622.847,1779137399999,392734.81268000,1838,1055.86100000,89674.81907000,0,SOLUSDT
2026-05-18 20:50:00+00:00,84.91,84.97,84.85,84.96,3523.286,1779137699999,299128.65672000,1411,1134.51100000,96337.21645000,0,SOLUSDT
2026-05-18 20:55:00+00:00,84.95,85.02,84.88,84.93,7040.614,1779137999999,598024.16134000,1701,2855.97000000,242598.28376000,0,SOLUSDT
2026-05-18 21:00:00+00:00,84.93,84.97,84.79,84.89,8700.525,1779138299999,738558.75693000,2491,4252.66500000,360974.16435000,0,SOLUSDT
2026-05-18 21:05:00+00:00,84.89,84.89,84.81,84.86,3700.514,1779138599999,313950.68997000,796,1602.51500000,135955.15447000,0,SOLUSDT
2026-05-18 21:10:00+00:00,84.86,85.15,84.82,85.08,7107.021,1779138899999,604075.73686000,2064,3714.03700000,315718.60427000,0,SOLUSDT
2026-05-18 21:15:00+00:00,85.08,85.15,85.06,85.12,2721.215,1779139199999,231602.38696000,1326,1915.31300000,163022.59606000,0,SOLUSDT
2026-05-18 21:20:00+00:00,85.13,85.21,85.12,85.14,6950.58,1779139499999,591941.97603000,1585,5208.67900000,443580.60118000,0,SOLUSDT
2026-05-18 21:25:00+00:00,85.14,85.36,85.12,85.3,10111.355,1779139799999,861779.45979000,1970,6658.71900000,567398.59437000,0,SOLUSDT
2026-05-18 21:30:00+00:00,85.31,85.67,85.31,85.46,15601.879,1779140099999,1334398.65375000,3576,11002.24400000,941164.71948000,0,SOLUSDT
2026-05-18 21:35:00+00:00,85.46,85.54,85.4,85.5,15396.593,1779140399999,1315946.41646000,2859,7717.36700000,659597.99069000,0,SOLUSDT
2026-05-18 21:40:00+00:00,85.5,85.57,85.44,85.54,8312.045,1779140699999,710827.45981000,2479,4775.64300000,408405.44678000,0,SOLUSDT
2026-05-18 21:45:00+00:00,85.55,85.55,85.44,85.47,3186.976,1779140999999,272467.71715000,1209,1497.34000000,128009.75576000,0,SOLUSDT
2026-05-18 21:50:00+00:00,85.48,85.59,85.47,85.56,2535.095,1779141299999,216870.72996000,1592,913.63000000,78152.34582000,0,SOLUSDT
2026-05-18 21:55:00+00:00,85.56,85.6,85.56,85.57,3517.446,1779141599999,301024.38224000,1048,2188.04700000,187256.91381000,0,SOLUSDT
2026-05-18 22:00:00+00:00,85.58,85.62,85.46,85.49,12001.116,1779141899999,1026518.53014000,2896,4143.26800000,354522.76666000,0,SOLUSDT
2026-05-18 22:05:00+00:00,85.5,85.68,85.5,85.58,5520.11,1779142199999,472597.99370000,1764,3473.72100000,297392.95687000,0,SOLUSDT
2026-05-18 22:10:00+00:00,85.58,85.66,85.54,85.63,6259.387,1779142499999,535887.50017000,1207,4328.68400000,370600.90058000,0,SOLUSDT
2026-05-18 22:15:00+00:00,85.62,85.77,85.59,85.71,8862.185,1779142799999,759298.39457000,1714,7035.55900000,602804.27095000,0,SOLUSDT
2026-05-18 22:20:00+00:00,85.71,85.75,85.63,85.68,3496.587,1779143099999,299588.68855000,1053,1846.26500000,158196.11602000,0,SOLUSDT
2026-05-18 22:25:00+00:00,85.67,85.68,85.55,85.56,7007.695,1779143399999,600028.77087000,1271,2947.39100000,252378.25962000,0,SOLUSDT
2026-05-18 22:30:00+00:00,85.56,85.6,85.52,85.52,7594.052,1779143699999,649837.78639000,1249,5208.65700000,445746.94284000,0,SOLUSDT
2026-05-18 22:35:00+00:00,85.52,85.59,85.52,85.55,1541.556,1779143999999,131890.17482000,682,684.43000000,58554.92883000,0,SOLUSDT
2026-05-18 22:40:00+00:00,85.55,85.55,85.36,85.41,4513.783,1779144299999,385599.98619000,1334,1473.01300000,125814.79946000,0,SOLUSDT
2026-05-18 22:45:00+00:00,85.41,85.41,85.3,85.32,3215.628,1779144599999,274431.04950000,1188,521.16600000,44470.78373000,0,SOLUSDT
2026-05-18 22:50:00+00:00,85.32,85.38,85.27,85.35,4218.061,1779144899999,359877.40291000,1406,1592.15500000,135852.58873000,0,SOLUSDT
2026-05-18 22:55:00+00:00,85.35,85.46,85.33,85.46,1962.522,1779145199999,167584.75591000,638,865.46200000,73909.99363000,0,SOLUSDT
2026-05-18 23:00:00+00:00,85.45,85.64,85.44,85.55,4188.022,1779145499999,358244.79761000,1329,2846.77400000,243533.80700000,0,SOLUSDT
2026-05-18 23:05:00+00:00,85.54,85.54,85.43,85.53,4657.858,1779145799999,398220.20130000,972,1438.82800000,122990.90599000,0,SOLUSDT
2026-05-18 23:10:00+00:00,85.54,85.55,85.47,85.47,1935.823,1779146099999,165554.17471000,714,479.61400000,41022.89586000,0,SOLUSDT
2026-05-18 23:15:00+00:00,85.48,85.48,85.41,85.41,1973.89,1779146399999,168656.34256000,636,870.41400000,74370.50150000,0,SOLUSDT
2026-05-18 23:20:00+00:00,85.41,85.52,85.38,85.5,2776.754,1779146699999,237294.13667000,661,1097.02400000,93751.71022000,0,SOLUSDT
2026-05-18 23:25:00+00:00,85.49,85.51,85.46,85.46,1226.468,1779146999999,104835.83441000,471,600.72300000,51345.70452000,0,SOLUSDT
2026-05-18 23:30:00+00:00,85.46,85.48,85.36,85.39,2729.567,1779147299999,233164.96614000,1084,1121.24400000,95769.93724000,0,SOLUSDT
2026-05-18 23:35:00+00:00,85.39,85.5,85.38,85.5,2048.43,1779147599999,175025.73403000,711,1025.65200000,87627.63839000,0,SOLUSDT
2026-05-18 23:40:00+00:00,85.5,85.55,85.47,85.55,2916.621,1779147899999,249414.13962000,740,1991.27400000,170286.10771000,0,SOLUSDT
2026-05-18 23:45:00+00:00,85.54,85.54,85.36,85.4,5180.804,1779148199999,442651.25650000,1286,2108.16100000,180117.03088000,0,SOLUSDT
2026-05-18 23:50:00+00:00,85.39,85.4,85.26,85.3,2326.007,1779148499999,198452.99220000,850,377.80100000,32227.64921000,0,SOLUSDT
2026-05-18 23:55:00+00:00,85.29,85.38,85.29,85.38,1339.229,1779148799999,114294.93971000,592,861.97800000,73561.37520000,0,SOLUSDT
2026-05-19 00:00:00+00:00,85.38,85.45,85.34,85.34,7285.824,1779149099999,622140.78710000,2297,4845.45700000,413757.98082000,0,SOLUSDT
2026-05-19 00:05:00+00:00,85.35,85.48,85.32,85.44,3363.003,1779149399999,287198.60059000,1646,2036.35600000,173901.13817000,0,SOLUSDT
2026-05-19 00:10:00+00:00,85.45,85.61,85.45,85.52,4717.956,1779149699999,403605.10620000,1691,2928.74400000,250526.27759000,0,SOLUSDT
2026-05-19 00:15:00+00:00,85.52,85.63,85.49,85.63,3016.59,1779149999999,258083.91504000,1273,2132.47900000,182443.65470000,0,SOLUSDT
2026-05-19 00:20:00+00:00,85.63,85.97,85.62,85.79,12686.168,1779150299999,1088405.44070000,3997,8589.61500000,736848.17721000,0,SOLUSDT
2026-05-19 00:25:00+00:00,85.79,85.87,85.77,85.8,10584.15,1779150599999,908198.35366000,1413,5079.43400000,435901.82404000,0,SOLUSDT
2026-05-19 00:30:00+00:00,85.81,85.86,85.74,85.75,14245.026,1779150899999,1221881.78152000,1280,1567.59000000,134524.12801000,0,SOLUSDT
2026-05-19 00:35:00+00:00,85.75,85.81,85.64,85.66,3920.172,1779151199999,336127.99881000,1447,1685.32000000,144537.65198000,0,SOLUSDT
2026-05-19 00:40:00+00:00,85.66,85.66,85.58,85.64,13377.758,1779151499999,1145371.47945000,2323,5717.06200000,489514.42067000,0,SOLUSDT
2026-05-19 00:45:00+00:00,85.64,85.7,85.61,85.7,4666.442,1779151799999,399717.17018000,1817,3554.97700000,304530.92902000,0,SOLUSDT
2026-05-19 00:50:00+00:00,85.69,85.79,85.59,85.6,4012.822,1779152099999,343812.91778000,1294,2142.17600000,183581.02815000,0,SOLUSDT
2026-05-19 00:55:00+00:00,85.6,85.64,85.57,85.58,6947.725,1779152399999,594720.96775000,1992,5451.81900000,466671.75277000,0,SOLUSDT
2026-05-19 01:00:00+00:00,85.58,85.58,85.44,85.51,8407.291,1779152699999,718766.85619000,2186,5429.70300000,464188.53995000,0,SOLUSDT
2026-05-19 01:05:00+00:00,85.51,85.6,85.49,85.54,4509.035,1779152999999,385708.84071000,1852,3122.61900000,267118.51885000,0,SOLUSDT
2026-05-19 01:10:00+00:00,85.54,85.58,85.46,85.5,2667.833,1779153299999,228170.11310000,1462,1836.70500000,157089.13938000,0,SOLUSDT
2026-05-19 01:15:00+00:00,85.5,85.51,85.31,85.37,7426.48,1779153599999,634301.58924000,2527,3690.63700000,315247.68963000,0,SOLUSDT
2026-05-19 01:20:00+00:00,85.36,85.38,85.22,85.24,4705.21,1779153899999,401256.46249000,2135,2000.87800000,170640.36256000,0,SOLUSDT
2026-05-19 01:25:00+00:00,85.24,85.25,85.05,85.08,10311.661,1779154199999,877534.75290000,3366,4653.72300000,395968.47836000,0,SOLUSDT
2026-05-19 01:30:00+00:00,85.08,85.27,85.0,85.26,10483.441,1779154499999,892346.65572000,3505,7300.93600000,621532.39733000,0,SOLUSDT
2026-05-19 01:35:00+00:00,85.25,85.35,85.18,85.18,4544.765,1779154799999,387465.75263000,2253,2084.54700000,177728.77064000,0,SOLUSDT
2026-05-19 01:40:00+00:00,85.17,85.29,85.14,85.23,3300.631,1779155099999,281236.52339000,1714,2811.70100000,239578.34701000,0,SOLUSDT
2026-05-19 01:45:00+00:00,85.24,85.24,85.0,85.03,4594.845,1779155399999,391073.14234000,1748,1837.24300000,156378.49773000,0,SOLUSDT
2026-05-19 01:50:00+00:00,85.02,85.09,85.0,85.02,3416.381,1779155699999,290558.39709000,1338,2018.18500000,171640.14325000,0,SOLUSDT
2026-05-19 01:55:00+00:00,85.02,85.02,84.9,84.9,6939.753,1779155999999,589695.20706000,1541,3064.60400000,260399.99250000,0,SOLUSDT
2026-05-19 02:00:00+00:00,84.9,84.99,84.62,84.71,11336.667,1779156299999,961723.51289000,3811,5187.85000000,440314.65721000,0,SOLUSDT
2026-05-19 02:05:00+00:00,84.71,84.84,84.68,84.73,3231.85,1779156599999,273974.54353000,1789,1888.46700000,160086.07709000,0,SOLUSDT
2026-05-19 02:10:00+00:00,84.74,84.87,84.74,84.87,7583.248,1779156899999,642990.86640000,1511,3715.62400000,315048.98707000,0,SOLUSDT
2026-05-19 02:15:00+00:00,84.86,84.97,84.76,84.93,5530.572,1779157199999,469390.60453000,1995,2965.26100000,251667.60701000,0,SOLUSDT
2026-05-19 02:20:00+00:00,84.94,85.3,84.93,85.28,7161.408,1779157499999,609376.73402000,2394,5938.81900000,505384.78806000,0,SOLUSDT
2026-05-19 02:25:00+00:00,85.28,85.28,85.09,85.09,3616.725,1779157799999,308176.60681000,1168,1491.76800000,127147.39859000,0,SOLUSDT
2026-05-19 02:30:00+00:00,85.09,85.1,84.97,84.97,3723.832,1779158099999,316675.65908000,1471,1654.45900000,140707.07268000,0,SOLUSDT
2026-05-19 02:35:00+00:00,84.98,85.0,84.9,84.96,3484.534,1779158399999,295996.55556000,1382,1385.95500000,117745.17380000,0,SOLUSDT
2026-05-19 02:40:00+00:00,84.96,84.98,84.9,84.94,2780.868,1779158699999,236200.69108000,1038,1631.74500000,138593.23044000,0,SOLUSDT
2026-05-19 02:45:00+00:00,84.94,85.04,84.9,84.96,3510.288,1779158999999,298254.21542000,1823,2008.42000000,170627.19678000,0,SOLUSDT
2026-05-19 02:50:00+00:00,84.97,84.97,84.81,84.84,3850.985,1779159299999,326876.25739000,1404,1250.52600000,106153.75016000,0,SOLUSDT
2026-05-19 02:55:00+00:00,84.84,84.87,84.8,84.86,3720.536,1779159599999,315601.65246000,1283,2428.46300000,206002.54026000,0,SOLUSDT
2026-05-19 03:00:00+00:00,84.85,84.85,84.73,84.81,3430.869,1779159899999,290923.53492000,1538,1858.40300000,157587.04656000,0,SOLUSDT
2026-05-19 03:05:00+00:00,84.82,84.94,84.8,84.94,3942.368,1779160199999,334534.49955000,1360,3119.62500000,264707.83473000,0,SOLUSDT
2026-05-19 03:10:00+00:00,84.94,85.01,84.88,85.0,4672.599,1779160499999,396921.70446000,1062,2732.09700000,232128.25371000,0,SOLUSDT
2026-05-19 03:15:00+00:00,85.0,85.16,84.99,85.02,4263.019,1779160799999,362647.86398000,1344,2439.97500000,207560.31406000,0,SOLUSDT
2026-05-19 03:20:00+00:00,85.02,85.05,84.96,84.99,3223.338,1779161099999,274027.79430000,1081,2126.38300000,180782.25509000,0,SOLUSDT
2026-05-19 03:25:00+00:00,85.0,85.05,85.0,85.01,2020.562,1779161399999,171779.82311000,715,936.95800000,79658.97918000,0,SOLUSDT
2026-05-19 03:30:00+00:00,85.02,85.12,85.02,85.11,1836.265,1779161699999,156216.06798000,1092,1282.35900000,109091.98148000,0,SOLUSDT
2026-05-19 03:35:00+00:00,85.11,85.2,85.09,85.17,2552.311,1779161999999,217279.36031000,946,1343.95400000,114426.43272000,0,SOLUSDT
2026-05-19 03:40:00+00:00,85.18,85.22,85.13,85.2,2024.235,1779162299999,172401.11606000,835,1223.87500000,104239.51408000,0,SOLUSDT
2026-05-19 03:45:00+00:00,85.2,85.23,85.16,85.2,1112.28,1779162599999,94761.33312000,724,411.65200000,35072.53028000,0,SOLUSDT
2026-05-19 03:50:00+00:00,85.19,85.23,85.12,85.14,2989.156,1779162899999,254637.32701000,773,1754.76800000,149507.45817000,0,SOLUSDT
2026-05-19 03:55:00+00:00,85.14,85.16,85.03,85.07,2461.758,1779163199999,209463.24631000,581,807.04900000,68675.09753000,0,SOLUSDT
2026-05-19 04:00:00+00:00,85.08,85.15,85.0,85.13,5546.979,1779163499999,471774.27971000,1896,2411.15300000,205079.53731000,0,SOLUSDT
2026-05-19 04:05:00+00:00,85.14,85.23,85.07,85.23,3387.012,1779163799999,288364.81495000,1331,1768.47200000,150606.10376000,0,SOLUSDT
2026-05-19 04:10:00+00:00,85.23,85.31,85.22,85.24,1976.169,1779164099999,168482.70578000,844,932.35300000,79490.54878000,0,SOLUSDT
2026-05-19 04:15:00+00:00,85.25,85.25,85.1,85.12,3157.794,1779164399999,268972.96422000,955,1173.09000000,99932.61570000,0,SOLUSDT
2026-05-19 04:20:00+00:00,85.12,85.18,84.95,84.99,3810.451,1779164699999,324048.02521000,1420,1124.29900000,95653.16702000,0,SOLUSDT
2026-05-19 04:25:00+00:00,84.99,84.99,84.79,84.82,6509.447,1779164999999,552426.63065000,1674,1265.82700000,107413.60902000,0,SOLUSDT
2026-05-19 04:30:00+00:00,84.83,84.97,84.8,84.94,3812.675,1779165299999,323637.13543000,1332,2406.19900000,204232.68863000,0,SOLUSDT
2026-05-19 04:35:00+00:00,84.95,85.12,84.95,85.1,4536.072,1779165599999,385816.34436000,1495,3682.87000000,313244.49375000,0,SOLUSDT
2026-05-19 04:40:00+00:00,85.1,85.18,85.09,85.11,3607.896,1779165899999,307133.76674000,856,2308.34900000,196503.54993000,0,SOLUSDT
2026-05-19 04:45:00+00:00,85.12,85.23,85.05,85.22,8301.266,1779166199999,706657.04885000,1467,4385.23500000,373314.26696000,0,SOLUSDT
2026-05-19 04:50:00+00:00,85.23,85.25,85.18,85.21,2128.93,1779166499999,181420.13766000,871,1174.07700000,100055.54678000,0,SOLUSDT
2026-05-19 04:55:00+00:00,85.2,85.22,85.15,85.15,1361.985,1779166799999,116020.49188000,595,441.76000000,37634.10735000,0,SOLUSDT
2026-05-19 05:00:00+00:00,85.15,85.18,85.06,85.11,3634.342,1779167099999,309380.04028000,1172,1019.60600000,86789.40105000,0,SOLUSDT
2026-05-19 05:05:00+00:00,85.12,85.12,85.01,85.1,2297.908,1779167399999,195478.97268000,1141,1202.25400000,102266.04813000,0,SOLUSDT
2026-05-19 05:10:00+00:00,85.1,85.12,84.92,84.98,3670.179,1779167699999,311946.82789000,1404,1348.79700000,114617.86452000,0,SOLUSDT
2026-05-19 05:15:00+00:00,84.98,84.98,84.69,84.69,7307.54,1779167999999,619804.32549000,1710,2068.36200000,175552.98435000,0,SOLUSDT
2026-05-19 05:20:00+00:00,84.7,84.74,84.48,84.5,29551.58,1779168299999,2499844.61272000,3822,11527.45700000,975358.18634000,0,SOLUSDT
2026-05-19 05:25:00+00:00,84.5,84.85,84.47,84.84,15174.404,1779168599999,1284455.72646000,3049,9230.95900000,781286.73479000,0,SOLUSDT
2026-05-19 05:30:00+00:00,84.83,85.02,84.79,84.96,6671.715,1779168899999,566573.06201000,2018,5254.18600000,446235.80652000,0,SOLUSDT
2026-05-19 05:35:00+00:00,84.95,85.18,84.94,85.13,4931.139,1779169199999,419636.88235000,1798,3618.72600000,307964.59977000,0,SOLUSDT
2026-05-19 05:40:00+00:00,85.12,85.27,85.12,85.13,7236.99,1779169499999,616490.86817000,2056,3803.49800000,324025.40556000,0,SOLUSDT
2026-05-19 05:45:00+00:00,85.13,85.28,85.11,85.24,4039.638,1779169799999,344009.32656000,1588,2429.17600000,206879.16795000,0,SOLUSDT
2026-05-19 05:50:00+00:00,85.24,85.28,85.19,85.19,2112.178,1779170099999,180053.25037000,956,1251.37500000,106675.01776000,0,SOLUSDT
2026-05-19 05:55:00+00:00,85.19,85.22,85.17,85.19,1599.984,1779170399999,136309.24868000,556,708.99600000,60402.69398000,0,SOLUSDT
2026-05-19 06:00:00+00:00,85.18,85.24,85.12,85.24,2203.06,1779170699999,187636.44592000,1013,1337.84900000,113944.97832000,0,SOLUSDT
2026-05-19 06:05:00+00:00,85.23,85.24,85.16,85.21,5135.231,1779170999999,437545.32395000,1104,3394.55300000,289232.24065000,0,SOLUSDT
2026-05-19 06:10:00+00:00,85.22,85.31,85.18,85.29,2531.567,1779171299999,215798.21887000,1048,1457.94900000,124289.35436000,0,SOLUSDT
2026-05-19 06:15:00+00:00,85.28,85.32,85.16,85.22,3353.484,1779171599999,285881.41071000,1223,1120.02700000,95497.72298000,0,SOLUSDT
2026-05-19 06:20:00+00:00,85.22,85.3,85.22,85.24,1969.626,1779171899999,167938.20483000,607,1540.53800000,131352.16086000,0,SOLUSDT
2026-05-19 06:25:00+00:00,85.25,85.35,85.25,85.31,3621.969,1779172199999,308987.55366000,1120,2239.05600000,191016.25115000,0,SOLUSDT
2026-05-19 06:30:00+00:00,85.3,85.42,85.29,85.39,3924.496,1779172499999,334989.27556000,1106,1466.30800000,125175.39383000,0,SOLUSDT
2026-05-19 06:35:00+00:00,85.39,85.49,85.29,85.49,5629.096,1779172799999,480577.53000000,1662,3132.57700000,267499.02716000,0,SOLUSDT
2026-05-19 06:40:00+00:00,85.49,85.6,85.46,85.58,5759.976,1779173099999,492672.13768000,1515,4523.03800000,386908.47538000,0,SOLUSDT
2026-05-19 06:45:00+00:00,85.57,85.62,85.26,85.29,30528.697,1779173399999,2609592.79229000,3356,13611.74000000,1164128.95245000,0,SOLUSDT
2026-05-19 06:50:00+00:00,85.3,85.36,85.24,85.27,7800.064,1779173699999,665323.18712000,1157,3434.86200000,293016.78107000,0,SOLUSDT
2026-05-19 06:55:00+00:00,85.27,85.33,85.25,85.26,2475.235,1779173999999,211119.52782000,673,1516.47300000,129351.30483000,0,SOLUSDT
2026-05-19 07:00:00+00:00,85.27,85.27,85.13,85.2,3507.085,1779174299999,298784.12853000,1283,1640.12500000,139733.62246000,0,SOLUSDT
2026-05-19 07:05:00+00:00,85.2,85.48,85.18,85.38,4700.357,1779174599999,401126.50871000,1526,4048.31800000,345489.00061000,0,SOLUSDT
2026-05-19 07:10:00+00:00,85.39,85.4,85.28,85.4,3806.101,1779174899999,324847.73493000,1185,1623.02600000,138518.71947000,0,SOLUSDT
2026-05-19 07:15:00+00:00,85.4,85.44,85.31,85.43,3827.27,1779175199999,326763.70777000,1082,1884.57200000,160915.42028000,0,SOLUSDT
2026-05-19 07:20:00+00:00,85.44,85.49,85.36,85.36,4858.736,1779175499999,415081.95170000,1098,2566.58400000,219289.15807000,0,SOLUSDT
2026-05-19 07:25:00+00:00,85.37,85.37,85.31,85.34,3709.765,1779175799999,316546.08675000,840,2081.20000000,177575.17116000,0,SOLUSDT
2026-05-19 07:30:00+00:00,85.35,85.44,85.33,85.44,3108.061,1779176099999,265433.58294000,925,2478.10500000,211632.58192000,0,SOLUSDT
2026-05-19 07:35:00+00:00,85.43,85.55,85.4,85.47,3481.442,1779176399999,297533.15379000,1708,2362.06300000,201874.41509000,0,SOLUSDT
2026-05-19 07:40:00+00:00,85.48,85.55,85.44,85.5,3082.855,1779176699999,263602.59365000,1030,1980.67700000,169364.93867000,0,SOLUSDT
2026-05-19 07:45:00+00:00,85.49,85.6,85.46,85.55,4401.498,1779176999999,376504.62067000,1679,2615.21500000,223722.83573000,0,SOLUSDT
2026-05-19 07:50:00+00:00,85.55,85.64,85.46,85.48,5556.013,1779177299999,475438.58565000,1995,2742.89600000,234728.39738000,0,SOLUSDT
2026-05-19 07:55:00+00:00,85.48,85.54,85.46,85.51,2869.563,1779177599999,245364.90372000,907,1709.32000000,146167.21031000,0,SOLUSDT
2026-05-19 08:00:00+00:00,85.51,85.51,85.32,85.35,6608.669,1779177899999,564401.11885000,1733,2507.25900000,214130.28272000,0,SOLUSDT
2026-05-19 08:05:00+00:00,85.35,85.35,85.15,85.16,9865.683,1779178199999,840778.17608000,2062,1390.46900000,118506.28557000,0,SOLUSDT
2026-05-19 08:10:00+00:00,85.16,85.19,85.04,85.18,13672.842,1779178499999,1163697.93055000,2611,8322.09700000,708277.32854000,0,SOLUSDT
2026-05-19 08:15:00+00:00,85.18,85.41,85.11,85.3,22856.878,1779178799999,1948225.21085000,2678,9940.43200000,847464.37572000,0,SOLUSDT
2026-05-19 08:20:00+00:00,85.31,85.35,85.16,85.2,3900.035,1779179099999,332621.04744000,1184,1864.43700000,159041.43659000,0,SOLUSDT
2026-05-19 08:25:00+00:00,85.2,85.25,85.06,85.22,6110.97,1779179399999,520405.62077000,2084,2588.23800000,220423.57073000,0,SOLUSDT
2026-05-19 08:30:00+00:00,85.22,85.36,85.17,85.33,4408.374,1779179699999,375762.20680000,1360,2551.54900000,217527.59525000,0,SOLUSDT
2026-05-19 08:35:00+00:00,85.34,85.4,85.31,85.39,4538.579,1779179999999,387399.02157000,1316,2173.47500000,185527.19240000,0,SOLUSDT
2026-05-19 08:40:00+00:00,85.39,85.59,85.39,85.4,4405.635,1779180299999,376545.51992000,1600,2084.03100000,178137.93698000,0,SOLUSDT
2026-05-19 08:45:00+00:00,85.4,85.47,85.37,85.4,2600.595,1779180599999,222147.58390000,1272,1051.78800000,89847.89162000,0,SOLUSDT
2026-05-19 08:50:00+00:00,85.39,85.42,85.34,85.36,1882.888,1779180899999,160751.02394000,734,467.10400000,39877.13765000,0,SOLUSDT
2026-05-19 08:55:00+00:00,85.36,85.37,85.24,85.25,4423.663,1779181199999,377404.01070000,1000,1726.53900000,147306.23146000,0,SOLUSDT
2026-05-19 09:00:00+00:00,85.24,85.31,85.14,85.25,4934.61,1779181499999,420572.53926000,1565,2247.45700000,191526.01956000,0,SOLUSDT
2026-05-19 09:05:00+00:00,85.25,85.27,85.19,85.24,2579.981,1779181799999,219898.33727000,977,1490.86200000,127076.86009000,0,SOLUSDT
2026-05-19 09:10:00+00:00,85.25,85.28,85.19,85.21,1879.893,1779182099999,160227.73676000,790,706.82500000,60246.74604000,0,SOLUSDT
2026-05-19 09:15:00+00:00,85.21,85.22,85.04,85.04,5053.689,1779182399999,430072.84308000,1830,2159.16800000,183736.79252000,0,SOLUSDT
2026-05-19 09:20:00+00:00,85.05,85.05,84.88,84.94,16993.559,1779182699999,1444219.55585000,2078,3062.76900000,260231.62644000,0,SOLUSDT
2026-05-19 09:25:00+00:00,84.95,84.96,84.58,84.6,29288.947,1779182999999,2480554.35791000,4735,11197.29600000,948354.15648000,0,SOLUSDT
2026-05-19 09:30:00+00:00,84.6,84.75,84.5,84.58,16778.358,1779183299999,1419765.53077000,2972,9926.30100000,840203.16779000,0,SOLUSDT
2026-05-19 09:35:00+00:00,84.59,84.71,84.58,84.71,7354.008,1779183599999,622382.30031000,1572,4607.19300000,389944.81793000,0,SOLUSDT
2026-05-19 09:40:00+00:00,84.7,84.79,84.67,84.75,5055.233,1779183899999,428298.88815000,1317,3981.04900000,337282.16408000,0,SOLUSDT
2026-05-19 09:45:00+00:00,84.76,84.78,84.61,84.77,6462.034,1779184199999,547316.48441000,1703,2873.91000000,243445.89502000,0,SOLUSDT
2026-05-19 09:50:00+00:00,84.78,84.84,84.7,84.75,8677.939,1779184499999,735389.73707000,1596,6425.04200000,544452.19036000,0,SOLUSDT
2026-05-19 09:55:00+00:00,84.76,84.81,84.75,84.77,7727.551,1779184799999,655132.18511000,1016,1508.83700000,127932.30469000,0,SOLUSDT
2026-05-19 10:00:00+00:00,84.76,84.77,84.64,84.67,4949.711,1779185099999,419239.12203000,1486,1828.12600000,154856.90040000,0,SOLUSDT
2026-05-19 10:05:00+00:00,84.66,84.79,84.62,84.71,3164.002,1779185399999,268001.58647000,1413,1927.85100000,163291.48602000,0,SOLUSDT
2026-05-19 10:10:00+00:00,84.71,84.75,84.65,84.69,1708.357,1779185699999,144696.53332000,759,939.59400000,79591.18253000,0,SOLUSDT
2026-05-19 10:15:00+00:00,84.69,84.7,84.58,84.62,3421.038,1779185999999,289515.14633000,1335,1875.96300000,158760.01123000,0,SOLUSDT
2026-05-19 10:20:00+00:00,84.62,84.67,84.57,84.63,2307.245,1779186299999,195217.24531000,1118,1483.91500000,125553.40836000,0,SOLUSDT
2026-05-19 10:25:00+00:00,84.63,84.67,84.63,84.67,2250.098,1779186599999,190476.28990000,652,1422.23000000,120399.22733000,0,SOLUSDT
2026-05-19 10:30:00+00:00,84.68,84.88,84.67,84.78,3629.11,1779186899999,307707.65985000,1702,2777.02700000,235462.97570000,0,SOLUSDT
2026-05-19 10:35:00+00:00,84.79,84.82,84.51,84.69,10199.409,1779187199999,863392.78904000,2956,4128.54800000,349496.86778000,0,SOLUSDT
2026-05-19 10:40:00+00:00,84.7,84.7,84.42,84.45,8348.625,1779187499999,705704.51857000,2648,4582.63400000,387371.21290000,0,SOLUSDT
2026-05-19 10:45:00+00:00,84.45,84.59,84.31,84.56,12050.928,1779187799999,1018153.05477000,4140,4014.76200000,339179.68721000,0,SOLUSDT
2026-05-19 10:50:00+00:00,84.56,84.65,84.56,84.62,3263.038,1779188099999,276114.70877000,1391,1874.86400000,158654.65290000,0,SOLUSDT
2026-05-19 10:55:00+00:00,84.63,84.82,84.63,84.7,6149.367,1779188399999,520983.57980000,2168,4181.12500000,354213.29371000,0,SOLUSDT
2026-05-19 11:00:00+00:00,84.71,84.77,84.68,84.68,9803.901,1779188699999,830804.71828000,1794,7283.86700000,617280.31462000,0,SOLUSDT
2026-05-19 11:05:00+00:00,84.69,84.83,84.68,84.81,7352.245,1779188999999,622984.12357000,1202,5433.90000000,460403.40207000,0,SOLUSDT
2026-05-19 11:10:00+00:00,84.82,84.82,84.66,84.73,4491.493,1779189299999,380615.99014000,1596,1747.00500000,148040.42734000,0,SOLUSDT
2026-05-19 11:15:00+00:00,84.74,84.77,84.66,84.66,3796.776,1779189599999,321608.67229000,1334,1830.34400000,155050.80719000,0,SOLUSDT
2026-05-19 11:20:00+00:00,84.66,84.67,84.5,84.53,4560.178,1779189899999,385651.77527000,1582,1802.89900000,152446.68960000,0,SOLUSDT
2026-05-19 11:25:00+00:00,84.54,84.6,84.48,84.6,6966.015,1779190199999,588938.02005000,1666,3781.35000000,319704.47139000,0,SOLUSDT
2026-05-19 11:30:00+00:00,84.6,84.62,84.56,84.59,2190.543,1779190499999,185296.91386000,870,1203.01400000,101765.44431000,0,SOLUSDT
2026-05-19 11:35:00+00:00,84.59,84.61,84.47,84.47,3225.445,1779190799999,272646.61794000,1244,1322.51000000,111789.72784000,0,SOLUSDT
2026-05-19 11:40:00+00:00,84.47,84.47,84.27,84.29,5907.576,1779191099999,498431.74047000,2283,1087.39500000,91764.97340000,0,SOLUSDT
2026-05-19 11:45:00+00:00,84.28,84.43,84.27,84.41,4575.538,1779191399999,385987.07483000,1283,3542.97000000,298878.97764000,0,SOLUSDT
2026-05-19 11:50:00+00:00,84.42,84.53,84.39,84.47,6769.099,1779191699999,571818.43992000,1389,3925.28000000,331596.85933000,0,SOLUSDT
2026-05-19 11:55:00+00:00,84.47,84.5,84.39,84.39,4052.446,1779191999999,342240.92425000,1362,1547.71800000,130738.09086000,0,SOLUSDT
2026-05-19 12:00:00+00:00,84.39,84.51,84.3,84.42,4077.674,1779192299999,344192.14311000,1743,1744.30200000,147242.37430000,0,SOLUSDT
2026-05-19 12:05:00+00:00,84.43,84.54,84.42,84.54,5213.909,1779192599999,440576.07477000,1192,2649.31500000,223836.02767000,0,SOLUSDT
2026-05-19 12:10:00+00:00,84.54,84.57,84.47,84.56,6371.931,1779192899999,538557.22832000,1258,1851.64400000,156533.81202000,0,SOLUSDT
2026-05-19 12:15:00+00:00,84.56,84.67,84.55,84.58,4836.507,1779193199999,409143.07925000,1134,1707.84300000,144494.74253000,0,SOLUSDT
2026-05-19 12:20:00+00:00,84.58,84.64,84.58,84.63,2008.573,1779193499999,169949.00662000,581,976.75600000,82648.70176000,0,SOLUSDT
2026-05-19 12:25:00+00:00,84.64,84.64,84.59,84.62,6879.528,1779193799999,582021.62942000,604,1177.63300000,99632.96183000,0,SOLUSDT
2026-05-19 12:30:00+00:00,84.61,84.72,84.61,84.67,2358.13,1779194099999,199639.00906000,687,1627.50700000,137775.22939000,0,SOLUSDT
2026-05-19 12:35:00+00:00,84.68,84.73,84.67,84.69,1419.832,1779194399999,120259.00789000,729,666.05600000,56414.78027000,0,SOLUSDT
2026-05-19 12:40:00+00:00,84.7,84.79,84.67,84.74,3726.35,1779194699999,315792.51188000,1074,2432.46900000,206159.49952000,0,SOLUSDT
2026-05-19 12:45:00+00:00,84.74,84.77,84.71,84.73,5021.377,1779194999999,425553.50816000,1006,1343.21700000,113834.57094000,0,SOLUSDT
2026-05-19 12:50:00+00:00,84.73,84.79,84.71,84.78,3755.207,1779195299999,318249.25930000,1035,1938.21500000,164280.08257000,0,SOLUSDT
2026-05-19 12:55:00+00:00,84.78,84.79,84.72,84.78,8219.652,1779195599999,696663.93398000,1138,4334.57800000,367383.21697000,0,SOLUSDT
2026-05-19 13:00:00+00:00,84.78,84.9,84.77,84.8,5441.12,1779195899999,461672.54916000,1745,2407.23800000,204242.81503000,0,SOLUSDT
2026-05-19 13:05:00+00:00,84.8,84.8,84.58,84.69,7689.5,1779196199999,651077.26259000,2776,2700.19600000,228632.69866000,0,SOLUSDT
2026-05-19 13:10:00+00:00,84.69,84.76,84.61,84.71,7349.681,1779196499999,622314.45445000,1908,2181.09600000,184710.12895000,0,SOLUSDT
2026-05-19 13:15:00+00:00,84.71,84.73,84.58,84.58,2337.05,1779196799999,197819.46192000,1527,291.68100000,24695.13127000,0,SOLUSDT
2026-05-19 13:20:00+00:00,84.57,84.67,84.42,84.61,9449.344,1779197099999,798977.13202000,3146,3831.40700000,323992.05207000,0,SOLUSDT
2026-05-19 13:25:00+00:00,84.61,84.61,84.39,84.41,5542.082,1779197399999,468140.94315000,2327,2397.06300000,202456.23413000,0,SOLUSDT
2026-05-19 13:30:00+00:00,84.41,84.86,84.41,84.85,13945.865,1779197699999,1180029.57214000,5145,8506.62300000,719825.19280000,0,SOLUSDT
2026-05-19 13:35:00+00:00,84.84,85.1,84.79,84.89,14284.344,1779197999999,1213571.59117000,5228,7361.57000000,625413.02282000,0,SOLUSDT
2026-05-19 13:40:00+00:00,84.88,84.89,84.61,84.64,5724.181,1779198299999,485206.92377000,3048,1954.77700000,165711.25133000,0,SOLUSDT
2026-05-19 13:45:00+00:00,84.63,84.93,84.62,84.82,14793.281,1779198599999,1254211.27127000,4354,10953.25900000,928671.59703000,0,SOLUSDT
2026-05-19 13:50:00+00:00,84.82,85.01,84.77,85.0,6699.399,1779198899999,568880.34824000,3345,3333.81400000,283098.21714000,0,SOLUSDT
2026-05-19 13:55:00+00:00,85.01,85.07,84.78,84.8,8494.504,1779199199999,721543.41660000,3303,3769.09800000,320180.53676000,0,SOLUSDT
2026-05-19 14:00:00+00:00,84.8,84.94,84.57,84.92,15348.508,1779199499999,1299843.48294000,4398,9838.85000000,833254.21486000,0,SOLUSDT
2026-05-19 14:05:00+00:00,84.92,84.94,84.47,84.52,17659.258,1779199799999,1494513.45545000,5550,9893.39700000,837571.16306000,0,SOLUSDT
2026-05-19 14:10:00+00:00,84.52,84.66,84.38,84.4,15318.879,1779200099999,1294589.31241000,3846,8036.68000000,679127.66013000,0,SOLUSDT
2026-05-19 14:15:00+00:00,84.4,84.45,84.21,84.33,15411.86,1779200399999,1299888.12263000,5240,6248.37800000,527150.99698000,0,SOLUSDT
2026-05-19 14:20:00+00:00,84.33,84.34,84.08,84.24,23438.125,1779200699999,1972735.04731000,7197,7623.35300000,641694.88571000,0,SOLUSDT
2026-05-19 14:25:00+00:00,84.23,84.43,84.17,84.28,9908.621,1779200999999,835096.41949000,4309,5663.36100000,477296.18297000,0,SOLUSDT
2026-05-19 14:30:00+00:00,84.28,84.3,84.07,84.11,9935.487,1779201299999,836479.04222000,4611,4231.37800000,356241.38074000,0,SOLUSDT
2026-05-19 14:35:00+00:00,84.11,84.37,84.1,84.34,11307.878,1779201599999,952855.67490000,3706,5962.52400000,502422.24682000,0,SOLUSDT
2026-05-19 14:40:00+00:00,84.33,84.45,84.24,84.27,8929.189,1779201899999,753246.68540000,3531,3199.54900000,269867.61557000,0,SOLUSDT
2026-05-19 14:45:00+00:00,84.26,84.31,83.7,83.96,26363.954,1779202199999,2213194.82868000,9196,8136.69300000,682900.46030000,0,SOLUSDT
2026-05-19 14:50:00+00:00,83.97,84.02,83.91,83.99,11512.893,1779202499999,966908.30022000,4053,6640.80900000,557725.98333000,0,SOLUSDT
2026-05-19 14:55:00+00:00,83.99,84.19,83.99,84.11,9277.645,1779202799999,780333.53777000,3008,6341.93900000,533328.61460000,0,SOLUSDT
2026-05-19 15:00:00+00:00,84.12,84.36,84.03,84.35,13333.987,1779203099999,1122586.45186000,3657,7677.58800000,646520.87960000,0,SOLUSDT
2026-05-19 15:05:00+00:00,84.35,84.35,84.15,84.24,4380.809,1779203399999,369154.29196000,2399,2181.69900000,183841.76823000,0,SOLUSDT
2026-05-19 15:10:00+00:00,84.24,84.34,84.22,84.34,3323.245,1779203699999,280089.58936000,1866,2385.18200000,201048.30362000,0,SOLUSDT
2026-05-19 15:15:00+00:00,84.34,84.47,84.3,84.31,8570.046,1779203999999,723351.44992000,2688,4262.84800000,359822.28278000,0,SOLUSDT
2026-05-19 15:20:00+00:00,84.3,84.32,84.07,84.08,4651.67,1779204299999,391697.98323000,2595,1275.07100000,107414.32161000,0,SOLUSDT
2026-05-19 15:25:00+00:00,84.07,84.23,84.06,84.23,9626.925,1779204599999,810011.73132000,2175,4380.21400000,368480.76268000,0,SOLUSDT
2026-05-19 15:30:00+00:00,84.22,84.58,84.21,84.47,10031.311,1779204899999,847288.47242000,4075,5288.46100000,446661.96915000,0,SOLUSDT
2026-05-19 15:35:00+00:00,84.46,84.52,84.35,84.51,6543.947,1779205199999,552644.06703000,2152,4002.33600000,338030.67166000,0,SOLUSDT
2026-05-19 15:40:00+00:00,84.5,84.5,84.3,84.32,3934.535,1779205499999,331967.31657000,1692,1104.01900000,93146.65071000,0,SOLUSDT
2026-05-19 15:45:00+00:00,84.33,84.36,84.24,84.32,3153.057,1779205799999,265836.97598000,1485,1324.07600000,111633.84908000,0,SOLUSDT
2026-05-19 15:50:00+00:00,84.32,84.46,84.31,84.33,3322.084,1779206099999,280309.54428000,1370,1786.01900000,150716.73382000,0,SOLUSDT
2026-05-19 15:55:00+00:00,84.32,84.37,84.21,84.37,3638.014,1779206399999,306618.12684000,1611,1860.40400000,156817.35048000,0,SOLUSDT
2026-05-19 16:00:00+00:00,84.38,84.44,84.34,84.36,3206.422,1779206699999,270536.99378000,1737,1343.14400000,113327.80412000,0,SOLUSDT
2026-05-19 16:05:00+00:00,84.36,84.36,84.17,84.17,6442.755,1779206999999,542784.28569000,2565,2491.92700000,209923.10409000,0,SOLUSDT
2026-05-19 16:10:00+00:00,84.17,84.26,84.15,84.21,3221.524,1779207299999,271257.60491000,1668,2225.54300000,187411.69726000,0,SOLUSDT
2026-05-19 16:15:00+00:00,84.22,84.4,84.22,84.32,5604.357,1779207599999,472626.53921000,1720,3748.48800000,316119.65379000,0,SOLUSDT
2026-05-19 16:20:00+00:00,84.32,84.39,84.27,84.34,4013.586,1779207899999,338492.01077000,1345,2300.67900000,194024.38520000,0,SOLUSDT
2026-05-19 16:25:00+00:00,84.35,84.41,84.34,84.39,2273.228,1779208199999,191814.70709000,1069,1641.97700000,138549.81201000,0,SOLUSDT
2026-05-19 16:30:00+00:00,84.38,84.67,84.38,84.66,5938.952,1779208499999,501971.97828000,2732,4219.32500000,356629.89562000,0,SOLUSDT
2026-05-19 16:35:00+00:00,84.67,84.72,84.57,84.63,4881.157,1779208799999,413134.36656000,1901,3470.93100000,293762.71154000,0,SOLUSDT
2026-05-19 16:40:00+00:00,84.63,84.74,84.63,84.73,6112.09,1779209099999,517717.42031000,1806,4240.77900000,359208.11504000,0,SOLUSDT
2026-05-19 16:45:00+00:00,84.74,84.8,84.71,84.71,4787.398,1779209399999,405740.73764000,1678,2360.75900000,200079.37138000,0,SOLUSDT
2026-05-19 16:50:00+00:00,84.72,84.87,84.67,84.83,4564.118,1779209699999,386872.81948000,1775,2655.14300000,225113.57399000,0,SOLUSDT
2026-05-19 16:55:00+00:00,84.82,84.91,84.77,84.85,4903.048,1779209999999,416016.76643000,1541,2382.20500000,202121.82211000,0,SOLUSDT
2026-05-19 17:00:00+00:00,84.85,84.97,84.83,84.97,9825.951,1779210299999,834042.48398000,2133,7537.11600000,639767.45671000,0,SOLUSDT
2026-05-19 17:05:00+00:00,84.96,84.96,84.78,84.8,6056.951,1779210599999,513788.85021000,1417,2136.12700000,181216.46486000,0,SOLUSDT
2026-05-19 17:10:00+00:00,84.8,84.82,84.72,84.8,4279.435,1779210899999,362789.30155000,1381,1616.77400000,137047.10789000,0,SOLUSDT
2026-05-19 17:15:00+00:00,84.8,85.04,84.78,84.93,11419.288,1779211199999,969664.35044000,2900,6735.93000000,572038.49811000,0,SOLUSDT
2026-05-19 17:20:00+00:00,84.93,84.96,84.82,84.83,2360.571,1779211499999,200407.76838000,1193,841.14200000,71411.30292000,0,SOLUSDT
2026-05-19 17:25:00+00:00,84.84,84.84,84.69,84.72,3837.537,1779211799999,325205.44573000,1399,804.33000000,68156.34245000,0,SOLUSDT
2026-05-19 17:30:00+00:00,84.73,84.73,84.56,84.56,4294.785,1779212099999,363518.20810000,1373,1199.04300000,101449.64312000,0,SOLUSDT
2026-05-19 17:35:00+00:00,84.56,84.8,84.53,84.77,4918.528,1779212399999,416398.15386000,2104,3070.19900000,259921.98145000,0,SOLUSDT
2026-05-19 17:40:00+00:00,84.77,84.82,84.64,84.67,4421.669,1779212699999,374553.88280000,1465,1700.26500000,144006.08541000,0,SOLUSDT
2026-05-19 17:45:00+00:00,84.67,84.68,84.47,84.59,4189.25,1779212999999,354235.89358000,1856,1715.89700000,145099.56277000,0,SOLUSDT
2026-05-19 17:50:00+00:00,84.58,84.63,84.56,84.59,1176.177,1779213299999,99500.63996000,1109,539.15100000,45615.41531000,0,SOLUSDT
2026-05-19 17:55:00+00:00,84.59,84.71,84.59,84.68,2354.453,1779213599999,199260.32724000,930,1908.76300000,161540.52904000,0,SOLUSDT
2026-05-19 18:00:00+00:00,84.68,84.69,84.58,84.61,1411.346,1779213899999,119458.42327000,1193,591.57200000,50078.74704000,0,SOLUSDT
2026-05-19 18:05:00+00:00,84.62,84.8,84.62,84.76,1899.001,1779214199999,160893.86162000,1323,1421.13200000,120404.79689000,0,SOLUSDT
2026-05-19 18:10:00+00:00,84.76,84.79,84.7,84.74,2885.499,1779214499999,244533.72159000,1061,796.59900000,67509.17739000,0,SOLUSDT
2026-05-19 18:15:00+00:00,84.73,84.74,84.67,84.74,2753.495,1779214799999,233234.02048000,957,580.31100000,49159.63724000,0,SOLUSDT
2026-05-19 18:20:00+00:00,84.73,84.76,84.5,84.52,8376.61,1779215099999,708758.45034000,2259,3190.30600000,269874.87462000,0,SOLUSDT
2026-05-19 18:25:00+00:00,84.53,84.56,84.41,84.42,3076.701,1779215399999,259913.85304000,1140,840.99200000,71075.77294000,0,SOLUSDT
2026-05-19 18:30:00+00:00,84.42,84.47,84.25,84.4,6697.336,1779215699999,564791.75422000,2322,1834.68800000,154761.24470000,0,SOLUSDT
2026-05-19 18:35:00+00:00,84.41,84.49,84.4,84.48,8125.088,1779215999999,686062.41749000,1292,1800.02100000,152003.36330000,0,SOLUSDT
2026-05-19 18:40:00+00:00,84.48,84.49,84.41,84.46,1975.626,1779216299999,166836.74385000,935,934.01000000,78878.28354000,0,SOLUSDT
2026-05-19 18:45:00+00:00,84.47,84.52,84.44,84.51,1409.771,1779216599999,119098.28202000,1168,835.75200000,70609.39528000,0,SOLUSDT
2026-05-19 18:50:00+00:00,84.51,84.52,84.43,84.44,1991.396,1779216899999,168232.20915000,914,708.86800000,59881.12704000,0,SOLUSDT
2026-05-19 18:55:00+00:00,84.44,84.44,84.3,84.37,5521.74,1779217199999,465797.29525000,2073,2801.28700000,236291.29539000,0,SOLUSDT
2026-05-19 19:00:00+00:00,84.37,84.48,84.36,84.42,3870.697,1779217499999,326709.97702000,1629,1448.89300000,122320.33690000,0,SOLUSDT
2026-05-19 19:05:00+00:00,84.41,84.64,84.41,84.61,3300.709,1779217799999,278932.57734000,1443,2471.61300000,208887.24625000,0,SOLUSDT
2026-05-19 19:10:00+00:00,84.6,84.72,84.57,84.71,3219.45,1779218099999,272517.53936000,1240,2154.56300000,182388.36698000,0,SOLUSDT
2026-05-19 19:15:00+00:00,84.71,84.74,84.52,84.56,3184.141,1779218399999,269385.16605000,1349,1832.16400000,155000.47925000,0,SOLUSDT
2026-05-19 19:20:00+00:00,84.56,84.57,84.4,84.41,3019.8,1779218699999,255178.76058000,1266,806.33300000,68140.67940000,0,SOLUSDT
2026-05-19 19:25:00+00:00,84.4,84.42,84.24,84.31,3022.855,1779218999999,254927.71549000,1594,1171.04800000,98766.48150000,0,SOLUSDT
2026-05-19 19:30:00+00:00,84.3,84.46,84.22,84.41,6644.733,1779219299999,560404.80175000,1839,4229.13500000,356670.28871000,0,SOLUSDT
2026-05-19 19:35:00+00:00,84.41,84.51,84.4,84.48,2010.008,1779219599999,169730.69578000,1130,1200.22000000,101354.73184000,0,SOLUSDT
2026-05-19 19:40:00+00:00,84.47,84.51,84.39,84.47,14825.181,1779219899999,1251780.06970000,1399,4743.02200000,400428.59697000,0,SOLUSDT
2026-05-19 19:45:00+00:00,84.48,84.5,84.37,84.45,7026.174,1779220199999,593502.37937000,1595,1001.12800000,84527.64085000,0,SOLUSDT
2026-05-19 19:50:00+00:00,84.45,84.46,84.33,84.33,3926.126,1779220499999,331374.97472000,1811,1967.19900000,166043.34459000,0,SOLUSDT
2026-05-19 19:55:00+00:00,84.32,84.38,84.29,84.35,1617.481,1779220799999,136425.46133000,598,860.88300000,72609.51663000,0,SOLUSDT
2026-05-19 20:00:00+00:00,84.36,84.43,84.32,84.32,2761.386,1779221099999,232949.71454000,1054,1556.55900000,131327.03935000,0,SOLUSDT
2026-05-19 20:05:00+00:00,84.32,84.42,84.3,84.41,3806.546,1779221399999,321132.76497000,676,1506.33200000,127080.83558000,0,SOLUSDT
2026-05-19 20:10:00+00:00,84.42,84.51,84.42,84.45,2505.656,1779221699999,211630.93272000,863,1515.18800000,127985.08856000,0,SOLUSDT
2026-05-19 20:15:00+00:00,84.44,84.51,84.42,84.45,4403.003,1779221999999,371919.54453000,935,1341.86900000,113334.82770000,0,SOLUSDT
2026-05-19 20:20:00+00:00,84.44,84.47,84.4,84.41,2885.452,1779222299999,243607.80319000,572,1481.25400000,125063.72867000,0,SOLUSDT
2026-05-19 20:25:00+00:00,84.41,84.43,84.37,84.4,8536.083,1779222599999,720616.70733000,800,7247.37200000,611866.01974000,0,SOLUSDT
2026-05-19 20:30:00+00:00,84.4,84.46,84.38,84.43,7967.172,1779222899999,672682.20258000,818,4377.58300000,369583.76737000,0,SOLUSDT
2026-05-19 20:35:00+00:00,84.42,84.53,84.32,84.44,33470.824,1779223199999,2825295.04238000,2033,15839.40400000,1336492.87824000,0,SOLUSDT
2026-05-19 20:40:00+00:00,84.44,84.46,84.42,84.45,2986.011,1779223499999,252155.86103000,680,1757.76300000,148438.70472000,0,SOLUSDT
2026-05-19 20:45:00+00:00,84.46,84.57,84.45,84.52,9218.232,1779223799999,778920.29635000,1941,8195.91500000,692498.79240000,0,SOLUSDT
2026-05-19 20:50:00+00:00,84.52,84.56,84.49,84.55,1856.919,1779224099999,156940.97858000,634,1270.72400000,107396.13666000,0,SOLUSDT
2026-05-19 20:55:00+00:00,84.54,84.58,84.51,84.51,5970.304,1779224399999,504788.50102000,1165,2420.28400000,204637.72503000,0,SOLUSDT
2026-05-19 21:00:00+00:00,84.52,84.53,84.39,84.43,7752.22,1779224699999,654993.43762000,1059,5584.81600000,471936.47794000,0,SOLUSDT
2026-05-19 21:05:00+00:00,84.43,84.46,84.42,84.45,1112.108,1779224999999,93898.77134000,430,447.82100000,37811.15923000,0,SOLUSDT
2026-05-19 21:10:00+00:00,84.45,84.66,84.44,84.59,10616.075,1779225299999,897269.24076000,1706,5764.50200000,487199.24750000,0,SOLUSDT
2026-05-19 21:15:00+00:00,84.6,84.64,84.53,84.54,2388.863,1779225599999,202071.76107000,831,1351.78300000,114340.24887000,0,SOLUSDT
2026-05-19 21:20:00+00:00,84.54,84.61,84.53,84.61,1636.344,1779225899999,138371.33241000,594,1155.38600000,97707.81710000,0,SOLUSDT
2026-05-19 21:25:00+00:00,84.61,84.63,84.52,84.55,4242.689,1779226199999,358832.67746000,1050,2270.23600000,191998.66382000,0,SOLUSDT
2026-05-19 21:30:00+00:00,84.55,84.63,84.55,84.62,1241.711,1779226499999,105028.56065000,505,886.64400000,74992.96664000,0,SOLUSDT
2026-05-19 21:35:00+00:00,84.62,84.63,84.57,84.59,1491.257,1779226799999,126152.94661000,598,443.28900000,37497.30475000,0,SOLUSDT
2026-05-19 21:40:00+00:00,84.59,84.62,84.55,84.58,3850.119,1779227099999,325713.80848000,1084,2264.81500000,191604.79336000,0,SOLUSDT
2026-05-19 21:45:00+00:00,84.58,84.59,84.51,84.52,2389.431,1779227399999,202035.88574000,779,1103.86200000,93342.01006000,0,SOLUSDT
2026-05-19 21:50:00+00:00,84.52,84.61,84.51,84.56,3369.409,1779227699999,284937.02242000,963,1840.16700000,155605.53374000,0,SOLUSDT
2026-05-19 21:55:00+00:00,84.56,84.57,84.43,84.44,2740.336,1779227999999,231567.54338000,975,849.54900000,71787.75141000,0,SOLUSDT
2026-05-19 22:00:00+00:00,84.43,84.43,84.23,84.3,10445.556,1779228299999,880481.80328000,3034,3757.39800000,316694.12527000,0,SOLUSDT
2026-05-19 22:05:00+00:00,84.29,84.35,84.26,84.29,1821.006,1779228599999,153514.82122000,859,824.10300000,69482.01092000,0,SOLUSDT
2026-05-19 22:10:00+00:00,84.3,84.34,84.26,84.29,2603.436,1779228899999,219460.37913000,985,978.58200000,82490.03705000,0,SOLUSDT
2026-05-19 22:15:00+00:00,84.29,84.29,84.14,84.23,7722.151,1779229199999,650334.87250000,2101,2437.64000000,205320.47851000,0,SOLUSDT
2026-05-19 22:20:00+00:00,84.24,84.27,84.11,84.11,2984.735,1779229499999,251313.95212000,1380,1128.96800000,95065.70670000,0,SOLUSDT
2026-05-19 22:25:00+00:00,84.12,84.14,84.05,84.1,8655.268,1779229799999,727873.42466000,2109,4520.52900000,380186.38771000,0,SOLUSDT
2026-05-19 22:30:00+00:00,84.1,84.24,84.0,84.22,5310.206,1779230099999,446792.35161000,1999,3665.23700000,308419.40007000,0,SOLUSDT
2026-05-19 22:35:00+00:00,84.22,84.22,84.11,84.14,2034.691,1779230399999,171227.75682000,855,1176.19600000,98980.23335000,0,SOLUSDT
2026-05-19 22:40:00+00:00,84.14,84.22,84.13,84.18,1716.812,1779230699999,144510.40195000,882,920.25500000,77463.99740000,0,SOLUSDT
2026-05-19 22:45:00+00:00,84.18,84.2,84.11,84.17,2690.814,1779230999999,226422.74487000,677,1416.45000000,119182.51733000,0,SOLUSDT
2026-05-19 22:50:00+00:00,84.18,84.18,84.11,84.15,1945.005,1779231299999,163666.48350000,828,884.17400000,74396.00601000,0,SOLUSDT
2026-05-19 22:55:00+00:00,84.16,84.19,84.1,84.1,1874.755,1779231599999,157766.87594000,736,803.65600000,67634.41860000,0,SOLUSDT
2026-05-19 23:00:00+00:00,84.1,84.17,84.03,84.15,3804.913,1779231899999,319946.56469000,1281,2395.34600000,201460.24029000,0,SOLUSDT
2026-05-19 23:05:00+00:00,84.14,84.23,84.11,84.23,1795.27,1779232199999,151076.19443000,665,1310.76900000,110316.84427000,0,SOLUSDT
2026-05-19 23:10:00+00:00,84.23,84.33,84.23,84.25,1380.039,1779232499999,116306.88159000,711,831.30700000,70063.85424000,0,SOLUSDT
2026-05-19 23:15:00+00:00,84.25,84.37,84.22,84.35,1934.781,1779232799999,163119.18982000,864,1139.52300000,96066.88207000,0,SOLUSDT
2026-05-19 23:20:00+00:00,84.34,84.44,84.33,84.42,2264.498,1779233099999,191138.87692000,504,2069.74500000,174703.52120000,0,SOLUSDT
2026-05-19 23:25:00+00:00,84.43,84.47,84.41,84.47,1025.367,1779233399999,86575.26010000,462,796.07900000,67217.07519000,0,SOLUSDT
2026-05-19 23:30:00+00:00,84.46,84.59,84.4,84.58,5922.639,1779233699999,500364.80740000,1855,4541.54400000,383687.69629000,0,SOLUSDT
2026-05-19 23:35:00+00:00,84.59,84.59,84.47,84.51,1773.064,1779233999999,149858.69417000,646,272.22300000,23010.80518000,0,SOLUSDT
2026-05-19 23:40:00+00:00,84.5,84.5,84.42,84.44,1037.558,1779234299999,87631.91125000,490,369.52700000,31211.27464000,0,SOLUSDT
2026-05-19 23:45:00+00:00,84.45,84.47,84.34,84.39,2027.264,1779234599999,171078.73023000,633,1168.18500000,98572.67265000,0,SOLUSDT
2026-05-19 23:50:00+00:00,84.39,84.4,84.3,84.3,2022.331,1779234899999,170566.33122000,899,805.54500000,67950.35566000,0,SOLUSDT
2026-05-19 23:55:00+00:00,84.3,84.3,84.24,84.29,1971.214,1779235199999,166104.19131000,761,1008.81200000,85012.01566000,0,SOLUSDT
2026-05-20 00:00:00+00:00,84.3,84.39,84.23,84.35,6635.8,1779235499999,559674.70236000,1721,4927.38200000,415623.82799000,0,SOLUSDT
2026-05-20 00:05:00+00:00,84.35,84.35,84.19,84.22,4817.69,1779235799999,405955.30800000,1733,1164.01100000,98078.12742000,0,SOLUSDT
2026-05-20 00:10:00+00:00,84.22,84.23,84.0,84.01,7880.852,1779236099999,662504.54675000,2657,2218.19700000,186506.53670000,0,SOLUSDT
2026-05-20 00:15:00+00:00,84.0,84.19,83.92,84.02,21186.649,1779236399999,1780652.00104000,2727,11123.97400000,935362.08721000,0,SOLUSDT
2026-05-20 00:20:00+00:00,84.03,84.08,83.95,84.01,2677.301,1779236699999,224988.67161000,1494,1309.09200000,110015.43209000,0,SOLUSDT
2026-05-20 00:25:00+00:00,84.02,84.17,84.01,84.17,3529.14,1779236999999,296836.34869000,1296,2350.52800000,197702.47408000,0,SOLUSDT
2026-05-20 00:30:00+00:00,84.17,84.41,84.08,84.17,6966.4,1779237299999,586802.22665000,2657,3628.41700000,305671.01002000,0,SOLUSDT
2026-05-20 00:35:00+00:00,84.18,84.24,84.09,84.12,4565.14,1779237599999,384242.50110000,2065,2944.63200000,247867.59409000,0,SOLUSDT
2026-05-20 00:40:00+00:00,84.13,84.22,84.1,84.2,3787.129,1779237899999,318707.97056000,1700,1820.50000000,153211.44541000,0,SOLUSDT
2026-05-20 00:45:00+00:00,84.2,84.26,84.16,84.25,3591.165,1779238199999,302430.21817000,1641,1877.12700000,158076.39507000,0,SOLUSDT
2026-05-20 00:50:00+00:00,84.25,84.28,84.15,84.23,2728.774,1779238499999,229845.29473000,1353,1248.49800000,105162.02294000,0,SOLUSDT
2026-05-20 00:55:00+00:00,84.23,84.26,84.2,84.23,1730.88,1779238799999,145783.43684000,910,840.00200000,70751.95676000,0,SOLUSDT
2026-05-20 01:00:00+00:00,84.23,84.26,84.1,84.22,4327.161,1779239099999,364137.53008000,1754,2559.10300000,215342.84169000,0,SOLUSDT
2026-05-20 01:05:00+00:00,84.22,84.33,84.12,84.32,2893.401,1779239399999,243669.96945000,1808,1919.81100000,161696.11403000,0,SOLUSDT
2026-05-20 01:10:00+00:00,84.31,84.47,84.3,84.38,5442.852,1779239699999,459223.79874000,2006,3215.94800000,271303.45054000,0,SOLUSDT
2026-05-20 01:15:00+00:00,84.37,84.38,84.27,84.34,2804.228,1779239999999,236466.76950000,1539,1032.11800000,87033.71067000,0,SOLUSDT
2026-05-20 01:20:00+00:00,84.35,84.38,84.21,84.22,4934.689,1779240299999,416206.44904000,1923,2541.63500000,214424.75642000,0,SOLUSDT
2026-05-20 01:25:00+00:00,84.22,84.24,83.86,83.89,7653.984,1779240599999,643023.17942000,2726,1886.02600000,158468.63459000,0,SOLUSDT
2026-05-20 01:30:00+00:00,83.88,84.07,83.87,83.97,4918.156,1779240899999,413097.47166000,2223,2330.85200000,195749.93609000,0,SOLUSDT
2026-05-20 01:35:00+00:00,83.96,84.06,83.85,84.06,6156.133,1779241199999,516643.23153000,2605,2989.82000000,250878.80104000,0,SOLUSDT
2026-05-20 01:40:00+00:00,84.05,84.05,83.91,84.01,3287.034,1779241499999,276029.72433000,1663,781.78500000,65650.17017000,0,SOLUSDT
2026-05-20 01:45:00+00:00,84.01,84.19,83.95,84.18,4126.238,1779241799999,346826.94066000,2016,2237.47800000,188122.71067000,0,SOLUSDT
2026-05-20 01:50:00+00:00,84.18,84.54,84.18,84.32,13812.188,1779242099999,1165225.82690000,4928,8455.18600000,713294.92785000,0,SOLUSDT
2026-05-20 01:55:00+00:00,84.32,84.41,84.3,84.36,2454.747,1779242399999,207053.17117000,1316,866.29900000,73076.94280000,0,SOLUSDT
2026-05-20 02:00:00+00:00,84.36,84.42,84.29,84.36,2504.801,1779242699999,211318.94212000,1392,1096.02100000,92465.53624000,0,SOLUSDT
2026-05-20 02:05:00+00:00,84.36,84.41,84.34,84.34,3674.394,1779242999999,309992.27820000,1546,1663.91800000,140375.72384000,0,SOLUSDT
2026-05-20 02:10:00+00:00,84.33,84.39,84.19,84.29,7203.997,1779243299999,607329.75508000,1372,4086.79700000,344530.34799000,0,SOLUSDT
2026-05-20 02:15:00+00:00,84.3,84.36,84.22,84.3,2432.516,1779243599999,205035.60336000,1097,1300.11600000,109595.25087000,0,SOLUSDT
2026-05-20 02:20:00+00:00,84.29,84.49,84.29,84.44,4451.167,1779243899999,375528.31348000,1270,3043.48100000,256750.49589000,0,SOLUSDT
2026-05-20 02:25:00+00:00,84.43,84.45,84.27,84.28,2178.874,1779244199999,183830.93363000,747,666.81900000,56271.58261000,0,SOLUSDT
2026-05-20 02:30:00+00:00,84.27,84.28,84.05,84.24,5223.509,1779244499999,439621.85486000,2661,2384.43500000,200691.84723000,0,SOLUSDT
2026-05-20 02:35:00+00:00,84.23,84.23,84.11,84.12,4648.475,1779244799999,391154.69329000,1881,1411.05800000,118727.96729000,0,SOLUSDT
2026-05-20 02:40:00+00:00,84.13,84.16,84.07,84.07,2248.656,1779245099999,189130.59820000,994,760.17100000,63947.39149000,0,SOLUSDT
2026-05-20 02:45:00+00:00,84.07,84.18,84.06,84.08,2040.333,1779245399999,171620.99400000,1134,1137.38800000,95675.42853000,0,SOLUSDT
2026-05-20 02:50:00+00:00,84.08,84.08,83.93,83.99,10391.629,1779245699999,872695.93348000,2319,3309.68300000,277938.46239000,0,SOLUSDT
2026-05-20 02:55:00+00:00,83.99,84.03,83.95,83.99,2267.147,1779245999999,190403.55606000,1008,1388.52300000,116610.04079000,0,SOLUSDT
2026-05-20 03:00:00+00:00,83.99,83.99,83.86,83.92,3134.939,1779246299999,263109.07276000,1709,1089.44600000,91421.56399000,0,SOLUSDT
2026-05-20 03:05:00+00:00,83.92,84.03,83.92,84.02,2266.204,1779246599999,190292.50106000,1183,1722.38600000,144627.88617000,0,SOLUSDT
2026-05-20 03:10:00+00:00,84.02,84.04,83.97,84.02,1323.706,1779246899999,111209.00983000,912,669.68700000,56261.18811000,0,SOLUSDT
2026-05-20 03:15:00+00:00,84.01,84.12,84.01,84.11,1320.067,1779247199999,110988.18839000,810,791.82300000,66571.30719000,0,SOLUSDT
2026-05-20 03:20:00+00:00,84.1,84.18,84.06,84.08,2111.278,1779247499999,177582.92612000,912,894.60000000,75257.41562000,0,SOLUSDT
2026-05-20 03:25:00+00:00,84.07,84.28,84.06,84.24,2821.801,1779247799999,237590.71969000,844,2074.54300000,174663.81103000,0,SOLUSDT
2026-05-20 03:30:00+00:00,84.25,84.26,84.13,84.21,4138.914,1779248099999,348455.20546000,1339,2076.56600000,174816.94150000,0,SOLUSDT
2026-05-20 03:35:00+00:00,84.21,84.24,84.17,84.22,2129.625,1779248399999,179318.77344000,994,1060.70500000,89319.38666000,0,SOLUSDT
2026-05-20 03:40:00+00:00,84.21,84.22,84.12,84.14,1945.757,1779248699999,163764.42551000,619,212.27400000,17862.36183000,0,SOLUSDT
2026-05-20 03:45:00+00:00,84.15,84.15,84.02,84.05,1654.622,1779248999999,139117.83849000,679,322.72100000,27135.63727000,0,SOLUSDT
2026-05-20 03:50:00+00:00,84.04,84.1,84.03,84.08,625.896,1779249299999,52618.37023000,441,519.94400000,43711.30670000,0,SOLUSDT
2026-05-20 03:55:00+00:00,84.09,84.13,84.08,84.1,1362.265,1779249599999,114576.80865000,525,853.91500000,71824.15282000,0,SOLUSDT
2026-05-20 04:00:00+00:00,84.1,84.2,84.09,84.12,2837.144,1779249899999,238758.87292000,1085,1653.60900000,139167.18719000,0,SOLUSDT
2026-05-20 04:05:00+00:00,84.13,84.2,84.13,84.18,1910.659,1779250199999,160826.02444000,786,1093.98900000,92080.98575000,0,SOLUSDT
2026-05-20 04:10:00+00:00,84.19,84.2,84.03,84.19,3432.472,1779250499999,288763.05580000,1103,1412.92400000,118874.46893000,0,SOLUSDT
2026-05-20 04:15:00+00:00,84.19,84.23,84.13,84.13,1109.872,1779250799999,93436.47743000,644,393.61800000,33143.00695000,0,SOLUSDT
2026-05-20 04:20:00+00:00,84.13,84.14,84.08,84.11,1985.563,1779251099999,167001.68964000,633,477.07200000,40127.22851000,0,SOLUSDT
2026-05-20 04:25:00+00:00,84.1,84.17,84.07,84.08,2662.085,1779251399999,223930.41250000,763,724.47600000,60947.28631000,0,SOLUSDT
2026-05-20 04:30:00+00:00,84.08,84.11,84.03,84.06,4868.018,1779251699999,409254.11277000,753,4272.30000000,359179.78188000,0,SOLUSDT
2026-05-20 04:35:00+00:00,84.06,84.06,83.88,84.02,4469.645,1779251999999,375323.33152000,1419,1178.82800000,98976.66777000,0,SOLUSDT
2026-05-20 04:40:00+00:00,84.02,84.07,84.01,84.02,1939.759,1779252299999,163012.02014000,784,1045.27500000,87839.93385000,0,SOLUSDT
2026-05-20 04:45:00+00:00,84.01,84.12,84.01,84.08,2302.431,1779252599999,193603.30676000,765,1467.18400000,123369.24279000,0,SOLUSDT
2026-05-20 04:50:00+00:00,84.09,84.18,84.08,84.18,1978.992,1779252899999,166494.32586000,460,1154.14300000,97101.34266000,0,SOLUSDT
2026-05-20 04:55:00+00:00,84.18,84.23,84.15,84.23,1352.928,1779253199999,113907.79163000,492,1116.05100000,93968.61097000,0,SOLUSDT
2026-05-20 05:00:00+00:00,84.23,84.4,84.22,84.37,9404.94,1779253499999,792940.87246000,1819,5144.54800000,433754.47205000,0,SOLUSDT
2026-05-20 05:05:00+00:00,84.38,84.63,84.34,84.62,10770.268,1779253799999,909704.70097000,2176,7763.92600000,655851.25195000,0,SOLUSDT
2026-05-20 05:10:00+00:00,84.63,84.79,84.56,84.78,14325.465,1779254099999,1213348.68558000,3805,10363.05800000,877733.74318000,0,SOLUSDT
2026-05-20 05:15:00+00:00,84.78,84.8,84.57,84.71,7911.528,1779254399999,669919.17223000,1601,3967.75700000,335966.72493000,0,SOLUSDT
2026-05-20 05:20:00+00:00,84.72,84.75,84.64,84.7,5574.791,1779254699999,472099.84879000,1645,1848.75300000,156570.42349000,0,SOLUSDT
2026-05-20 05:25:00+00:00,84.7,84.72,84.65,84.71,2944.993,1779254999999,249409.15762000,1342,571.51000000,48397.86358000,0,SOLUSDT
2026-05-20 05:30:00+00:00,84.71,84.95,84.71,84.79,11501.255,1779255299999,975948.33500000,3694,5081.07000000,431053.04730000,0,SOLUSDT
2026-05-20 05:35:00+00:00,84.8,84.92,84.8,84.92,6124.235,1779255599999,519718.17918000,1588,4210.81900000,357358.76717000,0,SOLUSDT
2026-05-20 05:40:00+00:00,84.92,84.95,84.8,84.8,9099.374,1779255899999,772478.72301000,3218,1559.86200000,132415.25843000,0,SOLUSDT
2026-05-20 05:45:00+00:00,84.8,84.84,84.72,84.75,5684.547,1779256199999,481927.21977000,2413,1270.54100000,107723.85181000,0,SOLUSDT
2026-05-20 05:50:00+00:00,84.75,84.8,84.72,84.78,4384.337,1779256499999,371634.03824000,2012,1041.40200000,88272.58340000,0,SOLUSDT
2026-05-20 05:55:00+00:00,84.78,84.82,84.74,84.78,4228.97,1779256799999,358549.36969000,1447,1558.40900000,132137.19094000,0,SOLUSDT
2026-05-20 06:00:00+00:00,84.77,84.88,84.77,84.81,7301.023,1779257099999,619326.61556000,2246,2677.96500000,227187.10708000,0,SOLUSDT
2026-05-20 06:05:00+00:00,84.81,84.89,84.79,84.87,8570.259,1779257399999,727083.25414000,1819,5921.50500000,502349.28344000,0,SOLUSDT
2026-05-20 06:10:00+00:00,84.88,84.89,84.85,84.88,1659.424,1779257699999,140824.33218000,697,927.10000000,78680.07406000,0,SOLUSDT
2026-05-20 06:15:00+00:00,84.88,84.96,84.86,84.95,5080.266,1779257999999,431353.18968000,1186,4032.24400000,342377.68301000,0,SOLUSDT
2026-05-20 06:20:00+00:00,84.95,84.99,84.9,84.97,5225.912,1779258299999,443923.69648000,1273,4049.93600000,344040.89794000,0,SOLUSDT
2026-05-20 06:25:00+00:00,84.97,84.97,84.83,84.86,2891.711,1779258599999,245473.11578000,1009,884.70400000,75086.56041000,0,SOLUSDT
2026-05-20 06:30:00+00:00,84.87,84.91,84.81,84.84,2193.541,1779258899999,186116.75750000,887,1114.84100000,94594.86772000,0,SOLUSDT
2026-05-20 06:35:00+00:00,84.84,84.89,84.72,84.87,5282.078,1779259199999,447954.72182000,1251,3378.80800000,286611.45074000,0,SOLUSDT
2026-05-20 06:40:00+00:00,84.87,84.94,84.79,84.94,14345.61,1779259499999,1217608.52628000,1192,4652.88700000,394769.60084000,0,SOLUSDT
2026-05-20 06:45:00+00:00,84.94,84.97,84.83,84.97,3859.643,1779259799999,327737.75014000,1232,2132.15700000,181068.44504000,0,SOLUSDT
2026-05-20 06:50:00+00:00,84.96,85.02,84.94,84.97,7557.837,1779260099999,642297.52786000,1716,5895.85400000,501068.49557000,0,SOLUSDT
2026-05-20 06:55:00+00:00,84.98,85.02,84.97,84.99,3432.555,1779260399999,291725.30423000,648,1548.84400000,131640.28861000,0,SOLUSDT
2026-05-20 07:00:00+00:00,84.99,85.01,84.83,84.88,9891.792,1779260699999,840124.03250000,1346,1375.36600000,116755.54402000,0,SOLUSDT
2026-05-20 07:05:00+00:00,84.87,84.93,84.83,84.93,3190.345,1779260999999,270800.58473000,910,1747.58000000,148352.75334000,0,SOLUSDT
2026-05-20 07:10:00+00:00,84.93,84.97,84.9,84.91,3083.765,1779261299999,261905.27226000,1050,1223.17100000,103892.64157000,0,SOLUSDT
2026-05-20 07:15:00+00:00,84.9,84.91,84.86,84.91,2288.851,1779261599999,194296.18881000,640,983.18500000,83460.00372000,0,SOLUSDT
2026-05-20 07:20:00+00:00,84.91,85.13,84.9,85.12,8705.647,1779261899999,740275.83434000,1936,6945.03700000,590558.10207000,0,SOLUSDT
2026-05-20 07:25:00+00:00,85.13,85.13,84.95,85.02,5322.054,1779262199999,452530.39624000,1761,2349.88400000,199752.53361000,0,SOLUSDT
2026-05-20 07:30:00+00:00,85.02,85.03,84.92,84.97,4120.446,1779262499999,350106.81713000,1572,1017.34400000,86425.88997000,0,SOLUSDT
2026-05-20 07:35:00+00:00,84.96,84.97,84.92,84.94,3139.617,1779262799999,266691.37957000,1009,1067.80200000,90706.28173000,0,SOLUSDT
2026-05-20 07:40:00+00:00,84.93,84.99,84.89,84.9,3532.794,1779263099999,300039.46740000,1139,1262.02300000,107197.76364000,0,SOLUSDT
2026-05-20 07:45:00+00:00,84.9,84.9,84.76,84.77,2665.613,1779263399999,226064.90986000,856,351.59200000,29813.93226000,0,SOLUSDT
2026-05-20 07:50:00+00:00,84.78,84.8,84.7,84.8,3463.663,1779263699999,293535.85210000,1181,1683.38700000,142668.94189000,0,SOLUSDT
2026-05-20 07:55:00+00:00,84.8,84.81,84.75,84.77,3520.005,1779263999999,298425.19805000,779,2057.41700000,174435.11643000,0,SOLUSDT
2026-05-20 08:00:00+00:00,84.76,84.84,84.75,84.83,2509.925,1779264299999,212823.82296000,1023,1341.03800000,113716.32285000,0,SOLUSDT
2026-05-20 08:05:00+00:00,84.83,84.92,84.74,84.75,6737.689,1779264599999,571633.23159000,1395,3398.13000000,288344.37032000,0,SOLUSDT
2026-05-20 08:10:00+00:00,84.75,84.83,84.72,84.82,3680.208,1779264899999,311946.56916000,820,2983.06500000,252847.24069000,0,SOLUSDT
2026-05-20 08:15:00+00:00,84.82,84.88,84.81,84.87,3924.568,1779265199999,332936.50512000,827,3030.93800000,257129.38857000,0,SOLUSDT
2026-05-20 08:20:00+00:00,84.88,84.89,84.74,84.84,3385.063,1779265499999,287076.22393000,1326,1517.86300000,128718.96186000,0,SOLUSDT
2026-05-20 08:25:00+00:00,84.84,84.86,84.8,84.86,2630.961,1779265799999,223196.18160000,997,1464.53100000,124238.88463000,0,SOLUSDT
2026-05-20 08:30:00+00:00,84.87,84.98,84.87,84.98,4662.029,1779266099999,395912.75256000,1170,2247.09400000,190835.88218000,0,SOLUSDT
2026-05-20 08:35:00+00:00,84.97,85.19,84.95,85.15,10244.414,1779266399999,871623.64286000,2800,7495.61700000,637719.85275000,0,SOLUSDT
2026-05-20 08:40:00+00:00,85.14,85.15,85.0,85.09,8721.994,1779266699999,742029.73035000,1975,6060.86800000,515611.82916000,0,SOLUSDT
2026-05-20 08:45:00+00:00,85.08,85.09,85.0,85.0,3145.208,1779266999999,267487.79286000,971,1348.93000000,114722.13252000,0,SOLUSDT
2026-05-20 08:50:00+00:00,85.01,85.04,84.97,85.02,3153.406,1779267299999,268061.00617000,861,1815.07800000,154302.42336000,0,SOLUSDT
2026-05-20 08:55:00+00:00,85.01,85.02,84.98,84.98,2565.847,1779267599999,218083.20910000,788,391.63400000,33288.69437000,0,SOLUSDT
2026-05-20 09:00:00+00:00,84.99,85.1,84.96,85.05,14217.773,1779267899999,1209249.70506000,1298,7323.50100000,622770.91527000,0,SOLUSDT
2026-05-20 09:05:00+00:00,85.04,85.04,84.92,84.97,3411.18,1779268199999,289808.00086000,872,1760.76400000,149560.36229000,0,SOLUSDT
2026-05-20 09:10:00+00:00,84.97,85.01,84.92,84.98,6709.208,1779268499999,570038.88988000,1431,3744.32300000,318115.17137000,0,SOLUSDT
2026-05-20 09:15:00+00:00,84.97,84.98,84.88,84.95,2840.975,1779268799999,241283.37395000,865,1215.98800000,103269.44147000,0,SOLUSDT
2026-05-20 09:20:00+00:00,84.96,85.0,84.95,84.98,2831.754,1779269099999,240615.66658000,762,1396.30200000,118648.22003000,0,SOLUSDT
2026-05-20 09:25:00+00:00,84.98,85.05,84.96,85.04,3900.884,1779269399999,331587.54857000,897,2857.30200000,242874.25661000,0,SOLUSDT
2026-05-20 09:30:00+00:00,85.04,85.09,85.0,85.01,3269.155,1779269699999,278021.52490000,829,2295.79700000,195248.99363000,0,SOLUSDT
2026-05-20 09:35:00+00:00,85.02,85.06,84.98,85.04,2859.896,1779269999999,243119.25752000,1002,1188.52400000,101040.64982000,0,SOLUSDT
2026-05-20 09:40:00+00:00,85.03,85.07,84.97,84.98,2970.369,1779270299999,252578.83722000,742,1333.39200000,113398.38453000,0,SOLUSDT
2026-05-20 09:45:00+00:00,84.98,84.98,84.9,84.92,2773.765,1779270599999,235588.61549000,854,1218.09000000,103460.12630000,0,SOLUSDT
2026-05-20 09:50:00+00:00,84.91,84.95,84.85,84.91,4791.332,1779270899999,406742.20294000,1084,3727.78500000,316438.46445000,0,SOLUSDT
2026-05-20 09:55:00+00:00,84.91,84.95,84.85,84.9,2835.97,1779271199999,240720.32542000,852,1151.85000000,97767.26712000,0,SOLUSDT
2026-05-20 10:00:00+00:00,84.89,85.03,84.88,84.95,2693.638,1779271499999,228897.87754000,1070,1848.73000000,157098.93137000,0,SOLUSDT
2026-05-20 10:05:00+00:00,84.96,85.03,84.94,84.97,2166.552,1779271799999,184131.10268000,1005,1149.77600000,97718.43847000,0,SOLUSDT
2026-05-20 10:10:00+00:00,84.96,84.96,84.9,84.96,4366.941,1779272099999,370916.21066000,687,2867.78200000,243585.50355000,0,SOLUSDT
2026-05-20 10:15:00+00:00,84.97,84.99,84.95,84.97,2015.881,1779272399999,171288.73912000,594,1404.41400000,119333.90052000,0,SOLUSDT
2026-05-20 10:20:00+00:00,84.97,85.05,84.97,85.04,6475.556,1779272699999,550521.49692000,988,5363.69800000,455990.23939000,0,SOLUSDT
2026-05-20 10:25:00+00:00,85.05,85.05,84.98,85.04,5823.1,1779272999999,495132.14569000,674,1240.74000000,105491.35669000,0,SOLUSDT
2026-05-20 10:30:00+00:00,85.04,85.15,85.02,85.15,4407.299,1779273299999,374964.69014000,1036,3522.02500000,299658.09963000,0,SOLUSDT
2026-05-20 10:35:00+00:00,85.15,85.21,85.08,85.09,3969.253,1779273599999,337996.57656000,1274,2529.33900000,215398.47938000,0,SOLUSDT
2026-05-20 10:40:00+00:00,85.08,85.09,85.01,85.07,4897.476,1779273899999,416516.66347000,820,3201.45100000,272293.45679000,0,SOLUSDT
2026-05-20 10:45:00+00:00,85.07,85.12,85.01,85.01,8313.077,1779274199999,707264.66218000,1380,6346.45300000,539959.29679000,0,SOLUSDT
2026-05-20 10:50:00+00:00,85.01,85.05,84.98,85.05,2193.961,1779274499999,186517.97763000,881,1026.76800000,87290.77673000,0,SOLUSDT
2026-05-20 10:55:00+00:00,85.05,85.05,84.96,84.98,2048.006,1779274799999,174028.87094000,724,631.41600000,53655.47996000,0,SOLUSDT
2026-05-20 11:00:00+00:00,84.98,85.01,84.92,84.96,4359.536,1779275099999,370380.62715000,1101,2333.17400000,198224.36855000,0,SOLUSDT
2026-05-20 11:05:00+00:00,84.96,85.05,84.96,84.99,4444.82,1779275399999,377843.38165000,867,2882.55900000,245044.87296000,0,SOLUSDT
2026-05-20 11:10:00+00:00,84.99,85.06,84.95,84.96,5367.479,1779275699999,456263.86438000,919,2960.80200000,251670.16569000,0,SOLUSDT
2026-05-20 11:15:00+00:00,84.96,85.0,84.94,84.94,3012.002,1779275999999,255903.62376000,601,1388.19200000,117948.51178000,0,SOLUSDT
2026-05-20 11:20:00+00:00,84.94,84.95,84.88,84.91,9514.542,1779276299999,807951.45228000,1069,6140.21700000,521438.83036000,0,SOLUSDT
2026-05-20 11:25:00+00:00,84.9,84.9,84.82,84.83,4022.16,1779276599999,341328.46810000,1059,1796.40700000,152447.83125000,0,SOLUSDT
2026-05-20 11:30:00+00:00,84.84,84.9,84.8,84.9,4244.904,1779276899999,360107.62947000,1598,2865.95100000,243122.64942000,0,SOLUSDT
2026-05-20 11:35:00+00:00,84.9,84.92,84.84,84.88,3460.068,1779277199999,293649.28056000,1420,2774.62500000,235473.97875000,0,SOLUSDT
2026-05-20 11:40:00+00:00,84.87,84.88,84.73,84.76,6038.774,1779277499999,511981.61860000,2124,2408.03900000,204152.96500000,0,SOLUSDT
2026-05-20 11:45:00+00:00,84.76,84.8,84.67,84.67,7709.655,1779277799999,653348.77045000,1583,2954.25000000,250409.31497000,0,SOLUSDT
2026-05-20 11:50:00+00:00,84.67,84.7,84.58,84.7,6321.696,1779278099999,535050.51801000,2266,4909.21500000,415514.57071000,0,SOLUSDT
2026-05-20 11:55:00+00:00,84.69,84.72,84.66,84.7,3427.21,1779278399999,290229.00363000,1423,2102.39800000,178035.93954000,0,SOLUSDT
2026-05-20 12:00:00+00:00,84.7,84.82,84.62,84.82,4110.213,1779278699999,348209.68631000,1982,3254.59000000,275731.33586000,0,SOLUSDT
2026-05-20 12:05:00+00:00,84.82,84.85,84.79,84.8,3734.021,1779278999999,316707.63260000,1299,1793.28000000,152108.05281000,0,SOLUSDT
2026-05-20 12:10:00+00:00,84.81,84.81,84.76,84.78,2305.419,1779279299999,195445.38934000,924,1424.67200000,120777.19794000,0,SOLUSDT
2026-05-20 12:15:00+00:00,84.77,84.82,84.76,84.76,2185.19,1779279599999,185287.36992000,981,1410.35400000,119589.67948000,0,SOLUSDT
2026-05-20 12:20:00+00:00,84.76,84.76,84.63,84.73,3853.92,1779279899999,326383.23406000,1891,2407.67200000,203886.36583000,0,SOLUSDT
2026-05-20 12:25:00+00:00,84.73,84.88,84.73,84.86,4590.723,1779280199999,389330.03028000,1744,3335.97400000,282926.57061000,0,SOLUSDT
2026-05-20 12:30:00+00:00,84.86,85.05,84.86,85.03,4119.075,1779280499999,349807.77937000,1368,2647.87500000,224907.87150000,0,SOLUSDT
2026-05-20 12:35:00+00:00,85.03,85.04,84.98,85.03,2812.982,1779280799999,239145.57933000,732,1358.92100000,115528.91735000,0,SOLUSDT
2026-05-20 12:40:00+00:00,85.02,85.04,84.98,84.99,6125.349,1779281099999,520683.50155000,694,4371.83000000,371650.66773000,0,SOLUSDT
2026-05-20 12:45:00+00:00,85.0,85.12,84.99,85.09,13885.03,1779281399999,1180708.75967000,1506,10907.63800000,927472.19867000,0,SOLUSDT
2026-05-20 12:50:00+00:00,85.09,85.13,84.99,85.12,5267.653,1779281699999,447944.86955000,1481,2662.54200000,226411.17496000,0,SOLUSDT
2026-05-20 12:55:00+00:00,85.13,85.33,85.08,85.1,8210.228,1779281999999,699555.69481000,2775,4893.29500000,416913.83894000,0,SOLUSDT
2026-05-20 13:00:00+00:00,85.1,85.15,85.04,85.08,5268.426,1779282299999,448309.05904000,1769,2298.37700000,195581.31098000,0,SOLUSDT
2026-05-20 13:05:00+00:00,85.08,85.08,84.99,85.02,3874.109,1779282599999,329447.91472000,1311,1355.51900000,115271.81809000,0,SOLUSDT
2026-05-20 13:10:00+00:00,85.02,85.02,84.92,84.93,3498.203,1779282899999,297199.72659000,948,1254.20400000,106557.24325000,0,SOLUSDT
2026-05-20 13:15:00+00:00,84.93,84.94,84.83,84.9,4266.381,1779283199999,362240.86793000,1799,1995.38500000,169436.76728000,0,SOLUSDT
2026-05-20 13:20:00+00:00,84.91,84.99,84.88,84.94,3554.846,1779283499999,301978.43064000,1719,818.01300000,69484.79646000,0,SOLUSDT
2026-05-20 13:25:00+00:00,84.93,84.93,84.7,84.76,4579.343,1779283799999,388303.19040000,2288,1248.92400000,105886.28461000,0,SOLUSDT
2026-05-20 13:30:00+00:00,84.76,84.83,84.67,84.76,7913.355,1779284099999,670620.44782000,3371,2760.10500000,233891.18092000,0,SOLUSDT
2026-05-20 13:35:00+00:00,84.75,84.75,84.19,84.4,23321.252,1779284399999,1968445.18932000,8141,6586.37600000,555696.17539000,0,SOLUSDT
2026-05-20 13:40:00+00:00,84.4,84.52,84.3,84.5,14866.081,1779284699999,1254688.11738000,4293,9063.43600000,765079.63637000,0,SOLUSDT
2026-05-20 13:45:00+00:00,84.5,84.8,84.48,84.64,12480.171,1779284999999,1056089.29909000,4713,7170.17200000,606785.45850000,0,SOLUSDT
2026-05-20 13:50:00+00:00,84.63,84.74,84.56,84.61,8736.914,1779285299999,739716.96998000,2790,2069.48300000,175199.91675000,0,SOLUSDT
2026-05-20 13:55:00+00:00,84.61,84.69,84.49,84.69,4774.747,1779285599999,403810.01933000,2524,2065.86200000,174751.96071000,0,SOLUSDT
2026-05-20 14:00:00+00:00,84.69,84.8,84.68,84.7,4318.621,1779285899999,365891.52288000,2447,2072.04900000,175552.43499000,0,SOLUSDT
2026-05-20 14:05:00+00:00,84.71,84.72,84.57,84.6,8076.694,1779286199999,683619.59142000,2617,2810.20800000,237857.37763000,0,SOLUSDT
2026-05-20 14:10:00+00:00,84.59,84.79,84.33,84.66,18299.717,1779286499999,1546623.96285000,6239,10955.52700000,926056.90412000,0,SOLUSDT
2026-05-20 14:15:00+00:00,84.66,85.32,84.65,85.14,23618.524,1779286799999,2008681.93254000,11563,15131.72800000,1286732.12333000,0,SOLUSDT
2026-05-20 14:20:00+00:00,85.14,85.25,84.96,85.0,21552.691,1779287099999,1833732.10606000,5117,7406.68100000,630812.63073000,0,SOLUSDT
2026-05-20 14:25:00+00:00,85.0,85.16,84.93,85.12,6552.53,1779287399999,557540.70018000,3536,4414.30300000,375612.07037000,0,SOLUSDT
2026-05-20 14:30:00+00:00,85.13,85.6,85.13,85.38,58319.534,1779287699999,4984830.18787000,9503,31626.35200000,2702422.32958000,0,SOLUSDT
2026-05-20 14:35:00+00:00,85.39,85.43,85.24,85.38,11816.847,1779287999999,1008585.23584000,4497,6066.54700000,517786.06580000,0,SOLUSDT
2026-05-20 14:40:00+00:00,85.38,85.58,85.35,85.57,16280.256,1779288299999,1391840.03121000,3879,11905.54100000,1017728.23086000,0,SOLUSDT
2026-05-20 14:45:00+00:00,85.58,85.74,85.55,85.68,35938.387,1779288599999,3079151.02939000,5945,16733.76000000,1433616.80032000,0,SOLUSDT
2026-05-20 14:50:00+00:00,85.69,86.16,85.61,86.05,48266.805,1779288899999,4149133.72727000,8833,28204.77600000,2424452.55464000,0,SOLUSDT
2026-05-20 14:55:00+00:00,86.05,86.07,85.84,85.86,19030.173,1779289199999,1635292.24502000,3615,8845.60400000,760059.47914000,0,SOLUSDT
2026-05-20 15:00:00+00:00,85.85,85.93,85.55,85.56,14306.313,1779289499999,1226718.71042000,4061,5777.43700000,495382.24614000,0,SOLUSDT
2026-05-20 15:05:00+00:00,85.57,85.66,85.51,85.63,8136.021,1779289799999,696414.55820000,2374,4542.04900000,388795.79325000,0,SOLUSDT
2026-05-20 15:10:00+00:00,85.63,85.64,85.43,85.45,9355.711,1779290099999,800048.56868000,3134,3221.43000000,275465.28914000,0,SOLUSDT
2026-05-20 15:15:00+00:00,85.45,86.27,85.45,86.02,59018.149,1779290399999,5076914.62453000,18127,35649.11600000,3065930.59914000,0,SOLUSDT
2026-05-20 15:20:00+00:00,86.03,86.21,85.96,85.99,13067.441,1779290699999,1125210.86352000,4492,5966.89500000,513823.94603000,0,SOLUSDT
2026-05-20 15:25:00+00:00,85.99,86.09,85.78,85.99,15282.326,1779290999999,1313188.01794000,4142,10165.25000000,873622.49870000,0,SOLUSDT
2026-05-20 15:30:00+00:00,86.0,86.06,85.85,85.95,9671.153,1779291299999,831409.13216000,3307,3544.72000000,304823.76866000,0,SOLUSDT
2026-05-20 15:35:00+00:00,85.94,86.01,85.83,85.83,8624.384,1779291599999,741200.09703000,2372,5807.37200000,499168.65247000,0,SOLUSDT
2026-05-20 15:40:00+00:00,85.83,85.84,85.68,85.78,12846.41,1779291899999,1102058.98729000,2618,3220.15600000,276242.41171000,0,SOLUSDT
2026-05-20 15:45:00+00:00,85.78,86.06,85.78,86.02,18255.171,1779292199999,1569583.84129000,3063,12978.05100000,1115717.38749000,0,SOLUSDT
2026-05-20 15:50:00+00:00,86.03,86.05,85.89,85.91,6775.634,1779292499999,582598.98532000,1696,2854.20100000,245376.70333000,0,SOLUSDT
2026-05-20 15:55:00+00:00,85.91,86.02,85.8,85.92,10736.146,1779292799999,922612.70078000,2423,3477.99700000,298777.46599000,0,SOLUSDT
2026-05-20 16:00:00+00:00,85.92,86.18,85.92,86.09,17568.733,1779293099999,1511839.36428000,4806,8804.39900000,757486.40852000,0,SOLUSDT
2026-05-20 16:05:00+00:00,86.1,86.46,86.1,86.41,23426.802,1779293399999,2021410.99115000,5022,14450.61900000,1247054.86338000,0,SOLUSDT
2026-05-20 16:10:00+00:00,86.41,86.46,86.3,86.3,12543.83,1779293699999,1083921.89739000,2679,7381.03000000,637816.90166000,0,SOLUSDT
2026-05-20 16:15:00+00:00,86.3,86.33,86.04,86.15,17912.14,1779293999999,1543414.37602000,4860,10417.84400000,897695.83809000,0,SOLUSDT
2026-05-20 16:20:00+00:00,86.14,86.14,85.76,85.85,33492.422,1779294299999,2877237.96757000,6838,21424.04000000,1840447.07915000,0,SOLUSDT
2026-05-20 16:25:00+00:00,85.85,85.85,85.54,85.67,11060.633,1779294599999,948015.90180000,4961,4405.63600000,377566.80881000,0,SOLUSDT
2026-05-20 16:30:00+00:00,85.66,85.86,85.61,85.85,9469.36,1779294899999,812047.98851000,3511,5858.33900000,502360.51521000,0,SOLUSDT
2026-05-20 16:35:00+00:00,85.84,86.1,85.77,86.05,10643.188,1779295199999,914862.08190000,3107,7686.35500000,660691.78264000,0,SOLUSDT
2026-05-20 16:40:00+00:00,86.05,86.23,86.01,86.19,8470.103,1779295499999,729767.60691000,3260,5233.32700000,450920.72277000,0,SOLUSDT
2026-05-20 16:45:00+00:00,86.2,86.83,86.14,86.79,179810.505,1779295799999,15571183.02445000,20494,133698.41200000,11578442.45120000,0,SOLUSDT
2026-05-20 16:50:00+00:00,86.78,86.85,86.44,86.47,23830.955,1779296099999,2064369.95534000,4030,7527.73800000,652596.74756000,0,SOLUSDT
2026-05-20 16:55:00+00:00,86.48,86.53,86.37,86.49,9672.071,1779296399999,836130.95980000,2723,4443.73100000,384200.13622000,0,SOLUSDT
2026-05-20 17:00:00+00:00,86.49,86.56,86.32,86.32,13405.118,1779296699999,1159193.95147000,3272,7731.72200000,668598.81135000,0,SOLUSDT
2026-05-20 17:05:00+00:00,86.33,86.46,86.33,86.38,4889.984,1779296999999,422460.07031000,2191,2351.43300000,203146.52581000,0,SOLUSDT
2026-05-20 17:10:00+00:00,86.39,86.65,86.34,86.54,16030.436,1779297299999,1386564.14746000,4129,10200.46300000,882172.36315000,0,SOLUSDT
2026-05-20 17:15:00+00:00,86.55,86.72,86.44,86.68,9767.701,1779297599999,845667.90098000,2695,6492.11100000,562047.60814000,0,SOLUSDT
2026-05-20 17:20:00+00:00,86.67,86.75,86.63,86.69,20444.85,1779297899999,1771983.26505000,3461,9831.44000000,852124.03835000,0,SOLUSDT
2026-05-20 17:25:00+00:00,86.69,86.89,86.67,86.79,18984.872,1779298199999,1647284.18908000,4073,11661.94300000,1011972.40259000,0,SOLUSDT
2026-05-20 17:30:00+00:00,86.79,86.85,86.7,86.8,8153.727,1779298499999,707434.43930000,2921,5753.29600000,499190.55643000,0,SOLUSDT
2026-05-20 17:35:00+00:00,86.8,87.09,86.78,86.86,32080.257,1779298799999,2789589.23931000,6192,22124.15900000,1923998.64750000,0,SOLUSDT
2026-05-20 17:40:00+00:00,86.86,86.88,86.75,86.85,5432.654,1779299099999,471718.32626000,1988,2690.25400000,233579.01749000,0,SOLUSDT
2026-05-20 17:45:00+00:00,86.86,86.9,86.66,86.75,5773.416,1779299399999,501013.95641000,2303,2900.86000000,251757.68966000,0,SOLUSDT
2026-05-20 17:50:00+00:00,86.75,86.75,86.52,86.52,5745.375,1779299699999,497710.99239000,1901,1922.03900000,166542.14182000,0,SOLUSDT
2026-05-20 17:55:00+00:00,86.53,86.54,86.5,86.52,9337.711,1779299999999,807878.08973000,1303,5734.86900000,496167.04620000,0,SOLUSDT
2026-05-20 18:00:00+00:00,86.52,86.58,86.35,86.52,10005.708,1779300299999,865210.58308000,3433,3677.53400000,318064.31459000,0,SOLUSDT
2026-05-20 18:05:00+00:00,86.51,86.52,86.41,86.47,4507.145,1779300599999,389667.85917000,1647,1766.90300000,152763.33366000,0,SOLUSDT
2026-05-20 18:10:00+00:00,86.48,86.49,86.38,86.4,7372.169,1779300899999,637138.63869000,1803,2809.00100000,242736.62629000,0,SOLUSDT
2026-05-20 18:15:00+00:00,86.41,86.52,86.4,86.47,4725.355,1779301199999,408482.58212000,1478,3634.12100000,314144.21019000,0,SOLUSDT
2026-05-20 18:20:00+00:00,86.48,86.51,86.3,86.33,12927.645,1779301499999,1117159.60130000,2251,3926.87300000,339426.19886000,0,SOLUSDT
2026-05-20 18:25:00+00:00,86.32,86.34,86.04,86.07,46200.797,1779301799999,3978940.45344000,5506,9643.07100000,830279.62176000,0,SOLUSDT
2026-05-20 18:30:00+00:00,86.06,86.15,86.04,86.14,4812.266,1779302099999,414243.83169000,1149,1986.91900000,171040.54351000,0,SOLUSDT
2026-05-20 18:35:00+00:00,86.13,86.17,86.04,86.07,14740.153,1779302399999,1268974.15084000,1590,2706.52100000,233002.40336000,0,SOLUSDT
2026-05-20 18:40:00+00:00,86.07,86.07,85.92,85.96,17369.0,1779302699999,1493727.40728000,2253,3311.44400000,284738.16932000,0,SOLUSDT
2026-05-20 18:45:00+00:00,85.96,85.98,85.53,85.8,57754.641,1779302999999,4952224.15001000,6211,13423.35200000,1150848.65954000,0,SOLUSDT
2026-05-20 18:50:00+00:00,85.8,85.84,85.76,85.77,7865.281,1779303299999,674804.86955000,1562,3351.18400000,287524.89022000,0,SOLUSDT
2026-05-20 18:55:00+00:00,85.77,85.84,85.76,85.83,5224.546,1779303599999,448310.80771000,1035,2733.75000000,234574.99378000,0,SOLUSDT
2026-05-20 19:00:00+00:00,85.83,85.85,85.64,85.64,5084.932,1779303899999,436047.97651000,1863,1291.70800000,110785.21739000,0,SOLUSDT
2026-05-20 19:05:00+00:00,85.64,85.87,85.61,85.87,8972.119,1779304199999,769064.23459000,2057,4601.03700000,394440.01971000,0,SOLUSDT
2026-05-20 19:10:00+00:00,85.87,85.9,85.81,85.81,3397.862,1779304499999,291735.82739000,1279,1219.40000000,104700.69809000,0,SOLUSDT
2026-05-20 19:15:00+00:00,85.81,86.05,85.79,86.04,4159.145,1779304799999,357188.57258000,1959,2877.38500000,247127.61917000,0,SOLUSDT
2026-05-20 19:20:00+00:00,86.03,86.12,86.01,86.07,4021.694,1779305099999,346129.26624000,1453,1838.51800000,158232.48929000,0,SOLUSDT
2026-05-20 19:25:00+00:00,86.07,86.21,86.07,86.2,6307.053,1779305399999,543403.72698000,2040,2623.70100000,226037.58713000,0,SOLUSDT
2026-05-20 19:30:00+00:00,86.2,86.28,86.13,86.16,6312.447,1779305699999,544236.19048000,2291,3013.03800000,259734.14966000,0,SOLUSDT
2026-05-20 19:35:00+00:00,86.16,86.29,86.08,86.19,9396.407,1779305999999,809882.95195000,2213,5862.36400000,505240.78610000,0,SOLUSDT
2026-05-20 19:40:00+00:00,86.19,86.26,86.13,86.15,3195.302,1779306299999,275388.18879000,1641,1747.56000000,150617.64200000,0,SOLUSDT
2026-05-20 19:45:00+00:00,86.15,86.23,86.12,86.16,3566.11,1779306599999,307322.88274000,1675,1774.37900000,152919.29066000,0,SOLUSDT
2026-05-20 19:50:00+00:00,86.16,86.2,86.06,86.19,4478.806,1779306899999,385785.26615000,1844,2812.57700000,242273.72685000,0,SOLUSDT
2026-05-20 19:55:00+00:00,86.2,86.26,86.15,86.16,6480.594,1779307199999,558615.00832000,2015,2664.88300000,229695.19380000,0,SOLUSDT
2026-05-20 20:00:00+00:00,86.16,86.17,85.95,86.01,9305.349,1779307499999,800447.48493000,1800,1179.17300000,101456.31490000,0,SOLUSDT
2026-05-20 20:05:00+00:00,86.01,86.06,85.96,86.06,3035.41,1779307799999,261093.65129000,861,1918.74800000,165062.40473000,0,SOLUSDT
2026-05-20 20:10:00+00:00,86.06,86.24,86.06,86.21,3276.382,1779308099999,282274.57049000,1161,2045.92900000,176248.11338000,0,SOLUSDT
2026-05-20 20:15:00+00:00,86.21,86.21,85.86,85.96,9714.184,1779308399999,835453.97559000,2111,2977.46400000,256024.29057000,0,SOLUSDT
2026-05-20 20:20:00+00:00,85.96,85.96,85.55,85.83,18857.195,1779308699999,1617808.88617000,4682,7528.47800000,645678.37804000,0,SOLUSDT
2026-05-20 20:25:00+00:00,85.82,85.97,85.77,85.97,6716.917,1779308999999,576645.84114000,1511,4182.69800000,359051.42520000,0,SOLUSDT
2026-05-20 20:30:00+00:00,85.96,86.0,85.81,85.83,3211.304,1779309299999,275836.17382000,1134,998.05800000,85713.07194000,0,SOLUSDT
2026-05-20 20:35:00+00:00,85.84,85.9,85.81,85.86,1889.555,1779309599999,162225.52211000,945,1097.06800000,94186.84233000,0,SOLUSDT
2026-05-20 20:40:00+00:00,85.86,86.07,85.86,86.02,9050.204,1779309899999,778162.55114000,1703,7452.99500000,640817.15454000,0,SOLUSDT
2026-05-20 20:45:00+00:00,86.02,86.15,85.96,86.1,5992.712,1779310199999,515837.53912000,1351,4250.51600000,365897.17283000,0,SOLUSDT
2026-05-20 20:50:00+00:00,86.1,86.16,86.07,86.11,2246.207,1779310499999,193444.92494000,841,1050.36800000,90458.65719000,0,SOLUSDT
2026-05-20 20:55:00+00:00,86.11,86.23,86.11,86.18,4859.415,1779310799999,418791.32923000,1182,3531.71800000,304350.52412000,0,SOLUSDT
2026-05-20 21:00:00+00:00,86.17,86.23,86.06,86.21,3914.812,1779311099999,337214.51628000,968,1603.87700000,138158.67608000,0,SOLUSDT
2026-05-20 21:05:00+00:00,86.22,86.22,86.17,86.19,2934.788,1779311399999,252963.57252000,714,972.44800000,83820.27909000,0,SOLUSDT
2026-05-20 21:10:00+00:00,86.2,86.33,86.18,86.29,5081.654,1779311699999,438327.78989000,1323,3038.14800000,262060.85055000,0,SOLUSDT
2026-05-20 21:15:00+00:00,86.29,86.32,86.14,86.15,3181.791,1779311999999,274318.11173000,702,1528.66600000,131766.84787000,0,SOLUSDT
2026-05-20 21:20:00+00:00,86.14,86.16,86.06,86.15,2537.946,1779312299999,218570.68408000,809,1196.03500000,103005.67023000,0,SOLUSDT
2026-05-20 21:25:00+00:00,86.16,86.18,86.0,86.0,2482.211,1779312599999,213712.03901000,825,890.50600000,76687.65971000,0,SOLUSDT
2026-05-20 21:30:00+00:00,86.0,86.06,85.95,86.05,4752.795,1779312899999,408746.96436000,908,2495.76000000,214646.27547000,0,SOLUSDT
2026-05-20 21:35:00+00:00,86.04,86.13,86.04,86.13,4460.146,1779313199999,384020.22693000,603,2250.20200000,193723.07273000,0,SOLUSDT
2026-05-20 21:40:00+00:00,86.12,86.21,86.11,86.15,10047.655,1779313499999,865794.14504000,1211,2073.09700000,178631.27219000,0,SOLUSDT
2026-05-20 21:45:00+00:00,86.16,86.21,86.13,86.17,2656.174,1779313799999,228854.15683000,710,1892.95200000,163088.13152000,0,SOLUSDT
2026-05-20 21:50:00+00:00,86.17,86.21,86.14,86.15,3913.583,1779314099999,337260.06406000,613,550.44600000,47433.22684000,0,SOLUSDT
2026-05-20 21:55:00+00:00,86.15,86.16,85.96,85.99,8868.898,1779314399999,763254.41831000,1362,3585.54300000,308497.20676000,0,SOLUSDT
2026-05-20 22:00:00+00:00,85.98,85.98,85.76,85.89,12499.533,1779314699999,1073248.01926000,2592,2219.01600000,190505.68555000,0,SOLUSDT
2026-05-20 22:05:00+00:00,85.9,85.94,85.7,85.73,17638.249,1779314999999,1513638.44638000,2523,3177.06400000,272708.87914000,0,SOLUSDT
2026-05-20 22:10:00+00:00,85.73,85.82,85.66,85.8,17651.714,1779315299999,1513151.09341000,2863,3044.58700000,261069.68577000,0,SOLUSDT
2026-05-20 22:15:00+00:00,85.8,85.84,85.64,85.66,25379.398,1779315599999,2177101.00698000,3618,2259.92700000,193813.40691000,0,SOLUSDT
2026-05-20 22:20:00+00:00,85.66,85.92,85.64,85.91,14311.298,1779315899999,1226543.30147000,1829,5888.02100000,504888.05532000,0,SOLUSDT
2026-05-20 22:25:00+00:00,85.91,86.12,85.89,86.12,13864.255,1779316199999,1191742.79040000,1586,11235.34000000,965757.02697000,0,SOLUSDT
2026-05-20 22:30:00+00:00,86.12,86.24,86.1,86.13,6521.519,1779316499999,561872.95320000,1550,2922.46800000,251787.32789000,0,SOLUSDT
2026-05-20 22:35:00+00:00,86.13,86.14,85.95,85.95,6890.117,1779316799999,592899.65113000,1192,1209.83000000,104066.75507000,0,SOLUSDT
2026-05-20 22:40:00+00:00,85.95,86.04,85.92,86.02,4573.674,1779317099999,393195.64826000,736,1939.18600000,166710.21638000,0,SOLUSDT
2026-05-20 22:45:00+00:00,86.02,86.14,86.0,86.14,4836.133,1779317399999,416292.89820000,1027,4073.97600000,350691.97828000,0,SOLUSDT
2026-05-20 22:50:00+00:00,86.14,86.15,85.98,86.02,3631.446,1779317699999,312424.73176000,878,1664.38300000,143169.61465000,0,SOLUSDT
2026-05-20 22:55:00+00:00,86.03,86.09,86.02,86.04,2306.856,1779317999999,198528.09997000,585,1336.93700000,115065.31698000,0,SOLUSDT
2026-05-20 23:00:00+00:00,86.03,86.03,85.93,85.95,5492.279,1779318299999,472215.19512000,1203,1339.53400000,115176.78978000,0,SOLUSDT
2026-05-20 23:05:00+00:00,85.94,86.06,85.92,86.02,6587.599,1779318599999,566591.76846000,1156,2341.67900000,201365.97810000,0,SOLUSDT
2026-05-20 23:10:00+00:00,86.02,86.02,85.92,85.98,7347.663,1779318899999,631789.69928000,1016,1658.80800000,142616.96045000,0,SOLUSDT
2026-05-20 23:15:00+00:00,85.98,86.01,85.9,85.99,4985.335,1779319199999,428505.41841000,1026,2059.60800000,177019.14703000,0,SOLUSDT
2026-05-20 23:20:00+00:00,85.99,86.01,85.88,85.88,1914.881,1779319499999,164624.90398000,417,617.03500000,53060.20553000,0,SOLUSDT
2026-05-20 23:25:00+00:00,85.88,85.98,85.88,85.96,1846.612,1779319799999,158680.00704000,430,1410.29800000,121183.79212000,0,SOLUSDT
2026-05-20 23:30:00+00:00,85.96,85.99,85.9,85.99,2029.889,1779320099999,174473.78561000,720,1283.76100000,110342.10291000,0,SOLUSDT
2026-05-20 23:35:00+00:00,85.99,86.11,85.96,86.04,3601.06,1779320399999,309812.46672000,799,2570.45000000,221120.72963000,0,SOLUSDT
2026-05-20 23:40:00+00:00,86.03,86.07,85.98,86.04,3325.858,1779320699999,286121.13953000,678,2072.88600000,178343.36763000,0,SOLUSDT
2026-05-20 23:45:00+00:00,86.03,86.14,85.99,86.1,5538.05,1779320999999,476721.13527000,1070,3355.70200000,288845.16604000,0,SOLUSDT
2026-05-20 23:50:00+00:00,86.09,86.11,86.02,86.11,3204.179,1779321299999,275765.11641000,790,1651.82100000,142145.20666000,0,SOLUSDT
2026-05-20 23:55:00+00:00,86.11,86.18,86.09,86.17,2680.081,1779321599999,230845.93408000,631,2065.32000000,177897.46650000,0,SOLUSDT
2026-05-21 00:00:00+00:00,86.17,86.27,86.11,86.26,6769.142,1779321899999,583300.94788000,1798,3602.39100000,310465.57363000,0,SOLUSDT
2026-05-21 00:05:00+00:00,86.27,86.31,86.13,86.28,6972.489,1779322199999,601156.41271000,1503,3759.72200000,324187.22929000,0,SOLUSDT
2026-05-21 00:10:00+00:00,86.28,86.36,86.27,86.34,5366.686,1779322499999,463255.37239000,1276,2584.40800000,223081.05341000,0,SOLUSDT
2026-05-21 00:15:00+00:00,86.34,86.45,86.23,86.28,7415.809,1779322799999,640408.24846000,1745,3537.00600000,305483.31781000,0,SOLUSDT
2026-05-21 00:20:00+00:00,86.28,86.34,86.2,86.33,3710.933,1779323099999,320035.11443000,957,1891.96200000,163169.68228000,0,SOLUSDT
2026-05-21 00:25:00+00:00,86.34,86.38,86.29,86.37,6103.657,1779323399999,526857.49560000,1046,4923.22100000,424962.01805000,0,SOLUSDT
2026-05-21 00:30:00+00:00,86.38,86.46,86.32,86.46,4376.399,1779323699999,378086.18125000,1068,2831.87600000,244680.44074000,0,SOLUSDT
2026-05-21 00:35:00+00:00,86.45,86.53,86.4,86.49,6656.552,1779323999999,575544.98983000,1505,4402.71000000,380678.27479000,0,SOLUSDT
2026-05-21 00:40:00+00:00,86.49,86.54,86.44,86.54,1887.609,1779324299999,163271.30456000,855,897.40500000,77628.32333000,0,SOLUSDT
2026-05-21 00:45:00+00:00,86.54,86.74,86.53,86.72,18554.372,1779324599999,1607996.63924000,2780,15549.37800000,1347641.43384000,0,SOLUSDT
2026-05-21 00:50:00+00:00,86.72,86.83,86.64,86.77,11065.326,1779324899999,959717.03580000,2836,6418.61500000,556718.24229000,0,SOLUSDT
2026-05-21 00:55:00+00:00,86.77,86.77,86.6,86.64,7541.621,1779325199999,653633.30218000,1678,5301.10300000,459420.84707000,0,SOLUSDT
2026-05-21 01:00:00+00:00,86.64,86.67,86.58,86.65,5175.461,1779325499999,448378.09302000,1691,3555.44600000,308025.73950000,0,SOLUSDT
2026-05-21 01:05:00+00:00,86.65,86.69,86.5,86.66,8685.617,1779325799999,751962.37346000,2016,5586.18500000,483594.14208000,0,SOLUSDT
2026-05-21 01:10:00+00:00,86.67,86.88,86.65,86.88,8362.058,1779326099999,725491.20675000,2124,6234.89000000,540983.36408000,0,SOLUSDT
2026-05-21 01:15:00+00:00,86.88,87.06,86.55,86.55,20524.398,1779326399999,1783405.09721000,5082,12954.55400000,1126160.13280000,0,SOLUSDT
2026-05-21 01:20:00+00:00,86.54,86.6,86.5,86.55,6579.905,1779326699999,569439.31572000,1543,3568.91800000,308871.20278000,0,SOLUSDT
2026-05-21 01:25:00+00:00,86.54,86.56,86.47,86.53,4373.94,1779326999999,378389.82685000,1090,2326.84000000,201294.34976000,0,SOLUSDT
2026-05-21 01:30:00+00:00,86.52,86.57,86.45,86.56,7344.446,1779327299999,635229.78377000,1436,4892.30400000,423125.78711000,0,SOLUSDT
2026-05-21 01:35:00+00:00,86.56,86.61,86.39,86.52,17392.376,1779327599999,1504662.78675000,1861,2778.24800000,240387.23097000,0,SOLUSDT
2026-05-21 01:40:00+00:00,86.52,86.65,86.5,86.55,3617.148,1779327899999,313192.21700000,859,2163.08400000,187291.89072000,0,SOLUSDT
2026-05-21 01:45:00+00:00,86.54,86.71,86.54,86.66,4450.856,1779328199999,385600.44516000,1360,3415.21300000,295861.77435000,0,SOLUSDT
2026-05-21 01:50:00+00:00,86.65,86.67,86.45,86.48,2857.272,1779328499999,247324.31978000,987,713.21100000,61730.75860000,0,SOLUSDT
2026-05-21 01:55:00+00:00,86.49,86.57,86.48,86.54,2013.591,1779328799999,174230.13966000,660,1396.98200000,120882.72147000,0,SOLUSDT
2026-05-21 02:00:00+00:00,86.54,86.6,86.53,86.57,4247.265,1779329099999,367660.86081000,860,3387.59400000,293244.56695000,0,SOLUSDT
2026-05-21 02:05:00+00:00,86.57,86.57,86.44,86.48,2701.269,1779329399999,233632.72905000,680,987.55400000,85404.54585000,0,SOLUSDT
2026-05-21 02:10:00+00:00,86.49,86.54,86.48,86.51,2504.998,1779329699999,216698.08453000,742,1114.68100000,96439.33607000,0,SOLUSDT
2026-05-21 02:15:00+00:00,86.52,86.75,86.48,86.75,2499.929,1779329999999,216541.36959000,1067,1810.24800000,156821.35025000,0,SOLUSDT
2026-05-21 02:20:00+00:00,86.74,86.88,86.71,86.72,9079.519,1779330299999,788043.18853000,2046,5675.27100000,492582.94462000,0,SOLUSDT
2026-05-21 02:25:00+00:00,86.72,86.79,86.7,86.73,3959.111,1779330599999,343501.19083000,904,2846.61800000,246984.40641000,0,SOLUSDT
2026-05-21 02:30:00+00:00,86.73,86.75,86.67,86.7,2173.755,1779330899999,188464.76179000,679,831.96400000,72135.95547000,0,SOLUSDT
2026-05-21 02:35:00+00:00,86.7,86.83,86.68,86.76,6727.75,1779331199999,583829.47977000,1126,3956.31200000,343281.72444000,0,SOLUSDT
2026-05-21 02:40:00+00:00,86.75,86.78,86.7,86.75,5604.568,1779331499999,486126.40815000,1297,4063.16200000,352431.19283000,0,SOLUSDT
2026-05-21 02:45:00+00:00,86.74,86.74,86.65,86.67,3988.762,1779331799999,345792.24693000,742,2795.22200000,242332.92315000,0,SOLUSDT
2026-05-21 02:50:00+00:00,86.66,86.76,86.63,86.64,4698.96,1779332099999,407417.07913000,1050,1504.13300000,130426.15813000,0,SOLUSDT
2026-05-21 02:55:00+00:00,86.64,86.67,86.6,86.61,3715.495,1779332399999,321936.57699000,654,1893.20700000,164054.59350000,0,SOLUSDT
2026-05-21 03:00:00+00:00,86.61,86.62,86.54,86.55,5294.506,1779332699999,458391.65570000,1094,3063.10900000,265181.73529000,0,SOLUSDT
2026-05-21 03:05:00+00:00,86.55,86.65,86.54,86.64,5570.697,1779332999999,482397.00851000,1151,4071.12900000,352568.96654000,0,SOLUSDT
2026-05-21 03:10:00+00:00,86.64,86.72,86.62,86.64,2496.81,1779333299999,216415.24549000,740,1836.84000000,159216.36423000,0,SOLUSDT
2026-05-21 03:15:00+00:00,86.64,86.64,86.54,86.6,3653.802,1779333599999,316336.87693000,852,2061.24100000,178455.02447000,0,SOLUSDT
2026-05-21 03:20:00+00:00,86.61,86.78,86.61,86.76,9859.443,1779333899999,855202.95930000,1435,7112.51500000,616929.46023000,0,SOLUSDT
2026-05-21 03:25:00+00:00,86.75,86.82,86.74,86.78,5855.822,1779334199999,508147.12388000,976,3932.27600000,341230.57442000,0,SOLUSDT
2026-05-21 03:30:00+00:00,86.79,86.83,86.77,86.79,2796.057,1779334499999,242702.67641000,790,1053.41300000,91438.47720000,0,SOLUSDT
2026-05-21 03:35:00+00:00,86.8,86.81,86.76,86.8,2998.437,1779334799999,260234.57327000,727,1871.21300000,162406.69746000,0,SOLUSDT
2026-05-21 03:40:00+00:00,86.8,86.8,86.76,86.78,1588.823,1779335099999,137880.91053000,533,726.11800000,63013.97644000,0,SOLUSDT
2026-05-21 03:45:00+00:00,86.77,86.81,86.7,86.7,3353.889,1779335399999,290965.85802000,924,1585.66000000,137580.65132000,0,SOLUSDT
2026-05-21 03:50:00+00:00,86.71,86.83,86.7,86.81,24699.817,1779335699999,2143037.44439000,3505,13863.37800000,1202814.01346000,0,SOLUSDT
2026-05-21 03:55:00+00:00,86.81,86.91,86.8,86.85,6249.594,1779335999999,542756.38377000,919,4711.31400000,409151.85227000,0,SOLUSDT
2026-05-21 04:00:00+00:00,86.85,86.93,86.84,86.9,3634.936,1779336299999,315877.06627000,1166,2011.73900000,174826.18488000,0,SOLUSDT
2026-05-21 04:05:00+00:00,86.9,87.22,86.84,87.0,32663.226,1779336599999,2843711.93552000,4934,18979.75900000,1652245.45063000,0,SOLUSDT
2026-05-21 04:10:00+00:00,86.99,87.01,86.86,86.87,4949.579,1779336899999,430463.92190000,1042,1280.03100000,111304.01003000,0,SOLUSDT
2026-05-21 04:15:00+00:00,86.87,87.03,86.86,86.89,8477.891,1779337199999,737379.57873000,1512,3942.14900000,342824.95454000,0,SOLUSDT
2026-05-21 04:20:00+00:00,86.9,87.0,86.87,86.98,5919.915,1779337499999,514702.45916000,1141,3383.36700000,294202.34342000,0,SOLUSDT
2026-05-21 04:25:00+00:00,86.98,87.04,86.91,86.94,2695.212,1779337799999,234403.25767000,890,1302.75300000,113322.11757000,0,SOLUSDT
2026-05-21 04:30:00+00:00,86.95,86.99,86.82,86.84,9870.529,1779338099999,857737.02169000,1631,4828.48300000,419672.22168000,0,SOLUSDT
2026-05-21 04:35:00+00:00,86.85,86.98,86.76,86.98,16207.994,1779338399999,1407364.43685000,1712,9444.09300000,820109.02518000,0,SOLUSDT
2026-05-21 04:40:00+00:00,86.97,87.02,86.97,87.0,4830.363,1779338699999,420217.84259000,902,3626.05000000,315453.97397000,0,SOLUSDT
2026-05-21 04:45:00+00:00,86.99,87.08,86.95,87.06,14648.737,1779338999999,1274984.77122000,1913,8979.92000000,781554.87682000,0,SOLUSDT
2026-05-21 04:50:00+00:00,87.05,87.13,87.02,87.03,10489.527,1779339299999,913271.65656000,1729,5516.88500000,480330.76873000,0,SOLUSDT
2026-05-21 04:55:00+00:00,87.02,87.19,86.97,86.98,33411.649,1779339599999,2910689.55376000,3276,10155.31900000,884700.25103000,0,SOLUSDT
2026-05-21 05:00:00+00:00,86.98,87.11,86.94,87.09,8054.488,1779339899999,701045.76048000,1803,5380.88600000,468306.97315000,0,SOLUSDT
2026-05-21 05:05:00+00:00,87.09,87.09,86.91,86.92,5430.281,1779340199999,472509.00688000,1042,2211.10800000,192439.60451000,0,SOLUSDT
2026-05-21 05:10:00+00:00,86.92,86.93,86.76,86.79,6388.454,1779340499999,554886.93699000,1166,1798.13300000,156178.29230000,0,SOLUSDT
2026-05-21 05:15:00+00:00,86.78,86.85,86.74,86.84,2491.205,1779340799999,216230.46978000,852,1522.66900000,132174.46478000,0,SOLUSDT
2026-05-21 05:20:00+00:00,86.83,86.88,86.71,86.72,4031.564,1779341099999,349885.70455000,1060,1569.09500000,136209.22871000,0,SOLUSDT
2026-05-21 05:25:00+00:00,86.72,86.73,86.63,86.64,3004.666,1779341399999,260397.50031000,903,1101.72000000,95471.98715000,0,SOLUSDT
2026-05-21 05:30:00+00:00,86.64,86.69,86.57,86.67,3626.803,1779341699999,314158.28094000,1256,2285.17200000,197951.18032000,0,SOLUSDT
2026-05-21 05:35:00+00:00,86.67,86.69,86.63,86.65,1916.459,1779341999999,166089.65237000,659,869.97600000,75396.53464000,0,SOLUSDT
2026-05-21 05:40:00+00:00,86.66,86.69,86.6,86.63,2248.118,1779342299999,194785.66988000,873,1237.19700000,107198.65174000,0,SOLUSDT
2026-05-21 05:45:00+00:00,86.63,86.64,86.36,86.45,10372.577,1779342599999,896893.77385000,2566,2998.65700000,259318.20486000,0,SOLUSDT
2026-05-21 05:50:00+00:00,86.45,86.58,86.42,86.52,17356.588,1779342899999,1501197.76357000,2175,9643.07700000,834048.73420000,0,SOLUSDT
2026-05-21 05:55:00+00:00,86.51,86.51,86.44,86.51,4546.557,1779343199999,393244.14181000,654,913.48600000,78997.13033000,0,SOLUSDT
2026-05-21 06:00:00+00:00,86.51,86.56,86.44,86.52,1982.698,1779343499999,171491.93250000,825,910.67400000,78769.13298000,0,SOLUSDT
2026-05-21 06:05:00+00:00,86.52,86.56,86.32,86.35,5108.996,1779343799999,441729.92253000,1371,1301.58000000,112531.47755000,0,SOLUSDT
2026-05-21 06:10:00+00:00,86.35,86.43,86.32,86.39,5770.944,1779344099999,498477.68744000,1013,2756.29500000,238077.52589000,0,SOLUSDT
2026-05-21 06:15:00+00:00,86.39,86.41,86.27,86.29,2819.159,1779344399999,243372.65257000,830,1510.94000000,130445.13962000,0,SOLUSDT
2026-05-21 06:20:00+00:00,86.29,86.51,86.29,86.44,6681.744,1779344699999,577517.60854000,1576,5030.99300000,434786.28330000,0,SOLUSDT
2026-05-21 06:25:00+00:00,86.43,86.62,86.37,86.48,8355.529,1779344999999,722636.20128000,1512,4794.84500000,414696.83477000,0,SOLUSDT
2026-05-21 06:30:00+00:00,86.48,86.59,86.47,86.53,3097.172,1779345299999,268001.92793000,1002,1921.97100000,166311.92439000,0,SOLUSDT
2026-05-21 06:35:00+00:00,86.52,86.53,86.43,86.46,2772.824,1779345599999,239789.64865000,837,1306.71700000,113006.68953000,0,SOLUSDT
2026-05-21 06:40:00+00:00,86.46,86.46,86.29,86.33,4440.734,1779345899999,383497.36945000,889,1425.57900000,123095.98217000,0,SOLUSDT
2026-05-21 06:45:00+00:00,86.34,86.35,86.2,86.28,5633.691,1779346199999,486099.77565000,1866,1516.92600000,130885.61456000,0,SOLUSDT
2026-05-21 06:50:00+00:00,86.28,86.41,86.24,86.31,13968.543,1779346499999,1206375.71060000,1173,6467.67800000,558483.12540000,0,SOLUSDT
2026-05-21 06:55:00+00:00,86.3,86.31,86.24,86.31,4473.652,1779346799999,385993.92404000,899,2656.55100000,229229.80315000,0,SOLUSDT
2026-05-21 07:00:00+00:00,86.31,86.4,86.26,86.26,4766.478,1779347099999,411377.35464000,1414,2148.09700000,185414.59351000,0,SOLUSDT
2026-05-21 07:05:00+00:00,86.27,86.47,86.27,86.39,11367.204,1779347399999,982248.99693000,1408,8462.72500000,731241.36747000,0,SOLUSDT
2026-05-21 07:10:00+00:00,86.38,86.43,86.34,86.4,3250.524,1779347699999,280810.77879000,894,1166.34200000,100765.02872000,0,SOLUSDT
2026-05-21 07:15:00+00:00,86.41,86.44,86.32,86.4,3839.336,1779347999999,331678.03900000,1339,2048.96100000,177026.24762000,0,SOLUSDT
2026-05-21 07:20:00+00:00,86.39,86.44,86.36,86.43,2069.521,1779348299999,178802.69663000,878,1314.13200000,113537.62409000,0,SOLUSDT
2026-05-21 07:25:00+00:00,86.42,86.53,86.42,86.48,7108.014,1779348599999,614826.46342000,1364,2896.34600000,250522.41949000,0,SOLUSDT
2026-05-21 07:30:00+00:00,86.48,86.58,86.47,86.56,2554.72,1779348899999,221053.19108000,997,1872.88900000,162053.54144000,0,SOLUSDT
2026-05-21 07:35:00+00:00,86.57,86.61,86.55,86.59,1729.875,1779349199999,149766.40650000,588,970.26300000,84006.78594000,0,SOLUSDT
2026-05-21 07:40:00+00:00,86.59,86.63,86.57,86.6,1862.382,1779349499999,161282.59322000,744,830.73900000,71941.34768000,0,SOLUSDT
2026-05-21 07:45:00+00:00,86.59,86.65,86.57,86.65,2470.072,1779349799999,213955.61230000,716,1265.07300000,109580.56629000,0,SOLUSDT
2026-05-21 07:50:00+00:00,86.65,86.67,86.62,86.67,1662.545,1779350099999,144056.90365000,417,1296.09700000,112306.80188000,0,SOLUSDT
2026-05-21 07:55:00+00:00,86.67,86.73,86.64,86.64,5873.414,1779350399999,509188.46951000,848,3777.77700000,327518.98331000,0,SOLUSDT
2026-05-21 08:00:00+00:00,86.64,86.9,86.63,86.87,6431.585,1779350699999,557848.76801000,1906,5415.87600000,469753.68611000,0,SOLUSDT
2026-05-21 08:05:00+00:00,86.88,87.1,86.85,87.0,16944.653,1779350999999,1473946.16791000,2615,13009.31200000,1131713.12412000,0,SOLUSDT
2026-05-21 08:10:00+00:00,86.99,87.15,86.93,87.12,8303.538,1779351299999,722846.36164000,2463,6306.91700000,549062.44351000,0,SOLUSDT
2026-05-21 08:15:00+00:00,87.12,87.27,86.98,86.98,14895.495,1779351599999,1297632.35176000,3305,10356.54400000,902309.82550000,0,SOLUSDT
2026-05-21 08:20:00+00:00,86.97,87.03,86.89,86.97,8468.472,1779351899999,736339.92558000,1602,5248.54200000,456409.58818000,0,SOLUSDT
2026-05-21 08:25:00+00:00,86.97,87.08,86.87,87.05,8372.043,1779352199999,728049.29644000,1902,7036.03900000,611883.19518000,0,SOLUSDT
2026-05-21 08:30:00+00:00,87.05,87.05,86.79,86.84,8481.171,1779352499999,736659.03377000,1283,4498.60000000,390670.92308000,0,SOLUSDT
2026-05-21 08:35:00+00:00,86.83,86.93,86.78,86.83,6990.746,1779352799999,607109.28501000,1447,4930.97400000,428226.18525000,0,SOLUSDT
2026-05-21 08:40:00+00:00,86.83,86.88,86.82,86.86,1663.881,1779353099999,144504.53217000,684,1439.97200000,125058.56408000,0,SOLUSDT
2026-05-21 08:45:00+00:00,86.87,86.87,86.76,86.79,5603.09,1779353399999,486407.87287000,1323,3468.65400000,301125.11359000,0,SOLUSDT
2026-05-21 08:50:00+00:00,86.78,86.79,86.71,86.74,3840.932,1779353699999,333204.71090000,952,1102.98900000,95687.78071000,0,SOLUSDT
2026-05-21 08:55:00+00:00,86.73,86.99,86.73,86.86,12197.316,1779353999999,1059854.58942000,1838,7700.83800000,669026.65941000,0,SOLUSDT
2026-05-21 09:00:00+00:00,86.86,86.97,86.83,86.97,5775.061,1779354299999,501819.80935000,1237,4580.39800000,398020.47167000,0,SOLUSDT
2026-05-21 09:05:00+00:00,86.97,87.06,86.87,86.91,10903.421,1779354599999,948141.45061000,1969,4657.14300000,405012.43437000,0,SOLUSDT
2026-05-21 09:10:00+00:00,86.91,86.93,86.8,86.89,18670.525,1779354899999,1621732.29034000,1392,7441.04100000,646433.44494000,0,SOLUSDT
2026-05-21 09:15:00+00:00,86.88,86.94,86.81,86.85,3697.086,1779355199999,321213.81882000,981,2335.20600000,202900.36115000,0,SOLUSDT
2026-05-21 09:20:00+00:00,86.85,86.97,86.84,86.92,1930.607,1779355499999,167806.88921000,761,1531.73200000,133132.97049000,0,SOLUSDT
2026-05-21 09:25:00+00:00,86.92,86.96,86.87,86.87,3385.436,1779355799999,294268.72446000,862,2477.04400000,215318.75905000,0,SOLUSDT
2026-05-21 09:30:00+00:00,86.86,86.91,86.63,86.64,5397.45,1779356099999,468111.96254000,1409,1430.46000000,124145.74850000,0,SOLUSDT
2026-05-21 09:35:00+00:00,86.63,86.69,86.47,86.48,5164.291,1779356399999,447213.14270000,1566,1058.17100000,91662.98847000,0,SOLUSDT
2026-05-21 09:40:00+00:00,86.48,86.57,86.48,86.5,3783.459,1779356699999,327348.06123000,1017,2293.80000000,198456.73038000,0,SOLUSDT
2026-05-21 09:45:00+00:00,86.5,86.58,86.49,86.55,2222.661,1779356999999,192359.49102000,656,1191.39500000,103117.83793000,0,SOLUSDT
2026-05-21 09:50:00+00:00,86.55,86.56,86.46,86.52,5091.846,1779357299999,440574.78220000,817,3579.02800000,309712.43803000,0,SOLUSDT
2026-05-21 09:55:00+00:00,86.52,86.57,86.49,86.5,2468.892,1779357599999,213652.11921000,651,1503.07500000,130082.81117000,0,SOLUSDT
2026-05-21 10:00:00+00:00,86.49,86.56,86.46,86.54,2693.588,1779357899999,233025.39236000,826,1626.30500000,140697.94545000,0,SOLUSDT
2026-05-21 10:05:00+00:00,86.54,86.57,86.5,86.56,3664.139,1779358199999,317078.91601000,727,2271.45400000,196587.17401000,0,SOLUSDT
2026-05-21 10:10:00+00:00,86.57,86.6,86.54,86.6,5977.524,1779358499999,517538.09648000,910,3589.52200000,310799.31608000,0,SOLUSDT
2026-05-21 10:15:00+00:00,86.6,86.68,86.58,86.64,6793.544,1779358799999,588526.23156000,1181,4724.88400000,409343.55363000,0,SOLUSDT
2026-05-21 10:20:00+00:00,86.63,86.65,86.57,86.61,1698.888,1779359099999,147146.41085000,576,876.80800000,75946.42568000,0,SOLUSDT
2026-05-21 10:25:00+00:00,86.61,86.62,85.74,85.99,38352.652,1779359399999,3301974.38996000,10676,15517.98500000,1335411.61785000,0,SOLUSDT
2026-05-21 10:30:00+00:00,85.98,86.1,85.71,86.04,45614.27,1779359699999,3919188.14447000,4792,35170.58600000,3022099.87936000,0,SOLUSDT
2026-05-21 10:35:00+00:00,86.04,86.11,85.87,85.87,11126.349,1779359999999,957145.42099000,2529,7153.10900000,615426.78041000,0,SOLUSDT
2026-05-21 10:40:00+00:00,85.87,86.0,85.86,85.99,12794.744,1779360299999,1099699.84891000,2551,7007.53400000,602266.84466000,0,SOLUSDT
2026-05-21 10:45:00+00:00,85.98,86.02,85.86,85.98,10905.494,1779360599999,937326.70316000,2470,7797.57000000,670259.14367000,0,SOLUSDT
2026-05-21 10:50:00+00:00,85.98,85.99,85.8,85.94,9345.42,1779360899999,802797.22317000,2871,4275.89400000,367375.57556000,0,SOLUSDT
2026-05-21 10:55:00+00:00,85.94,85.96,85.72,85.74,10130.996,1779361199999,869529.55460000,2481,3638.40500000,312451.23861000,0,SOLUSDT
2026-05-21 11:00:00+00:00,85.75,85.87,85.62,85.81,9976.813,1779361499999,855369.94721000,2981,5583.27200000,478808.93511000,0,SOLUSDT
2026-05-21 11:05:00+00:00,85.81,85.82,85.73,85.8,6545.154,1779361799999,561409.96367000,1906,3937.73600000,337764.92086000,0,SOLUSDT
2026-05-21 11:10:00+00:00,85.8,85.9,85.8,85.88,5934.162,1779362099999,509396.93241000,1580,5072.33000000,435415.65001000,0,SOLUSDT
2026-05-21 11:15:00+00:00,85.88,85.94,85.82,85.83,7310.473,1779362399999,627883.54983000,1888,4913.57600000,422048.77969000,0,SOLUSDT
2026-05-21 11:20:00+00:00,85.83,85.91,85.75,85.8,12346.473,1779362699999,1059632.71108000,2777,6487.85400000,556858.21517000,0,SOLUSDT
2026-05-21 11:25:00+00:00,85.81,85.84,85.75,85.84,6202.464,1779362999999,532223.11702000,1349,2761.29500000,236933.79249000,0,SOLUSDT
2026-05-21 11:30:00+00:00,85.83,85.92,85.78,85.79,4536.636,1779363299999,389503.97642000,1253,2671.00300000,229351.71946000,0,SOLUSDT
2026-05-21 11:35:00+00:00,85.8,85.82,85.7,85.77,8271.753,1779363599999,709213.89318000,1694,2123.98300000,182143.82834000,0,SOLUSDT
2026-05-21 11:40:00+00:00,85.77,85.82,85.7,85.75,9144.106,1779363899999,784216.58368000,1924,3700.69000000,317403.33259000,0,SOLUSDT
2026-05-21 11:45:00+00:00,85.75,85.75,85.67,85.68,7832.398,1779364199999,671348.75064000,1422,1885.59600000,161623.17003000,0,SOLUSDT
2026-05-21 11:50:00+00:00,85.68,85.72,85.63,85.65,6582.97,1779364499999,564076.92569000,1417,2530.62600000,216858.06252000,0,SOLUSDT
2026-05-21 11:55:00+00:00,85.65,85.66,85.57,85.58,10413.096,1779364799999,891441.99890000,1681,5246.89100000,449157.26530000,0,SOLUSDT
2026-05-21 12:00:00+00:00,85.58,85.72,85.56,85.71,8033.479,1779365099999,687758.42408000,2066,3829.61000000,327888.21723000,0,SOLUSDT
2026-05-21 12:05:00+00:00,85.71,85.71,85.54,85.65,12295.356,1779365399999,1052799.20679000,2164,4904.74200000,419994.53050000,0,SOLUSDT
2026-05-21 12:10:00+00:00,85.64,85.65,85.5,85.59,6771.926,1779365699999,579426.12244000,1429,1979.29600000,169371.50419000,0,SOLUSDT
2026-05-21 12:15:00+00:00,85.59,85.68,85.57,85.68,8118.705,1779365999999,695144.20097000,1750,4003.17900000,342774.36500000,0,SOLUSDT
2026-05-21 12:20:00+00:00,85.68,85.68,85.54,85.58,4348.126,1779366299999,372151.65677000,1409,2279.79300000,195119.53874000,0,SOLUSDT
2026-05-21 12:25:00+00:00,85.59,85.66,85.52,85.53,6397.47,1779366599999,547343.37187000,1136,2206.82700000,188813.85699000,0,SOLUSDT
2026-05-21 12:30:00+00:00,85.53,85.77,85.42,85.75,17228.611,1779366899999,1474756.47262000,3943,10162.91200000,870111.55176000,0,SOLUSDT
2026-05-21 12:35:00+00:00,85.75,85.85,85.68,85.8,5802.5,1779367199999,497592.97594000,2151,3214.85100000,275704.50149000,0,SOLUSDT
2026-05-21 12:40:00+00:00,85.8,85.81,85.68,85.7,4991.667,1779367499999,427979.26863000,1087,2231.26200000,191289.09499000,0,SOLUSDT
2026-05-21 12:45:00+00:00,85.71,85.83,85.7,85.76,5583.212,1779367799999,478806.30283000,1478,3078.21200000,263991.61632000,0,SOLUSDT
2026-05-21 12:50:00+00:00,85.76,85.82,85.7,85.8,4167.27,1779368099999,357389.82558000,1043,3184.63200000,273143.06267000,0,SOLUSDT
2026-05-21 12:55:00+00:00,85.8,85.84,85.74,85.75,4502.477,1779368399999,386251.17452000,1226,2752.41800000,236129.26015000,0,SOLUSDT
2026-05-21 13:00:00+00:00,85.75,85.93,85.7,85.89,8497.404,1779368699999,729715.46063000,1800,4526.00100000,388678.94099000,0,SOLUSDT
2026-05-21 13:05:00+00:00,85.89,85.98,85.85,85.98,9000.854,1779368999999,773333.98843000,1584,3791.62500000,325790.44783000,0,SOLUSDT
2026-05-21 13:10:00+00:00,85.98,86.0,85.93,85.94,8954.954,1779369299999,769823.91714000,1252,3141.60400000,270089.59824000,0,SOLUSDT
2026-05-21 13:15:00+00:00,85.94,85.97,85.86,85.93,5904.189,1779369599999,507266.40835000,1732,2045.91400000,175781.79403000,0,SOLUSDT
2026-05-21 13:20:00+00:00,85.93,86.09,85.91,86.04,8369.41,1779369899999,719902.69182000,1730,6435.79100000,553618.72858000,0,SOLUSDT
2026-05-21 13:25:00+00:00,86.05,86.08,85.98,86.07,4764.1,1779370199999,409847.96144000,930,3079.01600000,264903.41020000,0,SOLUSDT
2026-05-21 13:30:00+00:00,86.08,86.09,85.67,85.87,17469.358,1779370499999,1499783.46507000,4115,8480.89000000,728060.78102000,0,SOLUSDT
2026-05-21 13:35:00+00:00,85.87,85.88,85.44,85.51,26621.955,1779370799999,2279878.25260000,5626,10825.39000000,927120.29281000,0,SOLUSDT
2026-05-21 13:40:00+00:00,85.5,85.65,85.32,85.37,16587.774,1779371099999,1418547.30096000,5023,7836.76700000,670269.41484000,0,SOLUSDT
2026-05-21 13:45:00+00:00,85.38,85.69,85.37,85.45,15655.564,1779371399999,1338706.08054000,5277,6624.66800000,566561.06272000,0,SOLUSDT
2026-05-21 13:50:00+00:00,85.45,85.99,85.45,85.9,23857.942,1779371699999,2045419.82181000,5827,17924.21700000,1536781.03330000,0,SOLUSDT
2026-05-21 13:55:00+00:00,85.9,86.13,85.9,86.07,16583.169,1779371999999,1426497.69499000,4468,10745.84200000,924405.97748000,0,SOLUSDT
2026-05-21 14:00:00+00:00,86.07,86.45,86.03,86.38,37392.152,1779372299999,3225318.05222000,6442,26289.83600000,2267766.71777000,0,SOLUSDT
2026-05-21 14:05:00+00:00,86.37,86.4,85.96,86.13,16646.397,1779372599999,1433505.50770000,4627,5988.56800000,516016.02617000,0,SOLUSDT
2026-05-21 14:10:00+00:00,86.14,86.17,85.91,86.03,16415.982,1779372899999,1412401.24037000,3428,7155.86900000,615592.57522000,0,SOLUSDT
2026-05-21 14:15:00+00:00,86.03,86.03,85.76,85.83,12919.549,1779373199999,1109649.00042000,4148,5619.88500000,482639.08138000,0,SOLUSDT
2026-05-21 14:20:00+00:00,85.82,85.92,85.62,85.88,12744.046,1779373499999,1092984.07866000,3993,4813.21100000,412889.86025000,0,SOLUSDT
2026-05-21 14:25:00+00:00,85.87,86.04,85.86,85.99,6797.149,1779373799999,584253.35851000,2529,2756.75300000,236948.86529000,0,SOLUSDT
2026-05-21 14:30:00+00:00,86.0,86.26,86.0,86.19,12163.748,1779374099999,1048057.84001000,3950,9387.84600000,808780.83271000,0,SOLUSDT
2026-05-21 14:35:00+00:00,86.19,86.47,86.18,86.37,26047.221,1779374399999,2249515.14858000,4606,17808.08000000,1537909.74770000,0,SOLUSDT
2026-05-21 14:40:00+00:00,86.37,86.4,85.95,86.02,30071.579,1779374699999,2591791.39628000,4853,17779.10600000,1532662.55458000,0,SOLUSDT
2026-05-21 14:45:00+00:00,86.02,86.08,85.8,85.89,10732.579,1779374999999,922108.33818000,3380,5067.89200000,435344.96076000,0,SOLUSDT
2026-05-21 14:50:00+00:00,85.9,86.07,85.81,86.01,13083.224,1779375299999,1124719.37978000,3342,8353.77500000,718164.60696000,0,SOLUSDT
2026-05-21 14:55:00+00:00,86.01,86.1,85.95,86.01,5865.276,1779375599999,504437.00119000,2154,3556.95200000,305913.22687000,0,SOLUSDT
2026-05-21 15:00:00+00:00,86.01,86.13,85.98,86.12,10806.158,1779375899999,929706.21447000,3063,6088.49900000,523825.65014000,0,SOLUSDT
2026-05-21 15:05:00+00:00,86.11,86.12,85.9,86.04,12063.6,1779376199999,1037562.97988000,3390,7107.71500000,611345.32863000,0,SOLUSDT
2026-05-21 15:10:00+00:00,86.03,86.54,85.98,86.36,23326.057,1779376499999,2011532.23305000,4625,15817.77000000,1364052.40049000,0,SOLUSDT
2026-05-21 15:15:00+00:00,86.36,86.69,86.36,86.66,20069.948,1779376799999,1736579.08748000,4877,15026.02300000,1300198.05902000,0,SOLUSDT
2026-05-21 15:20:00+00:00,86.66,86.82,86.6,86.68,19629.329,1779377099999,1702344.34110000,3955,11420.86100000,990376.98418000,0,SOLUSDT
2026-05-21 15:25:00+00:00,86.67,86.9,86.65,86.81,18250.065,1779377399999,1584517.77484000,3150,10205.62800000,886156.30461000,0,SOLUSDT
2026-05-21 15:30:00+00:00,86.82,86.87,86.39,86.45,21976.301,1779377699999,1904700.85894000,5590,4280.48600000,371010.42521000,0,SOLUSDT
2026-05-21 15:35:00+00:00,86.45,86.6,86.42,86.48,22105.193,1779377999999,1911452.86218000,3598,9951.36300000,860489.37278000,0,SOLUSDT
2026-05-21 15:40:00+00:00,86.49,86.59,86.43,86.44,17069.313,1779378299999,1476501.02963000,2574,11019.10400000,953184.07804000,0,SOLUSDT
2026-05-21 15:45:00+00:00,86.45,86.75,86.45,86.58,11568.126,1779378599999,1001920.22676000,3310,6897.86900000,597435.98302000,0,SOLUSDT
2026-05-21 15:50:00+00:00,86.59,86.65,86.32,86.32,8330.734,1779378899999,720541.70920000,2804,2835.70300000,245409.74149000,0,SOLUSDT
2026-05-21 15:55:00+00:00,86.32,86.51,86.32,86.46,5471.565,1779379199999,473046.82129000,1558,2809.98800000,242896.51035000,0,SOLUSDT
2026-05-21 16:00:00+00:00,86.46,86.59,86.41,86.47,10453.85,1779379499999,904135.68939000,2213,6245.31300000,540174.10119000,0,SOLUSDT
2026-05-21 16:05:00+00:00,86.47,86.56,86.44,86.56,6277.184,1779379799999,543006.14441000,1724,3130.57400000,270859.93476000,0,SOLUSDT
2026-05-21 16:10:00+00:00,86.56,86.59,86.29,86.34,18507.911,1779380099999,1599035.22559000,3316,5517.27400000,476647.15236000,0,SOLUSDT
2026-05-21 16:15:00+00:00,86.34,86.37,86.17,86.27,9530.731,1779380399999,822442.95550000,2265,4596.03600000,396691.97552000,0,SOLUSDT
2026-05-21 16:20:00+00:00,86.28,86.33,86.21,86.26,4848.705,1779380699999,418208.09098000,1557,3160.09400000,272541.78246000,0,SOLUSDT
2026-05-21 16:25:00+00:00,86.25,86.34,86.13,86.31,4504.825,1779380999999,388453.60330000,1504,2662.34500000,229553.49459000,0,SOLUSDT
2026-05-21 16:30:00+00:00,86.3,86.52,86.29,86.39,4983.242,1779381299999,430675.57366000,1532,2199.19400000,190078.47701000,0,SOLUSDT
2026-05-21 16:35:00+00:00,86.4,86.4,86.12,86.18,9563.572,1779381599999,824633.65915000,2813,4448.84700000,383603.14097000,0,SOLUSDT
2026-05-21 16:40:00+00:00,86.19,86.22,86.1,86.15,3581.211,1779381899999,308530.26298000,1430,2080.89400000,179291.71069000,0,SOLUSDT
2026-05-21 16:45:00+00:00,86.15,86.21,86.08,86.14,3415.444,1779382199999,294188.17679000,1288,1488.92100000,128269.78505000,0,SOLUSDT
2026-05-21 16:50:00+00:00,86.13,86.26,86.04,86.23,5274.404,1779382499999,454555.24817000,1589,2050.83800000,176744.14433000,0,SOLUSDT
2026-05-21 16:55:00+00:00,86.23,86.28,86.22,86.26,3283.817,1779382799999,283242.83978000,784,800.10200000,69014.21345000,0,SOLUSDT
2026-05-21 17:00:00+00:00,86.27,86.4,86.25,86.26,6482.513,1779383099999,559698.71247000,1597,3895.54700000,336347.40160000,0,SOLUSDT
2026-05-21 17:05:00+00:00,86.26,86.28,86.18,86.26,3334.695,1779383399999,287557.52654000,1174,1713.77100000,147783.16198000,0,SOLUSDT
2026-05-21 17:10:00+00:00,86.25,86.83,86.25,86.71,25756.946,1779383699999,2231636.61799000,7592,14561.85400000,1261221.97462000,0,SOLUSDT
2026-05-21 17:15:00+00:00,86.72,87.22,86.67,87.04,34301.063,1779383999999,2984914.00933000,9753,23176.65400000,2016702.43378000,0,SOLUSDT
2026-05-21 17:20:00+00:00,87.04,87.6,87.04,87.59,88496.889,1779384299999,7731550.90957000,13312,57305.37000000,5007930.52645000,0,SOLUSDT
2026-05-21 17:25:00+00:00,87.59,88.0,87.59,87.82,84409.539,1779384599999,7410168.38897000,12487,50629.99200000,4445081.16832000,0,SOLUSDT
2026-05-21 17:30:00+00:00,87.81,88.0,87.53,87.61,34982.658,1779384899999,3072979.79680000,7234,21958.06100000,1929568.97432000,0,SOLUSDT
2026-05-21 17:35:00+00:00,87.61,87.7,87.58,87.59,12903.141,1779385199999,1130852.16517000,2854,7807.89700000,684345.88038000,0,SOLUSDT
2026-05-21 17:40:00+00:00,87.59,87.72,87.36,87.58,53896.277,1779385499999,4718917.33595000,5695,20257.71700000,1774034.86600000,0,SOLUSDT
2026-05-21 17:45:00+00:00,87.58,87.63,87.38,87.58,24166.574,1779385799999,2113480.65263000,3920,15038.79300000,1315206.73284000,0,SOLUSDT
2026-05-21 17:50:00+00:00,87.58,87.91,87.54,87.85,20185.776,1779386099999,1771729.28426000,5343,12551.18600000,1101628.89217000,0,SOLUSDT
2026-05-21 17:55:00+00:00,87.85,87.97,87.57,87.59,23980.453,1779386399999,2104956.70853000,4611,13505.12800000,1185247.70583000,0,SOLUSDT
2026-05-21 18:00:00+00:00,87.59,87.75,87.41,87.41,22583.495,1779386699999,1977928.23359000,5515,10785.80500000,944669.27595000,0,SOLUSDT
2026-05-21 18:05:00+00:00,87.41,87.59,87.34,87.55,17731.799,1779386999999,1550559.15505000,3284,5514.46300000,482270.53533000,0,SOLUSDT
2026-05-21 18:10:00+00:00,87.55,87.55,87.38,87.52,9636.6,1779387299999,843003.18217000,2404,2328.28500000,203672.44648000,0,SOLUSDT
2026-05-21 18:15:00+00:00,87.53,87.66,87.41,87.64,6542.808,1779387599999,572526.07203000,2042,2775.98600000,242968.32444000,0,SOLUSDT
2026-05-21 18:20:00+00:00,87.64,87.75,87.57,87.75,8290.181,1779387899999,726468.10055000,1462,3893.14400000,341149.96873000,0,SOLUSDT
2026-05-21 18:25:00+00:00,87.74,87.79,87.56,87.56,8543.123,1779388199999,748978.60337000,1735,1626.54800000,142597.87965000,0,SOLUSDT
2026-05-21 18:30:00+00:00,87.56,87.66,87.52,87.61,4606.576,1779388499999,403543.83679000,1619,2345.37900000,205456.40617000,0,SOLUSDT
2026-05-21 18:35:00+00:00,87.62,87.64,87.54,87.55,3603.721,1779388799999,315653.24312000,1259,1940.98700000,170012.05897000,0,SOLUSDT
2026-05-21 18:40:00+00:00,87.56,87.69,87.55,87.6,5885.212,1779389099999,515565.36729000,1218,3260.19200000,285583.03686000,0,SOLUSDT
2026-05-21 18:45:00+00:00,87.6,87.62,87.11,87.14,17332.037,1779389399999,1514017.60750000,4142,3858.72800000,337016.34177000,0,SOLUSDT
2026-05-21 18:50:00+00:00,87.13,87.29,86.83,86.83,25662.554,1779389699999,2234099.72509000,6768,9123.43800000,794244.44269000,0,SOLUSDT
2026-05-21 18:55:00+00:00,86.83,87.08,86.78,87.07,12949.015,1779389999999,1125718.13157000,4025,5224.34100000,454237.84751000,0,SOLUSDT
2026-05-21 19:00:00+00:00,87.07,87.28,87.07,87.21,9112.045,1779390299999,794419.41427000,2865,4896.79000000,426879.83534000,0,SOLUSDT
2026-05-21 19:05:00+00:00,87.2,87.47,87.2,87.47,9539.785,1779390599999,832963.83717000,2789,5318.86000000,464421.17305000,0,SOLUSDT
2026-05-21 19:10:00+00:00,87.48,87.58,87.43,87.46,9621.885,1779390899999,841968.46623000,2287,5572.13600000,487659.87374000,0,SOLUSDT
2026-05-21 19:15:00+00:00,87.46,87.55,87.37,87.55,5208.162,1779391199999,455415.71737000,1421,2957.30700000,258618.56208000,0,SOLUSDT
2026-05-21 19:20:00+00:00,87.55,87.56,87.44,87.47,3979.937,1779391499999,348223.25593000,1269,1708.25900000,149464.62406000,0,SOLUSDT
2026-05-21 19:25:00+00:00,87.47,87.55,87.38,87.43,7035.144,1779391799999,615337.61887000,1578,2450.42600000,214323.40248000,0,SOLUSDT
2026-05-21 19:30:00+00:00,87.44,87.53,87.43,87.5,5096.153,1779392099999,445832.38151000,1197,2985.00400000,261146.74565000,0,SOLUSDT
2026-05-21 19:35:00+00:00,87.51,87.67,87.51,87.6,3581.181,1779392399999,313750.21019000,1422,2275.03600000,199308.21184000,0,SOLUSDT
2026-05-21 19:40:00+00:00,87.6,87.65,87.52,87.55,6118.429,1779392699999,535751.99914000,1298,3127.54900000,273850.34962000,0,SOLUSDT
2026-05-21 19:45:00+00:00,87.55,87.66,87.5,87.6,4039.586,1779392999999,353700.50629000,1168,1823.11300000,159628.31443000,0,SOLUSDT
2026-05-21 19:50:00+00:00,87.6,87.84,87.6,87.7,16569.66,1779393299999,1453686.88475000,3179,9077.79700000,796130.26616000,0,SOLUSDT
2026-05-21 19:55:00+00:00,87.7,87.88,87.66,87.83,21514.682,1779393599999,1889050.80957000,2281,16487.60100000,1447613.46179000,0,SOLUSDT
2026-05-21 20:00:00+00:00,87.83,87.92,87.72,87.76,6746.177,1779393899999,592592.18401000,1420,4045.93700000,355442.19983000,0,SOLUSDT
2026-05-21 20:05:00+00:00,87.75,87.9,87.72,87.89,3495.86,1779394199999,307102.90209000,1269,2218.23300000,194868.05641000,0,SOLUSDT
2026-05-21 20:10:00+00:00,87.89,87.9,87.76,87.8,8205.589,1779394499999,720713.63506000,1198,3056.92200000,268457.58365000,0,SOLUSDT
2026-05-21 20:15:00+00:00,87.81,87.85,87.69,87.78,9396.201,1779394799999,824615.27001000,1234,5127.93500000,449990.13738000,0,SOLUSDT
2026-05-21 20:20:00+00:00,87.78,87.79,87.74,87.75,3143.174,1779395099999,275845.67102000,704,859.14700000,75397.59948000,0,SOLUSDT
2026-05-21 20:25:00+00:00,87.74,87.8,87.66,87.69,3766.788,1779395399999,330432.66428000,723,1125.45400000,98738.09910000,0,SOLUSDT
2026-05-21 20:30:00+00:00,87.68,87.77,87.68,87.77,3734.602,1779395699999,327614.69202000,613,1534.17700000,134577.49200000,0,SOLUSDT
2026-05-21 20:35:00+00:00,87.76,87.81,87.6,87.6,2809.026,1779395999999,246365.24317000,951,1024.15700000,89856.64265000,0,SOLUSDT
2026-05-21 20:40:00+00:00,87.61,87.65,87.57,87.65,2277.799,1779396299999,199539.76759000,528,1330.73200000,116585.57379000,0,SOLUSDT
2026-05-21 20:45:00+00:00,87.65,87.8,87.65,87.74,4206.047,1779396599999,369002.59850000,1077,2185.13400000,191668.41855000,0,SOLUSDT
2026-05-21 20:50:00+00:00,87.74,87.76,87.49,87.54,6490.728,1779396899999,568562.40442000,1299,1559.97900000,136580.63558000,0,SOLUSDT
2026-05-21 20:55:00+00:00,87.54,87.57,87.53,87.55,4609.468,1779397199999,403556.07375000,640,1033.60800000,90494.16815000,0,SOLUSDT
2026-05-21 21:00:00+00:00,87.56,87.71,87.56,87.58,4334.465,1779397499999,379809.49726000,970,2309.35200000,202351.80929000,0,SOLUSDT
2026-05-21 21:05:00+00:00,87.59,87.65,87.58,87.65,5196.934,1779397799999,455295.14216000,629,4465.57300000,391222.94353000,0,SOLUSDT
2026-05-21 21:10:00+00:00,87.65,87.68,87.53,87.55,3859.979,1779398099999,338156.09824000,786,1585.23000000,138892.83588000,0,SOLUSDT
2026-05-21 21:15:00+00:00,87.55,87.59,87.49,87.5,5376.16,1779398399999,470671.82117000,1190,2594.02000000,227103.37682000,0,SOLUSDT
2026-05-21 21:20:00+00:00,87.5,87.56,87.49,87.56,2057.196,1779398699999,180023.33698000,609,1132.14400000,99075.95179000,0,SOLUSDT
2026-05-21 21:25:00+00:00,87.55,87.55,87.46,87.49,3502.805,1779398999999,306492.00149000,724,1930.41600000,168887.97539000,0,SOLUSDT
2026-05-21 21:30:00+00:00,87.49,87.53,87.31,87.5,19272.078,1779399299999,1684768.36853000,1821,6516.82100000,569782.53203000,0,SOLUSDT
2026-05-21 21:35:00+00:00,87.5,87.55,87.46,87.47,6667.912,1779399599999,583515.44361000,967,2548.84000000,223037.99159000,0,SOLUSDT
2026-05-21 21:40:00+00:00,87.47,87.47,87.38,87.39,9080.785,1779399899999,793671.14899000,1318,4389.14100000,383589.64844000,0,SOLUSDT
2026-05-21 21:45:00+00:00,87.39,87.45,87.33,87.36,4779.819,1779400199999,417730.73927000,1025,1887.95600000,164989.85722000,0,SOLUSDT
2026-05-21 21:50:00+00:00,87.36,87.51,87.36,87.43,4828.218,1779400499999,422236.54634000,1275,2413.62000000,211062.65894000,0,SOLUSDT
2026-05-21 21:55:00+00:00,87.43,87.43,87.33,87.35,2716.276,1779400799999,237302.65813000,629,847.18600000,74003.63186000,0,SOLUSDT
2026-05-21 22:00:00+00:00,87.35,87.48,87.25,87.42,8370.319,1779401099999,731283.76915000,1736,3131.09300000,273515.08347000,0,SOLUSDT
2026-05-21 22:05:00+00:00,87.42,87.5,87.38,87.43,6079.953,1779401399999,531728.59514000,1122,3017.58100000,263918.35436000,0,SOLUSDT
2026-05-21 22:10:00+00:00,87.43,87.43,87.31,87.34,2025.242,1779401699999,176925.48168000,699,901.81300000,78782.48367000,0,SOLUSDT
2026-05-21 22:15:00+00:00,87.35,87.35,87.24,87.32,4730.694,1779401999999,412904.05998000,797,2759.59400000,240846.05692000,0,SOLUSDT
2026-05-21 22:20:00+00:00,87.31,87.32,87.25,87.3,1175.358,1779402299999,102591.39862000,603,619.33500000,54057.46602000,0,SOLUSDT
2026-05-21 22:25:00+00:00,87.29,87.39,87.29,87.38,2676.978,1779402599999,233850.25163000,582,1520.40000000,132813.74565000,0,SOLUSDT
2026-05-21 22:30:00+00:00,87.38,87.42,87.3,87.3,2331.7,1779402899999,203749.61066000,622,981.54500000,85787.90289000,0,SOLUSDT
2026-05-21 22:35:00+00:00,87.3,87.31,87.13,87.13,3470.462,1779403199999,302696.73610000,1180,648.93600000,56631.24183000,0,SOLUSDT
2026-05-21 22:40:00+00:00,87.14,87.31,87.14,87.28,3095.35,1779403499999,270035.49553000,732,2164.95100000,188843.31297000,0,SOLUSDT
2026-05-21 22:45:00+00:00,87.28,87.32,87.24,87.26,2317.425,1779403799999,202271.67703000,565,681.80300000,59510.47815000,0,SOLUSDT
2026-05-21 22:50:00+00:00,87.25,87.26,87.2,87.22,1011.389,1779404099999,88212.98060000,494,330.10400000,28790.92021000,0,SOLUSDT
2026-05-21 22:55:00+00:00,87.21,87.23,87.18,87.19,2540.635,1779404399999,221525.20293000,463,610.10700000,53199.35568000,0,SOLUSDT
2026-05-21 23:00:00+00:00,87.19,87.27,87.13,87.23,1907.019,1779404699999,166281.54434000,699,764.99500000,66707.65844000,0,SOLUSDT
2026-05-21 23:05:00+00:00,87.23,87.32,87.22,87.31,1995.105,1779404999999,174132.91209000,504,1517.40400000,132444.97311000,0,SOLUSDT
2026-05-21 23:10:00+00:00,87.31,87.31,87.06,87.08,3409.222,1779405299999,297245.41916000,1130,1101.99500000,96118.43299000,0,SOLUSDT
2026-05-21 23:15:00+00:00,87.07,87.14,87.02,87.13,4200.783,1779405599999,365836.19396000,1008,1660.80400000,144639.18113000,0,SOLUSDT
2026-05-21 23:20:00+00:00,87.13,87.14,87.06,87.1,1670.743,1779405899999,145507.77312000,513,670.86100000,58431.26028000,0,SOLUSDT
2026-05-21 23:25:00+00:00,87.11,87.19,87.1,87.15,1488.442,1779406199999,129710.67948000,503,649.30500000,56584.49330000,0,SOLUSDT
2026-05-21 23:30:00+00:00,87.15,87.25,87.11,87.25,1995.97,1779406499999,173970.78735000,704,1470.40500000,128152.68800000,0,SOLUSDT
2026-05-21 23:35:00+00:00,87.25,87.33,87.22,87.29,6915.516,1779406799999,603556.02056000,1022,4387.19300000,382926.92650000,0,SOLUSDT
2026-05-21 23:40:00+00:00,87.28,87.38,87.27,87.28,4356.717,1779407099999,380491.89902000,922,2945.41200000,257238.58441000,0,SOLUSDT
2026-05-21 23:45:00+00:00,87.28,87.3,87.25,87.3,1199.77,1779407399999,104710.99514000,477,623.06800000,54378.06933000,0,SOLUSDT
2026-05-21 23:50:00+00:00,87.3,87.36,87.26,87.28,4077.75,1779407699999,356013.49143000,1008,1949.17300000,170186.59342000,0,SOLUSDT
2026-05-21 23:55:00+00:00,87.28,87.37,87.2,87.36,6845.726,1779407999999,597716.67791000,953,4547.17300000,396996.40679000,0,SOLUSDT
2026-05-22 00:00:00+00:00,87.35,87.36,87.21,87.21,6323.707,1779408299999,551909.62305000,2167,1969.01600000,171841.46749000,0,SOLUSDT
2026-05-22 00:05:00+00:00,87.21,87.22,87.15,87.18,3773.537,1779408599999,328999.18121000,1210,1256.04200000,109518.44376000,0,SOLUSDT
2026-05-22 00:10:00+00:00,87.17,87.18,87.04,87.08,3374.651,1779408899999,293874.65583000,1083,1041.94900000,90735.12436000,0,SOLUSDT
2026-05-22 00:15:00+00:00,87.07,87.22,87.06,87.08,2507.818,1779409199999,218515.18202000,1282,1314.18500000,114512.27867000,0,SOLUSDT
2026-05-22 00:20:00+00:00,87.09,87.2,87.04,87.11,2894.726,1779409499999,252174.03215000,1042,1603.73500000,139737.26704000,0,SOLUSDT
2026-05-22 00:25:00+00:00,87.12,87.14,87.01,87.01,1966.618,1779409799999,171247.19027000,876,640.89500000,55811.55571000,0,SOLUSDT
2026-05-22 00:30:00+00:00,87.02,87.19,87.02,87.1,3045.58,1779410099999,265326.08417000,1235,2020.65300000,176047.67138000,0,SOLUSDT
2026-05-22 00:35:00+00:00,87.09,87.15,86.94,86.94,3665.016,1779410399999,319015.10208000,1436,1188.39700000,103479.22006000,0,SOLUSDT
2026-05-22 00:40:00+00:00,86.94,87.01,86.89,86.98,3008.976,1779410699999,261667.72138000,1421,1173.40500000,102044.98064000,0,SOLUSDT
2026-05-22 00:45:00+00:00,86.97,87.06,86.89,86.94,3280.846,1779410999999,285350.42908000,1089,1907.74700000,165917.46102000,0,SOLUSDT
2026-05-22 00:50:00+00:00,86.94,86.97,86.86,86.86,1921.879,1779411299999,167024.07554000,688,355.93400000,30943.59902000,0,SOLUSDT
2026-05-22 00:55:00+00:00,86.86,86.94,86.81,86.85,5995.313,1779411599999,520719.99310000,1334,2283.34200000,198339.50324000,0,SOLUSDT
2026-05-22 01:00:00+00:00,86.84,86.9,86.71,86.73,6290.432,1779411899999,546084.87795000,1803,2059.61300000,178861.01913000,0,SOLUSDT
2026-05-22 01:05:00+00:00,86.73,86.79,86.73,86.79,5104.279,1779412199999,442819.00795000,1117,3214.10600000,278836.01458000,0,SOLUSDT
2026-05-22 01:10:00+00:00,86.79,86.98,86.78,86.98,22172.606,1779412499999,1924752.34950000,1423,21169.87200000,1837666.21418000,0,SOLUSDT
2026-05-22 01:15:00+00:00,86.98,86.98,86.82,86.93,5850.958,1779412799999,508425.17821000,1447,2972.96200000,258312.26843000,0,SOLUSDT
2026-05-22 01:20:00+00:00,86.92,86.92,86.75,86.76,2501.944,1779413099999,217282.38654000,865,472.67100000,41044.72271000,0,SOLUSDT
2026-05-22 01:25:00+00:00,86.76,86.87,86.76,86.81,2563.725,1779413399999,222605.15149000,984,1065.12800000,92461.15410000,0,SOLUSDT
2026-05-22 01:30:00+00:00,86.81,86.9,86.74,86.74,3818.139,1779413699999,331523.76423000,1600,1381.62800000,119988.10818000,0,SOLUSDT
2026-05-22 01:35:00+00:00,86.75,86.75,86.59,86.72,9397.825,1779413999999,814371.69132000,2597,5285.48200000,457983.32672000,0,SOLUSDT
2026-05-22 01:40:00+00:00,86.73,86.84,86.67,86.84,3428.258,1779414299999,297405.06989000,1054,1476.48800000,128142.46424000,0,SOLUSDT
2026-05-22 01:45:00+00:00,86.83,87.06,86.83,87.0,4486.231,1779414599999,390162.52774000,1170,2775.48600000,241367.87895000,0,SOLUSDT
2026-05-22 01:50:00+00:00,87.01,87.1,86.99,86.99,5134.025,1779414899999,446918.13400000,1885,1656.04400000,144147.64025000,0,SOLUSDT
2026-05-22 01:55:00+00:00,87.0,87.08,86.99,87.08,3213.432,1779415199999,279653.10146000,909,796.58700000,69330.30892000,0,SOLUSDT
2026-05-22 02:00:00+00:00,87.08,87.23,87.08,87.21,5615.812,1779415499999,489522.27289000,1847,3511.86000000,306128.39751000,0,SOLUSDT
2026-05-22 02:05:00+00:00,87.22,87.22,87.12,87.18,2516.722,1779415799999,219373.05134000,1000,1095.02400000,95451.39659000,0,SOLUSDT
2026-05-22 02:10:00+00:00,87.17,87.17,87.06,87.11,3175.987,1779416099999,276640.43855000,837,1306.17900000,113762.64800000,0,SOLUSDT
2026-05-22 02:15:00+00:00,87.12,87.19,87.09,87.13,9730.659,1779416399999,847744.40039000,1055,1405.98500000,122529.14999000,0,SOLUSDT
2026-05-22 02:20:00+00:00,87.14,87.19,87.03,87.06,7506.962,1779416699999,653761.65925000,1067,5616.91800000,489122.19475000,0,SOLUSDT
2026-05-22 02:25:00+00:00,87.06,87.08,86.99,87.07,1621.578,1779416999999,141127.41537000,594,797.55000000,69414.26171000,0,SOLUSDT
2026-05-22 02:30:00+00:00,87.07,87.14,87.0,87.01,2539.787,1779417299999,221168.42968000,795,899.63200000,78357.11549000,0,SOLUSDT
2026-05-22 02:35:00+00:00,87.01,87.09,86.99,87.08,1844.306,1779417599999,160522.75937000,639,907.17300000,78958.42860000,0,SOLUSDT
2026-05-22 02:40:00+00:00,87.08,87.14,87.04,87.06,6252.827,1779417899999,544549.30887000,965,2687.21200000,234086.82374000,0,SOLUSDT
2026-05-22 02:45:00+00:00,87.05,87.26,87.05,87.1,12447.084,1779418199999,1084481.15949000,1762,8022.13700000,698923.24033000,0,SOLUSDT
2026-05-22 02:50:00+00:00,87.09,87.14,87.06,87.08,1834.349,1779418499999,159774.62632000,547,993.42200000,86531.47738000,0,SOLUSDT
2026-05-22 02:55:00+00:00,87.09,87.23,87.07,87.17,3260.611,1779418799999,284223.94594000,679,1844.45800000,160776.03880000,0,SOLUSDT
2026-05-22 03:00:00+00:00,87.17,87.29,87.17,87.29,4877.274,1779419099999,425348.58372000,835,1740.68800000,151837.06862000,0,SOLUSDT
2026-05-22 03:05:00+00:00,87.28,87.31,87.16,87.18,2871.632,1779419399999,250473.43929000,774,915.18700000,79822.10182000,0,SOLUSDT
2026-05-22 03:10:00+00:00,87.18,87.18,87.05,87.07,3188.406,1779419699999,277778.45594000,877,385.96800000,33632.55298000,0,SOLUSDT
2026-05-22 03:15:00+00:00,87.08,87.13,86.92,86.96,4125.572,1779419999999,358872.54196000,1073,1104.59600000,96096.49907000,0,SOLUSDT
2026-05-22 03:20:00+00:00,86.96,87.07,86.94,87.03,2438.555,1779420299999,212174.30315000,898,1395.03200000,121384.56484000,0,SOLUSDT
2026-05-22 03:25:00+00:00,87.02,87.03,86.97,87.03,2422.671,1779420599999,210772.03653000,700,815.31400000,70936.38813000,0,SOLUSDT
2026-05-22 03:30:00+00:00,87.04,87.11,86.99,87.09,2555.773,1779420899999,222429.68584000,802,818.96000000,71289.50573000,0,SOLUSDT
2026-05-22 03:35:00+00:00,87.09,87.09,86.99,87.04,4869.396,1779421199999,423732.21678000,991,1870.84200000,162780.37401000,0,SOLUSDT
2026-05-22 03:40:00+00:00,87.04,87.05,86.95,87.0,5253.579,1779421499999,457035.35892000,767,1105.69000000,96190.86213000,0,SOLUSDT
2026-05-22 03:45:00+00:00,87.0,87.01,86.97,87.01,843.943,1779421799999,73420.89332000,373,451.43200000,39275.97901000,0,SOLUSDT
2026-05-22 03:50:00+00:00,87.02,87.06,86.98,87.01,2224.609,1779422099999,193590.86255000,616,813.53900000,70798.33829000,0,SOLUSDT
2026-05-22 03:55:00+00:00,87.01,87.06,87.01,87.03,757.918,1779422399999,65965.22009000,335,372.86200000,32453.10704000,0,SOLUSDT
2026-05-22 04:00:00+00:00,87.04,87.16,87.04,87.13,4080.538,1779422699999,355416.15599000,847,3099.47900000,269974.10089000,0,SOLUSDT
2026-05-22 04:05:00+00:00,87.12,87.24,87.12,87.22,3382.768,1779422999999,294950.13564000,966,2189.57700000,190901.96319000,0,SOLUSDT
2026-05-22 04:10:00+00:00,87.22,87.3,87.19,87.29,4046.972,1779423299999,353019.52873000,751,2971.69100000,259224.54095000,0,SOLUSDT
2026-05-22 04:15:00+00:00,87.3,87.38,87.22,87.25,5252.728,1779423599999,458535.32410000,1338,2602.03300000,227141.96146000,0,SOLUSDT
2026-05-22 04:20:00+00:00,87.25,87.28,87.2,87.23,1757.987,1779423899999,153375.41437000,778,700.82700000,61145.46390000,0,SOLUSDT
2026-05-22 04:25:00+00:00,87.23,87.26,87.17,87.22,1262.736,1779424199999,110124.39084000,534,496.66700000,43314.60834000,0,SOLUSDT
2026-05-22 04:30:00+00:00,87.23,87.24,87.17,87.23,2292.655,1779424499999,199943.41387000,870,850.20100000,74150.15994000,0,SOLUSDT
2026-05-22 04:35:00+00:00,87.23,87.24,87.09,87.09,2429.991,1779424799999,211778.16510000,1145,289.83000000,25256.32200000,0,SOLUSDT
2026-05-22 04:40:00+00:00,87.09,87.11,87.05,87.06,1589.798,1779425099999,138419.97454000,671,436.17000000,37975.04960000,0,SOLUSDT
2026-05-22 04:45:00+00:00,87.06,87.06,86.93,86.93,5418.982,1779425399999,471337.27087000,1310,926.37500000,80552.24649000,0,SOLUSDT
2026-05-22 04:50:00+00:00,86.93,87.03,86.93,86.98,4099.357,1779425699999,356615.63518000,1229,1318.97800000,114741.82055000,0,SOLUSDT
2026-05-22 04:55:00+00:00,86.97,87.01,86.96,86.98,2450.652,1779425999999,213187.24815000,808,811.62700000,70602.95788000,0,SOLUSDT
2026-05-22 05:00:00+00:00,86.98,86.99,86.92,86.96,3869.697,1779426299999,336475.67376000,732,2470.90800000,214851.43388000,0,SOLUSDT
2026-05-22 05:05:00+00:00,86.96,87.08,86.96,87.07,1787.722,1779426599999,155577.60635000,513,1229.94500000,107037.17870000,0,SOLUSDT
2026-05-22 05:10:00+00:00,87.06,87.15,87.05,87.09,1686.829,1779426899999,146917.65778000,754,846.28400000,73716.50033000,0,SOLUSDT
2026-05-22 05:15:00+00:00,87.08,87.14,87.08,87.1,1503.313,1779427199999,130946.28363000,482,593.70800000,51717.83977000,0,SOLUSDT
2026-05-22 05:20:00+00:00,87.1,87.11,86.85,86.86,4035.641,1779427499999,351028.33664000,999,375.67500000,32702.40645000,0,SOLUSDT
2026-05-22 05:25:00+00:00,86.85,86.95,86.85,86.95,2787.139,1779427799999,242225.22137000,800,1538.84100000,133738.42999000,0,SOLUSDT
2026-05-22 05:30:00+00:00,86.96,87.03,86.89,86.89,2740.75,1779428099999,238323.60375000,953,1131.33600000,98386.45369000,0,SOLUSDT
2026-05-22 05:35:00+00:00,86.9,86.95,86.85,86.88,2360.989,1779428399999,205140.34433000,805,968.68000000,84167.38416000,0,SOLUSDT
2026-05-22 05:40:00+00:00,86.88,86.96,86.77,86.93,4293.955,1779428699999,372867.17840000,1053,1433.44500000,124524.89769000,0,SOLUSDT
2026-05-22 05:45:00+00:00,86.94,87.05,86.93,87.04,1382.647,1779428999999,120255.54271000,607,1118.05200000,97250.30277000,0,SOLUSDT
2026-05-22 05:50:00+00:00,87.04,87.12,86.98,86.99,3075.462,1779429299999,267748.79406000,817,670.32600000,58368.49383000,0,SOLUSDT
2026-05-22 05:55:00+00:00,86.99,86.99,86.73,86.81,5281.365,1779429599999,458521.70647000,1577,1065.30500000,92478.28068000,0,SOLUSDT
2026-05-22 06:00:00+00:00,86.81,86.84,86.75,86.82,3107.504,1779429899999,269685.94487000,1283,1615.40000000,140200.42131000,0,SOLUSDT
2026-05-22 06:05:00+00:00,86.83,86.83,86.64,86.79,5435.488,1779430199999,471269.72177000,1867,1920.28200000,166508.78254000,0,SOLUSDT
2026-05-22 06:10:00+00:00,86.79,86.79,86.73,86.73,1734.064,1779430499999,150440.39165000,753,615.60200000,53400.98502000,0,SOLUSDT
2026-05-22 06:15:00+00:00,86.73,86.74,86.67,86.72,3757.902,1779430799999,325836.13109000,983,1288.40300000,111716.83026000,0,SOLUSDT
2026-05-22 06:20:00+00:00,86.71,86.76,86.64,86.64,6374.868,1779431099999,552731.83705000,1141,1697.91800000,147239.87342000,0,SOLUSDT
2026-05-22 06:25:00+00:00,86.64,86.64,86.52,86.59,7496.526,1779431399999,649038.06220000,1829,2951.84100000,255566.48223000,0,SOLUSDT
2026-05-22 06:30:00+00:00,86.6,86.76,86.52,86.7,19223.683,1779431699999,1665632.74984000,2930,12645.02200000,1095606.21475000,0,SOLUSDT
2026-05-22 06:35:00+00:00,86.71,86.78,86.68,86.76,2071.03,1779431999999,179610.02401000,694,1019.66600000,88446.70517000,0,SOLUSDT
2026-05-22 06:40:00+00:00,86.76,86.84,86.71,86.81,6998.502,1779432299999,607335.91516000,1351,2453.99400000,212936.10209000,0,SOLUSDT
2026-05-22 06:45:00+00:00,86.81,86.84,86.73,86.83,6808.636,1779432599999,591015.30740000,1499,2688.89900000,233402.00300000,0,SOLUSDT
2026-05-22 06:50:00+00:00,86.82,86.85,86.75,86.76,3541.625,1779432899999,307409.86025000,1060,1636.82800000,142090.25112000,0,SOLUSDT
2026-05-22 06:55:00+00:00,86.77,86.8,86.65,86.71,5432.757,1779433199999,471179.22414000,1198,1934.78100000,167823.25956000,0,SOLUSDT
2026-05-22 07:00:00+00:00,86.72,86.74,86.53,86.67,7415.581,1779433499999,642474.59933000,1939,3531.83900000,306001.65744000,0,SOLUSDT
2026-05-22 07:05:00+00:00,86.66,86.71,86.55,86.64,6013.576,1779433799999,520931.67214000,1322,2172.95900000,188222.46107000,0,SOLUSDT
2026-05-22 07:10:00+00:00,86.65,86.83,86.64,86.71,16413.082,1779434099999,1424226.14879000,2006,10943.88000000,949620.30245000,0,SOLUSDT
2026-05-22 07:15:00+00:00,86.71,86.94,86.71,86.94,8806.049,1779434399999,764909.40283000,1665,4705.42000000,408550.35319000,0,SOLUSDT
2026-05-22 07:20:00+00:00,86.95,87.0,86.76,86.92,20747.644,1779434699999,1802769.94937000,2138,8391.34800000,729184.74688000,0,SOLUSDT
2026-05-22 07:25:00+00:00,86.92,87.04,86.92,87.0,6133.014,1779434999999,533512.65161000,976,2982.90400000,259488.26286000,0,SOLUSDT
2026-05-22 07:30:00+00:00,87.01,87.12,87.0,87.01,6232.749,1779435299999,542610.22549000,1507,3048.11300000,265363.23203000,0,SOLUSDT
2026-05-22 07:35:00+00:00,87.01,87.08,87.01,87.03,9603.775,1779435599999,835917.57705000,1372,5120.70800000,445721.24000000,0,SOLUSDT
2026-05-22 07:40:00+00:00,87.02,87.15,87.02,87.12,5883.703,1779435899999,512469.37580000,983,3984.69400000,347056.95567000,0,SOLUSDT
2026-05-22 07:45:00+00:00,87.11,87.12,87.04,87.06,2035.266,1779436199999,177215.32413000,902,281.48900000,24509.98545000,0,SOLUSDT
2026-05-22 07:50:00+00:00,87.05,87.06,87.01,87.04,2329.707,1779436499999,202770.03874000,889,673.64400000,58632.15526000,0,SOLUSDT
2026-05-22 07:55:00+00:00,87.04,87.06,86.96,86.97,4314.668,1779436799999,375393.24091000,1210,2368.44200000,206062.75065000,0,SOLUSDT
2026-05-22 08:00:00+00:00,86.98,87.19,86.94,87.15,11734.802,1779437099999,1021524.02961000,2045,8157.29900000,710115.22492000,0,SOLUSDT
2026-05-22 08:05:00+00:00,87.14,87.14,87.02,87.07,4096.956,1779437399999,356730.61849000,1405,725.18200000,63141.00491000,0,SOLUSDT
2026-05-22 08:10:00+00:00,87.06,87.14,87.04,87.11,3723.035,1779437699999,324255.83363000,1446,2079.59900000,181123.51637000,0,SOLUSDT
2026-05-22 08:15:00+00:00,87.11,87.45,87.11,87.41,11385.181,1779437999999,994161.59356000,3317,7589.73900000,662665.91233000,0,SOLUSDT
2026-05-22 08:20:00+00:00,87.41,87.48,87.33,87.47,5091.454,1779438299999,445050.20167000,1803,2249.78000000,196644.29195000,0,SOLUSDT
2026-05-22 08:25:00+00:00,87.46,87.49,87.41,87.48,4119.595,1779438599999,360279.15634000,1397,1749.56200000,153018.86797000,0,SOLUSDT
2026-05-22 08:30:00+00:00,87.48,87.53,87.13,87.17,11873.266,1779438899999,1037377.83533000,2901,4283.04200000,374347.30395000,0,SOLUSDT
2026-05-22 08:35:00+00:00,87.16,87.16,86.87,87.15,21569.046,1779439199999,1877623.24294000,5266,10499.48500000,914230.70938000,0,SOLUSDT
2026-05-22 08:40:00+00:00,87.14,87.19,87.04,87.15,8933.978,1779439499999,778270.77282000,2570,3446.73300000,300268.60408000,0,SOLUSDT
2026-05-22 08:45:00+00:00,87.15,87.19,87.05,87.13,8478.764,1779439799999,738671.11063000,1975,5237.92100000,456324.29135000,0,SOLUSDT
2026-05-22 08:50:00+00:00,87.12,87.2,87.05,87.18,5389.804,1779440099999,469575.35144000,1639,3343.41000000,291310.55482000,0,SOLUSDT
2026-05-22 08:55:00+00:00,87.18,87.27,87.12,87.14,4151.029,1779440399999,362016.07940000,1689,1348.94900000,117643.02236000,0,SOLUSDT
2026-05-22 09:00:00+00:00,87.15,87.23,87.05,87.23,4453.353,1779440699999,387983.49132000,1579,1901.24000000,165704.03303000,0,SOLUSDT
2026-05-22 09:05:00+00:00,87.23,87.23,87.1,87.18,4053.642,1779440999999,353327.02008000,1521,810.43600000,70635.61326000,0,SOLUSDT
2026-05-22 09:10:00+00:00,87.19,87.26,87.12,87.12,5554.22,1779441299999,484358.43654000,1742,1144.12800000,99786.42092000,0,SOLUSDT
2026-05-22 09:15:00+00:00,87.13,87.19,87.05,87.16,8123.827,1779441599999,707824.36645000,1993,3950.92800000,344269.68862000,0,SOLUSDT
2026-05-22 09:20:00+00:00,87.15,87.3,87.14,87.29,8303.087,1779441899999,724322.33851000,1900,3155.15700000,275219.87251000,0,SOLUSDT
2026-05-22 09:25:00+00:00,87.28,87.28,87.16,87.2,9880.104,1779442199999,861708.97369000,1903,4031.90700000,351620.25781000,0,SOLUSDT
2026-05-22 09:30:00+00:00,87.2,87.26,87.12,87.16,8091.464,1779442499999,705445.47968000,2282,3814.77100000,332590.71613000,0,SOLUSDT
2026-05-22 09:35:00+00:00,87.16,87.25,87.07,87.24,5357.926,1779442799999,466890.05278000,1872,1870.14200000,163011.68023000,0,SOLUSDT
2026-05-22 09:40:00+00:00,87.25,87.4,87.24,87.3,6415.06,1779443099999,560244.99988000,2087,2932.44600000,256061.12656000,0,SOLUSDT
2026-05-22 09:45:00+00:00,87.29,87.32,87.15,87.25,5124.719,1779443399999,446988.78133000,1535,1061.66400000,92592.29083000,0,SOLUSDT
2026-05-22 09:50:00+00:00,87.25,87.36,87.24,87.33,3995.923,1779443699999,348947.38020000,1426,1357.56400000,118535.20974000,0,SOLUSDT
2026-05-22 09:55:00+00:00,87.32,87.36,87.25,87.27,2907.543,1779443999999,253895.81093000,1176,873.91600000,76324.71815000,0,SOLUSDT
2026-05-22 10:00:00+00:00,87.26,87.28,87.07,87.08,4535.371,1779444299999,395480.53359000,1927,1373.17300000,119764.40617000,0,SOLUSDT
2026-05-22 10:05:00+00:00,87.08,87.22,87.07,87.18,3095.147,1779444599999,269761.33953000,1295,1966.77800000,171422.86571000,0,SOLUSDT
2026-05-22 10:10:00+00:00,87.18,87.18,87.1,87.11,2981.075,1779444899999,259739.43536000,956,1015.93300000,88513.27113000,0,SOLUSDT
2026-05-22 10:15:00+00:00,87.1,87.1,86.89,86.94,8103.658,1779445199999,704544.16141000,2087,2485.21900000,216029.34330000,0,SOLUSDT
2026-05-22 10:20:00+00:00,86.95,87.07,86.94,87.07,2824.494,1779445499999,245721.40274000,1063,1888.70200000,164333.50970000,0,SOLUSDT
2026-05-22 10:25:00+00:00,87.07,87.09,87.02,87.03,3160.412,1779445799999,275104.84215000,995,2290.90100000,199414.14756000,0,SOLUSDT
2026-05-22 10:30:00+00:00,87.03,87.11,86.97,87.03,3277.318,1779446099999,285274.53322000,1418,1686.53200000,146808.69637000,0,SOLUSDT
2026-05-22 10:35:00+00:00,87.03,87.09,86.99,87.08,3469.785,1779446399999,302001.03701000,1125,1886.74400000,164227.61870000,0,SOLUSDT
2026-05-22 10:40:00+00:00,87.09,87.12,87.06,87.11,2687.75,1779446699999,234082.40095000,725,1616.38400000,140774.20996000,0,SOLUSDT
2026-05-22 10:45:00+00:00,87.1,87.11,87.03,87.05,2400.648,1779446999999,209023.92847000,995,1169.39100000,101820.15478000,0,SOLUSDT
2026-05-22 10:50:00+00:00,87.04,87.05,87.0,87.01,2283.398,1779447299999,198711.71968000,739,1424.92600000,124006.48860000,0,SOLUSDT
2026-05-22 10:55:00+00:00,87.02,87.02,86.95,86.99,2881.738,1779447599999,250623.95031000,757,1080.13800000,93944.12345000,0,SOLUSDT
2026-05-22 11:00:00+00:00,87.0,87.09,86.92,87.01,9888.855,1779447899999,860347.01222000,2393,5165.47500000,449401.00428000,0,SOLUSDT
2026-05-22 11:05:00+00:00,87.01,87.04,86.95,86.97,3398.571,1779448199999,295671.72522000,1401,1137.84000000,98996.30315000,0,SOLUSDT
2026-05-22 11:10:00+00:00,86.98,86.99,86.94,86.95,2216.889,1779448499999,192795.97152000,1086,697.19800000,60637.51937000,0,SOLUSDT
2026-05-22 11:15:00+00:00,86.95,86.96,86.78,86.78,3999.141,1779448799999,347377.30601000,1959,1261.09900000,109541.20457000,0,SOLUSDT
2026-05-22 11:20:00+00:00,86.79,86.87,86.72,86.85,3224.936,1779449099999,279943.26269000,1758,1913.45700000,166118.69853000,0,SOLUSDT
2026-05-22 11:25:00+00:00,86.84,86.94,86.83,86.87,4254.767,1779449399999,369695.89143000,1612,3139.85100000,272818.73382000,0,SOLUSDT
2026-05-22 11:30:00+00:00,86.87,86.96,86.86,86.88,3421.332,1779449699999,297325.48752000,1683,2173.70600000,188895.65219000,0,SOLUSDT
2026-05-22 11:35:00+00:00,86.89,87.04,86.88,86.99,3944.066,1779449999999,342940.18342000,1561,2834.22100000,246394.69598000,0,SOLUSDT
2026-05-22 11:40:00+00:00,86.99,87.0,86.94,86.96,4607.979,1779450299999,400768.67063000,1539,2010.38900000,174840.54218000,0,SOLUSDT
2026-05-22 11:45:00+00:00,86.96,87.22,86.95,87.17,9926.95,1779450599999,864682.90107000,2614,6958.36500000,606017.57578000,0,SOLUSDT
2026-05-22 11:50:00+00:00,87.18,87.26,87.18,87.22,3640.816,1779450899999,317565.77297000,1262,2504.84200000,218475.07049000,0,SOLUSDT
2026-05-22 11:55:00+00:00,87.22,87.33,87.17,87.32,4353.777,1779451199999,379867.79796000,1082,2969.45000000,259122.09539000,0,SOLUSDT
2026-05-22 12:00:00+00:00,87.33,87.35,87.25,87.34,4851.243,1779451499999,423582.16024000,1690,2054.63200000,179404.67152000,0,SOLUSDT
2026-05-22 12:05:00+00:00,87.33,87.4,87.31,87.37,5344.412,1779451799999,466912.59202000,1015,3282.68600000,286792.49915000,0,SOLUSDT
2026-05-22 12:10:00+00:00,87.37,87.7,87.37,87.61,27325.257,1779452099999,2392558.33169000,5061,20956.08700000,1834803.55885000,0,SOLUSDT
2026-05-22 12:15:00+00:00,87.62,87.69,87.51,87.61,11411.766,1779452399999,999798.74741000,2566,6013.99100000,526924.39091000,0,SOLUSDT
2026-05-22 12:20:00+00:00,87.61,87.62,87.38,87.45,11056.071,1779452699999,967383.22707000,2100,3157.67100000,276263.98702000,0,SOLUSDT
2026-05-22 12:25:00+00:00,87.46,87.46,87.36,87.39,3915.508,1779452999999,342250.68700000,1294,1813.05400000,158480.39711000,0,SOLUSDT
2026-05-22 12:30:00+00:00,87.38,87.48,87.34,87.48,4229.615,1779453299999,369717.27559000,1263,2773.53200000,242448.48335000,0,SOLUSDT
2026-05-22 12:35:00+00:00,87.47,87.53,87.4,87.52,6443.549,1779453599999,563724.30321000,1253,4725.25500000,413417.50747000,0,SOLUSDT
2026-05-22 12:40:00+00:00,87.52,87.6,87.49,87.54,4676.04,1779453899999,409389.76363000,1202,1231.25600000,107791.14541000,0,SOLUSDT
2026-05-22 12:45:00+00:00,87.54,87.66,87.54,87.65,4237.811,1779454199999,371229.48081000,933,1913.77800000,167652.20101000,0,SOLUSDT
2026-05-22 12:50:00+00:00,87.66,87.77,87.64,87.7,14210.526,1779454499999,1246328.50200000,1719,6314.60500000,553792.49832000,0,SOLUSDT
2026-05-22 12:55:00+00:00,87.69,87.76,87.58,87.76,10638.573,1779454799999,932497.38227000,1663,4554.76900000,399292.81210000,0,SOLUSDT
2026-05-22 13:00:00+00:00,87.76,87.79,87.66,87.67,4629.542,1779455099999,406098.62493000,1591,2295.52200000,201380.55678000,0,SOLUSDT
2026-05-22 13:05:00+00:00,87.67,87.8,87.6,87.8,9277.694,1779455399999,813363.42736000,1700,5296.98500000,464444.66357000,0,SOLUSDT
2026-05-22 13:10:00+00:00,87.8,87.85,87.66,87.71,11773.995,1779455699999,1033376.43874000,2509,6216.67700000,545655.41525000,0,SOLUSDT
2026-05-22 13:15:00+00:00,87.71,87.77,87.62,87.63,4677.514,1779455999999,410321.72673000,1676,1924.43900000,168837.02908000,0,SOLUSDT
2026-05-22 13:20:00+00:00,87.63,87.66,87.46,87.55,4565.226,1779456299999,399757.38760000,1615,1135.71800000,99447.41646000,0,SOLUSDT
2026-05-22 13:25:00+00:00,87.55,87.55,87.41,87.42,3982.017,1779456599999,348386.46167000,1479,1121.72000000,98149.88981000,0,SOLUSDT
2026-05-22 13:30:00+00:00,87.41,87.55,87.1,87.21,22625.765,1779456899999,1976614.80396000,5695,10090.91700000,881713.29099000,0,SOLUSDT
2026-05-22 13:35:00+00:00,87.21,87.41,87.19,87.39,9937.981,1779457199999,867521.83688000,3192,4670.77800000,407774.49718000,0,SOLUSDT
2026-05-22 13:40:00+00:00,87.39,87.5,87.17,87.26,21047.037,1779457499999,1837680.67239000,4580,10182.33200000,888967.75388000,0,SOLUSDT
2026-05-22 13:45:00+00:00,87.27,87.4,87.15,87.25,7846.717,1779457799999,684838.33826000,2488,3848.14700000,335801.61343000,0,SOLUSDT
2026-05-22 13:50:00+00:00,87.26,87.34,87.14,87.31,7281.344,1779458099999,635125.67487000,2547,3734.02200000,325776.40931000,0,SOLUSDT
2026-05-22 13:55:00+00:00,87.31,87.4,87.25,87.4,5546.759,1779458399999,484309.30874000,1778,2979.82000000,260227.92260000,0,SOLUSDT
2026-05-22 14:00:00+00:00,87.39,87.39,87.06,87.1,21130.387,1779458699999,1842850.16127000,4783,7258.84200000,632823.07384000,0,SOLUSDT
2026-05-22 14:05:00+00:00,87.11,87.11,86.8,87.03,18322.107,1779458999999,1592904.61708000,4908,6510.33900000,566041.09488000,0,SOLUSDT
2026-05-22 14:10:00+00:00,87.03,87.09,86.95,86.98,3797.271,1779459299999,330359.30029000,1844,1569.55800000,136566.22043000,0,SOLUSDT
2026-05-22 14:15:00+00:00,86.98,87.02,86.65,86.71,13607.822,1779459599999,1181211.50333000,4182,5275.52500000,457998.51591000,0,SOLUSDT
2026-05-22 14:20:00+00:00,86.71,86.73,86.37,86.48,38177.348,1779459899999,3304988.57786000,6403,15223.00800000,1318153.08335000,0,SOLUSDT
2026-05-22 14:25:00+00:00,86.49,86.73,86.46,86.63,10013.229,1779460199999,867191.08963000,2988,7233.20400000,626394.20348000,0,SOLUSDT
2026-05-22 14:30:00+00:00,86.64,86.71,86.55,86.7,12478.48,1779460499999,1080820.93502000,3159,8207.66800000,710930.85143000,0,SOLUSDT
2026-05-22 14:35:00+00:00,86.71,86.78,86.64,86.77,9090.964,1779460799999,788231.84127000,2429,5569.16700000,482825.34229000,0,SOLUSDT
2026-05-22 14:40:00+00:00,86.76,86.83,86.67,86.75,8953.177,1779461099999,776684.02875000,2472,5632.79200000,488634.61404000,0,SOLUSDT
2026-05-22 14:45:00+00:00,86.75,86.76,86.63,86.64,7238.519,1779461399999,627553.77610000,2211,4098.25900000,355319.18231000,0,SOLUSDT
2026-05-22 14:50:00+00:00,86.63,86.66,86.52,86.63,9239.898,1779461699999,800026.74148000,2416,5242.50100000,453923.85795000,0,SOLUSDT
2026-05-22 14:55:00+00:00,86.63,86.7,86.56,86.62,9662.921,1779461999999,837110.77287000,2317,6177.15900000,535108.11487000,0,SOLUSDT
2026-05-22 15:00:00+00:00,86.61,86.9,86.52,86.82,19614.268,1779462299999,1700903.23874000,3298,13365.00600000,1158887.31368000,0,SOLUSDT
2026-05-22 15:05:00+00:00,86.81,86.9,86.76,86.82,6627.383,1779462599999,575506.99251000,1955,3761.84600000,326644.47734000,0,SOLUSDT
2026-05-22 15:10:00+00:00,86.82,86.82,86.55,86.57,9602.983,1779462899999,832313.02212000,2242,3671.86500000,318173.13837000,0,SOLUSDT
2026-05-22 15:15:00+00:00,86.56,86.72,86.56,86.69,4580.041,1779463199999,396907.39397000,1588,3687.07500000,319504.96979000,0,SOLUSDT
2026-05-22 15:20:00+00:00,86.7,86.7,86.41,86.41,12337.539,1779463499999,1067416.58151000,2945,3087.33300000,267185.67333000,0,SOLUSDT
2026-05-22 15:25:00+00:00,86.41,86.74,86.27,86.74,12307.328,1779463799999,1063779.56197000,2929,5208.20600000,450833.49062000,0,SOLUSDT
2026-05-22 15:30:00+00:00,86.74,86.98,86.71,86.94,15796.477,1779464099999,1372472.88748000,3429,8445.02100000,733696.96841000,0,SOLUSDT
2026-05-22 15:35:00+00:00,86.94,86.96,86.73,86.74,10279.513,1779464399999,892951.45732000,2120,5887.67800000,511497.32390000,0,SOLUSDT
2026-05-22 15:40:00+00:00,86.74,86.74,86.58,86.62,6774.664,1779464699999,586907.76899000,1985,3071.50900000,266055.87756000,0,SOLUSDT
2026-05-22 15:45:00+00:00,86.62,86.7,86.58,86.68,4123.068,1779464999999,357294.43820000,1433,1888.55600000,163655.70283000,0,SOLUSDT
2026-05-22 15:50:00+00:00,86.68,86.8,86.6,86.79,3737.755,1779465299999,324162.83441000,1374,1986.37900000,172271.79046000,0,SOLUSDT
2026-05-22 15:55:00+00:00,86.8,86.85,86.76,86.77,2628.125,1779465599999,228147.73029000,1115,1413.00400000,122671.14610000,0,SOLUSDT
2026-05-22 16:00:00+00:00,86.76,86.93,86.75,86.89,6397.865,1779465899999,555550.70940000,1511,3816.88600000,331482.62385000,0,SOLUSDT
2026-05-22 16:05:00+00:00,86.89,86.9,86.72,86.74,4918.992,1779466199999,426788.40652000,1377,1945.05500000,168736.34572000,0,SOLUSDT
2026-05-22 16:10:00+00:00,86.74,86.83,86.68,86.78,3448.563,1779466499999,299194.84248000,1322,1317.62600000,114309.10243000,0,SOLUSDT
2026-05-22 16:15:00+00:00,86.78,86.79,86.66,86.72,5371.356,1779466799999,465824.25536000,1766,2003.29800000,173724.24396000,0,SOLUSDT
2026-05-22 16:20:00+00:00,86.72,86.91,86.7,86.7,3532.499,1779467099999,306587.43515000,1446,2241.11800000,194506.87281000,0,SOLUSDT
2026-05-22 16:25:00+00:00,86.7,86.8,86.68,86.8,5427.66,1779467399999,470686.93267000,1235,2701.81200000,234325.24767000,0,SOLUSDT
2026-05-22 16:30:00+00:00,86.79,86.94,86.79,86.82,5202.541,1779467699999,452013.55250000,1505,3748.76100000,325711.02545000,0,SOLUSDT
2026-05-22 16:35:00+00:00,86.82,86.88,86.73,86.82,4964.45,1779467999999,431006.94918000,1245,1622.03300000,140824.83381000,0,SOLUSDT
2026-05-22 16:40:00+00:00,86.83,86.85,86.73,86.78,3426.569,1779468299999,297416.37962000,1208,1232.07300000,106941.28316000,0,SOLUSDT
2026-05-22 16:45:00+00:00,86.78,86.93,86.78,86.89,3793.173,1779468599999,329560.56523000,1260,1756.55300000,152585.74454000,0,SOLUSDT
2026-05-22 16:50:00+00:00,86.89,87.0,86.89,86.99,4712.545,1779468899999,409781.02161000,1112,3163.43700000,275055.42174000,0,SOLUSDT
2026-05-22 16:55:00+00:00,86.99,87.0,86.83,86.92,8446.266,1779469199999,734500.65288000,1193,6158.28800000,535655.88749000,0,SOLUSDT
2026-05-22 17:00:00+00:00,86.92,87.0,86.91,86.99,2947.834,1779469499999,256338.49790000,1002,1814.08500000,157748.82053000,0,SOLUSDT
2026-05-22 17:05:00+00:00,86.99,87.02,86.85,86.91,9716.558,1779469799999,845131.35503000,1478,7503.91100000,652774.99688000,0,SOLUSDT
2026-05-22 17:10:00+00:00,86.91,86.92,86.86,86.91,1910.085,1779470099999,165976.77181000,897,857.96000000,74554.31354000,0,SOLUSDT
2026-05-22 17:15:00+00:00,86.9,86.99,86.7,86.7,9888.421,1779470399999,858801.88756000,2131,1696.66400000,147434.85622000,0,SOLUSDT
2026-05-22 17:20:00+00:00,86.69,86.77,86.5,86.59,10291.599,1779470699999,891706.30744000,2379,4175.41300000,361816.02018000,0,SOLUSDT
2026-05-22 17:25:00+00:00,86.59,87.02,86.58,87.02,15636.288,1779470999999,1358467.76988000,4397,8303.90300000,721238.60111000,0,SOLUSDT
2026-05-22 17:30:00+00:00,87.02,87.1,86.84,86.93,7642.685,1779471299999,664514.52956000,2833,3407.14200000,296293.68692000,0,SOLUSDT
2026-05-22 17:35:00+00:00,86.93,87.04,86.93,87.04,3896.524,1779471599999,338926.66029000,1457,2525.38000000,219665.94782000,0,SOLUSDT
2026-05-22 17:40:00+00:00,87.03,87.19,87.03,87.09,7326.166,1779471899999,638262.79165000,1755,4689.85300000,408575.55741000,0,SOLUSDT
2026-05-22 17:45:00+00:00,87.08,87.09,86.82,86.85,5408.878,1779472199999,470007.81077000,1631,2079.96200000,180697.44039000,0,SOLUSDT
2026-05-22 17:50:00+00:00,86.85,86.86,86.72,86.74,4382.349,1779472499999,380233.47845000,1353,1772.20700000,153750.11666000,0,SOLUSDT
2026-05-22 17:55:00+00:00,86.75,86.75,86.62,86.63,7592.223,1779472799999,658108.80931000,1719,2977.92600000,258125.58786000,0,SOLUSDT
2026-05-22 18:00:00+00:00,86.63,86.67,86.39,86.49,17520.114,1779473099999,1515731.46467000,2736,6728.04000000,581841.93900000,0,SOLUSDT
2026-05-22 18:05:00+00:00,86.49,86.54,86.46,86.48,3846.51,1779473399999,332732.76309000,1519,1289.07900000,111515.38313000,0,SOLUSDT
2026-05-22 18:10:00+00:00,86.47,86.54,86.39,86.54,5347.716,1779473699999,462449.94965000,1351,2734.53000000,236493.80239000,0,SOLUSDT
2026-05-22 18:15:00+00:00,86.53,86.65,86.47,86.61,3439.585,1779473999999,297679.48586000,1779,1643.52900000,142259.70217000,0,SOLUSDT
2026-05-22 18:20:00+00:00,86.61,86.69,86.59,86.64,4233.021,1779474299999,366748.76563000,1361,1926.96000000,166936.41170000,0,SOLUSDT
2026-05-22 18:25:00+00:00,86.63,86.65,86.48,86.51,2796.051,1779474599999,242051.99923000,1259,540.26400000,46764.07154000,0,SOLUSDT
2026-05-22 18:30:00+00:00,86.52,86.53,86.29,86.34,14037.697,1779474899999,1212675.72324000,2778,4647.06000000,401381.11897000,0,SOLUSDT
2026-05-22 18:35:00+00:00,86.33,86.34,85.8,86.01,40230.185,1779475199999,3461284.59408000,8452,13011.87500000,1119290.30062000,0,SOLUSDT
2026-05-22 18:40:00+00:00,86.02,86.02,85.7,85.72,22850.524,1779475499999,1961171.68593000,3361,3824.14900000,328287.24139000,0,SOLUSDT
2026-05-22 18:45:00+00:00,85.71,85.73,84.62,85.12,90692.975,1779475799999,7715253.04943000,23065,34374.48700000,2922450.84052000,0,SOLUSDT
2026-05-22 18:50:00+00:00,85.12,85.46,85.11,85.43,17093.33,1779476099999,1458490.37569000,3505,10578.79500000,902660.52399000,0,SOLUSDT
2026-05-22 18:55:00+00:00,85.44,85.53,85.35,85.46,6794.092,1779476399999,580571.85248000,2117,3697.18300000,315962.11912000,0,SOLUSDT
2026-05-22 19:00:00+00:00,85.46,85.63,85.16,85.23,30708.838,1779476699999,2623527.00171000,5315,16243.32900000,1387705.13193000,0,SOLUSDT
2026-05-22 19:05:00+00:00,85.22,85.23,84.99,85.02,21949.037,1779476999999,1867623.52981000,4739,11543.05100000,982375.46296000,0,SOLUSDT
2026-05-22 19:10:00+00:00,85.02,85.24,84.95,85.14,11261.935,1779477299999,958860.74663000,3171,5690.00400000,484455.10039000,0,SOLUSDT
2026-05-22 19:15:00+00:00,85.14,85.25,85.03,85.24,10154.389,1779477599999,864365.02555000,3015,5508.90500000,468952.92719000,0,SOLUSDT
2026-05-22 19:20:00+00:00,85.24,85.33,85.18,85.26,11115.41,1779477899999,947623.25347000,2176,7264.70600000,619399.45249000,0,SOLUSDT
2026-05-22 19:25:00+00:00,85.26,85.29,84.85,84.99,10046.542,1779478199999,854557.94492000,3401,3676.77600000,312797.33962000,0,SOLUSDT
2026-05-22 19:30:00+00:00,84.99,85.02,84.19,84.44,66507.293,1779478499999,5618258.18220000,18722,26385.98400000,2228717.36667000,0,SOLUSDT
2026-05-22 19:35:00+00:00,84.44,84.62,84.35,84.38,15126.067,1779478799999,1277802.04469000,5204,6460.63200000,545797.77872000,0,SOLUSDT
2026-05-22 19:40:00+00:00,84.38,84.39,84.0,84.32,25054.323,1779479099999,2109032.81509000,7663,9831.97500000,827909.28981000,0,SOLUSDT
2026-05-22 19:45:00+00:00,84.32,84.46,84.17,84.28,23592.897,1779479399999,1987883.66530000,4760,7906.15600000,666429.68985000,0,SOLUSDT
2026-05-22 19:50:00+00:00,84.27,84.83,84.19,84.74,33280.528,1779479699999,2815344.43207000,5581,24055.67100000,2034651.77713000,0,SOLUSDT
2026-05-22 19:55:00+00:00,84.75,84.84,84.53,84.55,23935.548,1779479999999,2028294.17642000,3156,16883.25100000,1431193.57086000,0,SOLUSDT
2026-05-22 20:00:00+00:00,84.55,84.87,84.55,84.82,9545.324,1779480299999,809098.48854000,3067,5428.08500000,459912.06931000,0,SOLUSDT
2026-05-22 20:05:00+00:00,84.82,85.02,84.81,84.94,7962.622,1779480599999,676273.08222000,2533,4456.98400000,378517.84127000,0,SOLUSDT
2026-05-22 20:10:00+00:00,84.95,84.99,84.84,84.86,4016.887,1779480899999,341121.24099000,1532,1317.86000000,111915.99106000,0,SOLUSDT
2026-05-22 20:15:00+00:00,84.87,84.97,84.76,84.83,7334.962,1779481199999,622417.50901000,2041,3577.13000000,303554.11101000,0,SOLUSDT
2026-05-22 20:20:00+00:00,84.84,84.89,84.72,84.84,8746.009,1779481499999,741787.77946000,2067,4621.72800000,391928.10789000,0,SOLUSDT
2026-05-22 20:25:00+00:00,84.85,84.92,84.78,84.86,12812.293,1779481799999,1086981.78355000,1739,4880.94800000,414192.00158000,0,SOLUSDT
2026-05-22 20:30:00+00:00,84.86,84.86,84.57,84.81,22314.564,1779482099999,1890231.90332000,4074,11513.97100000,975341.79224000,0,SOLUSDT
2026-05-22 20:35:00+00:00,84.81,84.87,84.75,84.86,4534.191,1779482399999,384541.55825000,1374,2991.80600000,253760.06154000,0,SOLUSDT
2026-05-22 20:40:00+00:00,84.86,84.93,84.79,84.85,7569.34,1779482699999,642462.45279000,1352,5838.59300000,495590.99283000,0,SOLUSDT
2026-05-22 20:45:00+00:00,84.84,84.99,84.75,84.98,5903.356,1779482999999,501154.07754000,1540,4366.74500000,370728.24232000,0,SOLUSDT
2026-05-22 20:50:00+00:00,84.97,85.07,84.93,85.02,8059.171,1779483299999,685077.23519000,2237,5603.49800000,476301.06362000,0,SOLUSDT
2026-05-22 20:55:00+00:00,85.03,85.04,84.9,85.0,3256.344,1779483599999,276679.93021000,1217,1231.58600000,104650.17692000,0,SOLUSDT
2026-05-22 21:00:00+00:00,84.99,85.05,84.93,84.99,4007.033,1779483899999,340542.98423000,1059,2124.47800000,180570.06089000,0,SOLUSDT
2026-05-22 21:05:00+00:00,84.98,85.02,84.93,84.97,2899.941,1779484199999,246419.56759000,881,1776.52700000,150966.07343000,0,SOLUSDT
2026-05-22 21:10:00+00:00,84.96,85.1,84.96,85.04,9358.302,1779484499999,796042.73443000,1201,2887.38300000,245586.93514000,0,SOLUSDT
2026-05-22 21:15:00+00:00,85.03,85.1,84.96,85.08,6490.846,1779484799999,552021.47461000,1208,2053.96700000,174687.32207000,0,SOLUSDT
2026-05-22 21:20:00+00:00,85.08,85.16,85.08,85.12,7382.469,1779485099999,628314.23885000,1007,4318.84700000,367604.41514000,0,SOLUSDT
2026-05-22 21:25:00+00:00,85.12,85.21,85.1,85.17,6061.626,1779485399999,516269.12773000,1347,3591.46700000,305901.31519000,0,SOLUSDT
2026-05-22 21:30:00+00:00,85.17,85.28,85.17,85.2,2243.966,1779485699999,191262.15418000,883,1206.28100000,102806.23238000,0,SOLUSDT
2026-05-22 21:35:00+00:00,85.19,85.23,85.13,85.15,4267.649,1779485999999,363501.28568000,859,1901.11200000,161924.13038000,0,SOLUSDT
2026-05-22 21:40:00+00:00,85.16,85.22,85.09,85.15,5591.913,1779486299999,476193.75927000,1245,3550.59100000,302363.68281000,0,SOLUSDT
2026-05-22 21:45:00+00:00,85.14,85.28,85.14,85.26,2983.316,1779486599999,254294.27212000,1094,2172.51200000,185174.24536000,0,SOLUSDT
2026-05-22 21:50:00+00:00,85.25,85.28,85.21,85.24,1013.228,1779486899999,86369.47433000,524,278.83100000,23770.89320000,0,SOLUSDT
2026-05-22 21:55:00+00:00,85.24,85.25,85.15,85.17,2397.198,1779487199999,204200.89401000,1138,1103.06000000,93959.58274000,0,SOLUSDT
2026-05-22 22:00:00+00:00,85.17,85.2,85.11,85.12,2460.399,1779487499999,209533.76030000,943,1425.65900000,121421.38218000,0,SOLUSDT
2026-05-22 22:05:00+00:00,85.12,85.15,85.07,85.12,2706.062,1779487799999,230315.54897000,1055,951.02000000,80935.61454000,0,SOLUSDT
2026-05-22 22:10:00+00:00,85.13,85.22,85.06,85.2,3732.976,1779488099999,317838.91166000,1421,2219.37700000,188997.91424000,0,SOLUSDT
2026-05-22 22:15:00+00:00,85.2,85.21,85.05,85.06,3300.668,1779488399999,280937.96313000,1170,1443.84700000,122874.33268000,0,SOLUSDT
2026-05-22 22:20:00+00:00,85.06,85.07,84.99,85.03,4216.688,1779488699999,358578.91008000,872,1886.07600000,160397.91361000,0,SOLUSDT
2026-05-22 22:25:00+00:00,85.03,85.03,84.95,84.99,4229.329,1779488999999,359434.43364000,710,1311.40400000,111457.62476000,0,SOLUSDT
2026-05-22 22:30:00+00:00,84.99,85.1,84.85,84.88,13145.493,1779489299999,1116655.82282000,1944,4559.45800000,387349.74470000,0,SOLUSDT
2026-05-22 22:35:00+00:00,84.88,84.97,84.87,84.95,3795.843,1779489599999,322339.13000000,849,2769.86600000,235207.37288000,0,SOLUSDT
2026-05-22 22:40:00+00:00,84.95,84.95,84.78,84.9,11920.014,1779489899999,1011455.70369000,1657,2754.50500000,233774.42382000,0,SOLUSDT
2026-05-22 22:45:00+00:00,84.9,85.0,84.89,85.0,2324.254,1779490199999,197454.67526000,793,1719.64800000,146084.61743000,0,SOLUSDT
2026-05-22 22:50:00+00:00,85.0,85.0,84.93,84.96,1655.807,1779490499999,140693.94233000,503,317.21000000,26953.64086000,0,SOLUSDT
2026-05-22 22:55:00+00:00,84.96,84.97,84.94,84.96,2669.904,1779490799999,226825.88763000,452,1816.23900000,154304.05244000,0,SOLUSDT
2026-05-22 23:00:00+00:00,84.95,85.11,84.94,85.1,5731.306,1779491099999,487302.39663000,1101,3869.29000000,329035.44560000,0,SOLUSDT
2026-05-22 23:05:00+00:00,85.1,85.13,85.07,85.12,3407.084,1779491399999,289967.43184000,608,2470.97100000,210307.54222000,0,SOLUSDT
2026-05-22 23:10:00+00:00,85.11,85.15,85.09,85.1,2373.72,1779491699999,202052.89532000,482,1846.02500000,157137.22260000,0,SOLUSDT
2026-05-22 23:15:00+00:00,85.11,85.13,84.91,84.92,2974.505,1779491999999,252891.61288000,795,529.46800000,45040.23323000,0,SOLUSDT
2026-05-22 23:20:00+00:00,84.93,84.96,84.85,84.92,3575.421,1779492299999,303533.58708000,855,2101.41300000,178391.24060000,0,SOLUSDT
2026-05-22 23:25:00+00:00,84.92,84.92,84.7,84.7,3798.773,1779492599999,322219.32972000,1168,784.58000000,66527.91937000,0,SOLUSDT
2026-05-22 23:30:00+00:00,84.71,84.77,84.67,84.76,6570.0,1779492899999,556701.55368000,1121,1934.70400000,163967.78688000,0,SOLUSDT
2026-05-22 23:35:00+00:00,84.75,84.88,84.75,84.87,4247.207,1779493199999,360299.35486000,747,3265.79600000,277043.60487000,0,SOLUSDT
2026-05-22 23:40:00+00:00,84.86,84.9,84.82,84.88,5051.531,1779493499999,428697.81240000,979,2531.46300000,214827.24096000,0,SOLUSDT
2026-05-22 23:45:00+00:00,84.87,84.87,84.0,84.23,70450.792,1779493799999,5940887.16204000,11793,22916.35700000,1930802.34126000,0,SOLUSDT
2026-05-22 23:50:00+00:00,84.24,84.43,84.23,84.39,6297.561,1779494099999,531134.00199000,1549,2751.29400000,232055.69585000,0,SOLUSDT
2026-05-22 23:55:00+00:00,84.39,84.45,84.33,84.4,8881.595,1779494399999,749569.31921000,1619,3482.14000000,293865.00905000,0,SOLUSDT
2026-05-23 00:00:00+00:00,84.4,84.49,84.3,84.43,29076.971,1779494699999,2454063.55006000,4362,17385.70200000,1467346.71483000,0,SOLUSDT
2026-05-23 00:05:00+00:00,84.43,84.55,84.42,84.49,14855.179,1779494999999,1254868.17110000,2134,10143.29900000,856869.80394000,0,SOLUSDT
2026-05-23 00:10:00+00:00,84.48,84.5,84.16,84.27,20975.583,1779495299999,1769187.65359000,3260,9279.79900000,782719.00560000,0,SOLUSDT
2026-05-23 00:15:00+00:00,84.27,84.37,84.18,84.29,9693.612,1779495599999,817053.30622000,2529,4832.35500000,407322.04226000,0,SOLUSDT
2026-05-23 00:20:00+00:00,84.3,84.38,84.25,84.36,10706.272,1779495899999,902797.12347000,1764,4623.35000000,389867.23251000,0,SOLUSDT
2026-05-23 00:25:00+00:00,84.36,84.39,84.24,84.39,14979.578,1779496199999,1263036.16284000,2042,3795.96700000,320082.34862000,0,SOLUSDT
2026-05-23 00:30:00+00:00,84.38,84.43,84.17,84.37,11193.968,1779496499999,943906.81729000,2566,5076.25500000,427981.12816000,0,SOLUSDT
2026-05-23 00:35:00+00:00,84.38,84.38,84.24,84.31,6498.284,1779496799999,547772.88101000,2003,2699.91600000,227631.21886000,0,SOLUSDT
2026-05-23 00:40:00+00:00,84.3,84.31,84.07,84.23,19220.345,1779497099999,1617603.71506000,3367,9538.65800000,802832.03728000,0,SOLUSDT
2026-05-23 00:45:00+00:00,84.22,84.37,84.21,84.36,6261.208,1779497399999,527837.84029000,1512,2826.31100000,238276.11740000,0,SOLUSDT
2026-05-23 00:50:00+00:00,84.36,84.45,84.32,84.4,4891.226,1779497699999,412786.91822000,944,2072.21000000,174878.38487000,0,SOLUSDT
2026-05-23 00:55:00+00:00,84.39,84.48,84.38,84.44,4330.715,1779497999999,365641.65937000,849,3093.78800000,261196.75539000,0,SOLUSDT
2026-05-23 01:00:00+00:00,84.44,84.64,84.43,84.61,8390.196,1779498299999,708906.78526000,1564,4530.64900000,382810.00767000,0,SOLUSDT
2026-05-23 01:05:00+00:00,84.6,84.6,84.52,84.57,2928.307,1779498599999,247605.48941000,707,2189.21400000,185112.27991000,0,SOLUSDT
2026-05-23 01:10:00+00:00,84.56,84.56,84.38,84.4,5667.196,1779498899999,478629.19578000,1180,2489.89600000,210256.02253000,0,SOLUSDT
2026-05-23 01:15:00+00:00,84.41,84.44,84.32,84.43,4369.531,1779499199999,368723.63148000,890,2082.76600000,175745.43323000,0,SOLUSDT
2026-05-23 01:20:00+00:00,84.43,84.57,84.42,84.5,3253.442,1779499499999,274905.15105000,750,1961.86400000,165746.01568000,0,SOLUSDT
2026-05-23 01:25:00+00:00,84.5,84.58,84.5,84.58,1691.753,1779499799999,143020.84940000,696,936.73000000,79192.87913000,0,SOLUSDT
2026-05-23 01:30:00+00:00,84.57,84.61,84.56,84.58,2242.061,1779500099999,189641.63281000,729,1483.27700000,125466.14597000,0,SOLUSDT
2026-05-23 01:35:00+00:00,84.58,84.65,84.56,84.62,2225.472,1779500399999,188309.39200000,778,1306.16800000,110525.99647000,0,SOLUSDT
2026-05-23 01:40:00+00:00,84.62,84.62,84.53,84.59,11119.66,1779500699999,940216.68579000,915,879.81100000,74419.72190000,0,SOLUSDT
2026-05-23 01:45:00+00:00,84.6,84.6,84.44,84.57,4348.147,1779500999999,367477.98868000,1482,1601.64700000,135371.35883000,0,SOLUSDT
2026-05-23 01:50:00+00:00,84.57,84.62,84.5,84.6,3800.167,1779501299999,321275.63780000,1000,2393.83900000,202387.58249000,0,SOLUSDT
2026-05-23 01:55:00+00:00,84.6,84.6,84.5,84.53,2430.559,1779501599999,205478.48749000,867,1047.33600000,88542.44969000,0,SOLUSDT
2026-05-23 02:00:00+00:00,84.53,84.59,84.4,84.42,4935.258,1779501899999,416953.55065000,1336,2252.43500000,190336.22652000,0,SOLUSDT
2026-05-23 02:05:00+00:00,84.42,84.51,84.42,84.45,2533.887,1779502199999,214052.87737000,876,931.98800000,78728.29675000,0,SOLUSDT
2026-05-23 02:10:00+00:00,84.45,84.49,84.35,84.37,5581.381,1779502499999,471238.76002000,1220,2397.13700000,202400.18702000,0,SOLUSDT
2026-05-23 02:15:00+00:00,84.37,84.46,84.24,84.29,5606.848,1779502799999,472891.71552000,1581,1567.05100000,132184.46409000,0,SOLUSDT
2026-05-23 02:20:00+00:00,84.28,84.34,84.21,84.32,5376.032,1779503099999,453051.10130000,1271,2126.78200000,179243.57332000,0,SOLUSDT
2026-05-23 02:25:00+00:00,84.33,84.34,84.29,84.33,1592.634,1779503399999,134279.62761000,511,623.73100000,52589.41271000,0,SOLUSDT
2026-05-23 02:30:00+00:00,84.33,84.37,84.3,84.32,1972.362,1779503699999,166352.39759000,711,1388.29600000,117095.27908000,0,SOLUSDT
2026-05-23 02:35:00+00:00,84.32,84.39,84.3,84.37,3371.473,1779503999999,284350.22962000,761,2169.75800000,183005.83789000,0,SOLUSDT
2026-05-23 02:40:00+00:00,84.38,84.44,84.32,84.42,1577.462,1779504299999,133111.01708000,925,715.97900000,60422.80579000,0,SOLUSDT
2026-05-23 02:45:00+00:00,84.42,84.47,84.39,84.47,1118.909,1779504599999,94458.15899000,577,582.10500000,49149.52475000,0,SOLUSDT
2026-05-23 02:50:00+00:00,84.47,84.5,84.44,84.48,2027.541,1779504899999,171264.16667000,1063,969.90600000,81928.40712000,0,SOLUSDT
2026-05-23 02:55:00+00:00,84.48,84.86,84.45,84.54,35738.293,1779505199999,3023595.91241000,3083,30644.10100000,2592931.14620000,0,SOLUSDT
2026-05-23 03:00:00+00:00,84.53,84.59,84.49,84.58,3472.789,1779505499999,293580.95797000,829,2045.73300000,172956.21067000,0,SOLUSDT
2026-05-23 03:05:00+00:00,84.59,84.61,84.57,84.59,1861.92,1779505799999,157483.07150000,478,1219.28700000,103134.40232000,0,SOLUSDT
2026-05-23 03:10:00+00:00,84.59,84.6,84.56,84.59,2325.508,1779506099999,196696.25658000,454,1458.63500000,123377.90080000,0,SOLUSDT
2026-05-23 03:15:00+00:00,84.59,84.6,84.52,84.55,3599.426,1779506399999,304392.51546000,853,1126.57600000,95259.42345000,0,SOLUSDT
2026-05-23 03:20:00+00:00,84.55,84.62,84.54,84.6,2765.95,1779506699999,233977.91117000,761,2209.47900000,186899.20767000,0,SOLUSDT
2026-05-23 03:25:00+00:00,84.6,84.64,84.59,84.62,2313.32,1779506999999,195711.68020000,520,751.27700000,63562.60223000,0,SOLUSDT
2026-05-23 03:30:00+00:00,84.62,84.7,84.61,84.69,2743.6,1779507299999,232273.68404000,662,2428.20400000,205572.63414000,0,SOLUSDT
2026-05-23 03:35:00+00:00,84.68,84.72,84.67,84.72,1757.411,1779507599999,148844.31241000,534,1340.99200000,113578.24894000,0,SOLUSDT
2026-05-23 03:40:00+00:00,84.71,84.72,84.69,84.7,2718.394,1779507899999,230263.69046000,461,1983.45700000,168015.57125000,0,SOLUSDT
2026-05-23 03:45:00+00:00,84.69,84.72,84.67,84.69,2069.053,1779508199999,175244.71510000,582,1092.57800000,92542.68581000,0,SOLUSDT
2026-05-23 03:50:00+00:00,84.69,84.75,84.68,84.75,2659.626,1779508499999,225344.49690000,416,1786.47500000,151364.81161000,0,SOLUSDT
2026-05-23 03:55:00+00:00,84.74,84.75,84.63,84.68,4600.196,1779508799999,389538.32889000,777,982.35100000,83180.06637000,0,SOLUSDT
2026-05-23 04:00:00+00:00,84.69,84.72,84.62,84.66,4855.09,1779509099999,411054.74819000,753,2448.08000000,207283.59577000,0,SOLUSDT
2026-05-23 04:05:00+00:00,84.67,84.68,84.65,84.67,1182.572,1779509399999,100126.99986000,469,476.78400000,40370.33396000,0,SOLUSDT
2026-05-23 04:10:00+00:00,84.67,84.69,84.66,84.67,1963.067,1779509699999,166215.20336000,443,852.49700000,72185.71854000,0,SOLUSDT
2026-05-23 04:15:00+00:00,84.68,84.68,84.55,84.57,3194.465,1779509999999,270346.91291000,786,651.32900000,55116.84642000,0,SOLUSDT
2026-05-23 04:20:00+00:00,84.58,84.58,84.48,84.54,3689.021,1779510299999,311846.02295000,743,2230.09000000,188526.84233000,0,SOLUSDT
2026-05-23 04:25:00+00:00,84.55,84.56,84.5,84.54,3016.199,1779510599999,254956.31812000,675,1712.38900000,144748.09703000,0,SOLUSDT
2026-05-23 04:30:00+00:00,84.54,84.66,84.54,84.57,2822.393,1779510899999,238771.55178000,705,1179.30300000,99772.58356000,0,SOLUSDT
2026-05-23 04:35:00+00:00,84.57,84.57,84.43,84.46,7357.693,1779511199999,621579.89026000,1204,4815.39600000,406804.78076000,0,SOLUSDT
2026-05-23 04:40:00+00:00,84.46,84.48,84.35,84.37,6351.524,1779511499999,536024.01234000,973,3651.15200000,308099.53544000,0,SOLUSDT
2026-05-23 04:45:00+00:00,84.38,84.46,84.38,84.44,2465.985,1779511799999,208168.00571000,808,1425.91600000,120368.41424000,0,SOLUSDT
2026-05-23 04:50:00+00:00,84.43,84.47,84.4,84.41,1633.223,1779512099999,137897.08021000,623,1024.61000000,86514.18977000,0,SOLUSDT
2026-05-23 04:55:00+00:00,84.41,84.46,84.39,84.42,3653.125,1779512399999,308391.71158000,756,2178.75300000,183937.74445000,0,SOLUSDT
2026-05-23 05:00:00+00:00,84.41,84.42,84.31,84.39,3657.652,1779512699999,308533.77077000,904,1888.94600000,159341.92314000,0,SOLUSDT
2026-05-23 05:05:00+00:00,84.39,84.44,84.33,84.35,3640.262,1779512999999,307182.68625000,921,1503.32200000,126879.54403000,0,SOLUSDT
2026-05-23 05:10:00+00:00,84.36,84.37,84.32,84.37,1300.269,1779513299999,109670.76881000,382,885.87700000,74723.49720000,0,SOLUSDT
2026-05-23 05:15:00+00:00,84.37,84.47,84.36,84.37,4508.231,1779513599999,380588.21907000,901,2411.44800000,203602.43755000,0,SOLUSDT
2026-05-23 05:20:00+00:00,84.36,84.36,84.18,84.22,10969.064,1779513899999,924139.93159000,2157,4652.78100000,391972.39418000,0,SOLUSDT
2026-05-23 05:25:00+00:00,84.23,84.31,84.23,84.23,4121.522,1779514199999,347343.37956000,981,2364.48900000,199272.52084000,0,SOLUSDT
2026-05-23 05:30:00+00:00,84.22,84.28,84.19,84.25,2408.004,1779514499999,202835.89502000,839,1156.04800000,97379.18834000,0,SOLUSDT
2026-05-23 05:35:00+00:00,84.25,84.36,84.24,84.36,3267.912,1779514799999,275485.89563000,682,2335.26200000,196881.75050000,0,SOLUSDT
2026-05-23 05:40:00+00:00,84.35,84.46,84.35,84.45,2401.125,1779515099999,202645.53909000,654,1387.78800000,117130.55300000,0,SOLUSDT
2026-05-23 05:45:00+00:00,84.44,84.47,84.37,84.4,3144.354,1779515399999,265466.78348000,713,1068.92300000,90228.46867000,0,SOLUSDT
2026-05-23 05:50:00+00:00,84.41,84.44,84.37,84.42,2690.146,1779515699999,227063.43000000,639,1198.83500000,101186.65470000,0,SOLUSDT
2026-05-23 05:55:00+00:00,84.41,84.46,84.4,84.46,1065.283,1779515999999,89951.99717000,374,709.45600000,59908.72739000,0,SOLUSDT
2026-05-23 06:00:00+00:00,84.45,84.49,84.38,84.41,2521.767,1779516299999,212899.96541000,766,948.33200000,80055.74490000,0,SOLUSDT
2026-05-23 06:05:00+00:00,84.42,84.49,84.42,84.47,1986.622,1779516599999,167786.60211000,534,1437.53400000,121410.90413000,0,SOLUSDT
2026-05-23 06:10:00+00:00,84.47,84.47,84.4,84.41,2664.333,1779516899999,224925.49057000,646,463.10200000,39099.52753000,0,SOLUSDT
2026-05-23 06:15:00+00:00,84.41,84.47,84.41,84.46,1200.177,1779517199999,101351.70094000,486,631.33300000,53315.21325000,0,SOLUSDT
2026-05-23 06:20:00+00:00,84.47,84.47,84.41,84.42,847.535,1779517499999,71560.53962000,359,260.88900000,22027.38064000,0,SOLUSDT
2026-05-23 06:25:00+00:00,84.41,84.41,84.34,84.39,2994.981,1779517799999,252725.96737000,900,1865.73300000,157433.87555000,0,SOLUSDT
2026-05-23 06:30:00+00:00,84.39,84.49,84.38,84.42,3813.243,1779518099999,321975.90907000,820,1939.07700000,163696.81160000,0,SOLUSDT
2026-05-23 06:35:00+00:00,84.42,84.44,84.24,84.32,13790.733,1779518399999,1162954.65513000,1591,5516.78300000,465132.29062000,0,SOLUSDT
2026-05-23 06:40:00+00:00,84.32,84.37,84.32,84.33,2198.264,1779518699999,185401.83698000,607,1051.61400000,88699.33997000,0,SOLUSDT
2026-05-23 06:45:00+00:00,84.33,84.34,84.23,84.23,3874.575,1779518999999,326484.78639000,851,449.91100000,37918.39308000,0,SOLUSDT
2026-05-23 06:50:00+00:00,84.24,84.25,84.2,84.21,3253.707,1779519299999,274040.99762000,705,587.29000000,49469.98136000,0,SOLUSDT
2026-05-23 06:55:00+00:00,84.21,84.28,84.18,84.27,4550.255,1779519599999,383214.66614000,949,2384.14700000,200799.38067000,0,SOLUSDT
2026-05-23 07:00:00+00:00,84.27,84.33,84.2,84.23,3663.683,1779519899999,308652.62149000,888,1959.86500000,165101.69651000,0,SOLUSDT
2026-05-23 07:05:00+00:00,84.23,84.27,84.09,84.27,7670.708,1779520199999,645529.01634000,1567,2215.69800000,186497.54233000,0,SOLUSDT
2026-05-23 07:10:00+00:00,84.26,84.28,84.2,84.25,2174.438,1779520499999,183199.07924000,697,952.89600000,80286.07288000,0,SOLUSDT
2026-05-23 07:15:00+00:00,84.24,84.24,84.08,84.14,8839.139,1779520799999,743792.36412000,1350,4947.21500000,416254.24358000,0,SOLUSDT
2026-05-23 07:20:00+00:00,84.14,84.18,84.03,84.17,4540.521,1779521099999,381845.94224000,1180,1953.73100000,164342.66970000,0,SOLUSDT
2026-05-23 07:25:00+00:00,84.17,84.17,84.07,84.12,2570.852,1779521399999,216261.24156000,714,848.05600000,71346.59015000,0,SOLUSDT
2026-05-23 07:30:00+00:00,84.13,84.13,83.82,84.01,30761.329,1779521699999,2581951.49340000,5292,11458.14300000,961405.84312000,0,SOLUSDT
2026-05-23 07:35:00+00:00,84.02,84.12,83.97,84.02,3529.016,1779521999999,296608.57701000,1049,1633.04800000,137263.29701000,0,SOLUSDT
2026-05-23 07:40:00+00:00,84.02,84.02,83.82,83.9,8396.505,1779522299999,704440.11736000,1490,4363.90600000,366113.62791000,0,SOLUSDT
2026-05-23 07:45:00+00:00,83.91,83.91,82.25,82.47,200398.438,1779522599999,16621253.81305000,32334,74113.59700000,6137302.72808000,0,SOLUSDT
2026-05-23 07:50:00+00:00,82.47,82.61,81.5,81.97,226443.201,1779522899999,18561117.86611000,35731,113979.58800000,9344725.35200000,0,SOLUSDT
2026-05-23 07:55:00+00:00,81.97,82.27,81.94,82.25,52134.454,1779523199999,4281945.20153000,9361,34468.63900000,2830797.92331000,0,SOLUSDT
2026-05-23 08:00:00+00:00,82.25,82.28,81.91,82.06,36751.305,1779523499999,3016031.78544000,10832,12795.70300000,1050199.44606000,0,SOLUSDT
2026-05-23 08:05:00+00:00,82.06,82.15,81.9,82.05,24854.558,1779523799999,2038903.10975000,6951,8302.87000000,681117.79863000,0,SOLUSDT
2026-05-23 08:10:00+00:00,82.05,82.29,81.97,82.0,29055.636,1779524099999,2386109.02160000,7465,12415.88400000,1019891.46892000,0,SOLUSDT
2026-05-23 08:15:00+00:00,82.0,82.26,82.0,82.16,15781.098,1779524399999,1295998.86986000,4362,6935.79300000,569540.85173000,0,SOLUSDT
2026-05-23 08:20:00+00:00,82.15,82.36,82.06,82.35,24052.802,1779524699999,1977157.51940000,4938,11883.77900000,976821.25820000,0,SOLUSDT
2026-05-23 08:25:00+00:00,82.34,82.34,82.05,82.07,17393.375,1779524999999,1429969.90357000,4332,5946.81400000,488953.62916000,0,SOLUSDT
2026-05-23 08:30:00+00:00,82.07,82.08,81.99,82.05,13960.479,1779525299999,1145501.73342000,3293,5094.86600000,418054.61721000,0,SOLUSDT
2026-05-23 08:35:00+00:00,82.06,82.07,81.73,81.75,28168.908,1779525599999,2308260.11558000,3862,6824.50400000,559260.70460000,0,SOLUSDT
2026-05-23 08:40:00+00:00,81.76,81.88,81.63,81.87,25530.001,1779525899999,2087000.12609000,4315,11216.21100000,917118.71008000,0,SOLUSDT
2026-05-23 08:45:00+00:00,81.86,82.07,81.83,82.07,10848.109,1779526199999,889272.02512000,2259,5499.24600000,450794.00473000,0,SOLUSDT
2026-05-23 08:50:00+00:00,82.07,82.13,82.03,82.03,8798.869,1779526499999,722170.09095000,1456,3169.03500000,260120.81870000,0,SOLUSDT
2026-05-23 08:55:00+00:00,82.03,82.13,82.02,82.13,3968.824,1779526799999,325705.31711000,974,2689.46000000,220716.37231000,0,SOLUSDT
2026-05-23 09:00:00+00:00,82.13,82.25,82.03,82.15,11954.719,1779527099999,981904.68905000,1986,6288.39800000,516451.15812000,0,SOLUSDT
2026-05-23 09:05:00+00:00,82.14,82.15,82.01,82.08,13068.229,1779527399999,1072562.85750000,1728,7421.89500000,609223.45841000,0,SOLUSDT
2026-05-23 09:10:00+00:00,82.08,82.14,82.05,82.08,4831.326,1779527699999,396646.98149000,995,1770.96800000,145374.58375000,0,SOLUSDT
2026-05-23 09:15:00+00:00,82.08,82.1,82.01,82.05,3283.895,1779527999999,269437.73825000,938,1582.77600000,129860.98649000,0,SOLUSDT
2026-05-23 09:20:00+00:00,82.04,82.12,82.03,82.09,3647.896,1779528299999,299399.84470000,871,2207.75700000,181226.99223000,0,SOLUSDT
2026-05-23 09:25:00+00:00,82.1,82.11,82.07,82.09,3466.155,1779528599999,284546.21353000,479,2058.48600000,168992.33501000,0,SOLUSDT
2026-05-23 09:30:00+00:00,82.1,82.13,82.08,82.12,3280.098,1779528899999,269298.02275000,702,2343.52200000,192407.75564000,0,SOLUSDT
2026-05-23 09:35:00+00:00,82.12,82.13,81.99,82.02,6828.039,1779529199999,560045.52988000,1894,1867.17000000,153155.05181000,0,SOLUSDT
2026-05-23 09:40:00+00:00,82.02,82.14,82.01,82.11,8850.977,1779529499999,726645.28834000,1599,6099.06300000,500761.53142000,0,SOLUSDT
2026-05-23 09:45:00+00:00,82.11,82.15,82.0,82.05,5132.441,1779529799999,421177.51737000,1447,2008.26200000,164792.18105000,0,SOLUSDT
2026-05-23 09:50:00+00:00,82.05,82.08,82.01,82.02,3145.814,1779530099999,258122.51278000,1027,1499.16600000,123016.94085000,0,SOLUSDT
2026-05-23 09:55:00+00:00,82.02,82.04,82.0,82.01,6375.372,1779530399999,522931.37762000,883,4402.16200000,361088.73922000,0,SOLUSDT
2026-05-23 10:00:00+00:00,82.01,82.14,82.01,82.11,11571.4,1779530699999,949964.52752000,1049,3912.29900000,321156.10925000,0,SOLUSDT
2026-05-23 10:05:00+00:00,82.12,82.17,82.11,82.17,2389.468,1779530999999,196259.83089000,796,1432.67800000,117672.93606000,0,SOLUSDT
2026-05-23 10:10:00+00:00,82.17,82.28,82.17,82.28,4583.511,1779531299999,376861.54109000,1117,2580.30600000,212154.56309000,0,SOLUSDT
2026-05-23 10:15:00+00:00,82.28,82.31,82.25,82.29,3758.023,1779531599999,309197.09124000,921,2299.48300000,189190.43343000,0,SOLUSDT
2026-05-23 10:20:00+00:00,82.29,82.29,82.22,82.22,3088.284,1779531899999,254005.00172000,513,614.38500000,50536.97304000,0,SOLUSDT
2026-05-23 10:25:00+00:00,82.23,82.32,82.21,82.32,2415.314,1779532199999,198707.40823000,808,1487.06800000,122348.19908000,0,SOLUSDT
2026-05-23 10:30:00+00:00,82.32,82.36,82.25,82.36,3966.106,1779532499999,326377.06492000,991,1780.86000000,146564.49197000,0,SOLUSDT
2026-05-23 10:35:00+00:00,82.36,82.38,82.32,82.37,2694.085,1779532799999,221846.46851000,697,2377.97500000,195817.45831000,0,SOLUSDT
2026-05-23 10:40:00+00:00,82.38,82.38,82.29,82.34,4096.788,1779533099999,337324.01616000,884,2777.19800000,228664.94427000,0,SOLUSDT
2026-05-23 10:45:00+00:00,82.35,82.39,82.3,82.31,3155.269,1779533399999,259772.84991000,950,947.69300000,78043.18908000,0,SOLUSDT
2026-05-23 10:50:00+00:00,82.31,82.35,82.24,82.24,8715.248,1779533699999,717048.51811000,1101,3307.94800000,272158.66478000,0,SOLUSDT
2026-05-23 10:55:00+00:00,82.24,82.27,82.23,82.26,3509.338,1779533999999,288638.09404000,625,1524.61400000,125406.39794000,0,SOLUSDT
2026-05-23 11:00:00+00:00,82.27,82.32,82.26,82.3,5325.842,1779534299999,438264.15090000,854,2748.97600000,226204.96229000,0,SOLUSDT
2026-05-23 11:05:00+00:00,82.29,82.4,82.23,82.36,6628.114,1779534599999,545541.73974000,1870,3961.34500000,326061.36414000,0,SOLUSDT
2026-05-23 11:10:00+00:00,82.36,82.38,82.33,82.35,4452.718,1779534899999,366723.74752000,763,2168.46400000,178598.07952000,0,SOLUSDT
2026-05-23 11:15:00+00:00,82.34,82.4,82.34,82.39,2186.729,1779535199999,180112.97683000,660,1431.43600000,117902.80286000,0,SOLUSDT
2026-05-23 11:20:00+00:00,82.4,82.47,82.4,82.44,2607.677,1779535499999,214973.78707000,806,1381.31000000,113875.94709000,0,SOLUSDT
2026-05-23 11:25:00+00:00,82.44,82.49,82.43,82.45,3232.798,1779535799999,266569.39001000,829,1625.83700000,134064.77164000,0,SOLUSDT
2026-05-23 11:30:00+00:00,82.44,82.47,82.41,82.45,2935.068,1779536099999,241969.95139000,743,1423.48500000,117357.55274000,0,SOLUSDT
2026-05-23 11:35:00+00:00,82.45,82.45,82.36,82.39,2923.892,1779536399999,240898.82707000,779,1641.32200000,135228.55366000,0,SOLUSDT
2026-05-23 11:40:00+00:00,82.39,82.39,82.35,82.36,2215.645,1779536699999,182518.98731000,461,685.41100000,56464.27352000,0,SOLUSDT
2026-05-23 11:45:00+00:00,82.36,82.38,82.33,82.34,2839.134,1779536999999,233807.63345000,794,1321.89500000,108860.81390000,0,SOLUSDT
2026-05-23 11:50:00+00:00,82.33,82.35,82.31,82.35,2418.105,1779537299999,199076.79224000,461,558.78100000,46008.94350000,0,SOLUSDT
2026-05-23 11:55:00+00:00,82.35,82.39,82.3,82.31,3336.456,1779537599999,274745.88615000,649,1809.22500000,149004.81101000,0,SOLUSDT
2026-05-23 12:00:00+00:00,82.3,82.35,82.24,82.28,5146.566,1779537899999,423492.86760000,1306,1879.58100000,154662.32586000,0,SOLUSDT
2026-05-23 12:05:00+00:00,82.29,82.35,82.27,82.35,2416.453,1779538199999,198870.99623000,905,1536.72800000,126470.95798000,0,SOLUSDT
2026-05-23 12:10:00+00:00,82.34,82.35,82.24,82.29,4567.901,1779538499999,375928.29010000,1094,2500.83800000,205807.30157000,0,SOLUSDT
2026-05-23 12:15:00+00:00,82.3,82.34,82.21,82.21,3112.988,1779538799999,256149.33196000,926,1309.19800000,107761.77564000,0,SOLUSDT
2026-05-23 12:20:00+00:00,82.22,82.28,82.15,82.28,4743.443,1779539099999,389909.59521000,1396,2414.64700000,198504.20558000,0,SOLUSDT
2026-05-23 12:25:00+00:00,82.27,82.34,82.25,82.31,4296.918,1779539399999,353643.79872000,794,3350.16100000,275732.41308000,0,SOLUSDT
2026-05-23 12:30:00+00:00,82.3,82.36,82.3,82.32,3411.57,1779539699999,280862.99281000,769,2466.25400000,203037.53466000,0,SOLUSDT
2026-05-23 12:35:00+00:00,82.33,82.42,82.32,82.39,2239.384,1779539999999,184462.60287000,770,1429.14800000,117718.05576000,0,SOLUSDT
2026-05-23 12:40:00+00:00,82.38,82.4,82.32,82.34,2172.263,1779540299999,178872.52426000,708,536.50700000,44176.49814000,0,SOLUSDT
2026-05-23 12:45:00+00:00,82.34,82.42,82.34,82.41,1565.475,1779540599999,128952.78806000,490,1009.04400000,83122.47151000,0,SOLUSDT
2026-05-23 12:50:00+00:00,82.41,82.54,82.37,82.47,9344.831,1779540899999,770491.90697000,1399,7492.20600000,617787.95029000,0,SOLUSDT
2026-05-23 12:55:00+00:00,82.48,82.56,82.47,82.49,2748.879,1779541199999,226823.26836000,915,1909.03100000,157525.40968000,0,SOLUSDT
2026-05-23 13:00:00+00:00,82.5,82.91,82.49,82.89,53085.857,1779541499999,4392565.23526000,5679,22032.89800000,1822586.71494000,0,SOLUSDT
2026-05-23 13:05:00+00:00,82.89,82.98,82.8,82.89,15792.683,1779541799999,1309249.21361000,3852,8543.22000000,708218.28598000,0,SOLUSDT
2026-05-23 13:10:00+00:00,82.89,82.9,82.81,82.89,6167.666,1779542099999,511068.18258000,1425,3902.12200000,323347.40439000,0,SOLUSDT
2026-05-23 13:15:00+00:00,82.89,83.27,82.88,83.1,17913.936,1779542399999,1488493.17150000,4816,14816.33200000,1230988.91033000,0,SOLUSDT
2026-05-23 13:20:00+00:00,83.11,83.28,83.09,83.21,6590.54,1779542699999,548224.25617000,1709,3870.51300000,321991.65217000,0,SOLUSDT
2026-05-23 13:25:00+00:00,83.22,83.24,83.17,83.24,3660.963,1779542999999,304598.81370000,823,2325.04600000,193452.41899000,0,SOLUSDT
2026-05-23 13:30:00+00:00,83.23,83.32,83.13,83.14,11521.386,1779543299999,958797.86879000,2385,6455.56800000,537281.31818000,0,SOLUSDT
2026-05-23 13:35:00+00:00,83.13,83.14,83.01,83.07,3701.164,1779543599999,307472.53641000,1575,1530.36200000,127128.86953000,0,SOLUSDT
2026-05-23 13:40:00+00:00,83.08,83.1,83.01,83.1,2414.864,1779543899999,200545.07544000,909,1145.43300000,95131.39037000,0,SOLUSDT
2026-05-23 13:45:00+00:00,83.09,83.49,83.09,83.39,9421.955,1779544199999,784997.10977000,2708,7520.63300000,626497.83311000,0,SOLUSDT
2026-05-23 13:50:00+00:00,83.39,83.4,83.2,83.31,5281.545,1779544499999,439854.63083000,2025,2701.42400000,224979.70993000,0,SOLUSDT
2026-05-23 13:55:00+00:00,83.31,83.33,83.2,83.22,8571.022,1779544799999,713672.59922000,1681,4674.29000000,389205.48713000,0,SOLUSDT
2026-05-23 14:00:00+00:00,83.23,83.29,83.14,83.16,4276.595,1779545099999,355838.82042000,1222,2417.87100000,201209.56416000,0,SOLUSDT
2026-05-23 14:05:00+00:00,83.16,83.33,83.1,83.26,6102.057,1779545399999,507975.72060000,1699,3037.14800000,252797.42393000,0,SOLUSDT
2026-05-23 14:10:00+00:00,83.27,83.37,83.25,83.32,4643.9,1779545699999,386944.54094000,1102,3057.29900000,254739.49171000,0,SOLUSDT
2026-05-23 14:15:00+00:00,83.31,83.37,83.3,83.33,5908.584,1779545999999,492393.48542000,934,3572.67800000,297730.73300000,0,SOLUSDT
2026-05-23 14:20:00+00:00,83.33,83.56,83.31,83.53,7548.037,1779546299999,629975.98720000,2251,6278.98000000,524018.08968000,0,SOLUSDT
2026-05-23 14:25:00+00:00,83.52,83.58,83.45,83.57,4895.702,1779546599999,408855.25578000,1338,2290.74500000,191313.65391000,0,SOLUSDT
2026-05-23 14:30:00+00:00,83.56,83.74,83.49,83.68,15280.587,1779546899999,1277945.19536000,2850,10215.46400000,854337.51081000,0,SOLUSDT
2026-05-23 14:35:00+00:00,83.69,83.77,83.65,83.72,4812.783,1779547199999,402837.40774000,1621,3481.46500000,291416.92042000,0,SOLUSDT
2026-05-23 14:40:00+00:00,83.73,83.99,83.69,83.95,10947.917,1779547499999,918113.35612000,2756,6481.48500000,543718.35564000,0,SOLUSDT
2026-05-23 14:45:00+00:00,83.96,84.02,83.77,83.84,8654.683,1779547799999,726184.34825000,3416,3925.04000000,329410.39574000,0,SOLUSDT
2026-05-23 14:50:00+00:00,83.84,83.97,83.84,83.96,9748.583,1779548099999,817815.27163000,1691,6494.64800000,544867.45762000,0,SOLUSDT
2026-05-23 14:55:00+00:00,83.96,84.47,83.95,84.13,37259.062,1779548399999,3137500.58369000,7344,21459.53300000,1807168.14610000,0,SOLUSDT
2026-05-23 15:00:00+00:00,84.14,84.23,84.01,84.13,12754.699,1779548699999,1072974.23320000,2640,6122.23200000,515018.40454000,0,SOLUSDT
2026-05-23 15:05:00+00:00,84.13,84.54,84.07,84.39,31382.894,1779548999999,2644720.46753000,4757,16646.90700000,1403386.32928000,0,SOLUSDT
2026-05-23 15:10:00+00:00,84.4,84.49,84.34,84.41,6893.139,1779549299999,581878.08756000,1767,3168.78000000,267520.01828000,0,SOLUSDT
2026-05-23 15:15:00+00:00,84.41,84.41,84.24,84.24,8071.787,1779549599999,680373.68826000,1822,3428.99100000,289022.92832000,0,SOLUSDT
2026-05-23 15:20:00+00:00,84.23,84.23,84.09,84.16,5570.52,1779549899999,468700.72064000,1252,1743.91100000,146717.17892000,0,SOLUSDT
2026-05-23 15:25:00+00:00,84.15,84.15,83.91,83.93,12608.206,1779550199999,1059346.95728000,2197,5449.89700000,457944.15906000,0,SOLUSDT
2026-05-23 15:30:00+00:00,83.93,83.95,83.66,83.66,9714.421,1779550499999,814143.49414000,2741,3428.77600000,287404.32177000,0,SOLUSDT
2026-05-23 15:35:00+00:00,83.67,83.96,83.63,83.85,25964.701,1779550799999,2175349.23491000,2959,19226.60100000,1610458.72811000,0,SOLUSDT
2026-05-23 15:40:00+00:00,83.85,83.93,83.82,83.88,4080.765,1779551099999,342309.43373000,1213,1844.59100000,154722.58561000,0,SOLUSDT
2026-05-23 15:45:00+00:00,83.88,84.08,83.88,83.97,11328.714,1779551399999,951435.89803000,1897,4851.90400000,407468.90140000,0,SOLUSDT
2026-05-23 15:50:00+00:00,83.97,84.09,83.96,84.03,5683.191,1779551699999,477490.24213000,1538,4425.74500000,371831.72925000,0,SOLUSDT
2026-05-23 15:55:00+00:00,84.03,84.11,84.02,84.1,3302.273,1779551999999,277586.38815000,990,2075.34300000,174458.37030000,0,SOLUSDT
2026-05-23 16:00:00+00:00,84.09,84.23,84.04,84.22,9222.241,1779552299999,776053.78360000,2412,4806.17000000,404499.86248000,0,SOLUSDT
2026-05-23 16:05:00+00:00,84.22,84.23,84.12,84.19,3501.332,1779552599999,294668.54521000,1204,2009.18200000,169078.07747000,0,SOLUSDT
2026-05-23 16:10:00+00:00,84.19,84.25,83.95,84.03,25736.396,1779552899999,2165308.80300000,2525,7692.89700000,646968.04038000,0,SOLUSDT
2026-05-23 16:15:00+00:00,84.02,84.14,84.01,84.09,4376.46,1779553199999,367921.66694000,1067,2823.23900000,237351.58326000,0,SOLUSDT
2026-05-23 16:20:00+00:00,84.09,84.11,83.96,83.96,4249.997,1779553499999,357065.26953000,1467,2176.01600000,182814.65640000,0,SOLUSDT
2026-05-23 16:25:00+00:00,83.97,84.11,83.93,84.05,5184.084,1779553799999,435592.66474000,1101,2147.29500000,180439.64674000,0,SOLUSDT
2026-05-23 16:30:00+00:00,84.06,84.13,84.04,84.06,2522.893,1779554099999,212095.03917000,594,1030.73300000,86659.02355000,0,SOLUSDT
2026-05-23 16:35:00+00:00,84.07,84.31,84.06,84.28,6614.008,1779554399999,556561.19285000,1388,3946.24400000,332155.97399000,0,SOLUSDT
2026-05-23 16:40:00+00:00,84.28,84.29,84.15,84.16,2890.775,1779554699999,243405.25204000,947,1016.01500000,85556.77796000,0,SOLUSDT
2026-05-23 16:45:00+00:00,84.16,84.21,84.14,84.17,2771.004,1779554999999,233269.92719000,836,1616.34000000,136071.28651000,0,SOLUSDT
2026-05-23 16:50:00+00:00,84.18,84.24,84.1,84.1,2893.961,1779555299999,243593.08180000,1067,983.67900000,82807.19771000,0,SOLUSDT
2026-05-23 16:55:00+00:00,84.09,84.19,84.07,84.11,2535.792,1779555599999,213321.75097000,866,936.44300000,78781.13169000,0,SOLUSDT
2026-05-23 17:00:00+00:00,84.11,84.27,84.11,84.14,5708.361,1779555899999,480673.16213000,1437,3753.46700000,316100.66972000,0,SOLUSDT
2026-05-23 17:05:00+00:00,84.14,84.29,84.14,84.27,2794.919,1779556199999,235385.61462000,785,1444.49900000,121657.55339000,0,SOLUSDT
2026-05-23 17:10:00+00:00,84.28,84.28,84.19,84.27,3704.337,1779556499999,312005.74882000,930,1882.04200000,158510.51842000,0,SOLUSDT
2026-05-23 17:15:00+00:00,84.27,84.35,84.22,84.3,3368.703,1779556799999,283940.30294000,1078,2101.65100000,177137.36228000,0,SOLUSDT
2026-05-23 17:20:00+00:00,84.3,84.3,84.14,84.17,4341.713,1779557099999,365772.23277000,1176,1166.24500000,98243.01420000,0,SOLUSDT
2026-05-23 17:25:00+00:00,84.17,84.24,84.1,84.23,4045.001,1779557399999,340446.49155000,917,2264.59900000,190600.23207000,0,SOLUSDT
2026-05-23 17:30:00+00:00,84.23,84.27,84.19,84.19,2677.218,1779557699999,225522.85394000,1154,782.02700000,65877.09568000,0,SOLUSDT
2026-05-23 17:35:00+00:00,84.2,84.2,84.1,84.18,4385.655,1779557999999,368960.27201000,1139,3026.98600000,254646.00961000,0,SOLUSDT
2026-05-23 17:40:00+00:00,84.17,84.17,84.06,84.14,5894.317,1779558299999,495704.77479000,1253,2898.55000000,243749.91247000,0,SOLUSDT
2026-05-23 17:45:00+00:00,84.15,84.16,83.99,84.13,4087.539,1779558599999,343653.67965000,1336,1793.49900000,150793.36438000,0,SOLUSDT
2026-05-23 17:50:00+00:00,84.13,84.26,84.12,84.22,3569.188,1779558899999,300567.64140000,1001,1737.96000000,146335.87700000,0,SOLUSDT
2026-05-23 17:55:00+00:00,84.23,84.29,84.21,84.21,5264.801,1779559199999,443596.20833000,1176,1667.20500000,140483.77684000,0,SOLUSDT
2026-05-23 18:00:00+00:00,84.22,84.3,84.17,84.3,2752.832,1779559499999,231837.72918000,1065,1818.72000000,153180.10047000,0,SOLUSDT
2026-05-23 18:05:00+00:00,84.29,84.49,84.29,84.49,9819.288,1779559799999,828717.67042000,2192,7020.99400000,592556.38923000,0,SOLUSDT
2026-05-23 18:10:00+00:00,84.5,84.9,84.39,84.8,33286.027,1779560099999,2817426.09442000,6030,17780.22600000,1504834.59186000,0,SOLUSDT
2026-05-23 18:15:00+00:00,84.8,85.0,84.78,84.87,19162.38,1779560399999,1626851.63553000,4657,11541.26700000,979678.62959000,0,SOLUSDT
2026-05-23 18:20:00+00:00,84.86,85.03,84.81,84.83,20405.741,1779560699999,1733274.17752000,4412,13150.37700000,1117097.70615000,0,SOLUSDT
2026-05-23 18:25:00+00:00,84.83,84.88,84.74,84.85,6380.888,1779560999999,541226.99277000,1640,3194.36900000,270976.03991000,0,SOLUSDT
2026-05-23 18:30:00+00:00,84.86,85.14,84.86,84.94,8705.196,1779561299999,739953.19019000,2701,5679.49000000,482775.23253000,0,SOLUSDT
2026-05-23 18:35:00+00:00,84.94,85.02,84.77,84.81,4023.239,1779561599999,341476.08476000,1573,1362.37700000,115650.44275000,0,SOLUSDT
2026-05-23 18:40:00+00:00,84.82,84.92,84.82,84.85,4255.946,1779561899999,361194.57535000,1310,1777.09800000,150811.11768000,0,SOLUSDT
2026-05-23 18:45:00+00:00,84.85,84.88,84.67,84.7,7395.86,1779562199999,627249.10749000,1820,2412.39300000,204597.11200000,0,SOLUSDT
2026-05-23 18:50:00+00:00,84.69,84.77,84.68,84.74,2772.155,1779562499999,234872.35608000,1145,1538.69900000,130368.59358000,0,SOLUSDT
2026-05-23 18:55:00+00:00,84.74,84.82,84.7,84.71,2270.614,1779562799999,192468.58099000,742,1038.09700000,88003.19751000,0,SOLUSDT
2026-05-23 19:00:00+00:00,84.72,84.79,84.63,84.73,4205.336,1779563099999,356166.86659000,1430,1761.18700000,149178.83063000,0,SOLUSDT
2026-05-23 19:05:00+00:00,84.72,84.74,84.63,84.67,4672.425,1779563399999,395709.26253000,1134,2668.99500000,226041.94460000,0,SOLUSDT
2026-05-23 19:10:00+00:00,84.68,84.71,84.62,84.7,2669.28,1779563699999,226019.11605000,717,2068.15200000,175133.05384000,0,SOLUSDT
2026-05-23 19:15:00+00:00,84.7,85.03,84.7,84.97,22788.356,1779563999999,1934839.62896000,2819,17935.56600000,1522707.14796000,0,SOLUSDT
2026-05-23 19:20:00+00:00,84.97,85.04,84.87,84.91,7282.471,1779564299999,618669.92743000,1598,2952.69600000,250911.41389000,0,SOLUSDT
2026-05-23 19:25:00+00:00,84.91,85.07,84.9,85.05,5184.862,1779564599999,440715.61851000,853,2069.00900000,175868.51552000,0,SOLUSDT
2026-05-23 19:30:00+00:00,85.06,85.11,84.91,85.0,6633.42,1779564899999,563965.41320000,1747,3702.44100000,314826.77563000,0,SOLUSDT
2026-05-23 19:35:00+00:00,84.99,84.99,84.88,84.88,5985.122,1779565199999,508200.00630000,1096,1786.02900000,151657.02227000,0,SOLUSDT
2026-05-23 19:40:00+00:00,84.89,84.91,84.75,84.83,7369.63,1779565499999,625032.23235000,1299,4290.67800000,363897.63112000,0,SOLUSDT
2026-05-23 19:45:00+00:00,84.84,84.97,84.81,84.96,3711.147,1779565799999,314955.55853000,992,3047.55000000,258643.02692000,0,SOLUSDT
2026-05-23 19:50:00+00:00,84.96,84.97,84.85,84.9,3402.848,1779566099999,288903.98403000,848,2090.55300000,177483.63479000,0,SOLUSDT
2026-05-23 19:55:00+00:00,84.89,84.98,84.85,84.96,7011.543,1779566399999,595439.60443000,1217,5003.98100000,424984.77736000,0,SOLUSDT
2026-05-23 20:00:00+00:00,84.97,85.01,84.9,84.96,12752.663,1779566699999,1083412.45968000,1506,9053.12900000,769178.12670000,0,SOLUSDT
2026-05-23 20:05:00+00:00,84.96,84.97,84.81,84.89,8425.931,1779566999999,715139.67455000,1666,4834.82100000,410360.70365000,0,SOLUSDT
2026-05-23 20:10:00+00:00,84.88,85.09,84.88,84.95,9551.698,1779567299999,811843.30202000,1979,6727.17100000,571742.42081000,0,SOLUSDT
2026-05-23 20:15:00+00:00,84.96,85.12,84.9,85.07,5675.919,1779567599999,482508.63329000,1349,4384.34100000,372743.06420000,0,SOLUSDT
2026-05-23 20:20:00+00:00,85.07,85.14,84.88,84.94,10605.331,1779567899999,901747.22946000,1770,4419.30400000,375805.43312000,0,SOLUSDT
2026-05-23 20:25:00+00:00,84.94,84.97,84.85,84.86,2798.463,1779568199999,237622.28866000,814,1587.41100000,134790.44364000,0,SOLUSDT
2026-05-23 20:30:00+00:00,84.87,85.49,84.8,85.37,21900.559,1779568499999,1866216.97600000,6956,15789.97300000,1345666.83078000,0,SOLUSDT
2026-05-23 20:35:00+00:00,85.37,86.55,85.37,86.38,81832.803,1779568799999,7047025.05003000,21326,54869.35400000,4722306.15399000,0,SOLUSDT
2026-05-23 20:40:00+00:00,86.39,86.68,86.32,86.44,48069.724,1779569099999,4156540.75653000,9710,27967.02700000,2418531.13666000,0,SOLUSDT
2026-05-23 20:45:00+00:00,86.44,86.82,86.22,86.71,118591.594,1779569399999,10268700.29029000,9052,58404.57100000,5053709.04232000,0,SOLUSDT
2026-05-23 20:50:00+00:00,86.72,86.8,86.5,86.7,50318.931,1779569699999,4360013.48322000,6230,20522.85000000,1777949.72412000,0,SOLUSDT
2026-05-23 20:55:00+00:00,86.69,87.09,86.67,87.08,71724.79,1779569999999,6231969.41080000,9257,48564.38200000,4220381.80035000,0,SOLUSDT
2026-05-23 21:00:00+00:00,87.08,87.5,86.66,86.88,50320.469,1779570299999,4388003.53425000,13437,29915.86500000,2610858.72509000,0,SOLUSDT
2026-05-23 21:05:00+00:00,86.88,87.02,86.83,86.97,16669.417,1779570599999,1449333.28913000,4435,10228.68500000,889354.00965000,0,SOLUSDT
2026-05-23 21:10:00+00:00,86.96,86.99,86.65,86.66,18789.803,1779570899999,1630456.98101000,3791,4030.26400000,349774.75860000,0,SOLUSDT
2026-05-23 21:15:00+00:00,86.66,86.74,86.55,86.74,18061.026,1779571199999,1564964.02917000,4656,9380.87000000,812901.63027000,0,SOLUSDT
2026-05-23 21:20:00+00:00,86.74,86.87,86.65,86.65,13928.447,1779571499999,1208414.94891000,3264,6454.50700000,560000.41470000,0,SOLUSDT
2026-05-23 21:25:00+00:00,86.66,86.66,86.32,86.34,18095.885,1779571799999,1565749.81556000,4165,5656.05500000,489530.61638000,0,SOLUSDT
2026-05-23 21:30:00+00:00,86.33,86.41,86.0,86.39,25563.98,1779572099999,2202135.84791000,7558,10840.08400000,934039.84101000,0,SOLUSDT
2026-05-23 21:35:00+00:00,86.39,86.58,86.27,86.27,12402.636,1779572399999,1072083.04406000,3704,5020.34300000,434050.53325000,0,SOLUSDT
2026-05-23 21:40:00+00:00,86.26,86.32,86.16,86.29,9619.873,1779572699999,829710.23671000,2984,4104.63600000,354011.85688000,0,SOLUSDT
2026-05-23 21:45:00+00:00,86.3,86.34,86.0,86.1,9735.21,1779572999999,838328.74593000,2784,4732.64700000,407459.62196000,0,SOLUSDT
2026-05-23 21:50:00+00:00,86.1,86.27,86.07,86.23,5590.277,1779573299999,481717.76503000,2321,3201.96400000,275922.14652000,0,SOLUSDT
2026-05-23 21:55:00+00:00,86.23,86.36,86.2,86.28,7468.625,1779573599999,644397.42793000,1810,4099.40100000,353712.99056000,0,SOLUSDT
2026-05-23 22:00:00+00:00,86.28,86.61,86.28,86.55,9560.518,1779573899999,826563.73315000,2950,7398.64600000,639649.31790000,0,SOLUSDT
2026-05-23 22:05:00+00:00,86.55,86.55,86.32,86.32,3466.137,1779574199999,299540.28798000,1482,1237.67600000,106980.07499000,0,SOLUSDT
2026-05-23 22:10:00+00:00,86.32,86.33,86.26,86.27,3583.844,1779574499999,309294.22279000,911,1302.69600000,112432.21452000,0,SOLUSDT
2026-05-23 22:15:00+00:00,86.26,86.3,86.2,86.29,4594.297,1779574799999,396334.69226000,1187,1855.34300000,160047.98870000,0,SOLUSDT
2026-05-23 22:20:00+00:00,86.28,86.3,86.1,86.11,4444.088,1779575099999,383104.12103000,1289,1329.96300000,114645.85449000,0,SOLUSDT
2026-05-23 22:25:00+00:00,86.11,86.17,86.07,86.08,5018.465,1779575399999,432187.00212000,1525,1399.98900000,120586.29507000,0,SOLUSDT
2026-05-23 22:30:00+00:00,86.08,86.14,85.92,86.06,12008.328,1779575699999,1033085.70576000,3072,5769.62000000,496359.58962000,0,SOLUSDT
2026-05-23 22:35:00+00:00,86.06,86.06,85.52,85.71,26306.088,1779575999999,2254280.73153000,5052,6736.35700000,577008.88314000,0,SOLUSDT
2026-05-23 22:40:00+00:00,85.72,85.96,85.71,85.84,12711.582,1779576299999,1091376.56587000,2491,6022.50900000,516989.07178000,0,SOLUSDT
2026-05-23 22:45:00+00:00,85.85,85.87,85.72,85.85,5061.977,1779576599999,434379.56668000,1407,3254.38500000,279264.06104000,0,SOLUSDT
2026-05-23 22:50:00+00:00,85.85,85.89,85.79,85.84,3838.447,1779576899999,329455.17013000,998,1992.10500000,170985.36468000,0,SOLUSDT
2026-05-23 22:55:00+00:00,85.84,85.88,85.77,85.81,1986.033,1779577199999,170486.12168000,707,787.17600000,67581.55696000,0,SOLUSDT
2026-05-23 23:00:00+00:00,85.81,85.81,85.7,85.72,6070.826,1779577499999,520558.11940000,1489,2262.04100000,193977.94697000,0,SOLUSDT
2026-05-23 23:05:00+00:00,85.72,85.94,85.71,85.85,5910.531,1779577799999,507406.29222000,1620,3388.79500000,290871.72915000,0,SOLUSDT
2026-05-23 23:10:00+00:00,85.85,85.88,85.77,85.8,3818.105,1779578099999,327629.51211000,1017,1306.52700000,112119.27936000,0,SOLUSDT
2026-05-23 23:15:00+00:00,85.8,85.9,85.78,85.79,3949.468,1779578399999,339000.19715000,1338,1939.30400000,166460.35559000,0,SOLUSDT
2026-05-23 23:20:00+00:00,85.8,85.83,85.73,85.75,22627.826,1779578699999,1940759.93399000,1450,11138.07700000,955065.86808000,0,SOLUSDT
2026-05-23 23:25:00+00:00,85.75,85.75,85.67,85.72,2600.145,1779578999999,222840.40976000,949,1122.40200000,96188.88553000,0,SOLUSDT
2026-05-23 23:30:00+00:00,85.71,85.87,85.71,85.83,2950.023,1779579299999,253134.90087000,1170,1974.46700000,169402.24442000,0,SOLUSDT
2026-05-23 23:35:00+00:00,85.83,85.83,85.72,85.75,3786.823,1779579599999,324753.74533000,1167,1393.42400000,119508.37196000,0,SOLUSDT
2026-05-23 23:40:00+00:00,85.75,85.78,85.72,85.75,2815.502,1779579899999,241430.33720000,908,1486.83100000,127493.83367000,0,SOLUSDT
2026-05-23 23:45:00+00:00,85.75,85.77,85.69,85.69,2869.814,1779580199999,246044.58092000,867,1162.61700000,99677.13668000,0,SOLUSDT
2026-05-23 23:50:00+00:00,85.69,85.76,85.67,85.74,2148.598,1779580499999,184167.03751000,779,1598.84700000,137047.67300000,0,SOLUSDT
2026-05-23 23:55:00+00:00,85.75,85.81,85.72,85.75,2949.54,1779580799999,252958.34256000,1087,1203.23200000,103199.39619000,0,SOLUSDT
2026-05-24 00:00:00+00:00,85.76,85.84,85.67,85.67,4161.89,1779581099999,356832.11248000,1602,1504.45000000,129019.72626000,0,SOLUSDT
2026-05-24 00:05:00+00:00,85.68,85.73,85.64,85.64,3266.619,1779581399999,279928.31755000,1266,832.35500000,71321.06626000,0,SOLUSDT
2026-05-24 00:10:00+00:00,85.64,85.72,85.64,85.69,1359.611,1779581699999,116487.64069000,846,754.43400000,64637.12799000,0,SOLUSDT
2026-05-24 00:15:00+00:00,85.68,85.79,85.66,85.72,5942.175,1779581999999,509284.94540000,1400,4252.34500000,364449.69854000,0,SOLUSDT
2026-05-24 00:20:00+00:00,85.73,85.77,85.62,85.63,2435.463,1779582299999,208719.68596000,925,857.59600000,73503.64283000,0,SOLUSDT
2026-05-24 00:25:00+00:00,85.64,85.79,85.64,85.78,1915.37,1779582599999,164217.37102000,731,1427.37800000,122385.48674000,0,SOLUSDT
2026-05-24 00:30:00+00:00,85.78,85.92,85.76,85.85,4338.252,1779582899999,372502.02639000,1301,2626.13100000,225518.83234000,0,SOLUSDT
2026-05-24 00:35:00+00:00,85.85,85.98,85.84,85.98,3998.187,1779583199999,343475.73523000,1131,2964.55000000,254699.32260000,0,SOLUSDT
2026-05-24 00:40:00+00:00,85.98,86.03,85.85,85.85,6073.145,1779583499999,522018.96611000,1370,3398.42800000,292169.47161000,0,SOLUSDT
2026-05-24 00:45:00+00:00,85.85,86.0,85.82,85.86,6224.598,1779583799999,534749.77166000,1609,4400.44900000,378054.84364000,0,SOLUSDT
2026-05-24 00:50:00+00:00,85.86,85.87,85.78,85.8,3295.76,1779584099999,282795.67304000,820,1357.63600000,116491.16696000,0,SOLUSDT
2026-05-24 00:55:00+00:00,85.8,85.92,85.8,85.89,1715.596,1779584399999,147324.10470000,659,929.02600000,79770.52824000,0,SOLUSDT
2026-05-24 01:00:00+00:00,85.89,86.02,85.88,86.0,4630.241,1779584699999,398058.51950000,1362,3488.46000000,299886.16819000,0,SOLUSDT
2026-05-24 01:05:00+00:00,86.0,86.0,85.87,85.99,3242.849,1779584999999,278728.87796000,1119,1694.48700000,145661.69679000,0,SOLUSDT
2026-05-24 01:10:00+00:00,85.98,86.02,85.93,85.99,1939.744,1779585299999,166776.50868000,906,909.94900000,78236.31564000,0,SOLUSDT
2026-05-24 01:15:00+00:00,85.99,86.07,85.98,86.03,2523.095,1779585599999,217020.16896000,939,1779.03000000,153021.89697000,0,SOLUSDT
2026-05-24 01:20:00+00:00,86.03,86.11,86.02,86.07,4888.163,1779585899999,420702.44854000,1593,3704.01800000,318791.40183000,0,SOLUSDT
2026-05-24 01:25:00+00:00,86.07,86.14,85.98,86.13,4493.411,1779586199999,386693.27252000,1181,2605.85100000,224293.26000000,0,SOLUSDT
2026-05-24 01:30:00+00:00,86.12,86.22,85.96,86.22,12963.922,1779586499999,1115957.09882000,2436,6032.75400000,519455.80718000,0,SOLUSDT
2026-05-24 01:35:00+00:00,86.22,86.23,86.13,86.17,2827.115,1779586799999,243639.24785000,965,1488.50900000,128293.06354000,0,SOLUSDT
2026-05-24 01:40:00+00:00,86.17,86.17,85.97,85.99,4136.988,1779587099999,355986.68561000,1161,1272.15400000,109446.56363000,0,SOLUSDT
2026-05-24 01:45:00+00:00,86.0,86.13,86.0,86.11,3970.477,1779587399999,341784.63765000,1208,2279.02700000,196156.66828000,0,SOLUSDT
2026-05-24 01:50:00+00:00,86.11,86.13,86.03,86.03,1582.84,1779587699999,136252.11626000,784,889.84900000,76595.70013000,0,SOLUSDT
2026-05-24 01:55:00+00:00,86.04,86.05,85.98,86.01,1962.227,1779587999999,168773.85943000,896,872.37200000,75035.68731000,0,SOLUSDT
2026-05-24 02:00:00+00:00,86.02,86.1,86.0,86.01,2188.659,1779588299999,188326.79821000,986,1378.19000000,118590.57573000,0,SOLUSDT
2026-05-24 02:05:00+00:00,86.01,86.02,85.86,86.02,4818.393,1779588599999,414092.52892000,1121,1621.92700000,139411.79679000,0,SOLUSDT
2026-05-24 02:10:00+00:00,86.01,86.09,86.01,86.08,2293.076,1779588899999,197341.34729000,699,1591.66200000,136978.57170000,0,SOLUSDT
2026-05-24 02:15:00+00:00,86.08,86.09,86.03,86.07,1063.205,1779589199999,91496.68434000,520,329.43100000,28349.28092000,0,SOLUSDT
2026-05-24 02:20:00+00:00,86.06,86.11,85.81,85.82,4527.364,1779589499999,389057.59536000,1413,1581.59900000,135920.17885000,0,SOLUSDT
2026-05-24 02:25:00+00:00,85.82,85.84,85.7,85.77,10076.195,1779589799999,864327.73156000,1669,4887.78800000,419348.19699000,0,SOLUSDT
2026-05-24 02:30:00+00:00,85.78,85.84,85.75,85.8,2801.885,1779590099999,240387.89653000,940,1543.84500000,132455.36185000,0,SOLUSDT
2026-05-24 02:35:00+00:00,85.81,85.89,85.75,85.83,2589.029,1779590399999,222166.17335000,873,1649.96700000,141582.79187000,0,SOLUSDT
2026-05-24 02:40:00+00:00,85.83,85.92,85.83,85.9,1675.661,1779590699999,143907.71791000,733,1077.17400000,92501.46738000,0,SOLUSDT
2026-05-24 02:45:00+00:00,85.91,86.0,85.89,85.92,2441.366,1779590999999,209830.33026000,732,1470.54600000,126396.80183000,0,SOLUSDT
2026-05-24 02:50:00+00:00,85.92,86.03,85.9,85.98,1520.786,1779591299999,130750.71981000,721,990.37300000,85144.09480000,0,SOLUSDT
2026-05-24 02:55:00+00:00,85.98,86.02,85.95,85.98,1785.338,1779591599999,153514.09691000,664,798.48100000,68661.25169000,0,SOLUSDT
2026-05-24 03:00:00+00:00,85.99,86.13,85.91,86.13,3449.812,1779591899999,296756.99801000,1136,2517.47100000,216601.91587000,0,SOLUSDT
2026-05-24 03:05:00+00:00,86.12,86.12,86.03,86.06,1526.915,1779592199999,131416.29459000,629,773.05900000,66531.81661000,0,SOLUSDT
2026-05-24 03:10:00+00:00,86.06,86.08,85.91,85.92,4386.321,1779592499999,377267.50501000,1128,2030.92500000,174699.95141000,0,SOLUSDT
2026-05-24 03:15:00+00:00,85.93,85.93,85.84,85.87,3396.747,1779592799999,291666.62373000,854,1933.56200000,166028.04133000,0,SOLUSDT
2026-05-24 03:20:00+00:00,85.86,85.91,85.82,85.87,1393.045,1779593099999,119614.39449000,563,722.81000000,62061.94532000,0,SOLUSDT
2026-05-24 03:25:00+00:00,85.87,85.89,85.85,85.86,967.908,1779593399999,83114.61963000,482,525.02400000,45085.91876000,0,SOLUSDT
2026-05-24 03:30:00+00:00,85.87,85.87,85.8,85.81,2381.74,1779593699999,204438.71129000,777,951.28900000,81652.01254000,0,SOLUSDT
2026-05-24 03:35:00+00:00,85.81,85.81,85.67,85.68,3995.731,1779593999999,342678.40925000,1092,888.85100000,76226.80439000,0,SOLUSDT
2026-05-24 03:40:00+00:00,85.68,85.72,85.63,85.68,3514.918,1779594299999,301141.43208000,1021,1379.06000000,118154.86170000,0,SOLUSDT
2026-05-24 03:45:00+00:00,85.68,85.82,85.68,85.81,3404.58,1779594599999,291978.14051000,867,2602.58000000,223194.77888000,0,SOLUSDT
2026-05-24 03:50:00+00:00,85.8,85.84,85.73,85.84,2483.673,1779594899999,213042.86554000,937,1817.60600000,155910.03274000,0,SOLUSDT
2026-05-24 03:55:00+00:00,85.83,85.87,85.78,85.81,6594.485,1779595199999,565962.23153000,1043,2489.04000000,213619.90327000,0,SOLUSDT
2026-05-24 04:00:00+00:00,85.81,85.97,85.81,85.93,4436.052,1779595499999,381055.12105000,1175,2411.20600000,207097.85437000,0,SOLUSDT
2026-05-24 04:05:00+00:00,85.92,85.92,85.81,85.81,1503.231,1779595799999,129063.97393000,589,523.49500000,44949.56851000,0,SOLUSDT
2026-05-24 04:10:00+00:00,85.81,86.12,85.78,86.03,17177.988,1779596099999,1477088.24927000,2654,13118.79600000,1127989.22356000,0,SOLUSDT
2026-05-24 04:15:00+00:00,86.03,86.07,86.0,86.04,2093.528,1779596399999,180106.23895000,716,1642.88500000,141333.72646000,0,SOLUSDT
2026-05-24 04:20:00+00:00,86.05,86.07,86.01,86.02,6570.443,1779596699999,565294.76207000,611,1102.04000000,94826.91143000,0,SOLUSDT
2026-05-24 04:25:00+00:00,86.02,86.02,85.95,86.0,1092.982,1779596999999,93970.82927000,416,397.19100000,34145.44800000,0,SOLUSDT
2026-05-24 04:30:00+00:00,85.99,86.02,85.95,86.01,987.567,1779597299999,84918.44153000,402,652.87900000,56140.29116000,0,SOLUSDT
2026-05-24 04:35:00+00:00,86.02,86.05,85.92,85.94,1563.05,1779597599999,134375.10212000,532,483.69400000,41586.27909000,0,SOLUSDT
2026-05-24 04:40:00+00:00,85.94,86.0,85.93,85.99,1050.464,1779597899999,90300.24292000,306,499.06800000,42906.11285000,0,SOLUSDT
2026-05-24 04:45:00+00:00,85.99,86.0,85.88,85.94,2253.701,1779598199999,193655.72381000,641,631.73900000,54289.14021000,0,SOLUSDT
2026-05-24 04:50:00+00:00,85.95,86.02,85.94,86.02,1861.401,1779598499999,160042.98744000,549,1048.99900000,90189.09915000,0,SOLUSDT
2026-05-24 04:55:00+00:00,86.01,86.01,85.93,85.93,1986.212,1779598799999,170759.15724000,595,524.75200000,45115.39380000,0,SOLUSDT
2026-05-24 05:00:00+00:00,85.94,85.95,85.88,85.95,1816.979,1779599099999,156107.86241000,636,1017.22100000,87398.20138000,0,SOLUSDT
2026-05-24 05:05:00+00:00,85.95,85.95,85.83,85.84,2016.721,1779599399999,173185.93048000,788,797.69900000,68494.33343000,0,SOLUSDT
2026-05-24 05:10:00+00:00,85.84,85.86,85.75,85.86,2165.169,1779599699999,185786.44589000,724,1196.74500000,102684.25058000,0,SOLUSDT
2026-05-24 05:15:00+00:00,85.86,85.86,85.75,85.76,1473.611,1779599999999,126437.98143000,593,689.27400000,59138.64388000,0,SOLUSDT
2026-05-24 05:20:00+00:00,85.77,85.79,85.71,85.76,1704.952,1779600299999,146189.88623000,644,523.83500000,44918.49363000,0,SOLUSDT
2026-05-24 05:25:00+00:00,85.75,85.75,85.64,85.72,2063.016,1779600599999,176781.86785000,839,741.58300000,63544.54319000,0,SOLUSDT
2026-05-24 05:30:00+00:00,85.71,85.77,85.69,85.73,1789.069,1779600899999,153365.98872000,620,795.88900000,68233.49104000,0,SOLUSDT
2026-05-24 05:35:00+00:00,85.72,85.72,85.62,85.64,3363.873,1779601199999,288131.46395000,693,1065.46600000,91265.14542000,0,SOLUSDT
2026-05-24 05:40:00+00:00,85.64,85.74,85.58,85.67,4894.09,1779601499999,419224.87131000,1291,2905.71500000,248917.07036000,0,SOLUSDT
2026-05-24 05:45:00+00:00,85.67,85.98,85.67,85.96,7942.572,1779601799999,682264.48330000,1365,3678.12200000,315865.70587000,0,SOLUSDT
2026-05-24 05:50:00+00:00,85.96,86.09,85.96,86.09,25498.258,1779602099999,2193329.70666000,2770,9760.01800000,839524.33792000,0,SOLUSDT
2026-05-24 05:55:00+00:00,86.08,86.18,86.07,86.16,3566.66,1779602399999,307178.50518000,1068,2621.76100000,225807.88290000,0,SOLUSDT
2026-05-24 06:00:00+00:00,86.16,86.21,86.09,86.1,4277.674,1779602699999,368584.44480000,1025,2737.62600000,235896.45298000,0,SOLUSDT
2026-05-24 06:05:00+00:00,86.11,86.13,86.07,86.11,2018.685,1779602999999,173816.10540000,777,1373.10200000,118232.89514000,0,SOLUSDT
2026-05-24 06:10:00+00:00,86.11,86.14,86.08,86.1,1153.233,1779603299999,99302.21316000,529,835.74200000,71964.62607000,0,SOLUSDT
2026-05-24 06:15:00+00:00,86.1,86.12,86.03,86.04,3866.379,1779603599999,332808.33106000,739,2341.80800000,201593.36736000,0,SOLUSDT
2026-05-24 06:20:00+00:00,86.03,86.08,85.97,85.98,1458.992,1779603899999,125512.76669000,640,699.96700000,60225.78044000,0,SOLUSDT
2026-05-24 06:25:00+00:00,85.98,86.01,85.95,85.96,1892.927,1779604199999,162765.43680000,581,1221.90400000,105073.07876000,0,SOLUSDT
2026-05-24 06:30:00+00:00,85.96,86.0,85.93,85.94,2156.744,1779604499999,185395.64181000,718,1260.01100000,108309.54972000,0,SOLUSDT
2026-05-24 06:35:00+00:00,85.95,86.0,85.95,85.97,2082.649,1779604799999,179050.79357000,468,1458.58100000,125399.64186000,0,SOLUSDT
2026-05-24 06:40:00+00:00,85.97,86.13,85.96,86.12,3050.713,1779605099999,262554.70842000,887,2490.89900000,214363.40402000,0,SOLUSDT
2026-05-24 06:45:00+00:00,86.12,86.17,86.06,86.16,2143.905,1779605399999,184592.52003000,675,1599.63000000,137731.86981000,0,SOLUSDT
2026-05-24 06:50:00+00:00,86.16,86.45,86.16,86.34,8768.229,1779605699999,757092.15486000,2890,6094.60300000,526160.81597000,0,SOLUSDT
2026-05-24 06:55:00+00:00,86.35,86.49,86.35,86.45,5542.664,1779605999999,479049.06213000,1485,3810.63700000,329345.88707000,0,SOLUSDT
2026-05-24 07:00:00+00:00,86.46,86.7,86.35,86.63,14748.695,1779606299999,1276664.81332000,3825,8354.69500000,723135.31868000,0,SOLUSDT
2026-05-24 07:05:00+00:00,86.62,86.63,86.39,86.44,3886.932,1779606599999,336239.65979000,1486,1326.88800000,114726.63348000,0,SOLUSDT
2026-05-24 07:10:00+00:00,86.43,86.44,86.32,86.33,2097.856,1779606899999,181179.55007000,911,793.89400000,68555.04983000,0,SOLUSDT
2026-05-24 07:15:00+00:00,86.33,86.35,86.21,86.26,4883.864,1779607199999,421326.31367000,1372,1898.53400000,163813.53950000,0,SOLUSDT
2026-05-24 07:20:00+00:00,86.26,86.26,86.19,86.21,1461.886,1779607499999,126036.53172000,904,537.27800000,46320.59961000,0,SOLUSDT
2026-05-24 07:25:00+00:00,86.2,86.23,86.2,86.23,2344.896,1779607799999,202156.62995000,768,1599.11500000,137869.09507000,0,SOLUSDT
2026-05-24 07:30:00+00:00,86.22,86.27,86.17,86.27,4348.076,1779608099999,374878.13694000,1575,2766.41000000,238517.74288000,0,SOLUSDT
2026-05-24 07:35:00+00:00,86.28,86.3,86.21,86.25,5515.64,1779608399999,475717.44293000,1416,4048.69200000,349181.34237000,0,SOLUSDT
2026-05-24 07:40:00+00:00,86.25,86.25,86.23,86.23,1848.295,1779608699999,159396.88483000,936,1221.74000000,105364.46129000,0,SOLUSDT
2026-05-24 07:45:00+00:00,86.23,86.26,86.1,86.12,4806.717,1779608999999,414162.49840000,1124,1833.82000000,158051.94485000,0,SOLUSDT
2026-05-24 07:50:00+00:00,86.11,86.17,86.04,86.06,14423.243,1779609299999,1242072.32354000,2164,6577.69900000,566473.73377000,0,SOLUSDT
2026-05-24 07:55:00+00:00,86.07,86.07,86.0,86.07,3607.762,1779609599999,310385.11425000,644,1570.60100000,135131.65479000,0,SOLUSDT
2026-05-24 08:00:00+00:00,86.07,86.14,86.05,86.05,4914.469,1779609899999,423099.14909000,749,1778.77300000,153183.36235000,0,SOLUSDT
2026-05-24 08:05:00+00:00,86.04,86.08,86.02,86.03,5935.048,1779610199999,510684.27545000,767,1979.85400000,170357.01908000,0,SOLUSDT
2026-05-24 08:10:00+00:00,86.04,86.05,86.01,86.05,1183.206,1779610499999,101793.13774000,475,446.68500000,38432.97694000,0,SOLUSDT
2026-05-24 08:15:00+00:00,86.05,86.16,86.04,86.16,7551.681,1779610799999,650176.22406000,1065,5640.54800000,485638.58644000,0,SOLUSDT
2026-05-24 08:20:00+00:00,86.16,86.31,86.16,86.29,2944.792,1779611099999,253976.26232000,840,1961.36400000,169159.20704000,0,SOLUSDT
2026-05-24 08:25:00+00:00,86.28,86.34,86.27,86.28,3204.745,1779611399999,276617.06833000,760,1403.61900000,121156.29865000,0,SOLUSDT
2026-05-24 08:30:00+00:00,86.28,86.38,86.27,86.31,3565.137,1779611699999,307785.01728000,778,970.22300000,83761.09661000,0,SOLUSDT
2026-05-24 08:35:00+00:00,86.32,86.54,86.27,86.46,13749.471,1779611999999,1188200.73468000,1913,10167.26300000,878640.12468000,0,SOLUSDT
2026-05-24 08:40:00+00:00,86.46,86.46,86.37,86.37,2026.989,1779612299999,175169.31388000,502,700.77000000,60561.89271000,0,SOLUSDT
2026-05-24 08:45:00+00:00,86.38,86.52,86.36,86.41,4146.564,1779612599999,358439.27369000,1012,2701.47300000,233521.79836000,0,SOLUSDT
2026-05-24 08:50:00+00:00,86.4,86.43,86.38,86.4,2156.185,1779612899999,186312.38385000,642,854.33400000,73828.37578000,0,SOLUSDT
2026-05-24 08:55:00+00:00,86.41,86.52,86.41,86.51,3133.192,1779613199999,270943.03757000,848,2589.61200000,223927.46772000,0,SOLUSDT
2026-05-24 09:00:00+00:00,86.51,86.54,86.37,86.48,8162.161,1779613499999,705619.88268000,1562,3785.55000000,327257.96720000,0,SOLUSDT
2026-05-24 09:05:00+00:00,86.48,86.55,86.42,86.53,4865.633,1779613799999,420756.16556000,1497,2929.41200000,253331.88293000,0,SOLUSDT
2026-05-24 09:10:00+00:00,86.53,86.57,86.51,86.53,4379.955,1779614099999,379085.88083000,1207,2692.97000000,233085.44094000,0,SOLUSDT
2026-05-24 09:15:00+00:00,86.52,86.65,86.51,86.54,17209.166,1779614399999,1489869.53661000,2265,8897.72100000,770322.58415000,0,SOLUSDT
2026-05-24 09:20:00+00:00,86.54,87.0,86.52,86.93,41743.617,1779614699999,3623776.95237000,5469,31591.52200000,2743092.56711000,0,SOLUSDT
2026-05-24 09:25:00+00:00,86.93,86.96,86.6,86.66,14063.9,1779614999999,1220340.80644000,2704,3658.69700000,317376.18936000,0,SOLUSDT
2026-05-24 09:30:00+00:00,86.65,86.67,86.56,86.63,6135.407,1779615299999,531419.83089000,1100,3884.83400000,336478.96672000,0,SOLUSDT
2026-05-24 09:35:00+00:00,86.62,86.77,86.62,86.64,5465.215,1779615599999,473947.26562000,1367,2320.93000000,201258.24020000,0,SOLUSDT
2026-05-24 09:40:00+00:00,86.64,86.72,86.63,86.67,3499.011,1779615899999,303271.34406000,1055,2231.99700000,193453.55786000,0,SOLUSDT
2026-05-24 09:45:00+00:00,86.67,86.67,86.53,86.57,3889.714,1779616199999,336748.83695000,1038,810.20200000,70137.71866000,0,SOLUSDT
2026-05-24 09:50:00+00:00,86.56,86.64,86.56,86.6,1700.808,1779616499999,147292.55659000,687,1233.11000000,106791.25384000,0,SOLUSDT
2026-05-24 09:55:00+00:00,86.61,86.61,86.55,86.55,1970.325,1779616799999,170584.67950000,645,773.94600000,67009.53177000,0,SOLUSDT
2026-05-24 10:00:00+00:00,86.55,86.56,86.36,86.41,7394.57,1779617099999,639060.36321000,1591,2538.00100000,219324.20172000,0,SOLUSDT
2026-05-24 10:05:00+00:00,86.4,86.47,86.36,86.38,10941.636,1779617399999,945476.57297000,1472,5452.62800000,471161.27059000,0,SOLUSDT
2026-05-24 10:10:00+00:00,86.37,86.37,86.24,86.31,4818.204,1779617699999,415798.57275000,1408,2075.13600000,179054.52213000,0,SOLUSDT
2026-05-24 10:15:00+00:00,86.31,86.36,86.26,86.32,2406.662,1779617999999,207720.56044000,1045,1092.94800000,94339.36756000,0,SOLUSDT
2026-05-24 10:20:00+00:00,86.32,86.33,86.25,86.28,2016.427,1779618299999,173997.87330000,970,546.96200000,47199.98403000,0,SOLUSDT
2026-05-24 10:25:00+00:00,86.27,86.73,86.26,86.43,26162.815,1779618599999,2262595.58267000,5744,16894.71000000,1461075.81543000,0,SOLUSDT
2026-05-24 10:30:00+00:00,86.43,86.46,86.28,86.42,10716.23,1779618899999,925793.95007000,2384,6760.09100000,584133.81919000,0,SOLUSDT
2026-05-24 10:35:00+00:00,86.41,86.52,86.26,86.38,26513.745,1779619199999,2290044.35630000,3021,13579.18000000,1173006.77366000,0,SOLUSDT
2026-05-24 10:40:00+00:00,86.38,86.39,86.34,86.38,2898.697,1779619499999,250340.21625000,881,1350.59500000,116644.45941000,0,SOLUSDT
2026-05-24 10:45:00+00:00,86.37,86.38,86.3,86.35,2882.384,1779619799999,248883.16656000,806,847.31500000,73155.77722000,0,SOLUSDT
2026-05-24 10:50:00+00:00,86.35,86.44,86.32,86.39,2752.031,1779620099999,237743.08346000,1051,1505.60300000,130049.18213000,0,SOLUSDT
2026-05-24 10:55:00+00:00,86.39,86.52,86.39,86.5,2727.56,1779620399999,235880.72053000,884,1839.91100000,159100.60133000,0,SOLUSDT
2026-05-24 11:00:00+00:00,86.5,86.71,86.49,86.61,4945.836,1779620699999,428439.10641000,1645,2324.79300000,201371.65258000,0,SOLUSDT
2026-05-24 11:05:00+00:00,86.62,86.7,86.58,86.63,6284.492,1779620999999,544509.07753000,1370,3416.77500000,296022.29269000,0,SOLUSDT
2026-05-24 11:10:00+00:00,86.63,86.68,86.58,86.64,2052.893,1779621299999,177838.48253000,884,1151.16400000,99729.41288000,0,SOLUSDT
2026-05-24 11:15:00+00:00,86.65,86.75,86.63,86.7,5514.213,1779621599999,478094.23386000,1369,2262.32800000,196144.29238000,0,SOLUSDT
2026-05-24 11:20:00+00:00,86.71,86.8,86.71,86.8,9996.338,1779621899999,867457.90940000,1583,7110.37900000,617048.70742000,0,SOLUSDT
2026-05-24 11:25:00+00:00,86.8,86.92,86.58,86.63,50509.757,1779622199999,4382841.87387000,3895,26454.44400000,2296317.66033000,0,SOLUSDT
2026-05-24 11:30:00+00:00,86.62,86.7,86.62,86.7,2699.501,1779622499999,233970.70136000,707,978.43400000,84802.54855000,0,SOLUSDT
2026-05-24 11:35:00+00:00,86.7,86.71,86.56,86.58,2869.254,1779622799999,248600.05952000,837,874.53100000,75792.14919000,0,SOLUSDT
2026-05-24 11:40:00+00:00,86.58,86.62,86.52,86.52,3290.53,1779623099999,284820.73215000,870,1473.34700000,127539.51837000,0,SOLUSDT
2026-05-24 11:45:00+00:00,86.53,86.6,86.49,86.49,9596.666,1779623399999,830616.17249000,1167,8059.08500000,697573.55911000,0,SOLUSDT
2026-05-24 11:50:00+00:00,86.49,86.51,86.41,86.48,16737.434,1779623699999,1447237.66422000,2012,7456.52400000,644828.84393000,0,SOLUSDT
2026-05-24 11:55:00+00:00,86.48,86.74,86.46,86.66,12651.59,1779623999999,1095765.80272000,2151,7778.01300000,673595.07612000,0,SOLUSDT
2026-05-24 12:00:00+00:00,86.67,86.69,86.5,86.54,3637.127,1779624299999,314920.71894000,979,903.85400000,78257.51967000,0,SOLUSDT
2026-05-24 12:05:00+00:00,86.53,86.56,86.49,86.51,2706.487,1779624599999,234177.25622000,730,1537.02500000,132998.45805000,0,SOLUSDT
2026-05-24 12:10:00+00:00,86.5,86.53,86.41,86.53,3313.084,1779624899999,286443.49513000,808,1057.09900000,91413.62639000,0,SOLUSDT
2026-05-24 12:15:00+00:00,86.52,86.53,86.33,86.35,3582.575,1779625199999,309509.89976000,1214,790.79500000,68316.17019000,0,SOLUSDT
2026-05-24 12:20:00+00:00,86.35,86.35,86.26,86.26,4369.192,1779625499999,377083.23161000,1012,972.23600000,83906.84241000,0,SOLUSDT
2026-05-24 12:25:00+00:00,86.26,86.29,86.2,86.24,3524.784,1779625799999,303981.61087000,964,1184.36500000,102156.84049000,0,SOLUSDT
2026-05-24 12:30:00+00:00,86.25,86.36,86.18,86.2,25244.977,1779626099999,2177631.88126000,2200,17397.01100000,1500838.07438000,0,SOLUSDT
2026-05-24 12:35:00+00:00,86.21,86.31,86.21,86.31,1619.651,1779626399999,139697.17166000,865,942.13600000,81262.70026000,0,SOLUSDT
2026-05-24 12:40:00+00:00,86.31,86.38,86.3,86.35,4531.718,1779626699999,391262.57067000,661,1825.99000000,157655.54787000,0,SOLUSDT
2026-05-24 12:45:00+00:00,86.35,86.35,86.28,86.34,2399.367,1779626999999,207109.28501000,443,638.62000000,55124.57465000,0,SOLUSDT
2026-05-24 12:50:00+00:00,86.34,86.34,86.28,86.29,1255.617,1779627299999,108383.00162000,527,256.06000000,22101.66037000,0,SOLUSDT
2026-05-24 12:55:00+00:00,86.3,86.38,86.28,86.35,1251.819,1779627599999,108061.52697000,378,909.04300000,78480.71097000,0,SOLUSDT
2026-05-24 13:00:00+00:00,86.36,86.42,86.3,86.37,6370.489,1779627899999,550145.63852000,1039,3819.83200000,329878.79592000,0,SOLUSDT
2026-05-24 13:05:00+00:00,86.38,86.41,86.33,86.37,6963.639,1779628199999,601521.15797000,965,3149.31900000,272009.54504000,0,SOLUSDT
2026-05-24 13:10:00+00:00,86.37,86.39,86.3,86.39,2117.827,1779628499999,182864.79498000,727,809.72500000,69926.13022000,0,SOLUSDT
2026-05-24 13:15:00+00:00,86.39,86.46,86.39,86.42,2474.157,1779628799999,213828.10190000,581,1822.34900000,157497.87791000,0,SOLUSDT
2026-05-24 13:20:00+00:00,86.42,86.46,86.35,86.35,2902.685,1779629099999,250834.84520000,649,356.34500000,30799.19526000,0,SOLUSDT
2026-05-24 13:25:00+00:00,86.36,86.39,86.15,86.17,28248.335,1779629399999,2436217.57598000,1954,21731.69800000,1873912.33265000,0,SOLUSDT
2026-05-24 13:30:00+00:00,86.17,86.3,86.17,86.21,6771.056,1779629699999,583940.37182000,1310,5266.92400000,454245.58912000,0,SOLUSDT
2026-05-24 13:35:00+00:00,86.21,86.27,86.08,86.16,8753.874,1779629999999,754190.43462000,2094,3940.12700000,339471.32185000,0,SOLUSDT
2026-05-24 13:40:00+00:00,86.16,86.26,86.15,86.24,2469.452,1779630299999,212913.00518000,963,1244.99000000,107341.37744000,0,SOLUSDT
2026-05-24 13:45:00+00:00,86.25,86.34,86.19,86.19,6143.584,1779630599999,530088.72569000,1564,3174.12400000,273886.50780000,0,SOLUSDT
2026-05-24 13:50:00+00:00,86.2,86.2,85.91,85.91,7660.139,1779630899999,659228.55425000,2606,1548.63600000,133374.70813000,0,SOLUSDT
2026-05-24 13:55:00+00:00,85.91,85.99,85.73,85.9,12526.52,1779631199999,1075356.31294000,3575,4705.40700000,403896.48623000,0,SOLUSDT
2026-05-24 14:00:00+00:00,85.9,86.01,85.73,85.81,7321.419,1779631499999,628651.91012000,2376,2803.21700000,240789.99205000,0,SOLUSDT
2026-05-24 14:05:00+00:00,85.82,85.9,85.81,85.84,5446.192,1779631799999,467558.20432000,1145,2091.29400000,179543.97391000,0,SOLUSDT
2026-05-24 14:10:00+00:00,85.85,85.92,85.13,85.35,42370.531,1779632099999,3618695.10029000,10120,17143.62300000,1463820.08235000,0,SOLUSDT
2026-05-24 14:15:00+00:00,85.35,85.36,84.48,84.9,58307.65,1779632399999,4949158.01859000,13977,14519.39400000,1232006.95306000,0,SOLUSDT
2026-05-24 14:20:00+00:00,84.89,85.31,84.89,85.23,39018.958,1779632699999,3321459.24253000,5357,28081.34700000,2390168.13879000,0,SOLUSDT
2026-05-24 14:25:00+00:00,85.23,85.23,85.04,85.08,11492.468,1779632999999,978088.07595000,2438,4051.89200000,344815.27521000,0,SOLUSDT
2026-05-24 14:30:00+00:00,85.07,85.25,85.05,85.22,11393.728,1779633299999,970445.78633000,2394,7417.12100000,631784.19562000,0,SOLUSDT
2026-05-24 14:35:00+00:00,85.22,85.32,85.13,85.3,8782.038,1779633599999,748520.68577000,2242,5118.70700000,436365.68935000,0,SOLUSDT
2026-05-24 14:40:00+00:00,85.31,85.31,85.24,85.26,4275.293,1779633899999,364585.81822000,1293,1390.87800000,118618.01528000,0,SOLUSDT
2026-05-24 14:45:00+00:00,85.26,85.35,85.23,85.25,3942.577,1779634199999,336266.93461000,1510,2147.40100000,183151.07760000,0,SOLUSDT
2026-05-24 14:50:00+00:00,85.24,85.33,85.18,85.27,4288.925,1779634499999,365791.41585000,1365,2082.62700000,177621.20718000,0,SOLUSDT
2026-05-24 14:55:00+00:00,85.27,85.28,85.19,85.25,4062.435,1779634799999,346325.01370000,1212,1319.32400000,112476.13219000,0,SOLUSDT
2026-05-24 15:00:00+00:00,85.25,85.35,85.21,85.35,3812.485,1779635099999,325172.61815000,1643,2382.10000000,203177.22469000,0,SOLUSDT
2026-05-24 15:05:00+00:00,85.35,85.35,85.21,85.3,3652.12,1779635399999,311453.70875000,997,1413.69800000,120559.18863000,0,SOLUSDT
2026-05-24 15:10:00+00:00,85.3,85.35,85.29,85.32,3951.134,1779635699999,337123.90619000,953,2830.96000000,241544.63515000,0,SOLUSDT
2026-05-24 15:15:00+00:00,85.32,85.38,85.14,85.25,9921.551,1779635999999,845673.12527000,1909,4721.47900000,402477.89372000,0,SOLUSDT
2026-05-24 15:20:00+00:00,85.25,85.33,85.16,85.31,2910.74,1779636299999,248115.46811000,1181,1686.33900000,143763.92809000,0,SOLUSDT
2026-05-24 15:25:00+00:00,85.31,85.38,85.29,85.32,3971.387,1779636599999,338931.00770000,996,2458.48300000,209825.67512000,0,SOLUSDT
2026-05-24 15:30:00+00:00,85.31,85.46,85.29,85.32,3985.833,1779636899999,340358.79370000,1240,2674.35200000,228381.70596000,0,SOLUSDT
2026-05-24 15:35:00+00:00,85.32,85.37,85.31,85.34,2369.95,1779637199999,202247.36940000,1169,1309.22900000,111727.43469000,0,SOLUSDT
2026-05-24 15:40:00+00:00,85.34,85.35,85.26,85.3,3409.187,1779637499999,290831.53838000,1361,1918.94300000,163709.93130000,0,SOLUSDT
2026-05-24 15:45:00+00:00,85.3,85.38,85.25,85.37,4559.088,1779637799999,388945.60837000,1487,3415.07800000,291367.03317000,0,SOLUSDT
2026-05-24 15:50:00+00:00,85.38,85.4,85.3,85.38,3641.572,1779638099999,310802.45747000,1548,1997.60300000,170492.29334000,0,SOLUSDT
2026-05-24 15:55:00+00:00,85.37,85.39,85.29,85.31,2054.972,1779638399999,175355.96776000,1117,818.38000000,69834.66125000,0,SOLUSDT
2026-05-24 16:00:00+00:00,85.3,85.46,85.11,85.43,38914.545,1779638699999,3316719.90823000,4170,8166.07900000,696441.98349000,0,SOLUSDT
2026-05-24 16:05:00+00:00,85.43,85.56,85.36,85.47,10599.023,1779638999999,905716.33503000,3520,6434.11700000,549836.31783000,0,SOLUSDT
2026-05-24 16:10:00+00:00,85.47,85.57,85.47,85.57,5368.695,1779639299999,459200.51349000,1564,3810.93500000,325964.39499000,0,SOLUSDT
2026-05-24 16:15:00+00:00,85.56,85.88,85.54,85.71,23534.515,1779639599999,2017899.91967000,4493,12587.63500000,1079215.02717000,0,SOLUSDT
2026-05-24 16:20:00+00:00,85.7,85.74,85.57,85.58,6827.998,1779639899999,585116.34079000,1624,3814.82900000,326929.84827000,0,SOLUSDT
2026-05-24 16:25:00+00:00,85.57,85.57,85.46,85.53,6074.458,1779640199999,519455.33251000,1409,2847.19000000,243476.22657000,0,SOLUSDT
2026-05-24 16:30:00+00:00,85.53,85.56,85.45,85.45,4196.08,1779640499999,358840.47950000,1062,1896.45000000,162205.76136000,0,SOLUSDT
2026-05-24 16:35:00+00:00,85.46,85.46,85.27,85.36,7042.951,1779640799999,601093.47264000,2111,2218.86700000,189371.07920000,0,SOLUSDT
2026-05-24 16:40:00+00:00,85.35,85.4,85.29,85.33,3921.521,1779641099999,334683.90550000,939,1499.00100000,127924.93091000,0,SOLUSDT
2026-05-24 16:45:00+00:00,85.33,85.47,85.32,85.46,1653.054,1779641399999,141180.40985000,705,1194.10100000,101978.54330000,0,SOLUSDT
2026-05-24 16:50:00+00:00,85.47,85.56,85.41,85.55,2197.549,1779641699999,187834.57215000,912,1447.77000000,123755.42666000,0,SOLUSDT
2026-05-24 16:55:00+00:00,85.54,85.71,85.52,85.64,5994.086,1779641999999,513257.27647000,1289,4673.60700000,400208.67025000,0,SOLUSDT
2026-05-24 17:00:00+00:00,85.65,85.76,85.59,85.68,4140.161,1779642299999,354733.53765000,1790,2673.52800000,229058.42475000,0,SOLUSDT
2026-05-24 17:05:00+00:00,85.68,85.75,85.68,85.72,4156.179,1779642599999,356227.83823000,902,1275.19500000,109305.71158000,0,SOLUSDT
2026-05-24 17:10:00+00:00,85.72,85.72,85.59,85.6,2856.288,1779642899999,244712.81010000,1004,1359.10800000,116457.26633000,0,SOLUSDT
2026-05-24 17:15:00+00:00,85.61,85.67,85.52,85.52,1661.446,1779643199999,142239.87026000,876,811.65100000,69498.88918000,0,SOLUSDT
2026-05-24 17:20:00+00:00,85.52,85.58,85.49,85.58,3845.026,1779643499999,328885.11489000,931,1910.99100000,163474.71195000,0,SOLUSDT
2026-05-24 17:25:00+00:00,85.58,85.59,85.51,85.54,1888.186,1779643799999,161539.64549000,559,223.26300000,19102.84202000,0,SOLUSDT
2026-05-24 17:30:00+00:00,85.54,85.66,85.5,85.65,3698.552,1779644099999,316627.87211000,902,3145.20700000,269266.84609000,0,SOLUSDT
2026-05-24 17:35:00+00:00,85.64,85.79,85.63,85.79,2950.721,1779644399999,252872.03862000,851,2086.36200000,178803.14156000,0,SOLUSDT
2026-05-24 17:40:00+00:00,85.78,85.78,85.7,85.72,4178.875,1779644699999,358337.59020000,791,2680.85400000,229885.40362000,0,SOLUSDT
2026-05-24 17:45:00+00:00,85.73,85.74,85.65,85.72,2243.229,1779644999999,192244.46759000,907,1425.62700000,122185.03184000,0,SOLUSDT
2026-05-24 17:50:00+00:00,85.73,85.79,85.65,85.7,8471.004,1779645299999,726040.33448000,1234,5349.49600000,458474.81086000,0,SOLUSDT
2026-05-24 17:55:00+00:00,85.7,85.7,85.64,85.65,1376.246,1779645599999,117894.03258000,422,668.54100000,57264.08820000,0,SOLUSDT
2026-05-24 18:00:00+00:00,85.64,85.68,85.55,85.56,3362.638,1779645899999,287926.98302000,876,2250.26400000,192692.68797000,0,SOLUSDT
2026-05-24 18:05:00+00:00,85.55,85.64,85.54,85.6,3522.332,1779646199999,301448.08012000,828,2666.81400000,228217.08108000,0,SOLUSDT
2026-05-24 18:10:00+00:00,85.6,85.64,85.51,85.58,6333.995,1779646499999,541937.17805000,959,1621.87000000,138775.91923000,0,SOLUSDT
2026-05-24 18:15:00+00:00,85.58,85.66,85.54,85.58,1770.508,1779646799999,151559.19516000,817,636.80400000,54516.74406000,0,SOLUSDT
2026-05-24 18:20:00+00:00,85.58,85.59,85.33,85.35,8736.337,1779647099999,746523.92185000,1676,1874.48000000,160183.14914000,0,SOLUSDT
2026-05-24 18:25:00+00:00,85.36,85.42,85.29,85.37,8093.076,1779647399999,690649.87855000,1584,3352.51000000,286099.13100000,0,SOLUSDT
2026-05-24 18:30:00+00:00,85.37,85.37,85.27,85.32,2430.953,1779647699999,207410.50354000,1262,858.04000000,73201.09182000,0,SOLUSDT
2026-05-24 18:35:00+00:00,85.32,85.49,85.32,85.48,3095.446,1779647999999,264341.17229000,785,1856.99900000,158588.04231000,0,SOLUSDT
2026-05-24 18:40:00+00:00,85.48,85.48,85.33,85.35,2568.226,1779648299999,219301.69246000,776,638.41000000,54504.21634000,0,SOLUSDT
2026-05-24 18:45:00+00:00,85.36,85.43,85.29,85.32,2280.666,1779648599999,194681.23302000,884,924.82000000,78946.43428000,0,SOLUSDT
2026-05-24 18:50:00+00:00,85.33,85.4,85.29,85.4,2730.54,1779648899999,233012.82300000,889,1255.76100000,107177.71620000,0,SOLUSDT
2026-05-24 18:55:00+00:00,85.39,85.43,85.37,85.4,1507.646,1779649199999,128751.40910000,594,797.84300000,68137.19780000,0,SOLUSDT
2026-05-24 19:00:00+00:00,85.41,85.51,85.36,85.4,3167.711,1779649499999,270621.98579000,1244,1207.52200000,103189.05026000,0,SOLUSDT
2026-05-24 19:05:00+00:00,85.4,85.45,85.37,85.38,1338.328,1779649799999,114304.00014000,679,615.73200000,52590.56462000,0,SOLUSDT
2026-05-24 19:10:00+00:00,85.39,85.44,85.29,85.3,2672.005,1779650099999,228169.96907000,774,1072.00400000,91557.86693000,0,SOLUSDT
2026-05-24 19:15:00+00:00,85.29,85.4,85.24,85.38,16563.885,1779650399999,1413176.48766000,1687,8252.48100000,703995.64337000,0,SOLUSDT
2026-05-24 19:20:00+00:00,85.38,85.4,85.32,85.35,2094.085,1779650699999,178770.96853000,803,1133.58300000,96775.08609000,0,SOLUSDT
2026-05-24 19:25:00+00:00,85.35,85.36,85.26,85.29,2450.594,1779650999999,209042.12534000,938,966.91700000,82478.82609000,0,SOLUSDT
2026-05-24 19:30:00+00:00,85.29,85.34,85.23,85.29,4206.453,1779651299999,358766.02390000,1301,2793.74300000,238276.23637000,0,SOLUSDT
2026-05-24 19:35:00+00:00,85.3,85.33,85.27,85.3,3184.484,1779651599999,271655.26549000,798,2139.70200000,182534.72903000,0,SOLUSDT
2026-05-24 19:40:00+00:00,85.31,85.4,85.31,85.34,3148.012,1779651899999,268662.97567000,820,1596.68400000,136280.74440000,0,SOLUSDT
2026-05-24 19:45:00+00:00,85.33,85.41,85.31,85.4,1401.875,1779652199999,119663.20827000,921,928.33700000,79252.22817000,0,SOLUSDT
2026-05-24 19:50:00+00:00,85.39,85.41,85.36,85.39,1096.376,1779652499999,93607.36188000,786,793.55100000,67753.62897000,0,SOLUSDT
2026-05-24 19:55:00+00:00,85.4,85.42,85.34,85.37,1761.508,1779652799999,150413.09677000,784,1067.08800000,91123.39896000,0,SOLUSDT
2026-05-24 20:00:00+00:00,85.38,85.43,85.16,85.18,9486.359,1779653099999,808837.99230000,2419,2712.27800000,231286.69491000,0,SOLUSDT
2026-05-24 20:05:00+00:00,85.19,85.23,85.1,85.17,5968.711,1779653399999,508297.63234000,1417,3372.84200000,287228.00700000,0,SOLUSDT
2026-05-24 20:10:00+00:00,85.16,85.18,85.03,85.04,5461.399,1779653699999,464795.90362000,1190,782.48100000,66608.05140000,0,SOLUSDT
2026-05-24 20:15:00+00:00,85.05,85.12,84.98,85.04,7399.744,1779653999999,629120.00062000,1550,4266.98000000,362770.63933000,0,SOLUSDT
2026-05-24 20:20:00+00:00,85.04,85.08,84.91,85.02,3937.184,1779654299999,334620.06369000,1340,1714.91000000,145753.57907000,0,SOLUSDT
2026-05-24 20:25:00+00:00,85.02,85.05,84.92,85.05,3318.064,1779654599999,281958.75673000,907,1063.22000000,90349.12427000,0,SOLUSDT
2026-05-24 20:30:00+00:00,85.05,85.13,85.01,85.03,4119.574,1779654899999,350424.56494000,1269,2162.36100000,183935.51206000,0,SOLUSDT
2026-05-24 20:35:00+00:00,85.03,85.07,84.94,84.95,3333.258,1779655199999,283388.87109000,1227,1755.76700000,149293.04259000,0,SOLUSDT
2026-05-24 20:40:00+00:00,84.95,85.01,84.95,84.98,1396.797,1779655499999,118714.93758000,737,827.56300000,70337.09693000,0,SOLUSDT
2026-05-24 20:45:00+00:00,84.98,85.08,84.58,84.68,159150.127,1779655799999,13484507.92797000,9104,108839.59800000,9218094.83869000,0,SOLUSDT
2026-05-24 20:50:00+00:00,84.68,84.7,84.49,84.69,29898.366,1779656099999,2529751.44358000,2918,19039.41600000,1611058.69744000,0,SOLUSDT
2026-05-24 20:55:00+00:00,84.7,84.76,84.7,84.76,6455.994,1779656399999,546965.32315000,1170,4048.37900000,342987.31346000,0,SOLUSDT
2026-05-24 21:00:00+00:00,84.76,84.92,84.72,84.88,15884.907,1779656699999,1348071.96161000,2338,10309.86200000,875125.92659000,0,SOLUSDT
2026-05-24 21:05:00+00:00,84.87,84.91,84.84,84.88,10140.323,1779656999999,860655.09509000,1626,3388.17800000,287543.67840000,0,SOLUSDT
2026-05-24 21:10:00+00:00,84.88,84.95,84.87,84.95,3692.315,1779657299999,313487.00050000,640,1409.33100000,119662.11619000,0,SOLUSDT
2026-05-24 21:15:00+00:00,84.94,84.96,84.9,84.96,3163.623,1779657599999,268685.17737000,874,1183.92300000,100547.20407000,0,SOLUSDT
2026-05-24 21:20:00+00:00,84.96,84.96,84.88,84.88,3055.935,1779657899999,259511.75507000,794,1001.07700000,85012.06620000,0,SOLUSDT
2026-05-24 21:25:00+00:00,84.88,84.88,84.5,84.56,10269.808,1779658199999,869759.39687000,2092,2355.35900000,199473.26417000,0,SOLUSDT
2026-05-24 21:30:00+00:00,84.56,84.66,84.35,84.43,20454.46,1779658499999,1727773.09159000,3643,6562.96900000,554322.94790000,0,SOLUSDT
2026-05-24 21:35:00+00:00,84.44,84.44,83.88,84.03,56407.447,1779658799999,4746422.30538000,10607,18185.67200000,1530152.71937000,0,SOLUSDT
2026-05-24 21:40:00+00:00,84.03,84.21,83.8,83.85,27437.96,1779659099999,2305512.24299000,5843,10782.02200000,906101.41148000,0,SOLUSDT
2026-05-24 21:45:00+00:00,83.85,84.11,83.7,84.01,14961.528,1779659399999,1255170.75365000,6413,6543.87900000,549088.55098000,0,SOLUSDT
2026-05-24 21:50:00+00:00,84.02,84.16,83.98,84.09,4112.354,1779659699999,345723.68696000,2273,1748.94600000,147051.08113000,0,SOLUSDT
2026-05-24 21:55:00+00:00,84.09,84.14,83.88,83.97,6766.841,1779659999999,568494.26059000,2283,2109.97200000,177307.83310000,0,SOLUSDT
2026-05-24 22:00:00+00:00,83.96,84.68,83.94,84.65,40880.319,1779660299999,3454311.83686000,9540,28855.40200000,2438005.40634000,0,SOLUSDT
2026-05-24 22:05:00+00:00,84.64,85.07,84.61,85.03,20913.51,1779660599999,1773360.32268000,5765,10664.59100000,904264.66356000,0,SOLUSDT
2026-05-24 22:10:00+00:00,85.03,85.3,84.9,85.22,19529.326,1779660899999,1661983.67985000,5422,11695.72700000,995437.89420000,0,SOLUSDT
2026-05-24 22:15:00+00:00,85.21,85.22,85.05,85.14,13103.54,1779661199999,1115760.39872000,2865,6317.46000000,537955.34276000,0,SOLUSDT
2026-05-24 22:20:00+00:00,85.15,85.33,85.1,85.26,7576.336,1779661499999,645463.80353000,1652,3353.45000000,285662.40053000,0,SOLUSDT
2026-05-24 22:25:00+00:00,85.26,85.33,85.06,85.07,15373.514,1779661799999,1310522.98379000,2030,2415.54900000,205952.30090000,0,SOLUSDT
2026-05-24 22:30:00+00:00,85.07,85.26,85.02,85.03,17784.402,1779662099999,1514320.33260000,3001,7310.88900000,622679.24013000,0,SOLUSDT
2026-05-24 22:35:00+00:00,85.03,85.05,84.84,84.95,8873.257,1779662399999,753789.91452000,2216,2273.03600000,193060.05520000,0,SOLUSDT
2026-05-24 22:40:00+00:00,84.95,84.95,84.78,84.93,13164.798,1779662699999,1117106.44127000,2170,3607.40400000,306116.68140000,0,SOLUSDT
2026-05-24 22:45:00+00:00,84.93,85.26,84.92,85.1,11476.97,1779662999999,976635.17437000,2570,4765.31700000,405474.11889000,0,SOLUSDT
2026-05-24 22:50:00+00:00,85.1,85.2,84.99,85.0,8728.436,1779663299999,742780.59328000,1786,2002.52700000,170396.91550000,0,SOLUSDT
2026-05-24 22:55:00+00:00,85.0,85.04,84.95,84.99,5432.161,1779663599999,461725.62269000,1365,1660.62200000,141148.23117000,0,SOLUSDT
2026-05-24 23:00:00+00:00,85.0,85.19,85.0,85.11,7162.042,1779663899999,609450.25618000,2036,3559.20200000,302852.22160000,0,SOLUSDT
2026-05-24 23:05:00+00:00,85.1,85.15,85.06,85.12,6508.282,1779664199999,553864.87244000,1495,3336.40900000,283931.86981000,0,SOLUSDT
2026-05-24 23:10:00+00:00,85.11,85.18,85.06,85.15,6456.335,1779664499999,549577.15287000,1277,2334.46900000,198706.24713000,0,SOLUSDT
2026-05-24 23:15:00+00:00,85.16,85.24,85.08,85.12,4915.258,1779664799999,418561.00321000,1388,2136.39200000,181924.50654000,0,SOLUSDT
2026-05-24 23:20:00+00:00,85.12,85.19,85.07,85.07,2817.969,1779665099999,239886.09248000,993,839.90400000,71510.74124000,0,SOLUSDT
2026-05-24 23:25:00+00:00,85.08,85.12,85.01,85.08,2531.259,1779665399999,215281.57319000,839,764.25400000,64999.99079000,0,SOLUSDT
2026-05-24 23:30:00+00:00,85.08,85.33,85.08,85.3,5940.435,1779665699999,506385.83003000,1996,3061.92200000,260985.85941000,0,SOLUSDT
2026-05-24 23:35:00+00:00,85.3,85.47,85.24,85.4,9634.478,1779665999999,822235.48984000,2410,6460.59200000,551418.56122000,0,SOLUSDT
2026-05-24 23:40:00+00:00,85.39,85.52,85.28,85.47,12341.393,1779666299999,1054170.13362000,2832,7642.49100000,652849.28916000,0,SOLUSDT
2026-05-24 23:45:00+00:00,85.47,85.47,85.34,85.44,4588.094,1779666599999,391868.19418000,1531,2101.21300000,179463.49808000,0,SOLUSDT
2026-05-24 23:50:00+00:00,85.44,85.49,85.37,85.42,2919.782,1779666899999,249438.26379000,1093,1279.40900000,109310.78971000,0,SOLUSDT
2026-05-24 23:55:00+00:00,85.42,85.43,85.25,85.27,5245.303,1779667199999,447568.95839000,1221,787.10100000,67167.59554000,0,SOLUSDT
2026-05-25 00:00:00+00:00,85.27,85.41,85.26,85.33,10999.946,1779667499999,938544.46360000,2807,3977.44100000,339367.34639000,0,SOLUSDT
2026-05-25 00:05:00+00:00,85.34,85.42,85.26,85.37,5671.357,1779667799999,483986.13287000,1733,3170.11800000,270541.15840000,0,SOLUSDT
2026-05-25 00:10:00+00:00,85.38,85.45,85.34,85.4,2807.388,1779668099999,239745.78013000,976,1334.88700000,113995.49962000,0,SOLUSDT
2026-05-25 00:15:00+00:00,85.41,85.48,85.35,85.41,5325.047,1779668399999,454888.47601000,1392,3016.97000000,257732.91106000,0,SOLUSDT
2026-05-25 00:20:00+00:00,85.42,85.51,85.36,85.49,4690.08,1779668699999,400672.62418000,1387,2221.27400000,189787.61609000,0,SOLUSDT
2026-05-25 00:25:00+00:00,85.5,85.53,85.38,85.5,5361.293,1779668999999,458214.06440000,1458,3134.63700000,267946.34637000,0,SOLUSDT
2026-05-25 00:30:00+00:00,85.5,85.59,85.41,85.45,7312.777,1779669299999,625095.16119000,1577,5332.48500000,455762.12266000,0,SOLUSDT
2026-05-25 00:35:00+00:00,85.46,85.6,85.46,85.55,9319.199,1779669599999,796836.32818000,1689,7428.60500000,635164.35696000,0,SOLUSDT
2026-05-25 00:40:00+00:00,85.55,85.56,85.42,85.45,3865.809,1779669899999,330505.02508000,1533,1616.03400000,138171.94676000,0,SOLUSDT
2026-05-25 00:45:00+00:00,85.45,85.67,85.39,85.58,7692.186,1779670199999,657805.93805000,2104,5302.69500000,453488.76432000,0,SOLUSDT
2026-05-25 00:50:00+00:00,85.57,85.57,85.47,85.51,5873.057,1779670499999,502249.92179000,1453,3024.13500000,258587.67620000,0,SOLUSDT
2026-05-25 00:55:00+00:00,85.5,85.51,85.43,85.5,2672.28,1779670799999,228394.74252000,951,1545.63100000,132098.08802000,0,SOLUSDT
2026-05-25 01:00:00+00:00,85.5,85.55,85.33,85.43,8801.689,1779671099999,751921.96793000,2297,2886.25600000,246625.95465000,0,SOLUSDT
2026-05-25 01:05:00+00:00,85.44,85.48,85.41,85.45,4826.741,1779671399999,412475.42060000,1104,2689.75700000,229869.49355000,0,SOLUSDT
2026-05-25 01:10:00+00:00,85.44,85.5,85.4,85.49,3475.044,1779671699999,296914.83735000,1114,1145.53400000,97883.91359000,0,SOLUSDT
2026-05-25 01:15:00+00:00,85.5,85.59,85.48,85.52,7008.33,1779671999999,599322.30805000,1834,4665.58000000,398966.58983000,0,SOLUSDT
2026-05-25 01:20:00+00:00,85.53,85.59,85.49,85.51,3138.017,1779672299999,268386.90519000,1264,1141.99100000,97672.01020000,0,SOLUSDT
2026-05-25 01:25:00+00:00,85.51,85.54,85.41,85.45,2454.125,1779672599999,209714.21415000,960,1083.58000000,92591.37402000,0,SOLUSDT
2026-05-25 01:30:00+00:00,85.46,85.48,85.36,85.44,3980.968,1779672899999,340018.91623000,1385,1734.81100000,148181.70440000,0,SOLUSDT
2026-05-25 01:35:00+00:00,85.45,85.49,85.37,85.4,2050.106,1779673199999,175164.66580000,916,752.66700000,64315.85180000,0,SOLUSDT
2026-05-25 01:40:00+00:00,85.39,85.4,85.31,85.31,5402.416,1779673499999,461152.77879000,1340,1227.77500000,104798.23392000,0,SOLUSDT
2026-05-25 01:45:00+00:00,85.31,85.36,85.26,85.27,3498.093,1779673799999,298438.96725000,1036,1239.81000000,105788.59641000,0,SOLUSDT
2026-05-25 01:50:00+00:00,85.27,85.3,85.09,85.12,4990.457,1779674099999,425053.45796000,1351,1102.85900000,93948.11926000,0,SOLUSDT
2026-05-25 01:55:00+00:00,85.12,85.15,84.83,84.87,8224.498,1779674399999,698955.79663000,2051,2283.75400000,194029.04205000,0,SOLUSDT
2026-05-25 02:00:00+00:00,84.87,85.16,84.87,85.13,5812.007,1779674699999,494270.84459000,1400,3388.43300000,288115.47987000,0,SOLUSDT
2026-05-25 02:05:00+00:00,85.12,85.85,85.1,85.63,45413.49,1779674999999,3888366.54046000,5937,36785.63200000,3149656.90488000,0,SOLUSDT
2026-05-25 02:10:00+00:00,85.64,85.76,85.6,85.69,10850.724,1779675299999,929909.44576000,2102,7880.26200000,675392.04074000,0,SOLUSDT
2026-05-25 02:15:00+00:00,85.68,85.68,85.36,85.44,14234.082,1779675599999,1216617.42521000,2344,5214.22200000,445639.49309000,0,SOLUSDT
2026-05-25 02:20:00+00:00,85.44,85.47,85.31,85.31,4860.579,1779675899999,415104.54156000,1560,1214.24400000,103734.47552000,0,SOLUSDT
2026-05-25 02:25:00+00:00,85.32,85.32,85.01,85.16,7988.141,1779676199999,679989.42183000,2771,3343.10800000,284508.77390000,0,SOLUSDT
2026-05-25 02:30:00+00:00,85.16,85.27,85.07,85.08,5735.704,1779676499999,488540.95386000,1800,2235.40100000,190410.40211000,0,SOLUSDT
2026-05-25 02:35:00+00:00,85.09,85.23,85.01,85.17,7325.335,1779676799999,623635.00779000,1720,4523.82500000,385142.38853000,0,SOLUSDT
2026-05-25 02:40:00+00:00,85.17,85.18,85.04,85.17,3920.76,1779677099999,333713.50452000,1313,1512.00700000,128703.17138000,0,SOLUSDT
2026-05-25 02:45:00+00:00,85.17,85.22,85.08,85.18,4274.848,1779677399999,364032.05135000,1450,2506.88900000,213470.47035000,0,SOLUSDT
2026-05-25 02:50:00+00:00,85.18,85.24,85.18,85.21,2942.389,1779677699999,250737.20815000,1008,1327.92700000,113157.65289000,0,SOLUSDT
2026-05-25 02:55:00+00:00,85.22,85.25,85.04,85.08,7942.378,1779677999999,676007.47414000,1549,2864.75900000,243818.73568000,0,SOLUSDT
2026-05-25 03:00:00+00:00,85.08,85.18,84.96,84.96,5333.644,1779678299999,453671.62610000,2005,2256.00100000,191916.06816000,0,SOLUSDT
2026-05-25 03:05:00+00:00,84.96,85.03,84.91,84.96,6751.626,1779678599999,573725.80805000,1860,2364.21100000,200922.93408000,0,SOLUSDT
2026-05-25 03:10:00+00:00,84.96,85.04,84.86,84.94,6830.113,1779678899999,580156.58562000,1627,3626.31700000,307995.57312000,0,SOLUSDT
2026-05-25 03:15:00+00:00,84.94,85.03,84.9,84.96,3075.591,1779679199999,261356.57817000,1062,1392.74900000,118352.11333000,0,SOLUSDT
2026-05-25 03:20:00+00:00,84.96,85.06,84.95,84.95,3624.356,1779679499999,308149.41825000,1073,1930.53800000,164155.59071000,0,SOLUSDT
2026-05-25 03:25:00+00:00,84.96,85.02,84.9,84.91,5334.809,1779679799999,453184.47420000,1125,1926.78700000,163683.10849000,0,SOLUSDT
2026-05-25 03:30:00+00:00,84.92,84.96,84.8,84.89,5255.429,1779680099999,445998.17908000,1816,2847.93500000,241691.60872000,0,SOLUSDT
2026-05-25 03:35:00+00:00,84.88,84.96,84.86,84.95,2733.324,1779680399999,232090.54028000,782,1645.61800000,139728.27674000,0,SOLUSDT
2026-05-25 03:40:00+00:00,84.94,84.97,84.91,84.95,1635.874,1779680699999,138952.66341000,560,458.89400000,38982.34052000,0,SOLUSDT
2026-05-25 03:45:00+00:00,84.95,84.98,84.85,84.94,2762.273,1779680999999,234571.78004000,1196,977.64300000,83020.96254000,0,SOLUSDT
2026-05-25 03:50:00+00:00,84.93,84.98,84.86,84.95,6349.145,1779681299999,539071.00167000,865,4258.72800000,361554.87041000,0,SOLUSDT
2026-05-25 03:55:00+00:00,84.94,84.97,84.92,84.95,2113.696,1779681599999,179544.68500000,624,947.53400000,80484.39169000,0,SOLUSDT
2026-05-25 04:00:00+00:00,84.95,85.04,84.94,84.96,2326.354,1779681899999,197715.35063000,885,1037.26100000,88158.80904000,0,SOLUSDT
2026-05-25 04:05:00+00:00,84.96,85.04,84.93,85.04,2792.39,1779682199999,237310.86233000,814,1303.76900000,110800.68869000,0,SOLUSDT
2026-05-25 04:10:00+00:00,85.03,85.09,84.98,85.02,2486.34,1779682499999,211389.29206000,757,1023.17300000,87004.56076000,0,SOLUSDT
2026-05-25 04:15:00+00:00,85.02,85.05,84.94,85.04,2546.678,1779682799999,216461.45695000,1008,1363.51500000,115903.55273000,0,SOLUSDT
2026-05-25 04:20:00+00:00,85.03,85.16,85.03,85.13,5085.428,1779683099999,432903.76140000,919,4327.02900000,368339.18241000,0,SOLUSDT
2026-05-25 04:25:00+00:00,85.13,85.25,85.12,85.24,5691.977,1779683399999,484897.07813000,909,4890.67900000,416641.91652000,0,SOLUSDT
2026-05-25 04:30:00+00:00,85.24,85.37,85.21,85.26,6344.179,1779683699999,541069.71767000,1571,3601.19900000,307119.78188000,0,SOLUSDT
2026-05-25 04:35:00+00:00,85.27,85.36,85.26,85.31,5152.394,1779683999999,439563.37727000,1011,1923.89400000,164131.72453000,0,SOLUSDT
2026-05-25 04:40:00+00:00,85.31,85.53,85.31,85.51,4438.455,1779684299999,379233.22210000,1054,3443.58300000,294230.08557000,0,SOLUSDT
2026-05-25 04:45:00+00:00,85.51,85.66,85.49,85.65,5033.035,1779684599999,430648.64007000,1298,3894.70200000,333233.87281000,0,SOLUSDT
2026-05-25 04:50:00+00:00,85.65,85.93,85.64,85.8,17831.726,1779684899999,1530721.27327000,3296,11543.99800000,990834.37439000,0,SOLUSDT
2026-05-25 04:55:00+00:00,85.8,85.87,85.78,85.84,5683.655,1779685199999,487785.44603000,1494,2340.88400000,200890.70293000,0,SOLUSDT
2026-05-25 05:00:00+00:00,85.85,85.86,85.76,85.82,7471.649,1779685499999,641146.27718000,2487,2995.84100000,257078.12502000,0,SOLUSDT
2026-05-25 05:05:00+00:00,85.82,86.1,85.81,85.97,16923.615,1779685799999,1454516.74790000,4394,11517.77800000,990002.91513000,0,SOLUSDT
2026-05-25 05:10:00+00:00,85.98,86.04,85.89,86.02,6100.444,1779686099999,524352.13310000,2379,2262.94900000,194541.68422000,0,SOLUSDT
2026-05-25 05:15:00+00:00,86.02,86.18,85.96,86.07,13133.516,1779686399999,1130591.80601000,3196,5436.69500000,467941.54088000,0,SOLUSDT
2026-05-25 05:20:00+00:00,86.07,86.1,85.93,85.96,7467.443,1779686699999,642256.84945000,2236,2862.99300000,246288.43467000,0,SOLUSDT
2026-05-25 05:25:00+00:00,85.97,85.99,85.93,85.99,5145.733,1779686999999,442326.34268000,1235,2805.31900000,241153.12290000,0,SOLUSDT
2026-05-25 05:30:00+00:00,85.98,86.08,85.96,86.02,7512.246,1779687299999,646244.90262000,1639,3751.08300000,322704.56510000,0,SOLUSDT
2026-05-25 05:35:00+00:00,86.03,86.11,86.0,86.01,4281.815,1779687599999,368472.29026000,1548,2098.69600000,180625.72374000,0,SOLUSDT
2026-05-25 05:40:00+00:00,86.02,86.16,86.01,86.13,5493.334,1779687899999,472893.57446000,1174,3465.18400000,298323.04480000,0,SOLUSDT
2026-05-25 05:45:00+00:00,86.13,86.15,86.02,86.06,4306.444,1779688199999,370695.96446000,2778,1310.94300000,112845.30859000,0,SOLUSDT
2026-05-25 05:50:00+00:00,86.06,86.06,86.0,86.04,2655.355,1779688499999,228422.95362000,539,1221.67000000,105092.05244000,0,SOLUSDT
2026-05-25 05:55:00+00:00,86.04,86.04,85.96,85.98,3635.636,1779688799999,312644.97420000,720,1823.75900000,156835.95313000,0,SOLUSDT
2026-05-25 06:00:00+00:00,85.99,86.06,85.95,86.01,3550.249,1779689099999,305357.51410000,780,2197.27700000,188993.10504000,0,SOLUSDT
2026-05-25 06:05:00+00:00,86.02,86.19,85.98,86.1,9121.874,1779689399999,785144.96563000,2131,6533.45100000,562357.47707000,0,SOLUSDT
2026-05-25 06:10:00+00:00,86.1,86.1,85.84,85.85,7096.086,1779689699999,609861.54814000,1627,2788.69300000,239630.12011000,0,SOLUSDT
2026-05-25 06:15:00+00:00,85.85,85.87,85.73,85.78,6762.397,1779689999999,580155.28846000,1807,1384.04400000,118729.52840000,0,SOLUSDT
2026-05-25 06:20:00+00:00,85.79,85.79,85.65,85.69,6310.479,1779690299999,540848.05801000,1945,1392.48600000,119336.08731000,0,SOLUSDT
2026-05-25 06:25:00+00:00,85.69,85.77,85.66,85.77,3453.184,1779690599999,295966.99414000,970,1180.63400000,101195.24890000,0,SOLUSDT
2026-05-25 06:30:00+00:00,85.77,86.01,85.77,86.0,5514.874,1779690899999,473700.47769000,1788,3338.08500000,286725.19985000,0,SOLUSDT
2026-05-25 06:35:00+00:00,85.99,86.05,85.93,85.93,4224.311,1779691199999,363204.56485000,1560,980.84700000,84346.11058000,0,SOLUSDT
2026-05-25 06:40:00+00:00,85.93,85.99,85.92,85.95,2578.464,1779691499999,221609.89458000,803,1073.06300000,92229.11777000,0,SOLUSDT
2026-05-25 06:45:00+00:00,85.94,86.04,85.9,86.0,12899.669,1779691799999,1109306.68901000,1394,10806.73700000,929347.82822000,0,SOLUSDT
2026-05-25 06:50:00+00:00,86.0,86.01,85.98,85.99,1212.619,1779692099999,104278.48752000,498,650.84000000,55967.70639000,0,SOLUSDT
2026-05-25 06:55:00+00:00,85.98,86.01,85.93,85.99,2828.962,1779692399999,243235.11161000,880,1363.79700000,117264.72818000,0,SOLUSDT
2026-05-25 07:00:00+00:00,85.99,86.16,85.99,86.07,7204.317,1779692699999,620152.38256000,1741,4713.16800000,405712.25454000,0,SOLUSDT
2026-05-25 07:05:00+00:00,86.07,86.08,85.93,85.98,3501.552,1779692999999,301086.80017000,1018,809.10800000,69556.79877000,0,SOLUSDT
2026-05-25 07:10:00+00:00,85.98,85.98,85.81,85.85,2852.642,1779693299999,245059.53101000,710,1085.97600000,93311.74610000,0,SOLUSDT
2026-05-25 07:15:00+00:00,85.86,85.95,85.64,85.67,9397.008,1779693599999,806027.57384000,2441,2401.58600000,205969.24437000,0,SOLUSDT
2026-05-25 07:20:00+00:00,85.67,85.76,85.59,85.76,4339.396,1779693899999,371768.73391000,1503,2120.76600000,181717.72192000,0,SOLUSDT
2026-05-25 07:25:00+00:00,85.75,85.75,85.64,85.65,1835.116,1779694199999,157247.94979000,683,445.56700000,38180.83983000,0,SOLUSDT
2026-05-25 07:30:00+00:00,85.66,85.87,85.63,85.78,8413.814,1779694499999,721611.87467000,1726,5476.92500000,469726.62058000,0,SOLUSDT
2026-05-25 07:35:00+00:00,85.79,85.79,85.72,85.77,2741.673,1779694799999,235120.40718000,815,1316.14400000,112862.97113000,0,SOLUSDT
2026-05-25 07:40:00+00:00,85.76,85.77,85.72,85.75,1461.041,1779695099999,125287.43102000,528,908.87900000,77938.65866000,0,SOLUSDT
2026-05-25 07:45:00+00:00,85.75,85.8,85.48,85.77,32784.753,1779695399999,2809063.06482000,2189,5200.58600000,445820.50822000,0,SOLUSDT
2026-05-25 07:50:00+00:00,85.77,85.89,85.73,85.89,4198.716,1779695699999,360277.64360000,1031,2823.90000000,242320.59045000,0,SOLUSDT
2026-05-25 07:55:00+00:00,85.89,85.96,85.87,85.96,2235.7,1779695999999,192086.04160000,749,1469.54000000,126269.44392000,0,SOLUSDT
2026-05-25 08:00:00+00:00,85.95,85.96,85.87,85.92,9101.301,1779696299999,781853.71763000,1365,4306.48000000,369968.81046000,0,SOLUSDT
2026-05-25 08:05:00+00:00,85.92,85.92,85.86,85.9,2650.505,1779696599999,227648.48527000,630,688.44600000,59136.78570000,0,SOLUSDT
2026-05-25 08:10:00+00:00,85.9,85.9,85.8,85.8,3097.4,1779696899999,265936.60753000,797,1662.44100000,142741.30502000,0,SOLUSDT
2026-05-25 08:15:00+00:00,85.8,85.82,85.78,85.8,1022.994,1779697199999,87777.74987000,517,653.23100000,56052.85026000,0,SOLUSDT
2026-05-25 08:20:00+00:00,85.79,85.92,85.78,85.78,6559.446,1779697499999,563229.09541000,1295,3222.57300000,276719.91514000,0,SOLUSDT
2026-05-25 08:25:00+00:00,85.79,85.83,85.75,85.82,5801.336,1779697799999,497600.60948000,743,1708.01000000,146509.83971000,0,SOLUSDT
2026-05-25 08:30:00+00:00,85.83,85.94,85.83,85.9,4065.442,1779698099999,349169.21444000,777,1884.33800000,161845.54500000,0,SOLUSDT
2026-05-25 08:35:00+00:00,85.91,86.05,85.91,85.93,4184.529,1779698399999,359794.55334000,1222,2129.52500000,183081.50220000,0,SOLUSDT
2026-05-25 08:40:00+00:00,85.93,85.98,85.85,85.96,7040.932,1779698699999,604971.45817000,992,4893.21600000,420511.66933000,0,SOLUSDT
2026-05-25 08:45:00+00:00,85.97,85.98,85.9,85.96,2741.621,1779698999999,235628.82741000,799,1095.34300000,94152.17440000,0,SOLUSDT
2026-05-25 08:50:00+00:00,85.96,86.04,85.94,86.03,3568.717,1779699299999,306899.97193000,891,2657.39200000,228523.63210000,0,SOLUSDT
2026-05-25 08:55:00+00:00,86.03,86.08,86.01,86.02,2559.575,1779699599999,220211.27216000,854,1425.48500000,122644.33282000,0,SOLUSDT
2026-05-25 09:00:00+00:00,86.03,86.1,85.99,85.99,10934.415,1779699899999,940846.14276000,1643,4956.08000000,426567.79144000,0,SOLUSDT
2026-05-25 09:05:00+00:00,85.99,86.13,85.97,86.13,4392.888,1779700199999,377980.31423000,1212,2937.55600000,252780.99973000,0,SOLUSDT
2026-05-25 09:10:00+00:00,86.12,86.17,86.03,86.03,3857.755,1779700499999,332233.53922000,1170,1910.80900000,164578.69682000,0,SOLUSDT
2026-05-25 09:15:00+00:00,86.03,86.04,85.98,86.01,2241.096,1779700799999,192763.61826000,900,637.40200000,54819.89069000,0,SOLUSDT
2026-05-25 09:20:00+00:00,86.01,86.04,85.94,86.02,3146.079,1779701099999,270503.01084000,762,1446.16200000,124343.93243000,0,SOLUSDT
2026-05-25 09:25:00+00:00,86.02,86.05,85.98,86.05,3884.712,1779701399999,334174.85047000,1197,1953.84800000,168087.25608000,0,SOLUSDT
2026-05-25 09:30:00+00:00,86.05,86.22,86.03,86.12,8520.521,1779701699999,733848.06144000,2119,4295.67500000,369951.61696000,0,SOLUSDT
2026-05-25 09:35:00+00:00,86.12,86.12,85.99,86.02,4704.361,1779701999999,404728.46699000,1151,2059.35700000,177167.72244000,0,SOLUSDT
2026-05-25 09:40:00+00:00,86.01,86.02,85.96,85.99,4855.387,1779702299999,417522.62803000,755,1975.78300000,169888.80956000,0,SOLUSDT
2026-05-25 09:45:00+00:00,85.98,85.99,85.93,85.97,2106.185,1779702599999,181057.53835000,653,1063.56600000,91428.52231000,0,SOLUSDT
2026-05-25 09:50:00+00:00,85.97,86.03,85.96,85.97,2409.56,1779702899999,207226.45576000,847,830.75600000,71448.55231000,0,SOLUSDT
2026-05-25 09:55:00+00:00,85.97,85.98,85.93,85.94,3665.838,1779703199999,315082.02155000,864,2200.49400000,189137.76420000,0,SOLUSDT
2026-05-25 10:00:00+00:00,85.94,85.97,85.91,85.93,2508.546,1779703499999,215575.60614000,777,965.10600000,82942.24313000,0,SOLUSDT
2026-05-25 10:05:00+00:00,85.93,86.0,85.92,85.99,1364.594,1779703799999,117307.72593000,491,1012.44100000,87036.26278000,0,SOLUSDT
2026-05-25 10:10:00+00:00,85.99,86.02,85.97,86.01,2300.744,1779704099999,197856.18024000,770,885.49700000,76153.62057000,0,SOLUSDT
2026-05-25 10:15:00+00:00,86.02,86.11,86.01,86.06,3158.638,1779704399999,271866.14279000,888,1576.08600000,135655.15087000,0,SOLUSDT
2026-05-25 10:20:00+00:00,86.07,86.07,85.9,86.01,5555.741,1779704699999,477616.58955000,1270,2591.81300000,222783.03465000,0,SOLUSDT
2026-05-25 10:25:00+00:00,86.01,86.02,85.92,86.02,4894.27,1779704999999,420739.02042000,881,2973.56800000,255629.07469000,0,SOLUSDT
2026-05-25 10:30:00+00:00,86.01,86.02,85.96,86.02,2741.583,1779705299999,235738.18443000,805,1692.14100000,145498.68505000,0,SOLUSDT
2026-05-25 10:35:00+00:00,86.02,86.07,85.96,85.97,3769.912,1779705599999,324285.26844000,705,943.91600000,81207.22600000,0,SOLUSDT
2026-05-25 10:40:00+00:00,85.97,86.0,85.95,85.99,3609.987,1779705899999,310357.19833000,640,1966.22000000,169036.43301000,0,SOLUSDT
2026-05-25 10:45:00+00:00,86.0,86.06,85.98,86.06,1520.7,1779706199999,130813.27592000,491,972.44600000,83650.31121000,0,SOLUSDT
2026-05-25 10:50:00+00:00,86.05,86.09,86.01,86.09,2523.479,1779706499999,217180.35645000,778,1417.71700000,122018.86079000,0,SOLUSDT
2026-05-25 10:55:00+00:00,86.09,86.11,86.05,86.08,4903.502,1779706799999,422112.82794000,992,1487.54400000,128055.04715000,0,SOLUSDT
2026-05-25 11:00:00+00:00,86.07,86.07,85.95,86.04,4392.799,1779707099999,377786.67698000,1410,2303.66400000,198108.47810000,0,SOLUSDT
2026-05-25 11:05:00+00:00,86.03,86.05,85.98,86.05,2196.306,1779707399999,188915.16150000,777,1238.71600000,106545.80751000,0,SOLUSDT
2026-05-25 11:10:00+00:00,86.05,86.06,86.0,86.01,3101.026,1779707699999,266782.64237000,686,1413.55300000,121608.48284000,0,SOLUSDT
2026-05-25 11:15:00+00:00,86.01,86.01,85.95,85.97,3463.394,1779707999999,297764.07755000,695,1721.75300000,148034.25223000,0,SOLUSDT
2026-05-25 11:20:00+00:00,85.97,86.0,85.93,85.96,3743.278,1779708299999,321787.25731000,935,1490.36500000,128136.83458000,0,SOLUSDT
2026-05-25 11:25:00+00:00,85.95,85.96,85.9,85.92,2434.929,1779708599999,209220.36905000,446,426.05500000,36605.64955000,0,SOLUSDT
2026-05-25 11:30:00+00:00,85.92,86.07,85.9,86.07,3536.641,1779708899999,304063.10377000,1008,2871.66100000,246886.70352000,0,SOLUSDT
2026-05-25 11:35:00+00:00,86.07,86.14,86.01,86.1,4120.555,1779709199999,354747.04652000,1158,1905.40400000,164050.56122000,0,SOLUSDT
2026-05-25 11:40:00+00:00,86.09,86.1,85.96,85.96,3046.842,1779709499999,262065.64241000,1005,811.15400000,69758.72074000,0,SOLUSDT
2026-05-25 11:45:00+00:00,85.97,86.03,85.89,85.91,3970.28,1779709799999,341329.34396000,1043,1920.15600000,165091.32482000,0,SOLUSDT
2026-05-25 11:50:00+00:00,85.92,85.92,85.76,85.79,4207.962,1779710099999,361109.51744000,1247,1176.58500000,100943.98954000,0,SOLUSDT
2026-05-25 11:55:00+00:00,85.79,85.8,85.7,85.76,6841.329,1779710399999,586594.72078000,1582,3202.93500000,274623.48422000,0,SOLUSDT
2026-05-25 12:00:00+00:00,85.77,85.78,85.66,85.75,6938.014,1779710699999,594664.04572000,2408,4068.47300000,348700.30775000,0,SOLUSDT
2026-05-25 12:05:00+00:00,85.74,85.83,85.73,85.82,5319.675,1779710999999,456377.93062000,1317,4253.71700000,364945.54059000,0,SOLUSDT
2026-05-25 12:10:00+00:00,85.81,85.87,85.8,85.87,6035.186,1779711299999,518090.36262000,1503,5323.78400000,457030.39998000,0,SOLUSDT
2026-05-25 12:15:00+00:00,85.86,85.92,85.84,85.91,4241.729,1779711599999,364239.21091000,1599,2558.27000000,219679.80806000,0,SOLUSDT
2026-05-25 12:20:00+00:00,85.92,86.0,85.83,85.99,8577.211,1779711899999,736877.58857000,1684,5481.47100000,470928.80969000,0,SOLUSDT
2026-05-25 12:25:00+00:00,85.98,86.07,85.96,85.97,4175.473,1779712199999,359164.37304000,1458,1585.32200000,136382.40390000,0,SOLUSDT
2026-05-25 12:30:00+00:00,85.97,86.02,85.9,85.93,3257.252,1779712499999,279984.41846000,1066,1721.42500000,147960.04020000,0,SOLUSDT
2026-05-25 12:35:00+00:00,85.93,86.07,85.93,85.96,4932.88,1779712799999,424190.31235000,1234,3159.96300000,271726.10824000,0,SOLUSDT
2026-05-25 12:40:00+00:00,85.95,85.99,85.93,85.96,4927.206,1779713099999,423566.91697000,745,882.88900000,75891.42903000,0,SOLUSDT
2026-05-25 12:45:00+00:00,85.96,85.99,85.82,85.91,10173.413,1779713399999,873834.10755000,1869,3807.87900000,327040.38302000,0,SOLUSDT
2026-05-25 12:50:00+00:00,85.9,85.99,85.9,85.98,3015.725,1779713699999,259144.58401000,951,1213.44400000,104275.67200000,0,SOLUSDT
2026-05-25 12:55:00+00:00,85.98,86.01,85.87,85.87,8688.425,1779713999999,746898.40709000,1466,2095.99800000,180210.85030000,0,SOLUSDT
2026-05-25 13:00:00+00:00,85.87,85.98,85.85,85.98,2848.832,1779714299999,244779.19116000,1154,1199.63900000,103065.64074000,0,SOLUSDT
2026-05-25 13:05:00+00:00,85.97,86.03,85.93,85.97,3610.195,1779714599999,310371.44055000,1161,1587.73300000,136502.88035000,0,SOLUSDT
2026-05-25 13:10:00+00:00,85.98,85.99,85.85,85.91,3351.237,1779714899999,287958.15161000,806,1945.45100000,167144.19232000,0,SOLUSDT
2026-05-25 13:15:00+00:00,85.91,85.94,85.85,85.85,1847.298,1779715199999,158679.52023000,659,516.05200000,44334.67002000,0,SOLUSDT
2026-05-25 13:20:00+00:00,85.86,85.9,85.83,85.9,2337.515,1779715499999,200735.78904000,812,1505.81900000,129314.03236000,0,SOLUSDT
2026-05-25 13:25:00+00:00,85.89,85.92,85.84,85.85,3149.25,1779715799999,270417.90725000,955,1912.59700000,164230.59369000,0,SOLUSDT
2026-05-25 13:30:00+00:00,85.85,85.89,85.8,85.81,4120.613,1779716099999,353743.56814000,1659,2749.70500000,236052.85227000,0,SOLUSDT
2026-05-25 13:35:00+00:00,85.81,85.85,85.77,85.85,4168.131,1779716399999,357686.12131000,1423,1916.80800000,164500.35960000,0,SOLUSDT
2026-05-25 13:40:00+00:00,85.85,85.89,85.82,85.89,3729.898,1779716699999,320208.37843000,962,2553.63600000,219235.80849000,0,SOLUSDT
2026-05-25 13:45:00+00:00,85.9,85.99,85.85,85.98,3405.777,1779716999999,292632.39446000,793,2036.85100000,175032.26505000,0,SOLUSDT
2026-05-25 13:50:00+00:00,85.98,85.99,85.9,85.96,2958.421,1779717299999,254218.43576000,869,1556.44900000,133740.94197000,0,SOLUSDT
2026-05-25 13:55:00+00:00,85.96,86.03,85.96,86.01,3725.2,1779717599999,320314.56043000,915,2196.67100000,188881.89052000,0,SOLUSDT
2026-05-25 14:00:00+00:00,86.01,86.12,85.9,86.11,12250.228,1779717899999,1053094.68886000,1868,4015.41000000,345321.94105000,0,SOLUSDT
2026-05-25 14:05:00+00:00,86.12,86.27,86.07,86.15,11479.749,1779718199999,989321.82069000,2842,8293.87200000,714805.69059000,0,SOLUSDT
2026-05-25 14:10:00+00:00,86.15,86.23,86.11,86.12,5656.801,1779718499999,487451.42321000,1142,2429.25100000,209385.30614000,0,SOLUSDT
2026-05-25 14:15:00+00:00,86.11,86.25,86.1,86.23,6361.545,1779718799999,548150.01664000,1575,3235.53300000,278815.88262000,0,SOLUSDT
2026-05-25 14:20:00+00:00,86.22,86.26,86.16,86.25,8928.499,1779719099999,769704.35894000,1648,6613.97000000,570172.62697000,0,SOLUSDT
2026-05-25 14:25:00+00:00,86.26,86.38,86.26,86.37,9562.989,1779719399999,825557.13573000,2392,4620.42400000,398880.09586000,0,SOLUSDT
2026-05-25 14:30:00+00:00,86.37,86.38,86.24,86.32,6537.214,1779719699999,564154.77875000,1655,3722.37900000,321230.50576000,0,SOLUSDT
2026-05-25 14:35:00+00:00,86.31,86.32,86.23,86.23,4801.436,1779719999999,414261.05382000,1459,1130.44100000,97530.22500000,0,SOLUSDT
2026-05-25 14:40:00+00:00,86.23,86.24,86.16,86.23,3314.086,1779720299999,285681.09980000,1195,1193.46700000,102873.29050000,0,SOLUSDT
2026-05-25 14:45:00+00:00,86.22,86.45,86.22,86.34,10422.177,1779720599999,900091.66032000,2672,6167.42400000,532566.65215000,0,SOLUSDT
2026-05-25 14:50:00+00:00,86.34,86.37,86.26,86.3,3985.547,1779720899999,343969.67504000,1390,1463.65300000,126323.71497000,0,SOLUSDT
2026-05-25 14:55:00+00:00,86.3,86.35,86.26,86.34,2807.544,1779721199999,242299.53647000,982,956.87400000,82576.49529000,0,SOLUSDT
2026-05-25 15:00:00+00:00,86.34,86.38,86.29,86.3,7394.978,1779721499999,638623.71816000,1659,2980.31500000,257377.24304000,0,SOLUSDT
2026-05-25 15:05:00+00:00,86.31,86.39,86.3,86.32,3776.12,1779721799999,326010.77554000,1212,1782.77400000,153933.79947000,0,SOLUSDT
2026-05-25 15:10:00+00:00,86.31,86.52,86.25,86.27,19434.85,1779722099999,1679345.72686000,4072,10276.60400000,888147.41968000,0,SOLUSDT
2026-05-25 15:15:00+00:00,86.28,86.32,86.17,86.28,17954.114,1779722399999,1548475.03074000,1944,10536.30800000,908827.90261000,0,SOLUSDT
2026-05-25 15:20:00+00:00,86.28,86.29,86.07,86.16,7370.438,1779722699999,635097.25087000,1448,2497.28000000,215184.53695000,0,SOLUSDT
2026-05-25 15:25:00+00:00,86.17,86.23,86.1,86.11,3862.705,1779722999999,332912.48298000,959,1335.55200000,115110.83757000,0,SOLUSDT
2026-05-25 15:30:00+00:00,86.1,86.22,86.06,86.21,4688.341,1779723299999,403893.90926000,1086,2532.10900000,218090.66938000,0,SOLUSDT
2026-05-25 15:35:00+00:00,86.2,86.31,86.2,86.29,3522.369,1779723599999,303787.57964000,739,2905.50900000,250583.80823000,0,SOLUSDT
2026-05-25 15:40:00+00:00,86.29,86.31,86.24,86.31,3109.415,1779723899999,268292.73192000,783,2201.75000000,189984.32929000,0,SOLUSDT
2026-05-25 15:45:00+00:00,86.31,86.31,86.16,86.21,3471.962,1779724199999,299354.44312000,811,1088.65600000,93853.95022000,0,SOLUSDT
2026-05-25 15:50:00+00:00,86.22,86.22,86.14,86.19,3083.051,1779724499999,265670.42180000,800,1866.91300000,160870.87003000,0,SOLUSDT
2026-05-25 15:55:00+00:00,86.18,86.28,86.17,86.26,1749.553,1779724799999,150861.23625000,639,860.82400000,74229.80798000,0,SOLUSDT
2026-05-25 16:00:00+00:00,86.26,86.28,86.18,86.23,6039.311,1779725099999,520755.95749000,1039,1892.36200000,163162.16227000,0,SOLUSDT
2026-05-25 16:05:00+00:00,86.23,86.24,86.15,86.16,6618.948,1779725399999,570581.08655000,932,1403.97400000,121041.51068000,0,SOLUSDT
2026-05-25 16:10:00+00:00,86.16,86.2,86.07,86.07,3023.626,1779725699999,260432.43338000,878,1039.36500000,89550.78666000,0,SOLUSDT
2026-05-25 16:15:00+00:00,86.07,86.13,86.02,86.04,3813.439,1779725999999,328230.99466000,1004,1465.16000000,126118.60402000,0,SOLUSDT
2026-05-25 16:20:00+00:00,86.04,86.09,86.0,86.05,4958.458,1779726299999,426653.56442000,888,4311.63400000,371010.50447000,0,SOLUSDT
2026-05-25 16:25:00+00:00,86.04,86.09,85.99,86.02,10831.574,1779726599999,931815.57745000,1353,4200.76100000,361336.61486000,0,SOLUSDT
2026-05-25 16:30:00+00:00,86.02,86.09,85.98,86.05,2820.98,1779726899999,242696.79065000,1218,1861.05400000,160107.59949000,0,SOLUSDT
2026-05-25 16:35:00+00:00,86.05,86.16,86.05,86.12,4794.047,1779727199999,412759.91113000,1399,3569.29800000,307290.32550000,0,SOLUSDT
2026-05-25 16:40:00+00:00,86.12,86.14,86.05,86.13,4046.948,1779727499999,348434.50230000,1632,2437.52600000,209873.80640000,0,SOLUSDT
2026-05-25 16:45:00+00:00,86.14,86.35,86.11,86.35,5010.955,1779727799999,432119.82910000,1838,3750.84200000,323460.72819000,0,SOLUSDT
2026-05-25 16:50:00+00:00,86.34,86.44,86.22,86.25,7641.707,1779728099999,659606.92331000,2049,4690.27900000,404913.57207000,0,SOLUSDT
2026-05-25 16:55:00+00:00,86.25,86.33,86.21,86.27,10260.995,1779728399999,885231.64936000,1569,6919.03800000,596981.13015000,0,SOLUSDT
2026-05-25 17:00:00+00:00,86.26,86.35,86.26,86.32,7483.729,1779728699999,646014.78423000,1684,4600.02500000,397097.89122000,0,SOLUSDT
2026-05-25 17:05:00+00:00,86.33,86.38,86.3,86.34,4368.746,1779728999999,377196.54587000,1022,3295.77400000,284575.88997000,0,SOLUSDT
2026-05-25 17:10:00+00:00,86.34,86.34,86.26,86.27,3141.416,1779729299999,271112.45870000,952,1586.95300000,136970.56562000,0,SOLUSDT
2026-05-25 17:15:00+00:00,86.27,86.27,86.08,86.16,5156.56,1779729599999,444243.60732000,1446,2238.37900000,192808.62346000,0,SOLUSDT
2026-05-25 17:20:00+00:00,86.16,86.2,86.14,86.18,3849.671,1779729899999,331705.49008000,665,1773.36000000,152805.36753000,0,SOLUSDT
2026-05-25 17:25:00+00:00,86.19,86.31,86.18,86.3,3238.601,1779730199999,279329.40303000,683,2599.35900000,224208.72693000,0,SOLUSDT
2026-05-25 17:30:00+00:00,86.29,86.32,86.15,86.22,15549.656,1779730499999,1340589.12094000,1683,6054.06000000,521911.33742000,0,SOLUSDT
2026-05-25 17:35:00+00:00,86.23,86.25,86.16,86.18,1915.661,1779730799999,165142.84197000,554,891.51600000,76858.53060000,0,SOLUSDT
2026-05-25 17:40:00+00:00,86.19,86.19,86.12,86.13,1183.109,1779731099999,101918.83095000,318,233.69600000,20134.57773000,0,SOLUSDT
2026-05-25 17:45:00+00:00,86.13,86.13,86.08,86.12,4403.568,1779731399999,379187.94581000,717,3584.90300000,308689.57626000,0,SOLUSDT
2026-05-25 17:50:00+00:00,86.12,86.16,86.1,86.13,9274.687,1779731699999,798759.62244000,1235,2771.28800000,238673.60791000,0,SOLUSDT
2026-05-25 17:55:00+00:00,86.13,86.16,86.06,86.13,10639.424,1779731999999,916257.27802000,1878,5128.70200000,441652.20899000,0,SOLUSDT
2026-05-25 18:00:00+00:00,86.12,86.23,86.09,86.21,3751.508,1779732299999,323212.04110000,1354,3389.01600000,291989.69688000,0,SOLUSDT
2026-05-25 18:05:00+00:00,86.21,86.3,86.2,86.27,4181.777,1779732599999,360700.59849000,957,3773.91200000,325515.24545000,0,SOLUSDT
2026-05-25 18:10:00+00:00,86.27,86.29,86.22,86.23,2442.089,1779732899999,210627.16310000,881,1566.10500000,135071.72396000,0,SOLUSDT
2026-05-25 18:15:00+00:00,86.23,86.27,86.21,86.22,1581.434,1779733199999,136382.18981000,687,938.47700000,80937.10499000,0,SOLUSDT
2026-05-25 18:20:00+00:00,86.22,86.25,86.16,86.17,1783.0,1779733499999,153696.15093000,534,804.58600000,69349.89881000,0,SOLUSDT
2026-05-25 18:25:00+00:00,86.18,86.21,86.16,86.21,1854.705,1779733799999,159839.13260000,704,1236.29800000,106552.61124000,0,SOLUSDT
2026-05-25 18:30:00+00:00,86.2,86.21,86.07,86.1,4930.181,1779734099999,424500.95248000,1313,2122.05000000,182701.65335000,0,SOLUSDT
2026-05-25 18:35:00+00:00,86.1,86.12,86.06,86.1,2734.724,1779734399999,235410.05924000,1520,2144.98100000,184641.95288000,0,SOLUSDT
2026-05-25 18:40:00+00:00,86.09,86.09,86.0,86.05,2979.983,1779734699999,256381.26995000,1196,1840.42500000,158335.75910000,0,SOLUSDT
2026-05-25 18:45:00+00:00,86.04,86.08,86.0,86.04,2626.324,1779734999999,225977.45818000,1210,1244.78500000,107114.75018000,0,SOLUSDT
2026-05-25 18:50:00+00:00,86.03,86.06,85.93,85.93,3677.063,1779735299999,316210.42045000,1213,971.68200000,83585.15512000,0,SOLUSDT
2026-05-25 18:55:00+00:00,85.94,85.94,85.88,85.91,3305.881,1779735599999,283988.88123000,887,980.72200000,84253.84757000,0,SOLUSDT
2026-05-25 19:00:00+00:00,85.91,85.91,85.73,85.79,16548.749,1779735899999,1420158.05206000,2995,5567.91400000,477724.61428000,0,SOLUSDT
2026-05-25 19:05:00+00:00,85.79,85.88,85.79,85.81,3606.963,1779736199999,309598.69338000,1904,2960.19600000,254077.11015000,0,SOLUSDT
2026-05-25 19:10:00+00:00,85.8,85.87,85.78,85.86,4551.645,1779736499999,390662.03804000,2585,4173.20500000,358182.81453000,0,SOLUSDT
2026-05-25 19:15:00+00:00,85.86,85.87,85.8,85.83,5219.634,1779736799999,448033.88283000,2926,4313.11000000,370215.78404000,0,SOLUSDT
2026-05-25 19:20:00+00:00,85.84,85.92,85.82,85.9,4586.373,1779737099999,393762.59429000,2581,3523.57800000,302511.75286000,0,SOLUSDT
2026-05-25 19:25:00+00:00,85.9,85.92,85.89,85.92,3740.873,1779737399999,321360.06041000,1332,1941.67300000,166806.78553000,0,SOLUSDT
2026-05-25 19:30:00+00:00,85.91,85.92,85.7,85.7,6273.553,1779737699999,538610.83333000,1506,1692.13200000,145330.07481000,0,SOLUSDT
2026-05-25 19:35:00+00:00,85.7,85.7,85.52,85.54,13253.331,1779737999999,1135063.25096000,3879,6988.83700000,598647.91161000,0,SOLUSDT
2026-05-25 19:40:00+00:00,85.53,85.64,85.53,85.63,6102.81,1779738299999,522231.02268000,2898,5166.86600000,442157.77612000,0,SOLUSDT
2026-05-25 19:45:00+00:00,85.64,85.67,85.59,85.64,3215.752,1779738599999,275392.66738000,1500,1912.77100000,163814.79219000,0,SOLUSDT
2026-05-25 19:50:00+00:00,85.63,85.66,85.6,85.6,6630.454,1779738899999,567865.66822000,3168,5617.04000000,481076.89747000,0,SOLUSDT
2026-05-25 19:55:00+00:00,85.6,85.64,85.59,85.64,4905.796,1779739199999,420089.35013000,1158,1581.92000000,135472.90182000,0,SOLUSDT
2026-05-25 20:00:00+00:00,85.64,85.76,85.6,85.74,4963.882,1779739499999,425258.09245000,2476,3625.46600000,310588.84696000,0,SOLUSDT
2026-05-25 20:05:00+00:00,85.73,85.79,85.72,85.79,2518.275,1779739799999,215952.05193000,1333,2164.24200000,185595.20417000,0,SOLUSDT
2026-05-25 20:10:00+00:00,85.78,85.81,85.77,85.79,3607.582,1779740099999,309519.18910000,643,1125.60700000,96568.88204000,0,SOLUSDT
2026-05-25 20:15:00+00:00,85.8,85.87,85.79,85.86,4985.927,1779740399999,427941.46933000,1508,2568.46400000,220436.47977000,0,SOLUSDT
2026-05-25 20:20:00+00:00,85.86,85.86,85.73,85.74,2473.478,1779740699999,212200.76413000,550,289.25400000,24818.93441000,0,SOLUSDT
2026-05-25 20:25:00+00:00,85.74,85.77,85.62,85.65,4697.63,1779740999999,402549.72002000,1951,2931.07400000,251185.27206000,0,SOLUSDT
2026-05-25 20:30:00+00:00,85.66,85.72,85.57,85.59,4435.842,1779741299999,379941.78477000,1943,2723.68800000,233299.23302000,0,SOLUSDT
2026-05-25 20:35:00+00:00,85.58,85.6,85.42,85.47,6790.172,1779741599999,580817.62186000,2040,1769.14600000,151335.82939000,0,SOLUSDT
2026-05-25 20:40:00+00:00,85.47,85.48,85.3,85.39,9551.552,1779741899999,815705.50764000,2336,5449.31500000,465388.75595000,0,SOLUSDT
2026-05-25 20:45:00+00:00,85.39,85.45,85.34,85.38,3378.255,1779742199999,288517.62148000,1263,1790.60400000,152938.50744000,0,SOLUSDT
2026-05-25 20:50:00+00:00,85.39,85.47,85.39,85.46,1357.706,1779742499999,115991.89242000,525,828.03300000,70745.39304000,0,SOLUSDT
2026-05-25 20:55:00+00:00,85.47,85.55,85.37,85.41,5752.84,1779742799999,491579.06410000,1479,2200.33900000,188035.82168000,0,SOLUSDT
2026-05-25 21:00:00+00:00,85.4,85.53,85.4,85.53,5287.519,1779743099999,452030.27467000,1002,4533.86800000,387610.74767000,0,SOLUSDT
2026-05-25 21:05:00+00:00,85.52,85.56,85.46,85.48,2236.292,1779743399999,191252.26447000,816,823.12400000,70394.87565000,0,SOLUSDT
2026-05-25 21:10:00+00:00,85.48,85.49,85.36,85.44,4013.036,1779743699999,342862.92112000,1215,1248.18500000,106647.71185000,0,SOLUSDT
2026-05-25 21:15:00+00:00,85.43,85.44,85.34,85.42,3467.404,1779743999999,296105.32749000,1156,1917.76300000,163757.65458000,0,SOLUSDT
2026-05-25 21:20:00+00:00,85.42,85.44,85.34,85.36,2361.643,1779744299999,201657.66494000,715,1218.40200000,104044.19561000,0,SOLUSDT
2026-05-25 21:25:00+00:00,85.36,85.48,85.35,85.47,2970.356,1779744599999,253767.53150000,795,2264.77700000,193480.28560000,0,SOLUSDT
2026-05-25 21:30:00+00:00,85.46,85.47,85.44,85.45,1201.933,1779744899999,102714.23415000,457,764.72600000,65351.13690000,0,SOLUSDT
2026-05-25 21:35:00+00:00,85.45,85.46,85.34,85.38,5465.021,1779745199999,466692.38824000,1551,2988.46600000,255210.98771000,0,SOLUSDT
2026-05-25 21:40:00+00:00,85.39,85.44,85.31,85.35,4582.758,1779745499999,391330.14433000,1523,2540.22600000,216936.91587000,0,SOLUSDT
2026-05-25 21:45:00+00:00,85.34,85.41,85.27,85.4,2826.147,1779745799999,241189.94564000,1169,1649.53300000,140787.59194000,0,SOLUSDT
2026-05-25 21:50:00+00:00,85.4,85.45,85.39,85.41,1495.283,1779746099999,127717.45978000,1073,1133.39800000,96808.35449000,0,SOLUSDT
2026-05-25 21:55:00+00:00,85.42,85.43,85.36,85.38,1981.233,1779746399999,169174.48367000,922,1170.89700000,99975.68292000,0,SOLUSDT
2026-05-25 22:00:00+00:00,85.38,85.42,85.19,85.27,7392.083,1779746699999,630555.08146000,2442,3080.58300000,262812.05838000,0,SOLUSDT
2026-05-25 22:05:00+00:00,85.26,85.43,85.26,85.38,4064.654,1779746999999,347018.24325000,1411,1852.11800000,158101.36601000,0,SOLUSDT
2026-05-25 22:10:00+00:00,85.38,85.54,85.35,85.49,4211.034,1779747299999,359876.81006000,1353,2646.14700000,226142.87928000,0,SOLUSDT
2026-05-25 22:15:00+00:00,85.48,85.53,85.41,85.47,3087.994,1779747599999,263965.37349000,1296,964.00400000,82394.06820000,0,SOLUSDT
2026-05-25 22:20:00+00:00,85.46,85.54,85.44,85.51,1008.406,1779747899999,86201.60230000,602,809.51000000,69198.13972000,0,SOLUSDT
2026-05-25 22:25:00+00:00,85.5,85.52,85.24,85.31,5954.952,1779748199999,508327.11542000,1594,1828.11800000,156023.75145000,0,SOLUSDT
2026-05-25 22:30:00+00:00,85.3,85.3,84.83,84.94,28523.936,1779748499999,2425263.44100000,6242,9383.54000000,797594.54484000,0,SOLUSDT
2026-05-25 22:35:00+00:00,84.94,84.95,84.71,84.84,23378.555,1779748799999,1982544.53908000,3611,17623.72900000,1494522.15169000,0,SOLUSDT
2026-05-25 22:40:00+00:00,84.84,84.98,84.77,84.82,7028.54,1779749099999,596399.46258000,1879,4394.34200000,372898.94871000,0,SOLUSDT
2026-05-25 22:45:00+00:00,84.82,84.92,84.82,84.91,3555.819,1779749399999,301774.77015000,1568,2303.73900000,195498.75371000,0,SOLUSDT
2026-05-25 22:50:00+00:00,84.92,84.97,84.88,84.94,2617.782,1779749699999,222326.94715000,944,1591.88300000,135191.61088000,0,SOLUSDT
2026-05-25 22:55:00+00:00,84.94,84.95,84.8,84.81,6355.725,1779749999999,539509.45546000,1506,1870.87800000,158835.35620000,0,SOLUSDT
2026-05-25 23:00:00+00:00,84.8,84.91,84.73,84.88,7632.092,1779750299999,647325.82205000,2616,4061.44900000,344496.56557000,0,SOLUSDT
2026-05-25 23:05:00+00:00,84.88,85.09,84.87,85.05,9221.305,1779750599999,783907.00165000,1855,7324.49900000,622633.61838000,0,SOLUSDT
2026-05-25 23:10:00+00:00,85.05,85.08,84.98,85.07,2050.214,1779750899999,174344.52245000,733,1412.78600000,120146.84531000,0,SOLUSDT
2026-05-25 23:15:00+00:00,85.07,85.15,85.02,85.04,13275.837,1779751199999,1129674.14211000,1749,6296.93400000,535862.41437000,0,SOLUSDT
2026-05-25 23:20:00+00:00,85.04,85.09,85.02,85.06,1942.438,1779751499999,165213.11221000,875,1446.66200000,123047.37157000,0,SOLUSDT
2026-05-25 23:25:00+00:00,85.07,85.1,85.03,85.1,3863.77,1779751799999,328703.22489000,785,1982.77900000,168682.78431000,0,SOLUSDT
2026-05-25 23:30:00+00:00,85.09,85.21,85.06,85.15,2743.818,1779752099999,233613.88444000,868,1553.37400000,132252.13573000,0,SOLUSDT
2026-05-25 23:35:00+00:00,85.14,85.14,85.07,85.1,3015.243,1779752399999,256591.68312000,893,1533.45000000,130490.76313000,0,SOLUSDT
2026-05-25 23:40:00+00:00,85.11,85.15,85.05,85.06,1255.28,1779752699999,106820.62482000,477,386.79100000,32918.30433000,0,SOLUSDT
2026-05-25 23:45:00+00:00,85.05,85.08,84.96,85.0,2686.005,1779752999999,228331.95300000,932,1320.51200000,112269.47160000,0,SOLUSDT
2026-05-25 23:50:00+00:00,84.99,85.1,84.94,85.1,4148.676,1779753299999,352800.70587000,976,3152.60700000,268121.86915000,0,SOLUSDT
2026-05-25 23:55:00+00:00,85.1,85.12,85.05,85.06,1589.267,1779753599999,135226.02401000,728,703.95400000,59900.15565000,0,SOLUSDT
2026-05-26 00:00:00+00:00,85.06,85.09,84.94,84.97,7018.536,1779753899999,596620.64991000,2176,3361.38000000,285714.63133000,0,SOLUSDT
2026-05-26 00:05:00+00:00,84.97,85.03,84.85,84.91,7263.736,1779754199999,617065.14075000,1544,4250.49600000,361122.96531000,0,SOLUSDT
2026-05-26 00:10:00+00:00,84.9,84.91,84.84,84.88,2476.331,1779754499999,210180.79530000,686,1546.25300000,131238.44796000,0,SOLUSDT
2026-05-26 00:15:00+00:00,84.87,84.9,84.7,84.77,6956.462,1779754799999,589926.29999000,1677,3252.74600000,275852.17894000,0,SOLUSDT
2026-05-26 00:20:00+00:00,84.78,84.78,84.67,84.72,10638.306,1779755099999,901325.96009000,1406,6106.07400000,517355.78403000,0,SOLUSDT
2026-05-26 00:25:00+00:00,84.72,84.79,84.66,84.71,4024.646,1779755399999,340998.26573000,994,1540.38800000,130505.91455000,0,SOLUSDT
2026-05-26 00:30:00+00:00,84.7,84.82,84.7,84.74,4998.138,1779755699999,423609.59749000,1480,2085.75300000,176795.40939000,0,SOLUSDT
2026-05-26 00:35:00+00:00,84.73,84.73,84.42,84.48,11604.475,1779755999999,981235.36369000,2909,2607.02400000,220397.39358000,0,SOLUSDT
2026-05-26 00:40:00+00:00,84.49,84.49,84.25,84.38,20924.574,1779756299999,1764515.08279000,3414,8103.48500000,683304.77653000,0,SOLUSDT
2026-05-26 00:45:00+00:00,84.38,84.45,84.29,84.36,9114.899,1779756599999,769078.02373000,2145,3946.34700000,332975.05071000,0,SOLUSDT
2026-05-26 00:50:00+00:00,84.35,84.36,83.9,84.2,41931.039,1779756899999,3527133.28134000,7409,8486.03400000,713468.91570000,0,SOLUSDT
2026-05-26 00:55:00+00:00,84.19,84.44,84.19,84.4,5692.849,1779757199999,480028.02338000,1933,3008.92500000,253692.18607000,0,SOLUSDT
2026-05-26 01:00:00+00:00,84.4,84.41,84.14,84.16,8587.955,1779757499999,723934.46707000,2924,3368.51100000,283956.61122000,0,SOLUSDT
2026-05-26 01:05:00+00:00,84.16,84.31,84.14,84.19,7536.555,1779757799999,634817.34520000,2166,3802.21400000,320252.23958000,0,SOLUSDT
2026-05-26 01:10:00+00:00,84.19,84.52,84.17,84.51,10183.976,1779758099999,859401.03327000,2394,7596.81500000,641215.67944000,0,SOLUSDT
2026-05-26 01:15:00+00:00,84.51,84.57,84.45,84.52,6162.562,1779758399999,520768.02061000,2124,2910.47100000,245955.06146000,0,SOLUSDT
2026-05-26 01:20:00+00:00,84.52,84.56,84.39,84.43,3542.505,1779758699999,299239.44331000,1282,1146.36200000,96841.80273000,0,SOLUSDT
2026-05-26 01:25:00+00:00,84.44,84.44,84.2,84.32,5917.525,1779758999999,498734.08844000,1431,2376.79200000,200237.16590000,0,SOLUSDT
2026-05-26 01:30:00+00:00,84.31,84.31,83.93,84.0,12412.181,1779759299999,1044430.61751000,3834,2846.47200000,239455.67630000,0,SOLUSDT
2026-05-26 01:35:00+00:00,84.01,84.15,83.98,84.08,9922.125,1779759599999,834071.52261000,3036,3529.18100000,296673.23978000,0,SOLUSDT
2026-05-26 01:40:00+00:00,84.07,84.07,83.85,84.01,12141.907,1779759899999,1019290.46067000,3453,3905.89700000,327849.16353000,0,SOLUSDT
2026-05-26 01:45:00+00:00,84.01,84.11,83.95,84.08,7799.387,1779760199999,655455.36891000,2925,3399.78100000,285721.66420000,0,SOLUSDT
2026-05-26 01:50:00+00:00,84.07,84.21,84.07,84.18,5757.576,1779760499999,484606.34644000,1286,1637.05000000,137755.38355000,0,SOLUSDT
2026-05-26 01:55:00+00:00,84.18,84.25,84.11,84.11,6997.143,1779760799999,588968.69062000,2258,1763.44300000,148452.18886000,0,SOLUSDT
2026-05-26 02:00:00+00:00,84.12,84.19,84.03,84.08,6134.915,1779761099999,516005.45201000,2136,2772.79300000,233236.51661000,0,SOLUSDT
2026-05-26 02:05:00+00:00,84.07,84.23,84.07,84.18,4433.42,1779761399999,373048.56873000,1460,2513.54200000,211490.99458000,0,SOLUSDT
2026-05-26 02:10:00+00:00,84.18,84.23,84.11,84.16,3066.157,1779761699999,258101.46163000,1155,917.18200000,77196.75801000,0,SOLUSDT
2026-05-26 02:15:00+00:00,84.16,84.23,84.07,84.23,4380.062,1779761999999,368505.82115000,1379,2116.97500000,178132.17500000,0,SOLUSDT
2026-05-26 02:20:00+00:00,84.23,84.23,84.1,84.16,4637.18,1779762299999,390316.10633000,1320,2370.31000000,199510.74444000,0,SOLUSDT
2026-05-26 02:25:00+00:00,84.16,84.17,83.99,84.01,4876.097,1779762599999,409913.74814000,1442,1176.30700000,98868.12151000,0,SOLUSDT
2026-05-26 02:30:00+00:00,84.01,84.07,83.95,84.05,7162.115,1779762899999,601828.84297000,1650,1769.01000000,148624.56193000,0,SOLUSDT
2026-05-26 02:35:00+00:00,84.05,84.14,84.04,84.09,4432.529,1779763199999,372690.88929000,1349,2520.40400000,211899.40389000,0,SOLUSDT
2026-05-26 02:40:00+00:00,84.09,84.12,83.99,84.01,3968.591,1779763499999,333631.21917000,1230,2061.58300000,173329.94469000,0,SOLUSDT
2026-05-26 02:45:00+00:00,84.01,84.09,83.9,84.06,5681.895,1779763799999,477263.12999000,2424,1749.05800000,146906.62083000,0,SOLUSDT
2026-05-26 02:50:00+00:00,84.06,84.13,84.03,84.05,4234.98,1779764099999,356072.16609000,978,2304.50400000,193764.47883000,0,SOLUSDT
2026-05-26 02:55:00+00:00,84.05,84.08,83.97,84.03,2422.017,1779764399999,203530.93875000,787,1294.68100000,108799.90333000,0,SOLUSDT
2026-05-26 03:00:00+00:00,84.03,84.03,83.92,83.92,2988.696,1779764699999,250978.00617000,1009,1752.28200000,147144.76953000,0,SOLUSDT
2026-05-26 03:05:00+00:00,83.92,84.0,83.85,83.88,3569.708,1779764999999,299582.88350000,1189,1396.78600000,117246.89472000,0,SOLUSDT
2026-05-26 03:10:00+00:00,83.89,83.99,83.86,83.88,7393.077,1779765299999,620463.37077000,1347,3237.48700000,271726.73699000,0,SOLUSDT
2026-05-26 03:15:00+00:00,83.88,83.98,83.85,83.93,4342.123,1779765599999,364426.68309000,1073,1780.69500000,149461.22414000,0,SOLUSDT
2026-05-26 03:20:00+00:00,83.93,84.0,83.93,83.96,2292.437,1779765899999,192482.79744000,997,1414.82600000,118792.83992000,0,SOLUSDT
2026-05-26 03:25:00+00:00,83.97,84.01,83.85,84.01,5753.035,1779766199999,483050.07516000,1362,3905.67500000,327987.89228000,0,SOLUSDT
2026-05-26 03:30:00+00:00,84.02,84.17,83.96,84.16,4529.981,1779766499999,380884.91341000,1215,3175.60700000,267010.53788000,0,SOLUSDT
2026-05-26 03:35:00+00:00,84.17,84.21,84.15,84.15,3974.975,1779766799999,334616.93292000,890,2063.22500000,173684.33983000,0,SOLUSDT
2026-05-26 03:40:00+00:00,84.15,84.18,84.12,84.15,1895.143,1779767099999,159470.98687000,697,1379.62000000,116093.37154000,0,SOLUSDT
2026-05-26 03:45:00+00:00,84.16,84.19,84.12,84.19,2838.619,1779767399999,238881.87512000,826,1256.56800000,105749.54546000,0,SOLUSDT
2026-05-26 03:50:00+00:00,84.18,84.27,84.14,84.25,6211.039,1779767699999,523027.86043000,1060,2470.63700000,208056.54476000,0,SOLUSDT
2026-05-26 03:55:00+00:00,84.25,84.25,84.2,84.22,1963.356,1779767999999,165370.81784000,506,1302.69500000,109725.66318000,0,SOLUSDT
2026-05-26 04:00:00+00:00,84.23,84.3,84.12,84.18,5284.557,1779768299999,444964.65842000,1334,3706.08000000,312044.40571000,0,SOLUSDT
2026-05-26 04:05:00+00:00,84.17,84.18,84.1,84.11,2169.031,1779768599999,182490.31006000,607,801.18300000,67404.34293000,0,SOLUSDT
2026-05-26 04:10:00+00:00,84.12,84.16,84.08,84.11,4353.462,1779768899999,366174.79094000,756,2812.70200000,236574.95280000,0,SOLUSDT
2026-05-26 04:15:00+00:00,84.11,84.14,84.01,84.11,3343.591,1779769199999,281109.21286000,972,1808.54400000,152046.50785000,0,SOLUSDT
2026-05-26 04:20:00+00:00,84.1,84.25,84.09,84.22,1906.978,1779769499999,160497.13445000,784,1243.87600000,104703.35479000,0,SOLUSDT
2026-05-26 04:25:00+00:00,84.23,84.5,84.22,84.46,13073.649,1779769799999,1103463.86217000,1970,10671.91400000,900776.87432000,0,SOLUSDT
2026-05-26 04:30:00+00:00,84.46,84.52,84.44,84.45,6054.938,1779770099999,511530.93528000,808,4167.04500000,352077.18213000,0,SOLUSDT
2026-05-26 04:35:00+00:00,84.45,84.52,84.43,84.43,3246.819,1779770399999,274279.28792000,698,1778.76600000,150259.80447000,0,SOLUSDT
2026-05-26 04:40:00+00:00,84.43,84.44,84.36,84.38,4236.671,1779770699999,357585.82765000,714,2402.37500000,202776.69496000,0,SOLUSDT
2026-05-26 04:45:00+00:00,84.37,84.43,84.34,84.38,3562.102,1779770999999,300602.32113000,925,2076.38500000,175227.24172000,0,SOLUSDT
2026-05-26 04:50:00+00:00,84.38,84.41,84.35,84.4,3230.912,1779771299999,272646.02253000,758,2221.45500000,187465.80362000,0,SOLUSDT
2026-05-26 04:55:00+00:00,84.39,84.47,84.37,84.37,2571.735,1779771599999,217092.32595000,650,1369.36300000,115603.21358000,0,SOLUSDT
2026-05-26 05:00:00+00:00,84.37,84.45,84.28,84.39,9651.615,1779771899999,814458.64671000,1213,7623.66400000,643429.80748000,0,SOLUSDT
2026-05-26 05:05:00+00:00,84.39,84.49,84.33,84.41,3843.661,1779772199999,324400.64360000,982,2583.10800000,218008.27179000,0,SOLUSDT
2026-05-26 05:10:00+00:00,84.42,84.51,84.42,84.48,4074.522,1779772499999,344150.80644000,883,3588.98400000,303141.69180000,0,SOLUSDT
2026-05-26 05:15:00+00:00,84.48,84.58,84.47,84.56,4425.988,1779772799999,374100.94655000,802,3117.01200000,263464.05575000,0,SOLUSDT
2026-05-26 05:20:00+00:00,84.55,84.68,84.55,84.64,9666.963,1779773099999,817915.55456000,1649,6779.78600000,573639.04068000,0,SOLUSDT
2026-05-26 05:25:00+00:00,84.63,84.67,84.62,84.66,13934.587,1779773399999,1179329.73664000,887,3015.39800000,255225.49983000,0,SOLUSDT
2026-05-26 05:30:00+00:00,84.65,84.74,84.62,84.73,4264.343,1779773699999,361110.61173000,1120,2646.37500000,224097.28034000,0,SOLUSDT
2026-05-26 05:35:00+00:00,84.74,84.97,84.74,84.85,8627.884,1779773999999,732347.63946000,2656,5199.21300000,441268.86318000,0,SOLUSDT
2026-05-26 05:40:00+00:00,84.85,84.85,84.72,84.78,3686.985,1779774299999,312574.87297000,906,2367.36100000,200687.88331000,0,SOLUSDT
2026-05-26 05:45:00+00:00,84.77,84.77,84.61,84.63,4476.358,1779774599999,379050.59837000,1157,1252.85600000,106087.77642000,0,SOLUSDT
2026-05-26 05:50:00+00:00,84.63,84.65,84.52,84.57,5460.667,1779774899999,461914.92304000,1059,1545.95300000,130772.52431000,0,SOLUSDT
2026-05-26 05:55:00+00:00,84.57,84.67,84.57,84.67,3391.225,1779775199999,286992.74140000,956,2946.05500000,249323.49748000,0,SOLUSDT
2026-05-26 06:00:00+00:00,84.66,84.66,84.48,84.55,7421.249,1779775499999,627326.57318000,1955,4198.24100000,354853.68921000,0,SOLUSDT
2026-05-26 06:05:00+00:00,84.56,84.6,84.52,84.59,4435.574,1779775799999,375096.94097000,1229,1971.73300000,166740.48010000,0,SOLUSDT
2026-05-26 06:10:00+00:00,84.58,84.58,84.5,84.55,3922.208,1779776099999,331585.16053000,1289,2341.41800000,197943.69577000,0,SOLUSDT
2026-05-26 06:15:00+00:00,84.54,84.61,84.52,84.58,2766.15,1779776399999,233966.07381000,827,1480.71800000,125244.83456000,0,SOLUSDT
2026-05-26 06:20:00+00:00,84.58,84.61,84.49,84.57,3804.097,1779776699999,321610.42066000,1292,2014.31300000,170297.42908000,0,SOLUSDT
2026-05-26 06:25:00+00:00,84.57,84.62,84.4,84.5,10684.868,1779776999999,903116.38029000,2132,4428.03700000,374376.82314000,0,SOLUSDT
2026-05-26 06:30:00+00:00,84.51,84.59,84.51,84.59,4479.573,1779777299999,378676.90223000,1437,2990.10500000,252773.38565000,0,SOLUSDT
2026-05-26 06:35:00+00:00,84.59,84.73,84.58,84.73,4414.725,1779777599999,373753.15851000,1390,2793.65400000,236516.99212000,0,SOLUSDT
2026-05-26 06:40:00+00:00,84.73,84.83,84.72,84.76,5395.518,1779777899999,457306.51622000,2115,3970.39900000,336526.65651000,0,SOLUSDT
2026-05-26 06:45:00+00:00,84.76,84.77,84.66,84.68,3626.348,1779778199999,307248.81008000,1231,1378.93500000,116853.66450000,0,SOLUSDT
2026-05-26 06:50:00+00:00,84.68,84.72,84.65,84.68,2045.508,1779778499999,173231.36539000,1033,1004.49600000,85070.19507000,0,SOLUSDT
2026-05-26 06:55:00+00:00,84.68,84.69,84.57,84.6,3974.283,1779778799999,336320.79526000,1310,1814.68100000,153549.32844000,0,SOLUSDT
2026-05-26 07:00:00+00:00,84.61,84.63,84.48,84.52,3242.822,1779779099999,274243.07793000,1700,1320.20800000,111670.02390000,0,SOLUSDT
2026-05-26 07:05:00+00:00,84.51,84.51,84.35,84.35,7907.804,1779779399999,667828.37140000,2187,4847.31200000,409433.77781000,0,SOLUSDT
2026-05-26 07:10:00+00:00,84.36,84.38,84.21,84.27,7267.267,1779779699999,612443.73193000,2089,3497.87500000,294778.43465000,0,SOLUSDT
2026-05-26 07:15:00+00:00,84.27,84.27,84.12,84.23,13891.646,1779779999999,1169296.36923000,2504,8071.82500000,679387.49617000,0,SOLUSDT
2026-05-26 07:20:00+00:00,84.22,84.31,84.19,84.3,7030.305,1779780299999,592099.09595000,1367,3962.26500000,333713.38316000,0,SOLUSDT
2026-05-26 07:25:00+00:00,84.3,84.34,84.25,84.28,3232.457,1779780599999,272474.98182000,968,1832.37500000,154463.28179000,0,SOLUSDT
2026-05-26 07:30:00+00:00,84.28,84.33,84.12,84.19,12544.842,1779780899999,1056609.20387000,2518,5254.29900000,442492.06007000,0,SOLUSDT
2026-05-26 07:35:00+00:00,84.19,84.19,84.1,84.17,4794.008,1779781199999,403374.82174000,1227,2373.81500000,199738.06931000,0,SOLUSDT
2026-05-26 07:40:00+00:00,84.18,84.29,84.17,84.27,5956.563,1779781499999,501916.80690000,1214,4102.54500000,345680.50779000,0,SOLUSDT
2026-05-26 07:45:00+00:00,84.27,84.41,84.27,84.41,5764.28,1779781799999,486125.35967000,1325,3318.62700000,279874.04347000,0,SOLUSDT
2026-05-26 07:50:00+00:00,84.41,84.5,84.4,84.49,2463.11,1779782099999,208000.89188000,805,1828.43800000,154405.30768000,0,SOLUSDT
2026-05-26 07:55:00+00:00,84.48,84.49,84.28,84.35,6659.05,1779782399999,561790.67073000,1821,3545.15600000,298929.88239000,0,SOLUSDT
2026-05-26 08:00:00+00:00,84.36,84.43,84.34,84.39,3343.831,1779782699999,282189.05496000,1000,1786.62200000,150779.91944000,0,SOLUSDT
2026-05-26 08:05:00+00:00,84.39,84.46,84.35,84.46,3340.319,1779782999999,281881.01787000,962,1772.37700000,149572.16470000,0,SOLUSDT
2026-05-26 08:10:00+00:00,84.46,84.53,84.43,84.49,2254.819,1779783299999,190493.42220000,623,980.89400000,82864.95576000,0,SOLUSDT
2026-05-26 08:15:00+00:00,84.49,84.51,84.36,84.5,8106.75,1779783599999,684491.52176000,1338,6473.16000000,546575.63987000,0,SOLUSDT
2026-05-26 08:20:00+00:00,84.49,84.52,84.46,84.46,3778.634,1779783899999,319263.14653000,588,2420.34400000,204501.45000000,0,SOLUSDT
2026-05-26 08:25:00+00:00,84.46,84.53,84.43,84.48,7611.496,1779784199999,642911.42956000,1364,5982.55800000,505330.26752000,0,SOLUSDT
2026-05-26 08:30:00+00:00,84.47,84.49,84.34,84.37,4203.359,1779784499999,354803.93722000,955,1466.91800000,123837.49429000,0,SOLUSDT
2026-05-26 08:35:00+00:00,84.37,84.57,84.36,84.57,15159.787,1779784799999,1279642.73916000,2025,12374.96800000,1044443.32979000,0,SOLUSDT
2026-05-26 08:40:00+00:00,84.56,84.56,84.5,84.54,2398.782,1779785099999,202755.87397000,517,1940.01400000,163979.61991000,0,SOLUSDT
2026-05-26 08:45:00+00:00,84.54,84.55,84.43,84.43,3000.11,1779785399999,253478.78900000,794,1461.54900000,123483.28773000,0,SOLUSDT
2026-05-26 08:50:00+00:00,84.44,84.55,84.35,84.53,3444.7,1779785699999,290898.48317000,950,2208.37900000,186501.42128000,0,SOLUSDT
2026-05-26 08:55:00+00:00,84.54,84.55,84.44,84.44,2693.047,1779785999999,227576.50649000,964,1031.64000000,87192.77289000,0,SOLUSDT
2026-05-26 09:00:00+00:00,84.44,84.49,84.36,84.43,3976.11,1779786299999,335693.94214000,1197,1622.58800000,137017.71147000,0,SOLUSDT
2026-05-26 09:05:00+00:00,84.43,84.44,84.37,84.4,1899.503,1779786599999,160311.50195000,845,856.97800000,72326.28010000,0,SOLUSDT
2026-05-26 09:10:00+00:00,84.39,84.51,84.39,84.43,2567.807,1779786899999,216845.31690000,826,1438.18900000,121443.21307000,0,SOLUSDT
2026-05-26 09:15:00+00:00,84.42,84.64,84.39,84.58,9971.715,1779787199999,842846.42225000,1933,7620.14900000,643991.53797000,0,SOLUSDT
2026-05-26 09:20:00+00:00,84.58,84.62,84.41,84.46,4323.949,1779787499999,365431.91027000,1152,1411.84700000,119354.48592000,0,SOLUSDT
2026-05-26 09:25:00+00:00,84.46,84.59,84.45,84.58,4741.623,1779787799999,400840.33908000,824,2346.01300000,198307.29740000,0,SOLUSDT
2026-05-26 09:30:00+00:00,84.59,84.72,84.55,84.58,6094.871,1779788099999,515883.10115000,1601,3251.99300000,275262.25687000,0,SOLUSDT
2026-05-26 09:35:00+00:00,84.58,84.6,84.49,84.49,5861.09,1779788399999,495440.55021000,1055,3977.92200000,336244.42369000,0,SOLUSDT
2026-05-26 09:40:00+00:00,84.5,84.52,84.43,84.49,3014.54,1779788699999,254665.83105000,908,1889.51300000,159618.23277000,0,SOLUSDT
2026-05-26 09:45:00+00:00,84.49,84.54,84.29,84.4,8854.235,1779788999999,747292.53920000,1473,3408.07300000,287730.62666000,0,SOLUSDT
2026-05-26 09:50:00+00:00,84.41,84.47,84.4,84.46,4570.806,1779789299999,385902.97327000,690,3505.93000000,295989.98748000,0,SOLUSDT
2026-05-26 09:55:00+00:00,84.47,84.51,84.46,84.48,2539.713,1779789599999,214558.04203000,606,1334.70600000,112759.62583000,0,SOLUSDT
2026-05-26 10:00:00+00:00,84.47,84.49,84.42,84.43,5915.005,1779789899999,499519.06515000,1245,3326.26100000,280906.76175000,0,SOLUSDT
2026-05-26 10:05:00+00:00,84.43,84.48,84.36,84.48,4508.307,1779790199999,380558.26248000,1196,3432.63100000,289763.56332000,0,SOLUSDT
2026-05-26 10:10:00+00:00,84.49,84.69,84.48,84.65,7396.676,1779790499999,625690.05969000,1274,5690.59700000,481381.35286000,0,SOLUSDT
2026-05-26 10:15:00+00:00,84.66,85.03,84.66,85.0,19677.197,1779790799999,1670249.80187000,3602,16910.69500000,1435674.51531000,0,SOLUSDT
2026-05-26 10:20:00+00:00,85.01,85.15,84.96,85.07,17302.927,1779791099999,1471635.31330000,4057,10766.30000000,915691.45041000,0,SOLUSDT
2026-05-26 10:25:00+00:00,85.06,85.57,85.03,85.55,28336.657,1779791399999,2418941.64709000,7456,19443.49400000,1659858.68106000,0,SOLUSDT
2026-05-26 10:30:00+00:00,85.55,85.7,85.47,85.59,23738.652,1779791699999,2031821.54980000,6043,11909.03600000,1019300.57470000,0,SOLUSDT
2026-05-26 10:35:00+00:00,85.6,85.79,85.55,85.65,23620.192,1779791999999,2023068.46007000,5345,13328.08400000,1141677.98453000,0,SOLUSDT
2026-05-26 10:40:00+00:00,85.65,85.8,85.64,85.66,15263.47,1779792299999,1308629.71158000,4106,6733.45200000,577264.62269000,0,SOLUSDT
2026-05-26 10:45:00+00:00,85.67,85.72,85.54,85.68,14828.875,1779792599999,1269830.57534000,3337,6099.97900000,522399.47583000,0,SOLUSDT
2026-05-26 10:50:00+00:00,85.68,85.76,85.54,85.58,13933.121,1779792899999,1193051.59893000,2670,7163.80000000,613423.01626000,0,SOLUSDT
2026-05-26 10:55:00+00:00,85.58,85.64,85.55,85.56,9177.487,1779793199999,785475.56714000,2328,2739.84600000,234500.95057000,0,SOLUSDT
2026-05-26 11:00:00+00:00,85.57,85.64,85.57,85.62,6927.702,1779793499999,593028.47175000,2136,2372.92800000,203125.68499000,0,SOLUSDT
2026-05-26 11:05:00+00:00,85.63,85.66,85.54,85.55,9828.562,1779793799999,841343.03745000,2360,3609.12500000,308922.97003000,0,SOLUSDT
2026-05-26 11:10:00+00:00,85.55,85.59,85.43,85.45,8455.582,1779794099999,722966.17544000,1889,2585.43600000,221062.16416000,0,SOLUSDT
2026-05-26 11:15:00+00:00,85.44,85.59,85.43,85.53,12514.723,1779794399999,1070034.14358000,2506,5989.20200000,512082.11440000,0,SOLUSDT
2026-05-26 11:20:00+00:00,85.54,85.54,85.33,85.38,7027.498,1779794699999,599998.17657000,1796,1936.22100000,165300.46889000,0,SOLUSDT
2026-05-26 11:25:00+00:00,85.37,85.44,85.36,85.37,4635.214,1779794999999,395839.27578000,1054,1729.00900000,147655.95620000,0,SOLUSDT
2026-05-26 11:30:00+00:00,85.37,85.52,85.34,85.37,11889.222,1779795299999,1015495.57847000,1808,5810.42200000,496162.20397000,0,SOLUSDT
2026-05-26 11:35:00+00:00,85.38,85.41,85.21,85.33,8893.696,1779795599999,758565.85317000,2066,3048.55200000,260038.13577000,0,SOLUSDT
2026-05-26 11:40:00+00:00,85.33,85.41,85.32,85.35,5573.375,1779795899999,475797.63166000,1279,2926.87600000,249858.26350000,0,SOLUSDT
2026-05-26 11:45:00+00:00,85.34,85.4,85.31,85.4,3194.411,1779796199999,272614.96609000,762,2798.83200000,238858.19304000,0,SOLUSDT
2026-05-26 11:50:00+00:00,85.39,85.41,85.34,85.35,1981.692,1779796499999,169167.06792000,592,1163.94000000,99357.06191000,0,SOLUSDT
2026-05-26 11:55:00+00:00,85.36,85.36,85.21,85.21,10190.72,1779796799999,869174.16741000,1010,6101.08200000,520291.41458000,0,SOLUSDT
2026-05-26 12:00:00+00:00,85.22,85.33,85.18,85.26,14952.644,1779797099999,1274701.75655000,1858,11838.68600000,1009186.83858000,0,SOLUSDT
2026-05-26 12:05:00+00:00,85.26,85.28,84.81,84.86,31722.914,1779797399999,2695779.59503000,4852,15526.84800000,1319250.17484000,0,SOLUSDT
2026-05-26 12:10:00+00:00,84.85,85.14,84.83,85.09,18646.011,1779797699999,1584336.45001000,2277,13334.97600000,1133096.51251000,0,SOLUSDT
2026-05-26 12:15:00+00:00,85.1,85.18,85.0,85.07,16600.562,1779797999999,1412319.09273000,1977,8470.85900000,720741.97695000,0,SOLUSDT
2026-05-26 12:20:00+00:00,85.07,85.08,84.94,84.98,8145.157,1779798299999,692434.47377000,1227,4264.06800000,362464.13564000,0,SOLUSDT
2026-05-26 12:25:00+00:00,84.98,85.08,84.95,85.07,6608.985,1779798599999,561739.87749000,1174,4611.66800000,392017.79698000,0,SOLUSDT
2026-05-26 12:30:00+00:00,85.08,85.09,84.97,85.02,7406.821,1779798899999,629719.10435000,1726,3214.05300000,273255.35233000,0,SOLUSDT
2026-05-26 12:35:00+00:00,85.02,85.07,84.99,85.05,8444.312,1779799199999,717963.90510000,1397,3675.40000000,312495.98593000,0,SOLUSDT
2026-05-26 12:40:00+00:00,85.04,85.19,85.03,85.13,14615.641,1779799499999,1243900.04524000,1786,9884.58500000,841189.68633000,0,SOLUSDT
2026-05-26 12:45:00+00:00,85.13,85.26,85.13,85.21,7672.021,1779799799999,653643.20829000,1679,4050.77000000,345105.64189000,0,SOLUSDT
2026-05-26 12:50:00+00:00,85.22,85.4,85.14,85.37,19126.511,1779800099999,1630337.06690000,2479,8684.32200000,740353.51769000,0,SOLUSDT
2026-05-26 12:55:00+00:00,85.36,85.39,85.3,85.32,6098.095,1779800399999,520509.47103000,1182,2372.99000000,202546.43933000,0,SOLUSDT
2026-05-26 13:00:00+00:00,85.32,85.37,85.25,85.29,9233.306,1779800699999,787836.94316000,1440,5847.51400000,498967.94559000,0,SOLUSDT
2026-05-26 13:05:00+00:00,85.29,85.33,85.24,85.27,7347.8,1779800999999,626591.21260000,1297,3780.02500000,322351.14677000,0,SOLUSDT
2026-05-26 13:10:00+00:00,85.27,85.31,85.25,85.28,4292.214,1779801299999,366002.48535000,817,1920.73400000,163784.48310000,0,SOLUSDT
2026-05-26 13:15:00+00:00,85.28,85.29,85.11,85.11,6113.121,1779801599999,520880.84309000,945,1678.76500000,143119.74701000,0,SOLUSDT
2026-05-26 13:20:00+00:00,85.11,85.2,85.01,85.12,16526.435,1779801899999,1406398.36205000,2590,5533.45100000,470956.85798000,0,SOLUSDT
2026-05-26 13:25:00+00:00,85.12,85.12,84.94,84.96,8087.613,1779802199999,687427.86318000,1313,2125.67500000,180650.30402000,0,SOLUSDT
2026-05-26 13:30:00+00:00,84.96,84.97,84.69,84.82,21776.686,1779802499999,1847258.64153000,5942,6992.91500000,593141.62891000,0,SOLUSDT
2026-05-26 13:35:00+00:00,84.82,85.05,84.74,85.01,9404.644,1779802799999,798401.79766000,3133,4889.79800000,415165.19405000,0,SOLUSDT
2026-05-26 13:40:00+00:00,85.0,85.25,84.98,85.1,19675.326,1779803099999,1673683.96635000,3331,10917.27000000,928666.21606000,0,SOLUSDT
2026-05-26 13:45:00+00:00,85.1,85.66,85.1,85.59,12058.123,1779803399999,1029663.67838000,4256,8422.77100000,719345.89043000,0,SOLUSDT
2026-05-26 13:50:00+00:00,85.59,85.77,85.41,85.45,19965.578,1779803699999,1708010.88333000,6048,8920.07400000,763186.58971000,0,SOLUSDT
2026-05-26 13:55:00+00:00,85.46,85.64,85.42,85.5,11816.783,1779803999999,1010860.58441000,2824,6832.81200000,584598.75269000,0,SOLUSDT
2026-05-26 14:00:00+00:00,85.51,85.6,85.44,85.45,13287.066,1779804299999,1136200.31935000,3236,8557.11300000,731731.45419000,0,SOLUSDT
2026-05-26 14:05:00+00:00,85.45,85.66,85.39,85.59,15092.886,1779804599999,1290800.80677000,2888,9984.24800000,853767.44108000,0,SOLUSDT
2026-05-26 14:10:00+00:00,85.59,85.7,85.59,85.7,8610.793,1779804899999,737443.83592000,2115,5162.52900000,442127.53610000,0,SOLUSDT
2026-05-26 14:15:00+00:00,85.7,85.87,85.61,85.66,19600.088,1779805199999,1680018.01827000,4405,12570.58700000,1077603.40405000,0,SOLUSDT
2026-05-26 14:20:00+00:00,85.67,85.95,85.67,85.87,19533.844,1779805499999,1676025.86804000,3776,13113.41400000,1125227.37927000,0,SOLUSDT
2026-05-26 14:25:00+00:00,85.88,86.13,85.88,86.02,25165.339,1779805799999,2165071.18023000,6830,15511.68400000,1334435.37426000,0,SOLUSDT
2026-05-26 14:30:00+00:00,86.01,86.08,85.72,85.73,16711.14,1779806099999,1434695.70593000,4522,6161.75100000,528999.77206000,0,SOLUSDT
2026-05-26 14:35:00+00:00,85.73,85.76,84.9,84.96,32314.403,1779806399999,2758830.45355000,9529,11460.88000000,978198.10606000,0,SOLUSDT
2026-05-26 14:40:00+00:00,84.95,85.14,84.77,84.95,26447.991,1779806699999,2247758.29963000,7759,10624.08000000,903087.11093000,0,SOLUSDT
2026-05-26 14:45:00+00:00,84.96,85.18,84.86,85.17,21240.074,1779806999999,1805323.45156000,4896,12259.04300000,1041838.94588000,0,SOLUSDT
2026-05-26 14:50:00+00:00,85.17,85.54,85.13,85.35,15382.968,1779807299999,1313390.30059000,4849,8805.91000000,751730.93480000,0,SOLUSDT
2026-05-26 14:55:00+00:00,85.36,85.37,85.23,85.24,7327.314,1779807599999,625204.86649000,2059,2868.28400000,244727.99488000,0,SOLUSDT
2026-05-26 15:00:00+00:00,85.23,85.36,84.88,85.03,16115.556,1779807899999,1371519.76190000,5649,5439.36500000,462968.88095000,0,SOLUSDT
2026-05-26 15:05:00+00:00,85.04,85.2,85.01,85.09,13875.891,1779808199999,1180916.94720000,3123,8410.20600000,715682.17257000,0,SOLUSDT
2026-05-26 15:10:00+00:00,85.09,85.29,85.06,85.29,4803.498,1779808499999,409213.59237000,2165,2897.10000000,246807.64914000,0,SOLUSDT
2026-05-26 15:15:00+00:00,85.3,85.34,85.16,85.17,7160.952,1779808799999,610420.33732000,2324,2078.52800000,177190.10422000,0,SOLUSDT
2026-05-26 15:20:00+00:00,85.18,85.21,84.67,84.91,20305.221,1779809099999,1724329.86988000,4711,8193.92300000,695768.38438000,0,SOLUSDT
2026-05-26 15:25:00+00:00,84.9,85.01,84.84,84.86,7403.172,1779809399999,628766.69046000,2341,3504.07700000,297611.18280000,0,SOLUSDT
2026-05-26 15:30:00+00:00,84.87,84.91,84.4,84.63,32542.044,1779809699999,2754310.15813000,8634,14766.24200000,1249845.09325000,0,SOLUSDT
2026-05-26 15:35:00+00:00,84.62,84.62,84.45,84.56,23930.648,1779809999999,2023004.22858000,4929,12590.59400000,1064348.57539000,0,SOLUSDT
2026-05-26 15:40:00+00:00,84.57,84.72,84.5,84.67,7899.424,1779810299999,668476.16505000,2786,4948.74100000,418766.59813000,0,SOLUSDT
2026-05-26 15:45:00+00:00,84.66,84.66,84.51,84.57,8040.096,1779810599999,680230.41956000,2665,4425.31000000,374414.39938000,0,SOLUSDT
2026-05-26 15:50:00+00:00,84.57,84.6,84.03,84.14,34482.631,1779810899999,2906088.36683000,7696,14536.80900000,1224969.61177000,0,SOLUSDT
2026-05-26 15:55:00+00:00,84.14,84.54,84.09,84.49,18373.738,1779811199999,1549536.12216000,3718,13808.51600000,1164518.10834000,0,SOLUSDT
2026-05-26 16:00:00+00:00,84.49,84.57,84.38,84.42,12978.673,1779811499999,1096391.27038000,2849,6953.42200000,587448.71754000,0,SOLUSDT
2026-05-26 16:05:00+00:00,84.43,84.45,84.27,84.38,11095.029,1779811799999,935905.91691000,2794,6192.54400000,522362.41092000,0,SOLUSDT
2026-05-26 16:10:00+00:00,84.37,84.39,83.95,84.16,21831.12,1779812099999,1836045.35806000,5841,8757.13800000,736665.84505000,0,SOLUSDT
2026-05-26 16:15:00+00:00,84.15,84.42,84.13,84.38,15593.758,1779812399999,1314896.40216000,3152,7190.59400000,606201.72216000,0,SOLUSDT
2026-05-26 16:20:00+00:00,84.39,84.41,84.29,84.37,7816.91,1779812699999,659391.38154000,2173,5000.40700000,421819.14745000,0,SOLUSDT
2026-05-26 16:25:00+00:00,84.38,84.43,84.22,84.32,15826.267,1779812999999,1334421.10051000,2518,7280.55900000,614013.14322000,0,SOLUSDT
2026-05-26 16:30:00+00:00,84.31,84.41,84.22,84.41,10240.733,1779813299999,863282.87405000,2188,4788.93700000,403783.33641000,0,SOLUSDT
2026-05-26 16:35:00+00:00,84.41,84.53,84.38,84.42,8531.427,1779813599999,720724.66724000,2011,4392.46000000,371075.92266000,0,SOLUSDT
2026-05-26 16:40:00+00:00,84.43,84.45,84.26,84.37,7281.86,1779813899999,614386.04218000,1812,3552.35900000,299765.97091000,0,SOLUSDT
2026-05-26 16:45:00+00:00,84.38,84.48,84.2,84.22,5819.992,1779814199999,490948.48956000,1860,2502.03700000,211173.76080000,0,SOLUSDT
2026-05-26 16:50:00+00:00,84.23,84.27,84.0,84.21,19933.23,1779814499999,1677037.27994000,3238,10710.48700000,901141.25962000,0,SOLUSDT
2026-05-26 16:55:00+00:00,84.21,84.24,84.17,84.23,6548.999,1779814799999,551492.85836000,1252,3417.78500000,287806.01663000,0,SOLUSDT
2026-05-26 17:00:00+00:00,84.23,84.39,84.2,84.3,18088.175,1779815099999,1523851.79163000,1842,16154.62900000,1360848.39728000,0,SOLUSDT
2026-05-26 17:05:00+00:00,84.29,84.29,84.09,84.23,5922.184,1779815399999,498549.35037000,1322,2242.66700000,188784.73907000,0,SOLUSDT
2026-05-26 17:10:00+00:00,84.23,84.29,84.15,84.17,3726.401,1779815699999,313871.04499000,1012,1699.76100000,143186.05247000,0,SOLUSDT
2026-05-26 17:15:00+00:00,84.16,84.17,83.93,83.98,8992.659,1779815999999,755688.74411000,2479,2143.40100000,180186.50806000,0,SOLUSDT
2026-05-26 17:20:00+00:00,83.98,83.98,83.63,83.72,27998.858,1779816299999,2345420.21959000,7184,5747.54500000,481351.21979000,0,SOLUSDT
2026-05-26 17:25:00+00:00,83.73,83.73,83.41,83.48,39399.312,1779816599999,3292304.58305000,7170,14247.41300000,1190575.53787000,0,SOLUSDT
2026-05-26 17:30:00+00:00,83.48,83.48,83.15,83.32,35423.84,1779816899999,2950909.47296000,11277,14446.67000000,1203356.08013000,0,SOLUSDT
2026-05-26 17:35:00+00:00,83.32,83.66,83.28,83.59,8613.031,1779817199999,718998.93287000,3216,5084.44700000,424376.01640000,0,SOLUSDT
2026-05-26 17:40:00+00:00,83.58,83.65,83.38,83.63,18137.286,1779817499999,1514165.37269000,3965,8409.38000000,702077.34326000,0,SOLUSDT
2026-05-26 17:45:00+00:00,83.63,83.85,83.57,83.78,17532.483,1779817799999,1467060.45194000,3306,14054.77700000,1176023.17252000,0,SOLUSDT
2026-05-26 17:50:00+00:00,83.78,83.83,83.68,83.73,4566.142,1779818099999,382491.34160000,2314,2092.28900000,175269.06547000,0,SOLUSDT
2026-05-26 17:55:00+00:00,83.72,83.75,83.53,83.59,21523.808,1779818399999,1801088.54743000,2918,6443.49100000,538967.21719000,0,SOLUSDT
2026-05-26 18:00:00+00:00,83.59,83.72,83.5,83.71,8979.165,1779818699999,750480.77838000,3400,4359.63800000,364385.57210000,0,SOLUSDT
2026-05-26 18:05:00+00:00,83.72,83.84,83.65,83.77,3682.374,1779818999999,308375.29885000,2140,1452.06700000,121614.84829000,0,SOLUSDT
2026-05-26 18:10:00+00:00,83.77,83.78,83.66,83.76,3337.131,1779819299999,279435.20854000,1636,1411.66900000,118202.52319000,0,SOLUSDT
2026-05-26 18:15:00+00:00,83.77,83.96,83.73,83.93,4017.711,1779819599999,336771.68980000,2246,2445.09900000,204970.80514000,0,SOLUSDT
2026-05-26 18:20:00+00:00,83.93,84.09,83.89,84.05,11373.549,1779819899999,955548.23591000,2918,8249.12200000,693075.33188000,0,SOLUSDT
2026-05-26 18:25:00+00:00,84.04,84.09,83.84,83.93,12932.415,1779820199999,1086088.98262000,1899,3256.76400000,273429.96960000,0,SOLUSDT
2026-05-26 18:30:00+00:00,83.94,83.97,83.86,83.96,8159.371,1779820499999,684613.09753000,1412,5983.73200000,502093.64130000,0,SOLUSDT
2026-05-26 18:35:00+00:00,83.97,83.97,83.75,83.87,8867.356,1779820799999,743735.26791000,2062,2064.16200000,173098.31763000,0,SOLUSDT
2026-05-26 18:40:00+00:00,83.87,83.87,83.49,83.53,7792.211,1779821099999,651850.75700000,3142,1834.98700000,153400.01339000,0,SOLUSDT
2026-05-26 18:45:00+00:00,83.54,83.76,83.53,83.67,4378.407,1779821399999,366425.35891000,1397,2821.33000000,236118.89894000,0,SOLUSDT
2026-05-26 18:50:00+00:00,83.67,83.83,83.65,83.77,4404.045,1779821699999,368779.28818000,1421,2536.11600000,212357.36000000,0,SOLUSDT
2026-05-26 18:55:00+00:00,83.77,83.8,83.52,83.63,5138.336,1779821999999,429828.54802000,2350,2345.54900000,196219.51917000,0,SOLUSDT
2026-05-26 19:00:00+00:00,83.63,83.7,83.53,83.54,4387.029,1779822299999,366810.34129000,2320,1535.30700000,128374.89677000,0,SOLUSDT
2026-05-26 19:05:00+00:00,83.53,83.67,83.5,83.62,3898.225,1779822599999,325840.86203000,1717,1744.90900000,145849.59760000,0,SOLUSDT
2026-05-26 19:10:00+00:00,83.62,83.69,83.45,83.49,5735.511,1779822899999,479156.57674000,1750,2505.94000000,209369.25319000,0,SOLUSDT
2026-05-26 19:15:00+00:00,83.48,83.56,83.36,83.49,3279.845,1779823199999,273810.41052000,2006,788.66800000,65835.98844000,0,SOLUSDT
2026-05-26 19:20:00+00:00,83.49,83.55,83.44,83.48,6608.997,1779823499999,551814.18478000,1201,2306.05600000,192531.70501000,0,SOLUSDT
2026-05-26 19:25:00+00:00,83.49,83.62,83.48,83.6,6061.952,1779823799999,506653.73787000,1511,3099.27900000,259023.62102000,0,SOLUSDT
2026-05-26 19:30:00+00:00,83.6,83.75,83.59,83.71,6431.539,1779824099999,538175.69206000,1895,3690.87000000,308845.50237000,0,SOLUSDT
2026-05-26 19:35:00+00:00,83.7,83.82,83.65,83.81,3825.204,1779824399999,320312.37453000,1539,2312.15200000,193634.41855000,0,SOLUSDT
2026-05-26 19:40:00+00:00,83.81,83.99,83.77,83.89,13840.527,1779824699999,1160907.70204000,2013,3287.18400000,275736.38625000,0,SOLUSDT
2026-05-26 19:45:00+00:00,83.89,83.94,83.84,83.88,7370.234,1779824999999,618355.65639000,1493,4726.85900000,396585.34334000,0,SOLUSDT
2026-05-26 19:50:00+00:00,83.89,84.01,83.89,83.95,5366.277,1779825299999,450548.33817000,1811,3619.35500000,303857.35519000,0,SOLUSDT
2026-05-26 19:55:00+00:00,83.94,84.02,83.7,83.8,7942.54,1779825599999,665806.02139000,2517,3114.94400000,261050.53795000,0,SOLUSDT
2026-05-26 20:00:00+00:00,83.8,83.94,83.74,83.94,4254.013,1779825899999,356650.92973000,1993,2693.20000000,225778.20835000,0,SOLUSDT
2026-05-26 20:05:00+00:00,83.94,83.95,83.83,83.88,4263.639,1779826199999,357648.61212000,1644,2784.82100000,233583.17598000,0,SOLUSDT
2026-05-26 20:10:00+00:00,83.87,83.96,83.83,83.96,4538.073,1779826499999,380805.05556000,1188,3032.59300000,254474.65892000,0,SOLUSDT
2026-05-26 20:15:00+00:00,83.95,83.98,83.84,83.85,3290.729,1779826799999,276200.36155000,1394,1718.12800000,144211.92437000,0,SOLUSDT
2026-05-26 20:20:00+00:00,83.85,83.9,83.77,83.8,4941.441,1779827099999,414413.71224000,1355,2924.81300000,245288.66955000,0,SOLUSDT
2026-05-26 20:25:00+00:00,83.79,83.94,83.77,83.91,4123.497,1779827399999,345765.95994000,1087,3240.56100000,271703.77597000,0,SOLUSDT
2026-05-26 20:30:00+00:00,83.91,83.94,83.77,83.81,2376.26,1779827699999,199263.54871000,1627,1018.78300000,85440.96976000,0,SOLUSDT
2026-05-26 20:35:00+00:00,83.81,83.83,83.74,83.79,933.569,1779827999999,78233.56831000,1145,454.13800000,38056.64592000,0,SOLUSDT
2026-05-26 20:40:00+00:00,83.79,83.88,83.77,83.87,785.826,1779828299999,65870.21051000,538,458.68800000,38444.39746000,0,SOLUSDT
2026-05-26 20:45:00+00:00,83.88,83.95,83.85,83.91,1035.495,1779828599999,86881.31564000,893,456.14800000,38269.80253000,0,SOLUSDT
2026-05-26 20:50:00+00:00,83.91,83.94,83.86,83.86,1741.675,1779828899999,146112.03642000,933,1237.89100000,103848.15281000,0,SOLUSDT
2026-05-26 20:55:00+00:00,83.86,83.95,83.83,83.94,2738.688,1779829199999,229756.51314000,888,1541.45300000,129346.25442000,0,SOLUSDT
2026-05-26 21:00:00+00:00,83.94,83.96,83.77,83.8,2269.096,1779829499999,190356.37796000,850,1650.21800000,138419.78679000,0,SOLUSDT
2026-05-26 21:05:00+00:00,83.79,83.82,83.74,83.79,2382.006,1779829799999,199548.40699000,840,1403.04700000,117526.55595000,0,SOLUSDT
2026-05-26 21:10:00+00:00,83.79,83.79,83.57,83.65,8807.486,1779830099999,736876.26928000,1724,2774.77100000,232274.52330000,0,SOLUSDT
2026-05-26 21:15:00+00:00,83.66,83.8,83.62,83.78,1814.28,1779830399999,151895.74824000,980,628.00500000,52573.23013000,0,SOLUSDT
2026-05-26 21:20:00+00:00,83.77,83.89,83.76,83.86,1501.109,1779830699999,125853.50612000,966,796.15000000,66739.88240000,0,SOLUSDT
2026-05-26 21:25:00+00:00,83.86,83.94,83.84,83.87,2233.182,1779830999999,187340.18609000,719,1665.15500000,139690.68663000,0,SOLUSDT
2026-05-26 21:30:00+00:00,83.87,83.92,83.85,83.86,1413.156,1779831299999,118538.97747000,546,1009.06200000,84641.78553000,0,SOLUSDT
2026-05-26 21:35:00+00:00,83.86,83.96,83.85,83.92,2420.692,1779831599999,203157.09356000,736,1642.94100000,137885.50761000,0,SOLUSDT
2026-05-26 21:40:00+00:00,83.91,83.97,83.86,83.92,3205.069,1779831899999,268929.43286000,1275,1914.39800000,160641.75237000,0,SOLUSDT
2026-05-26 21:45:00+00:00,83.92,83.95,83.86,83.87,1033.73,1779832199999,86745.42267000,871,663.44600000,55670.84898000,0,SOLUSDT
2026-05-26 21:50:00+00:00,83.87,83.89,83.7,83.72,7123.114,1779832499999,596771.43265000,2324,5169.55200000,433071.36292000,0,SOLUSDT
2026-05-26 21:55:00+00:00,83.72,83.77,83.6,83.7,2215.876,1779832799999,185424.37284000,1149,723.07100000,60520.24635000,0,SOLUSDT
2026-05-26 22:00:00+00:00,83.7,83.88,83.68,83.7,2334.864,1779833099999,195576.81612000,1614,963.73400000,80737.00047000,0,SOLUSDT
2026-05-26 22:05:00+00:00,83.7,83.75,83.58,83.71,2984.077,1779833399999,249730.56306000,2037,984.96500000,82440.78059000,0,SOLUSDT
2026-05-26 22:10:00+00:00,83.72,83.73,83.54,83.66,3412.148,1779833699999,285412.77771000,1576,1295.47200000,108362.43043000,0,SOLUSDT
2026-05-26 22:15:00+00:00,83.65,83.77,83.62,83.71,2537.198,1779833999999,212303.04862000,1242,681.02300000,56999.09050000,0,SOLUSDT
2026-05-26 22:20:00+00:00,83.71,83.76,83.68,83.72,1919.562,1779834299999,160693.89829000,1066,1269.16000000,106241.80814000,0,SOLUSDT
2026-05-26 22:25:00+00:00,83.71,83.76,83.7,83.76,2671.911,1779834599999,223713.50092000,696,996.43500000,83434.79999000,0,SOLUSDT
2026-05-26 22:30:00+00:00,83.75,83.77,83.71,83.77,1326.172,1779834899999,111062.50332000,953,604.64400000,50635.18196000,0,SOLUSDT
2026-05-26 22:35:00+00:00,83.77,83.78,83.67,83.68,1506.765,1779835199999,126165.75377000,957,362.08000000,30320.72479000,0,SOLUSDT
2026-05-26 22:40:00+00:00,83.68,83.7,83.62,83.64,1479.617,1779835499999,123773.66105000,854,539.16200000,45102.12361000,0,SOLUSDT
2026-05-26 22:45:00+00:00,83.64,83.64,83.54,83.58,1980.796,1779835799999,165545.17407000,1114,771.49400000,64478.48166000,0,SOLUSDT
2026-05-26 22:50:00+00:00,83.58,83.68,83.56,83.66,2596.524,1779836099999,217061.00216000,948,1151.46200000,96268.71115000,0,SOLUSDT
2026-05-26 22:55:00+00:00,83.66,83.66,83.57,83.65,847.315,1779836399999,70856.10089000,638,461.99100000,38629.32354000,0,SOLUSDT
2026-05-26 23:00:00+00:00,83.66,83.85,83.66,83.83,6582.54,1779836699999,551770.60110000,1253,4995.35700000,418710.68233000,0,SOLUSDT
2026-05-26 23:05:00+00:00,83.83,83.85,83.74,83.82,2547.388,1779836999999,213453.09910000,739,2245.90900000,188194.47195000,0,SOLUSDT
2026-05-26 23:10:00+00:00,83.82,83.85,83.77,83.82,8543.165,1779837299999,716115.24571000,1185,7539.81000000,632027.06115000,0,SOLUSDT
2026-05-26 23:15:00+00:00,83.81,83.83,83.76,83.8,1816.301,1779837599999,152220.06575000,630,1514.04000000,126891.88420000,0,SOLUSDT
2026-05-26 23:20:00+00:00,83.79,83.81,83.72,83.73,1957.7,1779837899999,164000.35323000,731,1138.63300000,95391.05653000,0,SOLUSDT
2026-05-26 23:25:00+00:00,83.73,83.75,83.63,83.7,4044.732,1779838199999,338527.68761000,911,2106.83200000,176352.31895000,0,SOLUSDT
2026-05-26 23:30:00+00:00,83.69,83.73,83.67,83.69,1264.702,1779838499999,105861.55843000,562,588.70100000,49279.24764000,0,SOLUSDT
2026-05-26 23:35:00+00:00,83.69,83.81,83.68,83.76,1724.588,1779838799999,144375.19972000,709,750.28000000,62814.42693000,0,SOLUSDT
2026-05-26 23:40:00+00:00,83.76,83.8,83.76,83.78,1730.109,1779839099999,144957.51875000,598,1288.67800000,107976.71082000,0,SOLUSDT
2026-05-26 23:45:00+00:00,83.79,83.82,83.76,83.76,1946.819,1779839399999,163102.55888000,768,1395.57500000,116912.75087000,0,SOLUSDT
2026-05-26 23:50:00+00:00,83.77,83.77,83.67,83.7,3032.443,1779839699999,253869.73383000,769,503.21100000,42129.10156000,0,SOLUSDT
2026-05-26 23:55:00+00:00,83.7,83.72,83.67,83.72,1718.493,1779839999999,143831.18270000,449,831.78500000,69615.31490000,0,SOLUSDT
2026-05-27 00:00:00+00:00,83.73,83.95,83.72,83.88,3640.825,1779840299999,305311.38863000,1542,2069.65400000,173545.68941000,0,SOLUSDT
2026-05-27 00:05:00+00:00,83.88,83.95,83.88,83.93,2151.139,1779840599999,180513.73754000,976,1279.13500000,107332.29540000,0,SOLUSDT
2026-05-27 00:10:00+00:00,83.93,83.96,83.83,83.9,2631.549,1779840899999,220778.53813000,977,1084.02300000,90943.33222000,0,SOLUSDT
2026-05-27 00:15:00+00:00,83.9,83.91,83.75,83.82,1821.311,1779841199999,152635.03653000,1040,856.84400000,71798.36285000,0,SOLUSDT
2026-05-27 00:20:00+00:00,83.82,83.89,83.81,83.86,1729.229,1779841499999,144988.94676000,832,646.52400000,54209.70826000,0,SOLUSDT
2026-05-27 00:25:00+00:00,83.85,83.99,83.85,83.95,10295.57,1779841799999,864159.69524000,1337,4568.51900000,383393.72901000,0,SOLUSDT
2026-05-27 00:30:00+00:00,83.96,84.18,83.96,84.06,11443.527,1779842099999,962205.64990000,2839,8596.72600000,722879.42288000,0,SOLUSDT
2026-05-27 00:35:00+00:00,84.06,84.06,83.92,83.92,3528.811,1779842399999,296392.28301000,1046,1203.87200000,101141.03793000,0,SOLUSDT
2026-05-27 00:40:00+00:00,83.92,84.03,83.89,83.96,2021.645,1779842699999,169731.48505000,1332,1292.57800000,108517.51676000,0,SOLUSDT
2026-05-27 00:45:00+00:00,83.96,84.1,83.95,83.99,5254.009,1779842999999,441505.08729000,1841,2800.00400000,235296.35690000,0,SOLUSDT
2026-05-27 00:50:00+00:00,84.0,84.15,83.99,84.11,4410.223,1779843299999,370806.43706000,1410,3670.15700000,308573.74607000,0,SOLUSDT
2026-05-27 00:55:00+00:00,84.11,84.16,84.09,84.14,2944.703,1779843599999,247744.53236000,1256,2121.59200000,178496.63013000,0,SOLUSDT
2026-05-27 01:00:00+00:00,84.13,84.19,84.07,84.1,6782.59,1779843899999,570598.01762000,1858,4266.22600000,358909.58994000,0,SOLUSDT
2026-05-27 01:05:00+00:00,84.1,84.13,84.04,84.11,2824.59,1779844199999,237458.57621000,1182,2088.95200000,175612.32085000,0,SOLUSDT
2026-05-27 01:10:00+00:00,84.12,84.13,84.04,84.12,2656.122,1779844499999,223333.31106000,1450,1940.65000000,163174.95262000,0,SOLUSDT
2026-05-27 01:15:00+00:00,84.12,84.13,83.93,83.94,2566.815,1779844799999,215643.63505000,1254,781.84200000,65653.74701000,0,SOLUSDT
2026-05-27 01:20:00+00:00,83.93,83.95,83.83,83.87,3956.149,1779845099999,331831.45398000,2289,2711.01300000,227388.61172000,0,SOLUSDT
2026-05-27 01:25:00+00:00,83.87,83.9,83.8,83.9,3654.23,1779845399999,306416.54925000,1193,1437.66900000,120572.51101000,0,SOLUSDT
2026-05-27 01:30:00+00:00,83.9,83.95,83.83,83.86,2541.973,1779845699999,213209.75168000,1451,1334.22700000,111910.32235000,0,SOLUSDT
2026-05-27 01:35:00+00:00,83.86,83.92,83.8,83.92,2063.575,1779845999999,173046.34687000,953,1403.24100000,117691.27606000,0,SOLUSDT
2026-05-27 01:40:00+00:00,83.91,84.04,83.91,83.91,2921.22,1779846299999,245307.21155000,1140,1476.55300000,123992.01403000,0,SOLUSDT
2026-05-27 01:45:00+00:00,83.91,84.06,83.88,84.04,4599.427,1779846599999,386129.57266000,1508,3470.49000000,291315.77767000,0,SOLUSDT
2026-05-27 01:50:00+00:00,84.03,84.05,83.97,83.97,2445.314,1779846899999,205436.60539000,1176,1536.01800000,129050.50333000,0,SOLUSDT
2026-05-27 01:55:00+00:00,83.97,84.01,83.81,83.86,2313.583,1779847199999,194124.09865000,1344,1026.57000000,86130.42179000,0,SOLUSDT
2026-05-27 02:00:00+00:00,83.85,83.9,83.7,83.83,4463.721,1779847499999,374002.92842000,1780,1088.13500000,91179.06826000,0,SOLUSDT
2026-05-27 02:05:00+00:00,83.83,83.85,83.7,83.7,3148.111,1779847799999,263705.78645000,1454,1386.51100000,116154.73869000,0,SOLUSDT
2026-05-27 02:10:00+00:00,83.71,83.81,83.69,83.79,2636.382,1779848099999,220742.29969000,974,1818.70300000,152268.56485000,0,SOLUSDT
2026-05-27 02:15:00+00:00,83.8,83.84,83.55,83.59,5725.029,1779848399999,478912.27202000,1875,1099.01900000,91985.72666000,0,SOLUSDT
2026-05-27 02:20:00+00:00,83.6,83.73,83.6,83.71,2120.676,1779848699999,177424.44029000,931,1123.43300000,93983.78230000,0,SOLUSDT
2026-05-27 02:25:00+00:00,83.71,83.8,83.68,83.74,2295.603,1779848999999,192247.24182000,925,1253.46000000,104966.42580000,0,SOLUSDT
2026-05-27 02:30:00+00:00,83.73,83.81,83.67,83.81,2395.859,1779849299999,200606.81824000,1115,1304.76900000,109255.91867000,0,SOLUSDT
2026-05-27 02:35:00+00:00,83.81,83.85,83.62,83.63,1630.595,1779849599999,136540.89243000,1316,757.48000000,63429.38832000,0,SOLUSDT
2026-05-27 02:40:00+00:00,83.63,83.72,83.63,83.7,2318.156,1779849899999,193987.65769000,1166,1042.91000000,87268.21360000,0,SOLUSDT
2026-05-27 02:45:00+00:00,83.71,83.81,83.71,83.73,1824.421,1779850199999,152809.42025000,1001,838.23700000,70194.29444000,0,SOLUSDT
2026-05-27 02:50:00+00:00,83.73,83.81,83.69,83.78,973.5,1779850499999,81536.34794000,777,462.95800000,38777.03278000,0,SOLUSDT
2026-05-27 02:55:00+00:00,83.79,83.96,83.78,83.96,2474.364,1779850799999,207533.91187000,1117,1852.87600000,155426.96004000,0,SOLUSDT
2026-05-27 03:00:00+00:00,83.96,84.05,83.87,84.02,2322.295,1779851099999,195005.52284000,1677,1477.77600000,124086.65267000,0,SOLUSDT
2026-05-27 03:05:00+00:00,84.02,84.07,83.97,83.98,1948.702,1779851399999,163754.01717000,1207,1233.88300000,103693.69591000,0,SOLUSDT
2026-05-27 03:10:00+00:00,83.98,83.98,83.9,83.91,1403.53,1779851699999,117799.16773000,744,917.25900000,76985.46058000,0,SOLUSDT
2026-05-27 03:15:00+00:00,83.91,83.92,83.82,83.85,4760.283,1779851999999,399254.33782000,2127,3343.87800000,280473.67976000,0,SOLUSDT
2026-05-27 03:20:00+00:00,83.84,83.9,83.78,83.87,6316.86,1779852299999,529545.40164000,1475,4916.04300000,412105.33637000,0,SOLUSDT
2026-05-27 03:25:00+00:00,83.87,83.94,83.87,83.89,2409.234,1779852599999,202139.63547000,1140,1429.73600000,119957.11649000,0,SOLUSDT
2026-05-27 03:30:00+00:00,83.89,83.95,83.79,83.79,8988.096,1779852899999,753516.33840000,1560,1853.20000000,155405.13211000,0,SOLUSDT
2026-05-27 03:35:00+00:00,83.8,83.8,83.7,83.72,4139.005,1779853199999,346618.21395000,1167,1418.37700000,118774.90491000,0,SOLUSDT
2026-05-27 03:40:00+00:00,83.72,83.8,83.71,83.72,2243.703,1779853499999,187912.23368000,1219,1405.28000000,117696.93321000,0,SOLUSDT
2026-05-27 03:45:00+00:00,83.72,83.72,83.53,83.57,8587.41,1779853799999,718102.01267000,2139,3552.67000000,297133.51753000,0,SOLUSDT
2026-05-27 03:50:00+00:00,83.56,83.64,83.48,83.62,6080.29,1779854099999,508110.64667000,1784,1775.00800000,148358.54609000,0,SOLUSDT
2026-05-27 03:55:00+00:00,83.62,83.67,83.57,83.63,2796.881,1779854399999,233907.20064000,1108,1644.96700000,137576.95716000,0,SOLUSDT
2026-05-27 04:00:00+00:00,83.62,83.66,83.56,83.64,2463.622,1779854699999,205996.18415000,920,1100.64300000,92023.76167000,0,SOLUSDT
2026-05-27 04:05:00+00:00,83.63,83.68,83.57,83.65,3162.812,1779854999999,264485.93316000,816,1181.48500000,98805.81902000,0,SOLUSDT
2026-05-27 04:10:00+00:00,83.65,83.68,83.56,83.56,1892.827,1779855299999,158318.67431000,675,1221.32600000,102169.78873000,0,SOLUSDT
2026-05-27 04:15:00+00:00,83.56,83.58,83.32,83.43,5975.422,1779855599999,498612.30873000,2264,2244.78700000,187300.97921000,0,SOLUSDT
2026-05-27 04:20:00+00:00,83.43,83.46,83.36,83.45,4125.813,1779855899999,344178.60779000,1270,1046.47700000,87286.15460000,0,SOLUSDT
2026-05-27 04:25:00+00:00,83.45,83.51,83.41,83.41,2043.157,1779856199999,170544.66615000,878,743.26200000,62043.58206000,0,SOLUSDT
2026-05-27 04:30:00+00:00,83.42,83.45,82.86,83.1,63056.062,1779856499999,5236295.22937000,9606,22792.35800000,1892287.95955000,0,SOLUSDT
2026-05-27 04:35:00+00:00,83.1,83.26,83.1,83.25,3607.424,1779856799999,300017.29945000,1281,2452.89400000,203993.44419000,0,SOLUSDT
2026-05-27 04:40:00+00:00,83.25,83.26,83.19,83.22,2015.302,1779857099999,167707.19974000,796,594.31800000,49455.97167000,0,SOLUSDT
2026-05-27 04:45:00+00:00,83.22,83.45,83.21,83.45,3808.461,1779857399999,317346.56986000,1499,2646.68000000,220542.05455000,0,SOLUSDT
2026-05-27 04:50:00+00:00,83.45,83.65,83.43,83.62,4043.888,1779857699999,337884.57502000,1751,2756.96100000,230353.14165000,0,SOLUSDT
2026-05-27 04:55:00+00:00,83.61,83.68,83.58,83.64,2753.561,1779857999999,230264.01228000,901,1779.99700000,148846.10523000,0,SOLUSDT
2026-05-27 05:00:00+00:00,83.64,83.73,83.63,83.69,3989.333,1779858299999,333851.20361000,1291,2279.86000000,190780.40875000,0,SOLUSDT
2026-05-27 05:05:00+00:00,83.7,83.74,83.65,83.74,2913.928,1779858599999,243865.13093000,1072,1316.02000000,110140.49744000,0,SOLUSDT
2026-05-27 05:10:00+00:00,83.73,83.73,83.64,83.69,2330.861,1779858899999,195053.37122000,1032,866.66700000,72532.73778000,0,SOLUSDT
2026-05-27 05:15:00+00:00,83.69,83.71,83.65,83.65,1068.543,1779859199999,89405.06378000,673,629.09200000,52638.21972000,0,SOLUSDT
2026-05-27 05:20:00+00:00,83.66,83.78,83.57,83.75,3292.358,1779859499999,275514.99883000,1553,2153.93100000,180228.80435000,0,SOLUSDT
2026-05-27 05:25:00+00:00,83.75,83.84,83.73,83.78,1893.984,1779859799999,158691.25292000,853,702.28100000,58844.83046000,0,SOLUSDT
2026-05-27 05:30:00+00:00,83.77,83.81,83.67,83.68,2520.999,1779860099999,211064.72680000,1045,1620.98800000,135711.83125000,0,SOLUSDT
2026-05-27 05:35:00+00:00,83.68,83.85,83.67,83.75,3072.639,1779860399999,257377.44089000,1238,900.34100000,75421.38947000,0,SOLUSDT
2026-05-27 05:40:00+00:00,83.76,83.76,83.65,83.7,1901.258,1779860699999,159128.90016000,1063,899.27300000,75271.33355000,0,SOLUSDT
2026-05-27 05:45:00+00:00,83.71,83.77,83.66,83.76,2292.405,1779860999999,191960.60914000,1074,1365.09600000,114321.31245000,0,SOLUSDT
2026-05-27 05:50:00+00:00,83.77,83.86,83.76,83.86,2861.7,1779861299999,239873.13681000,1197,1350.13300000,113155.02633000,0,SOLUSDT
2026-05-27 05:55:00+00:00,83.85,83.93,83.85,83.89,8989.142,1779861599999,754304.86104000,1178,2388.69800000,200417.68970000,0,SOLUSDT
2026-05-27 06:00:00+00:00,83.89,83.94,83.8,83.89,4057.72,1779861899999,340290.83789000,1157,2810.37700000,235659.32845000,0,SOLUSDT
2026-05-27 06:05:00+00:00,83.9,83.97,83.87,83.95,2962.076,1779862199999,248594.06237000,1508,1308.22500000,109783.73048000,0,SOLUSDT
2026-05-27 06:10:00+00:00,83.94,83.95,83.81,83.85,2447.881,1779862499999,205298.28746000,961,1228.37600000,103012.23026000,0,SOLUSDT
2026-05-27 06:15:00+00:00,83.85,83.85,83.76,83.8,2072.811,1779862799999,173717.73678000,1137,1098.14600000,92031.63138000,0,SOLUSDT
2026-05-27 06:20:00+00:00,83.81,83.84,83.74,83.82,1600.483,1779863099999,134115.96702000,946,801.65500000,67177.41551000,0,SOLUSDT
2026-05-27 06:25:00+00:00,83.82,83.9,83.81,83.88,2398.858,1779863399999,201188.43787000,781,1103.12400000,92499.59467000,0,SOLUSDT
2026-05-27 06:30:00+00:00,83.87,84.01,83.84,83.89,10899.183,1779863699999,914694.53956000,2206,9294.91800000,780076.62829000,0,SOLUSDT
2026-05-27 06:35:00+00:00,83.89,83.95,83.86,83.91,2953.713,1779863999999,247835.43338000,1213,1143.44500000,95948.42546000,0,SOLUSDT
2026-05-27 06:40:00+00:00,83.9,84.04,83.9,84.04,4277.384,1779864299999,359244.65631000,1112,3330.51200000,279729.71251000,0,SOLUSDT
2026-05-27 06:45:00+00:00,84.03,84.07,83.98,84.01,6997.318,1779864599999,588050.35792000,1417,4116.86800000,346003.28819000,0,SOLUSDT
2026-05-27 06:50:00+00:00,84.0,84.05,83.98,84.02,2608.06,1779864899999,219107.69177000,1119,933.69200000,78447.68463000,0,SOLUSDT
2026-05-27 06:55:00+00:00,84.02,84.06,83.95,84.06,1600.291,1779865199999,134443.25999000,768,836.09300000,70246.32575000,0,SOLUSDT
2026-05-27 07:00:00+00:00,84.06,84.11,84.02,84.02,6556.297,1779865499999,551234.02387000,1385,4471.82400000,376008.22527000,0,SOLUSDT
2026-05-27 07:05:00+00:00,84.03,84.08,83.95,83.95,4613.258,1779865799999,387549.68573000,1462,2368.15600000,198943.62234000,0,SOLUSDT
2026-05-27 07:10:00+00:00,83.95,83.96,83.89,83.95,2571.753,1779866099999,215823.47428000,1024,1139.88600000,95670.05564000,0,SOLUSDT
2026-05-27 07:15:00+00:00,83.95,84.0,83.9,83.99,1828.038,1779866399999,153473.18788000,1085,1077.33100000,90455.12661000,0,SOLUSDT
2026-05-27 07:20:00+00:00,84.0,84.05,83.94,84.03,4525.974,1779866699999,380177.08691000,1577,1512.89700000,127074.94971000,0,SOLUSDT
2026-05-27 07:25:00+00:00,84.03,84.08,84.01,84.06,5380.98,1779866999999,452336.62811000,848,1640.50900000,137891.55071000,0,SOLUSDT
2026-05-27 07:30:00+00:00,84.07,84.11,83.99,84.1,4700.06,1779867299999,395029.09227000,1162,3045.36100000,255991.10517000,0,SOLUSDT
2026-05-27 07:35:00+00:00,84.1,84.16,84.03,84.05,3555.199,1779867599999,299034.09910000,1116,1655.15900000,139236.51424000,0,SOLUSDT
2026-05-27 07:40:00+00:00,84.06,84.06,84.0,84.01,2031.288,1779867899999,170708.82490000,750,686.22500000,57669.50209000,0,SOLUSDT
2026-05-27 07:45:00+00:00,84.01,84.09,84.01,84.06,2483.017,1779868199999,208689.83736000,964,738.91500000,62100.82862000,0,SOLUSDT
2026-05-27 07:50:00+00:00,84.05,84.11,84.0,84.08,3728.7,1779868499999,313424.50375000,944,1859.43300000,156313.56308000,0,SOLUSDT
2026-05-27 07:55:00+00:00,84.09,84.21,84.08,84.21,4845.236,1779868799999,407738.38020000,816,3728.71400000,313815.34030000,0,SOLUSDT
2026-05-27 08:00:00+00:00,84.2,84.27,84.19,84.24,4253.858,1779869099999,358316.84723000,1304,2171.00000000,182874.17586000,0,SOLUSDT
2026-05-27 08:05:00+00:00,84.23,84.33,84.14,84.15,6161.237,1779869399999,519066.19859000,1465,3198.56300000,269578.77527000,0,SOLUSDT
2026-05-27 08:10:00+00:00,84.15,84.19,84.08,84.14,2575.668,1779869699999,216712.96104000,736,1000.70300000,84196.65469000,0,SOLUSDT
2026-05-27 08:15:00+00:00,84.14,84.16,84.07,84.15,2089.392,1779869999999,175754.68474000,784,934.47800000,78608.97650000,0,SOLUSDT
2026-05-27 08:20:00+00:00,84.14,84.29,84.12,84.19,5366.242,1779870299999,451882.25485000,1169,3591.76000000,302422.09404000,0,SOLUSDT
2026-05-27 08:25:00+00:00,84.2,84.42,84.2,84.31,18671.437,1779870599999,1575042.28401000,2429,15995.85800000,1349351.39468000,0,SOLUSDT
2026-05-27 08:30:00+00:00,84.31,84.34,84.23,84.25,6438.259,1779870899999,542643.88205000,1100,4073.52400000,343365.49410000,0,SOLUSDT
2026-05-27 08:35:00+00:00,84.26,84.31,84.23,84.29,8165.923,1779871199999,688082.72992000,807,7512.57300000,633018.46181000,0,SOLUSDT
2026-05-27 08:40:00+00:00,84.29,84.29,84.15,84.19,7705.336,1779871499999,648988.66231000,900,5749.67500000,484286.51840000,0,SOLUSDT
2026-05-27 08:45:00+00:00,84.19,84.21,84.09,84.1,4423.068,1779871799999,372187.04801000,855,890.55800000,74932.36975000,0,SOLUSDT
2026-05-27 08:50:00+00:00,84.11,84.12,83.89,83.95,8217.033,1779872099999,690309.19253000,1550,2796.77400000,234924.62447000,0,SOLUSDT
2026-05-27 08:55:00+00:00,83.95,83.98,83.89,83.93,3591.795,1779872399999,301485.23220000,723,1572.21900000,131997.11433000,0,SOLUSDT
2026-05-27 09:00:00+00:00,83.93,83.96,83.68,83.79,4058.462,1779872699999,340141.49452000,1654,568.19600000,47636.80468000,0,SOLUSDT
2026-05-27 09:05:00+00:00,83.79,83.83,83.74,83.8,2320.189,1779872999999,194382.02150000,877,880.37600000,73767.15314000,0,SOLUSDT
2026-05-27 09:10:00+00:00,83.81,83.82,83.75,83.79,3409.231,1779873299999,285672.25747000,644,952.13300000,79779.56531000,0,SOLUSDT
2026-05-27 09:15:00+00:00,83.8,83.8,83.69,83.71,7959.611,1779873599999,666366.49000000,1237,869.51100000,72799.62480000,0,SOLUSDT
2026-05-27 09:20:00+00:00,83.71,83.79,83.71,83.76,20284.952,1779873899999,1699053.54355000,2233,3152.72600000,264067.74482000,0,SOLUSDT
2026-05-27 09:25:00+00:00,83.76,83.78,83.6,83.67,10394.581,1779874199999,870240.00898000,1774,3064.99100000,256593.29950000,0,SOLUSDT
2026-05-27 09:30:00+00:00,83.67,83.77,83.63,83.74,2821.466,1779874499999,236217.44573000,805,1790.25000000,149899.05632000,0,SOLUSDT
2026-05-27 09:35:00+00:00,83.75,83.94,83.74,83.91,7975.005,1779874799999,668982.80356000,1599,6464.23000000,542268.34734000,0,SOLUSDT
2026-05-27 09:40:00+00:00,83.92,83.92,83.8,83.8,1399.936,1779875099999,117362.77479000,456,548.76400000,46002.43745000,0,SOLUSDT
2026-05-27 09:45:00+00:00,83.8,83.84,83.77,83.79,1529.863,1779875399999,128210.94361000,587,975.83900000,81776.67114000,0,SOLUSDT
2026-05-27 09:50:00+00:00,83.8,83.86,83.69,83.76,6421.528,1779875699999,538079.37997000,1130,4109.43200000,344390.67096000,0,SOLUSDT
2026-05-27 09:55:00+00:00,83.75,83.79,83.71,83.78,1536.113,1779875999999,128646.02021000,743,531.13900000,44480.32941000,0,SOLUSDT
2026-05-27 10:00:00+00:00,83.78,83.79,83.67,83.71,3507.775,1779876299999,293678.32689000,1063,1193.91200000,99942.47676000,0,SOLUSDT
2026-05-27 10:05:00+00:00,83.71,83.8,83.7,83.78,1055.206,1779876599999,88368.89453000,581,482.18100000,40382.87405000,0,SOLUSDT
2026-05-27 10:10:00+00:00,83.78,83.91,83.77,83.91,1914.265,1779876899999,160449.28812000,651,1325.17200000,111069.61940000,0,SOLUSDT
2026-05-27 10:15:00+00:00,83.91,84.01,83.87,83.97,3337.528,1779877199999,280221.88141000,1338,2354.76300000,197714.41547000,0,SOLUSDT
2026-05-27 10:20:00+00:00,83.97,84.01,83.95,83.98,4378.998,1779877499999,367760.67096000,967,1925.29800000,161686.36605000,0,SOLUSDT
2026-05-27 10:25:00+00:00,83.98,84.09,83.96,84.02,6969.734,1779877799999,585874.11032000,1325,3377.11600000,283863.74428000,0,SOLUSDT
2026-05-27 10:30:00+00:00,84.02,84.06,83.82,83.82,6552.647,1779878099999,550106.09068000,1523,1711.92600000,143767.01917000,0,SOLUSDT
2026-05-27 10:35:00+00:00,83.82,83.9,83.8,83.81,2164.326,1779878399999,181487.29430000,961,375.06300000,31450.75638000,0,SOLUSDT
2026-05-27 10:40:00+00:00,83.8,83.88,83.79,83.88,2633.09,1779878699999,220679.54004000,743,591.04100000,49548.12454000,0,SOLUSDT
2026-05-27 10:45:00+00:00,83.88,83.97,83.85,83.91,2310.007,1779878999999,193828.76612000,1766,524.63600000,44018.07386000,0,SOLUSDT
2026-05-27 10:50:00+00:00,83.92,83.96,83.89,83.94,2518.981,1779879299999,211392.87967000,1031,1179.41200000,98977.24199000,0,SOLUSDT
2026-05-27 10:55:00+00:00,83.94,84.0,83.94,83.95,3446.422,1779879599999,289396.85032000,1853,539.25300000,45276.61122000,0,SOLUSDT
2026-05-27 11:00:00+00:00,83.95,84.16,83.92,84.08,8616.543,1779879899999,724475.64966000,2190,2971.52400000,249851.49989000,0,SOLUSDT
2026-05-27 11:05:00+00:00,84.08,84.12,84.04,84.07,4613.618,1779880199999,387997.75583000,1736,1053.84400000,88636.14368000,0,SOLUSDT
2026-05-27 11:10:00+00:00,84.06,84.12,84.05,84.09,3743.538,1779880499999,314781.54266000,1557,607.67000000,51097.83888000,0,SOLUSDT
2026-05-27 11:15:00+00:00,84.1,84.23,84.07,84.09,11416.278,1779880799999,960628.13528000,2090,5821.50100000,489863.52663000,0,SOLUSDT
2026-05-27 11:20:00+00:00,84.1,84.2,84.1,84.18,4823.544,1779881099999,405881.75029000,1647,1940.86600000,163311.61125000,0,SOLUSDT
2026-05-27 11:25:00+00:00,84.18,84.19,84.09,84.09,4318.518,1779881399999,363389.75414000,1734,748.50600000,62981.97993000,0,SOLUSDT
2026-05-27 11:30:00+00:00,84.1,84.1,83.91,84.04,4321.25,1779881699999,363001.56278000,1786,1652.98800000,138847.36889000,0,SOLUSDT
2026-05-27 11:35:00+00:00,84.04,84.19,84.02,84.12,5400.756,1779881999999,454377.88909000,1982,1508.41200000,126866.62269000,0,SOLUSDT
2026-05-27 11:40:00+00:00,84.12,84.13,84.05,84.09,4882.199,1779882299999,410484.42488000,2128,1624.28900000,136569.66865000,0,SOLUSDT
2026-05-27 11:45:00+00:00,84.08,84.09,84.01,84.05,3519.122,1779882599999,295788.68251000,2117,580.65500000,48803.56782000,0,SOLUSDT
2026-05-27 11:50:00+00:00,84.05,84.07,84.0,84.0,4683.223,1779882899999,393615.90046000,2158,1425.16600000,119783.81857000,0,SOLUSDT
2026-05-27 11:55:00+00:00,83.99,84.05,83.91,83.94,3769.424,1779883199999,316496.25816000,1422,1748.65800000,146848.74944000,0,SOLUSDT
2026-05-27 12:00:00+00:00,83.95,83.95,83.71,83.79,5773.797,1779883499999,483896.89020000,1935,2067.89100000,173294.93185000,0,SOLUSDT
2026-05-27 12:05:00+00:00,83.8,83.83,83.57,83.73,5941.748,1779883799999,497260.20894000,2328,2557.84700000,214077.83034000,0,SOLUSDT
2026-05-27 12:10:00+00:00,83.72,83.72,83.56,83.71,4604.262,1779884099999,385055.58142000,1515,1589.26000000,132935.49205000,0,SOLUSDT
2026-05-27 12:15:00+00:00,83.7,84.03,83.55,83.99,8280.472,1779884399999,693552.38669000,4024,4682.39000000,392225.03378000,0,SOLUSDT
2026-05-27 12:20:00+00:00,83.98,84.68,83.95,84.26,45754.461,1779884699999,3862185.40072000,9139,34010.72400000,2870734.93652000,0,SOLUSDT
2026-05-27 12:25:00+00:00,84.26,84.39,84.2,84.35,17122.53,1779884999999,1443338.32344000,2971,9711.29800000,818637.90254000,0,SOLUSDT
2026-05-27 12:30:00+00:00,84.35,84.45,84.09,84.11,11440.734,1779885299999,964486.98736000,2368,5008.88400000,422498.57601000,0,SOLUSDT
2026-05-27 12:35:00+00:00,84.11,84.44,84.1,84.4,13800.335,1779885599999,1163328.38700000,2907,10288.35500000,867186.05415000,0,SOLUSDT
2026-05-27 12:40:00+00:00,84.4,84.41,84.25,84.33,2968.899,1779885899999,250371.76843000,1251,1241.60300000,104691.17776000,0,SOLUSDT
2026-05-27 12:45:00+00:00,84.33,84.33,84.05,84.16,5316.218,1779886199999,447376.13195000,1733,1519.86600000,127898.05955000,0,SOLUSDT
2026-05-27 12:50:00+00:00,84.16,84.18,84.03,84.1,5209.23,1779886499999,438073.48241000,1505,2554.54900000,214838.15895000,0,SOLUSDT
2026-05-27 12:55:00+00:00,84.09,84.09,83.93,83.95,7927.292,1779886799999,665757.42368000,1657,2771.72100000,232766.35792000,0,SOLUSDT
2026-05-27 13:00:00+00:00,83.94,84.06,83.85,83.85,5541.072,1779887099999,465275.12798000,2402,2266.96400000,190385.73588000,0,SOLUSDT
2026-05-27 13:05:00+00:00,83.85,83.91,83.71,83.75,15080.126,1779887399999,1264001.77476000,4010,6287.14500000,526901.88860000,0,SOLUSDT
2026-05-27 13:10:00+00:00,83.75,83.8,83.62,83.73,6722.193,1779887699999,562739.02597000,3084,1609.34100000,134733.75130000,0,SOLUSDT
2026-05-27 13:15:00+00:00,83.73,83.83,83.67,83.8,10445.451,1779887999999,874630.41279000,2557,7437.11100000,622757.13466000,0,SOLUSDT
2026-05-27 13:20:00+00:00,83.81,83.82,83.64,83.78,2205.524,1779888299999,184642.96813000,1858,843.11100000,70573.93330000,0,SOLUSDT
2026-05-27 13:25:00+00:00,83.79,83.79,83.51,83.6,6648.165,1779888599999,555923.15730000,3570,2024.07800000,169212.66277000,0,SOLUSDT
2026-05-27 13:30:00+00:00,83.59,83.7,83.39,83.61,10025.018,1779888899999,837418.75535000,8829,5594.78800000,467387.98591000,0,SOLUSDT
2026-05-27 13:35:00+00:00,83.61,83.63,83.13,83.27,10341.241,1779889199999,861526.23248000,8350,4696.15800000,391245.01956000,0,SOLUSDT
2026-05-27 13:40:00+00:00,83.26,83.29,83.0,83.08,13894.846,1779889499999,1154983.10986000,8018,7240.23700000,601869.00611000,0,SOLUSDT
2026-05-27 13:45:00+00:00,83.07,83.3,82.98,83.21,25414.17,1779889799999,2112394.88176000,8189,11787.19800000,980117.51418000,0,SOLUSDT
2026-05-27 13:50:00+00:00,83.21,83.53,83.13,83.4,15694.199,1779890099999,1307740.58810000,5980,9196.46600000,766286.35040000,0,SOLUSDT
2026-05-27 13:55:00+00:00,83.39,83.65,83.35,83.63,17098.848,1779890399999,1427053.53371000,3890,9650.27800000,805494.31600000,0,SOLUSDT
2026-05-27 14:00:00+00:00,83.64,84.12,83.64,84.01,34002.437,1779890699999,2853814.95599000,8368,17030.02500000,1429321.83192000,0,SOLUSDT
2026-05-27 14:05:00+00:00,84.01,84.01,83.72,83.85,10603.87,1779890999999,889075.94325000,4276,4076.13500000,341729.45255000,0,SOLUSDT
2026-05-27 14:10:00+00:00,83.85,83.87,83.74,83.76,13752.133,1779891299999,1152387.12235000,2964,5623.26600000,471182.16127000,0,SOLUSDT
2026-05-27 14:15:00+00:00,83.76,83.95,83.74,83.91,5904.684,1779891599999,495010.23817000,3789,3343.02000000,280301.33122000,0,SOLUSDT
2026-05-27 14:20:00+00:00,83.9,83.91,83.36,83.36,16472.784,1779891899999,1377157.72668000,6192,9188.71700000,768114.16384000,0,SOLUSDT
2026-05-27 14:25:00+00:00,83.36,83.51,83.22,83.42,4772.35,1779892199999,397773.89297000,4774,1528.66900000,127425.31697000,0,SOLUSDT
2026-05-27 14:30:00+00:00,83.42,83.7,83.36,83.62,14309.595,1779892499999,1194822.50158000,7118,6015.22100000,502187.17771000,0,SOLUSDT
2026-05-27 14:35:00+00:00,83.62,83.73,83.5,83.65,7337.72,1779892799999,613673.63217000,3682,3404.04100000,284608.15703000,0,SOLUSDT
2026-05-27 14:40:00+00:00,83.65,83.71,83.41,83.56,6657.096,1779893099999,556081.02866000,2066,3783.83900000,316108.60768000,0,SOLUSDT
2026-05-27 14:45:00+00:00,83.56,83.79,83.56,83.63,4781.026,1779893399999,400122.80281000,2344,3059.47100000,256039.70532000,0,SOLUSDT
2026-05-27 14:50:00+00:00,83.64,83.92,83.64,83.89,16893.783,1779893699999,1416587.97945000,2600,14652.35500000,1228714.35313000,0,SOLUSDT
2026-05-27 14:55:00+00:00,83.89,83.95,83.83,83.91,9141.219,1779893999999,766514.75474000,1583,2553.21800000,214160.49491000,0,SOLUSDT
2026-05-27 15:00:00+00:00,83.91,84.11,83.88,83.98,18899.154,1779894299999,1587869.25334000,3372,13368.72600000,1123134.39835000,0,SOLUSDT
2026-05-27 15:05:00+00:00,83.98,84.17,83.95,84.14,10080.664,1779894599999,847053.04548000,2528,7308.14800000,614112.85966000,0,SOLUSDT
2026-05-27 15:10:00+00:00,84.13,84.32,84.12,84.3,29382.512,1779894899999,2474942.66566000,3602,23769.80000000,2002186.50439000,0,SOLUSDT
2026-05-27 15:15:00+00:00,84.29,84.52,84.26,84.4,18252.57,1779895199999,1540743.73011000,4321,13696.55100000,1156137.25161000,0,SOLUSDT
2026-05-27 15:20:00+00:00,84.39,84.64,84.35,84.52,20515.545,1779895499999,1733254.72716000,4919,14474.40800000,1222903.23026000,0,SOLUSDT
2026-05-27 15:25:00+00:00,84.52,84.52,84.41,84.48,10101.647,1779895799999,853070.70328000,3542,4097.56400000,345993.55181000,0,SOLUSDT
2026-05-27 15:30:00+00:00,84.48,84.84,84.48,84.59,39152.463,1779896099999,3315865.94114000,8710,25969.07500000,2199397.65699000,0,SOLUSDT
2026-05-27 15:35:00+00:00,84.59,84.79,84.59,84.68,23514.165,1779896399999,1991937.99821000,5803,14089.88100000,1193602.38016000,0,SOLUSDT
2026-05-27 15:40:00+00:00,84.68,84.74,84.37,84.41,12960.921,1779896699999,1096555.53412000,5005,3003.96500000,254249.05752000,0,SOLUSDT
2026-05-27 15:45:00+00:00,84.42,84.5,84.4,84.44,16282.594,1779896999999,1374840.72476000,4893,7657.29700000,646529.46176000,0,SOLUSDT
2026-05-27 15:50:00+00:00,84.44,84.52,84.23,84.29,11832.356,1779897299999,998158.89277000,4976,2618.64900000,220975.42261000,0,SOLUSDT
2026-05-27 15:55:00+00:00,84.28,84.45,84.21,84.44,7444.798,1779897599999,627718.78697000,1775,4448.70200000,375184.59192000,0,SOLUSDT
2026-05-27 16:00:00+00:00,84.44,84.75,84.44,84.48,20100.931,1779897899999,1700792.81880000,5087,9702.65400000,820732.28154000,0,SOLUSDT
2026-05-27 16:05:00+00:00,84.49,84.54,84.39,84.51,8123.419,1779898199999,686144.51215000,2576,4468.35300000,377370.70458000,0,SOLUSDT
2026-05-27 16:10:00+00:00,84.51,84.66,84.47,84.48,6661.295,1779898499999,563349.23885000,2121,3814.61600000,322631.41225000,0,SOLUSDT
2026-05-27 16:15:00+00:00,84.48,84.48,84.1,84.16,10345.172,1779898799999,871398.83005000,3257,4791.08000000,403383.66086000,0,SOLUSDT
2026-05-27 16:20:00+00:00,84.15,84.21,84.04,84.16,10073.305,1779899099999,847366.43319000,2330,4998.57600000,420493.24259000,0,SOLUSDT
2026-05-27 16:25:00+00:00,84.16,84.24,84.14,84.15,3403.889,1779899399999,286568.32279000,1841,1495.70600000,125929.64231000,0,SOLUSDT
2026-05-27 16:30:00+00:00,84.15,84.25,84.05,84.07,6162.602,1779899699999,518445.01786000,2266,2436.10600000,204947.37193000,0,SOLUSDT
2026-05-27 16:35:00+00:00,84.07,84.08,83.87,83.97,9933.818,1779899999999,834400.54970000,3081,4740.12300000,398108.14669000,0,SOLUSDT
2026-05-27 16:40:00+00:00,83.97,84.15,83.94,84.1,6071.559,1779900299999,510447.07176000,2050,4647.61800000,390763.21172000,0,SOLUSDT
2026-05-27 16:45:00+00:00,84.1,84.14,84.05,84.12,10957.111,1779900599999,921446.75652000,3359,7468.68900000,628090.53941000,0,SOLUSDT
2026-05-27 16:50:00+00:00,84.12,84.29,84.11,84.15,12317.95,1779900899999,1036979.38201000,2860,6096.34700000,513177.72353000,0,SOLUSDT
2026-05-27 16:55:00+00:00,84.16,84.24,84.14,84.18,4385.403,1779901199999,369192.61812000,1990,3612.05500000,304082.38756000,0,SOLUSDT
2026-05-27 17:00:00+00:00,84.18,84.2,83.91,84.16,17336.332,1779901499999,1458075.56628000,4767,9654.55800000,811953.86575000,0,SOLUSDT
2026-05-27 17:05:00+00:00,84.15,84.19,83.68,83.71,8615.024,1779901799999,723046.06901000,3973,4398.30200000,369149.84875000,0,SOLUSDT
2026-05-27 17:10:00+00:00,83.71,83.77,83.33,83.37,17684.985,1779902099999,1476976.46393000,5508,7141.75500000,596701.38072000,0,SOLUSDT
2026-05-27 17:15:00+00:00,83.38,83.49,83.17,83.44,21775.013,1779902399999,1814544.59780000,8674,12257.12200000,1021637.08719000,0,SOLUSDT
2026-05-27 17:20:00+00:00,83.45,83.71,83.42,83.62,7641.238,1779902699999,638749.58856000,3882,5399.48200000,451365.79247000,0,SOLUSDT
2026-05-27 17:25:00+00:00,83.63,83.79,83.48,83.74,17581.282,1779902999999,1469439.64268000,5029,11502.05100000,961362.00598000,0,SOLUSDT
2026-05-27 17:30:00+00:00,83.74,83.74,83.54,83.66,8344.083,1779903299999,697971.05784000,4300,6235.68900000,521558.66195000,0,SOLUSDT
2026-05-27 17:35:00+00:00,83.66,83.75,83.59,83.66,8999.089,1779903599999,752899.06740000,3136,6186.15600000,517549.53483000,0,SOLUSDT
2026-05-27 17:40:00+00:00,83.66,83.68,83.35,83.45,8252.186,1779903899999,689116.10603000,4404,4670.69700000,389939.08424000,0,SOLUSDT
2026-05-27 17:45:00+00:00,83.45,83.56,83.38,83.55,8852.434,1779904199999,739070.65275000,4236,5615.63300000,468832.26754000,0,SOLUSDT
2026-05-27 17:50:00+00:00,83.55,83.56,83.47,83.49,6245.774,1779904499999,521597.94637000,2750,4881.38300000,407643.35732000,0,SOLUSDT
2026-05-27 17:55:00+00:00,83.49,83.5,83.16,83.41,17570.175,1779904799999,1464144.82111000,7077,10079.25100000,839988.08046000,0,SOLUSDT
2026-05-27 18:00:00+00:00,83.4,83.51,83.29,83.38,10404.893,1779905099999,867877.31675000,4785,6972.25900000,581533.42674000,0,SOLUSDT
2026-05-27 18:05:00+00:00,83.38,83.51,83.29,83.35,7033.44,1779905399999,586678.13899000,3732,3429.35400000,286047.92692000,0,SOLUSDT
2026-05-27 18:10:00+00:00,83.35,83.47,83.2,83.36,10360.314,1779905699999,863078.10868000,4212,3327.14400000,277265.58231000,0,SOLUSDT
2026-05-27 18:15:00+00:00,83.36,83.55,83.29,83.5,7784.888,1779905999999,649803.43770000,3231,2659.49300000,222029.41877000,0,SOLUSDT
2026-05-27 18:20:00+00:00,83.5,83.55,83.41,83.5,5340.345,1779906299999,445960.15408000,2124,2807.77500000,234482.26911000,0,SOLUSDT
2026-05-27 18:25:00+00:00,83.51,83.57,83.44,83.53,1636.972,1779906599999,136696.22762000,1415,433.12300000,36167.67853000,0,SOLUSDT
2026-05-27 18:30:00+00:00,83.53,83.57,83.45,83.49,2031.015,1779906899999,169609.11913000,1717,1044.35600000,87212.47645000,0,SOLUSDT
2026-05-27 18:35:00+00:00,83.5,83.57,83.43,83.56,1706.548,1779907199999,142501.18133000,1529,755.48900000,63099.43242000,0,SOLUSDT
2026-05-27 18:40:00+00:00,83.57,83.77,83.57,83.68,3472.088,1779907499999,290514.36234000,1787,2187.43900000,182985.31408000,0,SOLUSDT
2026-05-27 18:45:00+00:00,83.69,83.76,83.68,83.68,1745.206,1779907799999,146088.41155000,1317,1206.94500000,101030.70328000,0,SOLUSDT
2026-05-27 18:50:00+00:00,83.67,83.83,83.67,83.79,2685.057,1779908099999,224820.21240000,2100,1603.82100000,134285.42623000,0,SOLUSDT
2026-05-27 18:55:00+00:00,83.79,83.99,83.79,83.94,6666.854,1779908399999,559605.14694000,1902,5609.20300000,470827.39654000,0,SOLUSDT
2026-05-27 19:00:00+00:00,83.94,84.07,83.89,84.04,7755.951,1779908699999,651384.74575000,2583,4775.42300000,401051.62214000,0,SOLUSDT
2026-05-27 19:05:00+00:00,84.03,84.06,83.97,84.03,4838.5,1779908999999,406447.41220000,1598,3147.29700000,264377.77482000,0,SOLUSDT
2026-05-27 19:10:00+00:00,84.04,84.14,83.96,84.14,2872.242,1779909299999,241402.77302000,1747,1933.75700000,162551.33466000,0,SOLUSDT
2026-05-27 19:15:00+00:00,84.14,84.14,83.96,83.98,11260.859,1779909599999,946295.16760000,2307,5553.84200000,466629.27161000,0,SOLUSDT
2026-05-27 19:20:00+00:00,83.97,84.08,83.93,84.07,5459.909,1779909899999,458733.42678000,1416,4791.17400000,402560.95607000,0,SOLUSDT
2026-05-27 19:25:00+00:00,84.07,84.09,83.95,83.95,3066.899,1779910199999,257713.60522000,1173,1593.00200000,133854.61998000,0,SOLUSDT
2026-05-27 19:30:00+00:00,83.96,84.12,83.94,84.03,3878.255,1779910499999,325924.23985000,1753,1566.74800000,131679.64405000,0,SOLUSDT
2026-05-27 19:35:00+00:00,84.03,84.06,83.96,84.01,6947.083,1779910799999,583577.72591000,1405,2682.10500000,225273.40358000,0,SOLUSDT
2026-05-27 19:40:00+00:00,84.01,84.06,83.9,83.95,2913.824,1779911099999,244691.68905000,1425,1579.07500000,132615.87932000,0,SOLUSDT
2026-05-27 19:45:00+00:00,83.96,84.04,83.9,83.91,7563.826,1779911399999,635284.53460000,2023,2802.88400000,235391.43185000,0,SOLUSDT
2026-05-27 19:50:00+00:00,83.9,83.96,83.87,83.94,3405.078,1779911699999,285690.01544000,1230,1678.43600000,140808.89673000,0,SOLUSDT
2026-05-27 19:55:00+00:00,83.95,83.95,83.9,83.91,2351.222,1779911999999,197289.28084000,663,2226.36500000,186811.61640000,0,SOLUSDT
2026-05-27 20:00:00+00:00,83.92,84.04,83.87,83.92,9182.376,1779912299999,771074.59187000,2547,7234.68600000,607509.48274000,0,SOLUSDT
2026-05-27 20:05:00+00:00,83.92,84.05,83.87,84.04,9485.147,1779912599999,796192.72566000,2338,5122.30000000,429926.93701000,0,SOLUSDT
2026-05-27 20:10:00+00:00,84.04,84.06,83.97,84.0,4701.138,1779912899999,394990.43336000,1580,2867.85400000,240964.27518000,0,SOLUSDT
2026-05-27 20:15:00+00:00,84.0,84.1,83.97,84.08,4691.313,1779913199999,394366.80327000,1922,2955.21900000,248431.63752000,0,SOLUSDT
2026-05-27 20:20:00+00:00,84.09,84.14,83.93,83.93,8807.709,1779913499999,740463.95291000,1748,6195.51600000,520910.72351000,0,SOLUSDT
2026-05-27 20:25:00+00:00,83.94,83.98,83.85,83.88,1241.82,1779913799999,104225.84217000,859,375.31000000,31495.38844000,0,SOLUSDT
2026-05-27 20:30:00+00:00,83.88,83.93,83.76,83.79,5669.386,1779914099999,475381.46034000,1399,1389.46300000,116516.30980000,0,SOLUSDT
2026-05-27 20:35:00+00:00,83.78,83.85,83.78,83.81,1079.174,1779914399999,90457.78622000,633,587.48800000,49246.25903000,0,SOLUSDT
2026-05-27 20:40:00+00:00,83.8,83.86,83.78,83.83,3114.19,1779914699999,261070.37451000,852,1680.93200000,140921.15382000,0,SOLUSDT
2026-05-27 20:45:00+00:00,83.83,83.88,83.81,83.88,1097.182,1779914999999,91985.32597000,590,551.06800000,46196.53708000,0,SOLUSDT
2026-05-27 20:50:00+00:00,83.88,83.89,83.8,83.82,2418.593,1779915299999,202789.84129000,826,483.25300000,40519.02444000,0,SOLUSDT
2026-05-27 20:55:00+00:00,83.81,83.86,83.81,83.82,1890.009,1779915599999,158453.56464000,651,1173.64900000,98396.11534000,0,SOLUSDT
2026-05-27 21:00:00+00:00,83.82,83.82,83.69,83.69,3739.633,1779915899999,313169.52822000,1549,2602.67000000,217930.75951000,0,SOLUSDT
2026-05-27 21:05:00+00:00,83.7,83.8,83.66,83.66,2596.442,1779916199999,217303.08056000,1080,1884.06200000,157654.12415000,0,SOLUSDT
2026-05-27 21:10:00+00:00,83.66,83.73,83.61,83.65,2913.024,1779916499999,243739.87352000,1430,1011.81700000,84645.08703000,0,SOLUSDT
2026-05-27 21:15:00+00:00,83.65,83.67,83.62,83.64,633.927,1779916799999,53022.86206000,702,458.78200000,38373.99859000,0,SOLUSDT
2026-05-27 21:20:00+00:00,83.64,83.65,83.61,83.63,1004.417,1779917099999,84000.60668000,574,611.76400000,51165.69975000,0,SOLUSDT
2026-05-27 21:25:00+00:00,83.63,83.64,83.45,83.45,2074.18,1779917399999,173278.40187000,1234,544.76100000,45529.21877000,0,SOLUSDT
2026-05-27 21:30:00+00:00,83.45,83.45,83.22,83.25,58553.705,1779917699999,4878590.40492000,5847,30332.22200000,2527362.93627000,0,SOLUSDT
2026-05-27 21:35:00+00:00,83.25,83.35,83.21,83.23,19747.164,1779917999999,1644461.60057000,3250,12070.67500000,1005154.63542000,0,SOLUSDT
2026-05-27 21:40:00+00:00,83.22,83.22,82.42,82.74,62994.858,1779918299999,5217827.13977000,16683,12612.29600000,1045449.05059000,0,SOLUSDT
2026-05-27 21:45:00+00:00,82.75,82.76,82.18,82.41,24737.542,1779918599999,2038949.65674000,17368,8706.38000000,717785.66737000,0,SOLUSDT
2026-05-27 21:50:00+00:00,82.41,82.42,82.1,82.15,13912.387,1779918899999,1143992.50123000,9262,4470.98300000,367687.33916000,0,SOLUSDT
2026-05-27 21:55:00+00:00,82.15,82.51,82.12,82.49,13191.307,1779919199999,1085267.62269000,6004,7263.85100000,597565.97384000,0,SOLUSDT
2026-05-27 22:00:00+00:00,82.49,82.91,82.24,82.86,16307.041,1779919499999,1347218.06696000,9068,7492.47400000,619612.83221000,0,SOLUSDT
2026-05-27 22:05:00+00:00,82.86,83.03,82.73,82.77,13262.49,1779919799999,1098936.54977000,5640,5866.79200000,486159.57233000,0,SOLUSDT
2026-05-27 22:10:00+00:00,82.78,82.78,82.37,82.61,18193.627,1779920099999,1501479.81454000,7346,6449.38800000,532219.45583000,0,SOLUSDT
2026-05-27 22:15:00+00:00,82.61,82.63,82.22,82.53,20501.374,1779920399999,1690403.08751000,7342,8107.95900000,668265.55506000,0,SOLUSDT
2026-05-27 22:20:00+00:00,82.53,82.7,82.52,82.59,6595.357,1779920699999,544904.41468000,3150,2540.87100000,209895.81050000,0,SOLUSDT
2026-05-27 22:25:00+00:00,82.59,82.75,82.57,82.69,11292.732,1779920999999,933507.11707000,2998,7621.33800000,630006.40525000,0,SOLUSDT
2026-05-27 22:30:00+00:00,82.7,82.72,82.53,82.66,5197.222,1779921299999,429348.89637000,2792,1744.95000000,144160.21161000,0,SOLUSDT
2026-05-27 22:35:00+00:00,82.65,82.75,82.64,82.74,3772.179,1779921599999,311954.08219000,1969,2734.04300000,226116.67187000,0,SOLUSDT
2026-05-27 22:40:00+00:00,82.75,82.82,82.68,82.69,8015.302,1779921899999,663171.56657000,3174,3799.36100000,314330.24935000,0,SOLUSDT
2026-05-27 22:45:00+00:00,82.69,82.73,82.55,82.56,3664.743,1779922199999,302844.40969000,2300,1996.70700000,164975.18023000,0,SOLUSDT
2026-05-27 22:50:00+00:00,82.56,82.66,82.55,82.63,3754.342,1779922499999,310140.36998000,2032,1761.51800000,145516.21111000,0,SOLUSDT
2026-05-27 22:55:00+00:00,82.63,82.69,82.44,82.47,5226.163,1779922799999,431412.19974000,2445,2591.77200000,213917.30726000,0,SOLUSDT
2026-05-27 23:00:00+00:00,82.46,82.57,82.36,82.54,5649.397,1779923099999,465924.42126000,3343,2535.30000000,209073.42572000,0,SOLUSDT
2026-05-27 23:05:00+00:00,82.54,82.6,82.44,82.59,6767.284,1779923399999,558551.56375000,2372,4935.30300000,407345.23220000,0,SOLUSDT
2026-05-27 23:10:00+00:00,82.58,82.6,82.52,82.58,2267.734,1779923699999,187211.81116000,1672,1207.85400000,99708.55752000,0,SOLUSDT
2026-05-27 23:15:00+00:00,82.58,82.7,82.56,82.65,9119.902,1779923999999,753597.51403000,2948,2877.42300000,237819.94645000,0,SOLUSDT
2026-05-27 23:20:00+00:00,82.66,82.68,82.34,82.36,12575.479,1779924299999,1036952.92823000,3391,5528.87800000,455841.57807000,0,SOLUSDT
2026-05-27 23:25:00+00:00,82.36,82.36,82.22,82.31,6663.216,1779924599999,548312.47502000,3690,2110.49200000,173635.42274000,0,SOLUSDT
2026-05-27 23:30:00+00:00,82.3,82.49,82.28,82.33,4898.658,1779924899999,403568.43105000,2898,2512.95900000,207022.76005000,0,SOLUSDT
2026-05-27 23:35:00+00:00,82.33,82.33,82.2,82.33,5481.643,1779925199999,450985.61949000,2623,1164.14100000,95776.25652000,0,SOLUSDT
2026-05-27 23:40:00+00:00,82.33,82.37,82.24,82.35,3685.481,1779925499999,303363.27406000,2265,1802.98200000,148417.20627000,0,SOLUSDT
2026-05-27 23:45:00+00:00,82.36,82.55,82.31,82.5,4156.355,1779925799999,342720.41640000,1785,2013.22200000,165962.94577000,0,SOLUSDT
2026-05-27 23:50:00+00:00,82.49,82.52,82.3,82.48,6699.835,1779926099999,552238.35380000,2579,2031.83500000,167526.41665000,0,SOLUSDT
2026-05-27 23:55:00+00:00,82.49,82.53,82.43,82.44,3678.839,1779926399999,303453.63328000,1412,1912.05500000,157714.37479000,0,SOLUSDT
2026-05-28 00:00:00+00:00,82.43,82.59,82.4,82.54,10377.648,1779926699999,856350.66568000,2918,2851.84600000,235339.02269000,0,SOLUSDT
2026-05-28 00:05:00+00:00,82.55,82.61,82.42,82.55,4582.21,1779926999999,378128.95425000,2466,2097.70100000,173072.44138000,0,SOLUSDT
2026-05-28 00:10:00+00:00,82.55,82.57,82.36,82.41,5100.749,1779927299999,420600.35864000,2271,2026.09800000,167047.32796000,0,SOLUSDT
2026-05-28 00:15:00+00:00,82.42,82.67,82.42,82.58,3276.03,1779927599999,270533.59210000,2551,1427.33500000,117842.80154000,0,SOLUSDT
2026-05-28 00:20:00+00:00,82.57,82.65,82.5,82.51,5340.741,1779927899999,441027.37293000,1906,2164.45500000,178725.88936000,0,SOLUSDT
2026-05-28 00:25:00+00:00,82.52,82.56,82.39,82.56,3836.658,1779928199999,316339.99719000,2107,2197.44400000,181202.32142000,0,SOLUSDT
2026-05-28 00:30:00+00:00,82.57,82.65,82.56,82.63,5452.961,1779928499999,450440.99854000,1839,3825.49900000,316016.66715000,0,SOLUSDT
2026-05-28 00:35:00+00:00,82.63,82.66,82.57,82.58,4697.154,1779928799999,388060.72006000,1571,2333.05100000,192734.04806000,0,SOLUSDT
2026-05-28 00:40:00+00:00,82.58,82.67,82.58,82.67,4518.509,1779929099999,373349.08362000,1616,1664.24100000,137507.99894000,0,SOLUSDT
2026-05-28 00:45:00+00:00,82.67,82.74,82.64,82.69,6968.669,1779929399999,576219.61091000,1563,4304.26000000,355899.67006000,0,SOLUSDT
2026-05-28 00:50:00+00:00,82.68,82.71,82.54,82.68,3182.438,1779929699999,262982.62669000,1700,1466.57700000,121180.81752000,0,SOLUSDT
2026-05-28 00:55:00+00:00,82.67,82.72,82.56,82.71,4254.654,1779929999999,351633.71280000,1988,2147.51000000,177480.16604000,0,SOLUSDT
2026-05-28 01:00:00+00:00,82.72,82.76,82.67,82.68,4560.097,1779930299999,377192.11561000,2161,1487.16300000,123003.95121000,0,SOLUSDT
2026-05-28 01:05:00+00:00,82.67,82.71,82.57,82.63,8501.378,1779930599999,702637.53602000,2087,4693.93200000,387960.38075000,0,SOLUSDT
2026-05-28 01:10:00+00:00,82.63,82.68,82.49,82.62,5228.932,1779930899999,431929.60563000,2236,2282.90700000,188572.78681000,0,SOLUSDT
2026-05-28 01:15:00+00:00,82.62,82.62,82.21,82.44,21675.585,1779931199999,1785770.33987000,6052,7225.51200000,595221.57339000,0,SOLUSDT
2026-05-28 01:20:00+00:00,82.44,82.63,82.3,82.47,7518.757,1779931499999,619960.20504000,3772,3265.23600000,269186.73095000,0,SOLUSDT
2026-05-28 01:25:00+00:00,82.47,82.48,81.93,82.16,37675.239,1779931799999,3092328.20884000,9194,9369.08700000,769198.65337000,0,SOLUSDT
2026-05-28 01:30:00+00:00,82.16,82.34,82.11,82.25,10232.99,1779932099999,841485.03814000,5536,4555.28300000,374596.50740000,0,SOLUSDT
2026-05-28 01:35:00+00:00,82.25,82.43,82.19,82.32,16130.464,1779932399999,1328256.20392000,2991,3270.99500000,269273.19812000,0,SOLUSDT
2026-05-28 01:40:00+00:00,82.33,82.34,82.12,82.32,11147.745,1779932699999,916776.34401000,3456,3951.46600000,325003.41763000,0,SOLUSDT
2026-05-28 01:45:00+00:00,82.31,82.48,82.29,82.37,10087.744,1779932999999,830705.81950000,3633,3609.69300000,297251.74029000,0,SOLUSDT
2026-05-28 01:50:00+00:00,82.37,82.38,82.1,82.22,12271.532,1779933299999,1008887.43521000,3022,5093.64800000,418692.27601000,0,SOLUSDT
2026-05-28 01:55:00+00:00,82.22,82.29,82.12,82.27,7639.188,1779933599999,628066.05862000,2682,3401.20000000,279621.32648000,0,SOLUSDT
2026-05-28 02:00:00+00:00,82.28,82.4,82.12,82.2,6385.903,1779933899999,525331.10575000,3379,3102.36800000,255224.00962000,0,SOLUSDT
2026-05-28 02:05:00+00:00,82.19,82.44,82.16,82.36,8662.344,1779934199999,713057.82632000,3274,6046.33600000,497694.87841000,0,SOLUSDT
2026-05-28 02:10:00+00:00,82.36,82.4,82.29,82.36,3268.528,1779934499999,269119.76608000,1889,2004.53900000,165050.91381000,0,SOLUSDT
2026-05-28 02:15:00+00:00,82.37,82.43,82.22,82.25,3975.949,1779934799999,327338.27510000,2119,1821.51000000,149958.73426000,0,SOLUSDT
2026-05-28 02:20:00+00:00,82.24,82.28,82.03,82.16,7855.723,1779935099999,645098.72985000,3034,2908.95200000,238904.18511000,0,SOLUSDT
2026-05-28 02:25:00+00:00,82.16,82.21,82.1,82.19,3365.573,1779935399999,276535.70114000,1785,1784.32000000,146606.30141000,0,SOLUSDT
2026-05-28 02:30:00+00:00,82.19,82.26,82.06,82.16,6545.961,1779935699999,537874.90869000,3105,4039.17300000,331911.79200000,0,SOLUSDT
2026-05-28 02:35:00+00:00,82.16,82.23,82.0,82.22,7188.473,1779935999999,590214.27093000,2983,4321.65300000,354839.54367000,0,SOLUSDT
2026-05-28 02:40:00+00:00,82.23,82.25,82.1,82.11,5087.479,1779936299999,418063.10796000,2426,2235.29300000,183699.51586000,0,SOLUSDT
2026-05-28 02:45:00+00:00,82.11,82.22,82.05,82.22,11503.556,1779936599999,944758.49601000,2872,6729.69800000,552708.04459000,0,SOLUSDT
2026-05-28 02:50:00+00:00,82.22,82.22,82.07,82.17,10999.276,1779936899999,903321.39957000,2465,3148.78300000,258607.96479000,0,SOLUSDT
2026-05-28 02:55:00+00:00,82.17,82.24,82.09,82.1,3751.182,1779937199999,308278.10098000,2001,1559.56700000,128175.53944000,0,SOLUSDT
2026-05-28 03:00:00+00:00,82.11,82.16,82.01,82.1,5879.761,1779937499999,482594.08995000,2892,2400.12700000,196990.69561000,0,SOLUSDT
2026-05-28 03:05:00+00:00,82.1,82.25,82.02,82.05,5080.379,1779937799999,417246.25202000,2859,2310.12700000,189746.21150000,0,SOLUSDT
2026-05-28 03:10:00+00:00,82.05,82.05,81.8,81.96,13117.477,1779938099999,1074599.41761000,6640,4353.51200000,356714.43869000,0,SOLUSDT
2026-05-28 03:15:00+00:00,81.97,82.0,80.72,81.08,119171.244,1779938399999,9672087.58860000,31258,42040.42400000,3407601.76795000,0,SOLUSDT
2026-05-28 03:20:00+00:00,81.09,81.68,81.07,81.68,33255.074,1779938699999,2708100.57920000,10164,16007.69300000,1303788.94920000,0,SOLUSDT
2026-05-28 03:25:00+00:00,81.69,81.7,81.37,81.39,13550.035,1779938999999,1104992.54798000,5238,5425.08300000,442354.81562000,0,SOLUSDT
2026-05-28 03:30:00+00:00,81.38,81.44,81.25,81.27,10412.893,1779939299999,846929.62651000,5457,4220.82400000,343362.02327000,0,SOLUSDT
2026-05-28 03:35:00+00:00,81.26,81.26,81.04,81.13,28266.248,1779939599999,2293082.30563000,7408,13173.65400000,1068540.27194000,0,SOLUSDT
2026-05-28 03:40:00+00:00,81.14,81.22,81.0,81.01,15077.25,1779939899999,1222916.75802000,5376,7224.17000000,586041.20611000,0,SOLUSDT
2026-05-28 03:45:00+00:00,81.02,81.22,80.98,81.03,9768.623,1779940199999,792066.67633000,4356,3811.36400000,309108.06690000,0,SOLUSDT
2026-05-28 03:50:00+00:00,81.03,81.05,80.66,80.74,28993.791,1779940499999,2343812.81799000,8669,8544.78900000,690799.68288000,0,SOLUSDT
2026-05-28 03:55:00+00:00,80.73,80.8,80.5,80.7,23537.104,1779940799999,1897546.34540000,9555,9692.78800000,781497.48700000,0,SOLUSDT
2026-05-28 04:00:00+00:00,80.7,80.78,80.01,80.54,86365.759,1779941099999,6940698.46551000,20376,39758.14100000,3194626.76423000,0,SOLUSDT
2026-05-28 04:05:00+00:00,80.54,80.83,80.42,80.82,11698.723,1779941399999,943075.39346000,5659,6169.87100000,497602.69333000,0,SOLUSDT
2026-05-28 04:10:00+00:00,80.83,80.91,80.54,80.56,12425.886,1779941699999,1003245.11640000,3857,7147.50900000,577180.55454000,0,SOLUSDT
2026-05-28 04:15:00+00:00,80.56,80.65,80.32,80.32,15224.495,1779941999999,1225471.68091000,4508,5881.18700000,473675.66641000,0,SOLUSDT
2026-05-28 04:20:00+00:00,80.32,80.38,80.0,80.16,35437.976,1779942299999,2840179.79916000,8710,19860.99500000,1591615.57657000,0,SOLUSDT
2026-05-28 04:25:00+00:00,80.16,80.37,80.09,80.34,10150.966,1779942599999,814438.80839000,3773,4885.75200000,392076.58188000,0,SOLUSDT
2026-05-28 04:30:00+00:00,80.33,80.62,80.28,80.61,6618.412,1779942899999,532504.71318000,3463,3845.97100000,309489.70572000,0,SOLUSDT
2026-05-28 04:35:00+00:00,80.6,80.82,80.58,80.77,7937.832,1779943199999,640847.25247000,3262,4774.73900000,385531.61600000,0,SOLUSDT
2026-05-28 04:40:00+00:00,80.78,80.9,80.77,80.87,10734.978,1779943499999,867714.93473000,2704,5523.29100000,446551.67508000,0,SOLUSDT
2026-05-28 04:45:00+00:00,80.86,80.89,80.75,80.83,8885.087,1779943799999,717998.46068000,2414,5776.82200000,466828.56824000,0,SOLUSDT
2026-05-28 04:50:00+00:00,80.82,80.89,80.77,80.84,5713.735,1779944099999,461817.49766000,2083,3137.59200000,253631.38324000,0,SOLUSDT
2026-05-28 04:55:00+00:00,80.84,80.98,80.84,80.9,10915.708,1779944399999,883256.85958000,2689,7628.46200000,617288.11987000,0,SOLUSDT
2026-05-28 05:00:00+00:00,80.9,81.0,80.86,80.89,11216.25,1779944699999,907643.74400000,2979,5838.52400000,472499.86566000,0,SOLUSDT
2026-05-28 05:05:00+00:00,80.89,80.9,80.74,80.79,4802.359,1779944999999,388064.53378000,2538,2415.19600000,195156.92798000,0,SOLUSDT
2026-05-28 05:10:00+00:00,80.8,80.81,80.71,80.75,5115.565,1779945299999,413191.04613000,1912,2493.81100000,201443.75453000,0,SOLUSDT
2026-05-28 05:15:00+00:00,80.75,80.77,80.46,80.56,8646.901,1779945599999,697162.69730000,3703,4273.02100000,344565.37848000,0,SOLUSDT
2026-05-28 05:20:00+00:00,80.57,80.6,80.42,80.57,19467.411,1779945899999,1567211.02050000,3790,13466.70200000,1084084.25733000,0,SOLUSDT
2026-05-28 05:25:00+00:00,80.57,80.62,80.5,80.51,9453.953,1779946199999,761693.76954000,2558,5568.16000000,448631.00240000,0,SOLUSDT
2026-05-28 05:30:00+00:00,80.51,80.82,80.51,80.79,9467.775,1779946499999,763800.85309000,4432,4899.50900000,395220.08421000,0,SOLUSDT
2026-05-28 05:35:00+00:00,80.78,80.89,80.73,80.88,3449.787,1779946799999,278728.78431000,2542,1782.54100000,144015.96880000,0,SOLUSDT
2026-05-28 05:40:00+00:00,80.87,80.91,80.81,80.84,2241.168,1779947099999,181212.11951000,1471,1077.86000000,87152.69139000,0,SOLUSDT
2026-05-28 05:45:00+00:00,80.84,80.89,80.63,80.74,10490.183,1779947399999,847493.01281000,2937,6720.31000000,542952.83101000,0,SOLUSDT
2026-05-28 05:50:00+00:00,80.73,80.8,80.72,80.79,2203.553,1779947699999,177983.37129000,1308,969.84000000,78340.19997000,0,SOLUSDT
2026-05-28 05:55:00+00:00,80.79,80.8,80.64,80.7,5439.0,1779947999999,439039.10146000,1717,2389.75700000,192876.54152000,0,SOLUSDT
2026-05-28 06:00:00+00:00,80.7,80.8,80.66,80.78,3101.16,1779948299999,250315.08021000,1934,1107.22600000,89393.14677000,0,SOLUSDT
2026-05-28 06:05:00+00:00,80.77,80.88,80.76,80.82,11051.493,1779948599999,893161.46486000,2414,7330.69400000,592406.23998000,0,SOLUSDT
2026-05-28 06:10:00+00:00,80.82,80.9,80.8,80.85,6862.797,1779948899999,554799.85375000,1652,2456.90100000,198602.58398000,0,SOLUSDT
2026-05-28 06:15:00+00:00,80.84,80.9,80.8,80.86,5891.53,1779949199999,476345.80943000,1566,2022.35300000,163508.63351000,0,SOLUSDT
2026-05-28 06:20:00+00:00,80.86,80.91,80.7,80.75,3304.48,1779949499999,267057.34978000,1683,2086.75200000,168643.27103000,0,SOLUSDT
2026-05-28 06:25:00+00:00,80.75,80.78,80.65,80.77,6925.494,1779949799999,558901.13380000,2092,3690.15700000,297763.50667000,0,SOLUSDT
2026-05-28 06:30:00+00:00,80.77,80.79,80.6,80.66,2847.096,1779950099999,229768.73801000,1884,1103.25100000,89035.78996000,0,SOLUSDT
2026-05-28 06:35:00+00:00,80.66,80.66,80.53,80.63,4388.795,1779950399999,353669.82506000,2141,2042.28900000,164576.44118000,0,SOLUSDT
2026-05-28 06:40:00+00:00,80.62,80.7,80.56,80.69,2520.689,1779950699999,203205.39944000,1659,1427.42900000,115086.16589000,0,SOLUSDT
2026-05-28 06:45:00+00:00,80.69,81.12,80.69,80.97,15728.808,1779950999999,1272786.30301000,3884,10898.46600000,881862.80807000,0,SOLUSDT
2026-05-28 06:50:00+00:00,80.97,81.01,80.88,80.95,13998.715,1779951299999,1133645.23602000,1800,4096.84100000,331685.56449000,0,SOLUSDT
2026-05-28 06:55:00+00:00,80.95,81.03,80.92,80.97,4226.095,1779951599999,342188.86205000,1715,2573.71200000,208402.06281000,0,SOLUSDT
2026-05-28 07:00:00+00:00,80.97,81.03,80.89,80.94,8196.96,1779951899999,663425.92128000,2141,4664.01900000,377480.85266000,0,SOLUSDT
2026-05-28 07:05:00+00:00,80.94,81.03,80.86,81.02,4546.365,1779952199999,367933.90924000,1621,2372.40700000,191993.57862000,0,SOLUSDT
2026-05-28 07:10:00+00:00,81.02,81.02,80.9,80.99,11542.956,1779952499999,934597.80067000,2031,8524.09100000,690194.88027000,0,SOLUSDT
2026-05-28 07:15:00+00:00,80.99,81.17,80.99,81.01,13485.925,1779952799999,1093220.36781000,2514,11067.92500000,897247.27363000,0,SOLUSDT
2026-05-28 07:20:00+00:00,81.0,81.18,81.0,81.14,15125.295,1779953099999,1226684.44530000,2295,12667.32500000,1027308.71519000,0,SOLUSDT
2026-05-28 07:25:00+00:00,81.14,81.16,81.04,81.05,5104.552,1779953399999,413891.99786000,1552,1578.13600000,127971.38870000,0,SOLUSDT
2026-05-28 07:30:00+00:00,81.05,81.22,81.05,81.21,6016.538,1779953699999,488385.55868000,1952,4368.60000000,354603.98012000,0,SOLUSDT
2026-05-28 07:35:00+00:00,81.22,81.3,81.19,81.19,6356.67,1779953999999,516330.81689000,2156,4248.41400000,345109.97513000,0,SOLUSDT
2026-05-28 07:40:00+00:00,81.2,81.28,81.17,81.27,4853.013,1779954299999,394164.33443000,1238,2911.42400000,236477.65984000,0,SOLUSDT
2026-05-28 07:45:00+00:00,81.27,81.27,81.16,81.17,6544.076,1779954599999,531331.84443000,1550,3431.08500000,278581.40140000,0,SOLUSDT
2026-05-28 07:50:00+00:00,81.18,81.18,81.08,81.12,3754.508,1779954899999,304551.54408000,1312,1182.08000000,95890.76550000,0,SOLUSDT
2026-05-28 07:55:00+00:00,81.12,81.27,81.11,81.26,11814.109,1779955199999,959320.66095000,1495,9435.29600000,766145.27949000,0,SOLUSDT
2026-05-28 08:00:00+00:00,81.26,81.3,81.05,81.11,6267.343,1779955499999,508499.12605000,2134,3614.49700000,293243.81874000,0,SOLUSDT
2026-05-28 08:05:00+00:00,81.11,81.27,81.1,81.17,3512.312,1779955799999,285184.83558000,1891,1501.41000000,121887.77072000,0,SOLUSDT
2026-05-28 08:10:00+00:00,81.17,81.22,81.09,81.22,5013.666,1779956099999,406850.95569000,1510,3513.88700000,285153.07983000,0,SOLUSDT
2026-05-28 08:15:00+00:00,81.22,81.22,81.08,81.12,3132.81,1779956399999,254232.33039000,1322,826.72400000,67074.43305000,0,SOLUSDT
2026-05-28 08:20:00+00:00,81.12,81.12,80.96,81.02,8524.408,1779956699999,690692.53881000,2135,3011.73600000,243999.88112000,0,SOLUSDT
2026-05-28 08:25:00+00:00,81.02,81.03,80.87,80.94,4271.36,1779956999999,345766.24870000,1505,1954.98300000,158251.25837000,0,SOLUSDT
2026-05-28 08:30:00+00:00,80.94,81.0,80.83,80.98,3689.53,1779957299999,298453.24434000,2446,1782.23900000,144195.81210000,0,SOLUSDT
2026-05-28 08:35:00+00:00,80.98,81.1,80.96,81.08,3355.988,1779957599999,271912.12620000,1435,1759.32800000,142566.41294000,0,SOLUSDT
2026-05-28 08:40:00+00:00,81.07,81.07,80.98,81.0,3458.735,1779957899999,280187.03674000,1107,1066.50500000,86414.60208000,0,SOLUSDT
2026-05-28 08:45:00+00:00,81.01,81.11,80.99,81.04,4858.833,1779958199999,393851.18699000,1730,2013.63400000,163222.98319000,0,SOLUSDT
2026-05-28 08:50:00+00:00,81.04,81.05,80.99,81.05,2282.563,1779958499999,184927.80772000,830,1320.07200000,106948.03038000,0,SOLUSDT
2026-05-28 08:55:00+00:00,81.04,81.05,80.98,80.99,2576.547,1779958799999,208747.06130000,867,1528.75000000,123862.03905000,0,SOLUSDT
2026-05-28 09:00:00+00:00,80.99,81.1,80.98,81.03,4185.907,1779959099999,339189.41315000,1491,1682.33200000,136328.26654000,0,SOLUSDT
2026-05-28 09:05:00+00:00,81.03,81.07,80.91,80.92,6694.205,1779959399999,542026.29116000,1421,1607.20600000,130140.51895000,0,SOLUSDT
2026-05-28 09:10:00+00:00,80.92,81.01,80.83,81.01,5223.769,1779959699999,422644.44074000,1602,2737.35100000,221494.17326000,0,SOLUSDT
2026-05-28 09:15:00+00:00,81.0,81.11,80.95,81.11,2423.789,1779959999999,196358.76908000,1412,1305.43400000,105770.06866000,0,SOLUSDT
2026-05-28 09:20:00+00:00,81.1,81.16,81.06,81.15,2760.24,1779960299999,223878.45862000,1470,1201.00100000,97405.30199000,0,SOLUSDT
2026-05-28 09:25:00+00:00,81.15,81.2,81.14,81.17,3469.511,1779960599999,281618.72086000,1008,1946.41300000,157992.72763000,0,SOLUSDT
2026-05-28 09:30:00+00:00,81.17,81.18,81.1,81.17,2922.21,1779960899999,237109.27869000,1193,1343.21400000,108994.11800000,0,SOLUSDT
2026-05-28 09:35:00+00:00,81.17,81.26,81.06,81.1,7424.62,1779961199999,602625.95613000,2275,3992.38700000,324036.74678000,0,SOLUSDT
2026-05-28 09:40:00+00:00,81.1,81.21,81.1,81.2,9115.664,1779961499999,739752.47468000,1613,2390.00000000,193971.87876000,0,SOLUSDT
2026-05-28 09:45:00+00:00,81.2,81.31,81.19,81.29,7790.191,1779961799999,632806.70263000,1603,5906.55800000,479775.76520000,0,SOLUSDT
2026-05-28 09:50:00+00:00,81.3,81.32,81.27,81.28,20763.319,1779962099999,1688022.06474000,1386,2193.71300000,178364.85290000,0,SOLUSDT
2026-05-28 09:55:00+00:00,81.28,81.3,81.18,81.22,11226.128,1779962399999,912088.82470000,1896,3813.27100000,309930.42822000,0,SOLUSDT
2026-05-28 10:00:00+00:00,81.23,81.29,81.18,81.22,6275.98,1779962699999,509799.42196000,1674,2523.81200000,205034.62179000,0,SOLUSDT
2026-05-28 10:05:00+00:00,81.22,81.26,81.17,81.21,9858.329,1779962999999,800588.00232000,2033,2377.97600000,193111.44093000,0,SOLUSDT
2026-05-28 10:10:00+00:00,81.21,81.32,81.19,81.23,5366.882,1779963299999,436066.03068000,1655,2532.48500000,205812.23879000,0,SOLUSDT
2026-05-28 10:15:00+00:00,81.22,81.27,81.07,81.11,5634.581,1779963599999,457386.76328000,1692,1764.52000000,143204.54718000,0,SOLUSDT
2026-05-28 10:20:00+00:00,81.11,81.14,80.93,80.95,5566.821,1779963899999,451079.72587000,1738,2104.42500000,170479.71708000,0,SOLUSDT
2026-05-28 10:25:00+00:00,80.95,81.04,80.91,81.04,3417.084,1779964199999,276669.60283000,1181,1810.13200000,146576.63273000,0,SOLUSDT
2026-05-28 10:30:00+00:00,81.04,81.05,80.95,81.03,4813.168,1779964499999,389873.38775000,1425,3189.62200000,258367.97486000,0,SOLUSDT
2026-05-28 10:35:00+00:00,81.04,81.11,81.01,81.06,1632.785,1779964799999,132349.74860000,913,790.46800000,64074.44415000,0,SOLUSDT
2026-05-28 10:40:00+00:00,81.07,81.09,81.02,81.04,2644.261,1779965099999,214329.32211000,833,1552.23800000,125821.66509000,0,SOLUSDT
2026-05-28 10:45:00+00:00,81.04,81.1,80.98,80.99,3450.629,1779965399999,279646.51842000,1120,1791.34000000,145195.72986000,0,SOLUSDT
2026-05-28 10:50:00+00:00,80.98,80.99,80.73,80.9,12215.93,1779965699999,987582.11393000,3329,5516.39400000,446012.47090000,0,SOLUSDT
2026-05-28 10:55:00+00:00,80.9,80.9,80.72,80.75,3140.324,1779965999999,253750.94360000,1147,768.21800000,62072.09990000,0,SOLUSDT
2026-05-28 11:00:00+00:00,80.75,80.88,80.69,80.74,7935.574,1779966299999,641016.64250000,2671,3484.95200000,281505.22641000,0,SOLUSDT
2026-05-28 11:05:00+00:00,80.73,80.76,80.6,80.72,2766.393,1779966599999,223221.14038000,1515,1142.86900000,92205.40704000,0,SOLUSDT
2026-05-28 11:10:00+00:00,80.72,80.84,80.72,80.84,5323.667,1779966899999,430021.72340000,1656,3803.68900000,307224.30136000,0,SOLUSDT
2026-05-28 11:15:00+00:00,80.84,80.89,80.76,80.85,4058.715,1779967199999,328077.23273000,1316,2308.63400000,186640.60806000,0,SOLUSDT
2026-05-28 11:20:00+00:00,80.85,80.85,80.76,80.82,2341.222,1779967499999,189161.07433000,1091,1053.37000000,85108.81801000,0,SOLUSDT
2026-05-28 11:25:00+00:00,80.82,80.83,80.68,80.76,3944.426,1779967799999,318506.75078000,1400,2004.70300000,161901.34865000,0,SOLUSDT
2026-05-28 11:30:00+00:00,80.75,80.77,80.65,80.74,4151.27,1779968099999,335046.30097000,1555,1262.33900000,101872.12870000,0,SOLUSDT
2026-05-28 11:35:00+00:00,80.73,80.79,80.7,80.78,1332.369,1779968399999,107603.35394000,1160,970.89800000,78409.75597000,0,SOLUSDT
2026-05-28 11:40:00+00:00,80.78,80.84,80.73,80.84,1892.705,1779968699999,152867.06114000,1130,894.40900000,72237.04685000,0,SOLUSDT
2026-05-28 11:45:00+00:00,80.84,80.84,80.77,80.81,1287.463,1779968999999,104033.15087000,936,615.90500000,49767.27937000,0,SOLUSDT
2026-05-28 11:50:00+00:00,80.81,80.93,80.74,80.93,3581.903,1779969299999,289679.50946000,1426,2438.97200000,197271.25404000,0,SOLUSDT
2026-05-28 11:55:00+00:00,80.93,80.93,80.86,80.88,1734.52,1779969599999,140295.30210000,695,667.17200000,53960.70229000,0,SOLUSDT
2026-05-28 12:00:00+00:00,80.88,80.97,80.81,80.87,3432.403,1779969899999,277588.04473000,1576,1204.97100000,97456.90578000,0,SOLUSDT
2026-05-28 12:05:00+00:00,80.87,80.9,80.81,80.88,1362.166,1779970199999,110144.21530000,1168,865.28800000,69967.36545000,0,SOLUSDT
2026-05-28 12:10:00+00:00,80.88,80.91,80.8,80.82,3407.085,1779970499999,275512.23643000,1319,1591.44400000,128705.80655000,0,SOLUSDT
2026-05-28 12:15:00+00:00,80.82,80.87,80.67,80.72,10103.83,1779970799999,815674.40275000,1857,5564.34800000,449097.38493000,0,SOLUSDT
2026-05-28 12:20:00+00:00,80.73,80.75,80.59,80.59,4291.405,1779971099999,346192.14222000,2256,1274.31900000,102791.88674000,0,SOLUSDT
2026-05-28 12:25:00+00:00,80.6,80.81,80.59,80.75,2555.568,1779971399999,206231.94852000,1883,1134.15600000,91525.48341000,0,SOLUSDT
2026-05-28 12:30:00+00:00,80.75,80.99,80.73,80.92,5619.826,1779971699999,454660.79086000,3742,3244.79800000,262515.46609000,0,SOLUSDT
2026-05-28 12:35:00+00:00,80.92,81.09,80.85,81.09,6071.077,1779971999999,491763.40812000,2379,3283.56900000,265958.90063000,0,SOLUSDT
2026-05-28 12:40:00+00:00,81.1,81.17,81.09,81.1,3606.475,1779972299999,292567.84562000,2402,1864.65900000,151279.10737000,0,SOLUSDT
2026-05-28 12:45:00+00:00,81.1,81.25,81.09,81.23,4925.784,1779972599999,399848.60717000,2480,3711.41200000,301277.42854000,0,SOLUSDT
2026-05-28 12:50:00+00:00,81.23,81.25,81.1,81.13,7242.676,1779972899999,588081.92658000,1681,1943.75700000,157769.20026000,0,SOLUSDT
2026-05-28 12:55:00+00:00,81.13,81.15,81.09,81.13,1958.228,1779973199999,158837.46790000,1049,1081.10800000,87697.88451000,0,SOLUSDT
2026-05-28 13:00:00+00:00,81.14,81.36,81.13,81.23,9672.149,1779973499999,785790.78107000,3211,5664.90900000,460285.87226000,0,SOLUSDT
2026-05-28 13:05:00+00:00,81.23,81.24,80.87,80.9,5207.235,1779973799999,421856.70068000,2405,1437.59300000,116482.55044000,0,SOLUSDT
2026-05-28 13:10:00+00:00,80.9,80.98,80.89,80.95,4586.008,1779974099999,371128.60907000,1860,1496.98100000,121151.37823000,0,SOLUSDT
2026-05-28 13:15:00+00:00,80.94,81.01,80.87,80.96,2845.833,1779974399999,230348.79225000,2385,1519.74100000,123004.24125000,0,SOLUSDT
2026-05-28 13:20:00+00:00,80.95,80.98,80.86,80.93,2005.407,1779974699999,162294.36786000,1547,658.93600000,53335.22954000,0,SOLUSDT
2026-05-28 13:25:00+00:00,80.92,81.05,80.73,81.05,10993.573,1779974999999,889086.59826000,3980,4571.32900000,369878.00765000,0,SOLUSDT
2026-05-28 13:30:00+00:00,81.05,81.06,80.76,80.79,7963.499,1779975299999,644268.27710000,4715,3734.15600000,302196.46499000,0,SOLUSDT
2026-05-28 13:35:00+00:00,80.78,80.85,80.57,80.78,21382.517,1779975599999,1726206.57735000,5270,12930.20600000,1044163.64887000,0,SOLUSDT
2026-05-28 13:40:00+00:00,80.78,80.82,80.54,80.57,7509.428,1779975899999,605791.47185000,4078,2351.03300000,189677.53183000,0,SOLUSDT
2026-05-28 13:45:00+00:00,80.58,80.73,80.53,80.63,8539.539,1779976199999,688405.72339000,3987,4460.58700000,359569.89560000,0,SOLUSDT
2026-05-28 13:50:00+00:00,80.63,80.94,80.57,80.79,15996.112,1779976499999,1292407.04148000,5188,11411.03400000,921858.04915000,0,SOLUSDT
2026-05-28 13:55:00+00:00,80.8,80.86,80.72,80.79,3496.853,1779976799999,282516.58742000,1861,1571.67000000,127008.56986000,0,SOLUSDT
2026-05-28 14:00:00+00:00,80.79,80.8,80.29,80.48,16073.042,1779977099999,1292692.13094000,5561,9191.46300000,739202.99552000,0,SOLUSDT
2026-05-28 14:05:00+00:00,80.47,80.53,80.02,80.52,28012.553,1779977399999,2247118.13013000,12147,11143.39500000,894055.88171000,0,SOLUSDT
2026-05-28 14:10:00+00:00,80.53,81.19,80.14,81.14,59648.719,1779977699999,4810660.14630000,18138,39768.96000000,3206050.00918000,0,SOLUSDT
2026-05-28 14:15:00+00:00,81.13,81.66,81.0,81.56,32075.667,1779977999999,2608133.98551000,15842,22838.42800000,1856614.22887000,0,SOLUSDT
2026-05-28 14:20:00+00:00,81.56,81.59,80.91,81.04,19263.287,1779978299999,1565263.94654000,9256,6334.58400000,514574.51390000,0,SOLUSDT
2026-05-28 14:25:00+00:00,81.04,81.25,80.96,81.1,9869.356,1779978599999,800364.73184000,6734,5478.77900000,444338.57819000,0,SOLUSDT
2026-05-28 14:30:00+00:00,81.1,81.27,80.95,80.95,11157.327,1779978899999,904360.49530000,6593,7786.10900000,631054.98772000,0,SOLUSDT
2026-05-28 14:35:00+00:00,80.94,81.04,80.82,80.9,6686.271,1779979199999,541071.23755000,5535,4094.27400000,331356.29095000,0,SOLUSDT
2026-05-28 14:40:00+00:00,80.89,81.1,80.75,80.86,7786.752,1779979499999,629981.45900000,6658,3442.74300000,278587.38796000,0,SOLUSDT
2026-05-28 14:45:00+00:00,80.87,80.97,80.7,80.79,9867.513,1779979799999,797287.22251000,6909,4007.37500000,323816.35750000,0,SOLUSDT
2026-05-28 14:50:00+00:00,80.8,81.17,80.8,81.04,9366.223,1779980099999,759195.54182000,4710,7339.43100000,594974.84448000,0,SOLUSDT
2026-05-28 14:55:00+00:00,81.04,81.24,81.04,81.19,8961.613,1779980399999,727221.98465000,3533,3686.92700000,299216.43529000,0,SOLUSDT
2026-05-28 15:00:00+00:00,81.2,81.24,81.02,81.08,10594.016,1779980699999,859610.77836000,4173,5458.10100000,442942.53544000,0,SOLUSDT
2026-05-28 15:05:00+00:00,81.08,81.31,80.87,80.92,7146.715,1779980999999,579784.33284000,4973,2862.02100000,232220.88577000,0,SOLUSDT
2026-05-28 15:10:00+00:00,80.92,81.02,80.78,80.81,4253.28,1779981299999,344060.74233000,3241,1108.04200000,89646.84655000,0,SOLUSDT
2026-05-28 15:15:00+00:00,80.8,80.9,80.65,80.68,4776.028,1779981599999,385771.94424000,3461,1620.35100000,130886.29839000,0,SOLUSDT
2026-05-28 15:20:00+00:00,80.67,80.92,80.56,80.82,3383.717,1779981899999,273091.66980000,4488,1247.02300000,100630.25002000,0,SOLUSDT
2026-05-28 15:25:00+00:00,80.83,81.02,80.81,81.01,3616.421,1779982199999,292606.05610000,2913,2444.55600000,197799.86380000,0,SOLUSDT
2026-05-28 15:30:00+00:00,81.01,81.05,80.81,80.94,2900.297,1779982499999,234794.42881000,3301,1347.22400000,109051.26168000,0,SOLUSDT
2026-05-28 15:35:00+00:00,80.93,81.17,80.93,81.03,10439.41,1779982799999,846288.92517000,3809,4071.81300000,330125.76635000,0,SOLUSDT
2026-05-28 15:40:00+00:00,81.02,81.26,81.0,81.23,12212.882,1779983099999,991488.76122000,3234,8570.13300000,695820.16618000,0,SOLUSDT
2026-05-28 15:45:00+00:00,81.24,81.38,81.14,81.16,12499.453,1779983399999,1016493.96928000,3689,8550.52600000,695379.56609000,0,SOLUSDT
2026-05-28 15:50:00+00:00,81.17,81.21,81.11,81.13,2009.996,1779983699999,163118.38661000,2662,1057.59200000,85822.86464000,0,SOLUSDT
2026-05-28 15:55:00+00:00,81.12,81.19,81.03,81.14,3782.613,1779983999999,306902.39143000,2272,2413.60800000,195851.00971000,0,SOLUSDT
2026-05-28 16:00:00+00:00,81.15,81.15,80.93,80.94,8015.348,1779984299999,649566.60709000,3364,1341.42800000,108734.59384000,0,SOLUSDT
2026-05-28 16:05:00+00:00,80.94,81.15,80.91,81.14,5432.985,1779984599999,440133.91383000,4073,1703.85100000,138051.74175000,0,SOLUSDT
2026-05-28 16:10:00+00:00,81.15,81.47,81.12,81.43,12575.669,1779984899999,1022637.53194000,5880,9441.55500000,767780.61130000,0,SOLUSDT
2026-05-28 16:15:00+00:00,81.44,81.59,81.29,81.51,17229.315,1779985199999,1403218.25307000,5154,8517.57800000,693938.98635000,0,SOLUSDT
2026-05-28 16:20:00+00:00,81.51,81.79,81.48,81.68,21614.243,1779985499999,1765023.02538000,5915,11942.29300000,975168.66199000,0,SOLUSDT
2026-05-28 16:25:00+00:00,81.68,81.73,81.53,81.53,7905.65,1779985799999,645150.15872000,3788,2971.92400000,242581.84289000,0,SOLUSDT
2026-05-28 16:30:00+00:00,81.53,81.71,81.48,81.71,4174.135,1779986099999,340621.32552000,2546,2098.40200000,171225.01343000,0,SOLUSDT
2026-05-28 16:35:00+00:00,81.71,81.79,81.65,81.74,3373.144,1779986399999,275582.51607000,2779,1245.95100000,101796.11862000,0,SOLUSDT
2026-05-28 16:40:00+00:00,81.73,81.91,81.69,81.91,11831.193,1779986699999,968011.73590000,4692,7128.20300000,583262.78671000,0,SOLUSDT
2026-05-28 16:45:00+00:00,81.91,82.04,81.84,81.89,11602.073,1779986999999,950735.47900000,5820,7084.82800000,580657.25633000,0,SOLUSDT
2026-05-28 16:50:00+00:00,81.89,82.05,81.88,82.0,4392.884,1779987299999,360173.59702000,3253,2061.86900000,169077.36545000,0,SOLUSDT
2026-05-28 16:55:00+00:00,82.0,82.18,81.99,82.07,11618.049,1779987599999,953670.69523000,3721,6646.02700000,545433.82118000,0,SOLUSDT
2026-05-28 17:00:00+00:00,82.08,82.17,81.91,81.95,5824.026,1779987899999,477856.30600000,3441,3585.22400000,294270.73113000,0,SOLUSDT
2026-05-28 17:05:00+00:00,81.94,82.14,81.84,82.07,7248.093,1779988199999,594350.37074000,4171,3768.94500000,309101.25217000,0,SOLUSDT
2026-05-28 17:10:00+00:00,82.08,82.16,82.03,82.12,4066.319,1779988499999,333806.81376000,2056,3143.25500000,258039.92316000,0,SOLUSDT
2026-05-28 17:15:00+00:00,82.12,82.29,82.02,82.27,8107.858,1779988799999,666151.24207000,3452,5307.95700000,436208.49578000,0,SOLUSDT
2026-05-28 17:20:00+00:00,82.26,82.31,82.17,82.17,4049.672,1779989099999,333019.00505000,2531,1563.12500000,128569.40007000,0,SOLUSDT
2026-05-28 17:25:00+00:00,82.17,82.25,82.05,82.16,4440.16,1779989399999,364708.15083000,2751,1590.42100000,130643.59582000,0,SOLUSDT
2026-05-28 17:30:00+00:00,82.17,82.41,82.15,82.39,3769.724,1779989699999,310188.09817000,2886,2607.18000000,214529.62463000,0,SOLUSDT
2026-05-28 17:35:00+00:00,82.39,82.49,82.29,82.49,5512.681,1779989999999,454204.85745000,3836,3644.14700000,300251.73529000,0,SOLUSDT
2026-05-28 17:40:00+00:00,82.49,82.51,82.29,82.29,4506.045,1779990299999,371309.83621000,2396,2319.30600000,191168.57544000,0,SOLUSDT
2026-05-28 17:45:00+00:00,82.3,82.64,82.3,82.4,9527.057,1779990599999,785624.29038000,5206,7216.89900000,595128.99435000,0,SOLUSDT
2026-05-28 17:50:00+00:00,82.39,82.41,82.27,82.28,6038.932,1779990899999,497141.75930000,2394,4002.75900000,329486.17231000,0,SOLUSDT
2026-05-28 17:55:00+00:00,82.29,82.35,82.19,82.3,2034.472,1779991199999,167361.14008000,2077,657.69600000,54108.10342000,0,SOLUSDT
2026-05-28 18:00:00+00:00,82.3,82.66,82.25,82.59,4618.631,1779991499999,381031.32854000,3199,2716.29100000,224069.69246000,0,SOLUSDT
2026-05-28 18:05:00+00:00,82.6,82.9,82.56,82.76,26693.581,1779991799999,2208340.14624000,5311,21630.58200000,1789463.42194000,0,SOLUSDT
2026-05-28 18:10:00+00:00,82.76,82.8,82.65,82.74,5909.277,1779992099999,488902.03539000,3130,4052.82600000,335291.63355000,0,SOLUSDT
2026-05-28 18:15:00+00:00,82.74,82.98,82.74,82.76,25579.005,1779992399999,2119460.00644000,4897,19592.52400000,1623347.47100000,0,SOLUSDT
2026-05-28 18:20:00+00:00,82.77,82.8,82.57,82.69,9176.62,1779992699999,759125.99350000,3325,3957.56400000,327383.32884000,0,SOLUSDT
2026-05-28 18:25:00+00:00,82.7,82.71,82.61,82.63,2711.113,1779992999999,224087.95463000,1799,938.45000000,77575.93227000,0,SOLUSDT
2026-05-28 18:30:00+00:00,82.63,82.78,82.63,82.72,6878.491,1779993299999,568844.60740000,3120,4641.67100000,383863.74406000,0,SOLUSDT
2026-05-28 18:35:00+00:00,82.71,82.73,82.59,82.64,5080.77,1779993599999,419908.95946000,2432,1286.74100000,106357.09133000,0,SOLUSDT
2026-05-28 18:40:00+00:00,82.64,82.83,82.63,82.78,4755.856,1779993899999,393456.45857000,2718,2701.25600000,223448.81516000,0,SOLUSDT
2026-05-28 18:45:00+00:00,82.78,82.96,82.77,82.79,12269.607,1779994199999,1016747.40334000,4039,4668.12300000,386847.36945000,0,SOLUSDT
2026-05-28 18:50:00+00:00,82.79,82.98,82.79,82.94,7337.371,1779994499999,608197.30860000,2779,4486.78400000,371945.67610000,0,SOLUSDT
2026-05-28 18:55:00+00:00,82.93,83.01,82.82,82.9,6411.184,1779994799999,531711.56341000,2714,3194.37500000,264993.02237000,0,SOLUSDT
2026-05-28 19:00:00+00:00,82.89,82.89,82.57,82.63,5863.354,1779995099999,485016.78710000,3556,1106.71000000,91496.95455000,0,SOLUSDT
2026-05-28 19:05:00+00:00,82.63,82.7,82.53,82.53,3602.406,1779995399999,297674.78579000,2524,1118.54300000,92432.91280000,0,SOLUSDT
2026-05-28 19:10:00+00:00,82.54,82.57,82.45,82.52,4334.491,1779995699999,357591.51150000,2281,1794.98100000,148079.14600000,0,SOLUSDT
2026-05-28 19:15:00+00:00,82.52,82.52,82.41,82.52,2294.367,1779995999999,189208.84341000,1721,871.35500000,71854.81608000,0,SOLUSDT
2026-05-28 19:20:00+00:00,82.52,82.63,82.49,82.63,1818.598,1779996299999,150145.00394000,1690,980.81200000,80968.61272000,0,SOLUSDT
2026-05-28 19:25:00+00:00,82.63,82.7,82.58,82.7,2284.112,1779996599999,188777.41066000,1232,1315.05700000,108700.71118000,0,SOLUSDT
2026-05-28 19:30:00+00:00,82.71,82.76,82.48,82.49,1433.198,1779996899999,118450.45893000,1946,313.30900000,25896.50653000,0,SOLUSDT
2026-05-28 19:35:00+00:00,82.48,82.5,82.35,82.4,5610.654,1779997199999,462562.88494000,2004,1413.01100000,116479.29764000,0,SOLUSDT
2026-05-28 19:40:00+00:00,82.4,82.42,82.33,82.34,3584.606,1779997499999,295304.17747000,1225,1070.65600000,88194.71131000,0,SOLUSDT
2026-05-28 19:45:00+00:00,82.35,82.44,82.35,82.43,2212.717,1779997799999,182365.89008000,1059,1259.84600000,103837.04734000,0,SOLUSDT
2026-05-28 19:50:00+00:00,82.42,82.48,82.32,82.41,6028.632,1779998099999,496717.30398000,2141,1442.81900000,118888.17063000,0,SOLUSDT
2026-05-28 19:55:00+00:00,82.4,82.4,82.17,82.19,11225.885,1779998399999,923882.92659000,3230,5096.60100000,419520.12497000,0,SOLUSDT
2026-05-28 20:00:00+00:00,82.18,82.24,81.99,82.05,5186.624,1779998699999,425891.36360000,3266,1362.83700000,111919.59884000,0,SOLUSDT
2026-05-28 20:05:00+00:00,82.06,82.07,81.78,81.97,8466.374,1779998999999,693539.59447000,3903,3481.48500000,285111.60434000,0,SOLUSDT
2026-05-28 20:10:00+00:00,81.96,82.25,81.95,82.1,7034.084,1779999299999,577815.28251000,2977,3624.32600000,297670.15223000,0,SOLUSDT
2026-05-28 20:15:00+00:00,82.1,82.34,82.06,82.34,3730.578,1779999599999,306642.62743000,2449,2413.24400000,198371.49948000,0,SOLUSDT
2026-05-28 20:20:00+00:00,82.33,82.4,82.28,82.29,2453.974,1779999899999,202066.69328000,1780,1240.51300000,102155.39264000,0,SOLUSDT
2026-05-28 20:25:00+00:00,82.3,82.46,82.29,82.43,2013.11,1780000199999,165892.13335000,1267,1347.93400000,111085.14904000,0,SOLUSDT
2026-05-28 20:30:00+00:00,82.42,82.49,82.33,82.41,2817.893,1780000499999,232319.92483000,2075,1576.22700000,129954.60651000,0,SOLUSDT
2026-05-28 20:35:00+00:00,82.41,82.51,82.41,82.44,2083.437,1780000799999,171795.00056000,1091,787.19000000,64925.76814000,0,SOLUSDT
2026-05-28 20:40:00+00:00,82.45,82.6,82.44,82.55,2139.769,1780001099999,176593.71966000,1289,1349.43400000,111390.14851000,0,SOLUSDT
2026-05-28 20:45:00+00:00,82.55,82.55,82.45,82.5,1127.722,1780001399999,93034.79486000,1316,654.27800000,53975.93392000,0,SOLUSDT
2026-05-28 20:50:00+00:00,82.5,82.53,82.44,82.49,3148.762,1780001699999,259773.28101000,1080,1833.66900000,151275.50978000,0,SOLUSDT
2026-05-28 20:55:00+00:00,82.49,82.49,82.29,82.3,2829.657,1780001999999,233019.57923000,1295,1360.94600000,112060.86286000,0,SOLUSDT
2026-05-28 21:00:00+00:00,82.3,82.39,82.25,82.27,2207.331,1780002299999,181679.19810000,1302,512.61200000,42188.50958000,0,SOLUSDT
2026-05-28 21:05:00+00:00,82.27,82.45,82.22,82.42,4383.468,1780002599999,361112.23382000,1497,3116.69600000,256741.45167000,0,SOLUSDT
2026-05-28 21:10:00+00:00,82.42,82.66,82.41,82.59,5476.064,1780002899999,452163.94797000,2544,3701.10600000,305646.58107000,0,SOLUSDT
2026-05-28 21:15:00+00:00,82.59,82.66,82.54,82.55,2763.872,1780003199999,228287.03600000,2154,1280.57400000,105771.55207000,0,SOLUSDT
2026-05-28 21:20:00+00:00,82.55,82.65,82.54,82.59,4357.129,1780003499999,359965.84131000,1421,1036.84800000,85643.16883000,0,SOLUSDT
2026-05-28 21:25:00+00:00,82.58,82.7,82.53,82.54,2984.488,1780003799999,246617.72649000,1919,1818.73900000,150297.89749000,0,SOLUSDT
2026-05-28 21:30:00+00:00,82.53,82.56,82.5,82.54,2656.303,1780004099999,219212.02836000,990,1441.75700000,118973.29483000,0,SOLUSDT
2026-05-28 21:35:00+00:00,82.53,82.65,82.47,82.61,5116.714,1780004399999,422397.33239000,1661,2827.37300000,233468.30651000,0,SOLUSDT
2026-05-28 21:40:00+00:00,82.61,82.68,82.52,82.62,8005.384,1780004699999,661297.79863000,2814,4217.85800000,348424.22813000,0,SOLUSDT
2026-05-28 21:45:00+00:00,82.61,82.62,82.5,82.52,3863.137,1780004999999,318864.77704000,873,657.38100000,54266.69232000,0,SOLUSDT
2026-05-28 21:50:00+00:00,82.52,82.56,82.48,82.51,5334.706,1780005299999,440258.93968000,1141,3696.44600000,305088.30727000,0,SOLUSDT
2026-05-28 21:55:00+00:00,82.5,82.55,82.44,82.44,6239.733,1780005599999,514925.75871000,1246,4824.86600000,398169.77090000,0,SOLUSDT
2026-05-28 22:00:00+00:00,82.44,82.63,82.37,82.37,3011.395,1780005899999,248409.38319000,2458,1267.37800000,104558.71578000,0,SOLUSDT
2026-05-28 22:05:00+00:00,82.37,82.43,82.32,82.4,1938.596,1780006199999,159703.59249000,1630,1017.27500000,83814.97637000,0,SOLUSDT
2026-05-28 22:10:00+00:00,82.4,82.4,82.3,82.37,1466.274,1780006499999,120741.19546000,1350,555.64900000,45756.63958000,0,SOLUSDT
2026-05-28 22:15:00+00:00,82.37,82.37,82.19,82.19,1478.238,1780006799999,121632.10584000,982,377.59500000,31071.04510000,0,SOLUSDT
2026-05-28 22:20:00+00:00,82.19,82.23,82.11,82.22,3154.592,1780007099999,259181.74125000,1250,629.63300000,51731.40367000,0,SOLUSDT
2026-05-28 22:25:00+00:00,82.21,82.36,82.07,82.09,16898.259,1780007399999,1389342.56768000,3203,9289.15700000,763908.11104000,0,SOLUSDT
2026-05-28 22:30:00+00:00,82.09,82.13,81.97,81.98,3152.465,1780007699999,258649.77424000,1653,1047.75200000,85927.87049000,0,SOLUSDT
2026-05-28 22:35:00+00:00,81.99,82.05,81.93,81.99,4547.913,1780007999999,372903.90507000,1431,1286.92200000,105494.39779000,0,SOLUSDT
2026-05-28 22:40:00+00:00,81.98,82.01,81.91,81.95,1356.683,1780008299999,111193.80348000,977,785.52600000,64378.55882000,0,SOLUSDT
2026-05-28 22:45:00+00:00,81.95,82.12,81.94,82.07,3885.895,1780008599999,318918.76456000,1108,1046.38500000,85828.47150000,0,SOLUSDT
2026-05-28 22:50:00+00:00,82.07,82.15,82.05,82.08,1869.563,1780008899999,153471.08053000,1204,787.31500000,64630.73620000,0,SOLUSDT
2026-05-28 22:55:00+00:00,82.09,82.09,82.02,82.04,844.268,1780009199999,69281.74174000,716,253.41600000,20794.18766000,0,SOLUSDT
2026-05-28 23:00:00+00:00,82.03,82.13,82.02,82.08,3040.594,1780009499999,249562.84894000,2059,735.48200000,60358.46680000,0,SOLUSDT
2026-05-28 23:05:00+00:00,82.09,82.12,82.08,82.09,1354.771,1780009799999,111229.21527000,993,532.62500000,43732.67929000,0,SOLUSDT
2026-05-28 23:10:00+00:00,82.1,82.2,82.09,82.2,1854.626,1780010099999,152334.91734000,871,1007.80100000,82771.15664000,0,SOLUSDT
2026-05-28 23:15:00+00:00,82.19,82.25,82.14,82.14,1532.98,1780010399999,126009.38232000,947,626.43900000,51489.91755000,0,SOLUSDT
2026-05-28 23:20:00+00:00,82.14,82.16,82.07,82.11,3749.789,1780010699999,307911.09492000,852,961.43500000,78957.26094000,0,SOLUSDT
2026-05-28 23:25:00+00:00,82.11,82.28,82.11,82.25,2461.932,1780010999999,202338.44631000,980,1644.43400000,135183.01174000,0,SOLUSDT
2026-05-28 23:30:00+00:00,82.25,82.25,82.12,82.12,2256.889,1780011299999,185540.97261000,1614,578.46800000,47560.26443000,0,SOLUSDT
2026-05-28 23:35:00+00:00,82.12,82.18,82.08,82.09,3942.406,1780011599999,323706.33799000,1250,840.15600000,68989.39359000,0,SOLUSDT
2026-05-28 23:40:00+00:00,82.09,82.17,82.0,82.17,3551.947,1780011899999,291543.09760000,1355,1501.76200000,123297.88971000,0,SOLUSDT
2026-05-28 23:45:00+00:00,82.16,82.16,82.0,82.03,2623.327,1780012199999,215294.09780000,1238,1655.20900000,135837.80800000,0,SOLUSDT
2026-05-28 23:50:00+00:00,82.03,82.07,82.02,82.06,2320.258,1780012499999,190373.84548000,1154,658.80100000,54049.80615000,0,SOLUSDT
2026-05-28 23:55:00+00:00,82.05,82.16,82.04,82.11,3879.299,1780012799999,318605.39760000,1434,2738.41200000,224931.10487000,0,SOLUSDT
2026-05-29 00:00:00+00:00,82.12,82.35,82.12,82.22,5512.929,1780013099999,453398.87789000,2725,3515.05600000,289007.09069000,0,SOLUSDT
2026-05-29 00:05:00+00:00,82.21,82.29,82.17,82.28,4075.569,1780013399999,335143.66071000,1983,3203.95800000,263471.63697000,0,SOLUSDT
2026-05-29 00:10:00+00:00,82.29,82.4,82.26,82.29,5293.709,1780013699999,435783.71996000,1770,3533.36000000,290868.58334000,0,SOLUSDT
2026-05-29 00:15:00+00:00,82.28,82.4,82.18,82.32,3533.924,1780013999999,290781.05175000,2377,1826.94600000,150317.41923000,0,SOLUSDT
2026-05-29 00:20:00+00:00,82.32,82.4,82.29,82.39,2373.682,1780014299999,195509.96476000,1439,1400.66500000,115370.10560000,0,SOLUSDT
2026-05-29 00:25:00+00:00,82.4,82.46,82.33,82.36,2993.965,1780014599999,246726.34616000,1232,2181.00800000,179732.75982000,0,SOLUSDT
2026-05-29 00:30:00+00:00,82.37,82.37,82.28,82.33,2624.403,1780014899999,216067.00596000,1142,980.05400000,80677.38886000,0,SOLUSDT
2026-05-29 00:35:00+00:00,82.33,82.48,82.32,82.46,1336.674,1780015199999,110157.46195000,1348,614.00000000,50597.25085000,0,SOLUSDT
2026-05-29 00:40:00+00:00,82.46,82.46,82.37,82.45,4435.038,1780015499999,365447.34758000,1104,3414.35200000,281319.62738000,0,SOLUSDT
2026-05-29 00:45:00+00:00,82.44,82.44,82.35,82.37,6163.208,1780015799999,507779.90933000,1351,3672.74000000,302608.15637000,0,SOLUSDT
2026-05-29 00:50:00+00:00,82.36,82.45,82.26,82.26,4164.845,1780016099999,343161.95993000,1081,3260.37200000,268656.63347000,0,SOLUSDT
2026-05-29 00:55:00+00:00,82.25,82.34,82.23,82.33,1719.217,1780016399999,141456.07701000,922,801.40600000,65924.56668000,0,SOLUSDT
2026-05-29 01:00:00+00:00,82.33,82.42,82.33,82.37,2740.941,1780016699999,225780.30583000,1589,1873.72000000,154344.41769000,0,SOLUSDT
2026-05-29 01:05:00+00:00,82.38,82.48,82.38,82.45,5111.179,1780016999999,421305.79854000,1702,3491.53400000,287792.98440000,0,SOLUSDT
2026-05-29 01:10:00+00:00,82.45,82.45,82.3,82.34,1913.104,1780017299999,157568.63017000,1012,726.62200000,59848.56323000,0,SOLUSDT
2026-05-29 01:15:00+00:00,82.35,82.41,82.27,82.27,6271.959,1780017599999,516335.51966000,1509,3349.81900000,275684.71587000,0,SOLUSDT
2026-05-29 01:20:00+00:00,82.27,82.27,82.11,82.15,5811.302,1780017899999,477450.89829000,2405,3232.65400000,265581.07936000,0,SOLUSDT
2026-05-29 01:25:00+00:00,82.16,82.23,82.08,82.13,2426.258,1780018199999,199333.60082000,1269,1095.62900000,90016.01619000,0,SOLUSDT
2026-05-29 01:30:00+00:00,82.12,82.17,82.06,82.17,2680.027,1780018499999,220039.54803000,1749,1679.31200000,137878.06469000,0,SOLUSDT
2026-05-29 01:35:00+00:00,82.16,82.18,82.09,82.13,4262.081,1780018799999,350042.99440000,1591,1989.09900000,163353.71497000,0,SOLUSDT
2026-05-29 01:40:00+00:00,82.13,82.27,82.11,82.27,2237.218,1780019099999,183844.50099000,996,1710.35100000,140557.35656000,0,SOLUSDT
2026-05-29 01:45:00+00:00,82.27,82.32,82.09,82.1,2741.194,1780019399999,225445.84800000,1199,1341.38600000,110319.90158000,0,SOLUSDT
2026-05-29 01:50:00+00:00,82.1,82.29,82.1,82.29,6766.802,1780019699999,556111.67621000,1646,4062.57500000,333856.84511000,0,SOLUSDT
2026-05-29 01:55:00+00:00,82.29,82.32,82.18,82.21,1809.575,1780019999999,148776.20440000,1182,714.27500000,58721.20254000,0,SOLUSDT
2026-05-29 02:00:00+00:00,82.21,82.32,82.13,82.27,3758.147,1780020299999,308917.17610000,1626,2274.98800000,186997.43244000,0,SOLUSDT
2026-05-29 02:05:00+00:00,82.26,82.28,82.15,82.24,3892.049,1780020599999,319924.63423000,1475,2612.11900000,214702.34461000,0,SOLUSDT
2026-05-29 02:10:00+00:00,82.24,82.25,82.16,82.18,5454.64,1780020899999,448345.95352000,1420,2186.81400000,179727.62491000,0,SOLUSDT
2026-05-29 02:15:00+00:00,82.18,82.21,82.09,82.19,3398.4,1780021199999,279198.25138000,1250,1618.13800000,132921.92030000,0,SOLUSDT
2026-05-29 02:20:00+00:00,82.19,82.19,81.93,81.94,6667.023,1780021499999,546930.73929000,2218,2656.41700000,217949.57654000,0,SOLUSDT
2026-05-29 02:25:00+00:00,81.94,81.96,81.81,81.83,8268.431,1780021799999,677120.59586000,2689,3247.79900000,266013.00644000,0,SOLUSDT
2026-05-29 02:30:00+00:00,81.83,81.88,81.7,81.85,30173.137,1780022099999,2468160.51933000,3509,5064.44900000,414282.11136000,0,SOLUSDT
2026-05-29 02:35:00+00:00,81.85,81.95,81.85,81.95,3448.077,1780022399999,282380.31202000,1402,3017.30000000,247099.44367000,0,SOLUSDT
2026-05-29 02:40:00+00:00,81.95,81.95,81.67,81.72,4329.275,1780022699999,354102.21366000,1547,1241.88800000,101523.77582000,0,SOLUSDT
2026-05-29 02:45:00+00:00,81.72,81.76,81.69,81.73,3570.05,1780022999999,291759.24198000,1069,2153.81800000,176008.80529000,0,SOLUSDT
2026-05-29 02:50:00+00:00,81.72,81.75,81.51,81.51,6124.219,1780023299999,499830.96935000,2173,2807.87900000,229122.02878000,0,SOLUSDT
2026-05-29 02:55:00+00:00,81.52,81.57,81.47,81.57,6318.339,1780023599999,515090.02438000,1903,2305.99200000,188000.06230000,0,SOLUSDT
2026-05-29 03:00:00+00:00,81.57,81.68,81.57,81.65,1964.961,1780023899999,160407.78959000,1752,1390.42700000,113500.00458000,0,SOLUSDT
2026-05-29 03:05:00+00:00,81.65,81.96,81.65,81.92,5217.036,1780024199999,426717.12193000,2020,3143.61400000,257125.08136000,0,SOLUSDT
2026-05-29 03:10:00+00:00,81.92,81.95,81.86,81.9,4957.264,1780024499999,405984.97842000,1434,3294.20700000,269775.54934000,0,SOLUSDT
2026-05-29 03:15:00+00:00,81.9,81.9,81.75,81.81,4736.878,1780024799999,387577.52572000,1177,2108.45400000,172476.74597000,0,SOLUSDT
2026-05-29 03:20:00+00:00,81.82,81.83,81.68,81.73,2627.662,1780025099999,214741.28913000,919,1500.90700000,122633.21601000,0,SOLUSDT
2026-05-29 03:25:00+00:00,81.73,81.76,81.68,81.71,2237.412,1780025399999,182803.75109000,766,567.90400000,46403.34934000,0,SOLUSDT
2026-05-29 03:30:00+00:00,81.7,81.82,81.61,81.79,3560.133,1780025699999,290865.19550000,1283,1833.25900000,149733.49757000,0,SOLUSDT
2026-05-29 03:35:00+00:00,81.79,81.79,81.58,81.62,3711.009,1780025999999,302994.63893000,1254,1712.44000000,139806.51282000,0,SOLUSDT
2026-05-29 03:40:00+00:00,81.62,81.68,81.62,81.65,1473.034,1780026299999,120284.31020000,649,1273.96400000,104031.39157000,0,SOLUSDT
2026-05-29 03:45:00+00:00,81.64,81.65,81.59,81.63,3572.385,1780026599999,291537.57754000,1027,1894.95700000,154648.94236000,0,SOLUSDT
2026-05-29 03:50:00+00:00,81.64,81.71,81.52,81.65,3490.272,1780026899999,284757.46709000,1493,1932.49600000,157651.15785000,0,SOLUSDT
2026-05-29 03:55:00+00:00,81.64,81.67,81.6,81.61,2581.753,1780027199999,210746.70143000,738,1211.18300000,98871.07272000,0,SOLUSDT
2026-05-29 04:00:00+00:00,81.62,81.7,81.61,81.68,4346.374,1780027499999,354894.11600000,1086,2014.33800000,164460.39428000,0,SOLUSDT
2026-05-29 04:05:00+00:00,81.69,81.69,81.42,81.43,7590.447,1780027799999,618753.04800000,1956,2476.89400000,201932.32852000,0,SOLUSDT
2026-05-29 04:10:00+00:00,81.44,81.52,81.36,81.48,6799.568,1780028099999,553586.98556000,2263,2286.21500000,186168.85767000,0,SOLUSDT
2026-05-29 04:15:00+00:00,81.48,81.59,81.48,81.53,2979.961,1780028399999,242977.51216000,1375,1699.44100000,138560.15648000,0,SOLUSDT
2026-05-29 04:20:00+00:00,81.53,81.64,81.51,81.62,2033.448,1780028699999,165891.41667000,898,1422.83700000,116077.97344000,0,SOLUSDT
2026-05-29 04:25:00+00:00,81.62,81.72,81.62,81.71,2655.123,1780028999999,216825.13662000,1266,1353.86300000,110564.65982000,0,SOLUSDT
2026-05-29 04:30:00+00:00,81.72,81.8,81.67,81.77,3682.17,1780029299999,300941.46253000,2018,2123.07300000,173504.95054000,0,SOLUSDT
2026-05-29 04:35:00+00:00,81.77,81.81,81.72,81.77,5814.086,1780029599999,475393.48467000,1472,3695.97100000,302231.51399000,0,SOLUSDT
2026-05-29 04:40:00+00:00,81.77,81.78,81.74,81.76,4779.467,1780029899999,390754.00661000,1891,2830.44100000,231417.33283000,0,SOLUSDT
2026-05-29 04:45:00+00:00,81.77,81.85,81.76,81.83,9249.845,1780030199999,756668.11239000,2560,5005.12600000,409431.89183000,0,SOLUSDT
2026-05-29 04:50:00+00:00,81.84,81.84,81.74,81.81,4376.426,1780030499999,357971.58307000,1607,2720.54400000,222535.38150000,0,SOLUSDT
2026-05-29 04:55:00+00:00,81.82,81.94,81.78,81.93,4342.627,1780030799999,355498.98346000,1815,2595.89200000,212510.13175000,0,SOLUSDT
2026-05-29 05:00:00+00:00,81.93,82.13,81.91,82.1,7608.306,1780031099999,623969.46161000,3026,4989.97900000,409229.11310000,0,SOLUSDT
2026-05-29 05:05:00+00:00,82.09,82.14,82.04,82.14,6371.156,1780031399999,523121.48145000,2102,5032.21500000,413195.98251000,0,SOLUSDT
2026-05-29 05:10:00+00:00,82.14,82.2,82.05,82.09,4922.635,1780031699999,404275.19428000,1628,3543.87400000,291072.97066000,0,SOLUSDT
2026-05-29 05:15:00+00:00,82.09,82.15,81.98,82.01,4589.897,1780031999999,376666.14676000,1814,2972.82300000,243953.87862000,0,SOLUSDT
2026-05-29 05:20:00+00:00,82.01,82.01,81.91,81.97,5374.295,1780032299999,440419.28795000,1378,2173.25900000,178093.60121000,0,SOLUSDT
2026-05-29 05:25:00+00:00,81.97,82.02,81.94,81.99,1322.87,1780032599999,108449.96133000,828,885.82900000,72625.31539000,0,SOLUSDT
2026-05-29 05:30:00+00:00,81.99,81.99,81.86,81.9,2665.157,1780032899999,218288.85613000,1164,936.49700000,76706.94479000,0,SOLUSDT
2026-05-29 05:35:00+00:00,81.89,81.91,81.82,81.89,5008.143,1780033199999,410017.33235000,1401,3565.31800000,291896.12761000,0,SOLUSDT
2026-05-29 05:40:00+00:00,81.9,81.91,81.84,81.88,3112.278,1780033499999,254806.26393000,777,1446.74400000,118446.52430000,0,SOLUSDT
2026-05-29 05:45:00+00:00,81.89,82.14,81.87,82.08,9317.157,1780033799999,764350.30663000,2407,6739.17400000,552787.17050000,0,SOLUSDT
2026-05-29 05:50:00+00:00,82.09,82.09,82.02,82.05,4582.378,1780034099999,375980.14671000,1121,1720.34700000,141147.67914000,0,SOLUSDT
2026-05-29 05:55:00+00:00,82.05,82.08,82.0,82.07,4027.137,1780034399999,330355.85466000,1144,3232.60200000,265176.02094000,0,SOLUSDT
2026-05-29 06:00:00+00:00,82.06,82.13,82.02,82.12,5122.393,1780034699999,420386.54405000,1316,3003.91400000,246506.16681000,0,SOLUSDT
2026-05-29 06:05:00+00:00,82.11,82.13,82.04,82.12,5625.396,1780034999999,461810.88769000,1349,3515.25900000,288592.57600000,0,SOLUSDT
2026-05-29 06:10:00+00:00,82.12,82.23,82.08,82.23,4117.693,1780035299999,338332.16539000,1489,2574.90900000,211593.61094000,0,SOLUSDT
2026-05-29 06:15:00+00:00,82.22,82.27,82.19,82.22,4130.858,1780035599999,339679.97203000,1156,2602.27700000,213979.35895000,0,SOLUSDT
2026-05-29 06:20:00+00:00,82.23,82.49,82.22,82.32,9173.767,1780035899999,755637.83733000,3356,6026.18800000,496386.31362000,0,SOLUSDT
2026-05-29 06:25:00+00:00,82.32,82.34,82.23,82.24,1729.148,1780036199999,142278.94160000,941,681.45600000,56072.10497000,0,SOLUSDT
2026-05-29 06:30:00+00:00,82.23,82.23,82.11,82.11,2436.519,1780036499999,200238.66481000,1217,1321.98000000,108630.15970000,0,SOLUSDT
2026-05-29 06:35:00+00:00,82.12,82.15,82.04,82.09,3104.74,1780036799999,254840.05664000,1319,1171.16300000,96143.53080000,0,SOLUSDT
2026-05-29 06:40:00+00:00,82.08,82.17,82.07,82.17,3981.551,1780037099999,326911.07492000,764,3374.84800000,277089.81224000,0,SOLUSDT
2026-05-29 06:45:00+00:00,82.16,82.27,82.16,82.22,2671.736,1780037399999,219670.47758000,999,1567.05900000,128835.21523000,0,SOLUSDT
2026-05-29 06:50:00+00:00,82.22,82.38,82.19,82.29,3793.74,1780037699999,312264.02792000,1413,2727.06300000,224463.15516000,0,SOLUSDT
2026-05-29 06:55:00+00:00,82.29,82.31,82.25,82.31,1905.206,1780037999999,156762.16289000,616,1234.69700000,101593.30342000,0,SOLUSDT
2026-05-29 07:00:00+00:00,82.31,82.33,82.21,82.32,6159.956,1780038299999,506746.10017000,1365,1797.93400000,147948.28902000,0,SOLUSDT
2026-05-29 07:05:00+00:00,82.31,82.34,82.28,82.31,1199.195,1780038599999,98708.82153000,587,441.31200000,36325.81003000,0,SOLUSDT
2026-05-29 07:10:00+00:00,82.31,82.42,82.3,82.4,6194.303,1780038899999,510166.52650000,1132,4988.58300000,410827.11418000,0,SOLUSDT
2026-05-29 07:15:00+00:00,82.39,82.43,82.34,82.38,7640.068,1780039199999,629371.47403000,1603,4869.07300000,401116.23545000,0,SOLUSDT
2026-05-29 07:20:00+00:00,82.38,82.46,82.36,82.41,7087.057,1780039499999,584063.85234000,1052,5319.49700000,438395.21146000,0,SOLUSDT
2026-05-29 07:25:00+00:00,82.41,82.41,82.29,82.36,6666.944,1780039799999,548935.97543000,1346,2432.58200000,200299.55959000,0,SOLUSDT
2026-05-29 07:30:00+00:00,82.37,82.37,82.14,82.18,19312.751,1780040099999,1587556.97567000,3438,12138.43200000,997781.16361000,0,SOLUSDT
2026-05-29 07:35:00+00:00,82.17,82.2,82.02,82.07,13854.236,1780040399999,1137291.58994000,3153,10649.85900000,874241.20194000,0,SOLUSDT
2026-05-29 07:40:00+00:00,82.06,82.06,81.94,81.98,15428.017,1780040699999,1265117.41537000,3001,9670.20300000,793019.44027000,0,SOLUSDT
2026-05-29 07:45:00+00:00,81.98,82.07,81.92,82.06,11227.283,1780040999999,920788.89274000,3030,8751.53500000,717745.16948000,0,SOLUSDT
2026-05-29 07:50:00+00:00,82.05,82.13,82.05,82.09,12491.184,1780041299999,1025388.83206000,2364,9893.78700000,812182.65049000,0,SOLUSDT
2026-05-29 07:55:00+00:00,82.08,82.3,82.08,82.24,15366.978,1780041599999,1262848.70630000,2270,12508.59400000,1027806.88514000,0,SOLUSDT
2026-05-29 08:00:00+00:00,82.25,82.49,82.22,82.32,9578.739,1780041899999,789087.53668000,3019,6037.72900000,497291.59650000,0,SOLUSDT
2026-05-29 08:05:00+00:00,82.32,82.38,82.23,82.36,5439.964,1780042199999,447738.57036000,1554,2754.66400000,226684.71824000,0,SOLUSDT
2026-05-29 08:10:00+00:00,82.35,82.36,82.27,82.31,2726.712,1780042499999,224438.88529000,981,1866.94600000,153666.84986000,0,SOLUSDT
2026-05-29 08:15:00+00:00,82.31,82.36,82.27,82.35,3632.913,1780042799999,299076.47140000,862,2012.44400000,165668.78763000,0,SOLUSDT
2026-05-29 08:20:00+00:00,82.35,82.48,82.33,82.37,9791.523,1780043099999,806936.83358000,2045,6878.32100000,566820.41845000,0,SOLUSDT
2026-05-29 08:25:00+00:00,82.37,82.49,82.37,82.39,4608.302,1780043399999,379886.21308000,1178,2006.87600000,165464.44399000,0,SOLUSDT
2026-05-29 08:30:00+00:00,82.38,82.41,82.28,82.41,4501.449,1780043699999,370653.44815000,1248,1852.87200000,152562.00151000,0,SOLUSDT
2026-05-29 08:35:00+00:00,82.41,82.42,82.35,82.42,2481.584,1780043999999,204418.78124000,603,1354.32500000,111558.38780000,0,SOLUSDT
2026-05-29 08:40:00+00:00,82.41,82.45,82.35,82.39,3323.222,1780044299999,273786.25591000,808,1545.85600000,127354.88232000,0,SOLUSDT
2026-05-29 08:45:00+00:00,82.4,82.41,82.27,82.27,4706.374,1780044599999,387463.03137000,1205,2040.74900000,168004.64385000,0,SOLUSDT
2026-05-29 08:50:00+00:00,82.27,82.32,82.24,82.27,3839.504,1780044899999,315912.40072000,936,1675.24800000,137840.96196000,0,SOLUSDT
2026-05-29 08:55:00+00:00,82.28,82.29,82.18,82.22,2435.329,1780045199999,200228.29267000,898,1196.72000000,98382.57992000,0,SOLUSDT
2026-05-29 09:00:00+00:00,82.23,82.34,82.21,82.28,3231.839,1780045499999,265868.38766000,1180,1732.35100000,142498.30087000,0,SOLUSDT
2026-05-29 09:05:00+00:00,82.29,82.4,82.29,82.4,3170.335,1780045799999,261004.45474000,1031,2312.13900000,190332.99589000,0,SOLUSDT
2026-05-29 09:10:00+00:00,82.4,82.5,82.39,82.44,4808.035,1780046099999,396368.81091000,1231,3063.94600000,252579.57391000,0,SOLUSDT
2026-05-29 09:15:00+00:00,82.43,82.65,82.43,82.6,4446.201,1780046399999,366995.19539000,1739,2996.55800000,247304.70671000,0,SOLUSDT
2026-05-29 09:20:00+00:00,82.6,82.6,82.45,82.53,7184.401,1780046699999,592753.58563000,1346,2223.34500000,183445.67657000,0,SOLUSDT
2026-05-29 09:25:00+00:00,82.53,82.6,82.48,82.58,4859.985,1780046999999,401054.04140000,1163,3400.90700000,280604.69255000,0,SOLUSDT
2026-05-29 09:30:00+00:00,82.57,82.6,82.45,82.47,4541.196,1780047299999,374639.65595000,960,1046.21200000,86287.93394000,0,SOLUSDT
2026-05-29 09:35:00+00:00,82.47,82.49,82.42,82.49,4128.432,1780047599999,340412.33970000,783,3123.70900000,257572.93396000,0,SOLUSDT
2026-05-29 09:40:00+00:00,82.49,82.52,82.44,82.46,4857.468,1780047899999,400667.41432000,645,3231.04300000,266512.64132000,0,SOLUSDT
2026-05-29 09:45:00+00:00,82.46,82.49,82.42,82.42,4897.084,1780048199999,403777.13876000,785,2099.35300000,173103.77632000,0,SOLUSDT
2026-05-29 09:50:00+00:00,82.42,82.45,82.41,82.44,2651.271,1780048499999,218544.20298000,353,1121.26300000,92427.28925000,0,SOLUSDT
2026-05-29 09:55:00+00:00,82.44,82.5,82.4,82.44,13300.79,1780048799999,1096937.82025000,1647,10967.02300000,904494.44958000,0,SOLUSDT
2026-05-29 10:00:00+00:00,82.44,82.45,82.3,82.35,9475.893,1780049099999,780323.33580000,1211,1614.54000000,132948.72044000,0,SOLUSDT
2026-05-29 10:05:00+00:00,82.35,82.43,82.28,82.29,6914.02,1780049399999,569543.93051000,1582,1727.67400000,142320.52316000,0,SOLUSDT
2026-05-29 10:10:00+00:00,82.29,82.33,82.28,82.3,3889.093,1780049699999,320059.77568000,838,564.25800000,46438.87985000,0,SOLUSDT
2026-05-29 10:15:00+00:00,82.3,82.33,82.24,82.26,3646.996,1780049999999,300043.60350000,860,2045.10800000,168244.06514000,0,SOLUSDT
2026-05-29 10:20:00+00:00,82.26,82.33,82.26,82.3,3742.4,1780050299999,307954.83542000,814,2845.79200000,234170.20687000,0,SOLUSDT
2026-05-29 10:25:00+00:00,82.3,82.3,82.22,82.25,3850.524,1780050599999,316681.01147000,867,2849.93300000,234386.74094000,0,SOLUSDT
2026-05-29 10:30:00+00:00,82.24,82.24,82.09,82.15,4626.532,1780050899999,379953.18127000,1466,2473.27000000,203074.58860000,0,SOLUSDT
2026-05-29 10:35:00+00:00,82.14,82.26,82.13,82.18,2832.182,1780051199999,232773.95234000,1190,1395.17000000,114671.20245000,0,SOLUSDT
2026-05-29 10:40:00+00:00,82.17,82.17,82.11,82.15,3366.385,1780051499999,276486.51100000,1453,2826.70600000,232156.52798000,0,SOLUSDT
2026-05-29 10:45:00+00:00,82.14,82.2,82.1,82.19,6006.707,1780051799999,493520.74565000,2464,4966.22900000,408033.00510000,0,SOLUSDT
2026-05-29 10:50:00+00:00,82.19,82.24,82.14,82.16,3435.803,1780052099999,282376.58741000,1219,2544.08700000,209086.56259000,0,SOLUSDT
2026-05-29 10:55:00+00:00,82.17,82.21,82.15,82.15,4175.897,1780052399999,343175.08783000,1513,2926.89300000,240533.52888000,0,SOLUSDT
2026-05-29 11:00:00+00:00,82.15,82.15,82.07,82.08,9048.395,1780052699999,742850.85769000,3033,6010.20400000,493399.47378000,0,SOLUSDT
2026-05-29 11:05:00+00:00,82.08,82.18,82.06,82.07,5429.965,1780052999999,445925.39542000,1492,3846.43100000,315898.63465000,0,SOLUSDT
2026-05-29 11:10:00+00:00,82.07,82.14,82.04,82.09,8484.669,1780053299999,696407.67903000,2012,5931.47300000,486829.99297000,0,SOLUSDT
2026-05-29 11:15:00+00:00,82.09,82.15,82.08,82.15,3053.074,1780053599999,250689.79160000,1273,1657.80900000,136117.34875000,0,SOLUSDT
2026-05-29 11:20:00+00:00,82.15,82.21,82.11,82.16,4430.088,1780053899999,363942.13797000,1667,2713.57000000,222903.35629000,0,SOLUSDT
2026-05-29 11:25:00+00:00,82.16,82.16,81.97,82.04,6043.624,1780054199999,495827.01140000,1896,2791.09800000,228994.65058000,0,SOLUSDT
2026-05-29 11:30:00+00:00,82.05,82.07,81.95,82.07,4615.365,1780054499999,378484.02098000,1342,3209.89800000,263210.53337000,0,SOLUSDT
2026-05-29 11:35:00+00:00,82.06,82.07,81.85,81.85,6593.168,1780054799999,540295.91765000,1900,2285.17000000,187220.80317000,0,SOLUSDT
2026-05-29 11:40:00+00:00,81.86,81.89,81.8,81.87,8152.464,1780055099999,667160.92233000,2700,3794.64300000,310541.62239000,0,SOLUSDT
2026-05-29 11:45:00+00:00,81.87,81.89,81.72,81.73,4533.751,1780055399999,371009.66208000,1503,1994.07100000,163263.78693000,0,SOLUSDT
2026-05-29 11:50:00+00:00,81.73,81.74,81.52,81.66,17040.079,1780055699999,1391304.24365000,5014,6644.90800000,542535.27267000,0,SOLUSDT
2026-05-29 11:55:00+00:00,81.65,81.78,81.61,81.77,5049.544,1780055999999,412599.65244000,2119,3686.45700000,301229.28912000,0,SOLUSDT
2026-05-29 12:00:00+00:00,81.76,81.79,81.66,81.74,6703.897,1780056299999,547817.62385000,2568,2797.90000000,228636.30135000,0,SOLUSDT
2026-05-29 12:05:00+00:00,81.73,81.73,81.6,81.66,9674.577,1780056599999,789899.01879000,2251,6341.06300000,517726.00261000,0,SOLUSDT
2026-05-29 12:10:00+00:00,81.66,81.71,81.58,81.66,9343.311,1780056899999,762803.11737000,2317,6530.42800000,533124.73179000,0,SOLUSDT
2026-05-29 12:15:00+00:00,81.65,81.78,81.58,81.71,8804.998,1780057199999,719227.62057000,2366,3469.54200000,283473.92468000,0,SOLUSDT
2026-05-29 12:20:00+00:00,81.72,81.73,81.65,81.66,5395.042,1780057499999,440790.31219000,2453,3702.21300000,302483.90833000,0,SOLUSDT
2026-05-29 12:25:00+00:00,81.65,81.7,81.64,81.67,3429.816,1780057799999,280111.28166000,1395,2363.26700000,193003.26599000,0,SOLUSDT
2026-05-29 12:30:00+00:00,81.67,81.75,81.46,81.53,19335.789,1780058099999,1577677.55516000,4181,8412.80100000,686456.46619000,0,SOLUSDT
2026-05-29 12:35:00+00:00,81.52,81.53,81.38,81.39,5791.191,1780058399999,471797.10217000,2450,2994.38400000,243953.29758000,0,SOLUSDT
2026-05-29 12:40:00+00:00,81.39,81.46,81.31,81.45,6557.519,1780058699999,533769.33719000,2294,3491.72700000,284227.20957000,0,SOLUSDT
2026-05-29 12:45:00+00:00,81.44,81.47,81.31,81.42,4179.034,1780058999999,340160.08820000,2242,2380.23100000,193732.58499000,0,SOLUSDT
2026-05-29 12:50:00+00:00,81.42,81.62,81.41,81.56,6212.903,1780059299999,506475.68814000,2109,1763.41600000,143772.75428000,0,SOLUSDT
2026-05-29 12:55:00+00:00,81.55,81.57,81.46,81.48,4079.45,1780059599999,332476.38354000,1489,2111.30500000,172078.03970000,0,SOLUSDT
2026-05-29 13:00:00+00:00,81.48,81.48,81.3,81.34,5990.746,1780059899999,487400.67100000,2395,3646.31900000,296637.06048000,0,SOLUSDT
2026-05-29 13:05:00+00:00,81.34,81.42,81.27,81.34,10208.118,1780060199999,830228.51698000,2213,7117.43600000,578842.47778000,0,SOLUSDT
2026-05-29 13:10:00+00:00,81.34,81.34,81.2,81.28,7694.756,1780060499999,625384.30899000,2824,2315.67900000,188194.60490000,0,SOLUSDT
2026-05-29 13:15:00+00:00,81.27,81.39,81.27,81.39,2569.997,1780060799999,209054.60552000,1392,1469.31700000,119526.62089000,0,SOLUSDT
2026-05-29 13:20:00+00:00,81.38,81.42,81.31,81.37,2954.715,1780061099999,240414.67424000,1585,1113.85000000,90623.12058000,0,SOLUSDT
2026-05-29 13:25:00+00:00,81.37,81.42,81.27,81.37,3387.04,1780061399999,275512.60865000,1735,1487.79600000,121013.30160000,0,SOLUSDT
2026-05-29 13:30:00+00:00,81.36,81.36,81.1,81.12,15381.735,1780061699999,1249341.13250000,6669,7929.68300000,644060.38599000,0,SOLUSDT
2026-05-29 13:35:00+00:00,81.11,81.61,81.11,81.49,6227.493,1780061999999,506990.63311000,5153,2871.02100000,233625.65666000,0,SOLUSDT
2026-05-29 13:40:00+00:00,81.48,81.57,81.34,81.55,6164.25,1780062299999,502192.99770000,3211,2144.96300000,174731.04982000,0,SOLUSDT
2026-05-29 13:45:00+00:00,81.56,81.78,81.45,81.46,11310.308,1780062599999,923007.80889000,4239,8059.52200000,657896.92801000,0,SOLUSDT
2026-05-29 13:50:00+00:00,81.45,81.49,81.32,81.39,7450.913,1780062899999,606298.95931000,3113,2667.49600000,217107.15606000,0,SOLUSDT
2026-05-29 13:55:00+00:00,81.39,81.57,81.38,81.44,8063.415,1780063199999,656961.93942000,2438,2185.20900000,178048.48583000,0,SOLUSDT
2026-05-29 14:00:00+00:00,81.44,81.56,81.4,81.51,7138.013,1780063499999,581562.89095000,2949,4465.64600000,363861.40249000,0,SOLUSDT
2026-05-29 14:05:00+00:00,81.5,81.51,81.19,81.28,8205.488,1780063799999,667006.02105000,3868,3736.79500000,303688.71990000,0,SOLUSDT
2026-05-29 14:10:00+00:00,81.27,81.46,81.21,81.39,6863.631,1780064099999,558177.61594000,2848,4656.60100000,378638.72458000,0,SOLUSDT
2026-05-29 14:15:00+00:00,81.38,81.45,80.96,81.01,15165.177,1780064399999,1230917.90674000,7179,5934.45800000,481771.43440000,0,SOLUSDT
2026-05-29 14:20:00+00:00,81.01,81.13,80.82,80.88,11371.953,1780064699999,920649.98651000,4733,7524.84200000,609226.57600000,0,SOLUSDT
2026-05-29 14:25:00+00:00,80.89,80.94,80.35,80.89,31771.075,1780064999999,2561635.65357000,12223,15002.38900000,1209923.38287000,0,SOLUSDT
2026-05-29 14:30:00+00:00,80.88,81.02,80.7,80.99,17271.879,1780065299999,1395640.74023000,6039,10599.23700000,856303.63251000,0,SOLUSDT
2026-05-29 14:35:00+00:00,80.99,81.01,80.72,80.73,10485.573,1780065599999,847629.59311000,4167,5428.07500000,438731.55675000,0,SOLUSDT
2026-05-29 14:40:00+00:00,80.73,80.84,80.47,80.59,23554.947,1780065899999,1899946.83036000,6702,13268.66100000,1070035.05584000,0,SOLUSDT
2026-05-29 14:45:00+00:00,80.58,80.93,80.51,80.84,25911.655,1780066199999,2090842.49358000,7531,14071.40900000,1135513.16703000,0,SOLUSDT
2026-05-29 14:50:00+00:00,80.84,81.58,80.84,81.2,39898.731,1780066499999,3243293.24683000,14050,26075.78300000,2119409.10383000,0,SOLUSDT
2026-05-29 14:55:00+00:00,81.2,81.49,81.18,81.33,15864.914,1780066799999,1290550.97107000,5662,9877.61600000,803474.60522000,0,SOLUSDT
2026-05-29 15:00:00+00:00,81.33,81.62,81.2,81.62,15573.828,1780067099999,1267624.20435000,6039,9092.88900000,740066.46449000,0,SOLUSDT
2026-05-29 15:05:00+00:00,81.62,82.12,81.57,82.08,40785.998,1780067399999,3338501.26637000,10463,22459.22600000,1838356.84345000,0,SOLUSDT
2026-05-29 15:10:00+00:00,82.09,82.25,82.05,82.12,20960.777,1780067699999,1722466.56947000,6620,9708.58300000,797777.49038000,0,SOLUSDT
2026-05-29 15:15:00+00:00,82.12,82.32,81.91,82.16,25692.801,1780067999999,2109277.82395000,6905,14928.69800000,1225967.16020000,0,SOLUSDT
2026-05-29 15:20:00+00:00,82.15,82.2,82.04,82.19,7572.979,1780068299999,621886.88870000,3354,4920.85800000,404075.62609000,0,SOLUSDT
2026-05-29 15:25:00+00:00,82.19,82.69,81.96,82.63,41486.949,1780068599999,3421008.56983000,9802,23887.28600000,1969134.59994000,0,SOLUSDT
2026-05-29 15:30:00+00:00,82.64,83.19,82.62,83.09,43117.963,1780068899999,3575623.68653000,12660,30877.85200000,2560725.37981000,0,SOLUSDT
2026-05-29 15:35:00+00:00,83.08,83.24,82.94,83.11,28089.766,1780069199999,2334659.57516000,10994,15656.30100000,1301231.28157000,0,SOLUSDT
2026-05-29 15:40:00+00:00,83.1,83.22,82.3,82.45,47513.005,1780069499999,3928764.07277000,12124,19679.54900000,1626974.04966000,0,SOLUSDT
2026-05-29 15:45:00+00:00,82.45,82.71,82.41,82.69,17696.339,1780069799999,1460319.66396000,6927,8091.49000000,667756.95453000,0,SOLUSDT
2026-05-29 15:50:00+00:00,82.7,82.7,82.32,82.45,21950.358,1780070099999,1812238.62024000,5780,11924.30300000,984834.67122000,0,SOLUSDT
2026-05-29 15:55:00+00:00,82.45,82.63,82.41,82.59,8535.97,1780070399999,704584.90486000,3149,1972.47700000,162809.75143000,0,SOLUSDT
2026-05-29 16:00:00+00:00,82.58,82.7,82.53,82.64,11507.07,1780070699999,950602.28384000,4530,5463.09000000,451315.07612000,0,SOLUSDT
2026-05-29 16:05:00+00:00,82.64,82.76,82.57,82.72,9783.895,1780070999999,808777.58519000,4143,4822.11700000,398577.09636000,0,SOLUSDT
2026-05-29 16:10:00+00:00,82.71,82.9,82.71,82.79,7001.314,1780071299999,579632.75629000,3495,3814.79000000,315802.89346000,0,SOLUSDT
2026-05-29 16:15:00+00:00,82.8,82.92,82.48,82.51,11461.304,1780071599999,947552.45155000,5272,4205.53300000,347789.69779000,0,SOLUSDT
2026-05-29 16:20:00+00:00,82.52,82.55,82.27,82.33,6162.464,1780071899999,508018.34187000,3697,1918.30900000,158100.64001000,0,SOLUSDT
2026-05-29 16:25:00+00:00,82.34,82.37,82.2,82.34,7123.331,1780072199999,586200.63142000,3461,3253.65300000,267775.80246000,0,SOLUSDT
2026-05-29 16:30:00+00:00,82.33,83.01,82.33,82.94,18844.948,1780072499999,1558207.09259000,7543,11410.02500000,943498.62565000,0,SOLUSDT
2026-05-29 16:35:00+00:00,82.94,83.06,82.8,82.96,10786.372,1780072799999,894763.93717000,5556,6142.40300000,509589.37900000,0,SOLUSDT
2026-05-29 16:40:00+00:00,82.95,83.13,82.88,82.96,7870.27,1780073099999,653062.77694000,3502,4253.66900000,352958.17498000,0,SOLUSDT
2026-05-29 16:45:00+00:00,82.96,83.04,82.84,82.95,4921.194,1780073399999,408263.54215000,3403,2511.01200000,208362.42050000,0,SOLUSDT
2026-05-29 16:50:00+00:00,82.94,83.03,82.77,82.99,7047.238,1780073699999,584011.39019000,3706,2709.77000000,224543.28483000,0,SOLUSDT
2026-05-29 16:55:00+00:00,82.98,83.03,82.83,82.93,8970.669,1780073999999,743940.86707000,2668,5219.71500000,432905.32679000,0,SOLUSDT
2026-05-29 17:00:00+00:00,82.93,83.09,82.81,82.81,8518.606,1780074299999,706733.95580000,3655,5821.01200000,483057.33832000,0,SOLUSDT
2026-05-29 17:05:00+00:00,82.82,82.99,82.71,82.97,7395.018,1780074599999,612306.83952000,3473,2742.62700000,227217.05249000,0,SOLUSDT
2026-05-29 17:10:00+00:00,82.97,83.17,82.96,83.08,26577.431,1780074899999,2208316.83971000,4520,20351.44900000,1691007.42263000,0,SOLUSDT
2026-05-29 17:15:00+00:00,83.09,83.18,82.98,83.1,16038.169,1780075199999,1332332.36095000,4399,12025.64200000,998982.40352000,0,SOLUSDT
2026-05-29 17:20:00+00:00,83.11,83.17,82.99,83.12,16896.072,1780075499999,1403716.25681000,4287,9124.21700000,758037.83187000,0,SOLUSDT
2026-05-29 17:25:00+00:00,83.11,83.13,82.98,83.09,3003.954,1780075799999,249480.52190000,1772,1087.61300000,90327.05538000,0,SOLUSDT
2026-05-29 17:30:00+00:00,83.09,83.2,83.07,83.17,7031.6,1780076099999,584672.84531000,2698,4707.62400000,391439.30755000,0,SOLUSDT
2026-05-29 17:35:00+00:00,83.17,83.22,83.07,83.15,5855.831,1780076399999,486953.45144000,2368,3874.93500000,322253.83855000,0,SOLUSDT
2026-05-29 17:40:00+00:00,83.15,83.15,83.0,83.02,2989.317,1780076699999,248353.78346000,1967,1418.80800000,117868.27081000,0,SOLUSDT
2026-05-29 17:45:00+00:00,83.02,83.02,82.8,82.82,8745.607,1780076999999,725157.29867000,3357,2070.71700000,171672.45852000,0,SOLUSDT
2026-05-29 17:50:00+00:00,82.82,82.87,82.7,82.77,5977.235,1780077299999,494837.53606000,3277,2450.67400000,202855.69434000,0,SOLUSDT
2026-05-29 17:55:00+00:00,82.76,82.82,82.67,82.79,3690.25,1780077599999,305300.16293000,2531,1427.86300000,118117.85320000,0,SOLUSDT
2026-05-29 18:00:00+00:00,82.8,82.84,82.69,82.76,2593.031,1780077899999,214599.18224000,2486,639.41500000,52919.80266000,0,SOLUSDT
2026-05-29 18:05:00+00:00,82.77,82.93,82.75,82.89,5749.754,1780078199999,476154.91756000,2390,1988.49500000,164661.99397000,0,SOLUSDT
2026-05-29 18:10:00+00:00,82.89,83.0,82.85,82.93,3479.978,1780078499999,288599.59822000,1748,2444.23600000,202706.20671000,0,SOLUSDT
2026-05-29 18:15:00+00:00,82.92,82.93,82.73,82.76,9056.602,1780078799999,750036.99530000,3195,2527.54800000,209343.20786000,0,SOLUSDT
2026-05-29 18:20:00+00:00,82.77,82.82,82.67,82.68,4538.638,1780079099999,375482.17013000,2367,1819.00200000,150468.66348000,0,SOLUSDT
2026-05-29 18:25:00+00:00,82.69,82.75,82.56,82.64,9526.914,1780079399999,787711.46304000,2994,1248.49400000,103202.07135000,0,SOLUSDT
2026-05-29 18:30:00+00:00,82.65,82.73,82.64,82.71,5057.948,1780079699999,418222.91614000,1887,815.88200000,67462.05126000,0,SOLUSDT
2026-05-29 18:35:00+00:00,82.72,82.8,82.58,82.76,4255.953,1780079999999,351871.69922000,2871,853.66100000,70574.07752000,0,SOLUSDT
2026-05-29 18:40:00+00:00,82.75,82.79,82.7,82.72,2421.653,1780080299999,200374.83604000,1321,1192.71400000,98698.94870000,0,SOLUSDT
2026-05-29 18:45:00+00:00,82.72,82.72,82.28,82.32,11230.294,1780080599999,925489.99399000,6468,2616.79900000,215608.50617000,0,SOLUSDT
2026-05-29 18:50:00+00:00,82.33,82.39,81.82,82.01,20362.294,1780080899999,1671004.84788000,8188,5831.08800000,478562.08225000,0,SOLUSDT
2026-05-29 18:55:00+00:00,82.01,82.07,81.85,82.07,12624.606,1780081199999,1034524.39818000,2454,3433.63600000,281280.89957000,0,SOLUSDT
2026-05-29 19:00:00+00:00,82.06,82.17,81.95,82.16,3525.647,1780081499999,289313.57506000,2429,1569.02300000,128781.15421000,0,SOLUSDT
2026-05-29 19:05:00+00:00,82.16,82.21,82.13,82.13,5495.801,1780081799999,451578.21207000,1678,3809.03300000,312972.90308000,0,SOLUSDT
2026-05-29 19:10:00+00:00,82.14,82.15,81.87,81.89,2828.091,1780082099999,231817.35123000,1637,1152.37300000,94437.46175000,0,SOLUSDT
2026-05-29 19:15:00+00:00,81.89,81.93,81.6,81.68,5297.948,1780082399999,433297.04017000,3984,2928.10300000,239529.15783000,0,SOLUSDT
2026-05-29 19:20:00+00:00,81.68,81.8,81.65,81.76,4363.123,1780082699999,356542.05838000,2342,1792.52700000,146487.95671000,0,SOLUSDT
2026-05-29 19:25:00+00:00,81.77,81.91,81.77,81.91,2028.36,1780082999999,166029.26596000,1528,920.66900000,75362.47357000,0,SOLUSDT
2026-05-29 19:30:00+00:00,81.91,82.26,81.91,82.15,5426.922,1780083299999,445520.44537000,3288,4035.44700000,331243.60078000,0,SOLUSDT
2026-05-29 19:35:00+00:00,82.16,82.33,82.16,82.31,8547.645,1780083599999,702975.85780000,2966,5912.04200000,486233.68283000,0,SOLUSDT
2026-05-29 19:40:00+00:00,82.32,82.41,82.28,82.31,6178.039,1780083899999,508673.80499000,1695,3494.62200000,287768.45744000,0,SOLUSDT
2026-05-29 19:45:00+00:00,82.32,82.34,82.21,82.24,1779.655,1780084199999,146436.32422000,1157,912.14300000,75056.27044000,0,SOLUSDT
2026-05-29 19:50:00+00:00,82.25,82.27,82.11,82.16,7655.246,1780084499999,629144.11365000,2523,2236.18000000,183781.14651000,0,SOLUSDT
2026-05-29 19:55:00+00:00,82.16,82.21,82.06,82.06,4088.005,1780084799999,335711.85429000,1989,1992.54400000,163646.41670000,0,SOLUSDT
2026-05-29 20:00:00+00:00,82.06,82.18,82.01,82.11,4360.907,1780085099999,357892.73598000,1940,1554.07100000,127541.98176000,0,SOLUSDT
2026-05-29 20:05:00+00:00,82.12,82.24,82.08,82.23,2600.15,1780085399999,213580.85350000,1878,1842.07800000,151315.26100000,0,SOLUSDT
2026-05-29 20:10:00+00:00,82.23,82.3,82.2,82.24,1841.461,1780085699999,151437.11356000,1392,925.68900000,76131.38874000,0,SOLUSDT
2026-05-29 20:15:00+00:00,82.23,82.23,82.1,82.17,1574.662,1780085999999,129369.15827000,1555,959.31300000,78808.11428000,0,SOLUSDT
2026-05-29 20:20:00+00:00,82.16,82.33,82.16,82.33,4231.309,1780086299999,347961.56686000,1359,2876.68300000,236557.99948000,0,SOLUSDT
2026-05-29 20:25:00+00:00,82.34,82.34,82.23,82.26,2218.759,1780086599999,182540.17733000,1305,1382.51700000,113736.59684000,0,SOLUSDT
2026-05-29 20:30:00+00:00,82.25,82.33,82.25,82.3,903.856,1780086899999,74377.64611000,1239,465.12300000,38274.28672000,0,SOLUSDT
2026-05-29 20:35:00+00:00,82.3,82.32,82.22,82.25,3659.908,1780087199999,301145.68907000,1564,1509.78800000,124245.69318000,0,SOLUSDT
2026-05-29 20:40:00+00:00,82.24,82.3,82.23,82.28,1442.281,1780087499999,118658.00260000,750,977.25300000,80406.00326000,0,SOLUSDT
2026-05-29 20:45:00+00:00,82.28,82.39,82.23,82.27,8559.967,1780087799999,704778.88135000,1637,6632.48500000,546139.38361000,0,SOLUSDT
2026-05-29 20:50:00+00:00,82.27,82.29,82.11,82.15,2082.19,1780088099999,171150.49284000,1870,473.32800000,38896.53059000,0,SOLUSDT
2026-05-29 20:55:00+00:00,82.14,82.25,82.05,82.22,8088.059,1780088399999,664491.01756000,1895,4734.32900000,388970.20553000,0,SOLUSDT
2026-05-29 21:00:00+00:00,82.23,82.24,82.16,82.19,1639.643,1780088699999,134781.27846000,1180,663.82700000,54567.81666000,0,SOLUSDT
2026-05-29 21:05:00+00:00,82.19,82.3,82.19,82.22,1815.815,1780088999999,149353.56151000,1301,883.78300000,72698.86983000,0,SOLUSDT
2026-05-29 21:10:00+00:00,82.23,82.4,82.21,82.32,14162.18,1780089299999,1166034.30987000,2031,7114.62300000,585665.77841000,0,SOLUSDT
2026-05-29 21:15:00+00:00,82.32,82.32,82.21,82.23,2343.832,1780089599999,192832.65790000,1012,543.15000000,44691.74460000,0,SOLUSDT
2026-05-29 21:20:00+00:00,82.23,82.23,81.99,82.08,13486.922,1780089899999,1107171.87280000,2117,3684.47900000,302390.98717000,0,SOLUSDT
2026-05-29 21:25:00+00:00,82.08,82.08,81.93,81.95,1288.268,1780090199999,105633.05915000,1008,309.87400000,25405.49199000,0,SOLUSDT
2026-05-29 21:30:00+00:00,81.94,81.98,81.86,81.9,3863.624,1780090499999,316502.95744000,1223,2143.71500000,175637.54267000,0,SOLUSDT
2026-05-29 21:35:00+00:00,81.89,81.97,81.84,81.97,3407.524,1780090799999,279060.74865000,1019,835.21600000,68407.56842000,0,SOLUSDT
2026-05-29 21:40:00+00:00,81.97,82.1,81.97,82.05,5474.127,1780091099999,449050.35604000,1589,2365.19800000,193981.91863000,0,SOLUSDT
2026-05-29 21:45:00+00:00,82.06,82.1,81.9,81.92,2027.223,1780091399999,166304.10785000,1301,965.95600000,79240.36316000,0,SOLUSDT
2026-05-29 21:50:00+00:00,81.91,81.94,81.76,81.79,2513.653,1780091699999,205811.68592000,1688,1145.54200000,93787.30212000,0,SOLUSDT
2026-05-29 21:55:00+00:00,81.78,81.78,81.7,81.71,4682.35,1780091999999,382728.85032000,1165,1501.34400000,122710.55402000,0,SOLUSDT
2026-05-29 22:00:00+00:00,81.71,81.82,81.62,81.64,3297.197,1780092299999,269432.61550000,1750,959.46300000,78416.99414000,0,SOLUSDT
2026-05-29 22:05:00+00:00,81.64,81.68,81.62,81.65,10189.53,1780092599999,831988.83941000,1580,3456.47300000,282224.80308000,0,SOLUSDT
2026-05-29 22:10:00+00:00,81.65,81.73,81.63,81.69,6610.647,1780092899999,539938.59610000,1177,2822.86200000,230548.89825000,0,SOLUSDT
2026-05-29 22:15:00+00:00,81.69,81.89,81.68,81.89,3599.088,1780093199999,294385.33555000,1182,2985.05300000,244171.68899000,0,SOLUSDT
2026-05-29 22:20:00+00:00,81.89,82.02,81.88,81.89,4808.294,1780093499999,394136.66809000,1567,3194.59600000,261888.29429000,0,SOLUSDT
2026-05-29 22:25:00+00:00,81.88,81.9,81.85,81.89,2618.137,1780093799999,214374.80495000,602,1464.64000000,119928.43896000,0,SOLUSDT
2026-05-29 22:30:00+00:00,81.9,82.01,81.9,81.93,14050.344,1780094099999,1151491.22285000,1350,11859.60800000,971949.68659000,0,SOLUSDT
2026-05-29 22:35:00+00:00,81.93,81.95,81.86,81.89,3163.388,1780094399999,259083.98271000,1171,1357.67400000,111193.64368000,0,SOLUSDT
2026-05-29 22:40:00+00:00,81.9,81.93,81.87,81.92,1685.601,1780094699999,138045.57222000,713,501.71900000,41090.78800000,0,SOLUSDT
2026-05-29 22:45:00+00:00,81.93,81.96,81.89,81.92,9170.863,1780094999999,751520.12823000,969,7548.78700000,618607.65409000,0,SOLUSDT
2026-05-29 22:50:00+00:00,81.93,81.95,81.81,81.9,4898.696,1780095299999,401011.89150000,1254,1736.98200000,142219.81520000,0,SOLUSDT
2026-05-29 22:55:00+00:00,81.91,82.0,81.91,81.99,7574.591,1780095599999,620860.64458000,803,6716.50100000,550514.26964000,0,SOLUSDT
2026-05-29 23:00:00+00:00,81.98,82.0,81.89,82.0,2573.238,1780095899999,210934.62004000,967,1265.20100000,103711.08863000,0,SOLUSDT
2026-05-29 23:05:00+00:00,82.0,82.09,81.98,81.99,7753.328,1780096199999,635878.11587000,1181,6438.63800000,528034.22288000,0,SOLUSDT
2026-05-29 23:10:00+00:00,82.0,82.06,81.92,81.96,3676.948,1780096499999,301368.90455000,1095,2533.52100000,207624.41362000,0,SOLUSDT
2026-05-29 23:15:00+00:00,81.96,82.03,81.92,81.95,1783.181,1780096799999,146170.98695000,1139,718.23800000,58874.11090000,0,SOLUSDT
2026-05-29 23:20:00+00:00,81.95,82.0,81.86,81.9,5632.661,1780097099999,461440.74503000,1108,4797.90300000,393048.85041000,0,SOLUSDT
2026-05-29 23:25:00+00:00,81.9,81.96,81.89,81.94,1169.321,1780097399999,95810.05704000,599,400.87900000,32844.25715000,0,SOLUSDT
2026-05-29 23:30:00+00:00,81.94,81.98,81.83,81.88,5513.962,1780097699999,451580.07053000,1082,1119.77700000,91727.13590000,0,SOLUSDT
2026-05-29 23:35:00+00:00,81.88,81.91,81.76,81.91,5694.24,1780097999999,465970.81140000,995,3280.69800000,268491.79188000,0,SOLUSDT
2026-05-29 23:40:00+00:00,81.9,82.0,81.9,82.0,2526.627,1780098299999,207022.77826000,645,1248.51700000,102312.40789000,0,SOLUSDT
2026-05-29 23:45:00+00:00,81.99,81.99,81.94,81.97,2905.621,1780098599999,238162.35595000,597,914.17000000,74930.76344000,0,SOLUSDT
2026-05-29 23:50:00+00:00,81.96,82.11,81.96,82.03,6584.852,1780098899999,540334.33586000,979,4076.44800000,334481.57086000,0,SOLUSDT
2026-05-29 23:55:00+00:00,82.04,82.07,82.0,82.04,6745.204,1780099199999,553369.01722000,736,6065.80700000,497632.64261000,0,SOLUSDT
2026-05-30 00:00:00+00:00,82.04,82.14,81.97,81.98,3221.546,1780099499999,264358.57482000,1131,2031.65000000,166722.32850000,0,SOLUSDT
2026-05-30 00:05:00+00:00,81.98,82.18,81.94,82.17,5473.411,1780099799999,449277.33773000,1342,5072.40400000,416369.87099000,0,SOLUSDT
2026-05-30 00:10:00+00:00,82.17,82.21,82.07,82.08,2795.205,1780100099999,229538.52306000,822,1355.90200000,111348.60354000,0,SOLUSDT
2026-05-30 00:15:00+00:00,82.09,82.2,82.09,82.13,1516.827,1780100399999,124604.75179000,925,837.55100000,68794.36155000,0,SOLUSDT
2026-05-30 00:20:00+00:00,82.13,82.22,82.13,82.18,2042.078,1780100699999,167847.14449000,686,1298.52400000,106729.44779000,0,SOLUSDT
2026-05-30 00:25:00+00:00,82.18,82.23,82.12,82.12,1382.714,1780100999999,113605.82471000,710,852.19500000,70023.64147000,0,SOLUSDT
2026-05-30 00:30:00+00:00,82.13,82.16,82.07,82.13,1985.09,1780101299999,163004.48838000,920,847.75500000,69614.28124000,0,SOLUSDT
2026-05-30 00:35:00+00:00,82.12,82.24,82.08,82.24,2011.028,1780101599999,165270.91513000,829,354.51200000,29132.82976000,0,SOLUSDT
2026-05-30 00:40:00+00:00,82.24,82.31,82.19,82.29,9904.768,1780101899999,814834.49546000,1646,6349.18000000,522304.22318000,0,SOLUSDT
2026-05-30 00:45:00+00:00,82.28,82.31,82.24,82.26,4901.656,1780102199999,403274.88717000,1150,1771.28800000,145715.91462000,0,SOLUSDT
2026-05-30 00:50:00+00:00,82.25,82.34,82.25,82.29,5796.955,1780102499999,477046.76222000,1610,3867.23900000,318243.91779000,0,SOLUSDT
2026-05-30 00:55:00+00:00,82.29,82.35,82.28,82.29,3385.999,1780102799999,278753.57134000,962,1559.70100000,128398.78393000,0,SOLUSDT
2026-05-30 01:00:00+00:00,82.3,82.36,82.22,82.31,3045.357,1780103099999,250633.03412000,1238,1850.09400000,152277.28721000,0,SOLUSDT
2026-05-30 01:05:00+00:00,82.31,82.4,82.27,82.4,1706.366,1780103399999,140485.50761000,664,1120.21400000,92237.57412000,0,SOLUSDT
2026-05-30 01:10:00+00:00,82.39,82.5,82.38,82.49,7271.86,1780103699999,599622.38065000,1980,5239.97600000,432114.69742000,0,SOLUSDT
2026-05-30 01:15:00+00:00,82.5,82.6,82.46,82.6,4341.271,1780103999999,358324.88543000,1330,2725.01000000,224926.49449000,0,SOLUSDT
2026-05-30 01:20:00+00:00,82.6,82.62,82.53,82.6,2278.429,1780104299999,188139.09686000,1014,1191.75000000,98405.26078000,0,SOLUSDT
2026-05-30 01:25:00+00:00,82.6,82.68,82.6,82.63,4446.731,1780104599999,367480.80525000,1024,2609.90000000,215685.61996000,0,SOLUSDT
2026-05-30 01:30:00+00:00,82.62,83.0,82.58,82.77,17536.057,1780104899999,1451826.25549000,3456,12302.66400000,1018630.76569000,0,SOLUSDT
2026-05-30 01:35:00+00:00,82.76,82.83,82.74,82.76,3881.194,1780105199999,321260.98402000,979,2186.51600000,180986.49752000,0,SOLUSDT
2026-05-30 01:40:00+00:00,82.77,82.81,82.72,82.75,2715.431,1780105499999,224714.34726000,732,980.06200000,81118.09490000,0,SOLUSDT
2026-05-30 01:45:00+00:00,82.75,82.85,82.75,82.84,3473.866,1780105799999,287674.00907000,754,2050.42900000,169799.17655000,0,SOLUSDT
2026-05-30 01:50:00+00:00,82.84,82.85,82.73,82.8,5997.559,1780106099999,496441.14563000,1013,1938.20900000,160443.31682000,0,SOLUSDT
2026-05-30 01:55:00+00:00,82.8,82.85,82.79,82.82,2953.775,1780106399999,244597.73085000,698,1901.10400000,157432.34723000,0,SOLUSDT
2026-05-30 02:00:00+00:00,82.82,83.02,82.81,82.97,8754.469,1780106699999,726150.39909000,1922,6711.28800000,556629.42605000,0,SOLUSDT
2026-05-30 02:05:00+00:00,82.97,82.99,82.93,82.97,1255.058,1780106999999,104123.13599000,667,784.62000000,65093.70804000,0,SOLUSDT
2026-05-30 02:10:00+00:00,82.97,82.99,82.89,82.95,3840.522,1780107299999,318501.66096000,811,1812.89600000,150359.92883000,0,SOLUSDT
2026-05-30 02:15:00+00:00,82.95,83.03,82.92,82.92,2919.372,1780107599999,242250.76026000,870,1553.05200000,128874.23130000,0,SOLUSDT
2026-05-30 02:20:00+00:00,82.92,82.93,82.78,82.8,3308.797,1780107899999,274101.99242000,854,829.17300000,68683.58944000,0,SOLUSDT
2026-05-30 02:25:00+00:00,82.8,82.82,82.77,82.81,2829.317,1780108199999,234258.27790000,537,1278.42700000,105851.50653000,0,SOLUSDT
2026-05-30 02:30:00+00:00,82.8,82.98,82.8,82.94,3017.098,1780108499999,250040.79874000,959,1371.88400000,113678.84588000,0,SOLUSDT
2026-05-30 02:35:00+00:00,82.95,82.96,82.89,82.89,1564.225,1780108799999,129717.05924000,722,706.97800000,58631.54273000,0,SOLUSDT
2026-05-30 02:40:00+00:00,82.88,82.99,82.86,82.93,5527.447,1780109099999,458415.32351000,873,4222.11300000,350171.52777000,0,SOLUSDT
2026-05-30 02:45:00+00:00,82.94,82.96,82.85,82.85,1214.932,1780109399999,100724.19330000,483,496.88400000,41199.28009000,0,SOLUSDT
2026-05-30 02:50:00+00:00,82.86,82.98,82.86,82.98,1352.648,1780109699999,112148.06348000,574,761.67400000,63154.88105000,0,SOLUSDT
2026-05-30 02:55:00+00:00,82.97,83.01,82.94,82.98,4963.495,1780109999999,411832.57183000,796,3205.95400000,266001.28376000,0,SOLUSDT
2026-05-30 03:00:00+00:00,82.97,83.1,82.94,83.09,5364.581,1780110299999,445318.08285000,1452,3204.76300000,266041.81293000,0,SOLUSDT
2026-05-30 03:05:00+00:00,83.09,83.09,83.03,83.05,2830.209,1780110599999,235087.78052000,761,614.59600000,51044.91885000,0,SOLUSDT
2026-05-30 03:10:00+00:00,83.04,83.05,82.96,82.97,2989.617,1780110899999,248139.57285000,858,2175.05700000,180530.79934000,0,SOLUSDT
2026-05-30 03:15:00+00:00,82.97,82.97,82.89,82.9,3001.232,1780111199999,248885.90724000,662,1598.09300000,132519.16980000,0,SOLUSDT
2026-05-30 03:20:00+00:00,82.9,83.0,82.88,82.89,2515.488,1780111499999,208633.55338000,902,1829.78300000,151754.38470000,0,SOLUSDT
2026-05-30 03:25:00+00:00,82.9,82.92,82.85,82.87,1560.863,1780111799999,129367.12256000,528,634.22000000,52568.00849000,0,SOLUSDT
2026-05-30 03:30:00+00:00,82.87,82.87,82.76,82.83,4219.668,1780112099999,349450.63276000,1386,1938.14000000,160498.36688000,0,SOLUSDT
2026-05-30 03:35:00+00:00,82.83,82.84,82.78,82.81,933.09,1780112399999,77270.30577000,585,691.65200000,57277.65688000,0,SOLUSDT
2026-05-30 03:40:00+00:00,82.81,82.82,82.68,82.7,3787.765,1780112699999,313402.62553000,824,487.03100000,40302.04310000,0,SOLUSDT
2026-05-30 03:45:00+00:00,82.7,82.81,82.7,82.78,2160.395,1780112999999,178778.26752000,634,1558.19200000,128948.95615000,0,SOLUSDT
2026-05-30 03:50:00+00:00,82.78,82.78,82.69,82.69,2102.035,1780113299999,173911.19574000,578,310.98700000,25732.76893000,0,SOLUSDT
2026-05-30 03:55:00+00:00,82.69,82.7,82.62,82.67,2931.539,1780113599999,242351.53006000,768,1099.10000000,90872.50104000,0,SOLUSDT
2026-05-30 04:00:00+00:00,82.67,82.8,82.66,82.67,4058.809,1780113899999,335814.86526000,1345,2301.09000000,190375.56850000,0,SOLUSDT
2026-05-30 04:05:00+00:00,82.67,82.67,82.51,82.52,6553.362,1780114199999,541190.12377000,1731,2019.31600000,166757.69292000,0,SOLUSDT
2026-05-30 04:10:00+00:00,82.51,82.71,82.51,82.7,6628.257,1780114499999,547486.44907000,1002,3456.65600000,285538.72188000,0,SOLUSDT
2026-05-30 04:15:00+00:00,82.71,82.71,82.53,82.56,2454.723,1780114799999,202752.60735000,1118,531.25900000,43876.39942000,0,SOLUSDT
2026-05-30 04:20:00+00:00,82.56,82.58,82.47,82.49,8102.705,1780115099999,668485.96358000,927,918.85100000,75814.69377000,0,SOLUSDT
2026-05-30 04:25:00+00:00,82.49,82.49,82.16,82.21,12092.888,1780115399999,995024.96426000,2507,2514.06700000,206687.50321000,0,SOLUSDT
2026-05-30 04:30:00+00:00,82.2,82.2,81.94,82.0,8360.333,1780115699999,685993.57588000,3670,1753.35300000,143909.01651000,0,SOLUSDT
2026-05-30 04:35:00+00:00,82.0,82.07,81.86,82.03,10337.349,1780115999999,847215.69247000,2800,3368.99600000,276203.98213000,0,SOLUSDT
2026-05-30 04:40:00+00:00,82.03,82.16,82.01,82.16,4194.221,1780116299999,344158.77385000,1668,2766.44300000,227021.46458000,0,SOLUSDT
2026-05-30 04:45:00+00:00,82.15,82.31,82.13,82.3,7064.377,1780116599999,581006.79439000,1602,5404.87900000,444524.42729000,0,SOLUSDT
2026-05-30 04:50:00+00:00,82.29,82.33,82.23,82.28,5279.14,1780116899999,434355.31555000,1114,1571.38400000,129304.77595000,0,SOLUSDT
2026-05-30 04:55:00+00:00,82.28,82.33,82.27,82.33,3759.55,1780117199999,309381.28712000,925,2190.87200000,180284.49933000,0,SOLUSDT
2026-05-30 05:00:00+00:00,82.32,82.39,82.2,82.31,31938.657,1780117499999,2628005.46923000,3039,10867.07600000,894222.63050000,0,SOLUSDT
2026-05-30 05:05:00+00:00,82.32,82.77,82.32,82.45,21894.164,1780117799999,1808030.65603000,4077,14186.97000000,1171452.85630000,0,SOLUSDT
2026-05-30 05:10:00+00:00,82.44,82.54,82.44,82.52,3646.035,1780118099999,300708.55427000,1209,3200.49300000,263959.73234000,0,SOLUSDT
2026-05-30 05:15:00+00:00,82.53,82.56,82.45,82.51,2324.209,1780118399999,191760.77591000,1097,1432.53300000,118191.40294000,0,SOLUSDT
2026-05-30 05:20:00+00:00,82.51,82.55,82.5,82.52,1838.02,1780118699999,151675.51984000,732,1317.97200000,108755.55451000,0,SOLUSDT
2026-05-30 05:25:00+00:00,82.53,82.56,82.46,82.46,3629.474,1780118999999,299498.85418000,1265,1858.75000000,153381.19995000,0,SOLUSDT
2026-05-30 05:30:00+00:00,82.47,82.5,82.46,82.47,813.546,1780119299999,67100.67551000,386,640.99300000,52870.41563000,0,SOLUSDT
2026-05-30 05:35:00+00:00,82.47,82.55,82.44,82.54,3457.409,1780119599999,285255.45159000,643,1344.00300000,110903.56925000,0,SOLUSDT
2026-05-30 05:40:00+00:00,82.53,82.54,82.49,82.52,1209.917,1780119899999,99831.40536000,352,416.10000000,34334.79659000,0,SOLUSDT
2026-05-30 05:45:00+00:00,82.52,82.68,82.52,82.62,3691.057,1780120199999,304922.25842000,909,2732.25100000,225703.78146000,0,SOLUSDT
2026-05-30 05:50:00+00:00,82.62,82.66,82.56,82.59,1610.954,1780120499999,133057.24784000,589,1020.38100000,84270.03081000,0,SOLUSDT
2026-05-30 05:55:00+00:00,82.59,82.63,82.58,82.6,1236.501,1780120799999,102141.98388000,389,994.84600000,82180.61788000,0,SOLUSDT
2026-05-30 06:00:00+00:00,82.59,82.61,82.5,82.5,1543.366,1780121099999,127414.67017000,547,265.08700000,21886.09833000,0,SOLUSDT
2026-05-30 06:05:00+00:00,82.51,82.51,82.39,82.43,2837.7,1780121399999,233893.23222000,752,781.48900000,64410.43989000,0,SOLUSDT
2026-05-30 06:10:00+00:00,82.43,82.49,82.42,82.45,2151.786,1780121699999,177417.47567000,731,689.55800000,56854.92993000,0,SOLUSDT
2026-05-30 06:15:00+00:00,82.44,82.48,82.43,82.47,1688.899,1780121999999,139253.86582000,565,764.55900000,63040.90044000,0,SOLUSDT
2026-05-30 06:20:00+00:00,82.47,82.56,82.47,82.56,1402.986,1780122299999,115799.71619000,444,614.25800000,50700.27414000,0,SOLUSDT
2026-05-30 06:25:00+00:00,82.55,82.7,82.55,82.69,6732.554,1780122599999,556347.91161000,926,5664.72500000,468086.19343000,0,SOLUSDT
2026-05-30 06:30:00+00:00,82.7,82.74,82.63,82.68,3094.228,1780122899999,255861.24305000,1211,1763.61000000,145819.33679000,0,SOLUSDT
2026-05-30 06:35:00+00:00,82.67,82.74,82.66,82.67,1823.966,1780123199999,150840.83850000,825,1104.46300000,91339.97304000,0,SOLUSDT
2026-05-30 06:40:00+00:00,82.67,82.67,82.63,82.64,1492.985,1780123499999,123391.85960000,530,741.59700000,61294.07288000,0,SOLUSDT
2026-05-30 06:45:00+00:00,82.64,82.65,82.52,82.53,1205.782,1780123799999,99574.53175000,742,696.67300000,57529.71084000,0,SOLUSDT
2026-05-30 06:50:00+00:00,82.52,82.56,82.49,82.53,2254.034,1780124099999,186011.17634000,905,1564.78300000,129127.11880000,0,SOLUSDT
2026-05-30 06:55:00+00:00,82.53,82.54,82.43,82.47,3246.096,1780124399999,267717.76702000,955,1083.38200000,89340.56428000,0,SOLUSDT
2026-05-30 07:00:00+00:00,82.48,82.48,82.27,82.3,5695.476,1780124699999,468915.31520000,887,795.26100000,65461.15313000,0,SOLUSDT
2026-05-30 07:05:00+00:00,82.31,82.39,82.28,82.36,4891.035,1780124999999,402618.56186000,904,2654.22100000,218484.47669000,0,SOLUSDT
2026-05-30 07:10:00+00:00,82.35,82.39,82.31,82.37,2690.528,1780125299999,221546.14924000,757,1492.48500000,122895.46347000,0,SOLUSDT
2026-05-30 07:15:00+00:00,82.36,82.42,82.35,82.39,1841.014,1780125599999,151670.72004000,871,791.30100000,65192.25910000,0,SOLUSDT
2026-05-30 07:20:00+00:00,82.38,82.43,82.36,82.43,1242.14,1780125899999,102334.78599000,417,667.65200000,55006.54931000,0,SOLUSDT
2026-05-30 07:25:00+00:00,82.43,82.49,82.42,82.46,3149.798,1780126199999,259746.23742000,559,1608.57500000,132627.53815000,0,SOLUSDT
2026-05-30 07:30:00+00:00,82.46,82.52,82.43,82.47,1953.212,1780126499999,161113.36546000,522,463.85400000,38252.20738000,0,SOLUSDT
2026-05-30 07:35:00+00:00,82.47,82.47,82.32,82.33,3228.558,1780126799999,265907.47656000,1069,987.79300000,81344.97417000,0,SOLUSDT
2026-05-30 07:40:00+00:00,82.33,82.34,82.3,82.31,876.07,1780127099999,72120.54761000,300,448.50000000,36924.40805000,0,SOLUSDT
2026-05-30 07:45:00+00:00,82.3,82.35,82.26,82.34,2225.507,1780127399999,183178.54102000,809,1494.99800000,123055.53961000,0,SOLUSDT
2026-05-30 07:50:00+00:00,82.33,82.35,82.3,82.32,3531.743,1780127699999,290738.55720000,558,678.10200000,55821.98347000,0,SOLUSDT
2026-05-30 07:55:00+00:00,82.31,82.38,82.27,82.37,1429.379,1780127999999,117663.24928000,526,682.36600000,56169.84291000,0,SOLUSDT
2026-05-30 08:00:00+00:00,82.37,82.39,82.33,82.37,2253.606,1780128299999,185610.50163000,635,1102.11900000,90770.38781000,0,SOLUSDT
2026-05-30 08:05:00+00:00,82.36,82.39,82.34,82.35,1065.126,1780128599999,87721.15442000,620,522.83600000,43058.58922000,0,SOLUSDT
2026-05-30 08:10:00+00:00,82.35,82.37,82.31,82.36,1050.069,1780128899999,86452.81104000,591,681.11500000,56076.85508000,0,SOLUSDT
2026-05-30 08:15:00+00:00,82.36,82.37,82.27,82.28,1096.279,1780129199999,90252.57448000,443,322.20500000,26526.12285000,0,SOLUSDT
2026-05-30 08:20:00+00:00,82.28,82.4,82.28,82.4,1103.444,1780129499999,90852.16003000,704,925.72100000,76218.58077000,0,SOLUSDT
2026-05-30 08:25:00+00:00,82.39,82.41,82.33,82.36,1575.976,1780129799999,129825.02213000,616,885.45400000,72937.17311000,0,SOLUSDT
2026-05-30 08:30:00+00:00,82.35,82.39,82.34,82.34,1374.285,1780130099999,113182.52103000,612,755.89600000,62255.64317000,0,SOLUSDT
2026-05-30 08:35:00+00:00,82.34,82.35,82.28,82.28,1409.582,1780130399999,116030.79480000,822,780.15900000,64225.14185000,0,SOLUSDT
2026-05-30 08:40:00+00:00,82.27,82.28,82.2,82.23,4220.088,1780130699999,347024.50000000,827,553.84900000,45549.10662000,0,SOLUSDT
2026-05-30 08:45:00+00:00,82.23,82.26,82.19,82.25,1059.305,1780130999999,87088.58199000,713,707.55600000,58170.87767000,0,SOLUSDT
2026-05-30 08:50:00+00:00,82.26,82.3,82.25,82.27,2595.375,1780131299999,213553.64769000,734,1630.97000000,134199.03389000,0,SOLUSDT
2026-05-30 08:55:00+00:00,82.26,82.26,82.21,82.23,1964.794,1780131599999,161568.70861000,458,998.21200000,82083.46883000,0,SOLUSDT
2026-05-30 09:00:00+00:00,82.23,82.26,82.21,82.26,1879.994,1780131899999,154592.96437000,811,1374.58400000,113029.30278000,0,SOLUSDT
2026-05-30 09:05:00+00:00,82.26,82.3,82.2,82.29,3832.106,1780132199999,315097.04123000,798,1109.43200000,91229.25280000,0,SOLUSDT
2026-05-30 09:10:00+00:00,82.3,82.3,82.26,82.28,1763.277,1780132499999,145078.26383000,531,1157.64600000,95243.10334000,0,SOLUSDT
2026-05-30 09:15:00+00:00,82.28,82.31,82.22,82.23,5917.607,1780132799999,486983.99888000,592,807.43800000,66449.95972000,0,SOLUSDT
2026-05-30 09:20:00+00:00,82.23,82.28,82.23,82.28,1340.477,1780133099999,110238.93185000,509,1040.66600000,85582.56116000,0,SOLUSDT
2026-05-30 09:25:00+00:00,82.28,82.31,82.27,82.31,774.648,1780133399999,63744.78025000,324,570.21500000,46921.83943000,0,SOLUSDT
2026-05-30 09:30:00+00:00,82.31,82.37,82.27,82.29,4761.592,1780133699999,392049.09075000,1081,1614.77200000,132940.47724000,0,SOLUSDT
2026-05-30 09:35:00+00:00,82.3,82.35,82.28,82.32,4611.135,1780133999999,379575.63063000,754,3934.50400000,323871.77206000,0,SOLUSDT
2026-05-30 09:40:00+00:00,82.32,82.33,82.29,82.32,733.933,1780134299999,60405.79260000,331,420.82800000,34636.26814000,0,SOLUSDT
2026-05-30 09:45:00+00:00,82.31,82.35,82.28,82.29,1441.873,1780134599999,118701.46639000,469,1018.26300000,83832.21351000,0,SOLUSDT
2026-05-30 09:50:00+00:00,82.29,82.39,82.28,82.37,1845.026,1780134899999,151906.45200000,773,1161.14400000,95589.26243000,0,SOLUSDT
2026-05-30 09:55:00+00:00,82.37,82.37,82.31,82.34,1359.269,1780135199999,111916.44621000,459,715.98200000,58953.67080000,0,SOLUSDT
2026-05-30 10:00:00+00:00,82.34,82.37,82.3,82.34,1630.615,1780135499999,134271.74811000,643,848.54300000,69873.11048000,0,SOLUSDT
2026-05-30 10:05:00+00:00,82.35,82.44,82.33,82.39,1776.919,1780135799999,146389.14783000,782,1089.40700000,89744.01082000,0,SOLUSDT
2026-05-30 10:10:00+00:00,82.38,82.44,82.38,82.41,1209.648,1780136099999,99679.31213000,341,701.30300000,57790.36815000,0,SOLUSDT
2026-05-30 10:15:00+00:00,82.41,82.51,82.4,82.51,2709.188,1780136399999,223403.39611000,916,2165.98000000,178615.58169000,0,SOLUSDT
2026-05-30 10:20:00+00:00,82.51,82.51,82.43,82.49,2393.635,1780136699999,197394.12234000,548,1773.69700000,146270.21086000,0,SOLUSDT
2026-05-30 10:25:00+00:00,82.48,82.5,82.4,82.41,2519.584,1780136999999,207703.77259000,588,814.78300000,67169.60760000,0,SOLUSDT
2026-05-30 10:30:00+00:00,82.42,82.47,82.41,82.45,1430.533,1780137299999,117931.51648000,410,1203.65700000,99228.73788000,0,SOLUSDT
2026-05-30 10:35:00+00:00,82.44,82.45,82.42,82.42,554.165,1780137599999,45686.18649000,266,334.11200000,27545.88059000,0,SOLUSDT
2026-05-30 10:40:00+00:00,82.42,82.49,82.42,82.47,1229.29,1780137899999,101360.71242000,498,844.89000000,69667.44364000,0,SOLUSDT
2026-05-30 10:45:00+00:00,82.46,82.47,82.44,82.45,455.697,1780138199999,37573.81032000,251,253.75400000,20923.91104000,0,SOLUSDT
2026-05-30 10:50:00+00:00,82.44,82.48,82.44,82.45,1520.615,1780138499999,125387.86541000,357,1186.16700000,97811.83990000,0,SOLUSDT
2026-05-30 10:55:00+00:00,82.46,82.46,82.35,82.38,7898.509,1780138799999,650821.34547000,714,920.75000000,75859.96333000,0,SOLUSDT
2026-05-30 11:00:00+00:00,82.39,82.4,82.34,82.35,1260.893,1780139099999,103859.70259000,502,517.68200000,42642.70778000,0,SOLUSDT
2026-05-30 11:05:00+00:00,82.34,82.38,82.27,82.3,2016.826,1780139399999,166065.81246000,644,851.42100000,70105.93009000,0,SOLUSDT
2026-05-30 11:10:00+00:00,82.29,82.34,82.29,82.32,838.457,1780139699999,69019.67178000,327,567.68900000,46730.98492000,0,SOLUSDT
2026-05-30 11:15:00+00:00,82.33,82.34,82.22,82.23,2596.27,1780139999999,213584.92812000,638,1430.29800000,117666.86890000,0,SOLUSDT
2026-05-30 11:20:00+00:00,82.23,82.28,82.22,82.28,2638.607,1780140299999,217003.00689000,792,2170.89900000,178538.92717000,0,SOLUSDT
2026-05-30 11:25:00+00:00,82.28,82.36,82.28,82.33,1615.35,1780140599999,132979.74664000,687,1024.41300000,84327.31088000,0,SOLUSDT
2026-05-30 11:30:00+00:00,82.33,82.38,82.32,82.37,738.475,1780140899999,60813.27245000,396,562.45100000,46316.30344000,0,SOLUSDT
2026-05-30 11:35:00+00:00,82.37,82.55,82.37,82.49,2577.637,1780141199999,212569.76846000,1270,1628.14200000,134239.44299000,0,SOLUSDT
2026-05-30 11:40:00+00:00,82.49,82.51,82.42,82.44,1233.93,1780141499999,101766.60086000,508,443.42600000,36569.07561000,0,SOLUSDT
2026-05-30 11:45:00+00:00,82.43,82.46,82.35,82.37,1987.124,1780141799999,163745.94900000,906,777.16600000,64036.94144000,0,SOLUSDT
2026-05-30 11:50:00+00:00,82.38,82.38,82.31,82.37,1464.03,1780142099999,120558.28458000,824,1016.77400000,83727.16022000,0,SOLUSDT
2026-05-30 11:55:00+00:00,82.37,82.37,82.32,82.33,580.634,1780142399999,47804.61347000,260,188.50300000,15520.43934000,0,SOLUSDT
2026-05-30 12:00:00+00:00,82.33,82.33,82.27,82.3,3661.407,1780142699999,301278.53428000,1176,2974.24500000,244727.79192000,0,SOLUSDT
2026-05-30 12:05:00+00:00,82.29,82.33,82.29,82.3,1233.834,1780142999999,101553.01017000,591,775.12000000,63797.63318000,0,SOLUSDT
2026-05-30 12:10:00+00:00,82.29,82.3,82.25,82.28,4514.849,1780143299999,371449.61345000,1636,3576.36000000,294245.84241000,0,SOLUSDT
2026-05-30 12:15:00+00:00,82.28,82.36,82.27,82.36,7784.657,1780143599999,640631.26101000,1212,6014.86500000,494995.96670000,0,SOLUSDT
2026-05-30 12:20:00+00:00,82.35,82.37,82.32,82.36,2427.653,1780143899999,199908.53971000,1028,1428.54800000,117633.40902000,0,SOLUSDT
2026-05-30 12:25:00+00:00,82.35,82.41,82.33,82.34,3230.599,1780144199999,266110.60505000,919,2246.08000000,185026.18221000,0,SOLUSDT
2026-05-30 12:30:00+00:00,82.34,82.41,82.34,82.36,1707.472,1780144499999,140645.25947000,1012,1409.08900000,116064.43281000,0,SOLUSDT
2026-05-30 12:35:00+00:00,82.36,82.36,82.31,82.32,5316.41,1780144799999,437658.22745000,1182,4347.50700000,357894.26151000,0,SOLUSDT
2026-05-30 12:40:00+00:00,82.32,82.34,82.29,82.34,3669.952,1780145099999,302068.19423000,1076,2969.63000000,244426.19915000,0,SOLUSDT
2026-05-30 12:45:00+00:00,82.33,82.36,82.28,82.32,4630.193,1780145399999,381082.12699000,1266,3645.13600000,300003.16857000,0,SOLUSDT
2026-05-30 12:50:00+00:00,82.32,82.34,82.28,82.34,2411.097,1780145699999,198451.81706000,669,1931.29600000,158959.18286000,0,SOLUSDT
2026-05-30 12:55:00+00:00,82.33,82.44,82.33,82.43,2463.929,1780145999999,203005.78249000,906,1609.30300000,132571.83868000,0,SOLUSDT
2026-05-30 13:00:00+00:00,82.43,82.54,82.42,82.5,6600.947,1780146299999,544470.54464000,1403,4572.24900000,377117.94356000,0,SOLUSDT
2026-05-30 13:05:00+00:00,82.49,82.51,82.45,82.51,3765.448,1780146599999,310603.70048000,606,3200.19700000,263980.63559000,0,SOLUSDT
2026-05-30 13:10:00+00:00,82.51,82.53,82.5,82.5,973.943,1780146899999,80369.53115000,356,400.01000000,33010.37010000,0,SOLUSDT
2026-05-30 13:15:00+00:00,82.5,82.5,82.43,82.46,2730.05,1780147199999,225130.57891000,649,939.82200000,77499.10332000,0,SOLUSDT
2026-05-30 13:20:00+00:00,82.46,82.57,82.46,82.52,4716.575,1780147499999,389221.10104000,865,3277.03100000,270411.20801000,0,SOLUSDT
2026-05-30 13:25:00+00:00,82.52,82.52,82.47,82.47,1051.517,1780147799999,86741.84677000,288,315.28800000,26010.90347000,0,SOLUSDT
2026-05-30 13:30:00+00:00,82.48,82.48,82.32,82.36,3422.561,1780148099999,281914.89964000,754,1715.50200000,141296.76931000,0,SOLUSDT
2026-05-30 13:35:00+00:00,82.36,82.36,82.25,82.3,3784.561,1780148399999,311450.33696000,974,924.96800000,76121.03812000,0,SOLUSDT
2026-05-30 13:40:00+00:00,82.3,82.42,82.29,82.42,2250.929,1780148699999,185415.48393000,709,2002.98600000,164998.47766000,0,SOLUSDT
2026-05-30 13:45:00+00:00,82.42,82.42,82.38,82.39,2624.763,1780148999999,216294.74118000,429,425.76200000,35088.69150000,0,SOLUSDT
2026-05-30 13:50:00+00:00,82.38,82.48,82.38,82.48,2483.414,1780149299999,204716.95500000,583,753.68100000,62127.12551000,0,SOLUSDT
2026-05-30 13:55:00+00:00,82.48,82.51,82.45,82.48,1084.778,1780149599999,89474.45247000,510,488.70700000,40311.22230000,0,SOLUSDT
2026-05-30 14:00:00+00:00,82.48,82.59,82.44,82.55,3622.897,1780149899999,299018.87344000,1523,2639.08400000,217834.23660000,0,SOLUSDT
2026-05-30 14:05:00+00:00,82.55,82.59,82.46,82.48,4672.076,1780150199999,385454.90196000,1281,2937.75400000,242346.49472000,0,SOLUSDT
2026-05-30 14:10:00+00:00,82.47,82.59,82.46,82.51,6955.262,1780150499999,574065.86915000,1630,3708.03200000,306017.65078000,0,SOLUSDT
2026-05-30 14:15:00+00:00,82.51,82.64,82.43,82.62,2804.876,1780150799999,231471.46734000,1638,1943.36900000,160395.72464000,0,SOLUSDT
2026-05-30 14:20:00+00:00,82.62,82.63,82.53,82.56,2575.64,1780151099999,212663.83023000,1177,1612.24400000,133122.84086000,0,SOLUSDT
2026-05-30 14:25:00+00:00,82.57,82.7,82.54,82.67,7689.59,1780151399999,635376.05070000,1705,6083.98800000,502711.43777000,0,SOLUSDT
2026-05-30 14:30:00+00:00,82.68,82.79,82.61,82.73,13206.344,1780151699999,1092272.36732000,2142,10450.05500000,864320.90261000,0,SOLUSDT
2026-05-30 14:35:00+00:00,82.73,82.76,82.65,82.69,6910.112,1780151999999,571509.64921000,1841,4435.31100000,366849.84300000,0,SOLUSDT
2026-05-30 14:40:00+00:00,82.7,82.75,82.66,82.66,4124.196,1780152299999,341142.41989000,1028,2154.67100000,178234.08437000,0,SOLUSDT
2026-05-30 14:45:00+00:00,82.66,82.69,82.57,82.65,7118.34,1780152599999,588256.01591000,1279,3273.93600000,270555.58744000,0,SOLUSDT
2026-05-30 14:50:00+00:00,82.65,82.65,82.58,82.64,1715.825,1780152899999,141754.31196000,808,879.89000000,72690.77744000,0,SOLUSDT
2026-05-30 14:55:00+00:00,82.63,82.66,82.6,82.63,5670.779,1780153199999,468564.55808000,891,1573.95500000,130048.02914000,0,SOLUSDT
2026-05-30 15:00:00+00:00,82.63,82.71,82.57,82.59,6816.733,1780153499999,563478.44271000,1660,5000.13000000,413364.93367000,0,SOLUSDT
2026-05-30 15:05:00+00:00,82.6,82.66,82.57,82.63,3668.071,1780153799999,303038.11305000,1204,1232.84300000,101858.39533000,0,SOLUSDT
2026-05-30 15:10:00+00:00,82.64,82.92,82.63,82.86,5063.228,1780154099999,419198.29673000,1987,3973.67800000,329018.77948000,0,SOLUSDT
2026-05-30 15:15:00+00:00,82.87,82.87,82.71,82.78,8951.661,1780154399999,741125.32871000,1772,6758.79400000,559558.45957000,0,SOLUSDT
2026-05-30 15:20:00+00:00,82.78,82.78,82.61,82.66,4133.597,1780154699999,341677.26057000,1543,2471.26600000,204228.18665000,0,SOLUSDT
2026-05-30 15:25:00+00:00,82.66,82.73,82.66,82.69,2028.389,1780154999999,167739.94825000,839,707.03100000,58469.14372000,0,SOLUSDT
2026-05-30 15:30:00+00:00,82.7,82.71,82.57,82.65,6154.72,1780155299999,508501.74587000,1138,3493.91100000,288682.70669000,0,SOLUSDT
2026-05-30 15:35:00+00:00,82.64,82.69,82.5,82.53,28308.702,1780155599999,2337728.65710000,2329,3327.90800000,274859.27517000,0,SOLUSDT
2026-05-30 15:40:00+00:00,82.52,82.56,82.48,82.52,6534.96,1780155899999,539246.13165000,1645,3583.22200000,295659.55764000,0,SOLUSDT
2026-05-30 15:45:00+00:00,82.52,82.65,82.52,82.64,3667.094,1780156199999,302958.23727000,1179,1575.03600000,130120.57990000,0,SOLUSDT
2026-05-30 15:50:00+00:00,82.63,82.74,82.59,82.7,3921.83,1780156499999,324242.01603000,1222,2233.08400000,184658.74508000,0,SOLUSDT
2026-05-30 15:55:00+00:00,82.69,82.7,82.63,82.69,1802.952,1780156799999,149044.89422000,585,783.36300000,64755.50999000,0,SOLUSDT
2026-05-30 16:00:00+00:00,82.68,82.7,82.63,82.68,7787.303,1780157099999,643857.27839000,1254,4385.36900000,362605.07596000,0,SOLUSDT
2026-05-30 16:05:00+00:00,82.68,82.77,82.68,82.74,2563.15,1780157399999,212066.81385000,950,1517.99300000,125586.17458000,0,SOLUSDT
2026-05-30 16:10:00+00:00,82.74,82.88,82.73,82.86,3159.22,1780157699999,261579.87818000,1055,1804.34700000,149381.19081000,0,SOLUSDT
2026-05-30 16:15:00+00:00,82.85,82.89,82.69,82.74,2664.549,1780157999999,220654.89622000,1296,1156.18500000,95750.97957000,0,SOLUSDT
2026-05-30 16:20:00+00:00,82.74,82.78,82.7,82.73,3048.445,1780158299999,252244.67852000,752,1946.69400000,161077.58183000,0,SOLUSDT
2026-05-30 16:25:00+00:00,82.73,82.79,82.72,82.77,2171.875,1780158599999,179714.84708000,581,722.80900000,59813.44947000,0,SOLUSDT
2026-05-30 16:30:00+00:00,82.77,82.9,82.77,82.88,2671.947,1780158899999,221277.92852000,903,1564.63000000,129569.30831000,0,SOLUSDT
2026-05-30 16:35:00+00:00,82.88,82.92,82.84,82.91,4053.56,1780159199999,335981.10429000,850,1844.46400000,152909.81171000,0,SOLUSDT
2026-05-30 16:40:00+00:00,82.92,82.92,82.83,82.85,1877.685,1780159499999,155635.71539000,653,1101.32300000,91286.08487000,0,SOLUSDT
2026-05-30 16:45:00+00:00,82.86,82.92,82.75,82.86,2926.525,1780159799999,242404.86352000,1148,1693.16400000,140265.99123000,0,SOLUSDT
2026-05-30 16:50:00+00:00,82.86,82.88,82.82,82.88,1619.766,1780160099999,134203.75219000,487,1267.77600000,105042.85965000,0,SOLUSDT
2026-05-30 16:55:00+00:00,82.87,82.91,82.87,82.89,1953.12,1780160399999,161881.60275000,482,1080.50700000,89559.73998000,0,SOLUSDT
2026-05-30 17:00:00+00:00,82.88,82.97,82.86,82.94,3751.506,1780160699999,311106.80333000,1047,1756.57400000,145664.62747000,0,SOLUSDT
2026-05-30 17:05:00+00:00,82.95,82.98,82.81,82.85,4596.208,1780160999999,380976.84449000,1455,2945.64800000,244182.67780000,0,SOLUSDT
2026-05-30 17:10:00+00:00,82.84,82.91,82.8,82.89,3188.32,1780161299999,264179.39969000,949,1361.52800000,112804.66438000,0,SOLUSDT
2026-05-30 17:15:00+00:00,82.89,82.93,82.8,82.9,2616.809,1780161599999,216790.22417000,1510,885.06700000,73325.38732000,0,SOLUSDT
2026-05-30 17:20:00+00:00,82.9,83.05,82.89,82.97,7141.703,1780161899999,592720.86704000,1919,5499.93500000,456488.07302000,0,SOLUSDT
2026-05-30 17:25:00+00:00,82.98,82.99,82.89,82.9,2856.81,1780162199999,236979.68844000,1195,1536.14500000,127429.87498000,0,SOLUSDT
2026-05-30 17:30:00+00:00,82.89,82.9,82.63,82.74,8468.791,1780162499999,700677.29417000,2889,2902.11800000,240024.93046000,0,SOLUSDT
2026-05-30 17:35:00+00:00,82.74,82.83,82.67,82.83,3362.091,1780162799999,278175.01715000,1300,1345.24200000,111305.94698000,0,SOLUSDT
2026-05-30 17:40:00+00:00,82.82,82.89,82.82,82.89,2337.796,1780163099999,193722.69210000,960,887.09000000,73504.18172000,0,SOLUSDT
2026-05-30 17:45:00+00:00,82.89,83.04,82.89,83.01,2989.124,1780163399999,248030.68964000,1456,1302.30800000,108058.82889000,0,SOLUSDT
2026-05-30 17:50:00+00:00,83.01,83.05,82.99,83.02,2040.949,1780163699999,169446.26519000,1013,905.64800000,75190.89917000,0,SOLUSDT
2026-05-30 17:55:00+00:00,83.02,83.06,82.98,83.05,3709.038,1780163999999,307905.31659000,981,2018.54300000,167565.89878000,0,SOLUSDT
2026-05-30 18:00:00+00:00,83.05,83.08,83.02,83.07,2489.759,1780164299999,206792.90102000,900,1604.89900000,133302.03584000,0,SOLUSDT
2026-05-30 18:05:00+00:00,83.07,83.12,83.0,83.06,9687.504,1780164599999,804901.70400000,1235,8169.83400000,678809.16270000,0,SOLUSDT
2026-05-30 18:10:00+00:00,83.06,83.07,82.98,82.99,1202.709,1780164899999,99857.21056000,493,483.44700000,40140.58402000,0,SOLUSDT
2026-05-30 18:15:00+00:00,82.98,83.06,82.96,83.06,3757.301,1780165199999,311847.53754000,724,2486.88900000,206406.17348000,0,SOLUSDT
2026-05-30 18:20:00+00:00,83.06,83.12,82.97,82.97,3513.608,1780165499999,291777.29460000,862,2474.19500000,205473.48199000,0,SOLUSDT
2026-05-30 18:25:00+00:00,82.97,82.97,82.88,82.91,3475.48,1780165799999,288140.54450000,640,1727.48900000,143231.80096000,0,SOLUSDT
2026-05-30 18:30:00+00:00,82.9,82.99,82.87,82.96,2102.698,1780166099999,174380.32212000,766,552.43500000,45818.92986000,0,SOLUSDT
2026-05-30 18:35:00+00:00,82.96,83.01,82.93,82.97,1620.12,1780166399999,134416.57191000,530,778.91800000,64630.41031000,0,SOLUSDT
2026-05-30 18:40:00+00:00,82.98,83.07,82.97,83.07,1430.282,1780166699999,118707.07700000,663,1109.50700000,92082.80786000,0,SOLUSDT
2026-05-30 18:45:00+00:00,83.08,83.14,83.0,83.05,2426.125,1780166999999,201484.77189000,1077,1377.93500000,114444.74186000,0,SOLUSDT
2026-05-30 18:50:00+00:00,83.04,83.04,82.95,83.02,3028.191,1780167299999,251313.03525000,774,1820.02600000,151054.15333000,0,SOLUSDT
2026-05-30 18:55:00+00:00,83.02,83.07,82.99,83.03,6177.206,1780167599999,512872.90562000,953,3896.39800000,323530.79532000,0,SOLUSDT
2026-05-30 19:00:00+00:00,83.02,83.05,82.93,83.05,3447.338,1780167899999,286103.30446000,1048,2528.22000000,209823.37721000,0,SOLUSDT
2026-05-30 19:05:00+00:00,83.04,83.04,82.93,82.94,2014.715,1780168199999,167162.52346000,883,703.70400000,58386.56836000,0,SOLUSDT
2026-05-30 19:10:00+00:00,82.94,82.97,82.9,82.95,3220.083,1780168499999,267058.05875000,800,2072.75700000,171919.83715000,0,SOLUSDT
2026-05-30 19:15:00+00:00,82.95,83.02,82.95,82.98,2555.054,1780168799999,212002.85162000,877,1078.97500000,89531.31177000,0,SOLUSDT
2026-05-30 19:20:00+00:00,82.97,83.0,82.89,82.89,2945.223,1780169099999,244205.69361000,758,1067.18600000,88495.73981000,0,SOLUSDT
2026-05-30 19:25:00+00:00,82.89,82.95,82.83,82.86,4205.721,1780169399999,348720.83333000,779,3307.35100000,274245.93891000,0,SOLUSDT
2026-05-30 19:30:00+00:00,82.85,82.86,82.78,82.81,1964.761,1780169699999,162736.93090000,826,1015.37900000,84098.52364000,0,SOLUSDT
2026-05-30 19:35:00+00:00,82.81,82.91,82.81,82.89,3124.929,1780169999999,258987.83073000,916,1719.70400000,142531.07676000,0,SOLUSDT
2026-05-30 19:40:00+00:00,82.89,82.93,82.88,82.93,2387.497,1780170299999,197918.40728000,610,1002.02500000,83068.62220000,0,SOLUSDT
2026-05-30 19:45:00+00:00,82.94,83.03,82.93,82.96,4380.874,1780170599999,363544.61071000,1104,1464.97400000,121574.46638000,0,SOLUSDT
2026-05-30 19:50:00+00:00,82.96,83.0,82.93,82.98,2884.095,1780170899999,239268.31696000,789,1302.20800000,108031.17674000,0,SOLUSDT
2026-05-30 19:55:00+00:00,82.98,83.01,82.93,82.99,5458.873,1780171199999,452985.96520000,777,2537.90600000,210619.25384000,0,SOLUSDT
2026-05-30 20:00:00+00:00,82.99,83.05,82.98,82.98,1515.01,1780171499999,125768.09004000,678,894.55100000,74262.57873000,0,SOLUSDT
2026-05-30 20:05:00+00:00,82.97,83.08,82.95,83.03,2235.825,1780171799999,185659.50788000,692,958.25800000,79576.71256000,0,SOLUSDT
2026-05-30 20:10:00+00:00,83.04,83.07,83.01,83.01,2332.075,1780172099999,193664.37501000,668,615.08500000,51078.63897000,0,SOLUSDT
2026-05-30 20:15:00+00:00,83.0,83.03,82.97,82.97,1856.817,1780172399999,154128.04533000,628,743.55200000,61722.32987000,0,SOLUSDT
2026-05-30 20:20:00+00:00,82.97,83.0,82.92,82.97,2574.426,1780172699999,213548.50320000,520,675.10500000,56006.68359000,0,SOLUSDT
2026-05-30 20:25:00+00:00,82.97,82.97,82.92,82.93,2347.554,1780172999999,194729.64051000,318,888.27400000,73683.92242000,0,SOLUSDT
2026-05-30 20:30:00+00:00,82.92,82.93,82.86,82.92,1498.181,1780173299999,124204.62313000,716,751.64500000,62314.33740000,0,SOLUSDT
2026-05-30 20:35:00+00:00,82.93,82.99,82.88,82.91,5884.919,1780173599999,488100.22129000,806,4108.72400000,340759.01602000,0,SOLUSDT
2026-05-30 20:40:00+00:00,82.92,82.92,82.88,82.89,808.547,1780173899999,67027.66846000,275,406.39300000,33689.77856000,0,SOLUSDT
2026-05-30 20:45:00+00:00,82.9,82.97,82.9,82.93,678.581,1780174199999,56275.41980000,358,303.45600000,25164.42658000,0,SOLUSDT
2026-05-30 20:50:00+00:00,82.93,83.01,82.89,82.96,2474.569,1780174499999,205281.32632000,855,959.03200000,79565.22172000,0,SOLUSDT
2026-05-30 20:55:00+00:00,82.96,82.97,82.95,82.96,558.38,1780174799999,46324.14367000,191,303.85700000,25209.66856000,0,SOLUSDT
2026-05-30 21:00:00+00:00,82.96,82.99,82.91,82.93,2427.013,1780175099999,201325.74717000,627,1758.93700000,145915.39420000,0,SOLUSDT
2026-05-30 21:05:00+00:00,82.92,82.99,82.92,82.98,2698.114,1780175399999,223802.24035000,449,2100.41300000,174218.91806000,0,SOLUSDT
2026-05-30 21:10:00+00:00,82.99,83.1,82.98,83.06,6870.109,1780175699999,570493.01477000,995,5759.40400000,478238.41865000,0,SOLUSDT
2026-05-30 21:15:00+00:00,83.07,83.07,82.98,83.01,4682.819,1780175999999,388772.91737000,715,1552.93300000,128935.21155000,0,SOLUSDT
2026-05-30 21:20:00+00:00,83.02,83.1,83.01,83.02,1864.403,1780176299999,154849.23490000,508,1338.13100000,111143.89531000,0,SOLUSDT
2026-05-30 21:25:00+00:00,83.03,83.06,83.02,83.04,1392.496,1780176599999,115636.33949000,495,397.96700000,33049.49897000,0,SOLUSDT
2026-05-30 21:30:00+00:00,83.04,83.06,83.0,83.03,2831.046,1780176899999,235056.46314000,454,1774.30000000,147320.36407000,0,SOLUSDT
2026-05-30 21:35:00+00:00,83.03,83.09,83.0,83.09,1875.257,1780177199999,155758.84965000,565,1334.51800000,110853.92633000,0,SOLUSDT
2026-05-30 21:40:00+00:00,83.08,83.17,83.06,83.1,7838.667,1780177499999,651593.26177000,1174,5697.51100000,473636.75774000,0,SOLUSDT
2026-05-30 21:45:00+00:00,83.1,83.16,83.03,83.04,3795.118,1780177799999,315316.01763000,939,702.28000000,58338.88062000,0,SOLUSDT
2026-05-30 21:50:00+00:00,83.03,83.12,83.03,83.12,1153.011,1780178099999,95791.06033000,620,785.06400000,65223.47422000,0,SOLUSDT
2026-05-30 21:55:00+00:00,83.12,83.12,83.01,83.02,4038.331,1780178399999,335363.52257000,692,820.49000000,68157.45286000,0,SOLUSDT
2026-05-30 22:00:00+00:00,83.02,83.02,82.73,82.73,11243.698,1780178699999,931358.68526000,2871,5292.85800000,438392.95889000,0,SOLUSDT
2026-05-30 22:05:00+00:00,82.73,82.73,82.57,82.7,5125.711,1780178999999,423535.54970000,1762,884.80900000,73111.50142000,0,SOLUSDT
2026-05-30 22:10:00+00:00,82.7,82.78,82.69,82.74,7671.833,1780179299999,634660.42403000,1255,4455.46400000,368585.08795000,0,SOLUSDT
2026-05-30 22:15:00+00:00,82.74,82.84,82.71,82.75,2309.135,1780179599999,191129.32769000,961,955.55000000,79086.18778000,0,SOLUSDT
2026-05-30 22:20:00+00:00,82.76,82.78,82.65,82.72,1459.55,1780179899999,120707.72521000,754,463.55200000,38333.38765000,0,SOLUSDT
2026-05-30 22:25:00+00:00,82.72,82.73,82.67,82.73,1732.0,1780180199999,143234.71811000,617,1499.09400000,123975.14659000,0,SOLUSDT
2026-05-30 22:30:00+00:00,82.73,82.76,82.69,82.72,1037.361,1780180499999,85806.82466000,611,519.34500000,42959.25268000,0,SOLUSDT
2026-05-30 22:35:00+00:00,82.71,82.75,82.52,82.52,4167.579,1780180799999,344529.01486000,1224,481.38200000,39774.29423000,0,SOLUSDT
2026-05-30 22:40:00+00:00,82.52,82.59,82.45,82.53,3760.959,1780181099999,310316.77586000,1361,1235.47300000,101950.52157000,0,SOLUSDT
2026-05-30 22:45:00+00:00,82.53,82.61,82.52,82.6,1319.172,1780181399999,108920.92556000,630,456.36900000,37684.44717000,0,SOLUSDT
2026-05-30 22:50:00+00:00,82.6,82.62,82.56,82.62,718.211,1780181699999,59314.16350000,515,407.83500000,33681.71857000,0,SOLUSDT
2026-05-30 22:55:00+00:00,82.61,82.66,82.59,82.65,4096.268,1780181999999,338471.33675000,610,1390.16700000,114887.33835000,0,SOLUSDT
2026-05-30 23:00:00+00:00,82.64,82.89,82.63,82.82,6625.006,1780182299999,548625.46176000,1658,4588.72900000,380010.51989000,0,SOLUSDT
2026-05-30 23:05:00+00:00,82.82,82.82,82.68,82.69,1922.402,1780182599999,159093.11004000,762,1019.23000000,84347.05736000,0,SOLUSDT
2026-05-30 23:10:00+00:00,82.69,82.69,82.54,82.56,1781.044,1780182899999,147112.67374000,849,536.11900000,44271.08399000,0,SOLUSDT
2026-05-30 23:15:00+00:00,82.56,82.63,82.52,82.6,1806.074,1780183199999,149135.73286000,895,589.07400000,48639.71948000,0,SOLUSDT
2026-05-30 23:20:00+00:00,82.6,82.6,82.52,82.6,1672.293,1780183499999,138067.78388000,874,614.92900000,50766.82696000,0,SOLUSDT
2026-05-30 23:25:00+00:00,82.6,82.66,82.59,82.65,1332.102,1780183799999,110073.74540000,545,535.98400000,44286.83472000,0,SOLUSDT
2026-05-30 23:30:00+00:00,82.65,82.65,82.54,82.58,2642.677,1780184099999,218225.87405000,740,530.40200000,43796.82754000,0,SOLUSDT
2026-05-30 23:35:00+00:00,82.57,82.59,82.53,82.57,658.566,1780184399999,54373.86011000,555,221.15800000,18259.66513000,0,SOLUSDT
2026-05-30 23:40:00+00:00,82.57,82.61,82.57,82.58,1171.949,1780184699999,96789.83086000,598,424.15000000,35032.12506000,0,SOLUSDT
2026-05-30 23:45:00+00:00,82.58,82.65,82.58,82.65,1392.253,1780184999999,115035.91557000,786,682.08700000,56355.89996000,0,SOLUSDT
2026-05-30 23:50:00+00:00,82.65,82.69,82.64,82.67,1624.182,1780185299999,134260.71222000,614,1154.78800000,95459.58988000,0,SOLUSDT
2026-05-30 23:55:00+00:00,82.67,82.74,82.64,82.73,1954.072,1780185599999,161588.63397000,628,1317.98200000,109000.05488000,0,SOLUSDT
2026-05-31 00:00:00+00:00,82.74,82.83,82.64,82.65,2330.53,1780185899999,192778.45576000,1496,716.09600000,59247.27305000,0,SOLUSDT
2026-05-31 00:05:00+00:00,82.66,82.74,82.62,82.74,1458.092,1780186199999,120567.29335000,753,759.55800000,62807.20393000,0,SOLUSDT
2026-05-31 00:10:00+00:00,82.73,82.83,82.73,82.76,1359.377,1780186499999,112518.66151000,781,795.35100000,65832.08765000,0,SOLUSDT
2026-05-31 00:15:00+00:00,82.76,82.82,82.75,82.79,994.097,1780186799999,82305.82008000,571,602.43200000,49882.42150000,0,SOLUSDT
2026-05-31 00:20:00+00:00,82.8,82.88,82.8,82.87,1562.19,1780187099999,129386.29145000,750,1028.03300000,85145.03725000,0,SOLUSDT
2026-05-31 00:25:00+00:00,82.87,82.94,82.82,82.84,3916.008,1780187399999,324625.94307000,1468,1785.78500000,148028.96314000,0,SOLUSDT
2026-05-31 00:30:00+00:00,82.85,82.9,82.8,82.89,2097.679,1780187699999,173789.53196000,658,1732.25200000,143521.68877000,0,SOLUSDT
2026-05-31 00:35:00+00:00,82.9,82.9,82.77,82.79,2610.734,1780187999999,216240.85649000,913,1542.52700000,127741.19159000,0,SOLUSDT
2026-05-31 00:40:00+00:00,82.78,82.84,82.77,82.83,1634.847,1780188299999,135397.21406000,296,1394.92100000,115533.75339000,0,SOLUSDT
2026-05-31 00:45:00+00:00,82.84,82.87,82.8,82.86,1611.241,1780188599999,133465.12937000,940,491.07800000,40676.00069000,0,SOLUSDT
2026-05-31 00:50:00+00:00,82.86,82.96,82.85,82.93,1982.124,1780188899999,164347.36028000,769,1387.13300000,115023.13389000,0,SOLUSDT
2026-05-31 00:55:00+00:00,82.94,82.95,82.89,82.93,3180.721,1780189199999,263751.49556000,924,1614.75600000,133899.30813000,0,SOLUSDT
2026-05-31 01:00:00+00:00,82.93,83.03,82.92,83.01,3331.667,1780189499999,276510.02849000,1287,2142.44600000,177815.67416000,0,SOLUSDT
2026-05-31 01:05:00+00:00,83.0,83.02,82.96,82.99,1605.83,1780189799999,133285.93084000,955,249.81700000,20735.18180000,0,SOLUSDT
2026-05-31 01:10:00+00:00,83.0,83.04,82.98,83.01,2172.909,1780190099999,180371.84311000,1317,948.42100000,78728.92289000,0,SOLUSDT
2026-05-31 01:15:00+00:00,83.01,83.12,83.01,83.08,4607.565,1780190399999,382758.36608000,1908,2516.19100000,209033.54475000,0,SOLUSDT
2026-05-31 01:20:00+00:00,83.08,83.17,83.04,83.16,4237.27,1780190699999,352202.01918000,1209,2995.73100000,249016.84501000,0,SOLUSDT
2026-05-31 01:25:00+00:00,83.17,83.17,82.99,83.03,3869.621,1780190999999,321521.39733000,1476,1353.52500000,112470.98225000,0,SOLUSDT
2026-05-31 01:30:00+00:00,83.02,83.15,83.01,83.12,8433.785,1780191299999,700861.66731000,1628,6154.11400000,511430.56752000,0,SOLUSDT
2026-05-31 01:35:00+00:00,83.13,83.25,83.11,83.11,5494.559,1780191599999,457135.21727000,1949,2433.66800000,202479.07215000,0,SOLUSDT
2026-05-31 01:40:00+00:00,83.11,83.11,83.0,83.02,6394.578,1780191899999,530977.69739000,1134,3257.25800000,270454.31172000,0,SOLUSDT
2026-05-31 01:45:00+00:00,83.02,83.18,83.02,83.15,7039.253,1780192199999,584999.32050000,1486,3842.87800000,319419.25309000,0,SOLUSDT
2026-05-31 01:50:00+00:00,83.15,83.16,83.06,83.07,1464.483,1780192499999,121722.66788000,725,251.15200000,20874.41664000,0,SOLUSDT
2026-05-31 01:55:00+00:00,83.07,83.08,83.01,83.02,2416.604,1780192799999,200662.26921000,778,646.53300000,53686.36128000,0,SOLUSDT
2026-05-31 02:00:00+00:00,83.03,83.11,83.01,83.11,2239.605,1780193099999,186069.87369000,719,1520.76400000,126349.12833000,0,SOLUSDT
2026-05-31 02:05:00+00:00,83.1,83.17,83.1,83.12,4482.4,1780193399999,372600.81840000,1115,2728.45600000,226818.45687000,0,SOLUSDT
2026-05-31 02:10:00+00:00,83.12,83.2,83.11,83.2,3232.713,1780193699999,268844.94232000,949,1629.77000000,135543.58772000,0,SOLUSDT
2026-05-31 02:15:00+00:00,83.19,83.42,83.19,83.3,13943.354,1780193999999,1162198.97946000,3669,10751.31700000,896130.01028000,0,SOLUSDT
2026-05-31 02:20:00+00:00,83.3,83.3,83.21,83.28,3262.616,1780194299999,271637.99526000,978,1850.10200000,154040.73279000,0,SOLUSDT
2026-05-31 02:25:00+00:00,83.28,83.28,82.93,82.93,5017.335,1780194599999,416968.17211000,2029,1847.81400000,153625.47682000,0,SOLUSDT
2026-05-31 02:30:00+00:00,82.93,83.08,82.89,82.89,6818.118,1780194899999,565966.58606000,1965,2708.88000000,224885.59831000,0,SOLUSDT
2026-05-31 02:35:00+00:00,82.88,83.02,82.88,83.01,4323.872,1780195199999,358746.08658000,1223,1638.38700000,135918.15010000,0,SOLUSDT
2026-05-31 02:40:00+00:00,83.01,83.05,82.95,83.05,1767.138,1780195499999,146648.34955000,852,1123.36800000,93221.54709000,0,SOLUSDT
2026-05-31 02:45:00+00:00,83.05,83.05,82.98,83.02,2382.199,1780195799999,197775.84432000,1186,532.15700000,44181.13731000,0,SOLUSDT
2026-05-31 02:50:00+00:00,83.01,83.14,83.0,83.05,3567.405,1780196099999,296362.34369000,1612,1531.39800000,127201.81303000,0,SOLUSDT
2026-05-31 02:55:00+00:00,83.05,83.19,83.03,83.15,6401.425,1780196399999,532133.58387000,1480,4442.62100000,369255.62074000,0,SOLUSDT
2026-05-31 03:00:00+00:00,83.16,83.23,83.15,83.16,3553.207,1780196699999,295533.12966000,1122,2019.16700000,167926.78160000,0,SOLUSDT
2026-05-31 03:05:00+00:00,83.15,83.17,83.11,83.15,3047.7,1780196999999,253363.01627000,699,1685.98100000,140157.17941000,0,SOLUSDT
2026-05-31 03:10:00+00:00,83.14,83.22,83.1,83.22,1921.434,1780197299999,159801.82962000,863,1134.60000000,94375.23271000,0,SOLUSDT
2026-05-31 03:15:00+00:00,83.22,83.25,83.16,83.23,6911.449,1780197599999,575070.07996000,1374,2291.43500000,190648.04827000,0,SOLUSDT
2026-05-31 03:20:00+00:00,83.24,83.27,83.18,83.26,5620.69,1780197899999,467730.54201000,1000,4077.48700000,339292.28664000,0,SOLUSDT
2026-05-31 03:25:00+00:00,83.27,83.35,83.23,83.28,3700.581,1780198199999,308226.20499000,1269,2238.79700000,186458.31807000,0,SOLUSDT
2026-05-31 03:30:00+00:00,83.29,83.31,83.23,83.31,993.376,1780198499999,82705.36213000,594,552.99100000,46041.18471000,0,SOLUSDT
2026-05-31 03:35:00+00:00,83.31,83.32,83.17,83.17,1182.88,1780198799999,98466.59973000,626,290.35100000,24167.72024000,0,SOLUSDT
2026-05-31 03:40:00+00:00,83.17,83.24,83.13,83.24,770.533,1780199099999,64087.24060000,586,358.72200000,29840.23078000,0,SOLUSDT
2026-05-31 03:45:00+00:00,83.23,83.28,83.19,83.27,1220.702,1780199399999,101612.97901000,617,700.64500000,58325.66880000,0,SOLUSDT
2026-05-31 03:50:00+00:00,83.28,83.3,83.2,83.21,667.411,1780199699999,55553.70390000,534,315.73700000,26278.87103000,0,SOLUSDT
2026-05-31 03:55:00+00:00,83.21,83.25,83.2,83.25,943.451,1780199999999,78523.75482000,359,336.08200000,27970.79952000,0,SOLUSDT
2026-05-31 04:00:00+00:00,83.24,83.27,83.2,83.26,1603.752,1780200299999,133494.23154000,525,868.64100000,72305.10857000,0,SOLUSDT
2026-05-31 04:05:00+00:00,83.25,83.27,83.15,83.16,5813.095,1780200599999,483805.87627000,594,406.07500000,33790.43585000,0,SOLUSDT
2026-05-31 04:10:00+00:00,83.16,83.16,83.09,83.11,2340.064,1780200899999,194505.81037000,735,1199.62700000,99714.33588000,0,SOLUSDT
2026-05-31 04:15:00+00:00,83.1,83.2,83.1,83.19,1655.195,1780201199999,137613.74165000,636,1116.61100000,92837.41074000,0,SOLUSDT
2026-05-31 04:20:00+00:00,83.2,83.29,83.2,83.25,2800.153,1780201499999,233151.84472000,1009,1923.64500000,160172.54792000,0,SOLUSDT
2026-05-31 04:25:00+00:00,83.25,83.27,83.2,83.22,570.407,1780201799999,47484.40535000,558,319.53800000,26599.90778000,0,SOLUSDT
2026-05-31 04:30:00+00:00,83.23,83.24,83.16,83.19,960.366,1780202099999,79888.46525000,625,467.77700000,38911.60073000,0,SOLUSDT
2026-05-31 04:35:00+00:00,83.18,83.29,83.17,83.24,1176.569,1780202399999,97944.94728000,658,522.28000000,43470.11855000,0,SOLUSDT
2026-05-31 04:40:00+00:00,83.23,83.24,83.18,83.24,1003.238,1780202699999,83485.13304000,370,514.78400000,42835.01186000,0,SOLUSDT
2026-05-31 04:45:00+00:00,83.24,83.26,83.17,83.26,751.422,1780202999999,62522.52137000,470,394.93800000,32861.27006000,0,SOLUSDT
2026-05-31 04:50:00+00:00,83.25,83.3,83.23,83.24,1410.669,1780203299999,117458.15775000,478,576.40200000,47990.08076000,0,SOLUSDT
2026-05-31 04:55:00+00:00,83.24,83.28,83.22,83.22,1965.56,1780203599999,163645.21401000,626,1571.72600000,130857.49063000,0,SOLUSDT
2026-05-31 05:00:00+00:00,83.21,83.21,83.03,83.07,3143.108,1780203899999,261189.02736000,1164,2099.23500000,174461.24549000,0,SOLUSDT
2026-05-31 05:05:00+00:00,83.07,83.14,83.07,83.11,3144.546,1780204199999,261374.22508000,792,2694.99000000,224007.89594000,0,SOLUSDT
2026-05-31 05:10:00+00:00,83.11,83.16,83.07,83.07,1417.314,1780204499999,117782.45759000,704,517.40800000,43007.02514000,0,SOLUSDT
2026-05-31 05:15:00+00:00,83.07,83.14,83.07,83.11,1398.855,1780204799999,116253.68921000,756,733.21000000,60929.60799000,0,SOLUSDT
2026-05-31 05:20:00+00:00,83.11,83.13,83.04,83.06,2564.687,1780205099999,213077.73127000,689,923.56600000,76747.99706000,0,SOLUSDT
2026-05-31 05:25:00+00:00,83.05,83.13,83.02,83.12,3046.3,1780205399999,253028.82486000,1057,1410.05100000,117127.68301000,0,SOLUSDT
2026-05-31 05:30:00+00:00,83.12,83.19,83.1,83.14,1925.201,1780205699999,160075.13462000,899,794.20900000,66033.98329000,0,SOLUSDT
2026-05-31 05:35:00+00:00,83.13,83.22,83.09,83.1,1328.161,1780205999999,110459.87056000,763,842.46200000,70069.99923000,0,SOLUSDT
2026-05-31 05:40:00+00:00,83.11,83.12,83.07,83.08,4596.354,1780206299999,381912.72508000,1117,1231.04500000,102293.25024000,0,SOLUSDT
2026-05-31 05:45:00+00:00,83.07,83.08,83.0,83.02,1670.055,1780206599999,138655.60804000,1016,1123.19100000,93249.87206000,0,SOLUSDT
2026-05-31 05:50:00+00:00,83.03,83.08,83.0,83.02,1250.141,1780206899999,103812.83019000,837,686.59000000,57010.25604000,0,SOLUSDT
2026-05-31 05:55:00+00:00,83.01,83.05,83.0,83.03,2101.714,1780207199999,174490.10328000,1176,1502.91000000,124778.93426000,0,SOLUSDT
2026-05-31 06:00:00+00:00,83.03,83.03,82.89,82.92,3819.104,1780207499999,316764.75342000,1265,1957.31300000,162291.33823000,0,SOLUSDT
2026-05-31 06:05:00+00:00,82.91,82.94,82.89,82.92,2692.692,1780207799999,223260.30436000,1209,1497.23700000,124136.70828000,0,SOLUSDT
2026-05-31 06:10:00+00:00,82.92,82.94,82.9,82.91,1631.695,1780208099999,135291.50452000,709,720.46500000,59740.49326000,0,SOLUSDT
2026-05-31 06:15:00+00:00,82.91,82.94,82.89,82.94,3161.663,1780208399999,262150.98857000,1282,2604.24900000,215939.98566000,0,SOLUSDT
2026-05-31 06:20:00+00:00,82.94,82.96,82.92,82.94,3253.839,1780208699999,269856.30380000,1067,2012.75000000,166925.73035000,0,SOLUSDT
2026-05-31 06:25:00+00:00,82.95,82.95,82.84,82.9,8121.341,1780208999999,673299.14613000,1764,3568.43600000,295795.56960000,0,SOLUSDT
2026-05-31 06:30:00+00:00,82.9,83.0,82.87,82.96,2472.173,1780209299999,205032.12928000,1204,1978.84200000,164122.38634000,0,SOLUSDT
2026-05-31 06:35:00+00:00,82.95,82.98,82.92,82.98,3809.507,1780209599999,316013.02281000,1029,1809.57000000,150115.72224000,0,SOLUSDT
2026-05-31 06:40:00+00:00,82.98,82.98,82.94,82.94,2095.434,1780209899999,173822.04226000,781,1216.73500000,100931.04971000,0,SOLUSDT
2026-05-31 06:45:00+00:00,82.94,83.03,82.94,82.99,3319.833,1780210199999,275466.40886000,1281,2709.13100000,224777.01414000,0,SOLUSDT
2026-05-31 06:50:00+00:00,82.99,82.99,82.94,82.98,1596.903,1780210499999,132494.63090000,917,1143.21100000,94855.28775000,0,SOLUSDT
2026-05-31 06:55:00+00:00,82.98,83.0,82.95,82.95,1525.436,1780210799999,126583.48151000,463,436.60400000,36233.68488000,0,SOLUSDT
2026-05-31 07:00:00+00:00,82.96,82.96,82.81,82.84,3890.571,1780211099999,322349.34433000,1454,2310.80500000,191455.36447000,0,SOLUSDT
2026-05-31 07:05:00+00:00,82.84,82.93,82.84,82.88,1637.193,1780211399999,135718.42910000,750,1086.63600000,90081.87637000,0,SOLUSDT
2026-05-31 07:10:00+00:00,82.88,82.89,82.73,82.79,5527.888,1780211699999,457659.19015000,1595,2118.81600000,175446.14644000,0,SOLUSDT
2026-05-31 07:15:00+00:00,82.78,82.85,82.76,82.79,3500.263,1780211999999,289836.71986000,930,1531.13800000,126776.53120000,0,SOLUSDT
2026-05-31 07:20:00+00:00,82.79,82.8,82.63,82.65,3107.626,1780212299999,256956.44117000,1186,1045.84900000,86476.81075000,0,SOLUSDT
2026-05-31 07:25:00+00:00,82.66,82.72,82.62,82.68,3149.104,1780212599999,260352.60907000,1082,1162.02000000,96071.79091000,0,SOLUSDT
2026-05-31 07:30:00+00:00,82.67,82.68,82.52,82.56,7395.226,1780212899999,610672.08102000,2175,1721.13600000,142143.80908000,0,SOLUSDT
2026-05-31 07:35:00+00:00,82.56,82.67,82.52,82.61,3689.978,1780213199999,304756.87504000,1260,1476.24100000,121948.60418000,0,SOLUSDT
2026-05-31 07:40:00+00:00,82.61,82.7,82.6,82.62,2695.492,1780213499999,222718.64522000,890,670.42900000,55404.04545000,0,SOLUSDT
2026-05-31 07:45:00+00:00,82.61,82.69,82.59,82.63,2293.588,1780213799999,189564.74838000,1060,1149.05400000,94967.43248000,0,SOLUSDT
2026-05-31 07:50:00+00:00,82.63,82.68,82.62,82.68,1900.411,1780214099999,157050.05525000,916,1176.43300000,97220.03592000,0,SOLUSDT
2026-05-31 07:55:00+00:00,82.67,82.7,82.65,82.66,1674.066,1780214399999,138389.58087000,470,678.40300000,56085.02191000,0,SOLUSDT
2026-05-31 08:00:00+00:00,82.67,82.83,82.66,82.82,2234.447,1780214699999,184864.34276000,984,1519.47800000,125707.79306000,0,SOLUSDT
2026-05-31 08:05:00+00:00,82.83,82.86,82.69,82.72,2555.12,1780214999999,211432.49283000,738,1119.26600000,92599.86630000,0,SOLUSDT
2026-05-31 08:10:00+00:00,82.71,82.73,82.67,82.72,1686.945,1780215299999,139504.57980000,614,1367.28400000,113069.98609000,0,SOLUSDT
2026-05-31 08:15:00+00:00,82.72,82.84,82.72,82.75,5975.716,1780215599999,494801.08593000,1081,2718.92400000,225082.53241000,0,SOLUSDT
2026-05-31 08:20:00+00:00,82.75,82.86,82.74,82.83,5829.242,1780215899999,482782.87351000,890,2486.39800000,205877.50564000,0,SOLUSDT
2026-05-31 08:25:00+00:00,82.83,82.84,82.79,82.83,1464.118,1780216199999,121247.93298000,484,918.70200000,76081.40210000,0,SOLUSDT
2026-05-31 08:30:00+00:00,82.83,82.83,82.75,82.79,1015.443,1780216499999,84066.24449000,498,472.30000000,39100.18569000,0,SOLUSDT
2026-05-31 08:35:00+00:00,82.79,82.82,82.71,82.73,2738.67,1780216799999,226637.39014000,586,1934.32400000,160056.55484000,0,SOLUSDT
2026-05-31 08:40:00+00:00,82.74,82.74,82.62,82.7,1403.543,1780217099999,116038.07637000,572,759.33900000,62772.13870000,0,SOLUSDT
2026-05-31 08:45:00+00:00,82.71,82.71,82.63,82.64,1242.215,1780217399999,102691.46177000,562,484.89400000,40086.91269000,0,SOLUSDT
2026-05-31 08:50:00+00:00,82.64,82.71,82.59,82.71,2304.001,1780217699999,190439.21141000,683,1614.44300000,133461.98292000,0,SOLUSDT
2026-05-31 08:55:00+00:00,82.71,82.84,82.71,82.81,2172.207,1780217999999,179832.96628000,694,1274.51800000,105515.89149000,0,SOLUSDT
2026-05-31 09:00:00+00:00,82.8,82.81,82.67,82.68,4133.105,1780218299999,341896.43924000,957,1813.88500000,150077.04119000,0,SOLUSDT
2026-05-31 09:05:00+00:00,82.69,82.75,82.66,82.75,1791.092,1780218599999,148107.78427000,619,1234.52800000,102090.34975000,0,SOLUSDT
2026-05-31 09:10:00+00:00,82.74,82.76,82.7,82.7,1078.289,1780218899999,89215.76902000,408,412.92200000,34166.99570000,0,SOLUSDT
2026-05-31 09:15:00+00:00,82.69,82.87,82.66,82.84,1589.071,1780219199999,131523.78088000,848,1086.48400000,89923.91245000,0,SOLUSDT
2026-05-31 09:20:00+00:00,82.85,82.85,82.76,82.8,2150.553,1780219499999,178051.49645000,514,960.46300000,79519.85307000,0,SOLUSDT
2026-05-31 09:25:00+00:00,82.8,82.88,82.77,82.83,2599.304,1780219799999,215254.79637000,661,1861.71000000,154170.45875000,0,SOLUSDT
2026-05-31 09:30:00+00:00,82.83,82.9,82.83,82.9,2626.163,1780220099999,217609.44897000,579,2190.62500000,181517.50706000,0,SOLUSDT
2026-05-31 09:35:00+00:00,82.9,82.94,82.82,82.92,2472.222,1780220399999,204879.51654000,777,1960.94400000,162514.47059000,0,SOLUSDT
2026-05-31 09:40:00+00:00,82.92,83.05,82.91,83.0,4745.674,1780220699999,393835.61126000,1222,3715.26400000,308311.27618000,0,SOLUSDT
2026-05-31 09:45:00+00:00,83.0,83.04,82.94,83.01,2391.726,1780220999999,198527.68418000,733,1303.30600000,108178.77859000,0,SOLUSDT
2026-05-31 09:50:00+00:00,83.01,83.01,82.83,82.86,1694.075,1780221299999,140514.30240000,737,1260.19400000,104533.66957000,0,SOLUSDT
2026-05-31 09:55:00+00:00,82.87,82.87,82.64,82.75,5051.547,1780221599999,417948.76096000,1747,1928.43000000,159549.36428000,0,SOLUSDT
2026-05-31 10:00:00+00:00,82.75,82.75,82.62,82.71,3867.483,1780221899999,319775.49365000,1293,1986.26700000,164199.61415000,0,SOLUSDT
2026-05-31 10:05:00+00:00,82.71,82.74,82.68,82.73,2395.561,1780222199999,198130.12710000,704,1519.64600000,125682.97901000,0,SOLUSDT
2026-05-31 10:10:00+00:00,82.72,82.75,82.69,82.73,3813.18,1780222499999,315390.51049000,724,1481.86300000,122588.18127000,0,SOLUSDT
2026-05-31 10:15:00+00:00,82.73,82.75,82.61,82.62,3000.954,1780222799999,248159.73666000,646,279.34400000,23105.62113000,0,SOLUSDT
2026-05-31 10:20:00+00:00,82.62,82.63,82.49,82.55,13463.323,1780223099999,1111041.55577000,2200,2794.88900000,230710.08113000,0,SOLUSDT
2026-05-31 10:25:00+00:00,82.55,82.64,82.54,82.63,714.247,1780223399999,58996.09547000,516,327.11800000,27020.06228000,0,SOLUSDT
2026-05-31 10:30:00+00:00,82.64,82.68,82.61,82.68,1873.509,1780223699999,154862.88114000,477,1353.05100000,111844.68134000,0,SOLUSDT
2026-05-31 10:35:00+00:00,82.67,82.67,82.58,82.59,3702.068,1780223999999,305864.94968000,946,2317.19700000,191436.51825000,0,SOLUSDT
2026-05-31 10:40:00+00:00,82.59,82.59,82.54,82.59,997.004,1780224299999,82315.01170000,447,421.43300000,34796.50968000,0,SOLUSDT
2026-05-31 10:45:00+00:00,82.6,82.6,82.52,82.6,1029.749,1780224599999,85005.47866000,585,594.71900000,49094.60593000,0,SOLUSDT
2026-05-31 10:50:00+00:00,82.59,82.64,82.58,82.63,1619.215,1780224899999,133756.46190000,568,958.44300000,79171.57323000,0,SOLUSDT
2026-05-31 10:55:00+00:00,82.63,82.72,82.61,82.71,1606.8,1780225199999,132832.57873000,628,890.98100000,73676.06387000,0,SOLUSDT
2026-05-31 11:00:00+00:00,82.71,82.83,82.71,82.76,1407.568,1780225499999,116500.01079000,840,902.27400000,74671.07403000,0,SOLUSDT
2026-05-31 11:05:00+00:00,82.77,82.81,82.76,82.81,1191.23,1780225799999,98624.28346000,519,946.44900000,78359.87323000,0,SOLUSDT
2026-05-31 11:10:00+00:00,82.81,82.84,82.78,82.82,1224.689,1780226099999,101414.23273000,490,403.81600000,33438.08311000,0,SOLUSDT
2026-05-31 11:15:00+00:00,82.81,82.82,82.77,82.77,838.256,1780226399999,69402.59370000,536,422.18600000,34955.65946000,0,SOLUSDT
2026-05-31 11:20:00+00:00,82.77,82.78,82.67,82.73,1100.102,1780226699999,90997.08427000,565,467.05600000,38627.25293000,0,SOLUSDT
2026-05-31 11:25:00+00:00,82.74,82.85,82.74,82.84,1409.227,1780226999999,116674.19180000,433,942.72600000,78049.10635000,0,SOLUSDT
2026-05-31 11:30:00+00:00,82.84,82.84,82.74,82.75,1270.767,1780227299999,105184.14432000,745,621.92100000,51476.89718000,0,SOLUSDT
2026-05-31 11:35:00+00:00,82.75,82.85,82.75,82.8,2356.896,1780227599999,195124.30882000,590,1828.47500000,151382.77720000,0,SOLUSDT
2026-05-31 11:40:00+00:00,82.81,82.82,82.75,82.78,3693.265,1780227899999,305742.21233000,672,2923.47400000,242006.19487000,0,SOLUSDT
2026-05-31 11:45:00+00:00,82.79,82.8,82.72,82.76,1019.621,1780228199999,84376.57841000,530,358.54200000,29670.27635000,0,SOLUSDT
2026-05-31 11:50:00+00:00,82.75,82.79,82.7,82.72,1324.498,1780228499999,109580.36320000,463,843.31000000,69767.01827000,0,SOLUSDT
2026-05-31 11:55:00+00:00,82.72,82.77,82.67,82.76,2415.528,1780228799999,199833.66089000,530,1744.64800000,144341.23947000,0,SOLUSDT
2026-05-31 12:00:00+00:00,82.76,82.8,82.57,82.59,6563.611,1780229099999,542572.30413000,1205,3633.59300000,300352.19851000,0,SOLUSDT
2026-05-31 12:05:00+00:00,82.6,82.69,82.59,82.68,1233.003,1780229399999,101912.56650000,646,398.06400000,32902.03034000,0,SOLUSDT
2026-05-31 12:10:00+00:00,82.67,82.72,82.66,82.71,2235.87,1780229699999,184889.92312000,565,711.74900000,58855.22739000,0,SOLUSDT
2026-05-31 12:15:00+00:00,82.71,82.86,82.7,82.84,2223.168,1780229999999,184098.60798000,1119,1447.91600000,119893.18227000,0,SOLUSDT
2026-05-31 12:20:00+00:00,82.84,82.84,82.74,82.79,1799.296,1780230299999,148924.34393000,796,472.94900000,39146.45749000,0,SOLUSDT
2026-05-31 12:25:00+00:00,82.78,82.8,82.76,82.79,1399.229,1780230599999,115825.19793000,527,1115.82500000,92367.10060000,0,SOLUSDT
2026-05-31 12:30:00+00:00,82.78,82.79,82.72,82.74,922.429,1780230899999,76346.44181000,343,262.53800000,21731.15604000,0,SOLUSDT
2026-05-31 12:35:00+00:00,82.74,82.83,82.74,82.79,1947.485,1780231199999,161221.62423000,894,1507.31300000,124777.87652000,0,SOLUSDT
2026-05-31 12:40:00+00:00,82.8,82.92,82.78,82.92,2377.769,1780231499999,197005.05671000,800,2212.59200000,183315.94162000,0,SOLUSDT
2026-05-31 12:45:00+00:00,82.92,82.93,82.85,82.86,2096.346,1780231799999,173772.47843000,535,914.65400000,75824.88679000,0,SOLUSDT
2026-05-31 12:50:00+00:00,82.86,82.94,82.78,82.79,4217.868,1780232099999,349517.79097000,848,2815.84200000,233351.09885000,0,SOLUSDT
2026-05-31 12:55:00+00:00,82.79,82.82,82.76,82.82,1083.254,1780232399999,89688.08431000,362,625.77000000,51808.47844000,0,SOLUSDT
2026-05-31 13:00:00+00:00,82.82,82.86,82.75,82.76,2100.066,1780232699999,173931.55722000,861,1050.03900000,86968.13121000,0,SOLUSDT
2026-05-31 13:05:00+00:00,82.76,82.89,82.75,82.88,1511.747,1780232999999,125204.14364000,626,1294.32600000,107197.69451000,0,SOLUSDT
2026-05-31 13:10:00+00:00,82.89,82.95,82.89,82.93,1946.035,1780233299999,161373.05574000,626,1095.12400000,90811.96562000,0,SOLUSDT
2026-05-31 13:15:00+00:00,82.93,83.07,82.92,83.07,3999.088,1780233599999,331972.16307000,1164,3249.60000000,269773.05430000,0,SOLUSDT
2026-05-31 13:20:00+00:00,83.07,83.12,82.98,83.02,3500.622,1780233899999,290740.93935000,1035,2699.82500000,224229.16511000,0,SOLUSDT
2026-05-31 13:25:00+00:00,83.03,83.07,82.95,82.99,3202.902,1780234199999,265792.10652000,841,2186.72400000,181471.05214000,0,SOLUSDT
2026-05-31 13:30:00+00:00,83.0,83.03,82.92,82.92,2407.23,1780234499999,199743.12669000,768,1521.78700000,126272.06144000,0,SOLUSDT
2026-05-31 13:35:00+00:00,82.92,83.0,82.81,82.86,1809.169,1780234799999,149997.51261000,921,1288.31400000,106814.89338000,0,SOLUSDT
2026-05-31 13:40:00+00:00,82.86,82.86,82.78,82.82,2227.109,1780235099999,184424.47398000,534,1383.27900000,114535.41741000,0,SOLUSDT
2026-05-31 13:45:00+00:00,82.82,82.85,82.74,82.74,1710.52,1780235399999,141651.40216000,711,485.22900000,40189.45061000,0,SOLUSDT
2026-05-31 13:50:00+00:00,82.75,82.77,82.66,82.72,3685.39,1780235699999,304888.47898000,953,1281.72200000,106028.56078000,0,SOLUSDT
2026-05-31 13:55:00+00:00,82.73,82.77,82.72,82.77,1714.928,1780235999999,141891.97584000,634,975.91200000,80747.53309000,0,SOLUSDT
2026-05-31 14:00:00+00:00,82.76,82.77,82.58,82.65,5678.905,1780236299999,469262.18301000,1635,1452.88000000,120061.45007000,0,SOLUSDT
2026-05-31 14:05:00+00:00,82.64,82.72,82.6,82.71,1960.87,1780236599999,162059.22462000,801,986.67800000,81552.93922000,0,SOLUSDT
2026-05-31 14:10:00+00:00,82.71,82.76,82.3,82.38,15914.674,1780236899999,1312674.07407000,3223,4202.42900000,346595.98039000,0,SOLUSDT
2026-05-31 14:15:00+00:00,82.38,82.5,81.79,81.99,58182.177,1780237199999,4775223.66637000,13374,19049.32900000,1563518.18627000,0,SOLUSDT
2026-05-31 14:20:00+00:00,81.99,82.12,81.87,82.01,13137.27,1780237499999,1077467.39445000,4699,9497.21200000,778954.89332000,0,SOLUSDT
2026-05-31 14:25:00+00:00,82.01,82.08,81.93,82.0,6924.762,1780237799999,567879.98365000,2602,3872.36800000,317591.36761000,0,SOLUSDT
2026-05-31 14:30:00+00:00,82.0,82.11,81.95,82.1,12972.671,1780238099999,1064367.99552000,3254,8644.26700000,709256.28989000,0,SOLUSDT
2026-05-31 14:35:00+00:00,82.09,82.19,82.01,82.12,8028.849,1780238399999,659301.34244000,2264,4013.48100000,329480.29128000,0,SOLUSDT
2026-05-31 14:40:00+00:00,82.12,82.12,81.91,81.96,6567.174,1780238699999,538599.97219000,1909,2619.79100000,214893.33529000,0,SOLUSDT
2026-05-31 14:45:00+00:00,81.95,82.1,81.95,82.0,4945.485,1780238999999,405644.22318000,2197,3699.57800000,303440.44027000,0,SOLUSDT
2026-05-31 14:50:00+00:00,82.0,82.08,81.99,82.07,5144.668,1780239299999,422040.64276000,1473,3938.41000000,323064.20202000,0,SOLUSDT
2026-05-31 14:55:00+00:00,82.06,82.06,81.89,81.96,8554.545,1780239599999,701031.32286000,2205,3904.55000000,319939.82007000,0,SOLUSDT
2026-05-31 15:00:00+00:00,81.96,82.05,81.91,81.97,5041.51,1780239899999,413303.27801000,1678,3454.48600000,283194.86448000,0,SOLUSDT
2026-05-31 15:05:00+00:00,81.97,82.05,81.96,82.01,5747.559,1780240199999,471349.47068000,1409,3010.89500000,246919.58464000,0,SOLUSDT
2026-05-31 15:10:00+00:00,82.0,82.09,81.98,82.08,3998.203,1780240499999,327940.90088000,1186,2291.70400000,187997.71449000,0,SOLUSDT
2026-05-31 15:15:00+00:00,82.09,82.14,82.03,82.14,2317.808,1780240799999,190221.54125000,836,1209.40100000,99260.48865000,0,SOLUSDT
2026-05-31 15:20:00+00:00,82.14,82.21,82.12,82.21,2349.201,1780241099999,193010.90166000,832,1533.29900000,125975.05840000,0,SOLUSDT
2026-05-31 15:25:00+00:00,82.21,82.27,82.19,82.22,3592.091,1780241399999,295403.39340000,970,1357.53900000,111639.10856000,0,SOLUSDT
2026-05-31 15:30:00+00:00,82.23,82.23,82.15,82.19,1642.796,1780241699999,135006.24140000,510,1282.33700000,105383.26796000,0,SOLUSDT
2026-05-31 15:35:00+00:00,82.2,82.21,82.16,82.2,862.004,1780241999999,70841.12360000,442,411.03900000,33780.71998000,0,SOLUSDT
2026-05-31 15:40:00+00:00,82.2,82.2,81.98,81.98,5433.589,1780242299999,446005.18219000,1397,799.48700000,65610.91984000,0,SOLUSDT
2026-05-31 15:45:00+00:00,81.99,82.09,81.98,81.99,3414.784,1780242599999,280163.93303000,921,1128.40200000,92578.79563000,0,SOLUSDT
2026-05-31 15:50:00+00:00,81.98,82.05,81.95,82.02,1740.78,1780242899999,142748.24916000,797,613.83700000,50333.03964000,0,SOLUSDT
2026-05-31 15:55:00+00:00,82.02,82.03,81.81,81.88,7844.926,1780243199999,642594.97994000,1601,2220.07100000,181825.76496000,0,SOLUSDT
2026-05-31 16:00:00+00:00,81.88,82.04,81.83,82.01,5538.175,1780243499999,453784.87965000,1452,2265.38800000,185616.74953000,0,SOLUSDT
2026-05-31 16:05:00+00:00,82.01,82.04,81.92,81.92,1578.262,1780243799999,129406.35062000,866,777.48800000,63756.02717000,0,SOLUSDT
2026-05-31 16:10:00+00:00,81.93,81.94,81.69,81.77,5431.809,1780244099999,444221.20810000,1754,1443.39300000,118069.95614000,0,SOLUSDT
2026-05-31 16:15:00+00:00,81.78,81.85,81.78,81.85,2543.104,1780244399999,208048.64108000,1254,1206.52700000,98700.52868000,0,SOLUSDT
2026-05-31 16:20:00+00:00,81.84,81.87,81.65,81.74,11336.25,1780244699999,926974.01047000,2921,3516.61400000,287464.40699000,0,SOLUSDT
2026-05-31 16:25:00+00:00,81.74,81.76,81.61,81.75,3624.325,1780244999999,296034.66005000,1746,1991.96300000,162714.24910000,0,SOLUSDT
2026-05-31 16:30:00+00:00,81.74,81.75,81.42,81.46,20211.221,1780245299999,1648203.77873000,5455,4901.37800000,399743.21040000,0,SOLUSDT
2026-05-31 16:35:00+00:00,81.46,81.62,81.43,81.61,12897.787,1780245599999,1051578.42456000,2750,4698.26500000,383104.14683000,0,SOLUSDT
2026-05-31 16:40:00+00:00,81.61,81.67,81.56,81.58,4149.319,1780245899999,338681.48465000,994,2691.06900000,219665.13693000,0,SOLUSDT
2026-05-31 16:45:00+00:00,81.58,81.58,81.45,81.49,3801.24,1780246199999,309753.43473000,1335,1850.96100000,150835.95815000,0,SOLUSDT
2026-05-31 16:50:00+00:00,81.49,81.61,81.47,81.6,3431.963,1780246499999,279778.53752000,930,2529.51500000,206219.02571000,0,SOLUSDT
2026-05-31 16:55:00+00:00,81.6,81.61,81.54,81.59,3853.201,1780246799999,314347.06341000,526,1908.47300000,155710.53143000,0,SOLUSDT
2026-05-31 17:00:00+00:00,81.58,81.69,81.54,81.56,5460.229,1780247099999,445662.31701000,997,2133.22000000,174095.39285000,0,SOLUSDT
2026-05-31 17:05:00+00:00,81.56,81.65,81.55,81.56,7026.504,1780247399999,573217.84588000,1386,1589.85300000,129698.24729000,0,SOLUSDT
2026-05-31 17:10:00+00:00,81.55,81.57,81.46,81.55,8362.198,1780247699999,681744.24966000,1301,3708.35500000,302326.71005000,0,SOLUSDT
2026-05-31 17:15:00+00:00,81.55,81.67,81.54,81.61,4200.768,1780247999999,342883.31434000,983,1729.08700000,141106.42704000,0,SOLUSDT
2026-05-31 17:20:00+00:00,81.61,81.68,81.6,81.67,551.399,1780248299999,45020.86793000,457,325.67000000,26589.99734000,0,SOLUSDT
2026-05-31 17:25:00+00:00,81.68,81.75,81.67,81.73,1246.944,1780248599999,101895.13516000,574,667.79300000,54566.85016000,0,SOLUSDT
2026-05-31 17:30:00+00:00,81.74,81.84,81.73,81.8,2668.855,1780248899999,218290.19333000,1190,2216.15400000,181258.15957000,0,SOLUSDT
2026-05-31 17:35:00+00:00,81.81,81.9,81.81,81.88,1683.872,1780249199999,137824.15607000,909,1224.64400000,100231.63588000,0,SOLUSDT
2026-05-31 17:40:00+00:00,81.89,81.9,81.84,81.87,2520.429,1780249499999,206335.16847000,780,1380.38900000,112997.93436000,0,SOLUSDT
2026-05-31 17:45:00+00:00,81.87,81.9,81.85,81.86,1804.848,1780249799999,147781.45457000,668,1405.75900000,115107.36673000,0,SOLUSDT
2026-05-31 17:50:00+00:00,81.85,81.88,81.82,81.88,2389.15,1780250099999,195532.33605000,844,1109.73600000,90820.61263000,0,SOLUSDT
2026-05-31 17:55:00+00:00,81.87,81.88,81.83,81.87,1480.996,1780250399999,121218.26671000,725,1017.29600000,83261.32648000,0,SOLUSDT
2026-05-31 18:00:00+00:00,81.87,81.87,81.69,81.73,2817.685,1780250699999,230310.24646000,1142,821.44600000,67141.38651000,0,SOLUSDT
2026-05-31 18:05:00+00:00,81.73,81.81,81.73,81.77,1778.855,1780250999999,145431.45067000,698,647.11100000,52905.88149000,0,SOLUSDT
2026-05-31 18:10:00+00:00,81.76,81.82,81.73,81.74,1505.339,1780251299999,123124.58135000,571,601.23600000,49172.23621000,0,SOLUSDT
2026-05-31 18:15:00+00:00,81.73,81.73,81.61,81.69,2277.236,1780251599999,185961.35749000,1175,1248.24300000,101940.39050000,0,SOLUSDT
2026-05-31 18:20:00+00:00,81.68,81.71,81.63,81.67,1364.205,1780251899999,111429.50200000,544,429.85300000,35104.60976000,0,SOLUSDT
2026-05-31 18:25:00+00:00,81.67,81.76,81.67,81.73,1843.537,1780252199999,150669.65276000,570,1633.58000000,133508.39744000,0,SOLUSDT
2026-05-31 18:30:00+00:00,81.72,81.85,81.71,81.8,2274.198,1780252499999,185984.26270000,944,841.41200000,68826.40908000,0,SOLUSDT
2026-05-31 18:35:00+00:00,81.8,81.81,81.76,81.79,864.35,1780252799999,70684.53174000,443,273.72900000,22386.39634000,0,SOLUSDT
2026-05-31 18:40:00+00:00,81.79,81.83,81.74,81.76,1845.144,1780253099999,150901.11873000,681,1081.13100000,88416.35430000,0,SOLUSDT
2026-05-31 18:45:00+00:00,81.75,81.76,81.69,81.69,1250.269,1780253399999,102172.86574000,719,453.15500000,37031.54498000,0,SOLUSDT
2026-05-31 18:50:00+00:00,81.69,81.73,81.66,81.73,1453.917,1780253699999,118785.61915000,810,623.50100000,50942.22393000,0,SOLUSDT
2026-05-31 18:55:00+00:00,81.73,81.78,81.71,81.76,1672.641,1780253999999,136713.65549000,417,1233.51800000,100814.05273000,0,SOLUSDT
2026-05-31 19:00:00+00:00,81.75,81.8,81.67,81.67,3107.965,1780254299999,254079.00922000,1051,835.95200000,68336.93454000,0,SOLUSDT
2026-05-31 19:05:00+00:00,81.68,81.72,81.66,81.69,1115.115,1780254599999,91086.90406000,562,540.81700000,44175.09416000,0,SOLUSDT
2026-05-31 19:10:00+00:00,81.68,81.71,81.62,81.63,1833.734,1780254899999,149754.54215000,624,334.98300000,27360.22866000,0,SOLUSDT
2026-05-31 19:15:00+00:00,81.62,81.67,81.6,81.64,2755.533,1780255199999,224957.79901000,550,256.71600000,20957.13597000,0,SOLUSDT
2026-05-31 19:20:00+00:00,81.64,81.67,81.5,81.5,4000.342,1780255499999,326273.91141000,917,1833.73100000,149588.46196000,0,SOLUSDT
2026-05-31 19:25:00+00:00,81.5,81.54,81.43,81.53,4901.969,1780255799999,399397.10051000,1456,1846.99200000,150467.53661000,0,SOLUSDT
2026-05-31 19:30:00+00:00,81.53,81.57,81.33,81.44,4391.718,1780256099999,357614.39479000,1497,1263.16500000,102818.01053000,0,SOLUSDT
2026-05-31 19:35:00+00:00,81.43,81.52,81.43,81.51,883.69,1780256399999,71984.50519000,524,287.07600000,23388.03387000,0,SOLUSDT
2026-05-31 19:40:00+00:00,81.52,81.6,81.49,81.58,1154.841,1780256699999,94167.72937000,567,472.49700000,38523.67125000,0,SOLUSDT
2026-05-31 19:45:00+00:00,81.58,81.61,81.52,81.56,691.443,1780256999999,56392.79763000,433,220.79000000,18005.59880000,0,SOLUSDT
2026-05-31 19:50:00+00:00,81.55,81.59,81.53,81.59,876.553,1780257299999,71486.69726000,378,309.15700000,25213.78712000,0,SOLUSDT
2026-05-31 19:55:00+00:00,81.59,81.66,81.58,81.58,1890.644,1780257599999,154290.61396000,651,1071.14600000,87407.69549000,0,SOLUSDT
2026-05-31 20:00:00+00:00,81.59,81.77,81.59,81.67,3873.299,1780257899999,316284.94212000,1240,2465.97700000,201359.97741000,0,SOLUSDT
2026-05-31 20:05:00+00:00,81.66,81.82,81.65,81.81,5675.827,1780258199999,463883.49385000,1184,4259.40000000,348085.24335000,0,SOLUSDT
2026-05-31 20:10:00+00:00,81.8,81.8,81.7,81.75,1347.972,1780258499999,110196.74853000,465,609.79500000,49843.56240000,0,SOLUSDT
2026-05-31 20:15:00+00:00,81.76,81.85,81.74,81.81,2048.611,1780258799999,167591.81264000,616,1192.34000000,97536.65001000,0,SOLUSDT
2026-05-31 20:20:00+00:00,81.81,81.89,81.78,81.79,1403.587,1780259099999,114889.01852000,630,1042.18100000,85308.79452000,0,SOLUSDT
2026-05-31 20:25:00+00:00,81.8,81.83,81.79,81.79,979.381,1780259399999,80122.29711000,382,741.93200000,60697.15038000,0,SOLUSDT
2026-05-31 20:30:00+00:00,81.8,81.84,81.79,81.8,1014.28,1780259699999,82986.40822000,484,524.42000000,42907.52428000,0,SOLUSDT
2026-05-31 20:35:00+00:00,81.8,81.82,81.79,81.79,760.067,1780259999999,62170.01858000,323,531.81600000,43499.95792000,0,SOLUSDT
2026-05-31 20:40:00+00:00,81.8,81.82,81.74,81.82,2775.981,1780260299999,227056.23818000,599,2067.63300000,169126.18294000,0,SOLUSDT
2026-05-31 20:45:00+00:00,81.82,81.86,81.82,81.85,1547.472,1780260599999,126648.56327000,390,1039.72500000,85092.44878000,0,SOLUSDT
2026-05-31 20:50:00+00:00,81.85,81.93,81.85,81.93,1382.455,1780260899999,113182.66412000,453,704.64600000,57697.56279000,0,SOLUSDT
2026-05-31 20:55:00+00:00,81.93,82.01,81.93,81.97,1998.604,1780261199999,163817.60679000,780,1559.49800000,127821.46150000,0,SOLUSDT
2026-05-31 21:00:00+00:00,81.97,81.99,81.88,81.93,1530.2,1780261499999,125360.54434000,778,843.91800000,69142.68500000,0,SOLUSDT
2026-05-31 21:05:00+00:00,81.93,81.95,81.88,81.92,796.134,1780261799999,65213.12245000,433,455.17000000,37284.55718000,0,SOLUSDT
2026-05-31 21:10:00+00:00,81.91,81.94,81.89,81.91,1375.952,1780262099999,112711.55669000,441,473.45000000,38783.49787000,0,SOLUSDT
2026-05-31 21:15:00+00:00,81.91,82.07,81.9,81.97,1817.322,1780262399999,148984.89541000,921,1300.37700000,106597.54431000,0,SOLUSDT
2026-05-31 21:20:00+00:00,81.96,81.99,81.94,81.97,1857.516,1780262699999,152253.27113000,397,1652.28100000,135432.04079000,0,SOLUSDT
2026-05-31 21:25:00+00:00,81.97,82.0,81.92,81.93,1006.453,1780262999999,82475.31050000,417,206.02000000,16883.70874000,0,SOLUSDT
2026-05-31 21:30:00+00:00,81.92,81.98,81.91,81.98,2262.096,1780263299999,185338.46638000,428,847.69000000,69459.41122000,0,SOLUSDT
2026-05-31 21:35:00+00:00,81.98,82.06,81.98,82.01,2240.287,1780263599999,183764.89047000,559,707.73000000,58048.66853000,0,SOLUSDT
2026-05-31 21:40:00+00:00,82.02,82.17,82.0,82.14,6352.445,1780263899999,521559.24755000,1473,4955.05300000,406846.05278000,0,SOLUSDT
2026-05-31 21:45:00+00:00,82.13,82.37,82.12,82.27,3031.454,1780264199999,249444.81531000,2010,2105.29200000,173232.94951000,0,SOLUSDT
2026-05-31 21:50:00+00:00,82.28,82.37,82.22,82.24,3790.612,1780264499999,311947.82461000,1595,2220.07800000,182696.08323000,0,SOLUSDT
2026-05-31 21:55:00+00:00,82.24,82.32,82.23,82.3,2106.501,1780264799999,173333.35547000,1136,620.73500000,51077.96406000,0,SOLUSDT
2026-05-31 22:00:00+00:00,82.31,82.46,82.04,82.06,7525.325,1780265099999,618849.07538000,3134,4249.58900000,349457.36770000,0,SOLUSDT
2026-05-31 22:05:00+00:00,82.07,82.23,82.07,82.23,2208.666,1780265399999,181412.27233000,1685,1167.49400000,95905.31740000,0,SOLUSDT
2026-05-31 22:10:00+00:00,82.24,82.44,82.23,82.44,2898.686,1780265699999,238640.09334000,1268,2011.06600000,165563.29907000,0,SOLUSDT
2026-05-31 22:15:00+00:00,82.44,82.61,82.43,82.44,7953.491,1780265999999,656259.30304000,2807,5814.19700000,479737.58662000,0,SOLUSDT
2026-05-31 22:20:00+00:00,82.45,82.45,82.28,82.4,4086.12,1780266299999,336557.56999000,1706,1218.88500000,100376.26849000,0,SOLUSDT
2026-05-31 22:25:00+00:00,82.39,82.66,82.39,82.42,8779.465,1780266599999,724478.11011000,2480,5270.47800000,434997.28856000,0,SOLUSDT
2026-05-31 22:30:00+00:00,82.42,82.61,82.39,82.6,6313.395,1780266899999,521005.68905000,2449,4509.86600000,372175.94117000,0,SOLUSDT
2026-05-31 22:35:00+00:00,82.59,82.59,82.41,82.44,4099.651,1780267199999,338202.23177000,1716,2336.79700000,192723.05990000,0,SOLUSDT
2026-05-31 22:40:00+00:00,82.44,82.54,82.43,82.52,1474.184,1780267499999,121618.43351000,723,917.38900000,75679.87767000,0,SOLUSDT
2026-05-31 22:45:00+00:00,82.53,82.69,82.53,82.58,4981.818,1780267799999,411514.78834000,1634,2719.92100000,224687.37402000,0,SOLUSDT
2026-05-31 22:50:00+00:00,82.58,82.62,82.47,82.47,2630.458,1780268099999,217161.53400000,1167,1091.83600000,90150.04743000,0,SOLUSDT
2026-05-31 22:55:00+00:00,82.48,82.59,82.45,82.53,2969.819,1780268399999,245049.74585000,1240,2100.65300000,173317.29004000,0,SOLUSDT
2026-05-31 23:00:00+00:00,82.52,82.92,82.52,82.75,12498.628,1780268699999,1034328.30662000,4434,8985.32600000,743647.73233000,0,SOLUSDT
2026-05-31 23:05:00+00:00,82.74,82.79,82.61,82.69,6838.865,1780268999999,565692.80139000,2661,3979.02500000,329111.26990000,0,SOLUSDT
2026-05-31 23:10:00+00:00,82.68,82.72,82.58,82.59,3612.448,1780269299999,298494.08746000,1445,1783.43200000,147364.06238000,0,SOLUSDT
2026-05-31 23:15:00+00:00,82.58,82.7,82.58,82.6,3009.418,1780269599999,248760.46747000,1497,1012.33800000,83670.94443000,0,SOLUSDT
2026-05-31 23:20:00+00:00,82.6,82.61,82.36,82.41,6547.503,1780269899999,540001.07940000,1862,2863.59200000,236204.88611000,0,SOLUSDT
2026-05-31 23:25:00+00:00,82.41,82.5,82.4,82.46,4135.01,1780270199999,340905.51226000,1322,2388.55300000,196935.61845000,0,SOLUSDT
2026-05-31 23:30:00+00:00,82.46,82.46,82.11,82.21,4468.984,1780270499999,367532.31794000,2227,2180.64000000,179289.96861000,0,SOLUSDT
2026-05-31 23:35:00+00:00,82.2,82.21,82.0,82.09,4957.189,1780270799999,407038.73281000,2021,1752.93800000,143957.42508000,0,SOLUSDT
2026-05-31 23:40:00+00:00,82.1,82.12,81.95,82.1,5693.295,1780271099999,467053.65144000,1609,1818.12900000,149171.36616000,0,SOLUSDT
2026-05-31 23:45:00+00:00,82.1,82.3,82.06,82.3,2381.948,1780271399999,195756.10248000,1447,1496.88000000,123038.70925000,0,SOLUSDT
2026-05-31 23:50:00+00:00,82.29,82.39,82.29,82.33,1259.441,1780271699999,103713.38123000,1082,613.04500000,50486.24667000,0,SOLUSDT
2026-05-31 23:55:00+00:00,82.34,82.46,82.34,82.44,1672.607,1780271999999,137847.55201000,962,485.56500000,40020.19231000,0,SOLUSDT
2026-06-01 00:00:00+00:00,82.45,82.74,82.37,82.72,9094.943,1780272299999,750797.08505000,3296,3765.59600000,310970.46835000,0,SOLUSDT
2026-06-01 00:05:00+00:00,82.73,82.76,82.57,82.61,11249.318,1780272599999,929984.25465000,2884,5742.40700000,474657.07667000,0,SOLUSDT
2026-06-01 00:10:00+00:00,82.6,82.73,82.53,82.73,2224.864,1780272899999,183804.03737000,1496,1356.69200000,112084.32092000,0,SOLUSDT
2026-06-01 00:15:00+00:00,82.73,82.79,82.61,82.65,4498.898,1780273199999,372191.88022000,1776,3287.81400000,272011.03273000,0,SOLUSDT
2026-06-01 00:20:00+00:00,82.65,82.82,82.62,82.76,4777.223,1780273499999,395256.89018000,1897,3021.04500000,249965.73717000,0,SOLUSDT
2026-06-01 00:25:00+00:00,82.77,83.0,82.77,82.94,9153.652,1780273799999,759054.91215000,2184,7020.73600000,582193.64052000,0,SOLUSDT
2026-06-01 00:30:00+00:00,82.94,83.1,82.75,82.88,13780.527,1780274099999,1143268.36631000,4855,9075.68000000,753026.29360000,0,SOLUSDT
2026-06-01 00:35:00+00:00,82.89,82.96,82.82,82.86,5390.089,1780274399999,446731.80018000,1981,2547.19500000,211118.47375000,0,SOLUSDT
2026-06-01 00:40:00+00:00,82.86,83.03,82.8,82.96,10609.562,1780274699999,879806.90209000,2257,6939.87900000,575471.51032000,0,SOLUSDT
2026-06-01 00:45:00+00:00,82.95,83.03,82.92,82.92,6144.963,1780274999999,509890.25759000,2683,2273.13600000,188627.30414000,0,SOLUSDT
2026-06-01 00:50:00+00:00,82.93,83.04,82.85,82.89,4019.941,1780275299999,333560.38501000,1803,1951.76000000,161950.14993000,0,SOLUSDT
2026-06-01 00:55:00+00:00,82.9,82.9,82.8,82.83,4130.557,1780275599999,342283.42797000,1474,1197.59700000,99227.03572000,0,SOLUSDT
2026-06-01 01:00:00+00:00,82.83,82.87,82.68,82.68,5299.64,1780275899999,438617.88793000,2562,1765.73300000,146177.94940000,0,SOLUSDT
2026-06-01 01:05:00+00:00,82.69,82.75,82.39,82.44,10174.464,1780276199999,840060.16168000,3114,5231.85800000,431970.67182000,0,SOLUSDT
2026-06-01 01:10:00+00:00,82.44,82.47,82.32,82.34,7493.978,1780276499999,617513.04365000,2226,4403.25000000,362843.30757000,0,SOLUSDT
2026-06-01 01:15:00+00:00,82.34,82.46,82.34,82.36,3771.21,1780276799999,310736.86073000,1742,2304.79400000,189914.39069000,0,SOLUSDT
2026-06-01 01:20:00+00:00,82.36,82.44,82.29,82.3,7432.829,1780277099999,611941.17018000,1540,1578.32200000,129976.20015000,0,SOLUSDT
2026-06-01 01:25:00+00:00,82.29,82.4,82.22,82.3,11708.537,1780277399999,964145.14000000,1827,1661.61300000,136814.80363000,0,SOLUSDT
2026-06-01 01:30:00+00:00,82.29,82.34,82.2,82.33,2907.111,1780277699999,239168.87416000,1669,1376.42600000,113223.57629000,0,SOLUSDT
2026-06-01 01:35:00+00:00,82.34,82.4,82.25,82.28,1523.356,1780277999999,125415.20498000,1387,614.92400000,50619.51400000,0,SOLUSDT
2026-06-01 01:40:00+00:00,82.28,82.39,82.06,82.12,5961.912,1780278299999,489846.86636000,2632,2416.00000000,198528.90910000,0,SOLUSDT
2026-06-01 01:45:00+00:00,82.11,82.26,82.04,82.24,2685.982,1780278599999,220566.02218000,1803,1050.94700000,86306.51090000,0,SOLUSDT
2026-06-01 01:50:00+00:00,82.24,82.24,81.99,82.03,7073.456,1780278899999,580409.32631000,3033,1279.00900000,104952.77334000,0,SOLUSDT
2026-06-01 01:55:00+00:00,82.02,82.02,81.75,81.76,8083.99,1780279199999,661737.17983000,2878,2074.61800000,169832.82253000,0,SOLUSDT
2026-06-01 02:00:00+00:00,81.76,81.88,81.63,81.87,7834.61,1780279499999,640507.10564000,3693,3727.74500000,304810.79085000,0,SOLUSDT
2026-06-01 02:05:00+00:00,81.87,82.26,81.87,82.24,4412.451,1780279799999,362096.24713000,2812,3152.34900000,258696.95867000,0,SOLUSDT
2026-06-01 02:10:00+00:00,82.25,82.34,82.21,82.31,4157.479,1780280099999,341988.61100000,1410,2314.63600000,190360.39127000,0,SOLUSDT
2026-06-01 02:15:00+00:00,82.31,82.33,82.13,82.16,2586.327,1780280399999,212724.53178000,1222,819.12200000,67375.68957000,0,SOLUSDT
2026-06-01 02:20:00+00:00,82.15,82.31,82.15,82.23,3004.229,1780280699999,247072.02467000,1232,2041.54500000,167893.19213000,0,SOLUSDT
2026-06-01 02:25:00+00:00,82.23,82.3,82.2,82.25,1161.311,1780280999999,95504.71056000,971,683.28200000,56193.93909000,0,SOLUSDT
2026-06-01 02:30:00+00:00,82.24,82.24,82.11,82.19,3694.3,1780281299999,303522.17629000,1261,2411.51300000,198116.92173000,0,SOLUSDT
2026-06-01 02:35:00+00:00,82.2,82.35,82.13,82.32,2784.405,1780281599999,229018.23105000,1222,1758.53600000,144653.92097000,0,SOLUSDT
2026-06-01 02:40:00+00:00,82.33,82.9,82.27,82.66,14469.34,1780281899999,1196651.54894000,5633,9148.38100000,756594.27550000,0,SOLUSDT
2026-06-01 02:45:00+00:00,82.65,82.86,82.61,82.71,7004.618,1780282199999,579344.60620000,3027,5248.48500000,434039.39387000,0,SOLUSDT
2026-06-01 02:50:00+00:00,82.71,82.8,82.65,82.76,5069.173,1780282499999,419397.02312000,2063,2817.49100000,233085.45370000,0,SOLUSDT
2026-06-01 02:55:00+00:00,82.75,82.79,82.68,82.68,2025.236,1780282799999,167534.51955000,1331,929.54300000,76901.40850000,0,SOLUSDT
2026-06-01 03:00:00+00:00,82.68,82.96,82.64,82.88,13114.429,1780283099999,1085486.23098000,4455,5909.22000000,489380.15988000,0,SOLUSDT
2026-06-01 03:05:00+00:00,82.89,82.95,82.81,82.92,8621.232,1780283399999,714561.45177000,2787,2223.41700000,184296.19448000,0,SOLUSDT
2026-06-01 03:10:00+00:00,82.93,82.93,82.75,82.77,4922.513,1780283699999,407798.80993000,1912,1394.42700000,115523.10173000,0,SOLUSDT
2026-06-01 03:15:00+00:00,82.76,82.86,82.62,82.82,9475.094,1780283999999,783975.95402000,3339,3446.61300000,285084.54499000,0,SOLUSDT
2026-06-01 03:20:00+00:00,82.83,82.93,82.82,82.89,5256.404,1780284299999,435652.59539000,1854,1604.31400000,132939.10992000,0,SOLUSDT
2026-06-01 03:25:00+00:00,82.89,82.91,82.82,82.89,5463.276,1780284599999,452778.68703000,2138,1651.87300000,136894.30351000,0,SOLUSDT
2026-06-01 03:30:00+00:00,82.89,82.99,82.88,82.94,10567.235,1780284899999,876634.15323000,2762,5055.24300000,419360.60865000,0,SOLUSDT
2026-06-01 03:35:00+00:00,82.94,82.95,82.72,82.73,7522.988,1780285199999,623305.79984000,3115,1986.99300000,164570.64703000,0,SOLUSDT
2026-06-01 03:40:00+00:00,82.74,82.77,82.66,82.76,2918.84,1780285499999,241460.22850000,1335,1068.60500000,88396.68081000,0,SOLUSDT
2026-06-01 03:45:00+00:00,82.76,82.8,82.69,82.76,2042.874,1780285799999,169070.14344000,1120,736.14300000,60920.15190000,0,SOLUSDT
2026-06-01 03:50:00+00:00,82.76,82.79,82.56,82.56,2909.383,1780286099999,240593.37319000,1503,1534.04200000,126818.40566000,0,SOLUSDT
2026-06-01 03:55:00+00:00,82.57,82.63,82.56,82.63,1499.074,1780286399999,123830.37909000,791,569.67100000,47052.18585000,0,SOLUSDT
2026-06-01 04:00:00+00:00,82.63,82.78,82.62,82.63,3146.946,1780286699999,260198.39897000,1416,2099.86300000,173626.67074000,0,SOLUSDT
2026-06-01 04:05:00+00:00,82.63,82.63,82.44,82.44,2930.761,1780286999999,241798.57952000,1306,1206.99300000,99617.42563000,0,SOLUSDT
2026-06-01 04:10:00+00:00,82.45,82.45,82.26,82.33,3478.894,1780287299999,286406.80595000,1873,1174.78200000,96720.38816000,0,SOLUSDT
2026-06-01 04:15:00+00:00,82.33,82.37,82.11,82.11,4034.752,1780287599999,331692.60456000,1680,1353.82400000,111312.75131000,0,SOLUSDT
2026-06-01 04:20:00+00:00,82.11,82.15,81.91,82.0,16848.398,1780287899999,1381679.49510000,3503,8157.27900000,669025.39645000,0,SOLUSDT
2026-06-01 04:25:00+00:00,81.99,82.0,81.85,81.91,4728.704,1780288199999,387443.37765000,1872,1661.22200000,136105.76123000,0,SOLUSDT
2026-06-01 04:30:00+00:00,81.9,82.06,81.88,82.02,5044.888,1780288499999,413609.80197000,2002,3422.23100000,280564.20032000,0,SOLUSDT
2026-06-01 04:35:00+00:00,82.01,82.12,82.0,82.05,2278.324,1780288799999,187013.74162000,1413,1654.76800000,135835.15587000,0,SOLUSDT
2026-06-01 04:40:00+00:00,82.06,82.12,82.0,82.09,5076.719,1780289099999,416616.45411000,2008,3726.08900000,305762.55167000,0,SOLUSDT
2026-06-01 04:45:00+00:00,82.09,82.09,81.77,81.87,7761.949,1780289399999,635747.12523000,2548,3748.06700000,307089.13529000,0,SOLUSDT
2026-06-01 04:50:00+00:00,81.86,82.0,81.86,81.98,4835.19,1780289699999,396141.84122000,2472,3786.33300000,310216.04473000,0,SOLUSDT
2026-06-01 04:55:00+00:00,81.99,82.1,81.96,82.04,3591.12,1780289999999,294549.03857000,1557,2467.25800000,202334.34398000,0,SOLUSDT
2026-06-01 05:00:00+00:00,82.03,82.05,81.91,82.05,12910.644,1780290299999,1058366.46037000,2435,3804.44600000,311916.47011000,0,SOLUSDT
2026-06-01 05:05:00+00:00,82.05,82.08,81.94,81.95,2551.832,1780290599999,209311.54591000,1251,1365.49900000,111996.60853000,0,SOLUSDT
2026-06-01 05:10:00+00:00,81.94,82.03,81.88,82.03,3565.729,1780290899999,292188.19381000,1846,2527.40000000,207094.92190000,0,SOLUSDT
2026-06-01 05:15:00+00:00,82.02,82.06,81.92,81.97,2757.263,1780291199999,226027.52061000,1463,1557.24000000,127651.15709000,0,SOLUSDT
2026-06-01 05:20:00+00:00,81.96,82.11,81.96,81.99,2131.134,1780291499999,174875.36502000,987,629.16600000,51631.60685000,0,SOLUSDT
2026-06-01 05:25:00+00:00,81.99,81.99,81.76,81.77,2705.883,1780291799999,221416.56293000,2342,978.20200000,80036.57648000,0,SOLUSDT
2026-06-01 05:30:00+00:00,81.78,81.88,81.75,81.76,3353.739,1780292099999,274312.12300000,2223,1163.93600000,95206.59416000,0,SOLUSDT
2026-06-01 05:35:00+00:00,81.76,81.83,81.63,81.83,4523.399,1780292399999,369712.77748000,2237,2767.97400000,226269.00130000,0,SOLUSDT
2026-06-01 05:40:00+00:00,81.83,81.93,81.83,81.92,1263.084,1780292699999,103409.99672000,1037,871.61800000,71359.61930000,0,SOLUSDT
2026-06-01 05:45:00+00:00,81.92,82.03,81.86,81.97,1709.364,1780292999999,140084.10935000,1153,809.87300000,66351.92095000,0,SOLUSDT
2026-06-01 05:50:00+00:00,81.97,81.98,81.88,81.9,3676.456,1780293299999,301218.56648000,997,2884.31900000,236313.73498000,0,SOLUSDT
2026-06-01 05:55:00+00:00,81.9,81.92,81.77,81.82,2544.251,1780293599999,208217.39808000,889,708.97300000,58014.90298000,0,SOLUSDT
2026-06-01 06:00:00+00:00,81.82,81.87,81.72,81.77,3456.63,1780293899999,282713.56506000,1549,2419.92300000,197918.13770000,0,SOLUSDT
2026-06-01 06:05:00+00:00,81.76,81.76,81.49,81.54,16954.323,1780294199999,1383636.60681000,3520,7722.56500000,630597.14845000,0,SOLUSDT
2026-06-01 06:10:00+00:00,81.54,81.68,81.54,81.64,2233.228,1780294499999,182237.47965000,1453,1530.81600000,124913.97292000,0,SOLUSDT
2026-06-01 06:15:00+00:00,81.64,81.69,81.58,81.58,2433.821,1780294799999,198661.75532000,1599,1420.15000000,115913.36985000,0,SOLUSDT
2026-06-01 06:20:00+00:00,81.57,81.57,81.39,81.51,7804.367,1780295099999,636012.89429000,2967,4778.53500000,389474.28098000,0,SOLUSDT
2026-06-01 06:25:00+00:00,81.5,81.5,81.39,81.45,3655.005,1780295399999,297660.06703000,1728,2634.92600000,214598.68093000,0,SOLUSDT
2026-06-01 06:30:00+00:00,81.44,81.49,81.3,81.41,7786.264,1780295699999,633740.04973000,2966,4010.89800000,326478.71420000,0,SOLUSDT
2026-06-01 06:35:00+00:00,81.41,81.41,81.3,81.4,3767.066,1780295999999,306433.18969000,1803,2184.92300000,177724.03476000,0,SOLUSDT
2026-06-01 06:40:00+00:00,81.39,81.39,81.17,81.18,7591.872,1780296299999,617110.27398000,2642,3522.34300000,286420.55996000,0,SOLUSDT
2026-06-01 06:45:00+00:00,81.18,81.48,81.13,81.47,7438.526,1780296599999,604240.24973000,3401,3981.64900000,323376.03283000,0,SOLUSDT
2026-06-01 06:50:00+00:00,81.46,81.52,81.43,81.44,5531.17,1780296899999,450748.70383000,1400,3989.79500000,325142.86336000,0,SOLUSDT
2026-06-01 06:55:00+00:00,81.44,81.47,81.36,81.45,3192.507,1780297199999,259925.14982000,1629,2026.10700000,164947.72418000,0,SOLUSDT
2026-06-01 07:00:00+00:00,81.45,81.49,81.34,81.47,2751.323,1780297499999,223940.41270000,1494,1958.42000000,159399.10345000,0,SOLUSDT
2026-06-01 07:05:00+00:00,81.48,81.57,81.45,81.53,2077.789,1780297799999,169382.30533000,1190,1375.93500000,112163.65210000,0,SOLUSDT
