open_time,open,high,low,close,volume,close_time,quote_volume,trades,taker_buy_base,taker_buy_quote,ignore,symbol,exchange
2026-05-18 07:30:00+00:00,9.48,9.49,9.47,9.47,7218.86,1779089699999,68472.96960000,157,1453.83000000,13788.66740000,0,LINKUSDT,binance
2026-05-18 07:35:00+00:00,9.47,9.48,9.46,9.46,2255.17,1779089999999,21345.74450000,128,2029.89000000,19213.60990000,0,LINKUSDT,binance
2026-05-18 07:40:00+00:00,9.46,9.46,9.43,9.43,4834.67,1779090299999,45676.40040000,187,1669.12000000,15770.02660000,0,LINKUSDT,binance
2026-05-18 07:45:00+00:00,9.44,9.46,9.44,9.45,10017.65,1779090599999,94664.70910000,168,3324.76000000,31425.15520000,0,LINKUSDT,binance
2026-05-18 07:50:00+00:00,9.45,9.47,9.44,9.47,6769.97,1779090899999,63980.80380000,134,1312.75000000,12418.30940000,0,LINKUSDT,binance
2026-05-18 07:55:00+00:00,9.47,9.48,9.46,9.48,2764.2,1779091199999,26164.98390000,132,1896.24000000,17950.52080000,0,LINKUSDT,binance
2026-05-18 08:00:00+00:00,9.48,9.5,9.47,9.5,10274.91,1779091499999,97362.06560000,267,8093.18000000,76686.81650000,0,LINKUSDT,binance
2026-05-18 08:05:00+00:00,9.5,9.5,9.47,9.49,10183.6,1779091799999,96606.49840000,155,3012.89000000,28576.18280000,0,LINKUSDT,binance
2026-05-18 08:10:00+00:00,9.49,9.49,9.47,9.48,5296.9,1779092099999,50216.06160000,84,1896.68000000,17982.01320000,0,LINKUSDT,binance
2026-05-18 08:15:00+00:00,9.48,9.48,9.47,9.47,584.69,1779092399999,5539.69980000,33,268.55000000,2545.85400000,0,LINKUSDT,binance
2026-05-18 08:20:00+00:00,9.47,9.49,9.47,9.47,1396.26,1779092699999,13234.44550000,73,238.05000000,2257.04370000,0,LINKUSDT,binance
2026-05-18 08:25:00+00:00,9.48,9.48,9.47,9.47,1742.36,1779092999999,16505.70830000,56,555.91000000,5270.02680000,0,LINKUSDT,binance
2026-05-18 08:30:00+00:00,9.47,9.47,9.45,9.47,22214.35,1779093299999,209997.01480000,233,10281.26000000,97207.56800000,0,LINKUSDT,binance
2026-05-18 08:35:00+00:00,9.47,9.47,9.44,9.46,17958.96,1779093599999,169718.64240000,203,12891.37000000,121826.09640000,0,LINKUSDT,binance
2026-05-18 08:40:00+00:00,9.46,9.46,9.44,9.45,9056.27,1779093899999,85582.24910000,104,6107.13000000,57714.64120000,0,LINKUSDT,binance
2026-05-18 08:45:00+00:00,9.45,9.46,9.44,9.45,2166.0,1779094199999,20468.94750000,63,1031.35000000,9746.53000000,0,LINKUSDT,binance
2026-05-18 08:50:00+00:00,9.45,9.47,9.45,9.46,11430.64,1779094499999,108027.86070000,118,6603.66000000,62412.45650000,0,LINKUSDT,binance
2026-05-18 08:55:00+00:00,9.46,9.48,9.46,9.48,2904.87,1779094799999,27512.10230000,88,1962.07000000,18583.80810000,0,LINKUSDT,binance
2026-05-18 09:00:00+00:00,9.47,9.48,9.45,9.46,4838.11,1779095099999,45755.18670000,100,1441.66000000,13627.34330000,0,LINKUSDT,binance
2026-05-18 09:05:00+00:00,9.45,9.46,9.44,9.46,9199.92,1779095399999,86939.30950000,131,2824.29000000,26689.63430000,0,LINKUSDT,binance
2026-05-18 09:10:00+00:00,9.45,9.47,9.44,9.46,49111.56,1779095699999,464570.16980000,453,38798.30000000,367063.63860000,0,LINKUSDT,binance
2026-05-18 09:15:00+00:00,9.45,9.47,9.45,9.45,3114.12,1779095999999,29461.58530000,64,1420.48000000,13439.87850000,0,LINKUSDT,binance
2026-05-18 09:20:00+00:00,9.46,9.47,9.46,9.47,1500.02,1779096299999,14194.25940000,46,1232.90000000,11667.30420000,0,LINKUSDT,binance
2026-05-18 09:25:00+00:00,9.46,9.46,9.44,9.46,3029.36,1779096599999,28633.95490000,74,2336.83000000,22084.21060000,0,LINKUSDT,binance
2026-05-18 09:30:00+00:00,9.45,9.46,9.44,9.45,8069.72,1779096899999,76246.98470000,154,4840.80000000,45745.70440000,0,LINKUSDT,binance
2026-05-18 09:35:00+00:00,9.45,9.47,9.45,9.47,1862.27,1779097199999,17626.92450000,47,1824.06000000,17265.77150000,0,LINKUSDT,binance
2026-05-18 09:40:00+00:00,9.47,9.47,9.45,9.46,975.31,1779097499999,9223.81570000,55,91.17000000,862.76520000,0,LINKUSDT,binance
2026-05-18 09:45:00+00:00,9.45,9.47,9.45,9.47,1125.6,1779097799999,10649.05010000,38,764.23000000,7231.34310000,0,LINKUSDT,binance
2026-05-18 09:50:00+00:00,9.46,9.47,9.44,9.45,2488.2,1779098099999,23531.64800000,68,935.57000000,8844.53710000,0,LINKUSDT,binance
2026-05-18 09:55:00+00:00,9.44,9.45,9.44,9.44,601.88,1779098399999,5682.56180000,38,81.46000000,769.79700000,0,LINKUSDT,binance
2026-05-18 10:00:00+00:00,9.45,9.45,9.42,9.42,9734.51,1779098699999,91786.31690000,233,5026.06000000,47388.72860000,0,LINKUSDT,binance
2026-05-18 10:05:00+00:00,9.43,9.44,9.41,9.44,11619.27,1779098999999,109547.39400000,180,5806.20000000,54747.71730000,0,LINKUSDT,binance
2026-05-18 10:10:00+00:00,9.44,9.44,9.41,9.42,8698.1,1779099299999,81966.53910000,370,5857.24000000,55190.39540000,0,LINKUSDT,binance
2026-05-18 10:15:00+00:00,9.42,9.43,9.41,9.43,3881.3,1779099599999,36576.49090000,101,2511.78000000,23669.09100000,0,LINKUSDT,binance
2026-05-18 10:20:00+00:00,9.42,9.44,9.41,9.43,6300.41,1779099899999,59372.17590000,111,3412.09000000,32155.27660000,0,LINKUSDT,binance
2026-05-18 10:25:00+00:00,9.42,9.43,9.42,9.43,3848.38,1779100199999,36288.69180000,72,606.76000000,5721.74680000,0,LINKUSDT,binance
2026-05-18 10:30:00+00:00,9.43,9.44,9.41,9.42,7546.12,1779100499999,71148.56970000,141,3242.58000000,30577.45720000,0,LINKUSDT,binance
2026-05-18 10:35:00+00:00,9.41,9.43,9.4,9.42,16083.65,1779100799999,151373.56670000,228,5588.91000000,52606.86700000,0,LINKUSDT,binance
2026-05-18 10:40:00+00:00,9.41,9.43,9.4,9.41,12059.1,1779101099999,113533.72890000,186,6692.48000000,63023.97000000,0,LINKUSDT,binance
2026-05-18 10:45:00+00:00,9.42,9.44,9.41,9.42,5921.55,1779101399999,55833.53270000,179,3676.65000000,34665.08110000,0,LINKUSDT,binance
2026-05-18 10:50:00+00:00,9.42,9.43,9.41,9.42,1408.08,1779101699999,13264.33500000,57,286.76000000,2702.58890000,0,LINKUSDT,binance
2026-05-18 10:55:00+00:00,9.42,9.42,9.41,9.41,2422.21,1779101999999,22813.47930000,40,2048.32000000,19295.17440000,0,LINKUSDT,binance
2026-05-18 11:00:00+00:00,9.42,9.42,9.4,9.42,15923.76,1779102299999,149849.45280000,222,6793.87000000,63934.29320000,0,LINKUSDT,binance
2026-05-18 11:05:00+00:00,9.42,9.42,9.4,9.4,15889.23,1779102599999,149518.07140000,124,2879.20000000,27093.71920000,0,LINKUSDT,binance
2026-05-18 11:10:00+00:00,9.41,9.43,9.41,9.43,4597.95,1779102899999,43273.95830000,95,4179.60000000,39334.28270000,0,LINKUSDT,binance
2026-05-18 11:15:00+00:00,9.43,9.45,9.42,9.44,7511.77,1779103199999,70899.29040000,156,5546.36000000,52347.28350000,0,LINKUSDT,binance
2026-05-18 11:20:00+00:00,9.44,9.44,9.43,9.44,1042.33,1779103499999,9836.34440000,40,39.26000000,370.61440000,0,LINKUSDT,binance
2026-05-18 11:25:00+00:00,9.44,9.45,9.43,9.44,2360.97,1779103799999,22287.49030000,64,1055.42000000,9963.22570000,0,LINKUSDT,binance
2026-05-18 11:30:00+00:00,9.43,9.48,9.42,9.48,4606.85,1779104099999,43478.43530000,179,3194.79000000,30163.70890000,0,LINKUSDT,binance
2026-05-18 11:35:00+00:00,9.48,9.52,9.45,9.51,9691.65,1779104399999,91832.26380000,328,5093.62000000,48269.52060000,0,LINKUSDT,binance
2026-05-18 11:40:00+00:00,9.51,9.57,9.5,9.56,30904.78,1779104699999,295005.31170000,808,20415.64000000,194893.03240000,0,LINKUSDT,binance
2026-05-18 11:45:00+00:00,9.55,9.56,9.53,9.53,21471.34,1779104999999,204958.13750000,360,13995.11000000,133617.58260000,0,LINKUSDT,binance
2026-05-18 11:50:00+00:00,9.54,9.55,9.51,9.53,5569.61,1779105299999,53067.04370000,178,2420.94000000,23058.37240000,0,LINKUSDT,binance
2026-05-18 11:55:00+00:00,9.52,9.53,9.51,9.51,7685.25,1779105599999,73163.17430000,109,3052.25000000,29058.71970000,0,LINKUSDT,binance
2026-05-18 12:00:00+00:00,9.52,9.56,9.51,9.53,11823.62,1779105899999,112825.81200000,531,7162.30000000,68334.88320000,0,LINKUSDT,binance
2026-05-18 12:05:00+00:00,9.53,9.57,9.53,9.56,9463.31,1779106199999,90340.16580000,263,7417.75000000,70808.25400000,0,LINKUSDT,binance
2026-05-18 12:10:00+00:00,9.55,9.56,9.54,9.55,6058.06,1779106499999,57858.58200000,129,4202.70000000,40140.50080000,0,LINKUSDT,binance
2026-05-18 12:15:00+00:00,9.55,9.56,9.53,9.54,25832.73,1779106799999,246599.90740000,386,11434.37000000,109132.32710000,0,LINKUSDT,binance
2026-05-18 12:20:00+00:00,9.55,9.58,9.54,9.58,21822.06,1779107099999,208687.07830000,272,8256.18000000,78983.40150000,0,LINKUSDT,binance
2026-05-18 12:25:00+00:00,9.58,9.58,9.53,9.54,7527.32,1779107399999,71886.25840000,257,3944.29000000,37664.21210000,0,LINKUSDT,binance
2026-05-18 12:30:00+00:00,9.55,9.57,9.53,9.57,22934.73,1779107699999,219240.21070000,539,13475.50000000,128859.33850000,0,LINKUSDT,binance
2026-05-18 12:35:00+00:00,9.58,9.6,9.56,9.6,6730.15,1779107999999,64524.56450000,288,4595.93000000,44072.81630000,0,LINKUSDT,binance
2026-05-18 12:40:00+00:00,9.59,9.6,9.58,9.6,5196.98,1779108299999,49863.68490000,194,3144.67000000,30177.52350000,0,LINKUSDT,binance
2026-05-18 12:45:00+00:00,9.6,9.61,9.58,9.59,11514.31,1779108599999,110465.93870000,323,5816.89000000,55809.42590000,0,LINKUSDT,binance
2026-05-18 12:50:00+00:00,9.59,9.59,9.57,9.58,814.3,1779108899999,7798.35320000,38,176.01000000,1686.66810000,0,LINKUSDT,binance
2026-05-18 12:55:00+00:00,9.58,9.59,9.57,9.57,4006.3,1779109199999,38377.14300000,107,323.91000000,3103.51200000,0,LINKUSDT,binance
2026-05-18 13:00:00+00:00,9.58,9.58,9.54,9.54,8340.14,1779109499999,79723.74260000,212,3028.62000000,28951.33560000,0,LINKUSDT,binance
2026-05-18 13:05:00+00:00,9.55,9.55,9.54,9.55,2679.11,1779109799999,25584.94160000,70,2136.91000000,20407.49050000,0,LINKUSDT,binance
2026-05-18 13:10:00+00:00,9.55,9.56,9.53,9.55,6372.73,1779110099999,60823.82860000,157,3727.66000000,35567.97120000,0,LINKUSDT,binance
2026-05-18 13:15:00+00:00,9.55,9.55,9.53,9.54,3718.67,1779110399999,35477.38850000,148,1874.49000000,17883.32200000,0,LINKUSDT,binance
2026-05-18 13:20:00+00:00,9.54,9.55,9.53,9.53,1876.36,1779110699999,17898.80480000,89,564.32000000,5384.31770000,0,LINKUSDT,binance
2026-05-18 13:25:00+00:00,9.54,9.54,9.52,9.52,12022.12,1779110999999,114618.84240000,184,8265.94000000,78827.96010000,0,LINKUSDT,binance
2026-05-18 13:30:00+00:00,9.52,9.52,9.48,9.5,17242.28,1779111299999,163813.97210000,617,6533.67000000,62085.64230000,0,LINKUSDT,binance
2026-05-18 13:35:00+00:00,9.49,9.51,9.45,9.48,37895.56,1779111599999,358960.32380000,912,19068.91000000,180658.26030000,0,LINKUSDT,binance
2026-05-18 13:40:00+00:00,9.49,9.51,9.46,9.46,16659.65,1779111899999,157960.33440000,419,5669.02000000,53750.00480000,0,LINKUSDT,binance
2026-05-18 13:45:00+00:00,9.46,9.5,9.45,9.49,12317.16,1779112199999,116738.41520000,495,6508.81000000,61671.80290000,0,LINKUSDT,binance
2026-05-18 13:50:00+00:00,9.5,9.52,9.49,9.5,10202.02,1779112499999,96983.66410000,349,5272.27000000,50116.03950000,0,LINKUSDT,binance
2026-05-18 13:55:00+00:00,9.5,9.51,9.48,9.48,7003.19,1779112799999,66503.04090000,352,2522.14000000,23949.24110000,0,LINKUSDT,binance
2026-05-18 14:00:00+00:00,9.49,9.49,9.46,9.49,23549.73,1779113099999,222957.98380000,338,13025.61000000,123317.59280000,0,LINKUSDT,binance
2026-05-18 14:05:00+00:00,9.49,9.49,9.45,9.47,21839.75,1779113399999,206758.06440000,365,7752.50000000,73392.55600000,0,LINKUSDT,binance
2026-05-18 14:10:00+00:00,9.47,9.47,9.43,9.44,14331.39,1779113699999,135517.28790000,279,2800.01000000,26465.20310000,0,LINKUSDT,binance
2026-05-18 14:15:00+00:00,9.45,9.46,9.41,9.43,34491.48,1779113999999,325316.05760000,579,16306.01000000,153724.03510000,0,LINKUSDT,binance
2026-05-18 14:20:00+00:00,9.44,9.46,9.43,9.44,24716.88,1779114299999,233459.35600000,557,13770.53000000,130077.83630000,0,LINKUSDT,binance
2026-05-18 14:25:00+00:00,9.45,9.46,9.44,9.44,5728.1,1779114599999,54140.97080000,175,2476.75000000,23406.25510000,0,LINKUSDT,binance
2026-05-18 14:30:00+00:00,9.44,9.45,9.39,9.4,27578.4,1779114899999,259614.18410000,636,9500.09000000,89481.08410000,0,LINKUSDT,binance
2026-05-18 14:35:00+00:00,9.41,9.44,9.38,9.43,33863.53,1779115199999,318194.65590000,533,16389.99000000,154119.57860000,0,LINKUSDT,binance
2026-05-18 14:40:00+00:00,9.43,9.43,9.41,9.41,6217.48,1779115499999,58583.50680000,193,2749.46000000,25904.87950000,0,LINKUSDT,binance
2026-05-18 14:45:00+00:00,9.41,9.41,9.38,9.4,12373.6,1779115799999,116289.54850000,352,4731.53000000,44438.95930000,0,LINKUSDT,binance
2026-05-18 14:50:00+00:00,9.4,9.42,9.39,9.4,5963.17,1779116099999,56120.50690000,159,3239.05000000,30482.84340000,0,LINKUSDT,binance
2026-05-18 14:55:00+00:00,9.4,9.41,9.39,9.4,1090.35,1779116399999,10249.31390000,93,678.84000000,6381.16970000,0,LINKUSDT,binance
2026-05-18 15:00:00+00:00,9.41,9.41,9.35,9.37,55226.25,1779116699999,517970.43890000,815,17594.84000000,164964.66700000,0,LINKUSDT,binance
2026-05-18 15:05:00+00:00,9.37,9.4,9.36,9.38,21178.95,1779116999999,198605.69500000,465,12223.14000000,114647.34210000,0,LINKUSDT,binance
2026-05-18 15:10:00+00:00,9.39,9.42,9.38,9.4,8821.0,1779117299999,82923.25460000,309,4848.33000000,45560.99420000,0,LINKUSDT,binance
2026-05-18 15:15:00+00:00,9.4,9.41,9.37,9.37,6139.2,1779117599999,57640.02510000,209,3230.95000000,30335.59530000,0,LINKUSDT,binance
2026-05-18 15:20:00+00:00,9.38,9.4,9.35,9.37,40311.04,1779117899999,377582.80090000,500,7790.67000000,73076.81290000,0,LINKUSDT,binance
2026-05-18 15:25:00+00:00,9.38,9.39,9.35,9.35,18731.48,1779118199999,175546.98120000,345,6087.15000000,57096.18850000,0,LINKUSDT,binance
2026-05-18 15:30:00+00:00,9.35,9.38,9.34,9.38,17491.98,1779118499999,163653.25640000,284,8471.65000000,79284.11200000,0,LINKUSDT,binance
2026-05-18 15:35:00+00:00,9.38,9.4,9.37,9.39,4843.14,1779118799999,45467.87560000,182,2958.96000000,27792.17240000,0,LINKUSDT,binance
2026-05-18 15:40:00+00:00,9.4,9.43,9.4,9.41,5479.33,1779119099999,51563.20550000,229,2181.41000000,20520.73380000,0,LINKUSDT,binance
2026-05-18 15:45:00+00:00,9.42,9.43,9.41,9.42,5989.46,1779119399999,56423.14460000,110,3733.69000000,35174.31650000,0,LINKUSDT,binance
2026-05-18 15:50:00+00:00,9.41,9.43,9.41,9.43,3672.33,1779119699999,34584.10420000,92,1693.52000000,15953.20320000,0,LINKUSDT,binance
2026-05-18 15:55:00+00:00,9.43,9.45,9.41,9.42,6215.53,1779119999999,58622.48400000,207,1745.01000000,16461.81030000,0,LINKUSDT,binance
2026-05-18 16:00:00+00:00,9.43,9.43,9.41,9.42,9234.09,1779120299999,86960.54920000,114,1556.44000000,14659.37980000,0,LINKUSDT,binance
2026-05-18 16:05:00+00:00,9.41,9.43,9.4,9.43,7909.24,1779120599999,74434.67780000,166,3194.18000000,30064.42820000,0,LINKUSDT,binance
2026-05-18 16:10:00+00:00,9.42,9.45,9.42,9.45,8567.9,1779120899999,80905.65530000,249,4223.70000000,39891.70220000,0,LINKUSDT,binance
2026-05-18 16:15:00+00:00,9.44,9.46,9.44,9.45,4776.61,1779121199999,45132.89110000,179,2425.33000000,22923.28770000,0,LINKUSDT,binance
2026-05-18 16:20:00+00:00,9.44,9.46,9.42,9.43,10382.66,1779121499999,98018.74870000,193,5984.74000000,56492.39380000,0,LINKUSDT,binance
2026-05-18 16:25:00+00:00,9.43,9.44,9.38,9.39,20901.3,1779121799999,196563.04790000,317,6553.75000000,61599.94760000,0,LINKUSDT,binance
2026-05-18 16:30:00+00:00,9.39,9.41,9.38,9.4,11126.98,1779122099999,104568.52210000,232,4162.11000000,39108.76180000,0,LINKUSDT,binance
2026-05-18 16:35:00+00:00,9.4,9.43,9.4,9.41,5653.45,1779122399999,53202.32190000,135,3743.08000000,35216.45840000,0,LINKUSDT,binance
2026-05-18 16:40:00+00:00,9.41,9.42,9.4,9.41,8744.68,1779122699999,82288.64280000,68,6143.99000000,57816.17080000,0,LINKUSDT,binance
2026-05-18 16:45:00+00:00,9.42,9.43,9.41,9.42,7639.93,1779122999999,71973.11720000,155,1494.12000000,14076.04870000,0,LINKUSDT,binance
2026-05-18 16:50:00+00:00,9.42,9.43,9.41,9.43,9688.64,1779123299999,91318.75040000,160,4657.13000000,43897.06270000,0,LINKUSDT,binance
2026-05-18 16:55:00+00:00,9.43,9.44,9.41,9.42,9835.12,1779123599999,92737.20910000,143,813.37000000,7669.89160000,0,LINKUSDT,binance
2026-05-18 17:00:00+00:00,9.42,9.43,9.4,9.43,5812.93,1779123899999,54739.87310000,158,4276.85000000,40271.40300000,0,LINKUSDT,binance
2026-05-18 17:05:00+00:00,9.44,9.46,9.43,9.43,4090.19,1779124199999,38642.35240000,132,3151.02000000,29769.40050000,0,LINKUSDT,binance
2026-05-18 17:10:00+00:00,9.44,9.44,9.42,9.43,4676.41,1779124499999,44122.40460000,93,1050.03000000,9906.53970000,0,LINKUSDT,binance
2026-05-18 17:15:00+00:00,9.44,9.46,9.43,9.46,16049.84,1779124799999,151624.25120000,234,9351.85000000,88356.41540000,0,LINKUSDT,binance
2026-05-18 17:20:00+00:00,9.45,9.46,9.43,9.44,6622.45,1779125099999,62556.79500000,111,2934.61000000,27712.31820000,0,LINKUSDT,binance
2026-05-18 17:25:00+00:00,9.44,9.45,9.43,9.45,8010.69,1779125399999,75644.05380000,90,7120.02000000,67237.09310000,0,LINKUSDT,binance
2026-05-18 17:30:00+00:00,9.46,9.46,9.44,9.44,750.52,1779125699999,7094.51120000,43,358.96000000,3395.61220000,0,LINKUSDT,binance
2026-05-18 17:35:00+00:00,9.44,9.45,9.43,9.44,2348.54,1779125999999,22170.21730000,68,618.56000000,5839.23630000,0,LINKUSDT,binance
2026-05-18 17:40:00+00:00,9.45,9.45,9.43,9.45,10691.12,1779126299999,100982.76330000,116,3862.50000000,36479.96430000,0,LINKUSDT,binance
2026-05-18 17:45:00+00:00,9.45,9.45,9.43,9.44,6904.22,1779126599999,65195.50440000,118,4799.63000000,45324.57110000,0,LINKUSDT,binance
2026-05-18 17:50:00+00:00,9.45,9.46,9.44,9.45,2189.28,1779126899999,20697.54560000,46,2053.39000000,19413.65600000,0,LINKUSDT,binance
2026-05-18 17:55:00+00:00,9.44,9.45,9.43,9.43,3277.25,1779127199999,30937.05160000,39,3.72000000,35.14350000,0,LINKUSDT,binance
2026-05-18 18:00:00+00:00,9.44,9.45,9.41,9.42,7556.18,1779127499999,71278.02880000,100,4444.28000000,41954.83020000,0,LINKUSDT,binance
2026-05-18 18:05:00+00:00,9.42,9.42,9.39,9.4,10687.98,1779127799999,100496.63370000,151,5654.97000000,53179.46270000,0,LINKUSDT,binance
2026-05-18 18:10:00+00:00,9.4,9.41,9.38,9.4,4015.56,1779128099999,37724.76090000,115,2334.31000000,21933.06140000,0,LINKUSDT,binance
2026-05-18 18:15:00+00:00,9.4,9.4,9.36,9.38,19587.12,1779128399999,183722.39620000,185,1390.01000000,13043.82180000,0,LINKUSDT,binance
2026-05-18 18:20:00+00:00,9.38,9.38,9.36,9.37,4254.91,1779128699999,39865.39640000,101,2982.85000000,27949.49160000,0,LINKUSDT,binance
2026-05-18 18:25:00+00:00,9.37,9.37,9.31,9.35,38407.25,1779128999999,358579.79050000,1079,20231.60000000,188846.35850000,0,LINKUSDT,binance
2026-05-18 18:30:00+00:00,9.36,9.38,9.35,9.36,4247.33,1779129299999,39761.08940000,144,4140.22000000,38757.90500000,0,LINKUSDT,binance
2026-05-18 18:35:00+00:00,9.37,9.37,9.34,9.35,3046.13,1779129599999,28497.70740000,84,407.48000000,3814.97540000,0,LINKUSDT,binance
2026-05-18 18:40:00+00:00,9.35,9.36,9.35,9.36,2138.92,1779129899999,20004.38160000,83,1434.86000000,13421.42060000,0,LINKUSDT,binance
2026-05-18 18:45:00+00:00,9.35,9.37,9.34,9.34,8665.25,1779130199999,81018.05820000,155,5823.71000000,54463.66370000,0,LINKUSDT,binance
2026-05-18 18:50:00+00:00,9.35,9.35,9.33,9.34,12438.74,1779130499999,116254.53030000,164,7205.94000000,67362.54690000,0,LINKUSDT,binance
2026-05-18 18:55:00+00:00,9.34,9.35,9.32,9.33,59023.95,1779130799999,551257.55600000,630,35845.00000000,334775.79240000,0,LINKUSDT,binance
2026-05-18 19:00:00+00:00,9.34,9.48,9.32,9.46,72564.03,1779131099999,682921.48830000,1984,45868.09000000,431546.74260000,0,LINKUSDT,binance
2026-05-18 19:05:00+00:00,9.45,9.46,9.41,9.44,25262.11,1779131399999,238133.05950000,544,11683.53000000,110151.12420000,0,LINKUSDT,binance
2026-05-18 19:10:00+00:00,9.44,9.45,9.41,9.42,5151.79,1779131699999,48600.08250000,169,2356.46000000,22244.07800000,0,LINKUSDT,binance
2026-05-18 19:15:00+00:00,9.42,9.44,9.42,9.43,11715.51,1779131999999,110455.91950000,215,7200.47000000,67886.85110000,0,LINKUSDT,binance
2026-05-18 19:20:00+00:00,9.43,9.45,9.42,9.43,23746.55,1779132299999,224090.62180000,286,12945.55000000,122177.15830000,0,LINKUSDT,binance
2026-05-18 19:25:00+00:00,9.42,9.44,9.41,9.43,3272.99,1779132599999,30851.59040000,114,2015.85000000,19005.16340000,0,LINKUSDT,binance
2026-05-18 19:30:00+00:00,9.43,9.46,9.43,9.44,7483.98,1779132899999,70756.22470000,137,5378.95000000,50863.77620000,0,LINKUSDT,binance
2026-05-18 19:35:00+00:00,9.45,9.48,9.45,9.46,26458.51,1779133199999,250478.28500000,270,16961.60000000,160548.99980000,0,LINKUSDT,binance
2026-05-18 19:40:00+00:00,9.46,9.49,9.46,9.48,8313.98,1779133499999,78866.49440000,247,6224.21000000,59051.65280000,0,LINKUSDT,binance
2026-05-18 19:45:00+00:00,9.49,9.51,9.48,9.5,20969.27,1779133799999,199160.21470000,329,9979.64000000,94793.67680000,0,LINKUSDT,binance
2026-05-18 19:50:00+00:00,9.51,9.54,9.5,9.52,25970.94,1779134099999,247117.51710000,360,21268.13000000,202359.99770000,0,LINKUSDT,binance
2026-05-18 19:55:00+00:00,9.51,9.53,9.5,9.51,10933.43,1779134399999,104035.74020000,249,4686.86000000,44589.82870000,0,LINKUSDT,binance
2026-05-18 20:00:00+00:00,9.52,9.54,9.51,9.51,11315.46,1779134699999,107838.15560000,268,3980.77000000,37939.82900000,0,LINKUSDT,binance
2026-05-18 20:05:00+00:00,9.52,9.53,9.5,9.53,4053.81,1779134999999,38581.10730000,162,2589.48000000,24652.43150000,0,LINKUSDT,binance
2026-05-18 20:10:00+00:00,9.53,9.55,9.52,9.53,5915.71,1779135299999,56403.00770000,191,3059.37000000,29172.44230000,0,LINKUSDT,binance
2026-05-18 20:15:00+00:00,9.54,9.55,9.52,9.52,7015.91,1779135599999,66893.52080000,135,2556.34000000,24384.68930000,0,LINKUSDT,binance
2026-05-18 20:20:00+00:00,9.53,9.53,9.51,9.52,17531.5,1779135899999,166903.24320000,100,15970.62000000,152044.17530000,0,LINKUSDT,binance
2026-05-18 20:25:00+00:00,9.53,9.54,9.52,9.53,2058.04,1779136199999,19613.81170000,120,2012.36000000,19178.60440000,0,LINKUSDT,binance
2026-05-18 20:30:00+00:00,9.54,9.55,9.52,9.53,4172.55,1779136499999,39775.49410000,162,2165.74000000,20643.37060000,0,LINKUSDT,binance
2026-05-18 20:35:00+00:00,9.53,9.53,9.51,9.51,1691.36,1779136799999,16113.17090000,72,822.16000000,7834.54700000,0,LINKUSDT,binance
2026-05-18 20:40:00+00:00,9.52,9.52,9.49,9.5,3437.74,1779137099999,32661.45150000,109,2203.77000000,20935.88820000,0,LINKUSDT,binance
2026-05-18 20:45:00+00:00,9.5,9.5,9.47,9.47,1443.61,1779137399999,13697.27290000,80,33.20000000,315.06800000,0,LINKUSDT,binance
2026-05-18 20:50:00+00:00,9.48,9.49,9.47,9.49,4197.54,1779137699999,39787.50040000,102,2474.47000000,23458.62420000,0,LINKUSDT,binance
2026-05-18 20:55:00+00:00,9.48,9.5,9.47,9.48,4904.76,1779137999999,46554.05760000,93,2516.10000000,23894.25000000,0,LINKUSDT,binance
2026-05-18 21:00:00+00:00,9.49,9.49,9.47,9.48,5681.9,1779138299999,53864.60720000,82,2194.10000000,20800.32110000,0,LINKUSDT,binance
2026-05-18 21:05:00+00:00,9.48,9.49,9.47,9.48,4535.69,1779138599999,42976.51070000,82,468.90000000,4445.27410000,0,LINKUSDT,binance
2026-05-18 21:10:00+00:00,9.49,9.51,9.47,9.5,9104.68,1779138899999,86380.81110000,193,5738.16000000,54440.40390000,0,LINKUSDT,binance
2026-05-18 21:15:00+00:00,9.51,9.52,9.5,9.51,3741.92,1779139199999,35574.21010000,128,1079.54000000,10266.46690000,0,LINKUSDT,binance
2026-05-18 21:20:00+00:00,9.51,9.53,9.5,9.52,5678.14,1779139499999,54019.66470000,135,2712.44000000,25802.77520000,0,LINKUSDT,binance
2026-05-18 21:25:00+00:00,9.51,9.54,9.51,9.54,1925.98,1779139799999,18356.01590000,130,684.57000000,6522.49450000,0,LINKUSDT,binance
2026-05-18 21:30:00+00:00,9.53,9.58,9.53,9.55,13839.36,1779140099999,132360.42400000,453,8860.15000000,84724.55470000,0,LINKUSDT,binance
2026-05-18 21:35:00+00:00,9.56,9.58,9.55,9.57,18153.55,1779140399999,173663.76390000,180,10940.42000000,104644.29580000,0,LINKUSDT,binance
2026-05-18 21:40:00+00:00,9.57,9.59,9.56,9.58,2678.52,1779140699999,25645.55810000,94,1432.45000000,13714.32730000,0,LINKUSDT,binance
2026-05-18 21:45:00+00:00,9.57,9.58,9.56,9.56,579.38,1779140999999,5544.12030000,45,55.15000000,527.97530000,0,LINKUSDT,binance
2026-05-18 21:50:00+00:00,9.57,9.58,9.56,9.57,4501.57,1779141299999,43082.75840000,95,4464.60000000,42729.23640000,0,LINKUSDT,binance
2026-05-18 21:55:00+00:00,9.57,9.58,9.56,9.57,8743.2,1779141599999,83720.53860000,138,1651.30000000,15814.22040000,0,LINKUSDT,binance
2026-05-18 22:00:00+00:00,9.58,9.59,9.56,9.57,15113.38,1779141899999,144672.74570000,231,5554.99000000,53185.41340000,0,LINKUSDT,binance
2026-05-18 22:05:00+00:00,9.57,9.59,9.57,9.58,15768.16,1779142199999,151057.68470000,197,8201.71000000,78572.36210000,0,LINKUSDT,binance
2026-05-18 22:10:00+00:00,9.57,9.59,9.57,9.58,14409.99,1779142499999,138104.60370000,143,8277.81000000,79329.64340000,0,LINKUSDT,binance
2026-05-18 22:15:00+00:00,9.58,9.62,9.58,9.61,15268.0,1779142799999,146628.91930000,303,9379.12000000,90069.54070000,0,LINKUSDT,binance
2026-05-18 22:20:00+00:00,9.61,9.61,9.6,9.61,3189.38,1779143099999,30646.02060000,101,1414.45000000,13592.86450000,0,LINKUSDT,binance
2026-05-18 22:25:00+00:00,9.6,9.61,9.59,9.6,2663.58,1779143399999,25569.18970000,45,316.23000000,3038.96500000,0,LINKUSDT,binance
2026-05-18 22:30:00+00:00,9.6,9.6,9.58,9.58,3397.41,1779143699999,32586.92070000,95,2242.68000000,21518.21710000,0,LINKUSDT,binance
2026-05-18 22:35:00+00:00,9.58,9.6,9.58,9.6,3520.11,1779143999999,33758.50120000,62,2582.83000000,24769.99900000,0,LINKUSDT,binance
2026-05-18 22:40:00+00:00,9.6,9.6,9.56,9.57,22971.75,1779144299999,220005.42020000,319,10143.25000000,97111.35030000,0,LINKUSDT,binance
2026-05-18 22:45:00+00:00,9.57,9.57,9.55,9.56,1528.19,1779144599999,14617.13420000,91,804.15000000,7694.60860000,0,LINKUSDT,binance
2026-05-18 22:50:00+00:00,9.56,9.57,9.55,9.57,8088.64,1779144899999,77346.34830000,204,4006.32000000,38319.41650000,0,LINKUSDT,binance
2026-05-18 22:55:00+00:00,9.57,9.59,9.56,9.59,8424.21,1779145199999,80700.10750000,128,2837.51000000,27188.91470000,0,LINKUSDT,binance
2026-05-18 23:00:00+00:00,9.6,9.62,9.59,9.61,2937.92,1779145499999,28204.87810000,112,834.46000000,8011.26210000,0,LINKUSDT,binance
2026-05-18 23:05:00+00:00,9.61,9.61,9.59,9.6,5434.73,1779145799999,52173.43160000,83,2157.33000000,20710.43010000,0,LINKUSDT,binance
2026-05-18 23:10:00+00:00,9.61,9.62,9.6,9.61,2857.39,1779146099999,27459.39470000,101,1881.30000000,18079.31370000,0,LINKUSDT,binance
2026-05-18 23:15:00+00:00,9.61,9.61,9.58,9.59,1516.97,1779146399999,14556.11850000,72,130.46000000,1252.44360000,0,LINKUSDT,binance
2026-05-18 23:20:00+00:00,9.59,9.6,9.58,9.6,3796.67,1779146699999,36421.63950000,86,3223.41000000,30918.68520000,0,LINKUSDT,binance
2026-05-18 23:25:00+00:00,9.59,9.6,9.59,9.59,1425.13,1779146999999,13680.59110000,50,901.61000000,8655.45600000,0,LINKUSDT,binance
2026-05-18 23:30:00+00:00,9.6,9.6,9.58,9.6,4999.26,1779147299999,47947.34180000,99,2599.09000000,24929.75820000,0,LINKUSDT,binance
2026-05-18 23:35:00+00:00,9.59,9.61,9.59,9.6,5729.75,1779147599999,55005.51770000,76,2818.41000000,27056.80790000,0,LINKUSDT,binance
2026-05-18 23:40:00+00:00,9.61,9.62,9.6,9.61,2425.24,1779147899999,23317.53410000,108,1700.82000000,16356.23660000,0,LINKUSDT,binance
2026-05-18 23:45:00+00:00,9.61,9.62,9.59,9.6,6453.01,1779148199999,61984.66030000,153,3784.70000000,36354.84990000,0,LINKUSDT,binance
2026-05-18 23:50:00+00:00,9.61,9.61,9.58,9.59,3952.85,1779148499999,37911.54790000,95,1893.46000000,18160.03450000,0,LINKUSDT,binance
2026-05-18 23:55:00+00:00,9.59,9.61,9.59,9.6,3064.72,1779148799999,29423.46590000,47,2859.43000000,27452.81480000,0,LINKUSDT,binance
2026-05-19 00:00:00+00:00,9.61,9.71,9.6,9.6,57043.79,1779149099999,549682.00440000,1106,33961.03000000,327549.91470000,0,LINKUSDT,binance
2026-05-19 00:05:00+00:00,9.61,9.63,9.6,9.62,11492.71,1779149399999,110528.67880000,207,9231.09000000,88772.20340000,0,LINKUSDT,binance
2026-05-19 00:10:00+00:00,9.62,9.64,9.62,9.63,16242.73,1779149699999,156471.95180000,223,15005.21000000,144557.96070000,0,LINKUSDT,binance
2026-05-19 00:15:00+00:00,9.62,9.65,9.62,9.65,11904.18,1779149999999,114736.06730000,174,8451.88000000,81459.18270000,0,LINKUSDT,binance
2026-05-19 00:20:00+00:00,9.65,9.68,9.64,9.65,18938.35,1779150299999,182923.87240000,477,12366.79000000,119447.32610000,0,LINKUSDT,binance
2026-05-19 00:25:00+00:00,9.66,9.67,9.65,9.66,4129.25,1779150599999,39887.98710000,80,2421.40000000,23391.41220000,0,LINKUSDT,binance
2026-05-19 00:30:00+00:00,9.67,9.67,9.65,9.66,6663.92,1779150899999,64397.68080000,172,4461.09000000,43117.49430000,0,LINKUSDT,binance
2026-05-19 00:35:00+00:00,9.66,9.67,9.64,9.64,4065.9,1779151199999,39270.63720000,100,1329.13000000,12839.40410000,0,LINKUSDT,binance
2026-05-19 00:40:00+00:00,9.65,9.66,9.64,9.66,4832.67,1779151499999,46634.27490000,107,4108.54000000,39647.50070000,0,LINKUSDT,binance
2026-05-19 00:45:00+00:00,9.66,9.67,9.65,9.67,3340.1,1779151799999,32271.80750000,154,2305.67000000,22277.99550000,0,LINKUSDT,binance
2026-05-19 00:50:00+00:00,9.68,9.69,9.66,9.67,11084.98,1779152099999,107203.32600000,197,8801.44000000,85114.56150000,0,LINKUSDT,binance
2026-05-19 00:55:00+00:00,9.67,9.67,9.65,9.66,13712.5,1779152399999,132453.61830000,200,2167.30000000,20942.58580000,0,LINKUSDT,binance
2026-05-19 01:00:00+00:00,9.66,9.66,9.63,9.64,19141.55,1779152699999,184537.75440000,220,9387.96000000,90510.86240000,0,LINKUSDT,binance
2026-05-19 01:05:00+00:00,9.65,9.66,9.63,9.66,14202.87,1779152999999,137014.93090000,181,8990.49000000,86725.32930000,0,LINKUSDT,binance
2026-05-19 01:10:00+00:00,9.65,9.66,9.64,9.65,6719.81,1779153299999,64856.86100000,127,3049.60000000,29439.36350000,0,LINKUSDT,binance
2026-05-19 01:15:00+00:00,9.65,9.65,9.63,9.65,14125.85,1779153599999,136212.86950000,236,7790.51000000,75119.15120000,0,LINKUSDT,binance
2026-05-19 01:20:00+00:00,9.64,9.64,9.62,9.63,8909.02,1779153899999,85819.76200000,135,2874.10000000,27684.63760000,0,LINKUSDT,binance
2026-05-19 01:25:00+00:00,9.62,9.63,9.6,9.61,13219.07,1779154199999,127048.90990000,348,7395.60000000,71072.63070000,0,LINKUSDT,binance
2026-05-19 01:30:00+00:00,9.61,9.64,9.6,9.64,6798.25,1779154499999,65407.27010000,212,3256.80000000,31339.52950000,0,LINKUSDT,binance
2026-05-19 01:35:00+00:00,9.63,9.66,9.63,9.64,13717.99,1779154799999,132267.76360000,192,10722.70000000,103392.03450000,0,LINKUSDT,binance
2026-05-19 01:40:00+00:00,9.64,9.65,9.63,9.65,7744.89,1779155099999,74714.71550000,140,3409.91000000,32883.13880000,0,LINKUSDT,binance
2026-05-19 01:45:00+00:00,9.64,9.65,9.62,9.63,5582.27,1779155399999,53796.37350000,167,1672.70000000,16125.34620000,0,LINKUSDT,binance
2026-05-19 01:50:00+00:00,9.63,9.64,9.62,9.63,5502.18,1779155699999,52986.10470000,171,3405.50000000,32795.09240000,0,LINKUSDT,binance
2026-05-19 01:55:00+00:00,9.63,9.63,9.61,9.61,3740.05,1779155999999,36006.80180000,126,455.67000000,4388.01520000,0,LINKUSDT,binance
2026-05-19 02:00:00+00:00,9.61,9.62,9.58,9.59,16904.99,1779156299999,162333.48380000,409,8094.89000000,77728.57720000,0,LINKUSDT,binance
2026-05-19 02:05:00+00:00,9.59,9.62,9.59,9.6,10579.5,1779156599999,101618.32020000,253,2037.64000000,19571.57290000,0,LINKUSDT,binance
2026-05-19 02:10:00+00:00,9.61,9.62,9.6,9.62,5388.48,1779156899999,51784.50270000,207,2563.16000000,24634.16210000,0,LINKUSDT,binance
2026-05-19 02:15:00+00:00,9.61,9.64,9.61,9.64,2054.73,1779157199999,19773.08300000,109,890.76000000,8574.81000000,0,LINKUSDT,binance
2026-05-19 02:20:00+00:00,9.64,9.68,9.64,9.68,13193.58,1779157499999,127536.64730000,233,9197.38000000,88922.59650000,0,LINKUSDT,binance
2026-05-19 02:25:00+00:00,9.68,9.69,9.67,9.67,6722.67,1779157799999,65070.89000000,198,2977.13000000,28817.96720000,0,LINKUSDT,binance
2026-05-19 02:30:00+00:00,9.67,9.67,9.65,9.65,3462.34,1779158099999,33444.74300000,156,499.93000000,4830.10960000,0,LINKUSDT,binance
2026-05-19 02:35:00+00:00,9.65,9.66,9.64,9.66,5878.68,1779158399999,56724.24600000,112,3432.70000000,33128.44220000,0,LINKUSDT,binance
2026-05-19 02:40:00+00:00,9.65,9.66,9.65,9.65,4320.51,1779158699999,41693.05560000,133,861.03000000,8309.07360000,0,LINKUSDT,binance
2026-05-19 02:45:00+00:00,9.66,9.66,9.65,9.65,3636.84,1779158999999,35123.05820000,103,1668.28000000,16115.58480000,0,LINKUSDT,binance
2026-05-19 02:50:00+00:00,9.66,9.67,9.64,9.64,7109.51,1779159299999,68647.35540000,182,1908.32000000,18427.08500000,0,LINKUSDT,binance
2026-05-19 02:55:00+00:00,9.64,9.65,9.64,9.64,966.61,1779159599999,9321.04890000,51,648.83000000,6257.64970000,0,LINKUSDT,binance
2026-05-19 03:00:00+00:00,9.65,9.65,9.64,9.65,10024.01,1779159899999,96637.15890000,108,5242.53000000,50543.69170000,0,LINKUSDT,binance
2026-05-19 03:05:00+00:00,9.65,9.67,9.64,9.66,18641.09,1779160199999,180164.27800000,161,17832.97000000,172358.59370000,0,LINKUSDT,binance
2026-05-19 03:10:00+00:00,9.67,9.69,9.66,9.67,8732.64,1779160499999,84524.01560000,149,5353.29000000,51818.57090000,0,LINKUSDT,binance
2026-05-19 03:15:00+00:00,9.67,9.71,9.67,9.69,9548.7,1779160799999,92541.17240000,222,3699.35000000,35854.40030000,0,LINKUSDT,binance
2026-05-19 03:20:00+00:00,9.68,9.69,9.67,9.67,8236.75,1779161099999,79771.35980000,126,6184.78000000,59904.11250000,0,LINKUSDT,binance
2026-05-19 03:25:00+00:00,9.67,9.69,9.67,9.69,6501.96,1779161399999,62986.34310000,111,5538.47000000,53651.06680000,0,LINKUSDT,binance
2026-05-19 03:30:00+00:00,9.69,9.71,9.69,9.7,6662.87,1779161699999,64638.32910000,122,4450.88000000,43185.80000000,0,LINKUSDT,binance
2026-05-19 03:35:00+00:00,9.71,9.72,9.7,9.72,13384.49,1779161999999,129984.79590000,169,10133.11000000,98414.24090000,0,LINKUSDT,binance
2026-05-19 03:40:00+00:00,9.72,9.73,9.71,9.73,8412.58,1779162299999,81769.83380000,205,4437.93000000,43136.81290000,0,LINKUSDT,binance
2026-05-19 03:45:00+00:00,9.73,9.73,9.72,9.73,2481.48,1779162599999,24133.14070000,80,1823.53000000,17737.86670000,0,LINKUSDT,binance
2026-05-19 03:50:00+00:00,9.73,9.73,9.71,9.71,10607.14,1779162899999,103145.18860000,129,7153.60000000,69578.87090000,0,LINKUSDT,binance
2026-05-19 03:55:00+00:00,9.71,9.71,9.7,9.71,1331.1,1779163199999,12923.48410000,51,756.32000000,7343.86720000,0,LINKUSDT,binance
2026-05-19 04:00:00+00:00,9.71,9.71,9.68,9.71,9134.27,1779163499999,88580.58290000,185,4099.82000000,39756.08290000,0,LINKUSDT,binance
2026-05-19 04:05:00+00:00,9.7,9.73,9.7,9.72,2541.8,1779163799999,24687.23710000,93,1120.20000000,10883.77790000,0,LINKUSDT,binance
2026-05-19 04:10:00+00:00,9.72,9.74,9.72,9.74,2917.66,1779164099999,28393.31510000,101,1387.09000000,13501.55370000,0,LINKUSDT,binance
2026-05-19 04:15:00+00:00,9.73,9.74,9.71,9.71,7502.44,1779164399999,72981.84020000,192,2654.53000000,25827.31950000,0,LINKUSDT,binance
2026-05-19 04:20:00+00:00,9.71,9.72,9.69,9.69,3576.95,1779164699999,34704.20590000,120,1537.92000000,14922.61820000,0,LINKUSDT,binance
2026-05-19 04:25:00+00:00,9.69,9.69,9.66,9.67,3963.26,1779164999999,38343.63810000,140,554.93000000,5368.07280000,0,LINKUSDT,binance
2026-05-19 04:30:00+00:00,9.67,9.68,9.66,9.68,2237.47,1779165299999,21636.00150000,81,1132.52000000,10952.65060000,0,LINKUSDT,binance
2026-05-19 04:35:00+00:00,9.67,9.71,9.67,9.71,12724.0,1779165599999,123376.35320000,178,8477.87000000,82189.14150000,0,LINKUSDT,binance
2026-05-19 04:40:00+00:00,9.71,9.73,9.71,9.72,5738.57,1779165899999,55763.48870000,112,1254.86000000,12193.67870000,0,LINKUSDT,binance
2026-05-19 04:45:00+00:00,9.72,9.74,9.71,9.74,6134.37,1779166199999,59647.81460000,76,5213.66000000,50700.23540000,0,LINKUSDT,binance
2026-05-19 04:50:00+00:00,9.73,9.74,9.72,9.74,3539.41,1779166499999,34446.26480000,67,937.47000000,9130.05560000,0,LINKUSDT,binance
2026-05-19 04:55:00+00:00,9.73,9.74,9.72,9.74,1549.23,1779166799999,15075.75680000,43,919.26000000,8946.15770000,0,LINKUSDT,binance
2026-05-19 05:00:00+00:00,9.74,9.74,9.72,9.73,3446.94,1779167099999,33546.71560000,66,1602.60000000,15602.03540000,0,LINKUSDT,binance
2026-05-19 05:05:00+00:00,9.74,9.74,9.73,9.74,2300.35,1779167399999,22383.44210000,63,476.19000000,4634.36530000,0,LINKUSDT,binance
2026-05-19 05:10:00+00:00,9.74,9.74,9.7,9.71,1878.47,1779167699999,18248.41730000,95,439.83000000,4271.07770000,0,LINKUSDT,binance
2026-05-19 05:15:00+00:00,9.71,9.71,9.69,9.69,4684.44,1779167999999,45448.78730000,113,3874.60000000,37593.29960000,0,LINKUSDT,binance
2026-05-19 05:20:00+00:00,9.69,9.7,9.67,9.67,3476.43,1779168299999,33655.19610000,164,1106.88000000,10716.73430000,0,LINKUSDT,binance
2026-05-19 05:25:00+00:00,9.68,9.71,9.67,9.71,5562.37,1779168599999,53847.27770000,144,4385.19000000,42460.74360000,0,LINKUSDT,binance
2026-05-19 05:30:00+00:00,9.7,9.73,9.7,9.73,1346.42,1779168899999,13077.73730000,78,867.39000000,8428.95670000,0,LINKUSDT,binance
2026-05-19 05:35:00+00:00,9.72,9.77,9.71,9.76,92134.5,1779169199999,898328.17780000,557,80273.73000000,782677.38520000,0,LINKUSDT,binance
2026-05-19 05:40:00+00:00,9.76,9.77,9.73,9.74,15593.6,1779169499999,152143.79970000,183,7345.23000000,71731.02610000,0,LINKUSDT,binance
2026-05-19 05:45:00+00:00,9.74,9.76,9.73,9.76,4912.01,1779169799999,47815.86140000,126,2667.83000000,25963.96430000,0,LINKUSDT,binance
2026-05-19 05:50:00+00:00,9.75,9.77,9.75,9.75,11266.48,1779170099999,109936.58220000,134,4547.09000000,44386.59420000,0,LINKUSDT,binance
2026-05-19 05:55:00+00:00,9.75,9.76,9.74,9.75,1560.15,1779170399999,15212.98410000,100,1069.37000000,10427.89440000,0,LINKUSDT,binance
2026-05-19 06:00:00+00:00,9.75,9.77,9.74,9.76,10571.43,1779170699999,103083.95230000,178,4909.92000000,47882.31240000,0,LINKUSDT,binance
2026-05-19 06:05:00+00:00,9.76,9.76,9.75,9.76,16908.33,1779170999999,165016.36850000,254,8863.18000000,86501.39710000,0,LINKUSDT,binance
2026-05-19 06:10:00+00:00,9.76,9.77,9.75,9.77,3626.02,1779171299999,35399.55040000,88,2743.23000000,26783.72480000,0,LINKUSDT,binance
2026-05-19 06:15:00+00:00,9.77,9.77,9.74,9.75,8460.06,1779171599999,82508.36030000,148,3269.14000000,31877.19840000,0,LINKUSDT,binance
2026-05-19 06:20:00+00:00,9.74,9.75,9.74,9.75,1503.08,1779171899999,14650.34660000,23,1034.74000000,10088.71500000,0,LINKUSDT,binance
2026-05-19 06:25:00+00:00,9.74,9.76,9.74,9.75,8730.38,1779172199999,85161.60010000,188,4313.72000000,42093.42250000,0,LINKUSDT,binance
2026-05-19 06:30:00+00:00,9.76,9.77,9.75,9.76,12142.01,1779172499999,118510.18080000,187,7059.83000000,68913.16690000,0,LINKUSDT,binance
2026-05-19 06:35:00+00:00,9.77,9.78,9.74,9.78,3533.36,1779172799999,34491.15650000,143,3101.36000000,30277.26410000,0,LINKUSDT,binance
2026-05-19 06:40:00+00:00,9.77,9.79,9.76,9.78,4407.92,1779173099999,43099.14280000,107,3476.11000000,33994.16800000,0,LINKUSDT,binance
2026-05-19 06:45:00+00:00,9.78,9.79,9.76,9.77,10713.85,1779173399999,104671.34710000,246,5733.76000000,56013.31000000,0,LINKUSDT,binance
2026-05-19 06:50:00+00:00,9.76,9.78,9.76,9.77,3417.96,1779173699999,33386.87500000,114,1414.63000000,13821.42160000,0,LINKUSDT,binance
2026-05-19 06:55:00+00:00,9.77,9.78,9.77,9.78,1611.94,1779173999999,15761.59600000,36,1294.22000000,12657.47160000,0,LINKUSDT,binance
2026-05-19 07:00:00+00:00,9.77,9.77,9.74,9.76,5789.96,1779174299999,56524.10800000,193,1119.24000000,10923.99940000,0,LINKUSDT,binance
2026-05-19 07:05:00+00:00,9.75,9.8,9.75,9.79,12196.73,1779174599999,119178.92930000,295,5657.70000000,55331.68020000,0,LINKUSDT,binance
2026-05-19 07:10:00+00:00,9.79,9.79,9.76,9.78,5332.06,1779174899999,52132.74450000,216,2980.45000000,29140.96630000,0,LINKUSDT,binance
2026-05-19 07:15:00+00:00,9.79,9.79,9.76,9.78,6715.33,1779175199999,65650.48450000,103,5079.60000000,49664.51980000,0,LINKUSDT,binance
2026-05-19 07:20:00+00:00,9.78,9.79,9.75,9.77,7412.14,1779175499999,72426.58100000,216,1862.94000000,18200.63520000,0,LINKUSDT,binance
2026-05-19 07:25:00+00:00,9.76,9.78,9.75,9.77,6919.49,1779175799999,67552.35400000,153,3010.45000000,29388.22040000,0,LINKUSDT,binance
2026-05-19 07:30:00+00:00,9.78,9.79,9.77,9.79,8112.88,1779176099999,79371.13690000,138,5873.96000000,57473.68290000,0,LINKUSDT,binance
2026-05-19 07:35:00+00:00,9.79,9.81,9.78,9.8,7532.5,1779176399999,73788.43020000,294,4100.12000000,40172.25690000,0,LINKUSDT,binance
2026-05-19 07:40:00+00:00,9.8,9.81,9.79,9.81,5352.56,1779176699999,52489.44450000,95,4111.97000000,40331.69630000,0,LINKUSDT,binance
2026-05-19 07:45:00+00:00,9.8,9.83,9.79,9.81,8076.71,1779176999999,79295.04160000,248,6276.08000000,61632.31530000,0,LINKUSDT,binance
2026-05-19 07:50:00+00:00,9.81,9.82,9.79,9.79,5927.77,1779177299999,58168.89110000,206,1868.45000000,18335.41560000,0,LINKUSDT,binance
2026-05-19 07:55:00+00:00,9.8,9.81,9.79,9.8,1161.23,1779177599999,11379.41730000,53,860.78000000,8437.18820000,0,LINKUSDT,binance
2026-05-19 08:00:00+00:00,9.8,9.8,9.76,9.76,9197.76,1779177899999,89920.91670000,254,4333.50000000,42357.78890000,0,LINKUSDT,binance
2026-05-19 08:05:00+00:00,9.77,9.77,9.73,9.74,3835.15,1779178199999,37399.54230000,179,2055.03000000,20036.60430000,0,LINKUSDT,binance
2026-05-19 08:10:00+00:00,9.74,9.74,9.72,9.74,1701.11,1779178499999,16552.70250000,122,415.90000000,4047.05840000,0,LINKUSDT,binance
2026-05-19 08:15:00+00:00,9.73,9.76,9.73,9.75,6847.75,1779178799999,66719.13680000,142,4504.86000000,43886.70460000,0,LINKUSDT,binance
2026-05-19 08:20:00+00:00,9.76,9.76,9.73,9.74,2093.51,1779179099999,20387.23840000,69,563.85000000,5492.99960000,0,LINKUSDT,binance
2026-05-19 08:25:00+00:00,9.73,9.74,9.71,9.73,20034.89,1779179399999,194758.97460000,325,2762.77000000,26874.14400000,0,LINKUSDT,binance
2026-05-19 08:30:00+00:00,9.73,9.75,9.73,9.75,5273.93,1779179699999,51353.83260000,139,2877.73000000,28028.07870000,0,LINKUSDT,binance
2026-05-19 08:35:00+00:00,9.75,9.76,9.74,9.76,4045.91,1779179999999,39445.03850000,127,1606.63000000,15665.12430000,0,LINKUSDT,binance
2026-05-19 08:40:00+00:00,9.75,9.78,9.75,9.76,3528.24,1779180299999,34467.63900000,156,1841.66000000,17988.60660000,0,LINKUSDT,binance
2026-05-19 08:45:00+00:00,9.75,9.76,9.75,9.75,1897.0,1779180599999,18504.00310000,66,826.42000000,8065.84810000,0,LINKUSDT,binance
2026-05-19 08:50:00+00:00,9.75,9.76,9.75,9.76,1163.63,1779180899999,11345.45380000,77,933.34000000,9100.12630000,0,LINKUSDT,binance
2026-05-19 08:55:00+00:00,9.75,9.76,9.74,9.74,4361.16,1779181199999,42498.80450000,118,1305.10000000,12727.01580000,0,LINKUSDT,binance
2026-05-19 09:00:00+00:00,9.74,9.75,9.73,9.74,1602.1,1779181499999,15606.01750000,94,968.95000000,9439.34120000,0,LINKUSDT,binance
2026-05-19 09:05:00+00:00,9.74,9.74,9.72,9.73,1427.75,1779181799999,13896.96870000,82,642.00000000,6249.78860000,0,LINKUSDT,binance
2026-05-19 09:10:00+00:00,9.73,9.73,9.7,9.7,9925.85,1779182099999,96384.72110000,204,2460.17000000,23914.24280000,0,LINKUSDT,binance
2026-05-19 09:15:00+00:00,9.7,9.71,9.68,9.68,9484.14,1779182399999,91923.66960000,216,4834.36000000,46862.66090000,0,LINKUSDT,binance
2026-05-19 09:20:00+00:00,9.69,9.69,9.66,9.67,30866.82,1779182699999,298829.64570000,409,17369.20000000,168200.27510000,0,LINKUSDT,binance
2026-05-19 09:25:00+00:00,9.67,9.67,9.61,9.62,51569.17,1779182999999,496736.00460000,907,16168.36000000,155683.14910000,0,LINKUSDT,binance
2026-05-19 09:30:00+00:00,9.61,9.63,9.58,9.61,18699.42,1779183299999,179661.38560000,473,8607.14000000,82674.56330000,0,LINKUSDT,binance
2026-05-19 09:35:00+00:00,9.61,9.62,9.6,9.62,12010.14,1779183599999,115486.81300000,164,9538.10000000,91712.87430000,0,LINKUSDT,binance
2026-05-19 09:40:00+00:00,9.62,9.63,9.61,9.63,9825.95,1779183899999,94576.28860000,143,8890.49000000,85577.90200000,0,LINKUSDT,binance
2026-05-19 09:45:00+00:00,9.62,9.63,9.61,9.62,11640.35,1779184199999,111914.26420000,220,3934.97000000,37831.36990000,0,LINKUSDT,binance
2026-05-19 09:50:00+00:00,9.63,9.63,9.6,9.6,8175.77,1779184499999,78589.59830000,138,3142.72000000,30212.28320000,0,LINKUSDT,binance
2026-05-19 09:55:00+00:00,9.6,9.62,9.6,9.6,5995.06,1779184799999,57640.40970000,115,1408.32000000,13539.33530000,0,LINKUSDT,binance
2026-05-19 10:00:00+00:00,9.61,9.62,9.59,9.59,11519.17,1779185099999,110597.99180000,182,5442.66000000,52263.94510000,0,LINKUSDT,binance
2026-05-19 10:05:00+00:00,9.6,9.61,9.59,9.6,5642.46,1779185399999,54160.21950000,140,2874.83000000,27596.65720000,0,LINKUSDT,binance
2026-05-19 10:10:00+00:00,9.6,9.61,9.59,9.6,1137.97,1779185699999,10924.19140000,58,875.00000000,8400.53880000,0,LINKUSDT,binance
2026-05-19 10:15:00+00:00,9.6,9.61,9.58,9.6,4588.05,1779185999999,44011.08520000,130,590.90000000,5668.48670000,0,LINKUSDT,binance
2026-05-19 10:20:00+00:00,9.6,9.6,9.57,9.58,5508.17,1779186299999,52799.82510000,147,3791.01000000,36341.46240000,0,LINKUSDT,binance
2026-05-19 10:25:00+00:00,9.58,9.6,9.58,9.6,11698.85,1779186599999,112165.21530000,93,9010.46000000,86410.42730000,0,LINKUSDT,binance
2026-05-19 10:30:00+00:00,9.6,9.63,9.59,9.61,10677.75,1779186899999,102631.11240000,334,6771.55000000,65084.97060000,0,LINKUSDT,binance
2026-05-19 10:35:00+00:00,9.62,9.62,9.56,9.59,19403.85,1779187199999,186016.56840000,445,10507.37000000,100681.98690000,0,LINKUSDT,binance
2026-05-19 10:40:00+00:00,9.6,9.6,9.56,9.57,7454.0,1779187499999,71434.76680000,220,1558.99000000,14932.27260000,0,LINKUSDT,binance
2026-05-19 10:45:00+00:00,9.56,9.6,9.55,9.57,12891.78,1779187799999,123399.38130000,390,5602.95000000,53623.05380000,0,LINKUSDT,binance
2026-05-19 10:50:00+00:00,9.58,9.6,9.57,9.58,2638.54,1779188099999,25280.09340000,130,1864.22000000,17861.31160000,0,LINKUSDT,binance
2026-05-19 10:55:00+00:00,9.59,9.62,9.58,9.61,5891.38,1779188399999,56529.35730000,162,4531.76000000,43480.57570000,0,LINKUSDT,binance
2026-05-19 11:00:00+00:00,9.61,9.62,9.6,9.61,21136.94,1779188699999,203126.17900000,284,15748.54000000,151343.74240000,0,LINKUSDT,binance
2026-05-19 11:05:00+00:00,9.61,9.62,9.6,9.62,341.99,1779188999999,3286.82860000,35,248.80000000,2391.58760000,0,LINKUSDT,binance
2026-05-19 11:10:00+00:00,9.61,9.61,9.59,9.59,5540.88,1779189299999,53201.22530000,111,3713.65000000,35651.28780000,0,LINKUSDT,binance
2026-05-19 11:15:00+00:00,9.59,9.6,9.59,9.59,3012.62,1779189599999,28893.10280000,80,2653.99000000,25453.84110000,0,LINKUSDT,binance
2026-05-19 11:20:00+00:00,9.58,9.58,9.56,9.57,7738.82,1779189899999,74063.17210000,157,3489.95000000,33400.60010000,0,LINKUSDT,binance
2026-05-19 11:25:00+00:00,9.57,9.58,9.56,9.58,2572.74,1779190199999,24621.98250000,84,2383.92000000,22815.18960000,0,LINKUSDT,binance
2026-05-19 11:30:00+00:00,9.58,9.59,9.57,9.58,2644.57,1779190499999,25319.83490000,83,279.65000000,2679.10920000,0,LINKUSDT,binance
2026-05-19 11:35:00+00:00,9.58,9.59,9.56,9.56,7110.39,1779190799999,68026.09260000,135,1388.93000000,13306.42060000,0,LINKUSDT,binance
2026-05-19 11:40:00+00:00,9.55,9.56,9.53,9.54,11727.01,1779191099999,111979.14800000,243,6151.15000000,58739.53360000,0,LINKUSDT,binance
2026-05-19 11:45:00+00:00,9.54,9.56,9.54,9.56,10927.13,1779191399999,104355.98760000,163,3910.41000000,37347.26360000,0,LINKUSDT,binance
2026-05-19 11:50:00+00:00,9.55,9.56,9.54,9.55,1929.64,1779191699999,18424.20120000,74,908.22000000,8673.51540000,0,LINKUSDT,binance
2026-05-19 11:55:00+00:00,9.54,9.56,9.54,9.54,1644.95,1779191999999,15701.58860000,85,435.71000000,4161.38550000,0,LINKUSDT,binance
2026-05-19 12:00:00+00:00,9.54,9.55,9.52,9.55,5962.26,1779192299999,56861.45600000,224,4026.22000000,38393.03950000,0,LINKUSDT,binance
2026-05-19 12:05:00+00:00,9.55,9.56,9.54,9.55,4854.71,1779192599999,46333.11160000,104,1719.00000000,16416.43740000,0,LINKUSDT,binance
2026-05-19 12:10:00+00:00,9.54,9.56,9.54,9.56,5649.57,1779192899999,53941.11560000,121,796.38000000,7605.54900000,0,LINKUSDT,binance
2026-05-19 12:15:00+00:00,9.56,9.58,9.55,9.56,6683.29,1779193199999,63913.26600000,158,4093.33000000,39153.26000000,0,LINKUSDT,binance
2026-05-19 12:20:00+00:00,9.56,9.57,9.55,9.57,2524.41,1779193499999,24150.80120000,51,1841.11000000,17618.46060000,0,LINKUSDT,binance
2026-05-19 12:25:00+00:00,9.56,9.57,9.55,9.56,4531.23,1779193799999,43318.27360000,85,998.06000000,9542.73470000,0,LINKUSDT,binance
2026-05-19 12:30:00+00:00,9.55,9.57,9.55,9.55,4517.69,1779194099999,43201.69750000,164,3301.97000000,31581.87840000,0,LINKUSDT,binance
2026-05-19 12:35:00+00:00,9.56,9.57,9.55,9.56,2372.97,1779194399999,22686.01510000,113,753.29000000,7202.00370000,0,LINKUSDT,binance
2026-05-19 12:40:00+00:00,9.55,9.57,9.55,9.55,2693.59,1779194699999,25749.83770000,81,1166.77000000,11156.24640000,0,LINKUSDT,binance
2026-05-19 12:45:00+00:00,9.55,9.57,9.55,9.57,1792.13,1779194999999,17132.89060000,86,1510.42000000,14439.78590000,0,LINKUSDT,binance
2026-05-19 12:50:00+00:00,9.56,9.56,9.55,9.56,959.65,1779195299999,9173.66910000,44,819.60000000,7835.37600000,0,LINKUSDT,binance
2026-05-19 12:55:00+00:00,9.56,9.57,9.55,9.57,4167.22,1779195599999,39838.72400000,69,2215.32000000,21179.59790000,0,LINKUSDT,binance
2026-05-19 13:00:00+00:00,9.57,9.57,9.55,9.56,6128.2,1779195899999,58586.86000000,112,1602.83000000,15324.37480000,0,LINKUSDT,binance
2026-05-19 13:05:00+00:00,9.55,9.56,9.52,9.54,8005.2,1779196199999,76367.02470000,202,3430.93000000,32718.54690000,0,LINKUSDT,binance
2026-05-19 13:10:00+00:00,9.54,9.55,9.53,9.54,5428.86,1779196499999,51780.55660000,106,1526.28000000,14558.91000000,0,LINKUSDT,binance
2026-05-19 13:15:00+00:00,9.53,9.54,9.52,9.52,13542.81,1779196799999,129058.75960000,144,8386.21000000,79922.22450000,0,LINKUSDT,binance
2026-05-19 13:20:00+00:00,9.52,9.56,9.52,9.55,12726.78,1779197099999,121419.84640000,266,5941.09000000,56654.05980000,0,LINKUSDT,binance
2026-05-19 13:25:00+00:00,9.55,9.55,9.52,9.52,3832.26,1779197399999,36531.58580000,124,678.65000000,6467.64710000,0,LINKUSDT,binance
2026-05-19 13:30:00+00:00,9.53,9.59,9.53,9.58,13592.67,1779197699999,129691.96020000,559,9616.28000000,91752.80480000,0,LINKUSDT,binance
2026-05-19 13:35:00+00:00,9.58,9.62,9.58,9.6,11589.08,1779197999999,111313.26150000,439,4412.98000000,42378.02910000,0,LINKUSDT,binance
2026-05-19 13:40:00+00:00,9.6,9.6,9.55,9.55,6946.35,1779198299999,66570.77770000,347,4742.59000000,45462.24250000,0,LINKUSDT,binance
2026-05-19 13:45:00+00:00,9.56,9.6,9.55,9.59,16045.93,1779198599999,153859.94140000,413,11984.52000000,114936.03470000,0,LINKUSDT,binance
2026-05-19 13:50:00+00:00,9.58,9.61,9.58,9.61,9073.24,1779198899999,87059.35440000,210,3464.85000000,33252.93430000,0,LINKUSDT,binance
2026-05-19 13:55:00+00:00,9.61,9.62,9.57,9.58,12180.59,1779199199999,116963.99760000,220,3193.33000000,30640.58900000,0,LINKUSDT,binance
2026-05-19 14:00:00+00:00,9.57,9.59,9.54,9.59,10225.3,1779199499999,97713.41440000,447,3066.64000000,29313.81040000,0,LINKUSDT,binance
2026-05-19 14:05:00+00:00,9.59,9.59,9.53,9.55,11927.23,1779199799999,114040.69270000,340,5804.14000000,55516.53360000,0,LINKUSDT,binance
2026-05-19 14:10:00+00:00,9.55,9.56,9.52,9.52,7497.75,1779200099999,71498.69760000,360,3365.96000000,32099.86220000,0,LINKUSDT,binance
2026-05-19 14:15:00+00:00,9.52,9.53,9.49,9.5,24108.39,1779200399999,229245.62340000,559,9331.78000000,88722.45660000,0,LINKUSDT,binance
2026-05-19 14:20:00+00:00,9.51,9.51,9.48,9.49,17513.63,1779200699999,166231.09320000,508,7859.62000000,74588.28410000,0,LINKUSDT,binance
2026-05-19 14:25:00+00:00,9.49,9.52,9.49,9.5,4049.91,1779200999999,38465.40850000,262,1293.45000000,12287.46800000,0,LINKUSDT,binance
2026-05-19 14:30:00+00:00,9.5,9.5,9.47,9.48,5193.98,1779201299999,49312.59780000,286,2150.98000000,20422.33990000,0,LINKUSDT,binance
2026-05-19 14:35:00+00:00,9.48,9.52,9.48,9.52,7870.58,1779201599999,74749.38870000,171,3921.55000000,37242.14340000,0,LINKUSDT,binance
2026-05-19 14:40:00+00:00,9.52,9.53,9.5,9.5,9716.78,1779201899999,92415.25380000,264,3693.19000000,35136.55890000,0,LINKUSDT,binance
2026-05-19 14:45:00+00:00,9.5,9.5,9.43,9.47,28792.43,1779202199999,272313.75470000,764,14297.99000000,135192.42720000,0,LINKUSDT,binance
2026-05-19 14:50:00+00:00,9.47,9.48,9.46,9.47,12232.58,1779202499999,115835.21550000,409,3331.23000000,31546.78330000,0,LINKUSDT,binance
2026-05-19 14:55:00+00:00,9.47,9.49,9.47,9.49,6533.74,1779202799999,61918.30580000,126,2119.48000000,20103.06390000,0,LINKUSDT,binance
2026-05-19 15:00:00+00:00,9.49,9.52,9.48,9.52,7078.44,1779203099999,67177.33570000,230,4852.89000000,46056.61840000,0,LINKUSDT,binance
2026-05-19 15:05:00+00:00,9.52,9.52,9.5,9.5,9140.05,1779203399999,86912.05560000,162,3554.19000000,33802.52210000,0,LINKUSDT,binance
2026-05-19 15:10:00+00:00,9.51,9.51,9.5,9.51,2463.8,1779203699999,23413.50970000,107,1248.27000000,11865.97470000,0,LINKUSDT,binance
2026-05-19 15:15:00+00:00,9.51,9.53,9.5,9.5,27587.12,1779203999999,262534.58480000,403,22415.80000000,213356.16940000,0,LINKUSDT,binance
2026-05-19 15:20:00+00:00,9.49,9.49,9.46,9.47,6456.9,1779204299999,61238.02450000,199,2424.21000000,22993.71810000,0,LINKUSDT,binance
2026-05-19 15:25:00+00:00,9.47,9.49,9.47,9.49,6609.31,1779204599999,62642.89320000,139,6077.22000000,57602.31410000,0,LINKUSDT,binance
2026-05-19 15:30:00+00:00,9.48,9.52,9.48,9.51,11794.06,1779204899999,112033.22820000,293,6894.51000000,65485.79360000,0,LINKUSDT,binance
2026-05-19 15:35:00+00:00,9.5,9.5,9.49,9.5,6657.41,1779205199999,63234.26370000,129,2109.80000000,20038.52810000,0,LINKUSDT,binance
2026-05-19 15:40:00+00:00,9.5,9.51,9.48,9.5,7182.94,1779205499999,68139.86920000,158,1188.03000000,11275.66870000,0,LINKUSDT,binance
2026-05-19 15:45:00+00:00,9.5,9.5,9.47,9.48,3842.51,1779205799999,36453.62350000,120,1070.20000000,10153.22420000,0,LINKUSDT,binance
2026-05-19 15:50:00+00:00,9.49,9.5,9.48,9.49,4481.9,1779206099999,42527.75460000,116,2068.50000000,19630.71310000,0,LINKUSDT,binance
2026-05-19 15:55:00+00:00,9.5,9.5,9.48,9.49,2903.67,1779206399999,27547.90060000,119,1704.26000000,16168.90510000,0,LINKUSDT,binance
2026-05-19 16:00:00+00:00,9.49,9.5,9.49,9.5,3205.03,1779206699999,30429.39210000,99,2137.39000000,20295.41710000,0,LINKUSDT,binance
2026-05-19 16:05:00+00:00,9.49,9.5,9.47,9.47,3217.07,1779206999999,30525.13930000,138,1733.08000000,16447.07600000,0,LINKUSDT,binance
2026-05-19 16:10:00+00:00,9.47,9.5,9.47,9.49,5037.44,1779207299999,47786.61640000,149,3933.27000000,37314.84180000,0,LINKUSDT,binance
2026-05-19 16:15:00+00:00,9.5,9.51,9.49,9.51,18674.91,1779207599999,177444.14130000,241,16648.98000000,158193.96560000,0,LINKUSDT,binance
2026-05-19 16:20:00+00:00,9.51,9.51,9.5,9.5,2654.08,1779207899999,25214.93790000,120,1080.95000000,10270.20290000,0,LINKUSDT,binance
2026-05-19 16:25:00+00:00,9.51,9.52,9.5,9.5,2683.21,1779208199999,25515.59580000,95,1861.58000000,17703.63210000,0,LINKUSDT,binance
2026-05-19 16:30:00+00:00,9.5,9.53,9.5,9.53,6383.99,1779208499999,60795.23350000,183,3267.16000000,31103.89460000,0,LINKUSDT,binance
2026-05-19 16:35:00+00:00,9.53,9.54,9.52,9.53,7578.32,1779208799999,72274.90370000,180,6531.44000000,62298.15210000,0,LINKUSDT,binance
2026-05-19 16:40:00+00:00,9.53,9.54,9.52,9.54,3132.54,1779209099999,29853.32800000,94,2472.91000000,23567.10250000,0,LINKUSDT,binance
2026-05-19 16:45:00+00:00,9.54,9.55,9.52,9.53,4972.67,1779209399999,47422.96820000,195,2993.81000000,28549.62730000,0,LINKUSDT,binance
2026-05-19 16:50:00+00:00,9.53,9.56,9.53,9.55,1476.32,1779209699999,14096.41090000,101,1379.92000000,13175.80550000,0,LINKUSDT,binance
2026-05-19 16:55:00+00:00,9.56,9.56,9.54,9.56,13936.98,1779209999999,133083.87460000,112,3869.85000000,36963.58210000,0,LINKUSDT,binance
2026-05-19 17:00:00+00:00,9.56,9.57,9.54,9.56,2943.02,1779210299999,28113.37320000,91,1084.30000000,10362.68870000,0,LINKUSDT,binance
2026-05-19 17:05:00+00:00,9.56,9.57,9.54,9.55,12481.78,1779210599999,119350.58750000,148,7764.95000000,74258.43330000,0,LINKUSDT,binance
2026-05-19 17:10:00+00:00,9.55,9.55,9.54,9.54,1557.69,1779210899999,14875.52760000,98,963.75000000,9203.81250000,0,LINKUSDT,binance
2026-05-19 17:15:00+00:00,9.55,9.56,9.54,9.56,8924.99,1779211199999,85271.35570000,175,4878.14000000,46595.03680000,0,LINKUSDT,binance
2026-05-19 17:20:00+00:00,9.56,9.57,9.55,9.55,2734.15,1779211499999,26127.16080000,119,965.60000000,9231.58410000,0,LINKUSDT,binance
2026-05-19 17:25:00+00:00,9.54,9.54,9.52,9.52,786.03,1779211799999,7493.66580000,80,149.70000000,1427.66270000,0,LINKUSDT,binance
2026-05-19 17:30:00+00:00,9.52,9.53,9.5,9.5,1514.2,1779212099999,14412.43860000,107,561.41000000,5345.13890000,0,LINKUSDT,binance
2026-05-19 17:35:00+00:00,9.51,9.54,9.5,9.54,14011.13,1779212399999,133486.76090000,228,9579.14000000,91274.49800000,0,LINKUSDT,binance
2026-05-19 17:40:00+00:00,9.54,9.54,9.51,9.52,4106.54,1779212699999,39119.85680000,130,1922.08000000,18311.81810000,0,LINKUSDT,binance
2026-05-19 17:45:00+00:00,9.51,9.52,9.49,9.51,2409.02,1779212999999,22897.79010000,207,1246.01000000,11843.14820000,0,LINKUSDT,binance
2026-05-19 17:50:00+00:00,9.51,9.51,9.5,9.51,4366.22,1779213299999,41489.22340000,92,1484.06000000,14108.65190000,0,LINKUSDT,binance
2026-05-19 17:55:00+00:00,9.51,9.52,9.5,9.51,2919.18,1779213599999,27760.74350000,59,2835.15000000,26962.38080000,0,LINKUSDT,binance
2026-05-19 18:00:00+00:00,9.51,9.52,9.49,9.5,3765.2,1779213899999,35804.39940000,111,365.35000000,3473.59840000,0,LINKUSDT,binance
2026-05-19 18:05:00+00:00,9.5,9.52,9.5,9.52,4427.87,1779214199999,42110.42560000,109,2780.62000000,26445.70670000,0,LINKUSDT,binance
2026-05-19 18:10:00+00:00,9.52,9.53,9.51,9.53,6191.63,1779214499999,58999.74220000,61,6153.43000000,58636.33630000,0,LINKUSDT,binance
2026-05-19 18:15:00+00:00,9.52,9.52,9.51,9.51,4290.86,1779214799999,40818.45430000,164,2501.82000000,23794.19880000,0,LINKUSDT,binance
2026-05-19 18:20:00+00:00,9.51,9.52,9.48,9.5,10959.9,1779215099999,104136.02780000,247,2971.79000000,28245.90840000,0,LINKUSDT,binance
2026-05-19 18:25:00+00:00,9.49,9.5,9.47,9.48,5032.1,1779215399999,47723.56250000,194,2083.36000000,19753.11860000,0,LINKUSDT,binance
2026-05-19 18:30:00+00:00,9.48,9.5,9.47,9.49,16648.85,1779215699999,157902.01780000,311,8915.81000000,84488.67510000,0,LINKUSDT,binance
2026-05-19 18:35:00+00:00,9.49,9.5,9.49,9.5,5515.37,1779215999999,52359.40330000,59,1854.20000000,17614.90000000,0,LINKUSDT,binance
2026-05-19 18:40:00+00:00,9.5,9.51,9.49,9.5,626.93,1779216299999,5955.55330000,46,290.67000000,2761.38820000,0,LINKUSDT,binance
2026-05-19 18:45:00+00:00,9.5,9.52,9.49,9.51,8761.64,1779216599999,83300.35910000,127,6815.36000000,64798.70910000,0,LINKUSDT,binance
2026-05-19 18:50:00+00:00,9.5,9.51,9.49,9.49,2167.83,1779216899999,20595.20300000,85,1520.39000000,14444.67950000,0,LINKUSDT,binance
2026-05-19 18:55:00+00:00,9.49,9.49,9.48,9.49,2052.15,1779217199999,19474.30140000,82,977.51000000,9276.56990000,0,LINKUSDT,binance
2026-05-19 19:00:00+00:00,9.49,9.51,9.48,9.49,1213.58,1779217499999,11526.05340000,85,1072.31000000,10184.97890000,0,LINKUSDT,binance
2026-05-19 19:05:00+00:00,9.5,9.52,9.49,9.51,5986.71,1779217799999,56874.14730000,158,2692.52000000,25579.67040000,0,LINKUSDT,binance
2026-05-19 19:10:00+00:00,9.52,9.53,9.51,9.52,4349.96,1779218099999,41411.50260000,131,2849.85000000,27130.58900000,0,LINKUSDT,binance
2026-05-19 19:15:00+00:00,9.53,9.53,9.5,9.51,3819.37,1779218399999,36343.01270000,144,1014.99000000,9659.42920000,0,LINKUSDT,binance
2026-05-19 19:20:00+00:00,9.51,9.51,9.48,9.49,6823.42,1779218699999,64754.37490000,170,4243.62000000,40263.10770000,0,LINKUSDT,binance
2026-05-19 19:25:00+00:00,9.48,9.48,9.46,9.46,2647.06,1779218999999,25087.97890000,155,1259.67000000,11940.72750000,0,LINKUSDT,binance
2026-05-19 19:30:00+00:00,9.47,9.49,9.46,9.48,5042.5,1779219299999,47784.21170000,151,3368.45000000,31920.62890000,0,LINKUSDT,binance
2026-05-19 19:35:00+00:00,9.48,9.49,9.47,9.48,2245.35,1779219599999,21287.39230000,95,1392.48000000,13202.80310000,0,LINKUSDT,binance
2026-05-19 19:40:00+00:00,9.48,9.49,9.47,9.48,664.67,1779219899999,6300.74170000,76,385.69000000,3656.35270000,0,LINKUSDT,binance
2026-05-19 19:45:00+00:00,9.48,9.48,9.47,9.47,2048.5,1779220199999,19409.59730000,88,1463.04000000,13865.27430000,0,LINKUSDT,binance
2026-05-19 19:50:00+00:00,9.47,9.48,9.46,9.46,3228.56,1779220499999,30573.87960000,111,1760.75000000,16674.57180000,0,LINKUSDT,binance
2026-05-19 19:55:00+00:00,9.46,9.47,9.45,9.47,2707.68,1779220799999,25619.25900000,149,1877.61000000,17766.95530000,0,LINKUSDT,binance
2026-05-19 20:00:00+00:00,9.47,9.49,9.46,9.47,3413.52,1779221099999,32328.64520000,155,1447.51000000,13709.73210000,0,LINKUSDT,binance
2026-05-19 20:05:00+00:00,9.47,9.49,9.47,9.48,2947.83,1779221399999,27933.37580000,102,2152.21000000,20395.79740000,0,LINKUSDT,binance
2026-05-19 20:10:00+00:00,9.48,9.49,9.47,9.47,1911.89,1779221699999,18126.91850000,53,238.94000000,2267.38390000,0,LINKUSDT,binance
2026-05-19 20:15:00+00:00,9.47,9.48,9.47,9.48,370.46,1779221999999,3510.58000000,18,232.38000000,2202.96240000,0,LINKUSDT,binance
2026-05-19 20:20:00+00:00,9.47,9.48,9.47,9.48,19.85,1779222299999,188.13920000,7,15.97000000,151.39560000,0,LINKUSDT,binance
2026-05-19 20:25:00+00:00,9.47,9.48,9.47,9.47,589.25,1779222599999,5585.85450000,12,565.70000000,5362.83600000,0,LINKUSDT,binance
2026-05-19 20:30:00+00:00,9.47,9.48,9.46,9.48,4157.29,1779222899999,39369.35470000,80,2090.52000000,19797.35540000,0,LINKUSDT,binance
2026-05-19 20:35:00+00:00,9.47,9.49,9.47,9.47,2882.53,1779223199999,27324.76370000,79,543.52000000,5152.86410000,0,LINKUSDT,binance
2026-05-19 20:40:00+00:00,9.47,9.48,9.47,9.47,178.71,1779223499999,1694.08370000,17,170.00000000,1611.60000000,0,LINKUSDT,binance
2026-05-19 20:45:00+00:00,9.47,9.49,9.47,9.48,832.05,1779223799999,7889.75570000,42,825.56000000,7828.23890000,0,LINKUSDT,binance
2026-05-19 20:50:00+00:00,9.49,9.49,9.47,9.48,2768.75,1779224099999,26248.03040000,56,1548.71000000,14682.12380000,0,LINKUSDT,binance
2026-05-19 20:55:00+00:00,9.48,9.49,9.48,9.48,3641.76,1779224399999,34543.59490000,73,1022.52000000,9703.71480000,0,LINKUSDT,binance
2026-05-19 21:00:00+00:00,9.48,9.49,9.47,9.48,8239.31,1779224699999,78114.99690000,124,5393.49000000,51140.09800000,0,LINKUSDT,binance
2026-05-19 21:05:00+00:00,9.49,9.49,9.47,9.47,1370.88,1779224999999,12989.00900000,59,195.52000000,1853.54410000,0,LINKUSDT,binance
2026-05-19 21:10:00+00:00,9.47,9.49,9.47,9.49,1021.46,1779225299999,9686.78590000,79,733.80000000,6957.56040000,0,LINKUSDT,binance
2026-05-19 21:15:00+00:00,9.49,9.49,9.48,9.49,287.6,1779225599999,2728.92580000,13,247.78000000,2351.43220000,0,LINKUSDT,binance
2026-05-19 21:20:00+00:00,9.49,9.49,9.47,9.48,16623.82,1779225899999,157507.06780000,138,822.23000000,7795.80460000,0,LINKUSDT,binance
2026-05-19 21:25:00+00:00,9.48,9.49,9.47,9.47,7836.98,1779226199999,74294.61310000,96,5271.13000000,49970.40760000,0,LINKUSDT,binance
2026-05-19 21:30:00+00:00,9.48,9.49,9.47,9.48,3301.58,1779226499999,31299.20200000,110,1075.07000000,10191.93130000,0,LINKUSDT,binance
2026-05-19 21:35:00+00:00,9.48,9.49,9.48,9.48,6465.99,1779226799999,61298.17020000,95,3925.86000000,37217.73780000,0,LINKUSDT,binance
2026-05-19 21:40:00+00:00,9.48,9.49,9.48,9.48,2362.62,1779227099999,22399.30750000,86,363.05000000,3443.38390000,0,LINKUSDT,binance
2026-05-19 21:45:00+00:00,9.48,9.48,9.47,9.47,1698.94,1779227399999,16104.46810000,117,1062.79000000,10075.24920000,0,LINKUSDT,binance
2026-05-19 21:50:00+00:00,9.47,9.49,9.47,9.48,1602.92,1779227699999,15195.71450000,76,751.28000000,7122.18310000,0,LINKUSDT,binance
2026-05-19 21:55:00+00:00,9.48,9.48,9.46,9.46,3660.58,1779227999999,34667.77530000,67,459.33000000,4352.99450000,0,LINKUSDT,binance
2026-05-19 22:00:00+00:00,9.46,9.46,9.44,9.44,8564.24,1779228299999,80932.41360000,290,4254.00000000,40200.39740000,0,LINKUSDT,binance
2026-05-19 22:05:00+00:00,9.45,9.47,9.44,9.47,12736.8,1779228599999,120417.60960000,124,8448.87000000,79890.52280000,0,LINKUSDT,binance
2026-05-19 22:10:00+00:00,9.46,9.47,9.46,9.46,148.55,1779228899999,1406.21600000,16,93.30000000,883.55100000,0,LINKUSDT,binance
2026-05-19 22:15:00+00:00,9.46,9.47,9.45,9.47,3509.12,1779229199999,33194.71570000,76,317.04000000,2999.28490000,0,LINKUSDT,binance
2026-05-19 22:20:00+00:00,9.46,9.47,9.45,9.45,1938.59,1779229499999,18339.21890000,67,800.02000000,7568.44970000,0,LINKUSDT,binance
2026-05-19 22:25:00+00:00,9.45,9.45,9.44,9.44,7555.23,1779229799999,71391.57400000,112,3085.54000000,29158.35300000,0,LINKUSDT,binance
2026-05-19 22:30:00+00:00,9.44,9.47,9.43,9.47,3311.75,1779230099999,31286.34690000,137,2620.73000000,24763.12570000,0,LINKUSDT,binance
2026-05-19 22:35:00+00:00,9.47,9.47,9.45,9.46,3547.0,1779230399999,33553.21060000,47,295.48000000,2797.61110000,0,LINKUSDT,binance
2026-05-19 22:40:00+00:00,9.46,9.47,9.45,9.45,10550.32,1779230699999,99804.93940000,111,5845.80000000,55301.29380000,0,LINKUSDT,binance
2026-05-19 22:45:00+00:00,9.46,9.46,9.45,9.46,928.02,1779230999999,8769.94470000,44,674.87000000,6377.67720000,0,LINKUSDT,binance
2026-05-19 22:50:00+00:00,9.46,9.46,9.45,9.45,656.46,1779231299999,6204.58080000,10,103.38000000,977.97480000,0,LINKUSDT,binance
2026-05-19 22:55:00+00:00,9.46,9.46,9.44,9.45,2104.57,1779231599999,19885.39930000,40,75.58000000,714.41680000,0,LINKUSDT,binance
2026-05-19 23:00:00+00:00,9.44,9.46,9.43,9.46,8470.23,1779231899999,79965.84800000,161,5412.29000000,51099.81330000,0,LINKUSDT,binance
2026-05-19 23:05:00+00:00,9.45,9.46,9.44,9.45,2845.74,1779232199999,26889.89930000,53,1240.32000000,11721.85090000,0,LINKUSDT,binance
2026-05-19 23:10:00+00:00,9.46,9.48,9.46,9.46,2854.88,1779232499999,27028.38020000,93,1472.98000000,13941.92790000,0,LINKUSDT,binance
2026-05-19 23:15:00+00:00,9.47,9.48,9.46,9.48,4365.79,1779232799999,41349.73650000,60,799.85000000,7580.32670000,0,LINKUSDT,binance
2026-05-19 23:20:00+00:00,9.48,9.48,9.47,9.47,284.46,1779233099999,2695.26380000,26,142.76000000,1353.36480000,0,LINKUSDT,binance
2026-05-19 23:25:00+00:00,9.48,9.48,9.47,9.47,129.79,1779233399999,1229.41770000,14,30.64000000,290.46720000,0,LINKUSDT,binance
2026-05-19 23:30:00+00:00,9.48,9.49,9.48,9.49,4318.62,1779233699999,40941.64150000,105,3707.71000000,35150.21470000,0,LINKUSDT,binance
2026-05-19 23:35:00+00:00,9.48,9.48,9.47,9.47,4914.0,1779233999999,46547.34150000,71,3714.15000000,35173.48310000,0,LINKUSDT,binance
2026-05-19 23:40:00+00:00,9.48,9.48,9.46,9.46,547.79,1779234299999,5187.56100000,29,8.34000000,79.00090000,0,LINKUSDT,binance
2026-05-19 23:45:00+00:00,9.47,9.47,9.45,9.46,2662.03,1779234599999,25182.84160000,83,1029.04000000,9735.12650000,0,LINKUSDT,binance
2026-05-19 23:50:00+00:00,9.46,9.47,9.45,9.46,767.87,1779234899999,7263.90970000,32,168.95000000,1598.29660000,0,LINKUSDT,binance
2026-05-19 23:55:00+00:00,9.45,9.46,9.44,9.45,676.62,1779235199999,6394.14110000,51,173.24000000,1637.29460000,0,LINKUSDT,binance
2026-05-20 00:00:00+00:00,9.45,9.46,9.44,9.45,8791.08,1779235499999,83069.71740000,128,4027.94000000,38064.19190000,0,LINKUSDT,binance
2026-05-20 00:05:00+00:00,9.44,9.46,9.42,9.42,7520.33,1779235799999,70972.75660000,345,4082.09000000,38537.23080000,0,LINKUSDT,binance
2026-05-20 00:10:00+00:00,9.42,9.43,9.39,9.4,18925.45,1779236099999,177945.38510000,511,5435.17000000,51108.59780000,0,LINKUSDT,binance
2026-05-20 00:15:00+00:00,9.41,9.41,9.38,9.4,34115.21,1779236399999,320589.01630000,538,17779.65000000,167101.07130000,0,LINKUSDT,binance
2026-05-20 00:20:00+00:00,9.39,9.41,9.38,9.39,23748.17,1779236699999,222997.94070000,297,9262.50000000,86981.10680000,0,LINKUSDT,binance
2026-05-20 00:25:00+00:00,9.39,9.44,9.38,9.44,80985.32,1779236999999,761946.55120000,881,53712.33000000,505499.09480000,0,LINKUSDT,binance
2026-05-20 00:30:00+00:00,9.44,9.46,9.43,9.44,12608.45,1779237299999,119075.75290000,314,9511.44000000,89825.85170000,0,LINKUSDT,binance
2026-05-20 00:35:00+00:00,9.45,9.45,9.43,9.44,4709.53,1779237599999,44459.63690000,221,2968.96000000,28028.85850000,0,LINKUSDT,binance
2026-05-20 00:40:00+00:00,9.45,9.47,9.44,9.46,3290.21,1779237899999,31099.88250000,114,3252.23000000,30740.73200000,0,LINKUSDT,binance
2026-05-20 00:45:00+00:00,9.46,9.47,9.45,9.46,2199.32,1779238199999,20805.42380000,79,1898.58000000,17960.63320000,0,LINKUSDT,binance
2026-05-20 00:50:00+00:00,9.47,9.48,9.45,9.47,2559.74,1779238499999,24225.08790000,80,1379.09000000,13050.19500000,0,LINKUSDT,binance
2026-05-20 00:55:00+00:00,9.46,9.48,9.46,9.48,16187.86,1779238799999,153363.59610000,230,14107.09000000,133659.10430000,0,LINKUSDT,binance
2026-05-20 01:00:00+00:00,9.48,9.49,9.47,9.49,8044.57,1779239099999,76199.12420000,104,2974.74000000,28187.26420000,0,LINKUSDT,binance
2026-05-20 01:05:00+00:00,9.48,9.5,9.47,9.5,7630.49,1779239399999,72388.03640000,195,4284.38000000,40647.08300000,0,LINKUSDT,binance
2026-05-20 01:10:00+00:00,9.49,9.52,9.46,9.48,56211.35,1779239699999,533194.26760000,607,13932.26000000,132158.52260000,0,LINKUSDT,binance
2026-05-20 01:15:00+00:00,9.47,9.48,9.47,9.47,4902.17,1779239999999,46423.60390000,97,2141.46000000,20279.68020000,0,LINKUSDT,binance
2026-05-20 01:20:00+00:00,9.47,9.47,9.45,9.45,3814.15,1779240299999,36066.47170000,106,213.63000000,2021.27910000,0,LINKUSDT,binance
2026-05-20 01:25:00+00:00,9.45,9.45,9.41,9.41,8439.42,1779240599999,79705.06980000,312,4571.44000000,43193.05300000,0,LINKUSDT,binance
2026-05-20 01:30:00+00:00,9.41,9.44,9.41,9.43,3800.65,1779240899999,35807.15990000,108,3431.33000000,32327.98580000,0,LINKUSDT,binance
2026-05-20 01:35:00+00:00,9.42,9.43,9.41,9.43,3404.4,1779241199999,32063.24250000,118,1871.82000000,17632.59740000,0,LINKUSDT,binance
2026-05-20 01:40:00+00:00,9.43,9.43,9.42,9.43,2169.97,1779241499999,20441.43420000,61,714.25000000,6728.55180000,0,LINKUSDT,binance
2026-05-20 01:45:00+00:00,9.43,9.44,9.42,9.43,1602.53,1779241799999,15109.32280000,54,687.03000000,6478.71580000,0,LINKUSDT,binance
2026-05-20 01:50:00+00:00,9.44,9.48,9.44,9.46,9713.08,1779242099999,91909.48770000,309,6008.17000000,56835.07590000,0,LINKUSDT,binance
2026-05-20 01:55:00+00:00,9.46,9.47,9.45,9.46,6864.6,1779242399999,64939.14510000,125,4349.31000000,41144.66040000,0,LINKUSDT,binance
2026-05-20 02:00:00+00:00,9.47,9.47,9.46,9.47,2981.67,1779242699999,28227.44020000,97,1479.08000000,14006.79310000,0,LINKUSDT,binance
2026-05-20 02:05:00+00:00,9.47,9.47,9.46,9.46,65.9,1779242999999,623.80400000,14,39.00000000,369.33000000,0,LINKUSDT,binance
2026-05-20 02:10:00+00:00,9.46,9.47,9.45,9.47,3817.33,1779243299999,36128.75290000,72,2229.88000000,21111.50190000,0,LINKUSDT,binance
2026-05-20 02:15:00+00:00,9.47,9.48,9.46,9.46,2601.29,1779243599999,24634.53090000,67,1105.18000000,10467.34400000,0,LINKUSDT,binance
2026-05-20 02:20:00+00:00,9.47,9.49,9.46,9.49,4388.57,1779243899999,41576.49740000,74,3545.79000000,33587.33080000,0,LINKUSDT,binance
2026-05-20 02:25:00+00:00,9.49,9.49,9.47,9.47,1387.6,1779244199999,13154.24650000,50,30.09000000,285.27420000,0,LINKUSDT,binance
2026-05-20 02:30:00+00:00,9.46,9.47,9.45,9.47,10131.9,1779244499999,95861.81370000,191,6217.83000000,58834.47530000,0,LINKUSDT,binance
2026-05-20 02:35:00+00:00,9.47,9.47,9.46,9.47,1028.33,1779244799999,9731.24440000,55,87.78000000,831.27660000,0,LINKUSDT,binance
2026-05-20 02:40:00+00:00,9.47,9.47,9.45,9.46,131.76,1779245099999,1246.68540000,37,87.56000000,828.70850000,0,LINKUSDT,binance
2026-05-20 02:45:00+00:00,9.45,9.47,9.45,9.45,4893.81,1779245399999,46261.80760000,87,2885.51000000,27280.28000000,0,LINKUSDT,binance
2026-05-20 02:50:00+00:00,9.46,9.47,9.45,9.46,9351.82,1779245699999,88516.97840000,79,9133.91000000,86456.35990000,0,LINKUSDT,binance
2026-05-20 02:55:00+00:00,9.46,9.47,9.46,9.47,4421.42,1779245999999,41826.70820000,44,683.28000000,6463.90380000,0,LINKUSDT,binance
2026-05-20 03:00:00+00:00,9.47,9.47,9.45,9.45,7816.85,1779246299999,73879.34610000,178,3080.19000000,29108.09370000,0,LINKUSDT,binance
2026-05-20 03:05:00+00:00,9.45,9.46,9.44,9.46,1860.01,1779246599999,17575.23240000,47,1640.06000000,15498.58910000,0,LINKUSDT,binance
2026-05-20 03:10:00+00:00,9.46,9.47,9.45,9.47,4476.74,1779246899999,42350.55960000,68,1447.21000000,13691.40580000,0,LINKUSDT,binance
2026-05-20 03:15:00+00:00,9.46,9.48,9.45,9.47,1670.55,1779247199999,15802.12130000,64,685.71000000,6488.60850000,0,LINKUSDT,binance
2026-05-20 03:20:00+00:00,9.48,9.49,9.48,9.48,3143.3,1779247499999,29798.56240000,68,855.34000000,8108.70160000,0,LINKUSDT,binance
2026-05-20 03:25:00+00:00,9.48,9.51,9.48,9.51,12931.09,1779247799999,122745.78780000,140,11858.12000000,112553.51930000,0,LINKUSDT,binance
2026-05-20 03:30:00+00:00,9.5,9.5,9.48,9.49,4961.55,1779248099999,47113.53020000,106,2441.37000000,23181.02710000,0,LINKUSDT,binance
2026-05-20 03:35:00+00:00,9.5,9.5,9.49,9.5,5480.34,1779248399999,52062.81910000,122,3235.52000000,30737.44000000,0,LINKUSDT,binance
2026-05-20 03:40:00+00:00,9.5,9.5,9.49,9.5,676.36,1779248699999,6424.73960000,22,11.25000000,106.87500000,0,LINKUSDT,binance
2026-05-20 03:45:00+00:00,9.49,9.5,9.48,9.48,1312.72,1779248999999,12457.65030000,55,279.58000000,2653.22150000,0,LINKUSDT,binance
2026-05-20 03:50:00+00:00,9.49,9.49,9.48,9.48,227.02,1779249299999,2154.19460000,14,204.50000000,1940.70500000,0,LINKUSDT,binance
2026-05-20 03:55:00+00:00,9.49,9.5,9.49,9.5,3212.68,1779249599999,30490.59760000,31,3198.16000000,30352.80280000,0,LINKUSDT,binance
2026-05-20 04:00:00+00:00,9.5,9.51,9.49,9.5,3376.09,1779249899999,32072.82410000,85,969.71000000,9212.51910000,0,LINKUSDT,binance
2026-05-20 04:05:00+00:00,9.49,9.5,9.49,9.49,175.22,1779250199999,1662.85360000,7,1.58000000,15.01000000,0,LINKUSDT,binance
2026-05-20 04:10:00+00:00,9.49,9.5,9.48,9.5,3200.49,1779250499999,30377.35940000,99,1809.68000000,17178.67860000,0,LINKUSDT,binance
2026-05-20 04:15:00+00:00,9.5,9.51,9.49,9.49,529.54,1779250799999,5030.10480000,52,134.67000000,1280.58980000,0,LINKUSDT,binance
2026-05-20 04:20:00+00:00,9.5,9.51,9.5,9.5,516.71,1779251099999,4908.85750000,31,190.03000000,1805.39750000,0,LINKUSDT,binance
2026-05-20 04:25:00+00:00,9.5,9.51,9.5,9.5,3435.72,1779251399999,32640.42560000,87,1732.46000000,16459.45560000,0,LINKUSDT,binance
2026-05-20 04:30:00+00:00,9.5,9.5,9.49,9.49,2425.9,1779251699999,23035.97850000,60,1792.79000000,17027.76460000,0,LINKUSDT,binance
2026-05-20 04:35:00+00:00,9.49,9.49,9.46,9.47,7494.2,1779251999999,70962.69380000,170,1629.17000000,15430.52230000,0,LINKUSDT,binance
2026-05-20 04:40:00+00:00,9.48,9.49,9.47,9.48,2067.61,1779252299999,19599.58160000,43,1303.18000000,12354.41860000,0,LINKUSDT,binance
2026-05-20 04:45:00+00:00,9.48,9.49,9.48,9.49,3883.45,1779252599999,36853.35410000,90,2837.78000000,26929.95310000,0,LINKUSDT,binance
2026-05-20 04:50:00+00:00,9.49,9.5,9.49,9.49,1812.93,1779252899999,17211.84390000,43,724.38000000,6881.50440000,0,LINKUSDT,binance
2026-05-20 04:55:00+00:00,9.5,9.51,9.5,9.5,3186.59,1779253199999,30273.21770000,69,1035.94000000,9842.04270000,0,LINKUSDT,binance
2026-05-20 05:00:00+00:00,9.51,9.53,9.51,9.523,3892.37,1779253499999,37037.95624000,156,3002.77000000,28574.14146000,0,LINKUSDT,binance
2026-05-20 05:05:00+00:00,9.527,9.557,9.52,9.55,8255.18,1779253799999,78700.50394000,288,3614.48000000,34459.88139000,0,LINKUSDT,binance
2026-05-20 05:10:00+00:00,9.55,9.581,9.544,9.57,17911.72,1779254099999,171348.92944000,660,7630.74000000,73023.72927000,0,LINKUSDT,binance
2026-05-20 05:15:00+00:00,9.571,9.571,9.556,9.562,4789.75,1779254399999,45798.86261000,297,2999.40000000,28676.81439000,0,LINKUSDT,binance
2026-05-20 05:20:00+00:00,9.563,9.571,9.552,9.554,3517.0,1779254699999,33619.99269000,277,896.53000000,8567.76743000,0,LINKUSDT,binance
2026-05-20 05:25:00+00:00,9.556,9.567,9.552,9.561,8791.11,1779254999999,84053.10818000,159,6177.17000000,59056.09470000,0,LINKUSDT,binance
2026-05-20 05:30:00+00:00,9.562,9.606,9.562,9.586,27236.76,1779255299999,261311.65565000,1026,14492.78000000,139059.90234000,0,LINKUSDT,binance
2026-05-20 05:35:00+00:00,9.587,9.605,9.587,9.605,18925.75,1779255599999,181576.02472000,406,8525.17000000,81807.48214000,0,LINKUSDT,binance
2026-05-20 05:40:00+00:00,9.605,9.606,9.577,9.577,6827.7,1779255899999,65500.38057000,880,1866.05000000,17903.18942000,0,LINKUSDT,binance
2026-05-20 05:45:00+00:00,9.577,9.586,9.577,9.586,4262.03,1779256199999,40831.72372000,180,3134.61000000,30030.71114000,0,LINKUSDT,binance
2026-05-20 05:50:00+00:00,9.586,9.594,9.58,9.59,7058.56,1779256499999,67665.77437000,278,5260.29000000,50427.82820000,0,LINKUSDT,binance
2026-05-20 05:55:00+00:00,9.59,9.592,9.582,9.582,4876.35,1779256799999,46754.85306000,281,2192.49000000,21022.49634000,0,LINKUSDT,binance
2026-05-20 06:00:00+00:00,9.582,9.596,9.575,9.59,13591.75,1779257099999,130235.83961000,467,7783.81000000,74586.23383000,0,LINKUSDT,binance
2026-05-20 06:05:00+00:00,9.591,9.596,9.589,9.595,4378.9,1779257399999,42006.38813000,202,2166.11000000,20780.12528000,0,LINKUSDT,binance
2026-05-20 06:10:00+00:00,9.595,9.598,9.593,9.597,5142.6,1779257699999,49344.61485000,229,3220.77000000,30904.42657000,0,LINKUSDT,binance
2026-05-20 06:15:00+00:00,9.597,9.604,9.597,9.603,10957.55,1779257999999,105186.93229000,278,7454.46000000,71556.95390000,0,LINKUSDT,binance
2026-05-20 06:20:00+00:00,9.603,9.61,9.593,9.606,9538.07,1779258299999,91571.44111000,402,6753.64000000,64839.14187000,0,LINKUSDT,binance
2026-05-20 06:25:00+00:00,9.606,9.606,9.593,9.593,6161.31,1779258599999,59141.96354000,429,1149.35000000,11032.47535000,0,LINKUSDT,binance
2026-05-20 06:30:00+00:00,9.593,9.599,9.582,9.588,15864.88,1779258899999,152118.57665000,332,6247.01000000,59912.49227000,0,LINKUSDT,binance
2026-05-20 06:35:00+00:00,9.588,9.614,9.58,9.608,15473.27,1779259199999,148541.30536000,429,12811.14000000,122987.58179000,0,LINKUSDT,binance
2026-05-20 06:40:00+00:00,9.608,9.61,9.6,9.61,6316.04,1779259499999,60650.38508000,259,2427.81000000,23315.82452000,0,LINKUSDT,binance
2026-05-20 06:45:00+00:00,9.609,9.621,9.605,9.621,3906.72,1779259799999,37551.32249000,258,2413.12000000,23196.83990000,0,LINKUSDT,binance
2026-05-20 06:50:00+00:00,9.621,9.632,9.62,9.626,8521.44,1779260099999,82026.25148000,358,4183.25000000,40267.14287000,0,LINKUSDT,binance
2026-05-20 06:55:00+00:00,9.627,9.631,9.624,9.626,5589.55,1779260399999,53809.55717000,212,3084.28000000,29691.21243000,0,LINKUSDT,binance
2026-05-20 07:00:00+00:00,9.627,9.628,9.61,9.614,7131.36,1779260699999,68605.99448000,407,2856.09000000,27476.67300000,0,LINKUSDT,binance
2026-05-20 07:05:00+00:00,9.613,9.615,9.603,9.611,2654.64,1779260999999,25508.78858000,251,1500.92000000,14421.23478000,0,LINKUSDT,binance
2026-05-20 07:10:00+00:00,9.613,9.617,9.61,9.611,3023.57,1779261299999,29067.21314000,186,1824.75000000,17542.49188000,0,LINKUSDT,binance
2026-05-20 07:15:00+00:00,9.612,9.612,9.605,9.608,1922.37,1779261599999,18469.88952000,138,860.12000000,8264.01572000,0,LINKUSDT,binance
2026-05-20 07:20:00+00:00,9.608,9.63,9.608,9.628,6017.34,1779261899999,57887.41758000,427,5301.94000000,51004.73074000,0,LINKUSDT,binance
2026-05-20 07:25:00+00:00,9.628,9.629,9.611,9.615,5344.02,1779262199999,51414.08498000,301,3260.06000000,31368.32186000,0,LINKUSDT,binance
2026-05-20 07:30:00+00:00,9.615,9.617,9.604,9.613,3131.61,1779262499999,30092.81329000,249,2459.71000000,23635.73711000,0,LINKUSDT,binance
2026-05-20 07:35:00+00:00,9.612,9.616,9.61,9.614,621.56,1779262799999,5974.27681000,108,127.07000000,1221.35640000,0,LINKUSDT,binance
2026-05-20 07:40:00+00:00,9.614,9.62,9.61,9.61,1960.4,1779263099999,18845.75706000,198,444.15000000,4269.62632000,0,LINKUSDT,binance
2026-05-20 07:45:00+00:00,9.61,9.61,9.586,9.586,3037.23,1779263399999,29142.67461000,209,272.84000000,2619.04997000,0,LINKUSDT,binance
2026-05-20 07:50:00+00:00,9.586,9.586,9.573,9.585,4390.68,1779263699999,42058.65795000,297,3095.26000000,29649.08472000,0,LINKUSDT,binance
2026-05-20 07:55:00+00:00,9.586,9.587,9.575,9.58,3805.52,1779263999999,36448.43542000,192,754.51000000,7227.72647000,0,LINKUSDT,binance
2026-05-20 08:00:00+00:00,9.58,9.59,9.576,9.588,6509.92,1779264299999,62372.07038000,427,5008.11000000,47982.53420000,0,LINKUSDT,binance
2026-05-20 08:05:00+00:00,9.589,9.601,9.579,9.579,3842.54,1779264599999,36855.79432000,536,1028.48000000,9865.34622000,0,LINKUSDT,binance
2026-05-20 08:10:00+00:00,9.579,9.599,9.576,9.594,5757.3,1779264899999,55192.50374000,327,3284.46000000,31491.35541000,0,LINKUSDT,binance
2026-05-20 08:15:00+00:00,9.594,9.595,9.588,9.59,1218.38,1779265199999,11685.13627000,161,459.14000000,4403.66965000,0,LINKUSDT,binance
2026-05-20 08:20:00+00:00,9.59,9.593,9.58,9.593,2434.12,1779265499999,23338.74264000,232,1255.85000000,12039.71078000,0,LINKUSDT,binance
2026-05-20 08:25:00+00:00,9.593,9.597,9.588,9.596,2085.37,1779265799999,20000.79801000,148,870.89000000,8353.42797000,0,LINKUSDT,binance
2026-05-20 08:30:00+00:00,9.597,9.617,9.597,9.612,6103.16,1779266099999,58618.78388000,290,3636.75000000,34918.50204000,0,LINKUSDT,binance
2026-05-20 08:35:00+00:00,9.613,9.64,9.611,9.638,9380.6,1779266399999,90337.81687000,501,5411.85000000,52128.27842000,0,LINKUSDT,binance
2026-05-20 08:40:00+00:00,9.637,9.637,9.618,9.626,4943.61,1779266699999,47596.91479000,317,2096.70000000,20180.75404000,0,LINKUSDT,binance
2026-05-20 08:45:00+00:00,9.627,9.629,9.613,9.615,3399.5,1779266999999,32706.06014000,179,1275.97000000,12275.47093000,0,LINKUSDT,binance
2026-05-20 08:50:00+00:00,9.615,9.618,9.613,9.615,1948.05,1779267299999,18729.85623000,134,1578.21000000,15173.98104000,0,LINKUSDT,binance
2026-05-20 08:55:00+00:00,9.616,9.616,9.607,9.609,4021.17,1779267599999,38642.41647000,120,392.52000000,3771.45712000,0,LINKUSDT,binance
2026-05-20 09:00:00+00:00,9.609,9.629,9.604,9.621,8104.92,1779267899999,77973.27804000,299,7438.88000000,71571.02751000,0,LINKUSDT,binance
2026-05-20 09:05:00+00:00,9.621,9.621,9.608,9.61,1487.54,1779268199999,14298.42463000,170,506.20000000,4864.37051000,0,LINKUSDT,binance
2026-05-20 09:10:00+00:00,9.609,9.612,9.604,9.607,3609.57,1779268499999,34678.91556000,204,2309.99000000,22192.27979000,0,LINKUSDT,binance
2026-05-20 09:15:00+00:00,9.606,9.606,9.582,9.594,7004.56,1779268799999,67191.33296000,398,4331.51000000,41546.02941000,0,LINKUSDT,binance
2026-05-20 09:20:00+00:00,9.595,9.598,9.591,9.591,849.53,1779269099999,8151.32507000,134,472.74000000,4536.04059000,0,LINKUSDT,binance
2026-05-20 09:25:00+00:00,9.591,9.605,9.591,9.605,1994.78,1779269399999,19148.41837000,155,1725.11000000,16560.84391000,0,LINKUSDT,binance
2026-05-20 09:30:00+00:00,9.605,9.614,9.604,9.61,2163.41,1779269699999,20787.43427000,196,796.18000000,7650.02070000,0,LINKUSDT,binance
2026-05-20 09:35:00+00:00,9.611,9.612,9.608,9.612,1756.01,1779269999999,16876.04500000,103,576.03000000,5535.89242000,0,LINKUSDT,binance
2026-05-20 09:40:00+00:00,9.612,9.618,9.6,9.6,2853.45,1779270299999,27418.27342000,212,631.68000000,6071.75178000,0,LINKUSDT,binance
2026-05-20 09:45:00+00:00,9.599,9.599,9.591,9.593,1345.58,1779270599999,12910.45425000,230,751.51000000,7210.89397000,0,LINKUSDT,binance
2026-05-20 09:50:00+00:00,9.593,9.593,9.584,9.589,1996.15,1779270899999,19138.22472000,164,681.68000000,6535.24407000,0,LINKUSDT,binance
2026-05-20 09:55:00+00:00,9.589,9.591,9.58,9.585,1287.29,1779271199999,12337.12242000,197,884.62000000,8478.17274000,0,LINKUSDT,binance
2026-05-20 10:00:00+00:00,9.585,9.605,9.585,9.6,689.37,1779271499999,6618.72062000,197,251.30000000,2412.12470000,0,LINKUSDT,binance
2026-05-20 10:05:00+00:00,9.599,9.609,9.593,9.594,4944.49,1779271799999,47462.49138000,338,3217.12000000,30880.65045000,0,LINKUSDT,binance
2026-05-20 10:10:00+00:00,9.593,9.593,9.587,9.59,18229.33,1779272099999,174830.57693000,594,16338.90000000,156700.83120000,0,LINKUSDT,binance
2026-05-20 10:15:00+00:00,9.59,9.59,9.584,9.584,15514.76,1779272399999,148740.28990000,866,10493.68000000,100603.73066000,0,LINKUSDT,binance
2026-05-20 10:20:00+00:00,9.584,9.597,9.584,9.592,30782.32,1779272699999,295169.88366000,1292,20374.56000000,195356.04178000,0,LINKUSDT,binance
2026-05-20 10:25:00+00:00,9.593,9.602,9.589,9.601,2760.71,1779272999999,26490.67920000,199,1964.37000000,18851.20602000,0,LINKUSDT,binance
2026-05-20 10:30:00+00:00,9.6,9.623,9.598,9.622,3313.63,1779273299999,31845.68340000,313,2521.20000000,24229.66151000,0,LINKUSDT,binance
2026-05-20 10:35:00+00:00,9.622,9.632,9.616,9.616,5740.02,1779273599999,55239.38274000,412,3227.91000000,31067.36231000,0,LINKUSDT,binance
2026-05-20 10:40:00+00:00,9.617,9.617,9.6,9.607,2646.82,1779273899999,25427.72901000,325,1281.05000000,12303.92692000,0,LINKUSDT,binance
2026-05-20 10:45:00+00:00,9.607,9.611,9.599,9.599,2975.36,1779274199999,28582.87874000,439,1358.37000000,13048.84752000,0,LINKUSDT,binance
2026-05-20 10:50:00+00:00,9.599,9.608,9.592,9.608,3517.97,1779274499999,33766.89271000,264,2638.75000000,25329.66355000,0,LINKUSDT,binance
2026-05-20 10:55:00+00:00,9.607,9.607,9.596,9.602,4521.59,1779274799999,43407.25885000,254,2062.39000000,19798.74005000,0,LINKUSDT,binance
2026-05-20 11:00:00+00:00,9.602,9.607,9.593,9.598,1658.27,1779275099999,15918.91270000,296,784.90000000,7536.10184000,0,LINKUSDT,binance
2026-05-20 11:05:00+00:00,9.599,9.605,9.594,9.596,1583.56,1779275399999,15199.05818000,327,931.51000000,8940.70161000,0,LINKUSDT,binance
2026-05-20 11:10:00+00:00,9.596,9.602,9.586,9.588,5813.26,1779275699999,55777.16605000,326,2624.19000000,25183.16258000,0,LINKUSDT,binance
2026-05-20 11:15:00+00:00,9.588,9.593,9.587,9.587,1281.74,1779275999999,12291.74903000,185,794.17000000,7615.75757000,0,LINKUSDT,binance
2026-05-20 11:20:00+00:00,9.587,9.59,9.581,9.581,644.5,1779276299999,6176.97936000,200,219.04000000,2099.29268000,0,LINKUSDT,binance
2026-05-20 11:25:00+00:00,9.581,9.581,9.568,9.571,4241.03,1779276599999,40606.36240000,331,1331.35000000,12744.69099000,0,LINKUSDT,binance
2026-05-20 11:30:00+00:00,9.571,9.584,9.567,9.582,4650.23,1779276899999,44521.00994000,433,2586.13000000,24761.93234000,0,LINKUSDT,binance
2026-05-20 11:35:00+00:00,9.582,9.585,9.573,9.581,3363.32,1779277199999,32216.43624000,372,1482.40000000,14202.02972000,0,LINKUSDT,binance
2026-05-20 11:40:00+00:00,9.58,9.583,9.552,9.557,17310.21,1779277499999,165457.41349000,729,2498.47000000,23889.08770000,0,LINKUSDT,binance
2026-05-20 11:45:00+00:00,9.557,9.56,9.545,9.546,7203.59,1779277799999,68807.65929000,690,3408.97000000,32560.02671000,0,LINKUSDT,binance
2026-05-20 11:50:00+00:00,9.546,9.547,9.523,9.543,19207.88,1779278099999,183087.19027000,848,3695.44000000,35246.60880000,0,LINKUSDT,binance
2026-05-20 11:55:00+00:00,9.543,9.546,9.537,9.546,3804.43,1779278399999,36308.54837000,349,3112.19000000,29703.86736000,0,LINKUSDT,binance
2026-05-20 12:00:00+00:00,9.545,9.57,9.535,9.568,7906.13,1779278699999,75538.67705000,560,5812.15000000,55535.83295000,0,LINKUSDT,binance
2026-05-20 12:05:00+00:00,9.569,9.576,9.569,9.572,5705.94,1779278999999,54620.72468000,345,3099.29000000,29668.75804000,0,LINKUSDT,binance
2026-05-20 12:10:00+00:00,9.571,9.573,9.566,9.568,3292.13,1779279299999,31507.30239000,255,1196.32000000,11449.53683000,0,LINKUSDT,binance
2026-05-20 12:15:00+00:00,9.567,9.572,9.563,9.567,4918.71,1779279599999,47058.16706000,409,2203.06000000,21078.82062000,0,LINKUSDT,binance
2026-05-20 12:20:00+00:00,9.566,9.566,9.551,9.564,3857.01,1779279899999,36868.32747000,436,1981.22000000,18938.92488000,0,LINKUSDT,binance
2026-05-20 12:25:00+00:00,9.564,9.583,9.564,9.574,3851.38,1779280199999,36870.74429000,381,2203.32000000,21093.18680000,0,LINKUSDT,binance
2026-05-20 12:30:00+00:00,9.574,9.596,9.569,9.595,6975.13,1779280499999,66807.23091000,458,4118.01000000,39450.60788000,0,LINKUSDT,binance
2026-05-20 12:35:00+00:00,9.594,9.603,9.588,9.592,12113.15,1779280799999,116249.78840000,473,10427.06000000,100076.71303000,0,LINKUSDT,binance
2026-05-20 12:40:00+00:00,9.592,9.592,9.586,9.59,1171.55,1779281099999,11234.18865000,165,918.88000000,8811.55648000,0,LINKUSDT,binance
2026-05-20 12:45:00+00:00,9.59,9.605,9.59,9.601,4459.49,1779281399999,42808.77919000,455,3170.97000000,30436.00925000,0,LINKUSDT,binance
2026-05-20 12:50:00+00:00,9.6,9.607,9.591,9.606,3626.01,1779281699999,34798.50515000,303,1515.40000000,14545.34531000,0,LINKUSDT,binance
2026-05-20 12:55:00+00:00,9.605,9.623,9.6,9.602,20170.05,1779281999999,193861.59760000,931,6927.26000000,66574.51278000,0,LINKUSDT,binance
2026-05-20 13:00:00+00:00,9.601,9.606,9.591,9.599,4227.38,1779282299999,40581.49771000,553,2337.33000000,22440.32958000,0,LINKUSDT,binance
2026-05-20 13:05:00+00:00,9.6,9.601,9.585,9.59,1312.63,1779282599999,12590.27213000,253,467.04000000,4479.88648000,0,LINKUSDT,binance
2026-05-20 13:10:00+00:00,9.589,9.589,9.575,9.575,1838.67,1779282899999,17616.17941000,190,364.09000000,3488.29878000,0,LINKUSDT,binance
2026-05-20 13:15:00+00:00,9.575,9.579,9.563,9.571,1978.67,1779283199999,18940.91584000,255,1150.42000000,11013.48920000,0,LINKUSDT,binance
2026-05-20 13:20:00+00:00,9.571,9.584,9.571,9.575,2821.86,1779283499999,27028.53084000,287,1453.73000000,13924.36356000,0,LINKUSDT,binance
2026-05-20 13:25:00+00:00,9.575,9.575,9.551,9.555,4107.98,1779283799999,39272.88291000,510,1401.48000000,13392.96370000,0,LINKUSDT,binance
2026-05-20 13:30:00+00:00,9.555,9.564,9.543,9.554,5336.86,1779284099999,50976.88613000,574,2966.66000000,28336.79531000,0,LINKUSDT,binance
2026-05-20 13:35:00+00:00,9.553,9.553,9.483,9.506,30425.47,1779284399999,289212.65610000,2147,10565.23000000,100436.11777000,0,LINKUSDT,binance
2026-05-20 13:40:00+00:00,9.506,9.525,9.499,9.52,19369.32,1779284699999,184226.18387000,1231,12621.41000000,120067.04141000,0,LINKUSDT,binance
2026-05-20 13:45:00+00:00,9.52,9.558,9.52,9.535,11825.59,1779284999999,112749.27700000,864,8312.67000000,79250.90916000,0,LINKUSDT,binance
2026-05-20 13:50:00+00:00,9.536,9.54,9.52,9.527,5356.48,1779285299999,51049.52687000,635,2448.77000000,23340.45101000,0,LINKUSDT,binance
2026-05-20 13:55:00+00:00,9.527,9.535,9.508,9.535,7949.54,1779285599999,75700.59094000,809,5368.33000000,51121.44418000,0,LINKUSDT,binance
2026-05-20 14:00:00+00:00,9.535,9.554,9.535,9.539,5637.6,1779285899999,53786.57119000,591,3808.11000000,36330.46525000,0,LINKUSDT,binance
2026-05-20 14:05:00+00:00,9.539,9.553,9.529,9.544,5769.52,1779286199999,55037.49466000,498,2453.37000000,23406.63283000,0,LINKUSDT,binance
2026-05-20 14:10:00+00:00,9.543,9.572,9.496,9.551,19819.24,1779286499999,188873.07563000,1901,10797.44000000,102881.16448000,0,LINKUSDT,binance
2026-05-20 14:15:00+00:00,9.551,9.631,9.551,9.622,35881.47,1779286799999,344709.60817000,2504,15156.02000000,145551.28826000,0,LINKUSDT,binance
2026-05-20 14:20:00+00:00,9.621,9.63,9.588,9.595,9455.02,1779287099999,90934.23356000,1422,4050.59000000,38953.97884000,0,LINKUSDT,binance
2026-05-20 14:25:00+00:00,9.594,9.62,9.587,9.615,5021.44,1779287399999,48245.22165000,745,3993.08000000,38369.70588000,0,LINKUSDT,binance
2026-05-20 14:30:00+00:00,9.615,9.642,9.606,9.606,33548.09,1779287699999,323184.50208000,1507,14746.12000000,142043.11611000,0,LINKUSDT,binance
2026-05-20 14:35:00+00:00,9.605,9.618,9.588,9.615,18841.09,1779287999999,181005.14122000,1093,12996.46000000,124848.11652000,0,LINKUSDT,binance
2026-05-20 14:40:00+00:00,9.614,9.632,9.608,9.632,1568.68,1779288299999,15089.87566000,498,842.69000000,8105.85146000,0,LINKUSDT,binance
2026-05-20 14:45:00+00:00,9.632,9.647,9.61,9.619,65764.15,1779288599999,633765.35696000,2299,32304.62000000,311318.31616000,0,LINKUSDT,binance
2026-05-20 14:50:00+00:00,9.619,9.647,9.612,9.644,19130.79,1779288899999,184286.96015000,1368,11544.26000000,111201.69678000,0,LINKUSDT,binance
2026-05-20 14:55:00+00:00,9.643,9.646,9.626,9.626,10508.21,1779289199999,101286.09459000,964,4932.66000000,47548.16122000,0,LINKUSDT,binance
2026-05-20 15:00:00+00:00,9.626,9.629,9.601,9.603,8572.56,1779289499999,82427.63340000,1096,5009.25000000,48167.38886000,0,LINKUSDT,binance
2026-05-20 15:05:00+00:00,9.603,9.612,9.601,9.608,2935.39,1779289799999,28195.92808000,633,1653.14000000,15881.08375000,0,LINKUSDT,binance
2026-05-20 15:10:00+00:00,9.608,9.608,9.569,9.57,23375.93,1779290099999,224118.76673000,1036,8990.58000000,86169.20472000,0,LINKUSDT,binance
2026-05-20 15:15:00+00:00,9.571,9.655,9.571,9.61,69755.29,1779290399999,672476.67956000,5500,36505.13000000,351827.23499000,0,LINKUSDT,binance
2026-05-20 15:20:00+00:00,9.611,9.632,9.611,9.615,5162.79,1779290699999,49673.92320000,1135,3069.31000000,29533.10826000,0,LINKUSDT,binance
2026-05-20 15:25:00+00:00,9.615,9.615,9.59,9.606,5290.13,1779290999999,50802.48495000,1040,2834.94000000,27224.76380000,0,LINKUSDT,binance
2026-05-20 15:30:00+00:00,9.606,9.63,9.602,9.626,5707.84,1779291299999,54902.49386000,879,3898.58000000,37496.35535000,0,LINKUSDT,binance
2026-05-20 15:35:00+00:00,9.627,9.629,9.604,9.608,10632.4,1779291599999,102220.28153000,785,2222.09000000,21380.56504000,0,LINKUSDT,binance
2026-05-20 15:40:00+00:00,9.608,9.61,9.587,9.606,16285.71,1779291899999,156353.13591000,862,12872.95000000,123587.04840000,0,LINKUSDT,binance
2026-05-20 15:45:00+00:00,9.607,9.631,9.607,9.626,6407.79,1779292199999,61644.75152000,644,3753.43000000,36112.12117000,0,LINKUSDT,binance
2026-05-20 15:50:00+00:00,9.627,9.639,9.616,9.621,4279.27,1779292499999,41193.09233000,490,2044.06000000,19673.16444000,0,LINKUSDT,binance
2026-05-20 15:55:00+00:00,9.621,9.638,9.61,9.629,12721.67,1779292799999,122476.11105000,1293,7363.84000000,70898.67472000,0,LINKUSDT,binance
2026-05-20 16:00:00+00:00,9.63,9.648,9.63,9.636,21208.16,1779293099999,204476.57447000,1188,9088.86000000,87622.18169000,0,LINKUSDT,binance
2026-05-20 16:05:00+00:00,9.636,9.653,9.636,9.649,6239.12,1779293399999,60171.30451000,917,3183.42000000,30705.39757000,0,LINKUSDT,binance
2026-05-20 16:10:00+00:00,9.649,9.656,9.627,9.627,12224.24,1779293699999,117852.53210000,784,1911.71000000,18432.79559000,0,LINKUSDT,binance
2026-05-20 16:15:00+00:00,9.627,9.627,9.599,9.607,5433.36,1779293999999,52211.19779000,1047,2910.33000000,27963.47070000,0,LINKUSDT,binance
2026-05-20 16:20:00+00:00,9.607,9.607,9.573,9.592,7609.4,1779294299999,72945.66836000,1439,3946.53000000,37829.76687000,0,LINKUSDT,binance
2026-05-20 16:25:00+00:00,9.591,9.592,9.561,9.576,4796.99,1779294599999,45947.98746000,1009,1978.73000000,18951.01512000,0,LINKUSDT,binance
2026-05-20 16:30:00+00:00,9.577,9.598,9.57,9.594,6272.45,1779294899999,60122.07395000,783,3767.89000000,36117.72965000,0,LINKUSDT,binance
2026-05-20 16:35:00+00:00,9.593,9.616,9.587,9.603,7321.19,1779295199999,70300.61865000,665,4005.10000000,38463.97593000,0,LINKUSDT,binance
2026-05-20 16:40:00+00:00,9.602,9.625,9.599,9.619,3423.71,1779295499999,32918.93105000,605,2157.33000000,20741.87322000,0,LINKUSDT,binance
2026-05-20 16:45:00+00:00,9.62,9.642,9.617,9.637,5850.12,1779295799999,56338.09056000,871,3524.50000000,33939.24553000,0,LINKUSDT,binance
2026-05-20 16:50:00+00:00,9.637,9.644,9.611,9.613,5034.95,1779296099999,48471.78652000,451,2316.46000000,22309.77903000,0,LINKUSDT,binance
2026-05-20 16:55:00+00:00,9.613,9.623,9.605,9.622,5457.47,1779296399999,52477.40837000,518,3454.18000000,33217.95160000,0,LINKUSDT,binance
2026-05-20 17:00:00+00:00,9.621,9.628,9.606,9.609,12337.02,1779296699999,118647.76016000,827,8077.49000000,77696.88800000,0,LINKUSDT,binance
2026-05-20 17:05:00+00:00,9.609,9.615,9.604,9.611,3451.06,1779296999999,33159.10605000,248,1205.86000000,11587.35341000,0,LINKUSDT,binance
2026-05-20 17:10:00+00:00,9.611,9.646,9.609,9.637,16336.51,1779297299999,157266.90232000,983,11665.94000000,112292.96859000,0,LINKUSDT,binance
2026-05-20 17:15:00+00:00,9.638,9.649,9.627,9.649,8634.24,1779297599999,83202.81734000,515,5199.43000000,50117.12788000,0,LINKUSDT,binance
2026-05-20 17:20:00+00:00,9.649,9.702,9.641,9.654,42721.44,1779297899999,412732.60730000,1303,36845.74000000,356025.33749000,0,LINKUSDT,binance
2026-05-20 17:25:00+00:00,9.654,9.7,9.652,9.664,63040.03,1779298199999,609738.17535000,1913,31434.29000000,304134.25390000,0,LINKUSDT,binance
2026-05-20 17:30:00+00:00,9.665,9.671,9.647,9.659,7738.84,1779298499999,74774.33133000,790,4947.02000000,47791.12930000,0,LINKUSDT,binance
2026-05-20 17:35:00+00:00,9.66,9.7,9.66,9.674,107678.95,1779298799999,1042169.17478000,2792,65073.85000000,629994.06801000,0,LINKUSDT,binance
2026-05-20 17:40:00+00:00,9.673,9.679,9.664,9.679,5037.17,1779299099999,48705.04277000,424,1416.09000000,13696.92581000,0,LINKUSDT,binance
2026-05-20 17:45:00+00:00,9.679,9.7,9.669,9.675,32107.39,1779299399999,311028.61340000,976,24031.33000000,232855.16028000,0,LINKUSDT,binance
2026-05-20 17:50:00+00:00,9.676,9.678,9.656,9.656,5586.4,1779299699999,54000.26846000,508,990.58000000,9576.37280000,0,LINKUSDT,binance
2026-05-20 17:55:00+00:00,9.657,9.657,9.65,9.652,2498.42,1779299999999,24113.61481000,465,1161.27000000,11207.96002000,0,LINKUSDT,binance
2026-05-20 18:00:00+00:00,9.652,9.652,9.628,9.643,13567.64,1779300299999,130792.26125000,1195,10180.58000000,98131.93676000,0,LINKUSDT,binance
2026-05-20 18:05:00+00:00,9.644,9.644,9.635,9.638,8138.09,1779300599999,78436.38263000,500,3892.04000000,37511.58436000,0,LINKUSDT,binance
2026-05-20 18:10:00+00:00,9.639,9.639,9.624,9.626,7352.71,1779300899999,70806.67217000,434,2506.49000000,24131.72060000,0,LINKUSDT,binance
2026-05-20 18:15:00+00:00,9.627,9.642,9.625,9.639,5191.02,1779301199999,50007.11717000,391,4734.14000000,45605.52861000,0,LINKUSDT,binance
2026-05-20 18:20:00+00:00,9.64,9.641,9.618,9.62,9057.26,1779301499999,87201.37001000,635,1885.10000000,18147.58403000,0,LINKUSDT,binance
2026-05-20 18:25:00+00:00,9.62,9.621,9.604,9.605,4382.56,1779301799999,42111.12026000,439,1950.19000000,18736.65394000,0,LINKUSDT,binance
2026-05-20 18:30:00+00:00,9.605,9.618,9.605,9.618,6588.71,1779302099999,63346.19118000,294,5955.41000000,57257.85341000,0,LINKUSDT,binance
2026-05-20 18:35:00+00:00,9.617,9.626,9.615,9.621,1756.61,1779302399999,16897.97617000,199,1135.12000000,10919.81187000,0,LINKUSDT,binance
2026-05-20 18:40:00+00:00,9.62,9.62,9.606,9.608,3670.17,1779302699999,35275.18424000,385,1260.01000000,12111.85703000,0,LINKUSDT,binance
2026-05-20 18:45:00+00:00,9.607,9.61,9.591,9.604,5302.62,1779302999999,50905.88095000,475,1325.42000000,12723.72781000,0,LINKUSDT,binance
2026-05-20 18:50:00+00:00,9.605,9.606,9.596,9.596,3123.48,1779303299999,29992.32366000,250,1700.07000000,16325.70253000,0,LINKUSDT,binance
2026-05-20 18:55:00+00:00,9.596,9.614,9.596,9.612,18552.99,1779303599999,178235.97014000,499,15558.04000000,149455.12122000,0,LINKUSDT,binance
2026-05-20 19:00:00+00:00,9.611,9.622,9.6,9.6,14208.86,1779303899999,136530.30356000,643,6762.96000000,64996.82056000,0,LINKUSDT,binance
2026-05-20 19:05:00+00:00,9.6,9.61,9.591,9.61,17968.89,1779304199999,172459.44866000,721,6509.26000000,62498.46429000,0,LINKUSDT,binance
2026-05-20 19:10:00+00:00,9.611,9.612,9.604,9.604,1823.71,1779304499999,17521.66049000,314,1271.64000000,12217.01832000,0,LINKUSDT,binance
2026-05-20 19:15:00+00:00,9.604,9.632,9.6,9.63,3902.6,1779304799999,37502.75274000,630,1451.11000000,13946.55124000,0,LINKUSDT,binance
2026-05-20 19:20:00+00:00,9.63,9.646,9.629,9.642,1286.64,1779305099999,12399.65067000,375,660.17000000,6361.49702000,0,LINKUSDT,binance
2026-05-20 19:25:00+00:00,9.642,9.651,9.641,9.651,1394.34,1779305399999,13450.10379000,352,1076.22000000,10381.50477000,0,LINKUSDT,binance
2026-05-20 19:30:00+00:00,9.651,9.665,9.651,9.661,11258.5,1779305699999,108732.31886000,739,7830.82000000,75630.21571000,0,LINKUSDT,binance
2026-05-20 19:35:00+00:00,9.66,9.682,9.646,9.666,8233.04,1779305999999,79592.14959000,776,7468.36000000,72201.87093000,0,LINKUSDT,binance
2026-05-20 19:40:00+00:00,9.666,9.671,9.66,9.66,3325.9,1779306299999,32158.17292000,311,899.24000000,8694.46182000,0,LINKUSDT,binance
2026-05-20 19:45:00+00:00,9.66,9.667,9.654,9.658,1769.38,1779306599999,17096.87096000,402,1170.68000000,11312.15531000,0,LINKUSDT,binance
2026-05-20 19:50:00+00:00,9.658,9.659,9.647,9.658,7687.79,1779306899999,74214.45603000,611,3110.88000000,30032.88981000,0,LINKUSDT,binance
2026-05-20 19:55:00+00:00,9.658,9.662,9.65,9.658,3808.22,1779307199999,36775.74472000,519,2580.48000000,24920.41188000,0,LINKUSDT,binance
2026-05-20 20:00:00+00:00,9.658,9.659,9.637,9.65,8297.86,1779307499999,80032.52775000,672,5987.99000000,57753.30493000,0,LINKUSDT,binance
2026-05-20 20:05:00+00:00,9.649,9.654,9.643,9.654,2629.43,1779307799999,25370.49121000,240,1379.19000000,13309.85962000,0,LINKUSDT,binance
2026-05-20 20:10:00+00:00,9.653,9.668,9.653,9.667,3301.1,1779308099999,31892.44452000,309,2482.24000000,23983.56642000,0,LINKUSDT,binance
2026-05-20 20:15:00+00:00,9.667,9.668,9.634,9.637,10552.77,1779308399999,101811.62235000,562,1307.90000000,12611.59609000,0,LINKUSDT,binance
2026-05-20 20:20:00+00:00,9.636,9.638,9.594,9.624,12526.32,1779308699999,120485.39074000,1103,6599.11000000,63459.63843000,0,LINKUSDT,binance
2026-05-20 20:25:00+00:00,9.623,9.638,9.61,9.638,8833.12,1779308999999,84971.83750000,557,4468.95000000,42999.54531000,0,LINKUSDT,binance
2026-05-20 20:30:00+00:00,9.639,9.643,9.622,9.629,5288.39,1779309299999,50935.04707000,497,4714.73000000,45410.26403000,0,LINKUSDT,binance
2026-05-20 20:35:00+00:00,9.629,9.63,9.619,9.627,5808.5,1779309599999,55897.02349000,235,1443.99000000,13899.68083000,0,LINKUSDT,binance
2026-05-20 20:40:00+00:00,9.627,9.642,9.627,9.636,5331.02,1779309899999,51382.68275000,287,4281.95000000,41271.28367000,0,LINKUSDT,binance
2026-05-20 20:45:00+00:00,9.635,9.643,9.626,9.639,898.74,1779310199999,8660.32222000,243,507.39000000,4889.95111000,0,LINKUSDT,binance
2026-05-20 20:50:00+00:00,9.64,9.648,9.639,9.64,1823.42,1779310499999,17584.09530000,259,880.60000000,8490.85641000,0,LINKUSDT,binance
2026-05-20 20:55:00+00:00,9.641,9.65,9.641,9.642,1391.76,1779310799999,13424.54796000,347,817.81000000,7888.34078000,0,LINKUSDT,binance
2026-05-20 21:00:00+00:00,9.642,9.655,9.632,9.654,11039.61,1779311099999,106447.74946000,498,6810.29000000,65692.34527000,0,LINKUSDT,binance
2026-05-20 21:05:00+00:00,9.653,9.656,9.647,9.655,5386.28,1779311399999,51989.33550000,400,4014.77000000,38751.94326000,0,LINKUSDT,binance
2026-05-20 21:10:00+00:00,9.655,9.662,9.647,9.66,11820.52,1779311699999,114127.40150000,556,7466.06000000,72085.32376000,0,LINKUSDT,binance
2026-05-20 21:15:00+00:00,9.661,9.661,9.641,9.641,5878.58,1779311999999,56737.63592000,279,1476.05000000,14245.89980000,0,LINKUSDT,binance
2026-05-20 21:20:00+00:00,9.64,9.651,9.635,9.651,2938.72,1779312299999,28334.68987000,374,2480.09000000,23913.02520000,0,LINKUSDT,binance
2026-05-20 21:25:00+00:00,9.651,9.654,9.631,9.631,4383.76,1779312599999,42268.91958000,428,2134.79000000,20586.45065000,0,LINKUSDT,binance
2026-05-20 21:30:00+00:00,9.63,9.638,9.627,9.638,2039.91,1779312899999,19650.22488000,522,1287.68000000,12404.66503000,0,LINKUSDT,binance
2026-05-20 21:35:00+00:00,9.637,9.643,9.633,9.641,2785.42,1779313199999,26846.20676000,184,2065.24000000,19906.33392000,0,LINKUSDT,binance
2026-05-20 21:40:00+00:00,9.641,9.647,9.635,9.636,7882.45,1779313499999,75996.72514000,361,3308.44000000,31898.26252000,0,LINKUSDT,binance
2026-05-20 21:45:00+00:00,9.636,9.645,9.635,9.644,4900.51,1779313799999,47243.73207000,270,3933.82000000,37925.19570000,0,LINKUSDT,binance
2026-05-20 21:50:00+00:00,9.643,9.645,9.64,9.641,2801.8,1779314099999,27015.82341000,154,1448.23000000,13963.99378000,0,LINKUSDT,binance
2026-05-20 21:55:00+00:00,9.641,9.645,9.62,9.62,3516.58,1779314399999,33878.02614000,501,2227.66000000,21465.74776000,0,LINKUSDT,binance
2026-05-20 22:00:00+00:00,9.62,9.62,9.59,9.602,11365.94,1779314699999,109134.57389000,1105,7819.07000000,75072.23938000,0,LINKUSDT,binance
2026-05-20 22:05:00+00:00,9.601,9.608,9.581,9.583,9556.98,1779314999999,91721.50977000,1029,3534.30000000,33923.23094000,0,LINKUSDT,binance
2026-05-20 22:10:00+00:00,9.583,9.596,9.571,9.594,14600.76,1779315299999,139924.31282000,1153,7807.61000000,74851.32269000,0,LINKUSDT,binance
2026-05-20 22:15:00+00:00,9.595,9.598,9.568,9.571,7372.99,1779315599999,70627.11471000,506,905.63000000,8676.91320000,0,LINKUSDT,binance
2026-05-20 22:20:00+00:00,9.571,9.591,9.568,9.59,6734.11,1779315899999,64527.22571000,455,5397.62000000,51719.10957000,0,LINKUSDT,binance
2026-05-20 22:25:00+00:00,9.59,9.619,9.589,9.615,10702.03,1779316199999,102741.57145000,651,8263.51000000,79325.20223000,0,LINKUSDT,binance
2026-05-20 22:30:00+00:00,9.616,9.627,9.611,9.614,2204.16,1779316499999,21197.81223000,520,1003.00000000,9643.64573000,0,LINKUSDT,binance
2026-05-20 22:35:00+00:00,9.614,9.616,9.596,9.596,7939.31,1779316799999,76215.22983000,468,738.43000000,7089.12554000,0,LINKUSDT,binance
2026-05-20 22:40:00+00:00,9.596,9.609,9.593,9.606,4839.11,1779317099999,46465.80691000,350,3693.06000000,35459.81342000,0,LINKUSDT,binance
2026-05-20 22:45:00+00:00,9.605,9.628,9.605,9.628,6493.42,1779317399999,62416.87154000,444,4915.11000000,47237.10618000,0,LINKUSDT,binance
2026-05-20 22:50:00+00:00,9.628,9.628,9.614,9.619,3351.66,1779317699999,32235.96751000,378,1483.02000000,14265.11949000,0,LINKUSDT,binance
2026-05-20 22:55:00+00:00,9.619,9.627,9.619,9.625,1015.3,1779317999999,9772.45028000,158,426.57000000,4105.90949000,0,LINKUSDT,binance
2026-05-20 23:00:00+00:00,9.624,9.624,9.608,9.608,1951.92,1779318299999,18766.70336000,283,1264.45000000,12157.11707000,0,LINKUSDT,binance
2026-05-20 23:05:00+00:00,9.608,9.619,9.608,9.611,6623.42,1779318599999,63675.48349000,389,5864.54000000,56378.98639000,0,LINKUSDT,binance
2026-05-20 23:10:00+00:00,9.611,9.611,9.597,9.605,4792.7,1779318899999,46013.66049000,340,2252.47000000,21628.22436000,0,LINKUSDT,binance
2026-05-20 23:15:00+00:00,9.605,9.608,9.596,9.603,4078.37,1779319199999,39163.96363000,419,2569.59000000,24673.71897000,0,LINKUSDT,binance
2026-05-20 23:20:00+00:00,9.603,9.606,9.592,9.592,3671.09,1779319499999,35237.99459000,296,2190.11000000,21018.01174000,0,LINKUSDT,binance
2026-05-20 23:25:00+00:00,9.593,9.608,9.593,9.603,1698.55,1779319799999,16304.49042000,295,991.23000000,9514.02891000,0,LINKUSDT,binance
2026-05-20 23:30:00+00:00,9.603,9.612,9.598,9.612,5112.2,1779320099999,49083.82773000,412,2253.73000000,21642.64953000,0,LINKUSDT,binance
2026-05-20 23:35:00+00:00,9.611,9.622,9.611,9.616,1760.45,1779320399999,16929.25782000,294,473.61000000,4554.88514000,0,LINKUSDT,binance
2026-05-20 23:40:00+00:00,9.616,9.623,9.611,9.621,1485.27,1779320699999,14283.36371000,258,938.17000000,9021.83311000,0,LINKUSDT,binance
2026-05-20 23:45:00+00:00,9.62,9.633,9.619,9.628,6641.83,1779320999999,63933.72396000,514,3944.85000000,37972.43016000,0,LINKUSDT,binance
2026-05-20 23:50:00+00:00,9.627,9.634,9.619,9.634,5321.45,1779321299999,51208.71446000,465,1369.19000000,13183.62095000,0,LINKUSDT,binance
2026-05-20 23:55:00+00:00,9.634,9.64,9.632,9.636,2565.69,1779321599999,24720.07379000,293,1599.46000000,15410.25427000,0,LINKUSDT,binance
2026-05-21 00:00:00+00:00,9.635,9.646,9.631,9.645,7007.36,1779321899999,67547.35848000,601,3919.99000000,37783.53247000,0,LINKUSDT,binance
2026-05-21 00:05:00+00:00,9.646,9.647,9.629,9.647,12231.69,1779322199999,117910.71231000,669,7596.55000000,73232.69827000,0,LINKUSDT,binance
2026-05-21 00:10:00+00:00,9.646,9.663,9.644,9.661,15327.9,1779322499999,148058.15669000,657,7484.35000000,72291.64481000,0,LINKUSDT,binance
2026-05-21 00:15:00+00:00,9.661,9.7,9.646,9.657,61919.23,1779322799999,599312.98782000,1820,36728.68000000,355677.70579000,0,LINKUSDT,binance
2026-05-21 00:20:00+00:00,9.656,9.664,9.65,9.664,6347.34,1779323099999,61300.40658000,737,5251.21000000,50716.27383000,0,LINKUSDT,binance
2026-05-21 00:25:00+00:00,9.663,9.67,9.656,9.67,3826.26,1779323399999,36965.89823000,627,1833.35000000,17713.16039000,0,LINKUSDT,binance
2026-05-21 00:30:00+00:00,9.67,9.678,9.665,9.678,2673.98,1779323699999,25855.51567000,408,1027.14000000,9930.58406000,0,LINKUSDT,binance
2026-05-21 00:35:00+00:00,9.677,9.688,9.676,9.687,2638.17,1779323999999,25536.95134000,555,1839.80000000,17809.09508000,0,LINKUSDT,binance
2026-05-21 00:40:00+00:00,9.688,9.695,9.684,9.69,26330.55,1779324299999,255153.53571000,794,7081.76000000,68625.44241000,0,LINKUSDT,binance
2026-05-21 00:45:00+00:00,9.69,9.7,9.68,9.699,36157.54,1779324599999,350426.85805000,1428,13437.28000000,130230.10890000,0,LINKUSDT,binance
2026-05-21 00:50:00+00:00,9.7,9.716,9.691,9.707,33433.44,1779324899999,324468.89348000,1630,15628.64000000,151668.87999000,0,LINKUSDT,binance
2026-05-21 00:55:00+00:00,9.708,9.711,9.698,9.7,6098.87,1779325199999,59200.27397000,742,3659.68000000,35527.69301000,0,LINKUSDT,binance
2026-05-21 01:00:00+00:00,9.701,9.712,9.697,9.71,15627.93,1779325499999,151670.15331000,1222,8457.83000000,82090.07624000,0,LINKUSDT,binance
2026-05-21 01:05:00+00:00,9.71,9.713,9.698,9.707,15757.76,1779325799999,152975.17002000,804,5391.56000000,52341.27328000,0,LINKUSDT,binance
2026-05-21 01:10:00+00:00,9.706,9.724,9.703,9.72,48890.21,1779326099999,474842.08945000,1766,22152.28000000,215164.28743000,0,LINKUSDT,binance
2026-05-21 01:15:00+00:00,9.72,9.743,9.696,9.698,88324.93,1779326399999,858702.69484000,2880,25978.73000000,252571.66139000,0,LINKUSDT,binance
2026-05-21 01:20:00+00:00,9.697,9.709,9.691,9.707,16044.72,1779326699999,155623.76788000,763,11705.59000000,113549.32079000,0,LINKUSDT,binance
2026-05-21 01:25:00+00:00,9.707,9.707,9.692,9.703,7570.4,1779326999999,73421.63186000,558,2655.10000000,25749.08832000,0,LINKUSDT,binance
2026-05-21 01:30:00+00:00,9.703,9.705,9.689,9.701,7602.82,1779327299999,73722.18642000,698,3895.19000000,37770.56906000,0,LINKUSDT,binance
2026-05-21 01:35:00+00:00,9.701,9.708,9.695,9.707,24399.41,1779327599999,236657.74940000,787,8229.15000000,79820.08772000,0,LINKUSDT,binance
2026-05-21 01:40:00+00:00,9.707,9.727,9.705,9.71,13928.31,1779327899999,135327.10496000,662,7045.50000000,68468.31739000,0,LINKUSDT,binance
2026-05-21 01:45:00+00:00,9.71,9.727,9.707,9.713,25705.81,1779328199999,249848.22641000,781,18863.74000000,183352.53097000,0,LINKUSDT,binance
2026-05-21 01:50:00+00:00,9.712,9.714,9.702,9.707,31015.2,1779328499999,301146.88535000,753,11642.67000000,113043.67657000,0,LINKUSDT,binance
2026-05-21 01:55:00+00:00,9.708,9.716,9.708,9.715,5716.49,1779328799999,55526.03346000,481,3545.59000000,34439.33532000,0,LINKUSDT,binance
2026-05-21 02:00:00+00:00,9.715,9.72,9.711,9.712,9396.41,1779329099999,91280.68181000,491,7214.46000000,70085.50597000,0,LINKUSDT,binance
2026-05-21 02:05:00+00:00,9.711,9.711,9.705,9.709,22091.73,1779329399999,214426.71619000,593,6041.50000000,58642.87903000,0,LINKUSDT,binance
2026-05-21 02:10:00+00:00,9.71,9.713,9.707,9.712,1679.94,1779329699999,16311.49718000,244,1288.23000000,12508.22441000,0,LINKUSDT,binance
2026-05-21 02:15:00+00:00,9.712,9.74,9.708,9.74,14876.2,1779329999999,144696.29365000,731,12063.93000000,117324.86078000,0,LINKUSDT,binance
2026-05-21 02:20:00+00:00,9.74,9.75,9.734,9.734,52319.96,1779330299999,509736.43629000,1316,28378.68000000,276517.87364000,0,LINKUSDT,binance
2026-05-21 02:25:00+00:00,9.734,9.749,9.734,9.743,17532.36,1779330599999,170829.45682000,566,14654.30000000,142783.78489000,0,LINKUSDT,binance
2026-05-21 02:30:00+00:00,9.743,9.752,9.738,9.748,15130.02,1779330899999,147481.53406000,529,9425.10000000,91884.56090000,0,LINKUSDT,binance
2026-05-21 02:35:00+00:00,9.748,9.753,9.742,9.748,2642.09,1779331199999,25758.15799000,311,1645.31000000,16040.98863000,0,LINKUSDT,binance
2026-05-21 02:40:00+00:00,9.748,9.75,9.742,9.747,2686.19,1779331499999,26176.68595000,270,1791.06000000,17452.12999000,0,LINKUSDT,binance
2026-05-21 02:45:00+00:00,9.748,9.748,9.734,9.734,2883.66,1779331799999,28091.54836000,233,1065.27000000,10380.15006000,0,LINKUSDT,binance
2026-05-21 02:50:00+00:00,9.733,9.742,9.728,9.73,8817.63,1779332099999,85836.06093000,377,1000.80000000,9743.68343000,0,LINKUSDT,binance
2026-05-21 02:55:00+00:00,9.731,9.731,9.717,9.719,1578.87,1779332399999,15354.49922000,179,545.19000000,5302.68266000,0,LINKUSDT,binance
2026-05-21 03:00:00+00:00,9.718,9.721,9.711,9.714,4050.24,1779332699999,39351.36895000,402,2517.51000000,24459.72765000,0,LINKUSDT,binance
2026-05-21 03:05:00+00:00,9.715,9.733,9.715,9.733,9139.04,1779332999999,88861.25414000,426,8113.64000000,78890.83219000,0,LINKUSDT,binance
2026-05-21 03:10:00+00:00,9.733,9.745,9.73,9.732,5511.79,1779333299999,53659.69678000,367,4125.04000000,40157.07565000,0,LINKUSDT,binance
2026-05-21 03:15:00+00:00,9.732,9.734,9.729,9.732,1840.14,1779333599999,17904.57292000,126,391.94000000,3814.38458000,0,LINKUSDT,binance
2026-05-21 03:20:00+00:00,9.732,9.749,9.731,9.749,1489.27,1779333899999,14506.56498000,197,1121.11000000,10919.11708000,0,LINKUSDT,binance
2026-05-21 03:25:00+00:00,9.749,9.759,9.746,9.752,17140.48,1779334199999,167146.79262000,546,3723.57000000,36310.42662000,0,LINKUSDT,binance
2026-05-21 03:30:00+00:00,9.751,9.757,9.749,9.751,3039.01,1779334499999,29636.53392000,298,2015.41000000,19654.12763000,0,LINKUSDT,binance
2026-05-21 03:35:00+00:00,9.751,9.756,9.747,9.755,2283.14,1779334799999,22268.99449000,335,1362.57000000,13290.88858000,0,LINKUSDT,binance
2026-05-21 03:40:00+00:00,9.756,9.756,9.751,9.754,1099.01,1779335099999,10718.54793000,223,652.94000000,6368.17824000,0,LINKUSDT,binance
2026-05-21 03:45:00+00:00,9.753,9.758,9.748,9.748,1321.47,1779335399999,12888.53778000,235,559.27000000,5454.96067000,0,LINKUSDT,binance
2026-05-21 03:50:00+00:00,9.748,9.758,9.748,9.757,3869.2,1779335699999,37744.22809000,439,1207.02000000,11774.26681000,0,LINKUSDT,binance
2026-05-21 03:55:00+00:00,9.757,9.769,9.756,9.762,6835.19,1779335999999,66726.30351000,409,3562.89000000,34775.42753000,0,LINKUSDT,binance
2026-05-21 04:00:00+00:00,9.761,9.775,9.76,9.772,3083.22,1779336299999,30125.02506000,402,1879.13000000,18359.30369000,0,LINKUSDT,binance
2026-05-21 04:05:00+00:00,9.772,9.777,9.757,9.758,18910.55,1779336599999,184711.11462000,705,9093.83000000,88841.77846000,0,LINKUSDT,binance
2026-05-21 04:10:00+00:00,9.758,9.761,9.747,9.748,2119.97,1779336899999,20675.91260000,396,645.46000000,6297.26813000,0,LINKUSDT,binance
2026-05-21 04:15:00+00:00,9.749,9.763,9.748,9.751,5758.18,1779337199999,56194.16025000,349,1948.47000000,19011.52524000,0,LINKUSDT,binance
2026-05-21 04:20:00+00:00,9.751,9.758,9.749,9.757,1985.44,1779337499999,19367.93715000,293,504.51000000,4921.07126000,0,LINKUSDT,binance
2026-05-21 04:25:00+00:00,9.757,9.76,9.751,9.753,1310.81,1779337799999,12787.81962000,150,509.75000000,4971.63381000,0,LINKUSDT,binance
2026-05-21 04:30:00+00:00,9.753,9.757,9.739,9.739,2223.08,1779338099999,21666.13940000,274,1263.76000000,12317.52464000,0,LINKUSDT,binance
2026-05-21 04:35:00+00:00,9.74,9.741,9.727,9.741,10550.98,1779338399999,102699.58671000,471,4736.57000000,46103.04297000,0,LINKUSDT,binance
2026-05-21 04:40:00+00:00,9.741,9.75,9.74,9.746,1762.17,1779338699999,17171.23850000,265,1109.08000000,10808.59763000,0,LINKUSDT,binance
2026-05-21 04:45:00+00:00,9.745,9.75,9.74,9.742,2019.07,1779338999999,19676.98526000,355,1289.10000000,12563.81640000,0,LINKUSDT,binance
2026-05-21 04:50:00+00:00,9.741,9.747,9.738,9.742,10928.46,1779339299999,106460.87544000,405,1590.87000000,15500.86937000,0,LINKUSDT,binance
2026-05-21 04:55:00+00:00,9.743,9.753,9.743,9.748,5926.62,1779339599999,57779.33763000,416,4677.73000000,45601.36773000,0,LINKUSDT,binance
2026-05-21 05:00:00+00:00,9.747,9.759,9.743,9.757,1989.6,1779339899999,19400.28550000,370,501.10000000,4885.06857000,0,LINKUSDT,binance
2026-05-21 05:05:00+00:00,9.757,9.76,9.749,9.75,1148.89,1779340199999,11205.60166000,177,478.82000000,4669.57221000,0,LINKUSDT,binance
2026-05-21 05:10:00+00:00,9.75,9.75,9.728,9.731,1444.95,1779340499999,14076.82029000,292,833.77000000,8121.16472000,0,LINKUSDT,binance
2026-05-21 05:15:00+00:00,9.73,9.739,9.725,9.734,2331.21,1779340799999,22693.28087000,307,685.34000000,6671.03626000,0,LINKUSDT,binance
2026-05-21 05:20:00+00:00,9.734,9.74,9.725,9.728,31667.24,1779341099999,308299.70233000,481,25160.92000000,244990.08695000,0,LINKUSDT,binance
2026-05-21 05:25:00+00:00,9.729,9.73,9.713,9.713,2650.97,1779341399999,25773.52773000,227,653.95000000,6357.14850000,0,LINKUSDT,binance
2026-05-21 05:30:00+00:00,9.713,9.716,9.7,9.714,18071.38,1779341699999,175429.27920000,606,5029.56000000,48841.09219000,0,LINKUSDT,binance
2026-05-21 05:35:00+00:00,9.713,9.713,9.706,9.706,1196.75,1779341999999,11619.37870000,137,303.45000000,2946.09931000,0,LINKUSDT,binance
2026-05-21 05:40:00+00:00,9.707,9.709,9.7,9.701,6392.39,1779342299999,62028.73460000,282,2312.82000000,22444.17808000,0,LINKUSDT,binance
2026-05-21 05:45:00+00:00,9.701,9.706,9.666,9.68,40988.38,1779342599999,397323.26886000,1267,11488.83000000,111315.87449000,0,LINKUSDT,binance
2026-05-21 05:50:00+00:00,9.681,9.689,9.68,9.686,5596.21,1779342899999,54203.16208000,381,3702.58000000,35864.16543000,0,LINKUSDT,binance
2026-05-21 05:55:00+00:00,9.685,9.688,9.68,9.687,1817.95,1779343199999,17603.80961000,222,1252.73000000,12130.93284000,0,LINKUSDT,binance
2026-05-21 06:00:00+00:00,9.687,9.691,9.678,9.685,5601.33,1779343499999,54238.89618000,409,3350.47000000,32448.81849000,0,LINKUSDT,binance
2026-05-21 06:05:00+00:00,9.685,9.7,9.675,9.678,5846.45,1779343799999,56651.55074000,553,1063.11000000,10299.00114000,0,LINKUSDT,binance
2026-05-21 06:10:00+00:00,9.679,9.686,9.676,9.68,5312.61,1779344099999,51425.89295000,428,3358.08000000,32507.39895000,0,LINKUSDT,binance
2026-05-21 06:15:00+00:00,9.681,9.685,9.665,9.668,3358.5,1779344399999,32498.32768000,325,1161.53000000,11231.95732000,0,LINKUSDT,binance
2026-05-21 06:20:00+00:00,9.669,9.7,9.669,9.694,18036.05,1779344699999,174696.89129000,822,13898.48000000,134600.71142000,0,LINKUSDT,binance
2026-05-21 06:25:00+00:00,9.693,9.693,9.673,9.68,10520.53,1779344999999,101853.97114000,1201,3551.59000000,34373.89924000,0,LINKUSDT,binance
2026-05-21 06:30:00+00:00,9.681,9.688,9.681,9.685,1540.36,1779345299999,14916.89545000,262,1126.64000000,10910.26106000,0,LINKUSDT,binance
2026-05-21 06:35:00+00:00,9.685,9.685,9.665,9.666,1054.93,1779345599999,10205.54819000,336,308.90000000,2990.15401000,0,LINKUSDT,binance
2026-05-21 06:40:00+00:00,9.665,9.665,9.652,9.656,4336.73,1779345899999,41886.64097000,581,1324.95000000,12795.86606000,0,LINKUSDT,binance
2026-05-21 06:45:00+00:00,9.656,9.661,9.632,9.637,12048.9,1779346199999,116244.32779000,1115,7353.34000000,70972.12912000,0,LINKUSDT,binance
2026-05-21 06:50:00+00:00,9.637,9.645,9.627,9.641,11069.71,1779346499999,106671.86528000,682,7160.14000000,69003.55779000,0,LINKUSDT,binance
2026-05-21 06:55:00+00:00,9.641,9.644,9.632,9.643,5797.96,1779346799999,55893.13410000,386,3343.35000000,32232.69928000,0,LINKUSDT,binance
2026-05-21 07:00:00+00:00,9.642,9.653,9.632,9.634,18699.68,1779347099999,180263.53622000,933,7527.95000000,72605.54211000,0,LINKUSDT,binance
2026-05-21 07:05:00+00:00,9.634,9.656,9.634,9.647,5793.71,1779347399999,55875.36853000,633,2900.04000000,27971.81557000,0,LINKUSDT,binance
2026-05-21 07:10:00+00:00,9.647,9.65,9.637,9.643,11684.7,1779347699999,112678.06381000,592,2967.72000000,28622.75276000,0,LINKUSDT,binance
2026-05-21 07:15:00+00:00,9.642,9.647,9.624,9.625,14278.8,1779347999999,137546.29938000,914,5548.27000000,53450.66234000,0,LINKUSDT,binance
2026-05-21 07:20:00+00:00,9.626,9.63,9.624,9.63,1519.12,1779348299999,14624.05027000,440,946.53000000,9112.39535000,0,LINKUSDT,binance
2026-05-21 07:25:00+00:00,9.629,9.646,9.628,9.639,5798.49,1779348599999,55877.60005000,529,4182.39000000,40300.69511000,0,LINKUSDT,binance
2026-05-21 07:30:00+00:00,9.639,9.655,9.639,9.654,14815.06,1779348899999,142869.11845000,594,11777.31000000,113571.94781000,0,LINKUSDT,binance
2026-05-21 07:35:00+00:00,9.655,9.677,9.655,9.677,6574.71,1779349199999,63534.65881000,503,6003.62000000,58013.70990000,0,LINKUSDT,binance
2026-05-21 07:40:00+00:00,9.678,9.688,9.676,9.687,3428.67,1779349499999,33195.30043000,467,2871.43000000,27800.25072000,0,LINKUSDT,binance
2026-05-21 07:45:00+00:00,9.688,9.698,9.687,9.696,2968.84,1779349799999,28782.34436000,456,1860.45000000,18037.24111000,0,LINKUSDT,binance
2026-05-21 07:50:00+00:00,9.695,9.697,9.688,9.696,2101.69,1779350099999,20373.39958000,313,1580.44000000,15321.59480000,0,LINKUSDT,binance
2026-05-21 07:55:00+00:00,9.696,9.704,9.694,9.694,4047.62,1779350399999,39261.54068000,420,3108.65000000,30155.93797000,0,LINKUSDT,binance
2026-05-21 08:00:00+00:00,9.694,9.72,9.691,9.72,2782.93,1779350699999,27020.44680000,634,1656.86000000,16084.01086000,0,LINKUSDT,binance
2026-05-21 08:05:00+00:00,9.72,9.749,9.72,9.735,6125.77,1779350999999,59627.63117000,1287,3584.57000000,34895.01386000,0,LINKUSDT,binance
2026-05-21 08:10:00+00:00,9.735,9.757,9.73,9.753,9255.01,1779351299999,90181.82194000,961,5827.15000000,56790.03157000,0,LINKUSDT,binance
2026-05-21 08:15:00+00:00,9.753,9.762,9.734,9.734,10077.33,1779351599999,98241.30952000,1021,3755.00000000,36630.53474000,0,LINKUSDT,binance
2026-05-21 08:20:00+00:00,9.734,9.736,9.72,9.731,3366.79,1779351899999,32751.02150000,407,2261.16000000,21997.53767000,0,LINKUSDT,binance
2026-05-21 08:25:00+00:00,9.73,9.742,9.72,9.738,10393.65,1779352199999,101119.20027000,804,6045.91000000,58827.16452000,0,LINKUSDT,binance
2026-05-21 08:30:00+00:00,9.737,9.737,9.71,9.722,9592.66,1779352499999,93245.97556000,592,6349.18000000,61711.19391000,0,LINKUSDT,binance
2026-05-21 08:35:00+00:00,9.723,9.725,9.702,9.708,6659.42,1779352799999,64684.68833000,502,1237.98000000,12021.44169000,0,LINKUSDT,binance
2026-05-21 08:40:00+00:00,9.708,9.715,9.706,9.713,7161.46,1779353099999,69536.97331000,313,3418.53000000,33196.58362000,0,LINKUSDT,binance
2026-05-21 08:45:00+00:00,9.714,9.714,9.695,9.695,1938.87,1779353399999,18808.11026000,513,1106.23000000,10730.13777000,0,LINKUSDT,binance
2026-05-21 08:50:00+00:00,9.695,9.695,9.675,9.676,1707.87,1779353699999,16535.28004000,368,544.73000000,5274.15053000,0,LINKUSDT,binance
2026-05-21 08:55:00+00:00,9.677,9.69,9.676,9.679,3696.72,1779353999999,35800.74023000,279,2866.99000000,27766.03208000,0,LINKUSDT,binance
2026-05-21 09:00:00+00:00,9.678,9.678,9.665,9.672,2836.49,1779354299999,27426.75532000,349,1289.94000000,12475.25501000,0,LINKUSDT,binance
2026-05-21 09:05:00+00:00,9.673,9.69,9.673,9.679,25642.35,1779354599999,248305.30223000,699,6198.91000000,60020.98139000,0,LINKUSDT,binance
2026-05-21 09:10:00+00:00,9.679,9.69,9.677,9.687,3733.32,1779354899999,36149.99823000,208,1808.78000000,17517.82649000,0,LINKUSDT,binance
2026-05-21 09:15:00+00:00,9.687,9.691,9.68,9.683,2851.39,1779355199999,27614.83831000,228,1156.55000000,11201.17457000,0,LINKUSDT,binance
2026-05-21 09:20:00+00:00,9.682,9.699,9.682,9.691,1770.9,1779355499999,17169.70671000,342,574.23000000,5566.70466000,0,LINKUSDT,binance
2026-05-21 09:25:00+00:00,9.692,9.695,9.682,9.682,1084.55,1779355799999,10506.37287000,319,465.49000000,4509.28036000,0,LINKUSDT,binance
2026-05-21 09:30:00+00:00,9.681,9.684,9.64,9.642,8829.91,1779356099999,85303.00363000,733,1638.28000000,15826.42838000,0,LINKUSDT,binance
2026-05-21 09:35:00+00:00,9.643,9.647,9.604,9.604,9439.53,1779356399999,90865.31717000,673,3210.35000000,30900.57341000,0,LINKUSDT,binance
2026-05-21 09:40:00+00:00,9.604,9.63,9.603,9.629,7445.76,1779356699999,71616.66023000,692,5685.93000000,54687.32156000,0,LINKUSDT,binance
2026-05-21 09:45:00+00:00,9.628,9.64,9.626,9.634,17898.1,1779356999999,172433.45573000,602,11165.49000000,107560.36847000,0,LINKUSDT,binance
2026-05-21 09:50:00+00:00,9.635,9.636,9.618,9.621,2475.04,1779357299999,23829.80405000,322,1566.26000000,15080.72816000,0,LINKUSDT,binance
2026-05-21 09:55:00+00:00,9.621,9.631,9.614,9.617,4699.39,1779357599999,45214.83411000,512,719.13000000,6920.94209000,0,LINKUSDT,binance
2026-05-21 10:00:00+00:00,9.618,9.63,9.611,9.621,6996.36,1779357899999,67316.99120000,501,3539.45000000,34061.89130000,0,LINKUSDT,binance
2026-05-21 10:05:00+00:00,9.622,9.629,9.618,9.629,5679.32,1779358199999,54656.60633000,477,4030.04000000,38785.03946000,0,LINKUSDT,binance
2026-05-21 10:10:00+00:00,9.63,9.636,9.622,9.627,4321.4,1779358499999,41601.38386000,362,3102.66000000,29867.63713000,0,LINKUSDT,binance
2026-05-21 10:15:00+00:00,9.628,9.635,9.622,9.633,5288.24,1779358799999,50916.65931000,389,3491.34000000,33612.48166000,0,LINKUSDT,binance
2026-05-21 10:20:00+00:00,9.634,9.635,9.625,9.63,5661.82,1779359099999,54516.71016000,371,4499.40000000,43323.70483000,0,LINKUSDT,binance
2026-05-21 10:25:00+00:00,9.63,9.632,9.52,9.562,39415.63,1779359399999,377046.89818000,3453,19647.75000000,187892.38152000,0,LINKUSDT,binance
2026-05-21 10:30:00+00:00,9.562,9.579,9.536,9.573,12180.27,1779359699999,116338.32129000,989,6168.01000000,58927.68223000,0,LINKUSDT,binance
2026-05-21 10:35:00+00:00,9.573,9.589,9.55,9.55,18122.62,1779359999999,173330.19300000,944,11081.46000000,105940.15026000,0,LINKUSDT,binance
2026-05-21 10:40:00+00:00,9.551,9.579,9.544,9.575,21729.73,1779360299999,207672.46183000,614,9541.46000000,91237.17927000,0,LINKUSDT,binance
2026-05-21 10:45:00+00:00,9.575,9.581,9.562,9.572,10621.59,1779360599999,101674.95230000,716,5436.80000000,52047.30965000,0,LINKUSDT,binance
2026-05-21 10:50:00+00:00,9.572,9.575,9.549,9.568,29802.44,1779360899999,284883.17283000,862,13123.05000000,125487.22202000,0,LINKUSDT,binance
2026-05-21 10:55:00+00:00,9.569,9.573,9.554,9.555,9462.42,1779361199999,90469.85926000,622,4256.49000000,40696.12751000,0,LINKUSDT,binance
2026-05-21 11:00:00+00:00,9.556,9.569,9.536,9.559,23953.61,1779361499999,228858.92125000,1033,13981.61000000,133568.76145000,0,LINKUSDT,binance
2026-05-21 11:05:00+00:00,9.56,9.564,9.552,9.562,4478.39,1779361799999,42811.58484000,466,3263.32000000,31195.53924000,0,LINKUSDT,binance
2026-05-21 11:10:00+00:00,9.563,9.579,9.562,9.575,1647.5,1779362099999,15770.04514000,206,1011.72000000,9685.08839000,0,LINKUSDT,binance
2026-05-21 11:15:00+00:00,9.574,9.595,9.573,9.581,9072.46,1779362399999,86972.01288000,479,7158.77000000,68632.42721000,0,LINKUSDT,binance
2026-05-21 11:20:00+00:00,9.58,9.589,9.569,9.574,8223.61,1779362699999,78755.50649000,580,1498.33000000,14355.35755000,0,LINKUSDT,binance
2026-05-21 11:25:00+00:00,9.574,9.577,9.569,9.575,2613.11,1779362999999,25012.71524000,225,1433.50000000,13723.32264000,0,LINKUSDT,binance
2026-05-21 11:30:00+00:00,9.575,9.586,9.562,9.565,3670.18,1779363299999,35149.69089000,371,2203.75000000,21113.57957000,0,LINKUSDT,binance
2026-05-21 11:35:00+00:00,9.565,9.569,9.55,9.562,8678.85,1779363599999,82955.87393000,605,4755.47000000,45443.33285000,0,LINKUSDT,binance
2026-05-21 11:40:00+00:00,9.561,9.567,9.556,9.558,2604.0,1779363899999,24901.69850000,330,1585.13000000,15158.57349000,0,LINKUSDT,binance
2026-05-21 11:45:00+00:00,9.558,9.567,9.558,9.562,1549.54,1779364199999,14818.22093000,272,556.09000000,5316.94251000,0,LINKUSDT,binance
2026-05-21 11:50:00+00:00,9.562,9.565,9.557,9.559,1977.94,1779364499999,18911.58614000,196,1065.65000000,10189.92272000,0,LINKUSDT,binance
2026-05-21 11:55:00+00:00,9.558,9.561,9.55,9.55,3612.14,1779364799999,34508.09058000,393,892.32000000,8525.77258000,0,LINKUSDT,binance
2026-05-21 12:00:00+00:00,9.55,9.576,9.55,9.575,10489.29,1779365099999,100272.30515000,539,6269.00000000,59931.20252000,0,LINKUSDT,binance
2026-05-21 12:05:00+00:00,9.574,9.574,9.554,9.561,4038.13,1779365399999,38619.77074000,291,868.51000000,8301.08229000,0,LINKUSDT,binance
2026-05-21 12:10:00+00:00,9.56,9.56,9.548,9.557,4660.98,1779365699999,44525.50129000,302,2614.21000000,24976.47292000,0,LINKUSDT,binance
2026-05-21 12:15:00+00:00,9.558,9.565,9.548,9.554,8021.09,1779365999999,76662.42884000,396,3364.54000000,32160.56631000,0,LINKUSDT,binance
2026-05-21 12:20:00+00:00,9.554,9.556,9.539,9.545,5573.46,1779366299999,53182.14696000,420,1167.80000000,11144.78661000,0,LINKUSDT,binance
2026-05-21 12:25:00+00:00,9.545,9.549,9.529,9.534,8786.52,1779366599999,83766.49678000,347,964.05000000,9194.12138000,0,LINKUSDT,binance
2026-05-21 12:30:00+00:00,9.534,9.579,9.524,9.579,20816.48,1779366899999,198699.74415000,1353,14920.67000000,142441.12839000,0,LINKUSDT,binance
2026-05-21 12:35:00+00:00,9.579,9.596,9.573,9.59,6021.32,1779367199999,57688.59251000,450,981.83000000,9411.01899000,0,LINKUSDT,binance
2026-05-21 12:40:00+00:00,9.591,9.591,9.579,9.582,2034.03,1779367499999,19497.58997000,162,244.23000000,2340.00574000,0,LINKUSDT,binance
2026-05-21 12:45:00+00:00,9.583,9.594,9.582,9.587,5309.18,1779367799999,50912.80651000,271,4468.27000000,42848.58026000,0,LINKUSDT,binance
2026-05-21 12:50:00+00:00,9.586,9.596,9.576,9.591,2972.23,1779368099999,28486.23601000,283,2378.17000000,22794.40444000,0,LINKUSDT,binance
2026-05-21 12:55:00+00:00,9.591,9.597,9.58,9.581,1778.02,1779368399999,17048.08449000,280,873.76000000,8379.84506000,0,LINKUSDT,binance
2026-05-21 13:00:00+00:00,9.58,9.602,9.577,9.595,6114.62,1779368699999,58655.10722000,465,2278.67000000,21855.04206000,0,LINKUSDT,binance
2026-05-21 13:05:00+00:00,9.596,9.604,9.59,9.601,1998.44,1779368999999,19184.53963000,226,703.15000000,6749.63795000,0,LINKUSDT,binance
2026-05-21 13:10:00+00:00,9.602,9.608,9.597,9.6,2573.45,1779369299999,24705.82263000,220,1753.04000000,16829.27869000,0,LINKUSDT,binance
2026-05-21 13:15:00+00:00,9.6,9.6,9.586,9.59,6958.45,1779369599999,66740.52916000,347,495.65000000,4754.96687000,0,LINKUSDT,binance
2026-05-21 13:20:00+00:00,9.59,9.604,9.587,9.597,5246.5,1779369899999,50359.41402000,292,3936.69000000,37785.36203000,0,LINKUSDT,binance
2026-05-21 13:25:00+00:00,9.599,9.612,9.596,9.612,544.87,1779370199999,5230.99592000,141,377.89000000,3628.29745000,0,LINKUSDT,binance
2026-05-21 13:30:00+00:00,9.613,9.615,9.572,9.596,17625.79,1779370499999,169016.38740000,1245,10778.00000000,103321.32277000,0,LINKUSDT,binance
2026-05-21 13:35:00+00:00,9.596,9.596,9.546,9.549,15240.53,1779370799999,145789.53228000,1341,3040.69000000,29105.35508000,0,LINKUSDT,binance
2026-05-21 13:40:00+00:00,9.55,9.565,9.526,9.534,7403.97,1779371099999,70684.06100000,734,2510.02000000,23959.54071000,0,LINKUSDT,binance
2026-05-21 13:45:00+00:00,9.534,9.571,9.534,9.555,4590.06,1779371399999,43858.46580000,559,2539.41000000,24263.81399000,0,LINKUSDT,binance
2026-05-21 13:50:00+00:00,9.555,9.613,9.553,9.61,13200.94,1779371699999,126426.21019000,880,10179.37000000,97504.09416000,0,LINKUSDT,binance
2026-05-21 13:55:00+00:00,9.611,9.633,9.602,9.613,8820.78,1779371999999,84811.34249000,674,4440.01000000,42690.24832000,0,LINKUSDT,binance
2026-05-21 14:00:00+00:00,9.614,9.642,9.612,9.63,14309.81,1779372299999,137885.62723000,583,1827.04000000,17595.52860000,0,LINKUSDT,binance
2026-05-21 14:05:00+00:00,9.63,9.63,9.596,9.617,6514.02,1779372599999,62598.98128000,507,2339.45000000,22478.29903000,0,LINKUSDT,binance
2026-05-21 14:10:00+00:00,9.618,9.619,9.589,9.598,12161.67,1779372899999,116734.02339000,602,6690.35000000,64229.52207000,0,LINKUSDT,binance
2026-05-21 14:15:00+00:00,9.599,9.599,9.568,9.581,6446.96,1779373199999,61793.69938000,620,3230.17000000,30956.71021000,0,LINKUSDT,binance
2026-05-21 14:20:00+00:00,9.58,9.593,9.566,9.589,8851.0,1779373499999,84760.41046000,685,2996.20000000,28704.79758000,0,LINKUSDT,binance
2026-05-21 14:25:00+00:00,9.588,9.604,9.588,9.603,1900.61,1779373799999,18239.23601000,364,715.67000000,6868.94847000,0,LINKUSDT,binance
2026-05-21 14:30:00+00:00,9.604,9.628,9.604,9.619,1970.51,1779374099999,18953.40915000,441,1466.31000000,14102.78971000,0,LINKUSDT,binance
2026-05-21 14:35:00+00:00,9.62,9.639,9.62,9.621,3216.0,1779374399999,30973.27016000,375,719.34000000,6928.79687000,0,LINKUSDT,binance
2026-05-21 14:40:00+00:00,9.622,9.623,9.588,9.593,4221.16,1779374699999,40538.39082000,520,2052.07000000,19711.80697000,0,LINKUSDT,binance
2026-05-21 14:45:00+00:00,9.593,9.6,9.575,9.584,2522.7,1779374999999,24184.66893000,520,2065.40000000,19800.66473000,0,LINKUSDT,binance
2026-05-21 14:50:00+00:00,9.583,9.598,9.574,9.595,2185.28,1779375299999,20950.64812000,322,980.67000000,9403.63267000,0,LINKUSDT,binance
2026-05-21 14:55:00+00:00,9.597,9.602,9.585,9.594,1933.0,1779375599999,18540.36054000,258,1001.98000000,9609.09323000,0,LINKUSDT,binance
2026-05-21 15:00:00+00:00,9.594,9.606,9.59,9.603,4223.76,1779375899999,40544.03693000,468,2019.81000000,19388.92310000,0,LINKUSDT,binance
2026-05-21 15:05:00+00:00,9.604,9.606,9.577,9.589,8543.75,1779376199999,81928.39623000,596,2570.29000000,24638.79172000,0,LINKUSDT,binance
2026-05-21 15:10:00+00:00,9.589,9.654,9.585,9.632,19505.1,1779376499999,187682.78382000,1032,14511.67000000,139625.78434000,0,LINKUSDT,binance
2026-05-21 15:15:00+00:00,9.632,9.653,9.63,9.645,6870.31,1779376799999,66241.22540000,454,4900.25000000,47253.06277000,0,LINKUSDT,binance
2026-05-21 15:20:00+00:00,9.645,9.674,9.64,9.658,7265.8,1779377099999,70179.90881000,537,4098.78000000,39582.87899000,0,LINKUSDT,binance
2026-05-21 15:25:00+00:00,9.659,9.682,9.657,9.678,8023.13,1779377399999,77595.83167000,441,4095.92000000,39618.91907000,0,LINKUSDT,binance
2026-05-21 15:30:00+00:00,9.679,9.687,9.619,9.625,9528.38,1779377699999,92044.87770000,1007,2526.47000000,24409.93387000,0,LINKUSDT,binance
2026-05-21 15:35:00+00:00,9.626,9.641,9.626,9.641,4325.28,1779377999999,41670.04793000,539,2322.22000000,22376.67628000,0,LINKUSDT,binance
2026-05-21 15:40:00+00:00,9.64,9.645,9.631,9.636,4775.9,1779378299999,46037.88042000,420,3198.54000000,30829.85972000,0,LINKUSDT,binance
2026-05-21 15:45:00+00:00,9.636,9.68,9.636,9.661,4688.41,1779378599999,45288.34232000,588,1589.46000000,15352.78744000,0,LINKUSDT,binance
2026-05-21 15:50:00+00:00,9.662,9.668,9.634,9.634,3766.0,1779378899999,36348.20195000,400,1052.05000000,10159.78970000,0,LINKUSDT,binance
2026-05-21 15:55:00+00:00,9.635,9.655,9.635,9.648,1894.44,1779379199999,18274.97928000,251,1225.39000000,11818.59739000,0,LINKUSDT,binance
2026-05-21 16:00:00+00:00,9.649,9.672,9.649,9.66,12007.06,1779379499999,116052.18839000,598,7072.04000000,68357.07257000,0,LINKUSDT,binance
2026-05-21 16:05:00+00:00,9.661,9.67,9.654,9.668,1125.61,1779379799999,10874.06273000,329,331.79000000,3206.31272000,0,LINKUSDT,binance
2026-05-21 16:10:00+00:00,9.669,9.67,9.631,9.641,3777.88,1779380099999,36459.11844000,650,1088.21000000,10494.27651000,0,LINKUSDT,binance
2026-05-21 16:15:00+00:00,9.642,9.647,9.623,9.63,1740.32,1779380399999,16763.45628000,471,686.33000000,6609.24327000,0,LINKUSDT,binance
2026-05-21 16:20:00+00:00,9.631,9.637,9.615,9.624,626.32,1779380699999,6027.83872000,334,344.55000000,3315.46983000,0,LINKUSDT,binance
2026-05-21 16:25:00+00:00,9.623,9.631,9.616,9.63,1006.61,1779380999999,9690.66466000,220,594.18000000,5721.16612000,0,LINKUSDT,binance
2026-05-21 16:30:00+00:00,9.63,9.667,9.63,9.656,6261.17,1779381299999,60425.35566000,510,4069.88000000,39264.96803000,0,LINKUSDT,binance
2026-05-21 16:35:00+00:00,9.655,9.656,9.625,9.632,5058.05,1779381599999,48737.23294000,456,2340.70000000,22554.66556000,0,LINKUSDT,binance
2026-05-21 16:40:00+00:00,9.634,9.638,9.62,9.628,25681.46,1779381899999,247201.67423000,620,8759.86000000,84358.67600000,0,LINKUSDT,binance
2026-05-21 16:45:00+00:00,9.628,9.635,9.617,9.625,1627.6,1779382199999,15666.94585000,328,1209.63000000,11645.59298000,0,LINKUSDT,binance
2026-05-21 16:50:00+00:00,9.624,9.638,9.612,9.637,2666.98,1779382499999,25662.25152000,396,1426.19000000,13722.34472000,0,LINKUSDT,binance
2026-05-21 16:55:00+00:00,9.636,9.645,9.636,9.644,905.77,1779382799999,8733.39618000,193,363.27000000,3502.94232000,0,LINKUSDT,binance
2026-05-21 17:00:00+00:00,9.645,9.667,9.645,9.655,3402.98,1779383099999,32865.08377000,404,1552.78000000,14996.51929000,0,LINKUSDT,binance
2026-05-21 17:05:00+00:00,9.655,9.656,9.646,9.653,1875.78,1779383399999,18101.09201000,250,857.89000000,8278.82749000,0,LINKUSDT,binance
2026-05-21 17:10:00+00:00,9.652,9.721,9.652,9.705,42543.77,1779383699999,412594.55631000,2345,32392.31000000,314126.81599000,0,LINKUSDT,binance
2026-05-21 17:15:00+00:00,9.705,9.75,9.7,9.731,31203.32,1779383999999,303503.01762000,2128,11993.63000000,116671.00973000,0,LINKUSDT,binance
2026-05-21 17:20:00+00:00,9.732,9.8,9.721,9.777,55165.85,1779384299999,538836.84963000,2821,35976.88000000,351407.45319000,0,LINKUSDT,binance
2026-05-21 17:25:00+00:00,9.778,9.807,9.778,9.801,24431.2,1779384599999,239253.70823000,1523,15574.97000000,152537.11855000,0,LINKUSDT,binance
2026-05-21 17:30:00+00:00,9.803,9.812,9.78,9.799,22233.45,1779384899999,217919.57031000,1542,15663.71000000,153544.58016000,0,LINKUSDT,binance
2026-05-21 17:35:00+00:00,9.8,9.811,9.793,9.793,9713.17,1779385199999,95228.66561000,869,7596.51000000,74480.39712000,0,LINKUSDT,binance
2026-05-21 17:40:00+00:00,9.794,9.811,9.794,9.807,5525.17,1779385499999,54164.25837000,746,2746.29000000,26924.67225000,0,LINKUSDT,binance
2026-05-21 17:45:00+00:00,9.808,9.81,9.785,9.808,15131.27,1779385799999,148230.15306000,949,8822.16000000,86413.42210000,0,LINKUSDT,binance
2026-05-21 17:50:00+00:00,9.809,9.848,9.8,9.841,32006.22,1779386099999,314733.89960000,1777,13490.55000000,132675.73018000,0,LINKUSDT,binance
2026-05-21 17:55:00+00:00,9.842,9.858,9.81,9.81,10394.91,1779386399999,102286.18753000,995,5661.86000000,55732.78917000,0,LINKUSDT,binance
2026-05-21 18:00:00+00:00,9.809,9.819,9.783,9.785,15463.29,1779386699999,151536.07257000,1296,5861.41000000,57444.13999000,0,LINKUSDT,binance
2026-05-21 18:05:00+00:00,9.784,9.812,9.776,9.805,7823.28,1779386999999,76626.40150000,899,5447.32000000,53367.03530000,0,LINKUSDT,binance
2026-05-21 18:10:00+00:00,9.805,9.809,9.787,9.798,8201.27,1779387299999,80375.92658000,725,4273.04000000,41885.61547000,0,LINKUSDT,binance
2026-05-21 18:15:00+00:00,9.799,9.813,9.785,9.81,5955.72,1779387599999,58375.38472000,615,1346.01000000,13191.56943000,0,LINKUSDT,binance
2026-05-21 18:20:00+00:00,9.811,9.821,9.801,9.821,4800.88,1779387899999,47085.90504000,444,2663.51000000,26124.19810000,0,LINKUSDT,binance
2026-05-21 18:25:00+00:00,9.822,9.826,9.797,9.799,8919.61,1779388199999,87506.12978000,544,2566.80000000,25187.53758000,0,LINKUSDT,binance
2026-05-21 18:30:00+00:00,9.799,9.81,9.793,9.808,11563.43,1779388499999,113370.43208000,633,8057.15000000,78994.54192000,0,LINKUSDT,binance
2026-05-21 18:35:00+00:00,9.809,9.812,9.799,9.799,2675.05,1779388799999,26228.57251000,386,681.47000000,6684.22914000,0,LINKUSDT,binance
2026-05-21 18:40:00+00:00,9.799,9.814,9.799,9.803,15727.5,1779389099999,154182.65034000,546,13254.33000000,129926.03486000,0,LINKUSDT,binance
2026-05-21 18:45:00+00:00,9.803,9.806,9.743,9.747,12214.04,1779389399999,119381.46239000,1298,2679.27000000,26169.55925000,0,LINKUSDT,binance
2026-05-21 18:50:00+00:00,9.746,9.765,9.704,9.704,14568.59,1779389699999,141884.21477000,1729,6681.08000000,65085.29714000,0,LINKUSDT,binance
2026-05-21 18:55:00+00:00,9.705,9.741,9.696,9.741,10473.29,1779389999999,101730.88054000,1016,5175.80000000,50282.73743000,0,LINKUSDT,binance
2026-05-21 19:00:00+00:00,9.74,9.757,9.739,9.746,8529.67,1779390299999,83143.67871000,849,4137.56000000,40335.44808000,0,LINKUSDT,binance
2026-05-21 19:05:00+00:00,9.745,9.769,9.739,9.768,5796.74,1779390599999,56529.09910000,628,3359.04000000,32763.89246000,0,LINKUSDT,binance
2026-05-21 19:10:00+00:00,9.768,9.774,9.76,9.762,3291.55,1779390899999,32152.14524000,402,941.02000000,9192.94868000,0,LINKUSDT,binance
2026-05-21 19:15:00+00:00,9.762,9.769,9.759,9.769,1767.0,1779391199999,17252.27815000,325,902.68000000,8813.90464000,0,LINKUSDT,binance
2026-05-21 19:20:00+00:00,9.77,9.77,9.756,9.758,697.06,1779391499999,6804.36276000,195,325.53000000,3178.17535000,0,LINKUSDT,binance
2026-05-21 19:25:00+00:00,9.758,9.762,9.745,9.751,1960.64,1779391799999,19117.04479000,265,732.30000000,7140.31782000,0,LINKUSDT,binance
2026-05-21 19:30:00+00:00,9.751,9.76,9.75,9.759,1592.71,1779392099999,15533.73911000,254,199.68000000,1947.71743000,0,LINKUSDT,binance
2026-05-21 19:35:00+00:00,9.759,9.772,9.759,9.761,5610.49,1779392399999,54789.07998000,311,4244.97000000,41453.50257000,0,LINKUSDT,binance
2026-05-21 19:40:00+00:00,9.762,9.769,9.757,9.76,1247.33,1779392699999,12176.92583000,189,301.83000000,2946.18287000,0,LINKUSDT,binance
2026-05-21 19:45:00+00:00,9.76,9.777,9.76,9.771,2040.55,1779392999999,19937.81727000,234,1197.79000000,11704.64925000,0,LINKUSDT,binance
2026-05-21 19:50:00+00:00,9.771,9.798,9.771,9.784,7825.48,1779393299999,76566.95965000,723,5900.31000000,57730.59378000,0,LINKUSDT,binance
2026-05-21 19:55:00+00:00,9.785,9.81,9.78,9.801,8904.97,1779393599999,87284.31441000,614,7235.93000000,70921.32141000,0,LINKUSDT,binance
2026-05-21 20:00:00+00:00,9.801,9.81,9.796,9.796,4610.35,1779393899999,45205.34881000,343,1599.12000000,15680.44340000,0,LINKUSDT,binance
2026-05-21 20:05:00+00:00,9.797,9.815,9.797,9.808,6065.01,1779394199999,59486.08421000,492,3852.09000000,37781.88496000,0,LINKUSDT,binance
2026-05-21 20:10:00+00:00,9.808,9.809,9.786,9.794,1216.78,1779394499999,11913.65567000,250,533.05000000,5217.80194000,0,LINKUSDT,binance
2026-05-21 20:15:00+00:00,9.794,9.8,9.783,9.791,3656.14,1779394799999,35790.06202000,289,1521.33000000,14898.72201000,0,LINKUSDT,binance
2026-05-21 20:20:00+00:00,9.79,9.791,9.785,9.789,2696.57,1779395099999,26394.11902000,201,967.28000000,9467.88556000,0,LINKUSDT,binance
2026-05-21 20:25:00+00:00,9.79,9.796,9.78,9.784,2862.13,1779395399999,28021.12278000,274,1748.43000000,17117.65324000,0,LINKUSDT,binance
2026-05-21 20:30:00+00:00,9.784,9.792,9.784,9.789,3230.46,1779395699999,31618.92391000,174,427.18000000,4180.74639000,0,LINKUSDT,binance
2026-05-21 20:35:00+00:00,9.79,9.795,9.767,9.774,15220.62,1779395999999,148793.06126000,492,3569.64000000,34932.58303000,0,LINKUSDT,binance
2026-05-21 20:40:00+00:00,9.773,9.784,9.772,9.784,1837.92,1779396299999,17970.03999000,167,1274.68000000,12460.83850000,0,LINKUSDT,binance
2026-05-21 20:45:00+00:00,9.785,9.805,9.785,9.797,4752.21,1779396599999,46562.00611000,365,3202.24000000,31376.66533000,0,LINKUSDT,binance
2026-05-21 20:50:00+00:00,9.797,9.798,9.765,9.766,4115.77,1779396899999,40237.75901000,536,2097.35000000,20494.02807000,0,LINKUSDT,binance
2026-05-21 20:55:00+00:00,9.767,9.772,9.767,9.772,1168.54,1779397199999,11415.49031000,123,201.56000000,1969.06618000,0,LINKUSDT,binance
2026-05-21 21:00:00+00:00,9.772,9.787,9.772,9.779,3834.82,1779397499999,37508.49436000,318,1932.12000000,18897.54690000,0,LINKUSDT,binance
2026-05-21 21:05:00+00:00,9.779,9.787,9.779,9.787,601.38,1779397799999,5882.01506000,148,263.58000000,2578.18163000,0,LINKUSDT,binance
2026-05-21 21:10:00+00:00,9.787,9.793,9.782,9.783,4104.03,1779398099999,40172.51502000,335,1581.60000000,15479.82158000,0,LINKUSDT,binance
2026-05-21 21:15:00+00:00,9.783,9.793,9.779,9.785,2284.79,1779398399999,22360.88845000,220,788.17000000,7713.96054000,0,LINKUSDT,binance
2026-05-21 21:20:00+00:00,9.785,9.795,9.781,9.795,1126.32,1779398699999,11021.28337000,145,901.84000000,8824.78707000,0,LINKUSDT,binance
2026-05-21 21:25:00+00:00,9.794,9.801,9.789,9.8,2461.43,1779398999999,24112.46525000,204,1368.55000000,13409.65754000,0,LINKUSDT,binance
2026-05-21 21:30:00+00:00,9.801,9.804,9.786,9.798,1295.99,1779399299999,12690.63409000,225,866.42000000,8482.93260000,0,LINKUSDT,binance
2026-05-21 21:35:00+00:00,9.799,9.804,9.795,9.795,1904.54,1779399599999,18664.00843000,156,878.85000000,8612.03235000,0,LINKUSDT,binance
2026-05-21 21:40:00+00:00,9.795,9.795,9.782,9.785,4078.79,1779399899999,39912.93961000,238,1325.59000000,12971.36022000,0,LINKUSDT,binance
2026-05-21 21:45:00+00:00,9.784,9.79,9.78,9.781,4391.84,1779400199999,42972.20815000,258,3686.06000000,36067.84949000,0,LINKUSDT,binance
2026-05-21 21:50:00+00:00,9.78,9.789,9.78,9.788,1036.5,1779400499999,10142.76651000,243,418.69000000,4095.77673000,0,LINKUSDT,binance
2026-05-21 21:55:00+00:00,9.788,9.788,9.767,9.775,4249.53,1779400799999,41520.20978000,415,2990.31000000,29213.58285000,0,LINKUSDT,binance
2026-05-21 22:00:00+00:00,9.776,9.788,9.755,9.783,7333.33,1779401099999,71657.48500000,854,3919.05000000,38290.06186000,0,LINKUSDT,binance
2026-05-21 22:05:00+00:00,9.782,9.786,9.777,9.783,3241.49,1779401399999,31709.55295000,268,770.67000000,7538.07617000,0,LINKUSDT,binance
2026-05-21 22:10:00+00:00,9.783,9.783,9.771,9.775,982.73,1779401699999,9607.75115000,255,882.87000000,8631.52652000,0,LINKUSDT,binance
2026-05-21 22:15:00+00:00,9.774,9.775,9.763,9.77,2171.45,1779401999999,21209.77028000,254,585.69000000,5722.95445000,0,LINKUSDT,binance
2026-05-21 22:20:00+00:00,9.77,9.771,9.758,9.771,3924.81,1779402299999,38321.29915000,360,1877.08000000,18329.24477000,0,LINKUSDT,binance
2026-05-21 22:25:00+00:00,9.772,9.779,9.772,9.778,1325.94,1779402599999,12961.32628000,206,980.08000000,9580.68972000,0,LINKUSDT,binance
2026-05-21 22:30:00+00:00,9.777,9.779,9.756,9.756,2216.54,1779402899999,21647.90934000,245,760.75000000,7428.05333000,0,LINKUSDT,binance
2026-05-21 22:35:00+00:00,9.755,9.76,9.739,9.739,1845.36,1779403199999,17992.96729000,372,368.72000000,3595.39289000,0,LINKUSDT,binance
2026-05-21 22:40:00+00:00,9.739,9.755,9.739,9.747,3026.91,1779403499999,29500.35952000,252,2403.35000000,23420.51934000,0,LINKUSDT,binance
2026-05-21 22:45:00+00:00,9.748,9.749,9.742,9.742,673.42,1779403799999,6563.04761000,263,419.47000000,4088.00725000,0,LINKUSDT,binance
2026-05-21 22:50:00+00:00,9.743,9.743,9.735,9.736,2586.19,1779404099999,25183.67463000,221,1140.67000000,11108.07373000,0,LINKUSDT,binance
2026-05-21 22:55:00+00:00,9.736,9.738,9.732,9.732,503.42,1779404399999,4900.96845000,88,279.80000000,2724.09403000,0,LINKUSDT,binance
2026-05-21 23:00:00+00:00,9.732,9.748,9.722,9.739,5107.06,1779404699999,49724.88713000,417,2519.83000000,24541.17209000,0,LINKUSDT,binance
2026-05-21 23:05:00+00:00,9.739,9.749,9.738,9.746,1600.93,1779404999999,15600.94999000,141,1213.83000000,11828.61310000,0,LINKUSDT,binance
2026-05-21 23:10:00+00:00,9.745,9.745,9.709,9.709,4165.93,1779405299999,40524.13917000,322,998.93000000,9717.62376000,0,LINKUSDT,binance
2026-05-21 23:15:00+00:00,9.709,9.72,9.699,9.716,6651.75,1779405599999,64554.22645000,315,1102.31000000,10705.80624000,0,LINKUSDT,binance
2026-05-21 23:20:00+00:00,9.714,9.716,9.704,9.71,1396.24,1779405899999,13555.57523000,134,967.94000000,9397.21541000,0,LINKUSDT,binance
2026-05-21 23:25:00+00:00,9.71,9.722,9.709,9.712,1775.65,1779406199999,17252.16385000,160,1712.76000000,16641.22833000,0,LINKUSDT,binance
2026-05-21 23:30:00+00:00,9.711,9.725,9.709,9.721,29380.01,1779406499999,285472.54657000,967,12559.53000000,122063.75902000,0,LINKUSDT,binance
2026-05-21 23:35:00+00:00,9.721,9.746,9.714,9.738,43845.72,1779406799999,426436.33198000,1568,29141.64000000,283486.80550000,0,LINKUSDT,binance
2026-05-21 23:40:00+00:00,9.738,9.756,9.738,9.75,6544.74,1779407099999,63817.30781000,812,1876.76000000,18295.17542000,0,LINKUSDT,binance
2026-05-21 23:45:00+00:00,9.75,9.758,9.749,9.757,7363.75,1779407399999,71826.54475000,461,1440.94000000,14054.37837000,0,LINKUSDT,binance
2026-05-21 23:50:00+00:00,9.757,9.771,9.751,9.759,9375.93,1779407699999,91530.22507000,817,5243.41000000,51199.63510000,0,LINKUSDT,binance
2026-05-21 23:55:00+00:00,9.758,9.758,9.744,9.757,8819.69,1779407999999,86004.57674000,442,5992.53000000,58430.45187000,0,LINKUSDT,binance
2026-05-22 00:00:00+00:00,9.755,9.759,9.738,9.748,8707.46,1779408299999,84880.46870000,1004,3461.37000000,33739.14788000,0,LINKUSDT,binance
2026-05-22 00:05:00+00:00,9.747,9.754,9.738,9.753,19972.87,1779408599999,194669.45453000,844,6979.67000000,68037.17667000,0,LINKUSDT,binance
2026-05-22 00:10:00+00:00,9.752,9.757,9.734,9.742,11081.88,1779408899999,108020.46634000,569,6416.18000000,62551.14658000,0,LINKUSDT,binance
2026-05-22 00:15:00+00:00,9.742,9.759,9.739,9.745,3700.85,1779409199999,36079.12976000,446,2462.72000000,24003.71807000,0,LINKUSDT,binance
2026-05-22 00:20:00+00:00,9.744,9.759,9.732,9.745,3785.99,1779409499999,36907.51335000,433,1438.21000000,14017.90208000,0,LINKUSDT,binance
2026-05-22 00:25:00+00:00,9.747,9.749,9.736,9.736,1134.63,1779409799999,11053.97602000,323,489.30000000,4767.06892000,0,LINKUSDT,binance
2026-05-22 00:30:00+00:00,9.736,9.757,9.736,9.742,8611.8,1779410099999,83944.38267000,516,4617.71000000,45013.42455000,0,LINKUSDT,binance
2026-05-22 00:35:00+00:00,9.742,9.754,9.736,9.736,4018.33,1779410399999,39155.98777000,465,1609.12000000,15683.26007000,0,LINKUSDT,binance
2026-05-22 00:40:00+00:00,9.736,9.742,9.726,9.737,4167.41,1779410699999,40563.06467000,398,1219.60000000,11870.82975000,0,LINKUSDT,binance
2026-05-22 00:45:00+00:00,9.736,9.745,9.724,9.731,3402.88,1779410999999,33132.18797000,347,1816.06000000,17680.03846000,0,LINKUSDT,binance
2026-05-22 00:50:00+00:00,9.732,9.734,9.716,9.716,3068.14,1779411299999,29837.79784000,234,1427.44000000,13877.74710000,0,LINKUSDT,binance
2026-05-22 00:55:00+00:00,9.717,9.732,9.717,9.718,7384.41,1779411599999,71813.03252000,393,1786.48000000,17374.27563000,0,LINKUSDT,binance
2026-05-22 01:00:00+00:00,9.718,9.728,9.712,9.72,5425.6,1779411899999,52744.09287000,526,3635.64000000,35347.44608000,0,LINKUSDT,binance
2026-05-22 01:05:00+00:00,9.72,9.729,9.72,9.728,1261.84,1779412199999,12271.67216000,266,480.68000000,4674.76130000,0,LINKUSDT,binance
2026-05-22 01:10:00+00:00,9.729,9.757,9.729,9.756,1838.27,1779412499999,17919.04528000,339,1165.71000000,11364.44880000,0,LINKUSDT,binance
2026-05-22 01:15:00+00:00,9.756,9.758,9.736,9.751,6698.75,1779412799999,65276.95349000,430,5645.50000000,55015.83471000,0,LINKUSDT,binance
2026-05-22 01:20:00+00:00,9.751,9.752,9.725,9.727,3465.12,1779413099999,33742.22383000,316,517.41000000,5036.66511000,0,LINKUSDT,binance
2026-05-22 01:25:00+00:00,9.728,9.742,9.728,9.739,620.82,1779413399999,6043.86396000,158,449.25000000,4373.47515000,0,LINKUSDT,binance
2026-05-22 01:30:00+00:00,9.738,9.754,9.729,9.729,4582.66,1779413699999,44650.60514000,418,2158.14000000,21031.30875000,0,LINKUSDT,binance
2026-05-22 01:35:00+00:00,9.729,9.733,9.713,9.732,4304.41,1779413999999,41851.48634000,471,2246.20000000,21836.35643000,0,LINKUSDT,binance
2026-05-22 01:40:00+00:00,9.733,9.743,9.725,9.743,249.52,1779414299999,2428.57656000,160,193.90000000,1887.26387000,0,LINKUSDT,binance
2026-05-22 01:45:00+00:00,9.744,9.773,9.744,9.766,6955.16,1779414599999,67925.40470000,414,5448.89000000,53217.08235000,0,LINKUSDT,binance
2026-05-22 01:50:00+00:00,9.766,9.777,9.766,9.766,1362.7,1779414899999,13317.27035000,307,1140.21000000,11143.09027000,0,LINKUSDT,binance
2026-05-22 01:55:00+00:00,9.768,9.78,9.766,9.78,3859.49,1779415199999,37704.13469000,273,1389.01000000,13571.09668000,0,LINKUSDT,binance
2026-05-22 02:00:00+00:00,9.781,9.802,9.781,9.801,7312.28,1779415499999,71593.44775000,706,2782.12000000,27239.91407000,0,LINKUSDT,binance
2026-05-22 02:05:00+00:00,9.8,9.807,9.796,9.803,2354.59,1779415799999,23077.69173000,381,1357.99000000,13308.87090000,0,LINKUSDT,binance
2026-05-22 02:10:00+00:00,9.803,9.803,9.795,9.796,4464.43,1779416099999,43741.63959000,214,1267.75000000,12421.26802000,0,LINKUSDT,binance
2026-05-22 02:15:00+00:00,9.797,9.805,9.794,9.799,7876.35,1779416399999,77193.88587000,425,4397.21000000,43097.38758000,0,LINKUSDT,binance
2026-05-22 02:20:00+00:00,9.799,9.81,9.788,9.791,6057.46,1779416699999,59371.30466000,437,2755.91000000,27013.91300000,0,LINKUSDT,binance
2026-05-22 02:25:00+00:00,9.79,9.796,9.783,9.793,3316.09,1779416999999,32460.53007000,246,1105.73000000,10819.84911000,0,LINKUSDT,binance
2026-05-22 02:30:00+00:00,9.792,9.797,9.784,9.785,3676.45,1779417299999,35994.98410000,335,1515.25000000,14835.49519000,0,LINKUSDT,binance
2026-05-22 02:35:00+00:00,9.784,9.789,9.783,9.789,2955.32,1779417599999,28922.03927000,257,2723.06000000,26649.07663000,0,LINKUSDT,binance
2026-05-22 02:40:00+00:00,9.789,9.804,9.787,9.797,1143.26,1779417899999,11201.92402000,224,167.92000000,1645.06455000,0,LINKUSDT,binance
2026-05-22 02:45:00+00:00,9.797,9.817,9.791,9.794,13318.26,1779418199999,130593.89659000,624,9362.83000000,91805.03816000,0,LINKUSDT,binance
2026-05-22 02:50:00+00:00,9.793,9.798,9.785,9.785,2958.24,1779418499999,28972.09495000,205,2057.44000000,20151.43951000,0,LINKUSDT,binance
2026-05-22 02:55:00+00:00,9.785,9.806,9.785,9.805,4238.61,1779418799999,41532.69371000,236,3311.74000000,32450.93472000,0,LINKUSDT,binance
2026-05-22 03:00:00+00:00,9.806,9.837,9.806,9.836,9801.45,1779419099999,96242.24233000,564,6049.10000000,59402.39854000,0,LINKUSDT,binance
2026-05-22 03:05:00+00:00,9.836,9.837,9.812,9.813,5835.21,1779419399999,57337.75811000,426,2361.57000000,23196.64649000,0,LINKUSDT,binance
2026-05-22 03:10:00+00:00,9.813,9.817,9.807,9.81,4672.96,1779419699999,45855.37179000,290,2708.18000000,26579.89160000,0,LINKUSDT,binance
2026-05-22 03:15:00+00:00,9.811,9.818,9.795,9.804,5400.03,1779419999999,52953.08392000,356,4276.03000000,41929.06220000,0,LINKUSDT,binance
2026-05-22 03:20:00+00:00,9.804,9.818,9.801,9.811,1727.49,1779420299999,16945.97233000,251,667.61000000,6548.25300000,0,LINKUSDT,binance
2026-05-22 03:25:00+00:00,9.81,9.814,9.804,9.814,6487.61,1779420599999,63654.95809000,344,5227.60000000,51294.59827000,0,LINKUSDT,binance
2026-05-22 03:30:00+00:00,9.815,9.828,9.807,9.824,5524.47,1779420899999,54217.48236000,366,2566.04000000,25188.06690000,0,LINKUSDT,binance
2026-05-22 03:35:00+00:00,9.825,9.827,9.812,9.819,3082.61,1779421199999,30264.63920000,274,2272.38000000,22307.58598000,0,LINKUSDT,binance
2026-05-22 03:40:00+00:00,9.819,9.822,9.813,9.817,1633.29,1779421499999,16036.25043000,255,749.53000000,7359.26850000,0,LINKUSDT,binance
2026-05-22 03:45:00+00:00,9.818,9.818,9.811,9.816,6239.65,1779421799999,61230.12891000,239,2398.61000000,23538.33669000,0,LINKUSDT,binance
2026-05-22 03:50:00+00:00,9.817,9.828,9.816,9.827,14582.47,1779422099999,143251.32671000,370,7276.64000000,71483.92750000,0,LINKUSDT,binance
2026-05-22 03:55:00+00:00,9.827,9.833,9.825,9.827,3918.3,1779422399999,38518.50966000,217,1156.30000000,11364.92813000,0,LINKUSDT,binance
2026-05-22 04:00:00+00:00,9.828,9.85,9.828,9.849,4531.26,1779422699999,44590.77907000,484,2843.16000000,27977.87081000,0,LINKUSDT,binance
2026-05-22 04:05:00+00:00,9.848,9.859,9.846,9.855,2044.74,1779422999999,20147.17622000,388,760.86000000,7496.94437000,0,LINKUSDT,binance
2026-05-22 04:10:00+00:00,9.855,9.86,9.85,9.86,3655.96,1779423299999,36035.92496000,281,2122.79000000,20922.67221000,0,LINKUSDT,binance
2026-05-22 04:15:00+00:00,9.86,9.866,9.85,9.854,13657.57,1779423599999,134628.09875000,639,8664.68000000,85408.51613000,0,LINKUSDT,binance
2026-05-22 04:20:00+00:00,9.854,9.859,9.846,9.854,4598.05,1779423899999,45298.61871000,357,2629.46000000,25902.56072000,0,LINKUSDT,binance
2026-05-22 04:25:00+00:00,9.854,9.855,9.833,9.834,3021.9,1779424199999,29737.17239000,225,1109.44000000,10916.88180000,0,LINKUSDT,binance
2026-05-22 04:30:00+00:00,9.835,9.836,9.83,9.834,1811.91,1779424499999,17815.31780000,201,1523.79000000,14982.36498000,0,LINKUSDT,binance
2026-05-22 04:35:00+00:00,9.835,9.835,9.809,9.81,3373.99,1779424799999,33124.16873000,443,2673.44000000,26246.40119000,0,LINKUSDT,binance
2026-05-22 04:40:00+00:00,9.81,9.815,9.804,9.814,7838.22,1779425099999,76884.78892000,281,1705.72000000,16733.69730000,0,LINKUSDT,binance
2026-05-22 04:45:00+00:00,9.814,9.814,9.791,9.792,4148.79,1779425399999,40656.51823000,444,1718.36000000,16841.35052000,0,LINKUSDT,binance
2026-05-22 04:50:00+00:00,9.793,9.815,9.793,9.808,4930.99,1779425699999,48341.18671000,274,2838.70000000,27829.50927000,0,LINKUSDT,binance
2026-05-22 04:55:00+00:00,9.807,9.818,9.805,9.816,2690.57,1779425999999,26401.92785000,201,1418.38000000,13918.15508000,0,LINKUSDT,binance
2026-05-22 05:00:00+00:00,9.816,9.819,9.805,9.81,3400.1,1779426299999,33353.42206000,378,2272.07000000,22288.06897000,0,LINKUSDT,binance
2026-05-22 05:05:00+00:00,9.811,9.823,9.8,9.823,42947.32,1779426599999,421093.23254000,779,20692.24000000,202832.72407000,0,LINKUSDT,binance
2026-05-22 05:10:00+00:00,9.823,9.845,9.823,9.843,7994.85,1779426899999,78643.97481000,425,4985.02000000,49026.62966000,0,LINKUSDT,binance
2026-05-22 05:15:00+00:00,9.843,9.858,9.843,9.847,5872.37,1779427199999,57830.49371000,465,4592.54000000,45223.14953000,0,LINKUSDT,binance
2026-05-22 05:20:00+00:00,9.847,9.848,9.812,9.818,5808.3,1779427499999,57079.53518000,644,2772.67000000,27249.86407000,0,LINKUSDT,binance
2026-05-22 05:25:00+00:00,9.817,9.833,9.817,9.832,5423.2,1779427799999,53286.40219000,327,2378.20000000,23367.15232000,0,LINKUSDT,binance
2026-05-22 05:30:00+00:00,9.832,9.843,9.828,9.831,4887.53,1779428099999,48075.97429000,387,3119.40000000,30684.38144000,0,LINKUSDT,binance
2026-05-22 05:35:00+00:00,9.83,9.831,9.816,9.823,5218.44,1779428399999,51265.68518000,483,2371.23000000,23293.27780000,0,LINKUSDT,binance
2026-05-22 05:40:00+00:00,9.823,9.831,9.806,9.827,5535.15,1779428699999,54348.32465000,471,2622.04000000,25748.19405000,0,LINKUSDT,binance
2026-05-22 05:45:00+00:00,9.827,9.856,9.826,9.854,7550.23,1779428999999,74311.36498000,538,3325.63000000,32721.47206000,0,LINKUSDT,binance
2026-05-22 05:50:00+00:00,9.853,9.864,9.849,9.849,9345.26,1779429299999,92134.73167000,358,7296.50000000,71935.50807000,0,LINKUSDT,binance
2026-05-22 05:55:00+00:00,9.848,9.848,9.808,9.82,6491.15,1779429599999,63792.42958000,666,2228.37000000,21887.26754000,0,LINKUSDT,binance
2026-05-22 06:00:00+00:00,9.82,9.83,9.81,9.829,5621.69,1779429899999,55192.06487000,682,3517.67000000,34536.52606000,0,LINKUSDT,binance
2026-05-22 06:05:00+00:00,9.829,9.841,9.815,9.837,7968.68,1779430199999,78291.25972000,674,5476.61000000,53813.43738000,0,LINKUSDT,binance
2026-05-22 06:10:00+00:00,9.837,9.841,9.832,9.839,5616.82,1779430499999,55248.31099000,538,3970.64000000,39056.79501000,0,LINKUSDT,binance
2026-05-22 06:15:00+00:00,9.838,9.843,9.822,9.829,5744.21,1779430799999,56486.00091000,581,3137.04000000,30852.52097000,0,LINKUSDT,binance
2026-05-22 06:20:00+00:00,9.828,9.842,9.822,9.829,8226.13,1779431099999,80898.81551000,590,5845.28000000,57483.40059000,0,LINKUSDT,binance
2026-05-22 06:25:00+00:00,9.828,9.833,9.819,9.831,4775.51,1779431399999,46930.42547000,413,3720.18000000,36560.74675000,0,LINKUSDT,binance
2026-05-22 06:30:00+00:00,9.831,9.835,9.816,9.825,6585.59,1779431699999,64703.10609000,517,4905.20000000,48194.02682000,0,LINKUSDT,binance
2026-05-22 06:35:00+00:00,9.825,9.828,9.813,9.822,5019.6,1779431999999,49293.22715000,403,2567.18000000,25210.49908000,0,LINKUSDT,binance
2026-05-22 06:40:00+00:00,9.822,9.822,9.802,9.819,14902.67,1779432299999,146184.10338000,629,11947.79000000,117190.35628000,0,LINKUSDT,binance
2026-05-22 06:45:00+00:00,9.819,9.819,9.803,9.808,9108.16,1779432599999,89361.41372000,504,3327.42000000,32643.18690000,0,LINKUSDT,binance
2026-05-22 06:50:00+00:00,9.807,9.809,9.794,9.797,2910.92,1779432899999,28529.55215000,256,662.26000000,6487.98159000,0,LINKUSDT,binance
2026-05-22 06:55:00+00:00,9.797,9.797,9.773,9.781,7450.73,1779433199999,72895.90093000,439,4071.32000000,39823.00576000,0,LINKUSDT,binance
2026-05-22 07:00:00+00:00,9.781,9.787,9.754,9.772,11366.92,1779433499999,111073.78821000,817,6839.00000000,66835.42253000,0,LINKUSDT,binance
2026-05-22 07:05:00+00:00,9.772,9.779,9.76,9.774,9252.19,1779433799999,90384.81004000,512,5977.92000000,58388.81546000,0,LINKUSDT,binance
2026-05-22 07:10:00+00:00,9.774,9.798,9.773,9.786,4921.99,1779434099999,48156.37469000,386,2329.30000000,22786.69569000,0,LINKUSDT,binance
2026-05-22 07:15:00+00:00,9.787,9.827,9.787,9.825,3575.92,1779434399999,35089.58191000,434,2719.10000000,26677.81021000,0,LINKUSDT,binance
2026-05-22 07:20:00+00:00,9.826,9.834,9.821,9.823,6263.65,1779434699999,61558.18944000,453,3075.16000000,30220.09900000,0,LINKUSDT,binance
2026-05-22 07:25:00+00:00,9.822,9.831,9.821,9.827,3178.78,1779434999999,31241.30690000,248,1888.94000000,18564.34412000,0,LINKUSDT,binance
2026-05-22 07:30:00+00:00,9.828,9.84,9.812,9.813,10689.13,1779435299999,105013.02434000,510,3144.48000000,30894.96895000,0,LINKUSDT,binance
2026-05-22 07:35:00+00:00,9.813,9.834,9.813,9.83,3125.93,1779435599999,30704.92134000,394,1874.09000000,18407.96327000,0,LINKUSDT,binance
2026-05-22 07:40:00+00:00,9.831,9.855,9.831,9.852,2398.17,1779435899999,23610.97552000,333,1373.78000000,13528.50424000,0,LINKUSDT,binance
2026-05-22 07:45:00+00:00,9.852,9.855,9.841,9.852,9017.81,1779436199999,88830.61115000,306,1145.39000000,11279.20185000,0,LINKUSDT,binance
2026-05-22 07:50:00+00:00,9.852,9.854,9.838,9.84,3271.86,1779436499999,32218.04444000,236,2352.64000000,23165.60779000,0,LINKUSDT,binance
2026-05-22 07:55:00+00:00,9.84,9.844,9.823,9.824,2406.25,1779436799999,23671.40191000,328,1151.46000000,11329.07527000,0,LINKUSDT,binance
2026-05-22 08:00:00+00:00,9.824,9.834,9.819,9.824,8525.14,1779437099999,83773.21815000,586,1765.95000000,17355.25538000,0,LINKUSDT,binance
2026-05-22 08:05:00+00:00,9.823,9.823,9.796,9.802,7937.69,1779437399999,77820.06045000,553,3157.68000000,30959.82659000,0,LINKUSDT,binance
2026-05-22 08:10:00+00:00,9.803,9.817,9.8,9.814,2776.38,1779437699999,27234.21039000,346,1666.11000000,16342.18796000,0,LINKUSDT,binance
2026-05-22 08:15:00+00:00,9.814,9.839,9.814,9.83,4359.28,1779437999999,42863.49251000,527,2195.31000000,21582.90129000,0,LINKUSDT,binance
2026-05-22 08:20:00+00:00,9.833,9.845,9.821,9.832,18707.93,1779438299999,184050.94576000,498,15891.07000000,156347.29673000,0,LINKUSDT,binance
2026-05-22 08:25:00+00:00,9.831,9.839,9.826,9.839,3367.08,1779438599999,33112.59516000,250,1846.02000000,18159.47818000,0,LINKUSDT,binance
2026-05-22 08:30:00+00:00,9.839,9.839,9.799,9.805,9586.86,1779438899999,94200.58881000,590,4853.19000000,47710.17636000,0,LINKUSDT,binance
2026-05-22 08:35:00+00:00,9.804,9.804,9.764,9.796,11320.68,1779439199999,110811.34546000,1004,5921.57000000,57965.16359000,0,LINKUSDT,binance
2026-05-22 08:40:00+00:00,9.795,9.796,9.777,9.788,24011.14,1779439499999,235007.97759000,839,10441.63000000,102182.90928000,0,LINKUSDT,binance
2026-05-22 08:45:00+00:00,9.789,9.795,9.783,9.793,2193.06,1779439799999,21468.98151000,247,751.22000000,7354.92646000,0,LINKUSDT,binance
2026-05-22 08:50:00+00:00,9.793,9.807,9.782,9.798,31775.21,1779440099999,311194.89507000,672,23324.19000000,228414.91435000,0,LINKUSDT,binance
2026-05-22 08:55:00+00:00,9.798,9.803,9.791,9.796,2477.21,1779440399999,24274.04794000,315,1013.41000000,9930.14598000,0,LINKUSDT,binance
2026-05-22 09:00:00+00:00,9.796,9.809,9.781,9.809,6453.81,1779440699999,63186.29348000,515,2538.70000000,24863.54161000,0,LINKUSDT,binance
2026-05-22 09:05:00+00:00,9.808,9.812,9.793,9.812,6239.06,1779440999999,61160.33283000,419,2733.44000000,26801.24952000,0,LINKUSDT,binance
2026-05-22 09:10:00+00:00,9.812,9.817,9.807,9.809,5900.88,1779441299999,57912.66297000,418,2458.53000000,24130.71803000,0,LINKUSDT,binance
2026-05-22 09:15:00+00:00,9.809,9.826,9.808,9.822,10362.32,1779441599999,101756.48459000,632,5323.15000000,52278.86225000,0,LINKUSDT,binance
2026-05-22 09:20:00+00:00,9.822,9.846,9.821,9.842,35417.8,1779441899999,348539.58642000,606,31688.50000000,311840.82398000,0,LINKUSDT,binance
2026-05-22 09:25:00+00:00,9.841,9.847,9.832,9.836,7549.97,1779442199999,74285.69288000,404,1826.35000000,17971.62187000,0,LINKUSDT,binance
2026-05-22 09:30:00+00:00,9.837,9.843,9.816,9.816,7755.94,1779442499999,76206.00358000,484,2352.67000000,23113.18862000,0,LINKUSDT,binance
2026-05-22 09:35:00+00:00,9.816,9.821,9.8,9.819,4751.68,1779442799999,46625.18782000,531,1549.05000000,15200.26281000,0,LINKUSDT,binance
2026-05-22 09:40:00+00:00,9.82,9.838,9.819,9.834,3439.81,1779443099999,33816.31855000,379,1588.92000000,15617.77804000,0,LINKUSDT,binance
2026-05-22 09:45:00+00:00,9.835,9.836,9.811,9.828,3959.63,1779443399999,38901.83074000,455,2090.86000000,20545.88977000,0,LINKUSDT,binance
2026-05-22 09:50:00+00:00,9.829,9.849,9.829,9.836,5123.58,1779443699999,50425.68135000,344,2402.07000000,23646.28399000,0,LINKUSDT,binance
2026-05-22 09:55:00+00:00,9.836,9.846,9.832,9.833,4280.49,1779443999999,42132.22699000,273,1935.33000000,19050.59614000,0,LINKUSDT,binance
2026-05-22 10:00:00+00:00,9.832,9.834,9.809,9.809,8450.63,1779444299999,83045.30787000,486,3735.19000000,36714.41753000,0,LINKUSDT,binance
2026-05-22 10:05:00+00:00,9.809,9.838,9.809,9.832,5526.97,1779444599999,54302.36374000,415,2502.93000000,24584.58459000,0,LINKUSDT,binance
2026-05-22 10:10:00+00:00,9.831,9.831,9.82,9.821,3959.29,1779444899999,38894.43431000,351,1684.81000000,16551.21556000,0,LINKUSDT,binance
2026-05-22 10:15:00+00:00,9.82,9.82,9.798,9.802,6295.25,1779445199999,61715.56366000,430,3364.71000000,32985.33558000,0,LINKUSDT,binance
2026-05-22 10:20:00+00:00,9.802,9.814,9.8,9.813,2518.74,1779445499999,24703.98478000,285,1367.98000000,13415.66602000,0,LINKUSDT,binance
2026-05-22 10:25:00+00:00,9.814,9.829,9.814,9.828,2626.74,1779445799999,25803.07572000,334,1455.20000000,14293.46165000,0,LINKUSDT,binance
2026-05-22 10:30:00+00:00,9.829,9.84,9.823,9.831,5764.68,1779446099999,56682.51666000,440,1722.00000000,16934.12861000,0,LINKUSDT,binance
2026-05-22 10:35:00+00:00,9.831,9.836,9.816,9.836,2641.84,1779446399999,25957.98349000,434,1744.06000000,17135.92836000,0,LINKUSDT,binance
2026-05-22 10:40:00+00:00,9.836,9.843,9.835,9.842,2895.46,1779446699999,28489.77583000,330,2533.74000000,24930.62891000,0,LINKUSDT,binance
2026-05-22 10:45:00+00:00,9.841,9.845,9.83,9.833,2094.08,1779446999999,20602.16335000,287,1022.76000000,10062.07465000,0,LINKUSDT,binance
2026-05-22 10:50:00+00:00,9.834,9.839,9.829,9.838,2672.77,1779447299999,26292.52097000,176,2367.67000000,23291.86399000,0,LINKUSDT,binance
2026-05-22 10:55:00+00:00,9.838,9.838,9.814,9.818,10847.46,1779447599999,106601.39847000,341,1702.45000000,16720.77424000,0,LINKUSDT,binance
2026-05-22 11:00:00+00:00,9.818,9.838,9.812,9.828,5582.06,1779447899999,54830.89015000,394,3598.75000000,35350.68900000,0,LINKUSDT,binance
2026-05-22 11:05:00+00:00,9.828,9.837,9.822,9.823,2052.58,1779448199999,20174.66331000,309,1305.88000000,12836.59508000,0,LINKUSDT,binance
2026-05-22 11:10:00+00:00,9.823,9.83,9.818,9.826,2008.12,1779448499999,19728.75047000,275,551.41000000,5417.24261000,0,LINKUSDT,binance
2026-05-22 11:15:00+00:00,9.826,9.826,9.811,9.811,2070.96,1779448799999,20336.46197000,233,221.55000000,2175.93824000,0,LINKUSDT,binance
2026-05-22 11:20:00+00:00,9.81,9.822,9.8,9.817,7274.97,1779449099999,71370.52243000,390,2142.44000000,21025.37218000,0,LINKUSDT,binance
2026-05-22 11:25:00+00:00,9.816,9.84,9.814,9.824,7242.68,1779449399999,71178.01018000,286,3849.01000000,37829.38858000,0,LINKUSDT,binance
2026-05-22 11:30:00+00:00,9.824,9.834,9.823,9.826,8320.65,1779449699999,81751.21916000,254,7566.52000000,74340.46269000,0,LINKUSDT,binance
2026-05-22 11:35:00+00:00,9.826,9.848,9.826,9.839,6425.93,1779449999999,63220.08850000,471,3777.78000000,37159.30917000,0,LINKUSDT,binance
2026-05-22 11:40:00+00:00,9.839,9.84,9.832,9.835,1332.83,1779450299999,13109.22012000,461,961.93000000,9461.45104000,0,LINKUSDT,binance
2026-05-22 11:45:00+00:00,9.835,9.881,9.833,9.874,16967.16,1779450599999,167243.19080000,1060,12671.75000000,124910.02313000,0,LINKUSDT,binance
2026-05-22 11:50:00+00:00,9.875,9.886,9.87,9.878,14424.53,1779450899999,142488.96339000,576,9817.68000000,96980.76457000,0,LINKUSDT,binance
2026-05-22 11:55:00+00:00,9.877,9.895,9.871,9.892,3785.72,1779451199999,37427.63588000,489,1962.88000000,19404.09423000,0,LINKUSDT,binance
2026-05-22 12:00:00+00:00,9.891,9.9,9.882,9.897,7993.1,1779451499999,79094.56919000,629,5339.85000000,52844.88208000,0,LINKUSDT,binance
2026-05-22 12:05:00+00:00,9.896,9.905,9.889,9.893,16324.56,1779451799999,161537.92391000,587,9972.40000000,98695.94979000,0,LINKUSDT,binance
2026-05-22 12:10:00+00:00,9.893,9.935,9.893,9.928,28008.89,1779452099999,277852.16844000,1829,18514.93000000,183628.46634000,0,LINKUSDT,binance
2026-05-22 12:15:00+00:00,9.928,9.939,9.902,9.919,18963.31,1779452399999,188218.56565000,1233,9558.84000000,94902.15464000,0,LINKUSDT,binance
2026-05-22 12:20:00+00:00,9.919,9.921,9.9,9.911,4468.49,1779452699999,44287.84499000,558,872.30000000,8644.25081000,0,LINKUSDT,binance
2026-05-22 12:25:00+00:00,9.912,9.918,9.905,9.908,2039.91,1779452999999,20216.99292000,272,538.39000000,5334.88467000,0,LINKUSDT,binance
2026-05-22 12:30:00+00:00,9.908,9.921,9.903,9.911,9543.99,1779453299999,94625.63235000,515,5914.99000000,58642.13062000,0,LINKUSDT,binance
2026-05-22 12:35:00+00:00,9.912,9.929,9.91,9.928,2883.79,1779453599999,28619.47620000,338,1369.21000000,13589.59174000,0,LINKUSDT,binance
2026-05-22 12:40:00+00:00,9.928,9.944,9.924,9.942,21288.26,1779453899999,211536.06748000,689,17122.63000000,170151.13817000,0,LINKUSDT,binance
2026-05-22 12:45:00+00:00,9.941,9.964,9.941,9.964,14958.89,1779454199999,148906.62618000,783,8418.38000000,83799.90458000,0,LINKUSDT,binance
2026-05-22 12:50:00+00:00,9.965,9.997,9.965,9.991,61177.99,1779454499999,610824.71110000,1473,40511.28000000,404623.89545000,0,LINKUSDT,binance
2026-05-22 12:55:00+00:00,9.991,10.0,9.973,9.998,19759.08,1779454799999,197369.22248000,1226,9940.20000000,99298.73660000,0,LINKUSDT,binance
2026-05-22 13:00:00+00:00,9.999,10.013,9.99,9.992,39286.84,1779455099999,392994.28260000,1720,19555.32000000,195617.88662000,0,LINKUSDT,binance
2026-05-22 13:05:00+00:00,9.992,10.024,9.988,10.023,36936.56,1779455399999,369450.09497000,1618,20035.24000000,200384.04143000,0,LINKUSDT,binance
2026-05-22 13:10:00+00:00,10.024,10.027,9.99,10.009,20091.08,1779455699999,201054.21612000,1570,8030.46000000,80340.56735000,0,LINKUSDT,binance
2026-05-22 13:15:00+00:00,10.009,10.034,10.006,10.007,52914.3,1779455999999,530449.60820000,1453,10190.93000000,102145.57398000,0,LINKUSDT,binance
2026-05-22 13:20:00+00:00,10.006,10.006,9.958,9.979,29956.16,1779456299999,299159.21976000,1378,13692.69000000,136731.04105000,0,LINKUSDT,binance
2026-05-22 13:25:00+00:00,9.98,9.987,9.966,9.967,17572.59,1779456599999,175249.22920000,773,9839.59000000,98122.04977000,0,LINKUSDT,binance
2026-05-22 13:30:00+00:00,9.967,9.979,9.913,9.943,24372.43,1779456899999,242430.09660000,2590,7195.03000000,71536.86606000,0,LINKUSDT,binance
2026-05-22 13:35:00+00:00,9.944,9.979,9.943,9.977,5209.42,1779457199999,51904.95712000,1175,2903.00000000,28929.00675000,0,LINKUSDT,binance
2026-05-22 13:40:00+00:00,9.976,9.994,9.943,9.962,30890.74,1779457499999,307786.93850000,2149,12641.02000000,125938.72303000,0,LINKUSDT,binance
2026-05-22 13:45:00+00:00,9.962,9.979,9.919,9.941,11229.53,1779457799999,111760.94154000,1351,4822.36000000,47999.21109000,0,LINKUSDT,binance
2026-05-22 13:50:00+00:00,9.942,9.957,9.923,9.955,6306.58,1779458099999,62666.19165000,783,2312.61000000,22977.78222000,0,LINKUSDT,binance
2026-05-22 13:55:00+00:00,9.956,9.966,9.942,9.966,5081.09,1779458399999,50574.72005000,602,2187.15000000,21779.10408000,0,LINKUSDT,binance
2026-05-22 14:00:00+00:00,9.966,9.966,9.929,9.948,82242.16,1779458699999,817620.20912000,2065,17467.15000000,173666.91767000,0,LINKUSDT,binance
2026-05-22 14:05:00+00:00,9.946,9.949,9.89,9.922,52918.56,1779458999999,525186.78491000,1864,8278.17000000,81998.62928000,0,LINKUSDT,binance
2026-05-22 14:10:00+00:00,9.921,9.924,9.901,9.904,9108.48,1779459299999,90297.43994000,961,5722.91000000,56742.29557000,0,LINKUSDT,binance
2026-05-22 14:15:00+00:00,9.904,9.913,9.835,9.837,21426.54,1779459599999,211337.54185000,1621,9807.39000000,96719.96305000,0,LINKUSDT,binance
2026-05-22 14:20:00+00:00,9.838,9.842,9.77,9.802,45881.44,1779459899999,449515.80416000,2166,20411.27000000,200080.96970000,0,LINKUSDT,binance
2026-05-22 14:25:00+00:00,9.803,9.837,9.796,9.828,15244.92,1779460199999,149803.33014000,770,10297.52000000,101201.50998000,0,LINKUSDT,binance
2026-05-22 14:30:00+00:00,9.829,9.835,9.81,9.824,17902.09,1779460499999,175743.33572000,910,11352.94000000,111441.02315000,0,LINKUSDT,binance
2026-05-22 14:35:00+00:00,9.824,9.833,9.815,9.833,10378.31,1779460799999,101925.64965000,531,1320.77000000,12974.98883000,0,LINKUSDT,binance
2026-05-22 14:40:00+00:00,9.833,9.84,9.805,9.815,29905.1,1779461099999,293647.34789000,1102,13200.28000000,129608.51130000,0,LINKUSDT,binance
2026-05-22 14:45:00+00:00,9.816,9.818,9.8,9.806,18283.42,1779461399999,179364.68405000,722,10531.23000000,103318.66445000,0,LINKUSDT,binance
2026-05-22 14:50:00+00:00,9.804,9.804,9.775,9.784,18229.56,1779461699999,178486.00475000,1123,9824.22000000,96206.68748000,0,LINKUSDT,binance
2026-05-22 14:55:00+00:00,9.784,9.796,9.774,9.78,11105.37,1779461999999,108690.73954000,904,4534.55000000,44377.39891000,0,LINKUSDT,binance
2026-05-22 15:00:00+00:00,9.78,9.815,9.763,9.811,12816.59,1779462299999,125445.83918000,1182,4760.05000000,46584.08904000,0,LINKUSDT,binance
2026-05-22 15:05:00+00:00,9.811,9.826,9.796,9.803,24118.7,1779462599999,236742.49600000,1067,7661.89000000,75168.54550000,0,LINKUSDT,binance
2026-05-22 15:10:00+00:00,9.803,9.803,9.765,9.771,6020.55,1779462899999,58848.55318000,855,2550.09000000,24925.97761000,0,LINKUSDT,binance
2026-05-22 15:15:00+00:00,9.772,9.8,9.771,9.796,7188.6,1779463199999,70387.77100000,602,2302.94000000,22541.65141000,0,LINKUSDT,binance
2026-05-22 15:20:00+00:00,9.796,9.807,9.76,9.766,6807.64,1779463499999,66633.08317000,927,2005.17000000,19629.83560000,0,LINKUSDT,binance
2026-05-22 15:25:00+00:00,9.766,9.812,9.739,9.812,7343.51,1779463799999,71733.54330000,1066,4148.79000000,40566.91408000,0,LINKUSDT,binance
2026-05-22 15:30:00+00:00,9.813,9.838,9.811,9.832,13830.26,1779464099999,135979.75430000,795,11316.48000000,111272.51391000,0,LINKUSDT,binance
2026-05-22 15:35:00+00:00,9.832,9.832,9.79,9.795,14288.54,1779464399999,140298.17699000,812,8670.55000000,85167.35793000,0,LINKUSDT,binance
2026-05-22 15:40:00+00:00,9.794,9.796,9.774,9.787,3704.73,1779464699999,36253.51702000,544,1814.21000000,17757.06883000,0,LINKUSDT,binance
2026-05-22 15:45:00+00:00,9.786,9.802,9.779,9.801,3147.4,1779464999999,30812.64487000,511,2101.94000000,20579.66642000,0,LINKUSDT,binance
2026-05-22 15:50:00+00:00,9.801,9.827,9.786,9.824,4622.09,1779465299999,45327.44606000,507,2441.63000000,23958.24515000,0,LINKUSDT,binance
2026-05-22 15:55:00+00:00,9.824,9.826,9.811,9.811,2706.27,1779465599999,26562.10216000,350,856.16000000,8403.53762000,0,LINKUSDT,binance
2026-05-22 16:00:00+00:00,9.81,9.836,9.807,9.817,4620.88,1779465899999,45375.33775000,515,2641.08000000,25934.43169000,0,LINKUSDT,binance
2026-05-22 16:05:00+00:00,9.819,9.819,9.79,9.799,5586.1,1779466199999,54737.65460000,532,2303.80000000,22571.11929000,0,LINKUSDT,binance
2026-05-22 16:10:00+00:00,9.799,9.819,9.794,9.814,3243.8,1779466499999,31814.13340000,387,1440.44000000,14125.42379000,0,LINKUSDT,binance
2026-05-22 16:15:00+00:00,9.814,9.818,9.769,9.775,27894.47,1779466799999,273019.16840000,1220,5584.74000000,54662.90904000,0,LINKUSDT,binance
2026-05-22 16:20:00+00:00,9.775,9.794,9.764,9.765,6742.18,1779467099999,65920.95092000,696,3588.18000000,35089.01822000,0,LINKUSDT,binance
2026-05-22 16:25:00+00:00,9.763,9.779,9.762,9.779,4227.09,1779467399999,41301.29111000,495,2383.15000000,23288.55604000,0,LINKUSDT,binance
2026-05-22 16:30:00+00:00,9.78,9.792,9.763,9.769,10991.32,1779467699999,107456.39032000,663,5718.78000000,55926.36587000,0,LINKUSDT,binance
2026-05-22 16:35:00+00:00,9.77,9.779,9.759,9.769,2185.77,1779467999999,21354.43524000,393,1465.39000000,14317.65672000,0,LINKUSDT,binance
2026-05-22 16:40:00+00:00,9.769,9.81,9.764,9.792,57077.24,1779468299999,558323.79885000,1305,52342.38000000,511989.89269000,0,LINKUSDT,binance
2026-05-22 16:45:00+00:00,9.792,9.827,9.787,9.807,31986.92,1779468599999,313713.92058000,930,24513.40000000,240444.25454000,0,LINKUSDT,binance
2026-05-22 16:50:00+00:00,9.807,9.819,9.803,9.817,5276.56,1779468899999,51762.95295000,392,3157.35000000,30973.13275000,0,LINKUSDT,binance
2026-05-22 16:55:00+00:00,9.818,9.825,9.802,9.813,6280.45,1779469199999,61626.31356000,491,2892.74000000,28384.99336000,0,LINKUSDT,binance
2026-05-22 17:00:00+00:00,9.813,9.834,9.813,9.834,4163.5,1779469499999,40902.80202000,510,3283.53000000,32258.01166000,0,LINKUSDT,binance
2026-05-22 17:05:00+00:00,9.835,9.837,9.816,9.818,4869.26,1779469799999,47843.33545000,456,2365.55000000,23240.38999000,0,LINKUSDT,binance
2026-05-22 17:10:00+00:00,9.819,9.819,9.809,9.816,2053.93,1779470099999,20154.22205000,272,1791.11000000,17575.20815000,0,LINKUSDT,binance
2026-05-22 17:15:00+00:00,9.816,9.829,9.789,9.789,13322.37,1779470399999,130655.35914000,662,5323.30000000,52236.94836000,0,LINKUSDT,binance
2026-05-22 17:20:00+00:00,9.79,9.803,9.771,9.785,6652.23,1779470699999,65129.50174000,517,4546.37000000,44511.83083000,0,LINKUSDT,binance
2026-05-22 17:25:00+00:00,9.785,9.841,9.783,9.837,11938.12,1779470999999,117230.83232000,1336,6286.52000000,61738.18003000,0,LINKUSDT,binance
2026-05-22 17:30:00+00:00,9.837,9.846,9.819,9.828,5481.83,1779471299999,53885.98424000,791,2239.70000000,22011.86586000,0,LINKUSDT,binance
2026-05-22 17:35:00+00:00,9.829,9.842,9.824,9.84,3567.02,1779471599999,35081.49319000,409,2314.41000000,22761.29619000,0,LINKUSDT,binance
2026-05-22 17:40:00+00:00,9.841,9.859,9.841,9.849,12717.65,1779471899999,125254.58368000,583,11300.25000000,111293.87493000,0,LINKUSDT,binance
2026-05-22 17:45:00+00:00,9.849,9.851,9.802,9.806,8622.46,1779472199999,84642.34014000,654,1487.41000000,14619.38432000,0,LINKUSDT,binance
2026-05-22 17:50:00+00:00,9.806,9.809,9.794,9.8,5224.01,1779472499999,51190.54851000,512,2276.42000000,22308.06921000,0,LINKUSDT,binance
2026-05-22 17:55:00+00:00,9.8,9.8,9.783,9.784,4334.25,1779472799999,42442.03319000,411,1524.47000000,14928.92593000,0,LINKUSDT,binance
2026-05-22 18:00:00+00:00,9.783,9.783,9.732,9.745,46753.46,1779473099999,456212.63672000,1516,13936.55000000,135855.86309000,0,LINKUSDT,binance
2026-05-22 18:05:00+00:00,9.744,9.752,9.722,9.724,75428.13,1779473399999,734386.02867000,1417,39535.35000000,384974.44105000,0,LINKUSDT,binance
2026-05-22 18:10:00+00:00,9.723,9.739,9.721,9.738,13116.07,1779473699999,127631.58424000,583,7247.99000000,70526.90594000,0,LINKUSDT,binance
2026-05-22 18:15:00+00:00,9.737,9.766,9.731,9.764,8706.18,1779473999999,84798.41730000,446,3927.12000000,38255.08566000,0,LINKUSDT,binance
2026-05-22 18:20:00+00:00,9.764,9.771,9.757,9.763,5402.0,1779474299999,52743.71378000,359,1668.78000000,16295.92832000,0,LINKUSDT,binance
2026-05-22 18:25:00+00:00,9.762,9.762,9.731,9.735,3663.16,1779474599999,35729.74323000,444,423.07000000,4125.15577000,0,LINKUSDT,binance
2026-05-22 18:30:00+00:00,9.734,9.739,9.694,9.703,44966.36,1779474899999,436336.91097000,1279,4426.58000000,42973.64871000,0,LINKUSDT,binance
2026-05-22 18:35:00+00:00,9.702,9.702,9.655,9.686,28692.65,1779475199999,277784.18484000,2063,13423.33000000,129953.44652000,0,LINKUSDT,binance
2026-05-22 18:40:00+00:00,9.687,9.688,9.644,9.647,13494.66,1779475499999,130368.84571000,941,4547.43000000,43898.70776000,0,LINKUSDT,binance
2026-05-22 18:45:00+00:00,9.647,9.647,9.52,9.584,82759.07,1779475799999,792629.31060000,5677,33693.61000000,322481.83194000,0,LINKUSDT,binance
2026-05-22 18:50:00+00:00,9.584,9.614,9.58,9.611,10470.91,1779476099999,100513.34403000,906,6661.95000000,63943.29323000,0,LINKUSDT,binance
2026-05-22 18:55:00+00:00,9.61,9.626,9.602,9.613,7899.9,1779476399999,75939.88882000,591,3194.62000000,30712.29825000,0,LINKUSDT,binance
2026-05-22 19:00:00+00:00,9.612,9.625,9.554,9.558,23575.58,1779476699999,226211.24674000,1521,7987.56000000,76584.84860000,0,LINKUSDT,binance
2026-05-22 19:05:00+00:00,9.558,9.566,9.519,9.532,24674.76,1779476999999,235439.22137000,1732,11615.51000000,110900.74231000,0,LINKUSDT,binance
2026-05-22 19:10:00+00:00,9.531,9.555,9.519,9.542,6799.25,1779477299999,64886.43064000,842,2870.13000000,27387.68577000,0,LINKUSDT,binance
2026-05-22 19:15:00+00:00,9.541,9.553,9.488,9.531,111759.14,1779477599999,1063269.37449000,2478,16502.63000000,157074.63009000,0,LINKUSDT,binance
2026-05-22 19:20:00+00:00,9.532,9.538,9.522,9.527,9017.34,1779477899999,85928.96538000,840,3989.30000000,38019.31586000,0,LINKUSDT,binance
2026-05-22 19:25:00+00:00,9.526,9.531,9.473,9.491,22642.24,1779478199999,215109.92952000,1382,7528.45000000,71481.17319000,0,LINKUSDT,binance
2026-05-22 19:30:00+00:00,9.492,9.499,9.378,9.424,68313.78,1779478499999,643298.75966000,6690,28011.12000000,263698.84979000,0,LINKUSDT,binance
2026-05-22 19:35:00+00:00,9.425,9.449,9.42,9.428,15052.45,1779478799999,141992.39530000,1527,8280.23000000,78118.34932000,0,LINKUSDT,binance
2026-05-22 19:40:00+00:00,9.429,9.429,9.373,9.414,20895.65,1779479099999,196289.60177000,2320,10666.81000000,100215.62285000,0,LINKUSDT,binance
2026-05-22 19:45:00+00:00,9.413,9.435,9.394,9.411,9046.65,1779479399999,85186.52517000,1146,5862.03000000,55217.40014000,0,LINKUSDT,binance
2026-05-22 19:50:00+00:00,9.41,9.635,9.398,9.49,85938.03,1779479699999,814174.91946000,4192,48893.18000000,463273.00194000,0,LINKUSDT,binance
2026-05-22 19:55:00+00:00,9.491,9.516,9.465,9.467,17235.25,1779479999999,163676.36638000,1086,12383.21000000,117620.68859000,0,LINKUSDT,binance
2026-05-22 20:00:00+00:00,9.467,9.504,9.466,9.488,6695.27,1779480299999,63510.57184000,774,3833.30000000,36351.73601000,0,LINKUSDT,binance
2026-05-22 20:05:00+00:00,9.489,9.516,9.488,9.511,5890.56,1779480599999,55986.38770000,533,3184.35000000,30265.93149000,0,LINKUSDT,binance
2026-05-22 20:10:00+00:00,9.512,9.516,9.499,9.5,7757.9,1779480899999,73755.78729000,479,1965.43000000,18690.15232000,0,LINKUSDT,binance
2026-05-22 20:15:00+00:00,9.5,9.515,9.481,9.491,12034.58,1779481199999,114350.11692000,706,3451.91000000,32790.19605000,0,LINKUSDT,binance
2026-05-22 20:20:00+00:00,9.492,9.501,9.476,9.494,4850.33,1779481499999,46030.51123000,595,1613.69000000,15310.80930000,0,LINKUSDT,binance
2026-05-22 20:25:00+00:00,9.494,9.51,9.486,9.507,4376.14,1779481799999,41561.79263000,428,2759.76000000,26215.50785000,0,LINKUSDT,binance
2026-05-22 20:30:00+00:00,9.506,9.51,9.463,9.497,21752.35,1779482099999,206346.84082000,1535,8921.55000000,84619.63453000,0,LINKUSDT,binance
2026-05-22 20:35:00+00:00,9.497,9.503,9.491,9.503,2009.85,1779482399999,19083.91438000,329,364.15000000,3457.99576000,0,LINKUSDT,binance
2026-05-22 20:40:00+00:00,9.503,9.516,9.5,9.509,4086.66,1779482699999,38864.12213000,422,2595.58000000,24687.78372000,0,LINKUSDT,binance
2026-05-22 20:45:00+00:00,9.509,9.525,9.497,9.525,3125.64,1779482999999,29735.73784000,330,1915.48000000,18224.98769000,0,LINKUSDT,binance
2026-05-22 20:50:00+00:00,9.525,9.548,9.517,9.539,32890.21,1779483299999,313493.86558000,1068,24034.92000000,229075.20892000,0,LINKUSDT,binance
2026-05-22 20:55:00+00:00,9.538,9.542,9.527,9.54,4811.65,1779483599999,45879.66347000,454,2805.64000000,26751.90011000,0,LINKUSDT,binance
2026-05-22 21:00:00+00:00,9.539,9.548,9.533,9.533,3096.65,1779483899999,29548.45902000,398,726.58000000,6931.08282000,0,LINKUSDT,binance
2026-05-22 21:05:00+00:00,9.533,9.54,9.528,9.538,1887.91,1779484199999,17999.03291000,239,1193.94000000,11383.68153000,0,LINKUSDT,binance
2026-05-22 21:10:00+00:00,9.538,9.547,9.535,9.54,9024.14,1779484499999,86101.77941000,274,2092.34000000,19959.22421000,0,LINKUSDT,binance
2026-05-22 21:15:00+00:00,9.539,9.55,9.532,9.549,7181.7,1779484799999,68532.93624000,280,6441.41000000,61472.47551000,0,LINKUSDT,binance
2026-05-22 21:20:00+00:00,9.55,9.559,9.55,9.555,2073.71,1779485099999,19814.07132000,163,630.24000000,6021.93869000,0,LINKUSDT,binance
2026-05-22 21:25:00+00:00,9.555,9.559,9.55,9.557,2903.77,1779485399999,27743.00477000,217,1386.04000000,13241.93530000,0,LINKUSDT,binance
2026-05-22 21:30:00+00:00,9.557,9.574,9.557,9.564,5880.82,1779485699999,56244.72140000,293,1580.26000000,15112.28605000,0,LINKUSDT,binance
2026-05-22 21:35:00+00:00,9.563,9.566,9.557,9.56,1968.79,1779485999999,18823.35776000,133,693.29000000,6628.52939000,0,LINKUSDT,binance
2026-05-22 21:40:00+00:00,9.561,9.562,9.545,9.546,1843.68,1779486299999,17615.91212000,214,961.26000000,9185.87622000,0,LINKUSDT,binance
2026-05-22 21:45:00+00:00,9.547,9.568,9.547,9.565,2361.38,1779486599999,22574.30340000,225,1795.02000000,17160.82316000,0,LINKUSDT,binance
2026-05-22 21:50:00+00:00,9.565,9.569,9.552,9.553,1930.25,1779486899999,18450.09236000,169,715.60000000,6841.54498000,0,LINKUSDT,binance
2026-05-22 21:55:00+00:00,9.552,9.553,9.545,9.548,1286.62,1779487199999,12286.10372000,119,256.21000000,2446.23897000,0,LINKUSDT,binance
2026-05-22 22:00:00+00:00,9.547,9.549,9.53,9.533,6782.98,1779487499999,64697.15687000,272,1193.04000000,11387.04980000,0,LINKUSDT,binance
2026-05-22 22:05:00+00:00,9.533,9.54,9.532,9.538,4102.06,1779487799999,39108.04075000,253,1786.69000000,17034.69621000,0,LINKUSDT,binance
2026-05-22 22:10:00+00:00,9.538,9.548,9.529,9.547,5635.63,1779488099999,53748.49022000,401,2628.04000000,25072.63451000,0,LINKUSDT,binance
2026-05-22 22:15:00+00:00,9.549,9.549,9.533,9.533,4488.76,1779488399999,42808.67664000,212,536.39000000,5115.07738000,0,LINKUSDT,binance
2026-05-22 22:20:00+00:00,9.534,9.535,9.528,9.529,1410.42,1779488699999,13444.41709000,160,992.25000000,9458.03486000,0,LINKUSDT,binance
2026-05-22 22:25:00+00:00,9.528,9.529,9.517,9.517,877.03,1779488999999,8351.49515000,146,44.03000000,419.23246000,0,LINKUSDT,binance
2026-05-22 22:30:00+00:00,9.518,9.534,9.503,9.505,4053.64,1779489299999,38599.58130000,400,1432.35000000,13641.67342000,0,LINKUSDT,binance
2026-05-22 22:35:00+00:00,9.505,9.506,9.495,9.501,3402.67,1779489599999,32323.47522000,221,706.32000000,6709.14308000,0,LINKUSDT,binance
2026-05-22 22:40:00+00:00,9.502,9.503,9.481,9.5,6088.02,1779489899999,57778.09909000,386,2601.02000000,24686.42659000,0,LINKUSDT,binance
2026-05-22 22:45:00+00:00,9.501,9.515,9.5,9.515,5771.5,1779490199999,54866.36197000,278,2055.40000000,19548.49955000,0,LINKUSDT,binance
2026-05-22 22:50:00+00:00,9.515,9.52,9.514,9.516,1433.27,1779490499999,13639.36690000,98,917.04000000,8726.47016000,0,LINKUSDT,binance
2026-05-22 22:55:00+00:00,9.516,9.521,9.513,9.519,4313.68,1779490799999,41057.92305000,116,692.40000000,6591.46301000,0,LINKUSDT,binance
2026-05-22 23:00:00+00:00,9.519,9.539,9.519,9.536,3928.89,1779491099999,37423.42763000,227,3131.13000000,29819.01172000,0,LINKUSDT,binance
2026-05-22 23:05:00+00:00,9.537,9.545,9.533,9.545,2413.94,1779491399999,23021.00823000,192,1782.38000000,16998.23599000,0,LINKUSDT,binance
2026-05-22 23:10:00+00:00,9.545,9.548,9.542,9.547,1167.12,1779491699999,11138.70143000,156,1042.35000000,9947.74999000,0,LINKUSDT,binance
2026-05-22 23:15:00+00:00,9.547,9.549,9.513,9.514,4785.61,1779491999999,45676.05499000,311,561.87000000,5364.36665000,0,LINKUSDT,binance
2026-05-22 23:20:00+00:00,9.514,9.517,9.508,9.517,2249.02,1779492299999,21395.06276000,245,1530.30000000,14556.83815000,0,LINKUSDT,binance
2026-05-22 23:25:00+00:00,9.517,9.517,9.482,9.482,3193.41,1779492599999,30367.11446000,306,713.95000000,6789.74963000,0,LINKUSDT,binance
2026-05-22 23:30:00+00:00,9.483,9.498,9.476,9.498,8110.46,1779492899999,76967.52190000,331,3277.42000000,31108.47587000,0,LINKUSDT,binance
2026-05-22 23:35:00+00:00,9.499,9.518,9.499,9.517,5857.11,1779493199999,55697.46490000,210,5466.43000000,51984.36207000,0,LINKUSDT,binance
2026-05-22 23:40:00+00:00,9.516,9.523,9.513,9.521,4860.58,1779493499999,46271.31318000,295,2597.86000000,24728.91465000,0,LINKUSDT,binance
2026-05-22 23:45:00+00:00,9.52,9.52,9.363,9.395,99674.66,1779493799999,939810.47269000,5359,40045.41000000,377098.49975000,0,LINKUSDT,binance
2026-05-22 23:50:00+00:00,9.396,9.43,9.392,9.429,14603.93,1779494099999,137439.16053000,764,9531.96000000,89684.59543000,0,LINKUSDT,binance
2026-05-22 23:55:00+00:00,9.429,9.436,9.418,9.42,7190.82,1779494399999,67807.49640000,382,2992.00000000,28211.39676000,0,LINKUSDT,binance
2026-05-23 00:00:00+00:00,9.42,9.439,9.4,9.424,16291.56,1779494699999,153433.66578000,1152,10121.65000000,95327.31248000,0,LINKUSDT,binance
2026-05-23 00:05:00+00:00,9.423,9.436,9.418,9.433,10432.09,1779494999999,98327.22848000,863,6357.87000000,59921.04670000,0,LINKUSDT,binance
2026-05-23 00:10:00+00:00,9.433,9.44,9.396,9.408,11602.03,1779495299999,109246.06132000,846,5444.44000000,51253.55218000,0,LINKUSDT,binance
2026-05-23 00:15:00+00:00,9.408,9.418,9.392,9.397,19796.43,1779495599999,186201.06645000,1307,8461.82000000,79603.50164000,0,LINKUSDT,binance
2026-05-23 00:20:00+00:00,9.397,9.404,9.389,9.403,11009.29,1779495899999,103469.97093000,658,7851.04000000,73793.40891000,0,LINKUSDT,binance
2026-05-23 00:25:00+00:00,9.404,9.409,9.391,9.409,5421.34,1779496199999,50975.65148000,790,2143.68000000,20156.95725000,0,LINKUSDT,binance
2026-05-23 00:30:00+00:00,9.409,9.419,9.376,9.402,20045.59,1779496499999,188528.75507000,1238,5970.01000000,56112.52174000,0,LINKUSDT,binance
2026-05-23 00:35:00+00:00,9.402,9.402,9.371,9.387,6492.56,1779496799999,60942.69769000,674,1915.73000000,17968.86954000,0,LINKUSDT,binance
2026-05-23 00:40:00+00:00,9.387,9.387,9.343,9.369,26759.24,1779497099999,250484.38992000,1293,13030.90000000,121976.85682000,0,LINKUSDT,binance
2026-05-23 00:45:00+00:00,9.368,9.393,9.367,9.392,6839.57,1779497399999,64152.62633000,402,2441.28000000,22896.40748000,0,LINKUSDT,binance
2026-05-23 00:50:00+00:00,9.394,9.408,9.394,9.4,5253.49,1779497699999,49387.68899000,318,2568.07000000,24143.78333000,0,LINKUSDT,binance
2026-05-23 00:55:00+00:00,9.4,9.408,9.396,9.4,4829.12,1779497999999,45406.54046000,330,2137.00000000,20092.88029000,0,LINKUSDT,binance
2026-05-23 01:00:00+00:00,9.401,9.428,9.398,9.419,7662.62,1779498299999,72139.94819000,558,2256.38000000,21238.27263000,0,LINKUSDT,binance
2026-05-23 01:05:00+00:00,9.418,9.418,9.408,9.413,3165.75,1779498599999,29796.80460000,241,1205.96000000,11351.11145000,0,LINKUSDT,binance
2026-05-23 01:10:00+00:00,9.412,9.412,9.39,9.392,3783.42,1779498899999,35552.16351000,340,1209.41000000,11368.98587000,0,LINKUSDT,binance
2026-05-23 01:15:00+00:00,9.393,9.399,9.379,9.399,2859.51,1779499199999,26843.46720000,356,1722.35000000,16167.33637000,0,LINKUSDT,binance
2026-05-23 01:20:00+00:00,9.399,9.411,9.395,9.41,2837.16,1779499499999,26690.31943000,246,1647.48000000,15498.62692000,0,LINKUSDT,binance
2026-05-23 01:25:00+00:00,9.409,9.414,9.406,9.413,2716.56,1779499799999,25560.71655000,165,957.38000000,9007.79395000,0,LINKUSDT,binance
2026-05-23 01:30:00+00:00,9.414,9.418,9.411,9.412,2304.88,1779500099999,21696.76238000,231,1105.35000000,10405.01215000,0,LINKUSDT,binance
2026-05-23 01:35:00+00:00,9.412,9.423,9.41,9.419,2157.2,1779500399999,20319.11553000,172,652.41000000,6145.00234000,0,LINKUSDT,binance
2026-05-23 01:40:00+00:00,9.418,9.418,9.405,9.413,2107.8,1779500699999,19836.35244000,209,151.66000000,1427.15422000,0,LINKUSDT,binance
2026-05-23 01:45:00+00:00,9.413,9.413,9.393,9.413,1513.9,1779500999999,14236.26208000,302,497.47000000,4679.46682000,0,LINKUSDT,binance
2026-05-23 01:50:00+00:00,9.413,9.419,9.402,9.419,6263.74,1779501299999,58927.27675000,368,3546.11000000,33357.75121000,0,LINKUSDT,binance
2026-05-23 01:55:00+00:00,9.418,9.42,9.412,9.418,1373.47,1779501599999,12931.20315000,240,538.48000000,5070.46476000,0,LINKUSDT,binance
2026-05-23 02:00:00+00:00,9.418,9.427,9.405,9.405,4991.47,1779501899999,46997.96706000,330,2755.03000000,25949.34527000,0,LINKUSDT,binance
2026-05-23 02:05:00+00:00,9.406,9.421,9.406,9.413,4031.83,1779502199999,37967.26771000,251,3068.18000000,28894.36066000,0,LINKUSDT,binance
2026-05-23 02:10:00+00:00,9.412,9.415,9.394,9.396,6870.45,1779502499999,64604.05704000,349,310.40000000,2919.80993000,0,LINKUSDT,binance
2026-05-23 02:15:00+00:00,9.397,9.408,9.391,9.396,2326.86,1779502799999,21869.64751000,263,621.65000000,5844.29536000,0,LINKUSDT,binance
2026-05-23 02:20:00+00:00,9.397,9.399,9.39,9.399,2402.35,1779503099999,22573.06204000,188,970.79000000,9122.20154000,0,LINKUSDT,binance
2026-05-23 02:25:00+00:00,9.399,9.4,9.389,9.394,700.11,1779503399999,6577.28476000,105,326.19000000,3063.97830000,0,LINKUSDT,binance
2026-05-23 02:30:00+00:00,9.395,9.398,9.39,9.392,1639.48,1779503699999,15401.32036000,256,435.19000000,4088.21086000,0,LINKUSDT,binance
2026-05-23 02:35:00+00:00,9.392,9.396,9.385,9.394,2054.93,1779503999999,19297.69742000,267,1004.12000000,9428.95609000,0,LINKUSDT,binance
2026-05-23 02:40:00+00:00,9.394,9.403,9.39,9.399,3345.94,1779504299999,31448.46785000,192,942.99000000,8862.56089000,0,LINKUSDT,binance
2026-05-23 02:45:00+00:00,9.4,9.407,9.395,9.407,2179.79,1779504599999,20493.24107000,118,1291.75000000,12145.04043000,0,LINKUSDT,binance
2026-05-23 02:50:00+00:00,9.406,9.407,9.401,9.407,2505.47,1779504899999,23566.17837000,172,285.24000000,2682.57347000,0,LINKUSDT,binance
2026-05-23 02:55:00+00:00,9.406,9.408,9.402,9.406,12097.6,1779505199999,113746.94981000,143,10357.81000000,97387.04360000,0,LINKUSDT,binance
2026-05-23 03:00:00+00:00,9.406,9.416,9.403,9.412,10363.8,1779505499999,97541.89881000,303,5408.51000000,50915.09418000,0,LINKUSDT,binance
2026-05-23 03:05:00+00:00,9.412,9.414,9.408,9.412,3177.24,1779505799999,29901.90479000,147,1729.40000000,16275.86628000,0,LINKUSDT,binance
2026-05-23 03:10:00+00:00,9.413,9.415,9.409,9.415,899.23,1779506099999,8465.49789000,72,439.06000000,4133.11478000,0,LINKUSDT,binance
2026-05-23 03:15:00+00:00,9.414,9.416,9.407,9.408,3881.66,1779506399999,36528.24999000,199,1338.63000000,12597.83626000,0,LINKUSDT,binance
2026-05-23 03:20:00+00:00,9.407,9.414,9.407,9.41,946.71,1779506699999,8909.95830000,137,441.76000000,4157.36981000,0,LINKUSDT,binance
2026-05-23 03:25:00+00:00,9.409,9.409,9.404,9.407,451.97,1779506999999,4251.39124000,85,288.56000000,2714.39366000,0,LINKUSDT,binance
2026-05-23 03:30:00+00:00,9.407,9.417,9.407,9.411,2336.29,1779507299999,21987.20693000,195,1069.71000000,10065.89493000,0,LINKUSDT,binance
2026-05-23 03:35:00+00:00,9.41,9.417,9.408,9.417,724.51,1779507599999,6818.35523000,94,542.97000000,5110.02360000,0,LINKUSDT,binance
2026-05-23 03:40:00+00:00,9.416,9.416,9.412,9.412,124.94,1779507899999,1176.09381000,61,66.56000000,626.56425000,0,LINKUSDT,binance
2026-05-23 03:45:00+00:00,9.413,9.417,9.409,9.411,3551.9,1779508199999,33433.91882000,174,2761.22000000,25993.43199000,0,LINKUSDT,binance
2026-05-23 03:50:00+00:00,9.411,9.416,9.411,9.414,1192.88,1779508499999,11229.14400000,90,456.47000000,4297.53459000,0,LINKUSDT,binance
2026-05-23 03:55:00+00:00,9.414,9.414,9.403,9.407,2083.61,1779508799999,19599.81009000,224,1002.58000000,9432.66134000,0,LINKUSDT,binance
2026-05-23 04:00:00+00:00,9.407,9.408,9.395,9.402,9318.72,1779509099999,87596.46292000,354,5878.67000000,55257.82161000,0,LINKUSDT,binance
2026-05-23 04:05:00+00:00,9.402,9.406,9.396,9.4,2638.93,1779509399999,24811.83433000,190,1449.39000000,13628.32856000,0,LINKUSDT,binance
2026-05-23 04:10:00+00:00,9.4,9.407,9.397,9.403,3528.04,1779509699999,33171.93313000,212,2046.66000000,19243.10978000,0,LINKUSDT,binance
2026-05-23 04:15:00+00:00,9.403,9.406,9.388,9.391,1779.08,1779509999999,16716.74508000,285,753.96000000,7084.96481000,0,LINKUSDT,binance
2026-05-23 04:20:00+00:00,9.39,9.391,9.375,9.386,12730.25,1779510299999,119412.54258000,720,7136.35000000,66938.55755000,0,LINKUSDT,binance
2026-05-23 04:25:00+00:00,9.386,9.394,9.384,9.389,4830.47,1779510599999,45356.14552000,366,3014.39000000,28305.73270000,0,LINKUSDT,binance
2026-05-23 04:30:00+00:00,9.39,9.414,9.39,9.403,2486.58,1779510899999,23370.23651000,267,1940.70000000,18235.11660000,0,LINKUSDT,binance
2026-05-23 04:35:00+00:00,9.402,9.402,9.386,9.387,1671.74,1779511199999,15704.26876000,296,295.38000000,2774.87074000,0,LINKUSDT,binance
2026-05-23 04:40:00+00:00,9.387,9.388,9.375,9.377,1909.69,1779511499999,17910.54431000,246,1039.10000000,9744.15528000,0,LINKUSDT,binance
2026-05-23 04:45:00+00:00,9.378,9.387,9.378,9.386,1216.91,1779511799999,11417.56570000,168,392.77000000,3684.47242000,0,LINKUSDT,binance
2026-05-23 04:50:00+00:00,9.387,9.388,9.368,9.374,12480.32,1779512099999,116991.96962000,374,1369.47000000,12837.42965000,0,LINKUSDT,binance
2026-05-23 04:55:00+00:00,9.375,9.376,9.367,9.374,3674.2,1779512399999,34427.97471000,202,1768.30000000,16571.12203000,0,LINKUSDT,binance
2026-05-23 05:00:00+00:00,9.374,9.374,9.35,9.367,12578.14,1779512699999,117712.37668000,810,5023.74000000,47016.70788000,0,LINKUSDT,binance
2026-05-23 05:05:00+00:00,9.367,9.377,9.362,9.366,4748.68,1779512999999,44487.51376000,272,1188.80000000,11140.28543000,0,LINKUSDT,binance
2026-05-23 05:10:00+00:00,9.366,9.366,9.353,9.356,1745.91,1779513299999,16334.22690000,162,1444.70000000,13515.88130000,0,LINKUSDT,binance
2026-05-23 05:15:00+00:00,9.356,9.364,9.348,9.35,7254.41,1779513599999,67878.32389000,303,4925.15000000,46086.35517000,0,LINKUSDT,binance
2026-05-23 05:20:00+00:00,9.35,9.351,9.326,9.335,11934.5,1779513899999,111463.27727000,876,5828.48000000,54437.13909000,0,LINKUSDT,binance
2026-05-23 05:25:00+00:00,9.336,9.347,9.336,9.341,3124.4,1779514199999,29188.26743000,228,1865.62000000,17428.08599000,0,LINKUSDT,binance
2026-05-23 05:30:00+00:00,9.34,9.348,9.334,9.338,4430.84,1779514499999,41390.21921000,277,2305.37000000,21535.25969000,0,LINKUSDT,binance
2026-05-23 05:35:00+00:00,9.339,9.356,9.339,9.354,6641.34,1779514799999,62066.06888000,308,1994.86000000,18640.15111000,0,LINKUSDT,binance
2026-05-23 05:40:00+00:00,9.355,9.362,9.351,9.353,6185.78,1779515099999,57873.83598000,266,3999.04000000,37415.82878000,0,LINKUSDT,binance
2026-05-23 05:45:00+00:00,9.352,9.352,9.339,9.341,3660.51,1779515399999,34200.35529000,337,1371.63000000,12814.96665000,0,LINKUSDT,binance
2026-05-23 05:50:00+00:00,9.342,9.344,9.337,9.339,2256.25,1779515699999,21073.30985000,172,1857.61000000,17350.12183000,0,LINKUSDT,binance
2026-05-23 05:55:00+00:00,9.339,9.349,9.336,9.348,6585.95,1779515999999,61504.61185000,324,2929.70000000,27360.00753000,0,LINKUSDT,binance
2026-05-23 06:00:00+00:00,9.347,9.349,9.329,9.332,8431.04,1779516299999,78701.43825000,570,5819.22000000,54319.16319000,0,LINKUSDT,binance
2026-05-23 06:05:00+00:00,9.334,9.345,9.334,9.345,2727.0,1779516599999,25467.31619000,254,1225.76000000,11448.57666000,0,LINKUSDT,binance
2026-05-23 06:10:00+00:00,9.344,9.344,9.336,9.338,4864.87,1779516899999,45437.57188000,225,2546.75000000,23785.21912000,0,LINKUSDT,binance
2026-05-23 06:15:00+00:00,9.338,9.346,9.334,9.339,5047.03,1779517199999,47144.63132000,338,1371.08000000,12804.41547000,0,LINKUSDT,binance
2026-05-23 06:20:00+00:00,9.34,9.34,9.33,9.336,5591.16,1779517499999,52189.61935000,322,4594.78000000,42889.40812000,0,LINKUSDT,binance
2026-05-23 06:25:00+00:00,9.336,9.336,9.322,9.325,16138.14,1779517799999,150562.52783000,737,4940.82000000,46091.81589000,0,LINKUSDT,binance
2026-05-23 06:30:00+00:00,9.326,9.337,9.323,9.329,10502.05,1779518099999,98002.07708000,561,3466.98000000,32346.09525000,0,LINKUSDT,binance
2026-05-23 06:35:00+00:00,9.33,9.335,9.314,9.324,9020.54,1779518399999,84076.05819000,516,4010.05000000,37372.74150000,0,LINKUSDT,binance
2026-05-23 06:40:00+00:00,9.325,9.334,9.322,9.324,7560.33,1779518699999,70538.32774000,391,5396.99000000,50354.26785000,0,LINKUSDT,binance
2026-05-23 06:45:00+00:00,9.325,9.328,9.313,9.317,5926.77,1779518999999,55223.94508000,428,2670.09000000,24877.68893000,0,LINKUSDT,binance
2026-05-23 06:50:00+00:00,9.317,9.324,9.317,9.32,1811.31,1779519299999,16881.06058000,201,400.33000000,3731.17699000,0,LINKUSDT,binance
2026-05-23 06:55:00+00:00,9.32,9.329,9.315,9.329,3415.34,1779519599999,31836.55267000,327,2753.39000000,25665.02032000,0,LINKUSDT,binance
2026-05-23 07:00:00+00:00,9.33,9.335,9.316,9.316,4296.57,1779519899999,40060.57753000,394,2258.54000000,21057.12384000,0,LINKUSDT,binance
2026-05-23 07:05:00+00:00,9.315,9.315,9.287,9.312,23225.84,1779520199999,216048.69290000,1545,9139.40000000,85026.96556000,0,LINKUSDT,binance
2026-05-23 07:10:00+00:00,9.311,9.316,9.303,9.307,2652.63,1779520499999,24696.74240000,331,622.93000000,5800.17861000,0,LINKUSDT,binance
2026-05-23 07:15:00+00:00,9.306,9.306,9.292,9.298,3202.19,1779520799999,29774.48602000,349,1470.30000000,13671.38838000,0,LINKUSDT,binance
2026-05-23 07:20:00+00:00,9.299,9.299,9.28,9.292,21620.86,1779521099999,200791.23759000,1016,8881.41000000,82489.81944000,0,LINKUSDT,binance
2026-05-23 07:25:00+00:00,9.292,9.292,9.28,9.289,10120.3,1779521399999,93974.22826000,579,5918.12000000,54950.88011000,0,LINKUSDT,binance
2026-05-23 07:30:00+00:00,9.289,9.289,9.245,9.269,50248.42,1779521699999,465463.35751000,2140,16509.45000000,152898.82875000,0,LINKUSDT,binance
2026-05-23 07:35:00+00:00,9.27,9.287,9.269,9.279,9892.28,1779521999999,91769.02634000,456,8313.86000000,77126.89142000,0,LINKUSDT,binance
2026-05-23 07:40:00+00:00,9.278,9.278,9.254,9.267,7788.32,1779522299999,72156.21324000,522,3860.61000000,35769.77704000,0,LINKUSDT,binance
2026-05-23 07:45:00+00:00,9.266,9.266,9.165,9.182,138761.66,1779522599999,1276548.23227000,7441,50313.29000000,462835.16458000,0,LINKUSDT,binance
2026-05-23 07:50:00+00:00,9.182,9.186,9.059,9.103,200337.38,1779522899999,1825096.93737000,10859,74938.32000000,683246.44227000,0,LINKUSDT,binance
2026-05-23 07:55:00+00:00,9.103,9.141,9.097,9.13,58548.35,1779523199999,533931.28435000,2467,36562.40000000,333486.92756000,0,LINKUSDT,binance
2026-05-23 08:00:00+00:00,9.128,9.153,9.097,9.111,64146.54,1779523499999,584860.13264000,2108,26301.70000000,239901.94551000,0,LINKUSDT,binance
2026-05-23 08:05:00+00:00,9.11,9.135,9.101,9.135,65413.36,1779523799999,596306.33696000,1257,54116.41000000,493310.48113000,0,LINKUSDT,binance
2026-05-23 08:10:00+00:00,9.134,9.158,9.134,9.15,19621.49,1779524099999,179529.12399000,976,9610.97000000,87923.97778000,0,LINKUSDT,binance
2026-05-23 08:15:00+00:00,9.15,9.166,9.145,9.153,7165.73,1779524399999,65615.89621000,818,2416.27000000,22127.40300000,0,LINKUSDT,binance
2026-05-23 08:20:00+00:00,9.152,9.16,9.137,9.155,18841.77,1779524699999,172391.99876000,951,11815.53000000,108092.94136000,0,LINKUSDT,binance
2026-05-23 08:25:00+00:00,9.155,9.155,9.126,9.126,17969.83,1779524999999,164292.91458000,678,5098.40000000,46616.38795000,0,LINKUSDT,binance
2026-05-23 08:30:00+00:00,9.128,9.13,9.111,9.127,12890.48,1779525299999,117615.45226000,861,8121.62000000,74107.98283000,0,LINKUSDT,binance
2026-05-23 08:35:00+00:00,9.126,9.126,9.106,9.106,10078.62,1779525599999,91890.20973000,676,3552.98000000,32399.63073000,0,LINKUSDT,binance
2026-05-23 08:40:00+00:00,9.107,9.13,9.102,9.125,14514.24,1779525899999,132353.00578000,700,11423.17000000,104169.31066000,0,LINKUSDT,binance
2026-05-23 08:45:00+00:00,9.124,9.156,9.122,9.152,23724.95,1779526199999,216790.90167000,783,16536.65000000,151108.72451000,0,LINKUSDT,binance
2026-05-23 08:50:00+00:00,9.153,9.16,9.15,9.156,6162.56,1779526499999,56419.20624000,336,3768.75000000,34504.24942000,0,LINKUSDT,binance
2026-05-23 08:55:00+00:00,9.156,9.171,9.154,9.171,3280.6,1779526799999,30057.85428000,264,1767.25000000,16192.94211000,0,LINKUSDT,binance
2026-05-23 09:00:00+00:00,9.171,9.187,9.168,9.182,11688.94,1779527099999,107272.45314000,476,5302.02000000,48673.91668000,0,LINKUSDT,binance
2026-05-23 09:05:00+00:00,9.182,9.182,9.172,9.173,2568.93,1779527399999,23572.97924000,364,1186.72000000,10889.92611000,0,LINKUSDT,binance
2026-05-23 09:10:00+00:00,9.173,9.192,9.173,9.182,5461.7,1779527699999,50148.05614000,433,1481.15000000,13597.83514000,0,LINKUSDT,binance
2026-05-23 09:15:00+00:00,9.183,9.186,9.176,9.183,5123.81,1779527999999,47039.65117000,344,2167.23000000,19899.33468000,0,LINKUSDT,binance
2026-05-23 09:20:00+00:00,9.182,9.194,9.178,9.187,3335.81,1779528299999,30649.67028000,405,1693.36000000,15557.88250000,0,LINKUSDT,binance
2026-05-23 09:25:00+00:00,9.187,9.188,9.177,9.179,2425.68,1779528599999,22274.81100000,245,622.77000000,5719.18015000,0,LINKUSDT,binance
2026-05-23 09:30:00+00:00,9.179,9.185,9.175,9.183,11424.88,1779528899999,104878.22929000,565,8340.55000000,76560.90321000,0,LINKUSDT,binance
2026-05-23 09:35:00+00:00,9.182,9.182,9.169,9.177,4208.32,1779529199999,38618.08750000,461,2086.90000000,19150.67086000,0,LINKUSDT,binance
2026-05-23 09:40:00+00:00,9.177,9.183,9.176,9.181,7896.96,1779529499999,72490.19124000,476,5042.89000000,46287.14448000,0,LINKUSDT,binance
2026-05-23 09:45:00+00:00,9.182,9.186,9.174,9.184,5475.67,1779529799999,50267.87164000,442,2638.68000000,24226.75168000,0,LINKUSDT,binance
2026-05-23 09:50:00+00:00,9.184,9.189,9.181,9.184,2568.23,1779530099999,23588.40350000,376,798.87000000,7337.70157000,0,LINKUSDT,binance
2026-05-23 09:55:00+00:00,9.184,9.187,9.178,9.183,2475.29,1779530399999,22726.74782000,311,1339.04000000,12293.96167000,0,LINKUSDT,binance
2026-05-23 10:00:00+00:00,9.183,9.202,9.181,9.196,7476.2,1779530699999,68762.59311000,436,6148.15000000,56549.33573000,0,LINKUSDT,binance
2026-05-23 10:05:00+00:00,9.195,9.201,9.193,9.198,5936.51,1779530999999,54593.28261000,327,4752.14000000,43702.20324000,0,LINKUSDT,binance
2026-05-23 10:10:00+00:00,9.198,9.207,9.198,9.204,6117.5,1779531299999,56292.22066000,241,2756.24000000,25361.08372000,0,LINKUSDT,binance
2026-05-23 10:15:00+00:00,9.205,9.207,9.197,9.201,4334.5,1779531599999,39888.29971000,299,2175.51000000,20021.96008000,0,LINKUSDT,binance
2026-05-23 10:20:00+00:00,9.201,9.205,9.198,9.198,880.19,1779531899999,8098.70484000,138,309.21000000,2844.80402000,0,LINKUSDT,binance
2026-05-23 10:25:00+00:00,9.199,9.207,9.199,9.207,1572.67,1779532199999,14473.59419000,145,964.26000000,8875.46233000,0,LINKUSDT,binance
2026-05-23 10:30:00+00:00,9.206,9.213,9.2,9.212,3594.47,1779532499999,33087.46040000,280,983.41000000,9053.77912000,0,LINKUSDT,binance
2026-05-23 10:35:00+00:00,9.212,9.217,9.206,9.217,3052.54,1779532799999,28118.54041000,236,1697.01000000,15631.78920000,0,LINKUSDT,binance
2026-05-23 10:40:00+00:00,9.216,9.218,9.207,9.218,2711.86,1779533099999,24986.02056000,264,856.57000000,7893.82166000,0,LINKUSDT,binance
2026-05-23 10:45:00+00:00,9.219,9.222,9.204,9.207,1429.11,1779533399999,13165.37063000,306,707.52000000,6518.92945000,0,LINKUSDT,binance
2026-05-23 10:50:00+00:00,9.208,9.209,9.198,9.199,5033.53,1779533699999,46321.10243000,281,768.47000000,7071.66172000,0,LINKUSDT,binance
2026-05-23 10:55:00+00:00,9.2,9.201,9.197,9.199,4296.24,1779533999999,39517.05261000,106,3254.92000000,29938.98880000,0,LINKUSDT,binance
2026-05-23 11:00:00+00:00,9.199,9.201,9.193,9.198,1198.51,1779534299999,11022.78702000,192,768.81000000,7071.17162000,0,LINKUSDT,binance
2026-05-23 11:05:00+00:00,9.198,9.216,9.198,9.212,7699.6,1779534599999,70897.56452000,367,4739.86000000,43643.83350000,0,LINKUSDT,binance
2026-05-23 11:10:00+00:00,9.212,9.215,9.209,9.21,1593.8,1779534899999,14681.27703000,134,699.83000000,6446.80173000,0,LINKUSDT,binance
2026-05-23 11:15:00+00:00,9.211,9.213,9.208,9.209,1161.22,1779535199999,10695.38155000,133,147.96000000,1362.80101000,0,LINKUSDT,binance
2026-05-23 11:20:00+00:00,9.211,9.217,9.208,9.213,1921.89,1779535499999,17702.45652000,154,569.92000000,5250.04343000,0,LINKUSDT,binance
2026-05-23 11:25:00+00:00,9.213,9.218,9.213,9.215,2057.68,1779535799999,18962.06628000,142,1399.56000000,12897.01551000,0,LINKUSDT,binance
2026-05-23 11:30:00+00:00,9.215,9.216,9.211,9.212,588.34,1779536099999,5420.31278000,117,346.31000000,3190.66365000,0,LINKUSDT,binance
2026-05-23 11:35:00+00:00,9.211,9.214,9.199,9.201,19085.49,1779536399999,175722.79755000,622,5009.06000000,46121.90440000,0,LINKUSDT,binance
2026-05-23 11:40:00+00:00,9.2,9.204,9.2,9.201,420.88,1779536699999,3872.70689000,96,103.31000000,950.62060000,0,LINKUSDT,binance
2026-05-23 11:45:00+00:00,9.201,9.201,9.193,9.196,2472.97,1779536999999,22744.24308000,205,1477.90000000,13593.25777000,0,LINKUSDT,binance
2026-05-23 11:50:00+00:00,9.197,9.198,9.183,9.187,3888.66,1779537299999,35736.84579000,267,803.47000000,7382.61349000,0,LINKUSDT,binance
2026-05-23 11:55:00+00:00,9.186,9.192,9.184,9.186,2886.28,1779537599999,26518.58455000,182,594.73000000,5464.32433000,0,LINKUSDT,binance
2026-05-23 12:00:00+00:00,9.185,9.189,9.179,9.184,4375.47,1779537899999,40182.48157000,341,1414.95000000,12994.66438000,0,LINKUSDT,binance
2026-05-23 12:05:00+00:00,9.183,9.184,9.175,9.183,4539.71,1779538199999,41668.56294000,402,1360.35000000,12487.52531000,0,LINKUSDT,binance
2026-05-23 12:10:00+00:00,9.182,9.185,9.172,9.177,3891.65,1779538499999,35713.75801000,310,1725.24000000,15835.90467000,0,LINKUSDT,binance
2026-05-23 12:15:00+00:00,9.178,9.183,9.166,9.168,8356.75,1779538799999,76672.02052000,559,1484.37000000,13621.93631000,0,LINKUSDT,binance
2026-05-23 12:20:00+00:00,9.169,9.173,9.16,9.171,4360.88,1779539099999,39974.39017000,398,1137.85000000,10432.79588000,0,LINKUSDT,binance
2026-05-23 12:25:00+00:00,9.171,9.175,9.171,9.174,1229.66,1779539399999,11280.06768000,141,127.84000000,1172.78414000,0,LINKUSDT,binance
2026-05-23 12:30:00+00:00,9.175,9.177,9.164,9.171,7040.29,1779539699999,64564.13948000,266,1755.13000000,16095.86530000,0,LINKUSDT,binance
2026-05-23 12:35:00+00:00,9.172,9.182,9.172,9.181,2571.51,1779539999999,23598.26724000,221,1507.17000000,13832.33945000,0,LINKUSDT,binance
2026-05-23 12:40:00+00:00,9.181,9.182,9.166,9.172,2538.24,1779540299999,23281.24539000,203,719.15000000,6597.03836000,0,LINKUSDT,binance
2026-05-23 12:45:00+00:00,9.173,9.18,9.173,9.179,887.37,1779540599999,8141.27928000,113,688.44000000,6316.13240000,0,LINKUSDT,binance
2026-05-23 12:50:00+00:00,9.18,9.184,9.176,9.184,1000.98,1779540899999,9190.00811000,114,662.05000000,6078.52039000,0,LINKUSDT,binance
2026-05-23 12:55:00+00:00,9.184,9.197,9.184,9.192,6017.19,1779541199999,55318.34943000,269,3970.88000000,36509.42485000,0,LINKUSDT,binance
2026-05-23 13:00:00+00:00,9.192,9.232,9.192,9.223,18609.7,1779541499999,171563.51201000,1240,9965.06000000,91856.86692000,0,LINKUSDT,binance
2026-05-23 13:05:00+00:00,9.224,9.234,9.213,9.225,9874.42,1779541799999,91078.31304000,716,1963.12000000,18101.62561000,0,LINKUSDT,binance
2026-05-23 13:10:00+00:00,9.226,9.232,9.222,9.232,2042.28,1779542099999,18841.17278000,224,672.67000000,6206.82918000,0,LINKUSDT,binance
2026-05-23 13:15:00+00:00,9.232,9.256,9.229,9.236,11866.8,1779542399999,109707.29477000,889,5629.76000000,52059.67536000,0,LINKUSDT,binance
2026-05-23 13:20:00+00:00,9.236,9.257,9.236,9.246,10515.3,1779542699999,97233.18049000,616,4358.37000000,40291.97602000,0,LINKUSDT,binance
2026-05-23 13:25:00+00:00,9.246,9.251,9.244,9.251,3635.56,1779542999999,33621.10923000,155,625.61000000,5786.07701000,0,LINKUSDT,binance
2026-05-23 13:30:00+00:00,9.252,9.26,9.237,9.238,9637.08,1779543299999,89118.50529000,588,4242.96000000,39249.49975000,0,LINKUSDT,binance
2026-05-23 13:35:00+00:00,9.237,9.237,9.221,9.226,9849.86,1779543599999,90915.48579000,476,4596.48000000,42428.58084000,0,LINKUSDT,binance
2026-05-23 13:40:00+00:00,9.228,9.233,9.221,9.231,4592.79,1779543899999,42382.19517000,248,3753.41000000,34637.32099000,0,LINKUSDT,binance
2026-05-23 13:45:00+00:00,9.232,9.278,9.232,9.275,13920.7,1779544199999,128919.62694000,717,12132.61000000,112346.34074000,0,LINKUSDT,binance
2026-05-23 13:50:00+00:00,9.275,9.275,9.255,9.274,12947.11,1779544499999,119968.73490000,712,3904.53000000,36175.00030000,0,LINKUSDT,binance
2026-05-23 13:55:00+00:00,9.273,9.275,9.263,9.267,11923.44,1779544799999,110511.80288000,434,1736.14000000,16091.91650000,0,LINKUSDT,binance
2026-05-23 14:00:00+00:00,9.268,9.273,9.25,9.25,6842.03,1779545099999,63361.23581000,403,1923.11000000,17808.63023000,0,LINKUSDT,binance
2026-05-23 14:05:00+00:00,9.251,9.272,9.245,9.265,9517.16,1779545399999,88133.72738000,457,5866.40000000,54301.08970000,0,LINKUSDT,binance
2026-05-23 14:10:00+00:00,9.266,9.273,9.256,9.259,42041.28,1779545699999,389510.49674000,877,8516.83000000,78909.49070000,0,LINKUSDT,binance
2026-05-23 14:15:00+00:00,9.26,9.263,9.25,9.252,14900.62,1779545999999,137899.75402000,618,6470.64000000,59885.72849000,0,LINKUSDT,binance
2026-05-23 14:20:00+00:00,9.252,9.27,9.251,9.259,9861.63,1779546299999,91315.84933000,585,5347.02000000,49503.89203000,0,LINKUSDT,binance
2026-05-23 14:25:00+00:00,9.26,9.266,9.253,9.259,4511.24,1779546599999,41767.96786000,391,876.27000000,8113.59025000,0,LINKUSDT,binance
2026-05-23 14:30:00+00:00,9.26,9.276,9.254,9.263,8975.04,1779546899999,83143.42541000,621,2492.42000000,23088.80449000,0,LINKUSDT,binance
2026-05-23 14:35:00+00:00,9.264,9.273,9.258,9.266,25728.61,1779547199999,238449.75647000,790,3887.32000000,36019.77544000,0,LINKUSDT,binance
2026-05-23 14:40:00+00:00,9.265,9.276,9.247,9.255,30297.08,1779547499999,280567.79012000,1196,9141.37000000,84670.34623000,0,LINKUSDT,binance
2026-05-23 14:45:00+00:00,9.255,9.271,9.244,9.258,21227.84,1779547799999,196502.02322000,1020,8732.41000000,80846.05242000,0,LINKUSDT,binance
2026-05-23 14:50:00+00:00,9.258,9.278,9.258,9.277,5203.18,1779548099999,48226.04636000,326,3646.92000000,33804.88872000,0,LINKUSDT,binance
2026-05-23 14:55:00+00:00,9.278,9.325,9.278,9.317,27334.29,1779548399999,254284.03401000,1630,13953.35000000,129762.53620000,0,LINKUSDT,binance
2026-05-23 15:00:00+00:00,9.318,9.341,9.313,9.331,20223.45,1779548699999,188582.74297000,1002,7231.57000000,67461.05782000,0,LINKUSDT,binance
2026-05-23 15:05:00+00:00,9.331,9.363,9.322,9.361,11447.08,1779548999999,106905.27353000,821,6802.65000000,63557.80564000,0,LINKUSDT,binance
2026-05-23 15:10:00+00:00,9.361,9.368,9.354,9.362,6173.15,1779549299999,57787.65002000,505,2911.02000000,27250.94437000,0,LINKUSDT,binance
2026-05-23 15:15:00+00:00,9.361,9.363,9.339,9.347,22084.44,1779549599999,206485.04928000,970,6162.73000000,57643.92105000,0,LINKUSDT,binance
2026-05-23 15:20:00+00:00,9.346,9.347,9.337,9.343,4215.55,1779549899999,39377.61979000,391,1432.42000000,13379.13477000,0,LINKUSDT,binance
2026-05-23 15:25:00+00:00,9.342,9.344,9.319,9.323,12756.03,1779550199999,118988.55443000,553,2382.01000000,22207.26395000,0,LINKUSDT,binance
2026-05-23 15:30:00+00:00,9.323,9.325,9.301,9.302,9073.3,1779550499999,84469.15338000,668,2037.87000000,18963.25195000,0,LINKUSDT,binance
2026-05-23 15:35:00+00:00,9.302,9.308,9.291,9.294,11694.27,1779550799999,108761.09831000,670,5045.23000000,46931.34405000,0,LINKUSDT,binance
2026-05-23 15:40:00+00:00,9.295,9.308,9.294,9.301,8215.75,1779551099999,76406.78569000,457,4596.78000000,42750.91957000,0,LINKUSDT,binance
2026-05-23 15:45:00+00:00,9.302,9.316,9.3,9.304,5112.68,1779551399999,47584.44976000,385,1313.11000000,12223.29017000,0,LINKUSDT,binance
2026-05-23 15:50:00+00:00,9.304,9.319,9.303,9.309,7353.12,1779551699999,68454.35720000,395,3464.60000000,32248.38773000,0,LINKUSDT,binance
2026-05-23 15:55:00+00:00,9.31,9.319,9.297,9.319,11263.38,1779551999999,104798.58061000,351,1450.60000000,13506.37090000,0,LINKUSDT,binance
2026-05-23 16:00:00+00:00,9.318,9.337,9.309,9.325,14113.01,1779552299999,131497.66245000,565,2687.47000000,25048.66092000,0,LINKUSDT,binance
2026-05-23 16:05:00+00:00,9.326,9.326,9.308,9.308,6581.15,1779552599999,61314.55423000,340,2350.33000000,21893.07091000,0,LINKUSDT,binance
2026-05-23 16:10:00+00:00,9.309,9.319,9.303,9.308,10293.56,1779552899999,95836.24572000,591,4327.38000000,40285.81885000,0,LINKUSDT,binance
2026-05-23 16:15:00+00:00,9.307,9.315,9.302,9.31,2697.46,1779553199999,25111.17492000,265,851.52000000,7925.03018000,0,LINKUSDT,binance
2026-05-23 16:20:00+00:00,9.311,9.313,9.288,9.291,5795.8,1779553499999,53890.23917000,504,1482.44000000,13786.61220000,0,LINKUSDT,binance
2026-05-23 16:25:00+00:00,9.289,9.301,9.284,9.297,5669.67,1779553799999,52681.98362000,303,3007.18000000,27937.75079000,0,LINKUSDT,binance
2026-05-23 16:30:00+00:00,9.298,9.316,9.296,9.308,3804.63,1779554099999,35414.06735000,297,1393.51000000,12970.76933000,0,LINKUSDT,binance
2026-05-23 16:35:00+00:00,9.308,9.342,9.308,9.336,15031.69,1779554399999,140194.94560000,614,10793.05000000,100660.87634000,0,LINKUSDT,binance
2026-05-23 16:40:00+00:00,9.337,9.338,9.321,9.321,5499.42,1779554699999,51305.46576000,266,1201.11000000,11204.53899000,0,LINKUSDT,binance
2026-05-23 16:45:00+00:00,9.321,9.33,9.32,9.327,4331.67,1779554999999,40381.79915000,298,2584.90000000,24096.02340000,0,LINKUSDT,binance
2026-05-23 16:50:00+00:00,9.326,9.331,9.314,9.314,3199.41,1779555299999,29827.24751000,326,774.46000000,7218.92118000,0,LINKUSDT,binance
2026-05-23 16:55:00+00:00,9.315,9.327,9.309,9.317,10101.83,1779555599999,94109.75939000,435,2719.88000000,25342.78762000,0,LINKUSDT,binance
2026-05-23 17:00:00+00:00,9.318,9.331,9.302,9.302,4340.43,1779555899999,40432.53681000,501,1875.73000000,17477.67834000,0,LINKUSDT,binance
2026-05-23 17:05:00+00:00,9.302,9.325,9.302,9.322,3332.49,1779556199999,31020.57322000,363,2134.11000000,19864.56051000,0,LINKUSDT,binance
2026-05-23 17:10:00+00:00,9.322,9.326,9.31,9.325,3587.39,1779556499999,33426.11260000,358,1861.01000000,17341.84265000,0,LINKUSDT,binance
2026-05-23 17:15:00+00:00,9.326,9.331,9.319,9.325,2048.53,1779556799999,19103.02719000,201,495.17000000,4617.60982000,0,LINKUSDT,binance
2026-05-23 17:20:00+00:00,9.325,9.325,9.305,9.309,4443.5,1779557099999,41383.18368000,375,1799.73000000,16761.60409000,0,LINKUSDT,binance
2026-05-23 17:25:00+00:00,9.31,9.317,9.302,9.316,4677.55,1779557399999,43538.83033000,281,973.39000000,9060.84215000,0,LINKUSDT,binance
2026-05-23 17:30:00+00:00,9.316,9.324,9.314,9.316,3838.69,1779557699999,35772.60621000,338,878.31000000,8185.27510000,0,LINKUSDT,binance
2026-05-23 17:35:00+00:00,9.317,9.321,9.306,9.319,4998.13,1779557999999,46550.21226000,363,3146.35000000,29302.08549000,0,LINKUSDT,binance
2026-05-23 17:40:00+00:00,9.319,9.319,9.306,9.311,5975.08,1779558299999,55619.56611000,242,895.74000000,8337.86734000,0,LINKUSDT,binance
2026-05-23 17:45:00+00:00,9.311,9.312,9.289,9.307,6003.4,1779558599999,55819.93594000,583,1870.91000000,17393.13405000,0,LINKUSDT,binance
2026-05-23 17:50:00+00:00,9.307,9.316,9.307,9.313,4568.54,1779558899999,42540.50603000,243,2443.41000000,22750.76442000,0,LINKUSDT,binance
2026-05-23 17:55:00+00:00,9.314,9.323,9.311,9.315,3348.33,1779559199999,31199.95323000,260,1156.33000000,10776.52925000,0,LINKUSDT,binance
2026-05-23 18:00:00+00:00,9.315,9.321,9.309,9.321,2530.27,1779559499999,23563.48798000,236,1122.77000000,10456.47381000,0,LINKUSDT,binance
2026-05-23 18:05:00+00:00,9.321,9.338,9.321,9.338,6385.98,1779559799999,59577.08679000,333,4098.72000000,38240.15945000,0,LINKUSDT,binance
2026-05-23 18:10:00+00:00,9.339,9.382,9.336,9.371,29396.04,1779560099999,275013.95059000,1504,16626.38000000,155573.30911000,0,LINKUSDT,binance
2026-05-23 18:15:00+00:00,9.372,9.389,9.365,9.384,7337.04,1779560399999,68810.31583000,742,4481.88000000,42037.50500000,0,LINKUSDT,binance
2026-05-23 18:20:00+00:00,9.384,9.406,9.375,9.384,20053.0,1779560699999,188298.28176000,1285,8467.52000000,79517.92035000,0,LINKUSDT,binance
2026-05-23 18:25:00+00:00,9.385,9.387,9.373,9.384,9233.48,1779560999999,86596.45107000,549,5426.71000000,50885.30377000,0,LINKUSDT,binance
2026-05-23 18:30:00+00:00,9.385,9.429,9.385,9.41,19054.74,1779561299999,179357.13324000,1099,11063.57000000,104156.33203000,0,LINKUSDT,binance
2026-05-23 18:35:00+00:00,9.411,9.42,9.394,9.398,7379.9,1779561599999,69413.80913000,561,3744.70000000,35226.06315000,0,LINKUSDT,binance
2026-05-23 18:40:00+00:00,9.399,9.419,9.399,9.411,1935.06,1779561899999,18214.31234000,252,1068.24000000,10054.21569000,0,LINKUSDT,binance
2026-05-23 18:45:00+00:00,9.411,9.411,9.373,9.377,8704.41,1779562199999,81766.31491000,609,3388.34000000,31846.72277000,0,LINKUSDT,binance
2026-05-23 18:50:00+00:00,9.377,9.393,9.376,9.39,5562.41,1779562499999,52213.97632000,440,2549.55000000,23930.53687000,0,LINKUSDT,binance
2026-05-23 18:55:00+00:00,9.39,9.398,9.382,9.383,1629.27,1779562799999,15300.07188000,199,118.75000000,1115.56313000,0,LINKUSDT,binance
2026-05-23 19:00:00+00:00,9.383,9.386,9.362,9.369,5184.31,1779563099999,48574.33602000,474,1585.00000000,14852.99757000,0,LINKUSDT,binance
2026-05-23 19:05:00+00:00,9.369,9.373,9.359,9.367,3707.08,1779563399999,34721.45021000,377,394.85000000,3697.39747000,0,LINKUSDT,binance
2026-05-23 19:10:00+00:00,9.366,9.374,9.362,9.37,4589.17,1779563699999,42986.98382000,274,3542.51000000,33182.96714000,0,LINKUSDT,binance
2026-05-23 19:15:00+00:00,9.371,9.404,9.371,9.399,15074.48,1779563999999,141585.08070000,670,11642.46000000,109363.95657000,0,LINKUSDT,binance
2026-05-23 19:20:00+00:00,9.4,9.41,9.388,9.39,8563.59,1779564299999,80497.33004000,437,5104.79000000,47996.16346000,0,LINKUSDT,binance
2026-05-23 19:25:00+00:00,9.39,9.401,9.39,9.4,7432.75,1779564599999,69815.17353000,240,3266.14000000,30675.37609000,0,LINKUSDT,binance
2026-05-23 19:30:00+00:00,9.401,9.404,9.391,9.397,5478.68,1779564899999,51495.51295000,339,1830.48000000,17201.07253000,0,LINKUSDT,binance
2026-05-23 19:35:00+00:00,9.397,9.405,9.385,9.398,9312.97,1779565199999,87526.69213000,389,6185.56000000,58138.90027000,0,LINKUSDT,binance
2026-05-23 19:40:00+00:00,9.398,9.4,9.386,9.396,2677.14,1779565499999,25147.19621000,302,345.48000000,3245.39854000,0,LINKUSDT,binance
2026-05-23 19:45:00+00:00,9.396,9.409,9.392,9.409,7233.37,1779565799999,67983.65134000,377,5514.18000000,51827.09724000,0,LINKUSDT,binance
2026-05-23 19:50:00+00:00,9.409,9.409,9.392,9.394,1914.45,1779566099999,17991.49551000,352,380.55000000,3575.87942000,0,LINKUSDT,binance
2026-05-23 19:55:00+00:00,9.395,9.409,9.394,9.405,5057.86,1779566399999,47566.69141000,338,3708.72000000,34879.23403000,0,LINKUSDT,binance
2026-05-23 20:00:00+00:00,9.406,9.409,9.398,9.4,1466.3,1779566699999,13787.05983000,263,439.12000000,4128.61500000,0,LINKUSDT,binance
2026-05-23 20:05:00+00:00,9.401,9.401,9.389,9.398,2587.46,1779566999999,24308.15898000,317,802.02000000,7535.63701000,0,LINKUSDT,binance
2026-05-23 20:10:00+00:00,9.398,9.425,9.398,9.409,13719.82,1779567299999,129116.16970000,686,10172.41000000,95715.25115000,0,LINKUSDT,binance
2026-05-23 20:15:00+00:00,9.408,9.419,9.402,9.415,1058.12,1779567599999,9958.05697000,290,598.47000000,5632.16577000,0,LINKUSDT,binance
2026-05-23 20:20:00+00:00,9.416,9.425,9.403,9.409,5683.58,1779567899999,53491.30815000,372,1672.69000000,15739.74731000,0,LINKUSDT,binance
2026-05-23 20:25:00+00:00,9.409,9.414,9.405,9.405,2720.3,1779568199999,25598.01888000,185,1144.97000000,10775.49973000,0,LINKUSDT,binance
2026-05-23 20:30:00+00:00,9.404,9.475,9.396,9.461,58035.77,1779568499999,548396.45794000,2212,35134.13000000,332074.90744000,0,LINKUSDT,binance
2026-05-23 20:35:00+00:00,9.461,9.635,9.455,9.615,103477.87,1779568799999,989014.02355000,5635,57683.82000000,551066.92336000,0,LINKUSDT,binance
2026-05-23 20:40:00+00:00,9.615,9.658,9.61,9.655,29660.11,1779569099999,285760.62995000,2876,17865.73000000,172163.57658000,0,LINKUSDT,binance
2026-05-23 20:45:00+00:00,9.656,9.684,9.646,9.677,26803.21,1779569399999,259002.68622000,1861,13990.76000000,135178.65705000,0,LINKUSDT,binance
2026-05-23 20:50:00+00:00,9.676,9.703,9.653,9.701,25971.45,1779569699999,251410.97653000,1780,17599.62000000,170381.82790000,0,LINKUSDT,binance
2026-05-23 20:55:00+00:00,9.702,9.758,9.692,9.757,38969.47,1779569999999,379037.15311000,2254,26402.14000000,256779.33816000,0,LINKUSDT,binance
2026-05-23 21:00:00+00:00,9.758,9.784,9.665,9.692,31498.39,1779570299999,306594.62261000,3626,14398.10000000,140263.58103000,0,LINKUSDT,binance
2026-05-23 21:05:00+00:00,9.692,9.718,9.687,9.714,11602.09,1779570599999,112600.09201000,1208,8887.50000000,86251.60107000,0,LINKUSDT,binance
2026-05-23 21:10:00+00:00,9.713,9.716,9.674,9.679,13752.25,1779570899999,133280.46816000,1030,4754.31000000,46060.84036000,0,LINKUSDT,binance
2026-05-23 21:15:00+00:00,9.679,9.69,9.644,9.669,25472.54,1779571199999,246244.25718000,1448,10243.24000000,99058.48435000,0,LINKUSDT,binance
2026-05-23 21:20:00+00:00,9.67,9.701,9.667,9.678,20063.62,1779571499999,194341.55943000,1031,15867.11000000,153693.10925000,0,LINKUSDT,binance
2026-05-23 21:25:00+00:00,9.678,9.678,9.631,9.632,4466.59,1779571799999,43139.25192000,647,1110.76000000,10734.74837000,0,LINKUSDT,binance
2026-05-23 21:30:00+00:00,9.631,9.65,9.601,9.648,30137.32,1779572099999,289661.75417000,1200,22180.84000000,213152.63678000,0,LINKUSDT,binance
2026-05-23 21:35:00+00:00,9.648,9.669,9.631,9.632,8799.12,1779572399999,84975.10010000,654,4554.40000000,43988.25582000,0,LINKUSDT,binance
2026-05-23 21:40:00+00:00,9.632,9.632,9.609,9.619,6933.91,1779572699999,66688.62357000,457,3377.28000000,32484.03878000,0,LINKUSDT,binance
2026-05-23 21:45:00+00:00,9.62,9.633,9.591,9.6,10055.06,1779572999999,96605.75193000,600,4389.61000000,42156.24703000,0,LINKUSDT,binance
2026-05-23 21:50:00+00:00,9.601,9.617,9.596,9.61,11744.5,1779573299999,112809.81655000,617,3666.89000000,35226.19347000,0,LINKUSDT,binance
2026-05-23 21:55:00+00:00,9.61,9.622,9.608,9.622,3424.11,1779573599999,32916.62013000,322,1555.52000000,14955.44513000,0,LINKUSDT,binance
2026-05-23 22:00:00+00:00,9.622,9.665,9.621,9.665,12039.53,1779573899999,116156.30251000,926,9113.49000000,87933.53613000,0,LINKUSDT,binance
2026-05-23 22:05:00+00:00,9.664,9.664,9.635,9.636,16178.55,1779574199999,156217.42348000,608,1610.63000000,15545.65998000,0,LINKUSDT,binance
2026-05-23 22:10:00+00:00,9.636,9.636,9.623,9.623,1568.05,1779574499999,15098.50645000,225,631.68000000,6082.53905000,0,LINKUSDT,binance
2026-05-23 22:15:00+00:00,9.624,9.633,9.62,9.633,2123.57,1779574799999,20436.54573000,279,529.53000000,5096.93973000,0,LINKUSDT,binance
2026-05-23 22:20:00+00:00,9.632,9.637,9.61,9.612,3335.9,1779575099999,32099.36726000,458,1480.65000000,14251.80723000,0,LINKUSDT,binance
2026-05-23 22:25:00+00:00,9.611,9.618,9.604,9.604,4968.68,1779575399999,47763.47767000,466,2206.43000000,21209.24350000,0,LINKUSDT,binance
2026-05-23 22:30:00+00:00,9.604,9.605,9.576,9.594,12264.92,1779575699999,117649.75689000,810,5690.61000000,54565.62348000,0,LINKUSDT,binance
2026-05-23 22:35:00+00:00,9.593,9.594,9.504,9.534,49591.41,1779575999999,473276.35883000,2555,14971.59000000,142720.13705000,0,LINKUSDT,binance
2026-05-23 22:40:00+00:00,9.534,9.571,9.534,9.571,10113.92,1779576299999,96692.25716000,970,5189.60000000,49598.14499000,0,LINKUSDT,binance
2026-05-23 22:45:00+00:00,9.57,9.577,9.554,9.573,4761.74,1779576599999,45554.97070000,500,2991.23000000,28617.32764000,0,LINKUSDT,binance
2026-05-23 22:50:00+00:00,9.572,9.576,9.563,9.568,4736.06,1779576899999,45318.83575000,285,2875.45000000,27514.12507000,0,LINKUSDT,binance
2026-05-23 22:55:00+00:00,9.57,9.572,9.558,9.564,4268.38,1779577199999,40833.21624000,315,1621.08000000,15506.23796000,0,LINKUSDT,binance
2026-05-23 23:00:00+00:00,9.563,9.564,9.549,9.562,6188.3,1779577499999,59129.82250000,546,3516.13000000,33595.56930000,0,LINKUSDT,binance
2026-05-23 23:05:00+00:00,9.561,9.585,9.557,9.573,10229.36,1779577799999,97959.11105000,730,7839.47000000,75067.97554000,0,LINKUSDT,binance
2026-05-23 23:10:00+00:00,9.573,9.582,9.565,9.571,4038.04,1779578099999,38662.50578000,430,2015.44000000,19295.31170000,0,LINKUSDT,binance
2026-05-23 23:15:00+00:00,9.57,9.587,9.568,9.572,3019.48,1779578399999,28925.03875000,369,1681.62000000,16108.04329000,0,LINKUSDT,binance
2026-05-23 23:20:00+00:00,9.572,9.577,9.567,9.569,1398.87,1779578699999,13388.48269000,339,1014.81000000,9712.34134000,0,LINKUSDT,binance
2026-05-23 23:25:00+00:00,9.569,9.575,9.563,9.57,3056.94,1779578999999,29248.24972000,339,1853.30000000,17729.22078000,0,LINKUSDT,binance
2026-05-23 23:30:00+00:00,9.569,9.587,9.568,9.581,6254.98,1779579299999,59897.31404000,465,4203.79000000,40256.13937000,0,LINKUSDT,binance
2026-05-23 23:35:00+00:00,9.58,9.58,9.569,9.573,4003.01,1779579599999,38322.81337000,329,665.94000000,6376.44947000,0,LINKUSDT,binance
2026-05-23 23:40:00+00:00,9.572,9.575,9.56,9.56,4867.47,1779579899999,46553.22997000,323,1911.96000000,18287.08970000,0,LINKUSDT,binance
2026-05-23 23:45:00+00:00,9.56,9.563,9.55,9.563,6234.91,1779580199999,59580.78752000,380,3778.93000000,36109.69490000,0,LINKUSDT,binance
2026-05-23 23:50:00+00:00,9.563,9.568,9.556,9.568,4030.54,1779580499999,38543.99459000,323,2651.32000000,25352.33465000,0,LINKUSDT,binance
2026-05-23 23:55:00+00:00,9.569,9.576,9.562,9.565,3433.55,1779580799999,32852.46871000,256,1909.12000000,18266.43303000,0,LINKUSDT,binance
2026-05-24 00:00:00+00:00,9.566,9.576,9.552,9.556,7183.17,1779581099999,68681.31484000,488,1593.91000000,15243.38275000,0,LINKUSDT,binance
2026-05-24 00:05:00+00:00,9.556,9.558,9.545,9.547,6577.39,1779581399999,62836.71057000,429,2752.85000000,26295.49746000,0,LINKUSDT,binance
2026-05-24 00:10:00+00:00,9.546,9.559,9.546,9.554,2062.64,1779581699999,19701.25549000,316,1164.42000000,11124.54380000,0,LINKUSDT,binance
2026-05-24 00:15:00+00:00,9.553,9.565,9.544,9.551,7027.83,1779581999999,67132.47304000,476,2984.94000000,28520.63004000,0,LINKUSDT,binance
2026-05-24 00:20:00+00:00,9.552,9.56,9.546,9.546,2697.67,1779582299999,25773.38095000,385,1555.17000000,14859.25861000,0,LINKUSDT,binance
2026-05-24 00:25:00+00:00,9.546,9.565,9.546,9.562,1507.89,1779582599999,14411.24425000,295,1227.86000000,11734.70142000,0,LINKUSDT,binance
2026-05-24 00:30:00+00:00,9.561,9.587,9.56,9.583,3902.66,1779582899999,37378.45696000,465,1528.43000000,14635.84907000,0,LINKUSDT,binance
2026-05-24 00:35:00+00:00,9.583,9.595,9.583,9.595,4515.49,1779583199999,43299.00241000,302,2608.55000000,25012.23645000,0,LINKUSDT,binance
2026-05-24 00:40:00+00:00,9.594,9.598,9.573,9.581,7226.21,1779583499999,69274.68016000,392,5376.06000000,51535.96009000,0,LINKUSDT,binance
2026-05-24 00:45:00+00:00,9.58,9.61,9.576,9.589,12501.71,1779583799999,119965.31060000,616,8607.53000000,82593.28505000,0,LINKUSDT,binance
2026-05-24 00:50:00+00:00,9.588,9.588,9.568,9.574,3464.82,1779584099999,33179.44888000,212,1053.00000000,10080.85929000,0,LINKUSDT,binance
2026-05-24 00:55:00+00:00,9.573,9.584,9.57,9.582,3495.29,1779584399999,33475.92291000,202,2416.77000000,23143.09830000,0,LINKUSDT,binance
2026-05-24 01:00:00+00:00,9.583,9.597,9.582,9.596,5442.87,1779584699999,52202.70360000,441,3506.14000000,33625.09469000,0,LINKUSDT,binance
2026-05-24 01:05:00+00:00,9.595,9.595,9.579,9.59,1804.43,1779584999999,17302.22328000,294,871.65000000,8356.94221000,0,LINKUSDT,binance
2026-05-24 01:10:00+00:00,9.59,9.593,9.581,9.585,2001.98,1779585299999,19192.02198000,235,1398.67000000,13408.53274000,0,LINKUSDT,binance
2026-05-24 01:15:00+00:00,9.585,9.593,9.582,9.593,4565.29,1779585599999,43778.71461000,263,1328.60000000,12738.73751000,0,LINKUSDT,binance
2026-05-24 01:20:00+00:00,9.594,9.621,9.594,9.618,45195.81,1779585899999,434662.07445000,1010,15348.16000000,147546.66557000,0,LINKUSDT,binance
2026-05-24 01:25:00+00:00,9.616,9.616,9.603,9.609,16830.31,1779586199999,161731.73263000,447,6366.62000000,61172.16937000,0,LINKUSDT,binance
2026-05-24 01:30:00+00:00,9.609,9.612,9.597,9.608,5841.04,1779586499999,56098.14846000,387,3422.80000000,32868.68132000,0,LINKUSDT,binance
2026-05-24 01:35:00+00:00,9.609,9.63,9.603,9.622,25943.55,1779586799999,249476.61289000,685,22708.33000000,218361.52369000,0,LINKUSDT,binance
2026-05-24 01:40:00+00:00,9.622,9.622,9.575,9.587,98458.07,1779587099999,945271.31828000,988,67387.50000000,646895.28407000,0,LINKUSDT,binance
2026-05-24 01:45:00+00:00,9.587,9.596,9.581,9.596,6895.02,1779587399999,66110.94120000,366,1855.15000000,17787.97532000,0,LINKUSDT,binance
2026-05-24 01:50:00+00:00,9.596,9.599,9.587,9.59,2415.09,1779587699999,23166.10009000,221,563.48000000,5405.20987000,0,LINKUSDT,binance
2026-05-24 01:55:00+00:00,9.59,9.598,9.587,9.596,5115.23,1779587999999,49077.59895000,274,3328.04000000,31928.08697000,0,LINKUSDT,binance
2026-05-24 02:00:00+00:00,9.595,9.597,9.585,9.586,10083.84,1779588299999,96700.06237000,457,3991.71000000,38274.30837000,0,LINKUSDT,binance
2026-05-24 02:05:00+00:00,9.586,9.587,9.572,9.586,2326.44,1779588599999,22293.97921000,375,396.20000000,3796.74265000,0,LINKUSDT,binance
2026-05-24 02:10:00+00:00,9.586,9.591,9.583,9.589,820.79,1779588899999,7869.67388000,218,269.19000000,2580.80484000,0,LINKUSDT,binance
2026-05-24 02:15:00+00:00,9.588,9.588,9.581,9.585,1206.09,1779589199999,11558.62288000,200,833.58000000,7988.67482000,0,LINKUSDT,binance
2026-05-24 02:20:00+00:00,9.584,9.593,9.552,9.553,4706.19,1779589499999,45048.47124000,468,2847.87000000,27264.70019000,0,LINKUSDT,binance
2026-05-24 02:25:00+00:00,9.553,9.559,9.547,9.554,19667.66,1779589799999,187846.21796000,640,13155.03000000,125644.33755000,0,LINKUSDT,binance
2026-05-24 02:30:00+00:00,9.553,9.561,9.55,9.556,7242.68,1779590099999,69207.32294000,469,4362.95000000,41689.79045000,0,LINKUSDT,binance
2026-05-24 02:35:00+00:00,9.557,9.565,9.548,9.559,4040.22,1779590399999,38601.20931000,347,1560.68000000,14911.25793000,0,LINKUSDT,binance
2026-05-24 02:40:00+00:00,9.557,9.567,9.557,9.567,2322.9,1779590699999,22210.80159000,208,1392.18000000,13310.58456000,0,LINKUSDT,binance
2026-05-24 02:45:00+00:00,9.566,9.577,9.565,9.567,1193.31,1779590999999,11422.74334000,196,521.03000000,4986.86459000,0,LINKUSDT,binance
2026-05-24 02:50:00+00:00,9.567,9.573,9.563,9.568,800.6,1779591299999,7660.10502000,283,389.48000000,3726.12933000,0,LINKUSDT,binance
2026-05-24 02:55:00+00:00,9.568,9.568,9.563,9.563,2462.81,1779591599999,23559.24610000,200,696.90000000,6667.69846000,0,LINKUSDT,binance
2026-05-24 03:00:00+00:00,9.563,9.588,9.554,9.587,7490.82,1779591899999,71631.45084000,434,4837.77000000,46262.96790000,0,LINKUSDT,binance
2026-05-24 03:05:00+00:00,9.586,9.588,9.58,9.583,1039.72,1779592199999,9964.00318000,145,539.86000000,5173.52149000,0,LINKUSDT,binance
2026-05-24 03:10:00+00:00,9.584,9.587,9.564,9.566,2580.33,1779592499999,24703.42068000,358,464.95000000,4453.75453000,0,LINKUSDT,binance
2026-05-24 03:15:00+00:00,9.567,9.573,9.56,9.573,1608.17,1779592799999,15383.49563000,256,767.45000000,7342.66375000,0,LINKUSDT,binance
2026-05-24 03:20:00+00:00,9.573,9.577,9.567,9.573,991.24,1779593099999,9489.68747000,109,156.40000000,1496.95133000,0,LINKUSDT,binance
2026-05-24 03:25:00+00:00,9.573,9.576,9.572,9.572,1317.3,1779593399999,12611.09323000,127,955.05000000,9142.74977000,0,LINKUSDT,binance
2026-05-24 03:30:00+00:00,9.572,9.574,9.558,9.56,914.81,1779593699999,8749.00562000,225,566.66000000,5418.96153000,0,LINKUSDT,binance
2026-05-24 03:35:00+00:00,9.559,9.559,9.534,9.538,13697.05,1779593999999,130759.44354000,572,6634.19000000,63345.80921000,0,LINKUSDT,binance
2026-05-24 03:40:00+00:00,9.538,9.542,9.525,9.53,5528.96,1779594299999,52710.91168000,311,1813.40000000,17286.90281000,0,LINKUSDT,binance
2026-05-24 03:45:00+00:00,9.531,9.545,9.531,9.544,3927.52,1779594599999,37444.36393000,219,2952.93000000,28150.87899000,0,LINKUSDT,binance
2026-05-24 03:50:00+00:00,9.543,9.546,9.534,9.542,3790.8,1779594899999,36160.62438000,235,153.90000000,1468.30074000,0,LINKUSDT,binance
2026-05-24 03:55:00+00:00,9.543,9.545,9.539,9.539,2566.13,1779595199999,24487.90667000,171,257.47000000,2456.44490000,0,LINKUSDT,binance
2026-05-24 04:00:00+00:00,9.54,9.564,9.54,9.557,2885.72,1779595499999,27571.40997000,245,1906.14000000,18210.73253000,0,LINKUSDT,binance
2026-05-24 04:05:00+00:00,9.557,9.557,9.542,9.543,1415.56,1779595799999,13513.11488000,186,899.78000000,8588.57525000,0,LINKUSDT,binance
2026-05-24 04:10:00+00:00,9.543,9.564,9.542,9.564,8411.7,1779596099999,80375.56524000,449,6770.74000000,64694.48882000,0,LINKUSDT,binance
2026-05-24 04:15:00+00:00,9.563,9.563,9.557,9.56,6004.94,1779596399999,57397.65127000,269,5327.18000000,50917.48468000,0,LINKUSDT,binance
2026-05-24 04:20:00+00:00,9.56,9.565,9.556,9.558,5469.13,1779596699999,52282.43930000,190,2141.78000000,20473.40121000,0,LINKUSDT,binance
2026-05-24 04:25:00+00:00,9.557,9.56,9.553,9.553,9217.09,1779596999999,88077.70595000,247,8597.31000000,82155.19136000,0,LINKUSDT,binance
2026-05-24 04:30:00+00:00,9.553,9.559,9.549,9.559,662.64,1779597299999,6331.25974000,119,329.79000000,3151.38695000,0,LINKUSDT,binance
2026-05-24 04:35:00+00:00,9.559,9.565,9.546,9.548,4088.11,1779597599999,39069.20423000,222,902.86000000,8623.45893000,0,LINKUSDT,binance
2026-05-24 04:40:00+00:00,9.548,9.555,9.548,9.552,185.19,1779597899999,1768.78048000,71,138.75000000,1325.24345000,0,LINKUSDT,binance
2026-05-24 04:45:00+00:00,9.552,9.552,9.534,9.542,4238.57,1779598199999,40433.25198000,328,1621.44000000,15466.45610000,0,LINKUSDT,binance
2026-05-24 04:50:00+00:00,9.542,9.547,9.541,9.543,570.2,1779598499999,5441.17874000,104,495.07000000,4724.05264000,0,LINKUSDT,binance
2026-05-24 04:55:00+00:00,9.542,9.542,9.529,9.53,13716.12,1779598799999,130761.60139000,472,1538.23000000,14666.95798000,0,LINKUSDT,binance
2026-05-24 05:00:00+00:00,9.53,9.543,9.523,9.533,17739.37,1779599099999,169111.08069000,579,16014.34000000,152666.04020000,0,LINKUSDT,binance
2026-05-24 05:05:00+00:00,9.533,9.533,9.508,9.51,7989.96,1779599399999,76050.51967000,443,6232.88000000,59322.65481000,0,LINKUSDT,binance
2026-05-24 05:10:00+00:00,9.51,9.547,9.495,9.541,49239.62,1779599699999,468855.53828000,1690,33851.37000000,322229.11662000,0,LINKUSDT,binance
2026-05-24 05:15:00+00:00,9.541,9.549,9.537,9.544,4854.75,1779599999999,46327.71674000,302,1504.58000000,14359.61007000,0,LINKUSDT,binance
2026-05-24 05:20:00+00:00,9.544,9.547,9.529,9.544,7028.52,1779600299999,67041.04362000,474,4021.28000000,38355.98703000,0,LINKUSDT,binance
2026-05-24 05:25:00+00:00,9.543,9.544,9.532,9.542,8090.63,1779600599999,77177.40422000,393,6322.78000000,60310.35174000,0,LINKUSDT,binance
2026-05-24 05:30:00+00:00,9.542,9.546,9.538,9.543,1573.3,1779600899999,15013.36293000,195,191.58000000,1828.12222000,0,LINKUSDT,binance
2026-05-24 05:35:00+00:00,9.543,9.543,9.53,9.532,1496.11,1779601199999,14267.89007000,183,140.61000000,1340.79526000,0,LINKUSDT,binance
2026-05-24 05:40:00+00:00,9.532,9.536,9.527,9.532,2736.01,1779601499999,26078.63153000,182,1038.09000000,9894.94935000,0,LINKUSDT,binance
2026-05-24 05:45:00+00:00,9.532,9.557,9.532,9.557,3693.15,1779601799999,35231.73025000,248,2942.13000000,28060.06506000,0,LINKUSDT,binance
2026-05-24 05:50:00+00:00,9.557,9.576,9.556,9.565,4967.49,1779602099999,47512.29662000,428,2215.23000000,21189.44118000,0,LINKUSDT,binance
2026-05-24 05:55:00+00:00,9.565,9.576,9.565,9.574,4008.65,1779602399999,38368.39368000,227,2685.43000000,25704.72843000,0,LINKUSDT,binance
2026-05-24 06:00:00+00:00,9.573,9.591,9.573,9.584,5726.02,1779602699999,54879.98371000,395,3469.92000000,33257.53327000,0,LINKUSDT,binance
2026-05-24 06:05:00+00:00,9.585,9.602,9.585,9.597,68858.49,1779602999999,660949.32574000,1033,19699.04000000,189043.29847000,0,LINKUSDT,binance
2026-05-24 06:10:00+00:00,9.598,9.6,9.59,9.599,10493.21,1779603299999,100685.56135000,423,7803.80000000,74885.01357000,0,LINKUSDT,binance
2026-05-24 06:15:00+00:00,9.6,9.603,9.577,9.579,24904.86,1779603599999,238751.30257000,979,14117.59000000,135335.03670000,0,LINKUSDT,binance
2026-05-24 06:20:00+00:00,9.579,9.588,9.523,9.542,57027.67,1779603899999,544991.33717000,2100,23369.41000000,223327.00033000,0,LINKUSDT,binance
2026-05-24 06:25:00+00:00,9.542,9.544,9.525,9.525,4535.89,1779604199999,43264.01693000,409,2405.33000000,22942.85553000,0,LINKUSDT,binance
2026-05-24 06:30:00+00:00,9.524,9.525,9.513,9.514,3092.9,1779604499999,29438.87523000,253,1146.00000000,10908.03773000,0,LINKUSDT,binance
2026-05-24 06:35:00+00:00,9.514,9.525,9.514,9.521,2350.07,1779604799999,22375.90667000,211,1912.37000000,18207.54593000,0,LINKUSDT,binance
2026-05-24 06:40:00+00:00,9.521,9.549,9.52,9.549,7322.7,1779605099999,69834.89970000,536,6665.00000000,63565.18852000,0,LINKUSDT,binance
2026-05-24 06:45:00+00:00,9.55,9.581,9.547,9.581,5205.3,1779605399999,49783.14296000,399,4061.05000000,38849.99474000,0,LINKUSDT,binance
2026-05-24 06:50:00+00:00,9.581,9.606,9.58,9.584,17282.73,1779605699999,165722.82782000,760,7588.59000000,72762.32827000,0,LINKUSDT,binance
2026-05-24 06:55:00+00:00,9.585,9.608,9.585,9.603,10063.25,1779605999999,96560.53878000,437,9017.28000000,86516.62332000,0,LINKUSDT,binance
2026-05-24 07:00:00+00:00,9.604,9.631,9.597,9.622,10441.55,1779606299999,100360.64023000,627,5444.44000000,52336.47411000,0,LINKUSDT,binance
2026-05-24 07:05:00+00:00,9.621,9.621,9.603,9.614,16073.23,1779606599999,154505.98959000,564,3936.68000000,37845.08733000,0,LINKUSDT,binance
2026-05-24 07:10:00+00:00,9.615,9.617,9.561,9.563,55080.06,1779606899999,527829.55527000,1459,20245.34000000,193976.98637000,0,LINKUSDT,binance
2026-05-24 07:15:00+00:00,9.564,9.569,9.559,9.566,3487.9,1779607199999,33355.99900000,271,1349.14000000,12902.42171000,0,LINKUSDT,binance
2026-05-24 07:20:00+00:00,9.566,9.566,9.554,9.56,1711.5,1779607499999,16355.86541000,241,1067.41000000,10200.45497000,0,LINKUSDT,binance
2026-05-24 07:25:00+00:00,9.559,9.56,9.556,9.558,1046.02,1779607799999,9998.01189000,116,578.74000000,5531.90270000,0,LINKUSDT,binance
2026-05-24 07:30:00+00:00,9.559,9.562,9.549,9.562,2772.01,1779608099999,26485.66282000,282,1846.42000000,17641.50512000,0,LINKUSDT,binance
2026-05-24 07:35:00+00:00,9.562,9.572,9.554,9.568,1910.91,1779608399999,18275.83856000,262,1449.14000000,13858.17432000,0,LINKUSDT,binance
2026-05-24 07:40:00+00:00,9.569,9.573,9.565,9.573,2654.5,1779608699999,25399.98390000,221,2321.22000000,22211.01330000,0,LINKUSDT,binance
2026-05-24 07:45:00+00:00,9.574,9.574,9.548,9.552,6315.52,1779608999999,60359.92017000,377,2196.06000000,20988.48422000,0,LINKUSDT,binance
2026-05-24 07:50:00+00:00,9.552,9.562,9.552,9.552,2486.52,1779609299999,23762.42188000,229,874.29000000,8353.62604000,0,LINKUSDT,binance
2026-05-24 07:55:00+00:00,9.552,9.559,9.548,9.559,3522.36,1779609599999,33643.94464000,238,2366.94000000,22608.19220000,0,LINKUSDT,binance
2026-05-24 08:00:00+00:00,9.56,9.566,9.557,9.561,1662.56,1779609899999,15896.22321000,235,607.14000000,5804.64101000,0,LINKUSDT,binance
2026-05-24 08:05:00+00:00,9.561,9.564,9.545,9.546,7095.66,1779610199999,67802.23484000,422,1543.84000000,14749.31405000,0,LINKUSDT,binance
2026-05-24 08:10:00+00:00,9.545,9.549,9.543,9.546,880.69,1779610499999,8405.45486000,200,625.74000000,5971.88426000,0,LINKUSDT,binance
2026-05-24 08:15:00+00:00,9.546,9.555,9.546,9.554,2963.84,1779610799999,28302.56589000,202,2831.54000000,27039.25252000,0,LINKUSDT,binance
2026-05-24 08:20:00+00:00,9.554,9.573,9.552,9.571,3010.67,1779611099999,28794.59245000,320,1988.68000000,19020.32103000,0,LINKUSDT,binance
2026-05-24 08:25:00+00:00,9.571,9.576,9.565,9.565,2073.16,1779611399999,19836.03405000,226,115.33000000,1104.10075000,0,LINKUSDT,binance
2026-05-24 08:30:00+00:00,9.565,9.579,9.565,9.569,1784.24,1779611699999,17078.81672000,227,1265.61000000,12115.24318000,0,LINKUSDT,binance
2026-05-24 08:35:00+00:00,9.57,9.584,9.565,9.58,8105.63,1779611999999,77614.49615000,373,7064.79000000,67646.41375000,0,LINKUSDT,binance
2026-05-24 08:40:00+00:00,9.579,9.58,9.572,9.575,269.48,1779612299999,2580.44483000,101,131.99000000,1264.01686000,0,LINKUSDT,binance
2026-05-24 08:45:00+00:00,9.574,9.586,9.572,9.578,2861.11,1779612599999,27416.24418000,189,1418.90000000,13595.41167000,0,LINKUSDT,binance
2026-05-24 08:50:00+00:00,9.578,9.582,9.578,9.579,2206.03,1779612899999,21133.63063000,126,777.38000000,7447.55705000,0,LINKUSDT,binance
2026-05-24 08:55:00+00:00,9.579,9.59,9.579,9.59,1708.15,1779613199999,16370.76471000,139,1496.08000000,14338.30748000,0,LINKUSDT,binance
2026-05-24 09:00:00+00:00,9.591,9.593,9.582,9.589,2540.13,1779613499999,24353.28749000,281,941.82000000,9031.19789000,0,LINKUSDT,binance
2026-05-24 09:05:00+00:00,9.589,9.608,9.588,9.604,26818.0,1779613799999,257452.37028000,724,22406.26000000,215088.50245000,0,LINKUSDT,binance
2026-05-24 09:10:00+00:00,9.604,9.613,9.604,9.606,6265.25,1779614099999,60215.33842000,259,2124.24000000,20416.20489000,0,LINKUSDT,binance
2026-05-24 09:15:00+00:00,9.606,9.614,9.604,9.61,1834.31,1779614399999,17626.00005000,274,1358.73000000,13056.32599000,0,LINKUSDT,binance
2026-05-24 09:20:00+00:00,9.609,9.625,9.603,9.622,10410.54,1779614699999,100080.69258000,600,6347.26000000,61034.85813000,0,LINKUSDT,binance
2026-05-24 09:25:00+00:00,9.621,9.622,9.604,9.617,3505.56,1779614999999,33698.56480000,338,1072.00000000,10301.16960000,0,LINKUSDT,binance
2026-05-24 09:30:00+00:00,9.618,9.618,9.606,9.615,2472.58,1779615299999,23763.04915000,259,1751.56000000,16833.65900000,0,LINKUSDT,binance
2026-05-24 09:35:00+00:00,9.616,9.626,9.607,9.612,3975.55,1779615599999,38238.68566000,427,1836.37000000,17664.14067000,0,LINKUSDT,binance
2026-05-24 09:40:00+00:00,9.612,9.618,9.606,9.616,4378.06,1779615899999,42092.21477000,275,2282.28000000,21944.43965000,0,LINKUSDT,binance
2026-05-24 09:45:00+00:00,9.615,9.615,9.604,9.606,2194.83,1779616199999,21087.56425000,312,369.70000000,3551.67401000,0,LINKUSDT,binance
2026-05-24 09:50:00+00:00,9.607,9.625,9.607,9.619,5250.5,1779616499999,50500.81638000,268,1832.08000000,17614.80116000,0,LINKUSDT,binance
2026-05-24 09:55:00+00:00,9.618,9.63,9.616,9.617,10244.66,1779616799999,98580.93996000,412,6665.32000000,64141.07840000,0,LINKUSDT,binance
2026-05-24 10:00:00+00:00,9.618,9.618,9.592,9.594,4095.26,1779617099999,39332.02412000,516,1137.97000000,10926.89907000,0,LINKUSDT,binance
2026-05-24 10:05:00+00:00,9.593,9.602,9.59,9.591,1138.07,1779617399999,10921.46595000,170,504.13000000,4839.60100000,0,LINKUSDT,binance
2026-05-24 10:10:00+00:00,9.59,9.59,9.578,9.588,1921.83,1779617699999,18422.32783000,315,1052.99000000,10094.60191000,0,LINKUSDT,binance
2026-05-24 10:15:00+00:00,9.588,9.597,9.582,9.593,2656.79,1779617999999,25480.38434000,289,1801.88000000,17282.98756000,0,LINKUSDT,binance
2026-05-24 10:20:00+00:00,9.593,9.594,9.582,9.588,2037.63,1779618299999,19538.04430000,261,648.21000000,6215.40680000,0,LINKUSDT,binance
2026-05-24 10:25:00+00:00,9.587,9.651,9.586,9.611,18569.58,1779618599999,178773.14738000,1577,10712.15000000,103128.49857000,0,LINKUSDT,binance
2026-05-24 10:30:00+00:00,9.611,9.611,9.587,9.606,9375.06,1779618899999,90025.16055000,789,4381.49000000,42079.22509000,0,LINKUSDT,binance
2026-05-24 10:35:00+00:00,9.605,9.607,9.591,9.597,6854.07,1779619199999,65787.24071000,506,3266.48000000,31356.89066000,0,LINKUSDT,binance
2026-05-24 10:40:00+00:00,9.596,9.6,9.591,9.6,1276.27,1779619499999,12244.63217000,146,858.37000000,8235.31031000,0,LINKUSDT,binance
2026-05-24 10:45:00+00:00,9.6,9.6,9.591,9.596,1148.96,1779619799999,11024.88564000,201,173.12000000,1660.74830000,0,LINKUSDT,binance
2026-05-24 10:50:00+00:00,9.597,9.6,9.592,9.596,2555.48,1779620099999,24528.30542000,280,1432.12000000,13746.94412000,0,LINKUSDT,binance
2026-05-24 10:55:00+00:00,9.596,9.604,9.594,9.596,4152.2,1779620399999,39861.08655000,271,1085.61000000,10419.84716000,0,LINKUSDT,binance
2026-05-24 11:00:00+00:00,9.596,9.608,9.592,9.603,4811.0,1779620699999,46188.91374000,386,2359.44000000,22652.79435000,0,LINKUSDT,binance
2026-05-24 11:05:00+00:00,9.603,9.618,9.603,9.613,2345.95,1779620999999,22545.14783000,315,1863.83000000,17911.74284000,0,LINKUSDT,binance
2026-05-24 11:10:00+00:00,9.613,9.625,9.612,9.616,1027.56,1779621299999,9883.09560000,202,510.00000000,4904.62180000,0,LINKUSDT,binance
2026-05-24 11:15:00+00:00,9.616,9.619,9.606,9.607,2070.98,1779621599999,19902.41426000,194,1822.23000000,17510.78125000,0,LINKUSDT,binance
2026-05-24 11:20:00+00:00,9.606,9.617,9.606,9.613,2198.76,1779621899999,21131.09707000,273,1174.46000000,11286.55862000,0,LINKUSDT,binance
2026-05-24 11:25:00+00:00,9.613,9.617,9.596,9.604,5428.14,1779622199999,52146.37193000,411,2123.84000000,20411.01933000,0,LINKUSDT,binance
2026-05-24 11:30:00+00:00,9.604,9.613,9.604,9.609,857.02,1779622499999,8234.82332000,159,411.18000000,3950.54000000,0,LINKUSDT,binance
2026-05-24 11:35:00+00:00,9.609,9.609,9.592,9.593,5200.57,1779622799999,49931.17957000,212,1165.75000000,11198.20322000,0,LINKUSDT,binance
2026-05-24 11:40:00+00:00,9.594,9.6,9.586,9.594,6593.7,1779623099999,63249.80596000,259,413.64000000,3967.42618000,0,LINKUSDT,binance
2026-05-24 11:45:00+00:00,9.593,9.599,9.588,9.588,1020.13,1779623399999,9788.27972000,165,402.18000000,3859.41025000,0,LINKUSDT,binance
2026-05-24 11:50:00+00:00,9.587,9.595,9.575,9.594,7571.24,1779623699999,72542.55720000,354,2363.84000000,22650.67346000,0,LINKUSDT,binance
2026-05-24 11:55:00+00:00,9.595,9.604,9.587,9.596,3704.37,1779623999999,35545.72755000,354,2540.62000000,24379.78356000,0,LINKUSDT,binance
2026-05-24 12:00:00+00:00,9.596,9.597,9.581,9.581,2350.51,1779624299999,22539.83080000,195,752.84000000,7224.70815000,0,LINKUSDT,binance
2026-05-24 12:05:00+00:00,9.582,9.588,9.58,9.585,2082.46,1779624599999,19959.29904000,217,1510.08000000,14473.63078000,0,LINKUSDT,binance
2026-05-24 12:10:00+00:00,9.586,9.586,9.575,9.582,1543.96,1779624899999,14787.63434000,212,1186.54000000,11363.89905000,0,LINKUSDT,binance
2026-05-24 12:15:00+00:00,9.582,9.583,9.56,9.561,3312.12,1779625199999,31692.35619000,323,941.30000000,9003.66109000,0,LINKUSDT,binance
2026-05-24 12:20:00+00:00,9.56,9.56,9.545,9.548,2353.41,1779625499999,22473.25142000,368,1169.61000000,11167.51939000,0,LINKUSDT,binance
2026-05-24 12:25:00+00:00,9.549,9.551,9.536,9.538,2071.71,1779625799999,19772.96127000,290,905.29000000,8641.23692000,0,LINKUSDT,binance
2026-05-24 12:30:00+00:00,9.537,9.543,9.526,9.529,7588.23,1779626099999,72342.03409000,615,2390.92000000,22796.80576000,0,LINKUSDT,binance
2026-05-24 12:35:00+00:00,9.53,9.539,9.53,9.535,12076.0,1779626399999,115133.89281000,448,1206.25000000,11500.76141000,0,LINKUSDT,binance
2026-05-24 12:40:00+00:00,9.535,9.553,9.535,9.553,15878.47,1779626699999,151609.35900000,306,11051.61000000,105515.43921000,0,LINKUSDT,binance
2026-05-24 12:45:00+00:00,9.553,9.555,9.545,9.554,1572.7,1779626999999,15019.14908000,166,719.39000000,6868.49067000,0,LINKUSDT,binance
2026-05-24 12:50:00+00:00,9.555,9.555,9.544,9.546,1129.0,1779627299999,10782.45779000,177,484.05000000,4621.82858000,0,LINKUSDT,binance
2026-05-24 12:55:00+00:00,9.547,9.548,9.545,9.545,1444.8,1779627599999,13792.10310000,93,312.47000000,2983.22023000,0,LINKUSDT,binance
2026-05-24 13:00:00+00:00,9.546,9.559,9.546,9.555,1522.87,1779627899999,14543.04245000,234,622.85000000,5948.26170000,0,LINKUSDT,binance
2026-05-24 13:05:00+00:00,9.555,9.556,9.549,9.551,196.52,1779628199999,1877.15120000,156,56.72000000,541.77147000,0,LINKUSDT,binance
2026-05-24 13:10:00+00:00,9.551,9.552,9.544,9.549,1046.14,1779628499999,9989.57735000,251,306.31000000,2924.82603000,0,LINKUSDT,binance
2026-05-24 13:15:00+00:00,9.55,9.559,9.55,9.553,700.33,1779628799999,6691.59745000,141,581.57000000,5556.88521000,0,LINKUSDT,binance
2026-05-24 13:20:00+00:00,9.553,9.558,9.548,9.549,591.44,1779629099999,5650.78993000,192,333.02000000,3181.84184000,0,LINKUSDT,binance
2026-05-24 13:25:00+00:00,9.549,9.554,9.522,9.525,5464.71,1779629399999,52067.84236000,473,3891.62000000,37072.40465000,0,LINKUSDT,binance
2026-05-24 13:30:00+00:00,9.526,9.539,9.526,9.533,1394.57,1779629699999,13295.49368000,222,721.89000000,6881.05890000,0,LINKUSDT,binance
2026-05-24 13:35:00+00:00,9.532,9.542,9.515,9.523,4869.79,1779629999999,46382.00612000,529,665.63000000,6342.79932000,0,LINKUSDT,binance
2026-05-24 13:40:00+00:00,9.523,9.54,9.523,9.539,2507.19,1779630299999,23898.94376000,293,1575.63000000,15019.04694000,0,LINKUSDT,binance
2026-05-24 13:45:00+00:00,9.539,9.539,9.521,9.521,6471.82,1779630599999,61664.32176000,413,1061.34000000,10112.35225000,0,LINKUSDT,binance
2026-05-24 13:50:00+00:00,9.522,9.522,9.485,9.485,8671.49,1779630899999,82440.95634000,776,3589.75000000,34136.21040000,0,LINKUSDT,binance
2026-05-24 13:55:00+00:00,9.485,9.502,9.468,9.494,32612.37,1779631199999,309101.46381000,1450,21351.23000000,202350.14496000,0,LINKUSDT,binance
2026-05-24 14:00:00+00:00,9.494,9.5,9.471,9.484,9578.19,1779631499999,90825.80629000,785,5862.67000000,55590.63901000,0,LINKUSDT,binance
2026-05-24 14:05:00+00:00,9.485,9.498,9.484,9.489,6669.25,1779631799999,63304.14983000,624,5504.07000000,52246.71302000,0,LINKUSDT,binance
2026-05-24 14:10:00+00:00,9.488,9.496,9.412,9.432,49243.09,1779632099999,464912.87220000,4522,11085.29000000,104689.57705000,0,LINKUSDT,binance
2026-05-24 14:15:00+00:00,9.432,9.437,9.344,9.385,34221.04,1779632399999,321220.66615000,4348,8980.00000000,84283.85581000,0,LINKUSDT,binance
2026-05-24 14:20:00+00:00,9.385,9.44,9.385,9.43,12643.73,1779632699999,119089.19264000,1463,9215.73000000,86796.95287000,0,LINKUSDT,binance
2026-05-24 14:25:00+00:00,9.429,9.432,9.412,9.418,7349.05,1779632999999,69258.35366000,706,2811.14000000,26492.63765000,0,LINKUSDT,binance
2026-05-24 14:30:00+00:00,9.418,9.439,9.417,9.434,1530.84,1779633299999,14431.58678000,480,1117.61000000,10536.87771000,0,LINKUSDT,binance
2026-05-24 14:35:00+00:00,9.434,9.438,9.421,9.435,5922.78,1779633599999,55852.03420000,505,3081.35000000,29063.13494000,0,LINKUSDT,binance
2026-05-24 14:40:00+00:00,9.436,9.44,9.43,9.432,1851.05,1779633899999,17464.24761000,361,601.24000000,5672.79803000,0,LINKUSDT,binance
2026-05-24 14:45:00+00:00,9.432,9.441,9.419,9.427,42015.54,1779634199999,395884.97068000,610,28034.06000000,264109.08571000,0,LINKUSDT,binance
2026-05-24 14:50:00+00:00,9.426,9.441,9.421,9.436,3947.12,1779634499999,37243.38909000,343,1295.23000000,12219.07673000,0,LINKUSDT,binance
2026-05-24 14:55:00+00:00,9.436,9.44,9.433,9.438,1108.77,1779634799999,10462.24053000,205,627.95000000,5925.43521000,0,LINKUSDT,binance
2026-05-24 15:00:00+00:00,9.438,9.449,9.432,9.449,902.43,1779635099999,8519.60729000,321,770.40000000,7273.33180000,0,LINKUSDT,binance
2026-05-24 15:05:00+00:00,9.448,9.448,9.429,9.439,1859.6,1779635399999,17552.49698000,238,727.27000000,6864.17748000,0,LINKUSDT,binance
2026-05-24 15:10:00+00:00,9.439,9.441,9.437,9.437,1879.71,1779635699999,17742.70453000,115,699.32000000,6601.15044000,0,LINKUSDT,binance
2026-05-24 15:15:00+00:00,9.436,9.442,9.418,9.43,4535.01,1779635999999,42752.42214000,476,2207.26000000,20804.28754000,0,LINKUSDT,binance
2026-05-24 15:20:00+00:00,9.429,9.435,9.419,9.432,600.73,1779636299999,5661.90745000,270,160.59000000,1513.53161000,0,LINKUSDT,binance
2026-05-24 15:25:00+00:00,9.432,9.432,9.424,9.427,906.77,1779636599999,8549.76058000,148,347.37000000,3275.13079000,0,LINKUSDT,binance
2026-05-24 15:30:00+00:00,9.427,9.443,9.425,9.427,13845.83,1779636899999,130687.41409000,477,11787.39000000,111268.57993000,0,LINKUSDT,binance
2026-05-24 15:35:00+00:00,9.426,9.434,9.426,9.431,1426.13,1779637199999,13449.06610000,210,371.89000000,3507.32604000,0,LINKUSDT,binance
2026-05-24 15:40:00+00:00,9.432,9.438,9.427,9.435,1100.79,1779637499999,10384.11819000,254,702.33000000,6625.02711000,0,LINKUSDT,binance
2026-05-24 15:45:00+00:00,9.434,9.441,9.428,9.441,2230.35,1779637799999,21041.74000000,265,1016.02000000,9587.76977000,0,LINKUSDT,binance
2026-05-24 15:50:00+00:00,9.441,9.442,9.428,9.44,2240.81,1779638099999,21136.69115000,266,400.67000000,3780.41134000,0,LINKUSDT,binance
2026-05-24 15:55:00+00:00,9.44,9.44,9.428,9.431,1507.42,1779638399999,14220.07657000,260,670.62000000,6326.50813000,0,LINKUSDT,binance
2026-05-24 16:00:00+00:00,9.431,9.449,9.423,9.447,3740.07,1779638699999,35272.86866000,507,1282.12000000,12095.57942000,0,LINKUSDT,binance
2026-05-24 16:05:00+00:00,9.447,9.463,9.444,9.452,2714.45,1779638999999,25658.26266000,552,1942.51000000,18360.77140000,0,LINKUSDT,binance
2026-05-24 16:10:00+00:00,9.452,9.46,9.451,9.459,2933.39,1779639299999,27745.45522000,238,1740.75000000,16465.54073000,0,LINKUSDT,binance
2026-05-24 16:15:00+00:00,9.459,9.478,9.457,9.463,7133.63,1779639599999,67544.45885000,487,3404.38000000,32230.79059000,0,LINKUSDT,binance
2026-05-24 16:20:00+00:00,9.463,9.468,9.455,9.455,2261.8,1779639899999,21403.72448000,195,1657.67000000,15688.47591000,0,LINKUSDT,binance
2026-05-24 16:25:00+00:00,9.454,9.456,9.446,9.454,1193.43,1779640199999,11279.88253000,148,138.79000000,1311.75388000,0,LINKUSDT,binance
2026-05-24 16:30:00+00:00,9.455,9.46,9.448,9.458,16475.77,1779640499999,155788.26148000,361,14234.70000000,134603.02820000,0,LINKUSDT,binance
2026-05-24 16:35:00+00:00,9.457,9.457,9.432,9.44,3043.18,1779640799999,28732.25023000,320,663.96000000,6265.70563000,0,LINKUSDT,binance
2026-05-24 16:40:00+00:00,9.441,9.444,9.439,9.44,253.88,1779641099999,2396.93559000,83,113.83000000,1074.69447000,0,LINKUSDT,binance
2026-05-24 16:45:00+00:00,9.44,9.455,9.44,9.454,2449.5,1779641399999,23151.87487000,133,731.64000000,6913.91011000,0,LINKUSDT,binance
2026-05-24 16:50:00+00:00,9.454,9.46,9.448,9.457,999.48,1779641699999,9450.64769000,134,610.74000000,5775.79062000,0,LINKUSDT,binance
2026-05-24 16:55:00+00:00,9.458,9.473,9.456,9.461,13521.98,1779641999999,127958.16446000,492,3521.64000000,33317.97263000,0,LINKUSDT,binance
2026-05-24 17:00:00+00:00,9.461,9.471,9.456,9.463,2902.0,1779642299999,27464.72579000,504,1911.62000000,18093.00200000,0,LINKUSDT,binance
2026-05-24 17:05:00+00:00,9.463,9.467,9.458,9.463,2741.06,1779642599999,25934.77248000,264,591.78000000,5599.67196000,0,LINKUSDT,binance
2026-05-24 17:10:00+00:00,9.462,9.47,9.458,9.459,3333.67,1779642899999,31556.63422000,405,2369.16000000,22426.72298000,0,LINKUSDT,binance
2026-05-24 17:15:00+00:00,9.459,9.467,9.455,9.455,2573.87,1779643199999,24354.59479000,326,650.05000000,6149.75867000,0,LINKUSDT,binance
2026-05-24 17:20:00+00:00,9.455,9.468,9.454,9.468,931.72,1779643499999,8813.18635000,265,405.40000000,3835.49479000,0,LINKUSDT,binance
2026-05-24 17:25:00+00:00,9.469,9.473,9.46,9.463,1960.82,1779643799999,18567.25738000,190,1404.19000000,13295.82466000,0,LINKUSDT,binance
2026-05-24 17:30:00+00:00,9.464,9.478,9.458,9.472,1461.99,1779644099999,13844.24839000,329,1029.12000000,9743.54081000,0,LINKUSDT,binance
2026-05-24 17:35:00+00:00,9.472,9.487,9.472,9.487,1419.06,1779644399999,13453.50769000,244,891.27000000,8451.81747000,0,LINKUSDT,binance
2026-05-24 17:40:00+00:00,9.486,9.486,9.479,9.481,3524.02,1779644699999,33412.85134000,292,1311.45000000,12433.74660000,0,LINKUSDT,binance
2026-05-24 17:45:00+00:00,9.481,9.481,9.47,9.475,5774.62,1779644999999,54720.04559000,377,1598.11000000,15146.74727000,0,LINKUSDT,binance
2026-05-24 17:50:00+00:00,9.475,9.48,9.467,9.472,1782.22,1779645299999,16883.05368000,269,1479.65000000,14017.26119000,0,LINKUSDT,binance
2026-05-24 17:55:00+00:00,9.472,9.472,9.465,9.465,1233.87,1779645599999,11683.36713000,137,1180.76000000,11180.53939000,0,LINKUSDT,binance
2026-05-24 18:00:00+00:00,9.466,9.469,9.456,9.456,552.95,1779645899999,5232.49914000,255,77.91000000,737.50064000,0,LINKUSDT,binance
2026-05-24 18:05:00+00:00,9.456,9.468,9.456,9.466,3459.36,1779646199999,32734.45682000,250,3044.10000000,28805.60684000,0,LINKUSDT,binance
2026-05-24 18:10:00+00:00,9.466,9.47,9.46,9.462,599.19,1779646499999,5672.00404000,209,368.78000000,3490.88119000,0,LINKUSDT,binance
2026-05-24 18:15:00+00:00,9.463,9.47,9.459,9.46,1781.18,1779646799999,16852.04906000,203,947.95000000,8967.98876000,0,LINKUSDT,binance
2026-05-24 18:20:00+00:00,9.46,9.464,9.45,9.453,3405.7,1779647099999,32202.55777000,186,428.06000000,4049.40308000,0,LINKUSDT,binance
2026-05-24 18:25:00+00:00,9.452,9.455,9.445,9.447,1097.69,1779647399999,10372.05826000,165,241.82000000,2284.94466000,0,LINKUSDT,binance
2026-05-24 18:30:00+00:00,9.448,9.448,9.433,9.433,2599.71,1779647699999,24534.47510000,222,625.55000000,5903.66003000,0,LINKUSDT,binance
2026-05-24 18:35:00+00:00,9.434,9.446,9.433,9.445,1051.04,1779647999999,9919.80934000,148,795.98000000,7512.87593000,0,LINKUSDT,binance
2026-05-24 18:40:00+00:00,9.446,9.446,9.433,9.434,2281.29,1779648299999,21528.76654000,194,1177.58000000,11109.85000000,0,LINKUSDT,binance
2026-05-24 18:45:00+00:00,9.434,9.443,9.427,9.431,1804.42,1779648599999,17022.92327000,253,433.15000000,4087.31953000,0,LINKUSDT,binance
2026-05-24 18:50:00+00:00,9.431,9.436,9.427,9.436,226.94,1779648899999,2140.17091000,127,97.08000000,915.59559000,0,LINKUSDT,binance
2026-05-24 18:55:00+00:00,9.436,9.44,9.433,9.435,2377.75,1779649199999,22437.80170000,188,1118.10000000,10552.31890000,0,LINKUSDT,binance
2026-05-24 19:00:00+00:00,9.435,9.453,9.432,9.442,2748.46,1779649499999,25966.38093000,337,1150.51000000,10867.48955000,0,LINKUSDT,binance
2026-05-24 19:05:00+00:00,9.441,9.446,9.437,9.438,849.92,1779649799999,8026.17748000,158,497.88000000,4702.05929000,0,LINKUSDT,binance
2026-05-24 19:10:00+00:00,9.439,9.441,9.428,9.428,623.77,1779650099999,5883.52137000,106,549.63000000,5183.96388000,0,LINKUSDT,binance
2026-05-24 19:15:00+00:00,9.427,9.435,9.42,9.428,3097.84,1779650399999,29205.40212000,306,1682.30000000,15858.90196000,0,LINKUSDT,binance
2026-05-24 19:20:00+00:00,9.428,9.429,9.422,9.426,2662.18,1779650699999,25090.97628000,223,800.07000000,7541.33571000,0,LINKUSDT,binance
2026-05-24 19:25:00+00:00,9.425,9.425,9.415,9.419,2978.52,1779650999999,28058.65441000,239,947.07000000,8922.04477000,0,LINKUSDT,binance
2026-05-24 19:30:00+00:00,9.419,9.422,9.412,9.418,1496.95,1779651299999,14096.08275000,201,1163.45000000,10955.44274000,0,LINKUSDT,binance
2026-05-24 19:35:00+00:00,9.418,9.422,9.416,9.419,894.74,1779651599999,8428.90193000,153,174.52000000,1643.65842000,0,LINKUSDT,binance
2026-05-24 19:40:00+00:00,9.42,9.43,9.42,9.424,2341.59,1779651899999,22074.10162000,228,1629.97000000,15366.42318000,0,LINKUSDT,binance
2026-05-24 19:45:00+00:00,9.424,9.439,9.422,9.437,1211.78,1779652199999,11427.67752000,273,431.23000000,4065.23594000,0,LINKUSDT,binance
2026-05-24 19:50:00+00:00,9.436,9.438,9.433,9.437,946.35,1779652499999,8929.51883000,194,541.99000000,5114.36216000,0,LINKUSDT,binance
2026-05-24 19:55:00+00:00,9.436,9.437,9.43,9.432,256.47,1779652799999,2419.46016000,162,93.17000000,878.87078000,0,LINKUSDT,binance
2026-05-24 20:00:00+00:00,9.432,9.439,9.41,9.412,10280.56,1779653099999,96890.50863000,539,1184.08000000,11154.57792000,0,LINKUSDT,binance
2026-05-24 20:05:00+00:00,9.412,9.419,9.398,9.411,3529.36,1779653399999,33195.93925000,309,658.12000000,6192.18598000,0,LINKUSDT,binance
2026-05-24 20:10:00+00:00,9.412,9.416,9.411,9.412,774.03,1779653699999,7285.60943000,149,698.82000000,6577.66361000,0,LINKUSDT,binance
2026-05-24 20:15:00+00:00,9.412,9.416,9.404,9.41,1931.6,1779653999999,18179.58437000,248,850.50000000,8005.04761000,0,LINKUSDT,binance
2026-05-24 20:20:00+00:00,9.409,9.411,9.395,9.404,3839.92,1779654299999,36110.78100000,333,1398.65000000,13150.26264000,0,LINKUSDT,binance
2026-05-24 20:25:00+00:00,9.404,9.408,9.392,9.405,3223.83,1779654599999,30295.15139000,235,421.50000000,3962.68262000,0,LINKUSDT,binance
2026-05-24 20:30:00+00:00,9.406,9.412,9.401,9.404,1308.15,1779654899999,12303.41293000,254,522.72000000,4915.81079000,0,LINKUSDT,binance
2026-05-24 20:35:00+00:00,9.404,9.407,9.395,9.397,1478.5,1779655199999,13903.98526000,193,829.40000000,7800.22972000,0,LINKUSDT,binance
2026-05-24 20:40:00+00:00,9.397,9.404,9.397,9.402,295.54,1779655499999,2778.44134000,67,134.88000000,1268.24026000,0,LINKUSDT,binance
2026-05-24 20:45:00+00:00,9.402,9.411,9.388,9.394,3187.92,1779655799999,29962.69713000,282,1848.83000000,17377.28735000,0,LINKUSDT,binance
2026-05-24 20:50:00+00:00,9.393,9.393,9.387,9.388,1173.25,1779656099999,11015.17984000,147,485.37000000,4556.82160000,0,LINKUSDT,binance
2026-05-24 20:55:00+00:00,9.389,9.399,9.389,9.397,1095.73,1779656399999,10292.14125000,136,439.90000000,4131.59158000,0,LINKUSDT,binance
2026-05-24 21:00:00+00:00,9.397,9.409,9.394,9.403,1034.79,1779656699999,9729.81006000,302,400.08000000,3761.76781000,0,LINKUSDT,binance
2026-05-24 21:05:00+00:00,9.402,9.403,9.398,9.401,1288.88,1779656999999,12114.66504000,100,240.60000000,2262.13537000,0,LINKUSDT,binance
2026-05-24 21:10:00+00:00,9.4,9.41,9.397,9.41,4926.7,1779657299999,46337.93015000,165,3331.40000000,31336.27751000,0,LINKUSDT,binance
2026-05-24 21:15:00+00:00,9.411,9.412,9.401,9.408,2244.42,1779657599999,21104.15615000,150,1654.73000000,15559.16236000,0,LINKUSDT,binance
2026-05-24 21:20:00+00:00,9.407,9.407,9.4,9.401,2882.2,1779657899999,27100.53555000,167,1476.94000000,13887.15329000,0,LINKUSDT,binance
2026-05-24 21:25:00+00:00,9.4,9.4,9.35,9.359,9632.56,1779658199999,90298.29248000,1179,5395.90000000,50580.81799000,0,LINKUSDT,binance
2026-05-24 21:30:00+00:00,9.36,9.363,9.312,9.323,11075.81,1779658499999,103407.82270000,1383,3942.23000000,36787.68051000,0,LINKUSDT,binance
2026-05-24 21:35:00+00:00,9.323,9.323,9.272,9.293,51336.42,1779658799999,477147.19128000,2962,12091.99000000,112336.60433000,0,LINKUSDT,binance
2026-05-24 21:40:00+00:00,9.293,9.315,9.259,9.267,13297.92,1779659099999,123420.22626000,1063,3979.22000000,36922.29778000,0,LINKUSDT,binance
2026-05-24 21:45:00+00:00,9.268,9.291,9.25,9.281,17122.6,1779659399999,158787.93035000,1220,10009.75000000,92828.87459000,0,LINKUSDT,binance
2026-05-24 21:50:00+00:00,9.282,9.3,9.282,9.291,4499.07,1779659699999,41810.16466000,435,1864.01000000,17323.42792000,0,LINKUSDT,binance
2026-05-24 21:55:00+00:00,9.291,9.298,9.27,9.286,6905.48,1779659999999,64147.71999000,599,2979.50000000,27682.31304000,0,LINKUSDT,binance
2026-05-24 22:00:00+00:00,9.285,9.364,9.284,9.357,9281.17,1779660299999,86585.52004000,1463,6624.62000000,61792.11454000,0,LINKUSDT,binance
2026-05-24 22:05:00+00:00,9.357,9.407,9.354,9.404,5798.71,1779660599999,54408.83912000,647,2763.83000000,25943.86756000,0,LINKUSDT,binance
2026-05-24 22:10:00+00:00,9.404,9.422,9.393,9.413,8984.79,1779660899999,84542.95893000,726,4702.16000000,44241.93841000,0,LINKUSDT,binance
2026-05-24 22:15:00+00:00,9.413,9.414,9.4,9.409,4007.99,1779661199999,37702.87809000,397,1260.85000000,11861.76048000,0,LINKUSDT,binance
2026-05-24 22:20:00+00:00,9.409,9.428,9.402,9.421,4621.64,1779661499999,43510.17812000,368,2889.58000000,27205.91659000,0,LINKUSDT,binance
2026-05-24 22:25:00+00:00,9.422,9.427,9.413,9.414,3887.71,1779661799999,36624.63238000,319,1984.01000000,18693.36716000,0,LINKUSDT,binance
2026-05-24 22:30:00+00:00,9.413,9.429,9.407,9.408,2518.93,1779662099999,23716.78876000,351,790.20000000,7445.26055000,0,LINKUSDT,binance
2026-05-24 22:35:00+00:00,9.408,9.408,9.378,9.393,10683.81,1779662399999,100359.16780000,446,6145.67000000,57729.60609000,0,LINKUSDT,binance
2026-05-24 22:40:00+00:00,9.393,9.395,9.379,9.395,1796.81,1779662699999,16862.85820000,199,1366.91000000,12827.01923000,0,LINKUSDT,binance
2026-05-24 22:45:00+00:00,9.395,9.428,9.395,9.408,2903.9,1779662999999,27339.43224000,359,1732.92000000,16317.14445000,0,LINKUSDT,binance
2026-05-24 22:50:00+00:00,9.409,9.417,9.387,9.387,4014.29,1779663299999,37735.05292000,280,1316.55000000,12391.04223000,0,LINKUSDT,binance
2026-05-24 22:55:00+00:00,9.387,9.394,9.382,9.385,2716.29,1779663599999,25496.10798000,191,1072.46000000,10067.24529000,0,LINKUSDT,binance
2026-05-24 23:00:00+00:00,9.386,9.414,9.386,9.407,4214.97,1779663899999,39627.05074000,290,2861.27000000,26894.14673000,0,LINKUSDT,binance
2026-05-24 23:05:00+00:00,9.406,9.408,9.398,9.407,2401.96,1779664199999,22581.86802000,162,952.73000000,8957.24816000,0,LINKUSDT,binance
2026-05-24 23:10:00+00:00,9.408,9.411,9.401,9.409,1687.43,1779664499999,15871.43968000,159,574.82000000,5405.42685000,0,LINKUSDT,binance
2026-05-24 23:15:00+00:00,9.41,9.417,9.403,9.406,2287.0,1779664799999,21517.19583000,180,674.33000000,6347.26932000,0,LINKUSDT,binance
2026-05-24 23:20:00+00:00,9.407,9.412,9.404,9.405,413.28,1779665099999,3887.79293000,121,159.31000000,1499.04935000,0,LINKUSDT,binance
2026-05-24 23:25:00+00:00,9.404,9.409,9.398,9.409,1937.13,1779665399999,18214.86310000,133,1637.22000000,15395.12354000,0,LINKUSDT,binance
2026-05-24 23:30:00+00:00,9.409,9.431,9.409,9.431,2296.54,1779665699999,21637.36338000,247,1743.88000000,16430.00926000,0,LINKUSDT,binance
2026-05-24 23:35:00+00:00,9.431,9.458,9.429,9.445,4212.97,1779665999999,39775.80662000,416,3161.68000000,29848.01613000,0,LINKUSDT,binance
2026-05-24 23:40:00+00:00,9.444,9.461,9.438,9.458,2059.02,1779666299999,19461.42739000,282,1887.81000000,17843.78486000,0,LINKUSDT,binance
2026-05-24 23:45:00+00:00,9.457,9.457,9.445,9.457,1217.13,1779666599999,11502.87818000,257,375.50000000,3548.70632000,0,LINKUSDT,binance
2026-05-24 23:50:00+00:00,9.456,9.456,9.442,9.442,1136.16,1779666899999,10734.40662000,194,442.50000000,4180.90387000,0,LINKUSDT,binance
2026-05-24 23:55:00+00:00,9.441,9.441,9.431,9.431,314.2,1779667199999,2964.82815000,136,135.62000000,1279.90383000,0,LINKUSDT,binance
2026-05-25 00:00:00+00:00,9.431,9.449,9.431,9.442,4510.85,1779667499999,42588.72106000,414,1853.39000000,17503.06217000,0,LINKUSDT,binance
2026-05-25 00:05:00+00:00,9.443,9.464,9.443,9.464,2948.59,1779667799999,27875.14097000,291,1437.48000000,13590.65723000,0,LINKUSDT,binance
2026-05-25 00:10:00+00:00,9.465,9.477,9.461,9.467,2969.6,1779668099999,28119.55499000,261,1661.69000000,15730.05300000,0,LINKUSDT,binance
2026-05-25 00:15:00+00:00,9.467,9.471,9.46,9.465,2084.7,1779668399999,19734.74017000,260,1269.73000000,12020.28889000,0,LINKUSDT,binance
2026-05-25 00:20:00+00:00,9.465,9.475,9.459,9.473,1193.07,1779668699999,11294.72510000,246,596.29000000,5644.54244000,0,LINKUSDT,binance
2026-05-25 00:25:00+00:00,9.474,9.477,9.468,9.476,406.5,1779668999999,3850.97433000,177,264.48000000,2505.58582000,0,LINKUSDT,binance
2026-05-25 00:30:00+00:00,9.477,9.49,9.473,9.474,3592.63,1779669299999,34060.37526000,283,2030.46000000,19250.42045000,0,LINKUSDT,binance
2026-05-25 00:35:00+00:00,9.475,9.491,9.475,9.486,2887.02,1779669599999,27369.33245000,226,1697.29000000,16088.26803000,0,LINKUSDT,binance
2026-05-25 00:40:00+00:00,9.486,9.486,9.472,9.473,3596.59,1779669899999,34089.67447000,323,1718.02000000,16284.64595000,0,LINKUSDT,binance
2026-05-25 00:45:00+00:00,9.473,9.494,9.465,9.486,5402.17,1779670199999,51187.55576000,325,4130.38000000,39133.00078000,0,LINKUSDT,binance
2026-05-25 00:50:00+00:00,9.486,9.486,9.474,9.479,10042.48,1779670499999,95209.36788000,298,6819.96000000,64649.26909000,0,LINKUSDT,binance
2026-05-25 00:55:00+00:00,9.479,9.48,9.469,9.475,681.14,1779670799999,6455.87097000,165,595.60000000,5645.31043000,0,LINKUSDT,binance
2026-05-25 01:00:00+00:00,9.476,9.482,9.45,9.463,7231.66,1779671099999,68421.55771000,584,2014.16000000,19065.84756000,0,LINKUSDT,binance
2026-05-25 01:05:00+00:00,9.463,9.467,9.461,9.461,607.85,1779671399999,5753.13209000,152,266.63000000,2523.75861000,0,LINKUSDT,binance
2026-05-25 01:10:00+00:00,9.46,9.464,9.443,9.458,5896.79,1779671699999,55729.72202000,335,1110.89000000,10498.44963000,0,LINKUSDT,binance
2026-05-25 01:15:00+00:00,9.459,9.471,9.458,9.462,5713.51,1779671999999,54056.08200000,337,4732.94000000,44775.43326000,0,LINKUSDT,binance
2026-05-25 01:20:00+00:00,9.462,9.466,9.461,9.463,495.66,1779672299999,4690.39038000,134,358.46000000,3391.99932000,0,LINKUSDT,binance
2026-05-25 01:25:00+00:00,9.464,9.467,9.456,9.461,1764.77,1779672599999,16694.64346000,161,969.72000000,9173.05725000,0,LINKUSDT,binance
2026-05-25 01:30:00+00:00,9.46,9.466,9.45,9.461,2214.35,1779672899999,20946.23586000,261,966.60000000,9141.80935000,0,LINKUSDT,binance
2026-05-25 01:35:00+00:00,9.461,9.465,9.453,9.456,1117.04,1779673199999,10565.74976000,139,978.08000000,9251.27204000,0,LINKUSDT,binance
2026-05-25 01:40:00+00:00,9.456,9.457,9.441,9.441,2413.37,1779673499999,22801.53741000,253,707.34000000,6682.95825000,0,LINKUSDT,binance
2026-05-25 01:45:00+00:00,9.442,9.45,9.43,9.433,6406.26,1779673799999,60459.24168000,476,830.10000000,7833.43448000,0,LINKUSDT,binance
2026-05-25 01:50:00+00:00,9.434,9.438,9.418,9.419,4186.6,1779674099999,39464.31031000,431,430.81000000,4062.27121000,0,LINKUSDT,binance
2026-05-25 01:55:00+00:00,9.419,9.422,9.382,9.388,13564.32,1779674399999,127550.15480000,1012,2866.15000000,26944.37746000,0,LINKUSDT,binance
2026-05-25 02:00:00+00:00,9.389,9.416,9.389,9.413,3340.16,1779674699999,31404.33381000,474,805.47000000,7571.14061000,0,LINKUSDT,binance
2026-05-25 02:05:00+00:00,9.414,9.476,9.414,9.464,16411.2,1779674999999,154936.08504000,1130,10049.37000000,94782.84330000,0,LINKUSDT,binance
2026-05-25 02:10:00+00:00,9.464,9.47,9.456,9.459,3471.67,1779675299999,32846.84055000,283,850.48000000,8046.79677000,0,LINKUSDT,binance
2026-05-25 02:15:00+00:00,9.458,9.458,9.437,9.442,1747.54,1779675599999,16507.62050000,247,347.50000000,3283.32740000,0,LINKUSDT,binance
2026-05-25 02:20:00+00:00,9.443,9.447,9.43,9.43,1596.51,1779675899999,15070.34958000,191,717.15000000,6772.44783000,0,LINKUSDT,binance
2026-05-25 02:25:00+00:00,9.431,9.431,9.402,9.419,2907.22,1779676199999,27365.58811000,328,390.27000000,3673.31840000,0,LINKUSDT,binance
2026-05-25 02:30:00+00:00,9.42,9.424,9.407,9.408,1131.82,1779676499999,10658.61714000,184,147.87000000,1392.03341000,0,LINKUSDT,binance
2026-05-25 02:35:00+00:00,9.408,9.418,9.405,9.418,527.15,1779676799999,4961.59887000,149,240.85000000,2267.22337000,0,LINKUSDT,binance
2026-05-25 02:40:00+00:00,9.417,9.417,9.405,9.417,165.71,1779677099999,1559.53891000,120,31.63000000,297.69381000,0,LINKUSDT,binance
2026-05-25 02:45:00+00:00,9.418,9.419,9.408,9.412,2485.28,1779677399999,23388.37523000,149,789.06000000,7425.13606000,0,LINKUSDT,binance
2026-05-25 02:50:00+00:00,9.413,9.416,9.412,9.412,519.72,1779677699999,4893.15986000,69,70.89000000,667.28126000,0,LINKUSDT,binance
2026-05-25 02:55:00+00:00,9.413,9.416,9.402,9.405,526.23,1779677999999,4949.88861000,103,96.57000000,908.66606000,0,LINKUSDT,binance
2026-05-25 03:00:00+00:00,9.405,9.417,9.398,9.399,1133.73,1779678299999,10664.95537000,243,408.75000000,3846.31633000,0,LINKUSDT,binance
2026-05-25 03:05:00+00:00,9.399,9.4,9.391,9.392,1388.04,1779678599999,13041.46738000,151,532.71000000,5005.00179000,0,LINKUSDT,binance
2026-05-25 03:10:00+00:00,9.392,9.395,9.381,9.384,2772.24,1779678899999,26025.11965000,189,435.35000000,4085.01422000,0,LINKUSDT,binance
2026-05-25 03:15:00+00:00,9.383,9.388,9.379,9.379,6238.1,1779679199999,58551.59319000,176,5153.67000000,48376.85109000,0,LINKUSDT,binance
2026-05-25 03:20:00+00:00,9.38,9.391,9.378,9.378,6431.77,1779679499999,60373.45532000,168,5239.08000000,49181.37231000,0,LINKUSDT,binance
2026-05-25 03:25:00+00:00,9.378,9.384,9.372,9.379,2869.94,1779679799999,26909.77388000,224,575.55000000,5395.93843000,0,LINKUSDT,binance
2026-05-25 03:30:00+00:00,9.379,9.383,9.368,9.383,1162.38,1779680099999,10899.00569000,197,339.24000000,3181.61699000,0,LINKUSDT,binance
2026-05-25 03:35:00+00:00,9.384,9.388,9.379,9.384,596.65,1779680399999,5598.40770000,142,347.20000000,3258.32990000,0,LINKUSDT,binance
2026-05-25 03:40:00+00:00,9.383,9.398,9.382,9.392,28789.28,1779680699999,270373.95171000,582,26035.65000000,244513.25708000,0,LINKUSDT,binance
2026-05-25 03:45:00+00:00,9.392,9.397,9.38,9.394,2495.84,1779680999999,23424.11591000,342,791.35000000,7426.23365000,0,LINKUSDT,binance
2026-05-25 03:50:00+00:00,9.394,9.4,9.388,9.397,992.74,1779681299999,9328.04892000,146,534.05000000,5016.87372000,0,LINKUSDT,binance
2026-05-25 03:55:00+00:00,9.397,9.398,9.39,9.392,13101.99,1779681599999,123091.40068000,189,1665.48000000,15644.74641000,0,LINKUSDT,binance
2026-05-25 04:00:00+00:00,9.393,9.406,9.391,9.391,6228.38,1779681899999,58545.19695000,301,3801.02000000,35727.50554000,0,LINKUSDT,binance
2026-05-25 04:05:00+00:00,9.391,9.404,9.39,9.404,23261.11,1779682199999,218600.08794000,398,10314.56000000,96907.16758000,0,LINKUSDT,binance
2026-05-25 04:10:00+00:00,9.405,9.406,9.393,9.397,2422.66,1779682499999,22778.41901000,252,1229.26000000,11559.30750000,0,LINKUSDT,binance
2026-05-25 04:15:00+00:00,9.397,9.397,9.387,9.392,1965.63,1779682799999,18460.53826000,199,1294.81000000,12159.51081000,0,LINKUSDT,binance
2026-05-25 04:20:00+00:00,9.393,9.405,9.393,9.405,2418.52,1779683099999,22738.22649000,185,1107.39000000,10410.86198000,0,LINKUSDT,binance
2026-05-25 04:25:00+00:00,9.405,9.43,9.405,9.43,2783.68,1779683399999,26217.65617000,237,2615.30000000,24633.23017000,0,LINKUSDT,binance
2026-05-25 04:30:00+00:00,9.431,9.443,9.428,9.43,3340.28,1779683699999,31523.39751000,291,2703.61000000,25514.37720000,0,LINKUSDT,binance
2026-05-25 04:35:00+00:00,9.43,9.433,9.425,9.426,5450.4,1779683999999,51398.37874000,224,1032.20000000,9733.64600000,0,LINKUSDT,binance
2026-05-25 04:40:00+00:00,9.425,9.447,9.425,9.447,3251.65,1779684299999,30692.07430000,323,1872.36000000,17668.77411000,0,LINKUSDT,binance
2026-05-25 04:45:00+00:00,9.447,9.465,9.446,9.459,17856.22,1779684599999,168976.49725000,542,15380.67000000,145554.78089000,0,LINKUSDT,binance
2026-05-25 04:50:00+00:00,9.46,9.49,9.46,9.478,14493.92,1779684899999,137344.90337000,649,8774.34000000,83124.19592000,0,LINKUSDT,binance
2026-05-25 04:55:00+00:00,9.479,9.485,9.476,9.476,1330.32,1779685199999,12611.33525000,284,949.42000000,9000.30310000,0,LINKUSDT,binance
2026-05-25 05:00:00+00:00,9.477,9.484,9.474,9.484,7726.51,1779685499999,73237.36979000,416,4493.89000000,42599.33586000,0,LINKUSDT,binance
2026-05-25 05:05:00+00:00,9.484,9.512,9.484,9.498,11760.76,1779685799999,111678.37294000,861,7190.50000000,68264.53407000,0,LINKUSDT,binance
2026-05-25 05:10:00+00:00,9.498,9.503,9.491,9.503,2788.09,1779686099999,26481.44195000,365,1993.97000000,18936.71894000,0,LINKUSDT,binance
2026-05-25 05:15:00+00:00,9.503,9.512,9.493,9.506,5891.99,1779686399999,55974.18799000,538,970.24000000,9218.66693000,0,LINKUSDT,binance
2026-05-25 05:20:00+00:00,9.506,9.508,9.493,9.498,1497.65,1779686699999,14225.54471000,391,796.20000000,7561.09358000,0,LINKUSDT,binance
2026-05-25 05:25:00+00:00,9.497,9.502,9.494,9.5,1654.11,1779686999999,15715.06039000,130,1582.50000000,15034.73784000,0,LINKUSDT,binance
2026-05-25 05:30:00+00:00,9.5,9.513,9.497,9.502,3130.78,1779687299999,29748.95010000,296,1543.12000000,14663.15143000,0,LINKUSDT,binance
2026-05-25 05:35:00+00:00,9.503,9.515,9.503,9.512,2286.12,1779687599999,21738.67785000,246,1773.64000000,16863.98475000,0,LINKUSDT,binance
2026-05-25 05:40:00+00:00,9.512,9.528,9.51,9.523,7109.66,1779687899999,67703.20400000,319,5178.49000000,49323.64858000,0,LINKUSDT,binance
2026-05-25 05:45:00+00:00,9.523,9.526,9.513,9.52,11189.22,1779688199999,106509.83947000,432,3349.01000000,31880.86997000,0,LINKUSDT,binance
2026-05-25 05:50:00+00:00,9.521,9.523,9.516,9.522,1704.67,1779688499999,16227.28112000,261,1551.06000000,14764.90249000,0,LINKUSDT,binance
2026-05-25 05:55:00+00:00,9.522,9.522,9.511,9.513,914.74,1779688799999,8702.59410000,165,309.56000000,2945.01440000,0,LINKUSDT,binance
2026-05-25 06:00:00+00:00,9.512,9.528,9.512,9.517,6454.63,1779689099999,61461.74343000,521,3896.23000000,37100.01578000,0,LINKUSDT,binance
2026-05-25 06:05:00+00:00,9.517,9.544,9.515,9.537,12348.19,1779689399999,117631.99096000,1013,8711.82000000,82988.09752000,0,LINKUSDT,binance
2026-05-25 06:10:00+00:00,9.537,9.537,9.507,9.507,2302.0,1779689699999,21914.28957000,404,234.16000000,2229.30025000,0,LINKUSDT,binance
2026-05-25 06:15:00+00:00,9.507,9.508,9.49,9.495,2485.05,1779689999999,23600.01470000,346,309.14000000,2935.43974000,0,LINKUSDT,binance
2026-05-25 06:20:00+00:00,9.494,9.495,9.482,9.484,15064.83,1779690299999,142900.51023000,527,11277.05000000,106955.55075000,0,LINKUSDT,binance
2026-05-25 06:25:00+00:00,9.483,9.491,9.482,9.49,3970.69,1779690599999,37665.05382000,289,981.23000000,9308.74714000,0,LINKUSDT,binance
2026-05-25 06:30:00+00:00,9.491,9.518,9.491,9.518,2410.74,1779690899999,22914.56016000,504,1634.97000000,15535.97768000,0,LINKUSDT,binance
2026-05-25 06:35:00+00:00,9.519,9.522,9.506,9.506,12984.58,1779691199999,123588.10414000,238,573.93000000,5462.10188000,0,LINKUSDT,binance
2026-05-25 06:40:00+00:00,9.505,9.509,9.504,9.507,746.39,1779691499999,7095.65211000,98,453.23000000,4308.87551000,0,LINKUSDT,binance
2026-05-25 06:45:00+00:00,9.506,9.518,9.503,9.513,10857.81,1779691799999,103247.05481000,390,1758.48000000,16724.32269000,0,LINKUSDT,binance
2026-05-25 06:50:00+00:00,9.512,9.515,9.51,9.512,1101.09,1779692099999,10474.74978000,139,441.88000000,4203.99160000,0,LINKUSDT,binance
2026-05-25 06:55:00+00:00,9.512,9.515,9.507,9.511,1449.14,1779692399999,13779.84306000,118,1118.80000000,10637.18880000,0,LINKUSDT,binance
2026-05-25 07:00:00+00:00,9.511,9.547,9.511,9.537,96559.02,1779692699999,919339.60192000,1083,89975.71000000,856602.81584000,0,LINKUSDT,binance
2026-05-25 07:05:00+00:00,9.536,9.536,9.525,9.532,6634.22,1779692999999,63257.82911000,250,472.16000000,4500.56052000,0,LINKUSDT,binance
2026-05-25 07:10:00+00:00,9.532,9.532,9.515,9.517,1621.56,1779693299999,15442.82295000,176,472.51000000,4499.81855000,0,LINKUSDT,binance
2026-05-25 07:15:00+00:00,9.518,9.53,9.488,9.497,9144.9,1779693599999,86915.59551000,631,2534.12000000,24100.90824000,0,LINKUSDT,binance
2026-05-25 07:20:00+00:00,9.496,9.5,9.488,9.499,3316.69,1779693899999,31491.90472000,281,1645.18000000,15622.64067000,0,LINKUSDT,binance
2026-05-25 07:25:00+00:00,9.498,9.498,9.487,9.487,2752.78,1779694199999,26127.05073000,226,1661.77000000,15770.04870000,0,LINKUSDT,binance
2026-05-25 07:30:00+00:00,9.487,9.514,9.483,9.504,8341.64,1779694499999,79279.97537000,491,4919.94000000,46761.88636000,0,LINKUSDT,binance
2026-05-25 07:35:00+00:00,9.504,9.509,9.503,9.507,4822.62,1779694799999,45846.16645000,169,4484.23000000,42629.48850000,0,LINKUSDT,binance
2026-05-25 07:40:00+00:00,9.507,9.509,9.501,9.507,1401.0,1779695099999,13317.41301000,129,750.85000000,7137.57381000,0,LINKUSDT,binance
2026-05-25 07:45:00+00:00,9.506,9.514,9.505,9.513,2773.95,1779695399999,26379.92613000,189,141.69000000,1347.59727000,0,LINKUSDT,binance
2026-05-25 07:50:00+00:00,9.513,9.52,9.508,9.519,3128.4,1779695699999,29760.93734000,198,106.32000000,1011.51910000,0,LINKUSDT,binance
2026-05-25 07:55:00+00:00,9.52,9.522,9.513,9.521,2992.88,1779695999999,28490.49387000,269,2351.82000000,22388.05887000,0,LINKUSDT,binance
2026-05-25 08:00:00+00:00,9.522,9.529,9.514,9.528,5957.05,1779696299999,56725.89824000,325,4585.60000000,43670.10552000,0,LINKUSDT,binance
2026-05-25 08:05:00+00:00,9.528,9.531,9.518,9.524,10498.53,1779696599999,100015.32188000,423,1781.07000000,16966.57754000,0,LINKUSDT,binance
2026-05-25 08:10:00+00:00,9.524,9.524,9.507,9.507,1129.68,1779696899999,10748.62395000,219,448.22000000,4265.90772000,0,LINKUSDT,binance
2026-05-25 08:15:00+00:00,9.507,9.509,9.497,9.499,1639.09,1779697199999,15576.70736000,191,717.47000000,6818.32333000,0,LINKUSDT,binance
2026-05-25 08:20:00+00:00,9.5,9.506,9.496,9.496,806.9,1779697499999,7665.41792000,177,326.39000000,3101.11123000,0,LINKUSDT,binance
2026-05-25 08:25:00+00:00,9.497,9.507,9.497,9.506,1846.96,1779697799999,17550.73771000,167,1578.39000000,14998.46454000,0,LINKUSDT,binance
2026-05-25 08:30:00+00:00,9.507,9.522,9.506,9.522,2433.39,1779698099999,23150.61446000,158,604.34000000,5750.64642000,0,LINKUSDT,binance
2026-05-25 08:35:00+00:00,9.522,9.528,9.515,9.521,6077.5,1779698399999,57861.31881000,231,941.47000000,8966.44085000,0,LINKUSDT,binance
2026-05-25 08:40:00+00:00,9.522,9.526,9.511,9.52,5482.17,1779698699999,52174.25242000,213,3645.38000000,34693.90424000,0,LINKUSDT,binance
2026-05-25 08:45:00+00:00,9.52,9.525,9.504,9.518,16193.8,1779698999999,154064.98913000,537,3539.82000000,33679.56608000,0,LINKUSDT,binance
2026-05-25 08:50:00+00:00,9.519,9.526,9.515,9.526,3886.43,1779699299999,37002.11600000,354,1590.79000000,15147.71647000,0,LINKUSDT,binance
2026-05-25 08:55:00+00:00,9.526,9.531,9.526,9.528,3066.36,1779699599999,29215.43846000,111,1103.66000000,10513.59078000,0,LINKUSDT,binance
2026-05-25 09:00:00+00:00,9.528,9.533,9.52,9.525,2309.3,1779699899999,21997.13437000,234,607.95000000,5790.56862000,0,LINKUSDT,binance
2026-05-25 09:05:00+00:00,9.525,9.529,9.519,9.527,6676.42,1779700199999,63572.28591000,310,1384.75000000,13183.40343000,0,LINKUSDT,binance
2026-05-25 09:10:00+00:00,9.527,9.535,9.523,9.523,7733.96,1779700499999,73679.22123000,418,4983.20000000,47473.85688000,0,LINKUSDT,binance
2026-05-25 09:15:00+00:00,9.522,9.525,9.52,9.524,1106.85,1779700799999,10539.94752000,80,570.29000000,5431.40995000,0,LINKUSDT,binance
2026-05-25 09:20:00+00:00,9.523,9.531,9.516,9.531,2611.6,1779701099999,24872.19385000,197,1906.96000000,18161.50062000,0,LINKUSDT,binance
2026-05-25 09:25:00+00:00,9.531,9.534,9.527,9.532,1400.44,1779701399999,13347.90002000,143,389.89000000,3716.48161000,0,LINKUSDT,binance
2026-05-25 09:30:00+00:00,9.533,9.549,9.528,9.539,1952.21,1779701699999,18620.11367000,415,843.84000000,8047.61646000,0,LINKUSDT,binance
2026-05-25 09:35:00+00:00,9.539,9.539,9.529,9.535,1114.0,1779701999999,10621.87665000,238,415.05000000,3956.35276000,0,LINKUSDT,binance
2026-05-25 09:40:00+00:00,9.535,9.539,9.53,9.538,2401.91,1779702299999,22902.56114000,162,2113.09000000,20148.44725000,0,LINKUSDT,binance
2026-05-25 09:45:00+00:00,9.537,9.538,9.531,9.538,1877.11,1779702599999,17899.99536000,169,663.88000000,6331.05965000,0,LINKUSDT,binance
2026-05-25 09:50:00+00:00,9.539,9.549,9.537,9.537,6397.87,1779702899999,61047.18201000,283,1627.16000000,15531.71973000,0,LINKUSDT,binance
2026-05-25 09:55:00+00:00,9.536,9.536,9.531,9.533,1527.6,1779703199999,14562.95962000,139,1106.97000000,10552.86091000,0,LINKUSDT,binance
2026-05-25 10:00:00+00:00,9.532,9.538,9.529,9.536,1321.49,1779703499999,12598.39800000,153,378.45000000,3608.41014000,0,LINKUSDT,binance
2026-05-25 10:05:00+00:00,9.536,9.55,9.536,9.55,1847.0,1779703799999,17631.42112000,137,1455.96000000,13898.84512000,0,LINKUSDT,binance
2026-05-25 10:10:00+00:00,9.549,9.571,9.548,9.56,11205.4,1779704099999,107137.55771000,722,5654.61000000,54048.06682000,0,LINKUSDT,binance
2026-05-25 10:15:00+00:00,9.559,9.568,9.554,9.563,2531.49,1779704399999,24212.61972000,189,1577.51000000,15087.23759000,0,LINKUSDT,binance
2026-05-25 10:20:00+00:00,9.564,9.591,9.546,9.57,76363.74,1779704699999,731564.04891000,1112,39792.35000000,381014.60507000,0,LINKUSDT,binance
2026-05-25 10:25:00+00:00,9.569,9.571,9.557,9.565,4986.3,1779704999999,47684.35023000,287,1902.53000000,18190.97610000,0,LINKUSDT,binance
2026-05-25 10:30:00+00:00,9.564,9.569,9.559,9.566,2689.65,1779705299999,25725.00479000,202,977.84000000,9352.82805000,0,LINKUSDT,binance
2026-05-25 10:35:00+00:00,9.566,9.573,9.561,9.562,2484.27,1779705599999,23775.22550000,199,1933.06000000,18500.57707000,0,LINKUSDT,binance
2026-05-25 10:40:00+00:00,9.562,9.564,9.559,9.564,735.41,1779705899999,7032.05748000,110,517.30000000,4946.75667000,0,LINKUSDT,binance
2026-05-25 10:45:00+00:00,9.565,9.575,9.565,9.575,969.89,1779706199999,9284.29563000,222,635.33000000,6082.02003000,0,LINKUSDT,binance
2026-05-25 10:50:00+00:00,9.575,9.583,9.567,9.583,5337.11,1779706499999,51103.90285000,339,1879.13000000,17997.68398000,0,LINKUSDT,binance
2026-05-25 10:55:00+00:00,9.583,9.589,9.583,9.586,1581.23,1779706799999,15159.31718000,145,742.34000000,7116.39642000,0,LINKUSDT,binance
2026-05-25 11:00:00+00:00,9.587,9.591,9.572,9.587,6340.91,1779707099999,60752.73777000,460,2240.62000000,21460.67840000,0,LINKUSDT,binance
2026-05-25 11:05:00+00:00,9.587,9.59,9.576,9.589,2735.33,1779707399999,26206.59804000,253,1782.37000000,17074.54892000,0,LINKUSDT,binance
2026-05-25 11:10:00+00:00,9.589,9.593,9.586,9.591,4330.59,1779707699999,41526.82676000,199,2735.33000000,26227.64315000,0,LINKUSDT,binance
2026-05-25 11:15:00+00:00,9.591,9.594,9.584,9.591,7385.08,1779707999999,70816.60643000,521,5260.02000000,50435.57922000,0,LINKUSDT,binance
2026-05-25 11:20:00+00:00,9.592,9.609,9.547,9.561,72298.66,1779708299999,692774.32807000,2825,30899.17000000,295965.20005000,0,LINKUSDT,binance
2026-05-25 11:25:00+00:00,9.562,9.563,9.551,9.554,3623.06,1779708599999,34614.55897000,207,739.10000000,7062.65487000,0,LINKUSDT,binance
2026-05-25 11:30:00+00:00,9.554,9.564,9.552,9.56,5782.79,1779708899999,55271.47420000,358,3584.40000000,34263.23208000,0,LINKUSDT,binance
2026-05-25 11:35:00+00:00,9.561,9.574,9.556,9.573,2698.17,1779709199999,25819.66130000,355,1053.02000000,10075.75490000,0,LINKUSDT,binance
2026-05-25 11:40:00+00:00,9.573,9.573,9.561,9.562,2264.55,1779709499999,21659.27134000,282,709.99000000,6790.14868000,0,LINKUSDT,binance
2026-05-25 11:45:00+00:00,9.563,9.573,9.554,9.554,3512.8,1779709799999,33604.24485000,364,2299.39000000,22000.81255000,0,LINKUSDT,binance
2026-05-25 11:50:00+00:00,9.555,9.555,9.538,9.538,3965.39,1779710099999,37843.06885000,307,992.99000000,9475.57570000,0,LINKUSDT,binance
2026-05-25 11:55:00+00:00,9.538,9.538,9.526,9.533,3412.7,1779710399999,32520.68387000,214,1698.59000000,16185.71007000,0,LINKUSDT,binance
2026-05-25 12:00:00+00:00,9.533,9.536,9.521,9.535,4317.33,1779710699999,41130.26061000,324,1288.27000000,12273.77912000,0,LINKUSDT,binance
2026-05-25 12:05:00+00:00,9.534,9.538,9.531,9.535,2035.03,1779710999999,19403.64668000,158,926.09000000,8830.88131000,0,LINKUSDT,binance
2026-05-25 12:10:00+00:00,9.536,9.544,9.531,9.542,5538.81,1779711299999,52822.69027000,171,2811.27000000,26803.41733000,0,LINKUSDT,binance
2026-05-25 12:15:00+00:00,9.542,9.551,9.54,9.547,2695.7,1779711599999,25729.39303000,322,1050.91000000,10031.74390000,0,LINKUSDT,binance
2026-05-25 12:20:00+00:00,9.547,9.554,9.535,9.553,8953.39,1779711899999,85467.15540000,536,5882.50000000,56143.80673000,0,LINKUSDT,binance
2026-05-25 12:25:00+00:00,9.554,9.561,9.55,9.555,3980.34,1779712199999,38031.14055000,322,1954.91000000,18680.60014000,0,LINKUSDT,binance
2026-05-25 12:30:00+00:00,9.555,9.573,9.555,9.563,7729.55,1779712499999,73931.62591000,449,4653.05000000,44506.03758000,0,LINKUSDT,binance
2026-05-25 12:35:00+00:00,9.564,9.577,9.56,9.563,5137.09,1779712799999,49146.62860000,344,2360.44000000,22586.18583000,0,LINKUSDT,binance
2026-05-25 12:40:00+00:00,9.563,9.571,9.557,9.568,6123.22,1779713099999,58566.29960000,359,2338.97000000,22375.13086000,0,LINKUSDT,binance
2026-05-25 12:45:00+00:00,9.568,9.568,9.549,9.555,2750.62,1779713399999,26292.03990000,420,482.97000000,4614.85724000,0,LINKUSDT,binance
2026-05-25 12:50:00+00:00,9.556,9.566,9.554,9.566,799.85,1779713699999,7645.23808000,168,539.98000000,5162.00445000,0,LINKUSDT,binance
2026-05-25 12:55:00+00:00,9.567,9.57,9.55,9.55,3253.49,1779713999999,31111.41885000,263,845.61000000,8087.97059000,0,LINKUSDT,binance
2026-05-25 13:00:00+00:00,9.551,9.563,9.546,9.563,2223.81,1779714299999,21242.16991000,264,1609.08000000,15370.47371000,0,LINKUSDT,binance
2026-05-25 13:05:00+00:00,9.562,9.568,9.556,9.56,3286.58,1779714599999,31427.41950000,228,1155.92000000,11054.55051000,0,LINKUSDT,binance
2026-05-25 13:10:00+00:00,9.561,9.561,9.55,9.559,1436.86,1779714899999,13730.21540000,136,352.53000000,3368.67568000,0,LINKUSDT,binance
2026-05-25 13:15:00+00:00,9.56,9.561,9.551,9.551,598.91,1779715199999,5724.66373000,165,82.98000000,793.00720000,0,LINKUSDT,binance
2026-05-25 13:20:00+00:00,9.551,9.558,9.549,9.554,1851.37,1779715499999,17687.93956000,160,889.36000000,8496.64816000,0,LINKUSDT,binance
2026-05-25 13:25:00+00:00,9.553,9.554,9.546,9.548,507.44,1779715799999,4845.15951000,117,76.84000000,733.96347000,0,LINKUSDT,binance
2026-05-25 13:30:00+00:00,9.549,9.554,9.541,9.545,1399.67,1779716099999,13364.06765000,204,547.13000000,5223.80793000,0,LINKUSDT,binance
2026-05-25 13:35:00+00:00,9.545,9.55,9.54,9.549,1493.8,1779716399999,14258.91319000,200,450.80000000,4303.91659000,0,LINKUSDT,binance
2026-05-25 13:40:00+00:00,9.549,9.555,9.548,9.555,2044.26,1779716699999,19528.28522000,154,694.97000000,6639.42076000,0,LINKUSDT,binance
2026-05-25 13:45:00+00:00,9.556,9.559,9.546,9.559,4142.82,1779716999999,39568.33904000,151,2621.45000000,25037.96019000,0,LINKUSDT,binance
2026-05-25 13:50:00+00:00,9.56,9.562,9.55,9.56,2774.15,1779717299999,26511.04882000,174,714.71000000,6828.74671000,0,LINKUSDT,binance
2026-05-25 13:55:00+00:00,9.561,9.574,9.561,9.574,2202.96,1779717599999,21081.13607000,236,673.78000000,6446.47877000,0,LINKUSDT,binance
2026-05-25 14:00:00+00:00,9.574,9.599,9.574,9.599,5744.97,1779717899999,55060.36271000,514,3612.63000000,34624.65948000,0,LINKUSDT,binance
2026-05-25 14:05:00+00:00,9.599,9.611,9.591,9.605,6429.39,1779718199999,61734.93150000,659,4081.75000000,39187.18737000,0,LINKUSDT,binance
2026-05-25 14:10:00+00:00,9.605,9.615,9.601,9.602,9579.84,1779718499999,92046.56388000,269,3540.99000000,34024.59350000,0,LINKUSDT,binance
2026-05-25 14:15:00+00:00,9.602,9.618,9.601,9.616,2856.99,1779718799999,27451.03759000,473,1590.63000000,15284.09686000,0,LINKUSDT,binance
2026-05-25 14:20:00+00:00,9.615,9.62,9.607,9.619,7301.17,1779719099999,70187.36690000,383,4008.36000000,38533.89607000,0,LINKUSDT,binance
2026-05-25 14:25:00+00:00,9.62,9.641,9.62,9.64,14532.03,1779719399999,139987.69174000,675,7466.11000000,71934.41562000,0,LINKUSDT,binance
2026-05-25 14:30:00+00:00,9.64,9.64,9.617,9.618,5493.71,1779719699999,52881.82517000,375,1543.99000000,14855.17966000,0,LINKUSDT,binance
2026-05-25 14:35:00+00:00,9.618,9.618,9.604,9.605,3426.33,1779719999999,32927.03495000,227,2435.25000000,23401.80120000,0,LINKUSDT,binance
2026-05-25 14:40:00+00:00,9.604,9.606,9.589,9.596,6667.89,1779720299999,63976.81636000,376,1823.39000000,17500.82663000,0,LINKUSDT,binance
2026-05-25 14:45:00+00:00,9.596,9.623,9.596,9.616,7377.58,1779720599999,70937.98162000,501,5356.25000000,51499.44429000,0,LINKUSDT,binance
2026-05-25 14:50:00+00:00,9.617,9.621,9.614,9.614,2057.45,1779720899999,19787.85586000,146,1179.53000000,11344.16901000,0,LINKUSDT,binance
2026-05-25 14:55:00+00:00,9.614,9.619,9.604,9.615,2818.74,1779721199999,27084.87164000,244,1316.26000000,12649.59267000,0,LINKUSDT,binance
2026-05-25 15:00:00+00:00,9.615,9.618,9.608,9.614,4226.69,1779721499999,40628.76454000,263,3484.80000000,33496.70857000,0,LINKUSDT,binance
2026-05-25 15:05:00+00:00,9.615,9.622,9.611,9.612,1775.93,1779721799999,17080.89376000,278,797.36000000,7668.69616000,0,LINKUSDT,binance
2026-05-25 15:10:00+00:00,9.611,9.664,9.606,9.625,25832.28,1779722099999,249029.12573000,1540,16658.41000000,160577.69583000,0,LINKUSDT,binance
2026-05-25 15:15:00+00:00,9.624,9.634,9.609,9.627,13258.48,1779722399999,127600.67084000,675,9076.90000000,87367.19307000,0,LINKUSDT,binance
2026-05-25 15:20:00+00:00,9.627,9.627,9.589,9.599,6905.33,1779722699999,66332.24248000,491,1498.46000000,14398.82236000,0,LINKUSDT,binance
2026-05-25 15:25:00+00:00,9.599,9.605,9.591,9.593,3255.83,1779722999999,31246.74835000,372,1778.97000000,17070.36638000,0,LINKUSDT,binance
2026-05-25 15:30:00+00:00,9.593,9.597,9.582,9.597,3516.15,1779723299999,33718.01801000,480,1247.35000000,11962.15096000,0,LINKUSDT,binance
2026-05-25 15:35:00+00:00,9.597,9.611,9.592,9.608,3067.6,1779723599999,29464.51792000,285,971.42000000,9330.00636000,0,LINKUSDT,binance
2026-05-25 15:40:00+00:00,9.608,9.61,9.604,9.607,16746.76,1779723899999,160886.31470000,649,9892.88000000,95046.00556000,0,LINKUSDT,binance
2026-05-25 15:45:00+00:00,9.606,9.607,9.584,9.595,5296.0,1779724199999,50834.68142000,420,2024.33000000,19422.19277000,0,LINKUSDT,binance
2026-05-25 15:50:00+00:00,9.595,9.598,9.583,9.593,4581.27,1779724499999,43936.24156000,478,2333.22000000,22371.80416000,0,LINKUSDT,binance
2026-05-25 15:55:00+00:00,9.593,9.606,9.591,9.602,1181.6,1779724799999,11345.81067000,252,626.31000000,6013.96976000,0,LINKUSDT,binance
2026-05-25 16:00:00+00:00,9.603,9.608,9.595,9.6,2492.32,1779725099999,23926.04564000,417,770.24000000,7395.02194000,0,LINKUSDT,binance
2026-05-25 16:05:00+00:00,9.6,9.6,9.592,9.592,907.95,1779725399999,8713.06699000,204,94.64000000,908.26412000,0,LINKUSDT,binance
2026-05-25 16:10:00+00:00,9.592,9.598,9.575,9.575,8554.57,1779725699999,82039.68595000,507,1535.63000000,14729.64344000,0,LINKUSDT,binance
2026-05-25 16:15:00+00:00,9.576,9.587,9.576,9.583,4858.77,1779725999999,46555.23916000,311,2401.78000000,23014.47610000,0,LINKUSDT,binance
2026-05-25 16:20:00+00:00,9.583,9.599,9.58,9.589,3065.89,1779726299999,29400.76592000,226,1852.55000000,17767.49788000,0,LINKUSDT,binance
2026-05-25 16:25:00+00:00,9.588,9.59,9.584,9.589,2393.17,1779726599999,22946.58070000,188,1495.82000000,14343.76048000,0,LINKUSDT,binance
2026-05-25 16:30:00+00:00,9.589,9.599,9.584,9.596,1854.47,1779726899999,17784.03132000,197,575.60000000,5520.86602000,0,LINKUSDT,binance
2026-05-25 16:35:00+00:00,9.596,9.616,9.594,9.609,3765.61,1779727199999,36180.99814000,318,2206.89000000,21204.14699000,0,LINKUSDT,binance
2026-05-25 16:40:00+00:00,9.609,9.631,9.607,9.631,6868.44,1779727499999,66063.57927000,568,2321.45000000,22324.50528000,0,LINKUSDT,binance
2026-05-25 16:45:00+00:00,9.631,9.654,9.625,9.654,4306.46,1779727799999,41511.77185000,805,2417.07000000,23298.15306000,0,LINKUSDT,binance
2026-05-25 16:50:00+00:00,9.655,9.672,9.642,9.648,7395.96,1779728099999,71412.93272000,788,2560.16000000,24717.08610000,0,LINKUSDT,binance
2026-05-25 16:55:00+00:00,9.649,9.657,9.646,9.648,3220.69,1779728399999,31084.79269000,294,973.71000000,9397.55970000,0,LINKUSDT,binance
2026-05-25 17:00:00+00:00,9.649,9.657,9.641,9.645,3304.53,1779728699999,31890.63552000,420,1211.88000000,11692.14142000,0,LINKUSDT,binance
2026-05-25 17:05:00+00:00,9.644,9.645,9.634,9.64,3031.47,1779728999999,29221.54621000,269,1565.84000000,15093.77891000,0,LINKUSDT,binance
2026-05-25 17:10:00+00:00,9.639,9.639,9.63,9.633,1885.34,1779729299999,18162.78389000,152,529.45000000,5101.33364000,0,LINKUSDT,binance
2026-05-25 17:15:00+00:00,9.633,9.633,9.607,9.62,6775.88,1779729599999,65177.21728000,466,1791.98000000,17233.24230000,0,LINKUSDT,binance
2026-05-25 17:20:00+00:00,9.62,9.624,9.619,9.622,1054.52,1779729899999,10146.18492000,126,468.76000000,4510.01678000,0,LINKUSDT,binance
2026-05-25 17:25:00+00:00,9.622,9.636,9.618,9.636,3326.11,1779730199999,32018.07912000,199,1853.55000000,17845.90664000,0,LINKUSDT,binance
2026-05-25 17:30:00+00:00,9.637,9.64,9.617,9.621,6179.79,1779730499999,59515.01097000,416,3333.36000000,32115.91294000,0,LINKUSDT,binance
2026-05-25 17:35:00+00:00,9.621,9.624,9.613,9.619,2351.63,1779730799999,22621.40390000,205,1341.59000000,12906.27738000,0,LINKUSDT,binance
2026-05-25 17:40:00+00:00,9.618,9.619,9.611,9.613,1956.38,1779731099999,18808.41540000,170,349.09000000,3356.33073000,0,LINKUSDT,binance
2026-05-25 17:45:00+00:00,9.612,9.614,9.605,9.606,7001.63,1779731399999,67269.81682000,298,2903.75000000,27897.25799000,0,LINKUSDT,binance
2026-05-25 17:50:00+00:00,9.606,9.61,9.6,9.604,4970.95,1779731699999,47741.33548000,286,2250.19000000,21610.97317000,0,LINKUSDT,binance
2026-05-25 17:55:00+00:00,9.603,9.605,9.593,9.605,3378.73,1779731999999,32431.60772000,355,543.99000000,5220.84609000,0,LINKUSDT,binance
2026-05-25 18:00:00+00:00,9.605,9.619,9.602,9.618,2165.64,1779732299999,20809.74464000,237,1660.79000000,15959.01536000,0,LINKUSDT,binance
2026-05-25 18:05:00+00:00,9.618,9.628,9.617,9.626,399.16,1779732599999,3840.60588000,160,154.00000000,1481.63636000,0,LINKUSDT,binance
2026-05-25 18:10:00+00:00,9.627,9.63,9.613,9.613,366.24,1779732899999,3523.01986000,131,57.81000000,556.23305000,0,LINKUSDT,binance
2026-05-25 18:15:00+00:00,9.613,9.62,9.61,9.61,1393.02,1779733199999,13394.22174000,124,921.40000000,8860.14022000,0,LINKUSDT,binance
2026-05-25 18:20:00+00:00,9.61,9.613,9.599,9.599,3213.84,1779733499999,30873.70941000,127,12.31000000,118.28680000,0,LINKUSDT,binance
2026-05-25 18:25:00+00:00,9.6,9.608,9.6,9.608,448.92,1779733799999,4310.49985000,68,420.64000000,4038.94107000,0,LINKUSDT,binance
2026-05-25 18:30:00+00:00,9.608,9.608,9.598,9.598,471.68,1779734099999,4528.82724000,76,143.41000000,1377.08444000,0,LINKUSDT,binance
2026-05-25 18:35:00+00:00,9.6,9.601,9.594,9.597,357.49,1779734399999,3430.75959000,72,216.26000000,2075.44616000,0,LINKUSDT,binance
2026-05-25 18:40:00+00:00,9.596,9.596,9.583,9.59,2120.3,1779734699999,20326.46102000,200,462.02000000,4428.82616000,0,LINKUSDT,binance
2026-05-25 18:45:00+00:00,9.591,9.591,9.576,9.58,6838.36,1779734999999,65534.77517000,259,1160.46000000,11120.17470000,0,LINKUSDT,binance
2026-05-25 18:50:00+00:00,9.58,9.584,9.573,9.575,824.92,1779735299999,7900.04260000,121,305.97000000,2930.03527000,0,LINKUSDT,binance
2026-05-25 18:55:00+00:00,9.576,9.577,9.572,9.572,708.12,1779735599999,6779.58324000,74,72.78000000,696.93308000,0,LINKUSDT,binance
2026-05-25 19:00:00+00:00,9.573,9.573,9.543,9.558,9571.7,1779735899999,91436.32034000,681,5506.92000000,52608.07554000,0,LINKUSDT,binance
2026-05-25 19:05:00+00:00,9.559,9.575,9.559,9.562,3071.89,1779736199999,29389.77629000,201,1707.03000000,16331.07301000,0,LINKUSDT,binance
2026-05-25 19:10:00+00:00,9.561,9.573,9.561,9.569,706.83,1779736499999,6762.62091000,110,537.01000000,5138.43283000,0,LINKUSDT,binance
2026-05-25 19:15:00+00:00,9.569,9.569,9.556,9.559,1079.38,1779736799999,10321.79943000,161,91.00000000,869.88687000,0,LINKUSDT,binance
2026-05-25 19:20:00+00:00,9.559,9.569,9.558,9.568,3503.4,1779737099999,33499.45462000,146,3103.16000000,29671.61286000,0,LINKUSDT,binance
2026-05-25 19:25:00+00:00,9.567,9.569,9.567,9.568,3314.08,1779737399999,31708.78256000,125,777.31000000,7437.44037000,0,LINKUSDT,binance
2026-05-25 19:30:00+00:00,9.568,9.572,9.542,9.543,2040.21,1779737699999,19508.59922000,374,844.54000000,8076.91085000,0,LINKUSDT,binance
2026-05-25 19:35:00+00:00,9.542,9.543,9.525,9.527,6227.91,1779737999999,59380.44455000,539,782.98000000,7465.85231000,0,LINKUSDT,binance
2026-05-25 19:40:00+00:00,9.528,9.541,9.528,9.54,653.23,1779738299999,6226.69817000,195,171.99000000,1639.45137000,0,LINKUSDT,binance
2026-05-25 19:45:00+00:00,9.541,9.545,9.539,9.542,429.43,1779738599999,4097.29664000,112,180.90000000,1726.18140000,0,LINKUSDT,binance
2026-05-25 19:50:00+00:00,9.542,9.544,9.54,9.54,4635.13,1779738899999,44236.11226000,225,2196.03000000,20958.67499000,0,LINKUSDT,binance
2026-05-25 19:55:00+00:00,9.539,9.555,9.538,9.553,20682.9,1779739199999,197410.21190000,248,19297.75000000,184181.44766000,0,LINKUSDT,binance
2026-05-25 20:00:00+00:00,9.552,9.573,9.546,9.568,14690.82,1779739499999,140510.82099000,555,11216.37000000,107288.69488000,0,LINKUSDT,binance
2026-05-25 20:05:00+00:00,9.567,9.572,9.563,9.565,4783.27,1779739799999,45757.75197000,346,350.93000000,3357.75219000,0,LINKUSDT,binance
2026-05-25 20:10:00+00:00,9.566,9.568,9.562,9.562,2416.8,1779740099999,23118.51322000,212,1071.11000000,10245.93696000,0,LINKUSDT,binance
2026-05-25 20:15:00+00:00,9.564,9.572,9.562,9.572,2284.63,1779740399999,21852.13642000,292,1905.61000000,18226.09468000,0,LINKUSDT,binance
2026-05-25 20:20:00+00:00,9.572,9.572,9.559,9.561,1285.58,1779740699999,12297.56295000,177,202.73000000,1939.17628000,0,LINKUSDT,binance
2026-05-25 20:25:00+00:00,9.562,9.57,9.558,9.559,3829.1,1779740999999,36623.80422000,320,1971.05000000,18853.43303000,0,LINKUSDT,binance
2026-05-25 20:30:00+00:00,9.559,9.569,9.54,9.544,18144.96,1779741299999,173277.52590000,635,2947.14000000,28164.72357000,0,LINKUSDT,binance
2026-05-25 20:35:00+00:00,9.545,9.545,9.524,9.528,3483.77,1779741599999,33205.30671000,454,1205.17000000,11491.44844000,0,LINKUSDT,binance
2026-05-25 20:40:00+00:00,9.528,9.531,9.496,9.509,8418.46,1779741899999,80059.06834000,799,3378.71000000,32143.16709000,0,LINKUSDT,binance
2026-05-25 20:45:00+00:00,9.509,9.515,9.501,9.505,2809.05,1779742199999,26712.17629000,326,840.19000000,7988.40563000,0,LINKUSDT,binance
2026-05-25 20:50:00+00:00,9.505,9.514,9.505,9.512,2627.23,1779742499999,24986.61347000,148,2043.56000000,19436.04648000,0,LINKUSDT,binance
2026-05-25 20:55:00+00:00,9.513,9.52,9.497,9.502,4982.52,1779742799999,47377.72622000,432,1517.48000000,14428.63883000,0,LINKUSDT,binance
2026-05-25 21:00:00+00:00,9.503,9.518,9.501,9.516,562.69,1779743099999,5352.26833000,179,189.46000000,1802.16410000,0,LINKUSDT,binance
2026-05-25 21:05:00+00:00,9.516,9.52,9.512,9.515,1196.79,1779743399999,11389.35097000,172,596.98000000,5681.44651000,0,LINKUSDT,binance
2026-05-25 21:10:00+00:00,9.516,9.519,9.509,9.515,1205.31,1779743699999,11466.33153000,162,926.08000000,8809.77265000,0,LINKUSDT,binance
2026-05-25 21:15:00+00:00,9.514,9.514,9.504,9.511,1043.33,1779743999999,9918.96758000,172,112.16000000,1066.50585000,0,LINKUSDT,binance
2026-05-25 21:20:00+00:00,9.512,9.518,9.51,9.511,493.42,1779744299999,4693.70283000,108,97.76000000,930.18832000,0,LINKUSDT,binance
2026-05-25 21:25:00+00:00,9.51,9.527,9.51,9.527,585.62,1779744599999,5576.38543000,139,229.97000000,2189.70985000,0,LINKUSDT,binance
2026-05-25 21:30:00+00:00,9.527,9.529,9.527,9.528,335.64,1779744899999,3197.76739000,43,249.95000000,2381.32492000,0,LINKUSDT,binance
2026-05-25 21:35:00+00:00,9.529,9.533,9.51,9.512,4022.91,1779745199999,38297.92644000,292,1562.80000000,14882.49140000,0,LINKUSDT,binance
2026-05-25 21:40:00+00:00,9.513,9.518,9.51,9.51,1865.52,1779745499999,17749.98247000,215,390.36000000,3714.19318000,0,LINKUSDT,binance
2026-05-25 21:45:00+00:00,9.511,9.513,9.506,9.513,2031.25,1779745799999,19316.80702000,129,368.95000000,3508.34952000,0,LINKUSDT,binance
2026-05-25 21:50:00+00:00,9.513,9.515,9.509,9.514,1498.45,1779746099999,14252.33515000,136,874.25000000,8315.06497000,0,LINKUSDT,binance
2026-05-25 21:55:00+00:00,9.514,9.525,9.514,9.517,1229.85,1779746399999,11707.98396000,213,219.14000000,2086.20202000,0,LINKUSDT,binance
2026-05-25 22:00:00+00:00,9.517,9.52,9.495,9.5,5457.34,1779746699999,51885.29017000,677,3358.48000000,31934.38349000,0,LINKUSDT,binance
2026-05-25 22:05:00+00:00,9.501,9.519,9.501,9.51,1847.42,1779746999999,17567.44343000,347,1448.93000000,13776.88577000,0,LINKUSDT,binance
2026-05-25 22:10:00+00:00,9.509,9.523,9.508,9.514,5330.5,1779747299999,50712.80052000,309,555.60000000,5287.34838000,0,LINKUSDT,binance
2026-05-25 22:15:00+00:00,9.514,9.519,9.502,9.506,1302.39,1779747599999,12383.16924000,279,526.70000000,5007.36864000,0,LINKUSDT,binance
2026-05-25 22:20:00+00:00,9.507,9.516,9.504,9.51,500.14,1779747899999,4755.59764000,147,331.70000000,3153.82575000,0,LINKUSDT,binance
2026-05-25 22:25:00+00:00,9.51,9.511,9.491,9.496,2681.42,1779748199999,25469.37222000,284,387.11000000,3677.94310000,0,LINKUSDT,binance
2026-05-25 22:30:00+00:00,9.497,9.497,9.457,9.464,16439.95,1779748499999,155676.79258000,1078,6271.47000000,59358.92207000,0,LINKUSDT,binance
2026-05-25 22:35:00+00:00,9.463,9.474,9.452,9.474,3462.12,1779748799999,32748.09536000,436,837.45000000,7922.43753000,0,LINKUSDT,binance
2026-05-25 22:40:00+00:00,9.473,9.478,9.463,9.471,1347.08,1779749099999,12757.29255000,238,702.01000000,6649.15605000,0,LINKUSDT,binance
2026-05-25 22:45:00+00:00,9.471,9.478,9.468,9.478,1494.71,1779749399999,14162.05428000,192,1255.99000000,11900.58216000,0,LINKUSDT,binance
2026-05-25 22:50:00+00:00,9.478,9.481,9.473,9.478,2891.07,1779749699999,27400.86919000,216,818.58000000,7759.73693000,0,LINKUSDT,binance
2026-05-25 22:55:00+00:00,9.477,9.478,9.456,9.457,3489.39,1779749999999,33014.59465000,277,2440.16000000,23078.20388000,0,LINKUSDT,binance
2026-05-25 23:00:00+00:00,9.455,9.468,9.447,9.466,3436.05,1779750299999,32503.68199000,473,2218.60000000,20992.65110000,0,LINKUSDT,binance
2026-05-25 23:05:00+00:00,9.467,9.484,9.466,9.482,1047.44,1779750599999,9925.98805000,175,642.02000000,6084.87044000,0,LINKUSDT,binance
2026-05-25 23:10:00+00:00,9.481,9.484,9.475,9.484,617.44,1779750899999,5851.87835000,107,365.56000000,3464.87726000,0,LINKUSDT,binance
2026-05-25 23:15:00+00:00,9.483,9.49,9.483,9.486,1384.99,1779751199999,13138.71388000,169,960.02000000,9106.95113000,0,LINKUSDT,binance
2026-05-25 23:20:00+00:00,9.486,9.488,9.479,9.486,599.19,1779751499999,5682.84647000,139,181.28000000,1719.20941000,0,LINKUSDT,binance
2026-05-25 23:25:00+00:00,9.486,9.489,9.481,9.488,1074.08,1779751799999,10189.11855000,112,915.30000000,8683.31964000,0,LINKUSDT,binance
2026-05-25 23:30:00+00:00,9.488,9.508,9.488,9.505,2655.41,1779752099999,25226.78367000,209,1330.11000000,12631.44023000,0,LINKUSDT,binance
2026-05-25 23:35:00+00:00,9.503,9.507,9.499,9.507,3199.47,1779752399999,30405.51101000,180,2254.84000000,21431.33742000,0,LINKUSDT,binance
2026-05-25 23:40:00+00:00,9.506,9.511,9.5,9.504,6896.84,1779752699999,65562.31145000,641,5610.61000000,53336.13836000,0,LINKUSDT,binance
2026-05-25 23:45:00+00:00,9.503,9.507,9.5,9.501,1028.35,1779752999999,9771.84946000,144,147.76000000,1404.49324000,0,LINKUSDT,binance
2026-05-25 23:50:00+00:00,9.501,9.506,9.495,9.506,825.16,1779753299999,7839.88108000,152,340.58000000,3236.62942000,0,LINKUSDT,binance
2026-05-25 23:55:00+00:00,9.506,9.509,9.504,9.506,1060.38,1779753599999,10081.57384000,170,81.79000000,777.60927000,0,LINKUSDT,binance
2026-05-26 00:00:00+00:00,9.506,9.509,9.486,9.487,3868.97,1779753899999,36742.48228000,379,677.53000000,6434.98252000,0,LINKUSDT,binance
2026-05-26 00:05:00+00:00,9.488,9.491,9.476,9.483,3798.26,1779754199999,36029.24792000,258,2433.64000000,23083.64329000,0,LINKUSDT,binance
2026-05-26 00:10:00+00:00,9.484,9.49,9.477,9.49,615.11,1779754499999,5833.92635000,120,134.35000000,1273.74961000,0,LINKUSDT,binance
2026-05-26 00:15:00+00:00,9.489,9.489,9.464,9.471,2914.85,1779754799999,27635.55883000,312,352.95000000,3345.51175000,0,LINKUSDT,binance
2026-05-26 00:20:00+00:00,9.471,9.471,9.46,9.468,5204.87,1779755099999,49272.03990000,225,1775.41000000,16808.53554000,0,LINKUSDT,binance
2026-05-26 00:25:00+00:00,9.468,9.475,9.459,9.467,2811.97,1779755399999,26625.41841000,212,776.80000000,7354.92299000,0,LINKUSDT,binance
2026-05-26 00:30:00+00:00,9.467,9.488,9.467,9.474,6746.42,1779755699999,63940.09434000,378,3224.43000000,30564.95185000,0,LINKUSDT,binance
2026-05-26 00:35:00+00:00,9.474,9.474,9.44,9.451,6695.47,1779755999999,63345.04524000,499,1229.99000000,11626.67661000,0,LINKUSDT,binance
2026-05-26 00:40:00+00:00,9.451,9.451,9.426,9.437,13871.53,1779756299999,130926.29787000,641,4215.36000000,39791.88333000,0,LINKUSDT,binance
2026-05-26 00:45:00+00:00,9.438,9.452,9.43,9.438,5033.17,1779756599999,47523.07997000,458,2119.67000000,20013.55628000,0,LINKUSDT,binance
2026-05-26 00:50:00+00:00,9.438,9.438,9.392,9.426,19335.61,1779756899999,181951.80522000,1262,5422.90000000,51024.98483000,0,LINKUSDT,binance
2026-05-26 00:55:00+00:00,9.427,9.445,9.427,9.441,3446.58,1779757199999,32518.97531000,350,1820.11000000,17173.18004000,0,LINKUSDT,binance
2026-05-26 01:00:00+00:00,9.44,9.44,9.406,9.409,4986.76,1779757499999,46992.27039000,615,1089.59000000,10266.34896000,0,LINKUSDT,binance
2026-05-26 01:05:00+00:00,9.408,9.427,9.404,9.414,3095.21,1779757799999,29145.43142000,512,2127.18000000,20033.32040000,0,LINKUSDT,binance
2026-05-26 01:10:00+00:00,9.413,9.44,9.41,9.439,6742.74,1779758099999,63564.53827000,519,5306.84000000,50044.77184000,0,LINKUSDT,binance
2026-05-26 01:15:00+00:00,9.438,9.444,9.433,9.439,1135.57,1779758399999,10718.07567000,306,460.69000000,4348.39076000,0,LINKUSDT,binance
2026-05-26 01:20:00+00:00,9.439,9.442,9.427,9.431,1831.93,1779758699999,17283.83316000,254,1075.98000000,10153.58025000,0,LINKUSDT,binance
2026-05-26 01:25:00+00:00,9.43,9.43,9.409,9.421,3089.66,1779758999999,29099.74365000,290,169.09000000,1592.67736000,0,LINKUSDT,binance
2026-05-26 01:30:00+00:00,9.42,9.42,9.376,9.383,10623.16,1779759299999,99772.94318000,784,2808.55000000,26377.20139000,0,LINKUSDT,binance
2026-05-26 01:35:00+00:00,9.384,9.398,9.379,9.389,5479.76,1779759599999,51472.28877000,469,3437.25000000,32292.61679000,0,LINKUSDT,binance
2026-05-26 01:40:00+00:00,9.388,9.388,9.375,9.387,3045.36,1779759899999,28566.50083000,465,1420.74000000,13325.51893000,0,LINKUSDT,binance
2026-05-26 01:45:00+00:00,9.388,9.405,9.387,9.4,3302.16,1779760199999,31036.27342000,416,1428.41000000,13427.00706000,0,LINKUSDT,binance
2026-05-26 01:50:00+00:00,9.4,9.413,9.4,9.408,8845.22,1779760499999,83214.68495000,348,7133.80000000,67118.10748000,0,LINKUSDT,binance
2026-05-26 01:55:00+00:00,9.407,9.412,9.403,9.407,1618.25,1779760799999,15223.09811000,215,525.66000000,4945.24699000,0,LINKUSDT,binance
2026-05-26 02:00:00+00:00,9.408,9.415,9.385,9.391,9053.83,1779761099999,85151.16485000,497,4033.44000000,37947.17436000,0,LINKUSDT,binance
2026-05-26 02:05:00+00:00,9.39,9.405,9.39,9.403,3832.67,1779761399999,36013.24761000,335,2193.46000000,20608.57481000,0,LINKUSDT,binance
2026-05-26 02:10:00+00:00,9.403,9.409,9.398,9.402,923.67,1779761699999,8687.39043000,181,480.89000000,4522.39119000,0,LINKUSDT,binance
2026-05-26 02:15:00+00:00,9.403,9.408,9.389,9.408,1733.84,1779761999999,16293.70451000,238,809.53000000,7605.54369000,0,LINKUSDT,binance
2026-05-26 02:20:00+00:00,9.409,9.409,9.392,9.398,984.09,1779762299999,9248.46216000,245,617.34000000,5800.97764000,0,LINKUSDT,binance
2026-05-26 02:25:00+00:00,9.398,9.398,9.384,9.389,1859.25,1779762599999,17461.30094000,234,831.75000000,7812.41744000,0,LINKUSDT,binance
2026-05-26 02:30:00+00:00,9.388,9.394,9.382,9.393,409.48,1779762899999,3842.73867000,140,117.37000000,1101.59765000,0,LINKUSDT,binance
2026-05-26 02:35:00+00:00,9.392,9.394,9.382,9.384,1970.03,1779763199999,18496.78638000,273,378.85000000,3556.03791000,0,LINKUSDT,binance
2026-05-26 02:40:00+00:00,9.384,9.388,9.374,9.375,2701.82,1779763499999,25343.74207000,197,1569.89000000,14726.56586000,0,LINKUSDT,binance
2026-05-26 02:45:00+00:00,9.376,9.391,9.369,9.387,4912.62,1779763799999,46085.69440000,357,2156.36000000,20218.04220000,0,LINKUSDT,binance
2026-05-26 02:50:00+00:00,9.387,9.398,9.386,9.387,3809.77,1779764099999,35771.35830000,219,2176.52000000,20435.27814000,0,LINKUSDT,binance
2026-05-26 02:55:00+00:00,9.387,9.387,9.377,9.385,923.67,1779764399999,8665.91195000,159,427.39000000,4009.41375000,0,LINKUSDT,binance
2026-05-26 03:00:00+00:00,9.385,9.385,9.37,9.371,5691.51,1779764699999,53384.41094000,301,2735.76000000,25662.95664000,0,LINKUSDT,binance
2026-05-26 03:05:00+00:00,9.371,9.376,9.362,9.364,4900.88,1779764999999,45910.41236000,360,1941.21000000,18185.47426000,0,LINKUSDT,binance
2026-05-26 03:10:00+00:00,9.364,9.372,9.363,9.364,855.99,1779765299999,8016.60262000,148,404.46000000,3787.89918000,0,LINKUSDT,binance
2026-05-26 03:15:00+00:00,9.364,9.375,9.36,9.372,3869.24,1779765599999,36242.44798000,242,689.92000000,6465.17783000,0,LINKUSDT,binance
2026-05-26 03:20:00+00:00,9.372,9.382,9.372,9.377,1538.16,1779765899999,14426.14476000,156,967.12000000,9070.44901000,0,LINKUSDT,binance
2026-05-26 03:25:00+00:00,9.377,9.381,9.362,9.381,2058.81,1779766199999,19291.16761000,196,866.54000000,8120.13942000,0,LINKUSDT,binance
2026-05-26 03:30:00+00:00,9.382,9.4,9.377,9.4,1400.5,1779766499999,13155.00559000,231,893.57000000,8394.36889000,0,LINKUSDT,binance
2026-05-26 03:35:00+00:00,9.401,9.409,9.398,9.399,4422.48,1779766799999,41590.31421000,258,3013.95000000,28345.57593000,0,LINKUSDT,binance
2026-05-26 03:40:00+00:00,9.398,9.4,9.396,9.397,820.88,1779767099999,7713.75865000,67,591.88000000,5561.91463000,0,LINKUSDT,binance
2026-05-26 03:45:00+00:00,9.397,9.4,9.392,9.399,4548.55,1779767399999,42738.62675000,138,747.93000000,7028.72371000,0,LINKUSDT,binance
2026-05-26 03:50:00+00:00,9.399,9.411,9.397,9.411,411.65,1779767699999,3870.15194000,119,166.43000000,1565.13431000,0,LINKUSDT,binance
2026-05-26 03:55:00+00:00,9.411,9.413,9.41,9.413,3339.18,1779767999999,31425.10110000,65,958.52000000,9020.73310000,0,LINKUSDT,binance
2026-05-26 04:00:00+00:00,9.414,9.432,9.413,9.424,25256.01,1779768299999,238068.15197000,681,15017.45000000,141539.95359000,0,LINKUSDT,binance
2026-05-26 04:05:00+00:00,9.425,9.426,9.415,9.417,1537.75,1779768599999,14483.48366000,148,627.62000000,5909.91202000,0,LINKUSDT,binance
2026-05-26 04:10:00+00:00,9.417,9.42,9.415,9.419,1830.93,1779768899999,17242.27426000,155,1615.86000000,15216.71301000,0,LINKUSDT,binance
2026-05-26 04:15:00+00:00,9.42,9.421,9.407,9.415,3873.44,1779769199999,36471.80637000,335,1205.85000000,11351.26963000,0,LINKUSDT,binance
2026-05-26 04:20:00+00:00,9.415,9.438,9.415,9.436,1686.35,1779769499999,15904.19716000,213,1384.41000000,13058.02931000,0,LINKUSDT,binance
2026-05-26 04:25:00+00:00,9.436,9.468,9.435,9.467,2267.43,1779769799999,21433.83416000,278,1641.46000000,15510.89804000,0,LINKUSDT,binance
2026-05-26 04:30:00+00:00,9.467,9.471,9.462,9.467,2648.38,1779770099999,25070.30752000,251,1031.07000000,9761.13603000,0,LINKUSDT,binance
2026-05-26 04:35:00+00:00,9.467,9.476,9.463,9.464,1642.51,1779770399999,15553.92416000,162,769.49000000,7285.84624000,0,LINKUSDT,binance
2026-05-26 04:40:00+00:00,9.463,9.463,9.449,9.453,3325.73,1779770699999,31444.00747000,211,671.68000000,6348.88591000,0,LINKUSDT,binance
2026-05-26 04:45:00+00:00,9.453,9.455,9.447,9.453,859.52,1779770999999,8123.70172000,174,259.32000000,2451.14491000,0,LINKUSDT,binance
2026-05-26 04:50:00+00:00,9.453,9.46,9.45,9.459,902.3,1779771299999,8530.49278000,102,807.66000000,7636.01221000,0,LINKUSDT,binance
2026-05-26 04:55:00+00:00,9.459,9.47,9.457,9.46,5568.57,1779771599999,52677.16456000,183,3164.04000000,29932.06469000,0,LINKUSDT,binance
2026-05-26 05:00:00+00:00,9.459,9.459,9.445,9.453,2190.21,1779771899999,20696.13997000,237,923.61000000,8725.42018000,0,LINKUSDT,binance
2026-05-26 05:05:00+00:00,9.453,9.465,9.449,9.456,6778.12,1779772199999,64110.72373000,332,2017.83000000,19087.57183000,0,LINKUSDT,binance
2026-05-26 05:10:00+00:00,9.456,9.47,9.454,9.47,2896.33,1779772499999,27407.77168000,239,2115.50000000,20018.28529000,0,LINKUSDT,binance
2026-05-26 05:15:00+00:00,9.47,9.486,9.47,9.486,1452.91,1779772799999,13771.42117000,203,1087.21000000,10305.81705000,0,LINKUSDT,binance
2026-05-26 05:20:00+00:00,9.485,9.511,9.484,9.511,14250.92,1779773099999,135431.27593000,552,9469.81000000,89990.93865000,0,LINKUSDT,binance
2026-05-26 05:25:00+00:00,9.51,9.517,9.505,9.515,5110.76,1779773399999,48604.77624000,361,3380.82000000,32149.75325000,0,LINKUSDT,binance
2026-05-26 05:30:00+00:00,9.514,9.533,9.513,9.533,4862.34,1779773699999,46308.85165000,598,2066.54000000,19683.90793000,0,LINKUSDT,binance
2026-05-26 05:35:00+00:00,9.533,9.564,9.53,9.541,35289.49,1779773999999,336705.90757000,1390,13980.10000000,133413.34829000,0,LINKUSDT,binance
2026-05-26 05:40:00+00:00,9.542,9.545,9.523,9.541,21979.04,1779774299999,209587.11582000,958,6143.03000000,58589.51209000,0,LINKUSDT,binance
2026-05-26 05:45:00+00:00,9.542,9.544,9.521,9.521,2585.88,1779774599999,24644.04695000,340,417.36000000,3974.89714000,0,LINKUSDT,binance
2026-05-26 05:50:00+00:00,9.522,9.522,9.509,9.51,4786.18,1779774899999,45532.03734000,263,2305.09000000,21928.07129000,0,LINKUSDT,binance
2026-05-26 05:55:00+00:00,9.511,9.528,9.511,9.527,3772.25,1779775199999,35926.57729000,231,1415.52000000,13476.32815000,0,LINKUSDT,binance
2026-05-26 06:00:00+00:00,9.526,9.526,9.507,9.519,2567.88,1779775499999,24427.51274000,462,565.96000000,5383.04402000,0,LINKUSDT,binance
2026-05-26 06:05:00+00:00,9.52,9.536,9.516,9.535,4232.86,1779775799999,40312.84115000,346,3875.29000000,36908.02946000,0,LINKUSDT,binance
2026-05-26 06:10:00+00:00,9.534,9.534,9.524,9.532,2663.68,1779776099999,25381.11445000,283,1804.34000000,17192.67550000,0,LINKUSDT,binance
2026-05-26 06:15:00+00:00,9.531,9.536,9.527,9.529,7631.84,1779776399999,72736.43578000,348,5714.54000000,54462.61845000,0,LINKUSDT,binance
2026-05-26 06:20:00+00:00,9.529,9.539,9.514,9.523,18941.44,1779776699999,180491.07814000,599,11086.83000000,105682.54165000,0,LINKUSDT,binance
2026-05-26 06:25:00+00:00,9.524,9.527,9.494,9.505,7371.94,1779776999999,70069.80580000,610,990.17000000,9407.31985000,0,LINKUSDT,binance
2026-05-26 06:30:00+00:00,9.505,9.511,9.504,9.511,2886.5,1779777299999,27442.42886000,317,1121.91000000,10665.26464000,0,LINKUSDT,binance
2026-05-26 06:35:00+00:00,9.511,9.541,9.511,9.541,1816.6,1779777599999,17306.67087000,339,1650.77000000,15726.55425000,0,LINKUSDT,binance
2026-05-26 06:40:00+00:00,9.542,9.554,9.538,9.552,3851.17,1779777899999,36763.56192000,498,2647.06000000,25267.55009000,0,LINKUSDT,binance
2026-05-26 06:45:00+00:00,9.552,9.553,9.536,9.536,1379.39,1779778199999,13164.58187000,143,684.71000000,6532.81348000,0,LINKUSDT,binance
2026-05-26 06:50:00+00:00,9.535,9.55,9.535,9.544,3672.09,1779778499999,35034.89141000,217,3305.73000000,31537.60533000,0,LINKUSDT,binance
2026-05-26 06:55:00+00:00,9.543,9.543,9.534,9.536,1737.43,1779778799999,16570.11178000,162,1194.48000000,11391.46674000,0,LINKUSDT,binance
2026-05-26 07:00:00+00:00,9.537,9.548,9.527,9.527,4846.12,1779779099999,46247.67028000,406,3002.17000000,28652.98562000,0,LINKUSDT,binance
2026-05-26 07:05:00+00:00,9.526,9.526,9.502,9.502,5869.17,1779779399999,55879.55971000,356,2134.08000000,20325.36283000,0,LINKUSDT,binance
2026-05-26 07:10:00+00:00,9.502,9.504,9.473,9.475,3952.11,1779779699999,37487.24772000,522,629.87000000,5977.35735000,0,LINKUSDT,binance
2026-05-26 07:15:00+00:00,9.475,9.475,9.45,9.475,8777.62,1779779999999,83046.75508000,705,5124.50000000,48482.66099000,0,LINKUSDT,binance
2026-05-26 07:20:00+00:00,9.475,9.48,9.47,9.48,977.99,1779780299999,9266.15390000,156,528.66000000,5008.70459000,0,LINKUSDT,binance
2026-05-26 07:25:00+00:00,9.48,9.487,9.475,9.482,1160.83,1779780599999,11007.11178000,282,539.90000000,5120.19097000,0,LINKUSDT,binance
2026-05-26 07:30:00+00:00,9.481,9.482,9.457,9.468,3774.62,1779780899999,35755.79446000,477,1202.34000000,11389.57605000,0,LINKUSDT,binance
2026-05-26 07:35:00+00:00,9.467,9.467,9.452,9.454,2130.86,1779781199999,20148.15662000,257,616.17000000,5825.47732000,0,LINKUSDT,binance
2026-05-26 07:40:00+00:00,9.455,9.468,9.455,9.465,1304.85,1779781499999,12347.99873000,182,757.65000000,7168.64464000,0,LINKUSDT,binance
2026-05-26 07:45:00+00:00,9.466,9.487,9.465,9.487,881.19,1779781799999,8349.43482000,197,577.01000000,5468.12840000,0,LINKUSDT,binance
2026-05-26 07:50:00+00:00,9.488,9.506,9.488,9.503,5355.14,1779782099999,50850.63377000,322,3123.40000000,29664.47684000,0,LINKUSDT,binance
2026-05-26 07:55:00+00:00,9.503,9.503,9.472,9.482,4475.08,1779782399999,42469.59035000,399,1250.80000000,11866.34641000,0,LINKUSDT,binance
2026-05-26 08:00:00+00:00,9.483,9.5,9.483,9.496,1984.72,1779782699999,18840.76133000,206,909.68000000,8633.13409000,0,LINKUSDT,binance
2026-05-26 08:05:00+00:00,9.495,9.517,9.492,9.516,5554.57,1779782999999,52773.57784000,331,3503.60000000,33291.28333000,0,LINKUSDT,binance
2026-05-26 08:10:00+00:00,9.517,9.541,9.514,9.524,53452.61,1779783299999,509388.24505000,825,25925.03000000,247035.99057000,0,LINKUSDT,binance
2026-05-26 08:15:00+00:00,9.523,9.534,9.511,9.533,2458.09,1779783599999,23401.69506000,352,1629.02000000,15511.33456000,0,LINKUSDT,binance
2026-05-26 08:20:00+00:00,9.533,9.535,9.527,9.534,3743.19,1779783899999,35673.74598000,223,2626.57000000,25033.64370000,0,LINKUSDT,binance
2026-05-26 08:25:00+00:00,9.534,9.546,9.529,9.538,2364.64,1779784199999,22555.32100000,383,416.89000000,3976.13842000,0,LINKUSDT,binance
2026-05-26 08:30:00+00:00,9.538,9.538,9.503,9.507,3752.49,1779784499999,35745.14914000,391,553.69000000,5273.15580000,0,LINKUSDT,binance
2026-05-26 08:35:00+00:00,9.507,9.533,9.501,9.533,3585.93,1779784799999,34104.76635000,438,1448.79000000,13782.65624000,0,LINKUSDT,binance
2026-05-26 08:40:00+00:00,9.532,9.535,9.525,9.535,967.32,1779785099999,9216.61229000,207,289.93000000,2762.68053000,0,LINKUSDT,binance
2026-05-26 08:45:00+00:00,9.536,9.537,9.511,9.513,8373.11,1779785399999,79772.84897000,574,1074.85000000,10242.74108000,0,LINKUSDT,binance
2026-05-26 08:50:00+00:00,9.514,9.541,9.497,9.54,6223.1,1779785699999,59230.59484000,637,3241.59000000,30844.71501000,0,LINKUSDT,binance
2026-05-26 08:55:00+00:00,9.539,9.549,9.533,9.539,6812.18,1779785999999,64987.59899000,540,2456.04000000,23429.75985000,0,LINKUSDT,binance
2026-05-26 09:00:00+00:00,9.54,9.547,9.524,9.524,4305.63,1779786299999,41055.53978000,633,1396.96000000,13320.87874000,0,LINKUSDT,binance
2026-05-26 09:05:00+00:00,9.524,9.529,9.52,9.527,5191.7,1779786599999,49447.53702000,310,1553.61000000,14796.18202000,0,LINKUSDT,binance
2026-05-26 09:10:00+00:00,9.526,9.54,9.522,9.522,4438.34,1779786899999,42301.88489000,365,1762.35000000,16799.48357000,0,LINKUSDT,binance
2026-05-26 09:15:00+00:00,9.523,9.542,9.509,9.524,14989.16,1779787199999,142744.16322000,833,9501.98000000,90485.62317000,0,LINKUSDT,binance
2026-05-26 09:20:00+00:00,9.524,9.532,9.485,9.494,6984.33,1779787499999,66402.28746000,586,4283.18000000,40711.96817000,0,LINKUSDT,binance
2026-05-26 09:25:00+00:00,9.494,9.515,9.492,9.508,9050.65,1779787799999,85996.92440000,460,4253.72000000,40419.61776000,0,LINKUSDT,binance
2026-05-26 09:30:00+00:00,9.507,9.524,9.491,9.497,15263.85,1779788099999,145042.80588000,1268,6057.59000000,57565.62686000,0,LINKUSDT,binance
2026-05-26 09:35:00+00:00,9.496,9.499,9.479,9.481,11366.35,1779788399999,107856.06053000,813,5340.07000000,50667.97219000,0,LINKUSDT,binance
2026-05-26 09:40:00+00:00,9.481,9.492,9.466,9.488,9055.65,1779788699999,85830.23465000,711,5630.01000000,53360.84204000,0,LINKUSDT,binance
2026-05-26 09:45:00+00:00,9.488,9.494,9.469,9.47,5035.25,1779788999999,47718.53410000,591,1416.81000000,13437.97243000,0,LINKUSDT,binance
2026-05-26 09:50:00+00:00,9.47,9.482,9.47,9.481,9087.79,1779789299999,86103.56468000,632,2724.70000000,25815.28581000,0,LINKUSDT,binance
2026-05-26 09:55:00+00:00,9.481,9.493,9.48,9.481,4732.54,1779789599999,44887.90105000,465,1558.41000000,14781.40827000,0,LINKUSDT,binance
2026-05-26 10:00:00+00:00,9.481,9.488,9.472,9.472,10018.91,1779789899999,94981.99712000,1021,4512.10000000,42776.19895000,0,LINKUSDT,binance
2026-05-26 10:05:00+00:00,9.471,9.476,9.461,9.476,14039.49,1779790199999,132905.35662000,861,5020.03000000,47530.73588000,0,LINKUSDT,binance
2026-05-26 10:10:00+00:00,9.477,9.497,9.477,9.496,16435.21,1779790499999,155951.60206000,777,6912.91000000,65594.08859000,0,LINKUSDT,binance
2026-05-26 10:15:00+00:00,9.497,9.551,9.489,9.548,6793.97,1779790799999,64741.50285000,1189,3159.62000000,30090.01578000,0,LINKUSDT,binance
2026-05-26 10:20:00+00:00,9.549,9.558,9.524,9.532,10013.6,1779791099999,95590.95570000,1161,7713.65000000,73647.33215000,0,LINKUSDT,binance
2026-05-26 10:25:00+00:00,9.531,9.608,9.527,9.602,25022.96,1779791399999,239774.88775000,2241,16812.00000000,161109.58289000,0,LINKUSDT,binance
2026-05-26 10:30:00+00:00,9.602,9.625,9.593,9.613,31838.53,1779791699999,305993.78573000,2298,16221.35000000,155903.30726000,0,LINKUSDT,binance
2026-05-26 10:35:00+00:00,9.613,9.64,9.606,9.629,20919.38,1779791999999,201323.87368000,1363,15054.51000000,144884.92655000,0,LINKUSDT,binance
2026-05-26 10:40:00+00:00,9.629,9.646,9.623,9.631,17948.79,1779792299999,172890.26860000,1252,8695.04000000,83770.64260000,0,LINKUSDT,binance
2026-05-26 10:45:00+00:00,9.632,9.638,9.606,9.629,52394.02,1779792599999,503849.31883000,1292,19359.50000000,186114.05525000,0,LINKUSDT,binance
2026-05-26 10:50:00+00:00,9.63,9.637,9.604,9.617,19759.22,1779792899999,190067.33661000,1358,10975.38000000,105608.30354000,0,LINKUSDT,binance
2026-05-26 10:55:00+00:00,9.617,9.62,9.6,9.601,11155.88,1779793199999,107244.59433000,1026,2779.75000000,26728.98521000,0,LINKUSDT,binance
2026-05-26 11:00:00+00:00,9.602,9.613,9.594,9.612,12081.84,1779793499999,116025.79902000,926,6986.68000000,67102.50815000,0,LINKUSDT,binance
2026-05-26 11:05:00+00:00,9.612,9.616,9.603,9.606,3508.06,1779793799999,33708.76729000,412,623.38000000,5989.51632000,0,LINKUSDT,binance
2026-05-26 11:10:00+00:00,9.606,9.611,9.594,9.595,8800.0,1779794099999,84482.76088000,375,4208.51000000,40397.70082000,0,LINKUSDT,binance
2026-05-26 11:15:00+00:00,9.596,9.603,9.566,9.591,20031.81,1779794399999,191845.59125000,866,3779.15000000,36205.12151000,0,LINKUSDT,binance
2026-05-26 11:20:00+00:00,9.591,9.591,9.572,9.579,2315.55,1779794699999,22185.08778000,391,513.52000000,4920.25246000,0,LINKUSDT,binance
2026-05-26 11:25:00+00:00,9.579,9.593,9.579,9.588,4532.87,1779794999999,43458.99039000,278,3497.21000000,33527.43709000,0,LINKUSDT,binance
2026-05-26 11:30:00+00:00,9.589,9.61,9.589,9.595,10457.38,1779795299999,100368.25774000,808,3124.38000000,29976.67557000,0,LINKUSDT,binance
2026-05-26 11:35:00+00:00,9.595,9.598,9.578,9.592,5098.92,1779795599999,48877.94525000,526,1732.09000000,16598.70306000,0,LINKUSDT,binance
2026-05-26 11:40:00+00:00,9.592,9.609,9.592,9.605,3627.63,1779795899999,34819.83251000,290,2366.79000000,22717.13792000,0,LINKUSDT,binance
2026-05-26 11:45:00+00:00,9.605,9.609,9.593,9.603,1790.12,1779796199999,17188.86529000,269,617.30000000,5926.11397000,0,LINKUSDT,binance
2026-05-26 11:50:00+00:00,9.602,9.61,9.591,9.594,2219.75,1779796499999,21311.53197000,247,665.19000000,6387.19198000,0,LINKUSDT,binance
2026-05-26 11:55:00+00:00,9.594,9.597,9.573,9.573,4366.11,1779796799999,41841.17613000,300,966.48000000,9262.61861000,0,LINKUSDT,binance
2026-05-26 12:00:00+00:00,9.573,9.589,9.573,9.586,2744.85,1779797099999,26299.20855000,357,984.80000000,9436.15453000,0,LINKUSDT,binance
2026-05-26 12:05:00+00:00,9.586,9.59,9.521,9.524,27685.46,1779797399999,264288.23074000,1660,6767.71000000,64629.01279000,0,LINKUSDT,binance
2026-05-26 12:10:00+00:00,9.524,9.562,9.522,9.559,5332.94,1779797699999,50868.60284000,667,3316.68000000,31629.88616000,0,LINKUSDT,binance
2026-05-26 12:15:00+00:00,9.56,9.576,9.555,9.561,6286.43,1779797999999,60138.57228000,611,2760.74000000,26411.60256000,0,LINKUSDT,binance
2026-05-26 12:20:00+00:00,9.562,9.564,9.551,9.554,1811.6,1779798299999,17314.62983000,316,545.26000000,5210.86730000,0,LINKUSDT,binance
2026-05-26 12:25:00+00:00,9.554,9.565,9.548,9.565,2690.0,1779798599999,25701.99578000,346,2088.84000000,19957.97320000,0,LINKUSDT,binance
2026-05-26 12:30:00+00:00,9.566,9.572,9.554,9.566,2177.79,1779798899999,20826.47289000,365,913.08000000,8730.95830000,0,LINKUSDT,binance
2026-05-26 12:35:00+00:00,9.565,9.567,9.556,9.557,1574.45,1779799199999,15056.99560000,254,588.94000000,5631.97551000,0,LINKUSDT,binance
2026-05-26 12:40:00+00:00,9.557,9.577,9.556,9.574,4283.9,1779799499999,40985.40943000,381,1983.30000000,18977.81301000,0,LINKUSDT,binance
2026-05-26 12:45:00+00:00,9.574,9.583,9.572,9.579,11538.55,1779799799999,110528.76413000,293,3141.44000000,30090.35318000,0,LINKUSDT,binance
2026-05-26 12:50:00+00:00,9.579,9.601,9.579,9.601,4125.4,1779800099999,39558.13323000,380,2006.02000000,19235.64262000,0,LINKUSDT,binance
2026-05-26 12:55:00+00:00,9.601,9.608,9.596,9.597,2175.98,1779800399999,20891.95774000,238,1097.97000000,10542.81670000,0,LINKUSDT,binance
2026-05-26 13:00:00+00:00,9.597,9.61,9.596,9.608,8221.88,1779800699999,78950.12420000,363,3731.19000000,35829.11094000,0,LINKUSDT,binance
2026-05-26 13:05:00+00:00,9.609,9.609,9.596,9.598,2285.79,1779800999999,21951.70319000,267,562.50000000,5402.04689000,0,LINKUSDT,binance
2026-05-26 13:10:00+00:00,9.598,9.603,9.595,9.599,1373.63,1779801299999,13185.31677000,203,834.84000000,8013.45331000,0,LINKUSDT,binance
2026-05-26 13:15:00+00:00,9.599,9.6,9.577,9.578,3585.55,1779801599999,34393.97629000,376,1228.57000000,11786.97801000,0,LINKUSDT,binance
2026-05-26 13:20:00+00:00,9.579,9.585,9.551,9.569,7980.54,1779801899999,76379.05752000,750,1950.70000000,18666.48055000,0,LINKUSDT,binance
2026-05-26 13:25:00+00:00,9.57,9.57,9.546,9.549,5203.8,1779802199999,49751.40955000,398,972.75000000,9299.07325000,0,LINKUSDT,binance
2026-05-26 13:30:00+00:00,9.55,9.553,9.52,9.532,11107.43,1779802499999,105916.75550000,1341,4704.90000000,44863.40879000,0,LINKUSDT,binance
2026-05-26 13:35:00+00:00,9.532,9.561,9.518,9.549,10825.95,1779802799999,103290.03763000,833,4786.32000000,45643.83151000,0,LINKUSDT,binance
2026-05-26 13:40:00+00:00,9.55,9.578,9.549,9.562,13895.46,1779803099999,132832.88268000,827,3698.87000000,35358.87777000,0,LINKUSDT,binance
2026-05-26 13:45:00+00:00,9.563,9.62,9.563,9.618,7963.09,1779803399999,76364.58463000,878,4334.32000000,41550.15123000,0,LINKUSDT,binance
2026-05-26 13:50:00+00:00,9.619,9.633,9.588,9.599,12027.91,1779803699999,115600.63193000,1187,4001.71000000,38468.17882000,0,LINKUSDT,binance
2026-05-26 13:55:00+00:00,9.599,9.625,9.599,9.608,4304.8,1779803999999,41397.83842000,593,1529.52000000,14710.86799000,0,LINKUSDT,binance
2026-05-26 14:00:00+00:00,9.609,9.626,9.603,9.612,12586.8,1779804299999,121011.41436000,887,2575.59000000,24761.03025000,0,LINKUSDT,binance
2026-05-26 14:05:00+00:00,9.612,9.632,9.609,9.627,25669.93,1779804599999,247009.94973000,1398,11494.53000000,110617.68341000,0,LINKUSDT,binance
2026-05-26 14:10:00+00:00,9.627,9.636,9.623,9.634,5640.5,1779804899999,54307.21799000,902,4428.94000000,42642.24554000,0,LINKUSDT,binance
2026-05-26 14:15:00+00:00,9.634,9.657,9.619,9.639,16058.26,1779805199999,154827.75960000,1086,11759.77000000,113392.90617000,0,LINKUSDT,binance
2026-05-26 14:20:00+00:00,9.639,9.66,9.638,9.65,21958.48,1779805499999,211880.37882000,1017,16972.04000000,163773.60339000,0,LINKUSDT,binance
2026-05-26 14:25:00+00:00,9.651,9.686,9.651,9.68,26523.54,1779805799999,256666.21636000,1948,19679.73000000,190453.67220000,0,LINKUSDT,binance
2026-05-26 14:30:00+00:00,9.68,9.685,9.64,9.644,11013.4,1779806099999,106374.35856000,1588,5280.63000000,50991.43081000,0,LINKUSDT,binance
2026-05-26 14:35:00+00:00,9.645,9.647,9.533,9.537,21222.56,1779806399999,203122.49807000,1995,4114.12000000,39385.56158000,0,LINKUSDT,binance
2026-05-26 14:40:00+00:00,9.536,9.56,9.506,9.534,16262.15,1779806699999,155073.07840000,1745,4770.43000000,45467.39637000,0,LINKUSDT,binance
2026-05-26 14:45:00+00:00,9.535,9.554,9.515,9.554,20642.69,1779806999999,196808.74336000,1459,12552.29000000,119676.36666000,0,LINKUSDT,binance
2026-05-26 14:50:00+00:00,9.553,9.577,9.544,9.561,12683.21,1779807299999,121345.12837000,872,6201.11000000,59342.70603000,0,LINKUSDT,binance
2026-05-26 14:55:00+00:00,9.562,9.564,9.539,9.541,9943.85,1779807599999,94987.49378000,674,2689.58000000,25686.36854000,0,LINKUSDT,binance
2026-05-26 15:00:00+00:00,9.54,9.549,9.486,9.515,21815.67,1779807899999,207374.63726000,1463,9303.63000000,88446.15428000,0,LINKUSDT,binance
2026-05-26 15:05:00+00:00,9.514,9.524,9.5,9.516,11323.89,1779808199999,107768.80887000,723,5811.84000000,55321.32542000,0,LINKUSDT,binance
2026-05-26 15:10:00+00:00,9.516,9.548,9.514,9.548,10985.53,1779808499999,104672.23357000,523,6681.52000000,63650.80635000,0,LINKUSDT,binance
2026-05-26 15:15:00+00:00,9.548,9.55,9.534,9.536,6996.65,1779808799999,66746.87528000,385,5560.36000000,53044.42000000,0,LINKUSDT,binance
2026-05-26 15:20:00+00:00,9.537,9.539,9.473,9.506,13230.4,1779809099999,125701.76998000,1193,4363.52000000,41395.70817000,0,LINKUSDT,binance
2026-05-26 15:25:00+00:00,9.505,9.53,9.5,9.506,27233.97,1779809399999,259235.91819000,970,18059.36000000,171886.00090000,0,LINKUSDT,binance
2026-05-26 15:30:00+00:00,9.505,9.509,9.447,9.469,39683.7,1779809699999,375730.29667000,3305,14027.08000000,132850.70217000,0,LINKUSDT,binance
2026-05-26 15:35:00+00:00,9.469,9.469,9.449,9.462,11320.69,1779809999999,107055.90249000,1573,5415.91000000,51211.30244000,0,LINKUSDT,binance
2026-05-26 15:40:00+00:00,9.462,9.491,9.443,9.479,26630.95,1779810299999,252280.51604000,1651,19670.38000000,186358.56137000,0,LINKUSDT,binance
2026-05-26 15:45:00+00:00,9.479,9.479,9.459,9.46,3174.83,1779810599999,30060.32764000,706,1417.55000000,13422.68860000,0,LINKUSDT,binance
2026-05-26 15:50:00+00:00,9.46,9.464,9.405,9.426,32524.4,1779810899999,306510.77666000,1967,19019.64000000,179242.61706000,0,LINKUSDT,binance
2026-05-26 15:55:00+00:00,9.426,9.48,9.422,9.475,7345.18,1779811199999,69353.29392000,1048,4348.92000000,41036.52882000,0,LINKUSDT,binance
2026-05-26 16:00:00+00:00,9.475,9.479,9.455,9.461,18308.88,1779811499999,173335.74418000,771,4404.24000000,41680.03208000,0,LINKUSDT,binance
2026-05-26 16:05:00+00:00,9.461,9.462,9.438,9.455,6313.68,1779811799999,59655.54020000,674,1999.49000000,18897.07142000,0,LINKUSDT,binance
2026-05-26 16:10:00+00:00,9.454,9.454,9.406,9.432,6987.59,1779812099999,65879.08111000,991,2624.66000000,24741.63324000,0,LINKUSDT,binance
2026-05-26 16:15:00+00:00,9.431,9.459,9.43,9.454,8219.87,1779812399999,77633.89217000,546,3699.66000000,34949.88362000,0,LINKUSDT,binance
2026-05-26 16:20:00+00:00,9.453,9.459,9.443,9.458,2672.48,1779812699999,25264.04562000,389,1692.31000000,15999.88201000,0,LINKUSDT,binance
2026-05-26 16:25:00+00:00,9.459,9.471,9.449,9.461,8537.53,1779812999999,80758.96135000,608,5146.56000000,48682.49495000,0,LINKUSDT,binance
2026-05-26 16:30:00+00:00,9.461,9.463,9.433,9.463,10110.41,1779813299999,95528.45359000,681,3779.78000000,35724.60808000,0,LINKUSDT,binance
2026-05-26 16:35:00+00:00,9.462,9.477,9.459,9.459,1984.4,1779813599999,18795.54918000,331,465.89000000,4413.04986000,0,LINKUSDT,binance
2026-05-26 16:40:00+00:00,9.458,9.464,9.442,9.452,1308.42,1779813899999,12370.49934000,334,671.05000000,6345.00115000,0,LINKUSDT,binance
2026-05-26 16:45:00+00:00,9.453,9.463,9.436,9.439,1051.44,1779814199999,9934.44751000,374,258.58000000,2444.20265000,0,LINKUSDT,binance
2026-05-26 16:50:00+00:00,9.439,9.45,9.424,9.45,4763.67,1779814499999,44956.08507000,555,2790.90000000,26338.53819000,0,LINKUSDT,binance
2026-05-26 16:55:00+00:00,9.451,9.458,9.447,9.451,4523.37,1779814799999,42751.38550000,265,2113.75000000,19974.61471000,0,LINKUSDT,binance
2026-05-26 17:00:00+00:00,9.45,9.466,9.442,9.456,3438.22,1779815099999,32498.53056000,395,626.60000000,5927.61902000,0,LINKUSDT,binance
2026-05-26 17:05:00+00:00,9.455,9.455,9.43,9.448,3409.19,1779815399999,32179.94954000,506,1405.79000000,13269.24418000,0,LINKUSDT,binance
2026-05-26 17:10:00+00:00,9.448,9.451,9.43,9.431,2386.54,1779815699999,22538.29143000,271,1649.14000000,15579.88426000,0,LINKUSDT,binance
2026-05-26 17:15:00+00:00,9.431,9.435,9.412,9.427,26430.74,1779815999999,249176.06124000,1275,18921.52000000,178404.16599000,0,LINKUSDT,binance
2026-05-26 17:20:00+00:00,9.427,9.439,9.4,9.425,51654.7,1779816299999,486597.04800000,2470,33517.34000000,315743.96915000,0,LINKUSDT,binance
2026-05-26 17:25:00+00:00,9.424,9.427,9.386,9.411,34437.81,1779816599999,324119.52971000,2139,20320.09000000,191257.24346000,0,LINKUSDT,binance
2026-05-26 17:30:00+00:00,9.411,9.426,9.38,9.413,55142.07,1779816899999,518532.87623000,3469,38182.79000000,359108.57422000,0,LINKUSDT,binance
2026-05-26 17:35:00+00:00,9.412,9.436,9.406,9.43,6802.35,1779817199999,64107.62071000,609,4284.69000000,40383.76155000,0,LINKUSDT,binance
2026-05-26 17:40:00+00:00,9.429,9.437,9.415,9.437,17403.46,1779817499999,163990.76539000,909,13025.99000000,122739.29016000,0,LINKUSDT,binance
2026-05-26 17:45:00+00:00,9.438,9.443,9.401,9.413,37685.16,1779817799999,354820.38639000,1785,17445.32000000,164205.11616000,0,LINKUSDT,binance
2026-05-26 17:50:00+00:00,9.415,9.419,9.393,9.409,26522.21,1779818099999,249458.63690000,1249,10420.35000000,98004.70053000,0,LINKUSDT,binance
2026-05-26 17:55:00+00:00,9.408,9.408,9.382,9.39,7037.45,1779818399999,66094.24557000,649,4839.42000000,45441.94506000,0,LINKUSDT,binance
2026-05-26 18:00:00+00:00,9.39,9.41,9.377,9.41,18161.44,1779818699999,170543.16981000,1267,13722.80000000,128863.28055000,0,LINKUSDT,binance
2026-05-26 18:05:00+00:00,9.41,9.423,9.401,9.415,3243.76,1779818999999,30535.77902000,682,1257.93000000,11839.73042000,0,LINKUSDT,binance
2026-05-26 18:10:00+00:00,9.415,9.416,9.403,9.414,3782.04,1779819299999,35588.91256000,522,1730.17000000,16281.03144000,0,LINKUSDT,binance
2026-05-26 18:15:00+00:00,9.414,9.443,9.411,9.437,9552.49,1779819599999,90037.95834000,672,4748.63000000,44769.68526000,0,LINKUSDT,binance
2026-05-26 18:20:00+00:00,9.436,9.455,9.431,9.447,14025.38,1779819899999,132505.30276000,600,7086.83000000,66948.18234000,0,LINKUSDT,binance
2026-05-26 18:25:00+00:00,9.447,9.449,9.42,9.427,3732.03,1779820199999,35212.63555000,325,1735.61000000,16379.55852000,0,LINKUSDT,binance
2026-05-26 18:30:00+00:00,9.427,9.436,9.42,9.431,4333.51,1779820499999,40866.52890000,373,1896.07000000,17879.94610000,0,LINKUSDT,binance
2026-05-26 18:35:00+00:00,9.43,9.43,9.408,9.417,3420.22,1779820799999,32201.54034000,266,2512.32000000,23649.89515000,0,LINKUSDT,binance
2026-05-26 18:40:00+00:00,9.416,9.416,9.371,9.376,5383.7,1779821099999,50553.20111000,479,1814.25000000,17031.56737000,0,LINKUSDT,binance
2026-05-26 18:45:00+00:00,9.377,9.393,9.374,9.384,4032.2,1779821399999,37839.31688000,274,2960.08000000,27781.41372000,0,LINKUSDT,binance
2026-05-26 18:50:00+00:00,9.383,9.397,9.378,9.393,1483.35,1779821699999,13929.33038000,207,1324.54000000,12438.24265000,0,LINKUSDT,binance
2026-05-26 18:55:00+00:00,9.392,9.395,9.366,9.383,8483.23,1779821999999,79569.48435000,472,2818.22000000,26428.21462000,0,LINKUSDT,binance
2026-05-26 19:00:00+00:00,9.383,9.388,9.37,9.372,3398.99,1779822299999,31874.17101000,336,941.20000000,8824.81246000,0,LINKUSDT,binance
2026-05-26 19:05:00+00:00,9.372,9.387,9.369,9.384,4582.17,1779822599999,42975.12608000,351,3360.46000000,31515.51766000,0,LINKUSDT,binance
2026-05-26 19:10:00+00:00,9.383,9.387,9.353,9.358,29338.85,1779822899999,274883.71927000,806,2519.74000000,23584.43699000,0,LINKUSDT,binance
2026-05-26 19:15:00+00:00,9.359,9.368,9.341,9.362,5501.32,1779823199999,51449.29000000,539,2322.28000000,21718.92413000,0,LINKUSDT,binance
2026-05-26 19:20:00+00:00,9.362,9.367,9.35,9.36,2116.28,1779823499999,19805.76543000,269,970.81000000,9085.91595000,0,LINKUSDT,binance
2026-05-26 19:25:00+00:00,9.361,9.376,9.36,9.367,4946.16,1779823799999,46338.02619000,305,2192.66000000,20543.34947000,0,LINKUSDT,binance
2026-05-26 19:30:00+00:00,9.366,9.387,9.364,9.376,2196.16,1779824099999,20595.32589000,351,1388.87000000,13024.16182000,0,LINKUSDT,binance
2026-05-26 19:35:00+00:00,9.376,9.391,9.371,9.39,3258.61,1779824399999,30575.10376000,266,2012.50000000,18884.32969000,0,LINKUSDT,binance
2026-05-26 19:40:00+00:00,9.39,9.419,9.384,9.403,7776.56,1779824699999,73154.41094000,496,4556.73000000,42861.42014000,0,LINKUSDT,binance
2026-05-26 19:45:00+00:00,9.404,9.411,9.396,9.4,2059.1,1779824999999,19359.91297000,252,987.23000000,9282.83549000,0,LINKUSDT,binance
2026-05-26 19:50:00+00:00,9.4,9.421,9.4,9.413,2156.55,1779825299999,20299.15938000,304,1753.35000000,16504.39351000,0,LINKUSDT,binance
2026-05-26 19:55:00+00:00,9.412,9.415,9.402,9.402,1698.72,1779825599999,15987.54974000,204,713.94000000,6717.66763000,0,LINKUSDT,binance
2026-05-26 20:00:00+00:00,9.403,9.418,9.403,9.418,3200.62,1779825899999,30119.92137000,329,2782.11000000,26180.94537000,0,LINKUSDT,binance
2026-05-26 20:05:00+00:00,9.419,9.419,9.411,9.413,500.66,1779826199999,4713.23461000,137,269.67000000,2538.95697000,0,LINKUSDT,binance
2026-05-26 20:10:00+00:00,9.412,9.421,9.41,9.421,1791.51,1779826499999,16873.11892000,166,1565.09000000,14741.48552000,0,LINKUSDT,binance
2026-05-26 20:15:00+00:00,9.422,9.43,9.409,9.41,2831.74,1779826799999,26670.14366000,274,1213.44000000,11428.37616000,0,LINKUSDT,binance
2026-05-26 20:20:00+00:00,9.41,9.42,9.409,9.409,1291.05,1779827099999,12152.67333000,223,642.25000000,6046.08731000,0,LINKUSDT,binance
2026-05-26 20:25:00+00:00,9.41,9.427,9.406,9.426,1873.68,1779827399999,17637.93630000,153,907.46000000,8545.03413000,0,LINKUSDT,binance
2026-05-26 20:30:00+00:00,9.425,9.427,9.406,9.408,883.68,1779827699999,8321.89268000,296,336.19000000,3167.11212000,0,LINKUSDT,binance
2026-05-26 20:35:00+00:00,9.408,9.408,9.399,9.406,1352.43,1779827999999,12719.19793000,161,914.38000000,8599.60371000,0,LINKUSDT,binance
2026-05-26 20:40:00+00:00,9.406,9.414,9.403,9.413,811.44,1779828299999,7636.54788000,88,692.00000000,6513.09970000,0,LINKUSDT,binance
2026-05-26 20:45:00+00:00,9.413,9.429,9.411,9.425,2620.61,1779828599999,24684.19112000,231,1070.50000000,10084.33826000,0,LINKUSDT,binance
2026-05-26 20:50:00+00:00,9.424,9.426,9.418,9.419,1331.84,1779828899999,12547.04813000,121,371.14000000,3496.59185000,0,LINKUSDT,binance
2026-05-26 20:55:00+00:00,9.42,9.428,9.415,9.427,901.35,1779829199999,8494.79738000,161,147.00000000,1385.34217000,0,LINKUSDT,binance
2026-05-26 21:00:00+00:00,9.427,9.427,9.407,9.407,1094.28,1779829499999,10301.63635000,213,80.20000000,755.78459000,0,LINKUSDT,binance
2026-05-26 21:05:00+00:00,9.407,9.407,9.398,9.403,1006.84,1779829799999,9467.21149000,161,579.90000000,5453.67186000,0,LINKUSDT,binance
2026-05-26 21:10:00+00:00,9.402,9.402,9.351,9.376,24209.22,1779830099999,226804.42098000,978,8202.30000000,76874.64531000,0,LINKUSDT,binance
2026-05-26 21:15:00+00:00,9.374,9.388,9.37,9.385,4552.57,1779830399999,42718.50202000,256,1516.04000000,14225.18624000,0,LINKUSDT,binance
2026-05-26 21:20:00+00:00,9.386,9.396,9.384,9.394,7857.62,1779830699999,73770.14720000,344,1647.83000000,15473.91975000,0,LINKUSDT,binance
2026-05-26 21:25:00+00:00,9.394,9.403,9.394,9.397,1172.91,1779830999999,11021.53430000,127,804.78000000,7562.18049000,0,LINKUSDT,binance
2026-05-26 21:30:00+00:00,9.397,9.411,9.397,9.405,1866.07,1779831299999,17552.16471000,150,1197.95000000,11267.14517000,0,LINKUSDT,binance
2026-05-26 21:35:00+00:00,9.405,9.42,9.405,9.416,1730.19,1779831599999,16290.06888000,153,866.15000000,8154.92277000,0,LINKUSDT,binance
2026-05-26 21:40:00+00:00,9.415,9.417,9.409,9.414,1608.87,1779831899999,15146.05285000,153,582.05000000,5479.09673000,0,LINKUSDT,binance
2026-05-26 21:45:00+00:00,9.413,9.415,9.41,9.41,806.23,1779832199999,7589.09280000,82,589.55000000,5549.83934000,0,LINKUSDT,binance
2026-05-26 21:50:00+00:00,9.41,9.41,9.381,9.383,6913.35,1779832499999,65007.14829000,354,2765.81000000,26002.46992000,0,LINKUSDT,binance
2026-05-26 21:55:00+00:00,9.383,9.39,9.36,9.375,6165.16,1779832799999,57791.19516000,528,3356.43000000,31459.92457000,0,LINKUSDT,binance
2026-05-26 22:00:00+00:00,9.376,9.399,9.376,9.378,2367.2,1779833099999,22222.24729000,331,804.47000000,7549.90484000,0,LINKUSDT,binance
2026-05-26 22:05:00+00:00,9.378,9.378,9.358,9.372,6462.2,1779833399999,60536.17051000,419,4415.10000000,41359.85876000,0,LINKUSDT,binance
2026-05-26 22:10:00+00:00,9.371,9.371,9.349,9.365,3756.44,1779833699999,35154.74740000,380,1122.57000000,10508.49318000,0,LINKUSDT,binance
2026-05-26 22:15:00+00:00,9.364,9.372,9.357,9.364,1419.5,1779833999999,13291.39955000,215,604.90000000,5664.54913000,0,LINKUSDT,binance
2026-05-26 22:20:00+00:00,9.364,9.378,9.363,9.378,758.7,1779834299999,7108.39086000,259,499.58000000,4679.72292000,0,LINKUSDT,binance
2026-05-26 22:25:00+00:00,9.378,9.381,9.374,9.379,2493.46,1779834599999,23380.19397000,153,736.35000000,6904.92292000,0,LINKUSDT,binance
2026-05-26 22:30:00+00:00,9.379,9.382,9.373,9.382,982.0,1779834899999,9207.74966000,203,108.36000000,1016.00340000,0,LINKUSDT,binance
2026-05-26 22:35:00+00:00,9.382,9.384,9.372,9.373,3154.26,1779835199999,29591.00772000,226,1238.76000000,11621.25042000,0,LINKUSDT,binance
2026-05-26 22:40:00+00:00,9.372,9.377,9.367,9.367,1048.87,1779835499999,9828.82789000,238,369.21000000,3460.01848000,0,LINKUSDT,binance
2026-05-26 22:45:00+00:00,9.367,9.367,9.351,9.353,5239.7,1779835799999,49023.87090000,353,913.51000000,8546.19646000,0,LINKUSDT,binance
2026-05-26 22:50:00+00:00,9.354,9.364,9.35,9.363,2551.88,1779836099999,23877.24535000,279,1230.91000000,11519.25930000,0,LINKUSDT,binance
2026-05-26 22:55:00+00:00,9.362,9.364,9.356,9.364,1636.09,1779836399999,15314.43261000,154,1462.00000000,13685.21974000,0,LINKUSDT,binance
2026-05-26 23:00:00+00:00,9.365,9.393,9.365,9.39,3014.03,1779836699999,28294.84251000,405,2010.36000000,18872.96136000,0,LINKUSDT,binance
2026-05-26 23:05:00+00:00,9.39,9.392,9.375,9.389,4471.88,1779836999999,41957.86388000,343,3485.88000000,32704.25773000,0,LINKUSDT,binance
2026-05-26 23:10:00+00:00,9.388,9.392,9.38,9.383,5542.24,1779837299999,52023.63884000,379,1327.07000000,12460.55468000,0,LINKUSDT,binance
2026-05-26 23:15:00+00:00,9.382,9.393,9.381,9.393,1161.59,1779837599999,10899.94411000,244,649.99000000,6098.73275000,0,LINKUSDT,binance
2026-05-26 23:20:00+00:00,9.393,9.394,9.383,9.383,3289.15,1779837899999,30878.82009000,156,1092.27000000,10252.48680000,0,LINKUSDT,binance
2026-05-26 23:25:00+00:00,9.384,9.386,9.371,9.383,798.96,1779838199999,7493.57940000,336,365.40000000,3427.78877000,0,LINKUSDT,binance
2026-05-26 23:30:00+00:00,9.384,9.39,9.384,9.388,315.93,1779838499999,2965.82972000,154,193.88000000,1820.04645000,0,LINKUSDT,binance
2026-05-26 23:35:00+00:00,9.387,9.403,9.386,9.394,1661.98,1779838799999,15617.10077000,237,595.22000000,5592.42683000,0,LINKUSDT,binance
2026-05-26 23:40:00+00:00,9.395,9.402,9.395,9.399,805.48,1779839099999,7571.65043000,170,325.50000000,3059.54899000,0,LINKUSDT,binance
2026-05-26 23:45:00+00:00,9.399,9.404,9.397,9.399,431.29,1779839399999,4054.59682000,98,329.89000000,3101.43922000,0,LINKUSDT,binance
2026-05-26 23:50:00+00:00,9.398,9.398,9.382,9.383,2633.62,1779839699999,24721.78645000,220,1648.12000000,15468.19366000,0,LINKUSDT,binance
2026-05-26 23:55:00+00:00,9.383,9.386,9.381,9.386,951.76,1779839999999,8931.10611000,111,713.19000000,6692.84618000,0,LINKUSDT,binance
2026-05-27 00:00:00+00:00,9.386,9.412,9.385,9.403,3033.76,1779840299999,28506.92031000,448,748.11000000,7030.16984000,0,LINKUSDT,binance
2026-05-27 00:05:00+00:00,9.404,9.416,9.404,9.416,3442.14,1779840599999,32394.45221000,238,1720.49000000,16189.57705000,0,LINKUSDT,binance
2026-05-27 00:10:00+00:00,9.415,9.419,9.406,9.416,1214.4,1779840899999,11430.48495000,199,515.57000000,4851.66056000,0,LINKUSDT,binance
2026-05-27 00:15:00+00:00,9.415,9.415,9.396,9.399,3586.58,1779841199999,33724.09751000,331,605.22000000,5690.92696000,0,LINKUSDT,binance
2026-05-27 00:20:00+00:00,9.4,9.408,9.397,9.401,1490.29,1779841499999,14009.83664000,238,477.72000000,4490.71568000,0,LINKUSDT,binance
2026-05-27 00:25:00+00:00,9.401,9.419,9.401,9.419,1601.3,1779841799999,15067.98273000,252,1489.27000000,14013.72440000,0,LINKUSDT,binance
2026-05-27 00:30:00+00:00,9.419,9.443,9.419,9.439,4876.55,1779842099999,45997.05687000,584,3865.27000000,36459.68716000,0,LINKUSDT,binance
2026-05-27 00:35:00+00:00,9.438,9.441,9.429,9.43,2136.78,1779842399999,20162.10509000,248,1132.94000000,10692.30729000,0,LINKUSDT,binance
2026-05-27 00:40:00+00:00,9.43,9.441,9.425,9.434,414.27,1779842699999,3908.78362000,231,150.70000000,1422.16450000,0,LINKUSDT,binance
2026-05-27 00:45:00+00:00,9.434,9.45,9.434,9.436,1509.69,1779842999999,14255.00008000,351,319.40000000,3015.85867000,0,LINKUSDT,binance
2026-05-27 00:50:00+00:00,9.436,9.453,9.436,9.448,8181.75,1779843299999,77304.21838000,313,4451.49000000,42058.31024000,0,LINKUSDT,binance
2026-05-27 00:55:00+00:00,9.449,9.458,9.449,9.455,717.65,1779843599999,6786.02759000,119,448.30000000,4239.36080000,0,LINKUSDT,binance
2026-05-27 01:00:00+00:00,9.455,9.46,9.445,9.445,1153.32,1779843899999,10900.09094000,263,482.47000000,4559.07142000,0,LINKUSDT,binance
2026-05-27 01:05:00+00:00,9.445,9.448,9.434,9.444,2555.44,1779844199999,24119.92928000,201,422.14000000,3985.88763000,0,LINKUSDT,binance
2026-05-27 01:10:00+00:00,9.444,9.451,9.435,9.45,1437.45,1779844499999,13569.10200000,188,942.88000000,8901.18106000,0,LINKUSDT,binance
2026-05-27 01:15:00+00:00,9.45,9.451,9.433,9.433,40722.53,1779844799999,384795.40831000,534,7993.15000000,75518.97675000,0,LINKUSDT,binance
2026-05-27 01:20:00+00:00,9.433,9.434,9.417,9.424,3401.08,1779845099999,32057.66993000,258,1483.99000000,13986.36233000,0,LINKUSDT,binance
2026-05-27 01:25:00+00:00,9.423,9.432,9.417,9.432,2758.02,1779845399999,25998.09936000,168,2395.21000000,22578.61071000,0,LINKUSDT,binance
2026-05-27 01:30:00+00:00,9.433,9.443,9.428,9.436,1581.38,1779845699999,14922.45186000,305,970.27000000,9155.43323000,0,LINKUSDT,binance
2026-05-27 01:35:00+00:00,9.435,9.443,9.428,9.443,1717.77,1779845999999,16211.12033000,172,1453.96000000,13723.27507000,0,LINKUSDT,binance
2026-05-27 01:40:00+00:00,9.442,9.451,9.438,9.438,2090.36,1779846299999,19740.71046000,179,491.50000000,4643.35246000,0,LINKUSDT,binance
2026-05-27 01:45:00+00:00,9.438,9.458,9.436,9.455,2907.38,1779846599999,27459.30634000,326,2189.10000000,20672.77588000,0,LINKUSDT,binance
2026-05-27 01:50:00+00:00,9.455,9.459,9.449,9.453,3727.1,1779846899999,35232.25079000,254,1673.03000000,15815.05901000,0,LINKUSDT,binance
2026-05-27 01:55:00+00:00,9.453,9.454,9.42,9.427,1806.13,1779847199999,17049.55481000,212,534.40000000,5047.47824000,0,LINKUSDT,binance
2026-05-27 02:00:00+00:00,9.428,9.434,9.406,9.421,2769.34,1779847499999,26076.73889000,279,2139.19000000,20136.00668000,0,LINKUSDT,binance
2026-05-27 02:05:00+00:00,9.422,9.424,9.407,9.407,4266.17,1779847799999,40176.90951000,229,3515.12000000,33105.51697000,0,LINKUSDT,binance
2026-05-27 02:10:00+00:00,9.407,9.424,9.407,9.42,2802.27,1779848099999,26394.98749000,181,2712.48000000,25549.84187000,0,LINKUSDT,binance
2026-05-27 02:15:00+00:00,9.421,9.426,9.389,9.394,3834.71,1779848399999,36062.82087000,391,1425.39000000,13409.01329000,0,LINKUSDT,binance
2026-05-27 02:20:00+00:00,9.394,9.4,9.39,9.4,2038.31,1779848699999,19150.96285000,210,1809.35000000,16999.55121000,0,LINKUSDT,binance
2026-05-27 02:25:00+00:00,9.4,9.416,9.4,9.407,2744.32,1779848999999,25806.17927000,234,2502.85000000,23534.12234000,0,LINKUSDT,binance
2026-05-27 02:30:00+00:00,9.406,9.414,9.395,9.414,3043.52,1779849299999,28624.51072000,299,1053.29000000,9905.11710000,0,LINKUSDT,binance
2026-05-27 02:35:00+00:00,9.414,9.419,9.392,9.392,5863.34,1779849599999,55121.26556000,338,3915.97000000,36812.04905000,0,LINKUSDT,binance
2026-05-27 02:40:00+00:00,9.393,9.418,9.393,9.418,10894.29,1779849899999,102476.49076000,424,8852.30000000,83267.64118000,0,LINKUSDT,binance
2026-05-27 02:45:00+00:00,9.418,9.425,9.412,9.412,8241.52,1779850199999,77644.05585000,350,5747.08000000,54148.64982000,0,LINKUSDT,binance
2026-05-27 02:50:00+00:00,9.413,9.42,9.41,9.416,754.93,1779850499999,7107.56308000,148,442.75000000,4168.02290000,0,LINKUSDT,binance
2026-05-27 02:55:00+00:00,9.417,9.444,9.417,9.444,4798.48,1779850799999,45266.16257000,313,1796.66000000,16947.70329000,0,LINKUSDT,binance
2026-05-27 03:00:00+00:00,9.445,9.465,9.432,9.462,14576.01,1779851099999,137737.00206000,639,6387.01000000,60389.88993000,0,LINKUSDT,binance
2026-05-27 03:05:00+00:00,9.463,9.475,9.457,9.457,7843.26,1779851399999,74254.19334000,432,4237.21000000,40109.03355000,0,LINKUSDT,binance
2026-05-27 03:10:00+00:00,9.456,9.457,9.44,9.442,5541.55,1779851699999,52342.94363000,264,614.78000000,5809.19598000,0,LINKUSDT,binance
2026-05-27 03:15:00+00:00,9.442,9.443,9.423,9.428,8590.83,1779851999999,81039.07481000,493,1682.48000000,15865.46819000,0,LINKUSDT,binance
2026-05-27 03:20:00+00:00,9.427,9.435,9.421,9.431,2062.95,1779852299999,19448.34990000,259,1686.90000000,15904.11983000,0,LINKUSDT,binance
2026-05-27 03:25:00+00:00,9.432,9.442,9.432,9.441,1517.65,1779852599999,14323.69488000,225,1291.93000000,12193.15261000,0,LINKUSDT,binance
2026-05-27 03:30:00+00:00,9.441,9.448,9.431,9.434,970.69,1779852899999,9163.19207000,238,730.09000000,6891.69049000,0,LINKUSDT,binance
2026-05-27 03:35:00+00:00,9.433,9.433,9.417,9.419,2195.48,1779853199999,20685.04390000,225,1394.93000000,13140.28512000,0,LINKUSDT,binance
2026-05-27 03:40:00+00:00,9.42,9.43,9.416,9.418,2372.96,1779853499999,22360.29530000,232,1345.08000000,12674.57644000,0,LINKUSDT,binance
2026-05-27 03:45:00+00:00,9.419,9.421,9.393,9.393,5035.3,1779853799999,47370.94436000,614,879.70000000,8278.10656000,0,LINKUSDT,binance
2026-05-27 03:50:00+00:00,9.392,9.403,9.387,9.399,8743.33,1779854099999,82155.98914000,478,4156.86000000,39052.67883000,0,LINKUSDT,binance
2026-05-27 03:55:00+00:00,9.399,9.403,9.392,9.396,3206.65,1779854399999,30145.43959000,362,757.88000000,7123.80909000,0,LINKUSDT,binance
2026-05-27 04:00:00+00:00,9.395,9.4,9.388,9.391,3017.19,1779854699999,28338.82116000,448,395.84000000,3718.69269000,0,LINKUSDT,binance
2026-05-27 04:05:00+00:00,9.39,9.398,9.381,9.396,5870.67,1779854999999,55121.91570000,398,4489.44000000,42156.07831000,0,LINKUSDT,binance
2026-05-27 04:10:00+00:00,9.396,9.405,9.387,9.387,6886.4,1779855299999,64733.93518000,381,5396.96000000,50741.75067000,0,LINKUSDT,binance
2026-05-27 04:15:00+00:00,9.387,9.389,9.353,9.356,6373.38,1779855599999,59741.51622000,814,2473.56000000,23180.60372000,0,LINKUSDT,binance
2026-05-27 04:20:00+00:00,9.357,9.362,9.349,9.356,4111.32,1779855899999,38452.05935000,414,1792.46000000,16764.29807000,0,LINKUSDT,binance
2026-05-27 04:25:00+00:00,9.356,9.364,9.349,9.349,2068.29,1779856199999,19343.57030000,236,111.02000000,1038.97312000,0,LINKUSDT,binance
2026-05-27 04:30:00+00:00,9.349,9.354,9.285,9.325,39212.01,1779856499999,365387.06444000,2781,10718.64000000,99810.85398000,0,LINKUSDT,binance
2026-05-27 04:35:00+00:00,9.325,9.345,9.322,9.344,4091.43,1779856799999,38195.10457000,312,1934.38000000,18060.57896000,0,LINKUSDT,binance
2026-05-27 04:40:00+00:00,9.345,9.348,9.338,9.342,2139.91,1779857099999,19993.20169000,154,761.91000000,7118.60331000,0,LINKUSDT,binance
2026-05-27 04:45:00+00:00,9.342,9.38,9.342,9.379,7622.46,1779857399999,71410.13086000,400,7110.21000000,66611.51548000,0,LINKUSDT,binance
2026-05-27 04:50:00+00:00,9.379,9.4,9.377,9.4,1159.62,1779857699999,10890.47003000,354,799.29000000,7506.89919000,0,LINKUSDT,binance
2026-05-27 04:55:00+00:00,9.399,9.406,9.394,9.403,3058.39,1779857999999,28745.87736000,253,2680.79000000,25195.20349000,0,LINKUSDT,binance
2026-05-27 05:00:00+00:00,9.404,9.41,9.402,9.406,811.98,1779858299999,7637.11227000,211,457.85000000,4305.70996000,0,LINKUSDT,binance
2026-05-27 05:05:00+00:00,9.406,9.414,9.406,9.414,2775.87,1779858599999,26122.41475000,173,1529.23000000,14388.05082000,0,LINKUSDT,binance
2026-05-27 05:10:00+00:00,9.414,9.414,9.397,9.405,5406.48,1779858899999,50850.49420000,286,1026.03000000,9645.93664000,0,LINKUSDT,binance
2026-05-27 05:15:00+00:00,9.405,9.407,9.4,9.404,1176.58,1779859199999,11063.29595000,133,385.81000000,3627.13638000,0,LINKUSDT,binance
2026-05-27 05:20:00+00:00,9.404,9.428,9.398,9.426,4041.02,1779859499999,38038.30433000,281,3562.05000000,33528.56794000,0,LINKUSDT,binance
2026-05-27 05:25:00+00:00,9.425,9.444,9.425,9.436,2922.41,1779859799999,27567.28354000,314,1751.10000000,16514.53211000,0,LINKUSDT,binance
2026-05-27 05:30:00+00:00,9.436,9.445,9.431,9.432,2223.81,1779860099999,20988.16072000,381,900.39000000,8498.59685000,0,LINKUSDT,binance
2026-05-27 05:35:00+00:00,9.432,9.446,9.432,9.434,2113.81,1779860399999,19951.72546000,372,420.84000000,3971.50746000,0,LINKUSDT,binance
2026-05-27 05:40:00+00:00,9.434,9.435,9.417,9.423,4417.92,1779860699999,41621.48838000,364,2166.69000000,20414.31353000,0,LINKUSDT,binance
2026-05-27 05:45:00+00:00,9.423,9.437,9.413,9.42,9328.15,1779860999999,87939.67669000,663,3363.94000000,31715.85858000,0,LINKUSDT,binance
2026-05-27 05:50:00+00:00,9.421,9.432,9.418,9.426,4679.62,1779861299999,44092.98053000,469,2229.80000000,21007.29670000,0,LINKUSDT,binance
2026-05-27 05:55:00+00:00,9.427,9.434,9.425,9.429,3622.99,1779861599999,34159.26896000,313,1592.23000000,15011.44860000,0,LINKUSDT,binance
2026-05-27 06:00:00+00:00,9.429,9.438,9.424,9.436,3223.7,1779861899999,30395.89167000,349,2247.07000000,21186.06130000,0,LINKUSDT,binance
2026-05-27 06:05:00+00:00,9.435,9.447,9.433,9.444,3091.94,1779862199999,29188.33813000,446,2486.32000000,23469.62599000,0,LINKUSDT,binance
2026-05-27 06:10:00+00:00,9.445,9.447,9.425,9.43,1349.51,1779862499999,12728.13265000,344,548.14000000,5172.61060000,0,LINKUSDT,binance
2026-05-27 06:15:00+00:00,9.431,9.431,9.416,9.424,1832.02,1779862799999,17267.54270000,298,723.02000000,6815.31505000,0,LINKUSDT,binance
2026-05-27 06:20:00+00:00,9.424,9.428,9.409,9.417,2327.37,1779863099999,21922.97617000,368,1735.38000000,16343.80363000,0,LINKUSDT,binance
2026-05-27 06:25:00+00:00,9.418,9.434,9.418,9.434,904.46,1779863399999,8525.67528000,155,564.09000000,5317.17958000,0,LINKUSDT,binance
2026-05-27 06:30:00+00:00,9.434,9.455,9.423,9.425,8320.77,1779863699999,78505.76041000,663,3872.45000000,36524.25494000,0,LINKUSDT,binance
2026-05-27 06:35:00+00:00,9.425,9.437,9.421,9.428,1456.77,1779863999999,13733.61118000,306,756.71000000,7135.45427000,0,LINKUSDT,binance
2026-05-27 06:40:00+00:00,9.428,9.436,9.428,9.432,4540.06,1779864299999,42817.63158000,265,2724.14000000,25693.22303000,0,LINKUSDT,binance
2026-05-27 06:45:00+00:00,9.432,9.445,9.43,9.436,5359.52,1779864599999,50591.40209000,405,4472.03000000,42213.69310000,0,LINKUSDT,binance
2026-05-27 06:50:00+00:00,9.435,9.437,9.426,9.429,2586.47,1779864899999,24392.26619000,444,1059.78000000,9994.87561000,0,LINKUSDT,binance
2026-05-27 06:55:00+00:00,9.43,9.437,9.424,9.437,620.6,1779865199999,5852.22747000,208,134.04000000,1264.03843000,0,LINKUSDT,binance
2026-05-27 07:00:00+00:00,9.437,9.449,9.433,9.434,7623.53,1779865499999,71963.70411000,610,1366.96000000,12904.29790000,0,LINKUSDT,binance
2026-05-27 07:05:00+00:00,9.434,9.439,9.423,9.423,1536.49,1779865799999,14488.34053000,361,1116.75000000,10530.58187000,0,LINKUSDT,binance
2026-05-27 07:10:00+00:00,9.423,9.426,9.415,9.426,2159.22,1779866099999,20340.28070000,302,867.22000000,8170.15329000,0,LINKUSDT,binance
2026-05-27 07:15:00+00:00,9.425,9.43,9.418,9.43,1650.32,1779866399999,15557.24536000,271,1174.32000000,11071.01372000,0,LINKUSDT,binance
2026-05-27 07:20:00+00:00,9.431,9.435,9.421,9.43,2302.49,1779866699999,21714.74956000,261,1425.74000000,13446.17854000,0,LINKUSDT,binance
2026-05-27 07:25:00+00:00,9.429,9.435,9.421,9.422,3095.63,1779866999999,29196.05952000,237,621.10000000,5856.23349000,0,LINKUSDT,binance
2026-05-27 07:30:00+00:00,9.422,9.427,9.405,9.424,16147.5,1779867299999,152048.77977000,693,8017.13000000,75494.10340000,0,LINKUSDT,binance
2026-05-27 07:35:00+00:00,9.424,9.434,9.42,9.422,4219.04,1779867599999,39777.96609000,381,2907.25000000,27412.08904000,0,LINKUSDT,binance
2026-05-27 07:40:00+00:00,9.422,9.425,9.418,9.423,1711.16,1779867899999,16121.52181000,196,1052.91000000,9920.02288000,0,LINKUSDT,binance
2026-05-27 07:45:00+00:00,9.424,9.434,9.42,9.424,1170.07,1779868199999,11028.89675000,250,357.86000000,3371.72435000,0,LINKUSDT,binance
2026-05-27 07:50:00+00:00,9.423,9.43,9.415,9.426,4039.91,1779868499999,38072.92771000,393,372.99000000,3514.89459000,0,LINKUSDT,binance
2026-05-27 07:55:00+00:00,9.427,9.442,9.427,9.441,3027.44,1779868799999,28571.70048000,303,2207.32000000,20830.90008000,0,LINKUSDT,binance
2026-05-27 08:00:00+00:00,9.441,9.45,9.428,9.433,9664.07,1779869099999,91208.46435000,732,1644.92000000,15521.60118000,0,LINKUSDT,binance
2026-05-27 08:05:00+00:00,9.434,9.436,9.412,9.415,9306.74,1779869399999,87708.44676000,933,2290.58000000,21586.85098000,0,LINKUSDT,binance
2026-05-27 08:10:00+00:00,9.415,9.42,9.391,9.401,14329.18,1779869699999,134727.69726000,1005,4634.96000000,43574.59152000,0,LINKUSDT,binance
2026-05-27 08:15:00+00:00,9.402,9.414,9.399,9.412,12100.7,1779869999999,113803.71928000,1142,6418.80000000,60365.37629000,0,LINKUSDT,binance
2026-05-27 08:20:00+00:00,9.412,9.437,9.411,9.417,8792.68,1779870299999,82831.99077000,911,4072.18000000,38344.92450000,0,LINKUSDT,binance
2026-05-27 08:25:00+00:00,9.419,9.45,9.419,9.426,31387.1,1779870599999,296132.13723000,1443,18920.11000000,178549.67431000,0,LINKUSDT,binance
2026-05-27 08:30:00+00:00,9.427,9.436,9.416,9.424,10474.42,1779870899999,98735.06694000,1076,2858.83000000,26949.14070000,0,LINKUSDT,binance
2026-05-27 08:35:00+00:00,9.422,9.436,9.422,9.436,4726.06,1779871199999,44555.45799000,402,1010.14000000,9525.09426000,0,LINKUSDT,binance
2026-05-27 08:40:00+00:00,9.435,9.435,9.42,9.426,7468.74,1779871499999,70414.00768000,615,2895.77000000,27301.64250000,0,LINKUSDT,binance
2026-05-27 08:45:00+00:00,9.426,9.427,9.408,9.41,8338.59,1779871799999,78507.24628000,645,2405.09000000,22644.08286000,0,LINKUSDT,binance
2026-05-27 08:50:00+00:00,9.41,9.412,9.38,9.391,19290.02,1779872099999,181230.98421000,997,7972.91000000,74888.66499000,0,LINKUSDT,binance
2026-05-27 08:55:00+00:00,9.391,9.396,9.383,9.392,3298.39,1779872399999,30963.42550000,291,252.24000000,2369.28483000,0,LINKUSDT,binance
2026-05-27 09:00:00+00:00,9.393,9.396,9.365,9.376,10560.32,1779872699999,99044.02519000,1056,1015.40000000,9526.46949000,0,LINKUSDT,binance
2026-05-27 09:05:00+00:00,9.377,9.38,9.366,9.376,5304.98,1779872999999,49725.06726000,519,690.40000000,6472.13327000,0,LINKUSDT,binance
2026-05-27 09:10:00+00:00,9.376,9.379,9.36,9.366,7124.65,1779873299999,66742.16248000,708,957.13000000,8963.46035000,0,LINKUSDT,binance
2026-05-27 09:15:00+00:00,9.366,9.366,9.347,9.361,18597.98,1779873599999,174011.28558000,1261,6220.14000000,58203.44268000,0,LINKUSDT,binance
2026-05-27 09:20:00+00:00,9.362,9.376,9.351,9.365,15148.87,1779873899999,141868.63434000,813,4995.10000000,46782.10026000,0,LINKUSDT,binance
2026-05-27 09:25:00+00:00,9.365,9.366,9.343,9.352,12978.6,1779874199999,121423.98214000,856,3993.73000000,37354.48517000,0,LINKUSDT,binance
2026-05-27 09:30:00+00:00,9.352,9.367,9.345,9.362,6230.4,1779874499999,58284.00422000,593,1693.12000000,15836.17581000,0,LINKUSDT,binance
2026-05-27 09:35:00+00:00,9.362,9.385,9.362,9.384,4573.72,1779874799999,42884.23922000,675,1011.63000000,9486.86904000,0,LINKUSDT,binance
2026-05-27 09:40:00+00:00,9.383,9.383,9.366,9.369,10785.79,1779875099999,101087.94441000,806,1435.00000000,13447.02100000,0,LINKUSDT,binance
2026-05-27 09:45:00+00:00,9.369,9.375,9.36,9.365,8059.17,1779875399999,75483.60473000,826,1486.83000000,13928.85569000,0,LINKUSDT,binance
2026-05-27 09:50:00+00:00,9.365,9.369,9.345,9.351,11407.54,1779875699999,106726.78368000,783,2589.09000000,24219.71473000,0,LINKUSDT,binance
2026-05-27 09:55:00+00:00,9.351,9.358,9.348,9.352,7637.89,1779875999999,71426.38444000,592,3064.61000000,28660.06214000,0,LINKUSDT,binance
2026-05-27 10:00:00+00:00,9.353,9.357,9.342,9.345,15349.58,1779876299999,143472.14766000,847,6189.91000000,57849.45894000,0,LINKUSDT,binance
2026-05-27 10:05:00+00:00,9.345,9.356,9.341,9.354,9643.77,1779876599999,90147.16020000,859,5073.32000000,47429.19700000,0,LINKUSDT,binance
2026-05-27 10:10:00+00:00,9.354,9.374,9.354,9.374,3646.44,1779876899999,34129.56001000,278,1418.22000000,13276.61694000,0,LINKUSDT,binance
2026-05-27 10:15:00+00:00,9.374,9.381,9.366,9.373,8675.85,1779877199999,81328.97938000,683,1482.77000000,13896.88766000,0,LINKUSDT,binance
2026-05-27 10:20:00+00:00,9.373,9.374,9.361,9.364,13375.88,1779877499999,125285.06682000,606,1142.34000000,10702.02869000,0,LINKUSDT,binance
2026-05-27 10:25:00+00:00,9.363,9.377,9.363,9.365,16883.04,1779877799999,158189.64374000,613,5812.14000000,54464.83653000,0,LINKUSDT,binance
2026-05-27 10:30:00+00:00,9.365,9.379,9.351,9.352,22975.71,1779878099999,215241.85749000,981,14465.37000000,135559.18520000,0,LINKUSDT,binance
2026-05-27 10:35:00+00:00,9.352,9.366,9.348,9.349,7336.91,1779878399999,68640.44384000,634,2784.65000000,26057.21476000,0,LINKUSDT,binance
2026-05-27 10:40:00+00:00,9.349,9.354,9.345,9.349,4155.08,1779878699999,38847.48239000,458,1044.25000000,9763.36373000,0,LINKUSDT,binance
2026-05-27 10:45:00+00:00,9.349,9.358,9.334,9.343,8677.16,1779878999999,81075.18613000,884,2732.78000000,25530.15680000,0,LINKUSDT,binance
2026-05-27 10:50:00+00:00,9.343,9.345,9.336,9.342,4750.23,1779879299999,44367.72917000,481,1856.88000000,17343.78188000,0,LINKUSDT,binance
2026-05-27 10:55:00+00:00,9.342,9.347,9.339,9.339,5244.41,1779879599999,48998.91744000,333,2193.93000000,20495.01035000,0,LINKUSDT,binance
2026-05-27 11:00:00+00:00,9.339,9.377,9.334,9.369,10375.0,1779879899999,97066.70997000,917,5445.95000000,50926.71535000,0,LINKUSDT,binance
2026-05-27 11:05:00+00:00,9.37,9.375,9.363,9.367,4226.27,1779880199999,39597.10976000,433,1501.29000000,14065.17548000,0,LINKUSDT,binance
2026-05-27 11:10:00+00:00,9.367,9.38,9.358,9.377,5829.82,1779880499999,54627.67175000,480,2744.97000000,25730.40822000,0,LINKUSDT,binance
2026-05-27 11:15:00+00:00,9.378,9.392,9.374,9.375,6663.53,1779880799999,62511.41214000,674,2188.75000000,20528.91667000,0,LINKUSDT,binance
2026-05-27 11:20:00+00:00,9.375,9.39,9.375,9.377,6004.49,1779881099999,56336.94155000,560,1891.65000000,17747.73978000,0,LINKUSDT,binance
2026-05-27 11:25:00+00:00,9.377,9.378,9.361,9.361,4604.64,1779881399999,43155.48101000,359,1841.70000000,17260.77433000,0,LINKUSDT,binance
2026-05-27 11:30:00+00:00,9.36,9.364,9.347,9.364,9101.62,1779881699999,85151.38125000,675,5188.06000000,48532.24042000,0,LINKUSDT,binance
2026-05-27 11:35:00+00:00,9.365,9.383,9.365,9.374,3589.1,1779881999999,33641.88013000,444,1562.43000000,14644.85649000,0,LINKUSDT,binance
2026-05-27 11:40:00+00:00,9.373,9.373,9.36,9.37,4003.58,1779882299999,37490.94949000,361,2870.60000000,26879.71046000,0,LINKUSDT,binance
2026-05-27 11:45:00+00:00,9.369,9.37,9.359,9.363,5944.13,1779882599999,55664.15713000,315,1416.21000000,13261.67848000,0,LINKUSDT,binance
2026-05-27 11:50:00+00:00,9.364,9.372,9.364,9.364,2922.73,1779882899999,27379.84648000,169,2180.95000000,20430.14835000,0,LINKUSDT,binance
2026-05-27 11:55:00+00:00,9.363,9.369,9.356,9.361,3495.4,1779883199999,32717.34957000,292,574.86000000,5381.47575000,0,LINKUSDT,binance
2026-05-27 12:00:00+00:00,9.362,9.362,9.344,9.354,5920.07,1779883499999,55388.91651000,497,2192.14000000,20505.31313000,0,LINKUSDT,binance
2026-05-27 12:05:00+00:00,9.354,9.36,9.336,9.356,3331.39,1779883799999,31138.93025000,511,1715.17000000,16031.05640000,0,LINKUSDT,binance
2026-05-27 12:10:00+00:00,9.356,9.357,9.335,9.357,4941.77,1779884099999,46188.33818000,405,1583.89000000,14807.46879000,0,LINKUSDT,binance
2026-05-27 12:15:00+00:00,9.356,9.408,9.345,9.407,14242.32,1779884399999,133555.30822000,1353,8060.94000000,75559.58503000,0,LINKUSDT,binance
2026-05-27 12:20:00+00:00,9.407,9.48,9.401,9.431,31598.93,1779884699999,298562.86589000,2301,10986.57000000,103754.81468000,0,LINKUSDT,binance
2026-05-27 12:25:00+00:00,9.431,9.449,9.428,9.445,8879.25,1779884999999,83815.36799000,742,4295.53000000,40547.18705000,0,LINKUSDT,binance
2026-05-27 12:30:00+00:00,9.445,9.455,9.419,9.419,23139.07,1779885299999,218324.49133000,968,9108.94000000,85938.81517000,0,LINKUSDT,binance
2026-05-27 12:35:00+00:00,9.42,9.457,9.42,9.449,13441.76,1779885599999,126952.23656000,759,10495.02000000,99107.37703000,0,LINKUSDT,binance
2026-05-27 12:40:00+00:00,9.449,9.451,9.439,9.444,2346.22,1779885899999,22157.51774000,276,1208.91000000,11417.34350000,0,LINKUSDT,binance
2026-05-27 12:45:00+00:00,9.444,9.444,9.417,9.432,3935.11,1779886199999,37099.45166000,479,957.30000000,9022.49597000,0,LINKUSDT,binance
2026-05-27 12:50:00+00:00,9.433,9.434,9.415,9.426,3239.43,1779886499999,30531.95618000,517,1614.61000000,15217.53641000,0,LINKUSDT,binance
2026-05-27 12:55:00+00:00,9.425,9.425,9.404,9.404,4607.52,1779886799999,43389.32922000,280,1195.57000000,11249.76977000,0,LINKUSDT,binance
2026-05-27 13:00:00+00:00,9.405,9.412,9.383,9.384,7626.85,1779887099999,71712.87112000,480,2274.41000000,21390.74884000,0,LINKUSDT,binance
2026-05-27 13:05:00+00:00,9.384,9.389,9.371,9.376,6928.15,1779887399999,64982.12905000,457,3728.07000000,34962.69961000,0,LINKUSDT,binance
2026-05-27 13:10:00+00:00,9.376,9.386,9.373,9.386,7111.65,1779887699999,66704.71316000,403,4418.71000000,41443.67732000,0,LINKUSDT,binance
2026-05-27 13:15:00+00:00,9.385,9.387,9.373,9.379,3458.53,1779887999999,32444.28121000,510,2283.74000000,21423.29920000,0,LINKUSDT,binance
2026-05-27 13:20:00+00:00,9.38,9.38,9.362,9.378,2859.95,1779888299999,26799.66978000,382,1946.51000000,18239.27835000,0,LINKUSDT,binance
2026-05-27 13:25:00+00:00,9.379,9.379,9.351,9.356,8432.88,1779888599999,78928.32524000,609,2322.75000000,21749.51275000,0,LINKUSDT,binance
2026-05-27 13:30:00+00:00,9.355,9.368,9.329,9.346,21233.05,1779888899999,198340.13146000,1879,8592.83000000,80294.30315000,0,LINKUSDT,binance
2026-05-27 13:35:00+00:00,9.346,9.353,9.293,9.302,41098.55,1779889199999,382706.51116000,1936,24001.76000000,223452.22264000,0,LINKUSDT,binance
2026-05-27 13:40:00+00:00,9.302,9.302,9.271,9.279,17593.94,1779889499999,163358.24545000,1892,8299.27000000,77058.20313000,0,LINKUSDT,binance
2026-05-27 13:45:00+00:00,9.278,9.297,9.273,9.288,15423.21,1779889799999,143222.66720000,1143,7516.65000000,69790.21037000,0,LINKUSDT,binance
2026-05-27 13:50:00+00:00,9.288,9.324,9.275,9.321,7665.46,1779890099999,71338.35149000,917,4470.75000000,41618.73372000,0,LINKUSDT,binance
2026-05-27 13:55:00+00:00,9.32,9.329,9.316,9.325,8442.1,1779890399999,78686.65792000,481,7377.77000000,68766.00707000,0,LINKUSDT,binance
2026-05-27 14:00:00+00:00,9.326,9.377,9.326,9.37,11593.44,1779890699999,108470.25223000,1253,7523.17000000,70376.27426000,0,LINKUSDT,binance
2026-05-27 14:05:00+00:00,9.369,9.369,9.333,9.339,11288.14,1779890999999,105555.13815000,751,1646.95000000,15391.06576000,0,LINKUSDT,binance
2026-05-27 14:10:00+00:00,9.339,9.342,9.324,9.327,6000.61,1779891299999,56000.48497000,460,2768.77000000,25837.74433000,0,LINKUSDT,binance
2026-05-27 14:15:00+00:00,9.327,9.341,9.32,9.34,6922.27,1779891599999,64564.66834000,607,1858.54000000,17343.93107000,0,LINKUSDT,binance
2026-05-27 14:20:00+00:00,9.34,9.341,9.289,9.291,7616.06,1779891899999,70871.47121000,831,4013.86000000,37356.50369000,0,LINKUSDT,binance
2026-05-27 14:25:00+00:00,9.291,9.31,9.287,9.31,10488.2,1779892199999,97505.44826000,650,3721.46000000,34597.13803000,0,LINKUSDT,binance
2026-05-27 14:30:00+00:00,9.309,9.345,9.304,9.331,12159.31,1779892499999,113334.30410000,1181,5859.56000000,54623.67777000,0,LINKUSDT,binance
2026-05-27 14:35:00+00:00,9.332,9.342,9.316,9.333,5040.48,1779892799999,47028.83008000,530,3158.98000000,29469.70511000,0,LINKUSDT,binance
2026-05-27 14:40:00+00:00,9.332,9.338,9.312,9.329,4629.0,1779893099999,43151.54956000,440,1950.30000000,18186.79483000,0,LINKUSDT,binance
2026-05-27 14:45:00+00:00,9.33,9.35,9.33,9.339,6449.64,1779893399999,60239.33223000,437,3498.75000000,32671.57090000,0,LINKUSDT,binance
2026-05-27 14:50:00+00:00,9.339,9.366,9.339,9.364,7465.06,1779893699999,69838.80354000,499,3781.66000000,35365.20813000,0,LINKUSDT,binance
2026-05-27 14:55:00+00:00,9.363,9.368,9.356,9.367,8943.42,1779893999999,83716.72107000,388,6478.69000000,60650.77954000,0,LINKUSDT,binance
2026-05-27 15:00:00+00:00,9.367,9.395,9.365,9.382,19207.54,1779894299999,180168.04009000,1179,12016.68000000,112745.77510000,0,LINKUSDT,binance
2026-05-27 15:05:00+00:00,9.382,9.398,9.369,9.395,17736.27,1779894599999,166366.63579000,911,5044.63000000,47314.97406000,0,LINKUSDT,binance
2026-05-27 15:10:00+00:00,9.394,9.423,9.394,9.417,13727.85,1779894899999,129185.19328000,1337,7525.08000000,70797.01874000,0,LINKUSDT,binance
2026-05-27 15:15:00+00:00,9.417,9.458,9.416,9.44,27675.53,1779895199999,261214.51371000,2029,11026.97000000,104103.07128000,0,LINKUSDT,binance
2026-05-27 15:20:00+00:00,9.439,9.465,9.437,9.465,8865.95,1779895499999,83754.62128000,1400,6863.26000000,64831.63386000,0,LINKUSDT,binance
2026-05-27 15:25:00+00:00,9.464,9.468,9.45,9.451,8986.32,1779895799999,85005.87784000,809,4800.03000000,45405.95292000,0,LINKUSDT,binance
2026-05-27 15:30:00+00:00,9.452,9.484,9.442,9.447,11231.86,1779896099999,106312.38658000,1349,8166.63000000,77307.14574000,0,LINKUSDT,binance
2026-05-27 15:35:00+00:00,9.447,9.468,9.447,9.45,16944.67,1779896399999,160244.15315000,950,10833.93000000,102470.01236000,0,LINKUSDT,binance
2026-05-27 15:40:00+00:00,9.45,9.46,9.421,9.43,38456.77,1779896699999,363075.71841000,1226,25384.00000000,239604.44273000,0,LINKUSDT,binance
2026-05-27 15:45:00+00:00,9.43,9.446,9.43,9.437,16201.8,1779896999999,152934.91401000,861,13298.66000000,125534.78408000,0,LINKUSDT,binance
2026-05-27 15:50:00+00:00,9.437,9.446,9.411,9.418,6509.66,1779897299999,61388.96162000,814,3408.47000000,32159.32714000,0,LINKUSDT,binance
2026-05-27 15:55:00+00:00,9.417,9.434,9.41,9.434,4725.78,1779897599999,44535.22754000,386,3773.49000000,35559.35423000,0,LINKUSDT,binance
2026-05-27 16:00:00+00:00,9.435,9.456,9.42,9.42,10184.29,1779897899999,96175.98344000,803,4527.47000000,42760.63230000,0,LINKUSDT,binance
2026-05-27 16:05:00+00:00,9.42,9.424,9.403,9.414,9661.95,1779898199999,90924.88242000,784,7793.39000000,73335.97662000,0,LINKUSDT,binance
2026-05-27 16:10:00+00:00,9.414,9.429,9.414,9.416,3927.72,1779898499999,37002.62917000,475,2791.01000000,26293.37890000,0,LINKUSDT,binance
2026-05-27 16:15:00+00:00,9.416,9.416,9.362,9.368,7458.39,1779898799999,69980.03572000,707,3813.07000000,35759.80507000,0,LINKUSDT,binance
2026-05-27 16:20:00+00:00,9.369,9.372,9.357,9.369,19263.65,1779899099999,180423.50348000,745,12577.00000000,117786.39710000,0,LINKUSDT,binance
2026-05-27 16:25:00+00:00,9.369,9.383,9.366,9.376,3924.9,1779899399999,36796.76580000,438,2780.03000000,26062.96157000,0,LINKUSDT,binance
2026-05-27 16:30:00+00:00,9.376,9.379,9.353,9.353,2728.98,1779899699999,25567.94596000,576,1815.46000000,17011.22568000,0,LINKUSDT,binance
2026-05-27 16:35:00+00:00,9.353,9.354,9.319,9.338,47598.07,1779899999999,443849.35813000,1061,31456.53000000,293269.64148000,0,LINKUSDT,binance
2026-05-27 16:40:00+00:00,9.337,9.353,9.333,9.348,4664.99,1779900299999,43600.02571000,396,2441.45000000,22815.30269000,0,LINKUSDT,binance
2026-05-27 16:45:00+00:00,9.348,9.356,9.344,9.35,11448.18,1779900599999,107046.92053000,590,7585.62000000,70937.18930000,0,LINKUSDT,binance
2026-05-27 16:50:00+00:00,9.35,9.369,9.349,9.353,5582.15,1779900899999,52232.38437000,638,3481.10000000,32569.34291000,0,LINKUSDT,binance
2026-05-27 16:55:00+00:00,9.353,9.364,9.35,9.359,3956.45,1779901199999,37021.14511000,395,1108.38000000,10372.08806000,0,LINKUSDT,binance
2026-05-27 17:00:00+00:00,9.36,9.36,9.318,9.349,5940.46,1779901499999,55474.82902000,799,3050.78000000,28484.77353000,0,LINKUSDT,binance
2026-05-27 17:05:00+00:00,9.349,9.349,9.306,9.311,2583.99,1779901799999,24097.87049000,607,967.09000000,9017.60225000,0,LINKUSDT,binance
2026-05-27 17:10:00+00:00,9.311,9.318,9.27,9.279,8879.81,1779902099999,82474.93401000,945,3074.39000000,28559.64142000,0,LINKUSDT,binance
2026-05-27 17:15:00+00:00,9.28,9.282,9.263,9.276,12381.81,1779902399999,114812.36951000,905,7337.73000000,68039.64739000,0,LINKUSDT,binance
2026-05-27 17:20:00+00:00,9.276,9.307,9.275,9.298,6380.73,1779902699999,59301.98140000,511,3713.76000000,34509.04431000,0,LINKUSDT,binance
2026-05-27 17:25:00+00:00,9.297,9.298,9.276,9.295,3004.22,1779902999999,27902.92695000,447,1550.09000000,14397.03290000,0,LINKUSDT,binance
2026-05-27 17:30:00+00:00,9.294,9.294,9.284,9.289,3155.25,1779903299999,29301.54495000,346,579.20000000,5379.77065000,0,LINKUSDT,binance
2026-05-27 17:35:00+00:00,9.288,9.297,9.277,9.29,2425.12,1779903599999,22527.26892000,384,949.63000000,8821.47269000,0,LINKUSDT,binance
2026-05-27 17:40:00+00:00,9.289,9.29,9.255,9.264,5693.36,1779903899999,52787.00002000,567,867.36000000,8035.83357000,0,LINKUSDT,binance
2026-05-27 17:45:00+00:00,9.265,9.28,9.263,9.28,1444.43,1779904199999,13392.76914000,351,642.84000000,5960.76390000,0,LINKUSDT,binance
2026-05-27 17:50:00+00:00,9.281,9.286,9.274,9.274,3014.9,1779904499999,27970.98314000,260,2343.40000000,21739.76500000,0,LINKUSDT,binance
2026-05-27 17:55:00+00:00,9.274,9.274,9.23,9.255,17357.29,1779904799999,160575.42605000,1239,2903.07000000,26841.22957000,0,LINKUSDT,binance
2026-05-27 18:00:00+00:00,9.255,9.26,9.24,9.243,2271.01,1779905099999,21008.61646000,498,1106.74000000,10240.98656000,0,LINKUSDT,binance
2026-05-27 18:05:00+00:00,9.243,9.26,9.234,9.238,2452.65,1779905399999,22673.88625000,490,1488.16000000,13759.96447000,0,LINKUSDT,binance
2026-05-27 18:10:00+00:00,9.238,9.25,9.222,9.237,6769.56,1779905699999,62507.07214000,702,2880.32000000,26602.39906000,0,LINKUSDT,binance
2026-05-27 18:15:00+00:00,9.238,9.264,9.23,9.26,4784.92,1779905999999,44278.77865000,482,1600.26000000,14802.74592000,0,LINKUSDT,binance
2026-05-27 18:20:00+00:00,9.259,9.263,9.244,9.254,3968.47,1779906299999,36733.71547000,435,2094.15000000,19386.69325000,0,LINKUSDT,binance
2026-05-27 18:25:00+00:00,9.255,9.263,9.248,9.263,3849.04,1779906599999,35621.69734000,236,1168.05000000,10812.43775000,0,LINKUSDT,binance
2026-05-27 18:30:00+00:00,9.263,9.263,9.252,9.258,1837.41,1779906899999,17012.00317000,241,302.60000000,2801.64058000,0,LINKUSDT,binance
2026-05-27 18:35:00+00:00,9.259,9.268,9.253,9.265,1527.21,1779907199999,14140.46583000,205,1195.46000000,11068.75745000,0,LINKUSDT,binance
2026-05-27 18:40:00+00:00,9.266,9.286,9.266,9.277,1164.82,1779907499999,10807.87854000,208,738.75000000,6854.71125000,0,LINKUSDT,binance
2026-05-27 18:45:00+00:00,9.278,9.284,9.276,9.28,2337.8,1779907799999,21692.02163000,155,1771.64000000,16438.77072000,0,LINKUSDT,binance
2026-05-27 18:50:00+00:00,9.28,9.298,9.28,9.289,5122.87,1779908099999,47588.12268000,334,1553.18000000,14430.99965000,0,LINKUSDT,binance
2026-05-27 18:55:00+00:00,9.29,9.305,9.289,9.303,4488.73,1779908399999,41735.91994000,231,1591.80000000,14804.73591000,0,LINKUSDT,binance
2026-05-27 19:00:00+00:00,9.304,9.307,9.293,9.304,3308.19,1779908699999,30772.25875000,339,489.67000000,4554.73235000,0,LINKUSDT,binance
2026-05-27 19:05:00+00:00,9.304,9.307,9.295,9.304,2345.56,1779908999999,21813.44951000,258,1229.10000000,11432.57221000,0,LINKUSDT,binance
2026-05-27 19:10:00+00:00,9.304,9.314,9.295,9.314,2780.21,1779909299999,25867.18055000,289,1372.54000000,12771.43053000,0,LINKUSDT,binance
2026-05-27 19:15:00+00:00,9.314,9.319,9.304,9.304,4715.79,1779909599999,43911.46054000,393,1434.77000000,13362.93539000,0,LINKUSDT,binance
2026-05-27 19:20:00+00:00,9.304,9.337,9.3,9.333,15968.4,1779909899999,148817.60645000,1198,11947.36000000,111355.23354000,0,LINKUSDT,binance
2026-05-27 19:25:00+00:00,9.332,9.333,9.325,9.328,2226.85,1779910199999,20775.18082000,285,1503.49000000,14026.26456000,0,LINKUSDT,binance
2026-05-27 19:30:00+00:00,9.328,9.344,9.325,9.331,3302.44,1779910499999,30834.22134000,399,2362.14000000,22059.21941000,0,LINKUSDT,binance
2026-05-27 19:35:00+00:00,9.332,9.337,9.327,9.331,3667.39,1779910799999,34222.41083000,415,1320.90000000,12326.50825000,0,LINKUSDT,binance
2026-05-27 19:40:00+00:00,9.33,9.331,9.31,9.317,2064.71,1779911099999,19251.32251000,311,538.52000000,5021.54721000,0,LINKUSDT,binance
2026-05-27 19:45:00+00:00,9.318,9.322,9.308,9.308,1657.68,1779911399999,15442.93855000,303,489.51000000,4559.78432000,0,LINKUSDT,binance
2026-05-27 19:50:00+00:00,9.308,9.326,9.305,9.325,1000.84,1779911699999,9322.17110000,236,387.99000000,3615.78340000,0,LINKUSDT,binance
2026-05-27 19:55:00+00:00,9.325,9.325,9.319,9.322,1118.05,1779911999999,10422.71517000,159,647.72000000,6038.16329000,0,LINKUSDT,binance
2026-05-27 20:00:00+00:00,9.321,9.326,9.312,9.319,1863.93,1779912299999,17368.95923000,213,923.69000000,8608.96632000,0,LINKUSDT,binance
2026-05-27 20:05:00+00:00,9.318,9.335,9.31,9.334,7544.91,1779912599999,70323.92510000,477,4081.60000000,38046.14455000,0,LINKUSDT,binance
2026-05-27 20:10:00+00:00,9.335,9.337,9.328,9.333,2268.17,1779912899999,21170.44581000,303,1232.62000000,11504.49936000,0,LINKUSDT,binance
2026-05-27 20:15:00+00:00,9.334,9.349,9.333,9.347,2041.43,1779913199999,19070.75955000,264,1386.23000000,12950.70453000,0,LINKUSDT,binance
2026-05-27 20:20:00+00:00,9.348,9.354,9.326,9.326,9551.41,1779913499999,89212.17345000,423,5173.58000000,48333.95932000,0,LINKUSDT,binance
2026-05-27 20:25:00+00:00,9.326,9.329,9.313,9.315,2174.03,1779913799999,20262.77831000,209,993.19000000,9258.79261000,0,LINKUSDT,binance
2026-05-27 20:30:00+00:00,9.315,9.318,9.301,9.305,59019.46,1779914099999,549169.54906000,1383,37170.48000000,345897.12998000,0,LINKUSDT,binance
2026-05-27 20:35:00+00:00,9.306,9.322,9.306,9.316,2334.15,1779914399999,21734.15000000,215,1254.45000000,11683.89366000,0,LINKUSDT,binance
2026-05-27 20:40:00+00:00,9.315,9.324,9.308,9.324,3218.79,1779914699999,29987.92578000,244,1182.72000000,11017.40610000,0,LINKUSDT,binance
2026-05-27 20:45:00+00:00,9.325,9.34,9.325,9.338,2486.56,1779914999999,23211.27293000,242,340.10000000,3173.22570000,0,LINKUSDT,binance
2026-05-27 20:50:00+00:00,9.339,9.339,9.328,9.332,1390.26,1779915299999,12978.85774000,153,417.19000000,3894.36679000,0,LINKUSDT,binance
2026-05-27 20:55:00+00:00,9.332,9.339,9.331,9.335,3415.04,1779915599999,31879.72080000,182,1685.15000000,15734.05237000,0,LINKUSDT,binance
2026-05-27 21:00:00+00:00,9.335,9.335,9.325,9.328,1768.35,1779915899999,16498.08273000,276,1082.54000000,10099.12354000,0,LINKUSDT,binance
2026-05-27 21:05:00+00:00,9.327,9.338,9.325,9.332,817.14,1779916199999,7626.07367000,189,527.09000000,4918.91180000,0,LINKUSDT,binance
2026-05-27 21:10:00+00:00,9.332,9.343,9.32,9.325,13270.38,1779916499999,123841.03117000,517,2401.35000000,22409.96977000,0,LINKUSDT,binance
2026-05-27 21:15:00+00:00,9.325,9.328,9.316,9.321,1153.9,1779916799999,10754.94736000,195,972.28000000,9061.70864000,0,LINKUSDT,binance
2026-05-27 21:20:00+00:00,9.321,9.326,9.32,9.321,1553.02,1779917099999,14475.94682000,109,972.24000000,9062.48070000,0,LINKUSDT,binance
2026-05-27 21:25:00+00:00,9.322,9.323,9.301,9.301,10252.73,1779917399999,95503.25402000,329,2739.40000000,25488.17340000,0,LINKUSDT,binance
2026-05-27 21:30:00+00:00,9.301,9.302,9.276,9.279,39112.1,1779917699999,363424.11960000,1823,24842.46000000,230849.68565000,0,LINKUSDT,binance
2026-05-27 21:35:00+00:00,9.279,9.279,9.258,9.258,7066.84,1779917999999,65504.96675000,645,3654.25000000,33870.24080000,0,LINKUSDT,binance
2026-05-27 21:40:00+00:00,9.257,9.26,9.15,9.203,48358.87,1779918299999,444468.92890000,4007,19241.61000000,176769.14371000,0,LINKUSDT,binance
2026-05-27 21:45:00+00:00,9.203,9.206,9.156,9.176,23525.11,1779918599999,215971.47677000,3110,10952.69000000,100536.13550000,0,LINKUSDT,binance
2026-05-27 21:50:00+00:00,9.175,9.176,9.147,9.152,11883.64,1779918899999,108881.67625000,1896,6505.62000000,59604.49365000,0,LINKUSDT,binance
2026-05-27 21:55:00+00:00,9.152,9.177,9.135,9.17,10847.79,1779919199999,99313.65914000,1524,4619.84000000,42286.33045000,0,LINKUSDT,binance
2026-05-27 22:00:00+00:00,9.171,9.208,9.149,9.203,12566.68,1779919499999,115226.96548000,1377,4920.23000000,45146.31243000,0,LINKUSDT,binance
2026-05-27 22:05:00+00:00,9.202,9.211,9.169,9.172,4564.99,1779919799999,41954.12162000,715,2319.51000000,21311.75104000,0,LINKUSDT,binance
2026-05-27 22:10:00+00:00,9.172,9.172,9.141,9.158,8603.77,1779920099999,78745.76773000,1057,4373.69000000,40029.91590000,0,LINKUSDT,binance
2026-05-27 22:15:00+00:00,9.157,9.17,9.132,9.164,14305.71,1779920399999,130969.13000000,1191,8160.19000000,74705.71195000,0,LINKUSDT,binance
2026-05-27 22:20:00+00:00,9.164,9.187,9.161,9.172,11026.13,1779920699999,101112.78810000,743,4763.69000000,43693.62352000,0,LINKUSDT,binance
2026-05-27 22:25:00+00:00,9.173,9.188,9.17,9.182,9002.01,1779920999999,82657.85862000,421,2918.40000000,26787.62311000,0,LINKUSDT,binance
2026-05-27 22:30:00+00:00,9.182,9.183,9.164,9.178,3689.15,1779921299999,33837.86656000,496,2095.51000000,19222.20981000,0,LINKUSDT,binance
2026-05-27 22:35:00+00:00,9.178,9.189,9.174,9.188,2291.97,1779921599999,21044.12313000,303,1713.52000000,15733.52516000,0,LINKUSDT,binance
2026-05-27 22:40:00+00:00,9.189,9.199,9.186,9.186,6192.45,1779921899999,56936.71846000,517,3052.13000000,28059.32467000,0,LINKUSDT,binance
2026-05-27 22:45:00+00:00,9.186,9.192,9.166,9.168,3212.24,1779922199999,29495.00915000,380,790.38000000,7255.25791000,0,LINKUSDT,binance
2026-05-27 22:50:00+00:00,9.167,9.169,9.161,9.167,2603.99,1779922499999,23866.31793000,326,1636.01000000,14993.84260000,0,LINKUSDT,binance
2026-05-27 22:55:00+00:00,9.167,9.176,9.144,9.144,3208.09,1779922799999,29385.70635000,468,1256.02000000,11509.52862000,0,LINKUSDT,binance
2026-05-27 23:00:00+00:00,9.143,9.161,9.124,9.156,13166.47,1779923099999,120305.19785000,869,4503.10000000,41143.76046000,0,LINKUSDT,binance
2026-05-27 23:05:00+00:00,9.155,9.159,9.144,9.154,3835.9,1779923399999,35109.08203000,440,1316.04000000,12048.97842000,0,LINKUSDT,binance
2026-05-27 23:10:00+00:00,9.154,9.161,9.15,9.158,2930.14,1779923699999,26824.73462000,301,1828.39000000,16739.55200000,0,LINKUSDT,binance
2026-05-27 23:15:00+00:00,9.158,9.168,9.154,9.165,10269.66,1779923999999,94098.99302000,562,2766.41000000,25350.00766000,0,LINKUSDT,binance
2026-05-27 23:20:00+00:00,9.166,9.167,9.128,9.134,6384.43,1779924299999,58343.53901000,588,2849.55000000,26022.18485000,0,LINKUSDT,binance
2026-05-27 23:25:00+00:00,9.133,9.133,9.099,9.12,43827.21,1779924599999,399282.54201000,1485,12847.48000000,117033.23679000,0,LINKUSDT,binance
2026-05-27 23:30:00+00:00,9.12,9.138,9.117,9.125,5083.46,1779924899999,46404.26753000,509,1289.44000000,11775.39227000,0,LINKUSDT,binance
2026-05-27 23:35:00+00:00,9.124,9.131,9.114,9.131,2667.3,1779925199999,24330.37885000,389,905.70000000,8263.29268000,0,LINKUSDT,binance
2026-05-27 23:40:00+00:00,9.132,9.141,9.128,9.137,8473.08,1779925499999,77395.63113000,461,4197.64000000,38342.48483000,0,LINKUSDT,binance
2026-05-27 23:45:00+00:00,9.136,9.142,9.131,9.142,2953.18,1779925799999,26984.58631000,352,958.87000000,8762.99408000,0,LINKUSDT,binance
2026-05-27 23:50:00+00:00,9.141,9.142,9.125,9.141,4729.54,1779926099999,43195.63036000,463,2406.28000000,21976.00251000,0,LINKUSDT,binance
2026-05-27 23:55:00+00:00,9.142,9.15,9.136,9.136,3213.94,1779926399999,29392.77615000,303,1713.30000000,15669.16537000,0,LINKUSDT,binance
2026-05-28 00:00:00+00:00,9.135,9.145,9.131,9.141,3650.66,1779926699999,33360.12903000,450,2068.56000000,18904.16044000,0,LINKUSDT,binance
2026-05-28 00:05:00+00:00,9.142,9.153,9.123,9.13,12034.74,1779926999999,109925.54463000,715,4204.40000000,38401.43047000,0,LINKUSDT,binance
2026-05-28 00:10:00+00:00,9.131,9.134,9.105,9.116,10145.63,1779927299999,92459.11053000,679,2636.21000000,24030.45927000,0,LINKUSDT,binance
2026-05-28 00:15:00+00:00,9.117,9.147,9.116,9.136,5242.74,1779927599999,47919.51999000,589,3414.70000000,31209.37761000,0,LINKUSDT,binance
2026-05-28 00:20:00+00:00,9.136,9.147,9.126,9.127,5701.58,1779927899999,52109.66062000,540,3204.20000000,29294.01671000,0,LINKUSDT,binance
2026-05-28 00:25:00+00:00,9.128,9.128,9.109,9.126,8454.85,1779928199999,77059.16108000,547,2847.56000000,25947.80231000,0,LINKUSDT,binance
2026-05-28 00:30:00+00:00,9.126,9.136,9.12,9.135,8436.19,1779928499999,76989.69860000,531,3251.25000000,29670.70540000,0,LINKUSDT,binance
2026-05-28 00:35:00+00:00,9.134,9.138,9.126,9.13,3719.15,1779928799999,33963.80358000,370,956.93000000,8740.01610000,0,LINKUSDT,binance
2026-05-28 00:40:00+00:00,9.129,9.145,9.129,9.145,1290.73,1779929099999,11790.85739000,294,561.18000000,5126.94079000,0,LINKUSDT,binance
2026-05-28 00:45:00+00:00,9.144,9.147,9.138,9.14,1281.47,1779929399999,11716.88708000,274,668.73000000,6115.36535000,0,LINKUSDT,binance
2026-05-28 00:50:00+00:00,9.14,9.14,9.124,9.136,6190.11,1779929699999,56548.36410000,362,1215.41000000,11102.94036000,0,LINKUSDT,binance
2026-05-28 00:55:00+00:00,9.135,9.148,9.121,9.147,1801.21,1779929999999,16447.97007000,447,1096.38000000,10012.71741000,0,LINKUSDT,binance
2026-05-28 01:00:00+00:00,9.148,9.151,9.141,9.141,986.36,1779930299999,9022.56321000,305,612.89000000,5607.13230000,0,LINKUSDT,binance
2026-05-28 01:05:00+00:00,9.141,9.141,9.131,9.134,846.91,1779930599999,7738.10519000,281,315.02000000,2878.24551000,0,LINKUSDT,binance
2026-05-28 01:10:00+00:00,9.134,9.137,9.121,9.133,1890.66,1779930899999,17262.11722000,300,1320.15000000,12052.09816000,0,LINKUSDT,binance
2026-05-28 01:15:00+00:00,9.132,9.132,9.078,9.107,35259.82,1779931199999,320910.62643000,1620,21266.34000000,193630.81739000,0,LINKUSDT,binance
2026-05-28 01:20:00+00:00,9.108,9.133,9.093,9.12,15453.34,1779931499999,140690.05454000,794,2820.83000000,25686.89586000,0,LINKUSDT,binance
2026-05-28 01:25:00+00:00,9.12,9.12,9.063,9.087,13393.65,1779931799999,121628.44272000,1006,4486.85000000,40740.89565000,0,LINKUSDT,binance
2026-05-28 01:30:00+00:00,9.086,9.105,9.078,9.094,7439.08,1779932099999,67626.09233000,924,2769.47000000,25170.68109000,0,LINKUSDT,binance
2026-05-28 01:35:00+00:00,9.094,9.105,9.081,9.089,7304.8,1779932399999,66412.78376000,568,4126.56000000,37529.73840000,0,LINKUSDT,binance
2026-05-28 01:40:00+00:00,9.089,9.105,9.07,9.099,9146.5,1779932699999,83092.79693000,601,6929.69000000,62959.04769000,0,LINKUSDT,binance
2026-05-28 01:45:00+00:00,9.1,9.121,9.099,9.113,3046.25,1779932999999,27742.47791000,528,723.38000000,6589.70691000,0,LINKUSDT,binance
2026-05-28 01:50:00+00:00,9.114,9.118,9.098,9.102,6922.07,1779933299999,63041.85830000,610,1755.21000000,15986.07502000,0,LINKUSDT,binance
2026-05-28 01:55:00+00:00,9.102,9.109,9.092,9.103,2163.66,1779933599999,19694.29817000,399,1201.43000000,10936.38833000,0,LINKUSDT,binance
2026-05-28 02:00:00+00:00,9.104,9.115,9.087,9.095,4338.8,1779933899999,39461.34748000,503,2792.67000000,25397.27011000,0,LINKUSDT,binance
2026-05-28 02:05:00+00:00,9.095,9.117,9.095,9.117,2921.82,1779934199999,26608.02515000,447,2650.20000000,24133.85601000,0,LINKUSDT,binance
2026-05-28 02:10:00+00:00,9.117,9.118,9.109,9.117,1087.27,1779934499999,9907.44952000,217,389.11000000,3546.46178000,0,LINKUSDT,binance
2026-05-28 02:15:00+00:00,9.117,9.121,9.107,9.107,1256.85,1779934799999,11457.50815000,239,634.48000000,5783.88064000,0,LINKUSDT,binance
2026-05-28 02:20:00+00:00,9.108,9.111,9.1,9.11,2544.96,1779935099999,23164.71733000,262,788.30000000,7175.96421000,0,LINKUSDT,binance
2026-05-28 02:25:00+00:00,9.111,9.115,9.099,9.105,808.59,1779935399999,7363.87179000,196,249.67000000,2274.54594000,0,LINKUSDT,binance
2026-05-28 02:30:00+00:00,9.105,9.112,9.095,9.107,2092.1,1779935699999,19045.31870000,398,1047.67000000,9539.37915000,0,LINKUSDT,binance
2026-05-28 02:35:00+00:00,9.107,9.116,9.091,9.116,4956.88,1779935999999,45120.33831000,396,2514.38000000,22887.12676000,0,LINKUSDT,binance
2026-05-28 02:40:00+00:00,9.116,9.119,9.107,9.11,1254.51,1779936299999,11431.07451000,243,722.75000000,6585.75924000,0,LINKUSDT,binance
2026-05-28 02:45:00+00:00,9.11,9.121,9.103,9.121,5088.68,1779936599999,46366.35274000,257,2476.34000000,22560.96743000,0,LINKUSDT,binance
2026-05-28 02:50:00+00:00,9.121,9.121,9.107,9.116,2961.8,1779936899999,26998.76989000,241,2442.92000000,22270.39376000,0,LINKUSDT,binance
2026-05-28 02:55:00+00:00,9.117,9.122,9.104,9.106,764.16,1779937199999,6962.35046000,227,313.51000000,2856.20388000,0,LINKUSDT,binance
2026-05-28 03:00:00+00:00,9.107,9.113,9.096,9.109,5007.25,1779937499999,45578.82892000,405,1217.46000000,11087.80378000,0,LINKUSDT,binance
2026-05-28 03:05:00+00:00,9.109,9.123,9.096,9.097,1776.24,1779937799999,16179.75090000,464,566.29000000,5159.26120000,0,LINKUSDT,binance
2026-05-28 03:10:00+00:00,9.097,9.1,9.071,9.092,5565.78,1779938099999,50543.76623000,644,2313.50000000,21013.67733000,0,LINKUSDT,binance
2026-05-28 03:15:00+00:00,9.092,9.097,8.94,9.0,163886.37,1779938399999,1473260.03696000,10325,65605.35000000,589411.21908000,0,LINKUSDT,binance
2026-05-28 03:20:00+00:00,9.0,9.051,8.994,9.051,22878.23,1779938699999,206568.76592000,1662,9497.70000000,85740.95016000,0,LINKUSDT,binance
2026-05-28 03:25:00+00:00,9.051,9.051,9.015,9.016,13781.81,1779938999999,124471.46011000,850,4227.08000000,38156.15529000,0,LINKUSDT,binance
2026-05-28 03:30:00+00:00,9.017,9.02,8.999,9.002,8677.16,1779939299999,78195.89775000,869,1605.58000000,14467.98307000,0,LINKUSDT,binance
2026-05-28 03:35:00+00:00,9.002,9.002,8.963,8.982,30886.31,1779939599999,277368.93940000,1881,6116.12000000,54908.69679000,0,LINKUSDT,binance
2026-05-28 03:40:00+00:00,8.983,9.001,8.971,8.973,55393.94,1779939899999,498205.39959000,1494,14879.46000000,133804.05083000,0,LINKUSDT,binance
2026-05-28 03:45:00+00:00,8.972,8.997,8.967,8.967,13516.5,1779940199999,121409.27340000,1065,3584.98000000,32224.07717000,0,LINKUSDT,binance
2026-05-28 03:50:00+00:00,8.968,8.97,8.921,8.932,45509.35,1779940499999,406968.50208000,2404,22779.55000000,203641.80081000,0,LINKUSDT,binance
2026-05-28 03:55:00+00:00,8.932,8.932,8.884,8.89,75093.98,1779940799999,668587.56643000,4774,34993.15000000,311461.04141000,0,LINKUSDT,binance
2026-05-28 04:00:00+00:00,8.89,8.903,8.762,8.832,177731.6,1779941099999,1569961.24696000,9743,87645.85000000,773842.35189000,0,LINKUSDT,binance
2026-05-28 04:05:00+00:00,8.832,8.885,8.811,8.885,42957.15,1779941399999,379480.07400000,3645,26307.80000000,232345.41376000,0,LINKUSDT,binance
2026-05-28 04:10:00+00:00,8.885,8.897,8.865,8.872,15018.0,1779941699999,133428.23605000,1743,7686.11000000,68293.06557000,0,LINKUSDT,binance
2026-05-28 04:15:00+00:00,8.872,8.884,8.834,8.85,22805.14,1779941999999,202003.05762000,2322,5277.97000000,46780.63364000,0,LINKUSDT,binance
2026-05-28 04:20:00+00:00,8.85,8.852,8.82,8.828,24179.44,1779942299999,213639.73528000,2679,6835.98000000,60423.81795000,0,LINKUSDT,binance
2026-05-28 04:25:00+00:00,8.828,8.868,8.813,8.861,8937.36,1779942599999,79002.29968000,985,4137.11000000,36581.23902000,0,LINKUSDT,binance
2026-05-28 04:30:00+00:00,8.861,8.892,8.853,8.889,13001.15,1779942899999,115425.45591000,1085,5623.87000000,49946.01742000,0,LINKUSDT,binance
2026-05-28 04:35:00+00:00,8.888,8.907,8.876,8.891,10231.66,1779943199999,90995.02189000,805,4939.80000000,43938.40004000,0,LINKUSDT,binance
2026-05-28 04:40:00+00:00,8.891,8.907,8.889,8.903,6558.37,1779943499999,58350.79087000,452,3740.90000000,33280.46796000,0,LINKUSDT,binance
2026-05-28 04:45:00+00:00,8.902,8.905,8.886,8.902,5364.54,1779943799999,47729.37567000,494,3106.40000000,27636.45592000,0,LINKUSDT,binance
2026-05-28 04:50:00+00:00,8.902,8.902,8.885,8.889,11295.44,1779944099999,100436.21967000,775,4076.22000000,36242.44790000,0,LINKUSDT,binance
2026-05-28 04:55:00+00:00,8.89,8.905,8.89,8.905,5315.13,1779944399999,47292.04381000,752,3463.35000000,30816.87465000,0,LINKUSDT,binance
2026-05-28 05:00:00+00:00,8.906,8.911,8.898,8.898,5145.98,1779944699999,45830.48450000,706,2400.99000000,21386.51936000,0,LINKUSDT,binance
2026-05-28 05:05:00+00:00,8.899,8.899,8.872,8.877,14406.24,1779944999999,127996.88532000,1210,11016.45000000,97876.19167000,0,LINKUSDT,binance
2026-05-28 05:10:00+00:00,8.878,8.882,8.868,8.874,11394.92,1779945299999,101122.28141000,1001,6317.74000000,56064.65451000,0,LINKUSDT,binance
2026-05-28 05:15:00+00:00,8.874,8.874,8.837,8.847,4881.4,1779945599999,43228.44901000,1078,2285.69000000,20244.38058000,0,LINKUSDT,binance
2026-05-28 05:20:00+00:00,8.848,8.854,8.792,8.827,34263.86,1779945899999,302340.88306000,2430,16834.24000000,148462.57397000,0,LINKUSDT,binance
2026-05-28 05:25:00+00:00,8.826,8.827,8.796,8.802,40668.79,1779946199999,358051.89282000,2763,22490.96000000,197967.13153000,0,LINKUSDT,binance
2026-05-28 05:30:00+00:00,8.803,8.844,8.801,8.84,19628.39,1779946499999,173195.14706000,1953,10999.30000000,97004.47417000,0,LINKUSDT,binance
2026-05-28 05:35:00+00:00,8.84,8.846,8.826,8.845,14396.59,1779946799999,127205.73939000,1608,5447.44000000,48132.50434000,0,LINKUSDT,binance
2026-05-28 05:40:00+00:00,8.845,8.849,8.837,8.845,7647.42,1779947099999,67629.11206000,879,3854.75000000,34088.86265000,0,LINKUSDT,binance
2026-05-28 05:45:00+00:00,8.846,8.852,8.82,8.833,9777.63,1779947399999,86363.07543000,1225,5396.69000000,47668.09053000,0,LINKUSDT,binance
2026-05-28 05:50:00+00:00,8.833,8.846,8.831,8.841,3436.0,1779947699999,30366.69988000,516,1676.46000000,14817.68839000,0,LINKUSDT,binance
2026-05-28 05:55:00+00:00,8.841,8.841,8.825,8.831,4907.98,1779947999999,43353.51321000,613,1959.00000000,17305.12144000,0,LINKUSDT,binance
2026-05-28 06:00:00+00:00,8.83,8.847,8.826,8.842,10712.29,1779948299999,94631.64009000,737,8013.98000000,70783.84064000,0,LINKUSDT,binance
2026-05-28 06:05:00+00:00,8.841,8.855,8.838,8.839,3566.67,1779948599999,31546.55579000,518,2334.64000000,20649.57058000,0,LINKUSDT,binance
2026-05-28 06:10:00+00:00,8.839,8.846,8.831,8.834,2239.73,1779948899999,19795.83104000,378,1143.86000000,10110.31435000,0,LINKUSDT,binance
2026-05-28 06:15:00+00:00,8.835,8.849,8.833,8.842,6070.67,1779949199999,53688.62804000,507,3544.70000000,31349.41040000,0,LINKUSDT,binance
2026-05-28 06:20:00+00:00,8.843,8.846,8.817,8.827,7060.27,1779949499999,62338.54826000,789,4647.77000000,41036.38700000,0,LINKUSDT,binance
2026-05-28 06:25:00+00:00,8.826,8.838,8.816,8.837,4492.03,1779949799999,39643.87812000,648,3316.64000000,29272.78497000,0,LINKUSDT,binance
2026-05-28 06:30:00+00:00,8.836,8.838,8.809,8.818,5399.87,1779950099999,47640.68346000,850,2550.20000000,22502.50414000,0,LINKUSDT,binance
2026-05-28 06:35:00+00:00,8.817,8.824,8.799,8.821,7399.36,1779950399999,65180.63660000,812,4839.36000000,42634.52100000,0,LINKUSDT,binance
2026-05-28 06:40:00+00:00,8.822,8.826,8.809,8.826,18895.32,1779950699999,166541.52950000,667,9978.22000000,87944.95979000,0,LINKUSDT,binance
2026-05-28 06:45:00+00:00,8.827,8.868,8.827,8.855,22638.6,1779950999999,200283.34760000,1228,17747.55000000,156990.60022000,0,LINKUSDT,binance
2026-05-28 06:50:00+00:00,8.855,8.856,8.842,8.846,4905.05,1779951299999,43401.30537000,479,2311.83000000,20456.61529000,0,LINKUSDT,binance
2026-05-28 06:55:00+00:00,8.846,8.86,8.846,8.852,5071.46,1779951599999,44882.28609000,423,3038.38000000,26885.16102000,0,LINKUSDT,binance
2026-05-28 07:00:00+00:00,8.852,8.861,8.851,8.856,6099.94,1779951899999,54015.08511000,550,4221.28000000,37379.67552000,0,LINKUSDT,binance
2026-05-28 07:05:00+00:00,8.856,8.871,8.849,8.871,5309.85,1779952199999,47045.40361000,470,1779.92000000,15765.13953000,0,LINKUSDT,binance
2026-05-28 07:10:00+00:00,8.872,8.872,8.855,8.869,6136.15,1779952499999,54368.44889000,553,1678.76000000,14873.45031000,0,LINKUSDT,binance
2026-05-28 07:15:00+00:00,8.869,8.885,8.867,8.879,5668.42,1779952799999,50330.77612000,637,3736.45000000,33177.82920000,0,LINKUSDT,binance
2026-05-28 07:20:00+00:00,8.879,8.89,8.879,8.889,4281.39,1779953099999,38039.68924000,397,2649.23000000,23539.26772000,0,LINKUSDT,binance
2026-05-28 07:25:00+00:00,8.889,8.891,8.878,8.883,3832.86,1779953399999,34050.76633000,393,2776.43000000,24663.59139000,0,LINKUSDT,binance
2026-05-28 07:30:00+00:00,8.884,8.906,8.883,8.905,14103.8,1779953699999,125486.33471000,635,8854.94000000,78804.43967000,0,LINKUSDT,binance
2026-05-28 07:35:00+00:00,8.906,8.919,8.902,8.91,6350.72,1779953999999,56581.11268000,526,3128.20000000,27873.73326000,0,LINKUSDT,binance
2026-05-28 07:40:00+00:00,8.91,8.916,8.905,8.914,1837.5,1779954299999,16371.09341000,203,1336.86000000,11910.83325000,0,LINKUSDT,binance
2026-05-28 07:45:00+00:00,8.913,8.913,8.894,8.897,9444.32,1779954599999,84055.89071000,356,6508.89000000,57924.17444000,0,LINKUSDT,binance
2026-05-28 07:50:00+00:00,8.897,8.898,8.886,8.894,3325.23,1779954899999,29563.59438000,324,2227.12000000,19800.72309000,0,LINKUSDT,binance
2026-05-28 07:55:00+00:00,8.894,8.907,8.894,8.904,7219.57,1779955199999,64264.13047000,434,1959.02000000,17435.27291000,0,LINKUSDT,binance
2026-05-28 08:00:00+00:00,8.904,8.907,8.866,8.873,9304.67,1779955499999,82604.51053000,760,3427.05000000,30404.18015000,0,LINKUSDT,binance
2026-05-28 08:05:00+00:00,8.873,8.886,8.873,8.882,2889.89,1779955799999,25656.68519000,414,2023.31000000,17963.79675000,0,LINKUSDT,binance
2026-05-28 08:10:00+00:00,8.882,8.891,8.873,8.891,3142.9,1779956099999,27900.94074000,374,1358.12000000,12059.50314000,0,LINKUSDT,binance
2026-05-28 08:15:00+00:00,8.89,8.89,8.871,8.877,4024.16,1779956399999,35733.10666000,372,1469.84000000,13051.92211000,0,LINKUSDT,binance
2026-05-28 08:20:00+00:00,8.877,8.878,8.859,8.868,5471.6,1779956699999,48503.48937000,469,3503.43000000,31047.92049000,0,LINKUSDT,binance
2026-05-28 08:25:00+00:00,8.868,8.868,8.848,8.854,3796.41,1779956999999,33615.26465000,371,2425.92000000,21478.86312000,0,LINKUSDT,binance
2026-05-28 08:30:00+00:00,8.854,8.87,8.845,8.867,3142.58,1779957299999,27827.23805000,495,2515.79000000,22273.19342000,0,LINKUSDT,binance
2026-05-28 08:35:00+00:00,8.868,8.882,8.866,8.878,3790.37,1779957599999,33629.51794000,401,867.97000000,7704.15851000,0,LINKUSDT,binance
2026-05-28 08:40:00+00:00,8.877,8.877,8.863,8.865,2278.4,1779957899999,20204.46110000,250,103.93000000,921.98628000,0,LINKUSDT,binance
2026-05-28 08:45:00+00:00,8.865,8.882,8.864,8.87,3408.84,1779958199999,30251.87229000,424,1089.18000000,9666.29445000,0,LINKUSDT,binance
2026-05-28 08:50:00+00:00,8.871,8.876,8.869,8.872,2465.41,1779958499999,21870.96306000,218,1290.02000000,11444.83301000,0,LINKUSDT,binance
2026-05-28 08:55:00+00:00,8.873,8.873,8.863,8.866,943.92,1779958799999,8372.29736000,216,634.97000000,5632.14254000,0,LINKUSDT,binance
2026-05-28 09:00:00+00:00,8.866,8.889,8.865,8.878,2759.02,1779959099999,24494.35799000,421,1714.85000000,15222.66798000,0,LINKUSDT,binance
2026-05-28 09:05:00+00:00,8.878,8.884,8.866,8.866,1942.71,1779959399999,17238.68024000,388,692.95000000,6150.82567000,0,LINKUSDT,binance
2026-05-28 09:10:00+00:00,8.867,8.877,8.858,8.877,2207.84,1779959699999,19575.23813000,418,1136.65000000,10077.66135000,0,LINKUSDT,binance
2026-05-28 09:15:00+00:00,8.877,8.894,8.875,8.894,2592.53,1779959999999,23023.31768000,339,1661.84000000,14756.58163000,0,LINKUSDT,binance
2026-05-28 09:20:00+00:00,8.894,8.901,8.89,8.901,1475.39,1779960299999,13124.88111000,323,625.00000000,5561.81168000,0,LINKUSDT,binance
2026-05-28 09:25:00+00:00,8.899,8.902,8.898,8.902,1055.64,1779960599999,9395.60280000,233,423.77000000,3771.88346000,0,LINKUSDT,binance
2026-05-28 09:30:00+00:00,8.903,8.903,8.895,8.902,2280.55,1779960899999,20296.51453000,331,1102.42000000,9811.62839000,0,LINKUSDT,binance
2026-05-28 09:35:00+00:00,8.903,8.91,8.894,8.895,4133.22,1779961199999,36792.01704000,462,3574.00000000,31814.91197000,0,LINKUSDT,binance
2026-05-28 09:40:00+00:00,8.896,8.911,8.896,8.911,1476.94,1779961499999,13154.32155000,278,1094.74000000,9751.18794000,0,LINKUSDT,binance
2026-05-28 09:45:00+00:00,8.911,8.926,8.91,8.925,3225.32,1779961799999,28758.78777000,292,2224.35000000,19834.84350000,0,LINKUSDT,binance
2026-05-28 09:50:00+00:00,8.924,8.928,8.916,8.917,4414.18,1779962099999,39380.86357000,289,2019.11000000,18012.23869000,0,LINKUSDT,binance
2026-05-28 09:55:00+00:00,8.916,8.926,8.916,8.923,4086.71,1779962399999,36459.05793000,209,2947.44000000,26295.76383000,0,LINKUSDT,binance
2026-05-28 10:00:00+00:00,8.924,8.93,8.921,8.923,2515.49,1779962699999,22452.64155000,281,1940.79000000,17322.61799000,0,LINKUSDT,binance
2026-05-28 10:05:00+00:00,8.923,8.927,8.918,8.922,2959.45,1779962999999,26401.88678000,343,1275.66000000,11380.72945000,0,LINKUSDT,binance
2026-05-28 10:10:00+00:00,8.922,8.936,8.922,8.924,4869.24,1779963299999,43475.70550000,407,2447.15000000,21851.73318000,0,LINKUSDT,binance
2026-05-28 10:15:00+00:00,8.924,8.932,8.905,8.908,12402.87,1779963599999,110631.60670000,764,8823.66000000,78725.56690000,0,LINKUSDT,binance
2026-05-28 10:20:00+00:00,8.909,8.913,8.886,8.895,14584.77,1779963899999,129742.65746000,828,6507.07000000,57876.54456000,0,LINKUSDT,binance
2026-05-28 10:25:00+00:00,8.894,8.906,8.889,8.906,17457.76,1779964199999,155271.22206000,617,11697.30000000,104051.60941000,0,LINKUSDT,binance
2026-05-28 10:30:00+00:00,8.906,8.911,8.902,8.908,6956.04,1779964499999,61956.26667000,491,2627.82000000,23407.98586000,0,LINKUSDT,binance
2026-05-28 10:35:00+00:00,8.908,8.917,8.903,8.91,4321.83,1779964799999,38505.15697000,397,1673.45000000,14912.25311000,0,LINKUSDT,binance
2026-05-28 10:40:00+00:00,8.911,8.915,8.904,8.905,5021.8,1779965099999,44750.70306000,313,2419.18000000,21560.19690000,0,LINKUSDT,binance
2026-05-28 10:45:00+00:00,8.905,8.911,8.898,8.898,7734.73,1779965399999,68875.72312000,514,3771.43000000,33587.10648000,0,LINKUSDT,binance
2026-05-28 10:50:00+00:00,8.898,8.898,8.864,8.883,28512.22,1779965699999,253130.06779000,1425,15483.79000000,137471.46928000,0,LINKUSDT,binance
2026-05-28 10:55:00+00:00,8.883,8.887,8.873,8.875,9871.84,1779965999999,87677.04211000,523,7190.41000000,63865.24471000,0,LINKUSDT,binance
2026-05-28 11:00:00+00:00,8.876,8.883,8.867,8.872,19969.25,1779966299999,177217.19654000,1067,11240.49000000,99766.86958000,0,LINKUSDT,binance
2026-05-28 11:05:00+00:00,8.871,8.878,8.862,8.87,10045.28,1779966599999,89081.08937000,545,6802.16000000,60322.18959000,0,LINKUSDT,binance
2026-05-28 11:10:00+00:00,8.871,8.885,8.869,8.884,13086.05,1779966899999,116195.26197000,613,9768.56000000,86734.95283000,0,LINKUSDT,binance
2026-05-28 11:15:00+00:00,8.884,8.886,8.868,8.878,8915.39,1779967199999,79137.26200000,624,3314.90000000,29427.66109000,0,LINKUSDT,binance
2026-05-28 11:20:00+00:00,8.878,8.878,8.866,8.877,12720.59,1779967499999,112880.42101000,654,6305.26000000,55955.03609000,0,LINKUSDT,binance
2026-05-28 11:25:00+00:00,8.878,8.878,8.858,8.865,4401.14,1779967799999,39016.52741000,504,798.17000000,7073.92703000,0,LINKUSDT,binance
2026-05-28 11:30:00+00:00,8.865,8.876,8.853,8.873,6679.04,1779968099999,59226.27016000,587,2967.12000000,26313.78644000,0,LINKUSDT,binance
2026-05-28 11:35:00+00:00,8.873,8.88,8.863,8.872,8749.73,1779968399999,77633.03520000,553,3369.17000000,29900.70958000,0,LINKUSDT,binance
2026-05-28 11:40:00+00:00,8.873,8.881,8.866,8.881,5902.78,1779968699999,52368.24724000,259,1269.76000000,11266.51898000,0,LINKUSDT,binance
2026-05-28 11:45:00+00:00,8.88,8.88,8.866,8.87,6572.43,1779968999999,58309.96938000,366,2201.88000000,19535.65142000,0,LINKUSDT,binance
2026-05-28 11:50:00+00:00,8.869,8.876,8.861,8.872,3664.37,1779969299999,32493.01131000,389,2272.23000000,20147.13786000,0,LINKUSDT,binance
2026-05-28 11:55:00+00:00,8.873,8.874,8.864,8.868,3890.94,1779969599999,34502.31301000,232,2513.21000000,22285.84052000,0,LINKUSDT,binance
2026-05-28 12:00:00+00:00,8.868,8.878,8.862,8.867,5787.2,1779969899999,51321.62487000,584,3829.10000000,33958.49233000,0,LINKUSDT,binance
2026-05-28 12:05:00+00:00,8.867,8.872,8.864,8.87,3057.27,1779970199999,27111.44902000,364,1698.31000000,15061.66167000,0,LINKUSDT,binance
2026-05-28 12:10:00+00:00,8.869,8.869,8.847,8.855,7410.62,1779970499999,65632.39010000,371,3369.08000000,29828.86033000,0,LINKUSDT,binance
2026-05-28 12:15:00+00:00,8.855,8.858,8.838,8.841,18599.77,1779970799999,164464.82753000,619,4301.82000000,38045.49748000,0,LINKUSDT,binance
2026-05-28 12:20:00+00:00,8.84,8.846,8.812,8.817,26745.56,1779971099999,236210.42890000,977,7250.28000000,64036.06427000,0,LINKUSDT,binance
2026-05-28 12:25:00+00:00,8.817,8.832,8.811,8.824,36823.29,1779971399999,324808.60893000,877,9748.89000000,86004.77857000,0,LINKUSDT,binance
2026-05-28 12:30:00+00:00,8.824,8.857,8.823,8.84,44920.42,1779971699999,397233.55347000,1342,14645.00000000,129474.73026000,0,LINKUSDT,binance
2026-05-28 12:35:00+00:00,8.84,8.854,8.83,8.851,38489.63,1779971999999,340303.89575000,1175,8731.71000000,77215.72952000,0,LINKUSDT,binance
2026-05-28 12:40:00+00:00,8.852,8.876,8.848,8.87,28032.38,1779972299999,248309.98756000,1121,12974.86000000,114949.21404000,0,LINKUSDT,binance
2026-05-28 12:45:00+00:00,8.87,8.888,8.867,8.884,8295.28,1779972599999,73655.55371000,510,4713.34000000,41853.77365000,0,LINKUSDT,binance
2026-05-28 12:50:00+00:00,8.885,8.888,8.875,8.884,5731.77,1779972899999,50903.50374000,392,3753.36000000,33330.75812000,0,LINKUSDT,binance
2026-05-28 12:55:00+00:00,8.884,8.889,8.88,8.889,6893.48,1779973199999,61256.40950000,284,6214.64000000,55225.67600000,0,LINKUSDT,binance
2026-05-28 13:00:00+00:00,8.888,8.91,8.888,8.901,14263.61,1779973499999,126938.45595000,776,6403.56000000,56996.68507000,0,LINKUSDT,binance
2026-05-28 13:05:00+00:00,8.9,8.904,8.879,8.879,10837.03,1779973799999,96345.01223000,663,2977.91000000,26488.45489000,0,LINKUSDT,binance
2026-05-28 13:10:00+00:00,8.88,8.885,8.875,8.884,3157.31,1779974099999,28035.66047000,193,770.65000000,6843.91733000,0,LINKUSDT,binance
2026-05-28 13:15:00+00:00,8.884,8.888,8.873,8.879,16156.37,1779974399999,143481.11917000,602,2708.06000000,24053.23858000,0,LINKUSDT,binance
2026-05-28 13:20:00+00:00,8.88,8.883,8.867,8.88,5410.03,1779974699999,48019.43728000,280,1541.77000000,13687.70167000,0,LINKUSDT,binance
2026-05-28 13:25:00+00:00,8.879,8.899,8.85,8.895,18265.38,1779974999999,162081.60419000,765,6841.07000000,60724.58513000,0,LINKUSDT,binance
2026-05-28 13:30:00+00:00,8.895,8.899,8.852,8.857,17560.08,1779975299999,155833.01902000,978,7693.35000000,68270.62279000,0,LINKUSDT,binance
2026-05-28 13:35:00+00:00,8.856,8.86,8.836,8.856,11099.56,1779975599999,98213.65863000,708,4641.95000000,41072.06969000,0,LINKUSDT,binance
2026-05-28 13:40:00+00:00,8.856,8.866,8.845,8.846,23094.4,1779975899999,204469.68811000,957,8367.05000000,74102.43499000,0,LINKUSDT,binance
2026-05-28 13:45:00+00:00,8.847,8.865,8.845,8.859,14427.79,1779976199999,127751.15565000,719,6488.28000000,57452.55750000,0,LINKUSDT,binance
2026-05-28 13:50:00+00:00,8.859,8.904,8.854,8.889,35862.11,1779976499999,318642.29872000,1237,22500.94000000,199865.25046000,0,LINKUSDT,binance
2026-05-28 13:55:00+00:00,8.89,8.891,8.867,8.867,20231.08,1779976799999,179618.79951000,629,5568.63000000,49432.84911000,0,LINKUSDT,binance
2026-05-28 14:00:00+00:00,8.868,8.872,8.822,8.839,19501.86,1779977099999,172591.46598000,1156,5662.56000000,50083.85553000,0,LINKUSDT,binance
2026-05-28 14:05:00+00:00,8.839,8.848,8.792,8.848,40092.55,1779977399999,353282.54764000,2246,19197.21000000,169156.42962000,0,LINKUSDT,binance
2026-05-28 14:10:00+00:00,8.849,8.906,8.801,8.904,52259.35,1779977699999,462563.33803000,2827,29100.64000000,257568.17728000,0,LINKUSDT,binance
2026-05-28 14:15:00+00:00,8.903,8.966,8.891,8.955,29389.44,1779977999999,262353.36310000,2377,15099.89000000,134835.47666000,0,LINKUSDT,binance
2026-05-28 14:20:00+00:00,8.955,8.962,8.894,8.91,31333.1,1779978299999,279861.44576000,1647,12075.54000000,107816.75835000,0,LINKUSDT,binance
2026-05-28 14:25:00+00:00,8.909,8.936,8.904,8.925,20907.11,1779978599999,186515.03922000,1260,6872.92000000,61301.13132000,0,LINKUSDT,binance
2026-05-28 14:30:00+00:00,8.925,8.945,8.903,8.903,32804.4,1779978899999,292806.49366000,1426,11325.02000000,101097.88596000,0,LINKUSDT,binance
2026-05-28 14:35:00+00:00,8.903,8.912,8.89,8.901,22667.35,1779979199999,201768.89385000,1157,6373.73000000,56726.03670000,0,LINKUSDT,binance
2026-05-28 14:40:00+00:00,8.901,8.922,8.885,8.895,31843.19,1779979499999,283458.45302000,1259,11225.22000000,99907.66887000,0,LINKUSDT,binance
2026-05-28 14:45:00+00:00,8.896,8.909,8.876,8.894,15539.02,1779979799999,138178.67865000,1241,5262.89000000,46791.82674000,0,LINKUSDT,binance
2026-05-28 14:50:00+00:00,8.895,8.92,8.894,8.909,15679.3,1779980099999,139669.75794000,877,7069.26000000,62977.82317000,0,LINKUSDT,binance
2026-05-28 14:55:00+00:00,8.91,8.926,8.904,8.917,9119.76,1779980399999,81284.30550000,621,4148.36000000,36973.06371000,0,LINKUSDT,binance
2026-05-28 15:00:00+00:00,8.918,8.924,8.908,8.911,13986.67,1779980699999,124677.39626000,790,6415.60000000,57190.52429000,0,LINKUSDT,binance
2026-05-28 15:05:00+00:00,8.912,8.934,8.885,8.89,12064.08,1779980999999,107505.22146000,916,3693.06000000,32923.12383000,0,LINKUSDT,binance
2026-05-28 15:10:00+00:00,8.89,8.896,8.874,8.877,4193.83,1779981299999,37260.90379000,625,1832.31000000,16273.19520000,0,LINKUSDT,binance
2026-05-28 15:15:00+00:00,8.877,8.879,8.843,8.843,9631.8,1779981599999,85310.83028000,863,2731.08000000,24207.78929000,0,LINKUSDT,binance
2026-05-28 15:20:00+00:00,8.843,8.867,8.826,8.863,10348.64,1779981899999,91450.23302000,895,3633.74000000,32117.16763000,0,LINKUSDT,binance
2026-05-28 15:25:00+00:00,8.863,8.885,8.861,8.885,6591.26,1779982199999,58484.62191000,418,5277.02000000,46823.50455000,0,LINKUSDT,binance
2026-05-28 15:30:00+00:00,8.884,8.885,8.861,8.878,18792.01,1779982499999,166854.13089000,594,3760.96000000,33391.56505000,0,LINKUSDT,binance
2026-05-28 15:35:00+00:00,8.878,8.904,8.878,8.889,3466.04,1779982799999,30821.16746000,589,1268.39000000,11277.86253000,0,LINKUSDT,binance
2026-05-28 15:40:00+00:00,8.889,8.902,8.887,8.901,6642.94,1779983099999,59076.99584000,454,3145.33000000,27973.56205000,0,LINKUSDT,binance
2026-05-28 15:45:00+00:00,8.902,8.926,8.894,8.898,9355.13,1779983399999,83350.13737000,734,3858.91000000,34398.19356000,0,LINKUSDT,binance
2026-05-28 15:50:00+00:00,8.899,8.908,8.894,8.895,4014.21,1779983699999,35729.36311000,360,1103.56000000,9822.26893000,0,LINKUSDT,binance
2026-05-28 15:55:00+00:00,8.895,8.903,8.887,8.899,8792.38,1779983999999,78205.04551000,518,2380.81000000,21178.81802000,0,LINKUSDT,binance
2026-05-28 16:00:00+00:00,8.898,8.898,8.871,8.872,13309.6,1779984299999,118275.08500000,691,5694.63000000,50607.95516000,0,LINKUSDT,binance
2026-05-28 16:05:00+00:00,8.871,8.897,8.864,8.897,10409.99,1779984599999,92417.17167000,719,5279.52000000,46906.02596000,0,LINKUSDT,binance
2026-05-28 16:10:00+00:00,8.896,8.939,8.896,8.929,18333.84,1779984899999,163528.68795000,1016,13519.73000000,120584.18641000,0,LINKUSDT,binance
2026-05-28 16:15:00+00:00,8.931,8.937,8.917,8.929,5124.2,1779985199999,45735.74006000,439,1930.37000000,17235.95084000,0,LINKUSDT,binance
2026-05-28 16:20:00+00:00,8.929,8.97,8.927,8.959,12425.95,1779985499999,111114.90227000,784,7037.84000000,62940.73986000,0,LINKUSDT,binance
2026-05-28 16:25:00+00:00,8.961,8.966,8.942,8.944,11433.82,1779985799999,102352.01609000,503,3044.11000000,27254.81385000,0,LINKUSDT,binance
2026-05-28 16:30:00+00:00,8.945,8.96,8.941,8.959,3670.43,1779986099999,32853.55357000,387,2079.27000000,18612.08169000,0,LINKUSDT,binance
2026-05-28 16:35:00+00:00,8.96,8.965,8.949,8.961,11166.38,1779986399999,100018.87072000,470,7849.69000000,70311.22503000,0,LINKUSDT,binance
2026-05-28 16:40:00+00:00,8.961,8.98,8.956,8.98,5643.3,1779986699999,50622.16519000,427,1796.59000000,16114.59635000,0,LINKUSDT,binance
2026-05-28 16:45:00+00:00,8.98,9.008,8.975,8.994,13779.41,1779986999999,123974.94048000,824,9056.17000000,81473.32494000,0,LINKUSDT,binance
2026-05-28 16:50:00+00:00,8.995,9.011,8.991,9.002,11166.88,1779987299999,100528.97726000,998,3512.57000000,31614.49638000,0,LINKUSDT,binance
2026-05-28 16:55:00+00:00,9.003,9.02,8.997,9.001,53928.79,1779987599999,485534.90211000,1005,33015.60000000,297186.86113000,0,LINKUSDT,binance
2026-05-28 17:00:00+00:00,9.001,9.007,8.979,8.985,7478.61,1779987899999,67234.99553000,967,3739.35000000,33608.03329000,0,LINKUSDT,binance
2026-05-28 17:05:00+00:00,8.985,9.012,8.977,9.01,6782.72,1779988199999,60975.73174000,705,3185.32000000,28642.54748000,0,LINKUSDT,binance
2026-05-28 17:10:00+00:00,9.011,9.012,8.998,9.007,3510.72,1779988499999,31619.62902000,586,879.02000000,7915.78679000,0,LINKUSDT,binance
2026-05-28 17:15:00+00:00,9.008,9.014,8.998,9.01,4783.35,1779988799999,43068.25037000,636,2971.46000000,26753.91746000,0,LINKUSDT,binance
2026-05-28 17:20:00+00:00,9.011,9.019,9.0,9.0,2455.4,1779989099999,22124.74257000,455,1498.27000000,13503.16903000,0,LINKUSDT,binance
2026-05-28 17:25:00+00:00,8.999,9.013,8.985,8.998,9759.69,1779989399999,87890.26420000,689,8002.42000000,72077.72978000,0,LINKUSDT,binance
2026-05-28 17:30:00+00:00,8.998,9.029,8.997,9.024,2732.4,1779989699999,24635.62037000,474,1967.17000000,17731.90129000,0,LINKUSDT,binance
2026-05-28 17:35:00+00:00,9.024,9.032,9.013,9.029,2928.79,1779989999999,26430.09800000,378,1304.43000000,11772.27640000,0,LINKUSDT,binance
2026-05-28 17:40:00+00:00,9.03,9.034,9.014,9.014,2242.72,1779990299999,20233.45144000,325,286.67000000,2587.71800000,0,LINKUSDT,binance
2026-05-28 17:45:00+00:00,9.015,9.054,9.015,9.038,8899.11,1779990599999,80404.18173000,998,6778.30000000,61234.54138000,0,LINKUSDT,binance
2026-05-28 17:50:00+00:00,9.038,9.039,9.023,9.023,2759.38,1779990899999,24926.78382000,407,1465.34000000,13238.08425000,0,LINKUSDT,binance
2026-05-28 17:55:00+00:00,9.022,9.03,9.011,9.028,3579.88,1779991199999,32285.14781000,338,2286.79000000,20625.70802000,0,LINKUSDT,binance
2026-05-28 18:00:00+00:00,9.027,9.063,9.022,9.053,4997.66,1779991499999,45201.97103000,825,2810.96000000,25418.50724000,0,LINKUSDT,binance
2026-05-28 18:05:00+00:00,9.052,9.075,9.05,9.07,5651.69,1779991799999,51219.06064000,687,3505.97000000,31783.54657000,0,LINKUSDT,binance
2026-05-28 18:10:00+00:00,9.069,9.079,9.06,9.069,5593.06,1779992099999,50732.89267000,664,3037.57000000,27552.62710000,0,LINKUSDT,binance
2026-05-28 18:15:00+00:00,9.07,9.091,9.067,9.067,17858.4,1779992399999,162134.50459000,1008,12599.16000000,114411.49234000,0,LINKUSDT,binance
2026-05-28 18:20:00+00:00,9.067,9.075,9.061,9.069,4987.32,1779992699999,45222.09338000,465,2519.80000000,22845.17346000,0,LINKUSDT,binance
2026-05-28 18:25:00+00:00,9.07,9.072,9.056,9.057,4394.8,1779992999999,39841.40556000,398,1843.55000000,16714.81494000,0,LINKUSDT,binance
2026-05-28 18:30:00+00:00,9.057,9.084,9.056,9.073,7041.21,1779993299999,63888.98358000,641,4734.80000000,42961.61713000,0,LINKUSDT,binance
2026-05-28 18:35:00+00:00,9.072,9.072,9.059,9.063,778.53,1779993599999,7058.62507000,263,236.93000000,2148.13166000,0,LINKUSDT,binance
2026-05-28 18:40:00+00:00,9.063,9.069,9.058,9.062,5294.42,1779993899999,47982.04910000,370,3263.74000000,29574.37406000,0,LINKUSDT,binance
2026-05-28 18:45:00+00:00,9.063,9.073,9.059,9.068,1845.93,1779994199999,16738.61667000,320,617.32000000,5598.17371000,0,LINKUSDT,binance
2026-05-28 18:50:00+00:00,9.07,9.08,9.067,9.077,1378.79,1779994499999,12511.81985000,232,849.05000000,7705.28042000,0,LINKUSDT,binance
2026-05-28 18:55:00+00:00,9.077,9.088,9.065,9.071,4293.59,1779994799999,38976.95852000,450,2835.28000000,25742.39719000,0,LINKUSDT,binance
2026-05-28 19:00:00+00:00,9.071,9.073,9.04,9.044,1999.15,1779995099999,18096.58556000,511,1014.07000000,9178.39109000,0,LINKUSDT,binance
2026-05-28 19:05:00+00:00,9.045,9.05,9.032,9.032,4110.73,1779995399999,37174.61150000,364,1793.72000000,16218.62062000,0,LINKUSDT,binance
2026-05-28 19:10:00+00:00,9.033,9.034,9.019,9.028,6396.1,1779995699999,57728.46072000,445,3452.68000000,31162.81263000,0,LINKUSDT,binance
2026-05-28 19:15:00+00:00,9.027,9.032,9.02,9.032,8720.05,1779995999999,78702.25522000,477,1688.60000000,15238.09923000,0,LINKUSDT,binance
2026-05-28 19:20:00+00:00,9.031,9.038,9.027,9.038,727.43,1779996299999,6569.81518000,208,550.88000000,4975.19322000,0,LINKUSDT,binance
2026-05-28 19:25:00+00:00,9.039,9.048,9.035,9.048,502.53,1779996599999,4542.94334000,174,444.46000000,4017.98163000,0,LINKUSDT,binance
2026-05-28 19:30:00+00:00,9.049,9.054,9.027,9.027,2959.65,1779996899999,26771.75216000,370,877.77000000,7941.92387000,0,LINKUSDT,binance
2026-05-28 19:35:00+00:00,9.026,9.026,9.01,9.012,3311.89,1779997199999,29867.35029000,338,1135.35000000,10240.16511000,0,LINKUSDT,binance
2026-05-28 19:40:00+00:00,9.011,9.016,9.001,9.005,6371.67,1779997499999,57384.50466000,380,1753.10000000,15792.49570000,0,LINKUSDT,binance
2026-05-28 19:45:00+00:00,9.005,9.018,9.005,9.014,9159.38,1779997799999,82556.57465000,372,6726.66000000,60633.38781000,0,LINKUSDT,binance
2026-05-28 19:50:00+00:00,9.013,9.016,8.995,9.005,8966.47,1779998099999,80742.11856000,540,2180.63000000,19641.86797000,0,LINKUSDT,binance
2026-05-28 19:55:00+00:00,9.004,9.005,8.991,8.993,2296.45,1779998399999,20661.83951000,282,789.00000000,7099.08600000,0,LINKUSDT,binance
2026-05-28 20:00:00+00:00,8.994,8.999,8.979,8.981,12427.13,1779998699999,111652.04991000,608,7197.48000000,64653.41836000,0,LINKUSDT,binance
2026-05-28 20:05:00+00:00,8.981,8.982,8.962,8.979,20757.09,1779998999999,186235.97179000,945,10491.32000000,94111.28166000,0,LINKUSDT,binance
2026-05-28 20:10:00+00:00,8.979,9.011,8.979,8.997,8351.85,1779999299999,75149.34321000,544,5795.18000000,52136.57271000,0,LINKUSDT,binance
2026-05-28 20:15:00+00:00,8.997,9.029,8.996,9.028,6295.81,1779999599999,56735.92375000,390,3667.63000000,33050.79360000,0,LINKUSDT,binance
2026-05-28 20:20:00+00:00,9.028,9.033,9.021,9.021,1636.26,1779999899999,14771.26711000,250,920.07000000,8306.09050000,0,LINKUSDT,binance
2026-05-28 20:25:00+00:00,9.022,9.033,9.022,9.032,1696.36,1780000199999,15313.86058000,174,1183.90000000,10687.34967000,0,LINKUSDT,binance
2026-05-28 20:30:00+00:00,9.032,9.037,9.018,9.018,3055.56,1780000499999,27583.15697000,394,748.26000000,6754.89932000,0,LINKUSDT,binance
2026-05-28 20:35:00+00:00,9.019,9.031,9.018,9.022,1365.85,1780000799999,12322.27489000,178,1193.39000000,10766.61235000,0,LINKUSDT,binance
2026-05-28 20:40:00+00:00,9.022,9.036,9.022,9.035,1307.61,1780001099999,11808.53418000,137,968.73000000,8747.46615000,0,LINKUSDT,binance
2026-05-28 20:45:00+00:00,9.034,9.034,9.019,9.027,5554.43,1780001399999,50130.76507000,305,1752.88000000,15813.72801000,0,LINKUSDT,binance
2026-05-28 20:50:00+00:00,9.026,9.032,9.023,9.024,561.7,1780001699999,5071.15890000,88,208.60000000,1883.41377000,0,LINKUSDT,binance
2026-05-28 20:55:00+00:00,9.023,9.023,9.004,9.004,3469.26,1780001999999,31250.32727000,186,958.51000000,8633.55370000,0,LINKUSDT,binance
2026-05-28 21:00:00+00:00,9.005,9.018,9.002,9.003,1676.88,1780002299999,15113.09933000,195,1236.37000000,11142.91500000,0,LINKUSDT,binance
2026-05-28 21:05:00+00:00,9.002,9.032,9.0,9.032,2941.91,1780002599999,26509.37129000,230,1797.13000000,16196.45299000,0,LINKUSDT,binance
2026-05-28 21:10:00+00:00,9.031,9.067,9.031,9.055,34853.45,1780002899999,315296.73372000,647,16279.88000000,147241.53903000,0,LINKUSDT,binance
2026-05-28 21:15:00+00:00,9.055,9.062,9.048,9.049,2857.82,1780003199999,25871.80540000,285,1531.75000000,13868.02393000,0,LINKUSDT,binance
2026-05-28 21:20:00+00:00,9.05,9.061,9.05,9.06,1993.69,1780003499999,18057.47309000,146,1674.30000000,15165.99344000,0,LINKUSDT,binance
2026-05-28 21:25:00+00:00,9.06,9.064,9.051,9.051,1803.14,1780003799999,16332.89161000,160,1147.07000000,10389.04567000,0,LINKUSDT,binance
2026-05-28 21:30:00+00:00,9.05,9.059,9.047,9.055,4903.16,1780004099999,44388.04467000,140,2159.06000000,19536.94753000,0,LINKUSDT,binance
2026-05-28 21:35:00+00:00,9.054,9.067,9.051,9.067,1769.18,1780004399999,16021.89861000,232,1320.98000000,11961.19559000,0,LINKUSDT,binance
2026-05-28 21:40:00+00:00,9.066,9.069,9.056,9.064,4039.59,1780004699999,36612.22478000,406,3172.48000000,28752.14307000,0,LINKUSDT,binance
2026-05-28 21:45:00+00:00,9.064,9.065,9.052,9.053,3013.79,1780004999999,27304.44057000,178,806.09000000,7300.72267000,0,LINKUSDT,binance
2026-05-28 21:50:00+00:00,9.052,9.057,9.049,9.053,5765.87,1780005299999,52191.08030000,258,823.93000000,7458.66961000,0,LINKUSDT,binance
2026-05-28 21:55:00+00:00,9.052,9.058,9.043,9.043,706.48,1780005599999,6393.93277000,254,167.66000000,1517.92521000,0,LINKUSDT,binance
2026-05-28 22:00:00+00:00,9.043,9.061,9.032,9.036,5975.47,1780005899999,54024.21646000,721,2788.57000000,25214.26716000,0,LINKUSDT,binance
2026-05-28 22:05:00+00:00,9.036,9.044,9.028,9.036,3465.06,1780006199999,31305.58503000,424,1937.82000000,17508.95400000,0,LINKUSDT,binance
2026-05-28 22:10:00+00:00,9.036,9.036,9.025,9.028,3586.79,1780006499999,32382.81828000,314,1758.28000000,15873.84984000,0,LINKUSDT,binance
2026-05-28 22:15:00+00:00,9.027,9.027,9.011,9.011,3600.34,1780006799999,32478.74361000,341,2376.07000000,21434.21530000,0,LINKUSDT,binance
2026-05-28 22:20:00+00:00,9.012,9.015,9.003,9.015,2248.48,1780007099999,20257.11223000,294,1854.65000000,16709.77896000,0,LINKUSDT,binance
2026-05-28 22:25:00+00:00,9.014,9.017,8.992,8.992,7453.96,1780007399999,67115.53323000,578,3143.19000000,28312.22846000,0,LINKUSDT,binance
2026-05-28 22:30:00+00:00,8.991,8.996,8.981,8.985,4206.77,1780007699999,37805.20059000,375,1676.60000000,15065.03924000,0,LINKUSDT,binance
2026-05-28 22:35:00+00:00,8.985,8.988,8.981,8.986,400.9,1780007999999,3601.58547000,182,295.20000000,2651.91337000,0,LINKUSDT,binance
2026-05-28 22:40:00+00:00,8.986,8.987,8.976,8.979,1012.84,1780008299999,9095.90904000,204,679.48000000,6101.69837000,0,LINKUSDT,binance
2026-05-28 22:45:00+00:00,8.98,8.996,8.98,8.994,2792.47,1780008599999,25103.87269000,210,1163.90000000,10463.13199000,0,LINKUSDT,binance
2026-05-28 22:50:00+00:00,8.994,9.003,8.991,8.995,5474.01,1780008899999,49246.60729000,280,1327.72000000,11945.00401000,0,LINKUSDT,binance
2026-05-28 22:55:00+00:00,8.995,8.996,8.986,8.987,2193.79,1780009199999,19721.12391000,239,294.98000000,2651.84182000,0,LINKUSDT,binance
2026-05-28 23:00:00+00:00,8.987,8.997,8.983,8.991,2606.18,1780009499999,23431.21490000,352,934.26000000,8399.64249000,0,LINKUSDT,binance
2026-05-28 23:05:00+00:00,8.991,8.999,8.991,8.996,1685.75,1780009799999,15166.07361000,216,599.97000000,5396.06202000,0,LINKUSDT,binance
2026-05-28 23:10:00+00:00,8.996,9.003,8.995,9.003,698.08,1780010099999,6282.22235000,153,450.26000000,4051.84836000,0,LINKUSDT,binance
2026-05-28 23:15:00+00:00,9.003,9.012,9.003,9.003,3223.65,1780010399999,29033.21699000,226,1690.11000000,15220.75001000,0,LINKUSDT,binance
2026-05-28 23:20:00+00:00,9.003,9.004,8.996,9.003,3871.9,1780010699999,34853.04839000,188,2231.58000000,20087.98111000,0,LINKUSDT,binance
2026-05-28 23:25:00+00:00,9.004,9.023,9.004,9.018,3605.73,1780010999999,32503.03879000,253,2005.46000000,18073.10290000,0,LINKUSDT,binance
2026-05-28 23:30:00+00:00,9.018,9.018,9.003,9.003,1976.4,1780011299999,17814.21483000,345,367.24000000,3310.67534000,0,LINKUSDT,binance
2026-05-28 23:35:00+00:00,9.004,9.009,9.0,9.0,993.01,1780011599999,8940.64742000,171,271.60000000,2445.76351000,0,LINKUSDT,binance
2026-05-28 23:40:00+00:00,9.0,9.006,8.993,9.006,696.09,1780011899999,6264.02391000,167,325.99000000,2934.21667000,0,LINKUSDT,binance
2026-05-28 23:45:00+00:00,9.006,9.006,8.988,8.991,1912.5,1780012199999,17196.87644000,177,658.52000000,5923.25491000,0,LINKUSDT,binance
2026-05-28 23:50:00+00:00,8.992,8.998,8.992,8.995,1421.9,1780012499999,12788.63940000,132,904.24000000,8133.08190000,0,LINKUSDT,binance
2026-05-28 23:55:00+00:00,8.995,9.008,8.993,9.004,9205.67,1780012799999,82881.25817000,255,1291.42000000,11619.48795000,0,LINKUSDT,binance
2026-05-29 00:00:00+00:00,9.004,9.027,9.004,9.019,5157.41,1780013099999,46499.79527000,349,4379.56000000,39485.48780000,0,LINKUSDT,binance
2026-05-29 00:05:00+00:00,9.018,9.03,9.014,9.03,4733.73,1780013399999,42700.13626000,334,1722.80000000,15542.27045000,0,LINKUSDT,binance
2026-05-29 00:10:00+00:00,9.031,9.043,9.031,9.037,5193.4,1780013699999,46934.00209000,267,4416.32000000,39910.59266000,0,LINKUSDT,binance
2026-05-29 00:15:00+00:00,9.036,9.044,9.024,9.035,3811.91,1780013999999,34443.73654000,473,1311.16000000,11849.32125000,0,LINKUSDT,binance
2026-05-29 00:20:00+00:00,9.036,9.046,9.034,9.046,3483.68,1780014299999,31497.38166000,262,2242.24000000,20276.40100000,0,LINKUSDT,binance
2026-05-29 00:25:00+00:00,9.046,9.05,9.037,9.038,1617.78,1780014599999,14630.64951000,160,826.93000000,7480.33961000,0,LINKUSDT,binance
2026-05-29 00:30:00+00:00,9.038,9.041,9.03,9.034,1005.87,1780014899999,9089.63247000,149,271.97000000,2457.88084000,0,LINKUSDT,binance
2026-05-29 00:35:00+00:00,9.034,9.045,9.031,9.045,810.26,1780015199999,7325.05599000,237,756.91000000,6842.88978000,0,LINKUSDT,binance
2026-05-29 00:40:00+00:00,9.044,9.045,9.036,9.045,3032.22,1780015499999,27408.86829000,137,2993.18000000,27055.97008000,0,LINKUSDT,binance
2026-05-29 00:45:00+00:00,9.044,9.045,9.036,9.037,4487.24,1780015799999,40562.77123000,207,1083.11000000,9789.57024000,0,LINKUSDT,binance
2026-05-29 00:50:00+00:00,9.037,9.047,9.028,9.028,1610.63,1780016099999,14556.67862000,193,820.44000000,7418.56439000,0,LINKUSDT,binance
2026-05-29 00:55:00+00:00,9.027,9.031,9.024,9.031,892.92,1780016399999,8062.00049000,104,781.17000000,7053.07832000,0,LINKUSDT,binance
2026-05-29 01:00:00+00:00,9.032,9.041,9.032,9.038,502.47,1780016699999,4541.49277000,167,331.43000000,2995.58498000,0,LINKUSDT,binance
2026-05-29 01:05:00+00:00,9.038,9.05,9.038,9.048,1837.01,1780016999999,16616.23387000,260,1161.06000000,10501.57518000,0,LINKUSDT,binance
2026-05-29 01:10:00+00:00,9.047,9.048,9.032,9.038,1232.61,1780017299999,11140.88792000,177,363.31000000,3284.31709000,0,LINKUSDT,binance
2026-05-29 01:15:00+00:00,9.038,9.042,9.027,9.028,3939.76,1780017599999,35602.24702000,298,1582.17000000,14296.47504000,0,LINKUSDT,binance
2026-05-29 01:20:00+00:00,9.027,9.027,9.009,9.016,5108.01,1780017899999,46044.48975000,349,1151.64000000,10381.31835000,0,LINKUSDT,binance
2026-05-29 01:25:00+00:00,9.015,9.021,9.012,9.013,3315.87,1780018199999,29893.42213000,210,1268.38000000,11435.86248000,0,LINKUSDT,binance
2026-05-29 01:30:00+00:00,9.012,9.014,9.007,9.014,1421.43,1780018499999,12806.77685000,238,1138.26000000,10255.68357000,0,LINKUSDT,binance
2026-05-29 01:35:00+00:00,9.015,9.015,9.004,9.008,1084.47,1780018799999,9770.40018000,172,334.16000000,3010.40927000,0,LINKUSDT,binance
2026-05-29 01:40:00+00:00,9.008,9.022,9.007,9.022,1250.23,1780019099999,11271.36913000,121,991.61000000,8941.19607000,0,LINKUSDT,binance
2026-05-29 01:45:00+00:00,9.022,9.03,9.011,9.011,1097.0,1780019399999,9899.99175000,227,269.46000000,2432.55542000,0,LINKUSDT,binance
2026-05-29 01:50:00+00:00,9.011,9.033,9.011,9.031,1680.19,1780019699999,15154.61298000,179,1114.13000000,10050.83013000,0,LINKUSDT,binance
2026-05-29 01:55:00+00:00,9.032,9.035,9.025,9.027,1086.03,1780019999999,9806.96376000,120,589.28000000,5321.10742000,0,LINKUSDT,binance
2026-05-29 02:00:00+00:00,9.027,9.04,9.021,9.035,2360.27,1780020299999,21310.92397000,209,654.82000000,5914.47141000,0,LINKUSDT,binance
2026-05-29 02:05:00+00:00,9.034,9.039,9.027,9.034,2252.44,1780020599999,20342.27911000,209,1503.53000000,13575.45074000,0,LINKUSDT,binance
2026-05-29 02:10:00+00:00,9.034,9.034,9.028,9.028,4708.01,1780020899999,42515.72191000,204,2759.99000000,24921.34768000,0,LINKUSDT,binance
2026-05-29 02:15:00+00:00,9.029,9.032,9.019,9.023,3742.03,1780021199999,33771.92004000,249,2112.73000000,19068.09514000,0,LINKUSDT,binance
2026-05-29 02:20:00+00:00,9.024,9.025,8.997,8.997,4345.8,1780021499999,39146.22352000,493,1245.61000000,11216.79828000,0,LINKUSDT,binance
2026-05-29 02:25:00+00:00,8.997,8.998,8.977,8.979,5071.35,1780021799999,45566.06331000,542,1923.46000000,17282.71854000,0,LINKUSDT,binance
2026-05-29 02:30:00+00:00,8.978,8.998,8.971,8.996,7979.81,1780022099999,71728.92473000,502,4795.48000000,43118.71599000,0,LINKUSDT,binance
2026-05-29 02:35:00+00:00,8.996,9.004,8.996,9.001,4295.96,1780022399999,38664.56663000,249,3788.21000000,34094.64373000,0,LINKUSDT,binance
2026-05-29 02:40:00+00:00,9.001,9.001,8.972,8.977,3703.01,1780022699999,33282.57474000,323,384.62000000,3457.05980000,0,LINKUSDT,binance
2026-05-29 02:45:00+00:00,8.977,8.981,8.972,8.975,2072.25,1780022999999,18603.90548000,262,474.70000000,4262.25395000,0,LINKUSDT,binance
2026-05-29 02:50:00+00:00,8.975,8.98,8.948,8.948,6475.23,1780023299999,58032.19817000,569,1499.46000000,13447.43617000,0,LINKUSDT,binance
2026-05-29 02:55:00+00:00,8.949,8.958,8.947,8.955,3374.35,1780023599999,30205.11702000,279,1711.24000000,15315.77848000,0,LINKUSDT,binance
2026-05-29 03:00:00+00:00,8.956,8.967,8.956,8.962,5177.89,1780023899999,46392.62890000,406,880.41000000,7888.85838000,0,LINKUSDT,binance
2026-05-29 03:05:00+00:00,8.963,9.003,8.963,8.999,2567.58,1780024199999,23085.64016000,350,1962.23000000,17639.09745000,0,LINKUSDT,binance
2026-05-29 03:10:00+00:00,8.999,9.0,8.991,8.993,1349.04,1780024499999,12135.11533000,211,326.82000000,2940.44036000,0,LINKUSDT,binance
2026-05-29 03:15:00+00:00,8.994,8.994,8.981,8.986,2787.2,1780024799999,25043.72412000,215,495.24000000,4451.52190000,0,LINKUSDT,binance
2026-05-29 03:20:00+00:00,8.987,8.99,8.979,8.98,2454.1,1780025099999,22042.92173000,125,667.26000000,5994.21979000,0,LINKUSDT,binance
2026-05-29 03:25:00+00:00,8.98,8.981,8.975,8.977,2608.95,1780025399999,23421.12983000,140,616.34000000,5534.24290000,0,LINKUSDT,binance
2026-05-29 03:30:00+00:00,8.976,8.98,8.965,8.978,1661.35,1780025699999,14907.51589000,188,949.76000000,8521.98059000,0,LINKUSDT,binance
2026-05-29 03:35:00+00:00,8.977,8.977,8.954,8.956,2775.85,1780025999999,24882.48674000,220,402.51000000,3606.55084000,0,LINKUSDT,binance
2026-05-29 03:40:00+00:00,8.956,8.962,8.956,8.958,1519.95,1780026299999,13617.82978000,79,949.22000000,8504.38809000,0,LINKUSDT,binance
2026-05-29 03:45:00+00:00,8.958,8.959,8.955,8.956,1628.52,1780026599999,14585.86711000,110,457.95000000,4101.82561000,0,LINKUSDT,binance
2026-05-29 03:50:00+00:00,8.957,8.961,8.939,8.949,6870.37,1780026899999,61484.70403000,378,3109.97000000,27822.18916000,0,LINKUSDT,binance
2026-05-29 03:55:00+00:00,8.95,8.951,8.942,8.943,1565.76,1780027199999,14007.22166000,122,272.24000000,2435.95089000,0,LINKUSDT,binance
2026-05-29 04:00:00+00:00,8.943,8.952,8.943,8.952,1759.09,1780027499999,15741.28079000,130,850.93000000,7614.94230000,0,LINKUSDT,binance
2026-05-29 04:05:00+00:00,8.952,8.952,8.916,8.919,7339.75,1780027799999,65551.97268000,437,1706.49000000,15232.73106000,0,LINKUSDT,binance
2026-05-29 04:10:00+00:00,8.919,8.922,8.91,8.919,4117.96,1780028099999,36718.53569000,311,1598.87000000,14255.22493000,0,LINKUSDT,binance
2026-05-29 04:15:00+00:00,8.92,8.928,8.92,8.92,3955.14,1780028399999,35294.35183000,298,1348.90000000,12035.99564000,0,LINKUSDT,binance
2026-05-29 04:20:00+00:00,8.92,8.938,8.918,8.934,1484.57,1780028699999,13257.39728000,200,859.29000000,7671.23799000,0,LINKUSDT,binance
2026-05-29 04:25:00+00:00,8.935,8.947,8.935,8.946,4832.52,1780028999999,43207.05506000,236,3998.80000000,35751.84856000,0,LINKUSDT,binance
2026-05-29 04:30:00+00:00,8.945,8.956,8.943,8.953,1794.73,1780029299999,16063.67205000,313,982.55000000,8793.73428000,0,LINKUSDT,binance
2026-05-29 04:35:00+00:00,8.953,8.959,8.952,8.955,1638.97,1780029599999,14678.66753000,135,923.64000000,8271.89608000,0,LINKUSDT,binance
2026-05-29 04:40:00+00:00,8.955,8.956,8.952,8.953,785.48,1780029899999,7033.23960000,110,257.64000000,2306.95025000,0,LINKUSDT,binance
2026-05-29 04:45:00+00:00,8.954,8.97,8.954,8.964,5245.15,1780030199999,47028.91430000,280,3787.71000000,33963.85986000,0,LINKUSDT,binance
2026-05-29 04:50:00+00:00,8.963,8.964,8.956,8.961,911.07,1780030499999,8162.63401000,104,619.74000000,5552.82201000,0,LINKUSDT,binance
2026-05-29 04:55:00+00:00,8.962,8.981,8.961,8.981,2315.04,1780030799999,20768.46851000,199,917.51000000,8232.10738000,0,LINKUSDT,binance
2026-05-29 05:00:00+00:00,8.98,8.999,8.979,8.996,3586.94,1780031099999,32243.86493000,323,2313.36000000,20793.26530000,0,LINKUSDT,binance
2026-05-29 05:05:00+00:00,8.996,9.002,8.993,9.002,2306.91,1780031399999,20756.71190000,209,1763.36000000,15866.93932000,0,LINKUSDT,binance
2026-05-29 05:10:00+00:00,9.002,9.01,8.997,8.999,1575.78,1780031699999,14186.46362000,238,1123.85000000,10118.46068000,0,LINKUSDT,binance
2026-05-29 05:15:00+00:00,8.998,9.002,8.991,8.995,1464.91,1780031999999,13180.66462000,181,1017.20000000,9153.55813000,0,LINKUSDT,binance
2026-05-29 05:20:00+00:00,8.995,8.995,8.946,8.963,25917.27,1780032299999,232403.85579000,1097,7606.89000000,68165.11653000,0,LINKUSDT,binance
2026-05-29 05:25:00+00:00,8.962,8.975,8.962,8.969,2857.93,1780032599999,25629.40923000,180,2073.50000000,18593.37261000,0,LINKUSDT,binance
2026-05-29 05:30:00+00:00,8.97,8.97,8.955,8.959,1695.81,1780032899999,15192.32926000,242,741.54000000,6645.07014000,0,LINKUSDT,binance
2026-05-29 05:35:00+00:00,8.959,8.964,8.956,8.964,977.76,1780033199999,8761.82969000,123,494.93000000,4435.06205000,0,LINKUSDT,binance
2026-05-29 05:40:00+00:00,8.964,8.964,8.954,8.962,1836.65,1780033499999,16450.15680000,145,759.50000000,6803.42355000,0,LINKUSDT,binance
2026-05-29 05:45:00+00:00,8.962,8.992,8.961,8.986,2955.44,1780033799999,26539.50316000,353,2429.66000000,21819.81101000,0,LINKUSDT,binance
2026-05-29 05:50:00+00:00,8.985,8.987,8.981,8.986,707.85,1780034099999,6359.51186000,125,491.53000000,4415.75151000,0,LINKUSDT,binance
2026-05-29 05:55:00+00:00,8.985,8.994,8.981,8.992,2274.64,1780034399999,20444.14062000,133,1563.32000000,14050.44134000,0,LINKUSDT,binance
2026-05-29 06:00:00+00:00,8.991,9.006,8.989,9.006,2506.77,1780034699999,22550.85196000,197,1514.63000000,13626.68927000,0,LINKUSDT,binance
2026-05-29 06:05:00+00:00,9.005,9.007,8.997,9.003,2076.9,1780034999999,18696.31778000,155,1271.97000000,11448.57050000,0,LINKUSDT,binance
2026-05-29 06:10:00+00:00,9.003,9.013,8.999,9.013,16229.17,1780035299999,146133.67212000,534,1397.07000000,12582.37947000,0,LINKUSDT,binance
2026-05-29 06:15:00+00:00,9.014,9.019,9.013,9.019,3454.8,1780035599999,31146.56304000,212,1006.43000000,9073.77544000,0,LINKUSDT,binance
2026-05-29 06:20:00+00:00,9.019,9.042,9.016,9.026,5252.12,1780035899999,47406.97565000,514,3796.55000000,34268.20873000,0,LINKUSDT,binance
2026-05-29 06:25:00+00:00,9.026,9.027,9.013,9.015,2174.36,1780036199999,19610.56268000,141,1619.21000000,14602.74522000,0,LINKUSDT,binance
2026-05-29 06:30:00+00:00,9.014,9.018,9.009,9.009,1241.55,1780036499999,11188.25246000,174,1064.60000000,9593.80235000,0,LINKUSDT,binance
2026-05-29 06:35:00+00:00,9.009,9.009,9.0,9.006,1316.27,1780036799999,11849.94962000,178,943.13000000,8491.22751000,0,LINKUSDT,binance
2026-05-29 06:40:00+00:00,9.005,9.016,9.005,9.016,1118.3,1780037099999,10072.98941000,96,408.70000000,3682.17754000,0,LINKUSDT,binance
2026-05-29 06:45:00+00:00,9.016,9.024,9.016,9.017,2425.5,1780037399999,21875.28690000,177,1798.77000000,16221.19616000,0,LINKUSDT,binance
2026-05-29 06:50:00+00:00,9.017,9.034,9.017,9.028,2318.83,1780037699999,20926.46832000,221,1493.68000000,13479.60602000,0,LINKUSDT,binance
2026-05-29 06:55:00+00:00,9.029,9.036,9.029,9.031,3377.64,1780037999999,30514.20199000,104,1248.58000000,11278.99187000,0,LINKUSDT,binance
2026-05-29 07:00:00+00:00,9.03,9.035,9.024,9.034,3427.54,1780038299999,30949.62410000,232,2203.35000000,19894.95171000,0,LINKUSDT,binance
2026-05-29 07:05:00+00:00,9.033,9.035,9.031,9.032,1164.0,1780038599999,10514.45875000,105,803.36000000,7256.91359000,0,LINKUSDT,binance
2026-05-29 07:10:00+00:00,9.032,9.041,9.032,9.041,2025.89,1780038899999,18311.69982000,156,1791.45000000,16192.52988000,0,LINKUSDT,binance
2026-05-29 07:15:00+00:00,9.04,9.04,9.03,9.034,8054.99,1780039199999,72785.87150000,395,3148.04000000,28445.83503000,0,LINKUSDT,binance
2026-05-29 07:20:00+00:00,9.035,9.04,9.032,9.032,1451.5,1780039499999,13115.49562000,159,610.34000000,5515.65845000,0,LINKUSDT,binance
2026-05-29 07:25:00+00:00,9.033,9.033,9.022,9.024,3850.47,1780039799999,34757.56714000,148,841.62000000,7595.01158000,0,LINKUSDT,binance
2026-05-29 07:30:00+00:00,9.024,9.024,8.997,9.003,4309.83,1780040099999,38808.56312000,422,1392.01000000,12530.94699000,0,LINKUSDT,binance
2026-05-29 07:35:00+00:00,9.004,9.005,8.98,8.986,2952.81,1780040399999,26551.03431000,304,421.10000000,3785.32171000,0,LINKUSDT,binance
2026-05-29 07:40:00+00:00,8.985,8.985,8.967,8.969,4124.08,1780040699999,37005.40078000,308,919.51000000,8254.32148000,0,LINKUSDT,binance
2026-05-29 07:45:00+00:00,8.969,8.985,8.966,8.982,1595.13,1780040999999,14315.42295000,181,934.82000000,8390.11568000,0,LINKUSDT,binance
2026-05-29 07:50:00+00:00,8.982,8.991,8.981,8.985,2640.47,1780041299999,23729.11840000,213,624.21000000,5609.85036000,0,LINKUSDT,binance
2026-05-29 07:55:00+00:00,8.986,9.007,8.986,9.002,4651.61,1780041599999,41867.23360000,216,2576.52000000,23189.38612000,0,LINKUSDT,binance
2026-05-29 08:00:00+00:00,9.002,9.026,9.0,9.016,6772.9,1780041899999,61050.58207000,450,4521.74000000,40751.05757000,0,LINKUSDT,binance
2026-05-29 08:05:00+00:00,9.015,9.02,9.006,9.018,2732.25,1780042199999,24621.97149000,180,1635.78000000,14740.89406000,0,LINKUSDT,binance
2026-05-29 08:10:00+00:00,9.017,9.018,9.01,9.016,1603.14,1780042499999,14452.66706000,125,674.62000000,6081.29466000,0,LINKUSDT,binance
2026-05-29 08:15:00+00:00,9.017,9.019,9.01,9.018,1794.91,1780042799999,16179.31107000,217,948.32000000,8547.36277000,0,LINKUSDT,binance
2026-05-29 08:20:00+00:00,9.018,9.037,9.018,9.029,6415.59,1780043099999,57949.02719000,403,3362.08000000,30363.42042000,0,LINKUSDT,binance
2026-05-29 08:25:00+00:00,9.029,9.041,9.026,9.026,2989.29,1780043399999,27009.97707000,296,1150.57000000,10397.15578000,0,LINKUSDT,binance
2026-05-29 08:30:00+00:00,9.025,9.025,9.002,9.016,4785.73,1780043699999,43124.27206000,359,1447.29000000,13041.50987000,0,LINKUSDT,binance
2026-05-29 08:35:00+00:00,9.016,9.021,9.007,9.021,5998.08,1780043999999,54054.91286000,274,4017.74000000,36208.47232000,0,LINKUSDT,binance
2026-05-29 08:40:00+00:00,9.02,9.022,9.011,9.016,4454.67,1780044299999,40175.23553000,273,1823.91000000,16449.58037000,0,LINKUSDT,binance
2026-05-29 08:45:00+00:00,9.017,9.018,9.006,9.008,3829.63,1780044599999,34509.20857000,319,1506.11000000,13570.82059000,0,LINKUSDT,binance
2026-05-29 08:50:00+00:00,9.008,9.014,9.004,9.012,3135.84,1780044899999,28250.56270000,309,1315.65000000,11853.43143000,0,LINKUSDT,binance
2026-05-29 08:55:00+00:00,9.012,9.012,9.002,9.009,3989.24,1780045199999,35927.91210000,296,1452.98000000,13085.22471000,0,LINKUSDT,binance
2026-05-29 09:00:00+00:00,9.01,9.019,9.006,9.013,5330.91,1780045499999,48041.25790000,474,2475.52000000,22307.62211000,0,LINKUSDT,binance
2026-05-29 09:05:00+00:00,9.014,9.026,9.011,9.026,3860.91,1780045799999,34815.68957000,308,2159.42000000,19475.61403000,0,LINKUSDT,binance
2026-05-29 09:10:00+00:00,9.026,9.04,9.026,9.034,5940.57,1780046099999,53665.22871000,484,4025.36000000,36361.38346000,0,LINKUSDT,binance
2026-05-29 09:15:00+00:00,9.034,9.054,9.031,9.052,6172.54,1780046399999,55809.50687000,409,3957.70000000,35785.47278000,0,LINKUSDT,binance
2026-05-29 09:20:00+00:00,9.051,9.052,9.037,9.043,6298.03,1780046699999,56975.55232000,270,1574.34000000,14235.68496000,0,LINKUSDT,binance
2026-05-29 09:25:00+00:00,9.044,9.051,9.036,9.047,2982.55,1780046999999,26967.90031000,239,1396.57000000,12627.01673000,0,LINKUSDT,binance
2026-05-29 09:30:00+00:00,9.047,9.049,9.035,9.038,1229.97,1780047299999,11117.04614000,135,488.38000000,4413.70799000,0,LINKUSDT,binance
2026-05-29 09:35:00+00:00,9.038,9.045,9.035,9.039,1781.87,1780047599999,16106.51228000,121,1214.70000000,10978.46083000,0,LINKUSDT,binance
2026-05-29 09:40:00+00:00,9.04,9.043,9.034,9.038,2708.83,1780047899999,24483.83821000,139,1398.33000000,12637.45750000,0,LINKUSDT,binance
2026-05-29 09:45:00+00:00,9.038,9.04,9.025,9.025,5815.32,1780048199999,52539.48521000,285,2125.01000000,19197.66390000,0,LINKUSDT,binance
2026-05-29 09:50:00+00:00,9.025,9.033,9.02,9.032,4861.91,1780048499999,43875.31952000,231,2587.14000000,23349.86564000,0,LINKUSDT,binance
2026-05-29 09:55:00+00:00,9.032,9.032,9.022,9.03,2632.99,1780048799999,23769.91428000,263,1292.65000000,11666.83201000,0,LINKUSDT,binance
2026-05-29 10:00:00+00:00,9.029,9.029,9.014,9.019,1898.26,1780049099999,17126.02631000,201,707.61000000,6382.47927000,0,LINKUSDT,binance
2026-05-29 10:05:00+00:00,9.019,9.027,9.015,9.015,1737.84,1780049399999,15678.48017000,254,648.58000000,5851.39425000,0,LINKUSDT,binance
2026-05-29 10:10:00+00:00,9.015,9.02,9.015,9.016,2724.66,1780049699999,24569.73633000,155,1222.21000000,11021.73678000,0,LINKUSDT,binance
2026-05-29 10:15:00+00:00,9.016,9.017,9.005,9.006,2646.7,1780049999999,23850.51950000,212,1134.26000000,10222.35425000,0,LINKUSDT,binance
2026-05-29 10:20:00+00:00,9.006,9.012,9.005,9.01,1972.82,1780050299999,17773.59254000,189,1146.17000000,10325.52792000,0,LINKUSDT,binance
2026-05-29 10:25:00+00:00,9.01,9.01,8.997,9.003,4168.83,1780050599999,37526.13113000,262,3114.89000000,28040.18906000,0,LINKUSDT,binance
2026-05-29 10:30:00+00:00,9.002,9.002,8.986,8.995,2648.45,1780050899999,23812.36036000,302,1629.04000000,14645.06739000,0,LINKUSDT,binance
2026-05-29 10:35:00+00:00,8.995,9.01,8.994,9.001,7885.96,1780051199999,70984.15533000,319,4532.68000000,40795.04003000,0,LINKUSDT,binance
2026-05-29 10:40:00+00:00,9.001,9.001,8.989,8.993,2497.19,1780051499999,22468.15547000,253,481.28000000,4327.64074000,0,LINKUSDT,binance
2026-05-29 10:45:00+00:00,8.992,8.999,8.991,8.998,277.43,1780051799999,2495.17085000,157,159.92000000,1438.31757000,0,LINKUSDT,binance
2026-05-29 10:50:00+00:00,8.997,8.999,8.991,8.994,1847.42,1780052099999,16615.59532000,177,776.19000000,6980.26413000,0,LINKUSDT,binance
2026-05-29 10:55:00+00:00,8.993,9.0,8.992,8.992,755.3,1780052399999,6795.86039000,149,614.65000000,5530.33646000,0,LINKUSDT,binance
2026-05-29 11:00:00+00:00,8.991,8.996,8.981,8.988,2154.42,1780052699999,19366.95102000,292,1235.87000000,11110.61131000,0,LINKUSDT,binance
2026-05-29 11:05:00+00:00,8.988,8.999,8.987,8.989,2380.24,1780052999999,21404.04580000,254,1600.57000000,14393.59039000,0,LINKUSDT,binance
2026-05-29 11:10:00+00:00,8.988,8.997,8.987,8.993,1424.75,1780053299999,12809.05363000,160,649.93000000,5843.19002000,0,LINKUSDT,binance
2026-05-29 11:15:00+00:00,8.993,9.003,8.993,9.003,248.3,1780053599999,2234.38383000,130,204.36000000,1839.11321000,0,LINKUSDT,binance
2026-05-29 11:20:00+00:00,9.004,9.008,8.989,8.995,5425.84,1780053899999,48802.21107000,248,723.32000000,6506.14318000,0,LINKUSDT,binance
2026-05-29 11:25:00+00:00,8.995,8.995,8.97,8.977,5981.13,1780054199999,53695.67933000,330,1544.96000000,13872.03318000,0,LINKUSDT,binance
2026-05-29 11:30:00+00:00,8.978,8.978,8.963,8.975,2069.8,1780054499999,18565.28588000,306,1274.30000000,11427.74495000,0,LINKUSDT,binance
2026-05-29 11:35:00+00:00,8.975,8.976,8.954,8.957,2026.76,1780054799999,18167.09113000,308,718.20000000,6435.13238000,0,LINKUSDT,binance
2026-05-29 11:40:00+00:00,8.957,8.963,8.95,8.958,4301.62,1780055099999,38523.81233000,456,986.82000000,8838.06803000,0,LINKUSDT,binance
2026-05-29 11:45:00+00:00,8.957,8.96,8.936,8.936,7249.27,1780055399999,64884.09167000,471,2703.88000000,24190.27359000,0,LINKUSDT,binance
2026-05-29 11:50:00+00:00,8.936,8.944,8.92,8.933,26160.45,1780055699999,233752.64920000,1148,5193.51000000,46377.36478000,0,LINKUSDT,binance
2026-05-29 11:55:00+00:00,8.932,8.945,8.929,8.945,5904.85,1780055999999,52774.44408000,413,2657.07000000,23743.91972000,0,LINKUSDT,binance
2026-05-29 12:00:00+00:00,8.944,8.946,8.932,8.934,3336.89,1780056299999,29831.46816000,499,1914.61000000,17117.00322000,0,LINKUSDT,binance
2026-05-29 12:05:00+00:00,8.934,8.934,8.919,8.926,3346.84,1780056599999,29869.35423000,401,1850.48000000,16513.33052000,0,LINKUSDT,binance
2026-05-29 12:10:00+00:00,8.926,8.932,8.916,8.924,3596.83,1780056899999,32091.34341000,381,1146.61000000,10233.20647000,0,LINKUSDT,binance
2026-05-29 12:15:00+00:00,8.924,8.937,8.914,8.932,794.42,1780057199999,7091.39398000,337,444.72000000,3969.65620000,0,LINKUSDT,binance
2026-05-29 12:20:00+00:00,8.932,8.938,8.923,8.924,3894.34,1780057499999,34787.28510000,304,2025.12000000,18089.39890000,0,LINKUSDT,binance
2026-05-29 12:25:00+00:00,8.924,8.927,8.921,8.922,1076.48,1780057799999,9606.42107000,174,441.70000000,3941.96535000,0,LINKUSDT,binance
2026-05-29 12:30:00+00:00,8.923,8.93,8.891,8.9,26248.01,1780058099999,233849.24137000,1262,9265.52000000,82571.52988000,0,LINKUSDT,binance
2026-05-29 12:35:00+00:00,8.899,8.901,8.887,8.887,7477.9,1780058399999,66513.83736000,625,4660.02000000,41445.91017000,0,LINKUSDT,binance
2026-05-29 12:40:00+00:00,8.886,8.891,8.877,8.891,5977.76,1780058699999,53101.66338000,477,2380.22000000,21146.32240000,0,LINKUSDT,binance
2026-05-29 12:45:00+00:00,8.89,8.892,8.874,8.884,5611.89,1780058999999,49860.05157000,477,3021.27000000,26838.64804000,0,LINKUSDT,binance
2026-05-29 12:50:00+00:00,8.884,8.91,8.884,8.901,7963.15,1780059299999,70866.82813000,511,4924.30000000,43814.49807000,0,LINKUSDT,binance
2026-05-29 12:55:00+00:00,8.901,8.902,8.89,8.89,3746.63,1780059599999,33314.82294000,172,658.58000000,5856.80292000,0,LINKUSDT,binance
2026-05-29 13:00:00+00:00,8.89,8.89,8.869,8.879,10493.65,1780059899999,93173.35953000,764,5792.00000000,51429.40373000,0,LINKUSDT,binance
2026-05-29 13:05:00+00:00,8.879,8.888,8.874,8.878,5895.62,1780060199999,52360.99415000,408,3077.39000000,27331.21926000,0,LINKUSDT,binance
2026-05-29 13:10:00+00:00,8.878,8.878,8.86,8.873,5794.79,1780060499999,51390.14738000,522,2449.64000000,21727.14968000,0,LINKUSDT,binance
2026-05-29 13:15:00+00:00,8.874,8.879,8.871,8.876,3263.95,1780060799999,28970.23144000,255,1825.38000000,16203.88992000,0,LINKUSDT,binance
2026-05-29 13:20:00+00:00,8.876,8.884,8.871,8.876,4988.37,1780061099999,44286.85817000,319,2362.46000000,20975.73137000,0,LINKUSDT,binance
2026-05-29 13:25:00+00:00,8.877,8.886,8.871,8.886,4587.05,1780061399999,40719.52581000,416,2245.81000000,19935.24645000,0,LINKUSDT,binance
2026-05-29 13:30:00+00:00,8.885,8.885,8.856,8.86,12781.03,1780061699999,113349.73796000,1219,5247.32000000,46542.95014000,0,LINKUSDT,binance
2026-05-29 13:35:00+00:00,8.859,8.923,8.858,8.907,10817.16,1780061999999,96180.87195000,1128,6539.37000000,58143.55950000,0,LINKUSDT,binance
2026-05-29 13:40:00+00:00,8.907,8.919,8.896,8.919,8908.16,1780062299999,79337.27729000,589,5355.44000000,47698.21965000,0,LINKUSDT,binance
2026-05-29 13:45:00+00:00,8.92,8.928,8.902,8.902,8564.12,1780062599999,76349.36523000,710,3979.24000000,35478.39233000,0,LINKUSDT,binance
2026-05-29 13:50:00+00:00,8.902,8.902,8.885,8.894,6273.64,1780062899999,55790.14430000,481,2481.91000000,22072.91734000,0,LINKUSDT,binance
2026-05-29 13:55:00+00:00,8.894,8.909,8.894,8.898,4029.78,1780063199999,35887.12234000,311,2964.72000000,26402.81283000,0,LINKUSDT,binance
2026-05-29 14:00:00+00:00,8.899,8.915,8.899,8.913,3288.63,1780063499999,29286.51952000,331,2789.79000000,24843.60848000,0,LINKUSDT,binance
2026-05-29 14:05:00+00:00,8.915,8.916,8.884,8.894,7265.55,1780063799999,64640.80790000,483,3427.53000000,30488.75272000,0,LINKUSDT,binance
2026-05-29 14:10:00+00:00,8.894,8.908,8.89,8.906,5492.21,1780064099999,48866.42532000,333,3726.38000000,33159.28153000,0,LINKUSDT,binance
2026-05-29 14:15:00+00:00,8.905,8.909,8.869,8.874,6198.97,1780064399999,55090.62496000,663,1971.43000000,17515.18957000,0,LINKUSDT,binance
2026-05-29 14:20:00+00:00,8.874,8.882,8.845,8.846,9208.26,1780064699999,81584.79118000,765,1630.92000000,14464.46687000,0,LINKUSDT,binance
2026-05-29 14:25:00+00:00,8.845,8.854,8.795,8.849,34144.33,1780064999999,300962.44838000,2264,14141.87000000,124655.24893000,0,LINKUSDT,binance
2026-05-29 14:30:00+00:00,8.848,8.866,8.837,8.861,5736.59,1780065299999,50783.61486000,622,2523.78000000,22339.15153000,0,LINKUSDT,binance
2026-05-29 14:35:00+00:00,8.862,8.862,8.821,8.822,6661.28,1780065599999,58883.40684000,605,3086.09000000,27276.74059000,0,LINKUSDT,binance
2026-05-29 14:40:00+00:00,8.822,8.832,8.795,8.807,15686.09,1780065899999,138280.72155000,910,10213.26000000,90035.59726000,0,LINKUSDT,binance
2026-05-29 14:45:00+00:00,8.807,8.851,8.804,8.842,11383.78,1780066199999,100552.49995000,792,8521.53000000,75286.93108000,0,LINKUSDT,binance
2026-05-29 14:50:00+00:00,8.841,8.921,8.841,8.888,33442.22,1780066499999,297517.01226000,2637,17332.90000000,154127.87795000,0,LINKUSDT,binance
2026-05-29 14:55:00+00:00,8.888,8.92,8.886,8.892,25173.91,1780066799999,224118.52427000,1076,11039.43000000,98285.97353000,0,LINKUSDT,binance
2026-05-29 15:00:00+00:00,8.892,8.927,8.882,8.925,7032.82,1780067099999,62626.78554000,798,4257.72000000,37914.09242000,0,LINKUSDT,binance
2026-05-29 15:05:00+00:00,8.926,8.978,8.919,8.976,18786.36,1780067399999,168198.17774000,1626,7601.48000000,68059.48132000,0,LINKUSDT,binance
2026-05-29 15:10:00+00:00,8.977,9.0,8.976,8.985,13138.12,1780067699999,118111.02219000,1020,8210.38000000,73801.56061000,0,LINKUSDT,binance
2026-05-29 15:15:00+00:00,8.985,9.01,8.961,8.993,20228.84,1780067999999,181807.07578000,1466,11988.80000000,107793.54264000,0,LINKUSDT,binance
2026-05-29 15:20:00+00:00,8.992,8.996,8.983,8.994,4069.99,1780068299999,36584.10845000,565,1863.54000000,16749.76771000,0,LINKUSDT,binance
2026-05-29 15:25:00+00:00,8.994,9.146,8.973,9.046,88323.54,1780068599999,798404.63436000,3507,61705.70000000,557884.11448000,0,LINKUSDT,binance
2026-05-29 15:30:00+00:00,9.046,9.1,9.043,9.092,32113.71,1780068899999,291598.99760000,2244,15623.79000000,141831.30746000,0,LINKUSDT,binance
2026-05-29 15:35:00+00:00,9.092,9.135,9.09,9.127,26423.51,1780069199999,240930.70035000,1600,13030.21000000,118803.64297000,0,LINKUSDT,binance
2026-05-29 15:40:00+00:00,9.127,9.137,9.061,9.071,19172.05,1780069499999,174388.24951000,1821,6646.09000000,60463.39782000,0,LINKUSDT,binance
2026-05-29 15:45:00+00:00,9.071,9.077,9.052,9.074,12626.21,1780069799999,114477.87505000,1061,5732.00000000,51967.34904000,0,LINKUSDT,binance
2026-05-29 15:50:00+00:00,9.074,9.077,9.05,9.057,15491.98,1780070099999,140373.51583000,880,7917.87000000,71720.31543000,0,LINKUSDT,binance
2026-05-29 15:55:00+00:00,9.058,9.076,9.049,9.068,22918.58,1780070399999,207539.22630000,837,9665.03000000,87504.63606000,0,LINKUSDT,binance
2026-05-29 16:00:00+00:00,9.069,9.078,9.063,9.075,6504.03,1780070699999,59007.59430000,571,3607.43000000,32729.86427000,0,LINKUSDT,binance
2026-05-29 16:05:00+00:00,9.075,9.081,9.068,9.078,8195.29,1780070999999,74369.21960000,599,3336.30000000,30280.74537000,0,LINKUSDT,binance
2026-05-29 16:10:00+00:00,9.079,9.098,9.078,9.086,14342.9,1780071299999,130338.79494000,861,6749.51000000,61334.37744000,0,LINKUSDT,binance
2026-05-29 16:15:00+00:00,9.087,9.093,9.043,9.047,14845.06,1780071599999,134489.50776000,943,5334.25000000,48319.95166000,0,LINKUSDT,binance
2026-05-29 16:20:00+00:00,9.047,9.05,9.02,9.022,7078.97,1780071899999,63957.11279000,683,3150.72000000,28478.53702000,0,LINKUSDT,binance
2026-05-29 16:25:00+00:00,9.023,9.031,9.015,9.026,6731.36,1780072199999,60724.83527000,617,2360.31000000,21296.49070000,0,LINKUSDT,binance
2026-05-29 16:30:00+00:00,9.025,9.11,9.025,9.103,24280.61,1780072499999,220200.70370000,1733,15304.12000000,138775.35689000,0,LINKUSDT,binance
2026-05-29 16:35:00+00:00,9.103,9.111,9.086,9.099,11323.49,1780072799999,103052.79553000,1126,4967.21000000,45210.05013000,0,LINKUSDT,binance
2026-05-29 16:40:00+00:00,9.099,9.113,9.098,9.105,5103.42,1780073099999,46467.13319000,885,2776.36000000,25281.76718000,0,LINKUSDT,binance
2026-05-29 16:45:00+00:00,9.105,9.107,9.091,9.099,3348.19,1780073399999,30473.37098000,610,903.79000000,8225.84596000,0,LINKUSDT,binance
2026-05-29 16:50:00+00:00,9.098,9.109,9.083,9.107,5764.32,1780073699999,52426.60113000,581,1561.98000000,14208.13624000,0,LINKUSDT,binance
2026-05-29 16:55:00+00:00,9.107,9.113,9.089,9.103,21296.95,1780073999999,193936.66687000,787,11660.43000000,106173.32577000,0,LINKUSDT,binance
2026-05-29 17:00:00+00:00,9.104,9.114,9.075,9.076,4186.03,1780074299999,38063.90646000,587,1640.93000000,14920.84505000,0,LINKUSDT,binance
2026-05-29 17:05:00+00:00,9.077,9.096,9.072,9.095,2648.43,1780074599999,24066.06344000,338,962.11000000,8741.44633000,0,LINKUSDT,binance
2026-05-29 17:10:00+00:00,9.095,9.115,9.095,9.107,13780.89,1780074899999,125499.74677000,890,8319.16000000,75761.53848000,0,LINKUSDT,binance
2026-05-29 17:15:00+00:00,9.108,9.124,9.099,9.116,29550.23,1780075199999,269156.45788000,1290,8511.16000000,77545.89199000,0,LINKUSDT,binance
2026-05-29 17:20:00+00:00,9.117,9.133,9.108,9.12,21168.69,1780075499999,193074.04543000,1295,10832.27000000,98797.13945000,0,LINKUSDT,binance
2026-05-29 17:25:00+00:00,9.12,9.122,9.105,9.117,5838.55,1780075799999,53217.46587000,499,2230.82000000,20334.69158000,0,LINKUSDT,binance
2026-05-29 17:30:00+00:00,9.118,9.128,9.117,9.119,6301.9,1780076099999,57495.92087000,566,935.45000000,8533.83362000,0,LINKUSDT,binance
2026-05-29 17:35:00+00:00,9.12,9.131,9.111,9.123,5948.39,1780076399999,54259.37026000,522,1024.14000000,9338.27139000,0,LINKUSDT,binance
2026-05-29 17:40:00+00:00,9.122,9.123,9.107,9.107,6756.78,1780076699999,61605.19095000,525,1396.75000000,12733.84214000,0,LINKUSDT,binance
2026-05-29 17:45:00+00:00,9.106,9.107,9.072,9.072,6441.46,1780076999999,58572.58687000,675,1550.78000000,14105.49288000,0,LINKUSDT,binance
2026-05-29 17:50:00+00:00,9.074,9.077,9.057,9.063,7785.85,1780077299999,70597.66001000,571,3575.29000000,32414.67264000,0,LINKUSDT,binance
2026-05-29 17:55:00+00:00,9.062,9.062,9.043,9.053,15859.16,1780077599999,143546.95524000,710,4014.21000000,36327.31307000,0,LINKUSDT,binance
2026-05-29 18:00:00+00:00,9.053,9.061,9.04,9.052,20958.78,1780077899999,189750.94665000,896,13670.81000000,123785.86975000,0,LINKUSDT,binance
2026-05-29 18:05:00+00:00,9.052,9.072,9.051,9.068,5312.37,1780078199999,48134.53150000,481,2602.78000000,23578.62102000,0,LINKUSDT,binance
2026-05-29 18:10:00+00:00,9.068,9.081,9.066,9.072,2957.89,1780078499999,26842.67713000,289,1025.20000000,9303.98834000,0,LINKUSDT,binance
2026-05-29 18:15:00+00:00,9.073,9.074,9.037,9.044,7020.89,1780078799999,63578.19290000,731,2188.69000000,19812.93899000,0,LINKUSDT,binance
2026-05-29 18:20:00+00:00,9.045,9.05,9.037,9.039,4746.2,1780079099999,42922.30257000,528,1646.34000000,14886.87956000,0,LINKUSDT,binance
2026-05-29 18:25:00+00:00,9.04,9.048,9.025,9.03,10115.3,1780079399999,91420.54505000,534,2761.00000000,24938.78145000,0,LINKUSDT,binance
2026-05-29 18:30:00+00:00,9.03,9.038,9.028,9.037,1794.22,1780079699999,16210.93120000,270,780.04000000,7047.58617000,0,LINKUSDT,binance
2026-05-29 18:35:00+00:00,9.037,9.048,9.021,9.043,6040.97,1780079999999,54547.11756000,554,1957.44000000,17672.16692000,0,LINKUSDT,binance
2026-05-29 18:40:00+00:00,9.042,9.042,9.036,9.04,4253.52,1780080299999,38449.56908000,220,1741.47000000,15739.80982000,0,LINKUSDT,binance
2026-05-29 18:45:00+00:00,9.04,9.04,8.987,8.996,11923.91,1780080599999,107336.97095000,1444,3011.58000000,27103.31893000,0,LINKUSDT,binance
2026-05-29 18:50:00+00:00,8.997,9.007,8.95,8.971,46540.17,1780080899999,417092.12146000,2068,13955.66000000,125153.67729000,0,LINKUSDT,binance
2026-05-29 18:55:00+00:00,8.971,8.979,8.961,8.979,5598.93,1780081199999,50223.68312000,589,1591.78000000,14278.91366000,0,LINKUSDT,binance
2026-05-29 19:00:00+00:00,8.978,8.994,8.963,8.991,3596.37,1780081499999,32302.64675000,561,1298.87000000,11659.55845000,0,LINKUSDT,binance
2026-05-29 19:05:00+00:00,8.991,8.997,8.99,8.99,8640.54,1780081799999,77696.25431000,326,4243.86000000,38156.00201000,0,LINKUSDT,binance
2026-05-29 19:10:00+00:00,8.989,8.99,8.961,8.964,3207.29,1780082099999,28794.61070000,307,990.74000000,8894.84924000,0,LINKUSDT,binance
2026-05-29 19:15:00+00:00,8.963,8.969,8.923,8.935,15114.59,1780082399999,135156.25499000,863,7349.68000000,65726.78039000,0,LINKUSDT,binance
2026-05-29 19:20:00+00:00,8.936,8.951,8.934,8.947,5854.23,1780082699999,52351.71696000,451,388.84000000,3477.18212000,0,LINKUSDT,binance
2026-05-29 19:25:00+00:00,8.947,8.963,8.947,8.962,1197.11,1780082999999,10721.80807000,219,903.27000000,8090.71643000,0,LINKUSDT,binance
2026-05-29 19:30:00+00:00,8.963,8.988,8.963,8.986,3885.31,1780083299999,34893.64214000,543,1335.97000000,11995.04945000,0,LINKUSDT,binance
2026-05-29 19:35:00+00:00,8.987,9.016,8.987,9.013,8255.24,1780083599999,74300.49619000,557,6987.26000000,62889.06458000,0,LINKUSDT,binance
2026-05-29 19:40:00+00:00,9.014,9.022,9.014,9.018,1368.39,1780083899999,12341.57346000,235,286.31000000,2582.27923000,0,LINKUSDT,binance
2026-05-29 19:45:00+00:00,9.019,9.02,9.008,9.01,1805.33,1780084199999,16272.37499000,200,855.74000000,7713.61285000,0,LINKUSDT,binance
2026-05-29 19:50:00+00:00,9.01,9.011,8.999,9.006,1932.5,1780084499999,17403.32880000,281,1115.39000000,10044.48903000,0,LINKUSDT,binance
2026-05-29 19:55:00+00:00,9.005,9.011,8.999,9.001,1060.96,1780084799999,9550.61609000,208,189.63000000,1706.85539000,0,LINKUSDT,binance
2026-05-29 20:00:00+00:00,9.002,9.014,8.996,9.005,2841.81,1780085099999,25605.96033000,269,1734.27000000,15627.75524000,0,LINKUSDT,binance
2026-05-29 20:05:00+00:00,9.006,9.019,9.006,9.016,2110.34,1780085399999,19020.47195000,270,865.86000000,7802.84614000,0,LINKUSDT,binance
2026-05-29 20:10:00+00:00,9.016,9.021,9.005,9.013,8953.64,1780085699999,80674.40557000,404,3472.24000000,31280.34275000,0,LINKUSDT,binance
2026-05-29 20:15:00+00:00,9.012,9.013,9.001,9.007,3545.01,1780085999999,31925.61698000,308,1451.68000000,13072.35859000,0,LINKUSDT,binance
2026-05-29 20:20:00+00:00,9.008,9.026,9.008,9.026,1818.05,1780086299999,16396.19920000,211,809.03000000,7297.50923000,0,LINKUSDT,binance
2026-05-29 20:25:00+00:00,9.026,9.027,9.018,9.021,1513.0,1780086599999,13650.81855000,231,578.40000000,5218.36984000,0,LINKUSDT,binance
2026-05-29 20:30:00+00:00,9.022,9.033,9.022,9.027,2827.42,1780086899999,25521.06881000,247,2365.73000000,21353.12391000,0,LINKUSDT,binance
2026-05-29 20:35:00+00:00,9.027,9.03,9.021,9.021,10551.96,1780087199999,95241.54137000,400,8065.40000000,72791.47716000,0,LINKUSDT,binance
2026-05-29 20:40:00+00:00,9.02,9.025,9.018,9.023,1199.02,1780087499999,10817.62503000,91,303.65000000,2739.14119000,0,LINKUSDT,binance
2026-05-29 20:45:00+00:00,9.023,9.028,9.016,9.018,660.28,1780087799999,5958.57013000,137,463.89000000,4186.45026000,0,LINKUSDT,binance
2026-05-29 20:50:00+00:00,9.019,9.02,9.004,9.004,828.93,1780088099999,7467.12929000,167,71.47000000,643.91132000,0,LINKUSDT,binance
2026-05-29 20:55:00+00:00,9.004,9.013,8.996,9.008,2813.22,1780088399999,25323.45999000,197,1100.85000000,9907.98321000,0,LINKUSDT,binance
2026-05-29 21:00:00+00:00,9.009,9.014,9.006,9.009,1540.55,1780088699999,13880.67942000,206,604.33000000,5444.79498000,0,LINKUSDT,binance
2026-05-29 21:05:00+00:00,9.01,9.022,9.01,9.017,1123.92,1780088999999,10133.88673000,209,620.16000000,5591.12669000,0,LINKUSDT,binance
2026-05-29 21:10:00+00:00,9.016,9.048,9.016,9.038,3333.49,1780089299999,30114.64711000,290,2225.28000000,20104.51993000,0,LINKUSDT,binance
2026-05-29 21:15:00+00:00,9.038,9.038,9.025,9.028,587.42,1780089599999,5307.04142000,111,183.23000000,1655.41011000,0,LINKUSDT,binance
2026-05-29 21:20:00+00:00,9.028,9.028,8.997,9.009,14239.98,1780089899999,128394.84597000,517,2955.66000000,26638.04304000,0,LINKUSDT,binance
2026-05-29 21:25:00+00:00,9.008,9.008,8.996,8.997,1952.32,1780090199999,17572.73156000,189,124.86000000,1123.70633000,0,LINKUSDT,binance
2026-05-29 21:30:00+00:00,8.996,9.003,8.986,8.997,4984.44,1780090499999,44833.16656000,249,2974.48000000,26761.82707000,0,LINKUSDT,binance
2026-05-29 21:35:00+00:00,8.996,9.001,8.989,9.001,1609.59,1780090799999,14477.83616000,157,557.21000000,5012.72212000,0,LINKUSDT,binance
2026-05-29 21:40:00+00:00,9.002,9.017,8.998,9.017,4111.59,1780091099999,37034.24867000,424,1953.27000000,17599.24883000,0,LINKUSDT,binance
2026-05-29 21:45:00+00:00,9.018,9.019,8.991,8.991,4723.7,1780091399999,42559.29975000,413,1337.04000000,12039.83546000,0,LINKUSDT,binance
2026-05-29 21:50:00+00:00,8.991,8.991,8.971,8.972,4579.56,1780091699999,41139.07198000,443,1047.26000000,9408.37818000,0,LINKUSDT,binance
2026-05-29 21:55:00+00:00,8.971,8.973,8.961,8.963,4757.8,1780091999999,42673.72452000,444,589.18000000,5283.72639000,0,LINKUSDT,binance
2026-05-29 22:00:00+00:00,8.964,8.984,8.964,8.973,5280.99,1780092299999,47394.70572000,624,2644.13000000,23730.64169000,0,LINKUSDT,binance
2026-05-29 22:05:00+00:00,8.973,8.973,8.954,8.96,3762.03,1780092599999,33718.38810000,463,1156.52000000,10363.10205000,0,LINKUSDT,binance
2026-05-29 22:10:00+00:00,8.959,8.974,8.949,8.97,48410.29,1780092899999,433362.37812000,582,37302.21000000,333863.45086000,0,LINKUSDT,binance
2026-05-29 22:15:00+00:00,8.971,8.995,8.971,8.995,4285.55,1780093199999,38480.00647000,358,2663.06000000,23908.87102000,0,LINKUSDT,binance
2026-05-29 22:20:00+00:00,8.995,9.007,8.991,8.991,4571.34,1780093499999,41146.02201000,518,1814.36000000,16329.96703000,0,LINKUSDT,binance
2026-05-29 22:25:00+00:00,8.991,8.993,8.988,8.992,881.47,1780093799999,7926.68386000,122,110.56000000,994.06177000,0,LINKUSDT,binance
2026-05-29 22:30:00+00:00,8.993,8.998,8.988,8.988,1397.87,1780094099999,12570.75404000,158,440.25000000,3959.30580000,0,LINKUSDT,binance
2026-05-29 22:35:00+00:00,8.987,8.991,8.981,8.986,709.68,1780094399999,6377.46946000,162,129.48000000,1163.70538000,0,LINKUSDT,binance
2026-05-29 22:40:00+00:00,8.986,8.99,8.982,8.987,1372.67,1780094699999,12334.24644000,119,256.53000000,2305.10986000,0,LINKUSDT,binance
2026-05-29 22:45:00+00:00,8.987,8.995,8.983,8.988,2468.3,1780094999999,22188.55524000,204,421.88000000,3793.21919000,0,LINKUSDT,binance
2026-05-29 22:50:00+00:00,8.987,8.987,8.976,8.985,735.16,1780095299999,6601.15503000,152,234.43000000,2105.13035000,0,LINKUSDT,binance
2026-05-29 22:55:00+00:00,8.986,8.998,8.986,8.992,1530.46,1780095599999,13762.28484000,153,78.43000000,705.27967000,0,LINKUSDT,binance
2026-05-29 23:00:00+00:00,8.992,8.993,8.983,8.993,1223.15,1780095899999,10996.00488000,141,238.24000000,2141.75712000,0,LINKUSDT,binance
2026-05-29 23:05:00+00:00,8.994,9.009,8.993,8.997,4513.01,1780096199999,40618.66512000,256,702.49000000,6323.40818000,0,LINKUSDT,binance
2026-05-29 23:10:00+00:00,8.998,9.008,8.991,8.999,6800.86,1780096499999,61224.87223000,508,3701.34000000,33325.83708000,0,LINKUSDT,binance
2026-05-29 23:15:00+00:00,8.999,9.007,8.994,8.999,3222.7,1780096799999,29008.74727000,243,1481.76000000,13336.78270000,0,LINKUSDT,binance
2026-05-29 23:20:00+00:00,8.999,9.003,8.983,8.993,4496.9,1780097099999,40441.92800000,295,1350.31000000,12146.51065000,0,LINKUSDT,binance
2026-05-29 23:25:00+00:00,8.992,8.997,8.991,8.996,639.05,1780097399999,5747.87584000,182,264.12000000,2375.64166000,0,LINKUSDT,binance
2026-05-29 23:30:00+00:00,8.996,8.999,8.988,8.991,5119.95,1780097699999,46033.11278000,365,3048.49000000,27407.30072000,0,LINKUSDT,binance
2026-05-29 23:35:00+00:00,8.991,9.002,8.986,8.997,4024.78,1780097999999,36213.93793000,347,2452.03000000,22067.31584000,0,LINKUSDT,binance
2026-05-29 23:40:00+00:00,8.997,9.017,8.997,9.016,14108.05,1780098299999,127052.76052000,773,5122.74000000,46139.41660000,0,LINKUSDT,binance
2026-05-29 23:45:00+00:00,9.016,9.022,9.009,9.022,15232.47,1780098599999,137329.39106000,706,7281.92000000,65654.51724000,0,LINKUSDT,binance
2026-05-29 23:50:00+00:00,9.022,9.034,9.02,9.029,27179.68,1780098899999,245371.76846000,819,21700.45000000,195916.52894000,0,LINKUSDT,binance
2026-05-29 23:55:00+00:00,9.029,9.033,9.018,9.022,8127.7,1780099199999,73354.85186000,544,3996.08000000,36071.31711000,0,LINKUSDT,binance
2026-05-30 00:00:00+00:00,9.022,9.032,9.02,9.024,10747.63,1780099499999,96994.23751000,527,8190.29000000,73909.45806000,0,LINKUSDT,binance
2026-05-30 00:05:00+00:00,9.024,9.044,9.019,9.042,8569.07,1780099799999,77370.91124000,798,5117.99000000,46211.94438000,0,LINKUSDT,binance
2026-05-30 00:10:00+00:00,9.042,9.053,9.035,9.043,21394.85,1780100099999,193516.76140000,991,12537.60000000,113401.23971000,0,LINKUSDT,binance
2026-05-30 00:15:00+00:00,9.043,9.07,9.043,9.06,29143.5,1780100399999,264122.10199000,1460,18612.22000000,168669.64354000,0,LINKUSDT,binance
2026-05-30 00:20:00+00:00,9.06,9.073,9.059,9.068,17092.97,1780100699999,154994.66872000,874,9673.87000000,87719.40911000,0,LINKUSDT,binance
2026-05-30 00:25:00+00:00,9.068,9.073,9.052,9.052,10394.18,1780100999999,94231.43476000,607,6661.37000000,60403.82537000,0,LINKUSDT,binance
2026-05-30 00:30:00+00:00,9.052,9.055,9.042,9.052,6255.58,1780101299999,56608.90108000,518,2733.44000000,24731.90700000,0,LINKUSDT,binance
2026-05-30 00:35:00+00:00,9.052,9.088,9.049,9.084,24237.48,1780101599999,219943.36164000,1123,12805.56000000,116187.08366000,0,LINKUSDT,binance
2026-05-30 00:40:00+00:00,9.084,9.087,9.076,9.085,8474.21,1780101899999,76960.67638000,694,4532.34000000,41159.50634000,0,LINKUSDT,binance
2026-05-30 00:45:00+00:00,9.085,9.092,9.078,9.092,20370.51,1780102199999,185106.77561000,768,12583.40000000,114335.68413000,0,LINKUSDT,binance
2026-05-30 00:50:00+00:00,9.093,9.11,9.093,9.096,30511.25,1780102499999,277632.37498000,966,18069.08000000,164438.90441000,0,LINKUSDT,binance
2026-05-30 00:55:00+00:00,9.096,9.112,9.096,9.103,14482.89,1780102799999,131899.10574000,811,5388.45000000,49068.08785000,0,LINKUSDT,binance
2026-05-30 01:00:00+00:00,9.103,9.111,9.093,9.101,15931.18,1780103099999,144990.05886000,929,10156.89000000,92444.91305000,0,LINKUSDT,binance
2026-05-30 01:05:00+00:00,9.1,9.117,9.095,9.117,9330.86,1780103399999,84983.85072000,577,4909.64000000,44715.36298000,0,LINKUSDT,binance
2026-05-30 01:10:00+00:00,9.117,9.141,9.116,9.136,23925.5,1780103699999,218543.74726000,1042,9225.78000000,84252.56328000,0,LINKUSDT,binance
2026-05-30 01:15:00+00:00,9.137,9.153,9.124,9.147,23723.01,1780103999999,216808.43786000,1111,14966.07000000,136791.30533000,0,LINKUSDT,binance
2026-05-30 01:20:00+00:00,9.148,9.152,9.139,9.152,9880.2,1780104299999,90351.82321000,703,6777.21000000,61977.02555000,0,LINKUSDT,binance
2026-05-30 01:25:00+00:00,9.152,9.169,9.152,9.163,19130.27,1780104599999,175230.11402000,771,10835.17000000,99248.10373000,0,LINKUSDT,binance
2026-05-30 01:30:00+00:00,9.162,9.2,9.156,9.186,45692.8,1780104899999,419709.73282000,2240,29121.21000000,267428.03415000,0,LINKUSDT,binance
2026-05-30 01:35:00+00:00,9.186,9.195,9.179,9.179,17425.83,1780105199999,160154.49296000,598,9112.18000000,83748.50601000,0,LINKUSDT,binance
2026-05-30 01:40:00+00:00,9.178,9.18,9.163,9.167,10829.16,1780105499999,99328.86958000,401,3918.76000000,35943.28119000,0,LINKUSDT,binance
2026-05-30 01:45:00+00:00,9.167,9.179,9.167,9.176,5944.08,1780105799999,54519.39316000,514,3304.84000000,30313.08697000,0,LINKUSDT,binance
2026-05-30 01:50:00+00:00,9.176,9.187,9.167,9.186,3626.81,1780106099999,33279.27548000,371,1069.85000000,9817.11559000,0,LINKUSDT,binance
2026-05-30 01:55:00+00:00,9.186,9.198,9.184,9.19,10661.78,1780106399999,97986.07787000,435,7271.47000000,66829.72386000,0,LINKUSDT,binance
2026-05-30 02:00:00+00:00,9.19,9.211,9.187,9.205,23734.31,1780106699999,218412.88237000,818,16881.51000000,155324.33836000,0,LINKUSDT,binance
2026-05-30 02:05:00+00:00,9.204,9.211,9.201,9.209,9788.95,1780106999999,90130.48638000,502,5804.50000000,53444.81522000,0,LINKUSDT,binance
2026-05-30 02:10:00+00:00,9.209,9.215,9.206,9.21,5735.71,1780107299999,52830.21263000,479,3443.91000000,31722.47010000,0,LINKUSDT,binance
2026-05-30 02:15:00+00:00,9.209,9.215,9.204,9.21,5066.0,1780107599999,46659.37364000,395,2006.89000000,18482.52550000,0,LINKUSDT,binance
2026-05-30 02:20:00+00:00,9.21,9.21,9.191,9.197,10172.38,1780107899999,93572.26194000,601,3186.76000000,29324.51455000,0,LINKUSDT,binance
2026-05-30 02:25:00+00:00,9.197,9.2,9.196,9.199,6372.64,1780108199999,58621.73509000,234,4706.00000000,43291.65118000,0,LINKUSDT,binance
2026-05-30 02:30:00+00:00,9.199,9.216,9.195,9.214,8139.93,1780108499999,74918.78741000,551,4630.79000000,42627.10547000,0,LINKUSDT,binance
2026-05-30 02:35:00+00:00,9.213,9.224,9.21,9.221,19912.83,1780108799999,183566.79502000,517,9282.07000000,85563.88417000,0,LINKUSDT,binance
2026-05-30 02:40:00+00:00,9.22,9.246,9.219,9.232,15228.93,1780109099999,140540.38184000,789,11467.57000000,105824.08869000,0,LINKUSDT,binance
2026-05-30 02:45:00+00:00,9.232,9.235,9.226,9.227,6185.18,1780109399999,57091.00422000,333,3554.40000000,32807.21494000,0,LINKUSDT,binance
2026-05-30 02:50:00+00:00,9.227,9.256,9.227,9.254,20830.32,1780109699999,192666.19651000,890,10401.52000000,96182.97975000,0,LINKUSDT,binance
2026-05-30 02:55:00+00:00,9.254,9.275,9.254,9.271,26103.57,1780109999999,241896.75641000,1060,14107.37000000,130717.90507000,0,LINKUSDT,binance
2026-05-30 03:00:00+00:00,9.272,9.293,9.267,9.291,27435.32,1780110299999,254702.46216000,2132,14302.06000000,132772.93494000,0,LINKUSDT,binance
2026-05-30 03:05:00+00:00,9.291,9.315,9.285,9.311,19581.9,1780110599999,182144.29284000,1327,11277.14000000,104891.25583000,0,LINKUSDT,binance
2026-05-30 03:10:00+00:00,9.312,9.314,9.298,9.307,13252.49,1780110899999,123337.78937000,879,5858.26000000,54523.67327000,0,LINKUSDT,binance
2026-05-30 03:15:00+00:00,9.307,9.308,9.29,9.296,5071.91,1780111199999,47161.72776000,620,2131.22000000,19816.07871000,0,LINKUSDT,binance
2026-05-30 03:20:00+00:00,9.297,9.308,9.266,9.269,12534.7,1780111499999,116460.94986000,772,7294.04000000,67795.56420000,0,LINKUSDT,binance
2026-05-30 03:25:00+00:00,9.269,9.284,9.266,9.278,9816.1,1780111799999,91022.05034000,576,5014.91000000,46502.00993000,0,LINKUSDT,binance
2026-05-30 03:30:00+00:00,9.277,9.277,9.251,9.251,11639.79,1780112099999,107810.36030000,1043,4252.72000000,39386.16914000,0,LINKUSDT,binance
2026-05-30 03:35:00+00:00,9.251,9.253,9.236,9.238,7698.48,1780112399999,71161.23207000,470,2474.94000000,22879.64343000,0,LINKUSDT,binance
2026-05-30 03:40:00+00:00,9.238,9.238,9.224,9.231,4886.07,1780112699999,45089.12693000,527,2356.43000000,21749.63613000,0,LINKUSDT,binance
2026-05-30 03:45:00+00:00,9.231,9.257,9.23,9.254,7735.75,1780112999999,71528.58945000,449,3061.09000000,28291.97501000,0,LINKUSDT,binance
2026-05-30 03:50:00+00:00,9.253,9.253,9.242,9.242,6296.63,1780113299999,58222.10137000,318,3114.82000000,28798.62084000,0,LINKUSDT,binance
2026-05-30 03:55:00+00:00,9.241,9.244,9.231,9.243,3400.53,1780113599999,31411.99751000,460,1621.26000000,14979.89048000,0,LINKUSDT,binance
2026-05-30 04:00:00+00:00,9.243,9.277,9.243,9.257,15853.2,1780113899999,146850.03294000,982,9520.57000000,88180.69657000,0,LINKUSDT,binance
2026-05-30 04:05:00+00:00,9.256,9.257,9.209,9.21,11754.53,1780114199999,108524.24330000,1030,3624.75000000,33479.07601000,0,LINKUSDT,binance
2026-05-30 04:10:00+00:00,9.209,9.243,9.208,9.243,18276.83,1780114499999,168488.75638000,1040,7250.50000000,66864.49631000,0,LINKUSDT,binance
2026-05-30 04:15:00+00:00,9.243,9.244,9.205,9.209,11173.39,1780114799999,103121.93104000,942,4561.82000000,42077.75093000,0,LINKUSDT,binance
2026-05-30 04:20:00+00:00,9.208,9.214,9.183,9.198,19299.33,1780115099999,177421.70234000,895,9448.66000000,86861.63886000,0,LINKUSDT,binance
2026-05-30 04:25:00+00:00,9.198,9.199,9.124,9.139,54239.2,1780115399999,496357.35086000,2472,18237.88000000,166782.61878000,0,LINKUSDT,binance
2026-05-30 04:30:00+00:00,9.139,9.139,9.087,9.095,43305.07,1780115699999,394481.14506000,2814,16524.63000000,150558.87517000,0,LINKUSDT,binance
2026-05-30 04:35:00+00:00,9.095,9.113,9.088,9.104,20195.7,1780115999999,183779.46068000,1070,5315.79000000,48376.58836000,0,LINKUSDT,binance
2026-05-30 04:40:00+00:00,9.105,9.125,9.105,9.124,7581.91,1780116299999,69079.06502000,428,4974.44000000,45322.58792000,0,LINKUSDT,binance
2026-05-30 04:45:00+00:00,9.124,9.155,9.121,9.154,7997.75,1780116599999,73083.46753000,486,5194.82000000,47456.56365000,0,LINKUSDT,binance
2026-05-30 04:50:00+00:00,9.155,9.159,9.132,9.14,10207.19,1780116899999,93403.34530000,651,3072.44000000,28115.96081000,0,LINKUSDT,binance
2026-05-30 04:55:00+00:00,9.141,9.149,9.134,9.147,1678.8,1780117199999,15345.15743000,245,761.09000000,6956.25073000,0,LINKUSDT,binance
2026-05-30 05:00:00+00:00,9.146,9.147,9.114,9.135,20512.3,1780117499999,187252.05660000,960,10932.26000000,99794.19332000,0,LINKUSDT,binance
2026-05-30 05:05:00+00:00,9.136,9.192,9.136,9.167,23207.49,1780117799999,212771.84299000,1223,12109.63000000,111016.90670000,0,LINKUSDT,binance
2026-05-30 05:10:00+00:00,9.167,9.177,9.167,9.172,1653.11,1780118099999,15163.50870000,236,597.07000000,5475.26026000,0,LINKUSDT,binance
2026-05-30 05:15:00+00:00,9.173,9.176,9.163,9.174,2574.65,1780118399999,23609.04219000,294,1985.76000000,18208.22199000,0,LINKUSDT,binance
2026-05-30 05:20:00+00:00,9.174,9.181,9.173,9.173,1338.37,1780118699999,12283.46363000,201,878.15000000,8060.27556000,0,LINKUSDT,binance
2026-05-30 05:25:00+00:00,9.174,9.177,9.155,9.155,6819.04,1780118999999,62476.82464000,367,2443.88000000,22387.63879000,0,LINKUSDT,binance
2026-05-30 05:30:00+00:00,9.156,9.162,9.155,9.159,2293.41,1780119299999,21002.17379000,176,1084.95000000,9934.91329000,0,LINKUSDT,binance
2026-05-30 05:35:00+00:00,9.158,9.167,9.155,9.167,3471.94,1780119599999,31803.99239000,242,833.73000000,7636.32224000,0,LINKUSDT,binance
2026-05-30 05:40:00+00:00,9.166,9.167,9.157,9.166,4226.65,1780119899999,38729.12296000,243,799.02000000,7320.37082000,0,LINKUSDT,binance
2026-05-30 05:45:00+00:00,9.166,9.183,9.162,9.174,6039.12,1780120199999,55408.14421000,505,1376.99000000,12629.65132000,0,LINKUSDT,binance
2026-05-30 05:50:00+00:00,9.174,9.179,9.168,9.174,3276.9,1780120499999,30058.25055000,305,1856.89000000,17030.51548000,0,LINKUSDT,binance
2026-05-30 05:55:00+00:00,9.174,9.182,9.171,9.173,1744.66,1780120799999,16010.83884000,242,810.08000000,7435.07388000,0,LINKUSDT,binance
2026-05-30 06:00:00+00:00,9.174,9.179,9.168,9.168,7713.48,1780121099999,70774.61346000,314,2075.07000000,19040.05121000,0,LINKUSDT,binance
2026-05-30 06:05:00+00:00,9.167,9.167,9.154,9.157,4269.61,1780121399999,39102.50736000,328,1313.22000000,12026.73979000,0,LINKUSDT,binance
2026-05-30 06:10:00+00:00,9.157,9.166,9.157,9.162,3583.73,1780121699999,32832.98350000,287,2063.10000000,18900.68588000,0,LINKUSDT,binance
2026-05-30 06:15:00+00:00,9.162,9.167,9.161,9.166,1646.23,1780121999999,15086.55165000,190,569.44000000,5217.61525000,0,LINKUSDT,binance
2026-05-30 06:20:00+00:00,9.167,9.18,9.167,9.18,4975.81,1780122299999,45652.10652000,272,2996.05000000,27486.84042000,0,LINKUSDT,binance
2026-05-30 06:25:00+00:00,9.18,9.2,9.18,9.199,3495.16,1780122599999,32129.81444000,260,2968.75000000,27288.39443000,0,LINKUSDT,binance
2026-05-30 06:30:00+00:00,9.2,9.207,9.196,9.205,7975.28,1780122899999,73389.49916000,526,2872.15000000,26424.46847000,0,LINKUSDT,binance
2026-05-30 06:35:00+00:00,9.204,9.209,9.195,9.196,5137.39,1780123199999,47277.50305000,422,1450.15000000,13345.27727000,0,LINKUSDT,binance
2026-05-30 06:40:00+00:00,9.196,9.197,9.19,9.191,2885.34,1780123499999,26525.99785000,169,1156.70000000,10632.31077000,0,LINKUSDT,binance
2026-05-30 06:45:00+00:00,9.192,9.194,9.175,9.175,2252.51,1780123799999,20684.25768000,222,591.67000000,5433.57530000,0,LINKUSDT,binance
2026-05-30 06:50:00+00:00,9.175,9.177,9.168,9.174,3574.74,1780124099999,32786.03818000,231,1750.97000000,16059.05257000,0,LINKUSDT,binance
2026-05-30 06:55:00+00:00,9.175,9.176,9.163,9.172,2987.72,1780124399999,27396.45664000,359,858.36000000,7870.39987000,0,LINKUSDT,binance
2026-05-30 07:00:00+00:00,9.172,9.172,9.145,9.145,11897.82,1780124699999,108932.23120000,510,2872.17000000,26293.03470000,0,LINKUSDT,binance
2026-05-30 07:05:00+00:00,9.145,9.148,9.141,9.142,5802.77,1780124999999,53062.72836000,348,3083.29000000,28196.38988000,0,LINKUSDT,binance
2026-05-30 07:10:00+00:00,9.142,9.148,9.137,9.145,6553.4,1780125299999,59902.15634000,265,4391.81000000,40144.68804000,0,LINKUSDT,binance
2026-05-30 07:15:00+00:00,9.144,9.151,9.14,9.148,2826.89,1780125599999,25852.00834000,362,1192.08000000,10902.25024000,0,LINKUSDT,binance
2026-05-30 07:20:00+00:00,9.148,9.159,9.146,9.159,1378.77,1780125899999,12618.03863000,149,1119.71000000,10247.96551000,0,LINKUSDT,binance
2026-05-30 07:25:00+00:00,9.158,9.17,9.158,9.17,2153.97,1780126199999,19743.14849000,202,1353.50000000,12408.23911000,0,LINKUSDT,binance
2026-05-30 07:30:00+00:00,9.169,9.175,9.163,9.168,4223.74,1780126499999,38727.08289000,323,3207.04000000,29404.96208000,0,LINKUSDT,binance
2026-05-30 07:35:00+00:00,9.167,9.167,9.142,9.144,4971.8,1780126799999,45512.80204000,407,2561.49000000,23434.86215000,0,LINKUSDT,binance
2026-05-30 07:40:00+00:00,9.144,9.15,9.141,9.141,2235.86,1780127099999,20450.58280000,200,753.37000000,6891.81186000,0,LINKUSDT,binance
2026-05-30 07:45:00+00:00,9.14,9.151,9.137,9.149,795.28,1780127399999,7271.60528000,240,632.12000000,5779.74302000,0,LINKUSDT,binance
2026-05-30 07:50:00+00:00,9.149,9.155,9.149,9.154,1797.25,1780127699999,16447.72163000,133,449.46000000,4113.11261000,0,LINKUSDT,binance
2026-05-30 07:55:00+00:00,9.154,9.163,9.149,9.163,2565.96,1780127999999,23491.90467000,293,1253.50000000,11474.86637000,0,LINKUSDT,binance
2026-05-30 08:00:00+00:00,9.164,9.165,9.153,9.159,5759.0,1780128299999,52749.98380000,259,3104.57000000,28439.15048000,0,LINKUSDT,binance
2026-05-30 08:05:00+00:00,9.158,9.162,9.153,9.156,1855.62,1780128599999,16993.91190000,165,506.55000000,4639.29257000,0,LINKUSDT,binance
2026-05-30 08:10:00+00:00,9.156,9.156,9.147,9.154,1331.61,1780128899999,12185.27962000,119,621.29000000,5684.34053000,0,LINKUSDT,binance
2026-05-30 08:15:00+00:00,9.154,9.155,9.141,9.144,1432.51,1780129199999,13099.42228000,155,753.28000000,6886.22019000,0,LINKUSDT,binance
2026-05-30 08:20:00+00:00,9.145,9.153,9.143,9.153,600.46,1780129499999,5492.79548000,134,227.30000000,2079.56534000,0,LINKUSDT,binance
2026-05-30 08:25:00+00:00,9.153,9.154,9.141,9.141,2809.84,1780129799999,25701.69347000,251,443.45000000,4056.20531000,0,LINKUSDT,binance
2026-05-30 08:30:00+00:00,9.141,9.144,9.135,9.136,2835.47,1780130099999,25912.45236000,209,1201.28000000,10978.39929000,0,LINKUSDT,binance
2026-05-30 08:35:00+00:00,9.136,9.143,9.131,9.136,3852.65,1780130399999,35202.32883000,295,844.61000000,7717.53398000,0,LINKUSDT,binance
2026-05-30 08:40:00+00:00,9.136,9.136,9.124,9.129,7411.13,1780130699999,67657.09498000,333,3417.68000000,31194.90290000,0,LINKUSDT,binance
2026-05-30 08:45:00+00:00,9.129,9.131,9.122,9.131,2013.61,1780130999999,18377.59609000,229,1659.17000000,15143.22426000,0,LINKUSDT,binance
2026-05-30 08:50:00+00:00,9.132,9.138,9.131,9.134,2437.29,1780131299999,22263.16154000,264,894.99000000,8175.16277000,0,LINKUSDT,binance
2026-05-30 08:55:00+00:00,9.133,9.133,9.126,9.128,2894.32,1780131599999,26419.45998000,228,1224.85000000,11180.06457000,0,LINKUSDT,binance
2026-05-30 09:00:00+00:00,9.129,9.129,9.117,9.127,2149.07,1780131899999,19608.95601000,403,1183.21000000,10795.24188000,0,LINKUSDT,binance
2026-05-30 09:05:00+00:00,9.127,9.137,9.121,9.137,2515.14,1780132199999,22954.79145000,311,1239.00000000,11308.51445000,0,LINKUSDT,binance
2026-05-30 09:10:00+00:00,9.137,9.145,9.135,9.139,4595.01,1780132499999,42001.61394000,292,2943.61000000,26909.02083000,0,LINKUSDT,binance
2026-05-30 09:15:00+00:00,9.139,9.143,9.129,9.129,4083.47,1780132799999,37320.83127000,224,2687.01000000,24558.33782000,0,LINKUSDT,binance
2026-05-30 09:20:00+00:00,9.129,9.138,9.127,9.138,1915.02,1780133099999,17486.40228000,259,1329.30000000,12138.30188000,0,LINKUSDT,binance
2026-05-30 09:25:00+00:00,9.138,9.148,9.138,9.146,1024.43,1780133399999,9368.08135000,113,421.37000000,3853.53927000,0,LINKUSDT,binance
2026-05-30 09:30:00+00:00,9.146,9.157,9.146,9.151,1523.48,1780133699999,13942.89321000,265,1140.87000000,10441.31641000,0,LINKUSDT,binance
2026-05-30 09:35:00+00:00,9.152,9.158,9.149,9.155,999.82,1780133999999,9150.30044000,217,814.15000000,7450.91215000,0,LINKUSDT,binance
2026-05-30 09:40:00+00:00,9.154,9.154,9.149,9.154,1517.65,1780134299999,13888.17973000,128,617.78000000,5652.78431000,0,LINKUSDT,binance
2026-05-30 09:45:00+00:00,9.154,9.158,9.151,9.152,1527.13,1780134599999,13978.26455000,166,626.38000000,5733.01974000,0,LINKUSDT,binance
2026-05-30 09:50:00+00:00,9.152,9.171,9.15,9.165,2878.52,1780134899999,26383.14482000,372,1556.54000000,14267.74724000,0,LINKUSDT,binance
2026-05-30 09:55:00+00:00,9.165,9.165,9.157,9.161,2835.06,1780135199999,25972.65227000,231,1648.10000000,15096.99349000,0,LINKUSDT,binance
2026-05-30 10:00:00+00:00,9.162,9.164,9.154,9.159,1311.0,1780135499999,12011.20752000,194,439.55000000,4027.33387000,0,LINKUSDT,binance
2026-05-30 10:05:00+00:00,9.159,9.164,9.155,9.159,1911.9,1780135799999,17512.44830000,291,806.84000000,7389.41696000,0,LINKUSDT,binance
2026-05-30 10:10:00+00:00,9.16,9.163,9.153,9.154,3385.19,1780136099999,31003.02460000,272,2024.04000000,18537.56918000,0,LINKUSDT,binance
2026-05-30 10:15:00+00:00,9.155,9.181,9.155,9.181,5956.34,1780136399999,54603.42084000,607,3304.19000000,30303.37893000,0,LINKUSDT,binance
2026-05-30 10:20:00+00:00,9.181,9.181,9.168,9.172,1688.34,1780136699999,15488.31552000,322,229.94000000,2108.85615000,0,LINKUSDT,binance
2026-05-30 10:25:00+00:00,9.172,9.172,9.159,9.159,1955.82,1780136999999,17926.62609000,304,95.72000000,877.78383000,0,LINKUSDT,binance
2026-05-30 10:30:00+00:00,9.159,9.162,9.146,9.153,1573.4,1780137299999,14397.99192000,240,954.83000000,8735.51736000,0,LINKUSDT,binance
2026-05-30 10:35:00+00:00,9.152,9.156,9.15,9.15,764.74,1780137599999,6999.63728000,191,266.14000000,2436.03382000,0,LINKUSDT,binance
2026-05-30 10:40:00+00:00,9.15,9.158,9.15,9.154,1506.61,1780137899999,13792.21394000,154,1074.55000000,9836.58381000,0,LINKUSDT,binance
2026-05-30 10:45:00+00:00,9.155,9.158,9.154,9.158,238.45,1780138199999,2183.13846000,68,216.63000000,1983.37569000,0,LINKUSDT,binance
2026-05-30 10:50:00+00:00,9.158,9.159,9.153,9.154,495.0,1780138499999,4532.23113000,136,237.81000000,2177.57270000,0,LINKUSDT,binance
2026-05-30 10:55:00+00:00,9.154,9.154,9.137,9.141,29197.51,1780138799999,267033.07330000,310,755.83000000,6908.14870000,0,LINKUSDT,binance
2026-05-30 11:00:00+00:00,9.141,9.145,9.135,9.137,927.64,1780139099999,8477.75417000,264,619.95000000,5665.45336000,0,LINKUSDT,binance
2026-05-30 11:05:00+00:00,9.138,9.147,9.131,9.135,2080.9,1780139399999,19019.05120000,278,1376.87000000,12586.09474000,0,LINKUSDT,binance
2026-05-30 11:10:00+00:00,9.134,9.136,9.132,9.132,784.43,1780139699999,7165.78555000,103,172.81000000,1578.47649000,0,LINKUSDT,binance
2026-05-30 11:15:00+00:00,9.132,9.135,9.12,9.121,3884.5,1780139999999,35444.40760000,427,783.31000000,7148.74057000,0,LINKUSDT,binance
2026-05-30 11:20:00+00:00,9.121,9.128,9.115,9.128,7967.91,1780140299999,72656.81080000,430,2942.63000000,26833.63469000,0,LINKUSDT,binance
2026-05-30 11:25:00+00:00,9.129,9.149,9.126,9.142,5151.0,1780140599999,47067.80005000,487,2631.54000000,24047.39350000,0,LINKUSDT,binance
2026-05-30 11:30:00+00:00,9.142,9.15,9.141,9.145,5343.48,1780140899999,48867.46198000,224,4095.84000000,37459.02234000,0,LINKUSDT,binance
2026-05-30 11:35:00+00:00,9.146,9.167,9.146,9.159,2007.11,1780141199999,18380.39818000,419,1339.97000000,12271.61323000,0,LINKUSDT,binance
2026-05-30 11:40:00+00:00,9.159,9.159,9.148,9.148,2574.95,1780141499999,23576.00554000,230,469.39000000,4298.17457000,0,LINKUSDT,binance
2026-05-30 11:45:00+00:00,9.149,9.152,9.141,9.144,1758.95,1780141799999,16088.54675000,242,736.33000000,6735.27337000,0,LINKUSDT,binance
2026-05-30 11:50:00+00:00,9.143,9.145,9.14,9.145,2671.27,1780142099999,24421.02897000,157,1074.14000000,9820.08249000,0,LINKUSDT,binance
2026-05-30 11:55:00+00:00,9.144,9.144,9.135,9.14,3789.53,1780142399999,34629.75233000,224,1120.56000000,10240.92428000,0,LINKUSDT,binance
2026-05-30 12:00:00+00:00,9.139,9.144,9.136,9.138,1218.97,1780142699999,11141.07994000,185,659.15000000,6024.19371000,0,LINKUSDT,binance
2026-05-30 12:05:00+00:00,9.138,9.144,9.133,9.133,1024.24,1780142999999,9359.17373000,173,261.57000000,2390.54421000,0,LINKUSDT,binance
2026-05-30 12:10:00+00:00,9.133,9.137,9.129,9.137,2459.65,1780143299999,22461.46656000,142,2178.63000000,19895.24858000,0,LINKUSDT,binance
2026-05-30 12:15:00+00:00,9.137,9.147,9.133,9.145,2025.69,1780143599999,18517.58616000,241,1655.89000000,15137.91803000,0,LINKUSDT,binance
2026-05-30 12:20:00+00:00,9.145,9.148,9.139,9.139,610.08,1780143899999,5578.17986000,169,430.31000000,3934.65448000,0,LINKUSDT,binance
2026-05-30 12:25:00+00:00,9.139,9.147,9.139,9.144,533.12,1780144199999,4875.08884000,109,243.60000000,2227.44094000,0,LINKUSDT,binance
2026-05-30 12:30:00+00:00,9.145,9.157,9.144,9.149,1306.21,1780144499999,11954.99612000,263,785.64000000,7190.86653000,0,LINKUSDT,binance
2026-05-30 12:35:00+00:00,9.148,9.148,9.14,9.143,1230.85,1780144799999,11253.20641000,169,666.70000000,6095.15802000,0,LINKUSDT,binance
2026-05-30 12:40:00+00:00,9.143,9.144,9.139,9.144,3050.93,1780145099999,27890.79644000,107,421.66000000,3854.03131000,0,LINKUSDT,binance
2026-05-30 12:45:00+00:00,9.145,9.147,9.134,9.146,1704.07,1780145399999,15575.39916000,342,703.06000000,6426.27091000,0,LINKUSDT,binance
2026-05-30 12:50:00+00:00,9.146,9.147,9.14,9.146,929.65,1780145699999,8500.49267000,179,650.47000000,5947.72163000,0,LINKUSDT,binance
2026-05-30 12:55:00+00:00,9.146,9.163,9.146,9.159,2093.54,1780145999999,19166.44995000,267,1601.25000000,14658.75671000,0,LINKUSDT,binance
2026-05-30 13:00:00+00:00,9.16,9.173,9.159,9.164,3495.86,1780146299999,32041.32734000,470,1866.23000000,17106.56824000,0,LINKUSDT,binance
2026-05-30 13:05:00+00:00,9.165,9.172,9.161,9.172,3922.97,1780146599999,35967.53643000,387,2717.90000000,24921.33500000,0,LINKUSDT,binance
2026-05-30 13:10:00+00:00,9.172,9.174,9.169,9.169,705.14,1780146899999,6466.63911000,132,519.76000000,4766.40584000,0,LINKUSDT,binance
2026-05-30 13:15:00+00:00,9.169,9.169,9.161,9.168,2063.49,1780147199999,18911.89388000,255,920.03000000,8432.20760000,0,LINKUSDT,binance
2026-05-30 13:20:00+00:00,9.169,9.191,9.169,9.177,11648.11,1780147499999,106963.67308000,703,9868.50000000,90620.59488000,0,LINKUSDT,binance
2026-05-30 13:25:00+00:00,9.177,9.178,9.168,9.169,2815.16,1780147799999,25814.66991000,194,1212.91000000,11121.97501000,0,LINKUSDT,binance
2026-05-30 13:30:00+00:00,9.169,9.173,9.149,9.15,4684.25,1780148099999,42883.24272000,527,3646.41000000,33376.10692000,0,LINKUSDT,binance
2026-05-30 13:35:00+00:00,9.15,9.152,9.14,9.144,2228.58,1780148399999,20383.51495000,430,1397.12000000,12779.10101000,0,LINKUSDT,binance
2026-05-30 13:40:00+00:00,9.144,9.167,9.142,9.167,3356.87,1780148699999,30735.47820000,281,2204.69000000,20190.35899000,0,LINKUSDT,binance
2026-05-30 13:45:00+00:00,9.167,9.178,9.166,9.167,6752.2,1780148999999,61923.44966000,373,3289.44000000,30164.69007000,0,LINKUSDT,binance
2026-05-30 13:50:00+00:00,9.167,9.186,9.167,9.186,4183.01,1780149299999,38379.08761000,375,3296.54000000,30246.97017000,0,LINKUSDT,binance
2026-05-30 13:55:00+00:00,9.187,9.192,9.182,9.185,4946.61,1780149599999,45448.72113000,327,3138.85000000,28841.25232000,0,LINKUSDT,binance
2026-05-30 14:00:00+00:00,9.186,9.2,9.183,9.192,3091.95,1780149899999,28418.61093000,536,2170.29000000,19948.45895000,0,LINKUSDT,binance
2026-05-30 14:05:00+00:00,9.191,9.192,9.182,9.187,1876.2,1780150199999,17236.54745000,351,1131.17000000,10392.15923000,0,LINKUSDT,binance
2026-05-30 14:10:00+00:00,9.187,9.201,9.181,9.182,2626.34,1780150499999,24139.12989000,444,1191.90000000,10956.08118000,0,LINKUSDT,binance
2026-05-30 14:15:00+00:00,9.182,9.2,9.169,9.199,3940.99,1780150799999,36205.36483000,633,2302.18000000,21162.36638000,0,LINKUSDT,binance
2026-05-30 14:20:00+00:00,9.2,9.202,9.191,9.195,2232.44,1780151099999,20533.35247000,435,941.86000000,8663.20868000,0,LINKUSDT,binance
2026-05-30 14:25:00+00:00,9.195,9.212,9.192,9.207,4289.48,1780151399999,39497.54775000,530,2259.16000000,20800.46660000,0,LINKUSDT,binance
2026-05-30 14:30:00+00:00,9.208,9.215,9.197,9.211,4198.11,1780151699999,38643.23746000,759,1590.22000000,14635.89031000,0,LINKUSDT,binance
2026-05-30 14:35:00+00:00,9.211,9.217,9.204,9.213,5562.22,1780151999999,51227.83397000,579,2262.51000000,20839.38925000,0,LINKUSDT,binance
2026-05-30 14:40:00+00:00,9.212,9.216,9.204,9.204,5172.41,1780152299999,47637.66636000,312,2885.59000000,26571.08891000,0,LINKUSDT,binance
2026-05-30 14:45:00+00:00,9.203,9.209,9.192,9.205,6879.59,1780152599999,63292.24795000,554,4198.03000000,38622.52768000,0,LINKUSDT,binance
2026-05-30 14:50:00+00:00,9.205,9.205,9.198,9.204,1912.37,1780152899999,17592.99364000,271,1354.95000000,12465.03475000,0,LINKUSDT,binance
2026-05-30 14:55:00+00:00,9.204,9.225,9.201,9.22,15006.16,1780153199999,138301.17403000,514,7394.45000000,68125.30206000,0,LINKUSDT,binance
2026-05-30 15:00:00+00:00,9.221,9.234,9.205,9.205,10483.3,1780153499999,96699.32632000,574,4541.29000000,41893.65114000,0,LINKUSDT,binance
2026-05-30 15:05:00+00:00,9.205,9.209,9.202,9.208,5774.01,1780153799999,53146.22693000,331,2052.09000000,18887.71614000,0,LINKUSDT,binance
2026-05-30 15:10:00+00:00,9.209,9.241,9.209,9.237,6823.45,1780154099999,62929.35067000,625,5401.01000000,49804.06648000,0,LINKUSDT,binance
2026-05-30 15:15:00+00:00,9.237,9.239,9.216,9.224,6684.21,1780154399999,61669.45560000,428,1043.80000000,9628.40937000,0,LINKUSDT,binance
2026-05-30 15:20:00+00:00,9.225,9.227,9.204,9.217,7028.3,1780154699999,64765.50428000,625,4800.71000000,44244.66491000,0,LINKUSDT,binance
2026-05-30 15:25:00+00:00,9.218,9.228,9.218,9.224,3005.73,1780154999999,27719.91309000,299,1700.36000000,15681.68559000,0,LINKUSDT,binance
2026-05-30 15:30:00+00:00,9.223,9.226,9.213,9.219,4859.37,1780155299999,44801.53600000,424,3693.20000000,34048.36750000,0,LINKUSDT,binance
2026-05-30 15:35:00+00:00,9.219,9.224,9.192,9.192,4731.07,1780155599999,43577.87322000,423,2114.58000000,19487.13229000,0,LINKUSDT,binance
2026-05-30 15:40:00+00:00,9.192,9.197,9.185,9.189,4946.16,1780155899999,45464.18472000,350,3648.33000000,33535.82982000,0,LINKUSDT,binance
2026-05-30 15:45:00+00:00,9.19,9.21,9.19,9.21,6202.89,1780156199999,57068.11181000,432,3464.65000000,31871.17957000,0,LINKUSDT,binance
2026-05-30 15:50:00+00:00,9.21,9.218,9.201,9.211,4336.74,1780156499999,39942.37744000,367,893.18000000,8226.46140000,0,LINKUSDT,binance
2026-05-30 15:55:00+00:00,9.211,9.214,9.202,9.202,1486.14,1780156799999,13687.65565000,214,879.72000000,8100.78693000,0,LINKUSDT,binance
2026-05-30 16:00:00+00:00,9.203,9.21,9.191,9.197,12768.81,1780157099999,117410.20966000,604,4255.67000000,39134.75048000,0,LINKUSDT,binance
2026-05-30 16:05:00+00:00,9.198,9.217,9.198,9.215,2414.33,1780157399999,22239.69786000,457,1738.67000000,16016.29425000,0,LINKUSDT,binance
2026-05-30 16:10:00+00:00,9.215,9.234,9.213,9.228,3986.41,1780157699999,36783.09980000,433,2601.19000000,24005.93806000,0,LINKUSDT,binance
2026-05-30 16:15:00+00:00,9.227,9.233,9.213,9.219,3670.72,1780157999999,33857.64668000,652,1751.94000000,16157.28340000,0,LINKUSDT,binance
2026-05-30 16:20:00+00:00,9.22,9.226,9.213,9.216,1040.6,1780158299999,9592.08371000,277,504.11000000,4647.61342000,0,LINKUSDT,binance
2026-05-30 16:25:00+00:00,9.216,9.223,9.214,9.221,1056.36,1780158599999,9738.12628000,168,706.59000000,6514.22566000,0,LINKUSDT,binance
2026-05-30 16:30:00+00:00,9.222,9.231,9.219,9.227,6717.55,1780158899999,61965.79664000,432,4899.23000000,45191.86828000,0,LINKUSDT,binance
2026-05-30 16:35:00+00:00,9.228,9.234,9.224,9.234,1170.1,1780159199999,10800.71799000,209,1027.00000000,9480.16343000,0,LINKUSDT,binance
2026-05-30 16:40:00+00:00,9.234,9.235,9.221,9.229,2119.64,1780159499999,19560.14368000,188,176.77000000,1631.27931000,0,LINKUSDT,binance
2026-05-30 16:45:00+00:00,9.229,9.235,9.226,9.232,4887.45,1780159799999,45109.92475000,349,2024.30000000,18682.85484000,0,LINKUSDT,binance
2026-05-30 16:50:00+00:00,9.232,9.24,9.23,9.24,2028.72,1780160099999,18735.14479000,196,1625.03000000,15007.24843000,0,LINKUSDT,binance
2026-05-30 16:55:00+00:00,9.24,9.242,9.235,9.241,3023.03,1780160399999,27929.85913000,157,2264.75000000,20924.37369000,0,LINKUSDT,binance
2026-05-30 17:00:00+00:00,9.241,9.254,9.24,9.25,23819.35,1780160699999,220279.54410000,464,21206.57000000,196114.10233000,0,LINKUSDT,binance
2026-05-30 17:05:00+00:00,9.251,9.252,9.217,9.223,9696.4,1780160999999,89478.22107000,623,2682.50000000,24755.87405000,0,LINKUSDT,binance
2026-05-30 17:10:00+00:00,9.223,9.229,9.214,9.226,5772.05,1780161299999,53213.84347000,390,1260.15000000,11617.40787000,0,LINKUSDT,binance
2026-05-30 17:15:00+00:00,9.227,9.23,9.22,9.223,830.28,1780161599999,7657.21923000,280,82.82000000,764.06059000,0,LINKUSDT,binance
2026-05-30 17:20:00+00:00,9.224,9.248,9.224,9.243,5078.29,1780161899999,46923.03356000,403,3463.49000000,31999.61854000,0,LINKUSDT,binance
2026-05-30 17:25:00+00:00,9.244,9.244,9.227,9.227,2234.02,1780162199999,20635.96472000,261,979.68000000,9048.37514000,0,LINKUSDT,binance
2026-05-30 17:30:00+00:00,9.226,9.226,9.19,9.2,7890.15,1780162499999,72628.67940000,1096,3073.26000000,28282.17927000,0,LINKUSDT,binance
2026-05-30 17:35:00+00:00,9.2,9.217,9.2,9.217,2466.63,1780162799999,22710.25067000,283,1501.01000000,13818.46193000,0,LINKUSDT,binance
2026-05-30 17:40:00+00:00,9.217,9.231,9.217,9.231,3981.82,1780163099999,36725.85772000,316,2526.71000000,23304.91879000,0,LINKUSDT,binance
2026-05-30 17:45:00+00:00,9.232,9.252,9.232,9.25,2678.34,1780163399999,24765.59628000,405,2164.83000000,20017.49964000,0,LINKUSDT,binance
2026-05-30 17:50:00+00:00,9.25,9.255,9.246,9.246,1444.16,1780163699999,13361.89655000,298,767.99000000,7105.35339000,0,LINKUSDT,binance
2026-05-30 17:55:00+00:00,9.246,9.253,9.246,9.251,1452.86,1780163999999,13437.87141000,228,1332.10000000,12321.05692000,0,LINKUSDT,binance
2026-05-30 18:00:00+00:00,9.25,9.258,9.247,9.255,2238.11,1780164299999,20714.08184000,274,1856.44000000,17181.62660000,0,LINKUSDT,binance
2026-05-30 18:05:00+00:00,9.256,9.256,9.243,9.249,1147.46,1780164599999,10618.02091000,235,416.96000000,3858.06700000,0,LINKUSDT,binance
2026-05-30 18:10:00+00:00,9.248,9.249,9.24,9.24,933.36,1780164899999,8626.15379000,114,835.72000000,7723.57176000,0,LINKUSDT,binance
2026-05-30 18:15:00+00:00,9.241,9.248,9.236,9.245,2803.13,1780165199999,25903.68870000,245,1219.56000000,11272.84221000,0,LINKUSDT,binance
2026-05-30 18:20:00+00:00,9.245,9.25,9.231,9.231,1450.92,1780165499999,13412.23122000,318,604.99000000,5592.01324000,0,LINKUSDT,binance
2026-05-30 18:25:00+00:00,9.23,9.23,9.211,9.213,4421.17,1780165799999,40758.93464000,272,1024.82000000,9451.13976000,0,LINKUSDT,binance
2026-05-30 18:30:00+00:00,9.213,9.232,9.213,9.232,1427.69,1780166099999,13170.98609000,230,1069.68000000,9870.50431000,0,LINKUSDT,binance
2026-05-30 18:35:00+00:00,9.232,9.245,9.23,9.245,2981.91,1780166399999,27536.95527000,262,2054.11000000,18968.26078000,0,LINKUSDT,binance
2026-05-30 18:40:00+00:00,9.246,9.252,9.242,9.252,379.93,1780166699999,3512.81096000,126,117.95000000,1090.84965000,0,LINKUSDT,binance
2026-05-30 18:45:00+00:00,9.252,9.262,9.252,9.256,4398.13,1780166999999,40717.12964000,273,3459.85000000,32029.95935000,0,LINKUSDT,binance
2026-05-30 18:50:00+00:00,9.255,9.255,9.246,9.25,1339.86,1780167299999,12393.69643000,169,1104.37000000,10215.35019000,0,LINKUSDT,binance
2026-05-30 18:55:00+00:00,9.251,9.258,9.249,9.255,3237.69,1780167599999,29967.03902000,216,1327.50000000,12285.97827000,0,LINKUSDT,binance
2026-05-30 19:00:00+00:00,9.255,9.259,9.246,9.259,3348.83,1780167899999,30987.50750000,308,2074.93000000,19201.45706000,0,LINKUSDT,binance
2026-05-30 19:05:00+00:00,9.259,9.261,9.252,9.255,1942.52,1780168199999,17977.51994000,245,1506.55000000,13941.68674000,0,LINKUSDT,binance
2026-05-30 19:10:00+00:00,9.254,9.254,9.244,9.25,3307.79,1780168499999,30587.56013000,191,591.94000000,5473.56535000,0,LINKUSDT,binance
2026-05-30 19:15:00+00:00,9.251,9.263,9.251,9.258,3272.66,1780168799999,30309.35460000,337,2823.61000000,26151.30507000,0,LINKUSDT,binance
2026-05-30 19:20:00+00:00,9.258,9.265,9.249,9.251,4108.75,1780169099999,38047.66648000,258,3223.39000000,29848.88825000,0,LINKUSDT,binance
2026-05-30 19:25:00+00:00,9.25,9.253,9.237,9.238,2824.65,1780169399999,26104.95786000,157,426.58000000,3942.79408000,0,LINKUSDT,binance
2026-05-30 19:30:00+00:00,9.238,9.238,9.221,9.226,3825.26,1780169699999,35308.22847000,294,1168.05000000,10778.71447000,0,LINKUSDT,binance
2026-05-30 19:35:00+00:00,9.227,9.243,9.227,9.243,2425.27,1780169999999,22393.83879000,278,336.21000000,3105.71629000,0,LINKUSDT,binance
2026-05-30 19:40:00+00:00,9.243,9.246,9.237,9.246,1972.89,1780170299999,18230.65603000,192,1137.92000000,10514.73337000,0,LINKUSDT,binance
2026-05-30 19:45:00+00:00,9.247,9.268,9.247,9.261,4152.53,1780170599999,38450.01254000,404,3053.87000000,28272.15783000,0,LINKUSDT,binance
2026-05-30 19:50:00+00:00,9.261,9.268,9.256,9.266,3739.31,1780170899999,34631.58959000,250,3478.88000000,32220.50162000,0,LINKUSDT,binance
2026-05-30 19:55:00+00:00,9.265,9.267,9.259,9.264,1081.32,1780171199999,10016.23436000,174,400.07000000,3705.95130000,0,LINKUSDT,binance
2026-05-30 20:00:00+00:00,9.264,9.272,9.248,9.248,6058.99,1780171499999,56143.14548000,397,4686.11000000,43430.22976000,0,LINKUSDT,binance
2026-05-30 20:05:00+00:00,9.247,9.263,9.246,9.263,562.11,1780171799999,5203.49974000,144,492.41000000,4558.48974000,0,LINKUSDT,binance
2026-05-30 20:10:00+00:00,9.264,9.267,9.25,9.251,10964.09,1780172099999,101473.52893000,358,444.53000000,4117.20658000,0,LINKUSDT,binance
2026-05-30 20:15:00+00:00,9.252,9.264,9.252,9.26,1417.46,1780172399999,13122.84571000,155,1222.65000000,11318.55790000,0,LINKUSDT,binance
2026-05-30 20:20:00+00:00,9.259,9.264,9.256,9.257,548.75,1780172699999,5081.40179000,170,387.42000000,3587.47641000,0,LINKUSDT,binance
2026-05-30 20:25:00+00:00,9.257,9.257,9.252,9.254,1286.91,1780172999999,11909.91602000,143,194.65000000,1801.64432000,0,LINKUSDT,binance
2026-05-30 20:30:00+00:00,9.254,9.254,9.246,9.252,651.33,1780173299999,6026.05550000,253,282.81000000,2616.34310000,0,LINKUSDT,binance
2026-05-30 20:35:00+00:00,9.253,9.256,9.246,9.252,1221.76,1780173599999,11299.27238000,256,427.03000000,3950.72367000,0,LINKUSDT,binance
2026-05-30 20:40:00+00:00,9.253,9.254,9.245,9.246,3141.94,1780173899999,29070.69024000,170,1094.22000000,10124.88747000,0,LINKUSDT,binance
2026-05-30 20:45:00+00:00,9.246,9.251,9.242,9.246,972.09,1780174199999,8986.26899000,147,153.53000000,1419.53803000,0,LINKUSDT,binance
2026-05-30 20:50:00+00:00,9.245,9.262,9.244,9.257,2689.23,1780174499999,24890.07637000,259,2010.92000000,18613.80222000,0,LINKUSDT,binance
2026-05-30 20:55:00+00:00,9.256,9.258,9.255,9.258,1675.61,1780174799999,15509.32978000,80,196.31000000,1817.21995000,0,LINKUSDT,binance
2026-05-30 21:00:00+00:00,9.259,9.262,9.256,9.259,1969.72,1780175099999,18238.05866000,138,902.03000000,8351.83369000,0,LINKUSDT,binance
2026-05-30 21:05:00+00:00,9.259,9.268,9.259,9.268,2209.46,1780175399999,20468.87038000,102,586.74000000,5433.70519000,0,LINKUSDT,binance
2026-05-30 21:10:00+00:00,9.267,9.28,9.266,9.27,16475.85,1780175699999,152826.56858000,384,6980.07000000,64736.25743000,0,LINKUSDT,binance
2026-05-30 21:15:00+00:00,9.271,9.271,9.263,9.263,3735.67,1780175999999,34612.59118000,135,868.33000000,8045.30888000,0,LINKUSDT,binance
2026-05-30 21:20:00+00:00,9.263,9.266,9.26,9.264,7620.08,1780176299999,70577.37443000,225,6944.08000000,64317.02508000,0,LINKUSDT,binance
2026-05-30 21:25:00+00:00,9.265,9.279,9.265,9.268,16427.21,1780176599999,152314.99138000,472,4239.92000000,39320.16281000,0,LINKUSDT,binance
2026-05-30 21:30:00+00:00,9.268,9.271,9.265,9.27,10243.5,1780176899999,94935.61577000,328,6947.48000000,64387.27829000,0,LINKUSDT,binance
2026-05-30 21:35:00+00:00,9.269,9.284,9.267,9.281,10699.09,1780177199999,99250.57905000,301,5112.59000000,47428.12262000,0,LINKUSDT,binance
2026-05-30 21:40:00+00:00,9.282,9.288,9.277,9.277,4749.65,1780177499999,44089.97634000,329,2814.60000000,26125.10319000,0,LINKUSDT,binance
2026-05-30 21:45:00+00:00,9.276,9.289,9.276,9.279,5318.31,1780177799999,49366.21657000,591,3878.13000000,35996.47836000,0,LINKUSDT,binance
2026-05-30 21:50:00+00:00,9.279,9.283,9.277,9.28,3469.88,1780178099999,32197.45655000,292,1795.30000000,16658.34091000,0,LINKUSDT,binance
2026-05-30 21:55:00+00:00,9.281,9.284,9.261,9.266,5229.55,1780178399999,48485.96877000,510,1619.42000000,15009.50332000,0,LINKUSDT,binance
2026-05-30 22:00:00+00:00,9.266,9.266,9.221,9.221,11337.5,1780178699999,104689.99232000,1203,2665.92000000,24619.50254000,0,LINKUSDT,binance
2026-05-30 22:05:00+00:00,9.22,9.226,9.21,9.225,5929.06,1780178999999,54666.64372000,625,3135.97000000,28914.56296000,0,LINKUSDT,binance
2026-05-30 22:10:00+00:00,9.226,9.233,9.226,9.227,3584.62,1780179299999,33075.84178000,413,1933.47000000,17839.18134000,0,LINKUSDT,binance
2026-05-30 22:15:00+00:00,9.228,9.233,9.223,9.223,2027.84,1780179599999,18716.60820000,326,446.08000000,4116.68937000,0,LINKUSDT,binance
2026-05-30 22:20:00+00:00,9.223,9.225,9.197,9.201,5856.72,1780179899999,53911.21652000,435,946.24000000,8706.78630000,0,LINKUSDT,binance
2026-05-30 22:25:00+00:00,9.202,9.206,9.197,9.206,2622.43,1780180199999,24127.94641000,319,790.67000000,7274.64829000,0,LINKUSDT,binance
2026-05-30 22:30:00+00:00,9.206,9.207,9.202,9.202,865.86,1780180499999,7970.11030000,219,134.02000000,1233.51536000,0,LINKUSDT,binance
2026-05-30 22:35:00+00:00,9.202,9.205,9.175,9.175,7268.73,1780180799999,66734.17732000,433,1640.12000000,15058.54877000,0,LINKUSDT,binance
2026-05-30 22:40:00+00:00,9.176,9.183,9.171,9.171,2700.63,1780181099999,24781.36436000,336,1257.66000000,11539.55468000,0,LINKUSDT,binance
2026-05-30 22:45:00+00:00,9.172,9.188,9.172,9.187,1313.25,1780181399999,12057.74807000,243,649.08000000,5960.19700000,0,LINKUSDT,binance
2026-05-30 22:50:00+00:00,9.187,9.19,9.179,9.189,3419.5,1780181699999,31403.84133000,242,1288.64000000,11834.61287000,0,LINKUSDT,binance
2026-05-30 22:55:00+00:00,9.189,9.195,9.184,9.193,2759.52,1780181999999,25356.85318000,226,1524.70000000,14010.25204000,0,LINKUSDT,binance
2026-05-30 23:00:00+00:00,9.193,9.216,9.191,9.213,5824.44,1780182299999,53627.54812000,646,4733.52000000,43587.04638000,0,LINKUSDT,binance
2026-05-30 23:05:00+00:00,9.212,9.212,9.196,9.196,1498.5,1780182599999,13791.82047000,310,413.23000000,3801.43880000,0,LINKUSDT,binance
2026-05-30 23:10:00+00:00,9.195,9.195,9.173,9.175,1412.68,1780182899999,12966.09758000,272,734.16000000,6737.23568000,0,LINKUSDT,binance
2026-05-30 23:15:00+00:00,9.175,9.187,9.169,9.182,2009.06,1780183199999,18443.90302000,277,948.38000000,8708.47868000,0,LINKUSDT,binance
2026-05-30 23:20:00+00:00,9.181,9.185,9.173,9.185,4710.71,1780183499999,43221.56663000,320,3942.44000000,36170.61879000,0,LINKUSDT,binance
2026-05-30 23:25:00+00:00,9.185,9.191,9.182,9.184,2237.1,1780183799999,20553.54021000,202,792.74000000,7283.67725000,0,LINKUSDT,binance
2026-05-30 23:30:00+00:00,9.184,9.184,9.17,9.174,9186.49,1780184099999,84285.03308000,406,1545.58000000,14185.59994000,0,LINKUSDT,binance
2026-05-30 23:35:00+00:00,9.173,9.173,9.165,9.166,1946.29,1780184399999,17844.66735000,274,323.89000000,2970.01484000,0,LINKUSDT,binance
2026-05-30 23:40:00+00:00,9.167,9.167,9.161,9.163,1569.36,1780184699999,14380.01789000,228,535.54000000,4907.30558000,0,LINKUSDT,binance
2026-05-30 23:45:00+00:00,9.163,9.175,9.161,9.175,2265.85,1780184999999,20773.26616000,270,1921.61000000,17616.81003000,0,LINKUSDT,binance
2026-05-30 23:50:00+00:00,9.176,9.183,9.175,9.179,4214.38,1780185299999,38686.55692000,321,3210.07000000,29467.25739000,0,LINKUSDT,binance
2026-05-30 23:55:00+00:00,9.18,9.191,9.176,9.191,4658.01,1780185599999,42762.34653000,201,4281.23000000,39303.71645000,0,LINKUSDT,binance
2026-05-31 00:00:00+00:00,9.192,9.208,9.185,9.186,7575.53,1780185899999,69686.84846000,358,3198.62000000,29422.50132000,0,LINKUSDT,binance
2026-05-31 00:05:00+00:00,9.186,9.205,9.184,9.2,3505.99,1780186199999,32244.68378000,239,1007.55000000,9269.48519000,0,LINKUSDT,binance
2026-05-31 00:10:00+00:00,9.2,9.212,9.197,9.198,6008.77,1780186499999,55314.27923000,245,2729.16000000,25125.69975000,0,LINKUSDT,binance
2026-05-31 00:15:00+00:00,9.198,9.206,9.197,9.206,2182.84,1780186799999,20088.86469000,169,1364.36000000,12557.27955000,0,LINKUSDT,binance
2026-05-31 00:20:00+00:00,9.206,9.235,9.206,9.22,8825.12,1780187099999,81394.49896000,510,6462.18000000,59599.10036000,0,LINKUSDT,binance
2026-05-31 00:25:00+00:00,9.221,9.226,9.205,9.207,2959.83,1780187399999,27274.67285000,289,1735.80000000,15996.01328000,0,LINKUSDT,binance
2026-05-31 00:30:00+00:00,9.207,9.217,9.201,9.217,2829.26,1780187699999,26051.84063000,198,2029.99000000,18692.20616000,0,LINKUSDT,binance
2026-05-31 00:35:00+00:00,9.217,9.224,9.204,9.204,1635.14,1780187999999,15058.29563000,240,995.57000000,9166.76377000,0,LINKUSDT,binance
2026-05-31 00:40:00+00:00,9.204,9.214,9.202,9.214,1114.94,1780188299999,10264.23056000,167,253.88000000,2337.50477000,0,LINKUSDT,binance
2026-05-31 00:45:00+00:00,9.214,9.217,9.203,9.209,4199.06,1780188599999,38673.69106000,315,890.19000000,8200.12724000,0,LINKUSDT,binance
2026-05-31 00:50:00+00:00,9.21,9.227,9.21,9.227,2064.81,1780188899999,19033.14092000,246,1631.05000000,15032.87873000,0,LINKUSDT,binance
2026-05-31 00:55:00+00:00,9.226,9.233,9.22,9.225,7126.51,1780189199999,65770.02561000,233,4377.84000000,40402.82724000,0,LINKUSDT,binance
2026-05-31 01:00:00+00:00,9.225,9.239,9.221,9.234,3965.75,1780189499999,36616.28523000,506,2578.91000000,23806.85397000,0,LINKUSDT,binance
2026-05-31 01:05:00+00:00,9.234,9.24,9.228,9.233,2404.47,1780189799999,22208.00056000,236,2047.92000000,18915.79620000,0,LINKUSDT,binance
2026-05-31 01:10:00+00:00,9.234,9.24,9.229,9.238,2748.64,1780190099999,25384.26188000,251,1691.16000000,15619.55877000,0,LINKUSDT,binance
2026-05-31 01:15:00+00:00,9.239,9.254,9.239,9.253,5379.84,1780190399999,49741.33777000,474,4434.40000000,40998.41958000,0,LINKUSDT,binance
2026-05-31 01:20:00+00:00,9.253,9.277,9.246,9.274,6139.02,1780190699999,56868.77031000,519,4402.20000000,40776.94206000,0,LINKUSDT,binance
2026-05-31 01:25:00+00:00,9.273,9.273,9.244,9.249,3632.45,1780190999999,33638.39104000,498,1538.99000000,14246.35130000,0,LINKUSDT,binance
2026-05-31 01:30:00+00:00,9.248,9.275,9.246,9.27,5296.46,1780191299999,49079.46465000,447,3717.55000000,34445.56725000,0,LINKUSDT,binance
2026-05-31 01:35:00+00:00,9.271,9.273,9.258,9.258,1517.38,1780191599999,14063.32052000,178,403.00000000,3735.28342000,0,LINKUSDT,binance
2026-05-31 01:40:00+00:00,9.257,9.257,9.229,9.232,6147.28,1780191899999,56790.36388000,396,2461.92000000,22743.26042000,0,LINKUSDT,binance
2026-05-31 01:45:00+00:00,9.233,9.255,9.233,9.25,1567.46,1780192199999,14492.19530000,363,1139.33000000,10533.39635000,0,LINKUSDT,binance
2026-05-31 01:50:00+00:00,9.251,9.256,9.242,9.244,3301.91,1780192499999,30541.19921000,267,1870.94000000,17303.90531000,0,LINKUSDT,binance
2026-05-31 01:55:00+00:00,9.244,9.246,9.237,9.245,1763.66,1780192799999,16295.46753000,229,1196.00000000,11050.32973000,0,LINKUSDT,binance
2026-05-31 02:00:00+00:00,9.244,9.266,9.243,9.263,2062.54,1780193099999,19103.13530000,264,1479.47000000,13704.06995000,0,LINKUSDT,binance
2026-05-31 02:05:00+00:00,9.263,9.272,9.26,9.265,1511.24,1780193399999,14001.16073000,296,835.90000000,7744.23542000,0,LINKUSDT,binance
2026-05-31 02:10:00+00:00,9.266,9.278,9.266,9.278,3704.48,1780193699999,34347.73065000,218,1987.06000000,18425.31459000,0,LINKUSDT,binance
2026-05-31 02:15:00+00:00,9.278,9.301,9.278,9.292,9606.96,1780193999999,89254.28581000,1020,7230.57000000,67169.75569000,0,LINKUSDT,binance
2026-05-31 02:20:00+00:00,9.291,9.291,9.274,9.281,16145.68,1780194299999,149962.76308000,382,1816.23000000,16854.51682000,0,LINKUSDT,binance
2026-05-31 02:25:00+00:00,9.282,9.282,9.238,9.239,7948.2,1780194599999,73633.97393000,589,1867.61000000,17297.58052000,0,LINKUSDT,binance
2026-05-31 02:30:00+00:00,9.24,9.256,9.224,9.226,19015.24,1780194899999,175747.70389000,653,15862.34000000,146612.83813000,0,LINKUSDT,binance
2026-05-31 02:35:00+00:00,9.227,9.24,9.227,9.239,1412.03,1780195199999,13042.38826000,300,320.74000000,2962.65149000,0,LINKUSDT,binance
2026-05-31 02:40:00+00:00,9.239,9.247,9.236,9.247,562.35,1780195499999,5196.38460000,208,274.15000000,2533.59778000,0,LINKUSDT,binance
2026-05-31 02:45:00+00:00,9.248,9.251,9.241,9.244,1564.47,1780195799999,14465.29542000,316,526.16000000,4864.02602000,0,LINKUSDT,binance
2026-05-31 02:50:00+00:00,9.243,9.258,9.24,9.254,11892.16,1780196099999,110054.82023000,507,3180.89000000,29439.64771000,0,LINKUSDT,binance
2026-05-31 02:55:00+00:00,9.254,9.283,9.25,9.273,4263.73,1780196399999,39515.94455000,555,1496.06000000,13867.49305000,0,LINKUSDT,binance
2026-05-31 03:00:00+00:00,9.274,9.279,9.261,9.261,3517.17,1780196699999,32609.92044000,453,1699.76000000,15763.80505000,0,LINKUSDT,binance
2026-05-31 03:05:00+00:00,9.26,9.26,9.251,9.256,3283.07,1780196999999,30386.43277000,210,1816.70000000,16813.42876000,0,LINKUSDT,binance
2026-05-31 03:10:00+00:00,9.255,9.262,9.249,9.26,1809.56,1780197299999,16750.52486000,232,1246.24000000,11536.62140000,0,LINKUSDT,binance
2026-05-31 03:15:00+00:00,9.261,9.265,9.254,9.262,1196.5,1780197599999,11078.84777000,266,606.50000000,5615.92795000,0,LINKUSDT,binance
2026-05-31 03:20:00+00:00,9.262,9.274,9.26,9.274,4737.67,1780197899999,43899.72726000,316,1495.21000000,13856.98390000,0,LINKUSDT,binance
2026-05-31 03:25:00+00:00,9.273,9.276,9.264,9.272,7456.8,1780198199999,69144.46159000,390,2947.76000000,27333.10056000,0,LINKUSDT,binance
2026-05-31 03:30:00+00:00,9.273,9.281,9.264,9.281,4038.8,1780198499999,37439.16628000,336,2062.17000000,19114.69735000,0,LINKUSDT,binance
2026-05-31 03:35:00+00:00,9.281,9.282,9.261,9.261,6871.49,1780198799999,63722.22024000,471,2202.48000000,20414.77365000,0,LINKUSDT,binance
2026-05-31 03:40:00+00:00,9.26,9.264,9.254,9.264,2374.66,1780199099999,21984.72041000,286,1622.00000000,15015.82904000,0,LINKUSDT,binance
2026-05-31 03:45:00+00:00,9.263,9.274,9.256,9.274,3665.87,1780199399999,33949.67856000,325,1718.43000000,15914.10706000,0,LINKUSDT,binance
2026-05-31 03:50:00+00:00,9.275,9.277,9.259,9.26,2067.4,1780199699999,19163.58503000,272,375.17000000,3476.16997000,0,LINKUSDT,binance
2026-05-31 03:55:00+00:00,9.261,9.266,9.257,9.261,2049.52,1780199999999,18983.39195000,209,648.79000000,6008.35779000,0,LINKUSDT,binance
2026-05-31 04:00:00+00:00,9.26,9.263,9.254,9.261,2012.09,1780200299999,18628.28644000,211,1154.72000000,10689.55218000,0,LINKUSDT,binance
2026-05-31 04:05:00+00:00,9.261,9.263,9.241,9.242,5805.94,1780200599999,53705.59050000,303,1411.64000000,13057.98474000,0,LINKUSDT,binance
2026-05-31 04:10:00+00:00,9.242,9.242,9.234,9.237,2559.74,1780200899999,23646.12946000,294,546.79000000,5052.28696000,0,LINKUSDT,binance
2026-05-31 04:15:00+00:00,9.237,9.248,9.235,9.248,1096.76,1780201199999,10132.91345000,274,483.38000000,4465.11634000,0,LINKUSDT,binance
2026-05-31 04:20:00+00:00,9.248,9.259,9.248,9.252,8171.94,1780201499999,75625.94959000,312,3784.78000000,35018.09309000,0,LINKUSDT,binance
2026-05-31 04:25:00+00:00,9.252,9.255,9.243,9.246,17457.42,1780201799999,161481.13223000,411,3179.11000000,29402.78933000,0,LINKUSDT,binance
2026-05-31 04:30:00+00:00,9.247,9.249,9.24,9.245,1691.18,1780202099999,15632.89287000,271,1107.39000000,10235.69459000,0,LINKUSDT,binance
2026-05-31 04:35:00+00:00,9.246,9.253,9.246,9.248,3894.59,1780202399999,36021.69393000,172,847.89000000,7843.25140000,0,LINKUSDT,binance
2026-05-31 04:40:00+00:00,9.247,9.248,9.237,9.24,4396.83,1780202699999,40638.10221000,260,1709.88000000,15798.15786000,0,LINKUSDT,binance
2026-05-31 04:45:00+00:00,9.24,9.244,9.233,9.244,5901.11,1780202999999,54509.11816000,313,5228.25000000,48293.40931000,0,LINKUSDT,binance
2026-05-31 04:50:00+00:00,9.245,9.26,9.245,9.252,1605.92,1780203299999,14858.15972000,284,442.83000000,4096.40355000,0,LINKUSDT,binance
2026-05-31 04:55:00+00:00,9.253,9.258,9.252,9.256,8336.28,1780203599999,77141.82562000,163,2966.60000000,27450.28258000,0,LINKUSDT,binance
2026-05-31 05:00:00+00:00,9.255,9.255,9.242,9.246,923.89,1780203899999,8544.67428000,314,140.44000000,1298.86848000,0,LINKUSDT,binance
2026-05-31 05:05:00+00:00,9.246,9.249,9.241,9.244,3435.89,1780204199999,31768.10715000,219,997.83000000,9225.19635000,0,LINKUSDT,binance
2026-05-31 05:10:00+00:00,9.244,9.245,9.236,9.237,3836.44,1780204499999,35444.07644000,143,2635.34000000,24343.72701000,0,LINKUSDT,binance
2026-05-31 05:15:00+00:00,9.236,9.244,9.236,9.239,643.73,1780204799999,5947.89023000,189,235.87000000,2179.26672000,0,LINKUSDT,binance
2026-05-31 05:20:00+00:00,9.239,9.242,9.23,9.231,2944.46,1780205099999,27195.08253000,202,273.12000000,2522.84455000,0,LINKUSDT,binance
2026-05-31 05:25:00+00:00,9.231,9.245,9.227,9.244,5366.43,1780205399999,49536.96666000,232,5217.26000000,48159.79578000,0,LINKUSDT,binance
2026-05-31 05:30:00+00:00,9.243,9.26,9.241,9.246,23831.09,1780205699999,220584.23193000,413,8602.32000000,79577.52840000,0,LINKUSDT,binance
2026-05-31 05:35:00+00:00,9.246,9.265,9.245,9.251,2708.6,1780205999999,25070.47948000,271,2128.80000000,19704.05291000,0,LINKUSDT,binance
2026-05-31 05:40:00+00:00,9.25,9.25,9.228,9.231,6048.08,1780206299999,55866.89426000,257,1766.78000000,16312.18592000,0,LINKUSDT,binance
2026-05-31 05:45:00+00:00,9.23,9.233,9.223,9.23,5381.92,1780206599999,49664.02354000,334,1298.07000000,11978.09601000,0,LINKUSDT,binance
2026-05-31 05:50:00+00:00,9.231,9.239,9.227,9.23,2049.2,1780206899999,18914.73105000,235,457.83000000,4226.03340000,0,LINKUSDT,binance
2026-05-31 05:55:00+00:00,9.23,9.232,9.226,9.231,4511.95,1780207199999,41641.19274000,266,952.15000000,8789.25448000,0,LINKUSDT,binance
2026-05-31 06:00:00+00:00,9.231,9.231,9.222,9.224,2781.36,1780207499999,25658.87746000,241,1337.40000000,12336.62087000,0,LINKUSDT,binance
2026-05-31 06:05:00+00:00,9.224,9.224,9.216,9.221,7530.63,1780207799999,69433.78953000,325,870.09000000,8020.81669000,0,LINKUSDT,binance
2026-05-31 06:10:00+00:00,9.222,9.227,9.22,9.221,4322.71,1780208099999,39866.24479000,271,660.46000000,6092.07051000,0,LINKUSDT,binance
2026-05-31 06:15:00+00:00,9.221,9.223,9.218,9.222,5417.51,1780208399999,49956.15106000,197,2856.07000000,26335.27929000,0,LINKUSDT,binance
2026-05-31 06:20:00+00:00,9.222,9.225,9.218,9.218,1069.08,1780208699999,9857.80466000,107,665.92000000,6139.93303000,0,LINKUSDT,binance
2026-05-31 06:25:00+00:00,9.217,9.219,9.206,9.217,10067.4,1780208999999,92756.59120000,330,8149.69000000,75089.32343000,0,LINKUSDT,binance
2026-05-31 06:30:00+00:00,9.216,9.241,9.214,9.225,28086.71,1780209299999,259216.94803000,621,11956.67000000,110355.72649000,0,LINKUSDT,binance
2026-05-31 06:35:00+00:00,9.225,9.229,9.222,9.226,1886.52,1780209599999,17402.47320000,279,366.92000000,3384.79034000,0,LINKUSDT,binance
2026-05-31 06:40:00+00:00,9.226,9.226,9.219,9.222,5776.62,1780209899999,53265.01338000,174,779.05000000,7183.71028000,0,LINKUSDT,binance
2026-05-31 06:45:00+00:00,9.222,9.241,9.222,9.241,8133.31,1780210199999,75135.36493000,285,4082.26000000,37704.67738000,0,LINKUSDT,binance
2026-05-31 06:50:00+00:00,9.24,9.24,9.228,9.237,2708.27,1780210499999,25016.10379000,183,653.57000000,6033.29524000,0,LINKUSDT,binance
2026-05-31 06:55:00+00:00,9.236,9.237,9.229,9.229,1581.85,1780210799999,14609.92201000,97,1191.51000000,11005.42084000,0,LINKUSDT,binance
2026-05-31 07:00:00+00:00,9.228,9.228,9.21,9.211,2723.55,1780211099999,25108.80086000,179,893.92000000,8237.30559000,0,LINKUSDT,binance
2026-05-31 07:05:00+00:00,9.212,9.225,9.212,9.22,3221.42,1780211399999,29699.27250000,224,2809.78000000,25905.80780000,0,LINKUSDT,binance
2026-05-31 07:10:00+00:00,9.221,9.223,9.199,9.201,10442.35,1780211699999,96106.45504000,453,2265.29000000,20848.35441000,0,LINKUSDT,binance
2026-05-31 07:15:00+00:00,9.202,9.209,9.201,9.203,1554.62,1780211999999,14307.70545000,219,892.47000000,8213.16089000,0,LINKUSDT,binance
2026-05-31 07:20:00+00:00,9.203,9.206,9.186,9.187,1192.11,1780212299999,10960.92325000,269,221.56000000,2037.11658000,0,LINKUSDT,binance
2026-05-31 07:25:00+00:00,9.188,9.195,9.184,9.188,4711.01,1780212599999,43287.69352000,284,1471.39000000,13522.25611000,0,LINKUSDT,binance
2026-05-31 07:30:00+00:00,9.187,9.192,9.175,9.181,19372.53,1780212899999,177822.40313000,1013,14753.69000000,135406.78955000,0,LINKUSDT,binance
2026-05-31 07:35:00+00:00,9.18,9.206,9.176,9.193,9326.74,1780213199999,85778.10629000,678,6958.92000000,64007.01602000,0,LINKUSDT,binance
2026-05-31 07:40:00+00:00,9.193,9.205,9.193,9.195,486.9,1780213499999,4478.83687000,246,279.97000000,2575.00108000,0,LINKUSDT,binance
2026-05-31 07:45:00+00:00,9.194,9.207,9.192,9.199,1860.27,1780213799999,17120.53977000,366,819.07000000,7538.38765000,0,LINKUSDT,binance
2026-05-31 07:50:00+00:00,9.2,9.206,9.193,9.202,4801.28,1780214099999,44163.08801000,546,2143.75000000,19713.42713000,0,LINKUSDT,binance
2026-05-31 07:55:00+00:00,9.202,9.206,9.196,9.203,1266.72,1780214399999,11655.67239000,238,115.01000000,1058.33578000,0,LINKUSDT,binance
2026-05-31 08:00:00+00:00,9.203,9.227,9.203,9.227,8494.23,1780214699999,78299.90392000,340,7652.39000000,70544.67142000,0,LINKUSDT,binance
2026-05-31 08:05:00+00:00,9.227,9.228,9.216,9.218,3871.64,1780214999999,35702.08021000,280,3556.55000000,32796.58693000,0,LINKUSDT,binance
2026-05-31 08:10:00+00:00,9.217,9.227,9.211,9.227,13491.71,1780215299999,124320.34267000,371,3236.54000000,29833.26526000,0,LINKUSDT,binance
2026-05-31 08:15:00+00:00,9.228,9.24,9.226,9.239,6320.2,1780215599999,58375.49756000,443,4259.00000000,39334.48992000,0,LINKUSDT,binance
2026-05-31 08:20:00+00:00,9.238,9.255,9.236,9.25,13061.9,1780215899999,120805.76118000,525,6128.69000000,56663.53574000,0,LINKUSDT,binance
2026-05-31 08:25:00+00:00,9.25,9.252,9.244,9.249,3167.19,1780216199999,29286.46974000,213,2639.88000000,24410.64493000,0,LINKUSDT,binance
2026-05-31 08:30:00+00:00,9.249,9.249,9.236,9.247,4749.56,1780216499999,43895.14421000,308,3119.02000000,28821.86851000,0,LINKUSDT,binance
2026-05-31 08:35:00+00:00,9.247,9.251,9.235,9.239,4976.19,1780216799999,46005.04028000,297,2666.27000000,24648.83792000,0,LINKUSDT,binance
2026-05-31 08:40:00+00:00,9.239,9.241,9.221,9.235,5655.63,1780217099999,52204.87930000,515,3373.13000000,31131.75625000,0,LINKUSDT,binance
2026-05-31 08:45:00+00:00,9.234,9.237,9.227,9.228,5649.86,1780217399999,52150.12490000,463,2963.07000000,27354.76910000,0,LINKUSDT,binance
2026-05-31 08:50:00+00:00,9.228,9.241,9.222,9.241,4570.0,1780217699999,42185.01803000,439,4077.07000000,37636.81079000,0,LINKUSDT,binance
2026-05-31 08:55:00+00:00,9.241,9.266,9.241,9.252,3868.23,1780217999999,35809.76321000,317,2591.13000000,23986.92161000,0,LINKUSDT,binance
2026-05-31 09:00:00+00:00,9.251,9.259,9.242,9.244,1048.58,1780218299999,9698.05583000,313,221.83000000,2052.22717000,0,LINKUSDT,binance
2026-05-31 09:05:00+00:00,9.244,9.244,9.236,9.244,1674.07,1780218599999,15471.62416000,160,537.27000000,4965.64061000,0,LINKUSDT,binance
2026-05-31 09:10:00+00:00,9.244,9.26,9.244,9.25,5434.86,1780218899999,50292.38574000,219,1598.21000000,14785.67595000,0,LINKUSDT,binance
2026-05-31 09:15:00+00:00,9.249,9.275,9.243,9.27,6029.36,1780219199999,55828.43396000,440,2985.06000000,27620.16352000,0,LINKUSDT,binance
2026-05-31 09:20:00+00:00,9.269,9.269,9.258,9.264,2891.82,1780219499999,26780.38021000,236,717.35000000,6643.52069000,0,LINKUSDT,binance
2026-05-31 09:25:00+00:00,9.265,9.265,9.256,9.263,2791.16,1780219799999,25845.16708000,181,438.45000000,4059.29477000,0,LINKUSDT,binance
2026-05-31 09:30:00+00:00,9.262,9.266,9.258,9.263,3706.33,1780220099999,34323.60547000,211,524.56000000,4858.95925000,0,LINKUSDT,binance
2026-05-31 09:35:00+00:00,9.262,9.263,9.246,9.257,3349.26,1780220399999,30987.50729000,416,599.43000000,5545.67193000,0,LINKUSDT,binance
2026-05-31 09:40:00+00:00,9.258,9.276,9.258,9.265,1770.97,1780220699999,16409.35294000,416,1214.33000000,11251.63714000,0,LINKUSDT,binance
2026-05-31 09:45:00+00:00,9.265,9.272,9.262,9.271,1803.52,1780220999999,16714.47127000,393,784.84000000,7271.94026000,0,LINKUSDT,binance
2026-05-31 09:50:00+00:00,9.27,9.27,9.235,9.237,5165.35,1780221299999,47757.10844000,437,129.39000000,1198.41247000,0,LINKUSDT,binance
2026-05-31 09:55:00+00:00,9.236,9.236,9.192,9.206,8698.39,1780221599999,80077.96830000,904,1961.41000000,18048.45537000,0,LINKUSDT,binance
2026-05-31 10:00:00+00:00,9.206,9.214,9.199,9.212,3919.55,1780221899999,36080.87087000,760,1801.02000000,16578.31068000,0,LINKUSDT,binance
2026-05-31 10:05:00+00:00,9.212,9.215,9.203,9.21,2046.94,1780222199999,18848.92116000,316,506.13000000,4661.51087000,0,LINKUSDT,binance
2026-05-31 10:10:00+00:00,9.21,9.214,9.202,9.206,1578.72,1780222499999,14537.38880000,258,140.68000000,1295.46794000,0,LINKUSDT,binance
2026-05-31 10:15:00+00:00,9.205,9.205,9.186,9.186,2015.07,1780222799999,18526.95921000,300,828.18000000,7616.76330000,0,LINKUSDT,binance
2026-05-31 10:20:00+00:00,9.187,9.191,9.159,9.183,22716.14,1780223099999,208329.40462000,1184,7965.77000000,73062.26437000,0,LINKUSDT,binance
2026-05-31 10:25:00+00:00,9.182,9.19,9.181,9.183,1647.3,1780223399999,15132.46799000,217,1052.78000000,9671.66271000,0,LINKUSDT,binance
2026-05-31 10:30:00+00:00,9.183,9.199,9.181,9.195,8275.41,1780223699999,76047.51190000,466,4239.35000000,38948.70297000,0,LINKUSDT,binance
2026-05-31 10:35:00+00:00,9.195,9.195,9.181,9.181,2276.32,1780223999999,20908.93776000,376,577.18000000,5301.90760000,0,LINKUSDT,binance
2026-05-31 10:40:00+00:00,9.181,9.185,9.174,9.185,4898.35,1780224299999,44963.68150000,356,1620.53000000,14876.26066000,0,LINKUSDT,binance
2026-05-31 10:45:00+00:00,9.184,9.185,9.171,9.185,3165.13,1780224599999,29042.49987000,379,1262.69000000,11588.64853000,0,LINKUSDT,binance
2026-05-31 10:50:00+00:00,9.185,9.194,9.18,9.191,1400.66,1780224899999,12868.97321000,283,755.83000000,6943.46031000,0,LINKUSDT,binance
2026-05-31 10:55:00+00:00,9.19,9.202,9.186,9.2,934.28,1780225199999,8593.51356000,165,336.32000000,3092.73580000,0,LINKUSDT,binance
2026-05-31 11:00:00+00:00,9.201,9.216,9.201,9.21,1192.79,1780225499999,10981.71964000,259,615.94000000,5670.35300000,0,LINKUSDT,binance
2026-05-31 11:05:00+00:00,9.21,9.213,9.205,9.206,586.06,1780225799999,5396.76420000,195,239.94000000,2209.15788000,0,LINKUSDT,binance
2026-05-31 11:10:00+00:00,9.206,9.211,9.201,9.206,815.84,1780226099999,7510.76948000,240,255.69000000,2354.23445000,0,LINKUSDT,binance
2026-05-31 11:15:00+00:00,9.206,9.207,9.2,9.203,1970.8,1780226399999,18137.91895000,185,1373.06000000,12636.64291000,0,LINKUSDT,binance
2026-05-31 11:20:00+00:00,9.203,9.203,9.186,9.194,2011.85,1780226699999,18491.79455000,263,439.18000000,4035.55012000,0,LINKUSDT,binance
2026-05-31 11:25:00+00:00,9.195,9.212,9.194,9.211,1873.4,1780226999999,17237.67250000,211,738.92000000,6802.35839000,0,LINKUSDT,binance
2026-05-31 11:30:00+00:00,9.21,9.21,9.197,9.204,1779.59,1780227299999,16374.64205000,363,983.89000000,9051.95248000,0,LINKUSDT,binance
2026-05-31 11:35:00+00:00,9.205,9.214,9.201,9.209,2072.83,1780227599999,19086.87203000,291,628.38000000,5786.48776000,0,LINKUSDT,binance
2026-05-31 11:40:00+00:00,9.21,9.212,9.204,9.212,456.33,1780227899999,4202.98624000,244,164.52000000,1515.23119000,0,LINKUSDT,binance
2026-05-31 11:45:00+00:00,9.213,9.213,9.203,9.207,332.24,1780228199999,3059.65408000,206,147.02000000,1353.95291000,0,LINKUSDT,binance
2026-05-31 11:50:00+00:00,9.208,9.213,9.203,9.212,1169.45,1780228499999,10768.18505000,231,781.94000000,7199.28930000,0,LINKUSDT,binance
2026-05-31 11:55:00+00:00,9.212,9.233,9.205,9.229,17753.94,1780228799999,163621.11021000,535,13343.36000000,122954.72506000,0,LINKUSDT,binance
2026-05-31 12:00:00+00:00,9.228,9.228,9.192,9.199,2698.68,1780229099999,24859.66186000,514,352.01000000,3240.68927000,0,LINKUSDT,binance
2026-05-31 12:05:00+00:00,9.2,9.207,9.197,9.207,815.7,1780229399999,7506.07714000,198,370.07000000,3404.90261000,0,LINKUSDT,binance
2026-05-31 12:10:00+00:00,9.207,9.212,9.204,9.212,2384.77,1780229699999,21956.36047000,171,237.20000000,2184.29329000,0,LINKUSDT,binance
2026-05-31 12:15:00+00:00,9.211,9.238,9.211,9.232,2617.74,1780229999999,24156.87785000,372,1692.57000000,15619.20230000,0,LINKUSDT,binance
2026-05-31 12:20:00+00:00,9.232,9.232,9.218,9.223,3285.89,1780230299999,30304.00325000,248,822.84000000,7587.86253000,0,LINKUSDT,binance
2026-05-31 12:25:00+00:00,9.222,9.222,9.217,9.218,629.65,1780230599999,5805.14871000,89,506.62000000,4670.97448000,0,LINKUSDT,binance
2026-05-31 12:30:00+00:00,9.218,9.219,9.211,9.213,1182.94,1780230899999,10900.69184000,117,544.46000000,5016.80704000,0,LINKUSDT,binance
2026-05-31 12:35:00+00:00,9.214,9.224,9.213,9.22,670.19,1780231199999,6178.44353000,126,279.52000000,2576.32439000,0,LINKUSDT,binance
2026-05-31 12:40:00+00:00,9.22,9.232,9.218,9.231,2418.44,1780231499999,22314.81441000,168,1080.75000000,9968.16591000,0,LINKUSDT,binance
2026-05-31 12:45:00+00:00,9.231,9.232,9.22,9.22,2655.45,1780231799999,24492.02990000,198,403.65000000,3722.34265000,0,LINKUSDT,binance
2026-05-31 12:50:00+00:00,9.221,9.224,9.207,9.208,10174.99,1780232099999,93728.21671000,239,1973.16000000,18175.88727000,0,LINKUSDT,binance
2026-05-31 12:55:00+00:00,9.208,9.216,9.206,9.216,983.96,1780232399999,9064.66443000,111,961.48000000,8857.66848000,0,LINKUSDT,binance
2026-05-31 13:00:00+00:00,9.216,9.224,9.207,9.207,2181.57,1780232699999,20099.94919000,236,436.11000000,4019.33990000,0,LINKUSDT,binance
2026-05-31 13:05:00+00:00,9.208,9.227,9.208,9.227,1320.93,1780232999999,12169.59817000,241,1255.65000000,11567.75645000,0,LINKUSDT,binance
2026-05-31 13:10:00+00:00,9.228,9.234,9.228,9.234,3047.76,1780233299999,28131.42018000,165,2616.49000000,24150.48685000,0,LINKUSDT,binance
2026-05-31 13:15:00+00:00,9.234,9.252,9.231,9.252,3786.6,1780233599999,34989.56250000,343,2448.45000000,22624.26011000,0,LINKUSDT,binance
2026-05-31 13:20:00+00:00,9.253,9.266,9.252,9.256,7703.88,1780233899999,71357.40196000,499,2868.76000000,26572.94407000,0,LINKUSDT,binance
2026-05-31 13:25:00+00:00,9.257,9.262,9.248,9.253,3703.02,1780234199999,34272.71184000,297,1564.79000000,14477.19633000,0,LINKUSDT,binance
2026-05-31 13:30:00+00:00,9.254,9.258,9.247,9.247,1878.88,1780234499999,17384.36030000,282,984.76000000,9110.12823000,0,LINKUSDT,binance
2026-05-31 13:35:00+00:00,9.247,9.257,9.228,9.234,2892.55,1780234799999,26737.53814000,394,1541.80000000,14248.72474000,0,LINKUSDT,binance
2026-05-31 13:40:00+00:00,9.233,9.234,9.221,9.225,2305.67,1780235099999,21271.59641000,278,1751.58000000,16158.93389000,0,LINKUSDT,binance
2026-05-31 13:45:00+00:00,9.224,9.23,9.216,9.216,1544.76,1780235399999,14251.80083000,242,632.76000000,5837.10214000,0,LINKUSDT,binance
2026-05-31 13:50:00+00:00,9.217,9.22,9.204,9.21,2864.37,1780235699999,26385.43604000,282,1693.55000000,15601.60052000,0,LINKUSDT,binance
2026-05-31 13:55:00+00:00,9.211,9.213,9.207,9.211,2435.47,1780235999999,22434.86746000,223,1502.35000000,13839.45891000,0,LINKUSDT,binance
2026-05-31 14:00:00+00:00,9.21,9.211,9.176,9.192,9036.63,1780236299999,83030.51031000,852,2654.08000000,24377.30856000,0,LINKUSDT,binance
2026-05-31 14:05:00+00:00,9.192,9.217,9.189,9.206,17979.1,1780236599999,165426.90819000,553,5180.26000000,47655.69277000,0,LINKUSDT,binance
2026-05-31 14:10:00+00:00,9.206,9.209,9.131,9.139,31622.34,1780236899999,289508.42203000,1596,8442.46000000,77234.31619000,0,LINKUSDT,binance
2026-05-31 14:15:00+00:00,9.139,9.159,9.063,9.101,66721.87,1780237199999,607350.60198000,4056,26108.58000000,237753.17764000,0,LINKUSDT,binance
2026-05-31 14:20:00+00:00,9.101,9.114,9.086,9.101,22624.72,1780237499999,205901.51824000,1083,11040.02000000,100468.86843000,0,LINKUSDT,binance
2026-05-31 14:25:00+00:00,9.102,9.113,9.089,9.105,14464.88,1780237799999,131680.07752000,972,8569.64000000,78013.19205000,0,LINKUSDT,binance
2026-05-31 14:30:00+00:00,9.104,9.124,9.101,9.117,8000.06,1780238099999,72936.80146000,908,4457.87000000,40648.15269000,0,LINKUSDT,binance
2026-05-31 14:35:00+00:00,9.117,9.128,9.106,9.114,5631.13,1780238399999,51360.49515000,791,578.32000000,5272.42055000,0,LINKUSDT,binance
2026-05-31 14:40:00+00:00,9.114,9.114,9.084,9.098,12166.39,1780238699999,110687.88315000,916,3923.10000000,35671.87742000,0,LINKUSDT,binance
2026-05-31 14:45:00+00:00,9.098,9.12,9.097,9.115,10077.01,1780238999999,91866.28581000,525,2130.70000000,19418.49134000,0,LINKUSDT,binance
2026-05-31 14:50:00+00:00,9.116,9.122,9.115,9.119,2465.92,1780239299999,22488.12891000,307,1083.58000000,9882.03887000,0,LINKUSDT,binance
2026-05-31 14:55:00+00:00,9.119,9.119,9.09,9.099,10904.54,1780239599999,99218.24470000,864,3436.24000000,31256.13916000,0,LINKUSDT,binance
2026-05-31 15:00:00+00:00,9.099,9.11,9.094,9.096,3408.62,1780239899999,31018.28465000,492,1326.76000000,12074.42057000,0,LINKUSDT,binance
2026-05-31 15:05:00+00:00,9.097,9.109,9.097,9.102,3706.59,1780240199999,33735.38342000,399,1095.50000000,9970.02396000,0,LINKUSDT,binance
2026-05-31 15:10:00+00:00,9.102,9.11,9.1,9.109,2010.15,1780240499999,18301.05169000,291,1219.28000000,11100.02632000,0,LINKUSDT,binance
2026-05-31 15:15:00+00:00,9.108,9.119,9.105,9.118,1417.43,1780240799999,12914.23574000,285,582.78000000,5309.03133000,0,LINKUSDT,binance
2026-05-31 15:20:00+00:00,9.119,9.135,9.117,9.134,16309.9,1780241099999,148759.62873000,405,13608.43000000,124117.39122000,0,LINKUSDT,binance
2026-05-31 15:25:00+00:00,9.134,9.149,9.134,9.138,2125.15,1780241399999,19424.85171000,375,756.06000000,6911.65709000,0,LINKUSDT,binance
2026-05-31 15:30:00+00:00,9.138,9.139,9.131,9.136,4839.23,1780241699999,44202.96728000,220,1364.57000000,12463.79965000,0,LINKUSDT,binance
2026-05-31 15:35:00+00:00,9.136,9.138,9.127,9.134,2736.59,1780241999999,24992.21053000,162,1286.81000000,11753.72991000,0,LINKUSDT,binance
2026-05-31 15:40:00+00:00,9.135,9.137,9.107,9.109,7694.65,1780242299999,70193.30288000,561,1187.84000000,10831.56499000,0,LINKUSDT,binance
2026-05-31 15:45:00+00:00,9.11,9.12,9.108,9.109,2278.94,1780242599999,20768.61838000,233,921.32000000,8397.29942000,0,LINKUSDT,binance
2026-05-31 15:50:00+00:00,9.108,9.108,9.098,9.101,4018.78,1780242899999,36581.04802000,253,952.23000000,8667.19873000,0,LINKUSDT,binance
2026-05-31 15:55:00+00:00,9.101,9.107,9.095,9.095,4502.3,1780243199999,40972.29295000,262,1574.67000000,14329.33167000,0,LINKUSDT,binance
2026-05-31 16:00:00+00:00,9.095,9.112,9.095,9.109,5309.36,1780243499999,48353.37323000,342,835.36000000,7606.78340000,0,LINKUSDT,binance
2026-05-31 16:05:00+00:00,9.108,9.112,9.096,9.097,1442.15,1780243799999,13130.16493000,269,772.62000000,7036.20080000,0,LINKUSDT,binance
2026-05-31 16:10:00+00:00,9.097,9.097,9.076,9.079,3675.5,1780244099999,33388.68023000,347,1251.15000000,11360.40562000,0,LINKUSDT,binance
2026-05-31 16:15:00+00:00,9.079,9.088,9.079,9.088,4148.58,1780244399999,37683.04848000,524,584.69000000,5311.15658000,0,LINKUSDT,binance
2026-05-31 16:20:00+00:00,9.087,9.092,9.065,9.07,5410.63,1780244699999,49107.48328000,819,947.45000000,8593.22994000,0,LINKUSDT,binance
2026-05-31 16:25:00+00:00,9.069,9.078,9.053,9.075,4609.82,1780244999999,41772.94702000,646,1677.40000000,15202.26876000,0,LINKUSDT,binance
2026-05-31 16:30:00+00:00,9.074,9.074,9.031,9.036,16839.65,1780245299999,152281.69101000,1389,7740.08000000,69967.94176000,0,LINKUSDT,binance
2026-05-31 16:35:00+00:00,9.035,9.047,9.02,9.046,13519.99,1780245599999,122108.34130000,978,5690.76000000,51389.67427000,0,LINKUSDT,binance
2026-05-31 16:40:00+00:00,9.046,9.048,9.035,9.036,2197.26,1780245899999,19867.25962000,200,443.28000000,4007.10067000,0,LINKUSDT,binance
2026-05-31 16:45:00+00:00,9.037,9.037,9.023,9.024,4864.31,1780246199999,43913.22596000,494,1978.64000000,17859.87077000,0,LINKUSDT,binance
2026-05-31 16:50:00+00:00,9.024,9.04,9.022,9.039,2718.68,1780246499999,24544.57280000,337,1393.54000000,12581.78577000,0,LINKUSDT,binance
2026-05-31 16:55:00+00:00,9.039,9.04,9.033,9.034,2859.86,1780246799999,25840.73677000,129,2316.40000000,20930.89962000,0,LINKUSDT,binance
2026-05-31 17:00:00+00:00,9.034,9.05,9.031,9.031,2097.73,1780247099999,18957.71016000,408,662.58000000,5987.98442000,0,LINKUSDT,binance
2026-05-31 17:05:00+00:00,9.032,9.038,9.026,9.029,3001.67,1780247399999,27113.69972000,465,1315.84000000,11886.39052000,0,LINKUSDT,binance
2026-05-31 17:10:00+00:00,9.029,9.03,9.015,9.03,14880.15,1780247699999,134246.93727000,537,4035.99000000,36415.58330000,0,LINKUSDT,binance
2026-05-31 17:15:00+00:00,9.031,9.047,9.031,9.035,6404.6,1780247999999,57895.68218000,369,1139.14000000,10294.82870000,0,LINKUSDT,binance
2026-05-31 17:20:00+00:00,9.036,9.04,9.034,9.039,3220.38,1780248299999,29102.64786000,138,1832.31000000,16558.02197000,0,LINKUSDT,binance
2026-05-31 17:25:00+00:00,9.039,9.054,9.039,9.048,1906.53,1780248599999,17251.32214000,236,870.73000000,7875.64647000,0,LINKUSDT,binance
2026-05-31 17:30:00+00:00,9.048,9.064,9.048,9.06,11957.81,1780248899999,108357.39252000,412,5912.06000000,53566.17336000,0,LINKUSDT,binance
2026-05-31 17:35:00+00:00,9.06,9.069,9.06,9.069,923.15,1780249199999,8367.75029000,201,361.02000000,3271.93831000,0,LINKUSDT,binance
2026-05-31 17:40:00+00:00,9.069,9.07,9.059,9.063,5654.07,1780249499999,51243.31336000,336,2567.87000000,23265.92630000,0,LINKUSDT,binance
2026-05-31 17:45:00+00:00,9.062,9.07,9.062,9.063,1609.37,1780249799999,14591.97098000,262,1014.53000000,9198.59602000,0,LINKUSDT,binance
2026-05-31 17:50:00+00:00,9.063,9.063,9.057,9.06,1587.36,1780250099999,14381.86151000,147,560.78000000,5080.58628000,0,LINKUSDT,binance
2026-05-31 17:55:00+00:00,9.059,9.065,9.057,9.065,502.61,1780250399999,4553.65048000,119,426.89000000,3867.76188000,0,LINKUSDT,binance
2026-05-31 18:00:00+00:00,9.064,9.065,9.045,9.049,1744.59,1780250699999,15796.70330000,289,1030.19000000,9330.32098000,0,LINKUSDT,binance
2026-05-31 18:05:00+00:00,9.049,9.058,9.049,9.052,2339.68,1780250999999,21178.54514000,148,316.84000000,2868.51134000,0,LINKUSDT,binance
2026-05-31 18:10:00+00:00,9.053,9.059,9.049,9.049,620.69,1780251299999,5621.34521000,147,68.71000000,622.24386000,0,LINKUSDT,binance
2026-05-31 18:15:00+00:00,9.049,9.049,9.037,9.047,6701.64,1780251599999,60602.78671000,211,4826.66000000,43643.32434000,0,LINKUSDT,binance
2026-05-31 18:20:00+00:00,9.047,9.047,9.035,9.039,1922.1,1780251899999,17378.36076000,199,247.50000000,2237.33970000,0,LINKUSDT,binance
2026-05-31 18:25:00+00:00,9.04,9.05,9.04,9.043,9676.52,1780252199999,87560.45071000,261,3831.89000000,34668.17493000,0,LINKUSDT,binance
2026-05-31 18:30:00+00:00,9.042,9.064,9.041,9.056,2760.43,1780252499999,24991.43131000,334,2599.02000000,23529.62716000,0,LINKUSDT,binance
2026-05-31 18:35:00+00:00,9.057,9.059,9.053,9.055,1078.18,1780252799999,9763.82494000,114,573.14000000,5190.06913000,0,LINKUSDT,binance
2026-05-31 18:40:00+00:00,9.055,9.062,9.049,9.053,7013.82,1780253099999,63505.86011000,231,2782.10000000,25188.50582000,0,LINKUSDT,binance
2026-05-31 18:45:00+00:00,9.052,9.054,9.045,9.045,1952.78,1780253399999,17675.34723000,187,150.79000000,1364.92134000,0,LINKUSDT,binance
2026-05-31 18:50:00+00:00,9.045,9.049,9.041,9.048,917.02,1780253699999,8292.44225000,157,879.03000000,7948.84847000,0,LINKUSDT,binance
2026-05-31 18:55:00+00:00,9.047,9.056,9.047,9.052,413.45,1780253999999,3741.80675000,113,168.73000000,1527.06665000,0,LINKUSDT,binance
2026-05-31 19:00:00+00:00,9.053,9.063,9.02,9.022,29291.01,1780254299999,264773.57816000,1148,10405.46000000,94035.73650000,0,LINKUSDT,binance
2026-05-31 19:05:00+00:00,9.022,9.03,9.017,9.03,9014.42,1780254599999,81336.51923000,591,5145.14000000,46422.83562000,0,LINKUSDT,binance
2026-05-31 19:10:00+00:00,9.03,9.032,9.02,9.021,2990.94,1780254899999,27001.35875000,257,753.31000000,6802.28027000,0,LINKUSDT,binance
2026-05-31 19:15:00+00:00,9.021,9.03,9.019,9.028,1579.37,1780255199999,14252.50017000,216,1314.17000000,11859.34634000,0,LINKUSDT,binance
2026-05-31 19:20:00+00:00,9.028,9.035,9.015,9.016,3877.82,1780255499999,35016.66003000,375,2732.89000000,24679.35309000,0,LINKUSDT,binance
2026-05-31 19:25:00+00:00,9.016,9.023,8.997,9.023,18090.56,1780255799999,162969.27772000,881,8034.56000000,72400.39677000,0,LINKUSDT,binance
2026-05-31 19:30:00+00:00,9.022,9.028,8.993,9.001,6672.85,1780256099999,60074.30684000,613,1067.62000000,9608.68475000,0,LINKUSDT,binance
2026-05-31 19:35:00+00:00,9.002,9.017,9.0,9.017,3963.15,1780256399999,35681.94804000,271,3534.14000000,31818.45520000,0,LINKUSDT,binance
2026-05-31 19:40:00+00:00,9.018,9.033,9.017,9.031,2020.84,1780256699999,18245.95640000,228,1112.58000000,10045.52061000,0,LINKUSDT,binance
2026-05-31 19:45:00+00:00,9.031,9.035,9.031,9.034,1166.05,1780256999999,10531.24096000,130,809.48000000,7310.75174000,0,LINKUSDT,binance
2026-05-31 19:50:00+00:00,9.035,9.041,9.033,9.041,4063.51,1780257299999,36711.35300000,166,3684.72000000,33289.12446000,0,LINKUSDT,binance
2026-05-31 19:55:00+00:00,9.041,9.047,9.04,9.04,2966.97,1780257599999,26827.27041000,230,528.83000000,4782.52701000,0,LINKUSDT,binance
2026-05-31 20:00:00+00:00,9.041,9.063,9.041,9.053,5145.89,1780257899999,46602.31955000,763,2268.20000000,20537.35172000,0,LINKUSDT,binance
2026-05-31 20:05:00+00:00,9.053,9.072,9.051,9.071,13958.74,1780258199999,126484.77603000,709,8170.30000000,74021.67907000,0,LINKUSDT,binance
2026-05-31 20:10:00+00:00,9.07,9.072,9.057,9.066,1306.25,1780258499999,11843.21386000,314,602.68000000,5464.25254000,0,LINKUSDT,binance
2026-05-31 20:15:00+00:00,9.067,9.074,9.061,9.072,3084.52,1780258799999,27971.52595000,271,605.41000000,5489.56023000,0,LINKUSDT,binance
2026-05-31 20:20:00+00:00,9.072,9.084,9.072,9.073,2156.4,1780259099999,19571.37792000,220,1676.45000000,15215.09047000,0,LINKUSDT,binance
2026-05-31 20:25:00+00:00,9.073,9.078,9.073,9.077,1318.97,1780259399999,11968.91986000,87,626.46000000,5684.47235000,0,LINKUSDT,binance
2026-05-31 20:30:00+00:00,9.076,9.084,9.076,9.081,948.44,1780259699999,8612.54084000,124,207.39000000,1883.20556000,0,LINKUSDT,binance
2026-05-31 20:35:00+00:00,9.081,9.083,9.077,9.078,2122.69,1780259999999,19274.89768000,160,219.76000000,1995.46961000,0,LINKUSDT,binance
2026-05-31 20:40:00+00:00,9.077,9.079,9.068,9.074,1611.98,1780260299999,14629.60680000,149,1359.93000000,12342.45603000,0,LINKUSDT,binance
2026-05-31 20:45:00+00:00,9.075,9.08,9.075,9.08,1086.86,1780260599999,9863.98452000,151,734.11000000,6662.32604000,0,LINKUSDT,binance
2026-05-31 20:50:00+00:00,9.08,9.092,9.079,9.092,1066.6,1780260899999,9687.02677000,186,507.33000000,4607.78808000,0,LINKUSDT,binance
2026-05-31 20:55:00+00:00,9.092,9.106,9.092,9.098,6114.23,1780261199999,55656.17444000,452,2744.57000000,24979.87612000,0,LINKUSDT,binance
2026-05-31 21:00:00+00:00,9.098,9.102,9.089,9.094,2317.01,1780261499999,21067.85365000,279,1342.36000000,12205.82141000,0,LINKUSDT,binance
2026-05-31 21:05:00+00:00,9.095,9.098,9.091,9.091,3304.45,1780261799999,30047.75540000,251,1505.38000000,13688.39671000,0,LINKUSDT,binance
2026-05-31 21:10:00+00:00,9.092,9.092,9.085,9.089,7624.69,1780262099999,69303.86085000,518,3955.75000000,35956.47520000,0,LINKUSDT,binance
2026-05-31 21:15:00+00:00,9.089,9.113,9.088,9.099,3862.8,1780262399999,35162.00254000,470,2209.53000000,20108.22705000,0,LINKUSDT,binance
2026-05-31 21:20:00+00:00,9.098,9.101,9.094,9.095,2510.03,1780262699999,22835.25208000,126,718.03000000,6532.31669000,0,LINKUSDT,binance
2026-05-31 21:25:00+00:00,9.095,9.102,9.087,9.088,2527.58,1780262999999,22978.99267000,265,656.65000000,5971.27894000,0,LINKUSDT,binance
2026-05-31 21:30:00+00:00,9.089,9.091,9.084,9.091,1489.6,1780263299999,13534.64915000,176,931.54000000,8464.82828000,0,LINKUSDT,binance
2026-05-31 21:35:00+00:00,9.092,9.103,9.092,9.094,5599.48,1780263599999,50944.95745000,281,3493.51000000,31789.10002000,0,LINKUSDT,binance
2026-05-31 21:40:00+00:00,9.094,9.107,9.094,9.107,1174.14,1780263899999,10683.33841000,136,513.69000000,4675.80269000,0,LINKUSDT,binance
2026-05-31 21:45:00+00:00,9.106,9.14,9.106,9.131,6703.36,1780264199999,61213.87271000,570,4305.12000000,39316.89964000,0,LINKUSDT,binance
2026-05-31 21:50:00+00:00,9.132,9.141,9.128,9.134,11543.23,1780264499999,105473.43306000,671,4433.27000000,40502.39161000,0,LINKUSDT,binance
2026-05-31 21:55:00+00:00,9.133,9.145,9.131,9.141,3743.84,1780264799999,34215.58304000,398,3139.52000000,28694.82383000,0,LINKUSDT,binance
2026-05-31 22:00:00+00:00,9.142,9.155,9.108,9.113,5343.82,1780265099999,48825.24708000,854,3606.99000000,32944.53826000,0,LINKUSDT,binance
2026-05-31 22:05:00+00:00,9.113,9.132,9.111,9.132,2116.48,1780265399999,19296.66652000,398,1366.71000000,12459.13928000,0,LINKUSDT,binance
2026-05-31 22:10:00+00:00,9.132,9.149,9.131,9.148,3796.02,1780265699999,34711.51878000,331,819.77000000,7493.16950000,0,LINKUSDT,binance
2026-05-31 22:15:00+00:00,9.149,9.167,9.143,9.144,10044.69,1780265999999,91986.46817000,689,3969.65000000,36354.99176000,0,LINKUSDT,binance
2026-05-31 22:20:00+00:00,9.144,9.147,9.13,9.142,3732.36,1780266299999,34107.46192000,414,2407.75000000,21997.24170000,0,LINKUSDT,binance
2026-05-31 22:25:00+00:00,9.143,9.163,9.142,9.142,3173.94,1780266599999,29052.63074000,416,1264.56000000,11570.84667000,0,LINKUSDT,binance
2026-05-31 22:30:00+00:00,9.142,9.163,9.138,9.163,3434.94,1780266899999,31434.08014000,494,2609.56000000,23884.77928000,0,LINKUSDT,binance
2026-05-31 22:35:00+00:00,9.163,9.164,9.145,9.146,2569.48,1780267199999,23536.52388000,257,484.90000000,4440.70282000,0,LINKUSDT,binance
2026-05-31 22:40:00+00:00,9.146,9.153,9.146,9.15,1374.0,1780267499999,12571.31029000,189,548.26000000,5015.48293000,0,LINKUSDT,binance
2026-05-31 22:45:00+00:00,9.151,9.169,9.151,9.157,3349.12,1780267799999,30683.41144000,400,1076.60000000,9859.03154000,0,LINKUSDT,binance
2026-05-31 22:50:00+00:00,9.157,9.164,9.153,9.158,3613.56,1780268099999,33094.18856000,200,1162.81000000,10647.11512000,0,LINKUSDT,binance
2026-05-31 22:55:00+00:00,9.159,9.168,9.156,9.156,5541.4,1780268399999,50774.17377000,205,1407.69000000,12893.74430000,0,LINKUSDT,binance
2026-05-31 23:00:00+00:00,9.157,9.223,9.157,9.197,16932.59,1780268699999,155681.26028000,1354,8282.04000000,76126.03117000,0,LINKUSDT,binance
2026-05-31 23:05:00+00:00,9.196,9.199,9.169,9.176,4063.58,1780268999999,37319.23896000,537,2312.16000000,21235.56149000,0,LINKUSDT,binance
2026-05-31 23:10:00+00:00,9.177,9.179,9.159,9.169,8283.79,1780269299999,75923.52783000,521,2335.64000000,21411.88474000,0,LINKUSDT,binance
2026-05-31 23:15:00+00:00,9.169,9.179,9.165,9.171,7583.4,1780269599999,69562.77496000,475,6720.40000000,61645.91025000,0,LINKUSDT,binance
2026-05-31 23:20:00+00:00,9.172,9.173,9.145,9.149,2602.82,1780269899999,23845.81761000,409,249.16000000,2280.36106000,0,LINKUSDT,binance
2026-05-31 23:25:00+00:00,9.149,9.15,9.142,9.145,1655.47,1780270199999,15142.95945000,311,565.63000000,5173.22685000,0,LINKUSDT,binance
2026-05-31 23:30:00+00:00,9.146,9.147,9.105,9.12,4852.98,1780270499999,44264.72692000,671,1287.17000000,11730.38844000,0,LINKUSDT,binance
2026-05-31 23:35:00+00:00,9.12,9.123,9.094,9.102,6616.02,1780270799999,60265.69896000,696,2078.72000000,18932.27411000,0,LINKUSDT,binance
2026-05-31 23:40:00+00:00,9.102,9.109,9.096,9.109,11964.47,1780271099999,108917.23485000,575,4633.81000000,42184.29145000,0,LINKUSDT,binance
2026-05-31 23:45:00+00:00,9.11,9.131,9.106,9.127,8125.69,1780271399999,74128.75553000,536,5500.64000000,50192.88191000,0,LINKUSDT,binance
2026-05-31 23:50:00+00:00,9.128,9.137,9.127,9.132,4350.4,1780271699999,39719.64681000,301,1922.20000000,17547.27361000,0,LINKUSDT,binance
2026-05-31 23:55:00+00:00,9.133,9.15,9.133,9.148,4095.58,1780271999999,37454.40900000,246,1905.39000000,17428.84978000,0,LINKUSDT,binance
2026-06-01 00:00:00+00:00,9.15,9.179,9.141,9.174,6930.44,1780272299999,63517.46349000,563,1917.34000000,17567.19239000,0,LINKUSDT,binance
2026-06-01 00:05:00+00:00,9.175,9.179,9.142,9.145,11561.2,1780272599999,105937.60577000,782,2584.22000000,23666.58539000,0,LINKUSDT,binance
2026-06-01 00:10:00+00:00,9.144,9.156,9.14,9.156,2546.64,1780272899999,23290.41597000,262,713.27000000,6524.90664000,0,LINKUSDT,binance
2026-06-01 00:15:00+00:00,9.157,9.163,9.143,9.144,1515.68,1780273199999,13871.51914000,344,868.50000000,7945.89735000,0,LINKUSDT,binance
2026-06-01 00:20:00+00:00,9.145,9.164,9.142,9.157,3678.55,1780273499999,33686.36576000,382,1525.99000000,13970.17198000,0,LINKUSDT,binance
2026-06-01 00:25:00+00:00,9.157,9.181,9.157,9.176,3897.44,1780273799999,35738.63590000,341,1932.39000000,17723.56551000,0,LINKUSDT,binance
2026-06-01 00:30:00+00:00,9.177,9.197,9.167,9.183,5513.52,1780274099999,50647.03652000,896,3578.74000000,32883.42144000,0,LINKUSDT,binance
2026-06-01 00:35:00+00:00,9.182,9.193,9.176,9.179,2239.45,1780274399999,20566.76466000,459,1243.49000000,11420.99095000,0,LINKUSDT,binance
2026-06-01 00:40:00+00:00,9.18,9.196,9.172,9.187,3845.0,1780274699999,35298.13236000,430,1629.73000000,14965.52978000,0,LINKUSDT,binance
2026-06-01 00:45:00+00:00,9.186,9.199,9.186,9.188,2549.22,1780274999999,23435.82699000,598,1514.29000000,13922.09268000,0,LINKUSDT,binance
2026-06-01 00:50:00+00:00,9.188,9.202,9.181,9.185,6247.43,1780275299999,57443.70570000,558,2698.76000000,24808.64137000,0,LINKUSDT,binance
2026-06-01 00:55:00+00:00,9.184,9.185,9.177,9.18,666.13,1780275599999,6116.10970000,190,172.85000000,1587.02114000,0,LINKUSDT,binance
2026-06-01 01:00:00+00:00,9.18,9.184,9.148,9.148,4112.09,1780275899999,37680.20666000,499,1297.37000000,11885.07674000,0,LINKUSDT,binance
2026-06-01 01:05:00+00:00,9.149,9.159,9.125,9.129,9496.46,1780276199999,86751.91473000,738,4128.40000000,37713.21177000,0,LINKUSDT,binance
2026-06-01 01:10:00+00:00,9.129,9.138,9.126,9.128,1902.53,1780276499999,17376.24706000,312,479.38000000,4378.53754000,0,LINKUSDT,binance
2026-06-01 01:15:00+00:00,9.128,9.138,9.127,9.127,895.1,1780276799999,8171.98764000,226,75.01000000,685.04990000,0,LINKUSDT,binance
2026-06-01 01:20:00+00:00,9.126,9.136,9.124,9.125,1683.62,1780277099999,15369.53254000,247,1112.39000000,10155.08136000,0,LINKUSDT,binance
2026-06-01 01:25:00+00:00,9.125,9.13,9.117,9.118,2113.79,1780277399999,19287.12679000,405,1166.74000000,10646.35986000,0,LINKUSDT,binance
2026-06-01 01:30:00+00:00,9.117,9.122,9.112,9.121,1056.38,1780277699999,9629.70932000,288,438.77000000,3999.63941000,0,LINKUSDT,binance
2026-06-01 01:35:00+00:00,9.121,9.133,9.113,9.115,4600.28,1780277999999,41990.79302000,400,2663.66000000,24307.74152000,0,LINKUSDT,binance
2026-06-01 01:40:00+00:00,9.115,9.127,9.083,9.09,2250.08,1780278299999,20474.89410000,595,1034.14000000,9411.20634000,0,LINKUSDT,binance
2026-06-01 01:45:00+00:00,9.091,9.103,9.083,9.102,5553.15,1780278599999,50487.93918000,471,1642.17000000,14935.51962000,0,LINKUSDT,binance
2026-06-01 01:50:00+00:00,9.101,9.101,9.058,9.061,4296.97,1780278899999,38989.43364000,703,1373.19000000,12452.68304000,0,LINKUSDT,binance
2026-06-01 01:55:00+00:00,9.06,9.06,9.043,9.044,4375.25,1780279199999,39604.08771000,760,1695.38000000,15348.42760000,0,LINKUSDT,binance
2026-06-01 02:00:00+00:00,9.043,9.052,9.028,9.051,13095.33,1780279499999,118390.38364000,1108,6545.68000000,59176.62308000,0,LINKUSDT,binance
2026-06-01 02:05:00+00:00,9.051,9.101,9.051,9.101,5424.78,1780279799999,49300.80871000,679,3027.73000000,27501.32728000,0,LINKUSDT,binance
2026-06-01 02:10:00+00:00,9.102,9.106,9.094,9.102,4600.48,1780280099999,41857.27553000,426,1672.82000000,15219.12139000,0,LINKUSDT,binance
2026-06-01 02:15:00+00:00,9.103,9.106,9.082,9.087,7080.33,1780280399999,64409.97283000,541,3904.82000000,35523.59387000,0,LINKUSDT,binance
2026-06-01 02:20:00+00:00,9.087,9.101,9.085,9.095,1922.85,1780280699999,17488.56780000,364,1222.34000000,11117.22588000,0,LINKUSDT,binance
2026-06-01 02:25:00+00:00,9.095,9.101,9.088,9.101,3450.46,1780280999999,31384.43336000,355,1521.75000000,13842.86641000,0,LINKUSDT,binance
2026-06-01 02:30:00+00:00,9.1,9.101,9.086,9.093,4452.64,1780281299999,40478.71253000,372,2384.67000000,21677.88393000,0,LINKUSDT,binance
2026-06-01 02:35:00+00:00,9.094,9.109,9.086,9.108,4870.32,1780281599999,44319.98900000,405,1537.61000000,13989.42270000,0,LINKUSDT,binance
2026-06-01 02:40:00+00:00,9.107,9.185,9.1,9.16,18304.81,1780281899999,167458.36021000,1542,6338.46000000,58023.48577000,0,LINKUSDT,binance
2026-06-01 02:45:00+00:00,9.159,9.183,9.157,9.171,12024.26,1780282199999,110294.22359000,875,6823.02000000,62573.85611000,0,LINKUSDT,binance
2026-06-01 02:50:00+00:00,9.171,9.178,9.163,9.172,5566.64,1780282499999,51050.47908000,630,2534.09000000,23238.49319000,0,LINKUSDT,binance
2026-06-01 02:55:00+00:00,9.171,9.174,9.163,9.168,3612.31,1780282799999,33113.31508000,375,1253.46000000,11489.78884000,0,LINKUSDT,binance
2026-06-01 03:00:00+00:00,9.168,9.214,9.168,9.198,7600.83,1780283099999,69878.74636000,1062,3902.70000000,35855.36011000,0,LINKUSDT,binance
2026-06-01 03:05:00+00:00,9.199,9.207,9.19,9.202,2200.39,1780283399999,20240.11581000,604,1274.95000000,11726.88722000,0,LINKUSDT,binance
2026-06-01 03:10:00+00:00,9.202,9.202,9.18,9.181,2084.99,1780283699999,19163.70763000,355,682.75000000,6276.88552000,0,LINKUSDT,binance
2026-06-01 03:15:00+00:00,9.182,9.189,9.16,9.179,8811.46,1780283999999,80785.96475000,950,2153.19000000,19746.25758000,0,LINKUSDT,binance
2026-06-01 03:20:00+00:00,9.18,9.202,9.18,9.198,1382.76,1780284299999,12707.61315000,306,632.78000000,5815.85724000,0,LINKUSDT,binance
2026-06-01 03:25:00+00:00,9.197,9.198,9.183,9.19,13967.92,1780284599999,128395.59466000,432,4802.05000000,44148.63049000,0,LINKUSDT,binance
2026-06-01 03:30:00+00:00,9.19,9.208,9.19,9.202,3862.05,1780284899999,35526.78120000,359,2310.34000000,21250.12783000,0,LINKUSDT,binance
2026-06-01 03:35:00+00:00,9.203,9.205,9.172,9.181,21263.89,1780285199999,195268.76586000,615,6416.88000000,58953.44457000,0,LINKUSDT,binance
2026-06-01 03:40:00+00:00,9.182,9.195,9.173,9.189,9765.02,1780285499999,89711.33346000,419,5020.21000000,46132.65171000,0,LINKUSDT,binance
2026-06-01 03:45:00+00:00,9.189,9.196,9.185,9.193,728.29,1780285799999,6694.55278000,157,276.06000000,2538.06290000,0,LINKUSDT,binance
2026-06-01 03:50:00+00:00,9.194,9.198,9.171,9.171,2792.39,1780286099999,25646.08467000,288,377.67000000,3470.20114000,0,LINKUSDT,binance
2026-06-01 03:55:00+00:00,9.171,9.18,9.169,9.178,29840.61,1780286399999,273789.48791000,511,27006.27000000,247781.83678000,0,LINKUSDT,binance
2026-06-01 04:00:00+00:00,9.178,9.198,9.175,9.18,7441.3,1780286699999,68335.44238000,781,3351.82000000,30792.79141000,0,LINKUSDT,binance
2026-06-01 04:05:00+00:00,9.181,9.181,9.156,9.161,1225.68,1780286999999,11241.09691000,503,200.89000000,1841.66359000,0,LINKUSDT,binance
2026-06-01 04:10:00+00:00,9.161,9.161,9.137,9.145,2264.08,1780287299999,20716.90507000,612,196.49000000,1796.83123000,0,LINKUSDT,binance
2026-06-01 04:15:00+00:00,9.145,9.151,9.126,9.126,5158.46,1780287599999,47141.19464000,574,2677.71000000,24478.38642000,0,LINKUSDT,binance
2026-06-01 04:20:00+00:00,9.126,9.129,9.105,9.107,7387.64,1780287899999,67363.91884000,707,3035.43000000,27684.27875000,0,LINKUSDT,binance
2026-06-01 04:25:00+00:00,9.107,9.12,9.098,9.099,12518.02,1780288199999,114069.02524000,735,7629.27000000,69526.44929000,0,LINKUSDT,binance
2026-06-01 04:30:00+00:00,9.098,9.125,9.098,9.112,11734.28,1780288499999,106942.49700000,829,8399.44000000,76548.25488000,0,LINKUSDT,binance
2026-06-01 04:35:00+00:00,9.111,9.123,9.111,9.115,5814.97,1780288799999,53023.83616000,474,3867.62000000,35267.35954000,0,LINKUSDT,binance
2026-06-01 04:40:00+00:00,9.115,9.126,9.115,9.122,7142.64,1780289099999,65151.15214000,487,3997.62000000,36460.70366000,0,LINKUSDT,binance
2026-06-01 04:45:00+00:00,9.121,9.122,9.069,9.081,14610.77,1780289399999,132771.57589000,672,6535.32000000,59373.92082000,0,LINKUSDT,binance
2026-06-01 04:50:00+00:00,9.082,9.114,9.081,9.113,26148.62,1780289699999,237763.75809000,705,20077.03000000,182574.90107000,0,LINKUSDT,binance
2026-06-01 04:55:00+00:00,9.112,9.128,9.108,9.118,5916.05,1780289999999,53947.92774000,378,3725.06000000,33962.47389000,0,LINKUSDT,binance
2026-06-01 05:00:00+00:00,9.117,9.123,9.104,9.122,8344.91,1780290299999,76042.89079000,504,5022.92000000,45773.22170000,0,LINKUSDT,binance
2026-06-01 05:05:00+00:00,9.122,9.123,9.104,9.104,4008.89,1780290599999,36537.15991000,284,1352.94000000,12331.72368000,0,LINKUSDT,binance
2026-06-01 05:10:00+00:00,9.105,9.108,9.089,9.106,7151.03,1780290899999,65076.13773000,401,5760.01000000,52420.29596000,0,LINKUSDT,binance
2026-06-01 05:15:00+00:00,9.106,9.107,9.086,9.09,11620.84,1780291199999,105688.80392000,622,3143.75000000,28582.30428000,0,LINKUSDT,binance
2026-06-01 05:20:00+00:00,9.09,9.107,9.09,9.095,5954.82,1780291499999,54180.42118000,606,3842.97000000,34962.64073000,0,LINKUSDT,binance
2026-06-01 05:25:00+00:00,9.094,9.094,9.056,9.061,13355.32,1780291799999,121097.61006000,1087,7071.84000000,64127.47212000,0,LINKUSDT,binance
2026-06-01 05:30:00+00:00,9.062,9.078,9.058,9.068,9204.12,1780292099999,83443.48323000,916,5159.37000000,46778.88522000,0,LINKUSDT,binance
2026-06-01 05:35:00+00:00,9.068,9.071,9.042,9.059,8911.09,1780292399999,80657.65209000,673,5141.30000000,46531.96199000,0,LINKUSDT,binance
2026-06-01 05:40:00+00:00,9.059,9.076,9.058,9.076,7908.91,1780292699999,71715.64877000,587,5458.32000000,49489.34867000,0,LINKUSDT,binance
2026-06-01 05:45:00+00:00,9.076,9.098,9.069,9.09,9311.76,1780292999999,84604.07316000,617,4838.07000000,43951.92331000,0,LINKUSDT,binance
2026-06-01 05:50:00+00:00,9.089,9.094,9.078,9.079,4237.58,1780293299999,38506.74109000,317,2056.72000000,18691.16784000,0,LINKUSDT,binance
2026-06-01 05:55:00+00:00,9.08,9.081,9.051,9.056,10248.17,1780293599999,92855.01080000,478,3723.16000000,33725.79753000,0,LINKUSDT,binance
2026-06-01 06:00:00+00:00,9.056,9.063,9.043,9.046,7496.21,1780293899999,67878.52042000,762,5008.55000000,45350.97091000,0,LINKUSDT,binance
2026-06-01 06:05:00+00:00,9.045,9.053,9.025,9.029,32260.01,1780294199999,291554.78686000,1136,16609.51000000,150187.00939000,0,LINKUSDT,binance
2026-06-01 06:10:00+00:00,9.028,9.052,9.024,9.045,22846.6,1780294499999,206498.72750000,1258,14849.05000000,134206.16778000,0,LINKUSDT,binance
2026-06-01 06:15:00+00:00,9.045,9.051,9.039,9.042,2617.29,1780294799999,23670.06984000,627,1532.68000000,13860.11954000,0,LINKUSDT,binance
2026-06-01 06:20:00+00:00,9.041,9.041,9.015,9.026,9524.13,1780295099999,85971.31338000,900,4594.13000000,41467.05774000,0,LINKUSDT,binance
2026-06-01 06:25:00+00:00,9.025,9.025,9.012,9.016,4130.1,1780295399999,37237.06149000,630,1876.84000000,16921.90884000,0,LINKUSDT,binance
2026-06-01 06:30:00+00:00,9.015,9.017,8.992,9.007,14744.35,1780295699999,132751.41226000,1134,5486.38000000,49406.01410000,0,LINKUSDT,binance
2026-06-01 06:35:00+00:00,9.006,9.006,8.994,9.001,5209.96,1780295999999,46892.63217000,698,3389.38000000,30502.72543000,0,LINKUSDT,binance
2026-06-01 06:40:00+00:00,9.001,9.002,8.973,8.976,4588.15,1780296299999,41236.27536000,835,2358.23000000,21196.95628000,0,LINKUSDT,binance
2026-06-01 06:45:00+00:00,8.976,9.014,8.974,9.012,5677.38,1780296599999,51049.67352000,781,3845.20000000,34571.44436000,0,LINKUSDT,binance
2026-06-01 06:50:00+00:00,9.013,9.024,9.011,9.016,3765.89,1780296899999,33965.96767000,361,1522.16000000,13725.83567000,0,LINKUSDT,binance
2026-06-01 06:55:00+00:00,9.015,9.018,9.006,9.016,4078.87,1780297199999,36758.86880000,425,985.63000000,8880.99094000,0,LINKUSDT,binance
2026-06-01 07:00:00+00:00,9.015,9.025,9.001,9.025,4114.81,1780297499999,37078.06445000,520,2759.31000000,24858.60718000,0,LINKUSDT,binance
2026-06-01 07:05:00+00:00,9.025,9.043,9.025,9.041,5875.85,1780297799999,53096.02782000,617,3499.78000000,31623.13231000,0,LINKUSDT,binance
2026-06-01 07:10:00+00:00,9.041,9.043,9.024,9.033,5541.82,1780298099999,50064.52946000,403,1923.73000000,17372.91752000,0,LINKUSDT,binance
2026-06-01 07:15:00+00:00,9.033,9.035,9.008,9.035,4833.31,1780298399999,43599.37996000,671,3344.65000000,30171.82537000,0,LINKUSDT,binance
2026-06-01 07:20:00+00:00,9.036,9.037,9.009,9.012,3171.9,1780298699999,28596.15875000,369,484.02000000,4364.66581000,0,LINKUSDT,binance
2026-06-01 07:25:00+00:00,9.013,9.019,9.006,9.006,1905.89,1780298999999,17181.58056000,408,1110.07000000,10008.12389000,0,LINKUSDT,binance
