open_time,open,high,low,close,volume,close_time,quote_volume,trades,taker_buy_base,taker_buy_quote,ignore,symbol,exchange
2026-05-18 07:30:00+00:00,77035.47,77080.6,77010.88,77055.58,137.20632,1779089699999,10572554.70614840,14235,37.00162000,2850912.70103540,0,BTCUSDT,binance
2026-05-18 07:35:00+00:00,77055.58,77055.58,76996.63,76996.63,105.87029,1779089999999,8155589.89685370,10343,37.42018000,2882293.75998960,0,BTCUSDT,binance
2026-05-18 07:40:00+00:00,76996.63,77020.0,76932.46,76971.04,88.2447,1779090299999,6791978.13172300,9576,54.70261000,4210125.98940260,0,BTCUSDT,binance
2026-05-18 07:45:00+00:00,76971.04,77062.27,76971.03,77031.09,106.07961,1779090599999,8170993.26193480,9988,56.71603000,4368487.83524210,0,BTCUSDT,binance
2026-05-18 07:50:00+00:00,77031.08,77063.7,77002.0,77049.54,112.55465,1779090899999,8672197.72711860,7118,43.57092000,3356716.80024090,0,BTCUSDT,binance
2026-05-18 07:55:00+00:00,77049.55,77089.29,77041.84,77073.69,102.72345,1779091199999,7916234.40461580,6112,36.36813000,2802622.85929520,0,BTCUSDT,binance
2026-05-18 08:00:00+00:00,77073.69,77156.2,77070.68,77156.19,35.31591,1779091499999,2723090.42858140,7190,23.76876000,1832778.31165600,0,BTCUSDT,binance
2026-05-18 08:05:00+00:00,77156.19,77181.88,77113.73,77116.93,75.15163,1779091799999,5797868.97248640,8775,48.87823000,3770765.23335120,0,BTCUSDT,binance
2026-05-18 08:10:00+00:00,77116.93,77116.93,77020.0,77038.8,51.75101,1779092099999,3987960.44917760,7708,28.12523000,2167419.74783060,0,BTCUSDT,binance
2026-05-18 08:15:00+00:00,77038.79,77047.08,77002.0,77011.08,43.79963,1779092399999,3373534.48788320,7784,20.49849000,1578790.30626300,0,BTCUSDT,binance
2026-05-18 08:20:00+00:00,77011.08,77074.49,76965.7,76989.99,27.62962,1779092699999,2127768.49905870,9099,12.97900000,999558.45362380,0,BTCUSDT,binance
2026-05-18 08:25:00+00:00,76990.0,77027.73,76980.54,76980.54,59.08649,1779092999999,4550287.98488570,6703,35.92314000,2766526.82807140,0,BTCUSDT,binance
2026-05-18 08:30:00+00:00,76980.55,76996.0,76923.02,76995.99,45.79513,1779093299999,3524667.67652030,7829,34.20699000,2632791.67581040,0,BTCUSDT,binance
2026-05-18 08:35:00+00:00,76996.0,76996.0,76890.34,76940.07,28.85067,1779093599999,2219405.76470630,7299,13.32825000,1025221.70050600,0,BTCUSDT,binance
2026-05-18 08:40:00+00:00,76940.07,76964.7,76922.79,76957.13,39.40919,1779093899999,3032443.85236670,4082,23.65232000,1819923.75310150,0,BTCUSDT,binance
2026-05-18 08:45:00+00:00,76957.13,76987.3,76898.91,76923.93,70.72737,1779094199999,5442639.01674150,12515,18.61042000,1431958.32434390,0,BTCUSDT,binance
2026-05-18 08:50:00+00:00,76923.93,77026.73,76923.92,77018.14,58.99475,1779094499999,4541070.15008930,9010,23.96997000,1844998.28970490,0,BTCUSDT,binance
2026-05-18 08:55:00+00:00,77018.14,77040.43,77002.73,77040.42,25.70511,1779094799999,1979775.58859820,4604,19.89174000,1532023.20158720,0,BTCUSDT,binance
2026-05-18 09:00:00+00:00,77040.43,77048.14,76948.02,76948.02,19.09563,1779095099999,1470583.91125260,6235,7.21350000,555466.44993520,0,BTCUSDT,binance
2026-05-18 09:05:00+00:00,76948.03,76951.93,76902.03,76933.15,21.18979,1779095399999,1630240.43896940,6664,5.84669000,449813.52792160,0,BTCUSDT,binance
2026-05-18 09:10:00+00:00,76933.15,76933.16,76877.17,76910.09,81.38747,1779095699999,6258691.81058330,5615,8.15302000,627021.40421090,0,BTCUSDT,binance
2026-05-18 09:15:00+00:00,76910.09,76966.93,76897.88,76919.49,23.1865,1779095999999,1783952.78464760,5459,7.67197000,590252.62709210,0,BTCUSDT,binance
2026-05-18 09:20:00+00:00,76919.49,76974.04,76919.48,76974.03,28.28882,1779096299999,2177077.44879880,3920,18.29363000,1407831.05692120,0,BTCUSDT,binance
2026-05-18 09:25:00+00:00,76974.03,76984.92,76924.97,76969.79,26.00358,1779096599999,2001306.15155130,6635,13.70567000,1054800.39282590,0,BTCUSDT,binance
2026-05-18 09:30:00+00:00,76969.78,76975.85,76908.15,76975.85,50.2113,1779096899999,3863137.75552240,7607,27.27039000,2098172.17979040,0,BTCUSDT,binance
2026-05-18 09:35:00+00:00,76975.85,77027.21,76975.85,76999.07,36.37715,1779097199999,2800984.36482470,5202,21.98443000,1692688.10181430,0,BTCUSDT,binance
2026-05-18 09:40:00+00:00,76999.07,76999.99,76950.0,76951.61,18.30301,1779097499999,1408819.84958160,4036,7.56353000,582127.53348890,0,BTCUSDT,binance
2026-05-18 09:45:00+00:00,76951.62,76990.0,76940.06,76967.89,21.00188,1779097799999,1616536.29981440,5379,8.46309000,651327.44405380,0,BTCUSDT,binance
2026-05-18 09:50:00+00:00,76967.88,76987.3,76916.11,76920.01,27.92663,1779098099999,2148967.67728080,4990,16.71033000,1285904.87058290,0,BTCUSDT,binance
2026-05-18 09:55:00+00:00,76920.01,76939.56,76920.0,76933.16,12.77776,1779098399999,982996.94921650,2300,8.42448000,648087.01525270,0,BTCUSDT,binance
2026-05-18 10:00:00+00:00,76933.17,76957.35,76860.2,76868.27,40.42983,1779098699999,3109988.82521770,5777,4.74629000,365116.90668220,0,BTCUSDT,binance
2026-05-18 10:05:00+00:00,76868.27,76887.77,76788.66,76844.84,46.15902,1779098999999,3546674.06357630,11593,14.84403000,1140480.97215610,0,BTCUSDT,binance
2026-05-18 10:10:00+00:00,76844.84,76855.6,76778.17,76785.09,31.65553,1779099299999,2431442.62905950,6907,12.22231000,938755.55908290,0,BTCUSDT,binance
2026-05-18 10:15:00+00:00,76785.1,76785.49,76740.48,76765.95,27.20577,1779099599999,2088397.83688510,4437,14.32627000,1099724.88107460,0,BTCUSDT,binance
2026-05-18 10:20:00+00:00,76765.94,76794.0,76716.99,76766.05,43.30455,1779099899999,3324071.14898090,6737,18.99711000,1458312.54539770,0,BTCUSDT,binance
2026-05-18 10:25:00+00:00,76766.05,76829.11,76766.05,76818.38,16.68641,1779100199999,1281560.29917890,4098,7.04157000,540759.69788790,0,BTCUSDT,binance
2026-05-18 10:30:00+00:00,76818.38,76855.59,76810.4,76810.4,74.94647,1779100499999,5758676.85486550,7270,56.50922000,4342031.08815190,0,BTCUSDT,binance
2026-05-18 10:35:00+00:00,76810.41,76838.01,76766.0,76822.69,21.08155,1779100799999,1618963.98322900,5364,12.68135000,973744.94062850,0,BTCUSDT,binance
2026-05-18 10:40:00+00:00,76822.7,76847.56,76800.0,76816.0,19.33921,1779101099999,1485755.59458690,3287,7.25276000,557143.34062760,0,BTCUSDT,binance
2026-05-18 10:45:00+00:00,76816.01,76894.13,76816.0,76838.57,42.44555,1779101399999,3261645.22435680,5199,23.71596000,1822230.69129920,0,BTCUSDT,binance
2026-05-18 10:50:00+00:00,76838.57,76851.58,76820.86,76825.86,54.91451,1779101699999,4219265.87621640,4623,13.19865000,1014117.84015490,0,BTCUSDT,binance
2026-05-18 10:55:00+00:00,76825.86,76825.86,76764.74,76764.74,14.03396,1779101999999,1077780.55322660,2614,0.99494000,76421.16316980,0,BTCUSDT,binance
2026-05-18 11:00:00+00:00,76764.75,76784.89,76711.61,76757.46,53.49924,1779102299999,4105507.94476520,6903,23.13909000,1775842.04405250,0,BTCUSDT,binance
2026-05-18 11:05:00+00:00,76757.46,76757.46,76693.67,76693.67,48.53675,1779102599999,3724331.12567000,7037,18.62775000,1429353.64896540,0,BTCUSDT,binance
2026-05-18 11:10:00+00:00,76693.68,76766.9,76668.58,76759.53,29.97612,1779102899999,2300309.07044210,5952,14.74952000,1131847.45201370,0,BTCUSDT,binance
2026-05-18 11:15:00+00:00,76759.52,76842.49,76752.01,76835.24,20.78212,1779103199999,1595824.36639150,4642,10.71721000,823026.05447430,0,BTCUSDT,binance
2026-05-18 11:20:00+00:00,76835.24,76845.05,76808.33,76845.04,34.23675,1779103499999,2630196.21318370,4037,23.11551000,1775903.28469460,0,BTCUSDT,binance
2026-05-18 11:25:00+00:00,76845.05,76868.0,76814.7,76814.7,20.36626,1779103799999,1564986.12973740,2743,2.65183000,203797.70852160,0,BTCUSDT,binance
2026-05-18 11:30:00+00:00,76814.7,76957.66,76782.24,76949.39,42.84285,1779104099999,3292687.52141190,9334,29.11362000,2237816.63673790,0,BTCUSDT,binance
2026-05-18 11:35:00+00:00,76949.39,77165.12,76900.0,77165.11,100.30547,1779104399999,7725803.20990140,12634,58.77913000,4527833.91680630,0,BTCUSDT,binance
2026-05-18 11:40:00+00:00,77165.12,77403.48,77165.11,77356.01,207.15821,1779104699999,16012915.76956700,37871,113.65805000,8786046.75942770,0,BTCUSDT,binance
2026-05-18 11:45:00+00:00,77356.0,77373.27,77248.99,77290.0,66.76805,1779104999999,5160938.15825030,13539,29.87686000,2309345.13788560,0,BTCUSDT,binance
2026-05-18 11:50:00+00:00,77290.0,77312.15,77209.17,77299.75,39.61722,1779105299999,3060578.95751960,9919,21.42006000,1654756.67757950,0,BTCUSDT,binance
2026-05-18 11:55:00+00:00,77299.75,77330.0,77270.26,77285.83,28.29644,1779105599999,2187152.77055570,8178,14.71436000,1137310.57270070,0,BTCUSDT,binance
2026-05-18 12:00:00+00:00,77285.83,77483.52,77275.96,77275.96,138.76802,1779105899999,10739190.92804120,25799,66.61158000,5156091.13286860,0,BTCUSDT,binance
2026-05-18 12:05:00+00:00,77275.96,77480.4,77275.96,77457.77,55.2103,1779106199999,4274303.45007880,15122,36.06323000,2791606.95590880,0,BTCUSDT,binance
2026-05-18 12:10:00+00:00,77457.77,77464.39,77384.27,77425.79,39.41935,1779106499999,3052234.66693490,9284,21.99296000,1703015.09952060,0,BTCUSDT,binance
2026-05-18 12:15:00+00:00,77425.79,77480.4,77374.07,77447.03,56.53176,1779106799999,4376809.02269760,13560,25.98172000,2011485.13575130,0,BTCUSDT,binance
2026-05-18 12:20:00+00:00,77447.03,77550.0,77437.51,77532.45,77.37315,1779107099999,5996529.02929370,11717,56.00495000,4340558.46737550,0,BTCUSDT,binance
2026-05-18 12:25:00+00:00,77532.45,77532.45,77302.65,77340.9,140.03481,1779107399999,10838543.50808370,12090,54.30908000,4204012.25114370,0,BTCUSDT,binance
2026-05-18 12:30:00+00:00,77340.89,77567.0,77300.0,77566.99,62.09783,1779107699999,4808372.15863620,16160,38.48264000,2979888.95324830,0,BTCUSDT,binance
2026-05-18 12:35:00+00:00,77567.0,77679.38,77518.2,77645.43,134.75719,1779107999999,10456928.82868130,21667,99.89379000,7751725.52221270,0,BTCUSDT,binance
2026-05-18 12:40:00+00:00,77645.42,77726.23,77644.01,77726.22,71.44641,1779108299999,5550958.24054920,16727,44.35760000,3446226.83930610,0,BTCUSDT,binance
2026-05-18 12:45:00+00:00,77726.22,77800.0,77674.11,77676.21,93.99183,1779108599999,7306081.86489280,21152,42.96804000,3340044.69189540,0,BTCUSDT,binance
2026-05-18 12:50:00+00:00,77676.21,77685.59,77592.11,77611.99,61.61185,1779108899999,4782361.25331790,12310,22.89191000,1776806.59526000,0,BTCUSDT,binance
2026-05-18 12:55:00+00:00,77612.0,77658.0,77588.46,77639.98,49.52332,1779109199999,3844119.34213750,9640,23.94137000,1858406.02147300,0,BTCUSDT,binance
2026-05-18 13:00:00+00:00,77639.99,77639.99,77470.9,77521.38,71.59201,1779109499999,5551314.30004130,17127,24.55555000,1904032.35992690,0,BTCUSDT,binance
2026-05-18 13:05:00+00:00,77521.39,77541.8,77480.39,77480.4,32.25009,1779109799999,2499674.51327660,7884,18.11285000,1403893.54434770,0,BTCUSDT,binance
2026-05-18 13:10:00+00:00,77480.4,77532.0,77465.0,77480.86,59.31758,1779110099999,4596881.38522420,8799,12.04447000,933400.25712290,0,BTCUSDT,binance
2026-05-18 13:15:00+00:00,77480.85,77492.66,77391.99,77417.71,31.63051,1779110399999,2448884.74181810,10806,11.93737000,924130.93159270,0,BTCUSDT,binance
2026-05-18 13:20:00+00:00,77417.72,77417.72,77377.76,77394.7,25.58002,1779110699999,1979611.65867080,4585,11.69238000,904857.83140800,0,BTCUSDT,binance
2026-05-18 13:25:00+00:00,77394.69,77394.69,77280.91,77280.91,59.55037,1779110999999,4605190.99763550,10918,16.26998000,1258052.68254510,0,BTCUSDT,binance
2026-05-18 13:30:00+00:00,77280.92,77287.91,77106.74,77153.04,112.82187,1779111299999,8709569.98824770,36517,36.89054000,2847931.73297620,0,BTCUSDT,binance
2026-05-18 13:35:00+00:00,77153.04,77200.38,76763.16,77024.88,178.69047,1779111599999,13750131.81925400,45131,62.49036000,4809273.39156850,0,BTCUSDT,binance
2026-05-18 13:40:00+00:00,77024.88,77107.2,76791.62,76819.96,123.56062,1779111899999,9505940.85139990,36259,48.93911000,3765496.74926400,0,BTCUSDT,binance
2026-05-18 13:45:00+00:00,76819.97,77016.75,76695.31,76930.92,235.81256,1779112199999,18126726.86708690,36594,98.64000000,7581838.09441440,0,BTCUSDT,binance
2026-05-18 13:50:00+00:00,76930.92,77146.19,76892.45,77044.29,102.37002,1779112499999,7883843.42137550,25329,54.63427000,4206917.38972610,0,BTCUSDT,binance
2026-05-18 13:55:00+00:00,77044.3,77058.25,76898.8,76937.7,83.38718,1779112799999,6418118.30425860,25807,41.19999000,3171076.59621910,0,BTCUSDT,binance
2026-05-18 14:00:00+00:00,76937.7,76946.73,76800.0,76946.72,121.51248,1779113099999,9340379.45970760,26250,61.39792000,4719857.67332690,0,BTCUSDT,binance
2026-05-18 14:05:00+00:00,76946.73,76954.25,76746.5,76864.9,138.19612,1779113399999,10616533.89981030,28524,49.43297000,3797516.36943020,0,BTCUSDT,binance
2026-05-18 14:10:00+00:00,76864.9,76866.0,76675.69,76695.04,103.59644,1779113699999,7951422.35939360,21471,29.23827000,2243883.10530710,0,BTCUSDT,binance
2026-05-18 14:15:00+00:00,76695.04,76822.55,76430.0,76621.78,380.68737,1779113999999,29143277.01354510,37169,141.87916000,10861167.64135510,0,BTCUSDT,binance
2026-05-18 14:20:00+00:00,76621.78,76772.71,76580.79,76733.83,230.37632,1779114299999,17671908.73407310,31820,133.12642000,10210967.14594290,0,BTCUSDT,binance
2026-05-18 14:25:00+00:00,76733.82,76820.0,76639.69,76641.66,78.78043,1779114599999,6046317.37706450,21568,42.80530000,3285439.36228820,0,BTCUSDT,binance
2026-05-18 14:30:00+00:00,76641.67,76719.18,76327.12,76373.73,268.65919,1779114899999,20545737.97010750,38904,78.55907000,6007821.17958710,0,BTCUSDT,binance
2026-05-18 14:35:00+00:00,76373.73,76581.07,76230.02,76517.99,259.18027,1779115199999,19794552.73721120,36696,135.94050000,10384691.83902520,0,BTCUSDT,binance
2026-05-18 14:40:00+00:00,76518.0,76564.43,76424.11,76484.62,118.97083,1779115499999,9101521.35217910,25437,52.42731000,4010844.31136590,0,BTCUSDT,binance
2026-05-18 14:45:00+00:00,76484.61,76502.01,76315.89,76401.17,182.71708,1779115799999,13959263.88484280,26656,49.37877000,3771819.23186000,0,BTCUSDT,binance
2026-05-18 14:50:00+00:00,76401.16,76499.99,76339.55,76345.51,135.43095,1779116099999,10349136.38749860,28476,45.06817000,3444021.50141840,0,BTCUSDT,binance
2026-05-18 14:55:00+00:00,76345.51,76457.41,76320.69,76393.65,140.48589,1779116399999,10731815.05377670,20284,38.18029000,2916668.80640290,0,BTCUSDT,binance
2026-05-18 15:00:00+00:00,76393.66,76439.98,76111.0,76216.66,398.72009,1779116699999,30403342.81517510,54452,176.18378000,13432826.36057480,0,BTCUSDT,binance
2026-05-18 15:05:00+00:00,76216.65,76288.48,76104.25,76164.0,310.31023,1779116999999,23636276.73005700,34883,163.82882000,12476741.83545180,0,BTCUSDT,binance
2026-05-18 15:10:00+00:00,76164.01,76332.42,76154.09,76282.01,114.28996,1779117299999,8716165.94410670,23860,57.62078000,4394307.17689930,0,BTCUSDT,binance
2026-05-18 15:15:00+00:00,76282.01,76308.0,76065.3,76111.59,145.31852,1779117599999,11067418.87050680,29689,47.03291000,3582079.05807260,0,BTCUSDT,binance
2026-05-18 15:20:00+00:00,76111.59,76193.76,76079.58,76176.0,141.33953,1779117899999,10759426.16868160,26989,63.86618000,4862041.46146820,0,BTCUSDT,binance
2026-05-18 15:25:00+00:00,76176.01,76265.0,76074.27,76087.58,222.66664,1779118199999,16958724.68533980,27881,94.10911000,7167305.89368020,0,BTCUSDT,binance
2026-05-18 15:30:00+00:00,76087.59,76220.0,76051.0,76220.0,118.17215,1779118499999,8997635.79451350,22953,44.32750000,3374843.67836350,0,BTCUSDT,binance
2026-05-18 15:35:00+00:00,76219.99,76356.74,76219.11,76227.46,101.15781,1779118799999,7717581.80653140,19937,40.47708000,3088046.71356030,0,BTCUSDT,binance
2026-05-18 15:40:00+00:00,76227.46,76360.42,76224.03,76324.33,131.27803,1779119099999,10020024.06690070,16953,70.34476000,5368889.29722810,0,BTCUSDT,binance
2026-05-18 15:45:00+00:00,76324.33,76355.57,76316.39,76316.39,45.73856,1779119399999,3491381.85596310,9415,24.85622000,1897313.31246310,0,BTCUSDT,binance
2026-05-18 15:50:00+00:00,76316.39,76408.53,76278.36,76393.7,104.59322,1779119699999,7983646.33995710,15834,42.48330000,3242763.27083150,0,BTCUSDT,binance
2026-05-18 15:55:00+00:00,76393.7,76485.29,76380.01,76409.46,126.59015,1779119999999,9676383.03665740,16200,49.41398000,3776837.73564190,0,BTCUSDT,binance
2026-05-18 16:00:00+00:00,76409.46,76415.33,76306.83,76318.0,81.70097,1779120299999,6238213.10668740,16435,24.61489000,1879631.22661260,0,BTCUSDT,binance
2026-05-18 16:05:00+00:00,76318.01,76367.53,76241.0,76330.21,112.83743,1779120599999,8611004.81675140,23456,45.95611000,3507382.16128150,0,BTCUSDT,binance
2026-05-18 16:10:00+00:00,76330.21,76582.0,76330.2,76509.23,189.25605,1779120899999,14477730.37496900,21518,94.17678000,7202560.34721320,0,BTCUSDT,binance
2026-05-18 16:15:00+00:00,76509.22,76628.89,76509.22,76605.67,112.17161,1779121199999,8588191.25649890,13257,38.76208000,2967668.17710450,0,BTCUSDT,binance
2026-05-18 16:20:00+00:00,76605.67,76665.68,76406.22,76492.42,162.68262,1779121499999,12458140.66078830,20854,64.27519000,4922649.12807750,0,BTCUSDT,binance
2026-05-18 16:25:00+00:00,76492.42,76492.42,76218.0,76278.34,111.3114,1779121799999,8494401.01363820,23367,50.11326000,3823165.31106710,0,BTCUSDT,binance
2026-05-18 16:30:00+00:00,76278.34,76412.07,76235.74,76383.9,64.47291,1779122099999,4923016.67235090,17780,25.31978000,1932867.86558870,0,BTCUSDT,binance
2026-05-18 16:35:00+00:00,76383.89,76536.54,76372.57,76450.0,64.17603,1779122399999,4906986.74694650,18319,28.45765000,2175819.64699810,0,BTCUSDT,binance
2026-05-18 16:40:00+00:00,76450.0,76491.03,76400.0,76461.14,60.46981,1779122699999,4622872.75091620,14155,32.28535000,2468070.28747130,0,BTCUSDT,binance
2026-05-18 16:45:00+00:00,76461.14,76543.34,76424.31,76434.07,135.18018,1779122999999,10338686.78685320,20021,44.16541000,3377926.21897220,0,BTCUSDT,binance
2026-05-18 16:50:00+00:00,76434.08,76446.0,76400.0,76416.0,60.58075,1779123299999,4630207.58215050,18054,21.71820000,1659803.91132400,0,BTCUSDT,binance
2026-05-18 16:55:00+00:00,76416.01,76519.46,76400.0,76410.01,98.09854,1779123599999,7500381.26816970,10631,36.13150000,2762624.42686470,0,BTCUSDT,binance
2026-05-18 17:00:00+00:00,76410.0,76564.07,76366.13,76546.0,44.81703,1779123899999,3427287.61788450,16259,19.16013000,1465404.64230810,0,BTCUSDT,binance
2026-05-18 17:05:00+00:00,76545.99,76646.42,76522.6,76563.18,61.83318,1779124199999,4735923.23247550,16680,31.85028000,2439495.06385160,0,BTCUSDT,binance
2026-05-18 17:10:00+00:00,76563.18,76610.61,76537.43,76561.48,39.48362,1779124499999,3023489.77448710,10285,23.45585000,1796226.42131810,0,BTCUSDT,binance
2026-05-18 17:15:00+00:00,76561.49,76696.12,76561.48,76662.01,67.03252,1779124799999,5138868.60817400,15438,41.08066000,3149285.04099260,0,BTCUSDT,binance
2026-05-18 17:20:00+00:00,76662.0,76679.15,76577.41,76634.7,45.8635,1779125099999,3514489.04975380,14752,18.08329000,1385765.19433960,0,BTCUSDT,binance
2026-05-18 17:25:00+00:00,76634.71,76666.0,76586.0,76666.0,26.9381,1779125399999,2064315.29956670,8653,6.57059000,503527.47142010,0,BTCUSDT,binance
2026-05-18 17:30:00+00:00,76665.99,76672.4,76595.0,76613.57,17.8742,1779125699999,1369885.55164410,7857,3.53580000,270977.78707580,0,BTCUSDT,binance
2026-05-18 17:35:00+00:00,76613.58,76624.87,76553.71,76608.0,20.09642,1779125999999,1539366.22368150,7749,6.25801000,479355.33986430,0,BTCUSDT,binance
2026-05-18 17:40:00+00:00,76608.0,76683.06,76594.6,76660.36,28.34844,1779126299999,2172865.77375960,8564,14.15594000,1085085.79134990,0,BTCUSDT,binance
2026-05-18 17:45:00+00:00,76660.36,76736.71,76648.3,76676.68,32.52246,1779126599999,2494478.49183760,11098,15.63948000,1199419.68940570,0,BTCUSDT,binance
2026-05-18 17:50:00+00:00,76676.67,76757.21,76676.67,76715.26,48.16085,1779126899999,3694657.29340830,7285,10.68788000,819950.19567770,0,BTCUSDT,binance
2026-05-18 17:55:00+00:00,76715.26,76736.0,76686.91,76706.39,17.90454,1779127199999,1373408.38794810,4518,5.90630000,453036.31345480,0,BTCUSDT,binance
2026-05-18 18:00:00+00:00,76706.38,76706.38,76554.94,76569.53,32.72295,1779127499999,2506670.70086230,10186,6.54587000,501371.83806770,0,BTCUSDT,binance
2026-05-18 18:05:00+00:00,76569.53,76575.17,76467.89,76515.68,58.28505,1779127799999,4461198.37534640,8532,34.71056000,2657005.21076250,0,BTCUSDT,binance
2026-05-18 18:10:00+00:00,76515.69,76521.3,76436.11,76438.0,36.68358,1779128099999,2805104.82561860,8913,13.85817000,1059523.06626840,0,BTCUSDT,binance
2026-05-18 18:15:00+00:00,76438.0,76451.34,76325.09,76343.37,106.57632,1779128399999,8144125.99960780,13275,69.62160000,5321138.28579640,0,BTCUSDT,binance
2026-05-18 18:20:00+00:00,76343.37,76359.31,76278.35,76303.55,25.65817,1779128699999,1958167.85595380,13758,7.57825000,578398.30519740,0,BTCUSDT,binance
2026-05-18 18:25:00+00:00,76303.56,76358.0,76144.24,76354.74,120.36821,1779128999999,9173842.58094650,28123,63.43386000,4834542.21894230,0,BTCUSDT,binance
2026-05-18 18:30:00+00:00,76354.74,76410.0,76338.89,76388.78,202.82761,1779129299999,15493246.89983410,13949,175.13703000,13378240.56897180,0,BTCUSDT,binance
2026-05-18 18:35:00+00:00,76388.79,76410.0,76291.51,76300.88,38.65864,1779129599999,2952893.41901880,7967,19.48628000,1488764.55587300,0,BTCUSDT,binance
2026-05-18 18:40:00+00:00,76300.89,76343.93,76265.09,76328.27,31.7886,1779129899999,2425837.68610070,10728,11.58491000,884019.40248230,0,BTCUSDT,binance
2026-05-18 18:45:00+00:00,76328.28,76385.64,76271.12,76294.33,35.60541,1779130199999,2717803.15990820,10733,14.64941000,1118290.68522860,0,BTCUSDT,binance
2026-05-18 18:50:00+00:00,76294.33,76358.04,76250.0,76250.01,38.47183,1779130499999,2935073.77810470,10495,19.21585000,1465992.73122460,0,BTCUSDT,binance
2026-05-18 18:55:00+00:00,76250.0,76350.0,76211.55,76252.5,51.92499,1779130799999,3960854.77132560,12234,18.33898000,1398961.23655990,0,BTCUSDT,binance
2026-05-18 19:00:00+00:00,76252.01,76919.68,76235.0,76779.14,342.20307,1779131099999,26213144.61014580,57332,225.98345000,17298193.75219290,0,BTCUSDT,binance
2026-05-18 19:05:00+00:00,76779.14,76852.65,76553.48,76657.5,78.82247,1779131399999,6044291.65908850,27287,34.92172000,2678344.91734980,0,BTCUSDT,binance
2026-05-18 19:10:00+00:00,76657.5,76700.0,76596.73,76619.76,49.46643,1779131699999,3791394.26095790,16607,28.33324000,2171530.91706610,0,BTCUSDT,binance
2026-05-18 19:15:00+00:00,76619.77,76677.75,76566.0,76625.62,35.09787,1779131999999,2689156.67598580,16111,19.93281000,1527202.25980340,0,BTCUSDT,binance
2026-05-18 19:20:00+00:00,76625.62,76720.0,76612.18,76619.48,47.53625,1779132299999,3643994.25144330,13190,24.59258000,1885129.02841500,0,BTCUSDT,binance
2026-05-18 19:25:00+00:00,76619.47,76660.64,76550.01,76638.35,17.71996,1779132599999,1357534.43420190,9336,7.68315000,588607.95386520,0,BTCUSDT,binance
2026-05-18 19:30:00+00:00,76638.34,76744.7,76618.0,76692.01,48.41362,1779132899999,3713671.57061170,14689,33.68214000,2583607.65731220,0,BTCUSDT,binance
2026-05-18 19:35:00+00:00,76692.01,76769.63,76692.01,76723.49,27.26313,1779133199999,2092494.76687050,9660,12.60861000,967703.89487510,0,BTCUSDT,binance
2026-05-18 19:40:00+00:00,76723.49,76921.4,76720.0,76900.97,42.53342,1779133499999,3267846.63319770,13539,30.27443000,2325813.02533190,0,BTCUSDT,binance
2026-05-18 19:45:00+00:00,76900.96,76980.05,76839.65,76882.01,45.86061,1779133799999,3527246.26730920,21216,27.04022000,2079828.79699940,0,BTCUSDT,binance
2026-05-18 19:50:00+00:00,76882.01,76995.0,76871.75,76896.75,41.40622,1779134099999,3185151.44601030,13159,23.10855000,1777531.24707560,0,BTCUSDT,binance
2026-05-18 19:55:00+00:00,76896.74,76931.91,76875.91,76928.0,36.14924,1779134399999,2779641.04440940,11146,18.11463000,1392958.08188490,0,BTCUSDT,binance
2026-05-18 20:00:00+00:00,76928.0,77023.63,76928.0,76958.59,47.56596,1779134699999,3662325.24662810,12698,31.51765000,2426522.82159290,0,BTCUSDT,binance
2026-05-18 20:05:00+00:00,76958.59,76978.0,76874.73,76957.67,28.41913,1779134999999,2186447.56666130,9378,9.11779000,701474.56038900,0,BTCUSDT,binance
2026-05-18 20:10:00+00:00,76957.68,77074.66,76957.68,77057.01,35.61088,1779135299999,2742857.29845710,10357,26.85679000,2068461.46747690,0,BTCUSDT,binance
2026-05-18 20:15:00+00:00,77057.0,77092.0,77052.0,77064.5,29.02921,1779135599999,2237296.11277400,8384,16.79904000,1294696.20982500,0,BTCUSDT,binance
2026-05-18 20:20:00+00:00,77064.5,77093.27,77048.13,77093.26,30.06112,1779135899999,2316858.52644860,7424,14.90898000,1149041.27454460,0,BTCUSDT,binance
2026-05-18 20:25:00+00:00,77093.27,77161.37,77077.29,77139.08,41.64736,1779136199999,3212048.38127600,10188,23.53846000,1815391.18241510,0,BTCUSDT,binance
2026-05-18 20:30:00+00:00,77139.08,77182.14,77101.05,77102.86,29.53887,1779136499999,2278719.26126600,8582,10.02162000,773191.64175540,0,BTCUSDT,binance
2026-05-18 20:35:00+00:00,77102.86,77126.0,77079.71,77079.71,27.9842,1779136799999,2157612.47278470,6219,6.93118000,534359.14713530,0,BTCUSDT,binance
2026-05-18 20:40:00+00:00,77079.72,77079.72,76960.81,76966.21,44.35029,1779137099999,3415317.88170720,9588,12.34840000,950802.18767890,0,BTCUSDT,binance
2026-05-18 20:45:00+00:00,76966.22,76968.68,76888.22,76888.23,43.1928,1779137399999,3321851.28929690,6232,14.67879000,1128707.45822160,0,BTCUSDT,binance
2026-05-18 20:50:00+00:00,76888.23,76999.29,76886.24,76982.01,35.76277,1779137699999,2751404.78222340,5564,14.62006000,1124759.15316360,0,BTCUSDT,binance
2026-05-18 20:55:00+00:00,76982.01,77048.11,76909.92,76909.92,70.69526,1779137999999,5441627.66443590,7773,21.16536000,1629109.38823820,0,BTCUSDT,binance
2026-05-18 21:00:00+00:00,76909.92,76934.9,76800.0,76870.59,63.53614,1779138299999,4883985.05746140,9734,23.29509000,1790460.02076850,0,BTCUSDT,binance
2026-05-18 21:05:00+00:00,76870.6,76891.99,76820.2,76891.98,44.84957,1779138599999,3446988.18434990,4571,19.06597000,1465381.61391180,0,BTCUSDT,binance
2026-05-18 21:10:00+00:00,76891.99,77014.24,76850.29,76917.76,63.28693,1779138899999,4868237.33244120,8082,28.69083000,2206998.96944050,0,BTCUSDT,binance
2026-05-18 21:15:00+00:00,76917.77,76950.0,76917.76,76948.67,30.59213,1779139199999,2353616.49452410,4316,15.13353000,1164299.11071610,0,BTCUSDT,binance
2026-05-18 21:20:00+00:00,76948.66,77025.52,76948.66,76981.09,41.67618,1779139499999,3208887.01815350,5999,23.06283000,1775734.90682650,0,BTCUSDT,binance
2026-05-18 21:25:00+00:00,76981.08,77077.8,76981.08,77018.82,39.02031,1779139799999,3005349.38319860,6777,18.96063000,1460249.77682180,0,BTCUSDT,binance
2026-05-18 21:30:00+00:00,77018.83,77174.23,77018.82,77061.59,52.76557,1779140099999,4068901.98148510,8114,22.17907000,1710343.60631880,0,BTCUSDT,binance
2026-05-18 21:35:00+00:00,77061.6,77099.79,76976.54,77045.06,37.18912,1779140399999,2865208.56399910,8296,18.71289000,1441726.92282450,0,BTCUSDT,binance
2026-05-18 21:40:00+00:00,77045.06,77071.51,76994.26,77029.99,39.89173,1779140699999,3072858.04572330,9367,19.04966000,1467290.11278120,0,BTCUSDT,binance
2026-05-18 21:45:00+00:00,77030.0,77080.0,76980.0,77011.96,19.75117,1779140999999,1521422.06497780,7469,11.46650000,883223.02867630,0,BTCUSDT,binance
2026-05-18 21:50:00+00:00,77011.97,77074.53,77000.0,77049.18,32.96743,1779141299999,2539389.44251620,5325,11.81471000,910086.25953060,0,BTCUSDT,binance
2026-05-18 21:55:00+00:00,77049.18,77126.66,77049.17,77103.05,26.20932,1779141599999,2020686.57760370,6595,16.48637000,1270980.33164770,0,BTCUSDT,binance
2026-05-18 22:00:00+00:00,77103.04,77148.0,77050.96,77120.84,49.04989,1779141899999,3780890.84207960,11767,30.93593000,2384516.99191890,0,BTCUSDT,binance
2026-05-18 22:05:00+00:00,77120.84,77167.75,77102.4,77140.0,23.47813,1779142199999,1811078.50417280,6297,13.02469000,1004764.65823660,0,BTCUSDT,binance
2026-05-18 22:10:00+00:00,77140.01,77159.62,77118.8,77144.99,19.68627,1779142499999,1518638.62844820,4585,8.61788000,664784.88129100,0,BTCUSDT,binance
2026-05-18 22:15:00+00:00,77144.99,77222.79,77099.19,77176.19,39.28055,1779142799999,3031272.30669940,8735,25.32509000,1954265.63982110,0,BTCUSDT,binance
2026-05-18 22:20:00+00:00,77176.19,77221.13,77159.0,77180.0,15.5381,1779143099999,1199330.35087860,5938,9.88045000,762637.61212270,0,BTCUSDT,binance
2026-05-18 22:25:00+00:00,77180.0,77199.33,77137.35,77139.1,15.20904,1779143399999,1173761.64478980,5032,7.41403000,572180.37445540,0,BTCUSDT,binance
2026-05-18 22:30:00+00:00,77139.1,77169.59,77109.11,77109.12,25.73758,1779143699999,1985403.03782240,6442,14.73254000,1136461.04210530,0,BTCUSDT,binance
2026-05-18 22:35:00+00:00,77109.11,77161.25,77109.11,77156.81,21.57586,1779143999999,1664484.33486440,4567,13.04745000,1006507.89758170,0,BTCUSDT,binance
2026-05-18 22:40:00+00:00,77156.81,77156.82,77033.39,77046.71,19.08642,1779144299999,1471234.22235820,5722,4.09473000,315522.47838560,0,BTCUSDT,binance
2026-05-18 22:45:00+00:00,77046.72,77046.72,76976.79,76990.0,53.92329,1779144599999,4152147.02493910,4733,12.53559000,965246.00599750,0,BTCUSDT,binance
2026-05-18 22:50:00+00:00,76990.01,77026.89,76937.19,77014.4,56.32232,1779144899999,4335847.30136780,7265,28.38148000,2184802.83839150,0,BTCUSDT,binance
2026-05-18 22:55:00+00:00,77014.41,77079.88,77004.26,77078.22,20.79429,1779145199999,1601869.75924210,2775,17.36818000,1337958.49520000,0,BTCUSDT,binance
2026-05-18 23:00:00+00:00,77078.22,77160.79,77055.11,77145.11,38.60745,1779145499999,2977069.20891090,8259,21.58044000,1664075.64320120,0,BTCUSDT,binance
2026-05-18 23:05:00+00:00,77145.11,77145.11,77105.18,77145.08,21.17759,1779145799999,1633380.47017310,4586,15.02231000,1158621.99415250,0,BTCUSDT,binance
2026-05-18 23:10:00+00:00,77145.09,77145.09,77084.0,77084.0,13.56157,1779146099999,1045942.62004240,4015,6.34578000,489427.11667520,0,BTCUSDT,binance
2026-05-18 23:15:00+00:00,77084.01,77084.01,77031.13,77043.0,19.55513,1779146399999,1506621.46330480,3571,12.81591000,987369.58415150,0,BTCUSDT,binance
2026-05-18 23:20:00+00:00,77043.0,77049.46,77027.0,77045.17,21.29636,1779146699999,1640634.66478800,2475,10.76101000,829008.16494060,0,BTCUSDT,binance
2026-05-18 23:25:00+00:00,77045.18,77064.0,77033.77,77033.77,13.42519,1779146999999,1034422.17344180,3046,6.56272000,505661.44858400,0,BTCUSDT,binance
2026-05-18 23:30:00+00:00,77033.77,77043.02,76994.0,77007.99,29.38083,1779147299999,2262441.37757630,4908,16.00919000,1232712.53523740,0,BTCUSDT,binance
2026-05-18 23:35:00+00:00,77007.99,77045.58,77001.87,77042.36,22.03168,1779147599999,1696876.49216280,2435,13.56072000,1044474.44192670,0,BTCUSDT,binance
2026-05-18 23:40:00+00:00,77042.37,77118.54,77042.37,77118.54,23.30055,1779147899999,1796056.93302190,3385,19.16050000,1476924.43553570,0,BTCUSDT,binance
2026-05-18 23:45:00+00:00,77118.54,77118.54,76995.0,77023.87,36.4594,1779148199999,2808952.79424440,5153,15.65972000,1206360.82214740,0,BTCUSDT,binance
2026-05-18 23:50:00+00:00,77023.88,77023.88,76948.8,76972.68,19.39011,1779148499999,1492628.83675950,4097,12.23405000,941691.31212330,0,BTCUSDT,binance
2026-05-18 23:55:00+00:00,76972.69,77014.31,76972.68,77001.87,16.86886,1779148799999,1298745.75029680,2249,9.40413000,724014.77697690,0,BTCUSDT,binance
2026-05-19 00:00:00+00:00,77001.88,77053.94,76955.99,76981.45,135.05764,1779149099999,10400425.42181310,12986,121.94880000,9391100.38510410,0,BTCUSDT,binance
2026-05-19 00:05:00+00:00,76981.44,77084.0,76981.44,77052.26,29.24974,1779149399999,2253058.67404020,9066,17.50695000,1348514.34451370,0,BTCUSDT,binance
2026-05-19 00:10:00+00:00,77052.26,77156.2,77052.26,77116.08,132.09356,1779149699999,10187487.67188030,10146,73.22863000,5646957.88647590,0,BTCUSDT,binance
2026-05-19 00:15:00+00:00,77116.07,77205.32,77097.83,77205.32,12.80628,1779149999999,987949.29577100,6940,8.07566000,623035.10229540,0,BTCUSDT,binance
2026-05-19 00:20:00+00:00,77205.32,77414.62,77205.31,77255.06,80.58589,1779150299999,6229288.72705820,19889,54.45369000,4209076.92663320,0,BTCUSDT,binance
2026-05-19 00:25:00+00:00,77255.07,77279.79,77190.55,77213.18,39.29642,1779150599999,3035048.28081320,6733,14.47831000,1118337.78412820,0,BTCUSDT,binance
2026-05-19 00:30:00+00:00,77213.18,77250.0,77213.18,77222.01,22.76318,1779150899999,1757892.62100940,4040,3.63673000,280844.82378710,0,BTCUSDT,binance
2026-05-19 00:35:00+00:00,77222.01,77265.64,77170.0,77176.17,21.73334,1779151199999,1678550.97611150,6217,12.12032000,936203.35541310,0,BTCUSDT,binance
2026-05-19 00:40:00+00:00,77176.17,77183.42,77124.67,77183.41,18.56308,1779151499999,1432318.59490820,5722,5.55101000,428330.11387550,0,BTCUSDT,binance
2026-05-19 00:45:00+00:00,77183.42,77232.49,77160.0,77229.25,21.62832,1779151799999,1669579.70861190,7051,10.63066000,820622.33951610,0,BTCUSDT,binance
2026-05-19 00:50:00+00:00,77229.24,77312.25,77184.46,77195.02,23.98199,1779152099999,1852706.13494510,8393,11.67376000,901956.36907270,0,BTCUSDT,binance
2026-05-19 00:55:00+00:00,77195.02,77212.34,77140.86,77140.87,18.67768,1779152399999,1441559.98657610,5422,11.65094000,899231.29738650,0,BTCUSDT,binance
2026-05-19 01:00:00+00:00,77140.86,77140.86,77046.24,77082.0,27.68797,1779152699999,2134410.25327200,12068,7.53131000,580533.95165600,0,BTCUSDT,binance
2026-05-19 01:05:00+00:00,77081.99,77121.94,77048.13,77116.68,20.61749,1779152999999,1589406.00218450,11367,12.18220000,939109.00202960,0,BTCUSDT,binance
2026-05-19 01:10:00+00:00,77116.68,77156.2,77086.0,77118.31,17.06917,1779153299999,1316408.25291030,8776,10.44244000,805309.32903920,0,BTCUSDT,binance
2026-05-19 01:15:00+00:00,77118.3,77131.43,76956.26,76983.03,56.42713,1779153599999,4346971.75922470,13494,24.67973000,1901545.61718940,0,BTCUSDT,binance
2026-05-19 01:20:00+00:00,76983.02,76983.02,76884.91,76890.02,26.75853,1779153899999,2058773.24050240,9967,11.53975000,887951.19705350,0,BTCUSDT,binance
2026-05-19 01:25:00+00:00,76890.01,76890.02,76679.57,76765.54,121.46347,1779154199999,9323201.37303010,17347,32.82284000,2519005.42545180,0,BTCUSDT,binance
2026-05-19 01:30:00+00:00,76765.54,76870.47,76681.29,76870.46,31.01735,1779154499999,2380890.64845690,12911,19.30584000,1482251.09390550,0,BTCUSDT,binance
2026-05-19 01:35:00+00:00,76870.46,76930.0,76792.39,76792.39,276.47129,1779154799999,21240768.21697790,12375,75.01104000,5761998.29270900,0,BTCUSDT,binance
2026-05-19 01:40:00+00:00,76792.39,76882.18,76759.99,76856.89,123.53221,1779155099999,9485493.28375390,7428,82.76083000,6354531.68913230,0,BTCUSDT,binance
2026-05-19 01:45:00+00:00,76856.89,76864.68,76711.06,76729.32,24.22063,1779155399999,1859896.60243170,9404,4.84173000,371771.13140630,0,BTCUSDT,binance
2026-05-19 01:50:00+00:00,76729.31,76773.96,76717.06,76744.88,12.14849,1779155699999,932340.74711160,6213,5.31746000,408104.14308320,0,BTCUSDT,binance
2026-05-19 01:55:00+00:00,76744.89,76744.89,76667.0,76667.01,32.04775,1779155999999,2458751.64874690,6968,17.48568000,1341720.80848800,0,BTCUSDT,binance
2026-05-19 02:00:00+00:00,76667.01,76725.46,76487.83,76546.83,66.19452,1779156299999,5069539.13944240,17079,12.33294000,944673.47862040,0,BTCUSDT,binance
2026-05-19 02:05:00+00:00,76546.83,76684.85,76530.0,76624.44,28.85867,1779156599999,2211658.02484450,10605,14.59312000,1118300.61593960,0,BTCUSDT,binance
2026-05-19 02:10:00+00:00,76624.43,76720.61,76624.43,76720.6,24.97259,1779156899999,1914514.12722630,5997,16.38257000,1255990.02767770,0,BTCUSDT,binance
2026-05-19 02:15:00+00:00,76720.6,76790.0,76669.66,76767.98,33.1354,1779157199999,2542634.37564560,11093,12.73546000,977220.95719230,0,BTCUSDT,binance
2026-05-19 02:20:00+00:00,76767.99,76997.33,76767.99,76990.15,39.98667,1779157499999,3074165.63368620,11608,31.56855000,2427127.77180720,0,BTCUSDT,binance
2026-05-19 02:25:00+00:00,76990.15,76991.18,76826.87,76826.87,42.23828,1779157799999,3248628.76565440,8982,12.03457000,925478.26986070,0,BTCUSDT,binance
2026-05-19 02:30:00+00:00,76826.86,76846.03,76770.38,76787.95,109.33649,1779158099999,8400535.40838150,13306,76.21176000,5855878.19724530,0,BTCUSDT,binance
2026-05-19 02:35:00+00:00,76787.95,76804.75,76732.31,76784.52,19.3947,1779158399999,1489100.29830430,7730,6.00331000,460915.80056960,0,BTCUSDT,binance
2026-05-19 02:40:00+00:00,76784.52,76800.97,76740.66,76749.98,21.29218,1779158699999,1634665.56384750,5681,3.21218000,246589.84576800,0,BTCUSDT,binance
2026-05-19 02:45:00+00:00,76749.98,76789.23,76703.42,76763.33,27.85911,1779158999999,2138078.46416120,7684,10.93049000,838771.25055040,0,BTCUSDT,binance
2026-05-19 02:50:00+00:00,76763.34,76763.34,76608.86,76629.52,36.16351,1779159299999,2772369.54780510,11254,8.55380000,655842.24701420,0,BTCUSDT,binance
2026-05-19 02:55:00+00:00,76629.53,76665.73,76612.0,76617.47,19.59371,1779159599999,1501402.88260600,5791,5.52539000,423396.69632210,0,BTCUSDT,binance
2026-05-19 03:00:00+00:00,76617.46,76627.09,76586.11,76618.6,17.48821,1779159899999,1339644.17273360,5272,6.00592000,460068.42170740,0,BTCUSDT,binance
2026-05-19 03:05:00+00:00,76618.61,76699.88,76618.6,76699.88,20.6164,1779160199999,1580720.46980680,6900,9.76950000,749040.54839870,0,BTCUSDT,binance
2026-05-19 03:10:00+00:00,76699.88,76772.15,76683.47,76772.15,20.5177,1779160499999,1574248.14975260,5298,11.26424000,864298.89969620,0,BTCUSDT,binance
2026-05-19 03:15:00+00:00,76772.14,76867.23,76749.14,76764.68,38.77851,1779160799999,2978588.18938790,9504,19.50550000,1498287.03550820,0,BTCUSDT,binance
2026-05-19 03:20:00+00:00,76764.68,76786.42,76693.63,76719.44,19.26906,1779161099999,1478767.18711790,4403,4.10442000,314955.14331810,0,BTCUSDT,binance
2026-05-19 03:25:00+00:00,76719.44,76757.22,76719.44,76748.62,4.99913,1779161399999,383616.50934220,2889,2.76448000,212125.14008230,0,BTCUSDT,binance
2026-05-19 03:30:00+00:00,76748.63,76799.79,76748.62,76799.0,10.16196,1779161699999,780259.87442390,5016,5.24137000,402419.68436470,0,BTCUSDT,binance
2026-05-19 03:35:00+00:00,76799.0,76829.16,76772.54,76817.93,16.96955,1779161999999,1303383.47709780,3356,11.94408000,917458.60416830,0,BTCUSDT,binance
2026-05-19 03:40:00+00:00,76817.93,76850.51,76800.0,76850.5,9.18361,1779162299999,705521.25483030,3421,5.03234000,386618.17244440,0,BTCUSDT,binance
2026-05-19 03:45:00+00:00,76850.5,76853.52,76817.96,76828.21,19.69206,1779162599999,1513112.18458590,5178,6.96114000,534876.14869210,0,BTCUSDT,binance
2026-05-19 03:50:00+00:00,76828.21,76860.0,76788.59,76809.99,17.55701,1779162899999,1348836.14558900,7544,7.85001000,603159.93142580,0,BTCUSDT,binance
2026-05-19 03:55:00+00:00,76810.0,76817.04,76764.64,76787.11,16.60251,1779163199999,1274903.75221030,3279,8.90492000,683789.50863100,0,BTCUSDT,binance
2026-05-19 04:00:00+00:00,76787.1,76833.56,76732.84,76806.55,52.0934,1779163499999,3999594.17171460,9878,25.84400000,1984242.37654760,0,BTCUSDT,binance
2026-05-19 04:05:00+00:00,76806.54,76856.77,76780.0,76856.77,23.27169,1779163799999,1787932.59835670,7241,15.63515000,1201240.01676150,0,BTCUSDT,binance
2026-05-19 04:10:00+00:00,76856.77,76943.75,76856.76,76892.2,17.22146,1779164099999,1324516.95364680,5410,9.50803000,731235.06497070,0,BTCUSDT,binance
2026-05-19 04:15:00+00:00,76892.2,76892.21,76789.52,76789.53,22.81501,1779164399999,1753145.98051520,6589,6.52153000,501093.21402450,0,BTCUSDT,binance
2026-05-19 04:20:00+00:00,76789.52,76832.62,76715.98,76738.26,16.86778,1779164699999,1295057.45450770,7588,4.06598000,312191.10330520,0,BTCUSDT,binance
2026-05-19 04:25:00+00:00,76738.26,76738.26,76700.0,76735.79,9.36679,1779164999999,718648.36689810,3860,4.93065000,378279.78972100,0,BTCUSDT,binance
2026-05-19 04:30:00+00:00,76735.8,76817.96,76735.8,76811.73,11.58761,1779165299999,889855.26873680,4911,8.37199000,642897.35797620,0,BTCUSDT,binance
2026-05-19 04:35:00+00:00,76811.72,76888.77,76811.72,76848.01,35.41557,1779165599999,2722303.36460580,5907,29.27625000,2250418.01806560,0,BTCUSDT,binance
2026-05-19 04:40:00+00:00,76848.0,76902.0,76848.0,76881.48,9.82244,1779165899999,755192.55763170,2858,6.42186000,493732.98154800,0,BTCUSDT,binance
2026-05-19 04:45:00+00:00,76881.47,76919.3,76870.0,76899.18,16.98734,1779166199999,1306119.46480480,4855,11.56303000,889007.49268600,0,BTCUSDT,binance
2026-05-19 04:50:00+00:00,76899.18,76936.0,76882.31,76925.83,18.82801,1779166499999,1448306.15685420,5196,7.10162000,546226.53305290,0,BTCUSDT,binance
2026-05-19 04:55:00+00:00,76925.84,76936.0,76913.75,76927.25,5.44323,1779166799999,418713.13632130,2791,3.22094000,247768.31478560,0,BTCUSDT,binance
2026-05-19 05:00:00+00:00,76927.25,76941.67,76869.44,76911.31,11.06939,1779167099999,851268.63577520,5423,4.97190000,382347.59005150,0,BTCUSDT,binance
2026-05-19 05:05:00+00:00,76911.31,76924.74,76877.38,76924.73,8.54635,1779167399999,657222.53378720,4799,5.81257000,447004.48590610,0,BTCUSDT,binance
2026-05-19 05:10:00+00:00,76924.74,76929.33,76842.92,76859.85,18.36407,1779167699999,1411966.09403780,6509,4.08527000,314109.94227080,0,BTCUSDT,binance
2026-05-19 05:15:00+00:00,76859.84,76860.77,76760.0,76760.0,19.58534,1779167999999,1504324.23393910,7234,5.37292000,412668.47505210,0,BTCUSDT,binance
2026-05-19 05:20:00+00:00,76760.0,76760.01,76644.98,76677.37,62.63295,1779168299999,4805073.69667490,9173,32.48677000,2492760.59596960,0,BTCUSDT,binance
2026-05-19 05:25:00+00:00,76677.38,76817.83,76665.24,76817.82,31.3591,1779168599999,2406864.83877640,8390,10.49333000,805389.19148180,0,BTCUSDT,binance
2026-05-19 05:30:00+00:00,76817.82,76852.64,76752.82,76824.4,101.56139,1779168899999,7799211.40825780,7635,31.18190000,2395438.26564370,0,BTCUSDT,binance
2026-05-19 05:35:00+00:00,76824.39,76943.0,76794.36,76921.4,21.11971,1779169199999,1623773.18115550,8096,11.37701000,874722.88161340,0,BTCUSDT,binance
2026-05-19 05:40:00+00:00,76921.41,77000.0,76912.13,76914.91,45.24238,1779169499999,3481523.63141580,10545,28.56594000,2198281.25513220,0,BTCUSDT,binance
2026-05-19 05:45:00+00:00,76914.91,76986.41,76874.0,76962.96,24.42625,1779169799999,1878922.61270230,6412,10.03250000,771713.10719780,0,BTCUSDT,binance
2026-05-19 05:50:00+00:00,76962.96,76974.0,76921.72,76925.07,32.82189,1779170099999,2525587.56462220,6506,10.47216000,805815.63566490,0,BTCUSDT,binance
2026-05-19 05:55:00+00:00,76925.07,76933.74,76909.23,76911.24,15.70333,1779170399999,1207933.45150890,3186,2.43935000,187635.60849200,0,BTCUSDT,binance
2026-05-19 06:00:00+00:00,76911.25,76981.35,76886.13,76981.35,23.06136,1779170699999,1774313.59770020,6839,9.97823000,767683.67461900,0,BTCUSDT,binance
2026-05-19 06:05:00+00:00,76981.35,77000.0,76927.14,76989.71,51.23526,1779170999999,3942910.03466700,7536,28.33523000,2180557.56365790,0,BTCUSDT,binance
2026-05-19 06:10:00+00:00,76989.71,77014.72,76937.05,76991.8,58.19946,1779171299999,4480644.85426480,7334,32.99149000,2540073.15374130,0,BTCUSDT,binance
2026-05-19 06:15:00+00:00,76991.8,77006.87,76940.93,76975.18,41.31336,1779171599999,3180377.81728380,6796,17.98021000,1384177.46333880,0,BTCUSDT,binance
2026-05-19 06:20:00+00:00,76975.18,77019.57,76970.0,76970.01,23.18951,1779171899999,1785497.81800100,4595,5.14262000,395963.18501200,0,BTCUSDT,binance
2026-05-19 06:25:00+00:00,76970.0,77045.61,76970.0,77009.99,21.75303,1779172199999,1675275.66220780,6360,12.58438000,969099.88282260,0,BTCUSDT,binance
2026-05-19 06:30:00+00:00,77009.99,77065.8,77000.0,77022.01,42.83832,1779172499999,3300499.79221270,9395,15.03291000,1158172.36985410,0,BTCUSDT,binance
2026-05-19 06:35:00+00:00,77022.01,77063.23,76944.98,77061.4,44.23606,1779172799999,3405360.40285850,6738,13.03106000,1003181.48089080,0,BTCUSDT,binance
2026-05-19 06:40:00+00:00,77061.39,77108.68,77044.05,77085.65,20.46263,1779173099999,1576991.22967140,4449,16.39281000,1263343.87827170,0,BTCUSDT,binance
2026-05-19 06:45:00+00:00,77085.66,77085.66,77026.68,77065.79,27.09938,1779173399999,2088467.88149830,5632,9.05324000,697658.70640920,0,BTCUSDT,binance
2026-05-19 06:50:00+00:00,77065.8,77092.4,77060.0,77060.0,12.7279,1779173699999,981008.17392650,4551,7.10777000,547848.22115080,0,BTCUSDT,binance
2026-05-19 06:55:00+00:00,77060.0,77075.0,77018.22,77029.4,19.99729,1779173999999,1540615.53817530,4388,4.33176000,333735.32568530,0,BTCUSDT,binance
2026-05-19 07:00:00+00:00,77029.41,77029.41,76974.72,76986.46,29.7707,1779174299999,2292459.27168810,7181,8.75438000,674081.39344180,0,BTCUSDT,binance
2026-05-19 07:05:00+00:00,76986.47,77129.87,76982.72,77081.42,37.20194,1779174599999,2866924.89482140,7364,25.09443000,1933914.99245740,0,BTCUSDT,binance
2026-05-19 07:10:00+00:00,77081.42,77140.26,77031.82,77139.39,34.51047,1779174899999,2660676.01430480,8018,15.20463000,1172272.06323300,0,BTCUSDT,binance
2026-05-19 07:15:00+00:00,77139.39,77215.08,77124.57,77202.75,43.52778,1779175199999,3359213.82135530,9365,23.60163000,1821458.55628740,0,BTCUSDT,binance
2026-05-19 07:20:00+00:00,77202.74,77263.33,77144.45,77144.46,61.5864,1779175499999,4755451.04991930,10987,38.37128000,2963147.15186630,0,BTCUSDT,binance
2026-05-19 07:25:00+00:00,77144.45,77156.52,77111.03,77140.39,52.92971,1779175799999,4082702.64902400,9075,20.04929000,1546488.63777220,0,BTCUSDT,binance
2026-05-19 07:30:00+00:00,77140.4,77176.76,77135.15,77169.0,20.77128,1779176099999,1602746.91791370,3648,9.92761000,765987.04620260,0,BTCUSDT,binance
2026-05-19 07:35:00+00:00,77169.01,77234.59,77154.41,77198.43,44.20674,1779176399999,3412053.23685670,7823,26.00971000,2007409.50291990,0,BTCUSDT,binance
2026-05-19 07:40:00+00:00,77198.43,77274.0,77185.03,77260.49,56.15504,1779176699999,4336206.94365590,6308,40.23481000,3106580.69028560,0,BTCUSDT,binance
2026-05-19 07:45:00+00:00,77260.49,77278.46,77239.13,77257.03,54.73742,1779176999999,4228997.91860670,5732,23.46251000,1812737.45778080,0,BTCUSDT,binance
2026-05-19 07:50:00+00:00,77257.04,77278.57,77222.5,77222.5,35.73215,1779177299999,2760430.12137670,7674,17.83415000,1377701.84685410,0,BTCUSDT,binance
2026-05-19 07:55:00+00:00,77222.51,77245.62,77221.01,77233.69,19.06387,1779177599999,1472283.59937270,3569,10.65835000,823128.51805360,0,BTCUSDT,binance
2026-05-19 08:00:00+00:00,77233.68,77245.66,77184.56,77192.67,47.90596,1779177899999,3698532.01657600,5639,24.70327000,1907228.65708680,0,BTCUSDT,binance
2026-05-19 08:05:00+00:00,77192.66,77192.66,77098.0,77098.0,20.31473,1779178199999,1567239.02449810,6469,5.09908000,393359.87388480,0,BTCUSDT,binance
2026-05-19 08:10:00+00:00,77098.01,77115.91,77051.17,77108.43,45.79313,1779178499999,3530411.86016580,8725,31.14454000,2401242.07481670,0,BTCUSDT,binance
2026-05-19 08:15:00+00:00,77108.42,77195.35,77106.93,77135.52,41.68494,1779178799999,3216161.91863220,8620,22.95471000,1770829.71462960,0,BTCUSDT,binance
2026-05-19 08:20:00+00:00,77135.52,77152.0,77038.02,77047.14,18.99274,1779179099999,1464244.03603360,7420,3.52162000,271506.17755630,0,BTCUSDT,binance
2026-05-19 08:25:00+00:00,77047.14,77088.0,76972.96,77077.25,29.13459,1779179399999,2244030.50705660,11034,15.34399000,1181866.31635390,0,BTCUSDT,binance
2026-05-19 08:30:00+00:00,77077.25,77098.79,77017.81,77091.08,75.02235,1779179699999,5780688.83127010,9623,44.79439000,3451406.27976880,0,BTCUSDT,binance
2026-05-19 08:35:00+00:00,77091.08,77145.23,77091.08,77137.99,12.27776,1779179999999,946857.03617780,5985,6.66311000,513832.71162980,0,BTCUSDT,binance
2026-05-19 08:40:00+00:00,77138.0,77317.02,77138.0,77186.0,126.54545,1779180299999,9775794.60415210,11310,86.43400000,6677489.55168700,0,BTCUSDT,binance
2026-05-19 08:45:00+00:00,77186.01,77212.71,77155.0,77155.01,18.40837,1779180599999,1420956.45697910,5751,4.28090000,330459.12829450,0,BTCUSDT,binance
2026-05-19 08:50:00+00:00,77155.01,77163.67,77111.21,77124.84,17.81202,1779180899999,1374075.32175630,4925,3.93293000,303368.03443770,0,BTCUSDT,binance
2026-05-19 08:55:00+00:00,77124.85,77124.85,77042.0,77048.71,12.03132,1779181199999,927325.92947580,4300,2.33441000,179893.37119090,0,BTCUSDT,binance
2026-05-19 09:00:00+00:00,77048.72,77060.47,77001.96,77060.47,31.74555,1779181499999,2445495.02237720,7065,15.94834000,1228508.92478950,0,BTCUSDT,binance
2026-05-19 09:05:00+00:00,77060.48,77074.05,77016.0,77042.11,10.35904,1779181799999,798157.44977280,5395,5.06328000,390090.94704260,0,BTCUSDT,binance
2026-05-19 09:10:00+00:00,77042.11,77058.44,77008.6,77034.56,13.04225,1779182099999,1004728.07506340,3685,5.37175000,413834.39369140,0,BTCUSDT,binance
2026-05-19 09:15:00+00:00,77034.55,77034.55,76928.07,76940.46,52.3606,1779182399999,4029252.91996750,9354,32.74392000,2519474.62844570,0,BTCUSDT,binance
2026-05-19 09:20:00+00:00,76940.47,76962.65,76902.97,76902.98,22.72265,1779182699999,1747972.40786180,6682,6.91896000,532259.13787670,0,BTCUSDT,binance
2026-05-19 09:25:00+00:00,76902.98,76909.44,76740.0,76773.32,67.7545,1779182999999,5202849.95105290,18428,19.72893000,1514658.32292220,0,BTCUSDT,binance
2026-05-19 09:30:00+00:00,76773.33,76850.0,76709.29,76753.28,48.76403,1779183299999,3744261.79168800,15796,21.72776000,1668600.29459520,0,BTCUSDT,binance
2026-05-19 09:35:00+00:00,76753.29,76814.79,76749.73,76811.32,34.32927,1779183599999,2635811.53948890,8685,19.54333000,1500556.15109930,0,BTCUSDT,binance
2026-05-19 09:40:00+00:00,76811.32,76811.33,76783.81,76796.96,24.47138,1779183899999,1879205.81593250,4355,9.42373000,723660.21153020,0,BTCUSDT,binance
2026-05-19 09:45:00+00:00,76796.96,76817.85,76756.37,76817.85,28.52802,1779184199999,2190426.00852020,5692,10.35972000,795380.61153350,0,BTCUSDT,binance
2026-05-19 09:50:00+00:00,76817.85,76840.0,76785.05,76809.62,34.48952,1779184499999,2649310.70654280,6331,16.66358000,1279954.91572410,0,BTCUSDT,binance
2026-05-19 09:55:00+00:00,76809.63,76839.75,76801.48,76818.8,16.52046,1779184799999,1269081.58269840,4076,8.97936000,689785.19075440,0,BTCUSDT,binance
2026-05-19 10:00:00+00:00,76818.8,76835.79,76791.39,76795.79,11.49525,1779185099999,882969.05419890,5778,3.54800000,272511.05111760,0,BTCUSDT,binance
2026-05-19 10:05:00+00:00,76795.78,76872.46,76776.0,76810.92,45.04402,1779185399999,3461111.44601660,8833,31.35083000,2409015.42305440,0,BTCUSDT,binance
2026-05-19 10:10:00+00:00,76810.91,76821.86,76760.97,76805.21,17.48083,1779185699999,1342455.33164570,6013,6.30006000,483807.84014340,0,BTCUSDT,binance
2026-05-19 10:15:00+00:00,76805.21,76805.21,76761.6,76788.72,17.21015,1779185999999,1321377.06637030,4011,8.62733000,662360.82744390,0,BTCUSDT,binance
2026-05-19 10:20:00+00:00,76788.72,76806.55,76752.41,76785.64,20.58798,1779186299999,1580730.46400880,5477,6.15178000,472311.67696940,0,BTCUSDT,binance
2026-05-19 10:25:00+00:00,76785.64,76837.55,76785.63,76837.54,15.35373,1779186599999,1179540.69224250,2576,12.44925000,956403.56041340,0,BTCUSDT,binance
2026-05-19 10:30:00+00:00,76837.54,76971.72,76837.54,76933.24,34.09397,1779186899999,2621953.24361520,6512,18.04253000,1387522.84414320,0,BTCUSDT,binance
2026-05-19 10:35:00+00:00,76933.23,76979.49,76792.74,76896.49,119.48239,1779187199999,9188258.13599720,15541,33.30108000,2560342.93255940,0,BTCUSDT,binance
2026-05-19 10:40:00+00:00,76896.49,76896.49,76750.0,76752.93,56.77511,1779187499999,4361662.70237250,11444,23.57315000,1810793.20194640,0,BTCUSDT,binance
2026-05-19 10:45:00+00:00,76752.92,76890.28,76704.0,76873.35,26.74704,1779187799999,2053840.83640100,12741,15.67704000,1203958.45084650,0,BTCUSDT,binance
2026-05-19 10:50:00+00:00,76873.34,76944.95,76873.34,76903.9,29.19848,1779188099999,2246013.44345160,7311,16.83138000,1294636.79976460,0,BTCUSDT,binance
2026-05-19 10:55:00+00:00,76903.9,77103.97,76903.9,77041.87,70.91843,1779188399999,5461860.86719600,12487,51.30332000,3951155.87259840,0,BTCUSDT,binance
2026-05-19 11:00:00+00:00,77041.87,77076.53,77017.4,77017.4,37.18559,1779188699999,2865256.04923360,8020,18.51258000,1426422.22680480,0,BTCUSDT,binance
2026-05-19 11:05:00+00:00,77016.31,77047.0,77000.28,77040.89,75.36409,1779188999999,5804801.60727840,4987,61.39240000,4728547.80297340,0,BTCUSDT,binance
2026-05-19 11:10:00+00:00,77040.89,77040.9,76974.55,76999.95,45.17305,1779189299999,3478205.27163740,7022,14.28585000,1099861.49436820,0,BTCUSDT,binance
2026-05-19 11:15:00+00:00,76999.96,77026.78,76952.71,76952.72,36.16676,1779189599999,2784829.51923710,5189,12.15763000,936208.30358800,0,BTCUSDT,binance
2026-05-19 11:20:00+00:00,76952.72,76952.72,76850.0,76872.97,37.96293,1779189899999,2919238.04946360,5649,15.10275000,1161217.22682260,0,BTCUSDT,binance
2026-05-19 11:25:00+00:00,76872.97,76896.17,76870.0,76885.34,22.69824,1779190199999,1745082.32392150,3132,12.59525000,968325.33651430,0,BTCUSDT,binance
2026-05-19 11:30:00+00:00,76885.34,76896.32,76860.63,76881.57,17.36348,1779190499999,1334923.87826560,4025,11.72609000,901513.49731250,0,BTCUSDT,binance
2026-05-19 11:35:00+00:00,76881.58,76888.64,76800.0,76800.01,26.93227,1779190799999,2069716.83849790,6099,12.43711000,955794.99463600,0,BTCUSDT,binance
2026-05-19 11:40:00+00:00,76800.0,76800.0,76633.83,76666.96,55.63661,1779191099999,4267589.24562500,11180,21.52135000,1650989.46968410,0,BTCUSDT,binance
2026-05-19 11:45:00+00:00,76666.97,76750.0,76662.43,76740.91,49.50969,1779191399999,3797815.52566190,6268,39.23506000,3009676.75544500,0,BTCUSDT,binance
2026-05-19 11:50:00+00:00,76740.92,76759.93,76718.25,76733.73,13.63491,1779191699999,1046305.57412610,3810,6.35717000,487821.30791800,0,BTCUSDT,binance
2026-05-19 11:55:00+00:00,76733.72,76743.13,76707.08,76714.62,12.66349,1779191999999,971620.56760230,4231,6.25232000,479707.37249290,0,BTCUSDT,binance
2026-05-19 12:00:00+00:00,76714.61,76777.55,76650.06,76737.82,20.02392,1779192299999,1536456.54507050,7740,12.32346000,945684.21189820,0,BTCUSDT,binance
2026-05-19 12:05:00+00:00,76737.82,76773.77,76723.99,76766.5,11.81965,1779192599999,907157.75157840,5369,6.48159000,497464.27061260,0,BTCUSDT,binance
2026-05-19 12:10:00+00:00,76766.5,76792.88,76761.43,76786.88,14.18255,1779192899999,1088933.26189960,4687,7.85191000,602852.61438320,0,BTCUSDT,binance
2026-05-19 12:15:00+00:00,76786.88,76821.64,76763.39,76790.0,62.89934,1779193199999,4830578.57784350,4540,7.33855000,563521.82748610,0,BTCUSDT,binance
2026-05-19 12:20:00+00:00,76790.0,76844.49,76790.0,76844.48,16.38629,1779193499999,1258881.48447890,4862,9.10053000,699161.90225500,0,BTCUSDT,binance
2026-05-19 12:25:00+00:00,76844.49,76850.0,76821.66,76849.98,8.7683,1779193799999,673727.27727060,3901,4.87088000,374271.69143760,0,BTCUSDT,binance
2026-05-19 12:30:00+00:00,76849.98,76908.74,76845.69,76885.61,16.98909,1779194099999,1305920.65493800,5053,9.44571000,726084.43660730,0,BTCUSDT,binance
2026-05-19 12:35:00+00:00,76885.61,76908.8,76881.09,76893.33,14.79706,1779194399999,1137879.07742290,5677,6.47995000,498285.40020050,0,BTCUSDT,binance
2026-05-19 12:40:00+00:00,76893.34,76959.75,76893.33,76909.04,24.19228,1779194699999,1861101.95031360,6279,16.48508000,1268213.55463760,0,BTCUSDT,binance
2026-05-19 12:45:00+00:00,76909.03,76956.05,76890.0,76934.64,29.57791,1779194999999,2274904.81795210,6171,15.86994000,1220614.89044010,0,BTCUSDT,binance
2026-05-19 12:50:00+00:00,76934.64,76961.29,76900.0,76961.29,18.60578,1779195299999,1431334.28693020,4501,10.02000000,770843.31714140,0,BTCUSDT,binance
2026-05-19 12:55:00+00:00,76961.29,76982.89,76940.2,76940.21,18.86787,1779195599999,1452162.29983370,5931,9.56354000,736058.53420360,0,BTCUSDT,binance
2026-05-19 13:00:00+00:00,76940.2,76980.0,76921.28,76921.29,22.56402,1779195899999,1736329.30103190,8789,9.76472000,751336.55475580,0,BTCUSDT,binance
2026-05-19 13:05:00+00:00,76921.28,76921.28,76752.24,76838.09,46.11894,1779196199999,3542447.78367850,15522,23.10886000,1775025.80383720,0,BTCUSDT,binance
2026-05-19 13:10:00+00:00,76838.09,76883.23,76800.22,76824.33,56.28652,1779196499999,4325075.11829430,8253,34.72198000,2667886.76024590,0,BTCUSDT,binance
2026-05-19 13:15:00+00:00,76824.34,76844.2,76756.0,76756.01,39.99822,1779196799999,3072238.56508390,8266,27.87413000,2141096.56781920,0,BTCUSDT,binance
2026-05-19 13:20:00+00:00,76756.01,76834.56,76668.53,76790.31,95.9791,1779197099999,7366516.12382100,14133,64.98216000,4987616.16033710,0,BTCUSDT,binance
2026-05-19 13:25:00+00:00,76790.3,76790.3,76601.0,76601.01,79.62335,1779197399999,6102573.65777010,16353,31.18329000,2389699.90685180,0,BTCUSDT,binance
2026-05-19 13:30:00+00:00,76601.01,76898.77,76596.0,76887.13,128.87161,1779197699999,9882842.10031380,29059,60.65495000,4652727.17252040,0,BTCUSDT,binance
2026-05-19 13:35:00+00:00,76887.13,77048.72,76847.0,76942.0,107.90613,1779197999999,8306557.97778170,25025,62.85101000,4838555.13893720,0,BTCUSDT,binance
2026-05-19 13:40:00+00:00,76942.0,76942.0,76719.1,76734.28,75.14898,1779198299999,5774442.47837940,27235,20.87059000,1603816.35168080,0,BTCUSDT,binance
2026-05-19 13:45:00+00:00,76734.27,76948.0,76720.0,76852.67,114.76504,1779198599999,8817134.18826390,24262,86.72878000,6662816.40334980,0,BTCUSDT,binance
2026-05-19 13:50:00+00:00,76852.67,76970.56,76820.33,76969.4,38.2316,1779198899999,2940167.23577860,17970,15.77668000,1213331.63071840,0,BTCUSDT,binance
2026-05-19 13:55:00+00:00,76969.4,77029.35,76850.64,76872.75,101.14052,1779199199999,7782096.59709640,18033,55.94360000,4305933.50278040,0,BTCUSDT,binance
2026-05-19 14:00:00+00:00,76872.74,77000.0,76733.64,76999.99,96.02804,1779199499999,7376119.24287790,23493,39.07399000,3002297.94305870,0,BTCUSDT,binance
2026-05-19 14:05:00+00:00,77000.0,77023.75,76701.07,76725.27,137.38511,1779199799999,10551745.27096860,27588,49.67568000,3816562.42000590,0,BTCUSDT,binance
2026-05-19 14:10:00+00:00,76725.27,76797.08,76616.8,76616.8,81.36277,1779200099999,6240858.50726420,19916,27.33308000,2096739.76033190,0,BTCUSDT,binance
2026-05-19 14:15:00+00:00,76616.81,76645.43,76380.23,76474.28,249.10877,1779200399999,19066022.48557640,30776,122.05597000,9341850.64220500,0,BTCUSDT,binance
2026-05-19 14:20:00+00:00,76474.28,76490.0,76300.0,76438.37,166.7197,1779200699999,12735982.92564170,28926,74.67847000,5704896.25499600,0,BTCUSDT,binance
2026-05-19 14:25:00+00:00,76438.37,76517.23,76373.2,76450.0,69.78787,1779200999999,5335358.07096730,16339,38.34471000,2931789.64315050,0,BTCUSDT,binance
2026-05-19 14:30:00+00:00,76450.01,76473.07,76250.02,76271.04,220.14532,1779201299999,16808014.15225760,22609,68.19553000,5210251.50369960,0,BTCUSDT,binance
2026-05-19 14:35:00+00:00,76271.04,76500.03,76271.04,76470.69,78.5816,1779201599999,6002030.23767720,19136,51.80555000,3956588.10334380,0,BTCUSDT,binance
2026-05-19 14:40:00+00:00,76470.68,76589.0,76422.46,76461.66,79.11822,1779201899999,6053464.77986260,20349,42.97991000,3288823.60284000,0,BTCUSDT,binance
2026-05-19 14:45:00+00:00,76461.66,76474.41,76144.71,76257.36,124.96332,1779202199999,9531383.08048580,32789,41.57720000,3171116.07781180,0,BTCUSDT,binance
2026-05-19 14:50:00+00:00,76257.36,76318.0,76194.64,76262.63,69.88463,1779202499999,5329555.49097550,17033,43.43648000,3312443.11311460,0,BTCUSDT,binance
2026-05-19 14:55:00+00:00,76262.63,76417.22,76262.63,76392.43,53.15614,1779202799999,4058769.71649380,9854,34.85678000,2661426.09476580,0,BTCUSDT,binance
2026-05-19 15:00:00+00:00,76392.43,76534.72,76337.97,76528.41,62.4999,1779203099999,4777363.00480010,16697,38.54463000,2946229.28348090,0,BTCUSDT,binance
2026-05-19 15:05:00+00:00,76528.4,76545.97,76476.0,76524.55,33.1462,1779203399999,2536424.35352820,10912,16.05193000,1228298.43152960,0,BTCUSDT,binance
2026-05-19 15:10:00+00:00,76524.56,76593.28,76502.24,76590.89,44.25904,1779203699999,3387503.15848290,9440,23.60936000,1807241.77352170,0,BTCUSDT,binance
2026-05-19 15:15:00+00:00,76590.9,76670.21,76560.0,76560.0,80.65218,1779203999999,6180207.52320730,12277,52.67368000,4036217.00516990,0,BTCUSDT,binance
2026-05-19 15:20:00+00:00,76560.01,76563.2,76438.08,76438.08,51.62428,1779204299999,3949711.69251280,13234,28.26288000,2162523.27327850,0,BTCUSDT,binance
2026-05-19 15:25:00+00:00,76438.09,76500.0,76415.3,76500.0,103.12576,1779204599999,7883895.27875620,13073,49.41442000,3777838.62027330,0,BTCUSDT,binance
2026-05-19 15:30:00+00:00,76499.99,76675.76,76499.99,76554.05,101.43859,1779204899999,7769429.69322560,17305,59.55067000,4560629.55018350,0,BTCUSDT,binance
2026-05-19 15:35:00+00:00,76554.0,76604.0,76487.5,76604.0,55.09716,1779205199999,4217705.46981190,11423,30.16969000,2309576.18292840,0,BTCUSDT,binance
2026-05-19 15:40:00+00:00,76603.99,76607.66,76445.12,76485.79,62.39342,1779205499999,4774526.08088470,9868,28.99820000,2218775.10266750,0,BTCUSDT,binance
2026-05-19 15:45:00+00:00,76485.79,76517.41,76422.92,76505.63,35.23458,1779205799999,2694484.73462220,9368,25.86549000,1978010.57627360,0,BTCUSDT,binance
2026-05-19 15:50:00+00:00,76505.63,76579.36,76498.14,76509.32,25.49291,1779206099999,1951052.84831350,9263,14.87056000,1138095.39916400,0,BTCUSDT,binance
2026-05-19 15:55:00+00:00,76509.31,76521.85,76461.18,76521.23,118.81989,1779206399999,9089405.23152860,7661,108.90341000,8330943.28217600,0,BTCUSDT,binance
2026-05-19 16:00:00+00:00,76521.24,76580.56,76513.79,76533.99,62.576,1779206699999,4789477.43529560,9236,12.38154000,947787.35997520,0,BTCUSDT,binance
2026-05-19 16:05:00+00:00,76533.98,76553.51,76414.92,76414.92,70.60995,1779206999999,5401260.76273590,12855,15.77470000,1206514.06586850,0,BTCUSDT,binance
2026-05-19 16:10:00+00:00,76414.93,76470.67,76407.72,76470.67,20.74623,1779207299999,1585832.25561550,7362,14.32073000,1094687.04957220,0,BTCUSDT,binance
2026-05-19 16:15:00+00:00,76470.67,76537.22,76468.72,76507.37,29.67914,1779207599999,2270559.00381110,7756,24.47538000,1872399.42205040,0,BTCUSDT,binance
2026-05-19 16:20:00+00:00,76507.37,76575.1,76492.68,76558.18,34.47232,1779207899999,2638388.41419900,7614,26.98543000,2065317.32877280,0,BTCUSDT,binance
2026-05-19 16:25:00+00:00,76558.17,76612.0,76558.17,76612.0,44.93767,1779208199999,3441781.28726710,7822,31.91386000,2444193.48513060,0,BTCUSDT,binance
2026-05-19 16:30:00+00:00,76611.99,76781.02,76611.99,76760.91,88.10665,1779208499999,6756465.85024640,11807,79.14466000,6069116.68206800,0,BTCUSDT,binance
2026-05-19 16:35:00+00:00,76760.91,76773.62,76674.58,76700.72,58.56403,1779208799999,4493376.28980720,6972,40.86376000,3135312.00751470,0,BTCUSDT,binance
2026-05-19 16:40:00+00:00,76700.73,76795.56,76694.74,76795.56,26.72395,1779209099999,2050944.18681410,6945,20.93943000,1607054.51406730,0,BTCUSDT,binance
2026-05-19 16:45:00+00:00,76795.55,76828.37,76752.24,76793.67,47.90428,1779209399999,3678972.06775720,8864,37.00235000,2841817.32016080,0,BTCUSDT,binance
2026-05-19 16:50:00+00:00,76793.67,76900.0,76777.77,76870.64,52.39906,1779209699999,4027100.83347160,11554,35.51023000,2729173.81293840,0,BTCUSDT,binance
2026-05-19 16:55:00+00:00,76870.64,76911.0,76863.56,76894.59,32.1946,1779209999999,2475609.86619610,7177,21.32082000,1639523.21787440,0,BTCUSDT,binance
2026-05-19 17:00:00+00:00,76894.59,76966.66,76866.69,76966.65,50.99028,1779210299999,3921635.39693710,9553,36.79775000,2830296.60422250,0,BTCUSDT,binance
2026-05-19 17:05:00+00:00,76966.65,76968.58,76892.94,76897.36,35.8873,1779210599999,2760894.76696200,8759,20.30532000,1562134.77328300,0,BTCUSDT,binance
2026-05-19 17:10:00+00:00,76897.36,76956.62,76897.16,76956.61,33.64628,1779210899999,2588230.81355310,7277,13.04595000,1003566.04812820,0,BTCUSDT,binance
2026-05-19 17:15:00+00:00,76956.61,77012.0,76948.0,77012.0,79.38513,1779211199999,6112135.34136610,9349,70.85498000,5455559.27288710,0,BTCUSDT,binance
2026-05-19 17:20:00+00:00,77012.0,77015.41,76944.34,76961.99,30.40046,1779211499999,2340723.93431450,6120,16.79102000,1292904.08377190,0,BTCUSDT,binance
2026-05-19 17:25:00+00:00,76961.99,76961.99,76877.27,76879.99,28.68184,1779211799999,2206214.50845760,9187,10.64846000,818919.63478670,0,BTCUSDT,binance
2026-05-19 17:30:00+00:00,76879.99,76882.67,76769.98,76769.99,45.61241,1779212099999,3504829.18827170,8781,12.73145000,978277.36173840,0,BTCUSDT,binance
2026-05-19 17:35:00+00:00,76769.99,76980.52,76759.39,76976.77,32.78396,1779212399999,2519803.42753110,11208,23.37140000,1796246.48959630,0,BTCUSDT,binance
2026-05-19 17:40:00+00:00,76976.78,77012.07,76897.33,76911.13,30.9273,1779212699999,2380348.42704160,8323,20.90444000,1608984.00145710,0,BTCUSDT,binance
2026-05-19 17:45:00+00:00,76911.13,76911.14,76768.13,76822.91,35.32522,1779212999999,2714083.34436240,9510,11.30058000,868156.85793680,0,BTCUSDT,binance
2026-05-19 17:50:00+00:00,76822.91,76857.82,76794.06,76815.12,17.46057,1779213299999,1341438.79851290,5585,10.95769000,841886.57280980,0,BTCUSDT,binance
2026-05-19 17:55:00+00:00,76815.12,76874.01,76812.72,76856.76,21.05751,1779213599999,1617968.17699800,5048,11.34860000,872030.34836190,0,BTCUSDT,binance
2026-05-19 18:00:00+00:00,76856.76,76865.39,76794.0,76829.99,26.18103,1779213899999,2011433.61586460,7005,14.46667000,1111439.34277390,0,BTCUSDT,binance
2026-05-19 18:05:00+00:00,76829.98,76937.12,76829.98,76915.79,30.95895,1779214199999,2380437.56537450,5941,26.30994000,2022904.55997100,0,BTCUSDT,binance
2026-05-19 18:10:00+00:00,76915.79,76946.47,76912.0,76919.16,12.73827,1779214499999,979907.90122630,3390,5.56439000,428027.86688720,0,BTCUSDT,binance
2026-05-19 18:15:00+00:00,76919.16,76947.2,76883.86,76947.19,12.83157,1779214799999,986885.01354180,4615,7.00327000,538630.32715220,0,BTCUSDT,binance
2026-05-19 18:20:00+00:00,76947.2,76947.2,76787.93,76815.77,44.83271,1779215099999,3445728.08194890,9580,10.49023000,806175.78001200,0,BTCUSDT,binance
2026-05-19 18:25:00+00:00,76815.78,76851.69,76766.25,76773.9,22.63128,1779215399999,1738244.36880650,5828,11.56741000,888427.82318640,0,BTCUSDT,binance
2026-05-19 18:30:00+00:00,76773.91,76841.31,76744.8,76819.93,33.93768,1779215699999,2605929.73185060,7608,22.74624000,1746680.90698380,0,BTCUSDT,binance
2026-05-19 18:35:00+00:00,76819.93,76864.54,76815.0,76856.76,25.57191,1779215999999,1964959.67388100,5410,16.58929000,1274750.33047390,0,BTCUSDT,binance
2026-05-19 18:40:00+00:00,76856.76,76856.77,76804.07,76851.09,12.92547,1779216299999,993068.99755540,4106,7.30080000,560897.22768640,0,BTCUSDT,binance
2026-05-19 18:45:00+00:00,76851.09,76892.5,76829.62,76867.33,26.22552,1779216599999,2015478.84617510,6896,9.81687000,754445.89464920,0,BTCUSDT,binance
2026-05-19 18:50:00+00:00,76867.34,76895.63,76850.0,76858.47,12.96951,1779216899999,997005.45910810,4166,7.91798000,608675.51483300,0,BTCUSDT,binance
2026-05-19 18:55:00+00:00,76858.46,76858.46,76769.13,76803.28,20.39088,1779217199999,1566196.65831050,6767,10.67047000,819581.31944160,0,BTCUSDT,binance
2026-05-19 19:00:00+00:00,76803.28,76882.4,76803.27,76874.03,20.5392,1779217499999,1578588.54009450,7700,13.67933000,1051305.45968800,0,BTCUSDT,binance
2026-05-19 19:05:00+00:00,76874.02,76961.29,76874.02,76958.09,50.01388,1779217799999,3847094.95648180,6884,39.55670000,3042582.90114620,0,BTCUSDT,binance
2026-05-19 19:10:00+00:00,76958.09,77056.62,76958.08,77056.56,47.94971,1779218099999,3692035.09447300,8100,41.85744000,3222965.22997770,0,BTCUSDT,binance
2026-05-19 19:15:00+00:00,77056.56,77065.8,76960.3,76978.69,25.11413,1779218399999,1933909.57326910,7295,9.96577000,767347.92252330,0,BTCUSDT,binance
2026-05-19 19:20:00+00:00,76978.68,76983.06,76874.0,76874.0,24.66479,1779218699999,1897488.35885630,7081,9.25198000,711815.20287060,0,BTCUSDT,binance
2026-05-19 19:25:00+00:00,76874.0,76874.0,76765.14,76813.33,36.01302,1779218999999,2767022.89000210,8227,9.91755000,761924.55901020,0,BTCUSDT,binance
2026-05-19 19:30:00+00:00,76813.34,76904.87,76789.33,76877.3,23.36301,1779219299999,1795431.53786120,6523,11.90707000,914997.79776810,0,BTCUSDT,binance
2026-05-19 19:35:00+00:00,76877.3,76909.68,76859.41,76898.38,16.91252,1779219599999,1300300.80924480,5780,9.94686000,764756.42384440,0,BTCUSDT,binance
2026-05-19 19:40:00+00:00,76898.38,76907.57,76864.74,76877.06,24.82495,1779219899999,1908630.73993220,5744,10.19125000,783524.20958040,0,BTCUSDT,binance
2026-05-19 19:45:00+00:00,76877.05,76881.16,76816.56,76851.57,21.35924,1779220199999,1641265.32150610,7324,10.47617000,804945.53321180,0,BTCUSDT,binance
2026-05-19 19:50:00+00:00,76851.56,76886.05,76804.58,76804.59,31.69888,1779220499999,2436052.25931100,8431,9.94507000,764240.86696390,0,BTCUSDT,binance
2026-05-19 19:55:00+00:00,76804.58,76826.81,76776.0,76818.74,19.27891,1779220799999,1480830.63523200,5831,11.90938000,914777.36697560,0,BTCUSDT,binance
2026-05-19 20:00:00+00:00,76818.73,76903.73,76818.73,76834.5,15.89467,1779221099999,1221684.76170380,5202,9.58383000,736532.92389270,0,BTCUSDT,binance
2026-05-19 20:05:00+00:00,76834.51,76912.5,76834.51,76912.49,14.32736,1779221399999,1101429.64706660,3470,12.53751000,963810.42428760,0,BTCUSDT,binance
2026-05-19 20:10:00+00:00,76912.5,76949.17,76912.49,76949.16,12.88308,1779221699999,991194.69228220,3705,5.71846000,439949.33145370,0,BTCUSDT,binance
2026-05-19 20:15:00+00:00,76949.16,76949.17,76935.94,76935.94,16.48265,1779221999999,1268195.82597730,2830,6.52813000,502277.06067400,0,BTCUSDT,binance
2026-05-19 20:20:00+00:00,76935.95,76941.01,76900.58,76917.76,8.19437,1779222299999,630349.14979370,3567,4.97874000,382980.62575120,0,BTCUSDT,binance
2026-05-19 20:25:00+00:00,76917.76,76944.91,76917.75,76925.71,7.91792,1779222599999,609128.57451820,2250,5.15676000,396701.49282550,0,BTCUSDT,binance
2026-05-19 20:30:00+00:00,76925.72,76961.29,76925.72,76946.53,11.46254,1779222899999,881938.89889200,3189,7.50328000,577302.07979630,0,BTCUSDT,binance
2026-05-19 20:35:00+00:00,76946.52,76986.75,76946.52,76975.36,9.92477,1779223199999,763882.48390350,2289,5.81648000,447650.03126450,0,BTCUSDT,binance
2026-05-19 20:40:00+00:00,76975.36,76975.37,76934.51,76934.51,9.26691,1779223499999,713061.66385490,1790,5.20876000,400782.23495830,0,BTCUSDT,binance
2026-05-19 20:45:00+00:00,76934.51,76996.01,76934.51,76986.9,13.48613,1779223799999,1038111.62796610,3635,8.29096000,638149.93999660,0,BTCUSDT,binance
2026-05-19 20:50:00+00:00,76986.9,77030.75,76986.89,77030.1,13.51034,1779224099999,1040344.29792170,2673,10.07404000,775710.53001500,0,BTCUSDT,binance
2026-05-19 20:55:00+00:00,77030.11,77040.24,77022.22,77022.23,14.33215,1779224399999,1104066.16799350,3133,8.38044000,645574.71410980,0,BTCUSDT,binance
2026-05-19 21:00:00+00:00,77022.22,77026.12,76996.48,76996.49,14.93944,1779224699999,1150510.60154440,3720,6.18719000,476487.49524780,0,BTCUSDT,binance
2026-05-19 21:05:00+00:00,76996.49,77000.0,76973.76,76976.7,11.06481,1779224999999,851832.67343740,2193,5.50760000,424005.31577330,0,BTCUSDT,binance
2026-05-19 21:10:00+00:00,76976.71,77033.72,76976.7,77008.42,16.60241,1779225299999,1278443.02139460,3216,11.62007000,894750.49685220,0,BTCUSDT,binance
2026-05-19 21:15:00+00:00,77008.42,77036.56,77008.42,77008.86,9.55848,1779225599999,736247.12250500,2264,5.35539000,412499.61508980,0,BTCUSDT,binance
2026-05-19 21:20:00+00:00,77008.85,77040.83,77008.85,77040.82,13.91413,1779225899999,1071705.28204530,1756,8.45297000,651084.37105460,0,BTCUSDT,binance
2026-05-19 21:25:00+00:00,77040.83,77040.83,76973.77,76997.91,44.7532,1779226199999,3446365.26983690,4039,13.94934000,1074151.44717020,0,BTCUSDT,binance
2026-05-19 21:30:00+00:00,76997.91,77028.06,76997.91,77028.06,8.15988,1779226499999,628396.79329430,1368,7.39599000,569564.96417530,0,BTCUSDT,binance
2026-05-19 21:35:00+00:00,77028.05,77037.06,77005.27,77037.06,17.18443,1779226799999,1323638.46552880,3203,8.56481000,659700.26132830,0,BTCUSDT,binance
2026-05-19 21:40:00+00:00,77037.06,77040.22,77005.11,77025.12,17.61932,1779227099999,1357180.03131570,3159,8.17406000,629640.09836860,0,BTCUSDT,binance
2026-05-19 21:45:00+00:00,77025.11,77032.8,77000.0,77001.97,11.47304,1779227399999,883587.03235560,3939,5.87333000,452318.45722260,0,BTCUSDT,binance
2026-05-19 21:50:00+00:00,77001.96,77033.31,77001.96,77024.48,8.35687,1779227699999,643645.17242960,2781,5.83807000,449640.53234680,0,BTCUSDT,binance
2026-05-19 21:55:00+00:00,77024.48,77024.48,76982.33,76982.34,11.66457,1779227999999,898262.38262500,4079,6.51532000,501730.16852030,0,BTCUSDT,binance
2026-05-19 22:00:00+00:00,76982.34,76982.34,76791.42,76837.51,57.20687,1779228299999,4396653.80452650,15158,15.23849000,1170833.14763450,0,BTCUSDT,binance
2026-05-19 22:05:00+00:00,76837.52,76868.0,76797.45,76812.88,14.34457,1779228599999,1102131.21678650,6121,7.74033000,594643.50823690,0,BTCUSDT,binance
2026-05-19 22:10:00+00:00,76812.89,76832.0,76789.24,76789.24,17.86633,1779228899999,1372241.41478130,5199,8.99992000,691229.27694660,0,BTCUSDT,binance
2026-05-19 22:15:00+00:00,76789.25,76789.25,76689.69,76752.25,48.82371,1779229199999,3747206.93849290,12178,27.81652000,2134846.70316140,0,BTCUSDT,binance
2026-05-19 22:20:00+00:00,76752.25,76758.95,76682.07,76682.07,15.38061,1779229499999,1179993.49234040,6276,7.34446000,563515.78405950,0,BTCUSDT,binance
2026-05-19 22:25:00+00:00,76682.07,76690.19,76642.95,76670.88,20.93631,1779229799999,1605138.29019100,5803,13.34028000,1022802.66909440,0,BTCUSDT,binance
2026-05-19 22:30:00+00:00,76670.87,76791.14,76649.49,76791.13,22.04672,1779230099999,1691651.88532890,5790,18.37084000,1409566.54879820,0,BTCUSDT,binance
2026-05-19 22:35:00+00:00,76791.13,76791.13,76721.04,76724.99,6.46716,1779230399999,496331.64577140,3228,2.81023000,215661.98958130,0,BTCUSDT,binance
2026-05-19 22:40:00+00:00,76725.0,76776.4,76724.99,76758.95,7.38081,1779230699999,566417.00515600,3453,5.50336000,422326.79307110,0,BTCUSDT,binance
2026-05-19 22:45:00+00:00,76758.96,76760.4,76733.43,76755.39,7.72871,1779230999999,593148.98685430,2319,4.01925000,308462.50835300,0,BTCUSDT,binance
2026-05-19 22:50:00+00:00,76755.39,76755.39,76733.13,76746.66,6.0327,1779231299999,462983.25649980,1643,2.77038000,212600.88381620,0,BTCUSDT,binance
2026-05-19 22:55:00+00:00,76746.65,76759.99,76706.91,76712.21,8.86318,1779231599999,680055.46336200,2491,4.93307000,378516.08517630,0,BTCUSDT,binance
2026-05-19 23:00:00+00:00,76712.22,76748.81,76670.52,76726.75,15.24678,1779231899999,1169645.24643850,5023,8.55708000,656365.46349470,0,BTCUSDT,binance
2026-05-19 23:05:00+00:00,76726.75,76805.66,76710.83,76805.65,13.80492,1779232199999,1059558.91288000,3319,11.81885000,907170.53255840,0,BTCUSDT,binance
2026-05-19 23:10:00+00:00,76805.66,76845.35,76805.65,76810.72,8.54921,1779232499999,656799.51037090,3220,5.72986000,440194.11506480,0,BTCUSDT,binance
2026-05-19 23:15:00+00:00,76810.73,76863.66,76806.51,76856.77,15.96498,1779232799999,1226814.96750130,4149,12.50223000,960695.77076050,0,BTCUSDT,binance
2026-05-19 23:20:00+00:00,76856.76,76902.0,76840.29,76884.63,10.20182,1779233099999,784109.45066160,3996,6.29731000,483969.63182060,0,BTCUSDT,binance
2026-05-19 23:25:00+00:00,76884.64,76903.89,76879.96,76903.88,5.68036,1779233399999,436752.38231400,2439,2.47233000,190091.33716640,0,BTCUSDT,binance
2026-05-19 23:30:00+00:00,76903.88,76980.07,76884.43,76972.63,56.74276,1779233699999,4366950.79106930,6284,42.58312000,3277298.54046100,0,BTCUSDT,binance
2026-05-19 23:35:00+00:00,76972.63,76972.64,76931.73,76947.28,10.08632,1779233999999,776161.38695680,3622,5.49456000,422813.32895470,0,BTCUSDT,binance
2026-05-19 23:40:00+00:00,76947.28,76947.29,76898.39,76915.08,33.49409,1779234299999,2575936.15022870,3443,29.59717000,2276185.11555900,0,BTCUSDT,binance
2026-05-19 23:45:00+00:00,76915.08,76920.93,76843.74,76897.99,9.37655,1779234599999,720836.27291890,5004,3.81121000,292961.39956990,0,BTCUSDT,binance
2026-05-19 23:50:00+00:00,76898.0,76898.79,76834.34,76847.48,13.36184,1779234899999,1027165.69191930,5021,5.72957000,440430.58183800,0,BTCUSDT,binance
2026-05-19 23:55:00+00:00,76847.48,76847.49,76822.52,76834.36,6.62157,1779235199999,508752.48624640,2833,2.48728000,191090.04924280,0,BTCUSDT,binance
2026-05-20 00:00:00+00:00,76834.36,76896.5,76814.0,76862.04,20.69727,1779235499999,1590565.14295190,7564,6.12344000,470572.48477240,0,BTCUSDT,binance
2026-05-20 00:05:00+00:00,76862.03,76862.04,76700.75,76706.68,25.25394,1779235799999,1938691.19830990,11730,5.62858000,432037.81659780,0,BTCUSDT,binance
2026-05-20 00:10:00+00:00,76706.68,76719.33,76551.42,76581.46,47.48213,1779236099999,3637402.31501000,11718,18.64256000,1427846.31041630,0,BTCUSDT,binance
2026-05-20 00:15:00+00:00,76581.46,76622.41,76537.76,76579.37,24.39638,1779236399999,1868176.32264140,11105,8.73333000,668775.00947560,0,BTCUSDT,binance
2026-05-20 00:20:00+00:00,76579.36,76604.72,76516.74,76575.24,12.27522,1779236699999,939927.13304720,8567,4.37999000,335375.98429330,0,BTCUSDT,binance
2026-05-20 00:25:00+00:00,76575.24,76695.28,76575.23,76695.27,14.866,1779236999999,1139506.33336030,7080,7.61473000,583660.32750350,0,BTCUSDT,binance
2026-05-20 00:30:00+00:00,76695.28,76852.64,76629.64,76711.6,31.08612,1779237299999,2385558.18446910,14789,18.00834000,1382219.86606070,0,BTCUSDT,binance
2026-05-20 00:35:00+00:00,76711.6,76746.57,76668.42,76681.79,9.79811,1779237599999,751620.99329000,7730,4.32972000,332137.32121410,0,BTCUSDT,binance
2026-05-20 00:40:00+00:00,76681.8,76746.56,76664.16,76720.7,8.96216,1779237899999,687384.64907150,6360,3.45606000,265065.97496990,0,BTCUSDT,binance
2026-05-20 00:45:00+00:00,76720.7,76746.57,76687.83,76738.0,13.39673,1779238199999,1027782.01400860,6857,7.16850000,549956.59900880,0,BTCUSDT,binance
2026-05-20 00:50:00+00:00,76738.01,76771.0,76698.94,76746.02,10.73549,1779238499999,823813.79379590,5494,6.69842000,514025.03397750,0,BTCUSDT,binance
2026-05-20 00:55:00+00:00,76746.02,76788.83,76746.02,76788.83,17.30106,1779238799999,1328174.73620330,4114,11.76135000,902882.92411450,0,BTCUSDT,binance
2026-05-20 01:00:00+00:00,76788.83,76813.28,76718.0,76802.32,36.82799,1779239099999,2827069.28191690,10021,7.94076000,609633.10600220,0,BTCUSDT,binance
2026-05-20 01:05:00+00:00,76802.32,76849.88,76714.44,76840.08,21.62823,1779239399999,1660563.46309550,11535,8.55438000,656888.44811730,0,BTCUSDT,binance
2026-05-20 01:10:00+00:00,76840.07,76917.06,76818.29,76871.32,29.21198,1779239699999,2245580.87968020,9043,19.86696000,1527198.19479060,0,BTCUSDT,binance
2026-05-20 01:15:00+00:00,76871.31,76887.44,76814.01,76887.44,11.38936,1779239999999,875108.54844930,5573,4.33649000,333225.60850500,0,BTCUSDT,binance
2026-05-20 01:20:00+00:00,76887.45,76900.95,76781.26,76781.26,22.76855,1779240299999,1749417.99823370,6649,4.83066000,371182.63994020,0,BTCUSDT,binance
2026-05-20 01:25:00+00:00,76781.26,76806.55,76562.0,76578.3,51.80996,1779240599999,3973157.52718060,12196,23.46468000,1799779.81615930,0,BTCUSDT,binance
2026-05-20 01:30:00+00:00,76578.31,76706.08,76574.65,76647.74,24.6409,1779240899999,1888893.99030940,11134,18.62184000,1427486.12575220,0,BTCUSDT,binance
2026-05-20 01:35:00+00:00,76647.74,76648.16,76536.59,76612.15,43.69885,1779241199999,3346056.50529910,13633,11.78231000,902213.43426940,0,BTCUSDT,binance
2026-05-20 01:40:00+00:00,76612.15,76613.87,76540.91,76599.42,12.69875,1779241499999,972324.79768060,6612,6.18548000,473624.08952190,0,BTCUSDT,binance
2026-05-20 01:45:00+00:00,76599.43,76690.06,76570.58,76684.96,13.32763,1779241799999,1021261.59860740,8831,9.43005000,722662.92021120,0,BTCUSDT,binance
2026-05-20 01:50:00+00:00,76684.97,76922.46,76684.97,76812.84,81.50859,1779242099999,6262086.15180600,20579,50.54347000,3883445.00197140,0,BTCUSDT,binance
2026-05-20 01:55:00+00:00,76812.85,76843.28,76798.96,76820.98,9.02305,1779242399999,693145.19164870,6141,5.63484000,432863.65565580,0,BTCUSDT,binance
2026-05-20 02:00:00+00:00,76820.98,76843.28,76787.47,76830.01,47.24627,1779242699999,3629395.07059200,8109,41.53038000,3190280.44086330,0,BTCUSDT,binance
2026-05-20 02:05:00+00:00,76830.01,76852.65,76797.62,76797.62,14.95607,1779242999999,1148992.46408520,7775,3.52326000,270681.83595790,0,BTCUSDT,binance
2026-05-20 02:10:00+00:00,76797.62,76818.42,76754.98,76808.27,16.189,1779243299999,1243231.38160920,6582,10.81865000,830798.46883720,0,BTCUSDT,binance
2026-05-20 02:15:00+00:00,76808.28,76836.51,76785.08,76799.69,59.07651,1779243599999,4537644.54619560,7293,3.55775000,273251.06508900,0,BTCUSDT,binance
2026-05-20 02:20:00+00:00,76799.7,76909.62,76799.69,76877.83,30.92127,1779243899999,2376368.40114170,5345,23.74206000,1824669.45395670,0,BTCUSDT,binance
2026-05-20 02:25:00+00:00,76877.84,76877.84,76770.98,76775.35,10.31229,1779244199999,792086.93149130,4872,3.97136000,305020.97810070,0,BTCUSDT,binance
2026-05-20 02:30:00+00:00,76775.35,76775.36,76610.98,76720.55,50.36619,1779244499999,3863639.85938830,13126,10.39371000,796981.84517460,0,BTCUSDT,binance
2026-05-20 02:35:00+00:00,76720.56,76720.56,76634.0,76660.33,15.45972,1779244799999,1185183.32435590,8973,4.76321000,365157.98085600,0,BTCUSDT,binance
2026-05-20 02:40:00+00:00,76660.34,76685.32,76622.22,76622.22,9.54636,1779245099999,731697.60308270,5555,4.71231000,361200.12027240,0,BTCUSDT,binance
2026-05-20 02:45:00+00:00,76622.23,76695.33,76600.0,76654.07,11.93403,1779245399999,914761.91342210,5988,6.67584000,511734.63781610,0,BTCUSDT,binance
2026-05-20 02:50:00+00:00,76654.07,76687.39,76618.15,76685.13,12.61341,1779245699999,967020.65653910,5153,4.52733000,347066.69260230,0,BTCUSDT,binance
2026-05-20 02:55:00+00:00,76685.13,76709.97,76639.46,76690.42,14.62906,1779245999999,1121667.74878990,4733,9.98686000,765722.46472310,0,BTCUSDT,binance
2026-05-20 03:00:00+00:00,76690.42,76690.42,76604.99,76634.86,9.1212,1779246299999,699016.20606890,6715,4.20424000,322178.27800210,0,BTCUSDT,binance
2026-05-20 03:05:00+00:00,76634.87,76659.99,76612.32,76643.57,151.81719,1779246599999,11634715.85430980,7638,47.42801000,3634396.53585880,0,BTCUSDT,binance
2026-05-20 03:10:00+00:00,76643.56,76653.59,76620.0,76650.15,157.64763,1779246899999,12082091.62009310,6420,89.95410000,6893884.00636110,0,BTCUSDT,binance
2026-05-20 03:15:00+00:00,76650.15,76693.0,76628.44,76658.0,91.49872,1779247199999,7014227.83308040,7393,22.02366000,1688064.53495780,0,BTCUSDT,binance
2026-05-20 03:20:00+00:00,76658.0,76712.0,76641.88,76647.26,93.54059,1779247499999,7172058.17629930,5775,7.83967000,601143.67389470,0,BTCUSDT,binance
2026-05-20 03:25:00+00:00,76647.26,76829.61,76647.25,76815.64,70.15559,1779247799999,5381936.45835370,8476,55.14305000,4229029.99774550,0,BTCUSDT,binance
2026-05-20 03:30:00+00:00,76815.63,76815.63,76750.1,76785.35,25.06229,1779248099999,1924297.83764650,7042,4.99669000,383615.46184960,0,BTCUSDT,binance
2026-05-20 03:35:00+00:00,76785.36,76802.74,76776.58,76797.98,17.36857,1779248399999,1333782.45169880,4448,6.42240000,493179.24062070,0,BTCUSDT,binance
2026-05-20 03:40:00+00:00,76797.99,76797.99,76741.87,76750.0,13.14277,1779248699999,1008841.38421310,4412,5.49564000,421775.65752290,0,BTCUSDT,binance
2026-05-20 03:45:00+00:00,76750.0,76762.84,76728.95,76728.96,26.30171,1779248999999,2018659.64565130,3295,6.19591000,475546.33334920,0,BTCUSDT,binance
2026-05-20 03:50:00+00:00,76728.96,76748.6,76724.0,76731.86,11.56743,1779249299999,887712.30249880,2603,1.46260000,112226.80053960,0,BTCUSDT,binance
2026-05-20 03:55:00+00:00,76731.86,76762.85,76723.54,76723.54,6.54268,1779249599999,502103.00522490,3272,2.61391000,200599.26267000,0,BTCUSDT,binance
2026-05-20 04:00:00+00:00,76723.55,76814.0,76723.55,76787.74,17.7242,1779249899999,1360940.10719080,7459,7.50845000,576460.88879400,0,BTCUSDT,binance
2026-05-20 04:05:00+00:00,76787.75,76814.0,76779.99,76796.63,55.23617,1779250199999,4241541.36908210,4889,8.49196000,652140.28827680,0,BTCUSDT,binance
2026-05-20 04:10:00+00:00,76796.63,76836.82,76770.74,76825.73,21.06488,1779250499999,1618004.28489630,4155,12.75063000,979425.67706790,0,BTCUSDT,binance
2026-05-20 04:15:00+00:00,76825.74,76825.74,76802.7,76814.06,41.22806,1779250799999,3167142.08939600,3112,28.94904000,2223864.44223660,0,BTCUSDT,binance
2026-05-20 04:20:00+00:00,76814.07,76820.0,76800.0,76803.11,13.18168,1779251099999,1012529.74687910,3323,7.92735000,608916.77429020,0,BTCUSDT,binance
2026-05-20 04:25:00+00:00,76803.11,76815.2,76772.82,76772.83,25.87224,1779251399999,1986858.44984220,3763,7.85468000,603221.13602320,0,BTCUSDT,binance
2026-05-20 04:30:00+00:00,76772.82,76785.27,76755.91,76758.1,14.03344,1779251699999,1077459.99864400,2921,7.16378000,550020.34878240,0,BTCUSDT,binance
2026-05-20 04:35:00+00:00,76758.1,76763.1,76692.0,76742.31,48.88004,1779251999999,3751241.42602560,8116,12.02240000,922529.34158440,0,BTCUSDT,binance
2026-05-20 04:40:00+00:00,76742.31,76760.74,76738.41,76738.98,62.12839,1779252299999,4768218.74832980,3417,38.42540000,2949102.29689110,0,BTCUSDT,binance
2026-05-20 04:45:00+00:00,76738.98,76813.33,76738.98,76766.64,41.444,1779252599999,3181957.57611760,5769,14.20215000,1090271.63123970,0,BTCUSDT,binance
2026-05-20 04:50:00+00:00,76766.63,76782.0,76766.63,76777.17,9.04755,1779252899999,694680.11549550,1660,1.66485000,127824.07704800,0,BTCUSDT,binance
2026-05-20 04:55:00+00:00,76777.17,76781.1,76765.75,76780.37,15.46983,1779253199999,1187725.16158840,1632,8.66429000,665205.48120590,0,BTCUSDT,binance
2026-05-20 05:00:00+00:00,76780.37,76856.77,76780.37,76856.76,55.44435,1779253499999,4259829.35072980,5094,22.43456000,1723452.87329870,0,BTCUSDT,binance
2026-05-20 05:05:00+00:00,76856.77,77040.0,76856.76,77039.99,79.6214,1779253799999,6126405.38510830,8637,62.72539000,4826348.79648160,0,BTCUSDT,binance
2026-05-20 05:10:00+00:00,77040.0,77277.08,77016.49,77230.0,320.16282,1779254099999,24705518.47527460,26979,218.07753000,16826801.35342960,0,BTCUSDT,binance
2026-05-20 05:15:00+00:00,77229.99,77240.0,77130.0,77175.7,76.36384,1779254399999,5893013.11973520,10456,41.53065000,3204912.06133530,0,BTCUSDT,binance
2026-05-20 05:20:00+00:00,77175.7,77217.01,77135.46,77155.0,65.57383,1779254699999,5060070.40518300,10523,32.68174000,2521896.48416730,0,BTCUSDT,binance
2026-05-20 05:25:00+00:00,77155.0,77165.0,77131.92,77165.0,37.59321,1779254999999,2900106.53721190,4208,10.59525000,817417.69033900,0,BTCUSDT,binance
2026-05-20 05:30:00+00:00,77165.0,77320.0,77165.0,77223.51,86.228,1779255299999,6661860.71202620,14844,55.51477000,4288572.34291570,0,BTCUSDT,binance
2026-05-20 05:35:00+00:00,77223.51,77300.0,77223.51,77290.0,73.03332,1779255599999,5643373.15289190,6198,35.23003000,2722084.24133790,0,BTCUSDT,binance
2026-05-20 05:40:00+00:00,77290.0,77310.02,77155.0,77155.0,82.03137,1779255899999,6335755.63680710,12730,20.55534000,1588102.89283550,0,BTCUSDT,binance
2026-05-20 05:45:00+00:00,77155.0,77187.93,77155.0,77180.0,37.08426,1779256199999,2861753.90742920,5080,24.30796000,1875815.72222260,0,BTCUSDT,binance
2026-05-20 05:50:00+00:00,77180.0,77217.94,77180.0,77200.02,34.07946,1779256499999,2630815.93042100,5444,22.74203000,1755558.46018420,0,BTCUSDT,binance
2026-05-20 05:55:00+00:00,77200.01,77208.16,77182.26,77196.99,26.0188,1779256799999,2008606.29752010,4621,9.37790000,723922.92694270,0,BTCUSDT,binance
2026-05-20 06:00:00+00:00,77196.99,77241.92,77179.93,77186.95,111.96102,1779257099999,8644089.19904870,9210,33.58020000,2592469.14559330,0,BTCUSDT,binance
2026-05-20 06:05:00+00:00,77186.95,77228.25,77186.95,77211.13,21.24241,1779257399999,1640160.99194500,6936,9.41038000,726569.30000640,0,BTCUSDT,binance
2026-05-20 06:10:00+00:00,77211.14,77236.79,77207.42,77236.79,13.99885,1779257699999,1080995.01066860,3455,12.08002000,932819.87096630,0,BTCUSDT,binance
2026-05-20 06:15:00+00:00,77236.79,77309.83,77236.78,77309.83,34.71179,1779257999999,2682326.96398670,6451,15.55952000,1202368.78782710,0,BTCUSDT,binance
2026-05-20 06:20:00+00:00,77309.82,77362.37,77282.12,77343.7,35.00783,1779258299999,2706938.92668050,8457,22.56940000,1745263.88879720,0,BTCUSDT,binance
2026-05-20 06:25:00+00:00,77343.71,77343.71,77280.72,77286.01,31.57764,1779258599999,2440690.11041050,5507,17.42185000,1346470.35143600,0,BTCUSDT,binance
2026-05-20 06:30:00+00:00,77286.01,77311.8,77264.1,77295.17,72.73664,1779258899999,5621165.19516520,6335,57.18017000,4418930.31275970,0,BTCUSDT,binance
2026-05-20 06:35:00+00:00,77295.17,77310.56,77250.0,77310.55,19.71399,1779259199999,1523526.58591140,5839,11.09951000,857793.61221940,0,BTCUSDT,binance
2026-05-20 06:40:00+00:00,77310.56,77320.17,77262.31,77320.17,64.0668,1779259499999,4951840.06046530,5154,51.48629000,3979659.76729910,0,BTCUSDT,binance
2026-05-20 06:45:00+00:00,77320.17,77391.21,77276.22,77385.95,37.7384,1779259799999,2918696.49186920,7697,24.47934000,1893512.86412860,0,BTCUSDT,binance
2026-05-20 06:50:00+00:00,77385.95,77422.0,77367.61,77379.34,58.54259,1779260099999,4531240.53144920,7359,38.91492000,3012098.95208060,0,BTCUSDT,binance
2026-05-20 06:55:00+00:00,77379.35,77414.11,77379.34,77414.11,26.82667,1779260399999,2076236.04685200,3782,20.77546000,1607922.47791900,0,BTCUSDT,binance
2026-05-20 07:00:00+00:00,77414.1,77422.0,77320.64,77344.19,55.32074,1779260699999,4280511.52642860,7077,9.48289000,733608.80208320,0,BTCUSDT,binance
2026-05-20 07:05:00+00:00,77344.2,77397.43,77322.93,77392.28,25.14545,1779260999999,1945022.20618490,5914,15.43383000,1193895.79761520,0,BTCUSDT,binance
2026-05-20 07:10:00+00:00,77392.28,77418.59,77360.49,77385.44,39.99818,1779261299999,3095451.64901470,4844,24.04283000,1860639.89404390,0,BTCUSDT,binance
2026-05-20 07:15:00+00:00,77385.44,77385.45,77322.32,77347.85,26.61478,1779261599999,2058655.22051710,4191,10.56344000,817048.62460700,0,BTCUSDT,binance
2026-05-20 07:20:00+00:00,77347.86,77472.21,77347.85,77460.6,30.62757,1779261899999,2371163.32808930,8717,22.49556000,1741514.75670910,0,BTCUSDT,binance
2026-05-20 07:25:00+00:00,77460.6,77460.6,77360.0,77399.56,23.23357,1779262199999,1798310.25312640,5409,11.48293000,888799.92299920,0,BTCUSDT,binance
2026-05-20 07:30:00+00:00,77399.57,77399.57,77335.52,77380.47,24.60698,1779262499999,1903547.80577920,5138,15.76745000,1219680.12719590,0,BTCUSDT,binance
2026-05-20 07:35:00+00:00,77380.46,77380.77,77344.36,77371.15,20.93027,1779262799999,1619315.99530610,5058,12.07402000,934104.15773740,0,BTCUSDT,binance
2026-05-20 07:40:00+00:00,77371.16,77408.0,77371.15,77376.92,20.19964,1779263099999,1563119.32841720,4323,9.86611000,763477.46110370,0,BTCUSDT,binance
2026-05-20 07:45:00+00:00,77376.91,77376.92,77278.37,77278.38,22.64127,1779263399999,1750580.78201370,4531,5.46899000,422886.31188530,0,BTCUSDT,binance
2026-05-20 07:50:00+00:00,77278.37,77286.88,77241.13,77286.88,42.33709,1779263699999,3271556.79569590,4876,13.18390000,1018660.50171540,0,BTCUSDT,binance
2026-05-20 07:55:00+00:00,77286.88,77300.0,77274.83,77282.64,19.76658,1779263999999,1527707.90224910,3306,12.09618000,934892.59944150,0,BTCUSDT,binance
2026-05-20 08:00:00+00:00,77282.65,77300.0,77265.62,77300.0,21.46461,1779264299999,1658819.08374930,4463,8.16296000,630846.03758280,0,BTCUSDT,binance
2026-05-20 08:05:00+00:00,77300.0,77331.91,77270.0,77270.01,33.47437,1779264599999,2587506.75143650,5907,15.64947000,1209650.87259360,0,BTCUSDT,binance
2026-05-20 08:10:00+00:00,77270.01,77287.43,77253.33,77281.1,23.00899,1779264899999,1777918.78437410,3972,9.32606000,720596.82512390,0,BTCUSDT,binance
2026-05-20 08:15:00+00:00,77281.11,77297.82,77274.83,77297.81,35.56377,1779265199999,2748337.10519920,3363,27.48233000,2123787.37263710,0,BTCUSDT,binance
2026-05-20 08:20:00+00:00,77297.81,77297.82,77210.33,77252.31,39.73523,1779265499999,3069447.16368830,5759,13.70388000,1058349.77866450,0,BTCUSDT,binance
2026-05-20 08:25:00+00:00,77252.31,77282.2,77252.31,77282.19,8.07023,1779265799999,623509.29663030,2870,4.31895000,333687.97831110,0,BTCUSDT,binance
2026-05-20 08:30:00+00:00,77282.2,77360.0,77282.2,77347.22,25.36119,1779266099999,1961531.13971430,5115,15.15717000,1172217.36685920,0,BTCUSDT,binance
2026-05-20 08:35:00+00:00,77347.22,77580.15,77347.12,77579.99,125.22843,1779266399999,9704085.52181990,13785,102.04352000,7907756.48430070,0,BTCUSDT,binance
2026-05-20 08:40:00+00:00,77580.0,77635.52,77495.5,77526.68,122.8052,1779266699999,9525215.23547450,13575,77.37190000,6001303.92976140,0,BTCUSDT,binance
2026-05-20 08:45:00+00:00,77526.68,77550.01,77483.86,77483.87,39.81123,1779266999999,3086035.93605050,4799,12.45203000,965169.39019400,0,BTCUSDT,binance
2026-05-20 08:50:00+00:00,77483.86,77509.83,77469.07,77494.09,16.57027,1779267299999,1283964.79751590,4637,10.72476000,830995.07967630,0,BTCUSDT,binance
2026-05-20 08:55:00+00:00,77494.1,77494.1,77449.99,77458.04,57.80609,1779267599999,4477824.09854060,2939,11.50440000,891151.41733410,0,BTCUSDT,binance
2026-05-20 09:00:00+00:00,77458.05,77483.3,77446.53,77471.24,27.7615,1779267899999,2150365.19452900,4961,18.06286000,1399078.46660780,0,BTCUSDT,binance
2026-05-20 09:05:00+00:00,77471.24,77471.24,77395.67,77429.39,31.9838,1779268199999,2476460.67853770,6953,12.76161000,988003.40718080,0,BTCUSDT,binance
2026-05-20 09:10:00+00:00,77429.39,77451.0,77424.29,77424.3,37.6415,1779268499999,2914934.54383050,5049,12.34972000,956293.19282070,0,BTCUSDT,binance
2026-05-20 09:15:00+00:00,77424.3,77424.3,77365.94,77420.22,52.64855,1779268799999,4074767.65139790,5138,29.91824000,2315386.28454570,0,BTCUSDT,binance
2026-05-20 09:20:00+00:00,77420.22,77437.92,77420.21,77423.08,20.4719,1779269099999,1585099.94482390,2607,11.39909000,882589.96712710,0,BTCUSDT,binance
2026-05-20 09:25:00+00:00,77423.08,77507.07,77418.98,77499.75,31.36169,1779269399999,2429104.61139440,4532,23.58229000,1826519.91596310,0,BTCUSDT,binance
2026-05-20 09:30:00+00:00,77499.76,77543.59,77492.92,77520.5,27.66078,1779269699999,2144322.88300110,4929,14.77255000,1145135.55088260,0,BTCUSDT,binance
2026-05-20 09:35:00+00:00,77520.51,77540.9,77502.75,77539.72,37.68616,1779269999999,2921445.23513060,4781,16.07743000,1246379.92304020,0,BTCUSDT,binance
2026-05-20 09:40:00+00:00,77539.72,77540.94,77506.98,77509.63,18.99583,1779270299999,1472722.52827910,3549,9.58257000,742939.78944860,0,BTCUSDT,binance
2026-05-20 09:45:00+00:00,77509.63,77523.68,77492.92,77492.93,25.33952,1779270599999,1964056.21831840,3407,8.21015000,636312.53211980,0,BTCUSDT,binance
2026-05-20 09:50:00+00:00,77492.94,77507.73,77468.0,77487.41,23.33007,1779270899999,1807818.48668130,4233,10.66298000,826229.78087100,0,BTCUSDT,binance
2026-05-20 09:55:00+00:00,77487.42,77510.7,77451.99,77485.13,26.02145,1779271199999,2016097.32732260,4319,14.32027000,1109450.38806330,0,BTCUSDT,binance
2026-05-20 10:00:00+00:00,77485.14,77581.91,77485.14,77545.23,46.50035,1779271499999,3606114.33049850,5558,38.13270000,2957148.41480780,0,BTCUSDT,binance
2026-05-20 10:05:00+00:00,77545.23,77588.39,77534.74,77568.11,19.87958,1779271799999,1541985.01652730,4765,9.98953000,774818.63786980,0,BTCUSDT,binance
2026-05-20 10:10:00+00:00,77568.11,77605.24,77549.08,77605.23,35.43284,1779272099999,2748773.06575960,4827,28.29112000,2194833.72219570,0,BTCUSDT,binance
2026-05-20 10:15:00+00:00,77605.24,77605.52,77570.57,77591.56,36.44351,1779272399999,2827658.42521510,3757,23.21410000,1801122.38626410,0,BTCUSDT,binance
2026-05-20 10:20:00+00:00,77591.56,77656.25,77591.55,77628.33,60.67198,1779272699999,4709507.66157920,6488,42.95514000,3334123.43283500,0,BTCUSDT,binance
2026-05-20 10:25:00+00:00,77628.34,77631.5,77565.54,77631.49,62.31237,1779272999999,4835562.56988520,5726,50.64025000,3929750.28335010,0,BTCUSDT,binance
2026-05-20 10:30:00+00:00,77631.5,77646.14,77601.15,77646.14,22.06214,1779273299999,1712527.74970690,3654,9.43435000,732322.23265380,0,BTCUSDT,binance
2026-05-20 10:35:00+00:00,77646.13,77663.0,77558.73,77558.73,47.33477,1779273599999,3674518.37443870,5201,20.81381000,1615712.10036350,0,BTCUSDT,binance
2026-05-20 10:40:00+00:00,77558.73,77558.74,77522.27,77555.33,20.66897,1779273899999,1602773.35120800,3163,12.37925000,959926.14312780,0,BTCUSDT,binance
2026-05-20 10:45:00+00:00,77555.33,77592.59,77555.32,77560.85,27.49824,1779274199999,2133230.98471560,3257,9.80137000,760319.86273220,0,BTCUSDT,binance
2026-05-20 10:50:00+00:00,77560.86,77560.86,77531.77,77560.82,17.79667,1779274499999,1380117.02210440,3396,11.46502000,889093.14593150,0,BTCUSDT,binance
2026-05-20 10:55:00+00:00,77560.81,77560.92,77517.45,77517.45,13.19721,1779274799999,1023190.29897440,2439,2.77051000,214774.69573980,0,BTCUSDT,binance
2026-05-20 11:00:00+00:00,77517.46,77534.09,77489.51,77527.94,94.36549,1779275099999,7313843.09989930,4494,31.52105000,2443248.22688050,0,BTCUSDT,binance
2026-05-20 11:05:00+00:00,77527.95,77569.1,77518.35,77518.35,18.5476,1779275399999,1438242.46731980,3312,5.56096000,431208.87220130,0,BTCUSDT,binance
2026-05-20 11:10:00+00:00,77518.36,77533.79,77471.62,77475.8,16.63395,1779275699999,1289290.04410640,3345,3.75876000,291337.41323170,0,BTCUSDT,binance
2026-05-20 11:15:00+00:00,77475.8,77506.21,77472.44,77472.45,58.35558,1779275999999,4522122.19817020,3681,12.16598000,942811.71649530,0,BTCUSDT,binance
2026-05-20 11:20:00+00:00,77472.44,77494.82,77469.04,77493.83,19.88878,1779276299999,1540995.63781070,3724,9.74557000,755048.75693190,0,BTCUSDT,binance
2026-05-20 11:25:00+00:00,77493.84,77493.84,77460.84,77467.9,17.90568,1779276599999,1387424.17468870,2761,4.58536000,355280.80649420,0,BTCUSDT,binance
2026-05-20 11:30:00+00:00,77467.9,77482.18,77459.63,77481.19,18.8813,1779276899999,1462771.45563940,2836,6.51427000,504661.29299690,0,BTCUSDT,binance
2026-05-20 11:35:00+00:00,77481.2,77488.2,77422.61,77429.73,21.02826,1779277199999,1628778.02741840,3470,3.37484000,261398.69287550,0,BTCUSDT,binance
2026-05-20 11:40:00+00:00,77429.73,77429.74,77350.0,77391.69,40.27582,1779277499999,3116645.75655920,6582,10.98964000,850321.23574060,0,BTCUSDT,binance
2026-05-20 11:45:00+00:00,77391.69,77417.57,77363.54,77364.65,18.20619,1779277799999,1409143.74037080,3917,7.52760000,582647.77568460,0,BTCUSDT,binance
2026-05-20 11:50:00+00:00,77364.66,77377.76,77328.2,77377.76,10.83815,1779278099999,838364.03538720,3460,4.96367000,383931.18412780,0,BTCUSDT,binance
2026-05-20 11:55:00+00:00,77377.76,77408.26,77377.75,77382.49,27.88412,1779278399999,2158036.22336240,3750,9.43858000,730418.62281850,0,BTCUSDT,binance
2026-05-20 12:00:00+00:00,77382.5,77475.71,77365.52,77464.92,27.03464,1779278699999,2093423.92583870,5978,14.88076000,1152295.70608740,0,BTCUSDT,binance
2026-05-20 12:05:00+00:00,77464.92,77476.3,77441.14,77444.65,26.26188,1779278999999,2034268.23536220,4356,8.36045000,647549.84223300,0,BTCUSDT,binance
2026-05-20 12:10:00+00:00,77444.65,77459.81,77437.15,77445.74,14.50399,1779279299999,1123313.00811830,2203,4.65754000,360705.37634900,0,BTCUSDT,binance
2026-05-20 12:15:00+00:00,77445.75,77483.87,77445.74,77453.47,15.82307,1779279599999,1225690.77492020,2808,12.25962000,949611.32612120,0,BTCUSDT,binance
2026-05-20 12:20:00+00:00,77453.46,77453.47,77376.28,77437.38,15.74958,1779279899999,1219100.35386510,4692,5.31506000,411413.41792670,0,BTCUSDT,binance
2026-05-20 12:25:00+00:00,77437.39,77533.69,77437.39,77501.54,28.73893,1779280199999,2227378.51529450,4633,14.87416000,1152758.92018170,0,BTCUSDT,binance
2026-05-20 12:30:00+00:00,77501.55,77550.0,77498.86,77546.53,24.08328,1779280499999,1867006.45057650,3859,10.32655000,800537.63366960,0,BTCUSDT,binance
2026-05-20 12:35:00+00:00,77546.54,77546.54,77526.9,77532.72,16.76917,1779280799999,1300203.88393590,2044,3.55098000,275314.01226320,0,BTCUSDT,binance
2026-05-20 12:40:00+00:00,77532.72,77532.73,77508.38,77529.98,15.41214,1779281099999,1194851.91551730,2902,3.59320000,278549.97696600,0,BTCUSDT,binance
2026-05-20 12:45:00+00:00,77529.98,77596.95,77529.98,77576.47,27.4279,1779281399999,2127499.02560100,4449,14.36923000,1114585.74037650,0,BTCUSDT,binance
2026-05-20 12:50:00+00:00,77576.48,77610.91,77537.14,77608.36,30.17324,1779281699999,2340613.93953200,5117,18.30083000,1419667.48360110,0,BTCUSDT,binance
2026-05-20 12:55:00+00:00,77608.35,77748.05,77608.35,77617.26,135.43265,1779281999999,10520265.58309710,10285,100.68138000,7820657.77295870,0,BTCUSDT,binance
2026-05-20 13:00:00+00:00,77617.26,77650.62,77556.87,77556.88,44.00779,1779282299999,3415061.14863600,7186,23.02134000,1786683.36946880,0,BTCUSDT,binance
2026-05-20 13:05:00+00:00,77556.88,77572.4,77508.56,77524.66,24.74659,1779282599999,1918669.36291190,5873,14.39502000,1116071.02425990,0,BTCUSDT,binance
2026-05-20 13:10:00+00:00,77524.66,77524.66,77459.03,77466.07,18.11036,1779282899999,1403328.56120160,4082,5.56462000,431130.10746580,0,BTCUSDT,binance
2026-05-20 13:15:00+00:00,77466.07,77477.78,77410.0,77448.62,20.66393,1779283199999,1600426.18110350,7726,11.74775000,909870.03170000,0,BTCUSDT,binance
2026-05-20 13:20:00+00:00,77448.62,77483.4,77441.49,77471.54,13.65076,1779283499999,1057623.37209290,3891,7.50972000,581824.56924460,0,BTCUSDT,binance
2026-05-20 13:25:00+00:00,77471.54,77471.54,77281.25,77303.08,54.06319,1779283799999,4182167.98149950,15601,17.22667000,1332027.23096550,0,BTCUSDT,binance
2026-05-20 13:30:00+00:00,77303.08,77344.41,77193.09,77254.68,91.95579,1779284099999,7104906.37143820,26006,39.05993000,3018082.31211530,0,BTCUSDT,binance
2026-05-20 13:35:00+00:00,77254.67,77254.68,76968.05,77086.04,165.01899,1779284399999,12719202.10067140,41303,60.49956000,4663551.93918340,0,BTCUSDT,binance
2026-05-20 13:40:00+00:00,77086.04,77120.36,76995.64,77091.99,84.00647,1779284699999,6472209.73932910,25394,44.27228000,3410972.01220670,0,BTCUSDT,binance
2026-05-20 13:45:00+00:00,77091.48,77361.16,77091.48,77190.01,69.19163,1779284999999,5343525.31200230,28705,37.50897000,2896782.35501320,0,BTCUSDT,binance
2026-05-20 13:50:00+00:00,77190.0,77236.99,77135.69,77156.11,52.36672,1779285299999,4042106.98236700,21151,28.11690000,2170295.20255250,0,BTCUSDT,binance
2026-05-20 13:55:00+00:00,77156.11,77204.61,77054.22,77204.61,44.43016,1779285599999,3427160.40623260,19475,21.00749000,1620561.04233690,0,BTCUSDT,binance
2026-05-20 14:00:00+00:00,77204.61,77272.83,77166.75,77198.34,47.39211,1779285899999,3659704.93675160,19235,24.52364000,1893858.51036650,0,BTCUSDT,binance
2026-05-20 14:05:00+00:00,77198.34,77232.41,77118.1,77154.09,71.65881,1779286199999,5530546.11008990,15899,16.72402000,1290676.02783970,0,BTCUSDT,binance
2026-05-20 14:10:00+00:00,77154.09,77239.34,76891.61,77113.81,250.48159,1779286499999,19284106.27239340,39636,150.00804000,11547749.00671780,0,BTCUSDT,binance
2026-05-20 14:15:00+00:00,77113.82,77574.29,77113.82,77460.14,297.64805,1779286799999,23041537.56033090,61378,151.22029000,11704852.48814010,0,BTCUSDT,binance
2026-05-20 14:20:00+00:00,77460.15,77520.59,77283.56,77338.42,118.0626,1779287099999,9144269.71581690,37073,38.49260000,2981578.69450210,0,BTCUSDT,binance
2026-05-20 14:25:00+00:00,77338.42,77456.64,77295.33,77412.9,44.61707,1779287399999,3452917.74609990,24594,24.75327000,1915596.95981710,0,BTCUSDT,binance
2026-05-20 14:30:00+00:00,77412.9,77509.38,77378.0,77378.0,99.39094,1779287699999,7700598.70532930,26005,53.92633000,4178196.66112400,0,BTCUSDT,binance
2026-05-20 14:35:00+00:00,77378.0,77399.93,77280.77,77300.06,69.7519,1779287999999,5393832.23508580,23679,25.90812000,2003354.99832580,0,BTCUSDT,binance
2026-05-20 14:40:00+00:00,77300.06,77395.75,77290.0,77395.75,63.4071,1779288299999,4905078.22593600,15949,47.21842000,3652740.01932700,0,BTCUSDT,binance
2026-05-20 14:45:00+00:00,77395.74,77477.46,77381.52,77415.82,45.39499,1779288599999,3514546.44827320,15924,22.18801000,1717971.60162890,0,BTCUSDT,binance
2026-05-20 14:50:00+00:00,77415.82,77557.47,77386.06,77523.18,51.7781,1779288899999,4012469.85077740,16716,30.03850000,2327763.96165940,0,BTCUSDT,binance
2026-05-20 14:55:00+00:00,77523.19,77554.86,77446.08,77446.08,42.81095,1779289199999,3318462.87776540,13592,16.84495000,1305855.23072290,0,BTCUSDT,binance
2026-05-20 15:00:00+00:00,77446.01,77472.74,77366.09,77366.09,39.83254,1779289499999,3084467.67863510,14374,23.93936000,1853795.09097240,0,BTCUSDT,binance
2026-05-20 15:05:00+00:00,77366.09,77397.06,77342.53,77369.14,18.33486,1779289799999,1418553.62314510,9506,9.79478000,757809.62928160,0,BTCUSDT,binance
2026-05-20 15:10:00+00:00,77369.15,77369.15,77300.0,77322.0,29.94133,1779290099999,2315285.93868850,9490,7.80507000,603526.01268430,0,BTCUSDT,binance
2026-05-20 15:15:00+00:00,77322.01,77853.04,77322.0,77620.52,331.29973,1779290399999,25739408.46388040,63163,193.43441000,15026580.12531720,0,BTCUSDT,binance
2026-05-20 15:20:00+00:00,77620.53,77751.73,77620.53,77651.56,45.40913,1779290699999,3528452.78356450,19836,24.78363000,1925694.34934050,0,BTCUSDT,binance
2026-05-20 15:25:00+00:00,77651.55,77651.55,77512.14,77553.46,57.04271,1779290999999,4424956.36766410,15557,27.12508000,2104298.75724830,0,BTCUSDT,binance
2026-05-20 15:30:00+00:00,77553.47,77641.01,77534.24,77591.88,37.31674,1779291299999,2896201.84450950,12902,14.24208000,1105329.21416560,0,BTCUSDT,binance
2026-05-20 15:35:00+00:00,77591.88,77618.25,77500.0,77500.0,64.26633,1779291599999,4984968.47321770,12530,24.16979000,1875179.98211280,0,BTCUSDT,binance
2026-05-20 15:40:00+00:00,77500.01,77502.5,77374.42,77450.57,53.97228,1779291899999,4179280.24442060,12129,17.62530000,1364786.14682100,0,BTCUSDT,binance
2026-05-20 15:45:00+00:00,77450.58,77580.0,77450.57,77542.54,28.67256,1779292199999,2222694.06504000,11245,16.89432000,1309353.46977030,0,BTCUSDT,binance
2026-05-20 15:50:00+00:00,77542.55,77560.77,77460.0,77479.51,25.37487,1779292499999,1967324.62307690,8938,20.24837000,1569951.67580750,0,BTCUSDT,binance
2026-05-20 15:55:00+00:00,77479.52,77532.13,77382.0,77455.46,46.28793,1779292799999,3584739.14437970,12704,13.92013000,1078049.13247400,0,BTCUSDT,binance
2026-05-20 16:00:00+00:00,77455.45,77527.49,77434.0,77458.21,13.14784,1779293099999,1018691.11202810,9636,7.89971000,612075.99805550,0,BTCUSDT,binance
2026-05-20 16:05:00+00:00,77458.21,77546.13,77456.38,77539.19,16.33044,1779293399999,1265804.07308980,9859,11.79793000,914497.72382670,0,BTCUSDT,binance
2026-05-20 16:10:00+00:00,77539.2,77557.0,77494.08,77494.08,16.5611,1779293699999,1284113.23722330,5690,8.43286000,653882.55172370,0,BTCUSDT,binance
2026-05-20 16:15:00+00:00,77494.08,77494.08,77344.0,77361.31,34.63963,1779293999999,2680372.22355490,12894,15.86329000,1227195.47421350,0,BTCUSDT,binance
2026-05-20 16:20:00+00:00,77361.3,77361.3,77192.75,77228.92,67.77368,1779294299999,5234700.61449400,23920,24.95891000,1927769.22847600,0,BTCUSDT,binance
2026-05-20 16:25:00+00:00,77228.92,77228.92,77018.38,77088.0,56.82615,1779294599999,4382633.20064750,25423,23.17628000,1787664.06446440,0,BTCUSDT,binance
2026-05-20 16:30:00+00:00,77088.0,77175.04,77030.88,77173.0,53.66396,1779294899999,4137445.21407890,17145,34.07695000,2627540.65856750,0,BTCUSDT,binance
2026-05-20 16:35:00+00:00,77173.01,77277.62,77150.27,77229.67,33.2794,1779295199999,2569772.59287520,12212,25.06812000,1935711.84473950,0,BTCUSDT,binance
2026-05-20 16:40:00+00:00,77229.68,77356.34,77221.17,77337.7,27.92416,1779295499999,2158456.89748090,11791,18.00700000,1391886.09845150,0,BTCUSDT,binance
2026-05-20 16:45:00+00:00,77337.7,77361.64,77268.86,77315.18,39.70359,1779295799999,3069841.19028580,14864,12.67634000,980099.22719190,0,BTCUSDT,binance
2026-05-20 16:50:00+00:00,77315.18,77349.43,77244.07,77257.82,22.40433,1779296099999,1731873.18599150,9174,8.81259000,681259.41635630,0,BTCUSDT,binance
2026-05-20 16:55:00+00:00,77257.82,77357.52,77257.82,77338.6,25.20982,1779296399999,1948679.76616710,8968,19.93084000,1540625.55556000,0,BTCUSDT,binance
2026-05-20 17:00:00+00:00,77338.6,77348.01,77261.6,77261.61,22.37306,1779296699999,1729722.58909910,7824,7.62393000,589451.20852220,0,BTCUSDT,binance
2026-05-20 17:05:00+00:00,77261.61,77331.02,77230.86,77313.8,15.34928,1779296999999,1186102.64361890,6794,8.85464000,684246.45029420,0,BTCUSDT,binance
2026-05-20 17:10:00+00:00,77313.8,77450.0,77291.82,77396.35,72.99165,1779297299999,5648672.63133920,13307,47.03457000,3639760.10798090,0,BTCUSDT,binance
2026-05-20 17:15:00+00:00,77396.36,77474.75,77350.0,77474.75,19.88152,1779297599999,1538688.19511460,13367,9.67949000,749201.41660490,0,BTCUSDT,binance
2026-05-20 17:20:00+00:00,77474.75,77534.22,77474.74,77530.0,30.44072,1779297899999,2359408.95622080,10960,22.62524000,1753676.89179540,0,BTCUSDT,binance
2026-05-20 17:25:00+00:00,77530.0,77641.7,77500.26,77570.0,49.06545,1779298199999,3805999.81752810,14077,25.61285000,1986810.85612840,0,BTCUSDT,binance
2026-05-20 17:30:00+00:00,77570.01,77602.3,77518.0,77554.65,30.97449,1779298499999,2402285.26773930,8524,15.17836000,1177121.60103150,0,BTCUSDT,binance
2026-05-20 17:35:00+00:00,77554.65,77710.02,77554.64,77616.61,50.661,1779298799999,3934273.95412020,13511,31.49318000,2445608.16111530,0,BTCUSDT,binance
2026-05-20 17:40:00+00:00,77616.6,77661.29,77555.88,77661.29,18.96888,1779299099999,1471890.67182890,6544,10.14885000,787618.11518360,0,BTCUSDT,binance
2026-05-20 17:45:00+00:00,77661.28,77713.66,77606.62,77631.42,43.01402,1779299399999,3340351.37710790,11665,14.73056000,1143986.67476020,0,BTCUSDT,binance
2026-05-20 17:50:00+00:00,77631.43,77639.74,77536.06,77553.98,92.36905,1779299699999,7166003.87131210,8387,50.41348000,3910917.66874630,0,BTCUSDT,binance
2026-05-20 17:55:00+00:00,77553.97,77580.99,77542.1,77568.95,55.26017,1779299999999,4286074.87786650,6705,37.38264000,2899467.90589100,0,BTCUSDT,binance
2026-05-20 18:00:00+00:00,77568.95,77597.52,77483.86,77538.82,59.19094,1779300299999,4589898.05768460,11751,26.47951000,2053338.89812420,0,BTCUSDT,binance
2026-05-20 18:05:00+00:00,77538.83,77550.65,77513.48,77527.48,18.41635,1779300599999,1427853.12775790,5232,8.03763000,623150.79558840,0,BTCUSDT,binance
2026-05-20 18:10:00+00:00,77527.47,77538.13,77480.43,77480.44,34.94563,1779300899999,2708286.93276640,7575,24.72533000,1916184.47939680,0,BTCUSDT,binance
2026-05-20 18:15:00+00:00,77480.43,77629.33,77479.2,77601.99,63.14124,1779301199999,4896707.17364560,9878,58.90700000,4568364.20701870,0,BTCUSDT,binance
2026-05-20 18:20:00+00:00,77602.0,77634.52,77500.0,77511.75,103.00277,1779301499999,7989075.65053420,11238,67.52603000,5237112.71575070,0,BTCUSDT,binance
2026-05-20 18:25:00+00:00,77511.74,77528.09,77443.77,77516.16,36.58854,1779301799999,2835177.99754710,7489,18.14157000,1405706.38687550,0,BTCUSDT,binance
2026-05-20 18:30:00+00:00,77516.16,77521.81,77459.18,77519.36,10.73699,1779302099999,832121.87856210,5424,3.74863000,290503.97226200,0,BTCUSDT,binance
2026-05-20 18:35:00+00:00,77519.37,77557.02,77503.7,77541.57,20.97738,1779302399999,1626529.64612130,4202,9.46153000,733575.69230580,0,BTCUSDT,binance
2026-05-20 18:40:00+00:00,77541.58,77541.58,77469.26,77489.27,24.75363,1779302699999,1918436.17816760,8882,10.17549000,788529.81408940,0,BTCUSDT,binance
2026-05-20 18:45:00+00:00,77489.28,77493.48,77398.63,77448.46,18.77504,1779302999999,1454029.27203380,8369,7.79499000,603665.93072260,0,BTCUSDT,binance
2026-05-20 18:50:00+00:00,77448.46,77448.46,77417.63,77423.46,10.56271,1779303299999,817920.48056250,4440,3.36735000,260742.33204570,0,BTCUSDT,binance
2026-05-20 18:55:00+00:00,77423.46,77461.01,77402.27,77415.09,13.41795,1779303599999,1039024.48184590,5109,3.78553000,293101.06943610,0,BTCUSDT,binance
2026-05-20 19:00:00+00:00,77415.09,77461.68,77367.06,77379.34,23.59331,1779303899999,1826387.59896940,9437,7.99542000,618961.14679220,0,BTCUSDT,binance
2026-05-20 19:05:00+00:00,77379.35,77409.0,77350.71,77409.0,17.82647,1779304199999,1379291.22685030,6692,7.94464000,614724.10456840,0,BTCUSDT,binance
2026-05-20 19:10:00+00:00,77408.99,77429.49,77394.35,77404.36,41.54699,1779304499999,3216060.06702500,5388,30.13272000,2332428.58527840,0,BTCUSDT,binance
2026-05-20 19:15:00+00:00,77404.36,77490.01,77372.21,77490.0,69.067,1779304799999,5346972.44271430,9388,60.75337000,4703459.26298560,0,BTCUSDT,binance
2026-05-20 19:20:00+00:00,77490.01,77520.31,77484.47,77509.95,37.64942,1779305099999,2917972.99780250,6716,26.70603000,2069719.39422420,0,BTCUSDT,binance
2026-05-20 19:25:00+00:00,77509.95,77562.72,77506.78,77562.71,32.27753,1779305399999,2502311.73328190,6548,23.24189000,1801854.60226810,0,BTCUSDT,binance
2026-05-20 19:30:00+00:00,77562.71,77606.71,77535.83,77582.97,25.84846,1779305699999,2005449.16681920,7881,17.38220000,1348656.47895630,0,BTCUSDT,binance
2026-05-20 19:35:00+00:00,77582.97,77647.45,77543.03,77586.98,58.88872,1779305999999,4570428.74138500,8159,27.83082000,2159961.22130170,0,BTCUSDT,binance
2026-05-20 19:40:00+00:00,77586.98,77645.11,77586.98,77632.06,22.22917,1779306299999,1725193.04784670,7370,9.50592000,737731.23641500,0,BTCUSDT,binance
2026-05-20 19:45:00+00:00,77632.06,77682.26,77599.23,77659.37,17.69784,1779306599999,1374258.76293880,6975,12.07648000,937803.66269760,0,BTCUSDT,binance
2026-05-20 19:50:00+00:00,77659.36,77678.75,77601.12,77674.22,18.04433,1779306899999,1401114.05860400,7959,9.06957000,704196.33123310,0,BTCUSDT,binance
2026-05-20 19:55:00+00:00,77674.22,77709.68,77653.61,77667.49,24.29645,1779307199999,1887355.99298180,9801,15.45009000,1200156.44776550,0,BTCUSDT,binance
2026-05-20 20:00:00+00:00,77667.49,77710.88,77582.22,77630.41,69.62373,1779307499999,5405878.57024650,11345,23.27618000,1808038.05882900,0,BTCUSDT,binance
2026-05-20 20:05:00+00:00,77630.42,77658.38,77606.16,77656.8,17.59994,1779307799999,1366281.50263560,4758,7.80350000,605758.64653180,0,BTCUSDT,binance
2026-05-20 20:10:00+00:00,77656.81,77750.59,77656.8,77740.61,20.19381,1779308099999,1569299.27981940,8429,10.35688000,804892.08149220,0,BTCUSDT,binance
2026-05-20 20:15:00+00:00,77740.61,77743.59,77617.62,77671.92,41.12333,1779308399999,3193905.70244000,7938,4.84413000,376119.66288570,0,BTCUSDT,binance
2026-05-20 20:20:00+00:00,77671.91,77674.11,77476.19,77630.62,92.20333,1779308699999,7156677.28633070,24305,41.78511000,3243452.66615720,0,BTCUSDT,binance
2026-05-20 20:25:00+00:00,77630.62,77684.04,77578.22,77684.04,16.95912,1779308999999,1316338.63774610,8454,11.40088000,884958.52312290,0,BTCUSDT,binance
2026-05-20 20:30:00+00:00,77684.23,77710.6,77598.51,77621.32,22.06399,1779309299999,1713655.62654970,8491,8.15769000,633526.80560810,0,BTCUSDT,binance
2026-05-20 20:35:00+00:00,77621.33,77682.21,77621.32,77641.01,7.49034,1779309599999,581640.23867580,3858,2.53955000,197195.76714230,0,BTCUSDT,binance
2026-05-20 20:40:00+00:00,77641.01,77740.41,77641.01,77691.17,24.43012,1779309899999,1898153.04651900,5254,11.66955000,906586.48411920,0,BTCUSDT,binance
2026-05-20 20:45:00+00:00,77691.18,77750.0,77679.32,77725.21,19.35685,1779310199999,1504056.93866520,5778,14.52631000,1128618.97304460,0,BTCUSDT,binance
2026-05-20 20:50:00+00:00,77725.21,77760.0,77702.52,77702.52,13.71818,1779310499999,1066348.37174490,5029,3.39636000,264021.91633270,0,BTCUSDT,binance
2026-05-20 20:55:00+00:00,77702.52,77747.17,77702.52,77720.01,12.94756,1779310799999,1006402.44863840,4543,6.97830000,542414.94907280,0,BTCUSDT,binance
2026-05-20 21:00:00+00:00,77720.01,77748.03,77639.37,77740.21,22.97908,1779311099999,1785195.08568140,5711,8.69610000,675557.16158240,0,BTCUSDT,binance
2026-05-20 21:05:00+00:00,77740.21,77741.91,77720.84,77741.24,9.22795,1779311399999,717325.82374650,4455,4.47626000,347950.90776680,0,BTCUSDT,binance
2026-05-20 21:10:00+00:00,77741.24,77766.6,77738.0,77754.24,9.63081,1779311699999,748823.83796270,2830,3.75466000,291921.41510310,0,BTCUSDT,binance
2026-05-20 21:15:00+00:00,77754.24,77759.73,77666.0,77666.01,8.66058,1779311999999,673118.92542050,3643,1.81642000,141202.78310420,0,BTCUSDT,binance
2026-05-20 21:20:00+00:00,77666.0,77666.0,77603.36,77662.82,17.61347,1779312299999,1367381.93105970,5776,7.25136000,562922.83693020,0,BTCUSDT,binance
2026-05-20 21:25:00+00:00,77662.83,77663.98,77615.5,77615.51,7.44921,1779312599999,578411.41659160,3305,3.69649000,287017.19830730,0,BTCUSDT,binance
2026-05-20 21:30:00+00:00,77615.5,77633.73,77590.07,77633.72,13.51594,1779312899999,1048931.91769050,3364,3.81442000,296035.90138560,0,BTCUSDT,binance
2026-05-20 21:35:00+00:00,77633.72,77651.52,77612.92,77612.92,9.03882,1779313199999,701745.40249900,2411,2.93455000,227822.32156990,0,BTCUSDT,binance
2026-05-20 21:40:00+00:00,77612.93,77643.41,77598.74,77624.73,19.82111,1779313499999,1538515.17291030,8543,8.90823000,691388.59443210,0,BTCUSDT,binance
2026-05-20 21:45:00+00:00,77624.73,77660.31,77606.61,77640.23,10.89999,1779313799999,846192.35621310,5273,4.77856000,370917.92423090,0,BTCUSDT,binance
2026-05-20 21:50:00+00:00,77640.24,77640.24,77579.72,77588.36,14.36341,1779314099999,1114554.06270120,5066,3.01676000,234086.51229840,0,BTCUSDT,binance
2026-05-20 21:55:00+00:00,77588.37,77588.37,77500.0,77500.01,14.8059,1779314399999,1148138.78782010,5172,2.84573000,220724.18727030,0,BTCUSDT,binance
2026-05-20 22:00:00+00:00,77500.01,77500.01,77374.64,77433.75,84.61853,1779314699999,6554059.50691350,17464,18.89580000,1462969.89897640,0,BTCUSDT,binance
2026-05-20 22:05:00+00:00,77433.76,77457.94,77322.02,77334.01,64.27335,1779314999999,4973489.39012930,11868,6.83164000,528914.91037080,0,BTCUSDT,binance
2026-05-20 22:10:00+00:00,77334.01,77394.77,77300.0,77373.88,51.82362,1779315299999,4008178.38764820,11175,18.86252000,1459045.38894790,0,BTCUSDT,binance
2026-05-20 22:15:00+00:00,77373.89,77380.85,77239.34,77245.77,41.12098,1779315599999,3179374.01943810,9373,6.11514000,472825.92567800,0,BTCUSDT,binance
2026-05-20 22:20:00+00:00,77245.77,77362.06,77226.61,77362.06,24.78979,1779315899999,1915432.06987140,10415,14.98659000,1158048.11992350,0,BTCUSDT,binance
2026-05-20 22:25:00+00:00,77362.06,77443.45,77348.0,77434.01,18.6809,1779316199999,1446075.64076950,5983,12.34725000,955841.96197320,0,BTCUSDT,binance
2026-05-20 22:30:00+00:00,77434.01,77496.82,77432.0,77458.9,24.4108,1779316499999,1890897.69860890,5363,16.86745000,1306529.95298610,0,BTCUSDT,binance
2026-05-20 22:35:00+00:00,77458.91,77465.48,77379.34,77396.94,13.44627,1779316799999,1041017.37156990,5952,2.71366000,210088.89529010,0,BTCUSDT,binance
2026-05-20 22:40:00+00:00,77396.93,77447.8,77386.0,77442.31,8.44265,1779317099999,653678.02292770,3799,3.63434000,281405.99156820,0,BTCUSDT,binance
2026-05-20 22:45:00+00:00,77442.31,77500.15,77442.3,77489.92,15.38204,1779317399999,1191723.81015620,3928,10.15946000,787099.51844240,0,BTCUSDT,binance
2026-05-20 22:50:00+00:00,77489.91,77495.54,77457.84,77460.34,12.04641,1779317699999,933283.68077310,4648,4.35661000,337521.28091240,0,BTCUSDT,binance
2026-05-20 22:55:00+00:00,77460.33,77504.69,77460.33,77504.69,8.92118,1779317999999,691221.75730930,2988,3.12868000,242424.78498360,0,BTCUSDT,binance
2026-05-20 23:00:00+00:00,77504.69,77504.69,77452.11,77452.11,16.86575,1779318299999,1306621.67170340,4259,3.59238000,278289.93972880,0,BTCUSDT,binance
2026-05-20 23:05:00+00:00,77452.11,77502.75,77442.01,77442.01,23.18983,1779318599999,1796600.51661580,4035,12.34562000,956447.01433570,0,BTCUSDT,binance
2026-05-20 23:10:00+00:00,77442.01,77464.19,77399.75,77456.51,32.23608,1779318899999,2495879.06952660,5537,17.58515000,1361581.65408360,0,BTCUSDT,binance
2026-05-20 23:15:00+00:00,77456.52,77462.01,77386.93,77456.01,24.23448,1779319199999,1876342.54481790,6273,14.14767000,1095294.24353470,0,BTCUSDT,binance
2026-05-20 23:20:00+00:00,77456.0,77456.01,77406.0,77406.0,10.17341,1779319499999,787827.68426350,3218,1.97056000,152594.58894810,0,BTCUSDT,binance
2026-05-20 23:25:00+00:00,77406.0,77449.75,77394.18,77394.19,14.09305,1779319799999,1091115.14619730,4092,3.45925000,267824.71996920,0,BTCUSDT,binance
2026-05-20 23:30:00+00:00,77394.19,77446.94,77394.18,77446.94,9.03909,1779320099999,699815.40394900,3744,6.03861000,467527.92857200,0,BTCUSDT,binance
2026-05-20 23:35:00+00:00,77446.93,77489.29,77437.79,77465.55,9.31063,1779320399999,721206.92116040,4164,2.78953000,216076.90620040,0,BTCUSDT,binance
2026-05-20 23:40:00+00:00,77465.55,77487.36,77461.72,77485.69,7.98332,1779320699999,618531.25596030,2665,2.74790000,212896.88248500,0,BTCUSDT,binance
2026-05-20 23:45:00+00:00,77485.69,77543.38,77459.0,77533.99,18.98124,1779320999999,1471393.61119720,6058,6.52315000,505643.95388920,0,BTCUSDT,binance
2026-05-20 23:50:00+00:00,77533.99,77550.61,77527.25,77550.61,18.08534,1779321299999,1402267.14290410,2181,6.54784000,507682.29734830,0,BTCUSDT,binance
2026-05-20 23:55:00+00:00,77550.61,77559.34,77527.25,77552.23,14.03664,1779321599999,1088480.58985590,4075,4.88129000,378529.01056510,0,BTCUSDT,binance
2026-05-21 00:00:00+00:00,77552.24,77640.83,77525.0,77640.82,108.7757,1779321899999,8436047.68171570,8782,86.21062000,6685927.09236530,0,BTCUSDT,binance
2026-05-21 00:05:00+00:00,77640.83,77650.0,77551.13,77644.04,30.25834,1779322199999,2348329.57681980,8294,13.27497000,1030354.20882040,0,BTCUSDT,binance
2026-05-21 00:10:00+00:00,77644.04,77686.0,77641.28,77664.96,19.70514,1779322499999,1530300.19757700,5389,7.10603000,551882.68780230,0,BTCUSDT,binance
2026-05-21 00:15:00+00:00,77664.97,77700.02,77605.06,77640.69,30.83494,1779322799999,2394901.89701700,8374,16.35317000,1270168.56246850,0,BTCUSDT,binance
2026-05-21 00:20:00+00:00,77640.68,77701.45,77624.01,77701.45,19.11126,1779323099999,1483883.92504140,5081,13.17160000,1022741.33127560,0,BTCUSDT,binance
2026-05-21 00:25:00+00:00,77701.46,77728.64,77688.0,77728.64,21.10895,1779323399999,1640315.96636420,6888,9.16343000,712087.75088550,0,BTCUSDT,binance
2026-05-21 00:30:00+00:00,77728.64,77743.4,77706.45,77743.4,14.5622,1779323699999,1131841.43769120,5547,6.52049000,506787.73529040,0,BTCUSDT,binance
2026-05-21 00:35:00+00:00,77743.4,77746.01,77700.0,77736.51,23.23169,1779323999999,1805784.67076460,4195,14.32491000,1113439.96226140,0,BTCUSDT,binance
2026-05-21 00:40:00+00:00,77736.51,77749.99,77698.66,77734.99,32.00784,1779324299999,2488042.99376020,5186,21.03661000,1635235.15894950,0,BTCUSDT,binance
2026-05-21 00:45:00+00:00,77735.0,77964.44,77734.99,77948.75,89.85214,1779324599999,6996904.64847060,16366,64.11842000,4992474.97910460,0,BTCUSDT,binance
2026-05-21 00:50:00+00:00,77948.76,78071.42,77900.01,78030.01,107.77822,1779324899999,8407368.41915540,17124,78.86584000,6152407.59701590,0,BTCUSDT,binance
2026-05-21 00:55:00+00:00,78030.01,78030.01,77948.75,77967.09,50.60792,1779325199999,3947199.11798370,11633,22.99198000,1793211.39857210,0,BTCUSDT,binance
2026-05-21 01:00:00+00:00,77967.09,77999.12,77931.87,77991.62,47.9326,1779325499999,3737314.88225900,10636,23.20646000,1809474.46304380,0,BTCUSDT,binance
2026-05-21 01:05:00+00:00,77991.62,78018.58,77929.02,77985.82,35.28044,1779325799999,2750990.58947050,11160,20.28714000,1581787.89061320,0,BTCUSDT,binance
2026-05-21 01:10:00+00:00,77985.83,78132.01,77985.83,78129.27,55.57667,1779326099999,4338920.87283430,9918,40.52110000,3163893.21057070,0,BTCUSDT,binance
2026-05-21 01:15:00+00:00,78129.26,78173.15,77888.82,77895.34,74.08688,1779326399999,5783152.10724450,18085,28.93482000,2259375.46637540,0,BTCUSDT,binance
2026-05-21 01:20:00+00:00,77895.33,77936.58,77874.0,77896.27,27.64048,1779326699999,2153531.21242280,10236,12.99645000,1012567.64097080,0,BTCUSDT,binance
2026-05-21 01:25:00+00:00,77896.26,77896.27,77818.96,77877.0,54.96504,1779326999999,4279238.35741100,8059,24.87416000,1936475.10857590,0,BTCUSDT,binance
2026-05-21 01:30:00+00:00,77877.0,77882.12,77821.98,77882.12,20.17139,1779327299999,1570229.27167180,6045,11.07836000,862365.65353590,0,BTCUSDT,binance
2026-05-21 01:35:00+00:00,77882.12,77910.64,77820.0,77834.01,23.95142,1779327599999,1864970.12682130,7257,9.25423000,720583.74975990,0,BTCUSDT,binance
2026-05-21 01:40:00+00:00,77834.01,77974.98,77834.0,77894.86,44.34686,1779327899999,3455158.37325300,7409,28.63709000,2231631.63716120,0,BTCUSDT,binance
2026-05-21 01:45:00+00:00,77894.86,77970.75,77894.86,77920.01,29.50254,1779328199999,2299521.39427110,6833,9.48144000,738905.78560130,0,BTCUSDT,binance
2026-05-21 01:50:00+00:00,77920.0,77938.0,77800.0,77824.44,25.25087,1779328499999,1966066.18449190,8047,7.41397000,577245.18233290,0,BTCUSDT,binance
2026-05-21 01:55:00+00:00,77824.44,77878.17,77824.44,77863.85,15.01218,1779328799999,1168830.06577430,4721,6.23556000,485476.92862370,0,BTCUSDT,binance
2026-05-21 02:00:00+00:00,77863.85,77913.77,77845.17,77895.25,21.49313,1779329099999,1673797.58765140,5601,13.57490000,1057214.01028090,0,BTCUSDT,binance
2026-05-21 02:05:00+00:00,77895.25,77895.25,77820.1,77845.18,17.26267,1779329399999,1344059.26547420,5326,5.09351000,396577.62337440,0,BTCUSDT,binance
2026-05-21 02:10:00+00:00,77845.17,77896.71,77845.17,77874.0,18.75718,1779329699999,1460639.15701200,3926,9.21844000,717815.36745550,0,BTCUSDT,binance
2026-05-21 02:15:00+00:00,77874.0,77984.01,77868.0,77984.01,21.89026,1779329999999,1705870.59494240,5394,12.20557000,951218.20504840,0,BTCUSDT,binance
2026-05-21 02:20:00+00:00,77984.01,78080.0,77982.74,78001.5,73.03835,1779330299999,5698598.97628430,9437,44.58324000,3478097.39598240,0,BTCUSDT,binance
2026-05-21 02:25:00+00:00,78001.51,78100.0,78001.51,78037.41,43.33238,1779330599999,3382547.88465560,7021,29.37674000,2293022.62709440,0,BTCUSDT,binance
2026-05-21 02:30:00+00:00,78037.4,78050.0,78002.83,78021.14,19.41086,1779330899999,1514599.44148440,5070,5.98605000,467091.93018470,0,BTCUSDT,binance
2026-05-21 02:35:00+00:00,78021.14,78073.4,78014.98,78035.02,139.88538,1779331199999,10915021.44798080,4891,17.66257000,1378041.70883660,0,BTCUSDT,binance
2026-05-21 02:40:00+00:00,78035.02,78045.16,77990.0,78031.86,345.23708,1779331499999,26938620.94950050,7670,279.87486000,21838084.18097380,0,BTCUSDT,binance
2026-05-21 02:45:00+00:00,78031.86,78031.86,77973.03,77973.03,26.81656,1779331799999,2091771.16307780,4131,6.17640000,481768.30051560,0,BTCUSDT,binance
2026-05-21 02:50:00+00:00,77973.03,78021.65,77948.75,77959.86,80.45172,1779332099999,6273697.32399780,5036,7.43270000,579621.54692270,0,BTCUSDT,binance
2026-05-21 02:55:00+00:00,77959.87,77991.58,77955.77,77955.78,13.22303,1779332399999,1031079.46259550,3343,5.35868000,417839.04002330,0,BTCUSDT,binance
2026-05-21 03:00:00+00:00,77955.78,77982.01,77945.99,77945.99,95.71343,1779332699999,7462209.82503200,4621,8.65546000,674762.90840760,0,BTCUSDT,binance
2026-05-21 03:05:00+00:00,77945.99,78019.5,77928.5,77960.91,150.03258,1779332999999,11699735.66181890,5487,121.21994000,9452741.33186800,0,BTCUSDT,binance
2026-05-21 03:10:00+00:00,77960.91,77988.1,77958.0,77959.68,12.81173,1779333299999,998925.17742420,1965,4.59069000,357918.51127560,0,BTCUSDT,binance
2026-05-21 03:15:00+00:00,77959.68,77959.68,77908.0,77946.21,22.95554,1779333599999,1789008.39852640,3920,12.21069000,951593.67837180,0,BTCUSDT,binance
2026-05-21 03:20:00+00:00,77946.21,78037.23,77946.2,78015.5,20.45648,1779333899999,1595586.44689690,4232,13.58260000,1059312.55637530,0,BTCUSDT,binance
2026-05-21 03:25:00+00:00,78015.49,78042.01,78000.0,78034.9,16.90871,1779334199999,1319167.20144060,4065,8.10364000,632180.96320690,0,BTCUSDT,binance
2026-05-21 03:30:00+00:00,78034.9,78034.9,78005.37,78005.37,8.84337,1779334499999,689971.15427120,2747,3.68477000,287480.21543490,0,BTCUSDT,binance
2026-05-21 03:35:00+00:00,78005.38,78005.38,78000.0,78003.24,28.29722,1779334799999,2207216.42228180,2082,8.59560000,670476.97094070,0,BTCUSDT,binance
2026-05-21 03:40:00+00:00,78003.24,78019.05,77996.09,78019.05,11.78166,1779335099999,919045.81421910,2772,6.67916000,521028.66858800,0,BTCUSDT,binance
2026-05-21 03:45:00+00:00,78019.05,78044.01,78008.0,78008.01,20.38441,1779335399999,1590434.21034560,3434,4.79683000,374266.32805150,0,BTCUSDT,binance
2026-05-21 03:50:00+00:00,78008.0,78045.49,78000.0,78045.49,23.24115,1779335699999,1813312.67232440,4998,17.86551000,1393913.84925620,0,BTCUSDT,binance
2026-05-21 03:55:00+00:00,78045.48,78098.85,78045.48,78078.72,30.18031,1779335999999,2356242.63005530,4825,20.84866000,1627605.42632530,0,BTCUSDT,binance
2026-05-21 04:00:00+00:00,78078.72,78130.0,78078.71,78128.02,25.77697,1779336299999,2013457.52024300,6389,20.06540000,1567286.52240950,0,BTCUSDT,binance
2026-05-21 04:05:00+00:00,78128.01,78180.01,77980.0,77983.34,97.42083,1779336599999,7610119.16532140,12030,39.29603000,3070050.76730350,0,BTCUSDT,binance
2026-05-21 04:10:00+00:00,77983.34,78002.26,77968.6,77977.76,21.49245,1779336899999,1676096.21092440,5237,9.77535000,762331.31376650,0,BTCUSDT,binance
2026-05-21 04:15:00+00:00,77977.77,78028.0,77975.0,77975.01,31.86604,1779337199999,2485358.52647200,4616,6.89052000,537465.41955440,0,BTCUSDT,binance
2026-05-21 04:20:00+00:00,77975.01,78008.0,77965.36,78004.85,22.14528,1779337499999,1727212.66675730,3309,12.42537000,969150.34443300,0,BTCUSDT,binance
2026-05-21 04:25:00+00:00,78004.84,78030.01,78004.84,78026.32,42.55936,1779337799999,3320678.79742910,2505,16.87606000,1316681.33852850,0,BTCUSDT,binance
2026-05-21 04:30:00+00:00,78026.33,78035.77,77972.0,77972.89,28.74014,1779338099999,2241686.29950480,3594,10.50278000,819199.26409250,0,BTCUSDT,binance
2026-05-21 04:35:00+00:00,77972.9,78000.0,77969.07,78000.0,22.51607,1779338399999,1755708.08484650,3682,9.39133000,732313.22965990,0,BTCUSDT,binance
2026-05-21 04:40:00+00:00,78000.0,78009.35,77982.13,77982.13,44.77324,1779338699999,3492331.48616640,2883,10.99445000,857562.64486580,0,BTCUSDT,binance
2026-05-21 04:45:00+00:00,77982.14,78009.8,77982.13,78000.28,8.59251,1779338999999,670141.60489720,2033,3.81629000,297644.51303510,0,BTCUSDT,binance
2026-05-21 04:50:00+00:00,78000.28,78010.01,78000.28,78010.0,5.86441,1779339299999,457465.04323290,1538,3.14893000,245636.10656010,0,BTCUSDT,binance
2026-05-21 04:55:00+00:00,78010.0,78052.21,78010.0,78035.8,14.04617,1779339599999,1096058.13107520,3723,5.14321000,401284.99645480,0,BTCUSDT,binance
2026-05-21 05:00:00+00:00,78035.8,78147.07,78018.31,78111.89,69.26231,1779339899999,5408714.40971860,7401,35.30694000,2756430.26555330,0,BTCUSDT,binance
2026-05-21 05:05:00+00:00,78111.89,78125.6,78044.0,78045.78,19.07371,1779340199999,1489540.34444480,5123,10.87237000,849172.22840540,0,BTCUSDT,binance
2026-05-21 05:10:00+00:00,78045.78,78045.78,77891.31,77912.54,31.5329,1779340499999,2458201.61724380,7913,7.02932000,547882.53992810,0,BTCUSDT,binance
2026-05-21 05:15:00+00:00,77912.55,77934.36,77883.41,77929.29,41.19881,1779340799999,3210259.04769150,5942,23.40269000,1823533.01712560,0,BTCUSDT,binance
2026-05-21 05:20:00+00:00,77929.29,77947.77,77870.0,77892.01,20.79139,1779341099999,1619939.68831660,6400,12.15549000,947119.60084500,0,BTCUSDT,binance
2026-05-21 05:25:00+00:00,77892.01,77892.02,77866.66,77869.36,15.75215,1779341399999,1226660.11553080,2542,2.06042000,160446.24832030,0,BTCUSDT,binance
2026-05-21 05:30:00+00:00,77869.35,77914.34,77848.0,77899.67,27.47355,1779341699999,2139567.00784210,5322,8.26133000,643390.85882890,0,BTCUSDT,binance
2026-05-21 05:35:00+00:00,77899.68,77899.68,77882.0,77892.81,8.1243,1779341999999,632781.90534910,2073,2.45604000,191289.52233800,0,BTCUSDT,binance
2026-05-21 05:40:00+00:00,77892.81,77892.81,77842.42,77860.02,50.65209,1779342299999,3943532.61157570,4356,5.78617000,450476.06474690,0,BTCUSDT,binance
2026-05-21 05:45:00+00:00,77860.01,77860.02,77714.94,77773.55,56.9019,1779342599999,4426927.05659620,9922,8.97646000,698126.07644070,0,BTCUSDT,binance
2026-05-21 05:50:00+00:00,77773.56,77802.89,77770.0,77794.98,28.34091,1779342899999,2204423.22009900,3782,20.80343000,1618132.02696470,0,BTCUSDT,binance
2026-05-21 05:55:00+00:00,77794.98,77829.99,77780.0,77828.0,21.2696,1779343199999,1654799.76400440,4565,12.18613000,948060.52659440,0,BTCUSDT,binance
2026-05-21 06:00:00+00:00,77828.0,77857.85,77800.0,77846.34,24.69051,1779343499999,1921289.55372760,4427,7.39514000,575539.23539430,0,BTCUSDT,binance
2026-05-21 06:05:00+00:00,77846.33,77873.15,77730.16,77742.89,16.39703,1779343799999,1275862.15212510,6263,5.64800000,439478.28249580,0,BTCUSDT,binance
2026-05-21 06:10:00+00:00,77742.89,77798.31,77742.89,77769.96,11.92123,1779344099999,927070.33174140,4189,7.61218000,591955.33931800,0,BTCUSDT,binance
2026-05-21 06:15:00+00:00,77769.96,77773.82,77715.0,77735.33,23.07256,1779344399999,1793766.20244500,3880,7.02350000,546111.12306950,0,BTCUSDT,binance
2026-05-21 06:20:00+00:00,77735.34,77855.44,77735.33,77817.0,44.73104,1779344699999,3480633.88577470,7131,33.51036000,2607268.28392350,0,BTCUSDT,binance
2026-05-21 06:25:00+00:00,77817.0,77817.0,77777.0,77777.0,19.57889,1779344999999,1522991.72458610,4377,8.64492000,672462.68797790,0,BTCUSDT,binance
2026-05-21 06:30:00+00:00,77777.01,77817.0,77777.0,77778.82,11.1598,1779345299999,868254.97786930,4060,6.78189000,527636.87214180,0,BTCUSDT,binance
2026-05-21 06:35:00+00:00,77778.83,77781.84,77733.67,77733.68,18.52182,1779345599999,1440114.02355610,4254,3.79472000,295045.57181830,0,BTCUSDT,binance
2026-05-21 06:40:00+00:00,77733.67,77733.68,77648.32,77675.6,25.19373,1779345899999,1957259.16671540,6759,9.31366000,723594.06617410,0,BTCUSDT,binance
2026-05-21 06:45:00+00:00,77675.6,77675.6,77533.45,77607.98,62.43495,1779346199999,4844257.41191210,13433,17.91421000,1390105.98132950,0,BTCUSDT,binance
2026-05-21 06:50:00+00:00,77607.97,77638.02,77569.14,77600.0,32.93523,1779346499999,2555874.11369690,6521,13.18665000,1023300.91758010,0,BTCUSDT,binance
2026-05-21 06:55:00+00:00,77600.01,77622.14,77563.69,77622.14,26.78196,1779346799999,2078109.72295340,5942,11.49028000,891602.97278990,0,BTCUSDT,binance
2026-05-21 07:00:00+00:00,77622.14,77638.02,77567.19,77593.13,25.7949,1779347099999,2001695.52304280,8982,10.56491000,819894.18564890,0,BTCUSDT,binance
2026-05-21 07:05:00+00:00,77593.14,77698.52,77593.14,77617.39,37.97194,1779347399999,2949196.08434280,8495,24.23288000,1882170.65357280,0,BTCUSDT,binance
2026-05-21 07:10:00+00:00,77617.39,77628.42,77564.64,77607.14,56.78235,1779347699999,4405886.75732140,6609,13.14102000,1019739.93559400,0,BTCUSDT,binance
2026-05-21 07:15:00+00:00,77607.15,77607.15,77521.0,77542.38,50.99462,1779347999999,3954704.04377220,8573,8.70400000,674959.81126930,0,BTCUSDT,binance
2026-05-21 07:20:00+00:00,77542.39,77566.01,77534.43,77566.01,16.07473,1779348299999,1246580.89473080,8261,5.84373000,453157.92725490,0,BTCUSDT,binance
2026-05-21 07:25:00+00:00,77566.01,77611.97,77566.0,77611.97,28.48779,1779348599999,2210491.72419230,3900,14.09309000,1093508.23887180,0,BTCUSDT,binance
2026-05-21 07:30:00+00:00,77611.97,77655.93,77611.96,77655.92,62.01859,1779348899999,4815259.75838420,5843,50.18157000,3896203.28374260,0,BTCUSDT,binance
2026-05-21 07:35:00+00:00,77655.91,77680.01,77650.0,77680.0,10.91782,1779349199999,847862.19670550,5202,6.78681000,527049.75502310,0,BTCUSDT,binance
2026-05-21 07:40:00+00:00,77680.0,77720.25,77680.0,77720.25,7.39907,1779349499999,574925.55316490,3689,4.96742000,385972.61209600,0,BTCUSDT,binance
2026-05-21 07:45:00+00:00,77720.24,77789.57,77720.24,77789.57,26.48874,1779349799999,2059480.08696170,13812,22.80196000,1772842.43896210,0,BTCUSDT,binance
2026-05-21 07:50:00+00:00,77789.56,77816.9,77780.18,77816.89,25.89981,1779350099999,2014938.15124280,4931,20.88609000,1624856.84656990,0,BTCUSDT,binance
2026-05-21 07:55:00+00:00,77816.9,77901.06,77816.89,77889.01,31.67614,1779350399999,2466543.82486800,7186,24.45320000,1903950.91651170,0,BTCUSDT,binance
2026-05-21 08:00:00+00:00,77889.01,78006.01,77889.01,78006.0,39.81813,1779350699999,3103969.38035690,8139,28.05254000,2186868.48870940,0,BTCUSDT,binance
2026-05-21 08:05:00+00:00,78006.01,78200.0,77998.61,78112.0,97.69693,1779350999999,7631017.07464430,18959,62.81041000,4906021.47026940,0,BTCUSDT,binance
2026-05-21 08:10:00+00:00,78112.01,78137.12,78055.98,78137.12,59.42061,1779351299999,4640304.98040840,15922,28.97439000,2262828.72128850,0,BTCUSDT,binance
2026-05-21 08:15:00+00:00,78137.11,78174.73,78024.37,78024.38,52.47139,1779351599999,4098129.29047960,15201,16.12744000,1259666.06726240,0,BTCUSDT,binance
2026-05-21 08:20:00+00:00,78024.38,78051.81,77969.67,77996.01,32.09284,1779351899999,2503568.36570350,9020,9.94826000,776074.39567930,0,BTCUSDT,binance
2026-05-21 08:25:00+00:00,77996.0,78062.15,77935.97,78055.35,27.57114,1779352199999,2150648.26142450,7986,15.90943000,1241102.81145990,0,BTCUSDT,binance
2026-05-21 08:30:00+00:00,78055.35,78055.36,77936.94,77946.79,88.29314,1779352499999,6884140.23463890,6922,6.71572000,523717.46797290,0,BTCUSDT,binance
2026-05-21 08:35:00+00:00,77946.79,77974.01,77890.69,77921.42,31.5708,1779352799999,2460426.66480990,6650,9.09315000,708669.24577670,0,BTCUSDT,binance
2026-05-21 08:40:00+00:00,77921.42,77947.49,77916.22,77926.99,24.74858,1779353099999,1928719.82521500,4963,5.28662000,411965.43554430,0,BTCUSDT,binance
2026-05-21 08:45:00+00:00,77927.0,77927.0,77885.53,77913.75,18.2765,1779353399999,1423831.54340860,6238,7.85121000,611635.10686560,0,BTCUSDT,binance
2026-05-21 08:50:00+00:00,77913.75,77924.72,77892.0,77904.61,10.14233,1779353699999,790121.23587590,5708,2.85779000,222639.06267410,0,BTCUSDT,binance
2026-05-21 08:55:00+00:00,77904.61,77955.25,77904.6,77924.63,11.37131,1779353999999,886227.99869920,5546,7.58992000,591513.12792910,0,BTCUSDT,binance
2026-05-21 09:00:00+00:00,77924.63,77924.63,77896.96,77896.97,9.81176,1779354299999,764390.79898350,3544,2.51176000,195674.84743340,0,BTCUSDT,binance
2026-05-21 09:05:00+00:00,77896.96,77977.53,77883.0,77927.74,21.89923,1779354599999,1706674.53828100,8816,6.94578000,541247.08665900,0,BTCUSDT,binance
2026-05-21 09:10:00+00:00,77927.75,77957.97,77927.75,77935.68,13.26302,1779354899999,1033775.56762230,3413,5.25110000,409283.75043260,0,BTCUSDT,binance
2026-05-21 09:15:00+00:00,77935.67,77951.88,77924.0,77924.01,13.55834,1779355199999,1056722.62897330,2437,5.49810000,428509.59503820,0,BTCUSDT,binance
2026-05-21 09:20:00+00:00,77924.01,77953.31,77923.82,77923.83,7.16198,1779355499999,558220.06729330,2964,3.56622000,277944.70402700,0,BTCUSDT,binance
2026-05-21 09:25:00+00:00,77923.82,77937.24,77917.14,77928.4,7.83112,1779355799999,610279.47813910,2465,2.89601000,225678.29937910,0,BTCUSDT,binance
2026-05-21 09:30:00+00:00,77928.39,77940.27,77785.0,77787.36,27.11026,1779356099999,2110462.70711010,6673,7.29468000,567812.66280710,0,BTCUSDT,binance
2026-05-21 09:35:00+00:00,77787.36,77803.79,77675.29,77675.3,58.83875,1779356399999,4575408.38963170,7771,12.88393000,1001919.12628060,0,BTCUSDT,binance
2026-05-21 09:40:00+00:00,77675.3,77723.33,77675.3,77690.41,30.18671,1779356699999,2345393.35824810,9355,20.64558000,1604017.24311380,0,BTCUSDT,binance
2026-05-21 09:45:00+00:00,77690.41,77710.0,77688.99,77709.99,14.84479,1779356999999,1153434.98992580,2201,9.35683000,727030.76722890,0,BTCUSDT,binance
2026-05-21 09:50:00+00:00,77709.99,77709.99,77651.26,77651.27,30.42153,1779357299999,2362859.28451230,3499,11.26790000,875279.55901620,0,BTCUSDT,binance
2026-05-21 09:55:00+00:00,77651.27,77689.89,77633.02,77633.02,42.99982,1779357599999,3339672.15535970,4740,28.01060000,2175625.81601170,0,BTCUSDT,binance
2026-05-21 10:00:00+00:00,77633.03,77655.77,77621.02,77646.01,36.4542,1779357899999,2830230.01905280,5334,25.06592000,1946023.78792810,0,BTCUSDT,binance
2026-05-21 10:05:00+00:00,77646.0,77657.84,77622.93,77657.83,23.59693,1779358199999,1831982.48531180,5127,15.35022000,1191699.59301420,0,BTCUSDT,binance
2026-05-21 10:10:00+00:00,77657.84,77675.68,77632.07,77632.07,13.01013,1779358499999,1010284.06392310,3377,6.85896000,532616.19812160,0,BTCUSDT,binance
2026-05-21 10:15:00+00:00,77632.08,77665.67,77632.07,77665.58,28.93094,1779358799999,2246398.63296160,6065,16.55600000,1285492.31574260,0,BTCUSDT,binance
2026-05-21 10:20:00+00:00,77665.58,77678.01,77637.62,77665.95,45.25367,1779359099999,3514049.41594530,4571,39.61015000,3075812.49165770,0,BTCUSDT,binance
2026-05-21 10:25:00+00:00,77665.94,77665.95,77190.09,77383.3,281.06132,1779359399999,21747385.59783190,46602,147.82706000,11434539.39696720,0,BTCUSDT,binance
2026-05-21 10:30:00+00:00,77383.3,77438.01,77210.0,77430.86,95.27193,1779359699999,7364824.06752060,22582,49.25468000,3808706.08884830,0,BTCUSDT,binance
2026-05-21 10:35:00+00:00,77430.85,77445.31,77246.58,77246.58,40.73497,1779359999999,3151299.60102670,10953,21.23348000,1642652.76219980,0,BTCUSDT,binance
2026-05-21 10:40:00+00:00,77246.53,77372.01,77246.34,77363.33,33.26976,1779360299999,2571988.13569630,9309,20.24946000,1565360.62406550,0,BTCUSDT,binance
2026-05-21 10:45:00+00:00,77363.33,77371.99,77261.06,77292.01,59.50544,1779360599999,4601239.96546110,16096,34.97319000,2704344.61576480,0,BTCUSDT,binance
2026-05-21 10:50:00+00:00,77292.0,77292.01,77200.01,77282.98,75.45635,1779360899999,5827902.20143830,10115,44.25693000,3418179.34486390,0,BTCUSDT,binance
2026-05-21 10:55:00+00:00,77282.98,77299.8,77192.37,77198.08,50.88919,1779361199999,3930341.33156330,9636,25.14440000,1941846.84358600,0,BTCUSDT,binance
2026-05-21 11:00:00+00:00,77198.09,77299.82,77147.15,77251.23,63.1223,1779361499999,4873555.13883000,12729,28.47132000,2198613.48985700,0,BTCUSDT,binance
2026-05-21 11:05:00+00:00,77251.23,77257.64,77202.16,77229.99,30.31436,1779361799999,2341052.78061310,9274,21.33452000,1647548.11069320,0,BTCUSDT,binance
2026-05-21 11:10:00+00:00,77229.99,77345.7,77229.98,77310.69,24.77062,1779362099999,1914866.45060000,5944,19.21612000,1485437.11974500,0,BTCUSDT,binance
2026-05-21 11:15:00+00:00,77310.69,77370.62,77310.68,77327.29,25.14794,1779362399999,1944874.74363780,6242,16.38884000,1267403.36279210,0,BTCUSDT,binance
2026-05-21 11:20:00+00:00,77327.29,77364.97,77278.0,77299.24,41.85977,1779362699999,3236665.43096420,11325,23.62048000,1826377.69360550,0,BTCUSDT,binance
2026-05-21 11:25:00+00:00,77299.23,77338.3,77280.32,77323.1,26.73249,1779362999999,2066583.50861210,4141,15.56546000,1203234.05197270,0,BTCUSDT,binance
2026-05-21 11:30:00+00:00,77323.1,77372.0,77301.66,77301.67,21.10902,1779363299999,1632709.06005040,4076,10.29720000,796415.66889270,0,BTCUSDT,binance
2026-05-21 11:35:00+00:00,77301.67,77306.39,77216.85,77252.08,45.15911,1779363599999,3489542.90435900,7957,24.12778000,1864266.65843620,0,BTCUSDT,binance
2026-05-21 11:40:00+00:00,77252.08,77277.4,77242.2,77256.82,14.6215,1779363899999,1129557.73609060,5535,9.04351000,698605.26358240,0,BTCUSDT,binance
2026-05-21 11:45:00+00:00,77256.82,77260.01,77239.89,77249.88,23.35125,1779364199999,1803905.85356000,3344,12.67697000,979291.24738100,0,BTCUSDT,binance
2026-05-21 11:50:00+00:00,77249.89,77249.89,77230.0,77230.0,15.32476,1779364499999,1183724.01551750,4222,7.70335000,595015.52272590,0,BTCUSDT,binance
2026-05-21 11:55:00+00:00,77230.0,77230.0,77182.0,77189.1,48.52506,1779364799999,3746201.97197600,4503,23.82195000,1839098.99310340,0,BTCUSDT,binance
2026-05-21 12:00:00+00:00,77189.1,77278.37,77168.17,77278.37,47.16873,1779365099999,3642558.13359570,10017,28.01084000,2163317.59364340,0,BTCUSDT,binance
2026-05-21 12:05:00+00:00,77278.37,77278.37,77190.66,77205.7,33.98422,1779365399999,2624826.69921840,6098,19.97265000,1542690.29595540,0,BTCUSDT,binance
2026-05-21 12:10:00+00:00,77205.7,77205.7,77168.18,77194.0,22.71107,1779365699999,1753046.08275680,3313,10.70329000,826206.39896540,0,BTCUSDT,binance
2026-05-21 12:15:00+00:00,77194.0,77220.45,77185.55,77211.97,13.90959,1779365999999,1073836.35128450,6869,8.32223000,642493.62413210,0,BTCUSDT,binance
2026-05-21 12:20:00+00:00,77211.97,77212.01,77111.22,77130.65,26.2466,1779366299999,2024692.39912560,10955,13.58516000,1047895.28333320,0,BTCUSDT,binance
2026-05-21 12:25:00+00:00,77131.3,77169.32,77097.16,77115.08,30.55809,1779366599999,2356531.10537200,6144,13.96171000,1076619.34446220,0,BTCUSDT,binance
2026-05-21 12:30:00+00:00,77115.09,77290.01,77080.72,77277.4,59.94526,1779366899999,4626110.91769540,18094,38.53300000,2973638.41255690,0,BTCUSDT,binance
2026-05-21 12:35:00+00:00,77277.4,77323.13,77222.97,77288.0,40.89398,1779367199999,3159801.26422360,12920,20.87493000,1613055.94002020,0,BTCUSDT,binance
2026-05-21 12:40:00+00:00,77288.01,77300.42,77223.7,77243.74,27.85415,1779367499999,2151750.12741710,6153,10.31788000,797015.78707580,0,BTCUSDT,binance
2026-05-21 12:45:00+00:00,77243.73,77320.68,77243.73,77298.51,28.97339,1779367799999,2239283.94611470,4612,21.72711000,1679123.97139290,0,BTCUSDT,binance
2026-05-21 12:50:00+00:00,77298.5,77333.9,77276.82,77330.0,18.28434,1779368099999,1413447.34598230,3775,12.68990000,981025.59646440,0,BTCUSDT,binance
2026-05-21 12:55:00+00:00,77330.0,77363.32,77278.52,77278.53,32.14365,1779368399999,2485813.17085950,5378,23.68115000,1831466.09027450,0,BTCUSDT,binance
2026-05-21 13:00:00+00:00,77278.52,77348.01,77255.22,77335.43,35.80103,1779368699999,2768295.72511410,8396,26.51010000,2049863.64961470,0,BTCUSDT,binance
2026-05-21 13:05:00+00:00,77335.44,77358.05,77306.08,77340.85,27.64034,1779368999999,2137568.08259470,4899,16.26125000,1257485.18197770,0,BTCUSDT,binance
2026-05-21 13:10:00+00:00,77340.86,77340.86,77263.0,77263.0,26.46157,1779369299999,2045924.48725090,5890,7.49784000,579731.33816870,0,BTCUSDT,binance
2026-05-21 13:15:00+00:00,77263.0,77263.0,77202.14,77246.46,34.1041,1779369599999,2634097.53158960,7099,9.05084000,699041.69174450,0,BTCUSDT,binance
2026-05-21 13:20:00+00:00,77246.45,77308.58,77228.09,77286.14,26.46905,1779369899999,2045580.92705070,8368,11.39711000,880740.52934020,0,BTCUSDT,binance
2026-05-21 13:25:00+00:00,77286.14,77303.73,77234.45,77303.73,33.12788,1779370199999,2559238.37482790,7375,14.53747000,1123030.25499870,0,BTCUSDT,binance
2026-05-21 13:30:00+00:00,77303.73,77315.4,77100.01,77223.7,99.94198,1779370499999,7714581.87949850,24700,49.87469000,3849495.63180420,0,BTCUSDT,binance
2026-05-21 13:35:00+00:00,77223.71,77223.71,76848.0,76887.84,210.71244,1779370799999,16223943.71865750,41113,61.06483000,4701804.71151620,0,BTCUSDT,binance
2026-05-21 13:40:00+00:00,76887.34,76973.65,76719.47,76756.6,118.01803,1779371099999,9069533.00385510,31827,40.04509000,3078019.95864340,0,BTCUSDT,binance
2026-05-21 13:45:00+00:00,76756.6,76971.93,76746.48,76778.98,86.89325,1779371399999,6678185.04965210,26788,41.18256000,3164869.62743880,0,BTCUSDT,binance
2026-05-21 13:50:00+00:00,76778.98,77107.14,76778.98,77078.18,102.29799,1779371699999,7873100.59069660,28230,57.87098000,4453975.09809000,0,BTCUSDT,binance
2026-05-21 13:55:00+00:00,77078.18,77190.0,77053.65,77122.68,60.70731,1779371999999,4681777.61898080,21404,38.97914000,3006035.55721840,0,BTCUSDT,binance
2026-05-21 14:00:00+00:00,77122.67,77240.82,77117.2,77200.31,42.47497,1779372299999,3278663.49402790,18249,29.94216000,2311374.51075320,0,BTCUSDT,binance
2026-05-21 14:05:00+00:00,77200.32,77222.01,77048.25,77182.37,33.28079,1779372599999,2566759.91002390,16781,16.26036000,1253930.54015080,0,BTCUSDT,binance
2026-05-21 14:10:00+00:00,77182.37,77206.01,77046.0,77086.0,83.76079,1779372899999,6458757.62855540,15082,35.95617000,2772103.95488550,0,BTCUSDT,binance
2026-05-21 14:15:00+00:00,77086.01,77090.54,76912.96,76912.97,61.06079,1779373199999,4700624.80031800,22050,21.94584000,1689535.48640040,0,BTCUSDT,binance
2026-05-21 14:20:00+00:00,76912.96,76964.46,76788.8,76936.93,98.38701,1779373499999,7564448.17000740,22488,47.46146000,3649412.10721200,0,BTCUSDT,binance
2026-05-21 14:25:00+00:00,76936.92,77066.11,76931.47,77059.58,77.36433,1779373799999,5956358.25976800,14782,51.40814000,3957712.94637840,0,BTCUSDT,binance
2026-05-21 14:30:00+00:00,77059.58,77170.46,77049.39,77100.07,73.58218,1779374099999,5674004.90007280,17487,46.20528000,3562780.00493060,0,BTCUSDT,binance
2026-05-21 14:35:00+00:00,77100.07,77197.81,77092.34,77114.65,51.59244,1779374399999,3980164.36504700,12329,34.45493000,2658034.05014060,0,BTCUSDT,binance
2026-05-21 14:40:00+00:00,77114.65,77120.01,76946.77,76986.01,39.72476,1779374699999,3059146.45490430,15857,14.74769000,1135594.52669840,0,BTCUSDT,binance
2026-05-21 14:45:00+00:00,76986.01,77019.05,76894.17,76955.84,61.0073,1779374999999,4695414.04205950,13076,23.94458000,1843046.56649010,0,BTCUSDT,binance
2026-05-21 14:50:00+00:00,76955.83,77016.55,76888.0,76988.42,46.1945,1779375299999,3554462.14580220,14845,18.96024000,1458981.73099010,0,BTCUSDT,binance
2026-05-21 14:55:00+00:00,76988.01,77034.01,76958.0,76984.61,29.52201,1779375599999,2272776.53084320,9809,16.30989000,1255643.53281480,0,BTCUSDT,binance
2026-05-21 15:00:00+00:00,76984.61,77054.01,76974.55,77054.0,34.7365,1779375899999,2674754.71795380,14448,18.85185000,1451576.91431230,0,BTCUSDT,binance
2026-05-21 15:05:00+00:00,77054.0,77054.01,76900.0,76974.69,36.94598,1779376199999,2843465.09105280,14772,16.64083000,1280815.63797060,0,BTCUSDT,binance
2026-05-21 15:10:00+00:00,76974.69,77230.01,76946.68,77152.94,75.37398,1779376499999,5807643.49073040,16890,45.71141000,3522337.35176000,0,BTCUSDT,binance
2026-05-21 15:15:00+00:00,77152.93,77245.6,77120.13,77215.98,40.7382,1779376799999,3144458.23805570,14749,17.67137000,1364090.67861120,0,BTCUSDT,binance
2026-05-21 15:20:00+00:00,77215.98,77319.82,77206.0,77246.27,35.87993,1779377099999,2772535.02723790,11503,17.78737000,1374423.17676520,0,BTCUSDT,binance
2026-05-21 15:25:00+00:00,77246.27,77309.24,77230.0,77272.0,18.10147,1779377399999,1398506.64751930,7335,8.77708000,678090.75307420,0,BTCUSDT,binance
2026-05-21 15:30:00+00:00,77271.99,77287.09,77083.61,77110.69,44.09099,1779377699999,3404535.23270680,12892,11.40647000,880866.94543440,0,BTCUSDT,binance
2026-05-21 15:35:00+00:00,77110.69,77171.25,77069.77,77171.25,33.19075,1779377999999,2560044.16291930,9862,18.08387000,1394803.82258570,0,BTCUSDT,binance
2026-05-21 15:40:00+00:00,77171.25,77245.44,77171.24,77218.96,24.69217,1779378299999,1906719.68420310,5542,18.33835000,1416062.82889520,0,BTCUSDT,binance
2026-05-21 15:45:00+00:00,77218.97,77402.12,77218.97,77351.69,30.47639,1779378599999,2356947.91112960,12212,24.07576000,1861982.54390450,0,BTCUSDT,binance
2026-05-21 15:50:00+00:00,77351.68,77354.01,77168.0,77168.01,18.36936,1779378899999,1419339.68362430,7529,3.54285000,273818.45934200,0,BTCUSDT,binance
2026-05-21 15:55:00+00:00,77168.0,77268.85,77168.0,77259.46,18.50877,1779379199999,1429228.73120330,5236,14.69673000,1134741.43506910,0,BTCUSDT,binance
2026-05-21 16:00:00+00:00,77259.45,77336.67,77230.0,77262.89,22.67961,1779379499999,1752599.76419160,8690,6.59937000,510049.61120840,0,BTCUSDT,binance
2026-05-21 16:05:00+00:00,77262.9,77330.44,77262.89,77327.29,14.68311,1779379799999,1135045.93746370,7618,8.62006000,666323.72326280,0,BTCUSDT,binance
2026-05-21 16:10:00+00:00,77327.28,77344.01,77226.09,77275.9,47.17605,1779380099999,3645597.46819720,13076,19.97158000,1543331.37497250,0,BTCUSDT,binance
2026-05-21 16:15:00+00:00,77275.89,77287.93,77129.89,77167.99,30.54124,1779380399999,2357791.22471190,10015,7.13384000,550886.79116510,0,BTCUSDT,binance
2026-05-21 16:20:00+00:00,77168.0,77199.25,77122.99,77155.32,22.52168,1779380699999,1737540.47037210,10296,5.93593000,458024.75590840,0,BTCUSDT,binance
2026-05-21 16:25:00+00:00,77155.31,77200.01,77112.52,77182.01,17.13328,1779380999999,1322154.68053910,7905,8.25916000,637409.63100140,0,BTCUSDT,binance
2026-05-21 16:30:00+00:00,77182.0,77287.48,77182.0,77250.94,12.75053,1779381299999,984904.63195580,6603,7.93676000,613078.76440580,0,BTCUSDT,binance
2026-05-21 16:35:00+00:00,77250.94,77250.95,77075.79,77107.93,62.79632,1779381599999,4844060.27937880,13466,14.53050000,1120677.16033380,0,BTCUSDT,binance
2026-05-21 16:40:00+00:00,77107.93,77107.93,77034.2,77059.57,13.5286,1779381899999,1042641.73255130,7156,3.76519000,290184.83516820,0,BTCUSDT,binance
2026-05-21 16:45:00+00:00,77059.58,77095.06,77036.0,77058.2,19.11306,1779382199999,1472945.04231100,7147,5.39803000,416003.57967190,0,BTCUSDT,binance
2026-05-21 16:50:00+00:00,77058.2,77120.13,77008.75,77117.78,33.48087,1779382499999,2580890.67893710,9953,21.98731000,1695071.72362910,0,BTCUSDT,binance
2026-05-21 16:55:00+00:00,77117.78,77207.93,77111.75,77207.93,107.93124,1779382799999,8327952.81949920,11682,93.85487000,7241729.46570900,0,BTCUSDT,binance
2026-05-21 17:00:00+00:00,77207.92,77310.68,77207.92,77240.23,163.02014,1779383099999,12597464.47218300,14730,136.23162000,10527453.38968720,0,BTCUSDT,binance
2026-05-21 17:05:00+00:00,77240.22,77245.54,77181.83,77215.45,93.79164,1779383399999,7242672.41574830,9629,62.24250000,4806454.04499750,0,BTCUSDT,binance
2026-05-21 17:10:00+00:00,77215.46,77570.83,77215.45,77510.01,211.51799,1779383699999,16385184.31601670,34715,101.59848000,7867290.77822470,0,BTCUSDT,binance
2026-05-21 17:15:00+00:00,77510.01,77870.54,77498.85,77763.5,175.51846,1779383999999,13645676.82065400,37614,112.43630000,8739549.59192740,0,BTCUSDT,binance
2026-05-21 17:20:00+00:00,77763.5,77999.99,77716.53,77870.03,117.8621,1779384299999,9180110.47868300,31244,71.05976000,5535415.76008560,0,BTCUSDT,binance
2026-05-21 17:25:00+00:00,77870.04,78000.0,77870.04,77980.54,164.5245,1779384599999,12823387.70282430,18700,130.98254000,10209053.31795460,0,BTCUSDT,binance
2026-05-21 17:30:00+00:00,77980.54,78047.46,77865.1,77929.12,80.46642,1779384899999,6273510.18162230,21024,48.83661000,3808385.54028460,0,BTCUSDT,binance
2026-05-21 17:35:00+00:00,77929.12,78015.82,77929.11,77936.92,67.93326,1779385199999,5297173.41169970,12476,17.28181000,1347613.76704570,0,BTCUSDT,binance
2026-05-21 17:40:00+00:00,77936.93,77972.33,77862.51,77898.95,44.60773,1779385499999,3475754.93923500,12148,15.50774000,1208333.60706640,0,BTCUSDT,binance
2026-05-21 17:45:00+00:00,77898.95,77924.01,77790.38,77904.79,63.6374,1779385799999,4953804.07963780,15929,27.19828000,2117432.94754210,0,BTCUSDT,binance
2026-05-21 17:50:00+00:00,77904.79,78031.65,77871.53,78010.03,43.07668,1779386099999,3359174.66044640,12906,17.78064000,1386411.39049130,0,BTCUSDT,binance
2026-05-21 17:55:00+00:00,78010.04,78098.16,77869.38,77869.38,66.00662,1779386399999,5149204.26239110,14575,29.93421000,2336075.64677670,0,BTCUSDT,binance
2026-05-21 18:00:00+00:00,77869.38,77922.01,77704.0,77704.72,52.67021,1779386699999,4097981.10928900,18017,12.14863000,945236.67547090,0,BTCUSDT,binance
2026-05-21 18:05:00+00:00,77704.72,77781.06,77630.0,77747.42,52.2314,1779386999999,4058133.97257990,15946,20.55504000,1597287.89901130,0,BTCUSDT,binance
2026-05-21 18:10:00+00:00,77747.43,77747.43,77664.75,77697.17,38.60727,1779387299999,2999968.41956040,11597,22.12791000,1719273.68819650,0,BTCUSDT,binance
2026-05-21 18:15:00+00:00,77697.17,77835.08,77638.01,77822.0,22.79416,1779387599999,1772395.91509000,13859,14.79087000,1150289.27852650,0,BTCUSDT,binance
2026-05-21 18:20:00+00:00,77822.0,77897.36,77780.6,77881.81,21.3738,1779387899999,1663387.69974960,8051,13.65345000,1062639.64026860,0,BTCUSDT,binance
2026-05-21 18:25:00+00:00,77881.8,77881.81,77741.59,77741.59,38.53415,1779388199999,2998399.92105720,6636,4.12815000,321128.49409780,0,BTCUSDT,binance
2026-05-21 18:30:00+00:00,77741.6,77810.8,77724.0,77796.13,19.8729,1779388499999,1545459.71423500,8249,7.53555000,585965.40603510,0,BTCUSDT,binance
2026-05-21 18:35:00+00:00,77796.13,77796.14,77724.74,77724.75,26.85908,1779388799999,2088367.90349520,7359,6.49659000,505184.92419680,0,BTCUSDT,binance
2026-05-21 18:40:00+00:00,77724.75,77804.0,77724.74,77757.69,16.24521,1779389099999,1263379.60581470,6293,9.04766000,703538.21339480,0,BTCUSDT,binance
2026-05-21 18:45:00+00:00,77757.69,77757.7,77504.42,77530.79,54.17037,1779389399999,4205434.35860400,16763,11.35100000,881051.25296560,0,BTCUSDT,binance
2026-05-21 18:50:00+00:00,77530.79,77591.35,77299.58,77299.58,91.3712,1779389699999,7075244.01967140,32923,31.24250000,2419265.06778840,0,BTCUSDT,binance
2026-05-21 18:55:00+00:00,77299.59,77387.74,77230.0,77387.74,125.18579,1779389999999,9673625.31060870,23292,43.86366000,3389846.95824160,0,BTCUSDT,binance
2026-05-21 19:00:00+00:00,77387.74,77487.56,77365.97,77378.87,64.73663,1779390299999,5012169.86154910,14767,19.20808000,1487492.58579060,0,BTCUSDT,binance
2026-05-21 19:05:00+00:00,77378.86,77543.37,77378.86,77543.37,29.49604,1779390599999,2284700.24305610,11399,20.34409000,1575885.71365470,0,BTCUSDT,binance
2026-05-21 19:10:00+00:00,77543.38,77593.86,77527.64,77540.01,29.50266,1779390899999,2288195.58856660,10281,15.55523000,1206491.08766790,0,BTCUSDT,binance
2026-05-21 19:15:00+00:00,77540.01,77605.67,77519.69,77605.67,76.7871,1779391199999,5955708.00551320,10396,69.53799000,5393564.40483300,0,BTCUSDT,binance
2026-05-21 19:20:00+00:00,77605.66,77615.73,77562.65,77564.55,58.94973,1779391499999,4574049.54877890,9575,44.88840000,3483033.67651660,0,BTCUSDT,binance
2026-05-21 19:25:00+00:00,77564.54,77582.52,77524.31,77541.21,18.4963,1779391799999,1434409.84825410,5721,6.95456000,539335.10124470,0,BTCUSDT,binance
2026-05-21 19:30:00+00:00,77541.21,77590.01,77541.21,77590.01,15.7454,1779392099999,1221384.72894030,5324,10.22873000,793453.49432690,0,BTCUSDT,binance
2026-05-21 19:35:00+00:00,77590.01,77645.14,77590.01,77641.89,12.41676,1779392399999,963948.08991780,4939,8.89336000,690395.38098460,0,BTCUSDT,binance
2026-05-21 19:40:00+00:00,77641.89,77641.9,77608.0,77628.01,10.2262,1779392699999,793814.80510800,4631,4.94251000,383655.31948940,0,BTCUSDT,binance
2026-05-21 19:45:00+00:00,77628.0,77662.14,77617.25,77643.58,10.96511,1779392999999,851237.10181710,4707,4.87843000,378726.07646360,0,BTCUSDT,binance
2026-05-21 19:50:00+00:00,77643.59,77802.51,77643.59,77702.67,52.35863,1779393299999,4069927.77354890,16028,36.82321000,2862136.90399820,0,BTCUSDT,binance
2026-05-21 19:55:00+00:00,77702.67,77798.9,77671.23,77690.56,57.42388,1779393599999,4463639.98142830,12364,30.66532000,2383726.44033690,0,BTCUSDT,binance
2026-05-21 20:00:00+00:00,77690.56,77734.93,77673.0,77676.52,7.89704,1779393899999,613683.80733370,5636,5.28013000,410321.05689290,0,BTCUSDT,binance
2026-05-21 20:05:00+00:00,77676.51,77739.18,77664.72,77728.74,6.85869,1779394199999,532969.56985560,5869,3.79490000,294915.66632710,0,BTCUSDT,binance
2026-05-21 20:10:00+00:00,77728.74,77730.03,77677.61,77712.56,12.36296,1779394499999,960602.74199610,4830,4.05066000,314729.65122040,0,BTCUSDT,binance
2026-05-21 20:15:00+00:00,77712.56,77727.73,77693.95,77719.06,6.44644,1779394799999,500934.92762970,3446,1.76002000,136769.94275840,0,BTCUSDT,binance
2026-05-21 20:20:00+00:00,77719.06,77719.06,77700.0,77700.0,8.11127,1779395099999,630360.84271130,2767,2.16534000,168277.66407220,0,BTCUSDT,binance
2026-05-21 20:25:00+00:00,77700.0,77721.37,77692.0,77692.01,9.12565,1779395399999,709059.85139220,2489,5.39358000,419057.56694030,0,BTCUSDT,binance
2026-05-21 20:30:00+00:00,77692.01,77753.32,77692.0,77753.32,14.8881,1779395699999,1157133.61698580,2924,8.17530000,635356.50528380,0,BTCUSDT,binance
2026-05-21 20:35:00+00:00,77753.32,77804.75,77690.21,77690.21,29.23185,1779395999999,2273124.22986110,6063,19.81153000,1540779.72616700,0,BTCUSDT,binance
2026-05-21 20:40:00+00:00,77690.21,77694.01,77647.75,77694.01,13.86645,1779396299999,1076986.32399260,4929,4.75526000,369316.85663940,0,BTCUSDT,binance
2026-05-21 20:45:00+00:00,77694.01,77801.98,77694.01,77775.14,9.92102,1779396599999,771337.38895660,4431,7.38657000,574234.07430040,0,BTCUSDT,binance
2026-05-21 20:50:00+00:00,77775.14,77796.1,77658.2,77663.11,13.46507,1779396899999,1046758.53650900,6829,5.02710000,390843.37625680,0,BTCUSDT,binance
2026-05-21 20:55:00+00:00,77663.11,77716.02,77663.11,77705.81,12.58745,1779397199999,977969.31003270,3438,6.14703000,477551.79015980,0,BTCUSDT,binance
2026-05-21 21:00:00+00:00,77705.8,77797.38,77705.8,77768.72,17.21247,1779397499999,1338534.62743330,6939,10.06090000,782372.51828490,0,BTCUSDT,binance
2026-05-21 21:05:00+00:00,77768.71,77800.72,77768.71,77800.72,11.63871,1779397799999,905353.82480600,4392,4.94409000,384591.46483300,0,BTCUSDT,binance
2026-05-21 21:10:00+00:00,77800.72,77810.05,77756.52,77775.15,32.91504,1779398099999,2560365.26823910,5389,25.84090000,2010134.11252660,0,BTCUSDT,binance
2026-05-21 21:15:00+00:00,77775.15,77789.59,77768.0,77768.01,6.03616,1779398399999,469492.97293370,3221,2.14362000,166728.82576610,0,BTCUSDT,binance
2026-05-21 21:20:00+00:00,77768.01,77789.91,77762.55,77787.4,7.21004,1779398699999,560764.74779210,3204,3.65468000,284245.67041130,0,BTCUSDT,binance
2026-05-21 21:25:00+00:00,77787.39,77812.76,77768.0,77812.76,23.61626,1779398999999,1836983.11637080,3609,15.95073000,1240737.58980210,0,BTCUSDT,binance
2026-05-21 21:30:00+00:00,77813.22,77813.35,77770.42,77784.59,9.65044,1779399299999,750641.27278690,3052,4.12220000,320626.57686650,0,BTCUSDT,binance
2026-05-21 21:35:00+00:00,77784.59,77805.02,77770.0,77770.0,12.4656,1779399599999,969605.99016540,3217,3.92338000,305154.56429590,0,BTCUSDT,binance
2026-05-21 21:40:00+00:00,77770.0,77770.01,77701.78,77722.12,21.18523,1779399899999,1646720.15891380,6319,6.69373000,520231.01465960,0,BTCUSDT,binance
2026-05-21 21:45:00+00:00,77722.12,77722.12,77662.21,77663.96,14.10345,1779400199999,1095707.39685260,4216,3.10063000,240861.52858000,0,BTCUSDT,binance
2026-05-21 21:50:00+00:00,77663.96,77717.62,77655.86,77717.61,6.73438,1779400499999,523106.89576390,2729,4.03635000,313543.60616320,0,BTCUSDT,binance
2026-05-21 21:55:00+00:00,77717.62,77717.62,77645.4,77672.29,20.20229,1779400799999,1569112.80740040,5090,6.69069000,519583.30238450,0,BTCUSDT,binance
2026-05-21 22:00:00+00:00,77672.3,77750.61,77617.17,77721.65,31.68537,1779401099999,2461705.00228260,10901,9.00271000,699300.70358150,0,BTCUSDT,binance
2026-05-21 22:05:00+00:00,77721.66,77750.01,77697.22,77725.92,7.97158,1779401399999,619569.83681520,5548,3.80307000,295559.77677990,0,BTCUSDT,binance
2026-05-21 22:10:00+00:00,77725.93,77725.93,77651.61,77658.44,8.46642,1779401699999,657700.00771710,4682,4.73683000,367955.54488700,0,BTCUSDT,binance
2026-05-21 22:15:00+00:00,77658.44,77658.45,77600.0,77634.68,11.31,1779401999999,877985.17767300,5489,3.22235000,250132.28977840,0,BTCUSDT,binance
2026-05-21 22:20:00+00:00,77634.69,77663.99,77618.11,77659.67,5.77004,1779402299999,448001.37635710,4180,2.43303000,188900.63666860,0,BTCUSDT,binance
2026-05-21 22:25:00+00:00,77659.68,77698.95,77659.67,77698.95,6.59815,1779402599999,512520.68084260,2960,4.37866000,340126.42845560,0,BTCUSDT,binance
2026-05-21 22:30:00+00:00,77698.95,77716.4,77622.51,77622.51,13.075,1779402899999,1015833.72586200,4744,3.05692000,237520.47254520,0,BTCUSDT,binance
2026-05-21 22:35:00+00:00,77622.51,77635.06,77555.34,77555.34,14.78879,1779403199999,1147563.04507390,5386,3.01211000,233775.87848790,0,BTCUSDT,binance
2026-05-21 22:40:00+00:00,77555.33,77651.03,77555.33,77640.67,13.74889,1779403499999,1067124.66882030,4154,6.76918000,525258.08894040,0,BTCUSDT,binance
2026-05-21 22:45:00+00:00,77640.68,77660.95,77638.04,77638.04,6.03498,1779403799999,468632.90139970,3079,2.34369000,181995.95067990,0,BTCUSDT,binance
2026-05-21 22:50:00+00:00,77638.04,77638.05,77610.07,77619.84,6.24485,1779404099999,484712.94994240,2652,2.34647000,182116.08249950,0,BTCUSDT,binance
2026-05-21 22:55:00+00:00,77619.83,77637.85,77619.83,77628.0,4.68869,1779404399999,363979.45437390,1736,2.20490000,171159.74870200,0,BTCUSDT,binance
2026-05-21 23:00:00+00:00,77628.01,77663.99,77593.41,77655.6,17.45622,1779404699999,1354855.77235910,5532,8.81215000,683906.76278390,0,BTCUSDT,binance
2026-05-21 23:05:00+00:00,77655.6,77717.24,77655.6,77717.23,10.13267,1779404999999,787175.87425640,3596,5.96118000,463132.44072590,0,BTCUSDT,binance
2026-05-21 23:10:00+00:00,77717.24,77717.24,77565.59,77565.6,9.64798,1779405299999,749100.01509880,6308,1.60414000,124567.22872670,0,BTCUSDT,binance
2026-05-21 23:15:00+00:00,77565.6,77615.55,77534.43,77615.55,9.95744,1779405599999,772488.07340260,6465,3.52597000,273530.02089430,0,BTCUSDT,binance
2026-05-21 23:20:00+00:00,77615.55,77623.08,77589.02,77610.45,5.95308,1779405899999,461942.48419470,4083,2.15551000,167262.41716500,0,BTCUSDT,binance
2026-05-21 23:25:00+00:00,77610.45,77660.6,77609.12,77655.11,5.52996,1779406199999,429379.31319150,3541,3.02103000,234565.34470580,0,BTCUSDT,binance
2026-05-21 23:30:00+00:00,77655.12,77677.41,77638.01,77677.4,9.61043,1779406499999,746360.61406910,3639,3.29060000,255545.54196290,0,BTCUSDT,binance
2026-05-21 23:35:00+00:00,77677.41,77720.42,77677.41,77720.41,11.63699,1779406799999,904212.31189690,3628,4.06138000,315574.61638000,0,BTCUSDT,binance
2026-05-21 23:40:00+00:00,77720.42,77745.39,77708.91,77708.92,11.15165,1779407099999,866825.59656220,3075,5.53424000,430194.03527230,0,BTCUSDT,binance
2026-05-21 23:45:00+00:00,77708.92,77713.79,77687.55,77704.95,12.28861,1779407399999,954832.31204050,2617,8.50940000,661176.26987690,0,BTCUSDT,binance
2026-05-21 23:50:00+00:00,77704.96,77741.59,77692.0,77692.0,31.14697,1779407699999,2420633.88699850,5423,23.72963000,1844125.46077740,0,BTCUSDT,binance
2026-05-21 23:55:00+00:00,77692.01,77692.01,77599.13,77615.52,25.48542,1779407999999,1978487.10615770,5015,11.78355000,914597.78490020,0,BTCUSDT,binance
2026-05-22 00:00:00+00:00,77615.52,77628.38,77519.52,77546.93,37.00661,1779408299999,2870199.07670100,9884,17.16835000,1331496.21577540,0,BTCUSDT,binance
2026-05-22 00:05:00+00:00,77546.93,77568.08,77534.43,77534.43,14.10773,1779408599999,1094077.96696230,5127,6.31368000,489626.75402430,0,BTCUSDT,binance
2026-05-22 00:10:00+00:00,77534.43,77534.43,77440.85,77442.49,28.15028,1779408899999,2181160.88683770,9262,12.34234000,956415.54618680,0,BTCUSDT,binance
2026-05-22 00:15:00+00:00,77442.5,77531.25,77416.83,77477.89,15.64734,1779409199999,1212347.81240710,8591,5.88628000,456019.35891170,0,BTCUSDT,binance
2026-05-22 00:20:00+00:00,77477.88,77547.56,77477.88,77536.55,17.91806,1779409499999,1388825.05500060,5838,8.17084000,633296.30865090,0,BTCUSDT,binance
2026-05-22 00:25:00+00:00,77536.54,77547.56,77484.0,77484.0,8.81816,1779409799999,683616.17073610,5894,1.51884000,117740.51573960,0,BTCUSDT,binance
2026-05-22 00:30:00+00:00,77484.0,77562.01,77484.0,77530.68,10.76866,1779410099999,834885.06100180,7504,4.87508000,377952.36054180,0,BTCUSDT,binance
2026-05-22 00:35:00+00:00,77530.69,77544.98,77460.34,77460.34,12.48234,1779410399999,967515.82171740,7921,4.14871000,321579.29954810,0,BTCUSDT,binance
2026-05-22 00:40:00+00:00,77460.35,77478.02,77394.3,77472.95,15.30041,1779410699999,1184913.80758170,6512,5.45405000,422366.22699930,0,BTCUSDT,binance
2026-05-22 00:45:00+00:00,77472.95,77510.67,77420.87,77451.3,12.98017,1779410999999,1005503.27341380,8758,5.86932000,454645.89102930,0,BTCUSDT,binance
2026-05-22 00:50:00+00:00,77451.3,77461.5,77394.3,77394.33,35.12253,1779411299999,2719351.70710840,5838,5.55551000,430052.00693500,0,BTCUSDT,binance
2026-05-22 00:55:00+00:00,77394.33,77446.6,77369.49,77373.57,20.3204,1779411599999,1572874.34841310,7605,7.88727000,610478.88080680,0,BTCUSDT,binance
2026-05-22 01:00:00+00:00,77373.57,77377.02,77327.28,77338.0,20.98131,1779411899999,1622949.39759620,9594,7.85183000,607321.43587090,0,BTCUSDT,binance
2026-05-22 01:05:00+00:00,77338.01,77408.08,77338.0,77404.94,15.57543,1779412199999,1205234.33768950,7828,6.46935000,500578.26556460,0,BTCUSDT,binance
2026-05-22 01:10:00+00:00,77404.94,77514.01,77404.0,77514.01,18.82922,1779412499999,1458400.32808260,5637,10.14604000,785942.87305800,0,BTCUSDT,binance
2026-05-22 01:15:00+00:00,77514.0,77541.8,77446.31,77541.79,74.83119,1779412799999,5798073.56257590,7701,67.54072000,5233213.59061400,0,BTCUSDT,binance
2026-05-22 01:20:00+00:00,77541.8,77541.8,77456.36,77457.08,12.64994,1779413099999,980297.62285140,4557,2.01633000,156239.48427890,0,BTCUSDT,binance
2026-05-22 01:25:00+00:00,77457.08,77473.44,77457.07,77473.44,11.75298,1779413399999,910425.00086580,2269,5.31513000,411709.43667740,0,BTCUSDT,binance
2026-05-22 01:30:00+00:00,77473.43,77506.0,77407.98,77413.85,22.39142,1779413699999,1734284.29343830,7271,6.12249000,474133.55383030,0,BTCUSDT,binance
2026-05-22 01:35:00+00:00,77413.84,77439.55,77356.66,77439.55,16.43176,1779413999999,1271651.51516880,4540,7.09390000,548972.18977100,0,BTCUSDT,binance
2026-05-22 01:40:00+00:00,77439.54,77521.64,77415.38,77521.64,9.52163,1779414299999,737479.77117330,6530,5.36527000,415611.62865740,0,BTCUSDT,binance
2026-05-22 01:45:00+00:00,77521.64,77638.02,77521.63,77625.25,14.25472,1779414599999,1106111.54433250,4485,10.26749000,796633.92840660,0,BTCUSDT,binance
2026-05-22 01:50:00+00:00,77625.25,77673.5,77600.0,77604.61,24.90321,1779414899999,1933478.27123970,5309,7.32830000,568974.18177860,0,BTCUSDT,binance
2026-05-22 01:55:00+00:00,77604.61,77616.0,77563.46,77616.0,10.74327,1779415199999,833645.28356680,3700,4.30078000,333713.92811880,0,BTCUSDT,binance
2026-05-22 02:00:00+00:00,77616.0,77700.83,77615.99,77700.82,67.19415,1779415499999,5219411.83318680,7286,51.09188000,3968611.12527060,0,BTCUSDT,binance
2026-05-22 02:05:00+00:00,77700.83,77700.83,77642.76,77675.94,18.12907,1779415799999,1408213.01751420,4412,3.33006000,258625.18367200,0,BTCUSDT,binance
2026-05-22 02:10:00+00:00,77675.94,77675.94,77644.77,77669.97,9.28106,1779416099999,720805.73537560,2978,3.18905000,247667.47819760,0,BTCUSDT,binance
2026-05-22 02:15:00+00:00,77669.96,77714.0,77669.96,77709.09,20.56748,1779416399999,1598006.77155180,4231,10.94378000,850210.80451600,0,BTCUSDT,binance
2026-05-22 02:20:00+00:00,77709.09,77728.01,77651.21,77656.71,13.57088,1779416699999,1054561.53594140,7876,3.76321000,292437.69707640,0,BTCUSDT,binance
2026-05-22 02:25:00+00:00,77656.71,77663.74,77619.32,77663.73,7.96508,1779416999999,618384.73621250,3545,2.77983000,215837.24645440,0,BTCUSDT,binance
2026-05-22 02:30:00+00:00,77663.73,77705.27,77608.06,77622.89,16.6484,1779417299999,1292776.95219630,5491,7.57229000,588033.83631930,0,BTCUSDT,binance
2026-05-22 02:35:00+00:00,77622.9,77655.48,77622.89,77645.7,6.82089,1779417599999,529617.96747570,3561,2.27716000,176806.81085570,0,BTCUSDT,binance
2026-05-22 02:40:00+00:00,77645.7,77653.83,77630.0,77631.05,9.65326,1779417899999,749533.20210780,3918,2.36499000,183627.23937120,0,BTCUSDT,binance
2026-05-22 02:45:00+00:00,77631.04,77704.75,77593.16,77624.99,59.14618,1779418199999,4592499.65522390,7040,22.24018000,1726725.03107940,0,BTCUSDT,binance
2026-05-22 02:50:00+00:00,77624.99,77650.7,77621.66,77625.43,8.0743,1779418499999,626805.34526200,2875,2.72227000,211331.65272660,0,BTCUSDT,binance
2026-05-22 02:55:00+00:00,77625.43,77673.37,77625.43,77673.36,7.76047,1779418799999,602555.40845630,2484,5.43150000,421744.74250830,0,BTCUSDT,binance
2026-05-22 03:00:00+00:00,77673.37,77750.0,77673.36,77749.99,14.97556,1779419099999,1163839.54437500,4693,10.00748000,777819.85667210,0,BTCUSDT,binance
2026-05-22 03:05:00+00:00,77749.99,77779.71,77718.59,77726.13,15.27616,1779419399999,1187592.46620600,5409,9.22547000,717219.96204860,0,BTCUSDT,binance
2026-05-22 03:10:00+00:00,77726.13,77743.95,77709.1,77713.89,6.55552,1779419699999,509570.64251830,3431,1.64383000,127774.25361280,0,BTCUSDT,binance
2026-05-22 03:15:00+00:00,77713.89,77754.86,77686.1,77697.1,14.42864,1779419999999,1121369.45707200,5007,8.50127000,660750.05454680,0,BTCUSDT,binance
2026-05-22 03:20:00+00:00,77697.11,77767.52,77697.1,77754.15,5.86536,1779420299999,455946.61630600,2809,3.63069000,282219.82325790,0,BTCUSDT,binance
2026-05-22 03:25:00+00:00,77754.15,77794.92,77742.4,77794.91,10.63892,1779420599999,827293.40239850,3985,7.53719000,586111.44909520,0,BTCUSDT,binance
2026-05-22 03:30:00+00:00,77794.91,77806.25,77750.6,77806.24,11.72194,1779420899999,911744.03320700,4919,7.06919000,549872.66898460,0,BTCUSDT,binance
2026-05-22 03:35:00+00:00,77806.24,77806.25,77769.2,77790.61,15.73119,1779421199999,1223700.29743400,4940,8.73872000,679762.30975180,0,BTCUSDT,binance
2026-05-22 03:40:00+00:00,77790.62,77803.93,77787.13,77787.14,12.34459,1779421499999,960371.25103250,3169,5.94575000,462559.68265680,0,BTCUSDT,binance
2026-05-22 03:45:00+00:00,77787.13,77788.53,77773.85,77784.42,18.7534,1779421799999,1458735.26866750,2543,4.40643000,342745.12056590,0,BTCUSDT,binance
2026-05-22 03:50:00+00:00,77784.42,77817.8,77748.65,77773.53,16.42398,1779422099999,1277559.98615080,4324,7.14021000,555378.78773440,0,BTCUSDT,binance
2026-05-22 03:55:00+00:00,77773.53,77780.0,77756.12,77779.98,15.28636,1779422399999,1188834.51638750,2955,10.61039000,825169.89852990,0,BTCUSDT,binance
2026-05-22 04:00:00+00:00,77779.98,77829.71,77779.98,77817.0,17.6223,1779422699999,1371241.38909300,3640,9.16171000,712865.84164580,0,BTCUSDT,binance
2026-05-22 04:05:00+00:00,77817.0,77876.7,77817.0,77876.69,50.25614,1779422999999,3912259.08639370,5536,36.96677000,2877720.72041840,0,BTCUSDT,binance
2026-05-22 04:10:00+00:00,77876.69,77889.52,77860.9,77878.32,33.72412,1779423299999,2626215.91599010,3514,23.71989000,1847142.19380950,0,BTCUSDT,binance
2026-05-22 04:15:00+00:00,77878.31,77900.0,77806.72,77839.99,21.56532,1779423599999,1678563.98802040,5568,7.93521000,617677.06755190,0,BTCUSDT,binance
2026-05-22 04:20:00+00:00,77839.99,77863.62,77802.0,77802.01,22.20962,1779423899999,1728866.20123130,4312,5.38767000,419363.57795660,0,BTCUSDT,binance
2026-05-22 04:25:00+00:00,77802.0,77803.92,77775.0,77803.92,56.99047,1779424199999,4433408.10356980,4798,48.83780000,3799214.69185910,0,BTCUSDT,binance
2026-05-22 04:30:00+00:00,77803.92,77810.58,77784.4,77806.12,71.54415,1779424499999,5565970.14346960,7341,64.12172000,4988496.72786330,0,BTCUSDT,binance
2026-05-22 04:35:00+00:00,77806.11,77806.12,77694.0,77699.99,90.77228,1779424799999,7058096.27528340,9213,56.16872000,4367816.14014250,0,BTCUSDT,binance
2026-05-22 04:40:00+00:00,77700.0,77703.49,77687.17,77692.58,14.64137,1779425099999,1137585.21506310,2394,5.45517000,423850.08396970,0,BTCUSDT,binance
2026-05-22 04:45:00+00:00,77692.58,77692.58,77650.0,77650.0,23.42155,1779425399999,1818936.17275630,5664,5.26605000,408957.95904270,0,BTCUSDT,binance
2026-05-22 04:50:00+00:00,77650.0,77696.7,77637.99,77638.0,59.62229,1779425699999,4630275.02023690,4798,13.39113000,1040062.44234200,0,BTCUSDT,binance
2026-05-22 04:55:00+00:00,77638.0,77655.43,77637.99,77655.42,13.3972,1779425999999,1040313.79030100,1592,4.94392000,383903.36592090,0,BTCUSDT,binance
2026-05-22 05:00:00+00:00,77655.43,77660.85,77621.0,77650.19,62.70475,1779426299999,4868843.60611980,4821,48.01763000,3728359.38049400,0,BTCUSDT,binance
2026-05-22 05:05:00+00:00,77650.2,77700.29,77646.08,77700.29,21.96483,1779426599999,1705934.65496490,3953,8.74580000,679351.77115350,0,BTCUSDT,binance
2026-05-22 05:10:00+00:00,77700.3,77726.0,77681.5,77687.42,8.49609,1779426899999,660093.16069240,3963,1.87096000,145361.97371340,0,BTCUSDT,binance
2026-05-22 05:15:00+00:00,77687.43,77699.2,77687.43,77687.49,5.57333,1779427199999,433009.87831060,1675,2.20886000,171616.85275760,0,BTCUSDT,binance
2026-05-22 05:20:00+00:00,77687.49,77687.49,77575.51,77575.52,17.55294,1779427499999,1362712.71352280,6531,1.29407000,100474.86924210,0,BTCUSDT,binance
2026-05-22 05:25:00+00:00,77575.51,77602.39,77575.51,77602.39,21.24917,1779427799999,1648804.32333630,4777,9.29483000,721168.33276080,0,BTCUSDT,binance
2026-05-22 05:30:00+00:00,77602.39,77637.3,77586.73,77602.51,45.52006,1779428099999,3533010.17902190,5722,4.49840000,349116.74929750,0,BTCUSDT,binance
2026-05-22 05:35:00+00:00,77602.52,77619.18,77583.24,77591.01,30.38798,1779428399999,2358073.65873860,5307,4.25157000,329905.99034790,0,BTCUSDT,binance
2026-05-22 05:40:00+00:00,77591.01,77614.85,77532.6,77591.4,56.37709,1779428699999,4372968.26992240,6020,18.66050000,1447327.20661930,0,BTCUSDT,binance
2026-05-22 05:45:00+00:00,77591.39,77640.69,77591.39,77640.69,22.07652,1779428999999,1713241.58147780,4592,6.33987000,492031.47121850,0,BTCUSDT,binance
2026-05-22 05:50:00+00:00,77640.69,77669.9,77622.43,77622.43,16.20734,1779429299999,1258607.36657840,4530,7.03251000,546147.28336010,0,BTCUSDT,binance
2026-05-22 05:55:00+00:00,77622.44,77622.44,77454.56,77489.0,36.2071,1779429599999,2806734.61372800,9541,7.49390000,580684.80323120,0,BTCUSDT,binance
2026-05-22 06:00:00+00:00,77489.0,77525.85,77450.8,77520.77,25.75964,1779429899999,1995831.29087040,9054,13.04535000,1010785.55599570,0,BTCUSDT,binance
2026-05-22 06:05:00+00:00,77520.77,77520.77,77433.16,77473.63,24.92246,1779430199999,1930769.34058960,10001,7.44656000,576792.52615920,0,BTCUSDT,binance
2026-05-22 06:10:00+00:00,77473.64,77500.3,77471.87,77490.06,30.03562,1779430499999,2327037.67479090,4067,26.11598000,2023318.38356440,0,BTCUSDT,binance
2026-05-22 06:15:00+00:00,77490.05,77490.06,77437.62,77458.01,60.85062,1779430799999,4713898.39154560,7268,28.20166000,2184668.58857060,0,BTCUSDT,binance
2026-05-22 06:20:00+00:00,77458.0,77473.44,77430.85,77430.86,56.94329,1779431099999,4410718.75964810,9478,23.11766000,1790533.89259790,0,BTCUSDT,binance
2026-05-22 06:25:00+00:00,77430.86,77469.0,77417.65,77466.28,19.35971,1779431399999,1499201.72008290,5024,10.11388000,783203.66958290,0,BTCUSDT,binance
2026-05-22 06:30:00+00:00,77466.29,77469.0,77410.9,77434.51,25.11072,1779431699999,1944279.24642940,7950,8.94812000,692802.05803710,0,BTCUSDT,binance
2026-05-22 06:35:00+00:00,77434.51,77434.51,77406.61,77416.7,17.57651,1779431999999,1360750.05126610,4424,5.86915000,454373.29429540,0,BTCUSDT,binance
2026-05-22 06:40:00+00:00,77416.7,77481.62,77412.0,77481.42,190.3791,1779432299999,14746528.06426080,7053,115.81154000,8969691.98852320,0,BTCUSDT,binance
2026-05-22 06:45:00+00:00,77481.42,77515.0,77443.0,77501.05,43.90399,1779432599999,3402146.91847410,6591,36.27020000,2810664.06879830,0,BTCUSDT,binance
2026-05-22 06:50:00+00:00,77501.06,77501.6,77452.91,77452.92,19.1495,1779432899999,1483688.19643640,6017,10.69994000,829003.00135800,0,BTCUSDT,binance
2026-05-22 06:55:00+00:00,77452.92,77452.92,77370.4,77423.41,28.84268,1779433199999,2232784.01119950,7979,6.63215000,513342.01516530,0,BTCUSDT,binance
2026-05-22 07:00:00+00:00,77423.41,77426.73,77288.77,77347.42,77.57434,1779433499999,5999072.90415300,11791,11.92276000,922131.68672820,0,BTCUSDT,binance
2026-05-22 07:05:00+00:00,77347.43,77357.76,77288.8,77317.43,29.41287,1779433799999,2274324.19097710,6486,9.09189000,702981.37266460,0,BTCUSDT,binance
2026-05-22 07:10:00+00:00,77317.43,77402.96,77317.42,77374.96,15.466,1779434099999,1196662.68316800,5916,9.05949000,700871.37996060,0,BTCUSDT,binance
2026-05-22 07:15:00+00:00,77374.96,77500.0,77374.95,77500.0,18.24021,1779434399999,1412671.79849780,5413,13.17878000,1020706.79710100,0,BTCUSDT,binance
2026-05-22 07:20:00+00:00,77500.0,77524.3,77464.46,77464.46,36.86651,1779434699999,2857281.89544940,6673,23.85181000,1848675.56809350,0,BTCUSDT,binance
2026-05-22 07:25:00+00:00,77464.47,77509.05,77460.22,77509.05,9.67278,1779434999999,749475.82083760,7121,5.85840000,453923.74263690,0,BTCUSDT,binance
2026-05-22 07:30:00+00:00,77509.04,77543.38,77470.0,77470.01,49.15938,1779435299999,3810565.23360490,6541,36.94022000,2863461.79088370,0,BTCUSDT,binance
2026-05-22 07:35:00+00:00,77470.01,77489.4,77441.27,77465.75,35.56108,1779435599999,2754943.70313430,7203,20.71660000,1604905.51784940,0,BTCUSDT,binance
2026-05-22 07:40:00+00:00,77465.75,77513.01,77465.74,77479.04,32.21767,1779435899999,2496733.81213370,5265,19.14663000,1483719.52519990,0,BTCUSDT,binance
2026-05-22 07:45:00+00:00,77479.04,77479.04,77431.32,77458.26,28.51227,1779436199999,2208220.41920790,6514,21.02537000,1628365.61570850,0,BTCUSDT,binance
2026-05-22 07:50:00+00:00,77458.25,77458.26,77430.85,77439.2,27.74248,1779436499999,2148696.85164920,4193,20.05877000,1553577.54002800,0,BTCUSDT,binance
2026-05-22 07:55:00+00:00,77439.2,77439.2,77400.0,77408.06,33.50009,1779436799999,2593517.59126480,5680,22.40567000,1734585.56699270,0,BTCUSDT,binance
2026-05-22 08:00:00+00:00,77408.07,77464.82,77406.7,77430.86,24.93198,1779437099999,1930766.46637640,8386,5.81491000,450270.13165460,0,BTCUSDT,binance
2026-05-22 08:05:00+00:00,77430.86,77430.86,77367.92,77391.18,27.03383,1779437399999,2092098.39050850,6006,6.29091000,486780.03398730,0,BTCUSDT,binance
2026-05-22 08:10:00+00:00,77391.18,77449.37,77391.17,77404.82,23.30496,1779437699999,1804223.54409760,5560,8.32703000,644630.93922250,0,BTCUSDT,binance
2026-05-22 08:15:00+00:00,77404.81,77534.44,77404.81,77512.01,62.11075,1779437999999,4813657.89939370,12044,50.52176000,3915351.98448010,0,BTCUSDT,binance
2026-05-22 08:20:00+00:00,77512.01,77535.0,77467.99,77500.31,49.87216,1779438299999,3865248.02724080,6698,40.31782000,3124731.97784540,0,BTCUSDT,binance
2026-05-22 08:25:00+00:00,77500.31,77505.0,77446.01,77490.56,31.52669,1779438599999,2442773.56066660,5577,21.68245000,1680132.05321880,0,BTCUSDT,binance
2026-05-22 08:30:00+00:00,77490.55,77495.48,77343.92,77357.32,59.66836,1779438899999,4621212.24356370,7429,11.25215000,871440.66122130,0,BTCUSDT,binance
2026-05-22 08:35:00+00:00,77357.31,77368.83,77216.0,77307.08,103.16483,1779439199999,7972559.06923490,23355,30.75645000,2377575.60744810,0,BTCUSDT,binance
2026-05-22 08:40:00+00:00,77307.08,77328.43,77250.0,77324.41,39.60619,1779439499999,3061197.04391540,12868,20.16966000,1558825.26919190,0,BTCUSDT,binance
2026-05-22 08:45:00+00:00,77324.41,77357.43,77318.67,77325.52,46.06652,1779439799999,3562614.69811470,7423,21.20790000,1640128.79020990,0,BTCUSDT,binance
2026-05-22 08:50:00+00:00,77325.53,77356.06,77283.71,77326.69,20.97498,1779440099999,1621755.72596560,5329,12.28355000,949732.68681800,0,BTCUSDT,binance
2026-05-22 08:55:00+00:00,77326.69,77341.61,77257.58,77267.38,21.39452,1779440399999,1653929.03521280,5117,11.06591000,855344.49444800,0,BTCUSDT,binance
2026-05-22 09:00:00+00:00,77267.39,77292.04,77226.8,77289.52,18.66025,1779440699999,1441693.01099050,4321,12.32185000,952021.02909050,0,BTCUSDT,binance
2026-05-22 09:05:00+00:00,77289.52,77289.52,77207.48,77235.61,33.77847,1779440999999,2609049.50936730,5962,19.13379000,1477807.63829930,0,BTCUSDT,binance
2026-05-22 09:10:00+00:00,77235.61,77250.85,77209.87,77212.36,16.2868,1779441299999,1257823.39966720,4495,10.29997000,795455.60521630,0,BTCUSDT,binance
2026-05-22 09:15:00+00:00,77212.36,77280.49,77200.0,77245.8,26.55825,1779441599999,2050982.59699420,6869,16.29918000,1258666.34333940,0,BTCUSDT,binance
2026-05-22 09:20:00+00:00,77245.81,77308.85,77237.85,77308.85,14.92247,1779441899999,1153267.04448320,4822,11.14048000,860938.05609950,0,BTCUSDT,binance
2026-05-22 09:25:00+00:00,77308.85,77308.85,77266.0,77266.01,22.17435,1779442199999,1713942.51512320,4291,6.52382000,504242.11283820,0,BTCUSDT,binance
2026-05-22 09:30:00+00:00,77266.0,77279.41,77220.31,77226.24,19.63831,1779442499999,1516902.86084950,4861,12.72124000,982591.96234250,0,BTCUSDT,binance
2026-05-22 09:35:00+00:00,77226.24,77277.31,77207.39,77277.3,28.53875,1779442799999,2204339.54958650,6648,22.55150000,1741925.49673620,0,BTCUSDT,binance
2026-05-22 09:40:00+00:00,77277.31,77321.75,77263.36,77315.9,18.9149,1779443099999,1462083.02978390,3788,8.72453000,674396.56791950,0,BTCUSDT,binance
2026-05-22 09:45:00+00:00,77315.9,77315.9,77260.18,77309.67,19.97482,1779443399999,1543839.80132640,4678,15.24959000,1178617.48761030,0,BTCUSDT,binance
2026-05-22 09:50:00+00:00,77309.67,77360.0,77309.66,77341.76,31.1165,1779443699999,2406646.03771720,3461,24.74166000,1913554.56644690,0,BTCUSDT,binance
2026-05-22 09:55:00+00:00,77341.75,77344.73,77306.67,77307.11,25.76559,1779443999999,1992437.80943350,2280,14.23512000,1100707.63571520,0,BTCUSDT,binance
2026-05-22 10:00:00+00:00,77307.12,77329.26,77289.44,77296.91,57.47116,1779444299999,4442537.50829860,5600,32.08039000,2479707.19187520,0,BTCUSDT,binance
2026-05-22 10:05:00+00:00,77296.91,77349.76,77296.9,77338.67,15.68043,1779444599999,1212497.98177970,3900,11.26586000,871110.25204760,0,BTCUSDT,binance
2026-05-22 10:10:00+00:00,77338.67,77338.67,77315.24,77315.25,25.79421,1779444899999,1994718.29545480,2950,11.63755000,899930.85638480,0,BTCUSDT,binance
2026-05-22 10:15:00+00:00,77315.25,77315.25,77261.73,77276.03,25.36696,1779445199999,1960371.10529110,4329,12.10236000,935200.25552590,0,BTCUSDT,binance
2026-05-22 10:20:00+00:00,77276.03,77328.82,77272.07,77328.81,29.3958,1779445499999,2272096.45726780,4264,22.37359000,1729252.27271870,0,BTCUSDT,binance
2026-05-22 10:25:00+00:00,77328.81,77350.17,77328.81,77347.24,18.47783,1779445799999,1429087.39227670,2332,13.73639000,1062369.93417810,0,BTCUSDT,binance
2026-05-22 10:30:00+00:00,77347.23,77363.01,77321.27,77344.4,14.40577,1779446099999,1114136.61989920,3816,7.92794000,613119.80000430,0,BTCUSDT,binance
2026-05-22 10:35:00+00:00,77344.39,77344.4,77303.96,77333.47,19.14849,1779446399999,1480606.59921190,3269,6.69575000,517691.22136300,0,BTCUSDT,binance
2026-05-22 10:40:00+00:00,77333.47,77336.8,77329.58,77336.15,7.89054,1779446699999,610197.18474000,1698,3.06958000,237375.74905520,0,BTCUSDT,binance
2026-05-22 10:45:00+00:00,77336.15,77338.17,77307.84,77326.17,13.75826,1779446999999,1063877.82343880,4414,5.53236000,427777.39713850,0,BTCUSDT,binance
2026-05-22 10:50:00+00:00,77326.18,77326.18,77313.23,77313.24,7.75898,1779447299999,599878.56893990,1527,1.88007000,145356.52381450,0,BTCUSDT,binance
2026-05-22 10:55:00+00:00,77313.23,77313.24,77282.91,77312.0,39.86977,1779447599999,3082174.92304670,4486,8.31754000,642907.78265770,0,BTCUSDT,binance
2026-05-22 11:00:00+00:00,77311.99,77360.0,77311.99,77333.93,15.48663,1779447899999,1197614.72080490,5325,8.42193000,651286.16946070,0,BTCUSDT,binance
2026-05-22 11:05:00+00:00,77333.93,77333.93,77292.26,77319.5,30.88507,1779448199999,2387980.27464620,5059,21.89434000,1692836.68389690,0,BTCUSDT,binance
2026-05-22 11:10:00+00:00,77319.49,77319.5,77296.79,77303.79,74.25533,1779448499999,5740768.36449290,6539,62.15972000,4805668.51248920,0,BTCUSDT,binance
2026-05-22 11:15:00+00:00,77303.79,77303.8,77213.34,77213.35,16.31664,1779448799999,1260679.48474910,5952,4.35477000,336457.04096620,0,BTCUSDT,binance
2026-05-22 11:20:00+00:00,77213.34,77251.76,77184.45,77251.74,79.31553,1779449099999,6126254.11672250,8686,53.42328000,4126406.72382170,0,BTCUSDT,binance
2026-05-22 11:25:00+00:00,77251.74,77357.21,77251.74,77315.24,56.31528,1779449399999,4353354.41854670,7362,43.29956000,3346823.73462440,0,BTCUSDT,binance
2026-05-22 11:30:00+00:00,77315.23,77336.24,77304.13,77309.73,10.16631,1779449699999,786050.54356000,3416,6.07346000,469584.00460280,0,BTCUSDT,binance
2026-05-22 11:35:00+00:00,77309.72,77349.44,77309.72,77347.99,18.63254,1779449999999,1441009.05241210,3944,10.68018000,825980.15683630,0,BTCUSDT,binance
2026-05-22 11:40:00+00:00,77348.0,77348.0,77333.89,77343.9,5.38497,1779450299999,416481.36900500,1822,2.83941000,219601.83384090,0,BTCUSDT,binance
2026-05-22 11:45:00+00:00,77343.9,77425.97,77330.86,77409.79,46.31921,1779450599999,3584112.88820440,7143,24.97855000,1933004.29065440,0,BTCUSDT,binance
2026-05-22 11:50:00+00:00,77409.79,77430.55,77404.31,77404.31,10.45528,1779450899999,809452.76527580,3906,5.37447000,416089.97680570,0,BTCUSDT,binance
2026-05-22 11:55:00+00:00,77404.31,77428.84,77379.29,77428.84,11.99831,1779451199999,928642.23886310,3838,7.90788000,612068.10966450,0,BTCUSDT,binance
2026-05-22 12:00:00+00:00,77428.83,77446.01,77395.45,77437.03,26.41067,1779451499999,2044969.52622290,7256,18.88315000,1462123.22554820,0,BTCUSDT,binance
2026-05-22 12:05:00+00:00,77437.02,77450.62,77418.61,77439.75,18.13923,1779451799999,1404760.22679200,3678,5.39828000,418033.18424880,0,BTCUSDT,binance
2026-05-22 12:10:00+00:00,77439.75,77558.01,77425.0,77535.89,74.80387,1779452099999,5798145.20130030,13485,39.49769000,3061020.23363670,0,BTCUSDT,binance
2026-05-22 12:15:00+00:00,77535.89,77584.94,77479.5,77539.12,46.11903,1779452399999,3575866.50867480,11490,21.54248000,1670405.03815220,0,BTCUSDT,binance
2026-05-22 12:20:00+00:00,77539.12,77563.68,77427.24,77473.48,37.01924,1779452699999,2868860.82056850,8869,10.03683000,777861.07297620,0,BTCUSDT,binance
2026-05-22 12:25:00+00:00,77473.49,77477.17,77413.33,77432.23,15.01308,1779452999999,1162574.95808360,4739,3.90519000,302421.56534860,0,BTCUSDT,binance
2026-05-22 12:30:00+00:00,77432.23,77463.37,77413.33,77450.28,12.60922,1779453299999,976347.53047070,4559,5.73954000,444438.92460720,0,BTCUSDT,binance
2026-05-22 12:35:00+00:00,77450.29,77454.54,77423.57,77453.28,29.68252,1779453599999,2298688.10024330,3691,12.88366000,997752.67918550,0,BTCUSDT,binance
2026-05-22 12:40:00+00:00,77453.27,77453.28,77405.4,77424.94,12.35711,1779453899999,956862.54588080,5168,4.39744000,340442.56625210,0,BTCUSDT,binance
2026-05-22 12:45:00+00:00,77424.95,77478.2,77424.94,77478.2,9.35376,1779454199999,724539.36760990,2779,6.46533000,500797.18211730,0,BTCUSDT,binance
2026-05-22 12:50:00+00:00,77478.2,77533.6,77478.19,77520.17,13.92235,1779454499999,1079222.35116150,3024,10.62172000,823369.53961450,0,BTCUSDT,binance
2026-05-22 12:55:00+00:00,77520.18,77533.91,77456.24,77533.9,21.98565,1779454799999,1703730.57267890,4761,12.42694000,963088.93991000,0,BTCUSDT,binance
2026-05-22 13:00:00+00:00,77533.91,77534.44,77470.42,77483.3,14.21275,1779455099999,1101423.79425380,4843,5.43022000,420766.91219900,0,BTCUSDT,binance
2026-05-22 13:05:00+00:00,77483.29,77537.16,77464.05,77537.15,27.70608,1779455399999,2147073.58874780,3429,23.49438000,1820656.38151660,0,BTCUSDT,binance
2026-05-22 13:10:00+00:00,77537.15,77547.56,77480.36,77493.12,28.3951,1779455699999,2201020.60644720,6609,13.16961000,1020715.07716030,0,BTCUSDT,binance
2026-05-22 13:15:00+00:00,77493.11,77528.61,77459.81,77473.71,22.82737,1779455999999,1769179.47485360,7623,8.72238000,676070.94838880,0,BTCUSDT,binance
2026-05-22 13:20:00+00:00,77473.7,77486.37,77392.72,77398.42,22.59905,1779456299999,1749713.23327350,5255,2.83678000,219636.10705070,0,BTCUSDT,binance
2026-05-22 13:25:00+00:00,77398.42,77404.17,77306.59,77306.59,16.11277,1779456599999,1246327.18100640,6889,3.90311000,301920.41150530,0,BTCUSDT,binance
2026-05-22 13:30:00+00:00,77306.59,77371.38,77130.99,77199.16,90.91797,1779456899999,7021875.95126490,26766,36.68435000,2833876.12653850,0,BTCUSDT,binance
2026-05-22 13:35:00+00:00,77199.17,77304.0,77190.31,77237.88,32.73701,1779457199999,2528808.27765100,15618,19.88031000,1535741.07135150,0,BTCUSDT,binance
2026-05-22 13:40:00+00:00,77237.88,77329.53,77160.45,77199.33,95.003,1779457499999,7336719.76280470,22574,48.75584000,3765002.48507850,0,BTCUSDT,binance
2026-05-22 13:45:00+00:00,77199.33,77296.14,77155.35,77224.81,24.10905,1779457799999,1861916.57769670,11580,9.92947000,766900.08873030,0,BTCUSDT,binance
2026-05-22 13:50:00+00:00,77224.81,77258.67,77167.03,77236.17,24.43939,1779458099999,1887218.26426920,13872,10.25255000,791666.83954980,0,BTCUSDT,binance
2026-05-22 13:55:00+00:00,77236.17,77290.01,77200.0,77290.01,20.13035,1779458399999,1554971.13481880,8753,11.82558000,913460.98047630,0,BTCUSDT,binance
2026-05-22 14:00:00+00:00,77290.0,77290.0,77111.04,77129.88,75.62564,1779458699999,5838316.76269270,20689,22.75906000,1756989.09804800,0,BTCUSDT,binance
2026-05-22 14:05:00+00:00,77129.88,77144.16,76950.17,77098.75,197.38422,1779458999999,15206340.06529010,27643,35.18861000,2711320.23585440,0,BTCUSDT,binance
2026-05-22 14:10:00+00:00,77098.76,77139.53,77046.53,77066.4,27.48779,1779459299999,2118615.07792150,12805,14.45542000,1114153.00699640,0,BTCUSDT,binance
2026-05-22 14:15:00+00:00,77066.4,77102.37,76912.96,76935.75,121.83526,1779459599999,9382549.27450410,21188,65.81490000,5068579.19957740,0,BTCUSDT,binance
2026-05-22 14:20:00+00:00,76935.76,76963.18,76777.0,76820.0,156.01746,1779459899999,11991648.76808640,22781,51.65629000,3971040.17111750,0,BTCUSDT,binance
2026-05-22 14:25:00+00:00,76820.01,76898.33,76792.44,76857.59,44.08452,1779460199999,3388117.70752440,10810,19.53087000,1500942.05374150,0,BTCUSDT,binance
2026-05-22 14:30:00+00:00,76857.59,76857.6,76791.23,76836.26,67.06166,1779460499999,5152257.37410220,12014,39.92040000,3067087.60249620,0,BTCUSDT,binance
2026-05-22 14:35:00+00:00,76836.25,76846.33,76790.0,76813.46,46.15792,1779460799999,3546015.06949160,7425,28.38222000,2180437.19002790,0,BTCUSDT,binance
2026-05-22 14:40:00+00:00,76813.46,76829.35,76781.11,76826.5,53.52987,1779461099999,4111272.91363640,9214,36.85447000,2830528.18336290,0,BTCUSDT,binance
2026-05-22 14:45:00+00:00,76826.5,76861.56,76792.35,76808.0,86.25477,1779461399999,6627648.90213870,8552,65.09028000,5001533.44615640,0,BTCUSDT,binance
2026-05-22 14:50:00+00:00,76808.0,76824.98,76751.0,76792.76,90.47767,1779461699999,6947340.75920740,11265,53.71723000,4124801.16980470,0,BTCUSDT,binance
2026-05-22 14:55:00+00:00,76792.76,76842.25,76771.97,76774.23,38.74512,1779461999999,2975957.69686070,7538,14.05754000,1079819.33797170,0,BTCUSDT,binance
2026-05-22 15:00:00+00:00,76774.23,76850.24,76676.0,76836.3,182.40933,1779462299999,13996804.78162500,16973,49.40261000,3791852.97333020,0,BTCUSDT,binance
2026-05-22 15:05:00+00:00,76836.29,76963.98,76836.29,76882.2,73.6719,1779462599999,5664433.65025970,13239,51.34477000,3947136.78579160,0,BTCUSDT,binance
2026-05-22 15:10:00+00:00,76884.0,76890.0,76760.5,76770.99,28.54479,1779462899999,2193338.20529280,10291,7.29444000,560539.74779380,0,BTCUSDT,binance
2026-05-22 15:15:00+00:00,76771.0,76870.0,76770.99,76844.99,92.9382,1779463199999,7140720.57512820,8042,60.45375000,4644687.87607500,0,BTCUSDT,binance
2026-05-22 15:20:00+00:00,76845.0,76850.0,76628.0,76628.02,97.37918,1779463499999,7467966.65028640,17983,19.91479000,1527500.82703650,0,BTCUSDT,binance
2026-05-22 15:25:00+00:00,76628.02,76912.97,76570.0,76912.96,125.22281,1779463799999,9602695.52785730,18360,67.33108000,5165753.88497880,0,BTCUSDT,binance
2026-05-22 15:30:00+00:00,76912.96,77030.64,76891.55,76922.17,63.54226,1779464099999,4891172.05552040,16855,43.15705000,3322188.56300730,0,BTCUSDT,binance
2026-05-22 15:35:00+00:00,76922.18,76940.0,76692.12,76711.63,58.195,1779464399999,4472006.96588880,18687,33.43655000,2569359.13610100,0,BTCUSDT,binance
2026-05-22 15:40:00+00:00,76711.62,76720.0,76647.0,76719.99,49.35079,1779464699999,3784728.97293130,14714,21.29603000,1633066.35956010,0,BTCUSDT,binance
2026-05-22 15:45:00+00:00,76719.99,76755.0,76700.0,76715.01,30.44157,1779464999999,2335767.53921180,7634,20.02987000,1536853.88441580,0,BTCUSDT,binance
2026-05-22 15:50:00+00:00,76715.02,76798.31,76664.88,76787.73,45.0196,1779465299999,3455245.30328370,9457,29.01163000,2226430.23657870,0,BTCUSDT,binance
2026-05-22 15:55:00+00:00,76787.72,76823.7,76787.72,76790.59,25.8537,1779465599999,1985710.52034020,6731,17.55143000,1348059.40404640,0,BTCUSDT,binance
2026-05-22 16:00:00+00:00,76790.6,76890.0,76778.51,76864.55,46.14417,1779465899999,3545328.70092820,9690,23.21067000,1783636.53395660,0,BTCUSDT,binance
2026-05-22 16:05:00+00:00,76864.56,76872.91,76767.0,76800.08,19.16249,1779466199999,1471836.20907930,10080,7.91146000,607637.72255600,0,BTCUSDT,binance
2026-05-22 16:10:00+00:00,76800.08,76891.88,76780.0,76869.36,33.66645,1779466499999,2587298.92648250,9483,11.99400000,921765.52780570,0,BTCUSDT,binance
2026-05-22 16:15:00+00:00,76869.37,76873.52,76809.39,76832.01,33.97993,1779466799999,2611106.46154060,10445,14.02446000,1077634.77212950,0,BTCUSDT,binance
2026-05-22 16:20:00+00:00,76832.01,76947.84,76832.0,76852.36,19.83027,1779467099999,1525222.07377860,9385,14.35358000,1104004.69916290,0,BTCUSDT,binance
2026-05-22 16:25:00+00:00,76852.36,76942.33,76846.86,76938.67,17.46345,1779467399999,1342935.05487810,8230,8.87197000,682185.27402240,0,BTCUSDT,binance
2026-05-22 16:30:00+00:00,76938.66,76975.1,76906.04,76910.33,31.53513,1779467699999,2426599.04837850,8792,17.04512000,1311673.79708170,0,BTCUSDT,binance
2026-05-22 16:35:00+00:00,76910.33,76949.21,76867.41,76899.99,33.13509,1779467999999,2548613.26456030,8477,18.79909000,1446098.24419610,0,BTCUSDT,binance
2026-05-22 16:40:00+00:00,76899.99,76936.77,76885.4,76896.64,33.60557,1779468299999,2584512.11119480,6086,18.88135000,1452019.39444640,0,BTCUSDT,binance
2026-05-22 16:45:00+00:00,76896.64,76966.77,76896.64,76958.38,84.32201,1779468599999,6487729.57663110,9733,65.35796000,5028612.74494330,0,BTCUSDT,binance
2026-05-22 16:50:00+00:00,76958.37,77006.69,76958.37,76999.46,83.90183,1779468899999,6459641.68147120,9326,64.65336000,4977702.13497750,0,BTCUSDT,binance
2026-05-22 16:55:00+00:00,76999.46,77003.46,76927.3,76950.68,44.30408,1779469199999,3410211.39381120,6014,22.57853000,1738087.15167750,0,BTCUSDT,binance
2026-05-22 17:00:00+00:00,76950.67,76992.81,76950.67,76988.95,33.68948,1779469499999,2593553.74000490,6250,7.07091000,544267.93365440,0,BTCUSDT,binance
2026-05-22 17:05:00+00:00,76988.95,77012.19,76891.43,76949.18,15.26738,1779469799999,1174823.14654740,8518,6.79622000,522896.91243270,0,BTCUSDT,binance
2026-05-22 17:10:00+00:00,76949.17,76969.73,76938.74,76962.78,7.49066,1779470099999,576434.88344250,4473,3.37821000,259960.03965050,0,BTCUSDT,binance
2026-05-22 17:15:00+00:00,76962.79,77016.55,76842.74,76844.55,48.77625,1779470399999,3752138.32622980,10017,12.74628000,980995.01595890,0,BTCUSDT,binance
2026-05-22 17:20:00+00:00,76844.56,76883.02,76777.0,76820.12,31.49438,1779470699999,2419807.09914630,12000,12.75136000,979784.42799540,0,BTCUSDT,binance
2026-05-22 17:25:00+00:00,76820.08,77069.77,76819.2,77060.14,60.43159,1779470999999,4652496.72968520,19931,38.81273000,2987885.76327690,0,BTCUSDT,binance
2026-05-22 17:30:00+00:00,77060.13,77093.72,76920.0,76974.36,52.45417,1779471299999,4038848.01041980,14138,37.99505000,2925756.35017550,0,BTCUSDT,binance
2026-05-22 17:35:00+00:00,76974.36,77008.0,76944.96,77007.04,8.51569,1779471599999,655471.66283030,6270,4.48986000,345582.52459650,0,BTCUSDT,binance
2026-05-22 17:40:00+00:00,77007.04,77020.63,76970.0,76970.01,6.75692,1779471899999,520284.90732810,5159,3.70275000,285110.35302150,0,BTCUSDT,binance
2026-05-22 17:45:00+00:00,76970.01,76973.62,76809.39,76809.39,29.40226,1779472199999,2260041.61446240,9371,3.80955000,292895.69353990,0,BTCUSDT,binance
2026-05-22 17:50:00+00:00,76809.4,76820.69,76786.92,76806.86,13.53937,1779472499999,1039836.07214350,5910,7.34864000,564358.58168430,0,BTCUSDT,binance
2026-05-22 17:55:00+00:00,76806.86,76806.86,76750.0,76750.0,14.55611,1779472799999,1117619.59849290,5208,4.56965000,350824.69016720,0,BTCUSDT,binance
2026-05-22 18:00:00+00:00,76750.01,76791.5,76695.44,76737.93,61.99266,1779473099999,4757220.47991670,9629,20.44940000,1568946.10642540,0,BTCUSDT,binance
2026-05-22 18:05:00+00:00,76737.92,76767.26,76720.2,76737.46,10.05043,1779473399999,771362.16967030,7081,4.24379000,325709.15059130,0,BTCUSDT,binance
2026-05-22 18:10:00+00:00,76737.47,76823.05,76729.93,76821.92,14.36959,1779473699999,1103407.06538300,5500,9.76918000,750242.65989060,0,BTCUSDT,binance
2026-05-22 18:15:00+00:00,76821.92,76880.24,76801.05,76865.23,17.45958,1779473999999,1341656.20159740,7678,12.35575000,949444.01830360,0,BTCUSDT,binance
2026-05-22 18:20:00+00:00,76865.22,76898.0,76861.16,76890.31,8.46152,1779474299999,650539.72648440,4274,3.85624000,296486.86593080,0,BTCUSDT,binance
2026-05-22 18:25:00+00:00,76890.32,76894.46,76806.56,76806.58,24.20102,1779474599999,1859789.64445070,5597,6.62905000,509315.45484880,0,BTCUSDT,binance
2026-05-22 18:30:00+00:00,76806.57,76812.86,76719.45,76754.64,26.14351,1779474899999,2006690.56051750,10361,12.88500000,988922.23788290,0,BTCUSDT,binance
2026-05-22 18:35:00+00:00,76754.64,76754.64,76591.5,76709.39,100.10237,1779475199999,7673729.39744960,18867,37.45777000,2872479.44290550,0,BTCUSDT,binance
2026-05-22 18:40:00+00:00,76709.39,76711.26,76589.0,76589.0,32.78321,1779475499999,2512499.44388870,10016,7.95901000,610200.87591600,0,BTCUSDT,binance
2026-05-22 18:45:00+00:00,76589.01,76589.01,76101.0,76341.08,460.34657,1779475799999,35160011.52900860,59132,102.70161000,7835013.61181250,0,BTCUSDT,binance
2026-05-22 18:50:00+00:00,76341.09,76573.33,76327.74,76555.0,31.60927,1779476099999,2417075.85404150,15126,21.71888000,1660813.76618060,0,BTCUSDT,binance
2026-05-22 18:55:00+00:00,76555.0,76593.13,76508.41,76537.47,22.22186,1779476399999,1700793.08655730,7524,9.26911000,709524.87332580,0,BTCUSDT,binance
2026-05-22 19:00:00+00:00,76537.47,76590.68,76380.07,76399.42,59.75394,1779476699999,4572068.59794860,19154,19.16663000,1466479.61431260,0,BTCUSDT,binance
2026-05-22 19:05:00+00:00,76399.42,76399.99,76231.66,76238.76,43.76306,1779476999999,3338989.40637430,20891,13.59481000,1037363.44102100,0,BTCUSDT,binance
2026-05-22 19:10:00+00:00,76238.76,76299.67,76210.0,76241.93,27.54757,1779477299999,2100615.26982490,15217,14.18501000,1081673.39610300,0,BTCUSDT,binance
2026-05-22 19:15:00+00:00,76241.94,76358.27,76234.15,76358.27,32.65154,1779477599999,2491062.24127310,15394,20.45103000,1560032.96017920,0,BTCUSDT,binance
2026-05-22 19:20:00+00:00,76358.27,76405.1,76331.96,76371.99,25.15063,1779477899999,1920773.80372320,11092,13.05098000,996761.27186420,0,BTCUSDT,binance
2026-05-22 19:25:00+00:00,76371.99,76394.44,76200.0,76259.51,44.01209,1779478199999,3357792.28780290,11682,24.40411000,1861514.54254480,0,BTCUSDT,binance
2026-05-22 19:30:00+00:00,76259.52,76276.56,75704.97,75862.8,664.34706,1779478499999,50428110.62436720,69453,218.48635000,16576311.69526380,0,BTCUSDT,binance
2026-05-22 19:35:00+00:00,75862.8,75950.0,75807.37,75819.25,81.67689,1779478799999,6195924.04735580,28734,33.01086000,2504663.85902730,0,BTCUSDT,binance
2026-05-22 19:40:00+00:00,75819.25,75828.52,75668.76,75814.49,101.28719,1779479099999,7670966.52053420,28721,37.61539000,2848841.44663810,0,BTCUSDT,binance
2026-05-22 19:45:00+00:00,75814.49,75874.0,75705.55,75734.29,32.69042,1779479399999,2477477.83141350,21578,16.93856000,1283693.56481660,0,BTCUSDT,binance
2026-05-22 19:50:00+00:00,75734.29,75893.26,75689.84,75872.76,62.44843,1779479699999,4735737.11666100,16772,46.24141000,3506983.76068450,0,BTCUSDT,binance
2026-05-22 19:55:00+00:00,75872.77,75947.43,75833.25,75860.44,26.5603,1779479999999,2015666.52067860,9895,18.23177000,1383687.09840470,0,BTCUSDT,binance
2026-05-22 20:00:00+00:00,75860.44,75973.48,75835.69,75885.53,51.75426,1779480299999,3927971.82179970,14409,30.73406000,2332475.45129680,0,BTCUSDT,binance
2026-05-22 20:05:00+00:00,75885.53,76000.0,75885.52,76000.0,20.05905,1779480599999,1523762.19503180,9450,12.87267000,977832.52812720,0,BTCUSDT,binance
2026-05-22 20:10:00+00:00,76000.0,76018.0,75926.39,75927.69,32.34814,1779480899999,2457356.18935520,7270,8.83058000,670866.52853850,0,BTCUSDT,binance
2026-05-22 20:15:00+00:00,75927.68,75984.47,75900.56,75934.85,20.41461,1779481199999,1550465.64794940,8611,10.97440000,833426.37035610,0,BTCUSDT,binance
2026-05-22 20:20:00+00:00,75935.26,75962.0,75886.0,75933.79,33.03262,1779481499999,2507946.29979470,8300,13.08459000,993332.69954450,0,BTCUSDT,binance
2026-05-22 20:25:00+00:00,75933.79,75981.38,75903.08,75972.1,17.56139,1779481799999,1333656.89439890,6852,6.77567000,514556.64570610,0,BTCUSDT,binance
2026-05-22 20:30:00+00:00,75972.09,75972.09,75826.0,75948.53,77.05831,1779482099999,5846847.69405190,15086,31.99308000,2427421.54955680,0,BTCUSDT,binance
2026-05-22 20:35:00+00:00,75948.52,75968.18,75901.58,75951.13,22.65753,1779482399999,1720629.05020720,8577,8.04560000,610913.98037660,0,BTCUSDT,binance
2026-05-22 20:40:00+00:00,75951.13,75968.18,75911.29,75933.5,33.74346,1779482699999,2562561.10392900,7621,17.96383000,1364187.28667480,0,BTCUSDT,binance
2026-05-22 20:45:00+00:00,75933.5,75996.18,75895.84,75989.89,18.05009,1779482999999,1370832.82796790,6298,8.86339000,673113.87931950,0,BTCUSDT,binance
2026-05-22 20:50:00+00:00,75989.89,76080.95,75964.39,76060.6,45.35829,1779483299999,3449124.03604090,10273,25.73734000,1956978.29964970,0,BTCUSDT,binance
2026-05-22 20:55:00+00:00,76060.61,76068.39,75922.25,75984.47,43.28961,1779483599999,3288659.07202400,9383,10.85034000,824238.01927690,0,BTCUSDT,binance
2026-05-22 21:00:00+00:00,75984.47,76027.8,75951.6,76005.78,13.40506,1779483899999,1018817.56161090,5541,4.39713000,334173.31924760,0,BTCUSDT,binance
2026-05-22 21:05:00+00:00,76005.79,76027.8,75991.04,76015.61,18.3985,1779484199999,1398567.97070160,5224,10.41155000,791459.85939250,0,BTCUSDT,binance
2026-05-22 21:10:00+00:00,76015.62,76023.8,75987.45,75995.96,19.58309,1779484499999,1488411.48384470,3438,3.43563000,261130.81893950,0,BTCUSDT,binance
2026-05-22 21:15:00+00:00,75995.96,76036.19,75974.75,76036.19,15.39473,1779484799999,1170023.56287240,4178,5.69559000,432916.80221410,0,BTCUSDT,binance
2026-05-22 21:20:00+00:00,76036.19,76038.35,76011.74,76022.77,36.23291,1779485099999,2754841.51540810,3108,7.84241000,596252.50778970,0,BTCUSDT,binance
2026-05-22 21:25:00+00:00,76022.76,76031.97,75978.41,76031.97,21.34114,1779485399999,1622268.79230160,6876,7.84776000,596525.71458090,0,BTCUSDT,binance
2026-05-22 21:30:00+00:00,76031.97,76087.85,76031.96,76035.99,31.4594,1779485699999,2392564.31162610,4835,11.32847000,861519.77857170,0,BTCUSDT,binance
2026-05-22 21:35:00+00:00,76035.99,76068.38,76027.99,76028.0,45.97399,1779485999999,3496101.11977390,4336,8.32279000,632859.14958190,0,BTCUSDT,binance
2026-05-22 21:40:00+00:00,76028.0,76075.18,75926.2,75991.93,79.5594,1779486299999,6048097.11421080,10062,50.76382000,3859598.60666820,0,BTCUSDT,binance
2026-05-22 21:45:00+00:00,75991.99,76068.39,75991.98,76042.04,23.57171,1779486599999,1792328.04493850,6302,10.40348000,790958.17815700,0,BTCUSDT,binance
2026-05-22 21:50:00+00:00,76042.03,76061.18,76000.0,76042.3,29.46382,1779486899999,2240380.42927710,9960,9.96613000,757701.55762020,0,BTCUSDT,binance
2026-05-22 21:55:00+00:00,76042.3,76042.3,75976.29,75978.83,15.46737,1779487199999,1175665.25789940,4404,5.85436000,444943.96594870,0,BTCUSDT,binance
2026-05-22 22:00:00+00:00,75978.83,75978.84,75889.71,75907.3,35.17868,1779487499999,2671174.57161300,6294,11.54415000,876652.51321130,0,BTCUSDT,binance
2026-05-22 22:05:00+00:00,75907.3,75922.26,75858.65,75922.25,24.44433,1779487799999,1855077.01844410,7384,7.56635000,574175.90878910,0,BTCUSDT,binance
2026-05-22 22:10:00+00:00,75922.26,75922.26,75844.73,75915.39,32.30664,1779488099999,2451830.89757400,11217,7.40951000,562273.37079540,0,BTCUSDT,binance
2026-05-22 22:15:00+00:00,75915.39,75915.4,75822.37,75822.38,23.74535,1779488399999,1801766.86693310,5972,1.60714000,121943.68899080,0,BTCUSDT,binance
2026-05-22 22:20:00+00:00,75822.38,75822.38,75796.91,75802.03,35.25662,1779488699999,2672681.22116400,3931,13.54089000,1026398.97132310,0,BTCUSDT,binance
2026-05-22 22:25:00+00:00,75802.03,75802.03,75757.88,75799.42,34.29265,1779488999999,2598857.32533250,4996,13.93363000,1055942.37559960,0,BTCUSDT,binance
2026-05-22 22:30:00+00:00,75799.42,75873.54,75733.79,75743.63,38.98401,1779489299999,2955406.22777070,9320,9.42761000,714806.12003470,0,BTCUSDT,binance
2026-05-22 22:35:00+00:00,75743.64,75758.14,75713.97,75731.26,32.42799,1779489599999,2456142.59964460,7437,11.47957000,869466.52434140,0,BTCUSDT,binance
2026-05-22 22:40:00+00:00,75731.25,75734.89,75558.28,75654.62,153.82507,1779489899999,11634692.29888610,16283,35.59771000,2691990.24917690,0,BTCUSDT,binance
2026-05-22 22:45:00+00:00,75654.62,75755.67,75632.49,75755.66,34.79326,1779490199999,2633709.98936730,9220,24.73276000,1872142.01020830,0,BTCUSDT,binance
2026-05-22 22:50:00+00:00,75755.66,75757.61,75733.17,75736.58,19.71714,1779490499999,1493520.93626860,5646,9.05479000,685860.20846910,0,BTCUSDT,binance
2026-05-22 22:55:00+00:00,75736.59,75752.03,75721.42,75737.52,8.55712,1779490799999,648087.02046650,3682,4.82783000,365640.40931330,0,BTCUSDT,binance
2026-05-22 23:00:00+00:00,75737.53,75816.71,75737.53,75803.85,17.03966,1779491099999,1291275.95139610,6153,11.53155000,873791.33282500,0,BTCUSDT,binance
2026-05-22 23:05:00+00:00,75803.84,75845.75,75800.25,75845.22,27.29112,1779491399999,2069162.22693830,5442,11.54660000,875478.76851190,0,BTCUSDT,binance
2026-05-22 23:10:00+00:00,75845.21,75881.18,75834.76,75855.76,15.29943,1779491699999,1160502.72896190,4787,6.56457000,497921.55850550,0,BTCUSDT,binance
2026-05-22 23:15:00+00:00,75855.76,75862.34,75750.0,75760.0,28.78977,1779491999999,2182414.92299650,5535,12.33634000,935141.64573440,0,BTCUSDT,binance
2026-05-22 23:20:00+00:00,75760.0,75788.94,75744.49,75788.94,45.71691,1779492299999,3463430.70265840,4608,33.51852000,2539259.64259430,0,BTCUSDT,binance
2026-05-22 23:25:00+00:00,75788.93,75788.93,75681.93,75681.93,48.16255,1779492599999,3648464.41093240,6112,4.74649000,359525.54176510,0,BTCUSDT,binance
2026-05-22 23:30:00+00:00,75681.93,75729.18,75662.89,75711.16,19.95304,1779492899999,1510391.64615790,5135,9.98891000,756146.81965550,0,BTCUSDT,binance
2026-05-22 23:35:00+00:00,75711.17,75774.46,75711.16,75766.41,17.52343,1779493199999,1327239.36604450,3654,5.66537000,429087.22227940,0,BTCUSDT,binance
2026-05-22 23:40:00+00:00,75766.41,75809.89,75751.12,75796.09,62.65705,1779493499999,4747515.32793330,5679,48.41939000,3668516.52648100,0,BTCUSDT,binance
2026-05-22 23:45:00+00:00,75796.09,75796.09,75359.18,75498.1,195.5451,1779493799999,14769043.49137050,45097,56.47084000,4263376.94065390,0,BTCUSDT,binance
2026-05-22 23:50:00+00:00,75498.09,75581.27,75495.41,75561.45,30.84789,1779494099999,2330538.51644070,7706,15.77442000,1191657.07396440,0,BTCUSDT,binance
2026-05-22 23:55:00+00:00,75561.45,75591.16,75536.79,75539.5,18.25629,1779494399999,1379597.24914530,5160,9.12845000,689830.90977400,0,BTCUSDT,binance
2026-05-23 00:00:00+00:00,75539.5,75635.59,75500.0,75576.58,56.20625,1779494699999,4246661.43359690,17210,31.21391000,2358320.98453820,0,BTCUSDT,binance
2026-05-23 00:05:00+00:00,75576.57,75621.77,75514.29,75603.74,73.72594,1779494999999,5570736.07252310,12060,55.73476000,4211172.43272220,0,BTCUSDT,binance
2026-05-23 00:10:00+00:00,75603.74,75603.74,75421.01,75462.86,50.95295,1779495299999,3847070.47235080,12887,20.87590000,1576007.83280100,0,BTCUSDT,binance
2026-05-23 00:15:00+00:00,75462.86,75519.57,75408.26,75445.35,48.41948,1779495599999,3654050.70015500,13962,22.08583000,1666738.36479550,0,BTCUSDT,binance
2026-05-23 00:20:00+00:00,75445.36,75475.22,75411.92,75471.6,37.79265,1779495899999,2851319.66206500,8131,11.98712000,904386.39329500,0,BTCUSDT,binance
2026-05-23 00:25:00+00:00,75471.61,75500.0,75413.58,75486.11,39.13014,1779496199999,2952887.22021650,8771,15.54102000,1172809.12597930,0,BTCUSDT,binance
2026-05-23 00:30:00+00:00,75486.12,75494.84,75299.0,75419.42,90.94772,1779496499999,6855665.16166730,20681,37.56630000,2831574.33080650,0,BTCUSDT,binance
2026-05-23 00:35:00+00:00,75419.41,75421.77,75243.87,75305.25,193.25213,1779496799999,14555817.48762900,20904,63.02663000,4746725.12780410,0,BTCUSDT,binance
2026-05-23 00:40:00+00:00,75305.24,75317.2,75220.0,75283.02,58.06186,1779497099999,4370336.76616000,18480,19.57919000,1473738.61668140,0,BTCUSDT,binance
2026-05-23 00:45:00+00:00,75283.02,75356.74,75283.01,75356.72,31.27257,1779497399999,2355381.64309350,8765,15.34660000,1155887.09373140,0,BTCUSDT,binance
2026-05-23 00:50:00+00:00,75356.72,75419.87,75348.43,75371.67,48.04449,1779497699999,3622227.58549790,16089,21.93541000,1653798.16107590,0,BTCUSDT,binance
2026-05-23 00:55:00+00:00,75371.68,75406.1,75352.63,75352.64,100.57714,1779497999999,7582309.28151700,19861,42.66770000,3216740.24198870,0,BTCUSDT,binance
2026-05-23 01:00:00+00:00,75352.64,75491.72,75352.63,75471.76,106.42522,1779498299999,8028032.12446160,23868,73.90188000,5574057.86466850,0,BTCUSDT,binance
2026-05-23 01:05:00+00:00,75471.75,75500.0,75448.97,75499.99,27.87212,1779498599999,2103328.86492270,8805,17.68758000,1334758.78121180,0,BTCUSDT,binance
2026-05-23 01:10:00+00:00,75500.0,75500.0,75395.85,75408.88,28.39647,1779498899999,2142235.17487210,8840,7.18569000,542101.52371400,0,BTCUSDT,binance
2026-05-23 01:15:00+00:00,75408.88,75468.77,75368.34,75468.77,37.54028,1779499199999,2830931.35766840,19028,18.64864000,1406315.85568040,0,BTCUSDT,binance
2026-05-23 01:20:00+00:00,75468.76,75491.06,75450.0,75452.05,37.55185,1779499499999,2834206.79894490,17296,19.58707000,1478311.94313770,0,BTCUSDT,binance
2026-05-23 01:25:00+00:00,75452.04,75471.02,75449.5,75468.0,29.07353,1779499799999,2193794.83986220,9597,15.96157000,1204380.52190370,0,BTCUSDT,binance
2026-05-23 01:30:00+00:00,75468.0,75493.14,75455.52,75455.53,47.48411,1779500099999,3583806.86299390,3096,6.75126000,509588.89685470,0,BTCUSDT,binance
2026-05-23 01:35:00+00:00,75455.53,75500.0,75455.52,75478.03,12.74403,1779500399999,961891.95340630,3478,7.41185000,559415.62691150,0,BTCUSDT,binance
2026-05-23 01:40:00+00:00,75478.02,75478.03,75409.48,75463.15,61.70687,1779500699999,4655188.71060610,7659,46.88905000,3537409.93289430,0,BTCUSDT,binance
2026-05-23 01:45:00+00:00,75463.15,75463.15,75350.0,75419.52,46.21696,1779500999999,3484847.68301780,8002,18.48474000,1393683.21203750,0,BTCUSDT,binance
2026-05-23 01:50:00+00:00,75419.51,75487.67,75414.24,75487.67,19.88881,1779501299999,1500732.03130680,3424,15.73207000,1187160.30176870,0,BTCUSDT,binance
2026-05-23 01:55:00+00:00,75487.67,75500.0,75469.33,75489.84,11.10349,1779501599999,838146.54751930,3269,4.17898000,315439.98225060,0,BTCUSDT,binance
2026-05-23 02:00:00+00:00,75489.83,75516.73,75417.56,75417.56,11.97489,1779501899999,903846.30259820,5562,3.96541000,299331.18138830,0,BTCUSDT,binance
2026-05-23 02:05:00+00:00,75417.57,75503.18,75417.57,75486.22,14.31659,1779502199999,1080573.34743410,4624,9.46920000,714668.10038240,0,BTCUSDT,binance
2026-05-23 02:10:00+00:00,75486.23,75542.23,75452.37,75471.48,148.59537,1779502499999,11217380.33979950,6016,65.04490000,4909449.03824100,0,BTCUSDT,binance
2026-05-23 02:15:00+00:00,75471.48,75541.94,75471.48,75500.08,25.39754,1779502799999,1917789.47504530,5630,12.30687000,929319.56293780,0,BTCUSDT,binance
2026-05-23 02:20:00+00:00,75500.09,75515.97,75473.29,75500.09,10.26754,1779503099999,775124.00989600,3389,6.44878000,486823.40753910,0,BTCUSDT,binance
2026-05-23 02:25:00+00:00,75500.08,75511.66,75462.89,75473.06,17.24654,1779503399999,1301782.36651240,2903,5.30116000,400211.51345500,0,BTCUSDT,binance
2026-05-23 02:30:00+00:00,75473.06,75494.05,75464.47,75478.68,8.26079,1779503699999,623512.89292000,3357,5.09099000,384259.50251880,0,BTCUSDT,binance
2026-05-23 02:35:00+00:00,75478.68,75518.19,75472.85,75483.85,19.87799,1779503999999,1500651.95428990,2612,12.02482000,907714.15472680,0,BTCUSDT,binance
2026-05-23 02:40:00+00:00,75483.85,75520.0,75472.61,75494.95,28.46628,1779504299999,2149038.16152790,4837,11.89582000,897990.60593640,0,BTCUSDT,binance
2026-05-23 02:45:00+00:00,75494.95,75544.01,75494.94,75544.01,13.06553,1779504599999,986554.63551890,2843,7.83299000,591458.39948560,0,BTCUSDT,binance
2026-05-23 02:50:00+00:00,75544.01,75559.24,75533.55,75556.0,17.23747,1779504899999,1302293.48517710,3210,10.76178000,813057.79631790,0,BTCUSDT,binance
2026-05-23 02:55:00+00:00,75556.01,75581.27,75540.52,75572.07,19.72181,1779505199999,1490253.76718130,3715,7.42536000,561081.92479360,0,BTCUSDT,binance
2026-05-23 03:00:00+00:00,75572.07,75600.0,75563.33,75600.0,22.36738,1779505499999,1690563.91189100,4063,10.71976000,810300.90651330,0,BTCUSDT,binance
2026-05-23 03:05:00+00:00,75600.0,75605.63,75586.61,75594.63,14.27595,1779505799999,1079250.60658410,2989,6.34847000,479918.13725150,0,BTCUSDT,binance
2026-05-23 03:10:00+00:00,75594.63,75611.83,75590.4,75611.82,7.26602,1779506099999,549332.12623580,2258,4.30995000,325831.59439760,0,BTCUSDT,binance
2026-05-23 03:15:00+00:00,75611.83,75623.19,75584.48,75598.11,15.88619,1779506399999,1201089.28725310,4759,6.98139000,527816.90741410,0,BTCUSDT,binance
2026-05-23 03:20:00+00:00,75598.11,75623.93,75588.99,75610.13,41.075,1779506699999,3105292.98119330,4397,33.38871000,2524108.25272790,0,BTCUSDT,binance
2026-05-23 03:25:00+00:00,75610.13,75616.05,75598.25,75599.0,105.12503,1779506999999,7948941.13605040,3491,7.97616000,603065.68494230,0,BTCUSDT,binance
2026-05-23 03:30:00+00:00,75599.01,75657.76,75595.15,75648.21,13.80719,1779507299999,1044273.89365750,4279,9.58111000,724599.21526590,0,BTCUSDT,binance
2026-05-23 03:35:00+00:00,75648.21,75658.0,75646.0,75658.0,7.26292,1779507599999,549443.71157850,1730,4.80303000,363349.05443330,0,BTCUSDT,binance
2026-05-23 03:40:00+00:00,75658.0,75664.62,75657.97,75662.12,11.46606,1779507899999,867512.91058010,1410,8.01738000,606585.80005660,0,BTCUSDT,binance
2026-05-23 03:45:00+00:00,75662.12,75662.13,75639.15,75644.99,16.28652,1779508199999,1232012.31237090,3884,9.89638000,748583.44159600,0,BTCUSDT,binance
2026-05-23 03:50:00+00:00,75645.0,75660.83,75644.99,75660.82,3.25268,1779508499999,246070.46027140,1326,2.21665000,167692.05930490,0,BTCUSDT,binance
2026-05-23 03:55:00+00:00,75660.83,75660.83,75633.14,75635.22,9.22292,1779508799999,697672.86975260,1944,1.70095000,128667.56369170,0,BTCUSDT,binance
2026-05-23 04:00:00+00:00,75635.22,75643.14,75629.0,75643.13,9.31615,1779509099999,704605.15597240,2258,2.51144000,189949.50960930,0,BTCUSDT,binance
2026-05-23 04:05:00+00:00,75643.14,75646.79,75633.33,75633.34,4.59417,1779509399999,347513.60618290,1685,1.53596000,116181.20841910,0,BTCUSDT,binance
2026-05-23 04:10:00+00:00,75633.34,75640.0,75633.33,75640.0,4.79176,1779509699999,362428.59344920,1208,2.86161000,216441.45635890,0,BTCUSDT,binance
2026-05-23 04:15:00+00:00,75640.0,75640.0,75569.63,75585.61,24.71579,1779509999999,1868474.06268090,3358,10.56885000,799019.18907070,0,BTCUSDT,binance
2026-05-23 04:20:00+00:00,75585.61,75589.31,75578.85,75589.3,18.38429,1779510299999,1389527.61446010,1486,15.96389000,1206585.08694040,0,BTCUSDT,binance
2026-05-23 04:25:00+00:00,75589.31,75589.31,75557.75,75588.0,29.06013,1779510599999,2196255.71644430,3608,14.00407000,1058346.48621740,0,BTCUSDT,binance
2026-05-23 04:30:00+00:00,75587.99,75650.63,75587.99,75642.07,10.13832,1779510899999,766758.91727470,4161,5.24729000,396854.90802700,0,BTCUSDT,binance
2026-05-23 04:35:00+00:00,75642.08,75642.08,75526.8,75526.81,15.98943,1779511199999,1208395.42983390,5380,2.44947000,185146.31502380,0,BTCUSDT,binance
2026-05-23 04:40:00+00:00,75526.81,75527.42,75518.0,75518.01,16.0162,1779511499999,1209578.80871020,3364,7.39552000,558520.53140460,0,BTCUSDT,binance
2026-05-23 04:45:00+00:00,75518.0,75528.15,75507.01,75528.15,32.93396,1779511799999,2487014.28248090,3297,18.76552000,1417068.07584140,0,BTCUSDT,binance
2026-05-23 04:50:00+00:00,75528.16,75543.33,75524.95,75524.95,21.94541,1779512099999,1657654.99116420,3137,11.38027000,859615.78043790,0,BTCUSDT,binance
2026-05-23 04:55:00+00:00,75524.96,75539.77,75522.08,75539.77,10.71749,1779512399999,809459.09014880,1927,5.79458000,437657.96131880,0,BTCUSDT,binance
2026-05-23 05:00:00+00:00,75539.77,75552.48,75518.0,75551.09,54.41085,1779512699999,4109561.93702000,4293,48.37671000,3653803.60915790,0,BTCUSDT,binance
2026-05-23 05:05:00+00:00,75551.08,75562.4,75526.15,75551.99,19.17568,1779512999999,1448478.16734670,4487,9.00032000,679852.18039380,0,BTCUSDT,binance
2026-05-23 05:10:00+00:00,75552.0,75552.0,75520.08,75523.81,12.99974,1779513299999,981840.70060910,2263,3.35311000,253242.98865440,0,BTCUSDT,binance
2026-05-23 05:15:00+00:00,75523.81,75552.4,75523.8,75532.0,10.2069,1779513599999,771068.04503030,3017,5.92809000,447835.62272910,0,BTCUSDT,binance
2026-05-23 05:20:00+00:00,75532.01,75532.01,75478.43,75487.68,32.22335,1779513899999,2432777.02648790,4533,10.78945000,814517.87692220,0,BTCUSDT,binance
2026-05-23 05:25:00+00:00,75487.67,75528.41,75487.67,75488.61,16.41629,1779514199999,1239541.06775440,4642,5.94893000,449203.36629920,0,BTCUSDT,binance
2026-05-23 05:30:00+00:00,75488.6,75504.57,75470.97,75471.07,26.59741,1779514499999,2007919.01279540,4090,9.53688000,719980.77437310,0,BTCUSDT,binance
2026-05-23 05:35:00+00:00,75471.07,75502.79,75471.06,75500.16,18.88748,1779514799999,1425782.02151230,2288,10.01648000,756128.59346830,0,BTCUSDT,binance
2026-05-23 05:40:00+00:00,75500.16,75519.78,75500.15,75519.78,6.03622,1779515099999,455764.21629790,2074,4.32237000,326360.33645820,0,BTCUSDT,binance
2026-05-23 05:45:00+00:00,75519.78,75526.48,75482.75,75494.24,17.48422,1779515399999,1320147.03367060,3511,4.42446000,334035.96318230,0,BTCUSDT,binance
2026-05-23 05:50:00+00:00,75494.25,75494.25,75477.45,75477.45,15.8409,1779515699999,1195728.90834500,2525,3.82407000,288643.31725150,0,BTCUSDT,binance
2026-05-23 05:55:00+00:00,75477.46,75482.68,75469.89,75482.68,36.92655,1779515999999,2787021.58788130,2441,13.38449000,1010171.41920770,0,BTCUSDT,binance
2026-05-23 06:00:00+00:00,75482.68,75500.09,75472.06,75472.23,8.01912,1779516299999,605304.21292450,3412,3.68506000,278165.58598060,0,BTCUSDT,binance
2026-05-23 06:05:00+00:00,75472.24,75501.09,75472.24,75497.75,26.48128,1779516599999,1999223.83341090,3012,12.46998000,941383.53228350,0,BTCUSDT,binance
2026-05-23 06:10:00+00:00,75497.75,75497.76,75472.98,75472.98,13.63812,1779516899999,1029465.73466850,1887,5.56533000,420097.25315510,0,BTCUSDT,binance
2026-05-23 06:15:00+00:00,75472.99,75495.1,75472.98,75490.73,17.12301,1779517199999,1292497.97051570,1697,11.91590000,899410.15900150,0,BTCUSDT,binance
2026-05-23 06:20:00+00:00,75490.73,75493.05,75483.55,75483.55,7.11696,1779517499999,537268.82724010,1018,1.61668000,122044.65660570,0,BTCUSDT,binance
2026-05-23 06:25:00+00:00,75483.56,75483.56,75450.01,75458.4,25.46156,1779517799999,1921452.55108950,3888,13.69587000,1033533.72120210,0,BTCUSDT,binance
2026-05-23 06:30:00+00:00,75458.41,75491.31,75458.4,75462.23,12.89351,1779518099999,973083.99265840,3131,4.58754000,346228.86401530,0,BTCUSDT,binance
2026-05-23 06:35:00+00:00,75462.23,75469.96,75419.72,75437.19,22.23343,1779518399999,1677498.40374180,4986,7.88397000,594810.48733390,0,BTCUSDT,binance
2026-05-23 06:40:00+00:00,75437.19,75454.84,75437.18,75452.45,5.84498,1779518699999,441000.55107930,1955,2.39250000,180502.84716710,0,BTCUSDT,binance
2026-05-23 06:45:00+00:00,75452.44,75452.45,75394.54,75402.57,18.041,1779518999999,1360644.14299050,3090,5.39621000,406908.08247490,0,BTCUSDT,binance
2026-05-23 06:50:00+00:00,75402.57,75415.84,75394.54,75408.86,13.95019,1779519299999,1051888.81984800,3504,3.91217000,294988.28259920,0,BTCUSDT,binance
2026-05-23 06:55:00+00:00,75408.86,75425.38,75394.54,75398.33,18.66898,1779519599999,1407738.26715010,4771,5.95794000,449257.33503430,0,BTCUSDT,binance
2026-05-23 07:00:00+00:00,75398.33,75443.44,75353.22,75371.28,56.71044,1779519899999,4274796.57205170,6148,9.94853000,750005.97159250,0,BTCUSDT,binance
2026-05-23 07:05:00+00:00,75371.29,75371.29,75266.74,75349.99,74.77452,1779520199999,5630689.82173790,9099,19.04380000,1434104.19971160,0,BTCUSDT,binance
2026-05-23 07:10:00+00:00,75350.0,75367.96,75335.12,75363.4,18.65788,1779520499999,1405914.54284080,3300,12.16309000,916489.10609100,0,BTCUSDT,binance
2026-05-23 07:15:00+00:00,75363.4,75363.4,75308.26,75310.09,12.63178,1779520799999,951702.07159240,4120,5.57098000,419730.26451590,0,BTCUSDT,binance
2026-05-23 07:20:00+00:00,75310.09,75316.26,75266.99,75282.84,31.68396,1779521099999,2385472.77310440,4623,13.47669000,1014584.90064980,0,BTCUSDT,binance
2026-05-23 07:25:00+00:00,75282.84,75292.79,75222.22,75292.79,40.7919,1779521399999,3070151.67681440,6198,20.34045000,1530836.75827770,0,BTCUSDT,binance
2026-05-23 07:30:00+00:00,75292.78,75292.79,75158.44,75277.12,101.89119,1779521699999,7664520.38855280,15397,50.94064000,3832964.10871020,0,BTCUSDT,binance
2026-05-23 07:35:00+00:00,75277.11,75348.17,75263.0,75345.47,70.90523,1779521999999,5340130.60641740,6811,28.47516000,2144134.54819840,0,BTCUSDT,binance
2026-05-23 07:40:00+00:00,75345.48,75345.48,75250.0,75292.6,26.33789,1779522299999,1983284.96231990,5955,7.43870000,560127.98543190,0,BTCUSDT,binance
2026-05-23 07:45:00+00:00,75292.6,75292.61,74969.93,75036.09,499.72325,1779522599999,37509854.30437380,37708,113.45759000,8516005.93802820,0,BTCUSDT,binance
2026-05-23 07:50:00+00:00,75036.09,75036.1,74289.6,74517.75,997.52769,1779522899999,74385343.12384550,64905,455.23153000,33943537.22250540,0,BTCUSDT,binance
2026-05-23 07:55:00+00:00,74517.74,74624.15,74493.6,74609.36,104.07358,1779523199999,7761169.84541800,15845,67.58634000,5040539.05538890,0,BTCUSDT,binance
2026-05-23 08:00:00+00:00,74609.37,74672.37,74581.05,74603.72,96.60364,1779523499999,7208226.74111860,12355,34.97382000,2609567.82698210,0,BTCUSDT,binance
2026-05-23 08:05:00+00:00,74603.72,74612.3,74501.77,74590.22,64.92873,1779523799999,4840799.25562840,10846,32.36991000,2413482.34648620,0,BTCUSDT,binance
2026-05-23 08:10:00+00:00,74590.23,74712.78,74573.34,74658.4,67.01454,1779524099999,5002311.80645140,12377,49.74085000,3712986.03996010,0,BTCUSDT,binance
2026-05-23 08:15:00+00:00,74658.39,74739.4,74658.39,74688.01,67.55396,1779524399999,5047327.18804720,11035,44.47366000,3322832.46720750,0,BTCUSDT,binance
2026-05-23 08:20:00+00:00,74688.01,74746.67,74600.76,74744.58,95.09631,1779524699999,7100199.89772820,9623,58.87429000,4395788.46771590,0,BTCUSDT,binance
2026-05-23 08:25:00+00:00,74744.59,74746.12,74603.38,74608.87,44.48881,1779524999999,3322631.49661310,7969,16.51593000,1233433.63411090,0,BTCUSDT,binance
2026-05-23 08:30:00+00:00,74608.88,74618.5,74502.6,74543.28,51.9978,1779525299999,3876281.08144720,10221,22.06068000,1644612.47918140,0,BTCUSDT,binance
2026-05-23 08:35:00+00:00,74543.27,74543.28,74303.56,74347.87,186.14998,1779525599999,13846652.79074020,12723,23.72675000,1766203.58714590,0,BTCUSDT,binance
2026-05-23 08:40:00+00:00,74347.87,74451.64,74347.39,74451.64,70.84002,1779525899999,5270683.49793290,10725,46.60255000,3467487.87054280,0,BTCUSDT,binance
2026-05-23 08:45:00+00:00,74451.63,74628.03,74417.88,74609.98,137.82774,1779526199999,10274955.48285200,9273,101.13263000,7538355.67804310,0,BTCUSDT,binance
2026-05-23 08:50:00+00:00,74609.98,74678.32,74609.97,74674.65,62.08321,1779526499999,4634543.19126690,6121,44.75652000,3340898.56006530,0,BTCUSDT,binance
2026-05-23 08:55:00+00:00,74674.65,74687.25,74668.54,74684.3,19.36246,1779526799999,1445924.22303990,2866,10.23226000,764097.82516290,0,BTCUSDT,binance
2026-05-23 09:00:00+00:00,74684.29,74688.23,74652.99,74675.01,35.7194,1779527099999,2667172.62425060,5741,10.96329000,818595.09357270,0,BTCUSDT,binance
2026-05-23 09:05:00+00:00,74675.0,74675.01,74632.2,74632.21,21.26806,1779527399999,1587590.43100870,4324,9.30856000,694860.50962640,0,BTCUSDT,binance
2026-05-23 09:10:00+00:00,74632.21,74680.0,74624.5,74662.02,78.94595,1779527699999,5893205.09428760,4785,28.64090000,2138073.50940050,0,BTCUSDT,binance
2026-05-23 09:15:00+00:00,74662.01,74692.0,74662.01,74674.81,29.48139,1779527999999,2201553.05938720,2999,14.27618000,1066091.15947000,0,BTCUSDT,binance
2026-05-23 09:20:00+00:00,74674.81,74682.59,74662.11,74676.85,18.12881,1779528299999,1353672.09947250,3350,8.36341000,624484.77825130,0,BTCUSDT,binance
2026-05-23 09:25:00+00:00,74676.84,74689.66,74676.84,74687.73,21.4006,1779528599999,1598367.01121270,1406,11.97106000,894092.80670310,0,BTCUSDT,binance
2026-05-23 09:30:00+00:00,74687.73,74728.03,74680.88,74721.31,44.11907,1779528899999,3296286.41317570,4115,18.28021000,1365575.11793060,0,BTCUSDT,binance
2026-05-23 09:35:00+00:00,74721.31,74721.32,74661.44,74682.86,32.70377,1779529199999,2442265.90023400,4850,12.61945000,942356.45593590,0,BTCUSDT,binance
2026-05-23 09:40:00+00:00,74682.85,74749.99,74682.85,74740.26,71.73026,1779529499999,5360378.73588320,5173,49.69106000,3713346.51425750,0,BTCUSDT,binance
2026-05-23 09:45:00+00:00,74740.26,74741.96,74731.24,74741.96,17.24122,1779529799999,1288556.24274480,2691,8.70344000,650468.69161990,0,BTCUSDT,binance
2026-05-23 09:50:00+00:00,74741.95,74752.45,74731.75,74731.75,19.01237,1779530099999,1421080.19336740,2530,10.72766000,801836.47656290,0,BTCUSDT,binance
2026-05-23 09:55:00+00:00,74731.76,74731.76,74656.9,74656.91,41.7562,1779530399999,3118306.86091000,2830,23.58549000,1761228.38652930,0,BTCUSDT,binance
2026-05-23 10:00:00+00:00,74656.91,74684.01,74656.91,74676.32,40.2644,1779530699999,3006827.49390050,3278,8.66115000,646758.97637520,0,BTCUSDT,binance
2026-05-23 10:05:00+00:00,74676.31,74706.3,74669.89,74700.0,13.69,1779530999999,1022517.43532020,2374,6.83385000,510423.83205750,0,BTCUSDT,binance
2026-05-23 10:10:00+00:00,74700.01,74754.12,74700.0,74744.32,38.01203,1779531299999,2840919.00942880,3626,28.90947000,2160638.76771500,0,BTCUSDT,binance
2026-05-23 10:15:00+00:00,74745.18,74754.0,74740.0,74749.05,11.13574,1779531599999,832378.53422840,2756,3.88322000,290260.16216410,0,BTCUSDT,binance
2026-05-23 10:20:00+00:00,74749.05,74749.05,74731.27,74732.33,14.06996,1779531899999,1051556.89124030,1851,6.65325000,497235.66427560,0,BTCUSDT,binance
2026-05-23 10:25:00+00:00,74732.33,74745.77,74718.65,74745.76,16.81838,1779532199999,1256777.19859990,2479,11.55609000,863548.62071040,0,BTCUSDT,binance
2026-05-23 10:30:00+00:00,74745.77,74787.95,74725.25,74787.95,56.87111,1779532499999,4250538.17836180,4724,17.11426000,1279241.46134720,0,BTCUSDT,binance
2026-05-23 10:35:00+00:00,74787.94,74797.01,74752.34,74797.0,174.11357,1779532799999,13020902.06751700,4538,125.22026000,9364255.55527500,0,BTCUSDT,binance
2026-05-23 10:40:00+00:00,74797.0,74797.01,74750.95,74766.83,29.97109,1779533099999,2240708.26172650,3200,13.21995000,988298.93427260,0,BTCUSDT,binance
2026-05-23 10:45:00+00:00,74766.84,74786.76,74717.73,74720.65,159.37428,1779533399999,11916506.49228690,4805,12.14235000,907817.57908820,0,BTCUSDT,binance
2026-05-23 10:50:00+00:00,74720.66,74720.66,74710.94,74710.95,13.05392,1779533699999,975368.24215220,1416,6.29819000,470581.71214060,0,BTCUSDT,binance
2026-05-23 10:55:00+00:00,74710.95,74728.65,74704.79,74705.0,58.34785,1779533999999,4359170.10103580,2393,39.43567000,2946173.03649220,0,BTCUSDT,binance
2026-05-23 11:00:00+00:00,74705.0,74740.01,74704.99,74738.28,52.91282,1779534299999,3953818.27420580,3746,46.28051000,3458245.43778020,0,BTCUSDT,binance
2026-05-23 11:05:00+00:00,74738.29,74794.19,74738.28,74794.18,21.31056,1779534599999,1593299.24428950,3176,16.03437000,1198853.11921870,0,BTCUSDT,binance
2026-05-23 11:10:00+00:00,74794.18,74812.85,74779.99,74779.99,62.30105,1779534899999,4659585.92086200,2558,17.09379000,1278440.76821140,0,BTCUSDT,binance
2026-05-23 11:15:00+00:00,74780.0,74818.59,74780.0,74818.59,28.78545,1779535199999,2153259.22656430,2218,24.86927000,1860320.91559030,0,BTCUSDT,binance
2026-05-23 11:20:00+00:00,74818.59,74861.81,74818.58,74838.17,30.67252,1779535499999,2295385.76066300,3275,17.49592000,1309232.39250080,0,BTCUSDT,binance
2026-05-23 11:25:00+00:00,74838.18,74873.55,74838.17,74853.96,62.70502,1779535799999,4693505.41876990,2539,54.53122000,4081592.00281460,0,BTCUSDT,binance
2026-05-23 11:30:00+00:00,74853.95,74853.96,74831.51,74831.52,17.79099,1779536099999,1331504.31854180,2565,9.15945000,685509.89527850,0,BTCUSDT,binance
2026-05-23 11:35:00+00:00,74831.51,74831.52,74790.26,74790.27,7.84965,1779536399999,587219.31541370,2169,2.22528000,166465.87721920,0,BTCUSDT,binance
2026-05-23 11:40:00+00:00,74790.27,74809.89,74779.99,74780.0,71.13646,1779536699999,5320285.05723610,2360,19.36899000,1448516.46154810,0,BTCUSDT,binance
2026-05-23 11:45:00+00:00,74780.0,74798.13,74779.99,74798.13,49.079,1779536999999,3670578.47407300,1662,44.16956000,3303406.71474290,0,BTCUSDT,binance
2026-05-23 11:50:00+00:00,74798.13,74800.05,74791.95,74800.05,34.61193,1779537299999,2588815.45681370,1540,26.08786000,1951241.06476360,0,BTCUSDT,binance
2026-05-23 11:55:00+00:00,74800.05,74832.49,74789.99,74789.99,48.76415,1779537599999,3648171.64810270,2504,25.42059000,1901935.16733090,0,BTCUSDT,binance
2026-05-23 12:00:00+00:00,74789.99,74798.41,74746.0,74758.87,61.45407,1779537899999,4595259.81065160,3506,43.65610000,3264636.21873330,0,BTCUSDT,binance
2026-05-23 12:05:00+00:00,74758.87,74776.11,74756.08,74756.09,22.74702,1779538199999,1700569.17974000,1963,11.83534000,884785.16962640,0,BTCUSDT,binance
2026-05-23 12:10:00+00:00,74756.09,74756.09,74697.66,74722.56,24.99302,1779538499999,1867385.86872940,2991,10.83583000,809516.66132520,0,BTCUSDT,binance
2026-05-23 12:15:00+00:00,74722.56,74755.2,74697.66,74697.67,108.50304,1779538799999,8109294.23585330,3856,60.83697000,4546432.75429460,0,BTCUSDT,binance
2026-05-23 12:20:00+00:00,74697.67,74705.1,74660.05,74705.1,58.07584,1779539099999,4337469.63192110,3648,45.66336000,3410518.62374380,0,BTCUSDT,binance
2026-05-23 12:25:00+00:00,74705.1,74736.9,74699.06,74736.9,45.90659,1779539399999,3429621.20460200,3560,13.30957000,994339.34485410,0,BTCUSDT,binance
2026-05-23 12:30:00+00:00,74736.9,74753.36,74736.89,74739.15,25.9033,1779539699999,1936211.81307680,2237,13.63223000,1019001.21850750,0,BTCUSDT,binance
2026-05-23 12:35:00+00:00,74739.15,74780.01,74736.89,74774.05,61.79153,1779539999999,4619576.90297770,2755,52.86991000,3952525.16831030,0,BTCUSDT,binance
2026-05-23 12:40:00+00:00,74774.05,74774.05,74732.53,74737.07,40.30051,1779540299999,3011997.66735290,2679,14.07185000,1051651.88615980,0,BTCUSDT,binance
2026-05-23 12:45:00+00:00,74737.08,74737.08,74731.98,74731.99,14.88934,1779540599999,1112727.44975630,1362,3.01756000,225512.95761320,0,BTCUSDT,binance
2026-05-23 12:50:00+00:00,74731.99,74732.0,74720.54,74723.54,42.72415,1779540899999,3192617.54273500,2218,26.24939000,1961559.11365590,0,BTCUSDT,binance
2026-05-23 12:55:00+00:00,74723.54,74753.94,74722.78,74753.93,63.52973,1779541199999,4747730.20133740,4237,54.34478000,4061262.12724980,0,BTCUSDT,binance
2026-05-23 13:00:00+00:00,74753.94,74972.0,74753.93,74944.85,66.62636,1779541499999,4989094.21476010,12953,47.62519000,3566190.12126150,0,BTCUSDT,binance
2026-05-23 13:05:00+00:00,74944.85,75000.0,74908.14,74957.62,42.62966,1779541799999,3195489.31681340,8964,22.07855000,1654868.38258160,0,BTCUSDT,binance
2026-05-23 13:10:00+00:00,74957.62,74957.62,74929.98,74929.99,23.67433,1779542099999,1774215.99853450,2411,13.69643000,1026445.37790640,0,BTCUSDT,binance
2026-05-23 13:15:00+00:00,74929.98,75027.44,74929.98,74946.89,63.34814,1779542399999,4750277.78632120,9335,44.90168000,3366850.65777660,0,BTCUSDT,binance
2026-05-23 13:20:00+00:00,74946.89,75048.78,74946.88,74991.16,32.01267,1779542699999,2400908.43145330,5394,21.28481000,1596079.09428850,0,BTCUSDT,binance
2026-05-23 13:25:00+00:00,74991.16,74996.03,74968.77,74988.01,34.44512,1779542999999,2582791.53037170,2776,18.60691000,1395142.93702190,0,BTCUSDT,binance
2026-05-23 13:30:00+00:00,74988.01,75039.65,74932.56,74959.09,136.35174,1779543299999,10225682.88682820,11972,75.67748000,5676396.46805080,0,BTCUSDT,binance
2026-05-23 13:35:00+00:00,74959.1,74968.04,74885.42,74939.91,39.98404,1779543599999,2995690.79673950,6188,25.25583000,1892105.67624430,0,BTCUSDT,binance
2026-05-23 13:40:00+00:00,74939.9,74939.91,74902.26,74939.45,36.58078,1779543899999,2740633.04694500,3379,16.77531000,1256757.77682650,0,BTCUSDT,binance
2026-05-23 13:45:00+00:00,74939.45,75161.35,74939.45,75149.76,124.60106,1779544199999,9356097.65112070,11692,57.70176000,4331820.33216130,0,BTCUSDT,binance
2026-05-23 13:50:00+00:00,75149.76,75262.86,75079.72,75251.2,142.37127,1779544499999,10701302.95182560,16228,94.95077000,7137803.29517180,0,BTCUSDT,binance
2026-05-23 13:55:00+00:00,75251.2,75256.71,75196.49,75213.9,73.27372,1779544799999,5512010.14976510,7134,43.23452000,3252133.40398260,0,BTCUSDT,binance
2026-05-23 14:00:00+00:00,75213.9,75224.26,75127.56,75138.81,20.74354,1779545099999,1559106.84031410,4126,4.22932000,317883.43846480,0,BTCUSDT,binance
2026-05-23 14:05:00+00:00,75138.82,75246.25,75108.15,75210.37,63.43105,1779545399999,4770027.63247830,6008,43.30191000,3256404.67026190,0,BTCUSDT,binance
2026-05-23 14:10:00+00:00,75210.38,75240.3,75190.0,75190.0,125.7951,1779545699999,9461663.90077920,4157,34.00544000,2557831.02697600,0,BTCUSDT,binance
2026-05-23 14:15:00+00:00,75190.0,75250.39,75189.99,75235.83,67.02061,1779545999999,5041162.41029160,5780,54.76868000,4119493.07230030,0,BTCUSDT,binance
2026-05-23 14:20:00+00:00,75235.82,75350.0,75235.82,75303.96,78.18431,1779546299999,5887182.54933570,9686,54.92586000,4135458.13287430,0,BTCUSDT,binance
2026-05-23 14:25:00+00:00,75303.95,75325.63,75264.76,75323.05,51.12888,1779546599999,3849809.79746540,5958,29.88378000,2250053.76832980,0,BTCUSDT,binance
2026-05-23 14:30:00+00:00,75323.06,75382.03,75291.46,75372.12,72.24851,1779546899999,5444247.32486450,9051,41.85823000,3154244.08048890,0,BTCUSDT,binance
2026-05-23 14:35:00+00:00,75372.11,75475.19,75352.39,75420.01,71.81384,1779547199999,5415463.33468410,9960,44.06965000,3323052.68527700,0,BTCUSDT,binance
2026-05-23 14:40:00+00:00,75420.0,75479.36,75400.0,75467.23,43.10742,1779547499999,3252189.35450820,7098,26.00756000,1962123.27525440,0,BTCUSDT,binance
2026-05-23 14:45:00+00:00,75467.23,75518.59,75400.36,75418.77,70.75974,1779547799999,5340747.67885710,8333,37.07642000,2798676.53285130,0,BTCUSDT,binance
2026-05-23 14:50:00+00:00,75418.76,75462.37,75418.76,75442.99,20.98406,1779548099999,1583097.04217250,4091,13.19490000,995445.47563990,0,BTCUSDT,binance
2026-05-23 14:55:00+00:00,75442.99,75726.3,75442.98,75537.72,236.84306,1779548399999,17909204.55742280,16117,183.16716000,13851474.04320310,0,BTCUSDT,binance
2026-05-23 15:00:00+00:00,75537.73,75550.0,75487.19,75508.65,41.9382,1779548699999,3167168.76362250,8388,22.18429000,1675333.14095250,0,BTCUSDT,binance
2026-05-23 15:05:00+00:00,75508.65,75631.85,75508.64,75606.18,50.23055,1779548999999,3796004.50891420,8383,34.67514000,2620368.97374840,0,BTCUSDT,binance
2026-05-23 15:10:00+00:00,75606.18,75654.02,75600.01,75649.55,98.98246,1779549299999,7486411.97376250,5280,56.25063000,4254242.77546640,0,BTCUSDT,binance
2026-05-23 15:15:00+00:00,75649.54,75676.0,75594.42,75663.69,43.83012,1779549599999,3315214.48237970,5829,13.15185000,994686.82717040,0,BTCUSDT,binance
2026-05-23 15:20:00+00:00,75663.7,75668.92,75604.66,75644.84,40.74777,1779549899999,3081645.94597470,5207,18.04222000,1364556.45711890,0,BTCUSDT,binance
2026-05-23 15:25:00+00:00,75644.84,75644.84,75519.89,75544.74,59.47515,1779550199999,4494224.37291970,7011,23.12479000,1747557.39411390,0,BTCUSDT,binance
2026-05-23 15:30:00+00:00,75544.74,75544.74,75444.99,75455.61,42.37233,1779550499999,3198713.84094710,7663,16.59351000,1252530.43398180,0,BTCUSDT,binance
2026-05-23 15:35:00+00:00,75455.6,75455.61,75405.4,75442.82,76.20079,1779550799999,5747860.75765510,7860,34.99096000,2639430.61998310,0,BTCUSDT,binance
2026-05-23 15:40:00+00:00,75442.82,75535.04,75442.82,75503.43,65.28863,1779551099999,4929549.29212850,5767,48.74552000,3680315.31539450,0,BTCUSDT,binance
2026-05-23 15:45:00+00:00,75503.42,75545.29,75492.77,75492.78,69.90432,1779551399999,5279551.88077920,5622,32.71076000,2470529.90207900,0,BTCUSDT,binance
2026-05-23 15:50:00+00:00,75492.78,75535.04,75479.05,75498.63,34.35094,1779551699999,2593659.78682690,3343,26.13750000,1973494.73515150,0,BTCUSDT,binance
2026-05-23 15:55:00+00:00,75498.63,75520.0,75498.63,75520.0,11.40169,1779551999999,860912.59736500,1902,8.42588000,636212.80711670,0,BTCUSDT,binance
2026-05-23 16:00:00+00:00,75519.99,75638.62,75519.99,75607.19,41.32983,1779552299999,3124119.78469280,8635,28.37307000,2144628.09057270,0,BTCUSDT,binance
2026-05-23 16:05:00+00:00,75607.19,75607.2,75526.98,75535.04,21.36862,1779552599999,1614601.84597550,4056,7.19216000,543330.94317520,0,BTCUSDT,binance
2026-05-23 16:10:00+00:00,75535.04,75568.0,75535.03,75535.04,19.59165,1779552899999,1480163.48351400,4348,8.24812000,623123.68341170,0,BTCUSDT,binance
2026-05-23 16:15:00+00:00,75535.04,75554.43,75493.6,75512.55,21.76669,1779553199999,1643924.86420620,4559,9.92718000,749707.39845090,0,BTCUSDT,binance
2026-05-23 16:20:00+00:00,75512.56,75528.27,75415.17,75415.17,43.5115,1779553499999,3283575.12080560,7639,5.56953000,420244.98756240,0,BTCUSDT,binance
2026-05-23 16:25:00+00:00,75415.18,75475.4,75415.17,75475.39,17.74532,1779553799999,1338837.73589830,3671,9.11829000,687946.84247440,0,BTCUSDT,binance
2026-05-23 16:30:00+00:00,75475.4,75499.62,75471.52,75471.52,28.74143,1779554099999,2169611.47594140,3795,8.85709000,668570.78389200,0,BTCUSDT,binance
2026-05-23 16:35:00+00:00,75471.53,75565.4,75471.53,75547.04,31.09179,1779554399999,2347754.41804520,6104,20.52925000,1550142.44132970,0,BTCUSDT,binance
2026-05-23 16:40:00+00:00,75547.05,75547.05,75500.0,75500.0,12.3444,1779554699999,932225.13329340,3208,4.97516000,375707.77629100,0,BTCUSDT,binance
2026-05-23 16:45:00+00:00,75500.01,75518.01,75462.85,75508.0,102.29823,1779554999999,7723371.63987590,4882,64.50788000,4869827.44914270,0,BTCUSDT,binance
2026-05-23 16:50:00+00:00,75508.0,75539.99,75453.7,75453.71,25.25996,1779555299999,1907294.19353120,6296,10.72470000,809838.62627360,0,BTCUSDT,binance
2026-05-23 16:55:00+00:00,75453.71,75484.18,75419.7,75444.7,46.90262,1779555599999,3539163.60749880,5656,14.28816000,1078124.34983780,0,BTCUSDT,binance
2026-05-23 17:00:00+00:00,75444.71,75520.0,75427.99,75427.99,118.23135,1779555899999,8924206.48651760,8075,87.94389000,6638875.41393230,0,BTCUSDT,binance
2026-05-23 17:05:00+00:00,75428.0,75481.48,75427.99,75481.48,67.28963,1779556199999,5076864.14605640,4642,61.02701000,4604292.31009310,0,BTCUSDT,binance
2026-05-23 17:10:00+00:00,75481.48,75481.48,75428.75,75454.67,16.40954,1779556499999,1238086.65738910,3613,7.83484000,591053.68319840,0,BTCUSDT,binance
2026-05-23 17:15:00+00:00,75454.67,75502.99,75454.66,75462.52,11.54506,1779556799999,871489.37808530,4610,6.92625000,522800.22566210,0,BTCUSDT,binance
2026-05-23 17:20:00+00:00,75462.51,75462.52,75422.65,75446.08,11.74762,1779557099999,886187.12901570,4267,7.18765000,542186.01986260,0,BTCUSDT,binance
2026-05-23 17:25:00+00:00,75446.09,75486.77,75426.38,75474.8,25.90411,1779557399999,1954470.68630520,3910,15.45286000,1166017.18040960,0,BTCUSDT,binance
2026-05-23 17:30:00+00:00,75474.8,75511.26,75459.32,75459.32,88.04488,1779557699999,6645877.59322020,6947,11.36748000,858197.13966600,0,BTCUSDT,binance
2026-05-23 17:35:00+00:00,75459.33,75470.04,75415.02,75470.0,119.03227,1779557999999,8981357.44877840,4960,106.15378000,8009563.85541680,0,BTCUSDT,binance
2026-05-23 17:40:00+00:00,75470.0,75470.01,75413.73,75427.66,20.32667,1779558299999,1533327.64268630,3678,2.76328000,208428.80147490,0,BTCUSDT,binance
2026-05-23 17:45:00+00:00,75427.65,75434.78,75371.72,75427.32,20.72778,1779558599999,1563040.16736150,4521,7.21645000,544218.29089690,0,BTCUSDT,binance
2026-05-23 17:50:00+00:00,75427.33,75494.47,75427.32,75494.46,37.60193,1779558899999,2837710.34706900,3560,19.76191000,1491385.65672640,0,BTCUSDT,binance
2026-05-23 17:55:00+00:00,75494.47,75522.0,75486.83,75488.18,29.34045,1779559199999,2215437.41373320,3156,11.05783000,834890.99366950,0,BTCUSDT,binance
2026-05-23 18:00:00+00:00,75488.17,75510.49,75472.04,75509.38,27.57214,1779559499999,2081226.83415010,5273,23.32681000,1760737.77166460,0,BTCUSDT,binance
2026-05-23 18:05:00+00:00,75509.38,75576.11,75509.38,75556.96,16.79124,1779559799999,1268637.04916740,6573,7.98791000,603453.08971380,0,BTCUSDT,binance
2026-05-23 18:10:00+00:00,75556.96,75827.62,75556.96,75700.09,71.4026,1779560099999,5405641.02695530,17729,47.69651000,3610930.17799010,0,BTCUSDT,binance
2026-05-23 18:15:00+00:00,75700.09,75800.0,75660.0,75799.99,19.93618,1779560399999,1509756.76830930,11803,11.50678000,871436.78361120,0,BTCUSDT,binance
2026-05-23 18:20:00+00:00,75799.99,75935.0,75793.4,75811.67,72.12208,1779560699999,5472154.45985370,16743,26.34602000,1998872.48977480,0,BTCUSDT,binance
2026-05-23 18:25:00+00:00,75811.67,75847.59,75746.11,75835.15,25.18312,1779560999999,1908999.02446720,7002,16.73872000,1268892.02222530,0,BTCUSDT,binance
2026-05-23 18:30:00+00:00,75835.15,75986.24,75835.15,75878.86,56.76005,1779561299999,4309673.21279730,10156,39.50187000,2999725.83687840,0,BTCUSDT,binance
2026-05-23 18:35:00+00:00,75878.87,75914.37,75818.66,75845.81,29.35057,1779561599999,2226689.60523510,6693,10.22283000,775565.72934320,0,BTCUSDT,binance
2026-05-23 18:40:00+00:00,75845.81,75918.44,75845.81,75896.16,27.36124,1779561899999,2076706.96883740,6460,11.57620000,878555.14883760,0,BTCUSDT,binance
2026-05-23 18:45:00+00:00,75896.17,75905.86,75761.33,75782.38,42.4148,1779562199999,3217370.21118300,10040,16.07233000,1219421.58954460,0,BTCUSDT,binance
2026-05-23 18:50:00+00:00,75782.39,75866.54,75782.39,75853.28,26.19292,1779562499999,1986642.85061390,6155,9.79913000,743135.96824330,0,BTCUSDT,binance
2026-05-23 18:55:00+00:00,75853.28,75889.71,75844.11,75845.82,14.13112,1779562799999,1072027.16245810,3252,8.72680000,662029.13399160,0,BTCUSDT,binance
2026-05-23 19:00:00+00:00,75845.82,75874.87,75790.58,75816.88,32.60461,1779563099999,2471814.15167620,5870,9.12534000,691802.59410620,0,BTCUSDT,binance
2026-05-23 19:05:00+00:00,75816.87,75824.58,75780.9,75805.57,36.13772,1779563399999,2739515.38697960,5454,23.04919000,1747244.74828980,0,BTCUSDT,binance
2026-05-23 19:10:00+00:00,75805.57,75834.19,75795.35,75795.35,35.02333,1779563699999,2655095.74761520,5039,7.48696000,567556.95420280,0,BTCUSDT,binance
2026-05-23 19:15:00+00:00,75795.36,76000.0,75795.36,75949.41,68.25757,1779563999999,5183540.14536540,9676,55.80946000,4238220.23126610,0,BTCUSDT,binance
2026-05-23 19:20:00+00:00,75949.41,75995.06,75900.0,75900.01,18.23898,1779564299999,1385323.12703100,5549,9.39480000,713664.80944190,0,BTCUSDT,binance
2026-05-23 19:25:00+00:00,75900.0,75956.04,75900.0,75956.04,15.38053,1779564599999,1167822.74011120,5413,10.20977000,775193.30870650,0,BTCUSDT,binance
2026-05-23 19:30:00+00:00,75956.04,75977.25,75900.93,75915.0,20.45129,1779564899999,1552991.78657960,6793,9.46457000,718735.58024170,0,BTCUSDT,binance
2026-05-23 19:35:00+00:00,75914.99,75933.44,75881.38,75922.08,16.1059,1779565199999,1222566.62594240,5852,8.41247000,638601.93481460,0,BTCUSDT,binance
2026-05-23 19:40:00+00:00,75922.08,75933.73,75893.33,75933.73,31.74541,1779565499999,2409906.54993580,6168,13.85345000,1051699.38994540,0,BTCUSDT,binance
2026-05-23 19:45:00+00:00,75933.73,75956.85,75899.71,75956.85,28.83358,1779565799999,2189047.22100020,4666,23.11967000,1755246.94526350,0,BTCUSDT,binance
2026-05-23 19:50:00+00:00,75956.86,75956.86,75912.06,75924.99,24.23089,1779566099999,1839829.75764780,4036,11.14211000,846027.08763720,0,BTCUSDT,binance
2026-05-23 19:55:00+00:00,75924.99,76012.22,75918.57,75983.45,37.89139,1779566399999,2878574.95614730,4285,30.83623000,2342602.46485370,0,BTCUSDT,binance
2026-05-23 20:00:00+00:00,75983.45,76008.13,75980.11,75980.12,18.85189,1779566699999,1432568.28334150,3236,15.12426000,1149301.11207050,0,BTCUSDT,binance
2026-05-23 20:05:00+00:00,75980.12,75980.44,75953.94,75980.44,27.37092,1779566999999,2079220.85635040,4027,14.35379000,1090350.07947680,0,BTCUSDT,binance
2026-05-23 20:10:00+00:00,75980.44,76177.46,75980.44,76085.84,114.57976,1779567299999,8718859.77647720,12834,82.45754000,6273946.77936400,0,BTCUSDT,binance
2026-05-23 20:15:00+00:00,76085.84,76192.23,76053.79,76142.83,55.7164,1779567599999,4241588.11327060,11959,27.16569000,2067866.13659410,0,BTCUSDT,binance
2026-05-23 20:20:00+00:00,76142.83,76160.93,76032.0,76047.55,47.0012,1779567899999,3575529.84631690,9002,12.70977000,966876.20111300,0,BTCUSDT,binance
2026-05-23 20:25:00+00:00,76047.54,76053.0,76000.0,76000.01,15.53078,1779568199999,1180846.77298260,4175,9.30518000,707568.92702030,0,BTCUSDT,binance
2026-05-23 20:30:00+00:00,76000.01,76374.68,75968.75,76290.71,135.98494,1779568499999,10364043.52047270,28022,91.43500000,6968286.84759210,0,BTCUSDT,binance
2026-05-23 20:35:00+00:00,76290.7,76845.0,76286.85,76737.19,254.5173,1779568799999,19505194.33573940,56266,166.11659000,12730241.55051200,0,BTCUSDT,binance
2026-05-23 20:40:00+00:00,76737.2,76940.0,76721.61,76830.63,151.74784,1779569099999,11659008.12309010,33477,76.14253000,5850535.00443630,0,BTCUSDT,binance
2026-05-23 20:45:00+00:00,76831.11,76903.36,76714.11,76840.68,79.31855,1779569399999,6092940.34868910,20267,36.48488000,2802203.27446020,0,BTCUSDT,binance
2026-05-23 20:50:00+00:00,76840.68,76892.94,76700.44,76890.01,86.69286,1779569699999,6656627.12030890,15991,45.60965000,3502182.66570310,0,BTCUSDT,binance
2026-05-23 20:55:00+00:00,76890.01,77300.0,76890.0,77287.58,255.27041,1779569999999,19686848.35998510,40033,170.47776000,13147005.88247700,0,BTCUSDT,binance
2026-05-23 21:00:00+00:00,77286.08,77404.18,76894.82,77018.74,212.74166,1779570299999,16421003.65355500,40557,83.70417000,6466573.99562020,0,BTCUSDT,binance
2026-05-23 21:05:00+00:00,77018.74,77157.78,76948.8,77079.38,96.90058,1779570599999,7467202.29775520,16175,47.98264000,3698068.90230600,0,BTCUSDT,binance
2026-05-23 21:10:00+00:00,77079.38,77144.66,76949.96,76978.82,111.12386,1779570899999,8559962.57808380,14343,19.23072000,1481701.47609630,0,BTCUSDT,binance
2026-05-23 21:15:00+00:00,76978.81,77029.96,76848.44,76988.38,111.94786,1779571199999,8613859.73767940,17225,65.18259000,5015781.30040070,0,BTCUSDT,binance
2026-05-23 21:20:00+00:00,76987.7,77100.0,76974.3,76988.6,114.27128,1779571499999,8804237.50304560,10516,77.27889000,5953856.19973270,0,BTCUSDT,binance
2026-05-23 21:25:00+00:00,76988.6,76988.6,76752.12,76752.13,63.70874,1779571799999,4897888.38878090,15981,22.21337000,1707773.76863430,0,BTCUSDT,binance
2026-05-23 21:30:00+00:00,76752.12,76850.0,76538.04,76833.48,137.78586,1779572099999,10566939.01755950,25425,71.73081000,5501988.59986660,0,BTCUSDT,binance
2026-05-23 21:35:00+00:00,76833.48,76920.0,76700.57,76719.75,87.64396,1779572399999,6736142.45116550,13607,52.76820000,4056268.69053860,0,BTCUSDT,binance
2026-05-23 21:40:00+00:00,76719.75,76719.76,76558.0,76700.0,81.50373,1779572699999,6244737.72620410,14744,29.96928000,2296402.72759630,0,BTCUSDT,binance
2026-05-23 21:45:00+00:00,76699.99,76745.6,76576.46,76622.4,59.28682,1779572999999,4544048.56720290,13514,21.33804000,1635496.05942570,0,BTCUSDT,binance
2026-05-23 21:50:00+00:00,76622.4,76759.22,76622.4,76745.99,29.89483,1779573299999,2293195.23805250,8376,12.17837000,934108.28616790,0,BTCUSDT,binance
2026-05-23 21:55:00+00:00,76746.0,76820.0,76746.0,76804.99,40.78588,1779573599999,3131883.78366440,6657,30.80622000,2365542.89516240,0,BTCUSDT,binance
2026-05-23 22:00:00+00:00,76805.0,76885.0,76804.99,76879.28,59.51905,1779573899999,4573455.93323430,8603,47.91416000,3681665.45707450,0,BTCUSDT,binance
2026-05-23 22:05:00+00:00,76879.27,76879.28,76740.34,76740.34,42.56059,1779574199999,3268025.75950490,8632,20.33649000,1561591.51331410,0,BTCUSDT,binance
2026-05-23 22:10:00+00:00,76740.02,76740.02,76654.91,76654.91,21.5453,1779574499999,1652401.46807150,5050,6.19954000,475472.04493140,0,BTCUSDT,binance
2026-05-23 22:15:00+00:00,76654.92,76700.0,76638.75,76700.0,19.68297,1779574799999,1508950.55665550,6145,10.28581000,788533.63125050,0,BTCUSDT,binance
2026-05-23 22:20:00+00:00,76700.0,76700.0,76582.53,76582.53,15.0113,1779575099999,1150350.84150250,5187,2.74901000,210715.58092800,0,BTCUSDT,binance
2026-05-23 22:25:00+00:00,76582.54,76622.41,76538.4,76545.28,38.07316,1779575399999,2915965.27885370,9152,11.93448000,913998.79942780,0,BTCUSDT,binance
2026-05-23 22:30:00+00:00,76545.28,76599.43,76457.91,76548.69,78.61099,1779575699999,6015494.95175570,11813,38.71619000,2962669.38307460,0,BTCUSDT,binance
2026-05-23 22:35:00+00:00,76548.69,76548.69,76396.06,76442.97,62.93586,1779575999999,4812186.29035870,13087,16.90722000,1292397.08012620,0,BTCUSDT,binance
2026-05-23 22:40:00+00:00,76442.96,76558.0,76442.96,76550.0,36.2746,1779576299999,2775576.54631930,10991,21.34634000,1633247.49457790,0,BTCUSDT,binance
2026-05-23 22:45:00+00:00,76550.0,76593.24,76499.05,76583.2,26.21393,1779576599999,2006861.40618740,7275,20.52585000,1571354.98754270,0,BTCUSDT,binance
2026-05-23 22:50:00+00:00,76583.21,76595.03,76556.8,76584.45,31.48355,1779576899999,2410855.75338770,3580,24.99122000,1913657.63827040,0,BTCUSDT,binance
2026-05-23 22:55:00+00:00,76584.45,76619.15,76568.0,76584.45,32.39199,1779577199999,2481149.85663920,4126,21.28837000,1630668.37588900,0,BTCUSDT,binance
2026-05-23 23:00:00+00:00,76584.45,76596.0,76538.36,76595.98,68.33457,1779577499999,5232346.16752920,6425,39.18814000,3000195.02914940,0,BTCUSDT,binance
2026-05-23 23:05:00+00:00,76595.98,76784.0,76590.0,76723.14,74.87426,1779577799999,5743378.73514350,8538,61.30982000,4702621.18511430,0,BTCUSDT,binance
2026-05-23 23:10:00+00:00,76723.15,76754.38,76666.72,76679.63,32.52345,1779578099999,2495079.95538840,6255,12.08741000,927234.83693580,0,BTCUSDT,binance
2026-05-23 23:15:00+00:00,76679.63,76754.66,76679.63,76724.02,27.39101,1779578399999,2101460.81883340,7619,20.07408000,1539966.49495540,0,BTCUSDT,binance
2026-05-23 23:20:00+00:00,76724.01,76729.16,76622.0,76622.0,23.29598,1779578699999,1786527.44768280,5383,6.32261000,484744.32198270,0,BTCUSDT,binance
2026-05-23 23:25:00+00:00,76622.01,76642.78,76584.45,76639.33,26.24333,1779578999999,2010553.81149280,6106,13.89225000,1064313.08558720,0,BTCUSDT,binance
2026-05-23 23:30:00+00:00,76639.33,76768.64,76639.32,76728.49,46.76881,1779579299999,3588161.50843970,10332,28.78486000,2208190.64083690,0,BTCUSDT,binance
2026-05-23 23:35:00+00:00,76728.49,76749.38,76674.02,76721.37,24.2197,1779579599999,1857990.59934150,8315,11.67400000,895504.89565350,0,BTCUSDT,binance
2026-05-23 23:40:00+00:00,76721.37,76746.44,76690.0,76708.0,27.77367,1779579899999,2130576.19089240,6431,15.04165000,1153808.36661360,0,BTCUSDT,binance
2026-05-23 23:45:00+00:00,76708.01,76737.03,76685.64,76730.75,15.46715,1779580199999,1186650.83980780,4885,7.05114000,540933.27349850,0,BTCUSDT,binance
2026-05-23 23:50:00+00:00,76730.74,76759.22,76696.37,76746.13,22.12176,1779580499999,1697299.18631210,6478,13.91268000,1067343.11261490,0,BTCUSDT,binance
2026-05-23 23:55:00+00:00,76746.14,76822.0,76746.13,76752.01,31.42493,1779580799999,2413374.09304530,5629,13.36376000,1026217.23435570,0,BTCUSDT,binance
2026-05-24 00:00:00+00:00,76752.0,76794.88,76688.71,76696.0,159.57987,1779581099999,12247364.97959760,14350,100.94203000,7747567.59485260,0,BTCUSDT,binance
2026-05-24 00:05:00+00:00,76696.01,76705.92,76656.0,76660.01,21.59628,1779581399999,1656063.34351320,6571,7.03128000,539168.10957360,0,BTCUSDT,binance
2026-05-24 00:10:00+00:00,76660.0,76694.97,76657.9,76691.47,10.77495,1779581699999,826161.50250840,4629,6.15792000,472179.47382830,0,BTCUSDT,binance
2026-05-24 00:15:00+00:00,76691.48,76732.78,76684.0,76694.17,14.08381,1779581999999,1080298.66917470,5005,8.98748000,689375.95455360,0,BTCUSDT,binance
2026-05-24 00:20:00+00:00,76694.16,76728.08,76629.02,76629.03,13.40045,1779582299999,1027461.71415930,5087,5.62038000,430948.46406680,0,BTCUSDT,binance
2026-05-24 00:25:00+00:00,76629.03,76690.0,76629.03,76689.22,8.60985,1779582599999,660012.47990620,3633,6.43782000,493503.40091090,0,BTCUSDT,binance
2026-05-24 00:30:00+00:00,76689.22,76790.0,76689.21,76738.99,18.64236,1779582899999,1430785.95605460,6189,12.29591000,943694.86815460,0,BTCUSDT,binance
2026-05-24 00:35:00+00:00,76738.99,76790.0,76734.55,76784.32,8.51191,1779583199999,653447.42453280,3766,4.71515000,362001.14029930,0,BTCUSDT,binance
2026-05-24 00:40:00+00:00,76784.32,76822.0,76748.24,76748.25,13.82597,1779583499999,1061679.30092940,5374,10.28185000,789563.29114380,0,BTCUSDT,binance
2026-05-24 00:45:00+00:00,76748.24,76930.65,76737.46,76864.96,87.83798,1779583799999,6753441.45855100,10218,68.98017000,5303306.39981590,0,BTCUSDT,binance
2026-05-24 00:50:00+00:00,76864.96,76864.96,76804.0,76824.23,22.24027,1779584099999,1708523.70834820,5307,13.36149000,1026393.90224280,0,BTCUSDT,binance
2026-05-24 00:55:00+00:00,76824.22,76861.78,76818.92,76835.16,13.43957,1779584399999,1032736.58969860,3561,7.64718000,587587.28513420,0,BTCUSDT,binance
2026-05-24 01:00:00+00:00,76835.16,76882.0,76834.72,76847.0,9.37258,1779584699999,720301.49864800,4550,5.21716000,400925.38965230,0,BTCUSDT,binance
2026-05-24 01:05:00+00:00,76847.0,76847.0,76754.53,76785.73,27.03041,1779584999999,2075651.15015870,6032,9.35503000,718256.08764200,0,BTCUSDT,binance
2026-05-24 01:10:00+00:00,76785.73,76832.56,76772.69,76790.4,12.46068,1779585299999,956908.83050530,3609,6.66888000,512134.66672830,0,BTCUSDT,binance
2026-05-24 01:15:00+00:00,76790.4,76803.33,76786.72,76798.36,6.27995,1779585599999,482249.29216850,2576,3.16427000,242988.40968730,0,BTCUSDT,binance
2026-05-24 01:20:00+00:00,76798.37,76920.0,76798.36,76906.46,32.81654,1779585899999,2522493.32136930,7346,27.18230000,2089293.99177010,0,BTCUSDT,binance
2026-05-24 01:25:00+00:00,76906.46,76908.0,76868.54,76905.01,21.87306,1779586199999,1681808.93541580,3218,14.00820000,1077105.72191470,0,BTCUSDT,binance
2026-05-24 01:30:00+00:00,76905.0,76921.45,76867.58,76916.72,12.96069,1779586499999,996625.83863550,2807,7.96537000,612496.94349590,0,BTCUSDT,binance
2026-05-24 01:35:00+00:00,76916.73,76916.73,76890.67,76902.31,14.9563,1779586799999,1150210.08670540,2166,3.67402000,282546.24946750,0,BTCUSDT,binance
2026-05-24 01:40:00+00:00,76902.3,76902.31,76814.52,76829.46,12.79152,1779587099999,983012.38612740,3109,6.31012000,484836.05392190,0,BTCUSDT,binance
2026-05-24 01:45:00+00:00,76829.47,76880.36,76804.0,76880.35,32.09901,1779587399999,2466290.81147220,5055,20.86645000,1603200.35622070,0,BTCUSDT,binance
2026-05-24 01:50:00+00:00,76880.36,76899.85,76873.39,76874.46,22.38811,1779587699999,1721446.79550350,2950,18.16805000,1396967.03922870,0,BTCUSDT,binance
2026-05-24 01:55:00+00:00,76874.45,76893.51,76852.7,76890.04,20.21243,1779587999999,1553675.01810340,2783,6.46049000,496647.75679630,0,BTCUSDT,binance
2026-05-24 02:00:00+00:00,76890.04,76924.41,76890.03,76900.01,16.91809,1779588299999,1301213.33599630,2887,11.47045000,882218.21845440,0,BTCUSDT,binance
2026-05-24 02:05:00+00:00,76900.01,76900.01,76850.0,76899.08,14.2695,1779588599999,1097061.13490120,3157,3.15501000,242558.54767340,0,BTCUSDT,binance
2026-05-24 02:10:00+00:00,76899.08,76917.15,76899.07,76914.97,11.09364,1779588899999,853190.72264290,2167,6.35849000,489014.67689220,0,BTCUSDT,binance
2026-05-24 02:15:00+00:00,76914.97,76927.43,76913.96,76923.95,21.04911,1779589199999,1619118.05200230,1317,15.57366000,1197941.29508750,0,BTCUSDT,binance
2026-05-24 02:20:00+00:00,76923.96,76968.04,76744.54,76744.55,29.05756,1779589499999,2232855.27118210,8182,6.43331000,494692.82111340,0,BTCUSDT,binance
2026-05-24 02:25:00+00:00,76744.54,76759.33,76704.32,76752.82,16.57873,1779589799999,1272210.25841690,4187,3.23337000,248089.89821200,0,BTCUSDT,binance
2026-05-24 02:30:00+00:00,76752.83,76816.88,76752.82,76808.0,29.10714,1779590099999,2234947.11616210,4598,17.00654000,1305723.43711790,0,BTCUSDT,binance
2026-05-24 02:35:00+00:00,76808.0,76842.3,76780.65,76808.7,16.04224,1779590399999,1232226.79916690,4764,6.71497000,515777.77579540,0,BTCUSDT,binance
2026-05-24 02:40:00+00:00,76808.7,76852.04,76808.69,76825.78,8.94048,1779590699999,686957.51856690,3547,2.83115000,217511.49341240,0,BTCUSDT,binance
2026-05-24 02:45:00+00:00,76825.79,76850.0,76825.33,76825.34,5.47264,1779590999999,420528.57500680,2640,2.05401000,157827.61795000,0,BTCUSDT,binance
2026-05-24 02:50:00+00:00,76825.34,76850.0,76821.6,76847.28,7.51693,1779591299999,577526.40588150,2111,4.55989000,350332.61582180,0,BTCUSDT,binance
2026-05-24 02:55:00+00:00,76847.28,76850.0,76828.03,76830.0,9.828,1779591599999,755185.24436750,3655,3.74470000,287730.92534210,0,BTCUSDT,binance
2026-05-24 03:00:00+00:00,76830.01,76960.0,76804.22,76959.99,19.97858,1779591899999,1535820.40725030,6626,15.03477000,1155909.59798330,0,BTCUSDT,binance
2026-05-24 03:05:00+00:00,76959.99,76960.0,76941.5,76954.23,20.11534,1779592199999,1547896.49604950,2819,5.48818000,422315.60879490,0,BTCUSDT,binance
2026-05-24 03:10:00+00:00,76954.22,77011.62,76924.99,76924.99,26.76701,1779592499999,2060270.99724320,7608,16.41022000,1263106.87372120,0,BTCUSDT,binance
2026-05-24 03:15:00+00:00,76925.0,76925.0,76868.82,76873.39,11.21561,1779592799999,862395.23286320,4403,3.64081000,279934.76035340,0,BTCUSDT,binance
2026-05-24 03:20:00+00:00,76873.39,76916.82,76873.39,76912.95,8.78592,1779593099999,675658.88594460,3569,5.64864000,434389.08610430,0,BTCUSDT,binance
2026-05-24 03:25:00+00:00,76912.94,76920.65,76909.33,76909.34,6.00547,1779593399999,461927.29739990,1715,2.15091000,165436.15836810,0,BTCUSDT,binance
2026-05-24 03:30:00+00:00,76909.34,76909.34,76872.86,76872.87,6.73733,1779593699999,518062.12328600,3142,2.96047000,227644.10034400,0,BTCUSDT,binance
2026-05-24 03:35:00+00:00,76872.87,76872.87,76792.0,76804.0,37.35302,1779593999999,2870031.72692620,4604,3.55960000,273445.95344190,0,BTCUSDT,binance
2026-05-24 03:40:00+00:00,76804.0,76828.08,76738.5,76757.39,46.06375,1779594299999,3536596.21817420,5225,6.00725000,461221.15767970,0,BTCUSDT,binance
2026-05-24 03:45:00+00:00,76757.4,76797.99,76757.39,76797.99,6.29414,1779594599999,483274.98347530,3121,2.77157000,212803.51013290,0,BTCUSDT,binance
2026-05-24 03:50:00+00:00,76797.99,76804.0,76770.85,76796.86,29.94639,1779594899999,2299673.87023000,4020,7.65520000,587855.54499370,0,BTCUSDT,binance
2026-05-24 03:55:00+00:00,76796.85,76803.2,76750.0,76750.0,28.78287,1779595199999,2209653.31461170,2787,2.67067000,205084.45315610,0,BTCUSDT,binance
2026-05-24 04:00:00+00:00,76750.01,76858.26,76750.01,76836.71,39.36898,1779595499999,3024089.39777090,5030,26.40913000,2028421.87750240,0,BTCUSDT,binance
2026-05-24 04:05:00+00:00,76836.71,76836.72,76771.22,76785.37,8.20096,1779595799999,629797.36155090,3208,3.11523000,239189.46514500,0,BTCUSDT,binance
2026-05-24 04:10:00+00:00,76785.37,76842.45,76785.36,76842.44,30.99545,1779596099999,2380793.47538540,3720,27.24671000,2092803.18049160,0,BTCUSDT,binance
2026-05-24 04:15:00+00:00,76842.45,76844.69,76819.97,76820.39,5.65042,1779596399999,434136.78294240,1743,1.50233000,115423.39597790,0,BTCUSDT,binance
2026-05-24 04:20:00+00:00,76820.39,76824.77,76790.01,76791.6,8.77918,1779596699999,674375.02458900,2511,4.23380000,325227.23076720,0,BTCUSDT,binance
2026-05-24 04:25:00+00:00,76791.6,76791.6,76763.51,76765.39,14.71783,1779596999999,1129928.04684220,2423,5.65524000,434141.63510590,0,BTCUSDT,binance
2026-05-24 04:30:00+00:00,76765.4,76769.34,76741.05,76749.68,7.36719,1779597299999,565480.33689000,2498,2.44797000,187901.48636580,0,BTCUSDT,binance
2026-05-24 04:35:00+00:00,76749.67,76777.56,76730.0,76738.97,11.43175,1779597599999,877381.74410930,3309,3.74732000,287599.55921670,0,BTCUSDT,binance
2026-05-24 04:40:00+00:00,76738.96,76777.44,76738.96,76777.44,6.60536,1779597899999,507001.71532200,2027,4.22838000,324548.47220520,0,BTCUSDT,binance
2026-05-24 04:45:00+00:00,76777.44,76787.1,76740.7,76787.1,12.81974,1779598199999,984045.65187960,2656,4.58255000,351779.14947900,0,BTCUSDT,binance
2026-05-24 04:50:00+00:00,76787.1,76801.9,76787.09,76800.0,6.6055,1779598499999,507258.61435140,1427,1.83340000,140789.68552550,0,BTCUSDT,binance
2026-05-24 04:55:00+00:00,76800.0,76818.19,76780.52,76786.5,11.10091,1779598799999,852545.75173010,3111,3.15374000,242192.33586230,0,BTCUSDT,binance
2026-05-24 05:00:00+00:00,76786.5,76786.5,76762.63,76774.91,4.82114,1779599099999,370126.79564410,1652,1.39853000,107364.95783600,0,BTCUSDT,binance
2026-05-24 05:05:00+00:00,76774.91,76774.92,76730.0,76750.52,24.72818,1779599399999,1897974.88949610,4385,5.06929000,389038.93049160,0,BTCUSDT,binance
2026-05-24 05:10:00+00:00,76750.52,76750.53,76730.0,76742.5,5.30991,1779599699999,407478.85716140,1524,1.66765000,127971.98503300,0,BTCUSDT,binance
2026-05-24 05:15:00+00:00,76742.5,76742.5,76710.01,76710.01,16.45676,1779599999999,1262497.85810860,1657,0.80839000,62020.20130570,0,BTCUSDT,binance
2026-05-24 05:20:00+00:00,76710.01,76713.48,76710.0,76710.01,10.87614,1779600299999,834332.13667800,1000,2.01504000,154578.48484510,0,BTCUSDT,binance
2026-05-24 05:25:00+00:00,76710.01,76726.0,76676.88,76705.91,61.4278,1779600599999,4711921.80022820,3280,6.52562000,500518.51658490,0,BTCUSDT,binance
2026-05-24 05:30:00+00:00,76705.9,76725.99,76705.9,76725.99,10.72953,1779600899999,823211.72259720,3650,4.08408000,313341.07584910,0,BTCUSDT,binance
2026-05-24 05:35:00+00:00,76725.99,76725.99,76688.48,76688.48,18.08814,1779601199999,1387724.12593100,2388,3.26108000,250189.26829130,0,BTCUSDT,binance
2026-05-24 05:40:00+00:00,76688.49,76688.49,76651.59,76651.6,13.36763,1779601499999,1024905.86916340,3110,6.11237000,468636.39292530,0,BTCUSDT,binance
2026-05-24 05:45:00+00:00,76651.6,76785.57,76651.59,76785.57,10.84553,1779601799999,831964.44706370,4488,8.39661000,644115.27720490,0,BTCUSDT,binance
2026-05-24 05:50:00+00:00,76785.57,76861.78,76785.56,76823.62,18.42389,1779602099999,1415238.60130040,4991,14.51752000,1115122.17056940,0,BTCUSDT,binance
2026-05-24 05:55:00+00:00,76823.62,76828.85,76815.39,76822.23,7.0935,1779602399999,544937.29858020,1756,2.88939000,221969.79819360,0,BTCUSDT,binance
2026-05-24 06:00:00+00:00,76822.23,76861.78,76812.79,76827.98,16.50692,1779602699999,1268199.33206210,3447,12.88744000,990092.83752460,0,BTCUSDT,binance
2026-05-24 06:05:00+00:00,76827.98,76842.0,76822.23,76833.64,10.23334,1779602999999,786247.53667920,2838,4.36022000,334998.37615820,0,BTCUSDT,binance
2026-05-24 06:10:00+00:00,76833.64,76851.55,76822.23,76851.55,17.1628,1779603299999,1318716.06626610,2166,13.54150000,1040492.19174600,0,BTCUSDT,binance
2026-05-24 06:15:00+00:00,76851.56,76851.56,76796.62,76796.62,11.01163,1779603599999,845929.47238430,2842,1.67850000,128929.42184120,0,BTCUSDT,binance
2026-05-24 06:20:00+00:00,76796.63,76804.0,76753.45,76753.45,7.37495,1779603899999,566288.86444270,2334,3.46911000,266378.58670690,0,BTCUSDT,binance
2026-05-24 06:25:00+00:00,76753.46,76753.47,76716.02,76743.0,10.20196,1779604199999,782904.96438300,3098,7.06831000,542432.48964080,0,BTCUSDT,binance
2026-05-24 06:30:00+00:00,76743.01,76769.34,76737.48,76737.48,14.02098,1779604499999,1076244.16534650,2751,3.21444000,246727.43467420,0,BTCUSDT,binance
2026-05-24 06:35:00+00:00,76737.48,76797.2,76734.22,76734.23,45.26386,1779604799999,3474190.49641800,4341,10.66550000,818622.63276490,0,BTCUSDT,binance
2026-05-24 06:40:00+00:00,76734.23,76816.63,76734.23,76816.63,17.35846,1779605099999,1332731.60969100,3344,11.70180000,898472.67686940,0,BTCUSDT,binance
2026-05-24 06:45:00+00:00,76816.63,76917.56,76795.52,76909.37,27.51465,1779605399999,2114124.17214280,5217,16.94985000,1302580.01630440,0,BTCUSDT,binance
2026-05-24 06:50:00+00:00,76909.37,77065.94,76909.36,77013.06,44.28743,1779605699999,3410365.38486650,10637,29.84531000,2297995.48726940,0,BTCUSDT,binance
2026-05-24 06:55:00+00:00,77013.06,77036.54,76975.22,76987.58,36.95472,1779605999999,2845738.83902490,4281,17.43534000,1342582.94566710,0,BTCUSDT,binance
2026-05-24 07:00:00+00:00,76987.58,77014.24,76957.56,76997.87,37.86077,1779606299999,2914677.78609590,5706,26.96707000,2076096.94884700,0,BTCUSDT,binance
2026-05-24 07:05:00+00:00,76997.87,76997.87,76919.05,76930.04,11.77237,1779606599999,905833.79549210,3628,2.63558000,202770.49131560,0,BTCUSDT,binance
2026-05-24 07:10:00+00:00,76930.04,76930.04,76900.0,76902.68,6.60369,1779606899999,507883.00252300,2256,2.11362000,162554.18288760,0,BTCUSDT,binance
2026-05-24 07:15:00+00:00,76902.68,76908.0,76885.0,76906.05,7.56853,1779607199999,581981.76682550,3360,2.89084000,222285.95205580,0,BTCUSDT,binance
2026-05-24 07:20:00+00:00,76906.05,76906.06,76870.0,76886.14,5.60805,1779607499999,431186.24079920,2765,2.56511000,197223.42060750,0,BTCUSDT,binance
2026-05-24 07:25:00+00:00,76886.14,76898.79,76886.14,76898.79,4.37465,1779607799999,336366.94243480,1217,1.85974000,142996.95295820,0,BTCUSDT,binance
2026-05-24 07:30:00+00:00,76898.79,76917.19,76856.6,76917.19,34.76764,1779608099999,2672977.69300770,5285,25.46295000,1957708.47214870,0,BTCUSDT,binance
2026-05-24 07:35:00+00:00,76917.19,76917.2,76864.57,76873.98,11.6267,1779608399999,893866.87655760,3914,5.31717000,408772.05470060,0,BTCUSDT,binance
2026-05-24 07:40:00+00:00,76873.98,76889.27,76843.1,76889.27,24.64386,1779608699999,1894251.62348930,3759,19.61924000,1508055.76213300,0,BTCUSDT,binance
2026-05-24 07:45:00+00:00,76889.26,76889.27,76788.18,76814.37,19.27187,1779608999999,1480530.70278450,3836,3.55437000,273030.17376410,0,BTCUSDT,binance
2026-05-24 07:50:00+00:00,76814.37,76832.0,76806.68,76806.68,15.42891,1779609299999,1185147.80884990,2861,6.01018000,461652.21024000,0,BTCUSDT,binance
2026-05-24 07:55:00+00:00,76806.69,76806.69,76786.2,76799.99,14.4381,1779609599999,1108726.95005640,2675,8.51797000,654104.20390080,0,BTCUSDT,binance
2026-05-24 08:00:00+00:00,76799.99,76824.39,76788.36,76791.93,14.78549,1779609899999,1135607.71192990,2731,9.14967000,702784.09035370,0,BTCUSDT,binance
2026-05-24 08:05:00+00:00,76791.92,76791.93,76734.42,76756.8,42.35344,1779610199999,3250853.70916550,2989,14.67365000,1126153.76569570,0,BTCUSDT,binance
2026-05-24 08:10:00+00:00,76756.81,76756.81,76741.31,76741.31,5.35674,1779610499999,411115.49718610,1094,1.28021000,98252.94013490,0,BTCUSDT,binance
2026-05-24 08:15:00+00:00,76741.32,76769.34,76741.31,76769.28,10.7026,1779610799999,821480.93494930,2234,8.11016000,622471.14602580,0,BTCUSDT,binance
2026-05-24 08:20:00+00:00,76769.28,76831.86,76769.27,76831.86,13.5352,1779611099999,1039430.77844270,3159,8.77409000,673784.49235160,0,BTCUSDT,binance
2026-05-24 08:25:00+00:00,76831.86,76847.24,76818.65,76818.66,35.8423,1779611399999,2754046.84752620,2433,20.15275000,1548439.61136470,0,BTCUSDT,binance
2026-05-24 08:30:00+00:00,76818.66,76861.77,76790.8,76792.76,22.01565,1779611699999,1691473.12558860,3455,8.72187000,670195.13456480,0,BTCUSDT,binance
2026-05-24 08:35:00+00:00,76792.77,76824.58,76788.73,76824.58,9.80287,1779611999999,752910.98877220,1872,7.18529000,551852.24279960,0,BTCUSDT,binance
2026-05-24 08:40:00+00:00,76824.58,76824.59,76807.56,76807.56,11.5159,1779612299999,884694.60299120,1676,5.04072000,387248.46770800,0,BTCUSDT,binance
2026-05-24 08:45:00+00:00,76807.56,76830.69,76796.8,76796.81,24.54273,1779612599999,1885364.02430770,3623,9.24968000,710590.59164240,0,BTCUSDT,binance
2026-05-24 08:50:00+00:00,76796.81,76822.02,76794.74,76803.99,17.87549,1779612899999,1373038.25068020,2432,4.82435000,370572.64191710,0,BTCUSDT,binance
2026-05-24 08:55:00+00:00,76803.99,76830.69,76799.01,76830.69,18.62108,1779613199999,1430358.46781080,2345,12.77006000,980949.11557280,0,BTCUSDT,binance
2026-05-24 09:00:00+00:00,76830.69,76860.0,76821.86,76840.0,22.70267,1779613499999,1744362.77930640,3136,12.39733000,952493.49726790,0,BTCUSDT,binance
2026-05-24 09:05:00+00:00,76840.0,76880.83,76840.0,76879.37,10.72477,1779613799999,824299.27693290,2595,6.13588000,471589.87489890,0,BTCUSDT,binance
2026-05-24 09:10:00+00:00,76879.38,76908.0,76879.37,76899.57,17.20978,1779614099999,1323432.24713320,2559,8.31660000,639517.25765340,0,BTCUSDT,binance
2026-05-24 09:15:00+00:00,76899.57,76922.0,76892.02,76900.0,25.00904,1779614399999,1923416.34838500,2222,14.14589000,1088004.19809560,0,BTCUSDT,binance
2026-05-24 09:20:00+00:00,76900.0,76982.96,76899.99,76981.97,35.44962,1779614699999,2727574.26044630,3970,30.29954000,2331356.38122100,0,BTCUSDT,binance
2026-05-24 09:25:00+00:00,76981.97,76989.08,76897.29,76956.07,113.59469,1779614999999,8740631.22740280,6867,85.82942000,6604801.66642250,0,BTCUSDT,binance
2026-05-24 09:30:00+00:00,76956.07,76961.92,76909.05,76929.65,10.75634,1779615299999,827533.69902250,2348,3.76048000,289291.86117330,0,BTCUSDT,binance
2026-05-24 09:35:00+00:00,76929.64,77046.67,76929.64,76979.52,41.92084,1779615599999,3227868.55190580,5157,30.42263000,2342372.68159630,0,BTCUSDT,binance
2026-05-24 09:40:00+00:00,76979.52,76987.2,76957.07,76987.2,12.33811,1779615899999,949724.57777560,2098,7.11402000,547600.83416210,0,BTCUSDT,binance
2026-05-24 09:45:00+00:00,76987.19,76987.2,76970.93,76976.11,18.65278,1779616199999,1435915.91733580,1689,8.43557000,649381.78033130,0,BTCUSDT,binance
2026-05-24 09:50:00+00:00,76976.11,76997.08,76976.1,76997.07,10.27748,1779616499999,791237.76122460,1959,5.88759000,453285.75405270,0,BTCUSDT,binance
2026-05-24 09:55:00+00:00,76997.07,77033.54,76997.07,77020.53,51.29361,1779616799999,3950386.83166890,2066,30.42043000,2342603.82205350,0,BTCUSDT,binance
2026-05-24 10:00:00+00:00,77020.54,77027.45,76927.04,76964.39,20.21024,1779617099999,1555362.54156310,4234,8.16172000,628107.89804360,0,BTCUSDT,binance
2026-05-24 10:05:00+00:00,76964.39,77028.28,76964.38,76975.68,17.96822,1779617399999,1383395.29607980,3623,9.23313000,710813.46309910,0,BTCUSDT,binance
2026-05-24 10:10:00+00:00,76975.69,76975.69,76930.0,76946.22,9.07486,1779617699999,698260.22637410,2437,3.95704000,304476.79684710,0,BTCUSDT,binance
2026-05-24 10:15:00+00:00,76946.21,77007.76,76946.21,76998.78,30.18481,1779617999999,2323428.84554470,3612,23.11531000,1779221.93142740,0,BTCUSDT,binance
2026-05-24 10:20:00+00:00,76998.78,77012.0,76978.22,76988.17,23.07556,1779618299999,1776699.82278820,4206,7.89891000,608137.94220020,0,BTCUSDT,binance
2026-05-24 10:25:00+00:00,76988.17,77543.15,76981.41,77240.0,518.26106,1779618599999,40076879.47154010,32939,336.51477000,26012727.20895210,0,BTCUSDT,binance
2026-05-24 10:30:00+00:00,77239.99,77240.0,77085.66,77219.31,73.51763,1779618899999,5673392.82253740,15607,42.95622000,3314960.70590630,0,BTCUSDT,binance
2026-05-24 10:35:00+00:00,77219.31,77219.32,77142.1,77206.88,44.83009,1779619199999,3459777.34953540,8645,21.91212000,1691025.73300050,0,BTCUSDT,binance
2026-05-24 10:40:00+00:00,77206.88,77222.49,77160.95,77194.69,45.87981,1779619499999,3541334.48702260,6403,19.14316000,1477557.06207520,0,BTCUSDT,binance
2026-05-24 10:45:00+00:00,77194.69,77194.7,77129.88,77163.53,25.28677,1779619799999,1951123.14687340,4650,7.59474000,585939.69852910,0,BTCUSDT,binance
2026-05-24 10:50:00+00:00,77163.52,77200.0,77150.63,77153.69,36.68622,1779620099999,2831078.92977240,4670,9.57044000,738505.69617930,0,BTCUSDT,binance
2026-05-24 10:55:00+00:00,77153.69,77200.29,77153.68,77190.74,18.72426,1779620399999,1445108.11653710,2944,14.77813000,1140514.55916370,0,BTCUSDT,binance
2026-05-24 11:00:00+00:00,77190.73,77290.0,77190.73,77289.99,39.39225,1779620699999,3043306.35832510,7780,22.80582000,1761754.00919460,0,BTCUSDT,binance
2026-05-24 11:05:00+00:00,77290.0,77324.0,77265.64,77304.24,34.79385,1779620999999,2689581.46650940,7308,19.85818000,1534994.15437940,0,BTCUSDT,binance
2026-05-24 11:10:00+00:00,77304.24,77356.62,77283.89,77300.0,31.09937,1779621299999,2404312.49382010,6231,20.83113000,1610384.14190190,0,BTCUSDT,binance
2026-05-24 11:15:00+00:00,77300.0,77300.0,77257.82,77284.61,14.31021,1779621599999,1105929.69293800,4131,7.36615000,569269.69055320,0,BTCUSDT,binance
2026-05-24 11:20:00+00:00,77284.6,77344.18,77284.6,77299.24,12.98696,1779621899999,1004011.68180360,5089,6.24118000,482501.03290880,0,BTCUSDT,binance
2026-05-24 11:25:00+00:00,77299.23,77352.61,77265.98,77286.48,36.80682,1779622199999,2845469.58654710,5420,23.24207000,1796806.59561120,0,BTCUSDT,binance
2026-05-24 11:30:00+00:00,77286.48,77323.05,77286.48,77310.0,10.84184,1779622499999,838163.87403040,3332,4.83720000,373948.17393600,0,BTCUSDT,binance
2026-05-24 11:35:00+00:00,77310.0,77313.48,77245.3,77245.31,14.44208,1779622799999,1116000.75616710,3733,4.38415000,338808.85898970,0,BTCUSDT,binance
2026-05-24 11:40:00+00:00,77245.3,77265.59,77220.0,77248.28,21.34297,1779623099999,1648518.22886110,4086,9.91530000,765823.84317800,0,BTCUSDT,binance
2026-05-24 11:45:00+00:00,77248.28,77309.99,77240.57,77240.57,33.17795,1779623399999,2563697.49773550,5275,6.04444000,467105.15159750,0,BTCUSDT,binance
2026-05-24 11:50:00+00:00,77240.57,77285.64,77231.76,77278.01,13.53651,1779623699999,1045872.31314430,3333,7.70883000,595609.08019900,0,BTCUSDT,binance
2026-05-24 11:55:00+00:00,77278.01,77321.22,77278.0,77320.06,22.9372,1779623999999,1772983.52076600,3740,17.18262000,1328154.98767350,0,BTCUSDT,binance
2026-05-24 12:00:00+00:00,77320.06,77325.72,77254.56,77258.27,10.02101,1779624299999,774497.07052200,4034,3.47942000,268911.86905580,0,BTCUSDT,binance
2026-05-24 12:05:00+00:00,77258.28,77275.91,77216.0,77220.0,12.02984,1779624599999,929216.94705670,3045,2.13653000,165038.33658120,0,BTCUSDT,binance
2026-05-24 12:10:00+00:00,77219.99,77230.29,77166.2,77215.99,27.75715,1779624899999,2142719.96520320,4759,12.22995000,944075.12119220,0,BTCUSDT,binance
2026-05-24 12:15:00+00:00,77215.99,77216.0,77099.47,77099.47,50.2374,1779625199999,3874842.09564200,6956,11.30702000,871977.91627010,0,BTCUSDT,binance
2026-05-24 12:20:00+00:00,77099.47,77099.47,77054.0,77086.27,44.18291,1779625499999,3405563.47849500,6560,12.06930000,930251.81014670,0,BTCUSDT,binance
2026-05-24 12:25:00+00:00,77086.27,77090.37,77060.83,77083.84,11.04442,1779625799999,851277.24766590,2953,4.98330000,384059.20663330,0,BTCUSDT,binance
2026-05-24 12:30:00+00:00,77083.84,77120.11,77044.73,77058.12,28.70892,1779626099999,2212953.48649360,6146,13.65596000,1052564.18874070,0,BTCUSDT,binance
2026-05-24 12:35:00+00:00,77058.12,77100.44,77058.11,77085.75,43.9578,1779626399999,3388300.35584310,7026,27.82278000,2144488.10729630,0,BTCUSDT,binance
2026-05-24 12:40:00+00:00,77085.75,77127.09,77085.74,77127.09,6.71657,1779626699999,517894.01171690,2111,3.93450000,303351.10287430,0,BTCUSDT,binance
2026-05-24 12:45:00+00:00,77127.09,77127.09,77105.34,77105.35,5.48493,1779626999999,422971.72172930,1571,1.34876000,103999.77305220,0,BTCUSDT,binance
2026-05-24 12:50:00+00:00,77105.34,77105.72,77089.83,77100.02,18.42225,1779627299999,1420416.26889310,2401,11.90025000,917548.50208840,0,BTCUSDT,binance
2026-05-24 12:55:00+00:00,77100.02,77127.55,77092.03,77118.73,13.37788,1779627599999,1031560.55388860,2570,8.21640000,633563.44823650,0,BTCUSDT,binance
2026-05-24 13:00:00+00:00,77118.72,77127.54,77091.74,77104.7,10.02691,1779627899999,773172.57682170,3008,2.46827000,190323.23411950,0,BTCUSDT,binance
2026-05-24 13:05:00+00:00,77104.7,77104.7,77095.33,77102.1,9.22222,1779628199999,711043.47041450,1777,3.72962000,287543.25185570,0,BTCUSDT,binance
2026-05-24 13:10:00+00:00,77102.09,77102.94,77013.59,77047.68,35.68613,1779628499999,2749316.50657290,5144,16.09746000,1239936.39828250,0,BTCUSDT,binance
2026-05-24 13:15:00+00:00,77047.69,77110.69,77047.68,77110.69,10.67983,1779628799999,823304.98313130,2442,6.67683000,514707.95651770,0,BTCUSDT,binance
2026-05-24 13:20:00+00:00,77110.69,77121.66,77065.34,77065.34,19.71339,1779629099999,1520077.30129470,4229,1.77687000,137008.97456460,0,BTCUSDT,binance
2026-05-24 13:25:00+00:00,77065.35,77080.26,76956.61,76959.48,55.92541,1779629399999,4307387.13905330,7817,23.64027000,1820723.97105740,0,BTCUSDT,binance
2026-05-24 13:30:00+00:00,76959.49,77018.24,76928.07,76949.01,50.75223,1779629699999,3906474.04243840,8093,31.87159000,2453032.71574930,0,BTCUSDT,binance
2026-05-24 13:35:00+00:00,76949.0,76967.65,76849.03,76898.52,80.9331,1779629999999,6223471.42988680,8474,26.51817000,2039670.38285200,0,BTCUSDT,binance
2026-05-24 13:40:00+00:00,76898.52,76999.58,76898.52,76980.1,30.47376,1779630299999,2345166.05374240,6802,16.59028000,1276518.93440340,0,BTCUSDT,binance
2026-05-24 13:45:00+00:00,76980.11,77000.84,76913.29,76913.29,29.86971,1779630599999,2299155.49211420,7379,13.49245000,1038580.87523680,0,BTCUSDT,binance
2026-05-24 13:50:00+00:00,76913.29,76913.3,76785.43,76785.43,52.78054,1779630899999,4056918.60355370,9806,21.91591000,1684910.13667050,0,BTCUSDT,binance
2026-05-24 13:55:00+00:00,76785.44,76825.87,76688.89,76802.23,88.33476,1779631199999,6779703.94948600,16366,41.29827000,3169864.52713240,0,BTCUSDT,binance
2026-05-24 14:00:00+00:00,76802.23,76840.01,76715.37,76739.77,44.4138,1779631499999,3409516.40926140,11490,25.97182000,1993807.61079750,0,BTCUSDT,binance
2026-05-24 14:05:00+00:00,76739.77,76784.83,76739.76,76749.79,23.32362,1779631799999,1790251.78216460,5235,18.11418000,1390357.79219320,0,BTCUSDT,binance
2026-05-24 14:10:00+00:00,76749.79,76772.12,76444.01,76515.11,181.71041,1779632099999,13913680.84436480,32719,73.01137000,5590645.34347040,0,BTCUSDT,binance
2026-05-24 14:15:00+00:00,76515.11,76533.27,76195.36,76264.97,225.30653,1779632399999,17202254.16340880,35061,75.97382000,5801136.56941270,0,BTCUSDT,binance
2026-05-24 14:20:00+00:00,76264.97,76570.0,76264.97,76500.69,88.78834,1779632699999,6787165.50391380,17505,64.99855000,4967784.27963000,0,BTCUSDT,binance
2026-05-24 14:25:00+00:00,76500.7,76514.4,76370.53,76419.22,70.39993,1779632999999,5380768.35792020,11903,32.44872000,2479910.46915170,0,BTCUSDT,binance
2026-05-24 14:30:00+00:00,76419.22,76539.5,76408.32,76511.44,30.69471,1779633299999,2347699.40639440,7905,24.64342000,1884808.03491950,0,BTCUSDT,binance
2026-05-24 14:35:00+00:00,76511.43,76539.51,76408.36,76532.61,55.35235,1779633599999,4233341.73282350,8932,33.26545000,2544338.63391650,0,BTCUSDT,binance
2026-05-24 14:40:00+00:00,76532.6,76532.61,76450.0,76458.71,18.44909,1779633899999,1410971.28161910,5216,11.56306000,884250.88828390,0,BTCUSDT,binance
2026-05-24 14:45:00+00:00,76458.72,76484.59,76399.55,76420.53,43.50376,1779634199999,3325436.93019190,6340,25.65186000,1960813.75600020,0,BTCUSDT,binance
2026-05-24 14:50:00+00:00,76420.53,76520.01,76388.0,76494.75,35.71788,1779634499999,2731585.19182710,5100,25.61108000,1958680.99542860,0,BTCUSDT,binance
2026-05-24 14:55:00+00:00,76494.74,76494.74,76446.0,76465.16,20.21609,1779634799999,1545854.88684630,3044,12.90049000,986412.65181110,0,BTCUSDT,binance
2026-05-24 15:00:00+00:00,76465.15,76539.38,76427.31,76538.96,38.92475,1779635099999,2977006.57143430,6750,29.27857000,2239165.08459770,0,BTCUSDT,binance
2026-05-24 15:05:00+00:00,76538.95,76538.96,76444.0,76500.0,20.42252,1779635399999,1561824.52007760,3837,11.77408000,900387.47546220,0,BTCUSDT,binance
2026-05-24 15:10:00+00:00,76500.0,76523.06,76485.05,76509.2,22.02606,1779635699999,1684930.39378070,2563,17.25324000,1319788.24798140,0,BTCUSDT,binance
2026-05-24 15:15:00+00:00,76509.2,76538.85,76428.56,76496.37,37.74997,1779635999999,2886922.60365000,6209,27.15829000,2076979.69190230,0,BTCUSDT,binance
2026-05-24 15:20:00+00:00,76496.36,76503.81,76417.92,76481.32,40.36881,1779636299999,3086711.72739460,4300,31.55314000,2412572.03450810,0,BTCUSDT,binance
2026-05-24 15:25:00+00:00,76481.32,76482.97,76448.15,76448.15,23.8557,1779636599999,1824274.38333580,2147,15.27110000,1167837.94916780,0,BTCUSDT,binance
2026-05-24 15:30:00+00:00,76448.15,76507.15,76438.87,76438.88,23.13089,1779636899999,1768776.50923880,3379,17.97266000,1374310.87517520,0,BTCUSDT,binance
2026-05-24 15:35:00+00:00,76438.87,76460.0,76430.0,76446.07,51.10875,1779637199999,3906920.48985990,4453,26.89637000,2055892.64850590,0,BTCUSDT,binance
2026-05-24 15:40:00+00:00,76446.07,76451.79,76435.09,76451.78,14.0465,1779637499999,1073766.80075560,2133,8.83689000,675527.06917540,0,BTCUSDT,binance
2026-05-24 15:45:00+00:00,76451.79,76460.71,76417.92,76460.71,28.04103,1779637799999,2143455.59024420,3213,23.58962000,1803211.33355380,0,BTCUSDT,binance
2026-05-24 15:50:00+00:00,76460.71,76474.0,76383.99,76399.88,51.83327,1779638099999,3960407.48231550,4763,21.98874000,1679858.32481260,0,BTCUSDT,binance
2026-05-24 15:55:00+00:00,76399.88,76400.0,76362.78,76371.59,46.5328,1779638399999,3554163.16783540,3323,17.19430000,1313264.03509740,0,BTCUSDT,binance
2026-05-24 16:00:00+00:00,76371.59,76600.0,76371.59,76568.68,76.33134,1779638699999,5837638.27251690,9474,58.32387000,4460059.36673950,0,BTCUSDT,binance
2026-05-24 16:05:00+00:00,76568.69,76693.32,76553.48,76584.45,65.48974,1779638999999,5018092.16682330,11515,48.62467000,3726070.88329080,0,BTCUSDT,binance
2026-05-24 16:10:00+00:00,76584.45,76631.21,76572.87,76605.77,25.28099,1779639299999,1936406.11277190,5455,16.69320000,1278579.92002020,0,BTCUSDT,binance
2026-05-24 16:15:00+00:00,76605.77,76734.3,76602.41,76659.23,68.41034,1779639599999,5244820.39793860,10463,46.77063000,3585434.98031990,0,BTCUSDT,binance
2026-05-24 16:20:00+00:00,76659.23,76659.23,76610.23,76611.08,15.92486,1779639899999,1220303.91567290,4010,8.67326000,664612.21996590,0,BTCUSDT,binance
2026-05-24 16:25:00+00:00,76611.08,76611.08,76560.0,76595.99,15.6886,1779640199999,1201431.93151180,3307,5.16740000,395691.94801370,0,BTCUSDT,binance
2026-05-24 16:30:00+00:00,76596.0,76596.0,76558.72,76558.73,18.512,1779640499999,1417694.40789110,4210,8.11541000,621466.58431190,0,BTCUSDT,binance
2026-05-24 16:35:00+00:00,76558.72,76558.73,76439.58,76515.19,29.36613,1779640799999,2246467.17671960,7632,11.17419000,854628.35609630,0,BTCUSDT,binance
2026-05-24 16:40:00+00:00,76515.18,76529.94,76499.61,76518.64,6.12081,1779641099999,468326.66718660,2773,3.54882000,271521.27041910,0,BTCUSDT,binance
2026-05-24 16:45:00+00:00,76518.64,76600.32,76518.63,76595.99,9.83892,1779641399999,753315.70363400,3752,7.04509000,539396.25237700,0,BTCUSDT,binance
2026-05-24 16:50:00+00:00,76596.0,76649.03,76577.31,76635.25,15.40484,1779641699999,1180189.62839550,4306,9.34226000,715691.14083470,0,BTCUSDT,binance
2026-05-24 16:55:00+00:00,76635.24,76700.0,76620.9,76671.7,13.09252,1779641999999,1003725.50632370,5323,10.42963000,799551.71104820,0,BTCUSDT,binance
2026-05-24 17:00:00+00:00,76671.69,76733.73,76658.08,76699.92,53.7482,1779642299999,4121904.71955710,7878,24.71615000,1895810.93442570,0,BTCUSDT,binance
2026-05-24 17:05:00+00:00,76699.93,76732.87,76696.59,76706.02,15.21109,1779642599999,1166912.34866180,4882,8.20979000,629762.95478880,0,BTCUSDT,binance
2026-05-24 17:10:00+00:00,76706.02,76706.02,76619.86,76639.2,40.44626,1779642899999,3101025.63273000,4295,10.33994000,792726.68361950,0,BTCUSDT,binance
2026-05-24 17:15:00+00:00,76639.19,76666.13,76584.44,76584.44,13.25374,1779643199999,1015642.23402560,5238,3.51978000,269753.84792660,0,BTCUSDT,binance
2026-05-24 17:20:00+00:00,76584.44,76647.63,76566.15,76647.63,23.75597,1779643499999,1819529.52061480,6069,10.34587000,792444.21018600,0,BTCUSDT,binance
2026-05-24 17:25:00+00:00,76647.63,76647.63,76615.25,76615.25,11.99636,1779643799999,919295.20872450,2563,5.22700000,400562.63137110,0,BTCUSDT,binance
2026-05-24 17:30:00+00:00,76615.25,76662.47,76595.3,76624.12,15.95966,1779644099999,1222833.22541840,5586,11.93576000,914441.88806560,0,BTCUSDT,binance
2026-05-24 17:35:00+00:00,76624.12,76723.55,76624.11,76723.54,13.77319,1779644399999,1055992.44449820,3950,10.16426000,779343.97361290,0,BTCUSDT,binance
2026-05-24 17:40:00+00:00,76723.55,76723.55,76691.08,76698.07,12.5408,1779644699999,961886.63420890,4235,6.08489000,466703.44386800,0,BTCUSDT,binance
2026-05-24 17:45:00+00:00,76698.08,76742.01,76681.5,76732.28,23.53116,1779644999999,1805087.33050640,4701,17.93850000,1376081.57177310,0,BTCUSDT,binance
2026-05-24 17:50:00+00:00,76732.28,76799.99,76696.0,76714.26,19.32255,1779645299999,1482988.47336300,6037,13.36729000,1025951.19586190,0,BTCUSDT,binance
2026-05-24 17:55:00+00:00,76714.27,76716.15,76693.33,76693.34,5.77316,1779645599999,442830.28867930,2028,3.24179000,248656.70668300,0,BTCUSDT,binance
2026-05-24 18:00:00+00:00,76693.34,76715.98,76669.57,76669.57,8.85743,1779645899999,679310.90227520,3592,4.09728000,314228.73161630,0,BTCUSDT,binance
2026-05-24 18:05:00+00:00,76669.58,76688.28,76630.75,76680.82,14.62581,1779646199999,1121275.11287660,3736,5.67613000,435174.51893220,0,BTCUSDT,binance
2026-05-24 18:10:00+00:00,76680.82,76769.34,76680.81,76737.46,15.47674,1779646499999,1187360.55631470,4362,11.49777000,882059.95223380,0,BTCUSDT,binance
2026-05-24 18:15:00+00:00,76737.46,76788.01,76728.84,76747.09,14.38319,1779646799999,1104033.90813400,5081,7.21858000,554037.33601470,0,BTCUSDT,binance
2026-05-24 18:20:00+00:00,76747.08,76755.25,76690.0,76718.42,16.60649,1779647099999,1274244.06090250,4047,8.55566000,656510.57907730,0,BTCUSDT,binance
2026-05-24 18:25:00+00:00,76718.42,76718.42,76676.88,76680.47,12.11812,1779647399999,929338.84829760,3776,7.45768000,571902.19310120,0,BTCUSDT,binance
2026-05-24 18:30:00+00:00,76680.48,76680.48,76609.99,76633.53,15.49002,1779647699999,1187085.91716000,4613,7.73871000,593030.60681030,0,BTCUSDT,binance
2026-05-24 18:35:00+00:00,76633.53,76708.0,76633.52,76707.99,10.5465,1779647999999,808537.07526580,3103,8.99292000,689422.22858310,0,BTCUSDT,binance
2026-05-24 18:40:00+00:00,76708.0,76708.01,76636.51,76639.91,16.1997,1779648299999,1241843.47897510,3362,6.04806000,463696.03324850,0,BTCUSDT,binance
2026-05-24 18:45:00+00:00,76639.91,76676.89,76596.0,76616.02,11.94097,1779648599999,915059.76495490,5171,7.24716000,555408.06048270,0,BTCUSDT,binance
2026-05-24 18:50:00+00:00,76616.01,76658.64,76600.77,76658.63,6.75647,1779648899999,517680.73300780,2921,3.94381000,302172.34476250,0,BTCUSDT,binance
2026-05-24 18:55:00+00:00,76658.63,76676.89,76658.63,76665.73,5.14052,1779649199999,394125.18987820,2049,3.06701000,235143.42665050,0,BTCUSDT,binance
2026-05-24 19:00:00+00:00,76665.72,76742.49,76653.93,76676.11,15.79182,1779649499999,1211338.92480450,7013,9.40881000,721713.15653010,0,BTCUSDT,binance
2026-05-24 19:05:00+00:00,76676.11,76700.0,76676.11,76684.71,5.01433,1779649799999,384555.21670010,2207,3.35877000,257583.78854090,0,BTCUSDT,binance
2026-05-24 19:10:00+00:00,76684.72,76700.0,76638.46,76638.46,6.9854,1779650099999,535596.27438500,3207,1.77392000,136026.53515190,0,BTCUSDT,binance
2026-05-24 19:15:00+00:00,76638.45,76745.42,76611.17,76710.12,33.92822,1779650399999,2601313.36729660,8156,25.87574000,1983937.37968140,0,BTCUSDT,binance
2026-05-24 19:20:00+00:00,76710.12,76711.43,76686.57,76704.47,7.76526,1779650699999,595596.76777300,3876,6.05517000,464430.18486660,0,BTCUSDT,binance
2026-05-24 19:25:00+00:00,76704.48,76704.48,76645.42,76660.73,5.78566,1779650999999,443591.93024600,2394,1.64633000,126213.77526250,0,BTCUSDT,binance
2026-05-24 19:30:00+00:00,76660.74,76674.64,76644.48,76660.83,5.6464,1779651299999,432875.38175770,3453,3.25662000,249657.93208600,0,BTCUSDT,binance
2026-05-24 19:35:00+00:00,76660.83,76680.0,76660.83,76678.31,7.03517,1779651599999,539425.94513270,2163,6.31331000,484077.49839600,0,BTCUSDT,binance
2026-05-24 19:40:00+00:00,76678.32,76735.44,76678.31,76710.0,8.58892,1779651899999,658967.37268750,3643,3.52695000,270563.61966300,0,BTCUSDT,binance
2026-05-24 19:45:00+00:00,76710.0,76766.88,76709.99,76756.94,5.12889,1779652199999,393573.47209850,3616,4.20512000,322687.22609080,0,BTCUSDT,binance
2026-05-24 19:50:00+00:00,76756.93,76768.01,76751.99,76768.01,10.54031,1779652499999,809031.34266890,3362,6.76675000,519392.16096580,0,BTCUSDT,binance
2026-05-24 19:55:00+00:00,76768.01,76783.51,76756.44,76773.34,12.9188,1779652799999,991716.50270740,3181,10.14767000,778974.51988330,0,BTCUSDT,binance
2026-05-24 20:00:00+00:00,76773.33,76796.18,76684.0,76702.81,20.50506,1779653099999,1573742.60469360,6668,5.29267000,406184.30389440,0,BTCUSDT,binance
2026-05-24 20:05:00+00:00,76702.81,76740.47,76659.74,76694.41,21.58189,1779653399999,1655496.04964180,6659,8.96426000,687622.06246650,0,BTCUSDT,binance
2026-05-24 20:10:00+00:00,76694.41,76721.83,76688.94,76688.94,8.82127,1779653699999,676617.16474490,2218,2.49427000,191316.80145200,0,BTCUSDT,binance
2026-05-24 20:15:00+00:00,76688.95,76714.41,76654.08,76678.9,6.26771,1779653999999,480609.00118670,5005,2.89446000,221939.61746390,0,BTCUSDT,binance
2026-05-24 20:20:00+00:00,76678.91,76701.73,76628.15,76672.67,8.71664,1779654299999,668336.32002540,5298,2.77059000,212437.42482370,0,BTCUSDT,binance
2026-05-24 20:25:00+00:00,76672.67,76684.25,76596.37,76684.25,90.4993,1779654599999,6938150.54352440,6275,60.60348000,4646400.30516320,0,BTCUSDT,binance
2026-05-24 20:30:00+00:00,76684.25,76722.55,76652.99,76672.83,113.19091,1779654899999,8680091.23788210,11135,92.72098000,7110287.02253790,0,BTCUSDT,binance
2026-05-24 20:35:00+00:00,76672.83,76720.49,76659.18,76686.11,126.16131,1779655199999,9675328.99328820,9928,102.75339000,7880139.19769750,0,BTCUSDT,binance
2026-05-24 20:40:00+00:00,76686.12,76723.92,76673.65,76695.09,114.5475,1779655499999,8785283.08706850,7987,85.73722000,6575619.15091750,0,BTCUSDT,binance
2026-05-24 20:45:00+00:00,76695.08,76726.01,76660.75,76705.56,19.27658,1779655799999,1478255.11045770,4441,12.27192000,941122.30589740,0,BTCUSDT,binance
2026-05-24 20:50:00+00:00,76705.55,76705.56,76651.63,76651.64,10.0946,1779656099999,774045.88371800,1985,1.97643000,151533.85392000,0,BTCUSDT,binance
2026-05-24 20:55:00+00:00,76651.63,76668.4,76625.12,76668.4,20.71929,1779656399999,1587829.79397210,3591,10.84325000,831008.04843380,0,BTCUSDT,binance
2026-05-24 21:00:00+00:00,76668.41,76748.12,76655.39,76718.74,14.9683,1779656699999,1148293.96888340,5280,8.58823000,658854.34849570,0,BTCUSDT,binance
2026-05-24 21:05:00+00:00,76718.74,76718.74,76688.64,76702.71,7.58654,1779656999999,581950.53058210,2753,1.75155000,134352.31919460,0,BTCUSDT,binance
2026-05-24 21:10:00+00:00,76702.54,76723.47,76681.86,76723.46,20.83623,1779657299999,1598106.87235160,2942,16.25497000,1246753.19946880,0,BTCUSDT,binance
2026-05-24 21:15:00+00:00,76723.46,76738.77,76700.0,76738.76,13.75911,1779657599999,1055604.85460900,2412,12.38501000,950194.41616030,0,BTCUSDT,binance
2026-05-24 21:20:00+00:00,76738.77,76738.77,76710.05,76710.94,7.13259,1779657899999,547246.09582950,1608,1.66516000,127740.01219840,0,BTCUSDT,binance
2026-05-24 21:25:00+00:00,76710.94,76710.94,76477.24,76534.65,47.20797,1779658199999,3615273.50307830,7376,4.59522000,352016.73765080,0,BTCUSDT,binance
2026-05-24 21:30:00+00:00,76534.66,76578.42,76375.0,76411.3,45.79251,1779658499999,3502135.88671100,12578,11.34777000,868218.29364620,0,BTCUSDT,binance
2026-05-24 21:35:00+00:00,76411.3,76411.53,76126.71,76232.09,133.51345,1779658799999,10180777.90571830,30913,44.45414000,3388865.45616410,0,BTCUSDT,binance
2026-05-24 21:40:00+00:00,76232.09,76348.0,76134.74,76147.39,46.07297,1779659099999,3511855.68237580,16597,21.23780000,1618767.22367250,0,BTCUSDT,binance
2026-05-24 21:45:00+00:00,76147.4,76237.77,76108.0,76157.48,65.95027,1779659399999,5023555.10263160,15890,16.47189000,1254636.15371910,0,BTCUSDT,binance
2026-05-24 21:50:00+00:00,76157.47,76255.45,76145.42,76221.72,52.46848,1779659699999,3998211.34221410,10112,17.64245000,1344413.47018700,0,BTCUSDT,binance
2026-05-24 21:55:00+00:00,76221.73,76278.33,76122.22,76151.14,42.51229,1779659999999,3239268.32873330,9518,17.80508000,1356598.49502160,0,BTCUSDT,binance
2026-05-24 22:00:00+00:00,76151.14,76681.7,76132.0,76600.0,174.64732,1779660299999,13355276.27271040,43867,108.07601000,8262383.73091440,0,BTCUSDT,binance
2026-05-24 22:05:00+00:00,76599.99,76912.82,76582.0,76900.95,51.61827,1779660599999,3961854.18990940,22301,35.64538000,2735914.03195480,0,BTCUSDT,binance
2026-05-24 22:10:00+00:00,76900.96,77012.01,76814.01,76984.71,94.67879,1779660899999,7283979.49678220,28598,62.34088000,4796860.17426610,0,BTCUSDT,binance
2026-05-24 22:15:00+00:00,76984.7,76984.7,76811.11,76866.04,32.66994,1779661199999,2511956.05420400,14656,15.36911000,1181843.98783540,0,BTCUSDT,binance
2026-05-24 22:20:00+00:00,76866.04,76961.28,76840.0,76928.1,19.19081,1779661499999,1475705.55436040,8694,10.93644000,841065.66575790,0,BTCUSDT,binance
2026-05-24 22:25:00+00:00,76928.09,76940.0,76847.83,76847.83,14.12783,1779661799999,1086612.51880000,6371,5.64784000,434397.77011140,0,BTCUSDT,binance
2026-05-24 22:30:00+00:00,76847.84,76968.04,76847.83,76857.66,29.51097,1779662099999,2269442.37684930,9994,10.70675000,823334.23617720,0,BTCUSDT,binance
2026-05-24 22:35:00+00:00,76857.66,76857.66,76700.0,76773.31,33.67693,1779662399999,2585240.34087830,9439,8.32278000,638988.22940120,0,BTCUSDT,binance
2026-05-24 22:40:00+00:00,76773.32,76782.63,76676.92,76782.63,12.83124,1779662699999,984414.03950290,8130,7.98270000,612491.43361910,0,BTCUSDT,binance
2026-05-24 22:45:00+00:00,76782.63,76995.87,76782.62,76872.46,43.9628,1779662999999,3381062.85118880,11771,23.48129000,1805525.82440500,0,BTCUSDT,binance
2026-05-24 22:50:00+00:00,76872.46,76923.67,76804.0,76806.86,24.96945,1779663299999,1919318.34793880,6756,10.61004000,815552.24222510,0,BTCUSDT,binance
2026-05-24 22:55:00+00:00,76806.86,76861.7,76796.0,76803.99,11.23099,1779663599999,862760.95624540,4755,3.78738000,290931.05133150,0,BTCUSDT,binance
2026-05-24 23:00:00+00:00,76803.99,76954.23,76803.99,76913.74,24.37878,1779663899999,1874423.32300270,9959,14.58045000,1121055.70900560,0,BTCUSDT,binance
2026-05-24 23:05:00+00:00,76913.75,76928.85,76861.77,76926.48,10.66102,1779664199999,819848.92082990,7574,7.29858000,561259.54866570,0,BTCUSDT,binance
2026-05-24 23:10:00+00:00,76926.48,76966.22,76912.1,76959.55,31.70531,1779664499999,2439474.89682790,6338,17.39709000,1338613.16133960,0,BTCUSDT,binance
2026-05-24 23:15:00+00:00,76959.55,77017.03,76893.33,76921.96,24.30801,1779664799999,1870750.00418730,9789,13.67902000,1052737.47015720,0,BTCUSDT,binance
2026-05-24 23:20:00+00:00,76921.97,76954.23,76881.34,76888.7,10.9482,1779665099999,842028.67030540,4772,6.80037000,523005.19452250,0,BTCUSDT,binance
2026-05-24 23:25:00+00:00,76888.7,76888.7,76819.2,76861.13,22.32915,1779665399999,1715961.83747280,7137,10.62165000,816268.42350090,0,BTCUSDT,binance
2026-05-24 23:30:00+00:00,76861.13,76994.17,76853.26,76960.0,24.94255,1779665699999,1918964.11572770,10273,18.03916000,1387836.16067150,0,BTCUSDT,binance
2026-05-24 23:35:00+00:00,76960.0,77157.1,76948.64,77097.34,46.88241,1779665999999,3611999.58792450,13433,36.08213000,2779638.06548550,0,BTCUSDT,binance
2026-05-24 23:40:00+00:00,77097.34,77225.97,77011.55,77200.28,57.82577,1779666299999,4460123.89311940,15229,40.41568000,3117587.46953960,0,BTCUSDT,binance
2026-05-24 23:45:00+00:00,77200.27,77200.28,77122.0,77167.58,28.13197,1779666599999,2170249.38114360,11307,16.91860000,1305102.06733820,0,BTCUSDT,binance
2026-05-24 23:50:00+00:00,77167.58,77191.61,77101.79,77115.99,17.7571,1779666899999,1369796.85974110,7149,10.12766000,781279.14748040,0,BTCUSDT,binance
2026-05-24 23:55:00+00:00,77116.0,77116.0,77056.44,77064.96,16.91312,1779667199999,1303657.35857140,5772,7.57121000,583572.87327150,0,BTCUSDT,binance
2026-05-25 00:00:00+00:00,77064.96,77192.0,77064.95,77138.68,40.40974,1779667499999,3116920.09883720,13914,25.12103000,1937467.94267220,0,BTCUSDT,binance
2026-05-25 00:05:00+00:00,77138.68,77202.01,77129.88,77173.16,27.38424,1779667799999,2113225.64011860,9110,20.26323000,1563711.91986570,0,BTCUSDT,binance
2026-05-25 00:10:00+00:00,77173.16,77204.0,77153.03,77189.88,25.05861,1779668099999,1934006.37841560,7537,16.67928000,1287261.03577790,0,BTCUSDT,binance
2026-05-25 00:15:00+00:00,77189.89,77220.0,77147.48,77163.35,33.79386,1779668399999,2608401.59532240,7796,8.59339000,663266.69222830,0,BTCUSDT,binance
2026-05-25 00:20:00+00:00,77163.36,77247.31,77125.76,77231.56,22.23102,1779668699999,1716019.88614380,10708,14.14740000,1092025.20602000,0,BTCUSDT,binance
2026-05-25 00:25:00+00:00,77231.55,77256.51,77153.69,77214.07,18.30495,1779668999999,1413233.52612640,8176,10.78749000,832822.80911130,0,BTCUSDT,binance
2026-05-25 00:30:00+00:00,77214.07,77258.59,77148.0,77162.58,19.18165,1779669299999,1481030.30106360,10308,9.98404000,770885.97356610,0,BTCUSDT,binance
2026-05-25 00:35:00+00:00,77162.58,77220.66,77158.24,77197.87,17.51126,1779669599999,1351511.52666120,7501,8.43051000,650637.47710660,0,BTCUSDT,binance
2026-05-25 00:40:00+00:00,77197.87,77197.87,77124.7,77124.7,14.67729,1779669899999,1132475.29813340,5789,5.98108000,461525.35999180,0,BTCUSDT,binance
2026-05-25 00:45:00+00:00,77124.71,77288.0,77094.0,77230.01,37.69975,1779670199999,2908965.30829970,9682,16.80736000,1297331.95847830,0,BTCUSDT,binance
2026-05-25 00:50:00+00:00,77230.01,77230.01,77154.83,77184.02,12.69965,1779670499999,980219.28468830,7677,7.17973000,554149.43167590,0,BTCUSDT,binance
2026-05-25 00:55:00+00:00,77184.02,77184.02,77120.0,77153.01,12.35749,1779670799999,953291.92436250,5749,5.19220000,400529.47612710,0,BTCUSDT,binance
2026-05-25 01:00:00+00:00,77153.01,77199.33,77021.08,77087.94,110.94608,1779671099999,8553995.92245610,22851,35.16603000,2711648.42222080,0,BTCUSDT,binance
2026-05-25 01:05:00+00:00,77087.94,77139.12,77070.0,77070.0,108.42564,1779671399999,8359191.09236680,17924,37.00688000,2852866.09169160,0,BTCUSDT,binance
2026-05-25 01:10:00+00:00,77070.0,77179.42,77061.99,77179.41,34.3794,1779671699999,2650782.04481270,18321,22.08957000,1703200.29952590,0,BTCUSDT,binance
2026-05-25 01:15:00+00:00,77179.41,77245.67,77162.33,77205.61,112.24272,1779671999999,8663993.37751480,13025,86.47627000,6674757.87623190,0,BTCUSDT,binance
2026-05-25 01:20:00+00:00,77205.61,77244.93,77200.89,77237.83,38.03821,1779672299999,2937649.96724920,13808,17.26493000,1333386.71872130,0,BTCUSDT,binance
2026-05-25 01:25:00+00:00,77237.83,77245.67,77142.94,77175.86,14.35614,1779672599999,1108168.10772630,8601,6.13569000,473628.29282250,0,BTCUSDT,binance
2026-05-25 01:30:00+00:00,77175.85,77189.81,77119.79,77188.7,21.89489,1779672899999,1689324.00499690,6208,11.44086000,882811.45137020,0,BTCUSDT,binance
2026-05-25 01:35:00+00:00,77188.71,77219.96,77119.79,77139.12,9.99752,1779673199999,771528.69651890,5377,4.95009000,382015.09262740,0,BTCUSDT,binance
2026-05-25 01:40:00+00:00,77139.12,77177.06,77101.19,77126.66,41.03234,1779673499999,3165427.62443260,5230,14.94780000,1153237.56576720,0,BTCUSDT,binance
2026-05-25 01:45:00+00:00,77126.66,77189.29,77115.47,77130.66,27.45209,1779673799999,2118152.10111690,6506,15.27549000,1178491.54947640,0,BTCUSDT,binance
2026-05-25 01:50:00+00:00,77130.67,77147.13,77059.64,77059.64,8.84197,1779674099999,681761.32959190,4045,1.87095000,144277.72765740,0,BTCUSDT,binance
2026-05-25 01:55:00+00:00,77059.65,77086.0,76914.25,76945.27,46.81789,1779674399999,3604629.35513670,9524,9.87637000,760608.23476050,0,BTCUSDT,binance
2026-05-25 02:00:00+00:00,76945.28,77102.55,76945.28,77095.73,34.10673,1779674699999,2627898.63025240,9254,18.73340000,1443379.43107560,0,BTCUSDT,binance
2026-05-25 02:05:00+00:00,77095.74,77485.0,77093.99,77398.69,118.31429,1779674999999,9150630.12225080,27359,81.33375000,6289584.98453540,0,BTCUSDT,binance
2026-05-25 02:10:00+00:00,77398.68,77454.54,77367.61,77403.24,24.7873,1779675299999,1918564.80695450,8372,11.16486000,864244.31881720,0,BTCUSDT,binance
2026-05-25 02:15:00+00:00,77403.23,77403.24,77270.53,77276.36,19.41564,1779675599999,1501179.26380880,9771,3.33354000,257721.73661420,0,BTCUSDT,binance
2026-05-25 02:20:00+00:00,77276.36,77276.36,77219.25,77219.26,8.83851,1779675899999,682721.71333520,3299,1.78371000,137787.40523480,0,BTCUSDT,binance
2026-05-25 02:25:00+00:00,77219.26,77219.26,77036.0,77141.28,55.91758,1779676199999,4311109.71094770,12730,18.07139000,1393028.56151930,0,BTCUSDT,binance
2026-05-25 02:30:00+00:00,77141.29,77175.79,77072.64,77072.64,8.35841,1779676499999,644758.69139010,5825,4.66973000,360255.08403170,0,BTCUSDT,binance
2026-05-25 02:35:00+00:00,77072.65,77163.37,77064.51,77157.93,6.74914,1779676799999,520456.37217360,5032,4.77122000,367930.08086310,0,BTCUSDT,binance
2026-05-25 02:40:00+00:00,77157.93,77164.23,77096.0,77164.23,9.80109,1779677099999,755933.69754890,4510,3.69577000,285050.59109170,0,BTCUSDT,binance
2026-05-25 02:45:00+00:00,77164.23,77175.79,77106.01,77158.62,8.57803,1779677399999,661797.43470150,6558,3.45453000,266512.24024930,0,BTCUSDT,binance
2026-05-25 02:50:00+00:00,77158.62,77175.79,77129.89,77129.89,9.19725,1779677699999,709602.28329550,4481,2.51779000,194263.23036850,0,BTCUSDT,binance
2026-05-25 02:55:00+00:00,77129.89,77149.82,77083.61,77108.77,9.90081,1779677999999,763476.03739760,4496,4.67402000,360415.74396890,0,BTCUSDT,binance
2026-05-25 03:00:00+00:00,77108.77,77169.88,77078.2,77078.42,21.80108,1779678299999,1680883.63667300,9234,14.14935000,1090826.93520950,0,BTCUSDT,binance
2026-05-25 03:05:00+00:00,77078.42,77133.26,77066.3,77087.99,11.14719,1779678599999,859417.24484410,7354,4.14408000,319487.47235870,0,BTCUSDT,binance
2026-05-25 03:10:00+00:00,77087.99,77123.73,77069.47,77093.75,21.65908,1779678899999,1669932.75861100,5435,13.89272000,1071162.77534300,0,BTCUSDT,binance
2026-05-25 03:15:00+00:00,77093.75,77133.06,77080.64,77102.15,8.13129,1779679199999,626959.69774280,4243,4.38376000,338010.78646840,0,BTCUSDT,binance
2026-05-25 03:20:00+00:00,77102.14,77150.0,77092.36,77092.36,16.12486,1779679499999,1243648.84099230,5228,5.31675000,410033.13885300,0,BTCUSDT,binance
2026-05-25 03:25:00+00:00,77092.37,77122.77,77067.24,77083.7,25.03389,1779679799999,1929922.15550790,5321,5.89244000,454233.96346200,0,BTCUSDT,binance
2026-05-25 03:30:00+00:00,77083.7,77115.99,77024.57,77090.01,30.16204,1779680099999,2324703.88685020,5808,6.58927000,507795.29278890,0,BTCUSDT,binance
2026-05-25 03:35:00+00:00,77090.02,77122.45,77084.1,77104.93,8.03508,1779680399999,619520.17958770,3285,2.84679000,219490.37367610,0,BTCUSDT,binance
2026-05-25 03:40:00+00:00,77104.93,77104.93,77067.72,77078.67,10.93148,1779680699999,842609.26534800,3049,4.24792000,327423.60480350,0,BTCUSDT,binance
2026-05-25 03:45:00+00:00,77078.67,77078.68,77002.3,77048.31,23.09031,1779680999999,1778627.95370810,7683,7.34492000,565743.26265470,0,BTCUSDT,binance
2026-05-25 03:50:00+00:00,77048.3,77065.55,77022.37,77046.53,11.71275,1779681299999,902452.12416900,3075,4.32682000,333369.15826770,0,BTCUSDT,binance
2026-05-25 03:55:00+00:00,77046.53,77054.89,77020.04,77026.67,10.87617,1779681599999,837926.83103260,2709,3.21430000,247630.38528560,0,BTCUSDT,binance
2026-05-25 04:00:00+00:00,77026.68,77070.96,77021.03,77021.03,14.05634,1779681899999,1083005.04718920,3523,6.08401000,468745.24408970,0,BTCUSDT,binance
2026-05-25 04:05:00+00:00,77021.03,77054.16,77004.0,77054.16,7.26663,1779682199999,559738.10324080,3062,4.31478000,332365.50067710,0,BTCUSDT,binance
2026-05-25 04:10:00+00:00,77054.16,77074.09,77025.78,77034.38,12.43376,1779682499999,957953.91153640,3814,6.45683000,497455.27531940,0,BTCUSDT,binance
2026-05-25 04:15:00+00:00,77034.38,77059.41,76990.78,77059.41,16.74014,1779682799999,1289432.99874790,3681,7.33915000,565343.69645280,0,BTCUSDT,binance
2026-05-25 04:20:00+00:00,77059.41,77117.01,77059.41,77110.26,22.70678,1779683099999,1750781.61470740,2894,15.31376000,1180690.66668930,0,BTCUSDT,binance
2026-05-25 04:25:00+00:00,77110.25,77175.44,77110.25,77175.44,10.38405,1779683399999,801118.37566810,2273,7.46752000,576104.71862190,0,BTCUSDT,binance
2026-05-25 04:30:00+00:00,77175.43,77227.92,77136.18,77141.59,14.63454,1779683699999,1129499.76196710,3823,8.18909000,632065.00153370,0,BTCUSDT,binance
2026-05-25 04:35:00+00:00,77141.6,77198.74,77134.74,77151.13,33.41313,1779683999999,2578154.03919050,3095,8.05756000,621675.18228800,0,BTCUSDT,binance
2026-05-25 04:40:00+00:00,77151.12,77244.0,77151.12,77244.0,16.60312,1779684299999,1281926.12131670,3121,13.60956000,1050748.32575810,0,BTCUSDT,binance
2026-05-25 04:45:00+00:00,77243.99,77289.88,77241.64,77274.25,19.53614,1779684599999,1509531.16649580,3838,11.90352000,919698.67974760,0,BTCUSDT,binance
2026-05-25 04:50:00+00:00,77274.26,77450.0,77274.25,77373.61,69.0483,1779684899999,5343099.81736590,8406,53.24755000,4120028.41562440,0,BTCUSDT,binance
2026-05-25 04:55:00+00:00,77373.61,77406.0,77368.8,77391.07,14.95113,1779685199999,1156964.94235710,3823,9.41313000,728425.72675010,0,BTCUSDT,binance
2026-05-25 05:00:00+00:00,77391.07,77396.13,77324.9,77340.0,32.32765,1779685499999,2500509.90365280,5466,12.39118000,958386.11478970,0,BTCUSDT,binance
2026-05-25 05:05:00+00:00,77340.01,77450.0,77324.0,77390.01,38.62332,1779685799999,2988567.57763770,6970,23.52133000,1819813.72865090,0,BTCUSDT,binance
2026-05-25 05:10:00+00:00,77390.0,77421.27,77374.0,77421.27,24.43286,1779686099999,1890978.35839620,3384,11.51408000,891178.40664340,0,BTCUSDT,binance
2026-05-25 05:15:00+00:00,77421.26,77473.62,77397.47,77408.1,66.20222,1779686399999,5126171.24063320,5730,35.37519000,2739222.21321840,0,BTCUSDT,binance
2026-05-25 05:20:00+00:00,77408.1,77415.85,77361.33,77385.04,17.56241,1779686699999,1359042.74655180,3779,9.71691000,751892.59669280,0,BTCUSDT,binance
2026-05-25 05:25:00+00:00,77385.05,77420.12,77385.04,77393.63,23.78089,1779686999999,1840692.78757580,2720,10.60609000,820927.06839590,0,BTCUSDT,binance
2026-05-25 05:30:00+00:00,77393.63,77458.84,77391.36,77421.49,31.0444,1779687299999,2403792.33558560,4347,21.36159000,1654137.60557580,0,BTCUSDT,binance
2026-05-25 05:35:00+00:00,77421.48,77498.0,77421.48,77454.57,30.19488,1779687599999,2339306.63564180,5960,19.36968000,1500672.11728460,0,BTCUSDT,binance
2026-05-25 05:40:00+00:00,77454.57,77486.98,77448.3,77462.34,13.22881,1779687899999,1024823.16878570,2680,7.08543000,548903.23150660,0,BTCUSDT,binance
2026-05-25 05:45:00+00:00,77462.33,77462.34,77413.01,77430.0,12.36044,1779688199999,957094.13742790,2745,4.42113000,342328.66824030,0,BTCUSDT,binance
2026-05-25 05:50:00+00:00,77429.99,77430.0,77403.31,77416.45,8.20178,1779688499999,634917.17274710,2328,5.41003000,418794.05593350,0,BTCUSDT,binance
2026-05-25 05:55:00+00:00,77416.44,77420.0,77388.66,77407.0,8.81832,1779688799999,682561.48190020,2691,3.01031000,233002.15133870,0,BTCUSDT,binance
2026-05-25 06:00:00+00:00,77406.99,77416.45,77359.56,77365.45,24.34265,1779689099999,1883846.22461450,5580,9.81689000,759749.22137020,0,BTCUSDT,binance
2026-05-25 06:05:00+00:00,77365.45,77650.0,77365.44,77577.27,161.34087,1779689399999,12505611.33156820,19344,125.41201000,9720052.93444300,0,BTCUSDT,binance
2026-05-25 06:10:00+00:00,77577.27,77577.27,77324.0,77332.0,47.95481,1779689699999,3712602.95033360,13596,10.58348000,819114.64593930,0,BTCUSDT,binance
2026-05-25 06:15:00+00:00,77332.01,77352.56,77281.25,77297.38,26.21892,1779689999999,2026874.31250210,7601,7.86133000,607717.19055420,0,BTCUSDT,binance
2026-05-25 06:20:00+00:00,77297.38,77297.38,77222.51,77231.47,21.11639,1779690299999,1631359.49196490,8876,8.10509000,626137.42842750,0,BTCUSDT,binance
2026-05-25 06:25:00+00:00,77231.47,77277.15,77222.22,77277.15,12.93966,1779690599999,999569.61526260,4910,7.13975000,551524.14295700,0,BTCUSDT,binance
2026-05-25 06:30:00+00:00,77277.15,77361.64,77277.14,77360.59,25.36897,1779690899999,1962106.94286200,7538,15.30846000,1183975.01759990,0,BTCUSDT,binance
2026-05-25 06:35:00+00:00,77360.58,77420.0,77360.58,77401.98,16.68693,1779691199999,1291624.02236290,5625,11.74351000,908966.52028320,0,BTCUSDT,binance
2026-05-25 06:40:00+00:00,77401.97,77428.0,77398.82,77413.03,7.08084,1779691499999,548162.64931290,3596,3.07190000,237806.62064110,0,BTCUSDT,binance
2026-05-25 06:45:00+00:00,77413.04,77520.0,77410.38,77454.26,25.45529,1779691799999,1972273.75399970,7061,17.89217000,1386258.46491910,0,BTCUSDT,binance
2026-05-25 06:50:00+00:00,77454.27,77457.95,77422.63,77453.98,26.65455,1779692099999,2064321.56443520,4276,5.93455000,459588.74437320,0,BTCUSDT,binance
2026-05-25 06:55:00+00:00,77453.99,77453.99,77400.34,77419.87,18.69939,1779692399999,1447874.19540480,5658,5.68134000,439896.07181980,0,BTCUSDT,binance
2026-05-25 07:00:00+00:00,77419.87,77520.0,77419.85,77486.89,64.72334,1779692699999,5013076.98975180,9635,45.08919000,3492237.77910830,0,BTCUSDT,binance
2026-05-25 07:05:00+00:00,77486.89,77490.01,77410.76,77410.76,16.20086,1779692999999,1254696.52329120,4916,6.23889000,483229.32418270,0,BTCUSDT,binance
2026-05-25 07:10:00+00:00,77410.76,77410.77,77306.08,77327.07,19.45783,1779693299999,1505010.47590860,7266,7.51743000,581340.75418770,0,BTCUSDT,binance
2026-05-25 07:15:00+00:00,77327.07,77354.97,77184.62,77250.01,40.56444,1779693599999,3134143.73398140,14190,12.92381000,998619.33786500,0,BTCUSDT,binance
2026-05-25 07:20:00+00:00,77250.02,77256.08,77208.38,77256.08,10.81654,1779693899999,835447.42384280,7338,4.91026000,379255.28393670,0,BTCUSDT,binance
2026-05-25 07:25:00+00:00,77256.08,77257.63,77212.83,77212.84,16.39944,1779694199999,1266557.43574330,5363,7.08237000,546964.71251250,0,BTCUSDT,binance
2026-05-25 07:30:00+00:00,77212.84,77335.97,77198.29,77294.74,40.58317,1779694499999,3135954.21169480,8669,25.44463000,1966313.33062360,0,BTCUSDT,binance
2026-05-25 07:35:00+00:00,77294.74,77300.84,77257.74,77300.84,29.70563,1779694799999,2295438.34404530,7336,14.32116000,1106655.04047960,0,BTCUSDT,binance
2026-05-25 07:40:00+00:00,77300.84,77328.01,77280.32,77317.71,38.7327,1779695099999,2994406.52133260,4522,27.87375000,2155003.48141340,0,BTCUSDT,binance
2026-05-25 07:45:00+00:00,77317.71,77348.02,77311.58,77326.97,43.94539,1779695399999,3398270.09561380,4940,9.44891000,730643.74139640,0,BTCUSDT,binance
2026-05-25 07:50:00+00:00,77326.97,77361.81,77300.0,77361.8,26.92064,1779695699999,2081529.09960350,5135,9.80588000,758189.70115950,0,BTCUSDT,binance
2026-05-25 07:55:00+00:00,77361.81,77401.12,77346.88,77401.12,28.06816,1779695999999,2171699.31984840,4831,12.32470000,953590.57284680,0,BTCUSDT,binance
2026-05-25 08:00:00+00:00,77401.11,77416.45,77343.83,77410.62,40.11581,1779696299999,3103811.98276410,4768,26.58589000,2057006.73148350,0,BTCUSDT,binance
2026-05-25 08:05:00+00:00,77410.61,77410.62,77357.5,77377.73,32.13272,1779696599999,2485969.91444040,4467,9.70744000,750985.44547190,0,BTCUSDT,binance
2026-05-25 08:10:00+00:00,77377.73,77377.74,77280.32,77293.45,26.40401,1779696899999,2041308.98659050,6318,7.31889000,565726.82811760,0,BTCUSDT,binance
2026-05-25 08:15:00+00:00,77293.44,77326.01,77293.44,77326.01,15.10247,1779697199999,1167484.04248830,4506,9.25449000,715417.76483550,0,BTCUSDT,binance
2026-05-25 08:20:00+00:00,77326.01,77366.31,77316.85,77316.86,11.92528,1779697499999,922401.22116260,4499,5.00363000,387020.87421870,0,BTCUSDT,binance
2026-05-25 08:25:00+00:00,77316.86,77324.0,77303.35,77314.01,13.71249,1779697799999,1060106.56495630,3062,3.98035000,307733.61451660,0,BTCUSDT,binance
2026-05-25 08:30:00+00:00,77314.0,77330.0,77314.0,77320.0,46.65391,1779698099999,3607397.95855630,2477,21.96195000,1698092.39422960,0,BTCUSDT,binance
2026-05-25 08:35:00+00:00,77320.0,77390.0,77319.99,77341.04,73.21319,1779698399999,5661222.11185550,4609,68.57389000,5302343.75619800,0,BTCUSDT,binance
2026-05-25 08:40:00+00:00,77341.05,77352.29,77335.52,77347.4,10.21791,1779698699999,790321.96118220,3106,3.85634000,298273.09873660,0,BTCUSDT,binance
2026-05-25 08:45:00+00:00,77347.41,77361.82,77326.07,77361.82,14.63747,1779698999999,1132117.33214450,2997,4.53197000,350519.78707340,0,BTCUSDT,binance
2026-05-25 08:50:00+00:00,77361.82,77430.0,77361.81,77430.0,42.93755,1779699299999,3323397.57562480,5492,31.32554000,2424618.91875830,0,BTCUSDT,binance
2026-05-25 08:55:00+00:00,77430.0,77469.64,77429.99,77456.94,25.57699,1779699599999,1980777.98640460,3397,17.11482000,1325368.63805120,0,BTCUSDT,binance
2026-05-25 09:00:00+00:00,77456.94,77481.12,77431.64,77431.65,24.11064,1779699899999,1867721.82650330,6854,7.06610000,547372.07029140,0,BTCUSDT,binance
2026-05-25 09:05:00+00:00,77431.64,77482.01,77431.64,77480.01,13.76442,1779700199999,1066150.56648010,4215,7.87098000,609631.13568010,0,BTCUSDT,binance
2026-05-25 09:10:00+00:00,77480.0,77498.77,77456.09,77460.0,30.40436,1779700499999,2355655.85426420,5723,9.90410000,767381.69820380,0,BTCUSDT,binance
2026-05-25 09:15:00+00:00,77459.94,77460.86,77435.38,77454.0,32.49196,1779700799999,2516532.26252710,3864,16.74628000,1296924.76577060,0,BTCUSDT,binance
2026-05-25 09:20:00+00:00,77454.0,77500.0,77425.17,77499.99,12.08201,1779701099999,935854.57020720,4712,8.40587000,651146.71835170,0,BTCUSDT,binance
2026-05-25 09:25:00+00:00,77500.0,77539.6,77499.99,77520.0,29.29813,1779701399999,2271076.68935430,5668,14.55179000,1127916.47816170,0,BTCUSDT,binance
2026-05-25 09:30:00+00:00,77520.01,77699.97,77516.0,77627.18,85.84811,1779701699999,6663806.65283000,13853,60.86044000,4724322.32114920,0,BTCUSDT,binance
2026-05-25 09:35:00+00:00,77627.18,77648.79,77570.84,77593.75,37.63622,1779701999999,2921054.40860960,11172,10.72554000,832338.09230450,0,BTCUSDT,binance
2026-05-25 09:40:00+00:00,77593.75,77612.47,77573.74,77584.78,28.70646,1779702299999,2227399.44295320,3427,6.89345000,534900.96243610,0,BTCUSDT,binance
2026-05-25 09:45:00+00:00,77584.79,77607.58,77563.15,77607.58,20.15489,1779702599999,1563646.72142240,6196,8.64706000,670858.34729060,0,BTCUSDT,binance
2026-05-25 09:50:00+00:00,77607.58,77671.2,77607.57,77643.04,37.15334,1779702899999,2884808.32974970,7641,12.34383000,958364.43557480,0,BTCUSDT,binance
2026-05-25 09:55:00+00:00,77643.04,77643.04,77604.56,77604.56,17.45342,1779703199999,1354788.33625030,5750,4.88692000,379319.26973480,0,BTCUSDT,binance
2026-05-25 10:00:00+00:00,77604.56,77615.26,77563.15,77563.16,34.14034,1779703499999,2648726.25081440,5374,7.79114000,604420.18647580,0,BTCUSDT,binance
2026-05-25 10:05:00+00:00,77563.16,77624.84,77563.15,77622.0,19.01372,1779703799999,1475400.94475130,3638,14.88613000,1155043.74022900,0,BTCUSDT,binance
2026-05-25 10:10:00+00:00,77622.0,77631.58,77615.97,77631.58,33.3011,1779704099999,2585007.10259700,4445,20.87459000,1620386.01173380,0,BTCUSDT,binance
2026-05-25 10:15:00+00:00,77631.58,77681.37,77631.57,77632.11,37.101,1779704399999,2881325.77012750,5037,13.93302000,1082016.13813300,0,BTCUSDT,binance
2026-05-25 10:20:00+00:00,77632.11,77632.11,77533.26,77564.41,31.23417,1779704699999,2422659.84661780,8609,8.30735000,644259.80340770,0,BTCUSDT,binance
2026-05-25 10:25:00+00:00,77564.41,77564.41,77520.67,77535.42,17.23785,1779704999999,1336443.20097260,4331,7.69263000,596384.42038700,0,BTCUSDT,binance
2026-05-25 10:30:00+00:00,77535.41,77556.12,77524.86,77556.11,19.7202,1779705299999,1528935.02477010,3046,10.12262000,784822.05667140,0,BTCUSDT,binance
2026-05-25 10:35:00+00:00,77556.11,77585.37,77526.1,77526.1,11.57011,1779705599999,897421.50282730,3168,4.08931000,317183.62481580,0,BTCUSDT,binance
2026-05-25 10:40:00+00:00,77526.11,77529.79,77516.76,77516.76,36.54553,1779705899999,2833102.66165360,2079,29.14167000,2259131.92574420,0,BTCUSDT,binance
2026-05-25 10:45:00+00:00,77516.76,77561.72,77516.76,77531.93,16.13137,1779706199999,1250869.07443390,3245,9.86926000,765284.29891520,0,BTCUSDT,binance
2026-05-25 10:50:00+00:00,77531.93,77537.12,77490.37,77531.75,17.75374,1779706499999,1376199.89507450,4038,9.79426000,759208.55045510,0,BTCUSDT,binance
2026-05-25 10:55:00+00:00,77531.75,77550.0,77531.74,77545.65,9.78609,1779706799999,758864.07499330,2833,5.29841000,410852.18475270,0,BTCUSDT,binance
2026-05-25 11:00:00+00:00,77545.65,77545.65,77416.44,77446.5,50.28832,1779707099999,3895809.11066600,6290,10.99401000,851423.93147730,0,BTCUSDT,binance
2026-05-25 11:05:00+00:00,77446.5,77451.82,77416.44,77451.82,13.6896,1779707399999,1060166.29898710,4160,7.76073000,601009.28528490,0,BTCUSDT,binance
2026-05-25 11:10:00+00:00,77451.82,77462.77,77440.79,77444.0,23.5447,1779707699999,1823552.63539740,2958,3.89589000,301727.22251430,0,BTCUSDT,binance
2026-05-25 11:15:00+00:00,77444.01,77444.01,77416.44,77437.48,15.29178,1779707999999,1184053.93165650,3167,5.80189000,449238.48321940,0,BTCUSDT,binance
2026-05-25 11:20:00+00:00,77437.48,77440.68,77427.09,77429.86,10.14409,1779708299999,785538.19165500,2015,4.32641000,335029.23966630,0,BTCUSDT,binance
2026-05-25 11:25:00+00:00,77429.87,77429.87,77412.86,77416.44,8.21976,1779708599999,636353.58659790,1842,1.56398000,121076.05961350,0,BTCUSDT,binance
2026-05-25 11:30:00+00:00,77416.45,77481.06,77416.44,77481.06,14.91171,1779708899999,1154929.35009030,3039,9.49941000,735729.97949360,0,BTCUSDT,binance
2026-05-25 11:35:00+00:00,77481.06,77516.16,77462.0,77503.33,11.68303,1779709199999,905308.07998710,4726,5.78021000,447885.72632950,0,BTCUSDT,binance
2026-05-25 11:40:00+00:00,77503.33,77503.33,77464.0,77467.49,10.85279,1779709499999,840888.53971350,3725,5.10870000,395829.24014990,0,BTCUSDT,binance
2026-05-25 11:45:00+00:00,77467.49,77497.74,77428.53,77428.66,20.73171,1779709799999,1606144.02393360,4404,8.18456000,634166.17094350,0,BTCUSDT,binance
2026-05-25 11:50:00+00:00,77428.67,77428.67,77363.6,77391.67,13.75792,1779710099999,1064743.10319170,4935,3.99453000,309109.97987650,0,BTCUSDT,binance
2026-05-25 11:55:00+00:00,77391.67,77391.67,77333.33,77357.5,16.06264,1779710399999,1242729.44662050,5370,2.98461000,230874.53402810,0,BTCUSDT,binance
2026-05-25 12:00:00+00:00,77357.5,77364.27,77286.5,77323.99,29.98987,1779710699999,2318662.11242500,11749,16.00434000,1237289.48299820,0,BTCUSDT,binance
2026-05-25 12:05:00+00:00,77323.99,77357.08,77320.01,77327.81,17.24256,1779710999999,1333569.89660600,4548,5.53511000,428060.61386800,0,BTCUSDT,binance
2026-05-25 12:10:00+00:00,77327.8,77371.91,77327.8,77365.33,22.20873,1779711299999,1717930.77758550,4676,12.22224000,945477.56698920,0,BTCUSDT,binance
2026-05-25 12:15:00+00:00,77365.33,77374.86,77326.41,77361.3,18.23195,1779711599999,1410301.16037460,6704,10.15703000,785667.54808690,0,BTCUSDT,binance
2026-05-25 12:20:00+00:00,77361.29,77399.8,77324.21,77387.56,38.04701,1779711899999,2943452.44653660,6994,29.65347000,2294156.05865980,0,BTCUSDT,binance
2026-05-25 12:25:00+00:00,77387.56,77420.86,77382.0,77394.75,23.32317,1779712199999,1805206.08093460,6013,10.46657000,810117.05211740,0,BTCUSDT,binance
2026-05-25 12:30:00+00:00,77394.75,77420.86,77370.19,77379.14,16.11199,1779712499999,1247056.67701620,4363,7.82184000,605412.97669190,0,BTCUSDT,binance
2026-05-25 12:35:00+00:00,77379.14,77401.5,77356.7,77358.72,17.59096,1779712799999,1361227.04152500,4928,6.80431000,526538.86539230,0,BTCUSDT,binance
2026-05-25 12:40:00+00:00,77358.71,77358.72,77354.32,77358.46,13.69865,1779713099999,1059684.23776090,2293,4.38911000,339525.46751920,0,BTCUSDT,binance
2026-05-25 12:45:00+00:00,77358.46,77358.47,77299.53,77337.47,27.3595,1779713399999,2115667.01609370,7265,10.36272000,801231.42986240,0,BTCUSDT,binance
2026-05-25 12:50:00+00:00,77337.47,77401.5,77330.89,77398.85,13.22204,1779713699999,1022683.00944040,4115,6.00470000,464503.10671460,0,BTCUSDT,binance
2026-05-25 12:55:00+00:00,77398.86,77440.46,77367.98,77367.98,24.2594,1779713999999,1877906.33749920,5621,15.92585000,1232812.27562360,0,BTCUSDT,binance
2026-05-25 13:00:00+00:00,77367.98,77418.01,77345.84,77418.01,16.46004,1779714299999,1273672.58903710,5314,11.45229000,886155.78598580,0,BTCUSDT,binance
2026-05-25 13:05:00+00:00,77418.01,77450.0,77406.41,77415.04,13.82369,1779714599999,1070347.80273410,4603,7.23938000,560539.61163020,0,BTCUSDT,binance
2026-05-25 13:10:00+00:00,77415.04,77415.04,77318.73,77323.81,14.93904,1779714899999,1155740.86345420,3608,5.88148000,454924.85918240,0,BTCUSDT,binance
2026-05-25 13:15:00+00:00,77323.81,77355.74,77302.06,77302.06,14.89947,1779715199999,1152203.47451460,3599,8.35982000,646514.28270580,0,BTCUSDT,binance
2026-05-25 13:20:00+00:00,77302.06,77347.74,77286.5,77343.9,12.4886,1779715499999,965638.30579460,3917,5.40855000,418227.82871920,0,BTCUSDT,binance
2026-05-25 13:25:00+00:00,77343.91,77369.15,77325.0,77334.01,19.52324,1779715799999,1509945.89084080,4718,9.30583000,719721.07873580,0,BTCUSDT,binance
2026-05-25 13:30:00+00:00,77334.01,77364.2,77323.67,77323.67,23.56015,1779716099999,1822134.85977580,5192,6.53694000,505603.31725930,0,BTCUSDT,binance
2026-05-25 13:35:00+00:00,77323.59,77346.01,77298.0,77339.8,16.59397,1779716399999,1283112.37211560,7207,8.77653000,678618.49151010,0,BTCUSDT,binance
2026-05-25 13:40:00+00:00,77339.8,77356.31,77311.87,77356.31,31.25938,1779716699999,2417150.67011420,6184,24.11396000,1864638.14049020,0,BTCUSDT,binance
2026-05-25 13:45:00+00:00,77356.32,77359.99,77324.01,77343.98,9.80212,1779716999999,758081.68619460,3555,2.44659000,189208.55397010,0,BTCUSDT,binance
2026-05-25 13:50:00+00:00,77343.98,77350.0,77310.07,77346.71,15.41628,1779717299999,1192196.82427520,5824,6.42411000,496782.54448070,0,BTCUSDT,binance
2026-05-25 13:55:00+00:00,77346.71,77350.0,77334.0,77341.05,10.76387,1779717599999,832521.05549220,3285,6.61851000,511908.38923750,0,BTCUSDT,binance
2026-05-25 14:00:00+00:00,77341.05,77443.01,77304.84,77442.96,39.07136,1779717899999,3022460.63664920,7989,24.12523000,1866628.57658380,0,BTCUSDT,binance
2026-05-25 14:05:00+00:00,77442.96,77524.01,77432.11,77472.8,51.25765,1779718199999,3971344.01962970,14677,32.79146000,2540599.25775290,0,BTCUSDT,binance
2026-05-25 14:10:00+00:00,77472.8,77509.18,77466.01,77478.86,24.35439,1779718499999,1887041.84925630,5371,18.52803000,1435561.14651090,0,BTCUSDT,binance
2026-05-25 14:15:00+00:00,77478.87,77588.01,77475.22,77558.01,43.33195,1779718799999,3359274.22267660,9059,26.14316000,2026860.07990580,0,BTCUSDT,binance
2026-05-25 14:20:00+00:00,77558.0,77562.23,77504.37,77562.22,50.96174,1779719099999,3951137.92384200,9697,25.14046000,1949180.81528260,0,BTCUSDT,binance
2026-05-25 14:25:00+00:00,77562.23,77620.0,77557.42,77619.97,57.17362,1779719399999,4436606.27731080,10741,30.58333000,2373318.56898160,0,BTCUSDT,binance
2026-05-25 14:30:00+00:00,77619.97,77619.97,77552.36,77581.31,35.0464,1779719699999,2718834.85677350,6940,12.65880000,981981.00538390,0,BTCUSDT,binance
2026-05-25 14:35:00+00:00,77581.32,77593.23,77565.65,77580.0,32.40768,1779719999999,2514262.72065750,4878,13.06139000,1013262.71151780,0,BTCUSDT,binance
2026-05-25 14:40:00+00:00,77580.0,77580.01,77545.1,77577.32,74.28717,1779720299999,5762295.23910460,5519,14.85624000,1152354.10363600,0,BTCUSDT,binance
2026-05-25 14:45:00+00:00,77577.31,77773.69,77577.31,77706.04,121.74982,1779720599999,9461619.63863000,19623,59.70541000,4639449.76372850,0,BTCUSDT,binance
2026-05-25 14:50:00+00:00,77706.05,77726.98,77659.8,77693.85,46.94955,1779720899999,3647765.16909920,8731,14.43107000,1121160.59653820,0,BTCUSDT,binance
2026-05-25 14:55:00+00:00,77693.86,77726.39,77693.85,77714.0,26.48682,1779721199999,2058297.98978530,3781,10.11406000,786002.14493370,0,BTCUSDT,binance
2026-05-25 15:00:00+00:00,77713.99,77754.01,77687.3,77699.95,52.84144,1779721499999,4107053.51587390,10990,15.41227000,1197936.85799670,0,BTCUSDT,binance
2026-05-25 15:05:00+00:00,77699.95,77779.97,77699.95,77757.54,57.78189,1779721799999,4492534.79634220,10078,34.39810000,2674614.97283050,0,BTCUSDT,binance
2026-05-25 15:10:00+00:00,77757.55,77905.52,77709.24,77711.99,128.83327,1779722099999,10025307.33368720,25499,86.22827000,6710723.33788210,0,BTCUSDT,binance
2026-05-25 15:15:00+00:00,77712.0,77750.35,77625.47,77694.5,51.78675,1779722399999,4022613.64180370,11553,16.42427000,1275682.14113540,0,BTCUSDT,binance
2026-05-25 15:20:00+00:00,77694.49,77694.5,77598.26,77619.77,38.11399,1779722699999,2958759.78576860,7618,5.73401000,445093.34361860,0,BTCUSDT,binance
2026-05-25 15:25:00+00:00,77619.76,77674.0,77603.0,77603.0,37.81801,1779722999999,2936532.39210380,7698,12.82510000,995900.90196100,0,BTCUSDT,binance
2026-05-25 15:30:00+00:00,77603.0,77683.11,77577.32,77662.17,38.76066,1779723299999,3008361.26216980,7394,19.48809000,1512561.10937230,0,BTCUSDT,binance
2026-05-25 15:35:00+00:00,77662.18,77666.18,77630.0,77661.33,28.43766,1779723599999,2208280.11393430,3640,20.49267000,1591349.32982750,0,BTCUSDT,binance
2026-05-25 15:40:00+00:00,77661.33,77679.71,77623.06,77655.5,13.35468,1779723899999,1037052.71303280,4129,4.51477000,350584.19994090,0,BTCUSDT,binance
2026-05-25 15:45:00+00:00,77655.5,77655.5,77557.0,77601.69,23.6876,1779724199999,1838351.10113920,6113,7.74875000,601304.06828970,0,BTCUSDT,binance
2026-05-25 15:50:00+00:00,77601.7,77618.6,77581.06,77607.68,13.05208,1779724499999,1012839.11481600,4365,7.40678000,574758.69410970,0,BTCUSDT,binance
2026-05-25 15:55:00+00:00,77607.68,77653.83,77605.28,77628.82,15.0351,1779724799999,1167133.34491130,3954,7.29446000,566188.46894310,0,BTCUSDT,binance
2026-05-25 16:00:00+00:00,77628.82,77636.0,77573.66,77593.99,19.63517,1779725099999,1523785.92047300,5847,6.91809000,536914.58862380,0,BTCUSDT,binance
2026-05-25 16:05:00+00:00,77593.99,77600.0,77583.28,77583.29,9.34004,1779725399999,724735.20106040,3229,2.28597000,177378.21892560,0,BTCUSDT,binance
2026-05-25 16:10:00+00:00,77583.28,77592.0,77512.0,77512.01,32.64258,1779725699999,2531069.38797000,7154,4.44416000,344680.74209900,0,BTCUSDT,binance
2026-05-25 16:15:00+00:00,77512.01,77555.93,77508.88,77530.0,45.88197,1779725999999,3557290.84237580,7369,16.33644000,1266542.72963490,0,BTCUSDT,binance
2026-05-25 16:20:00+00:00,77530.0,77622.75,77523.83,77585.68,31.38509,1779726299999,2434295.30477870,6390,24.94925000,1935021.94826860,0,BTCUSDT,binance
2026-05-25 16:25:00+00:00,77585.67,77596.97,77570.2,77590.0,14.58922,1779726599999,1131862.77389190,4290,7.85026000,609038.11771100,0,BTCUSDT,binance
2026-05-25 16:30:00+00:00,77590.01,77590.01,77580.15,77588.57,7.49931,1779726899999,581865.36875700,2128,5.53703000,429613.37837730,0,BTCUSDT,binance
2026-05-25 16:35:00+00:00,77588.57,77639.89,77588.57,77626.75,18.23273,1779727199999,1414993.01087000,3526,13.44769000,1043534.20620980,0,BTCUSDT,binance
2026-05-25 16:40:00+00:00,77626.75,77683.61,77600.01,77683.61,30.39778,1779727499999,2359978.18006390,6010,22.46152000,1743902.79736140,0,BTCUSDT,binance
2026-05-25 16:45:00+00:00,77683.6,77776.01,77670.2,77775.71,33.63432,1779727799999,2614108.83967480,6931,25.27566000,1964557.07727520,0,BTCUSDT,binance
2026-05-25 16:50:00+00:00,77775.71,77807.29,77700.0,77705.46,81.37538,1779728099999,6325102.17478920,10848,23.38622000,1817840.40911350,0,BTCUSDT,binance
2026-05-25 16:55:00+00:00,77705.47,77758.9,77705.46,77735.69,18.03038,1779728399999,1401511.51647050,5602,13.17552000,1024094.29401910,0,BTCUSDT,binance
2026-05-25 17:00:00+00:00,77735.69,77804.48,77735.68,77758.0,34.1781,1779728699999,2658158.08688250,10341,13.13500000,1021561.46884100,0,BTCUSDT,binance
2026-05-25 17:05:00+00:00,77758.01,77777.0,77724.81,77760.31,26.89315,1779728999999,2090937.68268660,7627,17.57467000,1366394.90296390,0,BTCUSDT,binance
2026-05-25 17:10:00+00:00,77760.31,77760.31,77682.94,77686.58,70.30949,1779729299999,5463259.49103050,5140,7.61966000,592102.09921280,0,BTCUSDT,binance
2026-05-25 17:15:00+00:00,77686.58,77686.59,77584.65,77649.49,34.81199,1779729599999,2702514.09054850,9556,13.90635000,1079493.34664990,0,BTCUSDT,binance
2026-05-25 17:20:00+00:00,77649.5,77649.5,77606.46,77606.46,15.38249,1779729899999,1194262.72256310,3936,4.90484000,380798.36601370,0,BTCUSDT,binance
2026-05-25 17:25:00+00:00,77606.47,77649.28,77606.46,77649.28,24.00456,1779730199999,1863529.60081940,3249,8.63525000,670343.04189620,0,BTCUSDT,binance
2026-05-25 17:30:00+00:00,77649.27,77649.28,77576.11,77579.91,14.90787,1779730499999,1156947.05824410,4616,4.91258000,381219.10404050,0,BTCUSDT,binance
2026-05-25 17:35:00+00:00,77579.91,77600.0,77570.0,77588.94,17.34396,1779730799999,1345558.75585170,5853,9.21350000,714807.34226440,0,BTCUSDT,binance
2026-05-25 17:40:00+00:00,77588.95,77588.95,77572.0,77582.63,5.50394,1779731099999,426993.41804680,2094,2.58656000,200653.98536210,0,BTCUSDT,binance
2026-05-25 17:45:00+00:00,77582.64,77587.76,77565.67,77565.67,8.63205,1779731399999,669608.87406190,4034,4.07725000,316273.16494630,0,BTCUSDT,binance
2026-05-25 17:50:00+00:00,77565.67,77576.3,77565.66,77568.64,7.98458,1779731699999,619365.55863230,2136,3.24843000,251979.41474350,0,BTCUSDT,binance
2026-05-25 17:55:00+00:00,77568.64,77578.96,77550.39,77564.01,18.26564,1779731999999,1416779.65901280,4927,12.97846000,1006657.44287610,0,BTCUSDT,binance
2026-05-25 18:00:00+00:00,77564.0,77611.64,77543.38,77598.75,15.71879,1779732299999,1219470.17506600,6820,10.48029000,813066.64402540,0,BTCUSDT,binance
2026-05-25 18:05:00+00:00,77598.76,77636.05,77598.75,77636.05,13.67801,1779732599999,1061663.29744860,3265,5.54692000,430543.42455660,0,BTCUSDT,binance
2026-05-25 18:10:00+00:00,77636.05,77658.01,77636.04,77640.32,23.10681,1779732899999,1794117.50659750,4348,18.53805000,1439368.84633960,0,BTCUSDT,binance
2026-05-25 18:15:00+00:00,77640.32,77654.01,77625.19,77625.19,8.38716,1779733199999,651199.30573650,3246,5.65643000,439184.72394740,0,BTCUSDT,binance
2026-05-25 18:20:00+00:00,77625.19,77631.05,77598.3,77606.1,11.81687,1779733499999,917194.79055410,3927,7.83320000,607969.81671840,0,BTCUSDT,binance
2026-05-25 18:25:00+00:00,77606.11,77638.01,77606.1,77638.01,7.03824,1779733799999,546289.12176760,3872,6.56016000,509176.83365600,0,BTCUSDT,binance
2026-05-25 18:30:00+00:00,77638.01,77640.01,77597.41,77626.46,10.71066,1779734099999,831268.26606140,4572,5.08917000,394959.79978570,0,BTCUSDT,binance
2026-05-25 18:35:00+00:00,77626.47,77639.36,77597.58,77635.86,16.65267,1779734399999,1292544.85802020,4313,10.78924000,837433.36149200,0,BTCUSDT,binance
2026-05-25 18:40:00+00:00,77635.85,77635.85,77584.96,77618.57,22.38233,1779734699999,1736976.70953980,6189,16.16710000,1254654.78400040,0,BTCUSDT,binance
2026-05-25 18:45:00+00:00,77618.57,77618.57,77592.76,77603.41,27.4379,1779734999999,2129451.44747610,3651,19.81939000,1538207.44835340,0,BTCUSDT,binance
2026-05-25 18:50:00+00:00,77603.41,77628.07,77559.97,77566.75,29.76385,1779735299999,2309159.71595890,4455,12.98811000,1007628.01035870,0,BTCUSDT,binance
2026-05-25 18:55:00+00:00,77566.75,77566.75,77543.38,77543.39,18.07131,1779735599999,1401413.42019020,2442,11.69047000,906543.37006960,0,BTCUSDT,binance
2026-05-25 19:00:00+00:00,77543.39,77543.39,77428.66,77443.79,34.31631,1779735899999,2658618.35095120,11971,7.33076000,567860.87363730,0,BTCUSDT,binance
2026-05-25 19:05:00+00:00,77443.8,77493.72,77428.0,77428.0,40.28171,1779736199999,3119884.23163290,7545,6.54960000,507353.86621180,0,BTCUSDT,binance
2026-05-25 19:10:00+00:00,77428.01,77493.51,77426.5,77493.5,13.30079,1779736499999,1030341.36928810,6800,10.69907000,828769.89669190,0,BTCUSDT,binance
2026-05-25 19:15:00+00:00,77493.5,77494.61,77448.54,77494.61,27.31979,1779736799999,2116521.59098990,4682,17.12538000,1326775.82979860,0,BTCUSDT,binance
2026-05-25 19:20:00+00:00,77494.61,77500.0,77465.32,77500.0,12.46363,1779737099999,965734.83374570,4378,4.51488000,349820.24980230,0,BTCUSDT,binance
2026-05-25 19:25:00+00:00,77499.99,77514.72,77482.13,77514.72,10.90139,1779737399999,844823.93093670,4842,4.55745000,353196.21510800,0,BTCUSDT,binance
2026-05-25 19:30:00+00:00,77514.72,77521.61,77428.0,77428.12,16.19545,1779737699999,1254737.72115250,8243,5.16280000,399954.31262900,0,BTCUSDT,binance
2026-05-25 19:35:00+00:00,77428.11,77428.11,77350.0,77354.0,79.89712,1779737999999,6183886.64653140,8471,57.92151000,4483058.13063000,0,BTCUSDT,binance
2026-05-25 19:40:00+00:00,77354.0,77405.28,77343.61,77405.28,11.42349,1779738299999,883830.01605260,5310,8.02941000,621245.06437350,0,BTCUSDT,binance
2026-05-25 19:45:00+00:00,77405.28,77434.01,77405.07,77421.38,12.1968,1779738599999,944262.72812270,4909,4.84133000,374782.28833410,0,BTCUSDT,binance
2026-05-25 19:50:00+00:00,77421.39,77458.76,77405.51,77405.51,21.07418,1779738899999,1632029.90860860,5667,7.39221000,572480.03904330,0,BTCUSDT,binance
2026-05-25 19:55:00+00:00,77405.51,77461.08,77396.14,77441.86,16.16871,1779739199999,1252092.18742620,5631,12.70371000,983769.22944200,0,BTCUSDT,binance
2026-05-25 20:00:00+00:00,77441.85,77472.14,77414.06,77443.84,17.39222,1779739499999,1346919.23722450,8555,5.01788000,388567.31659430,0,BTCUSDT,binance
2026-05-25 20:05:00+00:00,77443.85,77461.51,77437.46,77450.0,13.09977,1779739799999,1014525.31179620,3425,8.80166000,681629.53072990,0,BTCUSDT,binance
2026-05-25 20:10:00+00:00,77449.99,77458.01,77440.0,77440.0,12.91916,1779740099999,1000608.41344830,2142,3.14952000,243937.10991490,0,BTCUSDT,binance
2026-05-25 20:15:00+00:00,77440.0,77500.0,77440.0,77500.0,9.63525,1779740399999,746366.04821670,4976,5.30310000,410798.56280820,0,BTCUSDT,binance
2026-05-25 20:20:00+00:00,77500.0,77500.0,77464.12,77464.12,10.6209,1779740699999,822912.44857990,1999,4.18513000,324264.39683310,0,BTCUSDT,binance
2026-05-25 20:25:00+00:00,77464.13,77479.64,77435.0,77440.02,35.5676,1779740999999,2754466.79616310,6234,20.64786000,1598986.16180910,0,BTCUSDT,binance
2026-05-25 20:30:00+00:00,77440.02,77466.0,77368.96,77368.97,20.80092,1779741299999,1610722.49264500,6664,6.58043000,509610.40462420,0,BTCUSDT,binance
2026-05-25 20:35:00+00:00,77368.97,77374.99,77292.8,77329.88,34.40899,1779741599999,2660586.56335030,10139,10.65504000,823880.69854800,0,BTCUSDT,binance
2026-05-25 20:40:00+00:00,77329.88,77354.81,77220.0,77263.87,62.37006,1779741899999,4819815.45284420,11241,23.93506000,1849972.64246590,0,BTCUSDT,binance
2026-05-25 20:45:00+00:00,77263.87,77312.3,77260.01,77260.01,27.26729,1779742199999,2107409.68166500,6927,7.07552000,546858.14719040,0,BTCUSDT,binance
2026-05-25 20:50:00+00:00,77260.01,77315.08,77260.0,77295.78,46.7788,1779742499999,3615897.55556710,5711,9.72228000,751467.65338720,0,BTCUSDT,binance
2026-05-25 20:55:00+00:00,77295.79,77346.67,77253.33,77273.06,23.25431,1779742799999,1797540.69619060,7958,6.24860000,483009.94073900,0,BTCUSDT,binance
2026-05-25 21:00:00+00:00,77273.06,77337.91,77273.05,77337.86,14.03875,1779743099999,1085365.83800060,4226,9.15658000,707848.97785860,0,BTCUSDT,binance
2026-05-25 21:05:00+00:00,77337.85,77361.64,77328.0,77334.96,10.54792,1779743399999,815811.79657950,3679,5.93086000,458714.34379810,0,BTCUSDT,binance
2026-05-25 21:10:00+00:00,77334.95,77363.81,77334.95,77362.01,13.65198,1779743699999,1055972.84790940,3913,7.83521000,606002.18452050,0,BTCUSDT,binance
2026-05-25 21:15:00+00:00,77362.01,77362.01,77294.52,77328.0,12.79262,1779743999999,989069.86197510,6761,7.76925000,600631.25344680,0,BTCUSDT,binance
2026-05-25 21:20:00+00:00,77327.99,77334.01,77282.2,77286.24,8.5201,1779744299999,658633.73832570,3494,2.00037000,154638.53690790,0,BTCUSDT,binance
2026-05-25 21:25:00+00:00,77286.24,77357.08,77286.23,77353.59,11.89466,1779744599999,919761.73268810,3505,7.98104000,617049.29962560,0,BTCUSDT,binance
2026-05-25 21:30:00+00:00,77353.59,77354.43,77345.64,77345.65,5.06171,1779744899999,391539.72467850,1375,2.57686000,199329.25948630,0,BTCUSDT,binance
2026-05-25 21:35:00+00:00,77345.64,77371.42,77279.64,77317.96,32.53413,1779745199999,2515170.90024540,7711,17.43566000,1347757.03246910,0,BTCUSDT,binance
2026-05-25 21:40:00+00:00,77317.96,77358.37,77277.46,77297.99,23.2474,1779745499999,1797638.08374900,11103,10.49986000,811869.31148240,0,BTCUSDT,binance
2026-05-25 21:45:00+00:00,77297.99,77331.35,77290.22,77330.77,12.48582,1779745799999,965250.77564810,2483,3.37156000,260662.51405050,0,BTCUSDT,binance
2026-05-25 21:50:00+00:00,77330.77,77351.68,77308.06,77347.7,23.64026,1779746099999,1828097.15175850,7470,12.13208000,938126.94835910,0,BTCUSDT,binance
2026-05-25 21:55:00+00:00,77347.7,77396.08,77338.99,77367.03,15.51081,1779746399999,1200097.56843330,5271,7.51749000,581593.36234200,0,BTCUSDT,binance
2026-05-25 22:00:00+00:00,77367.03,77377.92,77280.0,77312.01,22.36205,1779746699999,1729011.32590890,12145,12.76945000,987293.08952780,0,BTCUSDT,binance
2026-05-25 22:05:00+00:00,77312.01,77400.0,77312.01,77342.84,14.2013,1779746999999,1098745.35325340,8611,8.01265000,619912.07680780,0,BTCUSDT,binance
2026-05-25 22:10:00+00:00,77342.84,77449.94,77329.47,77408.1,21.28692,1779747299999,1647767.11792920,6676,12.00026000,928845.53187920,0,BTCUSDT,binance
2026-05-25 22:15:00+00:00,77408.1,77431.31,77332.0,77349.99,12.99259,1779747599999,1005260.27140800,6506,5.00065000,386886.70802850,0,BTCUSDT,binance
2026-05-25 22:20:00+00:00,77350.0,77386.67,77335.49,77370.04,10.65895,1779747899999,824634.20766130,3631,6.33287000,489924.03391190,0,BTCUSDT,binance
2026-05-25 22:25:00+00:00,77370.04,77370.05,77274.41,77297.07,14.35853,1779748199999,1110263.61929210,5251,4.10985000,317775.54240170,0,BTCUSDT,binance
2026-05-25 22:30:00+00:00,77297.06,77297.06,77071.14,77135.36,173.46268,1779748499999,13380977.33921650,19261,22.30615000,1720864.50966860,0,BTCUSDT,binance
2026-05-25 22:35:00+00:00,77135.37,77180.0,77019.82,77179.99,73.22111,1779748799999,5642641.69942410,11880,13.66544000,1053534.99149620,0,BTCUSDT,binance
2026-05-25 22:40:00+00:00,77180.0,77203.66,77136.3,77186.24,13.33171,1779749099999,1028836.25058520,6565,2.65480000,204868.91628130,0,BTCUSDT,binance
2026-05-25 22:45:00+00:00,77186.25,77220.0,77178.77,77219.99,8.13252,1779749399999,627848.09230850,4115,4.12312000,318318.08975380,0,BTCUSDT,binance
2026-05-25 22:50:00+00:00,77219.99,77242.73,77204.24,77219.58,8.09701,1779749699999,625284.71659820,2431,3.48002000,268739.57964550,0,BTCUSDT,binance
2026-05-25 22:55:00+00:00,77219.58,77219.58,77116.21,77116.21,23.6169,1779749999999,1822705.99461130,6998,3.79414000,292831.07979380,0,BTCUSDT,binance
2026-05-25 23:00:00+00:00,77116.21,77193.8,77072.36,77186.93,28.48725,1779750299999,2197385.76861190,10181,10.71110000,826253.97983100,0,BTCUSDT,binance
2026-05-25 23:05:00+00:00,77186.93,77285.64,77183.04,77268.83,23.16631,1779750599999,1789727.85045800,6133,14.73018000,1137898.64845640,0,BTCUSDT,binance
2026-05-25 23:10:00+00:00,77268.83,77286.0,77230.0,77286.0,10.36358,1779750899999,800675.58404650,3989,5.08958000,393219.07349790,0,BTCUSDT,binance
2026-05-25 23:15:00+00:00,77286.0,77320.0,77265.16,77265.17,19.1739,1779751199999,1481995.21103810,4753,6.75589000,522190.78049930,0,BTCUSDT,binance
2026-05-25 23:20:00+00:00,77265.17,77285.73,77258.71,77285.25,9.84882,1779751499999,761050.04204960,3495,4.50946000,348453.61258490,0,BTCUSDT,binance
2026-05-25 23:25:00+00:00,77285.25,77300.0,77271.75,77280.05,11.56686,1779751799999,893970.19022820,3346,3.44566000,266295.99614660,0,BTCUSDT,binance
2026-05-25 23:30:00+00:00,77280.06,77331.34,77264.0,77323.99,9.11381,1779752099999,704556.04690570,4654,4.44490000,343612.78406780,0,BTCUSDT,binance
2026-05-25 23:35:00+00:00,77323.99,77351.52,77315.45,77351.52,7.26677,1779752399999,561913.48766750,3417,3.72062000,287709.50540520,0,BTCUSDT,binance
2026-05-25 23:40:00+00:00,77351.52,77360.0,77332.67,77340.01,8.9371,1779752699999,691276.23447620,2727,3.77529000,292009.53914010,0,BTCUSDT,binance
2026-05-25 23:45:00+00:00,77340.0,77340.0,77310.0,77324.0,8.28163,1779752999999,640390.81876760,2661,3.97992000,307743.10255560,0,BTCUSDT,binance
2026-05-25 23:50:00+00:00,77323.99,77337.95,77292.05,77337.95,11.84305,1779753299999,915656.82136020,3595,6.24978000,483193.10461970,0,BTCUSDT,binance
2026-05-25 23:55:00+00:00,77337.96,77367.44,77322.0,77322.01,14.56559,1779753599999,1126628.38529320,3152,5.58215000,431782.51103420,0,BTCUSDT,binance
2026-05-26 00:00:00+00:00,77322.01,77345.0,77262.0,77262.23,27.99052,1779753899999,2163575.74212930,11162,8.93255000,690448.26328390,0,BTCUSDT,binance
2026-05-26 00:05:00+00:00,77262.22,77294.73,77214.0,77238.0,30.60496,1779754199999,2364745.78185280,8662,11.81131000,912706.74377500,0,BTCUSDT,binance
2026-05-26 00:10:00+00:00,77238.01,77238.01,77219.53,77231.99,9.46835,1779754499999,731221.95355280,2705,3.21826000,248539.13598360,0,BTCUSDT,binance
2026-05-26 00:15:00+00:00,77231.99,77244.41,77120.0,77153.0,51.77072,1779754799999,3995393.41583780,7636,6.02592000,464973.58214360,0,BTCUSDT,binance
2026-05-26 00:20:00+00:00,77153.01,77153.01,77088.0,77128.43,26.86158,1779755099999,2071458.49219290,6063,8.48668000,654441.68158230,0,BTCUSDT,binance
2026-05-26 00:25:00+00:00,77128.43,77164.01,77103.0,77119.99,54.17095,1779755399999,4178561.96321550,4355,6.70620000,517257.56353800,0,BTCUSDT,binance
2026-05-26 00:30:00+00:00,77120.0,77195.25,77117.87,77117.87,75.00487,1779755699999,5786211.19044720,6527,48.00657000,3703728.14199210,0,BTCUSDT,binance
2026-05-26 00:35:00+00:00,77117.87,77117.87,76948.91,76970.01,84.21909,1779755999999,6487431.86697540,14898,27.69670000,2134535.99279710,0,BTCUSDT,binance
2026-05-26 00:40:00+00:00,76970.02,76970.02,76832.53,76870.0,44.18125,1779756299999,3397198.46449640,13036,10.63486000,817743.51755880,0,BTCUSDT,binance
2026-05-26 00:45:00+00:00,76870.0,76930.01,76812.0,76882.04,80.95126,1779756599999,6221923.44289810,14282,54.21180000,4166277.76373760,0,BTCUSDT,binance
2026-05-26 00:50:00+00:00,76882.04,76882.04,76575.49,76725.83,157.84921,1779756899999,12110113.17572030,31121,48.95894000,3754734.44786530,0,BTCUSDT,binance
2026-05-26 00:55:00+00:00,76725.83,76844.23,76725.82,76792.71,43.10438,1779757199999,3310759.21525190,12041,17.08370000,1311918.44229310,0,BTCUSDT,binance
2026-05-26 01:00:00+00:00,76792.24,76792.24,76615.97,76648.3,48.5257,1779757499999,3721857.56281270,17594,19.43427000,1490539.47707820,0,BTCUSDT,binance
2026-05-26 01:05:00+00:00,76648.3,76744.86,76644.3,76685.07,29.36274,1779757799999,2252041.16131380,10611,18.55344000,1422942.73509640,0,BTCUSDT,binance
2026-05-26 01:10:00+00:00,76685.07,76878.43,76670.0,76835.07,31.72562,1779758099999,2436287.88442510,11215,22.78999000,1750163.92325280,0,BTCUSDT,binance
2026-05-26 01:15:00+00:00,76835.06,76888.01,76807.87,76844.35,25.93882,1779758399999,1993213.91605920,9608,11.45752000,880502.69094030,0,BTCUSDT,binance
2026-05-26 01:20:00+00:00,76844.35,76856.33,76798.38,76829.6,19.29327,1779758699999,1482102.94114930,6507,11.19100000,859660.01294520,0,BTCUSDT,binance
2026-05-26 01:25:00+00:00,76829.6,76829.61,76737.08,76799.49,14.35838,1779758999999,1102558.38981950,7019,4.55109000,349446.51684040,0,BTCUSDT,binance
2026-05-26 01:30:00+00:00,76799.5,76799.5,76625.81,76660.0,27.54246,1779759299999,2112535.26843830,10714,9.13672000,700604.88463020,0,BTCUSDT,binance
2026-05-26 01:35:00+00:00,76660.0,76730.0,76645.19,76657.63,31.61043,1779759599999,2423825.43651880,10267,11.56100000,886542.69512540,0,BTCUSDT,binance
2026-05-26 01:40:00+00:00,76657.63,76668.72,76590.9,76666.0,42.04077,1779759899999,3221944.20941020,8849,26.15707000,2004787.78883340,0,BTCUSDT,binance
2026-05-26 01:45:00+00:00,76666.0,76783.51,76662.0,76762.25,29.4105,1779760199999,2256469.67296330,9822,18.30600000,1404369.20434360,0,BTCUSDT,binance
2026-05-26 01:50:00+00:00,76762.25,76791.5,76759.58,76771.82,23.41675,1779760499999,1797777.33046100,5476,12.73563000,977725.63081850,0,BTCUSDT,binance
2026-05-26 01:55:00+00:00,76771.82,76786.67,76750.0,76756.98,18.82587,1779760799999,1445123.40245410,4670,13.53190000,1038729.23252330,0,BTCUSDT,binance
2026-05-26 02:00:00+00:00,76756.98,76798.44,76630.33,76708.23,178.46647,1779761099999,13690429.57070110,13490,86.47366000,6636205.37373180,0,BTCUSDT,binance
2026-05-26 02:05:00+00:00,76708.22,76802.21,76708.22,76802.21,37.48015,1779761399999,2877069.36576780,7349,24.15181000,1853939.15842820,0,BTCUSDT,binance
2026-05-26 02:10:00+00:00,76802.21,76810.0,76749.99,76750.0,120.03591,1779761699999,9215879.68268110,5396,23.29543000,1788298.94010390,0,BTCUSDT,binance
2026-05-26 02:15:00+00:00,76749.99,76775.04,76696.0,76775.03,77.39158,1779761999999,5939474.19322320,5215,63.34172000,4861466.53593470,0,BTCUSDT,binance
2026-05-26 02:20:00+00:00,76775.03,76775.04,76697.59,76744.05,72.39788,1779762299999,5554361.88485900,7161,11.04437000,847343.68780840,0,BTCUSDT,binance
2026-05-26 02:25:00+00:00,76744.0,76744.0,76662.99,76666.45,19.56918,1779762599999,1501158.22497080,6059,6.89474000,528937.15499380,0,BTCUSDT,binance
2026-05-26 02:30:00+00:00,76666.45,76689.09,76654.04,76668.81,24.45807,1779762899999,1875259.06399800,4410,16.33711000,1252598.71738150,0,BTCUSDT,binance
2026-05-26 02:35:00+00:00,76668.81,76736.53,76662.62,76662.62,28.37271,1779763199999,2175792.96121680,5839,17.63088000,1352031.74530860,0,BTCUSDT,binance
2026-05-26 02:40:00+00:00,76662.62,76671.86,76596.0,76596.02,24.53514,1779763499999,1879926.93842180,6043,9.80066000,750956.99093000,0,BTCUSDT,binance
2026-05-26 02:45:00+00:00,76596.01,76650.0,76512.98,76631.45,86.7311,1779763799999,6640502.49516580,12642,50.59495000,3873622.21315890,0,BTCUSDT,binance
2026-05-26 02:50:00+00:00,76631.45,76676.89,76631.44,76649.22,17.85818,1779764099999,1369092.03295390,4618,8.56072000,656247.87383590,0,BTCUSDT,binance
2026-05-26 02:55:00+00:00,76649.21,76674.13,76619.03,76660.0,34.1422,1779764399999,2616793.60958760,5905,23.43223000,1795897.51679040,0,BTCUSDT,binance
2026-05-26 03:00:00+00:00,76660.0,76660.0,76607.77,76607.89,23.80864,1779764699999,1824474.06071190,7020,11.72604000,898497.14242900,0,BTCUSDT,binance
2026-05-26 03:05:00+00:00,76607.88,76634.01,76584.94,76592.0,22.81975,1779764999999,1748054.33743280,5976,14.88342000,1140065.24264100,0,BTCUSDT,binance
2026-05-26 03:10:00+00:00,76591.99,76645.15,76565.72,76565.73,19.28065,1779765299999,1477221.35394210,5868,9.93425000,761086.02141670,0,BTCUSDT,binance
2026-05-26 03:15:00+00:00,76565.73,76598.0,76553.25,76553.26,36.75893,1779765599999,2814809.85503520,5756,12.95655000,992095.21820750,0,BTCUSDT,binance
2026-05-26 03:20:00+00:00,76553.25,76606.01,76550.1,76574.0,34.05344,1779765899999,2607942.34486740,7538,13.89604000,1064078.92434390,0,BTCUSDT,binance
2026-05-26 03:25:00+00:00,76573.99,76585.34,76475.59,76585.34,142.62545,1779766199999,10912301.17504980,11758,45.50038000,3481949.97802340,0,BTCUSDT,binance
2026-05-26 03:30:00+00:00,76585.34,76662.52,76562.25,76662.51,25.58355,1779766499999,1959971.23108330,7453,17.13867000,1313043.57705780,0,BTCUSDT,binance
2026-05-26 03:35:00+00:00,76662.52,76705.71,76656.0,76684.0,31.83254,1779766799999,2441101.18243750,4482,22.12784000,1696878.83327620,0,BTCUSDT,binance
2026-05-26 03:40:00+00:00,76684.0,76684.0,76655.57,76655.57,11.35047,1779767099999,870179.20124530,2898,3.33765000,255872.25928810,0,BTCUSDT,binance
2026-05-26 03:45:00+00:00,76655.58,76660.38,76636.83,76655.93,24.71496,1779767399999,1894361.00297250,3670,20.13073000,1542977.83975250,0,BTCUSDT,binance
2026-05-26 03:50:00+00:00,76655.94,76676.89,76652.0,76667.99,17.28672,1779767699999,1325187.44738320,3193,11.91687000,913522.70650780,0,BTCUSDT,binance
2026-05-26 03:55:00+00:00,76667.99,76667.99,76664.0,76664.01,6.03057,1779767999999,462329.75086430,918,3.42954000,262922.29016880,0,BTCUSDT,binance
2026-05-26 04:00:00+00:00,76664.0,76700.0,76628.0,76656.0,113.29586,1779768299999,8684046.55450970,6977,86.08047000,6598204.36781580,0,BTCUSDT,binance
2026-05-26 04:05:00+00:00,76656.01,76657.17,76627.99,76628.0,32.70603,1779768599999,2506715.10435350,4872,16.52359000,1266444.63290430,0,BTCUSDT,binance
2026-05-26 04:10:00+00:00,76628.0,76672.78,76627.95,76661.42,26.11783,1779768899999,2001679.96384370,2923,18.55441000,1422006.51641360,0,BTCUSDT,binance
2026-05-26 04:15:00+00:00,76661.42,76673.65,76627.87,76649.86,25.86154,1779769199999,1982091.46519050,3591,16.80003000,1287559.82549830,0,BTCUSDT,binance
2026-05-26 04:20:00+00:00,76649.87,76690.24,76606.79,76682.01,35.43643,1779769499999,2715835.32789370,5574,25.29257000,1938412.31887270,0,BTCUSDT,binance
2026-05-26 04:25:00+00:00,76682.0,76756.24,76682.0,76741.99,42.57228,1779769799999,3265771.13947580,5113,33.92256000,2602183.78770850,0,BTCUSDT,binance
2026-05-26 04:30:00+00:00,76741.99,76770.27,76738.65,76768.0,25.62811,1779770099999,1967265.82512750,3968,17.20253000,1320450.37113650,0,BTCUSDT,binance
2026-05-26 04:35:00+00:00,76768.0,76786.01,76760.0,76760.0,24.2674,1779770399999,1863063.13833510,2787,9.40603000,722141.98131000,0,BTCUSDT,binance
2026-05-26 04:40:00+00:00,76760.0,76768.94,76750.0,76768.94,15.39348,1779770699999,1181554.63199480,2181,5.44218000,417726.19351290,0,BTCUSDT,binance
2026-05-26 04:45:00+00:00,76768.93,76785.0,76756.01,76764.14,22.19084,1779770999999,1703564.63892430,4458,8.30704000,637736.56350870,0,BTCUSDT,binance
2026-05-26 04:50:00+00:00,76764.15,76774.48,76759.58,76759.58,11.95492,1779771299999,917777.95282140,2281,4.35537000,334361.70531080,0,BTCUSDT,binance
2026-05-26 04:55:00+00:00,76759.59,76817.28,76749.08,76749.5,17.16621,1779771599999,1318089.92403590,4236,10.53318000,808752.19989510,0,BTCUSDT,binance
2026-05-26 05:00:00+00:00,76749.51,76764.97,76704.8,76764.96,11.27464,1779771899999,865127.36995810,3719,5.53519000,424725.77651370,0,BTCUSDT,binance
2026-05-26 05:05:00+00:00,76764.96,76795.0,76716.23,76751.08,64.09056,1779772199999,4919368.87166210,6349,15.65419000,1201536.35665880,0,BTCUSDT,binance
2026-05-26 05:10:00+00:00,76751.07,76836.0,76751.07,76802.36,39.78948,1779772499999,3056381.30191800,5946,23.98255000,1842211.67775470,0,BTCUSDT,binance
2026-05-26 05:15:00+00:00,76802.36,76861.13,76802.35,76848.72,46.84913,1779772799999,3600020.27717880,3375,40.83482000,3137856.30582250,0,BTCUSDT,binance
2026-05-26 05:20:00+00:00,76848.72,76886.59,76848.71,76861.34,24.48576,1779773099999,1882260.92762730,4428,9.88850000,760124.81363430,0,BTCUSDT,binance
2026-05-26 05:25:00+00:00,76861.33,76895.69,76861.33,76864.42,89.44857,1779773399999,6876331.98111230,3500,75.64239000,5814985.15666190,0,BTCUSDT,binance
2026-05-26 05:30:00+00:00,76864.43,76895.91,76860.0,76895.91,21.66506,1779773699999,1665721.28915050,4603,16.20391000,1245856.80011860,0,BTCUSDT,binance
2026-05-26 05:35:00+00:00,76895.91,76989.23,76895.91,76932.46,34.72717,1779773999999,2672156.42257060,9657,17.94049000,1380474.64802670,0,BTCUSDT,binance
2026-05-26 05:40:00+00:00,76932.46,76932.46,76888.61,76918.25,14.89381,1779774299999,1145359.49126260,4007,8.74733000,672666.36974810,0,BTCUSDT,binance
2026-05-26 05:45:00+00:00,76918.25,76918.25,76888.61,76893.01,114.97144,1779774599999,8840769.19668580,4337,20.28775000,1559940.50200320,0,BTCUSDT,binance
2026-05-26 05:50:00+00:00,76893.0,76893.01,76853.21,76853.22,25.70628,1779774899999,1976255.92690290,2618,2.34135000,180002.84570360,0,BTCUSDT,binance
2026-05-26 05:55:00+00:00,76853.22,76930.01,76853.22,76930.01,68.1413,1779775199999,5240048.14284460,13094,50.28832000,3867170.91854400,0,BTCUSDT,binance
2026-05-26 06:00:00+00:00,76930.0,76930.0,76832.11,76872.0,106.06563,1779775499999,8155996.40583360,14648,62.95992000,4841461.53141190,0,BTCUSDT,binance
2026-05-26 06:05:00+00:00,76871.99,76914.18,76866.46,76908.62,34.14278,1779775799999,2625496.27248320,12266,18.50681000,1423109.86114650,0,BTCUSDT,binance
2026-05-26 06:10:00+00:00,76908.62,76908.62,76852.67,76877.99,60.30036,1779776099999,4635535.31824160,13036,21.90078000,1683475.41148110,0,BTCUSDT,binance
2026-05-26 06:15:00+00:00,76878.0,76882.94,76850.0,76863.08,36.95652,1779776399999,2840826.93308800,11507,11.22029000,862484.66166460,0,BTCUSDT,binance
2026-05-26 06:20:00+00:00,76863.09,76883.48,76839.88,76883.48,30.27107,1779776699999,2326543.16888140,12621,15.33152000,1178304.49114620,0,BTCUSDT,binance
2026-05-26 06:25:00+00:00,76883.48,76911.18,76775.0,76844.23,56.76034,1779776999999,4361426.63519220,14411,20.23924000,1555045.91600060,0,BTCUSDT,binance
2026-05-26 06:30:00+00:00,76844.24,76880.01,76834.55,76868.01,148.38492,1779777299999,11405047.45598670,11772,65.24926000,5014989.41820290,0,BTCUSDT,binance
2026-05-26 06:35:00+00:00,76868.01,76990.01,76868.0,76990.01,49.3589,1779777599999,3797334.22122290,11338,32.95025000,2534758.38364330,0,BTCUSDT,binance
2026-05-26 06:40:00+00:00,76990.01,77059.74,76947.89,76980.01,72.55924,1779777899999,5587033.64357020,16167,49.15375000,3784926.02624450,0,BTCUSDT,binance
2026-05-26 06:45:00+00:00,76980.01,76980.01,76944.96,76947.52,11.6236,1779778199999,894610.29176680,3352,5.70002000,438705.85815550,0,BTCUSDT,binance
2026-05-26 06:50:00+00:00,76947.53,76958.82,76930.01,76930.01,14.43091,1779778499999,1110385.01069630,2845,5.43404000,418127.79136290,0,BTCUSDT,binance
2026-05-26 06:55:00+00:00,76930.01,76940.0,76908.0,76908.01,37.45406,1779778799999,2881137.56786710,3883,28.73235000,2210217.97171220,0,BTCUSDT,binance
2026-05-26 07:00:00+00:00,76908.0,76924.55,76858.46,76858.46,14.39543,1779779099999,1106893.18294050,4898,3.43228000,263946.76050910,0,BTCUSDT,binance
2026-05-26 07:05:00+00:00,76858.46,76858.46,76745.99,76745.99,23.67193,1779779399999,1818057.60420280,8583,4.46183000,342730.87789020,0,BTCUSDT,binance
2026-05-26 07:10:00+00:00,76745.99,76748.95,76667.5,76680.07,35.38462,1779779699999,2713803.66409750,7850,13.19754000,1012058.08523910,0,BTCUSDT,binance
2026-05-26 07:15:00+00:00,76680.07,76683.25,76603.73,76683.24,62.49992,1779779999999,4790092.46104070,9747,30.86618000,2365544.05720300,0,BTCUSDT,binance
2026-05-26 07:20:00+00:00,76683.24,76689.99,76649.99,76689.99,54.57434,1779780299999,4183870.44544040,6696,37.25926000,2856380.03388420,0,BTCUSDT,binance
2026-05-26 07:25:00+00:00,76689.99,76712.79,76689.99,76700.01,14.0946,1779780599999,1081123.02003040,3371,4.47549000,343282.75138740,0,BTCUSDT,binance
2026-05-26 07:30:00+00:00,76700.01,76700.01,76620.78,76681.42,60.60798,1779780899999,4646150.77049060,10524,26.83207000,2056718.65498200,0,BTCUSDT,binance
2026-05-26 07:35:00+00:00,76681.42,76681.42,76630.76,76639.24,43.53027,1779781199999,3336362.82151740,8557,25.69466000,1969300.49343210,0,BTCUSDT,binance
2026-05-26 07:40:00+00:00,76639.25,76683.02,76639.24,76654.56,42.18971,1779781499999,3234336.85344890,5268,26.60717000,2039653.62837570,0,BTCUSDT,binance
2026-05-26 07:45:00+00:00,76654.57,76686.0,76654.57,76685.99,18.37718,1779781799999,1408926.50466370,4184,13.57513000,1040744.27544820,0,BTCUSDT,binance
2026-05-26 07:50:00+00:00,76686.0,76770.01,76685.99,76770.01,30.62951,1779782099999,2350265.56157120,5483,27.51899000,2111660.25121110,0,BTCUSDT,binance
2026-05-26 07:55:00+00:00,76770.0,76770.01,76684.05,76730.84,36.30635,1779782399999,2786191.67399480,5604,10.67758000,819171.01694940,0,BTCUSDT,binance
2026-05-26 08:00:00+00:00,76730.84,76744.57,76693.21,76730.75,13.16384,1779782699999,1009963.61388280,6566,7.67687000,588970.77538440,0,BTCUSDT,binance
2026-05-26 08:05:00+00:00,76730.74,76764.0,76718.0,76763.99,20.88609,1779782999999,1602619.82407280,4157,12.19280000,935590.58190760,0,BTCUSDT,binance
2026-05-26 08:10:00+00:00,76764.0,76816.01,76763.99,76794.11,13.02809,1779783299999,1000485.12925360,5323,8.69554000,667735.10589510,0,BTCUSDT,binance
2026-05-26 08:15:00+00:00,76794.11,76794.11,76726.38,76793.03,30.12364,1779783599999,2312241.95306710,6230,19.66824000,1509745.38329780,0,BTCUSDT,binance
2026-05-26 08:20:00+00:00,76793.04,76800.01,76780.02,76793.63,21.05034,1779783899999,1616516.69699720,2152,11.17360000,858041.47306660,0,BTCUSDT,binance
2026-05-26 08:25:00+00:00,76793.63,76816.27,76773.06,76807.73,27.10378,1779784199999,2081521.59085090,13636,18.14124000,1393194.41006390,0,BTCUSDT,binance
2026-05-26 08:30:00+00:00,76807.72,76824.01,76764.32,76766.52,24.97626,1779784499999,1918140.44137190,8590,10.27067000,788691.21312100,0,BTCUSDT,binance
2026-05-26 08:35:00+00:00,76766.52,76852.01,76757.99,76852.0,25.21614,1779784799999,1936244.27601510,5889,16.03362000,1231260.73563570,0,BTCUSDT,binance
2026-05-26 08:40:00+00:00,76852.0,76852.01,76830.0,76830.02,7.46836,1779785099999,573837.98919020,1893,2.15800000,165799.58182970,0,BTCUSDT,binance
2026-05-26 08:45:00+00:00,76830.02,76832.85,76761.2,76761.2,19.73864,1779785399999,1516077.74927940,5879,4.41570000,339167.31295590,0,BTCUSDT,binance
2026-05-26 08:50:00+00:00,76761.2,76780.98,76723.12,76780.98,24.36941,1779785699999,1870601.00351420,5705,11.84400000,909240.13166010,0,BTCUSDT,binance
2026-05-26 08:55:00+00:00,76780.98,76788.2,76726.36,76726.37,18.94492,1779785999999,1454206.80754100,4947,10.60190000,813776.43987670,0,BTCUSDT,binance
2026-05-26 09:00:00+00:00,76726.37,76745.97,76682.0,76714.01,43.72806,1779786299999,3354725.16529560,5951,31.62148000,2425981.84114080,0,BTCUSDT,binance
2026-05-26 09:05:00+00:00,76714.01,76714.01,76667.1,76667.17,27.64537,1779786599999,2119900.84513290,5527,17.72728000,1359273.61318170,0,BTCUSDT,binance
2026-05-26 09:10:00+00:00,76667.17,76732.57,76667.17,76690.42,29.33314,1779786899999,2249562.59644460,6410,21.55847000,1653272.16596570,0,BTCUSDT,binance
2026-05-26 09:15:00+00:00,76690.43,76804.0,76671.15,76792.0,53.98535,1779787199999,4141547.62584190,7305,43.09676000,3306076.23758460,0,BTCUSDT,binance
2026-05-26 09:20:00+00:00,76792.01,76792.01,76649.79,76665.81,23.72879,1779787499999,1819943.00717800,6589,13.16320000,1009366.73096090,0,BTCUSDT,binance
2026-05-26 09:25:00+00:00,76665.82,76737.45,76665.81,76737.44,17.7981,1779787799999,1365175.23919030,7554,13.39081000,1027130.75894120,0,BTCUSDT,binance
2026-05-26 09:30:00+00:00,76737.44,76792.78,76721.43,76721.44,20.20792,1779788099999,1550994.49846220,8046,10.45021000,802074.19108480,0,BTCUSDT,binance
2026-05-26 09:35:00+00:00,76721.44,76728.01,76665.45,76715.63,46.56571,1779788399999,3571701.36153590,8218,25.43657000,1951138.87380850,0,BTCUSDT,binance
2026-05-26 09:40:00+00:00,76715.63,76715.64,76681.3,76691.56,34.93295,1779788699999,2679299.11659180,6706,15.74423000,1207456.28847800,0,BTCUSDT,binance
2026-05-26 09:45:00+00:00,76691.55,76699.85,76650.19,76650.2,22.25153,1779788999999,1706305.69187130,4033,9.51631000,729804.97288810,0,BTCUSDT,binance
2026-05-26 09:50:00+00:00,76650.2,76673.82,76650.19,76673.81,18.54117,1779789299999,1421368.92879220,3681,13.72457000,1052105.27697580,0,BTCUSDT,binance
2026-05-26 09:55:00+00:00,76673.82,76685.25,76672.19,76672.19,11.80561,1779789599999,905223.62299040,1974,4.57402000,350715.98499920,0,BTCUSDT,binance
2026-05-26 10:00:00+00:00,76672.2,76672.2,76619.84,76619.85,31.0657,1779789899999,2381070.92807150,6371,17.72807000,1358742.98509200,0,BTCUSDT,binance
2026-05-26 10:05:00+00:00,76619.84,76654.01,76586.94,76654.01,34.1533,1779790199999,2616596.47457200,7857,20.68890000,1585147.55161700,0,BTCUSDT,binance
2026-05-26 10:10:00+00:00,76654.01,76720.0,76654.0,76713.35,28.36727,1779790499999,2175477.93562260,6321,24.11471000,1849365.81830780,0,BTCUSDT,binance
2026-05-26 10:15:00+00:00,76713.35,76908.0,76713.35,76896.0,47.38638,1779790799999,3638479.53612370,16157,35.50554000,2726199.53475800,0,BTCUSDT,binance
2026-05-26 10:20:00+00:00,76896.01,76980.0,76883.12,76953.53,37.70872,1779791099999,2901098.70854990,14170,23.99827000,1846225.41036370,0,BTCUSDT,binance
2026-05-26 10:25:00+00:00,76953.54,77268.57,76925.4,77229.75,171.3702,1779791399999,13220632.17152020,37070,109.66902000,8458753.76655860,0,BTCUSDT,binance
2026-05-26 10:30:00+00:00,77229.74,77274.74,77172.0,77274.74,85.60623,1779791699999,6610947.27249150,23804,49.05629000,3788295.89746590,0,BTCUSDT,binance
2026-05-26 10:35:00+00:00,77274.74,77463.06,77235.01,77419.75,148.20189,1779791999999,11467243.41857890,31577,87.10265000,6739863.04986070,0,BTCUSDT,binance
2026-05-26 10:40:00+00:00,77419.75,77569.19,77419.74,77505.21,107.03961,1779792299999,8295572.29950710,24469,81.99872000,6354718.76882900,0,BTCUSDT,binance
2026-05-26 10:45:00+00:00,77505.21,77570.83,77412.22,77537.52,63.82038,1779792599999,4945264.34505280,15138,34.16551000,2647082.44356450,0,BTCUSDT,binance
2026-05-26 10:50:00+00:00,77537.53,77621.75,77465.26,77475.48,79.04916,1779792899999,6127043.86496780,14348,43.85426000,3399033.84140660,0,BTCUSDT,binance
2026-05-26 10:55:00+00:00,77475.48,77520.0,77428.0,77430.0,63.36632,1779793199999,4909767.80915560,11228,28.32157000,2194158.45947930,0,BTCUSDT,binance
2026-05-26 11:00:00+00:00,77430.0,77490.85,77419.69,77486.06,62.66026,1779793499999,4853070.49754910,10266,44.03743000,3410644.89962450,0,BTCUSDT,binance
2026-05-26 11:05:00+00:00,77486.05,77516.93,77369.64,77370.0,52.84103,1779793799999,4092436.10319680,7348,21.47653000,1663587.51067000,0,BTCUSDT,binance
2026-05-26 11:10:00+00:00,77370.0,77378.09,77260.0,77267.73,45.15463,1779794099999,3491430.75262360,6611,18.90934000,1462017.66392280,0,BTCUSDT,binance
2026-05-26 11:15:00+00:00,77267.74,77359.5,77267.73,77307.01,46.45732,1779794399999,3591334.68417490,12199,25.42242000,1964959.63508070,0,BTCUSDT,binance
2026-05-26 11:20:00+00:00,77307.01,77307.01,77222.34,77251.42,51.46287,1779794699999,3975333.37178860,9129,22.13192000,1709504.69133810,0,BTCUSDT,binance
2026-05-26 11:25:00+00:00,77251.42,77280.01,77230.0,77238.01,27.77854,1779794999999,2145879.40620760,5767,10.82538000,836267.63702480,0,BTCUSDT,binance
2026-05-26 11:30:00+00:00,77238.01,77319.53,77222.27,77246.4,23.27448,1779795299999,1798331.18351450,8092,7.96552000,615511.40368280,0,BTCUSDT,binance
2026-05-26 11:35:00+00:00,77246.4,77265.77,77174.94,77220.0,28.16337,1779795599999,2174609.68548740,9147,4.46625000,344811.77678240,0,BTCUSDT,binance
2026-05-26 11:40:00+00:00,77220.0,77262.27,77220.0,77231.39,11.617,1779795899999,897368.86057080,3642,6.11018000,471988.75525450,0,BTCUSDT,binance
2026-05-26 11:45:00+00:00,77231.39,77265.77,77208.43,77258.76,17.45775,1779796199999,1348364.84969450,3949,12.49459000,964998.94601850,0,BTCUSDT,binance
2026-05-26 11:50:00+00:00,77258.72,77279.06,77246.61,77246.62,11.51296,1779796499999,889475.30459450,3632,2.67561000,206718.27234460,0,BTCUSDT,binance
2026-05-26 11:55:00+00:00,77246.61,77265.88,77183.55,77183.55,24.88774,1779796799999,1921682.09329080,6091,7.64065000,590075.30709480,0,BTCUSDT,binance
2026-05-26 12:00:00+00:00,77183.56,77228.5,77183.55,77220.0,16.80669,1779797099999,1297582.34536260,7214,10.03297000,774546.23497890,0,BTCUSDT,binance
2026-05-26 12:05:00+00:00,77220.0,77232.52,76877.94,76954.01,148.26908,1779797399999,11417814.18725750,27006,43.57057000,3354065.49899720,0,BTCUSDT,binance
2026-05-26 12:10:00+00:00,76954.01,77072.01,76944.96,77053.55,17.62873,1779797699999,1357612.54124750,10274,11.44826000,881679.53528450,0,BTCUSDT,binance
2026-05-26 12:15:00+00:00,77053.56,77100.76,77022.22,77060.12,30.0242,1779797999999,2314203.61402240,8284,14.33518000,1104849.79464020,0,BTCUSDT,binance
2026-05-26 12:20:00+00:00,77060.12,77068.57,76998.74,77004.0,23.78839,1779798299999,1832169.54829190,5223,4.91383000,378511.12586170,0,BTCUSDT,binance
2026-05-26 12:25:00+00:00,77004.0,77016.74,76960.01,77016.74,37.85365,1779798599999,2913895.36626050,6693,23.66294000,1821487.36898080,0,BTCUSDT,binance
2026-05-26 12:30:00+00:00,77016.73,77068.62,76974.0,77043.36,20.02893,1779798899999,1542812.90320340,7076,11.10512000,855382.71904150,0,BTCUSDT,binance
2026-05-26 12:35:00+00:00,77043.36,77053.99,77032.0,77041.85,11.96231,1779799199999,921575.82227160,4868,5.11251000,393873.52775890,0,BTCUSDT,binance
2026-05-26 12:40:00+00:00,77041.85,77107.55,77041.84,77098.59,23.66144,1779799499999,1824044.40051410,7136,15.86137000,1222751.08877770,0,BTCUSDT,binance
2026-05-26 12:45:00+00:00,77098.6,77120.88,77070.38,77104.0,32.5005,1779799799999,2505723.39127300,7938,20.14397000,1553067.31996780,0,BTCUSDT,binance
2026-05-26 12:50:00+00:00,77104.0,77123.29,77066.46,77111.0,20.44052,1779800099999,1575854.74163050,6365,6.96416000,536886.61744750,0,BTCUSDT,binance
2026-05-26 12:55:00+00:00,77111.0,77143.23,77110.99,77132.5,19.71801,1779800399999,1520870.40890610,4404,11.69196000,901808.48189600,0,BTCUSDT,binance
2026-05-26 13:00:00+00:00,77132.51,77151.75,77085.18,77099.92,17.96306,1779800699999,1385382.14998690,5190,7.80495000,601938.63025670,0,BTCUSDT,binance
2026-05-26 13:05:00+00:00,77099.93,77111.06,77061.17,77067.27,20.25355,1779800999999,1561349.37772520,5244,12.70057000,979081.27655370,0,BTCUSDT,binance
2026-05-26 13:10:00+00:00,77067.27,77086.74,77054.12,77086.73,12.8509,1779801299999,990437.43677400,4081,5.16467000,398043.27745780,0,BTCUSDT,binance
2026-05-26 13:15:00+00:00,77086.74,77091.21,76954.22,76954.23,14.05568,1779801599999,1082760.26292070,6520,2.38137000,183452.33424660,0,BTCUSDT,binance
2026-05-26 13:20:00+00:00,76954.23,77008.84,76794.7,76879.32,113.23017,1779801899999,8705001.11842280,18094,31.69541000,2437589.11424820,0,BTCUSDT,binance
2026-05-26 13:25:00+00:00,76879.31,76879.32,76798.04,76798.04,19.80697,1779802199999,1521660.24075450,5944,4.79836000,368617.29230350,0,BTCUSDT,binance
2026-05-26 13:30:00+00:00,76798.05,76848.01,76691.88,76799.61,93.17307,1779802499999,7153664.54655410,29475,53.60814000,4116220.45156140,0,BTCUSDT,binance
2026-05-26 13:35:00+00:00,76799.61,76908.0,76747.09,76856.75,38.99518,1779802799999,2996602.50086000,18531,19.59537000,1505899.99409530,0,BTCUSDT,binance
2026-05-26 13:40:00+00:00,76856.75,76995.12,76823.1,76906.01,54.94246,1779803099999,4225409.76557130,20491,35.85281000,2757265.89271900,0,BTCUSDT,binance
2026-05-26 13:45:00+00:00,76906.01,77386.42,76906.01,77364.09,95.69729,1779803399999,7384998.22439800,30346,71.46925000,5515070.02229940,0,BTCUSDT,binance
2026-05-26 13:50:00+00:00,77364.1,77464.01,77160.0,77177.49,128.88773,1779803699999,9962985.28489640,36512,54.59018000,4220771.64463250,0,BTCUSDT,binance
2026-05-26 13:55:00+00:00,77177.5,77328.49,77177.5,77231.56,50.11074,1779803999999,3871106.11225460,16640,27.32308000,2110741.57301180,0,BTCUSDT,binance
2026-05-26 14:00:00+00:00,77231.56,77279.99,77167.53,77188.0,43.50643,1779804299999,3359536.69893540,16487,16.85597000,1301648.67863350,0,BTCUSDT,binance
2026-05-26 14:05:00+00:00,77188.01,77270.95,77144.91,77245.67,26.99914,1779804599999,2084756.76189810,11610,15.22090000,1175322.11578340,0,BTCUSDT,binance
2026-05-26 14:10:00+00:00,77245.67,77411.67,77245.67,77411.67,39.5246,1779804899999,3056438.47826340,13398,27.05121000,2091819.40616270,0,BTCUSDT,binance
2026-05-26 14:15:00+00:00,77411.67,77706.02,77364.25,77526.33,183.40167,1779805199999,14220926.01036850,35970,117.22248000,9089297.30640980,0,BTCUSDT,binance
2026-05-26 14:20:00+00:00,77526.33,77873.25,77526.32,77788.36,196.62242,1779805499999,15282086.66345030,35077,147.29539000,11448252.20767990,0,BTCUSDT,binance
2026-05-26 14:25:00+00:00,77788.36,78080.0,77788.36,77958.4,373.84309,1779805799999,29157473.63165440,54672,210.67581000,16430382.61772310,0,BTCUSDT,binance
2026-05-26 14:30:00+00:00,77958.4,77996.09,77526.12,77562.25,216.34216,1779806099999,16810222.85249880,43000,85.45428000,6636561.23243450,0,BTCUSDT,binance
2026-05-26 14:35:00+00:00,77562.25,77576.47,76908.0,76933.4,284.06496,1779806399999,21957457.05743120,57893,66.24969000,5115885.08687610,0,BTCUSDT,binance
2026-05-26 14:40:00+00:00,76933.39,77006.14,76770.0,76820.0,288.41605,1779806699999,22176311.27685370,52498,149.54386000,11499451.01779350,0,BTCUSDT,binance
2026-05-26 14:45:00+00:00,76820.01,77000.0,76724.63,76978.01,182.1716,1779806999999,14000441.57859670,34950,102.86508000,7906071.29436040,0,BTCUSDT,binance
2026-05-26 14:50:00+00:00,76978.0,77193.53,76946.96,77092.11,87.72507,1779807299999,6762978.01453060,24824,48.63157000,3748967.06771460,0,BTCUSDT,binance
2026-05-26 14:55:00+00:00,77092.12,77092.12,76908.0,76908.01,97.55978,1779807599999,7509818.34802810,17354,31.37556000,2415556.24367260,0,BTCUSDT,binance
2026-05-26 15:00:00+00:00,76908.01,77012.0,76690.0,76844.02,191.69267,1779807899999,14732769.64436470,38483,123.88018000,9522349.37237710,0,BTCUSDT,binance
2026-05-26 15:05:00+00:00,76844.02,76917.75,76760.49,76877.03,58.54924,1779808199999,4499645.10005330,23105,30.80541000,2367744.54323510,0,BTCUSDT,binance
2026-05-26 15:10:00+00:00,76877.02,76974.63,76859.95,76969.64,43.1097,1779808499999,3315955.79213280,16532,25.09682000,1930454.26889480,0,BTCUSDT,binance
2026-05-26 15:15:00+00:00,76969.64,76977.85,76852.67,76857.96,37.0644,1779808799999,2850356.54961530,14942,12.36813000,951180.93259290,0,BTCUSDT,binance
2026-05-26 15:20:00+00:00,76857.96,76870.01,76559.9,76706.42,112.92804,1779809099999,8660432.73558580,25453,37.87869000,2905074.91743240,0,BTCUSDT,binance
2026-05-26 15:25:00+00:00,76706.42,76760.0,76636.0,76644.0,42.46707,1779809399999,3258022.61046000,13496,23.98870000,1840405.18641030,0,BTCUSDT,binance
2026-05-26 15:30:00+00:00,76644.01,76693.86,76357.14,76435.21,218.82447,1779809699999,16736891.34133770,47764,90.72980000,6936713.50622820,0,BTCUSDT,binance
2026-05-26 15:35:00+00:00,76435.21,76476.48,76358.01,76450.0,180.39681,1779809999999,13786532.56488980,32158,101.64090000,7767176.46565860,0,BTCUSDT,binance
2026-05-26 15:40:00+00:00,76450.0,76600.01,76365.0,76527.0,98.80392,1779810299999,7559042.77781350,26093,61.88743000,4734841.45274110,0,BTCUSDT,binance
2026-05-26 15:45:00+00:00,76527.0,76527.0,76400.0,76441.99,91.73188,1779810599999,7013931.00736770,21573,41.02147000,3136399.33829940,0,BTCUSDT,binance
2026-05-26 15:50:00+00:00,76441.99,76477.83,76272.63,76292.79,327.80202,1779810899999,25027500.90408250,34060,49.27116000,3761646.91186930,0,BTCUSDT,binance
2026-05-26 15:55:00+00:00,76292.78,76551.38,76273.71,76518.1,347.88816,1779811199999,26564497.22188880,23049,170.46362000,13016678.70702960,0,BTCUSDT,binance
2026-05-26 16:00:00+00:00,76518.1,76533.69,76416.0,76479.46,181.41072,1779811499999,13872168.32531730,24079,94.78063000,7247942.54176500,0,BTCUSDT,binance
2026-05-26 16:05:00+00:00,76479.46,76480.57,76390.0,76452.01,180.30455,1779811799999,13779433.57756670,22815,74.21319000,5671109.10672780,0,BTCUSDT,binance
2026-05-26 16:10:00+00:00,76452.0,76452.01,76209.58,76350.0,934.32847,1779812099999,71353963.64351160,31864,114.97496000,8774399.90995070,0,BTCUSDT,binance
2026-05-26 16:15:00+00:00,76350.0,76493.33,76312.33,76472.25,139.31896,1779812399999,10643725.67181340,21477,67.25977000,5139034.41190290,0,BTCUSDT,binance
2026-05-26 16:20:00+00:00,76472.24,76536.01,76414.95,76523.49,82.71873,1779812699999,6326091.23370450,22716,45.11640000,3450457.84431430,0,BTCUSDT,binance
2026-05-26 16:25:00+00:00,76523.48,76572.01,76470.94,76545.63,101.96337,1779812999999,7802083.61636100,19356,49.03176000,3752134.90398690,0,BTCUSDT,binance
2026-05-26 16:30:00+00:00,76545.63,76612.7,76500.01,76605.04,81.34274,1779813299999,6226417.02628500,19233,48.73219000,3730238.92607210,0,BTCUSDT,binance
2026-05-26 16:35:00+00:00,76605.03,76710.01,76605.03,76641.49,61.4896,1779813599999,4714432.82407150,19202,40.37959000,3095691.43902820,0,BTCUSDT,binance
2026-05-26 16:40:00+00:00,76641.49,76641.49,76550.0,76551.47,50.16918,1779813899999,3842026.95826770,16101,24.49977000,1876192.04613250,0,BTCUSDT,binance
2026-05-26 16:45:00+00:00,76551.46,76599.2,76470.99,76471.0,129.9428,1779814199999,9946491.02781600,16168,20.54843000,1572909.18477170,0,BTCUSDT,binance
2026-05-26 16:50:00+00:00,76471.0,76525.74,76412.02,76517.33,72.28859,1779814499999,5527132.91267360,15355,32.73259000,2502759.94028100,0,BTCUSDT,binance
2026-05-26 16:55:00+00:00,76517.33,76561.27,76484.03,76558.0,54.74327,1779814799999,4188930.01250740,10909,30.62847000,2343649.40115180,0,BTCUSDT,binance
2026-05-26 17:00:00+00:00,76558.0,76649.91,76538.09,76600.0,39.79006,1779815099999,3047432.49737470,14589,25.08381000,1921061.95888110,0,BTCUSDT,binance
2026-05-26 17:05:00+00:00,76600.01,76600.01,76472.58,76556.63,41.91012,1779815399999,3206770.54604340,14772,20.09788000,1537636.11790150,0,BTCUSDT,binance
2026-05-26 17:10:00+00:00,76556.63,76556.63,76481.17,76481.18,31.73805,1779815699999,2428672.75301120,11671,10.57274000,808968.34281500,0,BTCUSDT,binance
2026-05-26 17:15:00+00:00,76481.18,76481.18,76305.53,76322.0,66.59822,1779815999999,5088020.59812920,19645,21.96486000,1678043.97109780,0,BTCUSDT,binance
2026-05-26 17:20:00+00:00,76321.99,76321.99,76156.0,76185.72,138.79517,1779816299999,10580964.40709010,38144,44.57710000,3398024.51447610,0,BTCUSDT,binance
2026-05-26 17:25:00+00:00,76185.72,76185.99,76057.1,76069.82,150.70212,1779816599999,11470962.51785610,40593,60.94794000,4639160.01583390,0,BTCUSDT,binance
2026-05-26 17:30:00+00:00,76069.83,76069.83,75850.0,75894.01,267.92403,1779816899999,20348623.83104140,57643,108.26672000,8221506.35579520,0,BTCUSDT,binance
2026-05-26 17:35:00+00:00,75894.01,76031.12,75886.5,75964.58,68.84934,1779817199999,5231547.38404670,20974,31.92415000,2425702.79361170,0,BTCUSDT,binance
2026-05-26 17:40:00+00:00,75964.57,76029.78,75868.0,76029.77,162.31878,1779817499999,12329135.47625610,20050,103.15660000,7834637.72726770,0,BTCUSDT,binance
2026-05-26 17:45:00+00:00,76029.78,76146.52,75989.99,76126.01,93.22693,1779817799999,7089993.12053080,18067,52.54815000,3996380.18674840,0,BTCUSDT,binance
2026-05-26 17:50:00+00:00,76126.0,76128.01,76030.21,76030.21,53.20149,1779818099999,4047115.54117310,14364,20.88098000,1588129.05147000,0,BTCUSDT,binance
2026-05-26 17:55:00+00:00,76030.22,76076.0,75929.11,75935.08,75.60371,1779818399999,5746046.66323800,17556,33.15852000,2520041.75031990,0,BTCUSDT,binance
2026-05-26 18:00:00+00:00,75935.09,76016.01,75863.78,75994.01,197.63644,1779818699999,15011075.87763930,26444,86.43218000,6564389.90536560,0,BTCUSDT,binance
2026-05-26 18:05:00+00:00,75994.01,76029.78,75946.63,76002.01,46.92168,1779818999999,3565727.27349420,11964,13.96324000,1060983.66641690,0,BTCUSDT,binance
2026-05-26 18:10:00+00:00,76002.01,76027.44,75921.08,76018.0,49.25135,1779819299999,3742137.08279720,12549,20.98136000,1594221.22513670,0,BTCUSDT,binance
2026-05-26 18:15:00+00:00,76018.01,76148.33,76010.65,76119.41,69.83351,1779819599999,5312298.10621780,15784,29.50834000,2244848.97350780,0,BTCUSDT,binance
2026-05-26 18:20:00+00:00,76119.42,76273.66,76114.19,76242.13,128.711,1779819899999,9809205.07446800,20704,59.20528000,4511362.33126810,0,BTCUSDT,binance
2026-05-26 18:25:00+00:00,76242.13,76269.36,76076.0,76100.75,41.90683,1779820199999,3193400.49728150,12060,7.11098000,541771.51113410,0,BTCUSDT,binance
2026-05-26 18:30:00+00:00,76100.75,76142.5,76052.2,76132.0,31.10018,1779820499999,2366841.13390150,11263,16.65301000,1267342.13576220,0,BTCUSDT,binance
2026-05-26 18:35:00+00:00,76132.0,76141.14,76059.33,76089.13,29.96267,1779820799999,2279992.73885750,10142,12.25848000,932772.67890840,0,BTCUSDT,binance
2026-05-26 18:40:00+00:00,76089.12,76089.13,75894.15,75918.62,67.21354,1779821099999,5106571.77089030,17092,15.21118000,1155295.94074700,0,BTCUSDT,binance
2026-05-26 18:45:00+00:00,75918.63,76005.14,75911.65,75960.71,45.22359,1779821399999,3434890.97691460,13873,19.25172000,1462253.48098590,0,BTCUSDT,binance
2026-05-26 18:50:00+00:00,75960.7,75995.14,75944.81,75948.0,34.71599,1779821699999,2637168.64956190,10362,12.43169000,944371.87411060,0,BTCUSDT,binance
2026-05-26 18:55:00+00:00,75948.0,75958.01,75779.3,75840.55,103.83224,1779821999999,7875548.79734630,17821,34.19406000,2592930.72638430,0,BTCUSDT,binance
2026-05-26 19:00:00+00:00,75840.55,75894.82,75836.0,75863.51,71.51846,1779822299999,5425078.03454370,19568,39.79499000,3018586.13589490,0,BTCUSDT,binance
2026-05-26 19:05:00+00:00,75863.5,75923.11,75840.21,75897.53,61.01222,1779822599999,4629507.09107680,13563,28.76797000,2182904.62946240,0,BTCUSDT,binance
2026-05-26 19:10:00+00:00,75897.54,75937.34,75836.49,75860.57,61.58871,1779822899999,4673409.59921550,17221,19.43510000,1474722.76694880,0,BTCUSDT,binance
2026-05-26 19:15:00+00:00,75860.56,75895.65,75805.23,75884.4,52.52074,1779823199999,3983398.59717920,13777,17.48515000,1326273.89916690,0,BTCUSDT,binance
2026-05-26 19:20:00+00:00,75884.4,75910.23,75858.26,75882.73,27.41541,1779823499999,2080159.80871730,7880,10.72643000,813913.14011550,0,BTCUSDT,binance
2026-05-26 19:25:00+00:00,75882.72,75931.68,75882.72,75916.68,37.20412,1779823799999,2824400.33021290,9746,13.73256000,1042554.38549970,0,BTCUSDT,binance
2026-05-26 19:30:00+00:00,75916.68,76005.08,75916.67,75932.23,52.18869,1779824099999,3964262.93971460,13491,26.73826000,2030942.60479170,0,BTCUSDT,binance
2026-05-26 19:35:00+00:00,75932.24,75972.0,75884.0,75964.13,28.29635,1779824399999,2148677.61645570,11944,12.08998000,918009.26965370,0,BTCUSDT,binance
2026-05-26 19:40:00+00:00,75964.13,76058.01,75950.57,76027.01,30.48497,1779824699999,2317504.12226350,10107,14.51656000,1103423.45662380,0,BTCUSDT,binance
2026-05-26 19:45:00+00:00,76027.0,76048.01,75994.17,76014.0,34.44469,1779824999999,2618727.65983630,12163,15.94041000,1211832.63136690,0,BTCUSDT,binance
2026-05-26 19:50:00+00:00,76014.01,76104.49,76014.01,76075.96,73.99209,1779825299999,5628461.15405880,12451,35.07594000,2668058.79174680,0,BTCUSDT,binance
2026-05-26 19:55:00+00:00,76075.95,76087.24,76025.17,76052.0,51.04407,1779825599999,3882698.14790640,11470,18.07132000,1374572.74513570,0,BTCUSDT,binance
2026-05-26 20:00:00+00:00,76052.0,76095.47,76038.56,76095.47,51.75736,1779825899999,3936841.28614070,13274,25.01750000,1902934.09571560,0,BTCUSDT,binance
2026-05-26 20:05:00+00:00,76095.47,76117.24,76074.14,76089.71,23.94991,1779826199999,1822583.84916870,6431,6.72997000,512117.34987570,0,BTCUSDT,binance
2026-05-26 20:10:00+00:00,76089.7,76122.23,76084.54,76115.49,10.65679,1779826499999,811056.83396340,4667,5.52765000,420677.48968190,0,BTCUSDT,binance
2026-05-26 20:15:00+00:00,76115.49,76148.6,76049.82,76049.82,23.22285,1779826799999,1767454.18858860,7330,7.09088000,539717.75034090,0,BTCUSDT,binance
2026-05-26 20:20:00+00:00,76049.83,76062.72,76017.46,76045.95,22.38712,1779827099999,1702321.05072320,7416,9.49116000,721696.58711370,0,BTCUSDT,binance
2026-05-26 20:25:00+00:00,76045.95,76168.63,76045.95,76161.5,14.90036,1779827399999,1134315.73723480,4926,11.65312000,887118.10166650,0,BTCUSDT,binance
2026-05-26 20:30:00+00:00,76161.49,76180.0,76032.13,76036.01,36.26189,1779827699999,2760661.47493380,9683,6.95641000,529659.93935190,0,BTCUSDT,binance
2026-05-26 20:35:00+00:00,76036.01,76064.5,75982.64,76050.29,42.22534,1779827999999,3210147.67522630,8620,11.78495000,895899.33405700,0,BTCUSDT,binance
2026-05-26 20:40:00+00:00,76050.28,76095.46,76050.28,76075.66,7.20441,1779828299999,548100.44216460,2214,4.73928000,360551.49994050,0,BTCUSDT,binance
2026-05-26 20:45:00+00:00,76075.67,76126.79,76074.05,76100.01,24.98948,1779828599999,1901925.82630500,6278,20.30364000,1545316.45209740,0,BTCUSDT,binance
2026-05-26 20:50:00+00:00,76100.01,76110.99,76075.99,76084.86,25.76809,1779828899999,1960784.84653720,5161,17.37252000,1321957.25506350,0,BTCUSDT,binance
2026-05-26 20:55:00+00:00,76084.85,76128.34,76078.0,76106.86,41.09215,1779829199999,3127602.94305230,6812,34.38909000,2617443.16300170,0,BTCUSDT,binance
2026-05-26 21:00:00+00:00,76106.86,76117.31,76014.19,76018.02,12.39079,1779829499999,942694.77950210,5174,3.15808000,240303.81951600,0,BTCUSDT,binance
2026-05-26 21:05:00+00:00,76018.02,76040.7,76000.0,76018.01,13.74261,1779829799999,1044659.50096900,5999,5.12934000,389909.23859370,0,BTCUSDT,binance
2026-05-26 21:10:00+00:00,76018.01,76018.01,75850.0,75896.01,51.81685,1779830099999,3933885.59487910,8192,9.21469000,699582.46797040,0,BTCUSDT,binance
2026-05-26 21:15:00+00:00,75896.01,75984.87,75888.85,75977.89,34.25989,1779830399999,2601954.42814320,5438,21.32341000,1619398.82661980,0,BTCUSDT,binance
2026-05-26 21:20:00+00:00,75977.89,76029.78,75973.59,76022.17,13.0793,1779830699999,994169.33481730,3745,9.02350000,685877.53732460,0,BTCUSDT,binance
2026-05-26 21:25:00+00:00,76022.16,76057.34,76022.16,76048.64,28.94339,1779830999999,2200906.40969610,3493,10.75083000,817474.01388620,0,BTCUSDT,binance
2026-05-26 21:30:00+00:00,76048.64,76079.08,75992.97,76002.01,11.8634,1779831299999,902280.27842290,4782,5.57093000,423689.35944410,0,BTCUSDT,binance
2026-05-26 21:35:00+00:00,76002.01,76048.2,76002.01,76024.01,12.74827,1779831599999,969239.73809350,5089,4.67236000,355196.49507990,0,BTCUSDT,binance
2026-05-26 21:40:00+00:00,76024.01,76048.2,75985.1,76001.96,21.94764,1779831899999,1668334.94421790,7163,11.00721000,836641.23251500,0,BTCUSDT,binance
2026-05-26 21:45:00+00:00,76001.97,76044.01,76001.96,76008.54,6.72187,1779832199999,511031.00451190,5157,2.82347000,214655.45217790,0,BTCUSDT,binance
2026-05-26 21:50:00+00:00,76008.54,76008.54,75937.33,75937.33,21.51942,1779832499999,1634824.64206910,7527,5.13420000,390063.02128020,0,BTCUSDT,binance
2026-05-26 21:55:00+00:00,75937.33,75952.61,75866.67,75890.0,46.5498,1779832799999,3533001.73379770,6941,9.66305000,733408.18793760,0,BTCUSDT,binance
2026-05-26 22:00:00+00:00,75890.0,75998.94,75890.0,75921.9,22.19079,1779833099999,1685388.77210120,7978,13.57029000,1030596.20388230,0,BTCUSDT,binance
2026-05-26 22:05:00+00:00,75921.89,75924.01,75797.76,75853.34,40.61269,1779833399999,3080292.43801020,14421,16.86125000,1278735.95531940,0,BTCUSDT,binance
2026-05-26 22:10:00+00:00,75853.34,75869.15,75720.45,75792.05,68.45993,1779833699999,5188016.15539470,13700,29.88884000,2264985.72731060,0,BTCUSDT,binance
2026-05-26 22:15:00+00:00,75792.06,75841.23,75752.44,75788.0,43.01648,1779833999999,3259928.05303780,9144,19.35322000,1466689.04779080,0,BTCUSDT,binance
2026-05-26 22:20:00+00:00,75788.0,75818.41,75775.9,75793.66,21.22243,1779834299999,1608657.86428600,6898,13.27033000,1005885.36792570,0,BTCUSDT,binance
2026-05-26 22:25:00+00:00,75793.66,75809.28,75774.72,75799.96,19.19423,1779834599999,1454765.81545590,4838,12.54488000,950784.83282960,0,BTCUSDT,binance
2026-05-26 22:30:00+00:00,75799.96,75868.51,75770.87,75861.25,33.64324,1779834899999,2551360.26646150,8456,25.91295000,1965244.59112950,0,BTCUSDT,binance
2026-05-26 22:35:00+00:00,75861.24,75868.0,75788.81,75806.58,39.46863,1779835199999,2992503.91896850,9770,18.06339000,1369514.05070110,0,BTCUSDT,binance
2026-05-26 22:40:00+00:00,75806.58,75841.82,75791.29,75804.22,54.57283,1779835499999,4137328.84293340,7869,12.51863000,949066.19538690,0,BTCUSDT,binance
2026-05-26 22:45:00+00:00,75804.21,75804.22,75677.97,75697.81,41.33018,1779835799999,3129373.93062310,10840,17.11602000,1295893.88893940,0,BTCUSDT,binance
2026-05-26 22:50:00+00:00,75697.81,75764.0,75690.0,75751.61,28.27203,1779836099999,2140961.96316430,8004,19.87213000,1504886.93982300,0,BTCUSDT,binance
2026-05-26 22:55:00+00:00,75751.61,75751.61,75722.0,75749.02,16.13823,1779836399999,1222261.00535580,5175,10.53909000,798180.82872110,0,BTCUSDT,binance
2026-05-26 23:00:00+00:00,75749.02,75906.22,75749.02,75880.5,43.78698,1779836699999,3321573.52850510,13656,24.99870000,1896008.56051150,0,BTCUSDT,binance
2026-05-26 23:05:00+00:00,75880.51,75897.91,75832.95,75886.33,26.5518,1779836999999,2014493.30305900,6408,22.24462000,1687689.86160140,0,BTCUSDT,binance
2026-05-26 23:10:00+00:00,75886.33,75937.34,75882.96,75891.96,51.06077,1779837299999,3875926.59313030,11616,30.84020000,2340958.52809040,0,BTCUSDT,binance
2026-05-26 23:15:00+00:00,75891.96,75945.02,75889.62,75933.0,29.86558,1779837599999,2267292.16711800,6151,16.97499000,1288691.07045020,0,BTCUSDT,binance
2026-05-26 23:20:00+00:00,75933.01,75937.34,75896.0,75896.0,15.13672,1779837899999,1149140.11737950,4187,4.46652000,339093.47422380,0,BTCUSDT,binance
2026-05-26 23:25:00+00:00,75896.0,75906.11,75874.0,75905.99,15.0276,1779838199999,1140503.26661970,4168,10.24870000,777786.45264290,0,BTCUSDT,binance
2026-05-26 23:30:00+00:00,75906.0,75924.25,75894.26,75909.11,48.9713,1779838499999,3717458.66234700,5089,33.75524000,2562415.92607620,0,BTCUSDT,binance
2026-05-26 23:35:00+00:00,75909.11,75980.01,75896.45,75952.9,28.85409,1779838799999,2190941.66463830,5826,14.90356000,1131622.21240230,0,BTCUSDT,binance
2026-05-26 23:40:00+00:00,75952.9,75986.45,75942.54,75952.01,18.60906,1779839099999,1413727.19197540,3396,13.02565000,989534.16417900,0,BTCUSDT,binance
2026-05-26 23:45:00+00:00,75952.01,75964.0,75934.0,75934.01,17.70363,1779839399999,1344656.68250430,4589,11.56258000,878188.74606340,0,BTCUSDT,binance
2026-05-26 23:50:00+00:00,75934.01,75934.01,75905.0,75932.98,11.90133,1779839699999,903515.02383900,3783,7.38886000,560925.70675460,0,BTCUSDT,binance
2026-05-26 23:55:00+00:00,75932.98,75932.98,75918.0,75930.01,9.09031,1779839999999,690179.23594100,2453,4.94416000,375374.86913590,0,BTCUSDT,binance
2026-05-27 00:00:00+00:00,75930.01,75973.02,75919.99,75919.99,199.4318,1779840299999,15145553.43828710,12933,45.58863000,3462353.24788180,0,BTCUSDT,binance
2026-05-27 00:05:00+00:00,75920.0,75986.0,75919.99,75985.99,94.78325,1779840599999,7199499.23060010,7173,82.13981000,6239097.96779430,0,BTCUSDT,binance
2026-05-27 00:10:00+00:00,75985.99,76018.66,75968.34,75981.36,29.84641,1779840899999,2267902.17571620,6559,24.58320000,1867947.04632750,0,BTCUSDT,binance
2026-05-27 00:15:00+00:00,75981.35,75981.36,75887.78,75897.62,20.14218,1779841199999,1529015.69577160,8899,10.13638000,769441.94826800,0,BTCUSDT,binance
2026-05-27 00:20:00+00:00,75897.62,75914.97,75872.71,75888.49,35.42334,1779841499999,2688346.45455650,5292,7.53915000,572158.41938190,0,BTCUSDT,binance
2026-05-27 00:25:00+00:00,75888.48,75944.25,75888.48,75935.26,22.95945,1779841799999,1742981.83791790,5812,7.29269000,553615.46251740,0,BTCUSDT,binance
2026-05-27 00:30:00+00:00,75935.27,76044.51,75935.26,76008.01,26.13442,1779842099999,1986001.08718910,8465,17.80533000,1353001.61968030,0,BTCUSDT,binance
2026-05-27 00:35:00+00:00,76008.0,76008.01,75903.47,75909.63,36.39055,1779842399999,2763779.01160830,5981,26.05836000,1978992.52717320,0,BTCUSDT,binance
2026-05-27 00:40:00+00:00,75909.63,75989.63,75909.62,75970.75,21.41769,1779842699999,1626724.85689320,5422,11.74261000,891809.67304820,0,BTCUSDT,binance
2026-05-27 00:45:00+00:00,75970.75,76028.17,75949.92,75949.92,103.37335,1779842999999,7854116.40448570,8130,25.28694000,1921229.85844000,0,BTCUSDT,binance
2026-05-27 00:50:00+00:00,75949.93,76066.93,75949.92,76042.38,172.41644,1779843299999,13105436.63532470,8388,160.52505000,12201269.59042570,0,BTCUSDT,binance
2026-05-27 00:55:00+00:00,76042.0,76089.7,76042.0,76085.01,18.09794,1779843599999,1376750.47471050,4438,14.08934000,1071773.95580500,0,BTCUSDT,binance
2026-05-27 01:00:00+00:00,76085.0,76104.02,76030.16,76051.93,35.88818,1779843899999,2729681.12403690,9320,17.75189000,1350150.35396860,0,BTCUSDT,binance
2026-05-27 01:05:00+00:00,76051.93,76076.0,76000.0,76066.01,20.15241,1779844199999,1532093.94055760,4767,7.68719000,584434.05542380,0,BTCUSDT,binance
2026-05-27 01:10:00+00:00,76066.01,76076.82,76037.74,76076.82,16.70143,1779844499999,1270323.21233420,3662,11.59025000,881554.94779430,0,BTCUSDT,binance
2026-05-27 01:15:00+00:00,76076.82,76076.82,75890.3,75890.87,48.27992,1779844799999,3667719.81377550,7576,7.88029000,598606.27294200,0,BTCUSDT,binance
2026-05-27 01:20:00+00:00,75890.87,75890.87,75824.0,75864.0,48.79119,1779845099999,3701209.47109860,9513,18.81699000,1427268.29927300,0,BTCUSDT,binance
2026-05-27 01:25:00+00:00,75864.0,75888.01,75838.46,75880.49,11.42285,1779845399999,866582.69218610,4468,7.51474000,570073.72855380,0,BTCUSDT,binance
2026-05-27 01:30:00+00:00,75880.5,75907.55,75840.01,75863.99,29.65478,1779845699999,2249937.70873200,8318,15.72999000,1193500.34374190,0,BTCUSDT,binance
2026-05-27 01:35:00+00:00,75863.99,75875.19,75835.99,75870.59,28.76243,1779845999999,2182069.04603970,5958,25.90425000,1965240.47694180,0,BTCUSDT,binance
2026-05-27 01:40:00+00:00,75870.59,75932.41,75854.0,75863.0,132.82408,1779846299999,10079337.49315560,7535,45.84919000,3478877.35433470,0,BTCUSDT,binance
2026-05-27 01:45:00+00:00,75863.0,75985.1,75853.59,75970.08,156.65628,1779846599999,11888334.43889570,10656,140.48579000,10660739.33503230,0,BTCUSDT,binance
2026-05-27 01:50:00+00:00,75970.08,75972.01,75950.61,75954.01,23.64656,1779846899999,1796224.28597410,4179,18.26054000,1387089.09668640,0,BTCUSDT,binance
2026-05-27 01:55:00+00:00,75954.01,75956.01,75854.08,75877.44,20.94867,1779847199999,1590069.72021470,6279,9.79546000,743482.49980660,0,BTCUSDT,binance
2026-05-27 02:00:00+00:00,75877.44,75890.59,75764.0,75865.82,51.95052,1779847499999,3938980.26707450,10049,14.83062000,1124607.75599840,0,BTCUSDT,binance
2026-05-27 02:05:00+00:00,75865.83,75865.83,75781.22,75788.15,20.32781,1779847799999,1540903.83104180,6610,6.63984000,503300.73776490,0,BTCUSDT,binance
2026-05-27 02:10:00+00:00,75788.15,75815.8,75781.23,75811.94,35.46059,1779848099999,2687812.45286480,6889,14.42301000,1093121.05224360,0,BTCUSDT,binance
2026-05-27 02:15:00+00:00,75811.94,75830.78,75682.99,75711.61,64.05598,1779848399999,4852730.19162470,15613,14.16364000,1072711.10812930,0,BTCUSDT,binance
2026-05-27 02:20:00+00:00,75711.61,75756.58,75711.6,75756.58,27.3287,1779848699999,2069745.70686590,6315,16.62364000,1258983.91263250,0,BTCUSDT,binance
2026-05-27 02:25:00+00:00,75756.59,75806.2,75746.84,75769.82,32.04485,1779848999999,2428251.65108610,7181,20.10880000,1523768.75234440,0,BTCUSDT,binance
2026-05-27 02:30:00+00:00,75769.82,75800.74,75738.32,75800.74,24.87963,1779849299999,1884776.75790660,6712,17.29847000,1310460.55873880,0,BTCUSDT,binance
2026-05-27 02:35:00+00:00,75800.74,75836.01,75705.14,75705.15,18.26468,1779849599999,1384132.81602030,7882,7.02615000,532551.03836590,0,BTCUSDT,binance
2026-05-27 02:40:00+00:00,75705.14,75744.9,75705.14,75744.9,15.96663,1779849899999,1209096.38346740,6182,8.44975000,639833.47674390,0,BTCUSDT,binance
2026-05-27 02:45:00+00:00,75744.9,75784.01,75737.37,75744.77,15.34004,1779850199999,1162064.45308620,6837,7.78917000,590047.18012420,0,BTCUSDT,binance
2026-05-27 02:50:00+00:00,75744.78,75807.87,75744.77,75804.5,18.64405,1779850499999,1412742.66225110,5206,10.67715000,809035.41573020,0,BTCUSDT,binance
2026-05-27 02:55:00+00:00,75804.5,75879.31,75804.5,75879.0,112.99455,1779850799999,8572055.12819380,6096,69.18471000,5248137.08552870,0,BTCUSDT,binance
2026-05-27 03:00:00+00:00,75879.01,75949.99,75840.26,75924.39,45.13531,1779851099999,3425283.58349000,11064,32.78335000,2487949.47760640,0,BTCUSDT,binance
2026-05-27 03:05:00+00:00,75924.39,75966.91,75911.99,75923.44,142.40214,1779851399999,10811993.89311010,7869,62.34512000,4733209.71675020,0,BTCUSDT,binance
2026-05-27 03:10:00+00:00,75923.43,75923.44,75890.26,75890.27,45.92826,1779851699999,3486387.94786450,5366,37.48303000,2845301.19176560,0,BTCUSDT,binance
2026-05-27 03:15:00+00:00,75890.27,75890.27,75844.88,75867.99,21.08791,1779851999999,1599825.04742560,5957,10.50038000,796622.31986560,0,BTCUSDT,binance
2026-05-27 03:20:00+00:00,75867.99,75868.0,75809.88,75830.0,23.58454,1779852299999,1788451.75254010,5723,8.67864000,658109.07819120,0,BTCUSDT,binance
2026-05-27 03:25:00+00:00,75830.0,75867.79,75830.0,75844.88,15.50189,1779852599999,1175870.28669280,4288,11.73483000,890144.30365360,0,BTCUSDT,binance
2026-05-27 03:30:00+00:00,75844.89,75863.96,75809.88,75809.89,21.45485,1779852899999,1627205.74029830,4733,11.57851000,878153.21863470,0,BTCUSDT,binance
2026-05-27 03:35:00+00:00,75809.89,75809.9,75737.36,75752.44,37.75133,1779853199999,2859903.72183120,7359,16.20659000,1227631.62028970,0,BTCUSDT,binance
2026-05-27 03:40:00+00:00,75752.45,75787.31,75752.45,75764.0,23.46968,1779853499999,1778302.56259570,6195,12.47394000,945134.19341030,0,BTCUSDT,binance
2026-05-27 03:45:00+00:00,75764.0,75773.9,75607.62,75664.31,75.35889,1779853799999,5704399.40477370,14132,25.15695000,1904849.29145420,0,BTCUSDT,binance
2026-05-27 03:50:00+00:00,75664.31,75680.0,75633.29,75673.28,51.33197,1779854099999,3884275.58133650,9574,25.38526000,1920846.75949100,0,BTCUSDT,binance
2026-05-27 03:55:00+00:00,75673.28,75715.59,75638.73,75683.0,109.84069,1779854399999,8312598.50638380,7251,29.86716000,2260157.62329770,0,BTCUSDT,binance
2026-05-27 04:00:00+00:00,75683.0,75694.5,75633.97,75658.82,48.83345,1779854699999,3695243.94483780,9355,9.75523000,738045.25710740,0,BTCUSDT,binance
2026-05-27 04:05:00+00:00,75658.83,75700.0,75654.0,75699.97,49.83814,1779854999999,3772330.81051770,4950,38.27658000,2897236.27706350,0,BTCUSDT,binance
2026-05-27 04:10:00+00:00,75699.96,75706.77,75630.0,75630.01,18.69478,1779855299999,1414812.38162310,5941,4.11191000,311229.25461920,0,BTCUSDT,binance
2026-05-27 04:15:00+00:00,75630.01,75630.01,75511.0,75539.64,179.82421,1779855599999,13588032.35302180,12553,20.10583000,1519149.34581070,0,BTCUSDT,binance
2026-05-27 04:20:00+00:00,75539.64,75547.79,75506.0,75527.81,51.27907,1779855899999,3872995.39818270,8889,21.81842000,1647960.14542750,0,BTCUSDT,binance
2026-05-27 04:25:00+00:00,75527.81,75529.92,75509.09,75509.15,16.01333,1779856199999,1209348.41103350,5170,7.83641000,591818.02101590,0,BTCUSDT,binance
2026-05-27 04:30:00+00:00,75509.15,75518.0,75316.91,75351.18,187.11081,1779856499999,14111692.37276430,33597,42.62164000,3212716.75097770,0,BTCUSDT,binance
2026-05-27 04:35:00+00:00,75351.18,75390.95,75340.0,75369.99,37.21037,1779856799999,2804028.25288710,9285,21.98646000,1656768.26444000,0,BTCUSDT,binance
2026-05-27 04:40:00+00:00,75369.99,75373.96,75310.9,75351.96,34.36055,1779857099999,2588662.78965650,10160,18.38160000,1384776.30690090,0,BTCUSDT,binance
2026-05-27 04:45:00+00:00,75351.96,75509.73,75351.96,75509.73,39.09983,1779857399999,2950094.49790730,12877,27.87518000,2103137.42296090,0,BTCUSDT,binance
2026-05-27 04:50:00+00:00,75509.73,75599.35,75502.91,75599.13,109.67237,1779857699999,8287961.55605750,12573,75.41335000,5698919.65825980,0,BTCUSDT,binance
2026-05-27 04:55:00+00:00,75599.13,75603.51,75578.65,75579.01,45.11668,1779857999999,3410534.69477870,7326,29.27890000,2213291.42172120,0,BTCUSDT,binance
2026-05-27 05:00:00+00:00,75579.01,75639.99,75579.0,75632.55,29.58289,1779858299999,2236758.14076430,9878,19.99033000,1511430.08749590,0,BTCUSDT,binance
2026-05-27 05:05:00+00:00,75632.55,75640.65,75612.49,75640.0,19.97086,1779858599999,1510324.06348960,10140,9.68654000,732562.73974690,0,BTCUSDT,binance
2026-05-27 05:10:00+00:00,75640.0,75640.0,75609.83,75630.0,15.74298,1779858899999,1190569.62511240,7245,9.76794000,738707.55216800,0,BTCUSDT,binance
2026-05-27 05:15:00+00:00,75629.99,75636.94,75615.99,75617.99,28.97074,1779859199999,2190842.28091910,5070,5.50545000,416327.92785660,0,BTCUSDT,binance
2026-05-27 05:20:00+00:00,75618.0,75676.23,75591.94,75670.97,38.17534,1779859499999,2887735.40509970,8164,28.05146000,2122078.42766070,0,BTCUSDT,binance
2026-05-27 05:25:00+00:00,75670.96,75713.63,75654.99,75655.0,140.78466,1779859799999,10653552.72670920,9772,46.98190000,3555280.40171010,0,BTCUSDT,binance
2026-05-27 05:30:00+00:00,75655.0,75701.24,75628.41,75629.96,59.73111,1779860099999,4519006.45312580,8024,47.64298000,3604193.44055330,0,BTCUSDT,binance
2026-05-27 05:35:00+00:00,75629.96,75723.21,75629.95,75682.53,24.19177,1779860399999,1830804.76000220,6817,10.73910000,812697.16217560,0,BTCUSDT,binance
2026-05-27 05:40:00+00:00,75682.54,75682.54,75586.0,75635.49,16.78855,1779860699999,1269589.42882780,6999,6.30113000,476559.86022040,0,BTCUSDT,binance
2026-05-27 05:45:00+00:00,75635.5,75689.57,75630.01,75642.0,14.90923,1779860999999,1127887.00440080,5730,11.43196000,864788.19108790,0,BTCUSDT,binance
2026-05-27 05:50:00+00:00,75642.0,75705.68,75641.99,75705.68,11.54784,1779861299999,873870.91677460,6778,7.35528000,556583.08664600,0,BTCUSDT,binance
2026-05-27 05:55:00+00:00,75705.68,75739.36,75697.99,75697.99,90.16517,1779861599999,6826644.33446220,5185,21.62512000,1637215.02546150,0,BTCUSDT,binance
2026-05-27 06:00:00+00:00,75697.99,75750.02,75697.99,75737.55,53.17094,1779861899999,4026183.62814530,5808,40.37128000,3056969.81947270,0,BTCUSDT,binance
2026-05-27 06:05:00+00:00,75737.55,75811.81,75737.54,75800.01,96.35913,1779862199999,7302596.92194140,8653,85.66663000,6492285.10614860,0,BTCUSDT,binance
2026-05-27 06:10:00+00:00,75800.0,75800.01,75720.0,75751.28,42.13318,1779862499999,3191723.30363240,7000,30.96275000,2345486.35613460,0,BTCUSDT,binance
2026-05-27 06:15:00+00:00,75751.27,75751.27,75690.01,75729.99,38.15977,1779862799999,2889336.37621240,9340,10.46692000,792538.79285090,0,BTCUSDT,binance
2026-05-27 06:20:00+00:00,75730.0,75738.01,75690.01,75727.57,18.07233,1779863099999,1368439.06929050,5713,10.14187000,767900.62866720,0,BTCUSDT,binance
2026-05-27 06:25:00+00:00,75727.57,75747.7,75712.4,75744.56,20.07372,1779863399999,1520119.51380710,4842,9.51851000,720823.89118100,0,BTCUSDT,binance
2026-05-27 06:30:00+00:00,75744.56,75811.81,75743.03,75743.04,24.34966,1779863699999,1844922.40386320,8015,14.19864000,1075841.67699350,0,BTCUSDT,binance
2026-05-27 06:35:00+00:00,75743.04,75802.79,75709.39,75772.05,79.24381,1779863999999,6003231.19658700,9556,18.23693000,1381698.50369310,0,BTCUSDT,binance
2026-05-27 06:40:00+00:00,75772.05,75826.67,75772.04,75826.66,15.88236,1779864299999,1203771.34791770,5409,14.19559000,1075917.24804240,0,BTCUSDT,binance
2026-05-27 06:45:00+00:00,75826.67,75871.59,75818.0,75856.64,33.544,1779864599999,2544381.65557560,7492,25.15777000,1908210.20515080,0,BTCUSDT,binance
2026-05-27 06:50:00+00:00,75856.65,75900.0,75852.21,75856.0,32.77999,1779864899999,2487397.39759050,6810,9.93807000,754063.51118890,0,BTCUSDT,binance
2026-05-27 06:55:00+00:00,75855.99,75872.2,75820.0,75838.65,29.09605,1779865199999,2206526.48628470,7532,12.51271000,948855.71820320,0,BTCUSDT,binance
2026-05-27 07:00:00+00:00,75838.65,75888.0,75837.14,75860.01,32.37494,1779865499999,2455789.65896550,6380,12.37343000,938614.51935370,0,BTCUSDT,binance
2026-05-27 07:05:00+00:00,75860.01,75890.01,75814.85,75818.41,39.60346,1779865799999,3003839.46892830,10949,29.33065000,2224688.45455850,0,BTCUSDT,binance
2026-05-27 07:10:00+00:00,75818.41,75818.41,75771.3,75795.44,24.86472,1779866099999,1884361.82553610,7567,8.76826000,664480.98518380,0,BTCUSDT,binance
2026-05-27 07:15:00+00:00,75795.44,75842.64,75764.0,75822.74,41.04483,1779866399999,3111469.51253850,8955,21.12867000,1601879.20970910,0,BTCUSDT,binance
2026-05-27 07:20:00+00:00,75822.74,75872.12,75804.0,75867.45,18.81261,1779866699999,1426825.16788790,5364,13.44044000,1019370.68218040,0,BTCUSDT,binance
2026-05-27 07:25:00+00:00,75867.44,75867.45,75850.49,75863.83,19.47994,1779866999999,1477749.18848620,4353,7.63377000,579065.37512960,0,BTCUSDT,binance
2026-05-27 07:30:00+00:00,75863.84,75939.57,75858.23,75938.36,53.45688,1779867299999,4056934.93740110,7974,40.55727000,3077951.33279670,0,BTCUSDT,binance
2026-05-27 07:35:00+00:00,75938.37,75973.07,75896.7,75902.0,81.7303,1779867599999,6207912.36433260,8864,59.86867000,4547495.29566620,0,BTCUSDT,binance
2026-05-27 07:40:00+00:00,75902.01,75902.01,75875.56,75886.01,24.91223,1779867899999,1890715.14886910,5947,14.14979000,1073864.95073060,0,BTCUSDT,binance
2026-05-27 07:45:00+00:00,75886.01,75930.0,75886.0,75910.0,25.77378,1779868199999,1956560.98926020,4807,16.87640000,1281089.32829280,0,BTCUSDT,binance
2026-05-27 07:50:00+00:00,75910.0,75975.59,75890.68,75956.36,39.51023,1779868499999,3000175.98301660,5711,25.08141000,1904678.27060940,0,BTCUSDT,binance
2026-05-27 07:55:00+00:00,75956.35,75980.0,75956.35,75977.17,32.36493,1779868799999,2458683.76490780,4630,26.50126000,2013211.44247950,0,BTCUSDT,binance
2026-05-27 08:00:00+00:00,75977.16,76008.9,75960.1,75990.5,33.78735,1779869099999,2567418.95811350,8532,21.50884000,1634465.63089320,0,BTCUSDT,binance
2026-05-27 08:05:00+00:00,75990.49,76004.59,75932.7,75932.7,21.8413,1779869399999,1658827.79687950,6286,2.86296000,217490.11613000,0,BTCUSDT,binance
2026-05-27 08:10:00+00:00,75932.69,75944.57,75900.0,75919.0,30.68029,1779869699999,2329407.29888390,6850,19.05703000,1446943.03986660,0,BTCUSDT,binance
2026-05-27 08:15:00+00:00,75919.0,75923.65,75896.78,75912.76,13.61109,1779869999999,1033196.99112600,5916,4.03877000,306578.09574810,0,BTCUSDT,binance
2026-05-27 08:20:00+00:00,75912.76,75990.33,75910.81,75960.0,30.34376,1779870299999,2304337.86865480,9123,14.84138000,1127037.43070150,0,BTCUSDT,binance
2026-05-27 08:25:00+00:00,75960.01,76071.41,75960.0,76048.53,24.87959,1779870599999,1891850.74026130,11458,13.61834000,1035399.22182480,0,BTCUSDT,binance
2026-05-27 08:30:00+00:00,76048.53,76048.53,75992.43,76006.59,16.78715,1779870899999,1276135.43202530,7351,9.40065000,714577.44300570,0,BTCUSDT,binance
2026-05-27 08:35:00+00:00,76006.59,76011.33,75979.36,75997.08,36.9546,1779871199999,2808312.90623880,8026,7.95751000,604730.50039480,0,BTCUSDT,binance
2026-05-27 08:40:00+00:00,75997.07,75997.08,75956.89,75966.0,9.51538,1779871499999,722940.45666140,3715,4.87422000,370287.74161990,0,BTCUSDT,binance
2026-05-27 08:45:00+00:00,75966.0,75986.01,75956.89,75972.36,35.44995,1779871799999,2693104.06725420,4577,11.66731000,886377.67026760,0,BTCUSDT,binance
2026-05-27 08:50:00+00:00,75972.37,75979.23,75859.92,75879.91,41.76478,1779872099999,3170669.39967170,5997,17.03144000,1293038.92675410,0,BTCUSDT,binance
2026-05-27 08:55:00+00:00,75879.91,75882.01,75843.02,75873.24,13.15714,1779872399999,998158.54840930,4008,3.93102000,298199.64057330,0,BTCUSDT,binance
2026-05-27 09:00:00+00:00,75873.25,75876.01,75739.17,75760.0,16.92697,1779872699999,1282940.14282280,8150,4.99367000,378399.17553760,0,BTCUSDT,binance
2026-05-27 09:05:00+00:00,75760.01,75799.76,75740.44,75798.0,50.19125,1779872999999,3803265.36204350,7619,32.04284000,2428119.90946810,0,BTCUSDT,binance
2026-05-27 09:10:00+00:00,75798.01,75798.01,75750.6,75753.77,16.91356,1779873299999,1281534.23254080,3703,5.69375000,431443.39106950,0,BTCUSDT,binance
2026-05-27 09:15:00+00:00,75753.78,75755.75,75710.76,75731.88,10.78639,1779873599999,816829.51232980,5216,4.91316000,372046.20581030,0,BTCUSDT,binance
2026-05-27 09:20:00+00:00,75731.88,75833.09,75731.87,75833.08,29.67489,1779873899999,2249179.36394520,5512,25.56295000,1937525.71538000,0,BTCUSDT,binance
2026-05-27 09:25:00+00:00,75833.09,75849.27,75811.0,75814.47,21.50678,1779874199999,1631009.08378920,4946,13.51867000,1025219.38779050,0,BTCUSDT,binance
2026-05-27 09:30:00+00:00,75814.48,75880.5,75811.0,75852.6,9.54383,1779874499999,723884.46665170,5741,5.41599000,410748.41768680,0,BTCUSDT,binance
2026-05-27 09:35:00+00:00,75852.61,75978.01,75852.6,75970.3,48.83989,1779874799999,3708511.83581720,9346,43.51539000,3304227.63194610,0,BTCUSDT,binance
2026-05-27 09:40:00+00:00,75970.31,75970.31,75934.08,75934.08,25.00391,1779875099999,1899262.30248920,4998,17.78610000,1351088.02393150,0,BTCUSDT,binance
2026-05-27 09:45:00+00:00,75934.09,75934.09,75905.62,75928.07,26.2986,1779875399999,1996558.54742590,5611,19.92458000,1512620.81770000,0,BTCUSDT,binance
2026-05-27 09:50:00+00:00,75928.07,75940.91,75870.65,75921.34,24.64015,1779875699999,1870289.19391550,8456,10.40683000,789899.71291370,0,BTCUSDT,binance
2026-05-27 09:55:00+00:00,75921.28,75921.28,75894.63,75912.6,13.93973,1779875999999,1058092.44142430,6539,8.56264000,649915.80185570,0,BTCUSDT,binance
2026-05-27 10:00:00+00:00,75912.61,75912.61,75883.36,75903.99,26.98058,1779876299999,2047750.37721170,6125,17.78762000,1350005.28406970,0,BTCUSDT,binance
2026-05-27 10:05:00+00:00,75904.0,75921.97,75888.0,75888.0,24.68446,1779876599999,1873778.52972120,6523,13.58072000,1030919.59754670,0,BTCUSDT,binance
2026-05-27 10:10:00+00:00,75888.0,75959.36,75885.91,75959.36,20.22034,1779876899999,1534740.98474240,7140,14.72826000,1117952.75449890,0,BTCUSDT,binance
2026-05-27 10:15:00+00:00,75959.35,76000.0,75948.05,75978.01,17.78404,1779877199999,1351173.12426500,9447,11.63500000,883982.40148090,0,BTCUSDT,binance
2026-05-27 10:20:00+00:00,75978.0,76006.58,75963.09,76006.58,19.51055,1779877499999,1482494.72039130,6601,13.03481000,990476.47367010,0,BTCUSDT,binance
2026-05-27 10:25:00+00:00,76006.58,76043.94,76000.0,76000.01,30.89897,1779877799999,2348973.92290060,6673,19.35365000,1471235.78954150,0,BTCUSDT,binance
2026-05-27 10:30:00+00:00,76000.0,76018.74,75910.39,75913.18,20.78388,1779878099999,1579281.31876700,10758,10.37251000,788330.76868140,0,BTCUSDT,binance
2026-05-27 10:35:00+00:00,75913.18,75936.0,75892.0,75892.0,10.0482,1779878399999,762840.84572080,7537,3.09532000,235002.43766830,0,BTCUSDT,binance
2026-05-27 10:40:00+00:00,75892.0,75917.49,75880.0,75915.87,36.44119,1779878699999,2766008.68571240,8147,26.03702000,1976332.87800220,0,BTCUSDT,binance
2026-05-27 10:45:00+00:00,75915.86,75940.0,75892.13,75921.63,89.44966,1779878999999,6790666.63639150,10228,75.79930000,5754377.02504200,0,BTCUSDT,binance
2026-05-27 10:50:00+00:00,75921.63,75952.24,75907.97,75935.27,53.27165,1779879299999,4045060.76960470,7729,45.48178000,3453561.85446050,0,BTCUSDT,binance
2026-05-27 10:55:00+00:00,75935.26,75935.27,75909.81,75909.82,22.54609,1779879599999,1711844.34728150,4898,13.82265000,1049485.40671520,0,BTCUSDT,binance
2026-05-27 11:00:00+00:00,75909.82,76000.0,75885.71,75969.22,27.96766,1779879899999,2124537.48796040,10057,17.93023000,1362087.36721620,0,BTCUSDT,binance
2026-05-27 11:05:00+00:00,75969.22,75992.4,75946.0,75946.0,27.44583,1779880199999,2085218.18303590,9563,16.61657000,1262434.99814560,0,BTCUSDT,binance
2026-05-27 11:10:00+00:00,75946.01,75981.02,75931.24,75959.97,17.13656,1779880499999,1301644.23193220,5626,8.71830000,662203.97572860,0,BTCUSDT,binance
2026-05-27 11:15:00+00:00,75959.97,76027.91,75950.01,75982.0,41.22365,1779880799999,3132142.85526820,6591,20.88429000,1586738.94105110,0,BTCUSDT,binance
2026-05-27 11:20:00+00:00,75982.0,76029.24,75982.0,76015.24,20.65583,1779881099999,1570114.94606100,5382,10.45373000,794563.42624610,0,BTCUSDT,binance
2026-05-27 11:25:00+00:00,76015.24,76015.25,75916.1,75916.11,36.19411,1779881399999,2749290.79831150,4938,5.01145000,380820.28002920,0,BTCUSDT,binance
2026-05-27 11:30:00+00:00,75916.11,75916.11,75800.0,75842.16,33.40932,1779881699999,2533653.52169290,8811,8.69466000,659348.82468600,0,BTCUSDT,binance
2026-05-27 11:35:00+00:00,75842.16,75909.11,75842.15,75872.01,17.00646,1779881999999,1290362.10862490,6744,6.42526000,487488.80004950,0,BTCUSDT,binance
2026-05-27 11:40:00+00:00,75872.0,75872.01,75818.87,75834.84,28.53299,1779882299999,2163815.66682800,5863,7.76782000,589035.45018580,0,BTCUSDT,binance
2026-05-27 11:45:00+00:00,75834.85,75834.85,75760.66,75787.17,24.79938,1779882599999,1879711.20573110,6508,7.58073000,574583.58622930,0,BTCUSDT,binance
2026-05-27 11:50:00+00:00,75787.17,75805.44,75766.22,75766.22,12.42599,1779882899999,941758.70758220,4273,2.76978000,209927.64202680,0,BTCUSDT,binance
2026-05-27 11:55:00+00:00,75766.22,75792.06,75754.1,75769.18,29.21303,1779883199999,2213416.93866570,6913,15.22160000,1153283.68452750,0,BTCUSDT,binance
2026-05-27 12:00:00+00:00,75769.18,75777.17,75725.27,75753.22,21.46985,1779883499999,1626389.65170360,8175,10.09978000,765005.67633680,0,BTCUSDT,binance
2026-05-27 12:05:00+00:00,75753.22,75755.48,75652.07,75681.66,34.80103,1779883799999,2634341.63855220,11942,12.66312000,958635.91638640,0,BTCUSDT,binance
2026-05-27 12:10:00+00:00,75681.65,75681.66,75602.66,75626.3,48.52775,1779884099999,3670361.15728330,9807,19.46184000,1472047.80875920,0,BTCUSDT,binance
2026-05-27 12:15:00+00:00,75626.31,75842.32,75575.75,75838.1,111.15801,1779884399999,8412561.92235500,27185,57.50067000,4352455.90762080,0,BTCUSDT,binance
2026-05-27 12:20:00+00:00,75838.1,76174.15,75804.44,75864.0,150.87263,1779884699999,11464240.63710600,40680,86.26067000,6555172.27995540,0,BTCUSDT,binance
2026-05-27 12:25:00+00:00,75864.01,75953.03,75817.12,75942.94,62.33298,1779884999999,4730776.49949450,16344,31.25116000,2372027.62185360,0,BTCUSDT,binance
2026-05-27 12:30:00+00:00,75942.93,75992.12,75826.48,75826.48,36.35878,1779885299999,2760713.06641540,13257,16.62205000,1262424.86375750,0,BTCUSDT,binance
2026-05-27 12:35:00+00:00,75826.48,75970.86,75826.48,75947.99,48.5774,1779885599999,3687754.26654970,14480,25.65339000,1947335.34880730,0,BTCUSDT,binance
2026-05-27 12:40:00+00:00,75947.99,75951.88,75901.36,75921.59,10.39525,1779885899999,789287.35107440,6603,5.06029000,384214.05970450,0,BTCUSDT,binance
2026-05-27 12:45:00+00:00,75921.6,75921.6,75706.26,75812.01,50.24475,1779886199999,3807481.74024100,14013,11.44030000,867069.08841510,0,BTCUSDT,binance
2026-05-27 12:50:00+00:00,75812.01,75823.65,75762.1,75792.0,18.05253,1779886499999,1368381.32565160,5830,9.83010000,745083.93624100,0,BTCUSDT,binance
2026-05-27 12:55:00+00:00,75792.0,75792.0,75688.0,75688.0,28.4501,1779886799999,2154409.12164000,8418,7.85164000,594516.92365670,0,BTCUSDT,binance
2026-05-27 13:00:00+00:00,75688.01,75760.0,75642.0,75642.0,58.93323,1779887099999,4461364.08148620,16104,17.74960000,1343755.08312280,0,BTCUSDT,binance
2026-05-27 13:05:00+00:00,75642.0,75658.03,75500.0,75508.98,63.65029,1779887399999,4810083.63315950,23620,22.57424000,1705878.55984400,0,BTCUSDT,binance
2026-05-27 13:10:00+00:00,75508.98,75536.18,75397.0,75440.56,66.92557,1779887699999,5050451.07657230,14500,32.47588000,2450590.82028730,0,BTCUSDT,binance
2026-05-27 13:15:00+00:00,75440.56,75485.02,75350.92,75466.67,49.19455,1779887999999,3710539.29775250,16298,21.34860000,1610186.18790300,0,BTCUSDT,binance
2026-05-27 13:20:00+00:00,75466.68,75470.11,75339.73,75372.01,76.32678,1779888299999,5752850.63851190,13111,26.42695000,1991710.96140240,0,BTCUSDT,binance
2026-05-27 13:25:00+00:00,75372.01,75380.27,75200.0,75200.01,136.05038,1779888599999,10237597.60854710,28363,41.52720000,3124471.77135200,0,BTCUSDT,binance
2026-05-27 13:30:00+00:00,75200.01,75320.05,75103.4,75251.84,258.57489,1779888899999,19443347.20836600,61455,101.97012000,7668294.91303410,0,BTCUSDT,binance
2026-05-27 13:35:00+00:00,75251.84,75291.69,74900.85,74955.27,488.96651,1779889199999,36692565.99213890,61364,111.50759000,8368263.27810390,0,BTCUSDT,binance
2026-05-27 13:40:00+00:00,74955.27,74994.48,74868.99,74928.5,275.62334,1779889499999,20652637.22920180,48650,91.75093000,6875564.23192800,0,BTCUSDT,binance
2026-05-27 13:45:00+00:00,74928.51,74993.95,74866.18,74925.23,254.26498,1779889799999,19055522.74677990,38405,105.72118000,7923279.06844000,0,BTCUSDT,binance
2026-05-27 13:50:00+00:00,74925.24,75090.06,74874.77,74999.53,299.21845,1779890099999,22440655.91542120,35113,130.95164000,9821983.69206030,0,BTCUSDT,binance
2026-05-27 13:55:00+00:00,74999.53,75102.18,74928.08,75073.4,172.50787,1779890399999,12940397.08470130,27684,86.71049000,6504591.16159830,0,BTCUSDT,binance
2026-05-27 14:00:00+00:00,75073.4,75274.11,75071.99,75218.76,219.59396,1779890699999,16511294.10580210,42115,96.94313000,7289325.04317920,0,BTCUSDT,binance
2026-05-27 14:05:00+00:00,75218.76,75227.26,74988.72,75020.01,132.0012,1779890999999,9913497.61798110,24879,53.08325000,3987783.74650160,0,BTCUSDT,binance
2026-05-27 14:10:00+00:00,75020.0,75037.42,74950.64,75002.57,145.06484,1779891299999,10878877.19477640,18785,57.73360000,4329928.01017290,0,BTCUSDT,binance
2026-05-27 14:15:00+00:00,75002.58,75172.87,74989.99,75166.0,79.65389,1779891599999,5978618.93434590,25524,42.75269000,3209017.78404240,0,BTCUSDT,binance
2026-05-27 14:20:00+00:00,75166.0,75172.87,74880.0,74880.0,162.54372,1779891899999,12189076.14317490,27266,46.76523000,3506814.58350310,0,BTCUSDT,binance
2026-05-27 14:25:00+00:00,74880.0,74939.89,74758.33,74875.96,237.80514,1779892199999,17798509.73867990,30608,76.08778000,5694452.14486320,0,BTCUSDT,binance
2026-05-27 14:30:00+00:00,74875.96,75046.9,74781.64,75013.28,222.19757,1779892499999,16643801.29912540,37443,88.30515000,6616025.11195160,0,BTCUSDT,binance
2026-05-27 14:35:00+00:00,75013.29,75134.24,74936.15,75086.01,113.09421,1779892799999,8483930.07869420,20156,53.60696000,4021470.65996040,0,BTCUSDT,binance
2026-05-27 14:40:00+00:00,75086.01,75128.0,74948.4,75064.0,61.66814,1779893099999,4627095.42837610,16315,25.54672000,1916986.86179800,0,BTCUSDT,binance
2026-05-27 14:45:00+00:00,75064.0,75155.32,75005.7,75005.7,83.87664,1779893399999,6297963.21683590,14774,32.35858000,2430023.40999480,0,BTCUSDT,binance
2026-05-27 14:50:00+00:00,75005.08,75109.3,75000.01,75108.77,46.60252,1779893699999,3498301.51463710,12684,17.47654000,1311990.80817740,0,BTCUSDT,binance
2026-05-27 14:55:00+00:00,75108.78,75108.78,75026.09,75031.92,63.10025,1779893999999,4735912.93650050,13168,30.02454000,2253456.42412970,0,BTCUSDT,binance
2026-05-27 15:00:00+00:00,75031.92,75129.71,74983.77,75052.02,105.76571,1779894299999,7937249.07932410,21670,43.60967000,3272515.82898950,0,BTCUSDT,binance
2026-05-27 15:05:00+00:00,75052.01,75111.31,75000.0,75111.3,64.21999,1779894599999,4820423.05412800,13795,42.03729000,3155516.54206920,0,BTCUSDT,binance
2026-05-27 15:10:00+00:00,75111.3,75159.09,75080.59,75130.0,42.31625,1779894899999,3178833.05513540,13249,21.83382000,1640238.01411170,0,BTCUSDT,binance
2026-05-27 15:15:00+00:00,75130.01,75240.6,75108.42,75221.08,68.66378,1779895199999,5162342.04797130,17786,45.35141000,3409806.33606420,0,BTCUSDT,binance
2026-05-27 15:20:00+00:00,75221.08,75399.88,75221.08,75399.88,109.59605,1779895499999,8253464.80212840,24850,73.39967000,5527806.57297240,0,BTCUSDT,binance
2026-05-27 15:25:00+00:00,75399.88,75399.88,75298.0,75352.89,38.08812,1779895799999,2869885.14299840,12244,14.74378000,1110832.40555650,0,BTCUSDT,binance
2026-05-27 15:30:00+00:00,75352.89,75502.29,75352.88,75431.76,64.25093,1779896099999,4847159.99279810,21675,40.34358000,3043533.91694950,0,BTCUSDT,binance
2026-05-27 15:35:00+00:00,75431.76,75466.68,75394.0,75394.0,31.77413,1779896399999,2396736.94145600,10675,14.34347000,1081912.28314900,0,BTCUSDT,binance
2026-05-27 15:40:00+00:00,75394.01,75443.78,75166.54,75202.01,55.07254,1779896699999,4147629.72419080,18906,19.34989000,1457231.98106600,0,BTCUSDT,binance
2026-05-27 15:45:00+00:00,75202.01,75354.84,75193.76,75338.0,95.88419,1779896999999,7217397.57503570,17290,62.73378000,4722457.69360690,0,BTCUSDT,binance
2026-05-27 15:50:00+00:00,75338.0,75429.26,75243.24,75276.15,90.1868,1779897299999,6794427.26315810,17808,56.68212000,4270662.02411880,0,BTCUSDT,binance
2026-05-27 15:55:00+00:00,75276.16,75346.36,75243.24,75326.01,31.70491,1779897599999,2387531.29406690,6717,15.86146000,1194411.23620160,0,BTCUSDT,binance
2026-05-27 16:00:00+00:00,75326.02,75408.01,75242.3,75248.96,61.78739,1779897899999,4653511.93383040,17163,20.79243000,1566356.54723270,0,BTCUSDT,binance
2026-05-27 16:05:00+00:00,75248.97,75287.27,75200.56,75273.26,47.97811,1779898199999,3610406.87222700,13465,14.52230000,1092817.86526120,0,BTCUSDT,binance
2026-05-27 16:10:00+00:00,75273.27,75341.48,75273.27,75290.2,14.5451,1779898499999,1095288.02284830,6897,5.33959000,402087.88702070,0,BTCUSDT,binance
2026-05-27 16:15:00+00:00,75290.2,75304.01,75079.36,75114.04,86.01389,1779898799999,6465608.86286180,21664,25.77898000,1937743.27702940,0,BTCUSDT,binance
2026-05-27 16:20:00+00:00,75114.03,75139.56,75050.0,75063.36,46.65817,1779899099999,3503323.97625940,17184,20.31777000,1525490.84890830,0,BTCUSDT,binance
2026-05-27 16:25:00+00:00,75063.36,75148.0,75063.36,75098.01,41.10951,1779899399999,3087420.41057010,15265,22.41936000,1683782.48863330,0,BTCUSDT,binance
2026-05-27 16:30:00+00:00,75098.0,75161.69,75057.2,75059.16,35.85288,1779899699999,2692480.35133700,15734,18.58075000,1395422.66186100,0,BTCUSDT,binance
2026-05-27 16:35:00+00:00,75059.16,75087.7,75000.0,75062.52,119.7754,1779899999999,8989361.75848970,18737,81.82287000,6141102.72378360,0,BTCUSDT,binance
2026-05-27 16:40:00+00:00,75062.52,75169.03,75042.26,75151.26,67.36326,1779900299999,5060652.99177220,12779,44.84689000,3369214.21744150,0,BTCUSDT,binance
2026-05-27 16:45:00+00:00,75151.26,75203.65,75123.01,75203.65,33.65834,1779900599999,2529529.48070200,9963,20.75004000,1559524.44274340,0,BTCUSDT,binance
2026-05-27 16:50:00+00:00,75203.64,75291.93,75203.64,75279.26,45.95229,1779900899999,3458131.72531360,12415,27.02170000,2033576.09031540,0,BTCUSDT,binance
2026-05-27 16:55:00+00:00,75279.26,75324.78,75260.4,75304.01,31.79663,1779901199999,2394138.68618830,8680,17.63001000,1327455.80558000,0,BTCUSDT,binance
2026-05-27 17:00:00+00:00,75304.01,75344.01,75181.42,75333.32,79.85535,1779901499999,6011842.54752730,18795,38.43233000,2893540.49529510,0,BTCUSDT,binance
2026-05-27 17:05:00+00:00,75333.31,75339.34,75078.56,75121.05,68.84197,1779901799999,5177403.28460630,19320,17.36753000,1306677.35463810,0,BTCUSDT,binance
2026-05-27 17:10:00+00:00,75121.05,75152.01,74960.72,74968.25,115.42593,1779902099999,8661900.57698270,18270,36.39220000,2730834.53041640,0,BTCUSDT,binance
2026-05-27 17:15:00+00:00,74968.26,74986.01,74880.0,74964.77,82.63769,1779902399999,6192588.67247850,17461,33.64368000,2521602.43434100,0,BTCUSDT,binance
2026-05-27 17:20:00+00:00,74964.76,75083.49,74964.76,75043.23,37.28878,1779902699999,2797883.50628080,12092,25.17273000,1888744.31033290,0,BTCUSDT,binance
2026-05-27 17:25:00+00:00,75043.24,75043.24,74898.72,74997.29,125.25242,1779902999999,9387364.75669190,17824,27.32335000,2048315.81503380,0,BTCUSDT,binance
2026-05-27 17:30:00+00:00,74997.3,75020.0,74918.52,74992.0,141.37142,1779903299999,10599933.28318990,17955,37.22139000,2790953.39270270,0,BTCUSDT,binance
2026-05-27 17:35:00+00:00,74992.0,75036.78,74918.45,74996.0,72.41188,1779903599999,5428808.77739800,15470,23.35077000,1750794.67749010,0,BTCUSDT,binance
2026-05-27 17:40:00+00:00,74996.0,74999.23,74857.19,74908.0,78.67862,1779903899999,5894321.68092270,17416,34.79220000,2606578.23472960,0,BTCUSDT,binance
2026-05-27 17:45:00+00:00,74908.0,74962.01,74880.0,74934.01,132.66844,1779904199999,9938695.93834070,14367,33.64799000,2520895.56542710,0,BTCUSDT,binance
2026-05-27 17:50:00+00:00,74934.0,74975.81,74875.37,74897.09,52.78463,1779904499999,3954867.66345010,10524,15.78047000,1182429.86597060,0,BTCUSDT,binance
2026-05-27 17:55:00+00:00,74897.09,74906.19,74685.58,74860.42,116.77506,1779904799999,8734948.37964400,33767,53.09063000,3970753.81756250,0,BTCUSDT,binance
2026-05-27 18:00:00+00:00,74860.42,74938.01,74799.99,74867.13,46.72091,1779905099999,3498198.45257060,21120,24.04951000,1800682.29653200,0,BTCUSDT,binance
2026-05-27 18:05:00+00:00,74867.12,74921.53,74783.65,74783.66,53.9889,1779905399999,4041987.49790900,19658,23.72911000,1776603.83278790,0,BTCUSDT,binance
2026-05-27 18:10:00+00:00,74783.66,74834.62,74663.45,74738.01,61.25598,1779905699999,4579352.15184540,23859,26.03617000,1946612.09755930,0,BTCUSDT,binance
2026-05-27 18:15:00+00:00,74738.0,74857.32,74708.48,74840.0,47.91201,1779905999999,3582927.77275750,17950,26.21545000,1960495.92717680,0,BTCUSDT,binance
2026-05-27 18:20:00+00:00,74840.0,74874.02,74765.27,74866.3,63.62334,1779906299999,4761488.14857560,14102,42.69924000,3195571.25458640,0,BTCUSDT,binance
2026-05-27 18:25:00+00:00,74866.3,74926.86,74848.61,74903.5,37.23002,1779906599999,2788112.08156470,11864,21.16797000,1585203.97498640,0,BTCUSDT,binance
2026-05-27 18:30:00+00:00,74903.49,74919.8,74886.51,74914.01,26.89372,1779906899999,2014371.13259000,9962,15.82509000,1185309.01863810,0,BTCUSDT,binance
2026-05-27 18:35:00+00:00,74914.01,74950.35,74889.99,74932.33,32.56209,1779907199999,2439591.68806890,9599,16.07410000,1204258.55498030,0,BTCUSDT,binance
2026-05-27 18:40:00+00:00,74932.33,74999.0,74926.9,74985.79,46.37326,1779907499999,3476396.86352300,8520,26.42459000,1980980.16160420,0,BTCUSDT,binance
2026-05-27 18:45:00+00:00,74985.78,74998.8,74958.0,74988.01,33.16335,1779907799999,2486403.20526540,6803,18.71216000,1402908.38159430,0,BTCUSDT,binance
2026-05-27 18:50:00+00:00,74988.0,75032.01,74970.76,74983.36,66.23165,1779908099999,4966861.40553690,8479,49.84590000,3737917.44686050,0,BTCUSDT,binance
2026-05-27 18:55:00+00:00,74983.36,75026.67,74983.35,75026.67,33.29786,1779908399999,2497650.93129880,6301,25.58648000,1919212.14386510,0,BTCUSDT,binance
2026-05-27 19:00:00+00:00,75026.67,75051.9,74984.6,75051.9,41.84443,1779908699999,3139482.60126340,9569,23.80508000,1786102.13299180,0,BTCUSDT,binance
2026-05-27 19:05:00+00:00,75051.9,75060.45,74981.52,75012.01,38.27062,1779908999999,2870813.09604750,9881,17.87057000,1340509.26872600,0,BTCUSDT,binance
2026-05-27 19:10:00+00:00,75012.0,75064.01,74972.4,75048.61,38.22295,1779909299999,2866959.44223840,10423,17.33151000,1299938.62760760,0,BTCUSDT,binance
2026-05-27 19:15:00+00:00,75048.6,75067.91,75004.0,75004.0,37.50033,1779909599999,2814021.79204270,10528,18.93960000,1421267.93238420,0,BTCUSDT,binance
2026-05-27 19:20:00+00:00,75004.01,75085.6,74982.08,75084.25,120.82283,1779909899999,9065763.04922690,11550,103.45216000,7762214.83995260,0,BTCUSDT,binance
2026-05-27 19:25:00+00:00,75084.25,75084.25,75039.36,75039.88,47.06663,1779910199999,3532620.79959470,6802,25.69876000,1928838.76914070,0,BTCUSDT,binance
2026-05-27 19:30:00+00:00,75039.89,75105.17,75016.91,75040.21,178.85889,1779910499999,13427984.82888030,12036,111.93323000,8403360.97296290,0,BTCUSDT,binance
2026-05-27 19:35:00+00:00,75040.21,75069.83,74953.41,75054.01,198.47375,1779910799999,14887294.95564200,11356,32.16158000,2413225.29651320,0,BTCUSDT,binance
2026-05-27 19:40:00+00:00,75054.01,75057.81,74972.04,75012.27,47.73257,1779911099999,3580829.98423380,11155,25.60203000,1920429.23715500,0,BTCUSDT,binance
2026-05-27 19:45:00+00:00,75012.27,75046.95,74971.2,74971.21,48.32104,1779911399999,3624618.05403050,10109,20.26309000,1519988.70798110,0,BTCUSDT,binance
2026-05-27 19:50:00+00:00,74971.2,75057.53,74952.36,75057.53,45.283,1779911699999,3397293.53211250,8985,28.52135000,2139765.75381490,0,BTCUSDT,binance
2026-05-27 19:55:00+00:00,75057.53,75074.61,75049.73,75066.08,37.40493,1779911999999,2807659.76494660,7170,20.74024000,1556778.09947260,0,BTCUSDT,binance
2026-05-27 20:00:00+00:00,75066.09,75190.44,75056.25,75173.3,56.22587,1779912299999,4224433.82520150,15768,32.63098000,2451446.05275670,0,BTCUSDT,binance
2026-05-27 20:05:00+00:00,75173.29,75272.0,75133.89,75271.99,43.76063,1779912599999,3290586.03450870,10542,28.28250000,2126977.87940710,0,BTCUSDT,binance
2026-05-27 20:10:00+00:00,75272.0,75312.71,75257.51,75309.33,32.81732,1779912899999,2470624.29352950,5818,19.23634000,1448150.72907300,0,BTCUSDT,binance
2026-05-27 20:15:00+00:00,75309.32,75404.87,75302.82,75403.34,55.04149,1779913199999,4147724.66172520,12151,34.83079000,2624928.32135580,0,BTCUSDT,binance
2026-05-27 20:20:00+00:00,75403.33,75415.81,75300.55,75300.57,55.20288,1779913499999,4160795.27028300,7550,35.69244000,2690540.70365520,0,BTCUSDT,binance
2026-05-27 20:25:00+00:00,75300.57,75330.42,75273.96,75282.0,34.02133,1779913799999,2561778.74974160,5859,19.38302000,1459572.06245200,0,BTCUSDT,binance
2026-05-27 20:30:00+00:00,75282.01,75294.63,75214.0,75238.46,33.79269,1779914099999,2543150.16777630,7604,17.05021000,1283190.59507400,0,BTCUSDT,binance
2026-05-27 20:35:00+00:00,75238.45,75275.58,75238.45,75242.61,20.14436,1779914399999,1516026.09808260,6617,12.73148000,958147.66272990,0,BTCUSDT,binance
2026-05-27 20:40:00+00:00,75242.62,75254.01,75231.21,75252.0,19.09901,1779914699999,1437123.55467490,3941,10.23649000,770250.74126690,0,BTCUSDT,binance
2026-05-27 20:45:00+00:00,75252.01,75290.23,75252.0,75290.22,8.67599,1779914999999,653020.99840160,3049,5.51016000,414742.60846000,0,BTCUSDT,binance
2026-05-27 20:50:00+00:00,75290.23,75290.23,75241.97,75248.0,16.95436,1779915299999,1276154.63496600,2814,5.87031000,441823.78719270,0,BTCUSDT,binance
2026-05-27 20:55:00+00:00,75247.99,75287.94,75247.99,75274.58,13.67883,1779915599999,1029735.23671300,3490,7.62125000,573714.50918880,0,BTCUSDT,binance
2026-05-27 21:00:00+00:00,75274.58,75274.58,75200.0,75200.01,11.39278,1779915899999,857039.29913460,4695,2.42672000,182559.74186770,0,BTCUSDT,binance
2026-05-27 21:05:00+00:00,75200.0,75226.92,75165.09,75165.1,22.80802,1779916199999,1714957.47751760,5832,9.89618000,744171.03372680,0,BTCUSDT,binance
2026-05-27 21:10:00+00:00,75165.09,75226.08,75148.67,75167.16,30.28561,1779916499999,2276826.22482340,5793,12.16835000,914798.17763810,0,BTCUSDT,binance
2026-05-27 21:15:00+00:00,75167.16,75204.6,75156.0,75156.57,25.76482,1779916799999,1937225.69344680,5538,16.45696000,1237403.29623260,0,BTCUSDT,binance
2026-05-27 21:20:00+00:00,75156.58,75172.28,75156.58,75172.28,11.05713,1779917099999,831094.90638510,2259,8.60327000,646638.97540420,0,BTCUSDT,binance
2026-05-27 21:25:00+00:00,75172.28,75181.77,75100.0,75100.01,19.70771,1779917399999,1481125.94824820,4753,8.40935000,632106.61370900,0,BTCUSDT,binance
2026-05-27 21:30:00+00:00,75100.01,75100.01,74918.35,74949.5,37.08679,1779917699999,2782399.42242400,11509,14.11784000,1059213.82369760,0,BTCUSDT,binance
2026-05-27 21:35:00+00:00,74949.5,74980.22,74877.82,74877.83,46.61092,1779917999999,3492560.60663770,13503,16.49334000,1235858.76273590,0,BTCUSDT,binance
2026-05-27 21:40:00+00:00,74877.83,74877.83,74428.0,74628.0,198.1768,1779918299999,14785537.63939040,47807,53.37188000,3983033.99749340,0,BTCUSDT,binance
2026-05-27 21:45:00+00:00,74628.01,74628.01,74369.02,74496.45,100.16416,1779918599999,7461124.94562870,44033,42.73932000,3183897.60643890,0,BTCUSDT,binance
2026-05-27 21:50:00+00:00,74496.45,74496.45,74350.0,74375.64,74.95752,1779918899999,5577400.51175270,32131,30.23389000,2249654.42766450,0,BTCUSDT,binance
2026-05-27 21:55:00+00:00,74375.64,74496.75,74341.76,74473.01,75.20745,1779919199999,5595273.56197980,18315,37.17556000,2765799.04674200,0,BTCUSDT,binance
2026-05-27 22:00:00+00:00,74473.01,74720.0,74382.0,74664.0,86.21332,1779919499999,6426541.88039650,36443,47.46954000,3538419.61940850,0,BTCUSDT,binance
2026-05-27 22:05:00+00:00,74664.0,74775.5,74527.31,74547.5,54.31138,1779919799999,4055568.51607350,21441,24.72723000,1846628.12578810,0,BTCUSDT,binance
2026-05-27 22:10:00+00:00,74547.5,74547.5,74319.9,74402.67,83.75645,1779920099999,6231673.51892920,25265,29.81906000,2218579.21230960,0,BTCUSDT,binance
2026-05-27 22:15:00+00:00,74402.67,74552.78,74260.91,74502.7,143.15402,1779920399999,10649198.43028700,28125,76.12490000,5665083.10447220,0,BTCUSDT,binance
2026-05-27 22:20:00+00:00,74502.7,74576.4,74483.92,74534.58,30.67354,1779920699999,2286505.22221500,8707,18.04236000,1344878.46744020,0,BTCUSDT,binance
2026-05-27 22:25:00+00:00,74534.58,74644.83,74520.31,74606.0,28.58423,1779920999999,2132242.47960280,8608,15.79752000,1178305.16540560,0,BTCUSDT,binance
2026-05-27 22:30:00+00:00,74606.0,74624.54,74491.55,74608.01,43.68984,1779921299999,3257678.39056610,11489,19.85624000,1480420.76652630,0,BTCUSDT,binance
2026-05-27 22:35:00+00:00,74608.01,74631.17,74578.63,74626.2,24.9964,1779921599999,1864799.16413510,6373,12.57952000,938437.31318040,0,BTCUSDT,binance
2026-05-27 22:40:00+00:00,74626.21,74664.97,74611.29,74633.6,41.31583,1779921899999,3083664.16873570,9468,21.15023000,1578566.44848230,0,BTCUSDT,binance
2026-05-27 22:45:00+00:00,74632.02,74650.01,74529.64,74542.0,26.47225,1779922199999,1974901.58635140,8173,11.84936000,883937.15585600,0,BTCUSDT,binance
2026-05-27 22:50:00+00:00,74542.0,74545.44,74506.4,74519.12,30.0055,1779922499999,2236318.49207810,6781,12.20817000,909827.05702410,0,BTCUSDT,binance
2026-05-27 22:55:00+00:00,74519.11,74542.21,74418.12,74418.13,31.46831,1779922799999,2343577.23643550,8687,16.02773000,1193582.31957660,0,BTCUSDT,binance
2026-05-27 23:00:00+00:00,74418.12,74473.09,74361.2,74464.34,44.62361,1779923099999,3321091.65212290,11110,30.75495000,2288986.64992480,0,BTCUSDT,binance
2026-05-27 23:05:00+00:00,74464.34,74464.34,74394.06,74436.0,46.9909,1779923399999,3497362.47043830,10801,28.02118000,2085323.23193570,0,BTCUSDT,binance
2026-05-27 23:10:00+00:00,74436.0,74470.56,74414.42,74455.14,31.92789,1779923699999,2376844.82599170,6735,24.45259000,1820331.23067020,0,BTCUSDT,binance
2026-05-27 23:15:00+00:00,74455.15,74572.0,74455.14,74510.76,65.62052,1779923999999,4889298.41305160,13245,37.15166000,2768151.68496710,0,BTCUSDT,binance
2026-05-27 23:20:00+00:00,74510.76,74518.01,74306.0,74329.46,69.05646,1779924299999,5135906.54933850,14059,30.92446000,2300010.36834020,0,BTCUSDT,binance
2026-05-27 23:25:00+00:00,74329.46,74329.46,74243.99,74297.14,78.40975,1779924599999,5823604.62305410,17995,43.00156000,3193698.08731140,0,BTCUSDT,binance
2026-05-27 23:30:00+00:00,74297.14,74398.51,74297.13,74314.0,48.01161,1779924899999,3569328.17811570,12234,30.72172000,2283721.17484050,0,BTCUSDT,binance
2026-05-27 23:35:00+00:00,74314.0,74331.97,74262.64,74325.72,52.81969,1779925199999,3923740.47990450,10264,25.81790000,1917932.10780480,0,BTCUSDT,binance
2026-05-27 23:40:00+00:00,74325.72,74400.01,74306.0,74377.66,243.72898,1779925499999,18126376.02162130,10370,144.18280000,10721328.67551090,0,BTCUSDT,binance
2026-05-27 23:45:00+00:00,74377.66,74491.52,74374.3,74488.0,87.77627,1779925799999,6531790.64605580,7811,77.99854000,5803812.67448800,0,BTCUSDT,binance
2026-05-27 23:50:00+00:00,74488.0,74488.0,74312.95,74409.82,141.07437,1779926099999,10494657.22578190,10740,30.88543000,2297111.62147670,0,BTCUSDT,binance
2026-05-27 23:55:00+00:00,74409.82,74485.54,74409.82,74449.3,28.38928,1779926399999,2113658.17326600,6296,18.96791000,1412145.69020100,0,BTCUSDT,binance
2026-05-28 00:00:00+00:00,74449.31,74560.47,74423.95,74555.08,67.09195,1779926699999,4998192.27263670,16886,35.58919000,2652022.08892000,0,BTCUSDT,binance
2026-05-28 00:05:00+00:00,74555.09,74580.0,74482.04,74537.37,45.95987,1779926999999,3425393.25050770,11508,22.74837000,1695600.92986730,0,BTCUSDT,binance
2026-05-28 00:10:00+00:00,74537.36,74555.72,74431.69,74431.7,80.79055,1779927299999,6015104.23082190,10437,41.13834000,3062714.12547230,0,BTCUSDT,binance
2026-05-28 00:15:00+00:00,74431.7,74561.57,74417.41,74521.4,39.25733,1779927599999,2924112.31158560,13902,30.83202000,2296328.02089940,0,BTCUSDT,binance
2026-05-28 00:20:00+00:00,74521.4,74570.99,74471.99,74472.0,33.05695,1779927899999,2463694.05781530,10033,18.18053000,1355022.77710280,0,BTCUSDT,binance
2026-05-28 00:25:00+00:00,74472.0,74481.39,74366.89,74477.18,48.34553,1779928199999,3597667.05231940,15297,25.52337000,1899405.85084590,0,BTCUSDT,binance
2026-05-28 00:30:00+00:00,74477.18,74551.95,74470.75,74548.25,27.47835,1779928499999,2047545.28252270,13948,19.16550000,1428169.99269540,0,BTCUSDT,binance
2026-05-28 00:35:00+00:00,74548.25,74562.45,74523.5,74531.18,25.87453,1779928799999,1928867.55221120,11337,17.36259000,1294312.94397060,0,BTCUSDT,binance
2026-05-28 00:40:00+00:00,74531.17,74573.77,74521.89,74573.76,26.72684,1779929099999,1992342.86178970,9398,18.36411000,1368942.58218430,0,BTCUSDT,binance
2026-05-28 00:45:00+00:00,74573.76,74573.77,74520.0,74525.62,24.14872,1779929399999,1800279.27738170,9488,13.47426000,1004464.88537560,0,BTCUSDT,binance
2026-05-28 00:50:00+00:00,74525.61,74541.48,74454.0,74541.47,25.09871,1779929699999,1869750.34962720,10955,14.56312000,1084973.37630930,0,BTCUSDT,binance
2026-05-28 00:55:00+00:00,74541.48,74577.57,74470.75,74570.66,32.46762,1779929999999,2419671.56784420,16716,19.34222000,1441448.79372120,0,BTCUSDT,binance
2026-05-28 01:00:00+00:00,74570.67,74590.77,74555.98,74556.01,21.25985,1779930299999,1585370.25817070,13570,14.01457000,1045089.07381030,0,BTCUSDT,binance
2026-05-28 01:05:00+00:00,74556.0,74556.01,74491.95,74506.96,71.41943,1779930599999,5323421.31746710,13673,52.57623000,3918833.41065080,0,BTCUSDT,binance
2026-05-28 01:10:00+00:00,74506.97,74529.16,74451.59,74480.95,28.05873,1779930899999,2090110.89872760,16737,18.23930000,1358747.60565080,0,BTCUSDT,binance
2026-05-28 01:15:00+00:00,74480.95,74480.95,74156.0,74350.7,149.24712,1779931199999,11084597.93485180,35990,69.15232000,5135696.01470050,0,BTCUSDT,binance
2026-05-28 01:20:00+00:00,74350.7,74536.24,74268.11,74462.0,58.40557,1779931499999,4346941.09171650,28239,41.27375000,3071986.65196350,0,BTCUSDT,binance
2026-05-28 01:25:00+00:00,74462.01,74471.79,74205.0,74286.46,74.06226,1779931799999,5503514.87807300,28817,26.15860000,1944181.52662780,0,BTCUSDT,binance
2026-05-28 01:30:00+00:00,74286.46,74408.52,74252.89,74354.89,67.57438,1779932099999,5024507.50466680,26563,42.71773000,3176103.14845580,0,BTCUSDT,binance
2026-05-28 01:35:00+00:00,74354.9,74389.7,74281.99,74295.95,35.69317,1779932399999,2653244.85742480,15942,17.13660000,1273873.83015860,0,BTCUSDT,binance
2026-05-28 01:40:00+00:00,74295.95,74295.95,74172.0,74271.67,48.60347,1779932699999,3608217.24202010,19623,22.62906000,1680062.18921430,0,BTCUSDT,binance
2026-05-28 01:45:00+00:00,74271.67,74377.66,74255.26,74364.01,27.96791,1779932999999,2078777.79347960,16449,20.31771000,1510199.43729870,0,BTCUSDT,binance
2026-05-28 01:50:00+00:00,74364.0,74364.98,74294.0,74304.0,44.05848,1779933299999,3275146.03625660,12454,20.32919000,1511073.98867000,0,BTCUSDT,binance
2026-05-28 01:55:00+00:00,74304.01,74361.58,74272.2,74344.08,27.63347,1779933599999,2053973.73202490,12446,18.58625000,1381491.00818520,0,BTCUSDT,binance
2026-05-28 02:00:00+00:00,74344.07,74400.0,74239.45,74262.01,43.05345,1779933899999,3200151.30174430,16110,20.08577000,1492982.29835060,0,BTCUSDT,binance
2026-05-28 02:05:00+00:00,74262.0,74341.12,74239.45,74332.5,32.76817,1779934199999,2434569.48906860,14825,17.23151000,1280322.78359630,0,BTCUSDT,binance
2026-05-28 02:10:00+00:00,74332.51,74382.08,74325.59,74365.28,168.42458,1779934499999,12521315.50583900,10895,124.47006000,9253228.09947970,0,BTCUSDT,binance
2026-05-28 02:15:00+00:00,74365.29,74390.01,74274.13,74282.29,108.31531,1779934799999,8054025.98475340,14525,81.72468000,6076921.44272660,0,BTCUSDT,binance
2026-05-28 02:20:00+00:00,74282.29,74293.82,74182.0,74222.53,44.72992,1779935099999,3319879.95785650,15302,19.60890000,1455317.18401950,0,BTCUSDT,binance
2026-05-28 02:25:00+00:00,74222.53,74270.8,74185.5,74214.6,56.38615,1779935399999,4185324.89580250,9938,40.13510000,2979268.57522380,0,BTCUSDT,binance
2026-05-28 02:30:00+00:00,74214.6,74252.87,74167.43,74224.53,42.54094,1779935699999,3157247.14580480,15256,25.72305000,1908974.19298100,0,BTCUSDT,binance
2026-05-28 02:35:00+00:00,74224.52,74272.78,74127.57,74272.78,89.05147,1779935999999,6605892.16575100,17984,46.23865000,3430384.51536820,0,BTCUSDT,binance
2026-05-28 02:40:00+00:00,74272.78,74298.78,74240.86,74264.74,31.45697,1779936299999,2336162.28803020,13610,18.15233000,1348109.98429010,0,BTCUSDT,binance
2026-05-28 02:45:00+00:00,74264.74,74361.98,74242.34,74361.98,42.39652,1779936599999,3150222.67567240,13457,25.87579000,1922634.51322490,0,BTCUSDT,binance
2026-05-28 02:50:00+00:00,74361.98,74363.61,74299.81,74344.93,36.18097,1779936899999,2689603.03621880,9510,21.87836000,1626250.18031490,0,BTCUSDT,binance
2026-05-28 02:55:00+00:00,74344.93,74365.7,74265.28,74287.42,22.61151,1779937199999,1680476.82846130,9118,15.54809000,1155503.95121140,0,BTCUSDT,binance
2026-05-28 03:00:00+00:00,74287.43,74311.17,74208.94,74310.15,29.37631,1779937499999,2181825.47935840,14657,17.00395000,1262987.24927450,0,BTCUSDT,binance
2026-05-28 03:05:00+00:00,74310.15,74380.39,74255.0,74259.27,68.80409,1779937799999,5113514.95721980,16501,54.50885000,4051163.04716180,0,BTCUSDT,binance
2026-05-28 03:10:00+00:00,74259.27,74273.47,74140.47,74212.0,86.0494,1779938099999,6385730.77919820,17738,22.09382000,1639501.04264910,0,BTCUSDT,binance
2026-05-28 03:15:00+00:00,74212.01,74242.34,73500.0,73729.57,631.95207,1779938399999,46631479.13994210,79089,219.63235000,16200776.81725940,0,BTCUSDT,binance
2026-05-28 03:20:00+00:00,73729.56,73941.17,73711.11,73938.58,142.50766,1779938699999,10518718.17836090,36114,82.91415000,6121233.61229780,0,BTCUSDT,binance
2026-05-28 03:25:00+00:00,73938.59,73941.05,73741.65,73746.57,95.89538,1779938999999,7081046.95912910,21374,29.84631000,2203871.12883350,0,BTCUSDT,binance
2026-05-28 03:30:00+00:00,73746.58,73786.37,73615.13,73678.42,112.69965,1779939299999,8306598.95400020,32969,56.92269000,4195863.63224920,0,BTCUSDT,binance
2026-05-28 03:35:00+00:00,73678.43,73678.43,73420.0,73481.72,332.63222,1779939599999,24451226.27923170,45210,121.53022000,8930799.91808900,0,BTCUSDT,binance
2026-05-28 03:40:00+00:00,73481.72,73571.07,73360.36,73430.01,216.19852,1779939899999,15885111.96089650,26354,91.02338000,6687701.62013160,0,BTCUSDT,binance
2026-05-28 03:45:00+00:00,73430.0,73560.0,73406.57,73410.0,220.77536,1779940199999,16218407.87507390,21028,96.70698000,7104127.68355320,0,BTCUSDT,binance
2026-05-28 03:50:00+00:00,73410.0,73454.64,73188.0,73230.98,807.70569,1779940499999,59199689.66538080,37954,431.23160000,31610275.31488350,0,BTCUSDT,binance
2026-05-28 03:55:00+00:00,73230.98,73309.24,73060.59,73258.01,1135.15093,1779940799999,83035987.66090070,58032,725.03379000,53036907.35819790,0,BTCUSDT,binance
2026-05-28 04:00:00+00:00,73258.0,73260.01,72728.85,73105.37,721.95273,1779941099999,52709593.37544180,73338,281.72515000,20569669.54942670,0,BTCUSDT,binance
2026-05-28 04:05:00+00:00,73105.37,73215.55,73000.11,73199.75,126.87851,1779941399999,9276039.58643090,25306,75.47388000,5518298.98272340,0,BTCUSDT,binance
2026-05-28 04:10:00+00:00,73199.74,73243.24,73065.38,73082.08,60.18715,1779941699999,4403200.59443720,15080,36.12994000,2643359.47385040,0,BTCUSDT,binance
2026-05-28 04:15:00+00:00,73082.07,73126.59,72963.66,72993.83,71.06167,1779941999999,5190731.29340050,20840,41.20051000,3009621.70026750,0,BTCUSDT,binance
2026-05-28 04:20:00+00:00,72993.83,73000.73,72889.0,72904.95,95.46326,1779942299999,6963542.21136730,24017,42.09160000,3070667.73728220,0,BTCUSDT,binance
2026-05-28 04:25:00+00:00,72904.95,73011.33,72813.67,73004.4,169.10581,1779942599999,12325312.78284730,20693,65.99898000,4811537.98759490,0,BTCUSDT,binance
2026-05-28 04:30:00+00:00,73004.4,73096.66,72954.66,73096.66,62.416,1779942899999,4559119.81321690,11030,32.10982000,2345873.84464240,0,BTCUSDT,binance
2026-05-28 04:35:00+00:00,73096.65,73168.3,73012.9,73089.63,74.95487,1779943199999,5479179.62834720,14355,31.62341000,2311649.15520460,0,BTCUSDT,binance
2026-05-28 04:40:00+00:00,73089.63,73201.4,73089.62,73180.01,54.06073,1779943499999,3956088.48498960,8502,33.31383000,2437791.86962840,0,BTCUSDT,binance
2026-05-28 04:45:00+00:00,73180.01,73196.81,73138.0,73182.31,45.07293,1779943799999,3297819.22261150,8407,37.28738000,2728190.69568020,0,BTCUSDT,binance
2026-05-28 04:50:00+00:00,73182.31,73182.31,73096.0,73138.24,34.03305,1779944099999,2488882.72382690,8469,18.28860000,1337497.45590360,0,BTCUSDT,binance
2026-05-28 04:55:00+00:00,73138.24,73191.59,73138.23,73181.95,73.23893,1779944399999,5358663.13705660,9335,54.44195000,3983294.66046910,0,BTCUSDT,binance
2026-05-28 05:00:00+00:00,73181.95,73181.95,73118.6,73120.54,30.18168,1779944699999,2207394.57227780,10846,10.96696000,802122.27310860,0,BTCUSDT,binance
2026-05-28 05:05:00+00:00,73120.54,73120.55,73026.0,73029.4,59.49305,1779944999999,4347101.84900660,10275,16.17590000,1181660.57269740,0,BTCUSDT,binance
2026-05-28 05:10:00+00:00,73029.39,73054.09,72995.79,73024.46,37.70572,1779945299999,2753032.80759740,8639,8.85817000,646876.69835670,0,BTCUSDT,binance
2026-05-28 05:15:00+00:00,73024.46,73034.57,72927.69,72976.28,42.63426,1779945599999,3111369.32789870,10891,13.70278000,1000059.04890140,0,BTCUSDT,binance
2026-05-28 05:20:00+00:00,72976.29,73027.59,72926.74,73027.58,50.56575,1779945899999,3690410.89166440,12041,22.39535000,1634361.77519150,0,BTCUSDT,binance
2026-05-28 05:25:00+00:00,73027.58,73039.87,72958.0,72958.01,157.88868,1779946199999,11525070.76112740,11044,97.93933000,7149610.29155380,0,BTCUSDT,binance
2026-05-28 05:30:00+00:00,72958.01,73079.73,72926.18,73029.01,157.94981,1779946499999,11531043.29265110,21229,116.26319000,8488272.57223590,0,BTCUSDT,binance
2026-05-28 05:35:00+00:00,73028.63,73031.87,72943.3,73031.87,156.59928,1779946799999,11429784.07202290,15161,92.66274000,6763119.41980800,0,BTCUSDT,binance
2026-05-28 05:40:00+00:00,73031.86,73049.91,73006.82,73031.2,27.30808,1779947099999,1994303.05948010,6854,16.73203000,1221955.21558030,0,BTCUSDT,binance
2026-05-28 05:45:00+00:00,73031.2,73077.55,72908.67,72996.0,74.07019,1779947399999,5407592.63702310,12793,35.46465000,2589091.46506460,0,BTCUSDT,binance
2026-05-28 05:50:00+00:00,72996.0,73053.67,72996.0,73044.02,28.99089,1779947699999,2117118.52729590,6397,19.13720000,1397476.75957320,0,BTCUSDT,binance
2026-05-28 05:55:00+00:00,73044.01,73053.67,72988.0,72990.87,27.11432,1779947999999,1979768.22431220,6304,9.04134000,660184.64247440,0,BTCUSDT,binance
2026-05-28 06:00:00+00:00,72990.87,73030.01,72969.27,73030.01,25.93133,1779948299999,1893167.34934420,7480,12.67598000,925454.66751190,0,BTCUSDT,binance
2026-05-28 06:05:00+00:00,73030.01,73035.62,72975.43,73000.01,28.90267,1779948599999,2109975.12705340,8972,15.95190000,1164463.63639060,0,BTCUSDT,binance
2026-05-28 06:10:00+00:00,73000.0,73018.08,72961.22,73010.01,176.89037,1779948899999,12911692.46385030,8833,114.31117000,8344047.19351880,0,BTCUSDT,binance
2026-05-28 06:15:00+00:00,73010.01,73030.71,72979.36,72995.0,140.74776,1779949199999,10274730.39523290,9181,65.58941000,4787932.74378950,0,BTCUSDT,binance
2026-05-28 06:20:00+00:00,72994.99,73022.86,72915.73,72949.56,76.09376,1779949499999,5554496.66755360,9280,13.20399000,963574.27790130,0,BTCUSDT,binance
2026-05-28 06:25:00+00:00,72949.56,72949.56,72879.4,72940.09,88.49343,1779949799999,6451920.54778920,10459,39.40607000,2873143.36893150,0,BTCUSDT,binance
2026-05-28 06:30:00+00:00,72940.09,72946.41,72800.21,72844.88,120.74837,1779950099999,8800550.44377870,12692,44.19561000,3221277.98955260,0,BTCUSDT,binance
2026-05-28 06:35:00+00:00,72844.88,72849.86,72761.11,72838.6,84.85184,1779950399999,6177665.27925920,10523,28.79638000,2096446.03828970,0,BTCUSDT,binance
2026-05-28 06:40:00+00:00,72838.59,72912.81,72812.67,72912.81,59.36921,1779950699999,4324601.22623600,8442,35.47075000,2583793.12518320,0,BTCUSDT,binance
2026-05-28 06:45:00+00:00,72912.81,73199.99,72912.8,73145.24,220.11157,1779950999999,16087492.01556720,18374,132.00007000,9644987.23801620,0,BTCUSDT,binance
2026-05-28 06:50:00+00:00,73145.24,73146.01,73079.77,73102.46,113.43475,1779951299999,8294592.22775780,9222,22.33349000,1632977.78895370,0,BTCUSDT,binance
2026-05-28 06:55:00+00:00,73102.45,73213.11,73102.45,73202.7,113.19425,1779951599999,8282383.17795140,9947,53.69131000,3928519.53621050,0,BTCUSDT,binance
2026-05-28 07:00:00+00:00,73202.71,73234.61,73184.61,73194.69,195.9289,1779951899999,14343744.15776980,11868,111.31212000,8149004.57464380,0,BTCUSDT,binance
2026-05-28 07:05:00+00:00,73194.69,73228.38,73158.0,73228.38,119.6211,1779952199999,8753927.64285860,11788,70.64623000,5170006.04856450,0,BTCUSDT,binance
2026-05-28 07:10:00+00:00,73228.38,73234.61,73176.75,73213.29,56.74302,1779952499999,4153800.84364460,6833,25.07308000,1835430.28087880,0,BTCUSDT,binance
2026-05-28 07:15:00+00:00,73213.3,73295.43,73213.3,73290.01,27.94348,1779952799999,2047187.57113150,7927,22.89261000,1677083.93637300,0,BTCUSDT,binance
2026-05-28 07:20:00+00:00,73290.0,73329.1,73267.21,73311.58,104.623,1779953099999,7669004.90399400,8629,28.28977000,2073857.32267980,0,BTCUSDT,binance
2026-05-28 07:25:00+00:00,73311.58,73315.4,73241.95,73259.03,95.39914,1779953399999,6990421.42561200,8336,26.74587000,1959524.74353670,0,BTCUSDT,binance
2026-05-28 07:30:00+00:00,73259.03,73374.01,73259.03,73374.01,84.21221,1779953699999,6174247.69673370,12319,63.38488000,4647195.50575870,0,BTCUSDT,binance
2026-05-28 07:35:00+00:00,73374.01,73472.74,73374.0,73419.39,106.13646,1779953999999,7794117.57231650,13663,78.37536000,5755407.92653320,0,BTCUSDT,binance
2026-05-28 07:40:00+00:00,73419.39,73512.14,73412.03,73502.0,68.29588,1779954299999,5016975.68988930,9996,53.21923000,3909396.64565100,0,BTCUSDT,binance
2026-05-28 07:45:00+00:00,73502.01,73502.01,73411.79,73434.01,76.74604,1779954599999,5636846.42411210,9372,49.01455000,3599977.67011040,0,BTCUSDT,binance
2026-05-28 07:50:00+00:00,73434.01,73434.01,73385.0,73426.42,91.26373,1779954899999,6700043.03306900,7806,40.82957000,2997394.74375530,0,BTCUSDT,binance
2026-05-28 07:55:00+00:00,73426.42,73500.0,73415.16,73498.0,85.00058,1779955199999,6243152.21322040,9811,41.78792000,3069380.02625870,0,BTCUSDT,binance
2026-05-28 08:00:00+00:00,73498.0,73500.0,73340.85,73378.01,103.24528,1779955499999,7576470.13962710,11501,26.64018000,1955463.91544760,0,BTCUSDT,binance
2026-05-28 08:05:00+00:00,73378.01,73455.48,73366.46,73424.45,44.52417,1779955799999,3268283.67958700,6055,19.04517000,1398048.24154560,0,BTCUSDT,binance
2026-05-28 08:10:00+00:00,73424.46,73451.84,73406.0,73448.97,15.17347,1779956099999,1114180.53094360,5439,9.98239000,732978.50979790,0,BTCUSDT,binance
2026-05-28 08:15:00+00:00,73448.97,73448.98,73423.58,73438.78,40.40872,1779956399999,2967164.95936520,5376,27.74007000,2036895.25705020,0,BTCUSDT,binance
2026-05-28 08:20:00+00:00,73438.77,73438.78,73290.0,73310.01,34.70015,1779956699999,2544491.06219920,9033,10.70681000,784965.40330850,0,BTCUSDT,binance
2026-05-28 08:25:00+00:00,73310.01,73310.01,73228.89,73263.27,26.77529,1779956999999,1961764.68883570,9208,11.76700000,862096.79523440,0,BTCUSDT,binance
2026-05-28 08:30:00+00:00,73263.27,73287.21,73193.13,73266.0,69.86079,1779957299999,5115534.51546300,12654,15.59275000,1142147.74340930,0,BTCUSDT,binance
2026-05-28 08:35:00+00:00,73266.01,73313.15,73266.01,73295.97,100.54148,1779957599999,7368237.24953770,10849,87.62284000,6421424.49748260,0,BTCUSDT,binance
2026-05-28 08:40:00+00:00,73295.98,73295.98,73260.1,73292.92,39.48041,1779957899999,2893100.07907430,5715,28.54427000,2091701.30381870,0,BTCUSDT,binance
2026-05-28 08:45:00+00:00,73292.92,73376.84,73290.42,73332.01,56.3989,1779958199999,4136642.25585260,8553,26.98496000,1979138.29924140,0,BTCUSDT,binance
2026-05-28 08:50:00+00:00,73332.0,73353.28,73332.0,73342.28,14.75323,1779958499999,1081969.90835410,4216,10.67594000,782936.54614650,0,BTCUSDT,binance
2026-05-28 08:55:00+00:00,73342.28,73342.94,73306.65,73325.88,21.92884,1779958799999,1607991.34581990,5612,10.20642000,748361.93007920,0,BTCUSDT,binance
2026-05-28 09:00:00+00:00,73325.88,73388.01,73311.62,73365.99,27.92873,1779959099999,2048587.88905180,9332,17.01344000,1247916.90523300,0,BTCUSDT,binance
2026-05-28 09:05:00+00:00,73365.99,73398.64,73333.0,73334.88,41.03418,1779959399999,3010912.01857420,10521,22.79233000,1672418.02898410,0,BTCUSDT,binance
2026-05-28 09:10:00+00:00,73334.88,73334.88,73261.6,73311.19,43.15851,1779959699999,3163290.44286630,6767,11.19181000,820270.41102430,0,BTCUSDT,binance
2026-05-28 09:15:00+00:00,73311.18,73376.26,73306.56,73376.25,34.47122,1779959999999,2527766.85999500,5166,25.63802000,1880028.96054260,0,BTCUSDT,binance
2026-05-28 09:20:00+00:00,73376.26,73406.01,73368.0,73399.07,32.05853,1779960299999,2352761.91180780,5285,18.90706000,1387532.57278530,0,BTCUSDT,binance
2026-05-28 09:25:00+00:00,73399.06,73418.76,73399.06,73404.3,23.33892,1779960599999,1713205.62700440,3209,9.71040000,712783.60626780,0,BTCUSDT,binance
2026-05-28 09:30:00+00:00,73404.3,73414.68,73365.57,73414.68,55.51114,1779960899999,4074175.22759900,5043,40.59520000,2979464.49171610,0,BTCUSDT,binance
2026-05-28 09:35:00+00:00,73414.68,73495.74,73414.68,73442.4,40.3902,1779961199999,2966906.72567090,9937,31.67192000,2326439.70775910,0,BTCUSDT,binance
2026-05-28 09:40:00+00:00,73442.4,73491.3,73440.68,73491.3,21.83994,1779961499999,1604525.33024370,6723,16.53644000,1214915.94100010,0,BTCUSDT,binance
2026-05-28 09:45:00+00:00,73491.31,73556.43,73491.31,73550.0,131.16846,1779961799999,9644468.12757310,8135,123.24541000,9061858.49209730,0,BTCUSDT,binance
2026-05-28 09:50:00+00:00,73549.99,73553.59,73528.19,73549.1,44.7818,1779962099999,3293624.58050940,4430,20.18585000,1484639.37381670,0,BTCUSDT,binance
2026-05-28 09:55:00+00:00,73549.11,73560.0,73539.4,73541.24,51.50699,1779962399999,3788330.23273030,3243,11.03709000,811798.75182160,0,BTCUSDT,binance
2026-05-28 10:00:00+00:00,73541.25,73551.61,73502.52,73502.53,21.03269,1779962699999,1546463.30870040,6220,7.91890000,582238.67293310,0,BTCUSDT,binance
2026-05-28 10:05:00+00:00,73502.53,73544.24,73500.0,73530.01,22.60611,1779962999999,1662178.66836880,5410,16.44557000,1209213.69895910,0,BTCUSDT,binance
2026-05-28 10:10:00+00:00,73530.01,73616.0,73530.0,73579.66,35.0102,1779963299999,2576174.87431650,7601,23.33522000,1717060.46275000,0,BTCUSDT,binance
2026-05-28 10:15:00+00:00,73579.65,73579.66,73445.37,73455.91,55.65502,1779963599999,4091856.22967730,7413,24.03898000,1768255.77900290,0,BTCUSDT,binance
2026-05-28 10:20:00+00:00,73455.92,73468.38,73362.27,73369.3,17.96621,1779963899999,1319036.24867040,7854,5.74278000,421592.54132660,0,BTCUSDT,binance
2026-05-28 10:25:00+00:00,73369.31,73429.73,73349.91,73429.73,87.38804,1779964199999,6412908.13523840,9504,82.23774000,6035015.73912290,0,BTCUSDT,binance
2026-05-28 10:30:00+00:00,73429.73,73434.32,73404.34,73434.32,35.68532,1779964499999,2619739.59715030,5183,23.23848000,1705949.23018330,0,BTCUSDT,binance
2026-05-28 10:35:00+00:00,73434.32,73482.07,73419.82,73473.56,43.83569,1779964799999,3219602.14979440,7696,33.40159000,2453286.51617850,0,BTCUSDT,binance
2026-05-28 10:40:00+00:00,73473.56,73513.95,73473.55,73510.19,23.57764,1779965099999,1733034.46669760,7428,15.80355000,1161593.31205500,0,BTCUSDT,binance
2026-05-28 10:45:00+00:00,73510.2,73599.44,73502.93,73514.78,76.77082,1779965399999,5646169.25645300,12288,32.49170000,2389529.97801920,0,BTCUSDT,binance
2026-05-28 10:50:00+00:00,73514.78,73517.65,73374.06,73418.1,53.1461,1779965699999,3902994.07868750,12809,25.21756000,1851857.74818030,0,BTCUSDT,binance
2026-05-28 10:55:00+00:00,73418.1,73455.52,73400.0,73400.01,22.85951,1779965999999,1678664.45513690,6572,12.52701000,919910.38687760,0,BTCUSDT,binance
2026-05-28 11:00:00+00:00,73400.01,73460.92,73373.26,73395.79,98.61381,1779966299999,7238794.91282140,15800,20.80079000,1526995.48947570,0,BTCUSDT,binance
2026-05-28 11:05:00+00:00,73395.8,73426.04,73347.05,73384.34,39.00996,1779966599999,2863109.25063200,12404,14.84553000,1089624.14218000,0,BTCUSDT,binance
2026-05-28 11:10:00+00:00,73384.34,73440.97,73368.5,73440.96,28.20743,1779966899999,2070288.70240770,8897,15.62782000,1146963.93916870,0,BTCUSDT,binance
2026-05-28 11:15:00+00:00,73440.97,73462.67,73400.0,73448.41,38.32346,1779967199999,2814069.48210490,12164,25.86142000,1898956.63605050,0,BTCUSDT,binance
2026-05-28 11:20:00+00:00,73448.4,73450.01,73402.23,73424.0,18.40156,1779967499999,1350993.83378440,5239,4.91471000,360812.28264430,0,BTCUSDT,binance
2026-05-28 11:25:00+00:00,73423.99,73430.0,73339.11,73354.86,23.19716,1779967799999,1702026.02548990,8069,9.21265000,675909.98342870,0,BTCUSDT,binance
2026-05-28 11:30:00+00:00,73354.85,73378.5,73319.36,73378.49,19.64307,1779968099999,1440783.62637320,10443,10.96012000,803954.84495080,0,BTCUSDT,binance
2026-05-28 11:35:00+00:00,73378.5,73411.74,73378.5,73384.86,35.54874,1779968399999,2609068.25962660,7225,17.07856000,1253496.25796540,0,BTCUSDT,binance
2026-05-28 11:40:00+00:00,73384.86,73478.75,73384.85,73478.74,23.42892,1779968699999,1719983.34719730,10381,14.28675000,1048958.79551740,0,BTCUSDT,binance
2026-05-28 11:45:00+00:00,73478.75,73481.21,73438.0,73477.53,17.30735,1779968999999,1271367.49630630,6491,8.00012000,587662.59705240,0,BTCUSDT,binance
2026-05-28 11:50:00+00:00,73477.54,73532.01,73434.92,73531.21,27.94457,1779969299999,2053782.44132760,10612,19.97752000,1468256.17474550,0,BTCUSDT,binance
2026-05-28 11:55:00+00:00,73531.22,73532.0,73504.56,73505.66,14.24499,1779969599999,1047176.62227540,3839,5.18284000,381001.89479090,0,BTCUSDT,binance
2026-05-28 12:00:00+00:00,73505.65,73520.26,73429.98,73471.64,33.51776,1779969899999,2462331.11341790,9463,16.26259000,1194631.68301750,0,BTCUSDT,binance
2026-05-28 12:05:00+00:00,73471.64,73501.02,73456.8,73492.04,27.68851,1779970199999,2034690.72740330,9475,15.29340000,1123826.45833380,0,BTCUSDT,binance
2026-05-28 12:10:00+00:00,73492.04,73492.04,73407.34,73408.0,27.75951,1779970499999,2038904.01924500,7414,13.64146000,1001991.78232460,0,BTCUSDT,binance
2026-05-28 12:15:00+00:00,73408.0,73416.01,73344.0,73362.75,26.96239,1779970799999,1978238.56449200,8239,12.26471000,899857.38082650,0,BTCUSDT,binance
2026-05-28 12:20:00+00:00,73362.76,73368.65,73245.56,73265.03,55.23219,1779971099999,4048872.39103560,13743,13.96507000,1023932.09534330,0,BTCUSDT,binance
2026-05-28 12:25:00+00:00,73265.04,73404.35,73265.03,73378.41,32.47208,1779971399999,2381020.55074630,10815,26.82778000,1967098.86273910,0,BTCUSDT,binance
2026-05-28 12:30:00+00:00,73378.41,73543.67,73378.41,73475.13,55.61154,1779971699999,4086722.86099810,18163,34.46324000,2532475.37846250,0,BTCUSDT,binance
2026-05-28 12:35:00+00:00,73475.13,73492.48,73354.03,73486.5,62.69402,1779971999999,4602795.21702640,14889,43.76086000,3212687.21468820,0,BTCUSDT,binance
2026-05-28 12:40:00+00:00,73486.5,73524.79,73484.36,73487.27,34.64969,1779972299999,2546983.49602890,9442,17.89134000,1315174.41872620,0,BTCUSDT,binance
2026-05-28 12:45:00+00:00,73487.27,73580.75,73485.46,73549.63,31.91163,1779972599999,2346742.96206500,8724,21.48099000,1579622.65669670,0,BTCUSDT,binance
2026-05-28 12:50:00+00:00,73549.63,73567.28,73500.0,73530.0,46.88465,1779972899999,3447667.72009300,9271,33.55863000,2467711.15482910,0,BTCUSDT,binance
2026-05-28 12:55:00+00:00,73530.0,73533.77,73511.99,73518.01,19.14894,1779973199999,1407896.86705400,5102,6.94292000,510472.82032350,0,BTCUSDT,binance
2026-05-28 13:00:00+00:00,73518.01,73574.6,73456.63,73494.62,66.78908,1779973499999,4909358.59604050,12410,52.16275000,3834206.19641900,0,BTCUSDT,binance
2026-05-28 13:05:00+00:00,73494.63,73498.96,73360.36,73360.37,27.22474,1779973799999,1999225.09782500,6840,10.81083000,793931.69941430,0,BTCUSDT,binance
2026-05-28 13:10:00+00:00,73360.37,73372.47,73336.05,73338.35,18.69879,1779974099999,1371585.25513540,5024,8.67483000,636321.92140370,0,BTCUSDT,binance
2026-05-28 13:15:00+00:00,73338.35,73338.35,73233.74,73240.19,86.61206,1779974399999,6346427.04240090,15658,48.26447000,3536565.13761950,0,BTCUSDT,binance
2026-05-28 13:20:00+00:00,73240.01,73246.0,73157.99,73183.8,56.87236,1779974699999,4162610.80730200,10954,12.27449000,898388.10517560,0,BTCUSDT,binance
2026-05-28 13:25:00+00:00,73183.8,73198.6,73000.0,73160.52,165.18088,1779974999999,12071243.05153240,22811,63.32912000,4628015.10262720,0,BTCUSDT,binance
2026-05-28 13:30:00+00:00,73160.53,73167.16,72927.48,72958.01,113.04669,1779975299999,8254436.68018170,29318,46.76368000,3414584.74243330,0,BTCUSDT,binance
2026-05-28 13:35:00+00:00,72958.01,72963.24,72808.33,72909.57,121.23463,1779975599999,8835727.47424330,29931,43.29975000,3155643.60498320,0,BTCUSDT,binance
2026-05-28 13:40:00+00:00,72909.57,72956.48,72771.64,72785.2,137.10483,1779975899999,9989543.51404240,32577,72.20393000,5261058.07564140,0,BTCUSDT,binance
2026-05-28 13:45:00+00:00,72785.2,72946.18,72785.19,72902.12,128.43548,1779976199999,9358616.83266530,32562,79.68110000,5806252.98018570,0,BTCUSDT,binance
2026-05-28 13:50:00+00:00,72902.13,73083.53,72873.38,72992.65,188.10268,1779976499999,13727729.80999070,36154,118.48520000,8646578.35863160,0,BTCUSDT,binance
2026-05-28 13:55:00+00:00,72992.65,73034.99,72949.25,73022.02,168.28537,1779976799999,12285970.26098960,15602,110.42683000,8061903.27007100,0,BTCUSDT,binance
2026-05-28 14:00:00+00:00,73022.01,73037.95,72788.3,72890.58,141.26947,1779977099999,10301841.81778320,21671,57.33628000,4182269.06400190,0,BTCUSDT,binance
2026-05-28 14:05:00+00:00,72890.57,72890.58,72582.82,72868.46,247.83894,1779977399999,18019682.29935490,50388,94.78446000,6891227.23928670,0,BTCUSDT,binance
2026-05-28 14:10:00+00:00,72868.46,73329.35,72613.99,73314.62,457.55003,1779977699999,33382605.37409430,69245,281.19670000,20520564.88319410,0,BTCUSDT,binance
2026-05-28 14:15:00+00:00,73314.35,73573.21,73255.9,73479.57,243.64871,1779977999999,17884659.44705050,62451,165.81400000,12170837.30218780,0,BTCUSDT,binance
2026-05-28 14:20:00+00:00,73479.58,73482.0,72983.17,73033.38,193.28502,1779978299999,14155269.89023400,40759,82.56451000,6045517.46834400,0,BTCUSDT,binance
2026-05-28 14:25:00+00:00,73033.38,73113.7,72885.6,72965.07,162.60178,1779978599999,11872299.98085510,31879,95.49830000,6973184.36236990,0,BTCUSDT,binance
2026-05-28 14:30:00+00:00,72965.08,73061.71,72914.46,72932.21,97.21867,1779978899999,7094789.66618700,26890,58.27779000,4253450.88489600,0,BTCUSDT,binance
2026-05-28 14:35:00+00:00,72932.2,72970.01,72863.02,72908.08,88.59569,1779979199999,6460431.72723460,26015,37.57916000,2740240.47875770,0,BTCUSDT,binance
2026-05-28 14:40:00+00:00,72908.07,73030.72,72794.15,72855.8,133.37628,1779979499999,9722916.81202220,36236,56.47389000,4116812.92869510,0,BTCUSDT,binance
2026-05-28 14:45:00+00:00,72855.79,72889.78,72699.22,72808.74,115.06574,1779979799999,8377591.40005160,35914,74.57859000,5429933.48323980,0,BTCUSDT,binance
2026-05-28 14:50:00+00:00,72808.74,73020.1,72802.12,72959.14,206.38103,1779980099999,15049715.94566310,28472,151.58666000,11054183.89207040,0,BTCUSDT,binance
2026-05-28 14:55:00+00:00,72959.14,73047.63,72959.13,73033.06,102.78874,1779980399999,7504398.96813660,13554,62.20358000,4541274.35534290,0,BTCUSDT,binance
2026-05-28 15:00:00+00:00,73033.06,73047.63,72965.2,73007.99,71.77218,1779980699999,5240546.48814500,19496,48.65995000,3552885.77598040,0,BTCUSDT,binance
2026-05-28 15:05:00+00:00,73008.0,73180.01,72955.64,72995.86,73.33302,1779980999999,5360377.48176160,26614,42.53143000,3109158.03515810,0,BTCUSDT,binance
2026-05-28 15:10:00+00:00,72995.86,73028.0,72861.92,72861.93,55.30313,1779981299999,4033328.93649930,14907,25.97552000,1894678.79462970,0,BTCUSDT,binance
2026-05-28 15:15:00+00:00,72861.93,72889.96,72761.7,72762.75,73.67978,1779981599999,5365339.12986370,18329,34.94142000,2544758.72900760,0,BTCUSDT,binance
2026-05-28 15:20:00+00:00,72762.75,72902.5,72700.0,72868.0,69.49553,1779981899999,5058705.27975170,28016,39.38881000,2867232.52723470,0,BTCUSDT,binance
2026-05-28 15:25:00+00:00,72868.01,72973.49,72858.0,72968.35,42.47964,1779982199999,3097214.68665730,14409,27.10007000,1975712.50157990,0,BTCUSDT,binance
2026-05-28 15:30:00+00:00,72968.36,72981.71,72838.72,72861.03,48.07783,1779982499999,3504517.69053940,14684,20.30811000,1480222.37274770,0,BTCUSDT,binance
2026-05-28 15:35:00+00:00,72861.02,72947.25,72861.02,72873.94,51.61853,1779982799999,3763490.25024530,14911,32.52199000,2371125.58611080,0,BTCUSDT,binance
2026-05-28 15:40:00+00:00,72873.95,73013.39,72873.88,73013.39,82.33947,1779983099999,6005018.99440270,17273,43.93748000,3204330.41794090,0,BTCUSDT,binance
2026-05-28 15:45:00+00:00,73013.38,73062.32,72897.28,72910.71,68.624,1779983399999,5010181.87398950,16992,36.69612000,2679516.36206390,0,BTCUSDT,binance
2026-05-28 15:50:00+00:00,72910.72,72979.32,72899.54,72905.62,33.70611,1779983699999,2458273.42789480,10161,19.42786000,1416877.75728240,0,BTCUSDT,binance
2026-05-28 15:55:00+00:00,72905.62,72961.35,72890.38,72928.73,40.21511,1779983999999,2932361.24034520,11170,20.98576000,1530137.71307190,0,BTCUSDT,binance
2026-05-28 16:00:00+00:00,72928.73,72928.73,72786.14,72786.15,61.92978,1779984299999,4512085.74899650,15571,28.43690000,2071918.59041910,0,BTCUSDT,binance
2026-05-28 16:05:00+00:00,72786.15,72905.14,72741.4,72905.14,48.1883,1779984599999,3508543.26582100,18604,31.65959000,2305127.67035350,0,BTCUSDT,binance
2026-05-28 16:10:00+00:00,72905.14,73160.55,72898.68,73109.55,133.66278,1779984899999,9761106.82683120,23200,104.41530000,7624149.96325310,0,BTCUSDT,binance
2026-05-28 16:15:00+00:00,73109.55,73160.66,73053.42,73143.24,64.41057,1779985199999,4709378.05694410,13936,30.71018000,2245326.52616350,0,BTCUSDT,binance
2026-05-28 16:20:00+00:00,73143.25,73307.47,73132.34,73261.99,70.65902,1779985499999,5173574.59261310,21322,49.80346000,3646532.80231940,0,BTCUSDT,binance
2026-05-28 16:25:00+00:00,73261.99,73293.24,73150.01,73150.02,58.01475,1779985799999,4246829.35169580,15058,18.46488000,1351843.88117580,0,BTCUSDT,binance
2026-05-28 16:30:00+00:00,73150.02,73238.01,73150.01,73229.05,31.00922,1779986099999,2269558.56285760,9919,19.71569000,1442967.57205380,0,BTCUSDT,binance
2026-05-28 16:35:00+00:00,73229.06,73271.97,73188.0,73237.57,45.89374,1779986399999,3360032.62829730,12605,27.75577000,2032051.08422600,0,BTCUSDT,binance
2026-05-28 16:40:00+00:00,73237.58,73357.73,73212.0,73357.72,89.68665,1779986699999,6573848.89107120,18073,57.14033000,4188325.82007040,0,BTCUSDT,binance
2026-05-28 16:45:00+00:00,73357.72,73428.9,73298.0,73312.94,90.20557,1779986999999,6617618.86987060,14616,40.20735000,2949957.00482020,0,BTCUSDT,binance
2026-05-28 16:50:00+00:00,73312.94,73410.01,73273.32,73402.0,70.17567,1779987299999,5147775.92569210,17741,36.92851000,2708954.82970160,0,BTCUSDT,binance
2026-05-28 16:55:00+00:00,73402.01,73440.67,73388.0,73440.67,57.76063,1779987599999,4240486.66995430,11278,26.07352000,1914177.69782930,0,BTCUSDT,binance
2026-05-28 17:00:00+00:00,73440.66,73467.18,73334.09,73353.51,63.37515,1779987899999,4651441.27046220,16097,24.46530000,1795430.76707660,0,BTCUSDT,binance
2026-05-28 17:05:00+00:00,73353.52,73500.0,73325.0,73478.0,70.40468,1779988199999,5169217.55438230,14356,49.75421000,3653367.83660120,0,BTCUSDT,binance
2026-05-28 17:10:00+00:00,73478.0,73500.0,73422.96,73485.81,51.03864,1779988499999,3750157.84165120,9694,25.35826000,1863114.26937100,0,BTCUSDT,binance
2026-05-28 17:15:00+00:00,73485.81,73486.5,73393.76,73470.05,38.24298,1779988799999,2808506.58086140,12514,19.86340000,1458605.29755340,0,BTCUSDT,binance
2026-05-28 17:20:00+00:00,73470.05,73485.96,73404.0,73404.0,34.28918,1779989099999,2518624.03579050,7660,20.63126000,1515369.10493120,0,BTCUSDT,binance
2026-05-28 17:25:00+00:00,73404.0,73411.74,73316.31,73364.0,44.1371,1779989399999,3238044.32188250,12716,23.79474000,1745681.37544950,0,BTCUSDT,binance
2026-05-28 17:30:00+00:00,73364.01,73488.35,73340.65,73488.35,28.51003,1779989699999,2093036.52163870,9536,21.63681000,1588518.13161240,0,BTCUSDT,binance
2026-05-28 17:35:00+00:00,73488.35,73520.0,73448.42,73520.0,57.56649,1779989999999,4230396.13028440,9934,42.96213000,3157157.45177650,0,BTCUSDT,binance
2026-05-28 17:40:00+00:00,73520.0,73535.81,73470.9,73470.91,36.22037,1779990299999,2662789.67048800,6942,23.82457000,1751482.78991490,0,BTCUSDT,binance
2026-05-28 17:45:00+00:00,73470.91,73734.72,73470.9,73644.59,139.1466,1779990599999,10245448.67320880,22172,114.70071000,8444690.07382740,0,BTCUSDT,binance
2026-05-28 17:50:00+00:00,73644.59,73644.59,73528.83,73532.0,24.73181,1779990899999,1819904.25948790,6644,10.42076000,766741.78608810,0,BTCUSDT,binance
2026-05-28 17:55:00+00:00,73532.0,73584.43,73500.0,73554.82,149.79328,1779991199999,11010776.70722160,5942,20.39764000,1499702.96353660,0,BTCUSDT,binance
2026-05-28 18:00:00+00:00,73554.81,73639.31,73514.57,73608.0,55.3166,1779991499999,4069522.17044110,13477,32.58527000,2397176.17845590,0,BTCUSDT,binance
2026-05-28 18:05:00+00:00,73608.01,73738.8,73589.95,73692.29,52.45797,1779991799999,3864675.90540620,12601,36.42180000,2683469.01342900,0,BTCUSDT,binance
2026-05-28 18:10:00+00:00,73692.3,73692.3,73614.93,73638.76,83.19226,1779992099999,6128403.34860850,8648,63.08354000,4647296.33904970,0,BTCUSDT,binance
2026-05-28 18:15:00+00:00,73638.75,73749.69,73603.87,73603.88,49.96959,1779992399999,3681084.71966770,12006,21.45334000,1580609.46222740,0,BTCUSDT,binance
2026-05-28 18:20:00+00:00,73603.88,73670.52,73601.0,73636.0,33.94333,1779992699999,2499081.64843390,9187,14.64262000,1077965.10099420,0,BTCUSDT,binance
2026-05-28 18:25:00+00:00,73635.99,73657.49,73588.87,73588.87,28.40134,1779992999999,2091168.04522910,7170,8.46123000,623030.93658500,0,BTCUSDT,binance
2026-05-28 18:30:00+00:00,73588.88,73684.9,73580.77,73663.99,28.9614,1779993299999,2132153.00312950,9578,23.09305000,1700100.94560280,0,BTCUSDT,binance
2026-05-28 18:35:00+00:00,73663.04,73663.04,73584.83,73595.96,33.37956,1779993599999,2457096.82518960,9332,14.65523000,1078699.87506950,0,BTCUSDT,binance
2026-05-28 18:40:00+00:00,73595.97,73627.31,73585.39,73602.0,40.61577,1779993899999,2989290.03131960,4626,27.23704000,2004576.20446120,0,BTCUSDT,binance
2026-05-28 18:45:00+00:00,73602.0,73645.87,73582.54,73613.31,46.33807,1779994199999,3411236.31548950,7503,21.62602000,1592005.40661250,0,BTCUSDT,binance
2026-05-28 18:50:00+00:00,73613.3,73688.24,73609.79,73672.01,25.69188,1779994499999,1892181.93717260,5693,13.70521000,1009315.52474870,0,BTCUSDT,binance
2026-05-28 18:55:00+00:00,73672.0,73736.11,73636.79,73652.88,39.21546,1779994799999,2889639.55102270,7719,14.24349000,1049536.18549390,0,BTCUSDT,binance
2026-05-28 19:00:00+00:00,73652.87,73652.88,73510.97,73535.78,28.5766,1779995099999,2102663.10183090,10526,11.36577000,835936.04085320,0,BTCUSDT,binance
2026-05-28 19:05:00+00:00,73535.79,73580.22,73500.0,73500.01,24.23286,1779995399999,1782437.67248110,5626,9.76728000,718389.10305780,0,BTCUSDT,binance
2026-05-28 19:10:00+00:00,73500.0,73506.76,73457.62,73482.25,33.44619,1779995699999,2457524.79072570,6706,20.51932000,1507629.24095480,0,BTCUSDT,binance
2026-05-28 19:15:00+00:00,73482.25,73490.0,73429.49,73489.99,25.85318,1779995999999,1899390.58051390,6115,11.09559000,815114.44707320,0,BTCUSDT,binance
2026-05-28 19:20:00+00:00,73490.0,73518.44,73483.62,73512.82,37.05456,1779996299999,2723647.06584050,5168,20.79309000,1528254.54912740,0,BTCUSDT,binance
2026-05-28 19:25:00+00:00,73512.82,73560.0,73502.64,73559.99,23.55133,1779996599999,1731670.49185060,5116,15.41682000,1133545.45838800,0,BTCUSDT,binance
2026-05-28 19:30:00+00:00,73560.0,73593.26,73475.43,73475.44,35.52733,1779996899999,2612630.89094770,7507,9.85969000,725138.57976560,0,BTCUSDT,binance
2026-05-28 19:35:00+00:00,73475.43,73475.44,73429.08,73436.01,24.84335,1779997199999,1824593.64855740,5822,12.34395000,906595.60664650,0,BTCUSDT,binance
2026-05-28 19:40:00+00:00,73436.01,73455.59,73423.12,73434.69,34.60321,1779997499999,2541284.67267520,5323,18.87816000,1386364.27633240,0,BTCUSDT,binance
2026-05-28 19:45:00+00:00,73434.68,73510.82,73434.68,73502.22,20.6504,1779997799999,1517353.96048050,6103,14.91348000,1095754.74586790,0,BTCUSDT,binance
2026-05-28 19:50:00+00:00,73502.22,73525.32,73392.68,73464.95,92.87874,1779998099999,6823100.60370810,11282,28.21483000,2072536.36201560,0,BTCUSDT,binance
2026-05-28 19:55:00+00:00,73464.95,73486.5,73381.81,73419.32,66.53267,1779998399999,4886060.01028860,11457,16.39538000,1204113.70490230,0,BTCUSDT,binance
2026-05-28 20:00:00+00:00,73419.31,73444.94,73332.04,73360.82,52.27484,1779998699999,3836582.26200080,12932,25.93234000,1903314.40481100,0,BTCUSDT,binance
2026-05-28 20:05:00+00:00,73360.82,73370.92,73241.48,73321.3,49.5492,1779998999999,3631897.50932970,11896,26.23614000,1922980.60182170,0,BTCUSDT,binance
2026-05-28 20:10:00+00:00,73321.29,73541.72,73303.47,73443.82,99.24522,1779999299999,7288899.60215150,10592,61.12541000,4488589.32706870,0,BTCUSDT,binance
2026-05-28 20:15:00+00:00,73443.81,73573.77,73440.0,73570.0,27.43167,1779999599999,2016452.60345210,8362,21.13158000,1553224.35179240,0,BTCUSDT,binance
2026-05-28 20:20:00+00:00,73570.0,73640.91,73570.0,73598.38,23.53819,1779999899999,1732572.05803710,7614,14.51940000,1068652.71240930,0,BTCUSDT,binance
2026-05-28 20:25:00+00:00,73598.39,73668.61,73592.39,73647.4,34.07107,1780000199999,2508348.80617430,6437,19.52302000,1437296.40606850,0,BTCUSDT,binance
2026-05-28 20:30:00+00:00,73647.39,73678.37,73618.38,73626.1,34.31218,1780000499999,2527242.45268330,7838,15.96171000,1175631.82136130,0,BTCUSDT,binance
2026-05-28 20:35:00+00:00,73626.1,73702.01,73626.1,73666.19,24.58574,1780000799999,1811009.18323500,3840,16.49658000,1215089.78169010,0,BTCUSDT,binance
2026-05-28 20:40:00+00:00,73666.19,73721.45,73666.18,73702.0,23.00102,1780001099999,1695028.33087120,4574,14.00112000,1031769.29408570,0,BTCUSDT,binance
2026-05-28 20:45:00+00:00,73702.0,73702.0,73637.67,73682.56,26.12266,1780001399999,1924320.11417340,6036,12.13047000,893552.85526400,0,BTCUSDT,binance
2026-05-28 20:50:00+00:00,73682.57,73686.75,73648.88,73660.13,20.47052,1780001699999,1508079.89171400,3381,9.78613000,720889.31044990,0,BTCUSDT,binance
2026-05-28 20:55:00+00:00,73660.13,73660.13,73572.0,73579.99,27.25515,1780001999999,2005723.51126530,4946,13.63630000,1003364.78647230,0,BTCUSDT,binance
2026-05-28 21:00:00+00:00,73580.0,73611.59,73568.0,73568.01,28.67386,1780002299999,2110288.53307700,5015,10.15336000,747215.92280190,0,BTCUSDT,binance
2026-05-28 21:05:00+00:00,73568.01,73644.83,73560.45,73640.01,22.5487,1780002599999,1659416.46480450,5545,16.89273000,1243089.62458810,0,BTCUSDT,binance
2026-05-28 21:10:00+00:00,73640.01,73716.95,73632.63,73694.32,34.92565,1780002899999,2572842.93195700,7164,19.16365000,1411795.04560690,0,BTCUSDT,binance
2026-05-28 21:15:00+00:00,73694.31,73734.0,73670.75,73670.76,25.29515,1780003199999,1864483.60509320,5330,13.55945000,999440.61387440,0,BTCUSDT,binance
2026-05-28 21:20:00+00:00,73670.75,73749.69,73670.75,73745.34,21.55379,1780003499999,1588804.79589720,3496,17.88669000,1318462.62885810,0,BTCUSDT,binance
2026-05-28 21:25:00+00:00,73745.34,73748.63,73693.6,73693.61,33.34023,1780003799999,2458511.79837140,4123,15.37060000,1133461.00997210,0,BTCUSDT,binance
2026-05-28 21:30:00+00:00,73693.61,73735.46,73686.05,73735.45,22.90898,1780004099999,1688394.95540460,3251,17.44035000,1285380.59055520,0,BTCUSDT,binance
2026-05-28 21:35:00+00:00,73735.46,73837.83,73718.5,73793.05,45.80747,1780004399999,3379499.02759990,9382,29.33964000,2164660.81766610,0,BTCUSDT,binance
2026-05-28 21:40:00+00:00,73793.05,73926.22,73793.05,73908.0,52.66772,1780004699999,3890483.84460860,18909,34.05943000,2515791.71592990,0,BTCUSDT,binance
2026-05-28 21:45:00+00:00,73907.99,73907.99,73821.24,73831.11,28.22403,1780004999999,2084245.68579350,7901,11.18472000,825929.32578050,0,BTCUSDT,binance
2026-05-28 21:50:00+00:00,73831.12,73884.98,73801.44,73840.02,34.4289,1780005299999,2542392.59572620,8903,17.40828000,1285391.95453130,0,BTCUSDT,binance
2026-05-28 21:55:00+00:00,73840.02,73858.01,73817.31,73817.31,35.70369,1780005599999,2636533.67683700,4806,14.09304000,1040694.86974990,0,BTCUSDT,binance
2026-05-28 22:00:00+00:00,73817.31,73949.22,73749.68,73773.1,71.48706,1780005899999,5279340.29376200,14869,32.74359000,2418218.66168730,0,BTCUSDT,binance
2026-05-28 22:05:00+00:00,73773.1,73778.59,73705.02,73760.02,38.57121,1780006199999,2844307.75171390,7771,21.30670000,1571158.94182980,0,BTCUSDT,binance
2026-05-28 22:10:00+00:00,73760.03,73760.03,73694.31,73711.99,54.50863,1780006499999,4018131.20432170,8186,17.93187000,1321721.97781820,0,BTCUSDT,binance
2026-05-28 22:15:00+00:00,73711.99,73718.8,73680.0,73680.01,34.49457,1780006799999,2542209.08302870,4261,6.33305000,466744.35884350,0,BTCUSDT,binance
2026-05-28 22:20:00+00:00,73680.01,73696.49,73644.8,73696.49,39.97726,1780007099999,2944973.44205470,5452,16.12352000,1187739.55513800,0,BTCUSDT,binance
2026-05-28 22:25:00+00:00,73696.48,73698.82,73604.33,73614.01,38.0423,1780007399999,2801999.03059530,6936,16.52437000,1217111.00354270,0,BTCUSDT,binance
2026-05-28 22:30:00+00:00,73614.0,73614.0,73556.25,73569.55,29.55003,1780007699999,2174197.12843750,5552,15.64593000,1151181.88230530,0,BTCUSDT,binance
2026-05-28 22:35:00+00:00,73569.55,73574.01,73548.89,73548.89,22.02645,1780007999999,1620358.32788010,3085,11.24759000,827421.57769210,0,BTCUSDT,binance
2026-05-28 22:40:00+00:00,73548.89,73548.9,73492.0,73500.73,39.24871,1780008299999,2885296.74517280,6713,11.65830000,856972.48159530,0,BTCUSDT,binance
2026-05-28 22:45:00+00:00,73500.73,73571.59,73500.72,73568.3,26.33769,1780008599999,1936665.49022320,4071,21.51223000,1581756.82719970,0,BTCUSDT,binance
2026-05-28 22:50:00+00:00,73568.3,73592.16,73506.91,73510.86,22.30948,1780008899999,1640848.97582770,5539,9.64053000,708991.87146330,0,BTCUSDT,binance
2026-05-28 22:55:00+00:00,73510.85,73516.0,73448.55,73464.8,29.11542,1780009199999,2139730.41225440,4905,13.37798000,983107.24933030,0,BTCUSDT,binance
2026-05-28 23:00:00+00:00,73464.8,73569.72,73464.79,73542.74,38.20318,1780009499999,2808932.02716270,7926,25.88593000,1903078.68535980,0,BTCUSDT,binance
2026-05-28 23:05:00+00:00,73542.74,73573.16,73542.73,73570.01,22.67817,1780009799999,1668218.87363480,3448,17.07137000,1255755.09296840,0,BTCUSDT,binance
2026-05-28 23:10:00+00:00,73570.0,73597.06,73552.13,73597.05,24.18108,1780010099999,1779021.19407210,4264,16.57661000,1219570.91875450,0,BTCUSDT,binance
2026-05-28 23:15:00+00:00,73597.06,73609.9,73586.0,73609.89,21.71801,1780010399999,1598382.02555970,2802,14.07461000,1035857.70018510,0,BTCUSDT,binance
2026-05-28 23:20:00+00:00,73609.9,73609.9,73566.55,73589.5,25.703,1780010699999,1891315.22055740,3346,8.85102000,651203.26051380,0,BTCUSDT,binance
2026-05-28 23:25:00+00:00,73589.5,73694.61,73589.49,73684.18,41.22638,1780010999999,3035604.45357390,5706,29.79919000,2194210.05590540,0,BTCUSDT,binance
2026-05-28 23:30:00+00:00,73684.18,73714.9,73670.43,73670.43,28.91698,1780011299999,2130878.14265030,5082,14.49185000,1067870.83734120,0,BTCUSDT,binance
2026-05-28 23:35:00+00:00,73670.44,73670.44,73596.03,73596.04,19.98131,1780011599999,1471383.27281340,3518,6.37168000,469188.32030140,0,BTCUSDT,binance
2026-05-28 23:40:00+00:00,73596.04,73599.18,73544.99,73599.18,27.14332,1780011899999,1996884.86405490,4644,18.43471000,1356194.13940540,0,BTCUSDT,binance
2026-05-28 23:45:00+00:00,73599.18,73599.18,73534.99,73537.95,20.53559,1780012199999,1510597.90132530,4169,7.78761000,572824.93622090,0,BTCUSDT,binance
2026-05-28 23:50:00+00:00,73537.95,73573.69,73537.94,73568.67,25.72602,1780012499999,1892253.47266760,3942,16.86358000,1240339.89847920,0,BTCUSDT,binance
2026-05-28 23:55:00+00:00,73568.67,73645.84,73568.66,73617.51,25.79326,1780012799999,1898765.65872280,4714,19.16223000,1410545.38669430,0,BTCUSDT,binance
2026-05-29 00:00:00+00:00,73617.52,73746.6,73617.51,73666.03,125.1201,1780013099999,9216860.88310300,14590,51.10229000,3764547.49539770,0,BTCUSDT,binance
2026-05-29 00:05:00+00:00,73666.03,73694.32,73631.61,73694.32,49.2444,1780013399999,3627501.52747830,9149,34.34731000,2530051.92403770,0,BTCUSDT,binance
2026-05-29 00:10:00+00:00,73694.31,73788.22,73694.31,73745.47,55.95719,1780013699999,4126574.51817390,8210,42.07354000,3102583.09068000,0,BTCUSDT,binance
2026-05-29 00:15:00+00:00,73745.48,73843.03,73681.84,73780.72,78.27454,1780013999999,5775726.81668760,14408,46.79202000,3452272.06007290,0,BTCUSDT,binance
2026-05-29 00:20:00+00:00,73780.72,73852.7,73757.33,73837.09,56.67371,1780014299999,4183736.89209610,8593,34.24368000,2527739.74808740,0,BTCUSDT,binance
2026-05-29 00:25:00+00:00,73837.09,73854.77,73764.16,73778.0,31.99772,1780014599999,2361780.68089120,7792,15.17446000,1119983.56888970,0,BTCUSDT,binance
2026-05-29 00:30:00+00:00,73778.01,73800.0,73754.3,73754.31,32.03671,1780014899999,2363308.74343780,4320,20.11976000,1484204.53321710,0,BTCUSDT,binance
2026-05-29 00:35:00+00:00,73754.3,73851.96,73754.3,73845.93,34.11901,1780015199999,2518009.56077840,7538,26.66360000,1967768.50152880,0,BTCUSDT,binance
2026-05-29 00:40:00+00:00,73845.92,73849.98,73794.55,73849.45,45.45069,1780015499999,3355083.06216350,4407,30.00531000,2214921.38837940,0,BTCUSDT,binance
2026-05-29 00:45:00+00:00,73849.45,73849.45,73758.0,73758.01,37.87844,1780015799999,2795276.54551340,4780,14.44283000,1065599.99004370,0,BTCUSDT,binance
2026-05-29 00:50:00+00:00,73758.01,73798.0,73710.25,73710.26,20.8573,1780016099999,1538408.87907460,4926,12.03152000,887423.21841340,0,BTCUSDT,binance
2026-05-29 00:55:00+00:00,73710.25,73721.97,73679.26,73716.37,24.52963,1780016399999,1807865.29695850,5633,15.86083000,1168951.42211960,0,BTCUSDT,binance
2026-05-29 01:00:00+00:00,73716.37,73805.3,73716.36,73786.0,43.53104,1780016699999,3210928.47007940,8620,34.72048000,2561032.68121000,0,BTCUSDT,binance
2026-05-29 01:05:00+00:00,73786.01,73868.33,73786.0,73860.0,43.40677,1780016999999,3204689.85674630,8699,32.91391000,2429940.63258350,0,BTCUSDT,binance
2026-05-29 01:10:00+00:00,73860.0,73860.0,73754.47,73778.98,39.85529,1780017299999,2941398.58110930,7907,29.01195000,2141068.87296070,0,BTCUSDT,binance
2026-05-29 01:15:00+00:00,73778.99,73800.0,73701.99,73702.0,49.86529,1780017599999,3678366.77783990,7731,18.09646000,1334915.22133320,0,BTCUSDT,binance
2026-05-29 01:20:00+00:00,73701.99,73702.0,73611.06,73611.06,80.05343,1780017899999,5897662.86490280,7430,19.07919000,1404612.19291700,0,BTCUSDT,binance
2026-05-29 01:25:00+00:00,73610.45,73634.1,73578.11,73591.64,27.08073,1780018199999,1993331.80070050,6257,16.02558000,1179644.67835480,0,BTCUSDT,binance
2026-05-29 01:30:00+00:00,73591.64,73591.64,73528.52,73583.14,106.15915,1780018499999,7808060.75665740,10270,17.67180000,1299736.42365810,0,BTCUSDT,binance
2026-05-29 01:35:00+00:00,73583.15,73583.15,73486.49,73500.0,36.31257,1780018799999,2669726.92445620,8664,18.87648000,1387639.65970380,0,BTCUSDT,binance
2026-05-29 01:40:00+00:00,73500.0,73526.01,73499.99,73526.01,24.00626,1780019099999,1764677.74400560,5170,17.82500000,1310270.63445990,0,BTCUSDT,binance
2026-05-29 01:45:00+00:00,73526.01,73592.03,73463.52,73463.53,29.23377,1780019399999,2149500.11108560,9273,15.62527000,1148809.99827610,0,BTCUSDT,binance
2026-05-29 01:50:00+00:00,73463.53,73600.0,73463.52,73600.0,31.50778,1780019699999,2316599.39588520,8203,21.79433000,1602477.24652630,0,BTCUSDT,binance
2026-05-29 01:55:00+00:00,73600.0,73626.77,73570.08,73586.83,32.42833,1780019999999,2386703.20173740,7548,17.50001000,1287966.63599850,0,BTCUSDT,binance
2026-05-29 02:00:00+00:00,73586.83,73640.0,73554.62,73604.4,187.83203,1780020299999,13823615.96611530,11521,79.54178000,5853160.07152710,0,BTCUSDT,binance
2026-05-29 02:05:00+00:00,73604.4,73620.01,73558.0,73620.01,154.08622,1780020599999,11338907.49437060,5905,101.65401000,7480625.89350100,0,BTCUSDT,binance
2026-05-29 02:10:00+00:00,73620.0,73633.08,73599.45,73623.19,31.5965,1780020899999,2326036.29649920,5530,19.44316000,1431353.74103090,0,BTCUSDT,binance
2026-05-29 02:15:00+00:00,73623.19,73646.68,73588.0,73630.01,42.27411,1780021199999,3112220.45071820,6420,11.03286000,812281.35612970,0,BTCUSDT,binance
2026-05-29 02:20:00+00:00,73630.0,73630.01,73483.14,73483.15,23.179,1780021499999,1704722.43384860,8800,7.91308000,581920.76009800,0,BTCUSDT,binance
2026-05-29 02:25:00+00:00,73483.14,73486.5,73370.24,73388.22,56.91762,1780021799999,4179618.37120320,10901,17.64969000,1296045.73486220,0,BTCUSDT,binance
2026-05-29 02:30:00+00:00,73388.22,73473.41,73361.05,73470.09,37.87536,1780022099999,2780379.44676980,10979,19.05555000,1398973.58371320,0,BTCUSDT,binance
2026-05-29 02:35:00+00:00,73470.09,73482.02,73442.38,73459.0,7.83972,1780022399999,575925.06594270,4843,3.67564000,270018.13455110,0,BTCUSDT,binance
2026-05-29 02:40:00+00:00,73459.0,73459.0,73314.67,73340.09,75.35427,1780022699999,5527322.75623670,8451,12.12453000,889310.48240060,0,BTCUSDT,binance
2026-05-29 02:45:00+00:00,73340.1,73399.08,73340.09,73371.03,20.41794,1780022999999,1498107.37672130,5495,10.81828000,793677.58679040,0,BTCUSDT,binance
2026-05-29 02:50:00+00:00,73371.02,73371.03,73250.0,73250.0,32.75954,1780023299999,2401447.24783570,9716,11.21813000,822334.90181020,0,BTCUSDT,binance
2026-05-29 02:55:00+00:00,73250.0,73274.01,73189.11,73225.06,46.00185,1780023599999,3368934.96928580,12175,15.35351000,1124330.02626300,0,BTCUSDT,binance
2026-05-29 03:00:00+00:00,73225.07,73302.58,73225.07,73290.5,36.58506,1780023899999,2680717.11377400,10173,23.80034000,1743901.01717020,0,BTCUSDT,binance
2026-05-29 03:05:00+00:00,73290.51,73455.35,73290.51,73447.7,29.94615,1780024199999,2197156.24066550,10134,23.30514000,1709871.17865210,0,BTCUSDT,binance
2026-05-29 03:10:00+00:00,73447.7,73456.63,73435.33,73446.97,21.38055,1780024499999,1570244.18936690,4734,10.08392000,740564.80622150,0,BTCUSDT,binance
2026-05-29 03:15:00+00:00,73446.97,73446.97,73385.32,73430.38,21.39127,1780024799999,1570504.27923220,6490,7.68108000,563922.64496920,0,BTCUSDT,binance
2026-05-29 03:20:00+00:00,73430.38,73431.17,73405.87,73409.11,10.36959,1780025099999,761293.28390140,2122,6.35925000,466855.20170730,0,BTCUSDT,binance
2026-05-29 03:25:00+00:00,73409.11,73410.89,73394.25,73394.25,5.41479,1780025399999,397465.23572010,2252,2.52918000,185652.06655060,0,BTCUSDT,binance
2026-05-29 03:30:00+00:00,73394.25,73445.44,73362.18,73427.75,14.01154,1780025699999,1028520.94092810,7496,8.76824000,643570.11592620,0,BTCUSDT,binance
2026-05-29 03:35:00+00:00,73427.75,73430.33,73317.81,73321.06,16.97397,1780025999999,1245038.84909370,6144,4.79806000,351877.91938220,0,BTCUSDT,binance
2026-05-29 03:40:00+00:00,73321.06,73367.88,73321.05,73365.51,18.99312,1780026299999,1393236.05962910,3960,17.80876000,1306352.88850370,0,BTCUSDT,binance
2026-05-29 03:45:00+00:00,73365.52,73367.02,73346.83,73346.84,41.52355,1780026599999,3045945.63624690,4587,32.48560000,2382958.19332060,0,BTCUSDT,binance
2026-05-29 03:50:00+00:00,73346.84,73361.88,73261.02,73315.42,22.60171,1780026899999,1656960.69215210,7964,10.09315000,739909.68066750,0,BTCUSDT,binance
2026-05-29 03:55:00+00:00,73315.42,73335.03,73295.51,73301.52,32.39876,1780027199999,2374992.17137320,5511,20.84954000,1528289.05497850,0,BTCUSDT,binance
2026-05-29 04:00:00+00:00,73301.53,73376.09,73301.52,73370.0,23.66864,1780027499999,1735914.24086030,7797,13.51535000,991213.57854610,0,BTCUSDT,binance
2026-05-29 04:05:00+00:00,73370.01,73370.01,73228.37,73228.89,31.81028,1780027799999,2331220.20201670,9214,16.80673000,1231767.15511730,0,BTCUSDT,binance
2026-05-29 04:10:00+00:00,73228.9,73250.0,73210.21,73227.75,42.68073,1780028099999,3125801.84972650,6859,31.23424000,2287517.40840780,0,BTCUSDT,binance
2026-05-29 04:15:00+00:00,73227.75,73269.88,73227.75,73257.63,36.41578,1780028399999,2667900.06236600,5882,22.01514000,1612838.97932960,0,BTCUSDT,binance
2026-05-29 04:20:00+00:00,73257.62,73322.01,73257.62,73313.0,27.91106,1780028699999,2045398.63639510,7133,20.57906000,1508115.08182490,0,BTCUSDT,binance
2026-05-29 04:25:00+00:00,73313.0,73380.01,73313.0,73373.85,11.75497,1780028999999,862212.38761330,4766,8.83012000,647671.39246260,0,BTCUSDT,binance
2026-05-29 04:30:00+00:00,73373.85,73423.73,73354.2,73390.45,20.00547,1780029299999,1468089.36472520,7448,11.32984000,831445.19560050,0,BTCUSDT,binance
2026-05-29 04:35:00+00:00,73390.45,73440.67,73390.44,73412.01,11.46037,1780029599999,841455.74838670,4347,5.71394000,419521.06793330,0,BTCUSDT,binance
2026-05-29 04:40:00+00:00,73412.01,73420.67,73394.68,73418.01,16.04174,1780029899999,1177649.35182980,3606,13.38655000,982733.05352100,0,BTCUSDT,binance
2026-05-29 04:45:00+00:00,73418.01,73455.13,73418.0,73444.89,17.22074,1780030199999,1264634.82658040,7021,11.33476000,832408.78905320,0,BTCUSDT,binance
2026-05-29 04:50:00+00:00,73444.9,73463.18,73403.56,73463.01,131.8602,1780030499999,9684609.09735990,4644,88.11148000,6471288.23909240,0,BTCUSDT,binance
2026-05-29 04:55:00+00:00,73463.01,73508.97,73445.59,73507.69,91.91909,1780030799999,6755652.90058190,7259,84.27052000,6193677.78460300,0,BTCUSDT,binance
2026-05-29 05:00:00+00:00,73507.68,73579.0,73503.32,73579.0,54.97402,1780031099999,4042809.06453870,8217,45.28600000,3330494.07375600,0,BTCUSDT,binance
2026-05-29 05:05:00+00:00,73579.0,73611.39,73550.26,73606.89,61.97881,1780031399999,4561094.05424640,6293,51.00228000,3753378.44568980,0,BTCUSDT,binance
2026-05-29 05:10:00+00:00,73606.89,73638.45,73596.0,73597.35,23.21009,1780031699999,1708789.95057450,7636,14.64959000,1078557.03648440,0,BTCUSDT,binance
2026-05-29 05:15:00+00:00,73597.36,73620.01,73569.98,73620.0,129.70585,1780031999999,9545373.01140110,5596,110.68145000,8145209.93731110,0,BTCUSDT,binance
2026-05-29 05:20:00+00:00,73620.0,73620.0,73532.47,73552.02,156.16316,1780032299999,11485398.81478400,10545,23.74813000,1746477.48816460,0,BTCUSDT,binance
2026-05-29 05:25:00+00:00,73552.02,73588.35,73550.53,73582.92,41.48482,1780032599999,3051953.20221880,4334,34.70246000,2553031.16545840,0,BTCUSDT,binance
2026-05-29 05:30:00+00:00,73582.93,73582.93,73507.24,73516.65,27.91007,1780032899999,2052526.32833310,6946,12.40968000,912558.40831470,0,BTCUSDT,binance
2026-05-29 05:35:00+00:00,73516.64,73522.89,73500.0,73522.89,26.875,1780033199999,1975722.35269040,5596,21.11708000,1552427.38106380,0,BTCUSDT,binance
2026-05-29 05:40:00+00:00,73522.88,73530.03,73501.38,73512.0,46.37279,1780033499999,3409224.71127330,4300,19.77284000,1453573.02054330,0,BTCUSDT,binance
2026-05-29 05:45:00+00:00,73511.99,73690.74,73511.99,73681.32,80.92758,1780033799999,5954769.11524740,9608,68.53596000,5042441.61270540,0,BTCUSDT,binance
2026-05-29 05:50:00+00:00,73681.31,73689.68,73633.96,73667.3,74.64864,1780034099999,5499330.19668940,8626,7.63102000,562168.22864500,0,BTCUSDT,binance
2026-05-29 05:55:00+00:00,73667.3,73719.39,73651.3,73706.0,90.05897,1780034399999,6634831.75803720,4663,78.46655000,5780732.53723480,0,BTCUSDT,binance
2026-05-29 06:00:00+00:00,73706.0,73709.15,73670.26,73694.0,14.44302,1780034699999,1064350.60205430,6222,7.03735000,518584.13794840,0,BTCUSDT,binance
2026-05-29 06:05:00+00:00,73694.0,73694.0,73641.05,73660.73,21.2676,1780034999999,1566562.73345410,4825,7.31434000,538746.77002300,0,BTCUSDT,binance
2026-05-29 06:10:00+00:00,73660.73,73700.01,73650.41,73700.0,13.06547,1780035299999,962714.72826690,4888,10.24732000,755084.04027700,0,BTCUSDT,binance
2026-05-29 06:15:00+00:00,73700.01,73776.0,73700.0,73776.0,35.92684,1780035599999,2649298.65836230,9053,27.16047000,2002907.44055170,0,BTCUSDT,binance
2026-05-29 06:20:00+00:00,73776.0,73939.19,73773.82,73836.32,50.44342,1780035899999,3725013.65805790,15792,29.52279000,2180245.56587440,0,BTCUSDT,binance
2026-05-29 06:25:00+00:00,73836.32,73846.19,73770.67,73772.03,36.15717,1780036199999,2668664.44787050,7928,11.82666000,872793.17340130,0,BTCUSDT,binance
2026-05-29 06:30:00+00:00,73772.04,73772.04,73711.2,73711.21,18.97728,1780036499999,1399415.76469710,4280,7.61178000,561259.03150870,0,BTCUSDT,binance
2026-05-29 06:35:00+00:00,73711.21,73715.39,73669.8,73683.46,15.66359,1780036799999,1154242.94343840,3123,7.71172000,568268.58519410,0,BTCUSDT,binance
2026-05-29 06:40:00+00:00,73683.47,73702.55,73683.46,73702.55,12.33804,1780037099999,909226.88088770,2710,9.24396000,681221.47928930,0,BTCUSDT,binance
2026-05-29 06:45:00+00:00,73702.55,73763.08,73702.54,73746.01,25.02714,1780037399999,1845679.88869130,4954,19.22646000,1417935.35308070,0,BTCUSDT,binance
2026-05-29 06:50:00+00:00,73746.01,73810.0,73730.99,73780.01,27.1747,1780037699999,2004487.76657250,6480,19.21032000,1416931.15373070,0,BTCUSDT,binance
2026-05-29 06:55:00+00:00,73780.0,73794.01,73776.0,73786.32,12.58745,1780037999999,928744.94426600,3791,6.29581000,464515.90729290,0,BTCUSDT,binance
2026-05-29 07:00:00+00:00,73786.32,73800.01,73757.6,73776.0,45.62079,1780038299999,3365665.38499890,8798,30.40044000,2242791.61895120,0,BTCUSDT,binance
2026-05-29 07:05:00+00:00,73776.01,73796.02,73755.0,73764.62,125.50824,1780038599999,9259371.98002450,4874,28.43565000,2097543.59172170,0,BTCUSDT,binance
2026-05-29 07:10:00+00:00,73764.62,73816.02,73764.61,73816.0,14.67929,1780038899999,1083403.24861940,5397,9.61972000,709950.31982480,0,BTCUSDT,binance
2026-05-29 07:15:00+00:00,73816.0,73830.01,73793.79,73830.01,135.05929,1780039199999,9969412.96705220,6167,91.56452000,6758609.75364180,0,BTCUSDT,binance
2026-05-29 07:20:00+00:00,73830.0,73830.01,73798.35,73802.62,16.96624,1780039499999,1252390.10592730,3112,9.77291000,721388.83670800,0,BTCUSDT,binance
2026-05-29 07:25:00+00:00,73802.61,73802.62,73750.11,73770.33,14.7359,1780039799999,1086992.69905660,3640,10.17756000,750706.21535640,0,BTCUSDT,binance
2026-05-29 07:30:00+00:00,73770.32,73770.33,73530.72,73534.68,140.14568,1780040099999,10316410.01559800,19876,48.48651000,3568389.42675070,0,BTCUSDT,binance
2026-05-29 07:35:00+00:00,73534.68,73549.57,73448.0,73491.19,112.22022,1780040399999,8247253.66257110,12660,49.51588000,3638934.74959810,0,BTCUSDT,binance
2026-05-29 07:40:00+00:00,73491.18,73491.19,73392.68,73407.79,105.33089,1780040699999,7735241.56995170,10967,52.23556000,3835885.32964040,0,BTCUSDT,binance
2026-05-29 07:45:00+00:00,73407.78,73418.72,73373.37,73398.47,149.72242,1780040999999,10989711.44560370,10812,78.25941000,5744225.83700110,0,BTCUSDT,binance
2026-05-29 07:50:00+00:00,73398.47,73441.1,73392.62,73394.23,112.34506,1780041299999,8248266.78915710,6945,62.41503000,4582412.78403420,0,BTCUSDT,binance
2026-05-29 07:55:00+00:00,73394.23,73535.79,73394.23,73528.56,109.34238,1780041599999,8031983.56445410,11859,77.93667000,5725437.04225420,0,BTCUSDT,binance
2026-05-29 08:00:00+00:00,73528.55,73717.94,73524.0,73667.11,80.74301,1780041899999,5946900.64859310,12434,64.17429000,4726360.40404000,0,BTCUSDT,binance
2026-05-29 08:05:00+00:00,73667.11,73724.01,73624.0,73710.19,34.35797,1780042199999,2531198.58782380,5639,26.35561000,1941648.27083950,0,BTCUSDT,binance
2026-05-29 08:10:00+00:00,73710.19,73719.73,73670.0,73718.0,52.85524,1780042499999,3895276.64344240,6945,38.82998000,2861649.23067190,0,BTCUSDT,binance
2026-05-29 08:15:00+00:00,73717.99,73735.97,73700.0,73704.06,33.56207,1780042799999,2474097.59522990,4796,15.61381000,1151009.64979690,0,BTCUSDT,binance
2026-05-29 08:20:00+00:00,73704.07,73825.99,73704.0,73784.0,110.48236,1780043099999,8152291.05147810,9847,88.92480000,6561460.63996030,0,BTCUSDT,binance
2026-05-29 08:25:00+00:00,73784.01,73835.58,73784.0,73787.98,121.51546,1780043399999,8969014.08315730,8758,95.12629000,7021253.17173640,0,BTCUSDT,binance
2026-05-29 08:30:00+00:00,73787.98,73808.36,73722.98,73808.36,88.36432,1780043699999,6518704.54556160,7774,56.38262000,4159482.68449700,0,BTCUSDT,binance
2026-05-29 08:35:00+00:00,73808.35,73824.01,73794.71,73807.8,32.78103,1780043999999,2419360.10648050,4054,16.87134000,1245166.49143440,0,BTCUSDT,binance
2026-05-29 08:40:00+00:00,73807.79,73829.23,73767.88,73818.37,64.2954,1780044299999,4744699.65858670,6027,44.22941000,3263801.42757600,0,BTCUSDT,binance
2026-05-29 08:45:00+00:00,73818.37,73818.38,73719.38,73722.15,22.66813,1780044599999,1672155.36636700,5794,7.05906000,520685.55637860,0,BTCUSDT,binance
2026-05-29 08:50:00+00:00,73722.16,73736.01,73687.98,73703.41,28.24349,1780044899999,2081635.45540820,5168,14.68604000,1082347.56909920,0,BTCUSDT,binance
2026-05-29 08:55:00+00:00,73703.42,73703.42,73635.6,73653.4,20.17095,1780045199999,1485675.68835630,5273,11.80510000,869445.23563340,0,BTCUSDT,binance
2026-05-29 09:00:00+00:00,73653.4,73703.42,73649.58,73659.8,69.81878,1780045499999,5144166.22281640,7860,21.57445000,1589510.82387960,0,BTCUSDT,binance
2026-05-29 09:05:00+00:00,73659.79,73756.0,73659.79,73755.99,50.8214,1780045799999,3745993.38087620,6670,44.92380000,3311289.53858430,0,BTCUSDT,binance
2026-05-29 09:10:00+00:00,73755.99,73877.17,73755.99,73816.7,55.11144,1780046099999,4068983.23518430,9283,37.32876000,2755949.88065490,0,BTCUSDT,binance
2026-05-29 09:15:00+00:00,73816.7,73866.51,73814.0,73866.51,23.02686,1780046399999,1700404.03645260,4987,16.81892000,1241961.94142990,0,BTCUSDT,binance
2026-05-29 09:20:00+00:00,73866.51,73877.59,73840.74,73876.24,80.02494,1780046699999,5910555.50969400,5369,62.98851000,4652252.50424810,0,BTCUSDT,binance
2026-05-29 09:25:00+00:00,73876.24,73902.85,73850.0,73887.03,56.8223,1780046999999,4198221.50383290,5173,37.48463000,2769455.16099710,0,BTCUSDT,binance
2026-05-29 09:30:00+00:00,73887.03,73887.12,73832.0,73848.0,19.74241,1780047299999,1458043.28470160,3671,7.92161000,585042.05399000,0,BTCUSDT,binance
2026-05-29 09:35:00+00:00,73848.0,73857.89,73817.04,73856.62,46.78075,1780047599999,3454526.92132600,3871,34.09495000,2517782.40475900,0,BTCUSDT,binance
2026-05-29 09:40:00+00:00,73856.61,73856.62,73827.68,73831.75,14.34421,1780047899999,1059181.82372060,2498,3.78178000,279221.37134260,0,BTCUSDT,binance
2026-05-29 09:45:00+00:00,73831.74,73831.75,73754.47,73754.56,38.41399,1780048199999,2834806.48181060,6198,12.20136000,900364.57530300,0,BTCUSDT,binance
2026-05-29 09:50:00+00:00,73754.57,73756.29,73738.73,73748.21,34.51558,1780048499999,2545507.23967990,4351,26.50886000,1955031.27722910,0,BTCUSDT,binance
2026-05-29 09:55:00+00:00,73748.22,73752.01,73719.05,73744.96,17.48351,1780048799999,1289178.73863980,3484,7.54370000,556235.48032770,0,BTCUSDT,binance
2026-05-29 10:00:00+00:00,73744.96,73744.96,73681.46,73681.47,18.65763,1780049099999,1375262.07489720,3091,2.43996000,179856.87751930,0,BTCUSDT,binance
2026-05-29 10:05:00+00:00,73681.46,73720.01,73676.89,73676.9,36.76676,1780049399999,2709536.25178510,6134,17.43050000,1284508.34122040,0,BTCUSDT,binance
2026-05-29 10:10:00+00:00,73676.89,73714.71,73676.89,73703.86,17.27581,1780049699999,1273187.70021120,2738,10.11891000,745693.85226690,0,BTCUSDT,binance
2026-05-29 10:15:00+00:00,73703.87,73703.87,73646.48,73658.15,27.2346,1780049999999,2006447.71980460,4116,10.48987000,772693.53723340,0,BTCUSDT,binance
2026-05-29 10:20:00+00:00,73658.16,73682.9,73621.52,73651.9,31.88677,1780050299999,2348471.79003230,4687,18.11275000,1334004.27190070,0,BTCUSDT,binance
2026-05-29 10:25:00+00:00,73651.9,73654.22,73619.99,73624.03,21.90514,1780050599999,1613031.02088800,2714,8.77148000,645880.96591200,0,BTCUSDT,binance
2026-05-29 10:30:00+00:00,73624.03,73624.04,73588.13,73624.03,27.94977,1780050899999,2057158.90971970,3232,13.65495000,1005037.02136450,0,BTCUSDT,binance
2026-05-29 10:35:00+00:00,73624.04,73749.53,73624.03,73702.98,106.19185,1780051199999,7827053.89654280,8406,94.31008000,6951099.95823370,0,BTCUSDT,binance
2026-05-29 10:40:00+00:00,73702.99,73702.99,73618.21,73618.21,116.17521,1780051499999,8557067.86502240,9070,84.00309000,6187557.79425070,0,BTCUSDT,binance
2026-05-29 10:45:00+00:00,73618.21,73651.49,73600.0,73651.47,38.03657,1780051799999,2800495.96969600,5675,31.94657000,2352153.98575950,0,BTCUSDT,binance
2026-05-29 10:50:00+00:00,73651.47,73660.12,73645.88,73654.0,36.37655,1780052099999,2679225.29028970,3113,30.57948000,2252267.36028630,0,BTCUSDT,binance
2026-05-29 10:55:00+00:00,73654.0,73697.06,73634.64,73634.64,105.2942,1780052399999,7757892.51677100,9774,74.39333000,5481370.56505530,0,BTCUSDT,binance
2026-05-29 11:00:00+00:00,73634.64,73652.0,73600.0,73638.93,16.62379,1780052699999,1223899.74463170,6118,9.22265000,679002.28811040,0,BTCUSDT,binance
2026-05-29 11:05:00+00:00,73638.93,73662.71,73627.21,73627.22,13.73908,1780052999999,1011858.33351120,3824,4.66797000,343831.93394720,0,BTCUSDT,binance
2026-05-29 11:10:00+00:00,73627.21,73688.0,73627.21,73652.81,43.95433,1780053299999,3237351.30473690,4942,25.42233000,1872512.99186320,0,BTCUSDT,binance
2026-05-29 11:15:00+00:00,73652.82,73668.88,73652.81,73666.01,8.96448,1780053599999,660351.44941850,2446,5.17191000,380967.56406240,0,BTCUSDT,binance
2026-05-29 11:20:00+00:00,73666.02,73700.41,73648.0,73686.0,28.49872,1780053899999,2099709.20592420,6163,14.83045000,1092569.32828030,0,BTCUSDT,binance
2026-05-29 11:25:00+00:00,73685.99,73686.0,73565.01,73571.64,14.36279,1780054199999,1057271.51007330,5225,4.44162000,326947.66982920,0,BTCUSDT,binance
2026-05-29 11:30:00+00:00,73571.64,73592.64,73527.92,73592.64,33.39907,1780054499999,2456467.22975800,5753,26.23626000,1929692.13192750,0,BTCUSDT,binance
2026-05-29 11:35:00+00:00,73592.65,73592.65,73500.0,73503.05,30.5506,1780054799999,2246813.79915710,7574,11.74700000,864062.13128150,0,BTCUSDT,binance
2026-05-29 11:40:00+00:00,73503.06,73533.36,73486.49,73491.64,42.31704,1780055099999,3110518.41299730,7560,11.04862000,812114.92746000,0,BTCUSDT,binance
2026-05-29 11:45:00+00:00,73491.63,73526.21,73455.71,73455.72,38.9305,1780055399999,2861499.28978650,6333,22.80536000,1676361.14305270,0,BTCUSDT,binance
2026-05-29 11:50:00+00:00,73455.71,73472.0,73341.85,73424.88,57.10648,1780055699999,4191262.45526780,14237,19.55323000,1435128.39490400,0,BTCUSDT,binance
2026-05-29 11:55:00+00:00,73424.89,73487.98,73414.01,73487.98,88.64961,1780055999999,6512943.87332450,9521,79.69061000,5854777.90955730,0,BTCUSDT,binance
2026-05-29 12:00:00+00:00,73487.98,73487.98,73403.01,73427.74,31.60812,1780056299999,2321423.45389870,9334,12.96259000,952018.02237790,0,BTCUSDT,binance
2026-05-29 12:05:00+00:00,73427.74,73427.75,73372.55,73382.7,22.9114,1780056599999,1681368.72958280,6541,11.81880000,867306.53162430,0,BTCUSDT,binance
2026-05-29 12:10:00+00:00,73382.7,73390.0,73344.58,73367.24,33.90032,1780056899999,2487253.99109100,6558,15.48291000,1136023.62581660,0,BTCUSDT,binance
2026-05-29 12:15:00+00:00,73367.24,73413.33,73325.63,73392.01,30.18835,1780057199999,2215132.75642920,7317,19.84191000,1455883.25759570,0,BTCUSDT,binance
2026-05-29 12:20:00+00:00,73392.0,73392.01,73318.65,73322.63,32.33136,1780057499999,2371573.17455250,8777,17.26390000,1266365.90873170,0,BTCUSDT,binance
2026-05-29 12:25:00+00:00,73322.64,73327.68,73313.0,73326.8,16.10903,1780057799999,1181078.29060860,3610,7.92096000,580749.00533520,0,BTCUSDT,binance
2026-05-29 12:30:00+00:00,73326.81,73339.77,73242.0,73287.71,65.91046,1780058099999,4831001.01625290,12219,26.89781000,1971749.90466240,0,BTCUSDT,binance
2026-05-29 12:35:00+00:00,73287.71,73311.67,73231.85,73252.25,24.46571,1780058399999,1792528.47938500,10243,14.56449000,1067076.89398820,0,BTCUSDT,binance
2026-05-29 12:40:00+00:00,73252.25,73278.68,73230.51,73277.32,27.32088,1780058699999,2001473.76836470,7307,15.40308000,1128412.86571310,0,BTCUSDT,binance
2026-05-29 12:45:00+00:00,73277.32,73288.0,73202.0,73245.85,33.22832,1780058999999,2433933.93474160,8983,17.29326000,1266660.93579460,0,BTCUSDT,binance
2026-05-29 12:50:00+00:00,73245.86,73374.0,73245.85,73325.14,71.33115,1780059299999,5231104.01347770,9779,37.55903000,2754186.02276920,0,BTCUSDT,binance
2026-05-29 12:55:00+00:00,73325.13,73335.84,73284.98,73295.73,30.12247,1780059599999,2208170.48647900,4212,18.75186000,1374627.95760480,0,BTCUSDT,binance
2026-05-29 13:00:00+00:00,73295.73,73295.73,73199.99,73242.31,43.77255,1780059899999,3205752.23114290,9613,20.27456000,1484866.03655030,0,BTCUSDT,binance
2026-05-29 13:05:00+00:00,73242.3,73247.24,73165.76,73212.58,75.12969,1780060199999,5500794.56053450,10743,40.27025000,2948252.61650410,0,BTCUSDT,binance
2026-05-29 13:10:00+00:00,73212.59,73212.59,73084.32,73125.27,70.51464,1780060499999,5157377.80814810,12075,26.31201000,1924088.29497170,0,BTCUSDT,binance
2026-05-29 13:15:00+00:00,73125.27,73140.0,73110.1,73111.92,34.42626,1780060799999,2517313.56219260,7284,22.62973000,1654710.45129690,0,BTCUSDT,binance
2026-05-29 13:20:00+00:00,73111.91,73121.56,73005.75,73030.98,83.61552,1780061099999,6109273.32461720,10433,24.33779000,1778255.86104320,0,BTCUSDT,binance
2026-05-29 13:25:00+00:00,73030.98,73088.28,72976.21,73069.76,75.266,1780061399999,5495846.35330080,14628,37.72356000,2755095.42476550,0,BTCUSDT,binance
2026-05-29 13:30:00+00:00,73069.76,73069.76,72900.46,72926.0,102.10079,1780061699999,7448886.92458620,25233,39.74413000,2899944.61728730,0,BTCUSDT,binance
2026-05-29 13:35:00+00:00,72926.0,73306.71,72918.0,73218.3,115.48723,1780061999999,8444921.44689170,29893,76.40231000,5586083.19891970,0,BTCUSDT,binance
2026-05-29 13:40:00+00:00,73218.3,73262.0,73107.79,73261.99,66.53001,1780062299999,4868301.70643270,22421,31.02957000,2270540.45269890,0,BTCUSDT,binance
2026-05-29 13:45:00+00:00,73262.0,73346.04,73210.0,73216.22,68.58259,1780062599999,5024862.85351390,19091,31.80626000,2330303.42825370,0,BTCUSDT,binance
2026-05-29 13:50:00+00:00,73216.22,73220.01,73062.08,73113.14,93.23316,1780062899999,6817615.92172780,15867,42.18949000,3084688.93717730,0,BTCUSDT,binance
2026-05-29 13:55:00+00:00,73113.14,73234.65,73113.13,73135.7,54.74407,1780063199999,4006177.76277340,12391,25.57302000,1871186.21850700,0,BTCUSDT,binance
2026-05-29 14:00:00+00:00,73135.7,73198.17,73104.0,73169.62,73.85444,1780063499999,5402491.06590630,15782,40.75931000,2981480.53801870,0,BTCUSDT,binance
2026-05-29 14:05:00+00:00,73169.62,73169.63,72895.36,72958.99,80.84113,1780063799999,5901602.81540590,20893,32.68810000,2386078.12071100,0,BTCUSDT,binance
2026-05-29 14:10:00+00:00,72958.0,73024.0,72914.7,73013.79,74.66045,1780064099999,5448653.86279670,15238,45.98803000,3356081.64554980,0,BTCUSDT,binance
2026-05-29 14:15:00+00:00,73013.79,73070.0,72753.84,72796.0,141.14274,1780064399999,10288486.01501960,35355,43.43375000,3167035.43162180,0,BTCUSDT,binance
2026-05-29 14:20:00+00:00,72796.0,72858.0,72686.15,72686.15,122.6059,1780064699999,8923664.80451380,29539,40.06135000,2916269.46330830,0,BTCUSDT,binance
2026-05-29 14:25:00+00:00,72686.16,72756.0,72512.49,72722.64,243.10208,1780064999999,17652024.65603030,46728,109.60498000,7959067.61813010,0,BTCUSDT,binance
2026-05-29 14:30:00+00:00,72722.64,72881.56,72650.76,72839.39,79.32237,1780065299999,5770609.08635990,26374,44.81310000,3259954.70171660,0,BTCUSDT,binance
2026-05-29 14:35:00+00:00,72839.39,72886.0,72696.66,72696.66,60.60879,1780065599999,4411546.08484180,23788,34.55458000,2515380.18933550,0,BTCUSDT,binance
2026-05-29 14:40:00+00:00,72696.67,72759.99,72573.1,72648.68,121.1899,1780065899999,8806057.02804460,26932,51.97898000,3776781.34716420,0,BTCUSDT,binance
2026-05-29 14:45:00+00:00,72648.68,72799.11,72613.0,72749.15,146.81289,1780066199999,10669857.52550220,27021,74.61820000,5423299.34115260,0,BTCUSDT,binance
2026-05-29 14:50:00+00:00,72749.14,73120.0,72749.14,72925.37,222.75872,1780066499999,16262230.77122140,45603,128.04022000,9346056.36130870,0,BTCUSDT,binance
2026-05-29 14:55:00+00:00,72925.37,73190.48,72914.0,73096.85,145.86238,1780066799999,10661381.94495250,22193,106.81523000,7807039.86627000,0,BTCUSDT,binance
2026-05-29 15:00:00+00:00,73096.84,73314.1,73008.98,73313.95,95.27891,1780067099999,6970793.90526190,23890,66.72370000,4881955.51626990,0,BTCUSDT,binance
2026-05-29 15:05:00+00:00,73313.94,73706.45,73293.65,73663.04,384.19133,1780067399999,28242510.74644160,41446,289.01560000,21247116.93664690,0,BTCUSDT,binance
2026-05-29 15:10:00+00:00,73663.05,73756.19,73642.0,73695.75,115.69174,1780067699999,8526736.52593180,29348,63.05734000,4647188.86702050,0,BTCUSDT,binance
2026-05-29 15:15:00+00:00,73695.74,73749.01,73524.46,73637.48,181.47357,1780067999999,13358891.26940800,22857,82.76386000,6093988.52576420,0,BTCUSDT,binance
2026-05-29 15:20:00+00:00,73637.48,73637.48,73530.48,73602.0,68.01484,1780068299999,5004879.82758710,13908,24.28677000,1786875.55613290,0,BTCUSDT,binance
2026-05-29 15:25:00+00:00,73602.0,73753.88,73474.1,73670.0,142.52506,1780068599999,10493292.76114270,24953,93.21515000,6862915.73445150,0,BTCUSDT,binance
2026-05-29 15:30:00+00:00,73670.01,74098.0,73665.97,74045.87,240.49796,1780068899999,17775315.62124060,44876,179.01734000,13232178.15532620,0,BTCUSDT,binance
2026-05-29 15:35:00+00:00,74045.87,74200.0,73986.0,74110.93,186.2001,1780069199999,13798855.06481830,39363,109.19739000,8092613.32401230,0,BTCUSDT,binance
2026-05-29 15:40:00+00:00,74110.94,74200.0,73740.95,73825.99,223.9797,1780069499999,16566474.87696620,42698,93.15654000,6892318.66865960,0,BTCUSDT,binance
2026-05-29 15:45:00+00:00,73825.99,73868.57,73738.17,73868.57,90.81601,1780069799999,6703047.14088140,22363,50.70599000,3742804.39146850,0,BTCUSDT,binance
2026-05-29 15:50:00+00:00,73868.57,73882.0,73711.18,73768.0,39.68715,1780070099999,2928531.88199500,16964,22.70108000,1675075.75384340,0,BTCUSDT,binance
2026-05-29 15:55:00+00:00,73768.0,73868.33,73748.44,73808.26,40.98383,1780070399999,3024799.02742220,12340,24.24846000,1789593.55877230,0,BTCUSDT,binance
2026-05-29 16:00:00+00:00,73808.25,73880.12,73790.0,73870.03,66.08285,1780070699999,4878857.18050700,13540,48.71558000,3596596.12908640,0,BTCUSDT,binance
2026-05-29 16:05:00+00:00,73870.03,73922.0,73818.0,73900.01,59.62771,1780070999999,4404498.32781310,11601,37.20603000,2748221.06900870,0,BTCUSDT,binance
2026-05-29 16:10:00+00:00,73900.01,74020.0,73900.0,73953.9,116.67518,1780071299999,8630727.27030050,15049,59.64723000,4412139.63261990,0,BTCUSDT,binance
2026-05-29 16:15:00+00:00,73953.91,73969.99,73733.94,73742.0,84.26687,1780071599999,6221333.28291880,14674,39.94885000,2949284.17190730,0,BTCUSDT,binance
2026-05-29 16:20:00+00:00,73742.0,73779.71,73628.06,73632.66,122.63204,1780071899999,9039598.68439020,13329,74.70784000,5507774.64533410,0,BTCUSDT,binance
2026-05-29 16:25:00+00:00,73632.67,73671.44,73565.73,73649.23,67.09088,1780072199999,4938684.44720940,13820,42.54603000,3131907.20709150,0,BTCUSDT,binance
2026-05-29 16:30:00+00:00,73649.23,74070.0,73642.6,74068.97,144.18609,1780072499999,10653832.52245430,30278,108.92304000,8049118.29898740,0,BTCUSDT,binance
2026-05-29 16:35:00+00:00,74068.96,74085.0,73918.0,73985.55,154.27705,1780072799999,11420230.29945850,18170,93.99108000,6957933.87886320,0,BTCUSDT,binance
2026-05-29 16:40:00+00:00,73985.56,74095.0,73985.56,74065.0,60.55698,1780073099999,4484229.41151150,12741,48.01416000,3555422.96835390,0,BTCUSDT,binance
2026-05-29 16:45:00+00:00,74064.99,74070.0,73981.48,74040.01,72.62454,1780073399999,5376918.89381070,14329,50.14689000,3712757.58075620,0,BTCUSDT,binance
2026-05-29 16:50:00+00:00,74040.0,74060.01,73924.0,74048.31,96.74999,1780073699999,7159204.14356530,15139,41.23533000,3051619.43389330,0,BTCUSDT,binance
2026-05-29 16:55:00+00:00,74048.3,74124.73,73958.13,74056.5,115.95939,1780073999999,8585917.47507670,12537,95.94246000,7103889.71294430,0,BTCUSDT,binance
2026-05-29 17:00:00+00:00,74056.49,74137.06,73945.51,73945.51,63.65331,1780074299999,4713689.40965950,15210,33.80529000,2503801.24437560,0,BTCUSDT,binance
2026-05-29 17:05:00+00:00,73945.52,74148.0,73925.33,74130.0,152.82861,1780074599999,11317087.82931140,14973,116.06776000,8593674.06015570,0,BTCUSDT,binance
2026-05-29 17:10:00+00:00,74130.01,74410.37,74130.0,74257.7,680.29082,1780074899999,50498189.15808870,27298,501.70189000,37245196.85650910,0,BTCUSDT,binance
2026-05-29 17:15:00+00:00,74257.71,74500.0,74168.25,74227.58,1029.03083,1780075199999,76456124.88114330,32296,817.27697000,60731492.88223550,0,BTCUSDT,binance
2026-05-29 17:20:00+00:00,74227.58,74514.1,74210.0,74290.0,646.23552,1780075499999,48016643.23510170,29143,388.06439000,28845173.78103990,0,BTCUSDT,binance
2026-05-29 17:25:00+00:00,74290.0,74290.01,74182.0,74228.02,42.13614,1780075799999,3127479.58931580,9301,21.65553000,1607278.88964040,0,BTCUSDT,binance
2026-05-29 17:30:00+00:00,74228.01,74319.83,74228.01,74279.54,56.29312,1780076099999,4181105.35680510,10962,32.63388000,2423796.50106150,0,BTCUSDT,binance
2026-05-29 17:35:00+00:00,74279.54,74324.0,74218.0,74303.71,67.58121,1780076399999,5020111.45320020,11357,31.40846000,2332944.38392190,0,BTCUSDT,binance
2026-05-29 17:40:00+00:00,74303.71,74315.01,74213.33,74213.79,45.13823,1780076699999,3352523.53575970,9821,29.88734000,2219837.52023750,0,BTCUSDT,binance
2026-05-29 17:45:00+00:00,74213.79,74213.79,74037.5,74044.92,60.14282,1780076999999,4457593.84717190,12761,23.23244000,1721748.28662170,0,BTCUSDT,binance
2026-05-29 17:50:00+00:00,74044.91,74078.28,73979.24,73982.62,41.15993,1780077299999,3046751.93822330,14671,24.72969000,1830540.32899660,0,BTCUSDT,binance
2026-05-29 17:55:00+00:00,73982.62,74010.0,73925.33,73980.94,32.97487,1780077599999,2438935.16183230,8642,21.84884000,1616005.28551290,0,BTCUSDT,binance
2026-05-29 18:00:00+00:00,73980.94,74034.0,73951.0,73996.0,51.54573,1780077899999,3813952.15287150,13873,21.70350000,1605710.76132970,0,BTCUSDT,binance
2026-05-29 18:05:00+00:00,73996.0,74062.0,73947.03,74043.03,32.91878,1780078199999,2435749.47185710,10753,21.40135000,1583551.43713240,0,BTCUSDT,binance
2026-05-29 18:10:00+00:00,74043.02,74065.29,74014.0,74038.0,28.94671,1780078499999,2143113.81600260,6430,21.55834000,1596123.68831830,0,BTCUSDT,binance
2026-05-29 18:15:00+00:00,74038.0,74045.85,73883.11,73908.01,76.80862,1780078799999,5679801.85803570,11726,26.29669000,1944726.00418390,0,BTCUSDT,binance
2026-05-29 18:20:00+00:00,73908.01,73934.0,73816.0,73850.67,60.73185,1780079099999,4486310.27447050,13494,27.26641000,2014055.70057310,0,BTCUSDT,binance
2026-05-29 18:25:00+00:00,73850.68,73891.37,73742.16,73790.36,145.02878,1780079399999,10705064.07364730,15727,36.55382000,2698140.55124430,0,BTCUSDT,binance
2026-05-29 18:30:00+00:00,73790.36,73840.0,73771.5,73833.5,34.30737,1780079699999,2532272.54434610,7779,19.48023000,1437836.55174020,0,BTCUSDT,binance
2026-05-29 18:35:00+00:00,73833.5,73856.76,73761.92,73840.42,36.99209,1780079999999,2730580.02505480,11573,19.39205000,1431260.49824250,0,BTCUSDT,binance
2026-05-29 18:40:00+00:00,73840.42,73850.04,73788.0,73796.4,45.48628,1780080299999,3358038.98637090,5438,20.76946000,1533413.37114830,0,BTCUSDT,binance
2026-05-29 18:45:00+00:00,73796.4,73796.4,73566.78,73566.78,92.78157,1780080599999,6831405.10935090,26778,28.31288000,2084479.97233900,0,BTCUSDT,binance
2026-05-29 18:50:00+00:00,73566.78,73595.3,73187.25,73337.33,399.59393,1780080899999,29312461.33308030,33353,135.22413000,9922042.39654400,0,BTCUSDT,binance
2026-05-29 18:55:00+00:00,73337.33,73400.0,73300.0,73374.52,60.35975,1780081199999,4427866.77661680,15759,26.67387000,1956701.71939050,0,BTCUSDT,binance
2026-05-29 19:00:00+00:00,73374.51,73470.0,73300.0,73463.18,54.67267,1780081499999,4013266.69256130,15792,40.71378000,2988783.99633570,0,BTCUSDT,binance
2026-05-29 19:05:00+00:00,73463.17,73510.95,73446.34,73470.46,22.2325,1780081799999,1633587.54829410,7747,13.55262000,995779.60910860,0,BTCUSDT,binance
2026-05-29 19:10:00+00:00,73470.46,73483.45,73428.0,73428.0,27.16818,1780082099999,1995412.77191680,5766,13.41320000,985169.74240390,0,BTCUSDT,binance
2026-05-29 19:15:00+00:00,73428.0,73448.0,73239.36,73294.22,56.50107,1780082399999,4143569.57174980,15564,27.90038000,2046289.73810110,0,BTCUSDT,binance
2026-05-29 19:20:00+00:00,73294.21,73341.0,73278.01,73322.53,43.81985,1780082699999,3212075.47883450,9461,21.99446000,1612217.85035540,0,BTCUSDT,binance
2026-05-29 19:25:00+00:00,73322.52,73354.84,73308.0,73332.99,40.96386,1780082999999,3003995.16579010,5944,27.37371000,2007333.12041510,0,BTCUSDT,binance
2026-05-29 19:30:00+00:00,73332.99,73571.55,73332.98,73564.01,45.20366,1780083299999,3321189.30664160,14438,34.14014000,2507877.58076450,0,BTCUSDT,binance
2026-05-29 19:35:00+00:00,73564.01,73723.58,73564.01,73695.59,53.12574,1780083599999,3912803.20104960,13304,39.85959000,2935803.27502880,0,BTCUSDT,binance
2026-05-29 19:40:00+00:00,73695.59,73727.95,73662.0,73682.93,27.03042,1780083899999,1991885.74977620,6830,14.12690000,1041025.13103200,0,BTCUSDT,binance
2026-05-29 19:45:00+00:00,73682.94,73714.0,73641.22,73666.49,23.88303,1780084199999,1759376.79376490,7226,13.40054000,987155.59370580,0,BTCUSDT,binance
2026-05-29 19:50:00+00:00,73666.5,73673.46,73592.95,73592.95,26.85657,1780084499999,1977492.80350480,10366,10.25443000,754976.16119010,0,BTCUSDT,binance
2026-05-29 19:55:00+00:00,73592.65,73619.99,73517.1,73520.28,31.71194,1780084799999,2332287.75792750,10188,13.23548000,973465.16943160,0,BTCUSDT,binance
2026-05-29 20:00:00+00:00,73520.29,73580.0,73514.0,73562.12,16.51935,1780085099999,1214896.15744340,10453,7.86175000,578163.62151190,0,BTCUSDT,binance
2026-05-29 20:05:00+00:00,73562.12,73663.08,73561.07,73648.33,18.06095,1780085399999,1329836.93701850,8774,9.54703000,702875.90573590,0,BTCUSDT,binance
2026-05-29 20:10:00+00:00,73648.34,73681.64,73624.01,73657.98,13.3833,1780085699999,985712.22856740,5163,8.59160000,632782.84489200,0,BTCUSDT,binance
2026-05-29 20:15:00+00:00,73657.97,73664.58,73596.46,73653.85,21.96672,1780085999999,1617179.70709440,7117,12.31702000,906799.62669020,0,BTCUSDT,binance
2026-05-29 20:20:00+00:00,73653.85,73744.0,73653.84,73744.0,12.09782,1780086299999,891548.93143110,5500,8.82029000,650034.97727100,0,BTCUSDT,binance
2026-05-29 20:25:00+00:00,73744.0,73755.65,73692.0,73708.26,24.29826,1780086599999,1791396.89505130,6633,11.52423000,849633.48041260,0,BTCUSDT,binance
2026-05-29 20:30:00+00:00,73708.26,73760.0,73708.26,73730.42,12.01958,1780086899999,886327.75997490,7371,8.02957000,592097.03711930,0,BTCUSDT,binance
2026-05-29 20:35:00+00:00,73730.42,73741.54,73692.0,73705.25,6.51799,1780087199999,480444.11206730,6143,2.47947000,182761.98571630,0,BTCUSDT,binance
2026-05-29 20:40:00+00:00,73705.25,73707.86,73691.24,73701.18,5.80169,1780087499999,427608.98599620,2568,2.35166000,173322.12924370,0,BTCUSDT,binance
2026-05-29 20:45:00+00:00,73701.18,73750.0,73701.18,73722.34,7.72517,1780087799999,569532.53685760,6103,5.18071000,381931.58322310,0,BTCUSDT,binance
2026-05-29 20:50:00+00:00,73722.34,73735.46,73653.07,73663.01,7.73407,1780088099999,569972.82746940,5247,2.53015000,186446.82021160,0,BTCUSDT,binance
2026-05-29 20:55:00+00:00,73663.02,73682.0,73623.42,73673.61,8.99723,1780088399999,662649.02131720,5062,4.31106000,317511.08188700,0,BTCUSDT,binance
2026-05-29 21:00:00+00:00,73673.62,73702.0,73647.03,73689.36,13.63772,1780088699999,1004834.37920560,8224,7.27922000,536351.46106570,0,BTCUSDT,binance
2026-05-29 21:05:00+00:00,73689.37,73768.0,73689.36,73719.77,39.67367,1780088999999,2925488.94196930,10901,25.90645000,1910488.36665820,0,BTCUSDT,binance
2026-05-29 21:10:00+00:00,73719.78,73844.0,73713.35,73804.15,58.78747,1780089299999,4336640.29883260,8918,48.81012000,3600372.71966860,0,BTCUSDT,binance
2026-05-29 21:15:00+00:00,73804.14,73808.39,73721.75,73721.76,13.17833,1780089599999,972197.83814000,5101,2.55885000,188747.05683130,0,BTCUSDT,binance
2026-05-29 21:20:00+00:00,73721.76,73721.76,73551.45,73621.28,100.48445,1780089899999,7398056.37954810,8840,17.03226000,1253767.74690010,0,BTCUSDT,binance
2026-05-29 21:25:00+00:00,73621.29,73621.29,73538.86,73538.86,29.75896,1780090199999,2189456.09544410,7251,12.23762000,900204.33798830,0,BTCUSDT,binance
2026-05-29 21:30:00+00:00,73538.86,73584.0,73471.21,73550.01,36.27364,1780090499999,2666696.31408340,8906,16.27020000,1195979.26354880,0,BTCUSDT,binance
2026-05-29 21:35:00+00:00,73550.0,73595.0,73519.56,73595.0,23.98049,1780090799999,1764081.26337980,6200,13.91128000,1023417.17634130,0,BTCUSDT,binance
2026-05-29 21:40:00+00:00,73595.0,73600.0,73583.91,73600.0,24.23684,1780091099999,1783722.17589600,4025,16.36533000,1204407.15959830,0,BTCUSDT,binance
2026-05-29 21:45:00+00:00,73600.0,73614.0,73489.99,73497.53,28.42399,1780091399999,2091476.78138520,8570,15.34978000,1129602.93622540,0,BTCUSDT,binance
2026-05-29 21:50:00+00:00,73497.53,73497.54,73422.0,73422.0,21.32252,1780091699999,1566410.69379750,10865,7.97198000,585607.73105200,0,BTCUSDT,binance
2026-05-29 21:55:00+00:00,73422.01,73446.0,73408.8,73409.27,23.07881,1780091999999,1694552.07905600,4535,12.04185000,884168.35962320,0,BTCUSDT,binance
2026-05-29 22:00:00+00:00,73409.27,73490.0,73404.99,73405.0,69.3445,1780092299999,5091842.11531430,6857,24.02731000,1764307.68339180,0,BTCUSDT,binance
2026-05-29 22:05:00+00:00,73405.0,73429.09,73379.79,73415.63,192.18475,1780092599999,14108395.00833890,8392,101.58595000,7457180.77270300,0,BTCUSDT,binance
2026-05-29 22:10:00+00:00,73415.64,73432.0,73395.37,73403.35,65.53987,1780092899999,4811502.60709400,4276,26.64926000,1956431.57142620,0,BTCUSDT,binance
2026-05-29 22:15:00+00:00,73403.36,73489.9,73403.35,73489.9,81.69206,1780093199999,5999341.45665290,4455,69.38117000,5095336.95837730,0,BTCUSDT,binance
2026-05-29 22:20:00+00:00,73489.9,73571.81,73489.89,73532.0,25.03725,1780093499999,1841521.71726220,6475,11.68429000,859334.96795440,0,BTCUSDT,binance
2026-05-29 22:25:00+00:00,73532.0,73532.01,73518.11,73523.84,4.65866,1780093799999,342525.94965220,1245,2.50650000,184287.21776630,0,BTCUSDT,binance
2026-05-29 22:30:00+00:00,73523.85,73551.5,73511.97,73511.97,48.78042,1780094099999,3586676.72232660,2930,5.53040000,406647.88362830,0,BTCUSDT,binance
2026-05-29 22:35:00+00:00,73511.97,73511.97,73440.0,73457.57,24.85683,1780094399999,1826429.43094360,5828,5.86582000,431005.67972520,0,BTCUSDT,binance
2026-05-29 22:40:00+00:00,73457.57,73481.11,73457.57,73466.06,12.21234,1780094699999,897260.33308860,2663,5.12648000,376638.37973530,0,BTCUSDT,binance
2026-05-29 22:45:00+00:00,73466.05,73521.47,73447.92,73464.83,48.71512,1780094999999,3580032.57989490,6187,14.59916000,1072782.62581550,0,BTCUSDT,binance
2026-05-29 22:50:00+00:00,73464.82,73485.25,73406.0,73431.62,76.86537,1780095299999,5644142.59148960,4528,12.14778000,892175.06133020,0,BTCUSDT,binance
2026-05-29 22:55:00+00:00,73431.62,73499.08,73431.61,73483.52,12.96053,1780095599999,952367.17418250,2835,7.11022000,522417.25602510,0,BTCUSDT,binance
2026-05-29 23:00:00+00:00,73483.51,73483.52,73418.35,73463.83,23.16426,1780095899999,1701407.52405740,4571,7.95940000,584517.77820610,0,BTCUSDT,binance
2026-05-29 23:05:00+00:00,73463.83,73510.0,73450.0,73456.48,22.57717,1780096199999,1658906.73040350,3999,11.82812000,869045.68032590,0,BTCUSDT,binance
2026-05-29 23:10:00+00:00,73456.49,73459.05,73399.51,73415.19,18.75722,1780096499999,1377343.71367740,4257,7.71557000,566506.80338010,0,BTCUSDT,binance
2026-05-29 23:15:00+00:00,73415.19,73464.0,73400.0,73427.16,16.37896,1780096799999,1202698.27509260,5591,7.23508000,531219.23163300,0,BTCUSDT,binance
2026-05-29 23:20:00+00:00,73427.15,73440.0,73320.0,73353.37,35.04431,1780097099999,2571082.26372320,8034,10.50167000,770421.94531200,0,BTCUSDT,binance
2026-05-29 23:25:00+00:00,73353.37,73404.0,73342.9,73384.42,19.44301,1780097399999,1426760.02767850,3680,10.52450000,772223.96031840,0,BTCUSDT,binance
2026-05-29 23:30:00+00:00,73384.42,73412.18,73358.0,73365.22,27.47024,1780097699999,2015850.39531530,3748,13.90717000,1020489.34722120,0,BTCUSDT,binance
2026-05-29 23:35:00+00:00,73365.21,73365.21,73320.02,73361.12,28.99858,1780097999999,2126643.44661000,4678,11.12949000,816138.61317470,0,BTCUSDT,binance
2026-05-29 23:40:00+00:00,73361.13,73431.75,73361.12,73431.73,31.16392,1780098299999,2286929.21622730,5410,25.49463000,1870844.04365520,0,BTCUSDT,binance
2026-05-29 23:45:00+00:00,73431.72,73437.66,73411.54,73437.66,20.24981,1780098599999,1486865.95187850,2799,7.73865000,568212.69427830,0,BTCUSDT,binance
2026-05-29 23:50:00+00:00,73437.66,73500.0,73437.65,73476.43,15.78555,1780098899999,1159908.82393960,3722,10.81439000,794599.71596450,0,BTCUSDT,binance
2026-05-29 23:55:00+00:00,73476.43,73483.2,73458.4,73460.78,12.19965,1780099199999,896296.49122650,1453,3.87798000,284913.80363370,0,BTCUSDT,binance
2026-05-30 00:00:00+00:00,73460.78,73513.97,73441.3,73450.09,17.13304,1780099499999,1258870.69094710,5143,7.11780000,522989.99593250,0,BTCUSDT,binance
2026-05-30 00:05:00+00:00,73450.09,73520.0,73428.1,73519.99,14.15361,1780099799999,1039775.17587450,5994,8.35175000,613607.63756080,0,BTCUSDT,binance
2026-05-30 00:10:00+00:00,73519.99,73526.69,73490.0,73491.46,20.1483,1780100099999,1481021.32946020,3652,11.67675000,858309.03049210,0,BTCUSDT,binance
2026-05-30 00:15:00+00:00,73491.47,73542.84,73484.96,73484.99,62.75941,1780100399999,4613644.36320120,5954,14.12539000,1038331.35898890,0,BTCUSDT,binance
2026-05-30 00:20:00+00:00,73485.0,73541.97,73469.89,73469.89,92.0523,1780100699999,6766378.48073510,4459,57.13708000,4200622.11405490,0,BTCUSDT,binance
2026-05-30 00:25:00+00:00,73469.9,73511.7,73467.93,73467.93,48.85238,1780100999999,3590410.16784150,4131,37.11039000,2727503.58825670,0,BTCUSDT,binance
2026-05-30 00:30:00+00:00,73467.93,73467.94,73408.62,73432.47,15.55854,1780101299999,1142541.97715190,5045,7.67125000,563310.21100410,0,BTCUSDT,binance
2026-05-30 00:35:00+00:00,73432.47,73514.0,73430.19,73514.0,15.37825,1780101599999,1130041.60291460,3948,12.17553000,894744.17559980,0,BTCUSDT,binance
2026-05-30 00:40:00+00:00,73513.99,73518.01,73502.22,73517.54,12.51227,1780101899999,919779.57888360,2559,5.88633000,432699.67942340,0,BTCUSDT,binance
2026-05-30 00:45:00+00:00,73517.54,73534.14,73513.53,73515.97,13.72806,1780102199999,1009311.81943170,2361,3.77153000,277288.90429590,0,BTCUSDT,binance
2026-05-30 00:50:00+00:00,73515.97,73579.82,73509.99,73510.0,108.50434,1780102499999,7980242.08576060,6884,46.79992000,3442165.10789620,0,BTCUSDT,binance
2026-05-30 00:55:00+00:00,73510.0,73562.83,73498.8,73498.8,124.42602,1780102799999,9148921.88628840,3809,65.27349000,4799704.98776360,0,BTCUSDT,binance
2026-05-30 01:00:00+00:00,73498.8,73580.0,73472.8,73533.75,87.59244,1780103099999,6440992.67147210,6435,77.95855000,5732779.30223700,0,BTCUSDT,binance
2026-05-30 01:05:00+00:00,73533.76,73580.0,73518.54,73579.99,9.58454,1780103399999,704824.32684010,3399,5.43942000,400017.31901190,0,BTCUSDT,binance
2026-05-30 01:10:00+00:00,73579.99,73606.0,73572.0,73577.94,58.00361,1780103699999,4268335.15049200,4660,36.92137000,2717021.73873910,0,BTCUSDT,binance
2026-05-30 01:15:00+00:00,73577.94,73602.0,73555.74,73602.0,25.03098,1780103999999,1841470.61524460,4410,19.52713000,1436557.86064600,0,BTCUSDT,binance
2026-05-30 01:20:00+00:00,73601.99,73637.48,73576.0,73632.49,20.61806,1780104299999,1517726.39016500,5569,9.94873000,732345.87409660,0,BTCUSDT,binance
2026-05-30 01:25:00+00:00,73632.48,73650.78,73627.8,73627.81,21.04182,1780104599999,1549461.17197400,3659,6.15757000,453440.38553490,0,BTCUSDT,binance
2026-05-30 01:30:00+00:00,73627.8,73659.93,73604.0,73626.99,60.20016,1780104899999,4432964.65966340,8163,28.76502000,2118108.67310540,0,BTCUSDT,binance
2026-05-30 01:35:00+00:00,73627.0,73663.08,73626.99,73642.0,34.19566,1780105199999,2518278.93421440,3988,18.46599000,1359922.10180420,0,BTCUSDT,binance
2026-05-30 01:40:00+00:00,73642.0,73642.0,73593.62,73598.75,16.8311,1780105499999,1239071.84705940,3915,5.03779000,370833.98725750,0,BTCUSDT,binance
2026-05-30 01:45:00+00:00,73598.76,73636.0,73598.75,73631.97,10.07051,1780105799999,741447.32113820,3433,4.90821000,361363.28441210,0,BTCUSDT,binance
2026-05-30 01:50:00+00:00,73631.97,73635.86,73590.85,73635.86,23.89304,1780106099999,1758825.51984940,4426,6.47693000,476758.07966500,0,BTCUSDT,binance
2026-05-30 01:55:00+00:00,73635.85,73657.9,73635.85,73657.9,19.8158,1780106399999,1459385.58314840,2650,7.77206000,572402.61708880,0,BTCUSDT,binance
2026-05-30 02:00:00+00:00,73657.9,73708.0,73657.89,73698.52,23.48728,1780106699999,1730725.52229950,5242,14.63230000,1078152.10602210,0,BTCUSDT,binance
2026-05-30 02:05:00+00:00,73698.53,73698.53,73681.99,73685.43,11.21075,1780106999999,826143.46271490,2267,5.59032000,411957.19773320,0,BTCUSDT,binance
2026-05-30 02:10:00+00:00,73685.42,73693.58,73663.07,73673.42,24.77998,1780107299999,1825709.47643760,3157,15.26434000,1124560.19338100,0,BTCUSDT,binance
2026-05-30 02:15:00+00:00,73673.43,73690.59,73663.99,73671.1,18.08601,1780107599999,1332463.38905290,2798,8.26672000,609039.86357960,0,BTCUSDT,binance
2026-05-30 02:20:00+00:00,73671.09,73671.1,73613.85,73613.86,15.4188,1780107899999,1135437.69348750,3682,3.05749000,225131.86983070,0,BTCUSDT,binance
2026-05-30 02:25:00+00:00,73613.87,73623.43,73613.86,73623.43,5.35675,1780108199999,394346.71036640,1013,3.07716000,226533.38566030,0,BTCUSDT,binance
2026-05-30 02:30:00+00:00,73623.42,73714.97,73623.42,73707.92,16.34647,1780108499999,1204446.12730040,4105,8.99400000,662661.00002460,0,BTCUSDT,binance
2026-05-30 02:35:00+00:00,73707.91,73723.73,73702.26,73703.91,31.50639,1780108799999,2322352.02515880,3384,16.49266000,1215643.32979300,0,BTCUSDT,binance
2026-05-30 02:40:00+00:00,73703.92,73727.0,73688.88,73708.18,33.71672,1780109099999,2485340.28083090,2899,24.36231000,1795795.51867370,0,BTCUSDT,binance
2026-05-30 02:45:00+00:00,73708.18,73724.53,73699.83,73699.83,36.62559,1780109399999,2699810.08598510,3142,17.27872000,1273677.35784600,0,BTCUSDT,binance
2026-05-30 02:50:00+00:00,73699.84,73773.99,73699.83,73773.98,27.43641,1780109699999,2023011.56617910,5123,22.60578000,1666820.25523190,0,BTCUSDT,binance
2026-05-30 02:55:00+00:00,73773.98,73786.7,73764.0,73786.69,24.55243,1780109999999,1811271.90205470,3159,14.11587000,1041337.62866050,0,BTCUSDT,binance
2026-05-30 03:00:00+00:00,73786.7,73796.43,73733.0,73796.43,35.43742,1780110299999,2614276.59968500,5472,22.15894000,1634792.85540240,0,BTCUSDT,binance
2026-05-30 03:05:00+00:00,73796.43,73796.43,73766.76,73791.0,39.43388,1780110599999,2909507.85841810,3770,32.05211000,2364896.48477000,0,BTCUSDT,binance
2026-05-30 03:10:00+00:00,73791.0,73791.0,73765.81,73765.82,24.19868,1780110899999,1785156.83811680,4331,9.42513000,695268.60529820,0,BTCUSDT,binance
2026-05-30 03:15:00+00:00,73765.82,73765.82,73730.58,73731.98,36.49715,1780111199999,2691406.67689680,4781,6.59404000,486278.86144390,0,BTCUSDT,binance
2026-05-30 03:20:00+00:00,73731.99,73753.44,73700.33,73700.34,29.37609,1780111499999,2165678.49123310,4572,13.11539000,966961.06594550,0,BTCUSDT,binance
2026-05-30 03:25:00+00:00,73700.33,73700.34,73649.99,73664.19,29.61388,1780111799999,2181707.16204070,3277,4.93855000,363873.39291660,0,BTCUSDT,binance
2026-05-30 03:30:00+00:00,73664.18,73664.19,73610.02,73617.98,23.47906,1780112099999,1728864.51915530,4335,9.02959000,664867.85598320,0,BTCUSDT,binance
2026-05-30 03:35:00+00:00,73617.99,73617.99,73593.36,73602.89,7.97142,1780112399999,586726.71970740,2020,4.42008000,325321.02717460,0,BTCUSDT,binance
2026-05-30 03:40:00+00:00,73602.89,73602.89,73538.0,73538.01,70.60549,1780112699999,5195039.46315750,4436,16.65120000,1225006.28144800,0,BTCUSDT,binance
2026-05-30 03:45:00+00:00,73538.0,73597.31,73538.0,73583.23,18.05833,1780112999999,1328520.80549360,3858,11.51026000,846691.38951980,0,BTCUSDT,binance
2026-05-30 03:50:00+00:00,73583.24,73583.24,73554.0,73554.01,15.69018,1780113299999,1154264.08893140,2276,5.72031000,420810.74744080,0,BTCUSDT,binance
2026-05-30 03:55:00+00:00,73554.01,73554.01,73524.01,73524.01,8.67336,1780113599999,637832.13464510,2801,1.90134000,139814.67953860,0,BTCUSDT,binance
2026-05-30 04:00:00+00:00,73524.01,73575.0,73510.0,73510.0,21.95814,1780113899999,1614866.11391850,7658,10.93997000,804527.27767200,0,BTCUSDT,binance
2026-05-30 04:05:00+00:00,73510.01,73510.01,73352.03,73356.35,32.42653,1780114199999,2381364.38707640,9481,5.50427000,404232.97583620,0,BTCUSDT,binance
2026-05-30 04:10:00+00:00,73356.36,73490.0,73355.84,73489.99,25.70339,1780114499999,1887527.78762920,8980,19.35538000,1421281.91545810,0,BTCUSDT,binance
2026-05-30 04:15:00+00:00,73490.0,73490.02,73402.22,73415.89,22.24231,1780114799999,1633524.54632230,6175,7.40246000,543580.48372420,0,BTCUSDT,binance
2026-05-30 04:20:00+00:00,73415.9,73428.07,73391.67,73416.3,19.27237,1780115099999,1414805.67974910,4471,9.43415000,692589.68387640,0,BTCUSDT,binance
2026-05-30 04:25:00+00:00,73416.3,73416.31,73300.0,73347.29,32.28412,1780115399999,2368559.75632170,8632,6.02243000,441727.92769290,0,BTCUSDT,binance
2026-05-30 04:30:00+00:00,73347.3,73348.0,73216.0,73233.28,140.0451,1780115699999,10261167.14809300,12644,12.54233000,919121.50358270,0,BTCUSDT,binance
2026-05-30 04:35:00+00:00,73233.28,73296.12,73216.0,73275.04,48.7512,1780115999999,3571593.38195300,11841,24.61531000,1803335.90051640,0,BTCUSDT,binance
2026-05-30 04:40:00+00:00,73275.03,73310.0,73263.47,73310.0,15.57704,1780116299999,1141410.67990690,6227,8.54333000,626048.55990880,0,BTCUSDT,binance
2026-05-30 04:45:00+00:00,73310.0,73383.07,73291.22,73366.06,32.53046,1780116599999,2386125.95647440,7081,22.59711000,1657503.82693850,0,BTCUSDT,binance
2026-05-30 04:50:00+00:00,73366.06,73386.01,73340.89,73341.6,59.13198,1780116899999,4338244.83180280,6416,16.20899000,1189220.64810420,0,BTCUSDT,binance
2026-05-30 04:55:00+00:00,73341.6,73402.85,73341.6,73402.84,16.89601,1780117199999,1239498.49313270,4869,14.41617000,1057589.30949400,0,BTCUSDT,binance
2026-05-30 05:00:00+00:00,73402.85,73419.71,73346.85,73417.95,69.32629,1780117499999,5087771.57095880,8769,47.49757000,3485626.72943960,0,BTCUSDT,binance
2026-05-30 05:05:00+00:00,73417.94,73628.0,73417.94,73516.62,130.89863,1780117799999,9625762.83566400,12847,91.80567000,6749817.99027600,0,BTCUSDT,binance
2026-05-30 05:10:00+00:00,73516.62,73524.42,73486.0,73501.33,17.89343,1780118099999,1315279.72937770,4755,9.78988000,719607.89658360,0,BTCUSDT,binance
2026-05-30 05:15:00+00:00,73501.32,73548.87,73501.32,73538.0,7.47737,1780118399999,549784.08825800,4536,4.35016000,319825.09249540,0,BTCUSDT,binance
2026-05-30 05:20:00+00:00,73538.01,73547.98,73528.05,73528.05,9.20933,1780118699999,677256.21361110,2642,4.33089000,318496.61123080,0,BTCUSDT,binance
2026-05-30 05:25:00+00:00,73528.05,73553.72,73520.0,73520.01,9.96174,1780118999999,732578.21639320,4627,3.95619000,290934.67390850,0,BTCUSDT,binance
2026-05-30 05:30:00+00:00,73520.0,73556.23,73520.0,73542.12,7.73124,1780119299999,568564.09644600,3139,4.06333000,298818.86210280,0,BTCUSDT,binance
2026-05-30 05:35:00+00:00,73542.11,73576.9,73542.11,73568.99,20.69647,1780119599999,1522567.94304470,4326,7.36556000,541817.87604850,0,BTCUSDT,binance
2026-05-30 05:40:00+00:00,73568.98,73579.26,73561.14,73579.25,11.32439,1780119899999,833096.74834450,3098,6.16703000,453691.09852850,0,BTCUSDT,binance
2026-05-30 05:45:00+00:00,73579.26,73635.0,73579.25,73616.22,61.10871,1780120199999,4498499.18789110,4281,53.04528000,3904840.57145650,0,BTCUSDT,binance
2026-05-30 05:50:00+00:00,73616.23,73624.0,73594.11,73608.0,19.5923,1780120499999,1442171.34023220,3793,16.52639000,1216495.88574540,0,BTCUSDT,binance
2026-05-30 05:55:00+00:00,73608.0,73624.35,73603.18,73604.99,98.92807,1780120799999,7282188.45503780,6652,93.03081000,6848079.35529320,0,BTCUSDT,binance
2026-05-30 06:00:00+00:00,73604.99,73622.85,73596.21,73596.21,105.24623,1780121099999,7747533.78851330,9550,90.89866000,6691368.89206790,0,BTCUSDT,binance
2026-05-30 06:05:00+00:00,73596.22,73596.22,73530.0,73538.45,19.23824,1780121399999,1415019.70716090,5219,6.10053000,448675.61909640,0,BTCUSDT,binance
2026-05-30 06:10:00+00:00,73538.44,73554.81,73532.17,73536.51,23.96083,1780121699999,1762147.38333030,4227,10.96124000,806097.55823960,0,BTCUSDT,binance
2026-05-30 06:15:00+00:00,73536.5,73558.69,73536.5,73558.69,6.31366,1780121999999,464340.92507790,1700,4.21445000,309953.40046940,0,BTCUSDT,binance
2026-05-30 06:20:00+00:00,73558.69,73624.0,73558.68,73613.83,10.46158,1780122299999,769971.65486730,4104,6.67794000,491490.04846100,0,BTCUSDT,binance
2026-05-30 06:25:00+00:00,73613.82,73613.83,73594.0,73607.81,29.05864,1780122599999,2138671.09553470,2902,16.19459000,1191862.45634030,0,BTCUSDT,binance
2026-05-30 06:30:00+00:00,73607.82,73677.82,73607.82,73677.49,20.16136,1780122899999,1484753.99258050,4596,15.29134000,1126136.56740460,0,BTCUSDT,binance
2026-05-30 06:35:00+00:00,73677.49,73709.91,73669.11,73669.11,17.54007,1780123199999,1292472.72885700,5372,7.47523000,550834.27337330,0,BTCUSDT,binance
2026-05-30 06:40:00+00:00,73669.12,73669.12,73643.51,73660.07,11.60781,1780123499999,854976.06293870,2624,7.88006000,580404.02860430,0,BTCUSDT,binance
2026-05-30 06:45:00+00:00,73660.07,73668.36,73613.22,73613.29,25.42619,1780123799999,1872139.90139720,3944,17.43436000,1283674.30126740,0,BTCUSDT,binance
2026-05-30 06:50:00+00:00,73613.29,73619.64,73581.12,73619.64,31.57631,1780124099999,2324195.29291450,4111,23.58751000,1736179.63575530,0,BTCUSDT,binance
2026-05-30 06:55:00+00:00,73619.64,73619.64,73560.49,73584.99,30.74775,1780124399999,2262591.48676710,4458,11.34774000,835029.72936460,0,BTCUSDT,binance
2026-05-30 07:00:00+00:00,73584.99,73588.2,73536.17,73536.18,38.09408,1780124699999,2802577.85410940,3778,13.58356000,999465.56270480,0,BTCUSDT,binance
2026-05-30 07:05:00+00:00,73536.17,73549.63,73536.17,73537.34,14.32646,1780124999999,1053566.79351410,2415,4.07194000,299445.81844490,0,BTCUSDT,binance
2026-05-30 07:10:00+00:00,73537.33,73560.0,73533.67,73533.68,18.21495,1780125299999,1339569.61090610,2774,9.67922000,711839.39648280,0,BTCUSDT,binance
2026-05-30 07:15:00+00:00,73533.68,73559.4,73533.67,73537.02,46.75367,1780125599999,3438751.18561020,4148,31.60336000,2324468.22937590,0,BTCUSDT,binance
2026-05-30 07:20:00+00:00,73537.03,73549.72,73532.0,73549.71,10.58355,1780125899999,778299.55466070,1552,6.83163000,502385.88492090,0,BTCUSDT,binance
2026-05-30 07:25:00+00:00,73549.71,73574.56,73549.71,73563.19,10.81345,1780126199999,795547.64172500,3959,4.27251000,314317.69980840,0,BTCUSDT,binance
2026-05-30 07:30:00+00:00,73563.2,73576.16,73557.99,73572.14,11.97685,1780126499999,881077.83648110,2037,6.88584000,506547.70087380,0,BTCUSDT,binance
2026-05-30 07:35:00+00:00,73572.14,73572.14,73492.48,73496.0,15.94537,1780126799999,1172236.99185900,4343,5.09853000,374823.52320700,0,BTCUSDT,binance
2026-05-30 07:40:00+00:00,73495.99,73512.01,73494.0,73495.91,6.75023,1780127099999,496165.69478240,2078,3.19867000,235110.06838410,0,BTCUSDT,binance
2026-05-30 07:45:00+00:00,73495.9,73542.0,73486.0,73542.0,16.88744,1780127399999,1241401.68634730,3445,6.59385000,484728.73463900,0,BTCUSDT,binance
2026-05-30 07:50:00+00:00,73542.0,73542.0,73532.7,73541.99,14.50843,1780127699999,1066889.92491710,1725,9.11999000,670642.40174800,0,BTCUSDT,binance
2026-05-30 07:55:00+00:00,73541.99,73548.6,73525.34,73548.6,20.7103,1780127999999,1522990.14369560,2089,13.02699000,957981.27088040,0,BTCUSDT,binance
2026-05-30 08:00:00+00:00,73548.6,73550.0,73539.41,73549.99,11.7603,1780128299999,864922.50802490,1812,7.53316000,554036.47961010,0,BTCUSDT,binance
2026-05-30 08:05:00+00:00,73550.0,73562.18,73534.93,73562.17,12.7329,1780128599999,936458.95526450,2215,8.78206000,645886.39035470,0,BTCUSDT,binance
2026-05-30 08:10:00+00:00,73562.17,73567.59,73540.0,73567.59,17.68781,1780128899999,1300961.13734950,2318,14.03890000,1032571.53766210,0,BTCUSDT,binance
2026-05-30 08:15:00+00:00,73567.58,73567.59,73514.0,73514.0,12.20081,1780129199999,897238.66062400,2831,2.60380000,191489.55480100,0,BTCUSDT,binance
2026-05-30 08:20:00+00:00,73514.0,73544.0,73514.0,73544.0,7.84358,1780129499999,576719.73478600,1916,6.09132000,447889.87085520,0,BTCUSDT,binance
2026-05-30 08:25:00+00:00,73544.0,73558.0,73543.99,73548.34,6.28875,1780129799999,462558.18512000,1861,3.13146000,230325.79380720,0,BTCUSDT,binance
2026-05-30 08:30:00+00:00,73548.34,73559.82,73546.75,73546.77,23.23868,1780130099999,1709297.01804880,1576,11.97269000,880648.27657730,0,BTCUSDT,binance
2026-05-30 08:35:00+00:00,73546.76,73546.77,73522.79,73522.79,8.59325,1780130399999,631972.24999540,1466,5.38096000,395740.40918190,0,BTCUSDT,binance
2026-05-30 08:40:00+00:00,73522.79,73522.79,73519.61,73520.91,10.99391,1780130699999,808276.44973420,1183,2.40861000,177080.60991470,0,BTCUSDT,binance
2026-05-30 08:45:00+00:00,73520.92,73520.92,73510.0,73520.0,8.37448,1780130999999,615655.92910570,1548,3.62000000,266122.41234930,0,BTCUSDT,binance
2026-05-30 08:50:00+00:00,73520.0,73535.01,73509.85,73510.0,97.0965,1780131299999,7138539.64113740,3303,30.43755000,2237603.77969050,0,BTCUSDT,binance
2026-05-30 08:55:00+00:00,73510.0,73530.08,73500.02,73530.07,57.3299,1780131599999,4214480.41800040,2079,52.05196000,3826501.20951830,0,BTCUSDT,binance
2026-05-30 09:00:00+00:00,73530.07,73534.0,73503.07,73534.0,43.95906,1780131899999,3231730.47342700,3352,36.59975000,2690694.76191630,0,BTCUSDT,binance
2026-05-30 09:05:00+00:00,73534.0,73548.72,73514.01,73548.72,8.4129,1780132199999,618588.10710120,2915,3.89324000,286260.19110070,0,BTCUSDT,binance
2026-05-30 09:10:00+00:00,73548.71,73548.72,73538.97,73546.38,8.13336,1780132499999,598167.59941840,1146,4.28641000,315235.06896790,0,BTCUSDT,binance
2026-05-30 09:15:00+00:00,73546.39,73579.08,73536.63,73536.64,23.07113,1780132799999,1696998.97478100,3180,12.41207000,913017.12476260,0,BTCUSDT,binance
2026-05-30 09:20:00+00:00,73536.64,73556.52,73536.51,73542.19,23.95044,1780133099999,1761460.50550640,1923,12.53356000,921804.76348260,0,BTCUSDT,binance
2026-05-30 09:25:00+00:00,73542.19,73566.51,73542.18,73566.51,6.90841,1780133399999,508160.63315640,1637,5.44125000,400240.54896690,0,BTCUSDT,binance
2026-05-30 09:30:00+00:00,73566.5,73574.55,73550.0,73558.6,34.46754,1780133699999,2535613.18277130,2320,10.76952000,792211.90390510,0,BTCUSDT,binance
2026-05-30 09:35:00+00:00,73558.6,73578.0,73558.6,73562.78,5.22846,1780133999999,384644.96416510,1962,2.41821000,177898.85503850,0,BTCUSDT,binance
2026-05-30 09:40:00+00:00,73562.78,73572.01,73554.88,73572.0,6.71412,1780134299999,493890.31052590,1542,4.73369000,348216.26648620,0,BTCUSDT,binance
2026-05-30 09:45:00+00:00,73572.01,73572.01,73565.49,73568.93,13.43348,1780134599999,988281.87617470,1183,7.06838000,520004.71866780,0,BTCUSDT,binance
2026-05-30 09:50:00+00:00,73568.94,73615.06,73568.93,73612.42,14.75735,1780134899999,1086057.99529910,3733,9.69494000,713466.33763730,0,BTCUSDT,binance
2026-05-30 09:55:00+00:00,73612.43,73615.47,73596.62,73615.46,12.22721,1780135199999,900011.60635380,2112,8.41339000,619287.93752350,0,BTCUSDT,binance
2026-05-30 10:00:00+00:00,73615.46,73624.0,73592.57,73614.96,27.3629,1780135499999,2014301.14800100,3518,12.80059000,942264.03152020,0,BTCUSDT,binance
2026-05-30 10:05:00+00:00,73614.97,73636.0,73603.2,73635.9,22.45599,1780135799999,1653058.70418210,2628,16.83919000,1239587.09529140,0,BTCUSDT,binance
2026-05-30 10:10:00+00:00,73635.89,73660.56,73635.89,73637.4,5.30602,1780136099999,390773.96272110,2233,3.04202000,224035.34469060,0,BTCUSDT,binance
2026-05-30 10:15:00+00:00,73637.4,73680.75,73637.4,73656.89,31.73171,1780136399999,2337436.29864120,5125,11.21598000,826122.99235980,0,BTCUSDT,binance
2026-05-30 10:20:00+00:00,73656.89,73670.05,73626.0,73670.05,28.98249,1780136699999,2134535.25616010,4866,19.20345000,1414372.94684860,0,BTCUSDT,binance
2026-05-30 10:25:00+00:00,73670.05,73672.0,73622.07,73630.08,21.09292,1780136999999,1553378.54623600,4073,3.18393000,234458.31637030,0,BTCUSDT,binance
2026-05-30 10:30:00+00:00,73630.07,73643.87,73623.26,73626.61,20.10551,1780137299999,1480415.69036470,3816,7.19759000,529969.14274490,0,BTCUSDT,binance
2026-05-30 10:35:00+00:00,73626.6,73642.78,73614.83,73614.84,31.02885,1780137599999,2284647.21261580,2639,8.02030000,590602.14515000,0,BTCUSDT,binance
2026-05-30 10:40:00+00:00,73614.83,73647.64,73614.83,73641.16,20.97118,1780137899999,1544311.07180100,3214,8.34784000,614703.86291980,0,BTCUSDT,binance
2026-05-30 10:45:00+00:00,73641.16,73658.19,73641.15,73647.84,11.13197,1780138199999,819840.52301200,2176,7.30921000,538286.21031470,0,BTCUSDT,binance
2026-05-30 10:50:00+00:00,73647.85,73658.19,73643.35,73658.17,10.59502,1780138499999,780307.43883840,1761,8.72941000,642906.01603810,0,BTCUSDT,binance
2026-05-30 10:55:00+00:00,73658.17,73658.17,73616.22,73655.85,53.20604,1780138799999,3918309.11503780,4352,38.18736000,2812256.74800890,0,BTCUSDT,binance
2026-05-30 11:00:00+00:00,73655.85,73655.86,73630.0,73644.87,9.94411,1780139099999,732324.21950630,2759,4.60389000,339045.65301930,0,BTCUSDT,binance
2026-05-30 11:05:00+00:00,73644.87,73644.88,73621.97,73621.97,7.46266,1780139399999,549512.96332690,2559,1.92223000,141555.42926310,0,BTCUSDT,binance
2026-05-30 11:10:00+00:00,73621.98,73630.15,73612.24,73614.56,49.8773,1780139699999,3671918.65108880,2716,25.38726000,1868930.98128840,0,BTCUSDT,binance
2026-05-30 11:15:00+00:00,73614.56,73621.74,73588.0,73588.0,8.56939,1780139999999,630793.32404140,2700,3.54543000,260988.55075110,0,BTCUSDT,binance
2026-05-30 11:20:00+00:00,73588.0,73596.64,73564.62,73596.63,18.23051,1780140299999,1341369.78859830,3002,11.25372000,828025.92269610,0,BTCUSDT,binance
2026-05-30 11:25:00+00:00,73596.64,73618.19,73582.99,73583.0,90.67988,1780140599999,6673425.59606380,3613,32.96680000,2425966.75707600,0,BTCUSDT,binance
2026-05-30 11:30:00+00:00,73583.0,73592.55,73583.0,73590.8,29.76454,1780140899999,2190331.46833110,1673,21.37952000,1573266.97091790,0,BTCUSDT,binance
2026-05-30 11:35:00+00:00,73590.79,73618.0,73590.79,73616.0,8.64769,1780141199999,636510.47283080,2118,5.22635000,384652.45629790,0,BTCUSDT,binance
2026-05-30 11:40:00+00:00,73616.01,73635.19,73616.0,73629.69,9.35786,1780141499999,689013.86343670,1993,5.99460000,441370.00045760,0,BTCUSDT,binance
2026-05-30 11:45:00+00:00,73629.68,73629.69,73610.34,73610.34,10.07959,1780141799999,742063.40086070,2610,3.73959000,275308.25918840,0,BTCUSDT,binance
2026-05-30 11:50:00+00:00,73610.34,73615.01,73584.27,73615.0,48.28771,1780142099999,3554114.57192380,3079,35.44327000,2608669.12704420,0,BTCUSDT,binance
2026-05-30 11:55:00+00:00,73615.0,73615.0,73600.0,73602.02,26.20246,1780142399999,1928627.09740340,1600,19.01896000,1399876.20068190,0,BTCUSDT,binance
2026-05-30 12:00:00+00:00,73602.01,73610.59,73600.01,73600.01,15.76059,1780142699999,1160049.85155090,1989,10.31514000,759237.69666580,0,BTCUSDT,binance
2026-05-30 12:05:00+00:00,73600.01,73600.02,73600.01,73600.02,5.41921,1780142999999,398853.93716440,801,2.69723000,198516.18194460,0,BTCUSDT,binance
2026-05-30 12:10:00+00:00,73600.02,73605.59,73594.4,73605.59,13.83698,1780143299999,1018373.77700030,1827,9.81139000,722094.51889160,0,BTCUSDT,binance
2026-05-30 12:15:00+00:00,73605.59,73638.69,73605.59,73638.68,7.87116,1780143599999,579438.20601600,2127,4.62942000,340802.89186100,0,BTCUSDT,binance
2026-05-30 12:20:00+00:00,73638.68,73677.34,73638.68,73644.17,54.85011,1780143899999,4040241.32125390,4555,29.86430000,2199832.83490140,0,BTCUSDT,binance
2026-05-30 12:25:00+00:00,73644.18,73686.94,73644.17,73651.27,79.27793,1780144199999,5840004.58027020,6851,65.38233000,4816283.32551260,0,BTCUSDT,binance
2026-05-30 12:30:00+00:00,73651.26,73717.07,73651.25,73685.4,31.41352,1780144499999,2314662.70712740,4205,19.13007000,1409399.87268770,0,BTCUSDT,binance
2026-05-30 12:35:00+00:00,73685.4,73685.4,73670.0,73671.02,17.4584,1780144799999,1286175.54612500,1568,12.54976000,924550.75909130,0,BTCUSDT,binance
2026-05-30 12:40:00+00:00,73671.03,73689.31,73671.02,73689.31,20.25243,1780145099999,1492036.51571410,1559,9.20153000,677904.75290180,0,BTCUSDT,binance
2026-05-30 12:45:00+00:00,73689.31,73689.66,73661.03,73677.6,43.99501,1780145399999,3241469.92450110,3408,17.39566000,1281525.59366770,0,BTCUSDT,binance
2026-05-30 12:50:00+00:00,73677.61,73677.61,73655.05,73655.05,48.80207,1780145699999,3595083.97110980,2802,22.25345000,1639381.53153470,0,BTCUSDT,binance
2026-05-30 12:55:00+00:00,73655.05,73698.18,73655.05,73698.18,30.29759,1780145999999,2232223.55452590,2725,19.87473000,1464307.09154540,0,BTCUSDT,binance
2026-05-30 13:00:00+00:00,73698.17,73736.0,73698.17,73721.69,17.21661,1780146299999,1269289.64301770,3149,11.51234000,848749.83286640,0,BTCUSDT,binance
2026-05-30 13:05:00+00:00,73721.69,73765.82,73721.68,73765.82,23.08704,1780146599999,1702461.81145030,4073,19.30860000,1423819.53460150,0,BTCUSDT,binance
2026-05-30 13:10:00+00:00,73765.81,73784.0,73746.39,73746.4,21.78408,1780146899999,1607125.54022770,3234,10.13279000,747551.51869720,0,BTCUSDT,binance
2026-05-30 13:15:00+00:00,73746.4,73764.0,73715.49,73763.99,20.7933,1780147199999,1533093.98875930,4808,18.48822000,1363127.27160620,0,BTCUSDT,binance
2026-05-30 13:20:00+00:00,73764.0,73832.0,73763.99,73789.8,42.09651,1780147499999,3107012.12881220,6040,26.43689000,1951246.41801660,0,BTCUSDT,binance
2026-05-30 13:25:00+00:00,73789.81,73789.81,73773.43,73773.44,7.9907,1780147799999,589565.32828970,1483,2.38552000,176014.04900820,0,BTCUSDT,binance
2026-05-30 13:30:00+00:00,73773.44,73773.44,73694.25,73695.16,19.31349,1780148099999,1423646.56397320,3148,3.83059000,282359.82085180,0,BTCUSDT,binance
2026-05-30 13:35:00+00:00,73695.16,73695.17,73676.1,73686.61,14.70197,1780148399999,1083313.57909970,3529,8.35905000,615926.89733650,0,BTCUSDT,binance
2026-05-30 13:40:00+00:00,73686.61,73749.17,73686.6,73748.0,13.04742,1780148699999,961831.65990620,3914,10.27189000,757186.42871250,0,BTCUSDT,binance
2026-05-30 13:45:00+00:00,73747.99,73780.0,73740.8,73740.8,24.2037,1780148999999,1785305.44152300,4085,9.60577000,708535.24688620,0,BTCUSDT,binance
2026-05-30 13:50:00+00:00,73740.8,73819.37,73740.8,73819.37,27.62484,1780149299999,2038066.43556420,4770,25.86476000,1908190.53523700,0,BTCUSDT,binance
2026-05-30 13:55:00+00:00,73819.37,73837.06,73819.36,73829.31,17.53461,1780149599999,1294528.32144210,3030,9.70708000,716611.21000010,0,BTCUSDT,binance
2026-05-30 14:00:00+00:00,73829.31,73910.01,73820.91,73905.99,58.36112,1780149899999,4310557.60357730,9076,50.71785000,3746012.55429410,0,BTCUSDT,binance
2026-05-30 14:05:00+00:00,73906.0,73946.67,73883.09,73946.67,41.17222,1780150199999,3043175.86049600,9348,28.10641000,2077453.39174330,0,BTCUSDT,binance
2026-05-30 14:10:00+00:00,73946.67,74011.99,73940.0,73940.01,75.59491,1780150499999,5592378.74850310,11788,54.47833000,4030061.95150800,0,BTCUSDT,binance
2026-05-30 14:15:00+00:00,73940.0,74002.01,73884.55,74002.0,44.46087,1780150799999,3287323.00363060,9678,25.10314000,1856104.32504330,0,BTCUSDT,binance
2026-05-30 14:20:00+00:00,74002.01,74002.01,73949.19,73967.53,33.04048,1780151099999,2444014.02373390,6507,17.58326000,1300628.91751870,0,BTCUSDT,binance
2026-05-30 14:25:00+00:00,73967.54,74054.11,73955.47,74048.27,51.84457,1780151399999,3836977.76095240,12062,35.32569000,2614367.96746350,0,BTCUSDT,binance
2026-05-30 14:30:00+00:00,74048.28,74100.0,74009.07,74049.06,60.64356,1780151699999,4490311.76374050,10436,38.42459000,2845129.75589810,0,BTCUSDT,binance
2026-05-30 14:35:00+00:00,74049.05,74055.72,74011.36,74034.83,91.96065,1780151999999,6807979.72986830,9362,46.07946000,3411356.97535270,0,BTCUSDT,binance
2026-05-30 14:40:00+00:00,74034.83,74067.91,74000.0,74000.01,48.48707,1780152299999,3590296.29320400,8195,23.03228000,1705422.07245770,0,BTCUSDT,binance
2026-05-30 14:45:00+00:00,74000.0,74021.37,73924.0,73988.0,27.54361,1780152599999,2037174.43003890,7763,15.50783000,1146945.08709670,0,BTCUSDT,binance
2026-05-30 14:50:00+00:00,73988.01,73988.01,73928.76,73929.09,20.16176,1780152899999,1490861.32603690,2829,5.62244000,415753.90975380,0,BTCUSDT,binance
2026-05-30 14:55:00+00:00,73929.1,73929.11,73916.01,73929.11,11.79959,1780153199999,872295.41919620,1787,6.47957000,478998.53635080,0,BTCUSDT,binance
2026-05-30 15:00:00+00:00,73929.11,73953.68,73895.84,73895.85,18.05316,1780153499999,1334631.73753800,4819,9.70942000,717817.52363950,0,BTCUSDT,binance
2026-05-30 15:05:00+00:00,73895.84,73904.0,73872.19,73899.61,30.32497,1780153799999,2240925.66763970,3398,7.34443000,542684.39366910,0,BTCUSDT,binance
2026-05-30 15:10:00+00:00,73899.6,74042.88,73899.6,74030.01,14.1339,1780154099999,1045462.58342130,7066,9.81282000,725800.12232410,0,BTCUSDT,binance
2026-05-30 15:15:00+00:00,74030.01,74037.97,73925.23,73940.87,25.62839,1780154399999,1896155.88316650,6578,7.58676000,561293.11840440,0,BTCUSDT,binance
2026-05-30 15:20:00+00:00,73940.87,73942.82,73844.0,73887.04,32.71957,1780154699999,2417756.19912530,8387,14.60904000,1079567.49555790,0,BTCUSDT,binance
2026-05-30 15:25:00+00:00,73887.05,73960.0,73887.04,73940.01,23.02952,1780154999999,1702508.27022210,4230,19.37539000,1432316.13685640,0,BTCUSDT,binance
2026-05-30 15:30:00+00:00,73940.0,73948.53,73879.31,73916.92,25.5233,1780155299999,1886135.05054590,5154,9.68041000,715321.94700290,0,BTCUSDT,binance
2026-05-30 15:35:00+00:00,73916.92,73927.52,73868.98,73868.98,19.87576,1780155599999,1468974.08830990,4138,8.75013000,646703.21614960,0,BTCUSDT,binance
2026-05-30 15:40:00+00:00,73868.99,73875.01,73836.7,73875.0,26.63914,1780155899999,1967587.77273930,3430,13.92767000,1028730.19183420,0,BTCUSDT,binance
2026-05-30 15:45:00+00:00,73875.01,73922.0,73875.0,73910.9,11.05971,1780156199999,817363.15537330,3458,8.60107000,635640.58778150,0,BTCUSDT,binance
2026-05-30 15:50:00+00:00,73910.89,73968.55,73895.99,73959.17,40.40404,1780156499999,2987277.69548270,5290,25.79182000,1907170.04508840,0,BTCUSDT,binance
2026-05-30 15:55:00+00:00,73959.17,73964.11,73910.62,73930.14,34.0075,1780156799999,2514235.68492610,3130,20.97543000,1550612.82638340,0,BTCUSDT,binance
2026-05-30 16:00:00+00:00,73930.13,73930.14,73880.1,73901.58,17.86002,1780157099999,1319836.73364310,5109,7.69711000,568791.86753910,0,BTCUSDT,binance
2026-05-30 16:05:00+00:00,73901.59,73933.73,73901.58,73925.33,15.48336,1780157399999,1144533.56393630,5017,11.86845000,877304.55615180,0,BTCUSDT,binance
2026-05-30 16:10:00+00:00,73925.34,73979.23,73925.33,73968.03,16.18825,1780157699999,1197243.76521220,5939,10.20409000,754664.21951120,0,BTCUSDT,binance
2026-05-30 16:15:00+00:00,73968.03,73980.0,73911.9,73922.48,15.68438,1780157999999,1159849.20353770,4464,7.91914000,585636.38029950,0,BTCUSDT,binance
2026-05-30 16:20:00+00:00,73922.49,73950.0,73912.0,73918.15,11.18281,1780158299999,826720.54303900,3924,6.55394000,484542.22931070,0,BTCUSDT,binance
2026-05-30 16:25:00+00:00,73918.15,73920.63,73900.0,73909.99,23.58978,1780158599999,1743565.44503680,2660,14.75370000,1090456.16484600,0,BTCUSDT,binance
2026-05-30 16:30:00+00:00,73909.99,73964.0,73905.52,73950.39,16.52935,1780158899999,1221958.77586720,4235,9.25333000,684109.11675160,0,BTCUSDT,binance
2026-05-30 16:35:00+00:00,73950.4,73985.84,73939.59,73972.0,14.46018,1780159199999,1069547.39234970,4918,8.72069000,645031.93620170,0,BTCUSDT,binance
2026-05-30 16:40:00+00:00,73972.0,73978.47,73947.71,73957.53,30.06015,1780159499999,2223562.87607370,4024,24.31984000,1798931.55516410,0,BTCUSDT,binance
2026-05-30 16:45:00+00:00,73957.54,73979.23,73910.0,73927.59,20.22587,1780159799999,1495548.38818900,4302,6.12413000,452791.32142530,0,BTCUSDT,binance
2026-05-30 16:50:00+00:00,73927.58,73931.04,73918.98,73931.04,5.41214,1780160099999,400105.16503080,2261,2.83490000,209575.98789380,0,BTCUSDT,binance
2026-05-30 16:55:00+00:00,73931.04,73935.0,73931.03,73934.99,6.79368,1780160399999,502286.87754720,1148,5.83125000,431129.96507100,0,BTCUSDT,binance
2026-05-30 17:00:00+00:00,73935.0,73948.13,73910.0,73943.44,12.27837,1780160699999,907754.13399040,4700,7.98840000,590583.30332510,0,BTCUSDT,binance
2026-05-30 17:05:00+00:00,73943.44,73947.1,73882.75,73887.0,22.34839,1780160999999,1651830.73986920,3955,6.07425000,448864.56187290,0,BTCUSDT,binance
2026-05-30 17:10:00+00:00,73887.0,73907.51,73882.0,73907.51,7.89369,1780161299999,583310.13194110,2160,3.94520000,291530.58181930,0,BTCUSDT,binance
2026-05-30 17:15:00+00:00,73907.52,73945.92,73907.51,73911.06,9.00856,1780161599999,665920.06428530,4373,5.04789000,373130.80386760,0,BTCUSDT,binance
2026-05-30 17:20:00+00:00,73911.07,74047.26,73911.06,74012.98,120.84356,1780161899999,8943413.60728070,6309,112.94579000,8358959.80720420,0,BTCUSDT,binance
2026-05-30 17:25:00+00:00,74012.98,74012.99,73930.9,73934.86,25.61727,1780162199999,1894951.99369530,5395,6.21455000,459643.18548430,0,BTCUSDT,binance
2026-05-30 17:30:00+00:00,73934.86,73934.87,73811.3,73860.0,36.85331,1780162499999,2722209.36199880,8482,14.13793000,1044157.35289170,0,BTCUSDT,binance
2026-05-30 17:35:00+00:00,73860.01,73925.34,73849.93,73925.34,19.95424,1780162799999,1474241.32639330,4997,12.52158000,925135.64100980,0,BTCUSDT,binance
2026-05-30 17:40:00+00:00,73925.33,73955.95,73925.33,73955.94,24.75697,1780163099999,1830505.26425960,2551,8.54730000,632007.91792550,0,BTCUSDT,binance
2026-05-30 17:45:00+00:00,73955.94,74011.39,73955.94,74011.39,10.93567,1780163399999,809053.51729060,5169,7.05569000,521999.88972640,0,BTCUSDT,binance
2026-05-30 17:50:00+00:00,74011.39,74016.0,73998.0,74015.99,6.52002,1780163699999,482555.63278350,2684,4.13565000,306085.58173950,0,BTCUSDT,binance
2026-05-30 17:55:00+00:00,74015.99,74023.66,74013.02,74020.07,11.73987,1780163999999,868958.68525340,2671,6.73900000,498801.67742690,0,BTCUSDT,binance
2026-05-30 18:00:00+00:00,74020.06,74030.0,74015.99,74027.23,4.61872,1780164299999,341882.12305070,1710,2.66017000,196907.61704960,0,BTCUSDT,binance
2026-05-30 18:05:00+00:00,74027.23,74027.23,74001.44,74018.33,9.95242,1780164599999,736663.21757770,2527,4.99339000,369597.66641570,0,BTCUSDT,binance
2026-05-30 18:10:00+00:00,74018.34,74023.89,74018.25,74018.26,9.38184,1780164899999,694456.50871430,1726,2.97894000,220504.53602650,0,BTCUSDT,binance
2026-05-30 18:15:00+00:00,74018.26,74074.06,74018.25,74059.98,24.18103,1780165199999,1790703.36660430,3561,20.15147000,1492308.61721120,0,BTCUSDT,binance
2026-05-30 18:20:00+00:00,74059.99,74116.0,74038.04,74038.04,36.12227,1780165499999,2675914.21080090,6835,27.36783000,2027461.59709520,0,BTCUSDT,binance
2026-05-30 18:25:00+00:00,74038.04,74038.05,73945.0,73969.36,17.24841,1780165799999,1276089.99041270,4305,4.32767000,320090.97011870,0,BTCUSDT,binance
2026-05-30 18:30:00+00:00,73969.37,74035.99,73962.6,74035.98,20.40179,1780166099999,1509654.87341450,2516,12.35792000,914496.26205860,0,BTCUSDT,binance
2026-05-30 18:35:00+00:00,74035.98,74053.33,74024.5,74053.33,13.12873,1780166399999,972008.83541420,3291,6.13925000,454520.50673520,0,BTCUSDT,binance
2026-05-30 18:40:00+00:00,74053.33,74095.74,74044.0,74095.74,16.03776,1780166699999,1187843.97275090,3360,10.82727000,801984.40744100,0,BTCUSDT,binance
2026-05-30 18:45:00+00:00,74095.73,74143.76,74036.59,74047.62,19.17419,1780166999999,1420632.27398420,8861,7.89533000,585074.79861360,0,BTCUSDT,binance
2026-05-30 18:50:00+00:00,74047.63,74047.63,74005.92,74020.0,8.52908,1780167299999,631296.48886930,2273,1.81077000,134021.55952920,0,BTCUSDT,binance
2026-05-30 18:55:00+00:00,74019.99,74062.0,74013.45,74043.38,9.79031,1780167599999,724798.50993830,3538,7.67538000,568217.74731800,0,BTCUSDT,binance
2026-05-30 19:00:00+00:00,74043.39,74043.81,74020.0,74043.8,11.1133,1780167899999,822717.27513290,3561,6.23903000,461870.19309730,0,BTCUSDT,binance
2026-05-30 19:05:00+00:00,74043.81,74043.81,74010.46,74010.46,6.7339,1780168199999,498449.97392690,3085,3.74124000,276919.46831130,0,BTCUSDT,binance
2026-05-30 19:10:00+00:00,74010.47,74040.71,74006.0,74040.71,7.84826,1780168499999,580940.46273890,2207,4.94981000,366399.75705010,0,BTCUSDT,binance
2026-05-30 19:15:00+00:00,74040.71,74072.0,74040.7,74050.95,20.90596,1780168799999,1548142.14181950,4211,9.07059000,671670.52758480,0,BTCUSDT,binance
2026-05-30 19:20:00+00:00,74050.94,74054.21,74011.15,74011.16,14.48308,1780169099999,1072322.13300460,3299,3.05076000,225891.09166810,0,BTCUSDT,binance
2026-05-30 19:25:00+00:00,74011.15,74023.66,73993.76,73993.76,10.22106,1780169399999,756456.27821010,2744,3.20503000,237207.13646380,0,BTCUSDT,binance
2026-05-30 19:30:00+00:00,73993.76,73993.77,73971.3,73992.34,15.39863,1780169699999,1139305.26710760,3074,6.20448000,459036.19225360,0,BTCUSDT,binance
2026-05-30 19:35:00+00:00,73992.35,74040.02,73992.34,74040.02,23.68621,1780169999999,1753187.41008320,3457,19.93008000,1475153.13420310,0,BTCUSDT,binance
2026-05-30 19:40:00+00:00,74040.02,74040.02,74009.51,74017.96,7.79714,1780170299999,577179.25199980,2313,1.29649000,95961.47967220,0,BTCUSDT,binance
2026-05-30 19:45:00+00:00,74017.97,74069.97,74017.97,74062.09,12.61255,1780170599999,934067.97222030,4152,9.80234000,725943.27164870,0,BTCUSDT,binance
2026-05-30 19:50:00+00:00,74062.1,74062.1,74031.44,74031.44,8.58126,1780170899999,635346.70973440,2783,2.24574000,166264.00315650,0,BTCUSDT,binance
2026-05-30 19:55:00+00:00,74031.45,74032.29,74016.64,74016.65,6.03996,1780171199999,447116.02289130,1770,2.00089000,148123.78428800,0,BTCUSDT,binance
2026-05-30 20:00:00+00:00,74016.64,74016.65,73938.0,73938.01,13.23597,1780171499999,979218.91053380,3763,1.05245000,77878.36635980,0,BTCUSDT,binance
2026-05-30 20:05:00+00:00,73938.0,73986.67,73938.0,73985.99,5.20744,1780171799999,385164.38063470,2592,3.51429000,259931.80090380,0,BTCUSDT,binance
2026-05-30 20:10:00+00:00,73985.99,73986.0,73961.24,73961.24,8.65309,1780172099999,640106.47311810,2186,5.30324000,392298.20555840,0,BTCUSDT,binance
2026-05-30 20:15:00+00:00,73961.25,73969.37,73957.25,73965.64,7.69984,1780172399999,569486.99392480,1351,2.02534000,149802.47882130,0,BTCUSDT,binance
2026-05-30 20:20:00+00:00,73965.65,73966.3,73960.89,73966.29,2.42193,1780172699999,179138.76789640,810,1.13439000,83904.44018810,0,BTCUSDT,binance
2026-05-30 20:25:00+00:00,73966.29,73966.3,73966.29,73966.29,5.68247,1780172999999,420311.26516270,653,4.12264000,304936.42703200,0,BTCUSDT,binance
2026-05-30 20:30:00+00:00,73966.29,73966.3,73939.02,73950.0,6.61956,1780173299999,489511.88873970,2798,1.50953000,111622.72340730,0,BTCUSDT,binance
2026-05-30 20:35:00+00:00,73950.0,73979.98,73931.35,73941.74,14.21134,1780173599999,1051024.65948480,3737,8.78029000,649373.01758620,0,BTCUSDT,binance
2026-05-30 20:40:00+00:00,73941.74,73941.74,73932.89,73932.9,2.05242,1780173899999,151746.79081460,1127,0.53955000,39892.16848780,0,BTCUSDT,binance
2026-05-30 20:45:00+00:00,73932.89,73938.73,73932.89,73935.09,5.06052,1780174199999,374142.90371350,1573,2.58157000,190863.82716140,0,BTCUSDT,binance
2026-05-30 20:50:00+00:00,73935.09,73980.98,73926.68,73966.69,26.53672,1780174499999,1962418.28508450,2888,16.09948000,1190680.67978100,0,BTCUSDT,binance
2026-05-30 20:55:00+00:00,73966.69,73979.85,73958.55,73979.84,7.6135,1780174799999,563163.21152370,1301,5.57974000,412739.53692770,0,BTCUSDT,binance
2026-05-30 21:00:00+00:00,73979.85,73989.5,73977.76,73977.77,5.35787,1780175099999,396378.22060460,1404,0.84202000,62293.37782470,0,BTCUSDT,binance
2026-05-30 21:05:00+00:00,73977.77,73977.77,73977.76,73977.77,4.24465,1780175399999,314009.73071270,558,3.17287000,234721.84709990,0,BTCUSDT,binance
2026-05-30 21:10:00+00:00,73977.76,73988.2,73967.0,73988.2,24.84156,1780175699999,1837713.59393110,2325,11.16209000,825752.42671100,0,BTCUSDT,binance
2026-05-30 21:15:00+00:00,73988.2,73991.99,73984.95,73984.95,4.05876,1780175999999,300309.18613300,1551,1.26181000,93361.62798840,0,BTCUSDT,binance
2026-05-30 21:20:00+00:00,73984.95,74004.45,73983.61,73996.05,8.72121,1780176299999,645303.39159270,1843,5.96891000,441648.96481870,0,BTCUSDT,binance
2026-05-30 21:25:00+00:00,73996.06,74008.0,73989.98,73992.11,23.25133,1780176599999,1720615.21597800,3054,6.63833000,491225.80148690,0,BTCUSDT,binance
2026-05-30 21:30:00+00:00,73992.11,74004.49,73984.08,73984.09,14.25207,1780176899999,1054608.38846940,1263,11.88905000,879761.17537330,0,BTCUSDT,binance
2026-05-30 21:35:00+00:00,73984.09,73984.09,73967.0,73983.01,10.13346,1780177199999,749635.87745340,1560,5.12196000,378893.02944120,0,BTCUSDT,binance
2026-05-30 21:40:00+00:00,73983.01,74054.0,73978.2,73978.2,48.01785,1780177499999,3553307.31651120,7225,10.33572000,765012.99851560,0,BTCUSDT,binance
2026-05-30 21:45:00+00:00,73978.2,74018.0,73939.8,73952.83,25.51738,1780177799999,1887579.67063430,6685,6.93760000,513157.95563300,0,BTCUSDT,binance
2026-05-30 21:50:00+00:00,73952.83,73977.99,73929.07,73969.68,9.36261,1780178099999,692422.31660820,4357,2.93147000,216781.13528590,0,BTCUSDT,binance
2026-05-30 21:55:00+00:00,73969.68,73982.0,73960.0,73981.99,46.71195,1780178399999,3455299.11774070,1952,33.16053000,2452841.70759390,0,BTCUSDT,binance
2026-05-30 22:00:00+00:00,73981.99,73982.0,73868.56,73868.56,60.92161,1780178699999,4503910.14756670,7842,8.96765000,662819.28988930,0,BTCUSDT,binance
2026-05-30 22:05:00+00:00,73868.56,73895.88,73829.92,73895.87,20.59519,1780178999999,1521043.76302080,6570,7.82391000,577849.08380180,0,BTCUSDT,binance
2026-05-30 22:10:00+00:00,73895.88,73911.73,73889.99,73890.0,25.11784,1780179299999,1856159.87954010,3079,9.24851000,683430.24131780,0,BTCUSDT,binance
2026-05-30 22:15:00+00:00,73890.0,73932.39,73884.52,73884.52,88.05221,1780179599999,6507832.32141830,5151,25.58108000,1890796.02510220,0,BTCUSDT,binance
2026-05-30 22:20:00+00:00,73884.53,73893.86,73860.0,73893.84,42.49054,1780179899999,3138902.17102460,4302,35.08699000,2591971.21519330,0,BTCUSDT,binance
2026-05-30 22:25:00+00:00,73893.85,73898.25,73878.0,73898.0,36.94506,1780180199999,2729809.78662110,1835,32.03662000,2367124.21463210,0,BTCUSDT,binance
2026-05-30 22:30:00+00:00,73898.0,73906.47,73883.69,73893.08,24.47047,1780180499999,1808276.95567130,2567,18.63402000,1376969.97351310,0,BTCUSDT,binance
2026-05-30 22:35:00+00:00,73893.08,73893.09,73829.64,73829.64,14.42225,1780180799999,1065316.83952130,3312,1.75873000,129945.21389690,0,BTCUSDT,binance
2026-05-30 22:40:00+00:00,73829.64,73831.53,73796.01,73805.99,38.95354,1780181099999,2875236.93188450,5237,25.43824000,1877617.15704510,0,BTCUSDT,binance
2026-05-30 22:45:00+00:00,73805.99,73857.23,73805.99,73857.23,17.95598,1780181399999,1325672.06864910,2567,14.26950000,1053462.36165810,0,BTCUSDT,binance
2026-05-30 22:50:00+00:00,73857.23,73862.69,73857.22,73857.23,6.36407,1780181699999,470041.05278870,1190,3.38702000,250156.98693550,0,BTCUSDT,binance
2026-05-30 22:55:00+00:00,73857.23,73887.5,73857.22,73883.3,15.3788,1780181999999,1136028.02787500,1962,10.40560000,768589.25457060,0,BTCUSDT,binance
2026-05-30 23:00:00+00:00,73883.3,73995.98,73882.26,73986.51,30.5348,1780182299999,2258205.40887670,5441,19.86707000,1469130.55370690,0,BTCUSDT,binance
2026-05-30 23:05:00+00:00,73986.52,73986.52,73929.64,73929.64,14.16535,1780182599999,1047730.19189880,3754,4.93706000,365171.48746570,0,BTCUSDT,binance
2026-05-30 23:10:00+00:00,73929.64,73929.65,73844.46,73848.74,12.91998,1780182899999,954448.34666580,3882,2.26245000,167089.75627320,0,BTCUSDT,binance
2026-05-30 23:15:00+00:00,73848.74,73883.45,73838.31,73873.21,11.71587,1780183199999,865296.73259350,3581,5.11643000,377869.11752810,0,BTCUSDT,binance
2026-05-30 23:20:00+00:00,73873.22,73873.22,73826.34,73843.37,21.76418,1780183499999,1607074.71989770,2886,7.50928000,554461.09504070,0,BTCUSDT,binance
2026-05-30 23:25:00+00:00,73843.37,73869.99,73837.99,73838.0,96.01944,1780183799999,7090532.01953230,3929,55.04104000,4064252.33312900,0,BTCUSDT,binance
2026-05-30 23:30:00+00:00,73838.0,73845.66,73817.12,73817.13,12.86539,1780184099999,949850.65816220,2656,3.49955000,258385.80158310,0,BTCUSDT,binance
2026-05-30 23:35:00+00:00,73817.13,73817.13,73788.0,73793.12,50.84768,1780184399999,3752200.30119630,2960,5.21242000,384668.29467010,0,BTCUSDT,binance
2026-05-30 23:40:00+00:00,73793.13,73811.71,73781.3,73798.35,49.4109,1780184699999,3646108.73769770,3211,32.99074000,2434394.68579500,0,BTCUSDT,binance
2026-05-30 23:45:00+00:00,73798.35,73840.0,73798.35,73840.0,7.10143,1780184999999,524180.85849770,2260,5.64949000,416997.23535130,0,BTCUSDT,binance
2026-05-30 23:50:00+00:00,73840.0,73867.95,73828.65,73865.33,33.3959,1780185299999,2466296.18384970,2223,25.69106000,1897346.29102090,0,BTCUSDT,binance
2026-05-30 23:55:00+00:00,73865.32,73884.38,73856.74,73884.38,28.23726,1780185599999,2085894.32909150,1686,23.89576000,1765206.69480250,0,BTCUSDT,binance
2026-05-31 00:00:00+00:00,73884.38,73932.0,73867.25,73876.31,45.14625,1780185899999,3336242.26095430,7022,12.97307000,958688.12997890,0,BTCUSDT,binance
2026-05-31 00:05:00+00:00,73876.31,73883.09,73858.56,73883.09,9.41264,1780186199999,695332.28963280,2774,4.21637000,311478.87725880,0,BTCUSDT,binance
2026-05-31 00:10:00+00:00,73883.08,73923.03,73879.99,73880.0,31.89487,1780186499999,2356865.12689980,4042,8.83970000,653215.12239080,0,BTCUSDT,binance
2026-05-31 00:15:00+00:00,73879.99,73907.66,73879.99,73893.06,27.84946,1780186799999,2057836.05118600,2822,20.14452000,1488474.32294730,0,BTCUSDT,binance
2026-05-31 00:20:00+00:00,73893.07,73971.31,73893.07,73971.31,21.43629,1780187099999,1584872.05349910,4720,14.60381000,1079784.11985710,0,BTCUSDT,binance
2026-05-31 00:25:00+00:00,73971.31,74026.79,73966.12,73967.81,23.56044,1780187399999,1743692.32429790,5072,14.34969000,1062011.98931830,0,BTCUSDT,binance
2026-05-31 00:30:00+00:00,73967.81,74028.0,73951.02,74020.23,18.70791,1780187699999,1384300.92922490,4087,12.44710000,920953.35669400,0,BTCUSDT,binance
2026-05-31 00:35:00+00:00,74020.22,74020.23,73952.0,73952.0,11.51208,1780187999999,851829.22217220,4029,3.39399000,251152.41182720,0,BTCUSDT,binance
2026-05-31 00:40:00+00:00,73952.0,73953.47,73940.0,73953.46,7.25188,1780188299999,536230.65124620,1876,5.04784000,373247.66140210,0,BTCUSDT,binance
2026-05-31 00:45:00+00:00,73953.47,73968.42,73924.0,73925.2,8.66125,1780188599999,640498.83568470,2833,3.22617000,238566.10751600,0,BTCUSDT,binance
2026-05-31 00:50:00+00:00,73925.21,74022.43,73925.21,74022.43,21.89079,1780188899999,1619171.95816530,4179,19.05789000,1409634.92379530,0,BTCUSDT,binance
2026-05-31 00:55:00+00:00,74022.43,74041.72,74018.0,74038.2,14.03021,1780189199999,1038596.07026050,1984,8.82416000,653207.25765700,0,BTCUSDT,binance
2026-05-31 01:00:00+00:00,74038.2,74114.0,74028.64,74108.01,37.76707,1780189499999,2797718.13892600,6979,28.45994000,2108213.15388730,0,BTCUSDT,binance
2026-05-31 01:05:00+00:00,74108.01,74114.75,74076.96,74109.0,12.03901,1780189799999,891986.52272850,3397,6.53793000,484371.31428880,0,BTCUSDT,binance
2026-05-31 01:10:00+00:00,74108.99,74166.0,74105.75,74137.99,42.78829,1780190099999,3172070.08851200,7360,25.71222000,1905954.02891220,0,BTCUSDT,binance
2026-05-31 01:15:00+00:00,74137.99,74229.04,74137.98,74177.19,46.98181,1780190399999,3485933.47618590,5307,37.19615000,2759911.18482350,0,BTCUSDT,binance
2026-05-31 01:20:00+00:00,74177.18,74275.66,74177.18,74274.0,34.42002,1780190699999,2555097.36860790,4101,30.59491000,2271194.85588820,0,BTCUSDT,binance
2026-05-31 01:25:00+00:00,74273.99,74274.0,74092.0,74097.16,37.84688,1780190999999,2807515.01185520,7667,5.96066000,441919.40307040,0,BTCUSDT,binance
2026-05-31 01:30:00+00:00,74097.16,74213.84,74094.09,74194.73,47.97655,1780191299999,3558508.56785100,7171,27.13062000,2011913.19689820,0,BTCUSDT,binance
2026-05-31 01:35:00+00:00,74194.73,74218.0,74143.99,74143.99,25.4978,1780191599999,1891862.08610430,5340,8.60104000,638241.54944430,0,BTCUSDT,binance
2026-05-31 01:40:00+00:00,74143.01,74143.01,74074.05,74074.06,19.97313,1780191899999,1480150.45771430,3771,3.54101000,262411.34381150,0,BTCUSDT,binance
2026-05-31 01:45:00+00:00,74074.06,74146.01,74058.0,74107.01,38.75418,1780192199999,2871728.35018010,8565,23.42294000,1735655.81574250,0,BTCUSDT,binance
2026-05-31 01:50:00+00:00,74107.02,74124.66,74063.14,74063.15,12.39925,1780192499999,918710.51756170,3477,2.76631000,204987.91190620,0,BTCUSDT,binance
2026-05-31 01:55:00+00:00,74063.15,74073.92,74058.0,74058.01,7.03403,1780192799999,520945.08140990,2105,3.98143000,294862.96311910,0,BTCUSDT,binance
2026-05-31 02:00:00+00:00,74058.01,74082.0,74058.0,74081.98,10.35709,1780193099999,767120.53257290,3629,7.48327000,554261.01023940,0,BTCUSDT,binance
2026-05-31 02:05:00+00:00,74081.97,74135.72,74081.97,74107.04,21.62174,1780193399999,1602540.67882300,3867,17.05247000,1263887.58870750,0,BTCUSDT,binance
2026-05-31 02:10:00+00:00,74107.04,74166.0,74107.03,74166.0,12.57759,1780193699999,932543.14659280,3254,11.98388000,888520.94308490,0,BTCUSDT,binance
2026-05-31 02:15:00+00:00,74166.0,74243.94,74165.99,74184.01,26.50692,1780193999999,1966907.43082640,10175,16.14672000,1198051.56574960,0,BTCUSDT,binance
2026-05-31 02:20:00+00:00,74184.0,74184.01,74134.78,74150.0,12.13663,1780194299999,899951.10784080,4362,2.84950000,211287.79658470,0,BTCUSDT,binance
2026-05-31 02:25:00+00:00,74150.0,74150.01,73970.0,73970.01,36.1917,1780194599999,2680159.85000440,11479,5.22603000,387038.66972250,0,BTCUSDT,binance
2026-05-31 02:30:00+00:00,73970.01,74025.0,73890.49,73890.5,34.27656,1780194899999,2535101.07064060,9649,12.12538000,897192.19945550,0,BTCUSDT,binance
2026-05-31 02:35:00+00:00,73890.5,73948.0,73890.49,73945.5,11.37889,1780195199999,841263.39136040,3932,6.88530000,508993.32158670,0,BTCUSDT,binance
2026-05-31 02:40:00+00:00,73945.49,73972.0,73926.53,73972.0,20.35784,1780195499999,1505451.84996670,5328,13.12873000,970891.61933360,0,BTCUSDT,binance
2026-05-31 02:45:00+00:00,73972.0,73986.4,73944.17,73986.4,20.01393,1780195799999,1480418.21497970,5896,13.34065000,986828.61637770,0,BTCUSDT,binance
2026-05-31 02:50:00+00:00,73986.39,74044.0,73983.39,73992.14,70.21329,1780196099999,5196128.51706340,15018,47.38015000,3506102.25246110,0,BTCUSDT,binance
2026-05-31 02:55:00+00:00,73992.14,74110.0,73976.42,74090.84,29.22452,1780196399999,2164153.25950510,7946,17.16302000,1271115.57318790,0,BTCUSDT,binance
2026-05-31 03:00:00+00:00,74090.84,74170.78,74090.83,74099.62,19.99949,1780196699999,1482550.67939590,9233,10.34239000,766646.80936170,0,BTCUSDT,binance
2026-05-31 03:05:00+00:00,74099.61,74099.62,74082.07,74093.15,9.40904,1780196999999,697146.45920730,2696,3.72215000,275774.89171870,0,BTCUSDT,binance
2026-05-31 03:10:00+00:00,74093.15,74153.99,74074.05,74153.99,14.68858,1780197299999,1088603.51851970,5525,8.94929000,663262.99835840,0,BTCUSDT,binance
2026-05-31 03:15:00+00:00,74153.99,74165.23,74119.7,74156.67,18.89628,1780197599999,1400875.89230560,5377,11.88142000,880821.29916620,0,BTCUSDT,binance
2026-05-31 03:20:00+00:00,74156.67,74186.0,74147.71,74185.99,10.76446,1780197899999,798381.22907140,3938,6.75997000,501384.54504030,0,BTCUSDT,binance
2026-05-31 03:25:00+00:00,74185.99,74222.0,74185.99,74214.76,21.47619,1780198199999,1593646.85213200,4684,10.49031000,778430.79493510,0,BTCUSDT,binance
2026-05-31 03:30:00+00:00,74214.76,74226.78,74174.0,74226.77,30.95956,1780198499999,2297098.48305610,5026,25.60309000,1899717.19509060,0,BTCUSDT,binance
2026-05-31 03:35:00+00:00,74226.77,74226.77,74154.76,74154.76,18.39163,1780198799999,1364376.75869290,4729,4.25455000,315623.01434770,0,BTCUSDT,binance
2026-05-31 03:40:00+00:00,74154.76,74168.0,74139.07,74168.0,26.63908,1780199099999,1975282.08073490,2591,4.51756000,334974.17300740,0,BTCUSDT,binance
2026-05-31 03:45:00+00:00,74168.0,74183.48,74145.0,74183.47,7.18125,1780199399999,532544.79175320,2751,3.81113000,282617.91769950,0,BTCUSDT,binance
2026-05-31 03:50:00+00:00,74183.48,74189.15,74165.66,74165.66,8.39626,1780199699999,622801.17852270,1406,1.10742000,82145.96849800,0,BTCUSDT,binance
2026-05-31 03:55:00+00:00,74165.67,74165.67,74150.64,74150.64,3.072,1780199999999,227818.17815460,1362,1.22790000,91056.61286410,0,BTCUSDT,binance
2026-05-31 04:00:00+00:00,74150.64,74162.58,74145.0,74162.57,16.99113,1780200299999,1259868.93600460,2464,7.68973000,570182.08819140,0,BTCUSDT,binance
2026-05-31 04:05:00+00:00,74162.57,74162.58,74145.0,74145.0,29.20239,1780200599999,2165274.41867300,1564,10.54438000,781837.90735680,0,BTCUSDT,binance
2026-05-31 04:10:00+00:00,74145.01,74145.01,74118.0,74118.0,11.95179,1780200899999,886115.99560250,1816,0.59327000,43979.98583610,0,BTCUSDT,binance
2026-05-31 04:15:00+00:00,74118.01,74142.98,74109.0,74138.39,23.3697,1780201199999,1732387.16383930,2966,8.90960000,660371.47858310,0,BTCUSDT,binance
2026-05-31 04:20:00+00:00,74138.39,74216.0,74138.38,74191.01,12.27762,1780201499999,910911.43454050,7792,8.07642000,599198.70316430,0,BTCUSDT,binance
2026-05-31 04:25:00+00:00,74191.01,74200.01,74182.48,74182.48,10.95817,1780201799999,813011.79341730,2683,2.87716000,213472.87694340,0,BTCUSDT,binance
2026-05-31 04:30:00+00:00,74182.49,74182.49,74150.0,74151.21,14.87126,1780202099999,1102881.51618880,3031,6.00367000,445186.01853450,0,BTCUSDT,binance
2026-05-31 04:35:00+00:00,74151.21,74209.89,74151.21,74190.0,8.20555,1780202399999,608758.25870660,3494,5.75909000,427249.73847850,0,BTCUSDT,binance
2026-05-31 04:40:00+00:00,74189.99,74197.93,74154.83,74197.92,15.77119,1780202699999,1169817.06436120,4475,9.55824000,709026.22869710,0,BTCUSDT,binance
2026-05-31 04:45:00+00:00,74197.92,74207.84,74164.0,74207.84,24.02166,1780202999999,1781818.38289640,4204,21.63748000,1604966.77308970,0,BTCUSDT,binance
2026-05-31 04:50:00+00:00,74207.84,74221.33,74188.56,74188.56,12.72979,1780203299999,944654.85959620,1865,9.27199000,688074.39549730,0,BTCUSDT,binance
2026-05-31 04:55:00+00:00,74188.57,74214.82,74178.4,74178.4,14.03888,1780203599999,1041625.86469800,2774,2.90259000,215376.50045370,0,BTCUSDT,binance
2026-05-31 05:00:00+00:00,74178.41,74195.87,74156.97,74188.0,17.4624,1780203899999,1295284.95289390,3632,8.49333000,629975.33455810,0,BTCUSDT,binance
2026-05-31 05:05:00+00:00,74188.0,74203.77,74183.66,74191.83,4.15919,1780204199999,308583.84567820,2013,3.07205000,227924.21502110,0,BTCUSDT,binance
2026-05-31 05:10:00+00:00,74191.83,74207.2,74176.63,74176.63,14.655,1780204499999,1087317.14643670,2401,11.33493000,840994.95722560,0,BTCUSDT,binance
2026-05-31 05:15:00+00:00,74176.64,74192.0,74175.68,74175.69,11.49673,1780204799999,852851.37447850,2313,5.99686000,444832.10388140,0,BTCUSDT,binance
2026-05-31 05:20:00+00:00,74175.69,74181.74,74170.03,74170.04,6.48204,1780205099999,480822.92681990,1614,2.12481000,157613.41890530,0,BTCUSDT,binance
2026-05-31 05:25:00+00:00,74170.04,74186.54,74134.78,74165.99,40.24758,1780205399999,2985158.47530510,4390,10.42248000,772949.98497560,0,BTCUSDT,binance
2026-05-31 05:30:00+00:00,74166.0,74184.0,74138.0,74144.78,20.1438,1780205699999,1493860.49303330,3336,5.76490000,427522.15205750,0,BTCUSDT,binance
2026-05-31 05:35:00+00:00,74144.78,74178.5,74121.0,74121.0,7.97831,1780205999999,591665.29233890,3627,2.30268000,170761.53122470,0,BTCUSDT,binance
2026-05-31 05:40:00+00:00,74121.0,74121.01,74079.37,74112.22,49.46618,1780206299999,3665458.98025420,4223,35.94863000,2663821.79976500,0,BTCUSDT,binance
2026-05-31 05:45:00+00:00,74112.23,74112.23,74082.07,74097.51,23.5856,1780206599999,1747609.81075860,2957,15.79357000,1170227.80293930,0,BTCUSDT,binance
2026-05-31 05:50:00+00:00,74097.5,74101.97,74055.16,74060.28,15.61712,1780206899999,1156825.89469170,2481,4.13105000,306007.46660080,0,BTCUSDT,binance
2026-05-31 05:55:00+00:00,74060.28,74073.79,74055.98,74055.98,20.41552,1780207199999,1512036.63960920,1721,4.88675000,361914.47684780,0,BTCUSDT,binance
2026-05-31 06:00:00+00:00,74055.99,74056.0,74003.58,74008.95,10.12375,1780207499999,749485.98265340,3460,3.16271000,234130.26167670,0,BTCUSDT,binance
2026-05-31 06:05:00+00:00,74008.96,74009.4,73999.0,73999.0,9.48022,1780207799999,701543.04393450,2159,2.90331000,214849.50236560,0,BTCUSDT,binance
2026-05-31 06:10:00+00:00,73999.0,74024.96,73999.0,74000.0,8.78805,1780208099999,650367.57367630,1913,2.44566000,180989.84793140,0,BTCUSDT,binance
2026-05-31 06:15:00+00:00,74000.0,74026.0,73985.34,74026.0,20.59565,1780208399999,1524062.67373910,2772,7.44760000,551161.56781330,0,BTCUSDT,binance
2026-05-31 06:20:00+00:00,74025.99,74045.27,74025.99,74028.07,12.69985,1780208699999,940262.95751680,2223,3.01507000,223214.58641760,0,BTCUSDT,binance
2026-05-31 06:25:00+00:00,74028.06,74040.01,74013.52,74013.52,26.74073,1780208999999,1979509.86450280,3507,6.85132000,507195.61206080,0,BTCUSDT,binance
2026-05-31 06:30:00+00:00,74013.52,74109.39,74013.52,74079.99,11.97138,1780209299999,886647.09192200,5089,7.79378000,577202.78722320,0,BTCUSDT,binance
2026-05-31 06:35:00+00:00,74080.0,74087.92,74060.78,74087.82,12.66613,1780209599999,938244.25926840,2473,9.11606000,675274.27115810,0,BTCUSDT,binance
2026-05-31 06:40:00+00:00,74087.83,74087.83,74068.0,74068.0,8.36489,1780209899999,619622.86829100,2067,5.95858000,441371.09464330,0,BTCUSDT,binance
2026-05-31 06:45:00+00:00,74068.0,74074.2,74062.21,74074.19,8.9866,1780210199999,665592.75033300,1625,2.34146000,173422.35141080,0,BTCUSDT,binance
2026-05-31 06:50:00+00:00,74074.2,74074.2,74061.0,74061.0,5.03189,1780210499999,372683.88340120,1255,1.13428000,84009.87905680,0,BTCUSDT,binance
2026-05-31 06:55:00+00:00,74061.0,74061.01,74054.87,74054.87,5.76911,1780210799999,427258.45803380,680,2.51515000,186274.53339890,0,BTCUSDT,binance
2026-05-31 07:00:00+00:00,74054.86,74054.87,73989.84,73989.84,30.34666,1780211099999,2246020.62015720,2994,7.68024000,568424.16963330,0,BTCUSDT,binance
2026-05-31 07:05:00+00:00,73989.85,74008.77,73989.84,74008.0,11.34419,1780211399999,839454.23822630,2149,8.57905000,634830.14228640,0,BTCUSDT,binance
2026-05-31 07:10:00+00:00,74008.0,74012.0,73960.0,73964.33,21.13677,1780211699999,1563803.89843140,4682,11.62597000,860158.23189580,0,BTCUSDT,binance
2026-05-31 07:15:00+00:00,73964.34,73968.59,73950.0,73951.95,15.18321,1780211999999,1122941.49604210,2053,3.59364000,265767.89786780,0,BTCUSDT,binance
2026-05-31 07:20:00+00:00,73951.95,73951.96,73894.0,73894.01,15.16186,1780212299999,1120862.28513920,3570,4.37172000,323158.83927410,0,BTCUSDT,binance
2026-05-31 07:25:00+00:00,73894.0,73921.01,73892.37,73892.37,15.14858,1780212599999,1119523.99570640,3372,6.29550000,465230.11312440,0,BTCUSDT,binance
2026-05-31 07:30:00+00:00,73892.37,73903.82,73845.01,73847.3,49.06837,1780212899999,3625340.77641290,6199,29.70743000,2195027.12989120,0,BTCUSDT,binance
2026-05-31 07:35:00+00:00,73847.3,73899.08,73836.0,73840.77,60.69629,1780213199999,4482948.74153740,7370,10.31517000,761859.46230220,0,BTCUSDT,binance
2026-05-31 07:40:00+00:00,73840.78,73888.0,73840.77,73853.46,21.47488,1780213499999,1586113.99530860,4583,9.82290000,725450.32167920,0,BTCUSDT,binance
2026-05-31 07:45:00+00:00,73853.46,73891.18,73853.46,73865.06,17.53805,1780213799999,1295696.18052440,2952,3.87515000,286281.99693610,0,BTCUSDT,binance
2026-05-31 07:50:00+00:00,73865.05,73902.79,73865.05,73896.19,33.14834,1780214099999,2448900.11560330,4165,23.57001000,1741268.89804820,0,BTCUSDT,binance
2026-05-31 07:55:00+00:00,73896.19,73896.2,73871.24,73871.24,11.82701,1780214399999,873772.23002130,2557,1.94196000,143468.87044610,0,BTCUSDT,binance
2026-05-31 08:00:00+00:00,73871.25,73945.31,73869.11,73943.34,39.64244,1780214699999,2929618.90874080,5290,25.45016000,1880867.31373060,0,BTCUSDT,binance
2026-05-31 08:05:00+00:00,73943.33,73971.31,73881.31,73883.88,34.53633,1780214999999,2552637.63914310,5776,7.49690000,554328.98928150,0,BTCUSDT,binance
2026-05-31 08:10:00+00:00,73883.87,73906.13,73868.61,73906.13,13.95937,1780215299999,1031299.04267870,4102,6.50326000,480449.30320020,0,BTCUSDT,binance
2026-05-31 08:15:00+00:00,73906.14,73946.0,73906.13,73940.48,47.93987,1780215599999,3544043.95551730,4163,26.35679000,1948332.86444820,0,BTCUSDT,binance
2026-05-31 08:20:00+00:00,73940.47,73980.0,73940.47,73975.63,12.11883,1780215899999,896354.00635530,3602,8.02493000,593554.04306070,0,BTCUSDT,binance
2026-05-31 08:25:00+00:00,73975.62,73976.53,73951.89,73976.53,26.4828,1780216199999,1958709.91902040,1991,10.58441000,782866.35290330,0,BTCUSDT,binance
2026-05-31 08:30:00+00:00,73976.53,73976.53,73906.79,73906.8,30.45469,1780216499999,2251316.31142000,4091,4.09451000,302647.85389880,0,BTCUSDT,binance
2026-05-31 08:35:00+00:00,73906.79,73925.34,73886.01,73886.02,17.70515,1780216799999,1308438.13474960,2479,1.64770000,121774.88294360,0,BTCUSDT,binance
2026-05-31 08:40:00+00:00,73886.02,73890.01,73856.0,73890.0,45.03023,1780217099999,3326355.02375670,4231,22.43059000,1657060.07334760,0,BTCUSDT,binance
2026-05-31 08:45:00+00:00,73890.01,73890.01,73850.76,73857.99,17.58421,1780217399999,1298916.63410100,3718,4.37661000,323252.29392300,0,BTCUSDT,binance
2026-05-31 08:50:00+00:00,73858.0,73895.22,73850.05,73895.22,21.10265,1780217699999,1558857.28165530,3677,11.80010000,871692.84985140,0,BTCUSDT,binance
2026-05-31 08:55:00+00:00,73895.21,73971.99,73895.21,73937.61,41.77248,1780217999999,3089045.99670710,4784,18.73511000,1385292.90726070,0,BTCUSDT,binance
2026-05-31 09:00:00+00:00,73937.62,73937.62,73868.56,73868.57,16.56095,1780218299999,1223811.55869290,3604,3.84332000,284041.70747910,0,BTCUSDT,binance
2026-05-31 09:05:00+00:00,73868.57,73907.37,73868.56,73907.36,7.30284,1780218599999,539550.34370680,1513,4.49582000,332144.63582690,0,BTCUSDT,binance
2026-05-31 09:10:00+00:00,73907.37,73922.16,73889.99,73889.99,33.21127,1780218899999,2454418.37520880,1935,3.06602000,226609.52286410,0,BTCUSDT,binance
2026-05-31 09:15:00+00:00,73889.99,73979.4,73888.72,73974.66,31.87013,1780219199999,2356036.77332600,7295,20.77210000,1535484.56502060,0,BTCUSDT,binance
2026-05-31 09:20:00+00:00,73974.67,73974.67,73926.75,73942.4,19.84349,1780219499999,1467228.50501150,2322,1.96556000,145344.90717680,0,BTCUSDT,binance
2026-05-31 09:25:00+00:00,73942.4,73955.98,73942.39,73955.97,5.66299,1780219799999,418761.83957460,3270,3.34806000,247583.55985800,0,BTCUSDT,binance
2026-05-31 09:30:00+00:00,73955.98,73982.0,73950.77,73956.68,19.96627,1780220099999,1476774.22212170,3214,3.67606000,271895.31189110,0,BTCUSDT,binance
2026-05-31 09:35:00+00:00,73956.69,73970.0,73942.39,73969.99,11.58661,1780220399999,856913.45078130,2558,7.21989000,533980.93253620,0,BTCUSDT,binance
2026-05-31 09:40:00+00:00,73969.99,74024.0,73960.2,73982.57,64.99131,1780220699999,4808457.00024470,6133,32.70596000,2419595.22835020,0,BTCUSDT,binance
2026-05-31 09:45:00+00:00,73982.56,74000.24,73971.3,73995.11,32.44354,1780220999999,2400308.96031300,3238,21.17442000,1566580.42001090,0,BTCUSDT,binance
2026-05-31 09:50:00+00:00,73995.1,73995.11,73892.0,73894.82,12.70963,1780221299999,939665.74265420,5297,2.70646000,200074.14990430,0,BTCUSDT,binance
2026-05-31 09:55:00+00:00,73894.82,73894.83,73813.44,73841.79,66.89255,1780221599999,4940014.46237700,6828,7.05858000,521239.23379790,0,BTCUSDT,binance
2026-05-31 10:00:00+00:00,73841.79,73845.58,73817.69,73845.58,18.65656,1780221899999,1377483.33757860,4290,4.64739000,343120.67960760,0,BTCUSDT,binance
2026-05-31 10:05:00+00:00,73845.58,73851.56,73844.99,73851.55,46.3853,1780222199999,3425554.98756080,1828,43.99594000,3249099.10860490,0,BTCUSDT,binance
2026-05-31 10:10:00+00:00,73851.55,73865.66,73840.75,73855.14,28.73616,1780222499999,2122248.90113420,4294,10.61692000,784083.87000210,0,BTCUSDT,binance
2026-05-31 10:15:00+00:00,73855.14,73855.14,73804.05,73810.64,23.414,1780222799999,1728423.59587420,3355,4.83878000,357199.39605880,0,BTCUSDT,binance
2026-05-31 10:20:00+00:00,73810.64,73811.23,73699.2,73758.67,129.16213,1780223099999,9524884.57269300,11948,25.24452000,1862139.68270000,0,BTCUSDT,binance
2026-05-31 10:25:00+00:00,73758.67,73808.86,73758.66,73801.84,23.0013,1780223399999,1697299.07546100,4286,15.33690000,1131682.96447810,0,BTCUSDT,binance
2026-05-31 10:30:00+00:00,73801.84,73834.0,73801.83,73833.99,14.54312,1780223699999,1073625.84117800,3196,11.63392000,858870.97110490,0,BTCUSDT,binance
2026-05-31 10:35:00+00:00,73834.0,73839.54,73818.24,73839.54,54.71111,1780223999999,4038922.82837470,2015,22.21920000,1640248.70788510,0,BTCUSDT,binance
2026-05-31 10:40:00+00:00,73839.53,73840.93,73803.03,73840.92,32.71938,1780224299999,2415209.78073330,4342,17.55567000,1295973.81360900,0,BTCUSDT,binance
2026-05-31 10:45:00+00:00,73840.92,73840.93,73804.62,73840.0,7.55276,1780224599999,557513.91505790,3028,2.28317000,168540.32155110,0,BTCUSDT,binance
2026-05-31 10:50:00+00:00,73840.0,73868.57,73839.99,73865.6,17.24942,1780224899999,1273922.52913800,3331,9.39028000,693499.39443180,0,BTCUSDT,binance
2026-05-31 10:55:00+00:00,73865.61,73900.0,73859.03,73900.0,4.16709,1780225199999,307862.73941730,2310,3.35288000,247714.06069710,0,BTCUSDT,binance
2026-05-31 11:00:00+00:00,73900.0,73942.0,73899.99,73912.84,9.36432,1780225499999,692247.63373740,3638,5.59499000,413582.95005460,0,BTCUSDT,binance
2026-05-31 11:05:00+00:00,73912.84,73925.34,73912.84,73920.09,9.67201,1780225799999,714965.57642930,1599,8.03593000,594023.37387570,0,BTCUSDT,binance
2026-05-31 11:10:00+00:00,73920.08,73936.93,73900.99,73907.98,9.9454,1780226099999,735117.08876590,2558,4.98454000,368428.94433920,0,BTCUSDT,binance
2026-05-31 11:15:00+00:00,73907.98,73914.67,73901.16,73914.67,3.57049,1780226399999,263893.95461090,1329,1.43195000,105834.56399750,0,BTCUSDT,binance
2026-05-31 11:20:00+00:00,73914.67,73917.42,73911.32,73915.99,6.18133,1780226699999,456885.89509850,1922,2.31996000,171476.66396610,0,BTCUSDT,binance
2026-05-31 11:25:00+00:00,73916.0,73971.31,73915.99,73971.31,9.27704,1780226999999,685995.87508410,2458,5.77299000,426893.68693600,0,BTCUSDT,binance
2026-05-31 11:30:00+00:00,73971.31,73971.31,73925.34,73926.1,11.66253,1780227299999,862282.58596650,2254,5.59849000,413893.04457370,0,BTCUSDT,binance
2026-05-31 11:35:00+00:00,73926.11,73971.97,73926.09,73950.04,19.98873,1780227599999,1478158.64228760,2731,12.43690000,919751.31716440,0,BTCUSDT,binance
2026-05-31 11:40:00+00:00,73950.05,73959.3,73935.16,73959.29,30.58955,1780227899999,2261883.61067150,2859,19.89708000,1471239.44763650,0,BTCUSDT,binance
2026-05-31 11:45:00+00:00,73959.3,73959.35,73922.0,73925.33,7.32915,1780228199999,541857.48671210,1937,1.57017000,116083.21805300,0,BTCUSDT,binance
2026-05-31 11:50:00+00:00,73925.34,73940.18,73905.62,73940.17,30.65645,1780228499999,2266147.00597550,3353,13.00277000,961206.75549750,0,BTCUSDT,binance
2026-05-31 11:55:00+00:00,73940.17,73972.0,73907.55,73937.79,30.6869,1780228799999,2269042.84351340,3983,6.66009000,492455.14181970,0,BTCUSDT,binance
2026-05-31 12:00:00+00:00,73937.63,73980.43,73874.0,73874.0,17.19056,1780229099999,1271072.00824390,8266,7.78661000,575924.01652240,0,BTCUSDT,binance
2026-05-31 12:05:00+00:00,73874.0,73914.0,73874.0,73900.02,14.55196,1780229399999,1075305.66996450,3182,6.00277000,443533.35891100,0,BTCUSDT,binance
2026-05-31 12:10:00+00:00,73900.02,73918.0,73895.55,73917.99,13.76398,1780229699999,1017220.89509330,2564,8.72510000,644817.99943310,0,BTCUSDT,binance
2026-05-31 12:15:00+00:00,73918.0,73995.88,73917.99,73992.37,23.35349,1780229999999,1727228.70092730,4216,10.23898000,757348.12775510,0,BTCUSDT,binance
2026-05-31 12:20:00+00:00,73992.36,73992.37,73928.86,73933.36,13.05962,1780230299999,965826.76581520,3531,5.24021000,387525.34399330,0,BTCUSDT,binance
2026-05-31 12:25:00+00:00,73933.35,73941.02,73933.2,73933.21,8.53173,1780230599999,630803.96874830,1404,2.41398000,178482.82923960,0,BTCUSDT,binance
2026-05-31 12:30:00+00:00,73933.21,73933.21,73906.0,73906.01,18.00135,1780230899999,1330586.61002130,2057,1.31211000,96991.78090310,0,BTCUSDT,binance
2026-05-31 12:35:00+00:00,73906.01,73941.01,73906.01,73941.0,56.10235,1780231199999,4147643.89010760,3399,32.69635000,2417346.38040170,0,BTCUSDT,binance
2026-05-31 12:40:00+00:00,73941.01,73974.89,73931.1,73974.89,11.80117,1780231499999,872799.00178610,2798,9.93702000,734943.50008980,0,BTCUSDT,binance
2026-05-31 12:45:00+00:00,73974.88,73979.23,73950.0,73956.48,8.57892,1780231799999,634571.13716240,2021,2.88937000,213716.04162500,0,BTCUSDT,binance
2026-05-31 12:50:00+00:00,73956.48,73968.05,73893.46,73893.47,10.13993,1780232099999,749664.68231310,3145,3.87678000,286665.02460870,0,BTCUSDT,binance
2026-05-31 12:55:00+00:00,73893.46,73920.0,73880.0,73920.0,27.15146,1780232399999,2006384.47295090,2546,8.13212000,600950.27551550,0,BTCUSDT,binance
2026-05-31 13:00:00+00:00,73920.0,73920.0,73888.8,73888.8,13.71425,1780232699999,1013609.08183990,2912,4.48726000,331681.89053710,0,BTCUSDT,binance
2026-05-31 13:05:00+00:00,73888.81,73919.99,73880.0,73919.99,9.28904,1780232999999,686473.54495180,2430,5.95265000,439937.99060120,0,BTCUSDT,binance
2026-05-31 13:10:00+00:00,73919.99,73957.04,73919.98,73948.21,13.63541,1780233299999,1008141.41393990,2427,11.67341000,863046.86563740,0,BTCUSDT,binance
2026-05-31 13:15:00+00:00,73948.21,73984.0,73936.0,73984.0,8.74344,1780233599999,646678.64413050,3542,6.02682000,445766.36043610,0,BTCUSDT,binance
2026-05-31 13:20:00+00:00,73984.0,74023.99,73982.01,73982.02,14.27982,1780233899999,1056824.79483450,4245,6.75543000,499933.15028750,0,BTCUSDT,binance
2026-05-31 13:25:00+00:00,73982.02,74000.01,73961.14,73961.16,8.64542,1780234199999,639544.12284940,3288,3.22075000,238243.66657510,0,BTCUSDT,binance
2026-05-31 13:30:00+00:00,73961.17,73971.68,73953.28,73953.28,13.32644,1780234499999,985714.13766170,2821,3.76550000,278524.32210440,0,BTCUSDT,binance
2026-05-31 13:35:00+00:00,73953.29,73968.43,73890.53,73904.28,7.0441,1780234799999,520818.27391640,4861,2.33084000,172336.72707370,0,BTCUSDT,binance
2026-05-31 13:40:00+00:00,73904.29,73904.29,73887.63,73896.64,9.64261,1780235099999,712529.55270650,1973,6.15013000,454455.50108530,0,BTCUSDT,binance
2026-05-31 13:45:00+00:00,73896.64,73900.33,73866.0,73866.0,58.23559,1780235399999,4302945.59315150,3118,2.91040000,215051.90359720,0,BTCUSDT,binance
2026-05-31 13:50:00+00:00,73866.0,73868.61,73807.43,73868.61,10.59036,1780235699999,782026.59403390,5139,5.76862000,425975.69574410,0,BTCUSDT,binance
2026-05-31 13:55:00+00:00,73868.6,73872.8,73861.26,73872.8,11.30086,1780235999999,834790.17624950,1854,9.28372000,685794.62758170,0,BTCUSDT,binance
2026-05-31 14:00:00+00:00,73872.8,73872.8,73749.99,73805.95,89.2814,1780236299999,6587621.50806930,10438,19.51149000,1439578.32232920,0,BTCUSDT,binance
2026-05-31 14:05:00+00:00,73805.96,73868.12,73789.83,73860.01,25.34329,1780236599999,1871069.82675710,6443,21.57847000,1593140.01223280,0,BTCUSDT,binance
2026-05-31 14:10:00+00:00,73860.0,73865.34,73670.08,73719.41,76.61294,1780236899999,5652881.48356530,9748,38.80961000,2864385.27876060,0,BTCUSDT,binance
2026-05-31 14:15:00+00:00,73719.4,73783.17,73483.05,73583.99,169.45746,1780237199999,12467407.78609310,31534,80.19409000,5899432.60418620,0,BTCUSDT,binance
2026-05-31 14:20:00+00:00,73583.99,73650.17,73546.0,73581.75,67.99074,1780237499999,5005257.77393050,16618,28.02221000,2062881.43405820,0,BTCUSDT,binance
2026-05-31 14:25:00+00:00,73581.76,73608.12,73552.65,73582.78,59.58448,1780237799999,4384661.32883830,11644,21.62038000,1590978.55086640,0,BTCUSDT,binance
2026-05-31 14:30:00+00:00,73582.79,73685.98,73582.78,73677.98,34.19169,1780238099999,2518056.55460470,8815,25.53754000,1880710.75268810,0,BTCUSDT,binance
2026-05-31 14:35:00+00:00,73677.99,73740.23,73650.0,73680.98,46.36161,1780238399999,3416942.95536980,9672,14.30508000,1054241.52731300,0,BTCUSDT,binance
2026-05-31 14:40:00+00:00,73680.98,73680.98,73598.0,73615.95,55.34115,1780238699999,4075513.09001060,7005,31.04791000,2286726.58848690,0,BTCUSDT,binance
2026-05-31 14:45:00+00:00,73615.95,73699.99,73615.95,73655.98,20.66215,1780238999999,1522013.57936180,6452,9.57045000,704853.54286720,0,BTCUSDT,binance
2026-05-31 14:50:00+00:00,73655.99,73692.0,73655.99,73691.99,6.57571,1780239299999,484513.38279710,2287,4.67196000,344231.07947130,0,BTCUSDT,binance
2026-05-31 14:55:00+00:00,73691.99,73692.0,73588.81,73602.17,30.32229,1780239599999,2232529.50158690,6963,7.65425000,563522.26968530,0,BTCUSDT,binance
2026-05-31 15:00:00+00:00,73602.18,73626.16,73588.8,73614.89,25.05551,1780239899999,1844387.68070940,5733,7.71904000,568172.56076650,0,BTCUSDT,binance
2026-05-31 15:05:00+00:00,73614.88,73670.77,73609.45,73652.78,14.9836,1780240199999,1103560.86369100,5137,7.57630000,557963.16786610,0,BTCUSDT,binance
2026-05-31 15:10:00+00:00,73652.78,73682.0,73645.76,73677.18,8.74166,1780240499999,643929.11990640,3050,5.00366000,368585.40073470,0,BTCUSDT,binance
2026-05-31 15:15:00+00:00,73677.18,73687.89,73658.45,73687.22,11.03484,1780240799999,813009.91405240,3446,3.66266000,269832.00774110,0,BTCUSDT,binance
2026-05-31 15:20:00+00:00,73687.22,73742.0,73687.22,73742.0,21.26078,1780241099999,1567050.02979560,3090,15.79506000,1164233.34663440,0,BTCUSDT,binance
2026-05-31 15:25:00+00:00,73742.0,73775.79,73733.1,73748.67,33.29052,1780241399999,2455084.14071150,5888,27.56804000,2033035.22830880,0,BTCUSDT,binance
2026-05-31 15:30:00+00:00,73748.66,73752.24,73726.0,73752.23,14.19173,1780241699999,1046507.70686470,2836,8.36794000,617067.77895140,0,BTCUSDT,binance
2026-05-31 15:35:00+00:00,73752.23,73754.91,73716.03,73718.81,10.54574,1780241999999,777607.43548930,4023,1.81387000,133737.25512050,0,BTCUSDT,binance
2026-05-31 15:40:00+00:00,73718.81,73718.82,73616.0,73638.46,36.60823,1780242299999,2696376.38985950,5947,16.32445000,1202164.94777810,0,BTCUSDT,binance
2026-05-31 15:45:00+00:00,73638.47,73681.99,73637.44,73647.01,33.82519,1780242599999,2491135.36956930,4691,14.08871000,1037592.14799130,0,BTCUSDT,binance
2026-05-31 15:50:00+00:00,73647.0,73656.0,73625.65,73656.0,31.74168,1780242899999,2337675.88864570,2084,5.68966000,419030.18714260,0,BTCUSDT,binance
2026-05-31 15:55:00+00:00,73656.0,73657.26,73629.36,73655.21,25.65351,1780243199999,1889138.79195070,2329,2.03232000,149682.11757070,0,BTCUSDT,binance
2026-05-31 16:00:00+00:00,73655.2,73696.55,73634.0,73688.99,15.58536,1780243499999,1148148.23067020,5241,7.64488000,563130.18355340,0,BTCUSDT,binance
2026-05-31 16:05:00+00:00,73689.0,73730.0,73688.99,73705.53,24.07782,1780243799999,1774507.20301220,3946,20.57265000,1516110.28921570,0,BTCUSDT,binance
2026-05-31 16:10:00+00:00,73705.54,73705.54,73603.37,73617.58,42.46457,1780244099999,3126921.37572390,5295,4.89939000,360892.71132220,0,BTCUSDT,binance
2026-05-31 16:15:00+00:00,73617.58,73629.48,73600.02,73602.92,14.72958,1780244399999,1084284.06468580,4384,5.51139000,405711.75047230,0,BTCUSDT,binance
2026-05-31 16:20:00+00:00,73602.92,73626.62,73541.07,73569.99,21.17111,1780244699999,1557747.27982400,7916,5.49613000,404435.49133470,0,BTCUSDT,binance
2026-05-31 16:25:00+00:00,73569.99,73614.58,73518.67,73610.36,23.91796,1780244999999,1759465.96365130,7754,13.49929000,993170.63692530,0,BTCUSDT,binance
2026-05-31 16:30:00+00:00,73610.35,73610.36,73411.0,73438.65,77.10246,1780245299999,5666153.30012640,15905,15.91182000,1169046.46992400,0,BTCUSDT,binance
2026-05-31 16:35:00+00:00,73438.66,73536.62,73400.0,73528.0,47.56083,1780245599999,3493550.52330660,7482,18.18770000,1336403.31789240,0,BTCUSDT,binance
2026-05-31 16:40:00+00:00,73528.01,73528.01,73484.19,73493.97,16.40201,1780245899999,1205613.58001890,3550,7.03161000,516847.66333590,0,BTCUSDT,binance
2026-05-31 16:45:00+00:00,73493.97,73493.97,73442.88,73449.0,15.17123,1780246199999,1114568.04201300,5931,7.51551000,552071.98716800,0,BTCUSDT,binance
2026-05-31 16:50:00+00:00,73449.0,73528.0,73443.81,73528.0,14.74023,1780246499999,1083226.67361280,7143,9.42175000,692361.58244260,0,BTCUSDT,binance
2026-05-31 16:55:00+00:00,73528.0,73544.03,73521.27,73526.14,6.83109,1780246799999,502276.89295800,3406,4.67880000,344015.29407710,0,BTCUSDT,binance
2026-05-31 17:00:00+00:00,73526.15,73556.46,73496.25,73496.26,16.39839,1780247099999,1205898.78671250,5083,11.63904000,855963.08607100,0,BTCUSDT,binance
2026-05-31 17:05:00+00:00,73496.26,73532.0,73495.1,73516.3,27.15584,1780247399999,1996427.70297410,5949,7.09598000,521625.68343870,0,BTCUSDT,binance
2026-05-31 17:10:00+00:00,73516.19,73518.0,73466.67,73518.0,11.63756,1780247699999,855313.85304240,3412,7.04509000,517798.18944110,0,BTCUSDT,binance
2026-05-31 17:15:00+00:00,73517.99,73559.63,73517.99,73539.36,10.84542,1780247999999,797652.32549490,2773,4.57802000,336665.57757110,0,BTCUSDT,binance
2026-05-31 17:20:00+00:00,73539.36,73571.22,73539.36,73562.6,7.99248,1780248299999,587923.05358450,1618,4.32308000,317987.19374660,0,BTCUSDT,binance
2026-05-31 17:25:00+00:00,73562.61,73598.71,73562.6,73598.32,7.00742,1780248599999,515647.46760870,2156,5.61633000,413276.92577620,0,BTCUSDT,binance
2026-05-31 17:30:00+00:00,73598.32,73680.0,73598.32,73660.25,18.28439,1780248899999,1346575.29504990,4428,14.91034000,1098060.70023870,0,BTCUSDT,binance
2026-05-31 17:35:00+00:00,73660.25,73717.94,73660.25,73717.94,21.70745,1780249199999,1599551.73772340,3116,11.42515000,841911.14929910,0,BTCUSDT,binance
2026-05-31 17:40:00+00:00,73717.93,73724.96,73687.54,73724.96,17.74085,1780249499999,1307635.76212650,3126,14.81859000,1092261.64762350,0,BTCUSDT,binance
2026-05-31 17:45:00+00:00,73724.95,73734.0,73695.92,73695.93,3.95067,1780249799999,291259.71830930,2812,1.65431000,121962.66432420,0,BTCUSDT,binance
2026-05-31 17:50:00+00:00,73695.93,73699.67,73685.71,73699.66,5.78774,1780250099999,426493.56782020,1727,2.04376000,150602.12624420,0,BTCUSDT,binance
2026-05-31 17:55:00+00:00,73699.66,73709.44,73688.55,73709.44,46.96153,1780250399999,3460947.01789050,1975,35.91969000,2647216.25423350,0,BTCUSDT,binance
2026-05-31 18:00:00+00:00,73709.43,73713.34,73616.0,73638.85,11.91907,1780250699999,877813.93502950,4916,2.74360000,202043.52414010,0,BTCUSDT,binance
2026-05-31 18:05:00+00:00,73638.84,73670.0,73632.87,73632.87,23.96027,1780250999999,1764623.76274790,4417,3.24836000,239238.55076560,0,BTCUSDT,binance
2026-05-31 18:10:00+00:00,73632.88,73692.43,73632.87,73654.0,14.17494,1780251299999,1044240.80144000,4734,9.64243000,710287.61136130,0,BTCUSDT,binance
2026-05-31 18:15:00+00:00,73654.0,73658.88,73611.74,73658.88,34.81005,1780251599999,2563583.67508660,4031,30.21238000,2225055.72720570,0,BTCUSDT,binance
2026-05-31 18:20:00+00:00,73658.88,73658.88,73628.0,73640.0,9.24494,1780251899999,680864.88758140,2039,2.37300000,174759.96791760,0,BTCUSDT,binance
2026-05-31 18:25:00+00:00,73640.0,73680.0,73630.21,73630.21,23.33685,1780252199999,1718852.38219420,3646,4.07310000,300016.10687160,0,BTCUSDT,binance
2026-05-31 18:30:00+00:00,73630.21,73708.8,73630.21,73660.01,23.77273,1780252499999,1751703.28549080,4391,19.97715000,1472062.67098630,0,BTCUSDT,binance
2026-05-31 18:35:00+00:00,73660.0,73667.21,73660.0,73667.21,5.5171,1780252799999,406408.83134640,900,4.20467000,309729.43165440,0,BTCUSDT,binance
2026-05-31 18:40:00+00:00,73667.21,73678.0,73631.65,73642.72,15.60399,1780253099999,1149148.91481930,2413,9.18258000,676198.96975710,0,BTCUSDT,binance
2026-05-31 18:45:00+00:00,73642.71,73642.72,73599.99,73614.12,29.42085,1780253399999,2165759.76955610,3436,19.49035000,1434694.96824740,0,BTCUSDT,binance
2026-05-31 18:50:00+00:00,73614.13,73614.13,73585.49,73608.0,9.55099,1780253699999,702954.45645040,2137,2.42598000,178554.65104790,0,BTCUSDT,binance
2026-05-31 18:55:00+00:00,73608.0,73639.89,73603.68,73603.69,13.05896,1780253999999,961430.61855510,2676,2.91348000,214495.37721640,0,BTCUSDT,binance
2026-05-31 19:00:00+00:00,73603.68,73649.93,73602.46,73602.47,22.99139,1780254299999,1692704.39608320,3998,11.49058000,846024.95280480,0,BTCUSDT,binance
2026-05-31 19:05:00+00:00,73602.47,73605.66,73593.36,73593.37,5.81988,1780254599999,428349.23106610,1590,3.21652000,236740.01751470,0,BTCUSDT,binance
2026-05-31 19:10:00+00:00,73593.37,73600.18,73590.38,73590.39,9.85779,1780254899999,725451.70859950,1691,8.96679000,659876.32219710,0,BTCUSDT,binance
2026-05-31 19:15:00+00:00,73590.38,73614.0,73590.38,73614.0,3.69061,1780255199999,271639.15526850,1453,2.69512000,198367.25672710,0,BTCUSDT,binance
2026-05-31 19:20:00+00:00,73613.99,73618.93,73508.0,73508.13,24.90532,1780255499999,1831538.43692660,4579,1.68485000,123931.67618110,0,BTCUSDT,binance
2026-05-31 19:25:00+00:00,73508.12,73526.0,73457.09,73526.0,13.90211,1780255799999,1021728.90853710,5648,7.49949000,551154.86633350,0,BTCUSDT,binance
2026-05-31 19:30:00+00:00,73526.0,73543.82,73456.48,73470.0,23.60057,1780256099999,1734546.94623680,6041,5.69897000,418836.15153070,0,BTCUSDT,binance
2026-05-31 19:35:00+00:00,73469.99,73524.56,73469.99,73524.56,10.96792,1780256399999,806067.39655310,3418,8.61791000,633350.68372930,0,BTCUSDT,binance
2026-05-31 19:40:00+00:00,73524.56,73537.99,73519.23,73520.41,26.67945,1780256699999,1961686.10334180,3960,7.84567000,576871.47865610,0,BTCUSDT,binance
2026-05-31 19:45:00+00:00,73520.41,73535.41,73511.71,73522.04,18.99404,1780256999999,1396395.43714350,3380,8.73480000,642151.85083860,0,BTCUSDT,binance
2026-05-31 19:50:00+00:00,73522.05,73546.24,73522.04,73546.24,6.60061,1780257299999,485344.73531180,2721,5.47932000,402902.79977110,0,BTCUSDT,binance
2026-05-31 19:55:00+00:00,73546.24,73581.63,73546.23,73563.42,87.79879,1780257599999,6458751.20301500,6220,80.89905000,5951157.10444560,0,BTCUSDT,binance
2026-05-31 20:00:00+00:00,73563.41,73657.32,73563.41,73623.53,70.10023,1780257899999,5161693.74447330,8652,54.07405000,3981503.77580200,0,BTCUSDT,binance
2026-05-31 20:05:00+00:00,73623.53,73700.0,73599.99,73688.26,135.9709,1780258199999,10011293.72694100,7317,99.70308000,7340714.31433820,0,BTCUSDT,binance
2026-05-31 20:10:00+00:00,73688.27,73692.79,73636.0,73692.79,35.48574,1780258499999,2614089.29203000,4945,25.64673000,1889388.72393290,0,BTCUSDT,binance
2026-05-31 20:15:00+00:00,73692.79,73718.0,73666.67,73710.01,17.33895,1780258799999,1277831.61517080,3462,11.32479000,834663.82332610,0,BTCUSDT,binance
2026-05-31 20:20:00+00:00,73710.0,73748.0,73690.0,73690.0,10.66343,1780259099999,786166.23658770,5362,5.82334000,429368.47026510,0,BTCUSDT,binance
2026-05-31 20:25:00+00:00,73690.0,73706.72,73679.05,73682.28,20.71494,1780259399999,1526516.73959010,2081,6.25025000,460598.45134660,0,BTCUSDT,binance
2026-05-31 20:30:00+00:00,73682.28,73718.0,73679.04,73679.04,22.36029,1780259699999,1647831.80306310,3486,8.11881000,598346.51501330,0,BTCUSDT,binance
2026-05-31 20:35:00+00:00,73679.05,73705.58,73674.36,73674.36,26.05915,1780259999999,1920364.84474440,3153,10.07910000,742783.21633130,0,BTCUSDT,binance
2026-05-31 20:40:00+00:00,73674.37,73692.84,73674.36,73692.84,7.70272,1780260299999,567556.27803890,1608,6.16792000,454472.62337210,0,BTCUSDT,binance
2026-05-31 20:45:00+00:00,73692.83,73704.0,73692.83,73693.6,12.37104,1780260599999,911737.64903150,1614,2.81483000,207449.65367160,0,BTCUSDT,binance
2026-05-31 20:50:00+00:00,73693.6,73734.0,73693.59,73734.0,8.07593,1780260899999,595325.35197700,2096,7.73141000,569928.28109080,0,BTCUSDT,binance
2026-05-31 20:55:00+00:00,73734.0,73760.0,73734.0,73739.66,14.72078,1780261199999,1085609.97775680,3222,10.19659000,751949.20637420,0,BTCUSDT,binance
2026-05-31 21:00:00+00:00,73739.67,73754.0,73702.11,73747.38,46.21654,1780261499999,3407466.20305630,6473,30.51179000,2249666.96911990,0,BTCUSDT,binance
2026-05-31 21:05:00+00:00,73747.6,73752.53,73719.58,73719.59,14.2529,1780261799999,1050870.98734040,2253,2.39137000,176340.59850820,0,BTCUSDT,binance
2026-05-31 21:10:00+00:00,73719.58,73719.59,73688.0,73688.0,20.82204,1780262099999,1534675.73365980,2154,5.67346000,418103.19496820,0,BTCUSDT,binance
2026-05-31 21:15:00+00:00,73688.0,73732.0,73675.23,73675.23,90.61825,1780262399999,6678245.36783020,7098,68.51631000,5049215.07595040,0,BTCUSDT,binance
2026-05-31 21:20:00+00:00,73675.24,73681.69,73673.24,73680.54,9.65684,1780262699999,711509.11633750,1629,2.13021000,156949.23124030,0,BTCUSDT,binance
2026-05-31 21:25:00+00:00,73680.54,73681.42,73626.67,73650.51,21.82389,1780262999999,1607093.85603560,3631,15.44070000,1136991.76013350,0,BTCUSDT,binance
2026-05-31 21:30:00+00:00,73650.52,73664.9,73634.01,73664.9,11.61824,1780263299999,855616.12405190,2255,10.14023000,746773.54910480,0,BTCUSDT,binance
2026-05-31 21:35:00+00:00,73664.9,73706.0,73664.9,73678.14,10.15748,1780263599999,748489.00168130,5074,4.41255000,325138.21608190,0,BTCUSDT,binance
2026-05-31 21:40:00+00:00,73678.15,73748.54,73669.99,73746.0,17.54061,1780263899999,1292986.68326610,8088,11.88514000,876069.31363250,0,BTCUSDT,binance
2026-05-31 21:45:00+00:00,73745.99,73924.0,73745.99,73850.0,85.23496,1780264199999,6294256.66038590,22352,50.17197000,3704797.18016580,0,BTCUSDT,binance
2026-05-31 21:50:00+00:00,73850.0,73886.0,73798.0,73852.79,39.01653,1780264499999,2880814.11990770,13340,20.11060000,1484884.07588410,0,BTCUSDT,binance
2026-05-31 21:55:00+00:00,73852.79,73900.0,73850.02,73892.52,24.05219,1780264799999,1776975.56118520,8573,11.50342000,849834.70545610,0,BTCUSDT,binance
2026-05-31 22:00:00+00:00,73892.52,73965.21,73686.0,73714.97,48.29357,1780265099999,3566902.79694200,20940,22.23062000,1642398.26758150,0,BTCUSDT,binance
2026-05-31 22:05:00+00:00,73714.97,73821.99,73714.97,73821.99,17.54952,1780265399999,1294723.76539740,8108,13.25421000,977875.61667070,0,BTCUSDT,binance
2026-05-31 22:10:00+00:00,73821.99,73912.0,73821.99,73912.0,31.2899,1780265699999,2311434.50708420,6105,25.01756000,1848295.74525590,0,BTCUSDT,binance
2026-05-31 22:15:00+00:00,73911.99,73996.0,73884.0,73890.41,24.84354,1780265999999,1836941.12167530,10264,15.25690000,1128236.57397120,0,BTCUSDT,binance
2026-05-31 22:20:00+00:00,73890.41,73890.42,73814.0,73863.03,13.33092,1780266299999,984494.10271210,7955,4.61588000,340857.21804710,0,BTCUSDT,binance
2026-05-31 22:25:00+00:00,73863.02,73984.0,73863.02,73892.01,23.10203,1780266599999,1708032.54977000,9992,13.34146000,986353.12120660,0,BTCUSDT,binance
2026-05-31 22:30:00+00:00,73892.0,73997.56,73876.0,73997.55,24.29995,1780266899999,1796804.59169370,9442,19.26031000,1424262.77353430,0,BTCUSDT,binance
2026-05-31 22:35:00+00:00,73997.56,73997.56,73881.31,73897.98,28.17474,1780267199999,2082911.58342200,8024,5.74137000,424533.41228980,0,BTCUSDT,binance
2026-05-31 22:40:00+00:00,73897.98,73925.34,73890.01,73901.27,7.5701,1780267499999,559451.61050090,3143,3.87060000,286037.72602570,0,BTCUSDT,binance
2026-05-31 22:45:00+00:00,73901.27,73986.0,73901.27,73942.77,22.84452,1780267799999,1689157.00536010,7559,15.64722000,1156958.06206460,0,BTCUSDT,binance
2026-05-31 22:50:00+00:00,73942.77,73969.91,73921.43,73955.92,14.02296,1780268099999,1036953.65335570,4225,7.32455000,541608.99105030,0,BTCUSDT,binance
2026-05-31 22:55:00+00:00,73955.93,73997.56,73940.38,73944.62,28.96997,1780268399999,2142849.30938600,4537,18.91653000,1399267.03289160,0,BTCUSDT,binance
2026-05-31 23:00:00+00:00,73944.62,74198.0,73944.62,74068.08,110.65865,1780268699999,8196042.28309290,22961,77.02919000,5704775.50443870,0,BTCUSDT,binance
2026-05-31 23:05:00+00:00,74068.08,74088.0,73960.7,73990.0,28.13451,1780268999999,2082803.80624060,10012,10.39534000,769542.55911340,0,BTCUSDT,binance
2026-05-31 23:10:00+00:00,73990.0,73999.0,73936.0,73936.0,25.40441,1780269299999,1878957.91668860,6490,8.42847000,623363.69700200,0,BTCUSDT,binance
2026-05-31 23:15:00+00:00,73936.01,73962.0,73904.0,73934.87,19.73257,1780269599999,1459082.13899570,7504,5.33685000,394592.66941540,0,BTCUSDT,binance
2026-05-31 23:20:00+00:00,73934.87,73934.87,73794.0,73817.59,19.53472,1780269899999,1442609.69328380,7226,2.50468000,184913.69946840,0,BTCUSDT,binance
2026-05-31 23:25:00+00:00,73817.59,73850.0,73809.05,73831.29,16.35462,1780270199999,1207447.52466690,4042,11.30645000,834728.55808490,0,BTCUSDT,binance
2026-05-31 23:30:00+00:00,73831.29,73831.3,73602.41,73698.0,29.7492,1780270499999,2192885.33653100,12148,6.71185000,494460.39533690,0,BTCUSDT,binance
2026-05-31 23:35:00+00:00,73698.0,73698.01,73500.0,73562.0,54.79539,1780270799999,4031764.26475280,16662,13.06416000,961191.69937240,0,BTCUSDT,binance
2026-05-31 23:40:00+00:00,73561.99,73590.0,73522.71,73584.64,19.81258,1780271099999,1457296.91138260,6474,12.74258000,937262.85955220,0,BTCUSDT,binance
2026-05-31 23:45:00+00:00,73584.65,73672.25,73568.52,73672.25,28.78247,1780271399999,2118709.93629830,7762,20.39074000,1500928.23095900,0,BTCUSDT,binance
2026-05-31 23:50:00+00:00,73672.25,73708.08,73672.24,73682.52,8.90447,1780271699999,656170.75463490,5288,5.43480000,400469.43134610,0,BTCUSDT,binance
2026-05-31 23:55:00+00:00,73682.53,73716.0,73658.0,73674.39,13.44569,1780271999999,990790.03453720,4288,5.75705000,424199.86574440,0,BTCUSDT,binance
2026-06-01 00:00:00+00:00,73674.39,73872.0,73654.06,73861.33,63.17605,1780272299999,4659382.05691180,15503,41.01655000,3024659.52518640,0,BTCUSDT,binance
2026-06-01 00:05:00+00:00,73861.33,73879.67,73732.48,73753.75,48.91549,1780272599999,3610501.87706490,13209,24.88839000,1836471.06937980,0,BTCUSDT,binance
2026-06-01 00:10:00+00:00,73753.74,73806.16,73718.57,73806.15,24.49997,1780272899999,1807071.60701100,9488,10.77033000,794325.72736880,0,BTCUSDT,binance
2026-06-01 00:15:00+00:00,73806.15,73847.23,73724.57,73730.26,20.68017,1780273199999,1526136.66289940,9517,10.39276000,767118.79706440,0,BTCUSDT,binance
2026-06-01 00:20:00+00:00,73730.27,73826.0,73720.94,73802.25,17.91445,1780273499999,1321604.72422490,9122,14.06275000,1037418.43467990,0,BTCUSDT,binance
2026-06-01 00:25:00+00:00,73802.25,73971.31,73802.25,73960.0,27.12952,1780273799999,2004832.21149400,10259,22.98073000,1698314.63815320,0,BTCUSDT,binance
2026-06-01 00:30:00+00:00,73960.0,74092.0,73836.0,73917.43,63.40427,1780274099999,4690036.32399460,22450,34.85113000,2578208.35921450,0,BTCUSDT,binance
2026-06-01 00:35:00+00:00,73917.43,73940.0,73884.61,73898.75,18.71847,1780274399999,1383381.59160560,8544,10.65702000,787615.07428600,0,BTCUSDT,binance
2026-06-01 00:40:00+00:00,73898.75,73966.84,73868.56,73946.01,14.34333,1780274699999,1060398.36491500,8899,10.69762000,790882.63531730,0,BTCUSDT,binance
2026-06-01 00:45:00+00:00,73946.0,74016.16,73942.0,73962.72,36.58711,1780274999999,2707059.53154360,12710,20.67229000,1529500.43515880,0,BTCUSDT,binance
2026-06-01 00:50:00+00:00,73962.73,74000.0,73900.36,73924.01,20.36587,1780275299999,1506151.13107030,11064,9.19387000,679978.37078270,0,BTCUSDT,binance
2026-06-01 00:55:00+00:00,73924.01,73929.46,73876.17,73885.0,10.755,1780275599999,794849.26954080,6063,4.22264000,312097.11637860,0,BTCUSDT,binance
2026-06-01 01:00:00+00:00,73885.01,73916.01,73736.0,73741.15,23.93324,1780275899999,1766810.50448560,12587,6.72933000,496834.68274180,0,BTCUSDT,binance
2026-06-01 01:05:00+00:00,73741.16,73749.76,73576.0,73596.79,59.0931,1780276199999,4350338.70816670,15739,14.77680000,1088008.61304130,0,BTCUSDT,binance
2026-06-01 01:10:00+00:00,73596.79,73632.0,73573.0,73573.0,32.90764,1780276499999,2422116.52585030,13502,13.26725000,976528.46900080,0,BTCUSDT,binance
2026-06-01 01:15:00+00:00,73573.0,73628.02,73573.0,73600.19,24.31245,1780276799999,1789494.56814400,10800,9.92285000,730337.65664200,0,BTCUSDT,binance
2026-06-01 01:20:00+00:00,73600.19,73649.92,73600.18,73601.69,23.62371,1780277099999,1739142.21618440,10889,11.93396000,878543.08224970,0,BTCUSDT,binance
2026-06-01 01:25:00+00:00,73601.68,73643.63,73590.0,73604.0,40.84359,1780277399999,3006517.81203320,8736,12.42463000,914696.24344330,0,BTCUSDT,binance
2026-06-01 01:30:00+00:00,73604.01,73626.04,73592.0,73615.98,30.74149,1780277699999,2262748.36444760,5801,17.46420000,1285555.96032970,0,BTCUSDT,binance
2026-06-01 01:35:00+00:00,73615.99,73642.0,73600.0,73603.9,16.96937,1780277999999,1249408.02742180,8073,12.69276000,934544.06506060,0,BTCUSDT,binance
2026-06-01 01:40:00+00:00,73603.9,73652.0,73461.35,73498.0,92.95177,1780278299999,6837161.80740460,14375,18.81570000,1383648.17617920,0,BTCUSDT,binance
2026-06-01 01:45:00+00:00,73498.0,73572.0,73447.11,73563.73,25.69431,1780278599999,1888417.48749630,12205,14.19356000,1043212.97259010,0,BTCUSDT,binance
2026-06-01 01:50:00+00:00,73563.74,73563.74,73350.0,73370.0,47.28756,1780278899999,3472702.16987470,13347,11.79183000,865819.23123160,0,BTCUSDT,binance
2026-06-01 01:55:00+00:00,73369.99,73370.0,73278.02,73292.92,46.18442,1780279199999,3386413.98333280,15482,13.37339000,980669.29409190,0,BTCUSDT,binance
2026-06-01 02:00:00+00:00,73292.92,73388.0,73222.0,73370.01,166.56542,1780279499999,12206839.27407270,18870,114.17924000,8367902.98625120,0,BTCUSDT,binance
2026-06-01 02:05:00+00:00,73370.01,73548.09,73370.0,73520.0,57.75151,1780279799999,4241759.13479620,14779,29.48761000,2165742.03324390,0,BTCUSDT,binance
2026-06-01 02:10:00+00:00,73520.0,73562.29,73506.22,73548.46,10.5593,1780280099999,776442.09610470,5557,5.52682000,406387.19665280,0,BTCUSDT,binance
2026-06-01 02:15:00+00:00,73548.45,73553.52,73454.0,73464.29,20.78869,1780280399999,1528169.89046040,8190,5.41979000,398381.77658830,0,BTCUSDT,binance
2026-06-01 02:20:00+00:00,73464.29,73545.25,73464.29,73493.0,18.18472,1780280699999,1336752.57669610,6728,9.53592000,700962.66803510,0,BTCUSDT,binance
2026-06-01 02:25:00+00:00,73493.0,73530.45,73492.0,73523.99,14.25079,1780280999999,1047598.63855330,5144,9.80077000,720465.23758360,0,BTCUSDT,binance
2026-06-01 02:30:00+00:00,73524.0,73524.68,73468.86,73498.34,8.35566,1780281299999,614126.19430540,5859,4.49392000,330292.53536210,0,BTCUSDT,binance
2026-06-01 02:35:00+00:00,73498.34,73572.27,73482.14,73572.27,16.44101,1780281599999,1208839.48440020,6478,10.64845000,782914.42336280,0,BTCUSDT,binance
2026-06-01 02:40:00+00:00,73572.27,73892.52,73554.0,73782.01,85.98317,1780281899999,6344158.80578510,28186,51.57137000,3804940.56189330,0,BTCUSDT,binance
2026-06-01 02:45:00+00:00,73782.0,73858.85,73746.0,73802.0,23.20544,1780282199999,1712619.36530950,11520,14.11568000,1041749.05875410,0,BTCUSDT,binance
2026-06-01 02:50:00+00:00,73802.01,73846.39,73772.0,73794.0,37.4396,1780282499999,2763380.63019950,10037,19.02674000,1404424.81281090,0,BTCUSDT,binance
2026-06-01 02:55:00+00:00,73794.0,73809.8,73758.0,73790.0,46.97494,1780282799999,3466348.97052690,7452,14.62134000,1078780.20435930,0,BTCUSDT,binance
2026-06-01 03:00:00+00:00,73789.99,74019.58,73788.01,73971.3,117.83509,1780283099999,8702786.02571360,20617,99.74582000,7366032.98034960,0,BTCUSDT,binance
2026-06-01 03:05:00+00:00,73971.31,73984.0,73912.68,73973.48,23.81808,1780283399999,1761419.11287610,11373,9.78741000,723849.82823720,0,BTCUSDT,binance
2026-06-01 03:10:00+00:00,73973.48,73973.48,73875.99,73882.01,24.02496,1780283699999,1776075.15561470,8158,4.32689000,319835.37441180,0,BTCUSDT,binance
2026-06-01 03:15:00+00:00,73882.0,73947.12,73800.0,73918.09,45.9727,1780283999999,3396088.02498770,16518,18.71070000,1382082.73139550,0,BTCUSDT,binance
2026-06-01 03:20:00+00:00,73918.09,73974.0,73906.33,73949.89,35.33155,1780284299999,2612460.42108890,7302,11.33137000,837862.53596950,0,BTCUSDT,binance
2026-06-01 03:25:00+00:00,73949.9,73949.9,73887.21,73921.77,25.52751,1780284599999,1886990.34789550,7223,6.53681000,483154.44806430,0,BTCUSDT,binance
2026-06-01 03:30:00+00:00,73921.78,73979.23,73921.77,73944.29,26.24571,1780284899999,1941207.43802160,7815,13.05103000,965247.59940460,0,BTCUSDT,binance
2026-06-01 03:35:00+00:00,73944.29,73969.72,73892.0,73892.0,20.94761,1780285199999,1548906.18782990,6809,4.97597000,367928.69369840,0,BTCUSDT,binance
2026-06-01 03:40:00+00:00,73892.01,73904.89,73800.0,73849.99,32.44093,1780285499999,2395528.82707720,7406,8.12089000,599525.63948230,0,BTCUSDT,binance
2026-06-01 03:45:00+00:00,73850.0,73909.05,73848.69,73890.45,15.26915,1780285799999,1128085.18724190,4940,8.16048000,602915.87363310,0,BTCUSDT,binance
2026-06-01 03:50:00+00:00,73890.44,73900.0,73752.8,73752.81,70.16944,1780286099999,5177890.67142550,7324,4.09337000,302286.22309680,0,BTCUSDT,binance
2026-06-01 03:55:00+00:00,73752.8,73773.72,73735.47,73769.06,22.8597,1780286399999,1685921.01634850,4618,9.09356000,670646.72764650,0,BTCUSDT,binance
2026-06-01 04:00:00+00:00,73769.06,73841.37,73762.32,73785.43,58.17749,1780286699999,4293646.28191660,7209,45.05234000,3324938.80027190,0,BTCUSDT,binance
2026-06-01 04:05:00+00:00,73785.44,73785.44,73663.07,73676.6,22.68184,1780286999999,1671908.57819390,6774,4.53588000,334289.35321200,0,BTCUSDT,binance
2026-06-01 04:10:00+00:00,73676.61,73676.61,73584.93,73604.91,23.96922,1780287299999,1764665.32291210,8809,6.72075000,494702.64296360,0,BTCUSDT,binance
2026-06-01 04:15:00+00:00,73604.91,73619.48,73505.37,73513.11,28.38977,1780287599999,2088092.32743230,7601,14.86559000,1093290.13546210,0,BTCUSDT,binance
2026-06-01 04:20:00+00:00,73513.11,73513.11,73407.86,73434.87,35.15469,1780287899999,2582483.36961810,12606,14.11751000,1036978.63483400,0,BTCUSDT,binance
2026-06-01 04:25:00+00:00,73434.88,73454.0,73408.0,73408.01,22.95718,1780288199999,1685779.38272740,8503,9.73168000,714618.11230790,0,BTCUSDT,binance
2026-06-01 04:30:00+00:00,73408.01,73478.34,73408.0,73443.17,31.04316,1780288499999,2280182.52371250,7921,20.30206000,1491197.52716640,0,BTCUSDT,binance
2026-06-01 04:35:00+00:00,73443.17,73474.01,73436.0,73450.24,22.68634,1780288799999,1666511.31695800,6891,14.59563000,1072176.32950530,0,BTCUSDT,binance
2026-06-01 04:40:00+00:00,73450.24,73492.5,73450.24,73491.99,19.77657,1780289099999,1453135.58885420,4910,12.78406000,939309.08369030,0,BTCUSDT,binance
2026-06-01 04:45:00+00:00,73491.99,73492.0,73348.74,73414.0,25.21467,1780289399999,1851192.20840800,10930,8.60715000,631852.07792560,0,BTCUSDT,binance
2026-06-01 04:50:00+00:00,73414.0,73521.69,73414.0,73521.68,17.05714,1780289699999,1253450.28392850,7550,12.34731000,907295.43832510,0,BTCUSDT,binance
2026-06-01 04:55:00+00:00,73521.68,73589.51,73505.42,73536.01,28.5392,1780289999999,2099279.68238910,7567,19.40881000,1427675.32344830,0,BTCUSDT,binance
2026-06-01 05:00:00+00:00,73536.01,73536.01,73457.57,73511.68,19.04439,1780290299999,1399709.77088760,7376,8.34961000,613615.32902060,0,BTCUSDT,binance
2026-06-01 05:05:00+00:00,73511.68,73526.0,73484.01,73494.0,12.49201,1780290599999,918330.13640120,4934,5.85499000,430425.98066210,0,BTCUSDT,binance
2026-06-01 05:10:00+00:00,73494.01,73540.1,73473.97,73540.0,61.46691,1780290899999,4519047.88536990,4633,53.68861000,3947198.95832620,0,BTCUSDT,binance
2026-06-01 05:15:00+00:00,73540.0,73541.48,73463.38,73468.17,33.3247,1780291199999,2449618.79204560,5098,10.08516000,741307.73164620,0,BTCUSDT,binance
2026-06-01 05:20:00+00:00,73468.17,73533.11,73457.99,73457.99,23.37401,1780291499999,1717678.39643810,5237,5.44253000,400037.93358400,0,BTCUSDT,binance
2026-06-01 05:25:00+00:00,73458.0,73458.0,73350.39,73351.7,24.72186,1780291799999,1814137.17193950,8588,8.16499000,599084.49275250,0,BTCUSDT,binance
2026-06-01 05:30:00+00:00,73351.7,73423.34,73351.69,73396.01,18.5356,1780292099999,1360320.64022280,6559,8.21725000,603070.12736210,0,BTCUSDT,binance
2026-06-01 05:35:00+00:00,73396.01,73409.01,73328.32,73391.84,19.0786,1780292399999,1399883.86173800,8573,7.30507000,535978.56153300,0,BTCUSDT,binance
2026-06-01 05:40:00+00:00,73391.84,73426.38,73391.84,73426.37,20.17513,1780292699999,1481136.79458610,4738,7.52059000,552112.37427750,0,BTCUSDT,binance
2026-06-01 05:45:00+00:00,73426.37,73465.56,73410.11,73419.85,101.26837,1780292999999,7436529.17292360,5847,36.02441000,2645019.27541680,0,BTCUSDT,binance
2026-06-01 05:50:00+00:00,73419.85,73445.66,73400.0,73400.0,59.91555,1780293299999,4398698.45444510,4801,49.39655000,3626306.56074030,0,BTCUSDT,binance
2026-06-01 05:55:00+00:00,73400.01,73406.95,73340.0,73350.0,10.80078,1780293599999,792553.62737710,4514,3.34315000,245301.71107510,0,BTCUSDT,binance
2026-06-01 06:00:00+00:00,73349.99,73368.0,73294.21,73313.5,26.34096,1780293899999,1931739.58591950,9327,12.45677000,913552.20462870,0,BTCUSDT,binance
2026-06-01 06:05:00+00:00,73313.51,73313.51,73242.02,73248.35,38.43104,1780294199999,2816307.52702270,11339,12.12717000,888727.90812090,0,BTCUSDT,binance
2026-06-01 06:10:00+00:00,73248.34,73314.0,73242.02,73289.99,26.85001,1780294499999,1967597.41796290,8592,14.48065000,1061211.14572680,0,BTCUSDT,binance
2026-06-01 06:15:00+00:00,73289.98,73326.0,73280.0,73280.0,47.75563,1780294799999,3500577.03401470,7103,10.05342000,736905.15617690,0,BTCUSDT,binance
2026-06-01 06:20:00+00:00,73280.0,73280.0,73144.0,73238.0,71.1959,1780295099999,5212391.34680430,16434,28.40564000,2079784.57834630,0,BTCUSDT,binance
2026-06-01 06:25:00+00:00,73237.99,73237.99,73177.5,73192.82,34.87705,1780295399999,2552899.13519310,10081,18.04298000,1320627.80160440,0,BTCUSDT,binance
2026-06-01 06:30:00+00:00,73192.81,73234.0,73144.0,73197.16,127.87546,1780295699999,9360382.96896000,15020,25.43631000,1861704.89226700,0,BTCUSDT,binance
2026-06-01 06:35:00+00:00,73197.16,73197.16,73117.0,73142.14,58.2603,1780295999999,4262249.48208400,16509,22.19662000,1623698.86367080,0,BTCUSDT,binance
2026-06-01 06:40:00+00:00,73142.14,73142.14,73004.99,73009.81,89.89024,1780296299999,6569258.19388080,21345,23.96464000,1751416.47221240,0,BTCUSDT,binance
2026-06-01 06:45:00+00:00,73009.81,73184.43,72950.01,73183.77,145.47753,1780296599999,10625106.45859900,28405,62.16203000,4541438.67561400,0,BTCUSDT,binance
2026-06-01 06:50:00+00:00,73183.76,73211.91,73124.01,73124.01,39.95147,1780296899999,2923506.99571520,9299,12.94461000,947314.75274780,0,BTCUSDT,binance
2026-06-01 06:55:00+00:00,73124.0,73146.57,73069.99,73135.74,33.3844,1780297199999,2440686.37299150,12537,14.47208000,1057990.55797750,0,BTCUSDT,binance
2026-06-01 07:00:00+00:00,73135.75,73135.75,73046.59,73120.0,50.06698,1780297499999,3659196.55621940,14093,26.24316000,1918032.12005550,0,BTCUSDT,binance
2026-06-01 07:05:00+00:00,73119.99,73203.85,73119.99,73195.56,33.17076,1780297799999,2427395.67804670,9135,14.88078000,1088890.78503750,0,BTCUSDT,binance
2026-06-01 07:10:00+00:00,73195.56,73201.0,73094.73,73117.33,28.43964,1780298099999,2080323.45181130,11126,7.61349000,556918.43425390,0,BTCUSDT,binance
2026-06-01 07:15:00+00:00,73117.33,73136.32,73000.01,73125.0,99.20236,1780298399999,7248296.17763510,18683,43.26604000,3161967.79213190,0,BTCUSDT,binance
2026-06-01 07:20:00+00:00,73125.0,73125.01,72954.36,72980.79,60.75686,1780298699999,4436817.87614220,16562,12.09169000,883080.71681900,0,BTCUSDT,binance
2026-06-01 07:25:00+00:00,72980.79,73024.0,72979.7,72993.87,41.42513,1780298999999,3024060.66218370,12262,16.31689000,1191099.22036160,0,BTCUSDT,binance
