open_time,open,high,low,close,volume,turnover,symbol,exchange
2026-05-18 07:30:00+00:00,1.3877,1.3898,1.3875,1.3879,32887.94,45678.6319,XRPUSDT,bybit
2026-05-18 07:35:00+00:00,1.3879,1.3879,1.3855,1.386,29942.82,41512.596624,XRPUSDT,bybit
2026-05-18 07:40:00+00:00,1.386,1.3865,1.3823,1.383,16042.25,22198.001941,XRPUSDT,bybit
2026-05-18 07:45:00+00:00,1.383,1.3854,1.3828,1.3844,19503.6,27000.198537,XRPUSDT,bybit
2026-05-18 07:50:00+00:00,1.3844,1.387,1.3835,1.3868,13338.18,18478.879251,XRPUSDT,bybit
2026-05-18 07:55:00+00:00,1.3868,1.3878,1.3858,1.3867,61528.02,85338.577673,XRPUSDT,bybit
2026-05-18 08:00:00+00:00,1.3867,1.3889,1.3867,1.3889,35166.84,48800.420581,XRPUSDT,bybit
2026-05-18 08:05:00+00:00,1.3889,1.3897,1.388,1.3881,52548.88,72964.004818,XRPUSDT,bybit
2026-05-18 08:10:00+00:00,1.3881,1.3882,1.3867,1.387,16627.95,23073.807535,XRPUSDT,bybit
2026-05-18 08:15:00+00:00,1.387,1.3873,1.3861,1.3863,24108.56,33428.204733,XRPUSDT,bybit
2026-05-18 08:20:00+00:00,1.3863,1.3873,1.3846,1.3857,29321.25,40644.989075,XRPUSDT,bybit
2026-05-18 08:25:00+00:00,1.3857,1.387,1.3857,1.3858,26707.93,37029.900485,XRPUSDT,bybit
2026-05-18 08:30:00+00:00,1.3858,1.386,1.3835,1.3853,7450.72,10317.098149,XRPUSDT,bybit
2026-05-18 08:35:00+00:00,1.3853,1.3853,1.3823,1.3837,87021.45,120419.656579,XRPUSDT,bybit
2026-05-18 08:40:00+00:00,1.3837,1.3843,1.3831,1.384,21183.86,29310.333002,XRPUSDT,bybit
2026-05-18 08:45:00+00:00,1.384,1.3851,1.3831,1.384,12470.04,17262.066067,XRPUSDT,bybit
2026-05-18 08:50:00+00:00,1.384,1.3871,1.384,1.3869,20969.4,29062.130122,XRPUSDT,bybit
2026-05-18 08:55:00+00:00,1.3869,1.3885,1.3869,1.3879,21657.16,30046.249946,XRPUSDT,bybit
2026-05-18 09:00:00+00:00,1.3879,1.3883,1.3848,1.3848,28535.18,39572.946387,XRPUSDT,bybit
2026-05-18 09:05:00+00:00,1.3848,1.3848,1.3836,1.3844,18097.52,25054.55503,XRPUSDT,bybit
2026-05-18 09:10:00+00:00,1.3844,1.3852,1.3827,1.3843,90774.95,125685.301875,XRPUSDT,bybit
2026-05-18 09:15:00+00:00,1.3843,1.3861,1.384,1.3851,15162.16,21006.605094,XRPUSDT,bybit
2026-05-18 09:20:00+00:00,1.3851,1.3865,1.3851,1.3857,160871.22,222911.615149,XRPUSDT,bybit
2026-05-18 09:25:00+00:00,1.3857,1.3858,1.3834,1.3851,219888.12,304448.427038,XRPUSDT,bybit
2026-05-18 09:30:00+00:00,1.3851,1.3851,1.3828,1.3848,222998.61,308565.810379,XRPUSDT,bybit
2026-05-18 09:35:00+00:00,1.3848,1.3868,1.3848,1.3865,43522.27,60339.632165,XRPUSDT,bybit
2026-05-18 09:40:00+00:00,1.3865,1.3869,1.3852,1.3854,25252.72,35009.891951,XRPUSDT,bybit
2026-05-18 09:45:00+00:00,1.3854,1.3868,1.3848,1.3858,13643.41,18906.437882,XRPUSDT,bybit
2026-05-18 09:50:00+00:00,1.3858,1.3862,1.3826,1.3828,26449.49,36597.894985,XRPUSDT,bybit
2026-05-18 09:55:00+00:00,1.3828,1.3839,1.3828,1.3829,91942.4,127202.339386,XRPUSDT,bybit
2026-05-18 10:00:00+00:00,1.3829,1.3835,1.3796,1.3802,149545.25,206585.927162,XRPUSDT,bybit
2026-05-18 10:05:00+00:00,1.3802,1.3823,1.3786,1.3822,87566.98,120897.723419,XRPUSDT,bybit
2026-05-18 10:10:00+00:00,1.3822,1.3828,1.3804,1.3813,32977.87,45558.936759,XRPUSDT,bybit
2026-05-18 10:15:00+00:00,1.3813,1.3819,1.3808,1.381,22806.28,31501.628328,XRPUSDT,bybit
2026-05-18 10:20:00+00:00,1.381,1.3815,1.379,1.3806,54918.2,75792.803184,XRPUSDT,bybit
2026-05-18 10:25:00+00:00,1.3806,1.3808,1.3792,1.3796,32523.53,44890.305549,XRPUSDT,bybit
2026-05-18 10:30:00+00:00,1.3796,1.3811,1.3785,1.3785,283255.76,390887.891686,XRPUSDT,bybit
2026-05-18 10:35:00+00:00,1.3785,1.3807,1.3771,1.3801,55027.91,75860.588324,XRPUSDT,bybit
2026-05-18 10:40:00+00:00,1.3801,1.3807,1.3784,1.3789,17243.04,23781.463921,XRPUSDT,bybit
2026-05-18 10:45:00+00:00,1.3789,1.3814,1.3789,1.3804,37402.72,51623.560352,XRPUSDT,bybit
2026-05-18 10:50:00+00:00,1.3804,1.3809,1.3794,1.3795,10840.34,14961.280521,XRPUSDT,bybit
2026-05-18 10:55:00+00:00,1.3795,1.3795,1.378,1.3782,32198.43,44383.989496,XRPUSDT,bybit
2026-05-18 11:00:00+00:00,1.3782,1.38,1.3777,1.3791,35948.96,49554.14864,XRPUSDT,bybit
2026-05-18 11:05:00+00:00,1.3791,1.3792,1.3763,1.3765,45477.98,62650.95635,XRPUSDT,bybit
2026-05-18 11:10:00+00:00,1.3765,1.3789,1.3763,1.3787,42527.66,58605.883606,XRPUSDT,bybit
2026-05-18 11:15:00+00:00,1.3787,1.3818,1.3783,1.3818,35314.87,48737.251484,XRPUSDT,bybit
2026-05-18 11:20:00+00:00,1.3818,1.3818,1.3802,1.3812,31687.29,43756.884504,XRPUSDT,bybit
2026-05-18 11:25:00+00:00,1.3812,1.3828,1.3812,1.3821,25701.96,35531.650942,XRPUSDT,bybit
2026-05-18 11:30:00+00:00,1.3821,1.3859,1.3804,1.3853,71512.6,98891.581969,XRPUSDT,bybit
2026-05-18 11:35:00+00:00,1.3853,1.3922,1.3836,1.3922,124347.77,172527.713219,XRPUSDT,bybit
2026-05-18 11:40:00+00:00,1.3922,1.3967,1.3907,1.3942,328749.46,458180.346923,XRPUSDT,bybit
2026-05-18 11:45:00+00:00,1.3942,1.3943,1.3901,1.3912,55297.32,76955.86896,XRPUSDT,bybit
2026-05-18 11:50:00+00:00,1.3912,1.3914,1.3896,1.3913,62000.75,86211.031486,XRPUSDT,bybit
2026-05-18 11:55:00+00:00,1.3913,1.3916,1.3897,1.3905,47255.83,65707.193362,XRPUSDT,bybit
2026-05-18 12:00:00+00:00,1.3905,1.3951,1.3904,1.3912,115016.59,160249.089962,XRPUSDT,bybit
2026-05-18 12:05:00+00:00,1.3912,1.3956,1.3912,1.3944,47760.72,66576.001959,XRPUSDT,bybit
2026-05-18 12:10:00+00:00,1.3944,1.3949,1.3933,1.3942,19241.87,26820.459152,XRPUSDT,bybit
2026-05-18 12:15:00+00:00,1.3942,1.3949,1.3926,1.3942,83777.94,116750.375862,XRPUSDT,bybit
2026-05-18 12:20:00+00:00,1.3942,1.3973,1.3937,1.3968,14296.52,19956.530705,XRPUSDT,bybit
2026-05-18 12:25:00+00:00,1.3968,1.397,1.3928,1.3942,47581.21,66340.420786,XRPUSDT,bybit
2026-05-18 12:30:00+00:00,1.3942,1.3978,1.3931,1.3977,62232.14,86828.633569,XRPUSDT,bybit
2026-05-18 12:35:00+00:00,1.3977,1.4,1.3969,1.3996,55733.99,77906.507179,XRPUSDT,bybit
2026-05-18 12:40:00+00:00,1.3996,1.4017,1.3987,1.401,89990.66,125990.159782,XRPUSDT,bybit
2026-05-18 12:45:00+00:00,1.401,1.4024,1.3993,1.3995,106517.36,149220.114334,XRPUSDT,bybit
2026-05-18 12:50:00+00:00,1.3995,1.3996,1.3974,1.3975,25056.65,35034.836288,XRPUSDT,bybit
2026-05-18 12:55:00+00:00,1.3975,1.3994,1.3973,1.3988,15931.72,22280.24817,XRPUSDT,bybit
2026-05-18 13:00:00+00:00,1.3988,1.399,1.3922,1.393,160114.61,223281.431591,XRPUSDT,bybit
2026-05-18 13:05:00+00:00,1.393,1.3931,1.3901,1.3916,117174.79,163040.379042,XRPUSDT,bybit
2026-05-18 13:10:00+00:00,1.3916,1.3921,1.3902,1.3914,38791.81,53959.22499,XRPUSDT,bybit
2026-05-18 13:15:00+00:00,1.3914,1.3918,1.3892,1.3901,87944.3,122307.647438,XRPUSDT,bybit
2026-05-18 13:20:00+00:00,1.3901,1.3906,1.3897,1.3904,36552.85,50821.485959,XRPUSDT,bybit
2026-05-18 13:25:00+00:00,1.3904,1.3914,1.3883,1.3886,48541.11,67453.263602,XRPUSDT,bybit
2026-05-18 13:30:00+00:00,1.3886,1.3891,1.3834,1.3848,180084.31,249551.483649,XRPUSDT,bybit
2026-05-18 13:35:00+00:00,1.3848,1.3864,1.3767,1.3847,339270.66,468332.533181,XRPUSDT,bybit
2026-05-18 13:40:00+00:00,1.3847,1.3897,1.3814,1.384,188674.31,261471.637095,XRPUSDT,bybit
2026-05-18 13:45:00+00:00,1.384,1.3886,1.382,1.3861,167155.58,231535.07016,XRPUSDT,bybit
2026-05-18 13:50:00+00:00,1.3861,1.39,1.3858,1.3881,158390.92,219849.660195,XRPUSDT,bybit
2026-05-18 13:55:00+00:00,1.3881,1.3897,1.3851,1.386,85491.43,118575.55305,XRPUSDT,bybit
2026-05-18 14:00:00+00:00,1.386,1.386,1.382,1.3854,168760.79,233449.901807,XRPUSDT,bybit
2026-05-18 14:05:00+00:00,1.3854,1.3855,1.3819,1.3846,166685.45,230617.563084,XRPUSDT,bybit
2026-05-18 14:10:00+00:00,1.3846,1.3846,1.3792,1.3802,98794.02,136520.313877,XRPUSDT,bybit
2026-05-18 14:15:00+00:00,1.3802,1.382,1.3751,1.3807,170350.29,234589.78912,XRPUSDT,bybit
2026-05-18 14:20:00+00:00,1.3807,1.3827,1.3802,1.382,115070.14,158977.29837,XRPUSDT,bybit
2026-05-18 14:25:00+00:00,1.382,1.3842,1.3804,1.3811,44183.61,61090.547412,XRPUSDT,bybit
2026-05-18 14:30:00+00:00,1.3811,1.3821,1.3739,1.3752,267771.02,368689.10136,XRPUSDT,bybit
2026-05-18 14:35:00+00:00,1.3752,1.3801,1.3726,1.379,121946.72,167734.458668,XRPUSDT,bybit
2026-05-18 14:40:00+00:00,1.379,1.3792,1.3763,1.3766,54216.91,74677.202351,XRPUSDT,bybit
2026-05-18 14:45:00+00:00,1.3766,1.3768,1.3725,1.3765,86334.12,118674.172917,XRPUSDT,bybit
2026-05-18 14:50:00+00:00,1.3765,1.379,1.3754,1.3754,65564.22,90301.957356,XRPUSDT,bybit
2026-05-18 14:55:00+00:00,1.3754,1.3777,1.3752,1.3774,39740.56,54699.72947,XRPUSDT,bybit
2026-05-18 15:00:00+00:00,1.3774,1.3778,1.371,1.3735,234417.51,322025.765123,XRPUSDT,bybit
2026-05-18 15:05:00+00:00,1.3735,1.3758,1.3724,1.3735,107198.41,147281.928028,XRPUSDT,bybit
2026-05-18 15:10:00+00:00,1.3735,1.3779,1.3735,1.3758,499677.04,687902.816152,XRPUSDT,bybit
2026-05-18 15:15:00+00:00,1.3758,1.3759,1.3719,1.3729,92153.82,126569.414574,XRPUSDT,bybit
2026-05-18 15:20:00+00:00,1.3729,1.3749,1.3725,1.3736,78121.59,107308.464392,XRPUSDT,bybit
2026-05-18 15:25:00+00:00,1.3736,1.3751,1.3704,1.3705,122750.82,168526.552938,XRPUSDT,bybit
2026-05-18 15:30:00+00:00,1.3705,1.3724,1.3688,1.3722,281468.11,385846.90635,XRPUSDT,bybit
2026-05-18 15:35:00+00:00,1.3722,1.3736,1.3709,1.3714,115569.39,158549.466963,XRPUSDT,bybit
2026-05-18 15:40:00+00:00,1.3714,1.3754,1.371,1.3741,54734.05,75140.463368,XRPUSDT,bybit
2026-05-18 15:45:00+00:00,1.3741,1.3759,1.3739,1.375,149987.68,206220.216192,XRPUSDT,bybit
2026-05-18 15:50:00+00:00,1.375,1.3771,1.374,1.3771,118115.75,162442.180253,XRPUSDT,bybit
2026-05-18 15:55:00+00:00,1.3771,1.3791,1.3758,1.3765,96393.17,132785.719218,XRPUSDT,bybit
2026-05-18 16:00:00+00:00,1.3765,1.3773,1.3751,1.3753,142402.2,195951.3757,XRPUSDT,bybit
2026-05-18 16:05:00+00:00,1.3753,1.3771,1.375,1.3765,38313.21,52710.516613,XRPUSDT,bybit
2026-05-18 16:10:00+00:00,1.3765,1.3804,1.3765,1.379,87383.3,120479.701144,XRPUSDT,bybit
2026-05-18 16:15:00+00:00,1.379,1.3802,1.3786,1.3799,42737.2,58939.784944,XRPUSDT,bybit
2026-05-18 16:20:00+00:00,1.3799,1.3811,1.3763,1.3776,85301.74,117629.151745,XRPUSDT,bybit
2026-05-18 16:25:00+00:00,1.3776,1.3776,1.3712,1.3717,157966.71,217042.83541,XRPUSDT,bybit
2026-05-18 16:30:00+00:00,1.3717,1.3746,1.3706,1.3737,94284.64,129428.981825,XRPUSDT,bybit
2026-05-18 16:35:00+00:00,1.3737,1.3776,1.3737,1.3757,36597.53,50333.069381,XRPUSDT,bybit
2026-05-18 16:40:00+00:00,1.3757,1.3782,1.3756,1.3778,103150.31,142064.064331,XRPUSDT,bybit
2026-05-18 16:45:00+00:00,1.3778,1.3805,1.3778,1.3802,157389.79,217147.736587,XRPUSDT,bybit
2026-05-18 16:50:00+00:00,1.3802,1.3809,1.3796,1.3804,23550.34,32506.625987,XRPUSDT,bybit
2026-05-18 16:55:00+00:00,1.3804,1.3808,1.3788,1.3788,125536.73,173288.590332,XRPUSDT,bybit
2026-05-18 17:00:00+00:00,1.3788,1.381,1.3771,1.3802,104740.1,144548.347453,XRPUSDT,bybit
2026-05-18 17:05:00+00:00,1.3802,1.3831,1.3797,1.3808,124672.79,172254.816691,XRPUSDT,bybit
2026-05-18 17:10:00+00:00,1.3808,1.3817,1.3802,1.381,108323.52,149578.67448,XRPUSDT,bybit
2026-05-18 17:15:00+00:00,1.381,1.3838,1.381,1.3819,147662.62,204122.416518,XRPUSDT,bybit
2026-05-18 17:20:00+00:00,1.3819,1.3828,1.3801,1.3816,124037.33,171352.189717,XRPUSDT,bybit
2026-05-18 17:25:00+00:00,1.3816,1.3825,1.3802,1.3825,39982.38,55230.453501,XRPUSDT,bybit
2026-05-18 17:30:00+00:00,1.3825,1.3829,1.3811,1.3816,46675.38,64503.548411,XRPUSDT,bybit
2026-05-18 17:35:00+00:00,1.3816,1.3817,1.3796,1.3806,25283.2,34911.896806,XRPUSDT,bybit
2026-05-18 17:40:00+00:00,1.3806,1.3826,1.3799,1.3812,85586.4,118162.659897,XRPUSDT,bybit
2026-05-18 17:45:00+00:00,1.3812,1.3824,1.3808,1.3808,30716.32,42448.194933,XRPUSDT,bybit
2026-05-18 17:50:00+00:00,1.3808,1.3823,1.3808,1.3815,65228.43,90092.118762,XRPUSDT,bybit
2026-05-18 17:55:00+00:00,1.3815,1.3815,1.3804,1.3807,12320.5,17015.470145,XRPUSDT,bybit
2026-05-18 18:00:00+00:00,1.3807,1.381,1.3768,1.378,36237.97,49930.212906,XRPUSDT,bybit
2026-05-18 18:05:00+00:00,1.378,1.3782,1.3749,1.3756,20423.48,28105.170124,XRPUSDT,bybit
2026-05-18 18:10:00+00:00,1.3756,1.3764,1.375,1.3759,53735.17,73916.398765,XRPUSDT,bybit
2026-05-18 18:15:00+00:00,1.3759,1.3759,1.3704,1.371,62262.33,85438.077672,XRPUSDT,bybit
2026-05-18 18:20:00+00:00,1.371,1.371,1.3678,1.3683,231380.56,316717.906096,XRPUSDT,bybit
2026-05-18 18:25:00+00:00,1.3683,1.3704,1.3642,1.3697,293268.36,400755.368603,XRPUSDT,bybit
2026-05-18 18:30:00+00:00,1.3697,1.3726,1.3696,1.3703,117991.66,161828.432994,XRPUSDT,bybit
2026-05-18 18:35:00+00:00,1.3703,1.3704,1.3685,1.3688,68493.71,93811.615893,XRPUSDT,bybit
2026-05-18 18:40:00+00:00,1.3688,1.3714,1.3687,1.3714,42260.22,57879.884688,XRPUSDT,bybit
2026-05-18 18:45:00+00:00,1.3714,1.3722,1.3698,1.3706,53930.46,73935.838809,XRPUSDT,bybit
2026-05-18 18:50:00+00:00,1.3706,1.3721,1.3698,1.3702,48532.57,66521.427986,XRPUSDT,bybit
2026-05-18 18:55:00+00:00,1.3702,1.3716,1.367,1.3681,59508.99,81456.026056,XRPUSDT,bybit
2026-05-18 19:00:00+00:00,1.3681,1.3864,1.3673,1.3823,658212.16,905746.922314,XRPUSDT,bybit
2026-05-18 19:05:00+00:00,1.3823,1.3839,1.3777,1.3816,106807.17,147391.317293,XRPUSDT,bybit
2026-05-18 19:10:00+00:00,1.3816,1.3827,1.3793,1.3796,40906.91,56499.798267,XRPUSDT,bybit
2026-05-18 19:15:00+00:00,1.3796,1.3806,1.3779,1.3797,39080.25,53909.098514,XRPUSDT,bybit
2026-05-18 19:20:00+00:00,1.3797,1.3825,1.3796,1.3805,74267.2,102535.66476,XRPUSDT,bybit
2026-05-18 19:25:00+00:00,1.3805,1.3808,1.3787,1.3807,13411.8,18505.208853,XRPUSDT,bybit
2026-05-18 19:30:00+00:00,1.3807,1.3841,1.3804,1.382,35977.1,49741.274431,XRPUSDT,bybit
2026-05-18 19:35:00+00:00,1.382,1.3845,1.382,1.3838,83995.15,116199.157533,XRPUSDT,bybit
2026-05-18 19:40:00+00:00,1.3838,1.387,1.3832,1.3865,66191.36,91654.854361,XRPUSDT,bybit
2026-05-18 19:45:00+00:00,1.3865,1.3893,1.3861,1.3877,57838.18,80243.641599,XRPUSDT,bybit
2026-05-18 19:50:00+00:00,1.3877,1.3909,1.3875,1.3882,57587.53,79990.013322,XRPUSDT,bybit
2026-05-18 19:55:00+00:00,1.3882,1.3895,1.3867,1.3877,74310.53,103115.307586,XRPUSDT,bybit
2026-05-18 20:00:00+00:00,1.3877,1.3898,1.3869,1.3869,59100.78,82058.509084,XRPUSDT,bybit
2026-05-18 20:05:00+00:00,1.3869,1.3896,1.3862,1.3889,17532.89,24331.604785,XRPUSDT,bybit
2026-05-18 20:10:00+00:00,1.3889,1.392,1.3889,1.3911,29074.77,40436.928778,XRPUSDT,bybit
2026-05-18 20:15:00+00:00,1.3911,1.3922,1.3911,1.3912,20025.13,27871.923322,XRPUSDT,bybit
2026-05-18 20:20:00+00:00,1.3912,1.3919,1.3899,1.3916,18983.35,26402.025285,XRPUSDT,bybit
2026-05-18 20:25:00+00:00,1.3916,1.3918,1.3908,1.3912,9740.01,13550.159425,XRPUSDT,bybit
2026-05-18 20:30:00+00:00,1.3912,1.3922,1.3899,1.39,29576.25,41130.20276,XRPUSDT,bybit
2026-05-18 20:35:00+00:00,1.39,1.3902,1.3877,1.3877,27829.19,38663.910988,XRPUSDT,bybit
2026-05-18 20:40:00+00:00,1.3877,1.3877,1.3855,1.3867,28959.88,40150.25986,XRPUSDT,bybit
2026-05-18 20:45:00+00:00,1.3867,1.3867,1.3842,1.3845,84911.85,117608.172271,XRPUSDT,bybit
2026-05-18 20:50:00+00:00,1.3845,1.3855,1.3838,1.3849,35114.85,48606.765827,XRPUSDT,bybit
2026-05-18 20:55:00+00:00,1.3849,1.386,1.3836,1.3848,43142.7,59745.77472,XRPUSDT,bybit
2026-05-18 21:00:00+00:00,1.3848,1.3851,1.3823,1.3839,40817.42,56487.163234,XRPUSDT,bybit
2026-05-18 21:05:00+00:00,1.3839,1.3846,1.383,1.3838,28796.89,39852.856805,XRPUSDT,bybit
2026-05-18 21:10:00+00:00,1.3838,1.3879,1.3836,1.3872,50680.97,70229.502396,XRPUSDT,bybit
2026-05-18 21:15:00+00:00,1.3872,1.388,1.3867,1.388,18877.1,26188.949153,XRPUSDT,bybit
2026-05-18 21:20:00+00:00,1.388,1.3891,1.3877,1.3877,20762.22,28828.678267,XRPUSDT,bybit
2026-05-18 21:25:00+00:00,1.3877,1.3904,1.3877,1.3897,14779.65,20531.717739,XRPUSDT,bybit
2026-05-18 21:30:00+00:00,1.3897,1.396,1.3897,1.3924,102635.09,143022.554997,XRPUSDT,bybit
2026-05-18 21:35:00+00:00,1.3924,1.3937,1.3914,1.3935,66144.97,92106.639527,XRPUSDT,bybit
2026-05-18 21:40:00+00:00,1.3935,1.3943,1.3924,1.3932,55505.3,77332.042789,XRPUSDT,bybit
2026-05-18 21:45:00+00:00,1.3932,1.3938,1.3921,1.3927,12898.07,17965.175815,XRPUSDT,bybit
2026-05-18 21:50:00+00:00,1.3927,1.3945,1.3927,1.3943,18678.99,26028.157814,XRPUSDT,bybit
2026-05-18 21:55:00+00:00,1.3943,1.3953,1.3932,1.3932,48024.41,66959.036187,XRPUSDT,bybit
2026-05-18 22:00:00+00:00,1.3932,1.3944,1.3925,1.393,57276.62,79800.427669,XRPUSDT,bybit
2026-05-18 22:05:00+00:00,1.393,1.3941,1.3929,1.393,38220.56,53257.185181,XRPUSDT,bybit
2026-05-18 22:10:00+00:00,1.393,1.3947,1.3924,1.394,28119.93,39196.762425,XRPUSDT,bybit
2026-05-18 22:15:00+00:00,1.394,1.3962,1.3936,1.3956,53827.58,75111.949254,XRPUSDT,bybit
2026-05-18 22:20:00+00:00,1.3956,1.3962,1.3953,1.3955,5839.17,8149.839005,XRPUSDT,bybit
2026-05-18 22:25:00+00:00,1.3955,1.3955,1.3919,1.3936,182632.11,254530.623276,XRPUSDT,bybit
2026-05-18 22:30:00+00:00,1.3936,1.3943,1.3925,1.3932,75781.68,105591.282138,XRPUSDT,bybit
2026-05-18 22:35:00+00:00,1.3932,1.3939,1.3929,1.393,47549.82,66258.813592,XRPUSDT,bybit
2026-05-18 22:40:00+00:00,1.393,1.393,1.3901,1.3911,62507.89,86947.038079,XRPUSDT,bybit
2026-05-18 22:45:00+00:00,1.3911,1.3916,1.3887,1.3894,83781.54,116485.01717,XRPUSDT,bybit
2026-05-18 22:50:00+00:00,1.3894,1.3905,1.3888,1.3905,71851.88,99831.869773,XRPUSDT,bybit
2026-05-18 22:55:00+00:00,1.3905,1.3925,1.3898,1.3924,17726.12,24651.771224,XRPUSDT,bybit
2026-05-18 23:00:00+00:00,1.3924,1.3945,1.3923,1.3935,29415.13,40983.095613,XRPUSDT,bybit
2026-05-18 23:05:00+00:00,1.3935,1.3935,1.3917,1.3926,6077.9,8462.014656,XRPUSDT,bybit
2026-05-18 23:10:00+00:00,1.3926,1.3928,1.3917,1.3917,19190.73,26721.175429,XRPUSDT,bybit
2026-05-18 23:15:00+00:00,1.3917,1.3918,1.3906,1.3907,6565.05,9132.254485,XRPUSDT,bybit
2026-05-18 23:20:00+00:00,1.3907,1.3916,1.3904,1.3916,9208.97,12810.101019,XRPUSDT,bybit
2026-05-18 23:25:00+00:00,1.3916,1.3916,1.3906,1.3906,13847.78,19261.328229,XRPUSDT,bybit
2026-05-18 23:30:00+00:00,1.3906,1.3913,1.39,1.3908,10464.39,14547.974634,XRPUSDT,bybit
2026-05-18 23:35:00+00:00,1.3908,1.3929,1.3908,1.3929,29282.18,40749.615803,XRPUSDT,bybit
2026-05-18 23:40:00+00:00,1.3929,1.3931,1.3922,1.3929,14981.96,20864.719997,XRPUSDT,bybit
2026-05-18 23:45:00+00:00,1.3929,1.3929,1.3895,1.3907,69179.6,96220.266425,XRPUSDT,bybit
2026-05-18 23:50:00+00:00,1.3907,1.3908,1.3889,1.3898,35736.53,49665.275612,XRPUSDT,bybit
2026-05-18 23:55:00+00:00,1.3898,1.3906,1.3897,1.3902,36544.2,50802.590181,XRPUSDT,bybit
2026-05-19 00:00:00+00:00,1.3902,1.3913,1.3893,1.39,46182.55,64209.862716,XRPUSDT,bybit
2026-05-19 00:05:00+00:00,1.39,1.3924,1.3898,1.3924,41764.54,58115.935872,XRPUSDT,bybit
2026-05-19 00:10:00+00:00,1.3924,1.3945,1.3924,1.3932,66802.41,93065.367995,XRPUSDT,bybit
2026-05-19 00:15:00+00:00,1.3932,1.3947,1.3929,1.3945,30848.12,43008.742581,XRPUSDT,bybit
2026-05-19 00:20:00+00:00,1.3945,1.3978,1.3945,1.3952,68436.44,95573.492473,XRPUSDT,bybit
2026-05-19 00:25:00+00:00,1.3952,1.3959,1.3948,1.3958,53303.15,74377.245998,XRPUSDT,bybit
2026-05-19 00:30:00+00:00,1.3958,1.3965,1.3948,1.3948,31008.46,43281.218552,XRPUSDT,bybit
2026-05-19 00:35:00+00:00,1.3948,1.3957,1.393,1.3934,36635.39,51113.075888,XRPUSDT,bybit
2026-05-19 00:40:00+00:00,1.3934,1.3939,1.3925,1.3939,14409.97,20080.466968,XRPUSDT,bybit
2026-05-19 00:45:00+00:00,1.3939,1.3946,1.3929,1.3945,29199.47,40702.357721,XRPUSDT,bybit
2026-05-19 00:50:00+00:00,1.3945,1.3961,1.3934,1.3935,24261.41,33845.662658,XRPUSDT,bybit
2026-05-19 00:55:00+00:00,1.3935,1.3939,1.3932,1.3932,12349.57,17210.355548,XRPUSDT,bybit
2026-05-19 01:00:00+00:00,1.3932,1.3932,1.3907,1.3914,60026.75,83569.499991,XRPUSDT,bybit
2026-05-19 01:05:00+00:00,1.3914,1.3925,1.3911,1.392,17377.46,24184.792577,XRPUSDT,bybit
2026-05-19 01:10:00+00:00,1.392,1.3926,1.3909,1.3918,9575.43,13328.788999,XRPUSDT,bybit
2026-05-19 01:15:00+00:00,1.3918,1.392,1.389,1.3893,56710.97,78853.505427,XRPUSDT,bybit
2026-05-19 01:20:00+00:00,1.3893,1.3897,1.3872,1.3872,22141.99,30741.74491,XRPUSDT,bybit
2026-05-19 01:25:00+00:00,1.3872,1.3877,1.3845,1.3858,70220.31,97318.916281,XRPUSDT,bybit
2026-05-19 01:30:00+00:00,1.3858,1.3882,1.3847,1.3881,47711.4,66144.070118,XRPUSDT,bybit
2026-05-19 01:35:00+00:00,1.3881,1.3902,1.3881,1.3883,50123.72,69620.419592,XRPUSDT,bybit
2026-05-19 01:40:00+00:00,1.3883,1.3897,1.3879,1.3891,43566.58,60510.402348,XRPUSDT,bybit
2026-05-19 01:45:00+00:00,1.3891,1.3892,1.386,1.386,37753.48,52371.206206,XRPUSDT,bybit
2026-05-19 01:50:00+00:00,1.386,1.3868,1.3854,1.3855,57490.28,79692.920257,XRPUSDT,bybit
2026-05-19 01:55:00+00:00,1.3855,1.3857,1.3845,1.3845,106440.34,147457.877606,XRPUSDT,bybit
2026-05-19 02:00:00+00:00,1.3845,1.3845,1.3795,1.3806,112689.06,155737.851664,XRPUSDT,bybit
2026-05-19 02:05:00+00:00,1.3806,1.3826,1.3804,1.3808,86628.33,119676.798294,XRPUSDT,bybit
2026-05-19 02:10:00+00:00,1.3808,1.3826,1.3808,1.3824,51669.13,71386.770884,XRPUSDT,bybit
2026-05-19 02:15:00+00:00,1.3824,1.3838,1.3813,1.3837,55503.5,76745.152598,XRPUSDT,bybit
2026-05-19 02:20:00+00:00,1.3837,1.3882,1.3837,1.3882,205683.54,285169.184247,XRPUSDT,bybit
2026-05-19 02:25:00+00:00,1.3882,1.3885,1.3854,1.3854,59973.26,83234.081783,XRPUSDT,bybit
2026-05-19 02:30:00+00:00,1.3854,1.3855,1.3833,1.3834,56355.08,78022.360087,XRPUSDT,bybit
2026-05-19 02:35:00+00:00,1.3834,1.3839,1.3824,1.3829,39506.67,54650.302427,XRPUSDT,bybit
2026-05-19 02:40:00+00:00,1.3829,1.3834,1.3819,1.3822,32440.9,44848.749792,XRPUSDT,bybit
2026-05-19 02:45:00+00:00,1.3822,1.3832,1.381,1.3823,74942.32,103579.04591,XRPUSDT,bybit
2026-05-19 02:50:00+00:00,1.3823,1.3823,1.3777,1.379,193195.79,266438.209878,XRPUSDT,bybit
2026-05-19 02:55:00+00:00,1.379,1.3799,1.3789,1.3795,40929.08,56456.551282,XRPUSDT,bybit
2026-05-19 03:00:00+00:00,1.3795,1.3795,1.3782,1.3789,14908.73,20557.5402,XRPUSDT,bybit
2026-05-19 03:05:00+00:00,1.3789,1.3806,1.3788,1.3801,38636.68,53315.735,XRPUSDT,bybit
2026-05-19 03:10:00+00:00,1.3801,1.3814,1.3797,1.3814,12208.89,16852.754036,XRPUSDT,bybit
2026-05-19 03:15:00+00:00,1.3814,1.3833,1.3812,1.3815,43264.97,59798.250249,XRPUSDT,bybit
2026-05-19 03:20:00+00:00,1.3815,1.3819,1.3802,1.3808,9633.22,13306.099695,XRPUSDT,bybit
2026-05-19 03:25:00+00:00,1.3808,1.3817,1.3808,1.381,9874.38,13638.022098,XRPUSDT,bybit
2026-05-19 03:30:00+00:00,1.381,1.383,1.381,1.383,23258.09,32142.234001,XRPUSDT,bybit
2026-05-19 03:35:00+00:00,1.383,1.3834,1.3825,1.383,13367.95,18487.861941,XRPUSDT,bybit
2026-05-19 03:40:00+00:00,1.383,1.3845,1.383,1.3845,35563.27,49219.683755,XRPUSDT,bybit
2026-05-19 03:45:00+00:00,1.3845,1.3845,1.3835,1.3841,26111.29,36140.038633,XRPUSDT,bybit
2026-05-19 03:50:00+00:00,1.3841,1.3849,1.3832,1.3837,141468.14,195720.36728,XRPUSDT,bybit
2026-05-19 03:55:00+00:00,1.3837,1.3838,1.383,1.3837,23899.53,33061.174015,XRPUSDT,bybit
2026-05-19 04:00:00+00:00,1.3837,1.3851,1.3823,1.3851,98576.89,136399.88683,XRPUSDT,bybit
2026-05-19 04:05:00+00:00,1.3851,1.3856,1.3838,1.3856,68905.67,95428.679439,XRPUSDT,bybit
2026-05-19 04:10:00+00:00,1.3856,1.3869,1.3856,1.3859,31808.38,44092.062268,XRPUSDT,bybit
2026-05-19 04:15:00+00:00,1.3859,1.3861,1.3829,1.3829,75178.38,104126.74268,XRPUSDT,bybit
2026-05-19 04:20:00+00:00,1.3829,1.3839,1.3808,1.3814,147214.67,203462.601723,XRPUSDT,bybit
2026-05-19 04:25:00+00:00,1.3814,1.3816,1.3793,1.3796,116177.59,160337.906395,XRPUSDT,bybit
2026-05-19 04:30:00+00:00,1.3796,1.3818,1.3796,1.3816,59571.82,82246.253911,XRPUSDT,bybit
2026-05-19 04:35:00+00:00,1.3816,1.3842,1.3816,1.384,44522.59,61581.596447,XRPUSDT,bybit
2026-05-19 04:40:00+00:00,1.384,1.3861,1.384,1.3854,40721.75,56413.365253,XRPUSDT,bybit
2026-05-19 04:45:00+00:00,1.3854,1.3869,1.3854,1.3866,64949.47,90036.606078,XRPUSDT,bybit
2026-05-19 04:50:00+00:00,1.3866,1.3875,1.3857,1.3869,64839.18,89926.063765,XRPUSDT,bybit
2026-05-19 04:55:00+00:00,1.3869,1.3874,1.3864,1.387,29831.19,41372.031373,XRPUSDT,bybit
2026-05-19 05:00:00+00:00,1.387,1.3884,1.3852,1.386,85209.5,118175.210784,XRPUSDT,bybit
2026-05-19 05:05:00+00:00,1.386,1.3865,1.3851,1.3862,42516.81,58924.639274,XRPUSDT,bybit
2026-05-19 05:10:00+00:00,1.3862,1.3865,1.3832,1.3843,58655.55,81184.170502,XRPUSDT,bybit
2026-05-19 05:15:00+00:00,1.3843,1.3845,1.3815,1.3815,41931.13,57991.531852,XRPUSDT,bybit
2026-05-19 05:20:00+00:00,1.3815,1.3819,1.3787,1.3792,64080.87,88425.967753,XRPUSDT,bybit
2026-05-19 05:25:00+00:00,1.3792,1.3822,1.3788,1.3822,38317.63,52884.791087,XRPUSDT,bybit
2026-05-19 05:30:00+00:00,1.3822,1.3838,1.3809,1.3825,116374.08,160956.13431,XRPUSDT,bybit
2026-05-19 05:35:00+00:00,1.3825,1.3865,1.382,1.3855,84270.09,116596.099798,XRPUSDT,bybit
2026-05-19 05:40:00+00:00,1.3855,1.3876,1.3855,1.3859,32472.61,45021.248069,XRPUSDT,bybit
2026-05-19 05:45:00+00:00,1.3859,1.3875,1.3844,1.3871,26526.74,36753.532308,XRPUSDT,bybit
2026-05-19 05:50:00+00:00,1.3871,1.3885,1.3862,1.3863,428264.87,594221.843273,XRPUSDT,bybit
2026-05-19 05:55:00+00:00,1.3863,1.3871,1.3824,1.3833,531703.26,735604.931448,XRPUSDT,bybit
2026-05-19 06:00:00+00:00,1.3833,1.3846,1.3822,1.3844,120914.7,167231.711175,XRPUSDT,bybit
2026-05-19 06:05:00+00:00,1.3844,1.3846,1.3831,1.3845,41802.48,57854.528777,XRPUSDT,bybit
2026-05-19 06:10:00+00:00,1.3845,1.3857,1.3831,1.3853,88678.39,122745.970283,XRPUSDT,bybit
2026-05-19 06:15:00+00:00,1.3853,1.3856,1.3839,1.3845,25746.43,35650.682718,XRPUSDT,bybit
2026-05-19 06:20:00+00:00,1.3845,1.3859,1.3845,1.3853,15587.41,21592.451273,XRPUSDT,bybit
2026-05-19 06:25:00+00:00,1.3853,1.3878,1.385,1.385,150587.96,208822.596884,XRPUSDT,bybit
2026-05-19 06:30:00+00:00,1.385,1.3869,1.385,1.3862,21184.66,29363.024279,XRPUSDT,bybit
2026-05-19 06:35:00+00:00,1.3862,1.3882,1.3853,1.388,33294.25,46158.528218,XRPUSDT,bybit
2026-05-19 06:40:00+00:00,1.388,1.388,1.3859,1.3869,33945.43,47072.974153,XRPUSDT,bybit
2026-05-19 06:45:00+00:00,1.3869,1.3869,1.3844,1.3844,49542.64,68637.094003,XRPUSDT,bybit
2026-05-19 06:50:00+00:00,1.3844,1.3851,1.3833,1.385,97682.17,135232.186563,XRPUSDT,bybit
2026-05-19 06:55:00+00:00,1.385,1.386,1.385,1.3855,40176.02,55660.143995,XRPUSDT,bybit
2026-05-19 07:00:00+00:00,1.3855,1.3855,1.3834,1.3838,55556.86,76895.544618,XRPUSDT,bybit
2026-05-19 07:05:00+00:00,1.3838,1.3878,1.3837,1.3863,43768.01,60650.540708,XRPUSDT,bybit
2026-05-19 07:10:00+00:00,1.3863,1.3866,1.384,1.3851,233597.62,323458.322031,XRPUSDT,bybit
2026-05-19 07:15:00+00:00,1.3851,1.3897,1.3845,1.3888,621474.39,862026.306377,XRPUSDT,bybit
2026-05-19 07:20:00+00:00,1.3888,1.3888,1.3868,1.3877,84987.58,117975.345284,XRPUSDT,bybit
2026-05-19 07:25:00+00:00,1.3877,1.3877,1.3853,1.3864,186290.54,258246.59269,XRPUSDT,bybit
2026-05-19 07:30:00+00:00,1.3864,1.3877,1.3861,1.3873,18031.32,25012.913741,XRPUSDT,bybit
2026-05-19 07:35:00+00:00,1.3873,1.3888,1.3869,1.3883,29855.64,41426.207671,XRPUSDT,bybit
2026-05-19 07:40:00+00:00,1.3883,1.3894,1.3879,1.3888,34352.35,47706.984459,XRPUSDT,bybit
2026-05-19 07:45:00+00:00,1.3888,1.3893,1.388,1.3887,67936.53,94325.979375,XRPUSDT,bybit
2026-05-19 07:50:00+00:00,1.3887,1.3889,1.3876,1.3877,45035.07,62516.228001,XRPUSDT,bybit
2026-05-19 07:55:00+00:00,1.3877,1.3899,1.3877,1.3885,54157.02,75222.091131,XRPUSDT,bybit
2026-05-19 08:00:00+00:00,1.3885,1.3889,1.3875,1.3875,38633.31,53630.989716,XRPUSDT,bybit
2026-05-19 08:05:00+00:00,1.3875,1.3876,1.3858,1.3858,44416.52,61586.274404,XRPUSDT,bybit
2026-05-19 08:10:00+00:00,1.3858,1.3859,1.3831,1.3844,65100.26,90123.30977,XRPUSDT,bybit
2026-05-19 08:15:00+00:00,1.3844,1.3854,1.3838,1.3845,68104.94,94306.518661,XRPUSDT,bybit
2026-05-19 08:20:00+00:00,1.3845,1.3851,1.3825,1.3828,6188.59,8566.794513,XRPUSDT,bybit
2026-05-19 08:25:00+00:00,1.3828,1.3828,1.3801,1.3821,41213.99,56929.027759,XRPUSDT,bybit
2026-05-19 08:30:00+00:00,1.3821,1.3826,1.3812,1.3819,194720.2,269054.889772,XRPUSDT,bybit
2026-05-19 08:35:00+00:00,1.3819,1.3838,1.3819,1.3835,38188.02,52816.292044,XRPUSDT,bybit
2026-05-19 08:40:00+00:00,1.3835,1.3876,1.3835,1.3847,57620.87,79860.132279,XRPUSDT,bybit
2026-05-19 08:45:00+00:00,1.3847,1.3856,1.3845,1.3847,35283.75,48870.238569,XRPUSDT,bybit
2026-05-19 08:50:00+00:00,1.3847,1.3858,1.3846,1.3854,24105.27,33392.629177,XRPUSDT,bybit
2026-05-19 08:55:00+00:00,1.3854,1.3859,1.3818,1.3827,165397.24,228847.596582,XRPUSDT,bybit
2026-05-19 09:00:00+00:00,1.3827,1.3847,1.3813,1.3839,330308.15,456885.608225,XRPUSDT,bybit
2026-05-19 09:05:00+00:00,1.3839,1.3839,1.3821,1.3826,29226.56,40414.870037,XRPUSDT,bybit
2026-05-19 09:10:00+00:00,1.3826,1.3832,1.3815,1.382,27153.13,37543.618357,XRPUSDT,bybit
2026-05-19 09:15:00+00:00,1.382,1.382,1.378,1.3782,79245.39,109288.961257,XRPUSDT,bybit
2026-05-19 09:20:00+00:00,1.3782,1.379,1.3767,1.3772,37055.29,51052.530873,XRPUSDT,bybit
2026-05-19 09:25:00+00:00,1.3772,1.3773,1.3729,1.3738,123021.61,169066.58721,XRPUSDT,bybit
2026-05-19 09:30:00+00:00,1.3738,1.3753,1.3708,1.3736,133805.25,183649.579705,XRPUSDT,bybit
2026-05-19 09:35:00+00:00,1.3736,1.3751,1.3734,1.3751,117075.03,160915.333633,XRPUSDT,bybit
2026-05-19 09:40:00+00:00,1.3751,1.3761,1.3747,1.3761,41246.93,56727.2764,XRPUSDT,bybit
2026-05-19 09:45:00+00:00,1.3761,1.3764,1.3744,1.3757,42002.54,57762.070658,XRPUSDT,bybit
2026-05-19 09:50:00+00:00,1.3757,1.376,1.3744,1.3754,43856.89,60308.758748,XRPUSDT,bybit
2026-05-19 09:55:00+00:00,1.3754,1.3754,1.374,1.3747,51569.92,70885.48771,XRPUSDT,bybit
2026-05-19 10:00:00+00:00,1.3747,1.375,1.3735,1.374,48571.55,66737.911844,XRPUSDT,bybit
2026-05-19 10:05:00+00:00,1.374,1.3758,1.3728,1.3747,45458.13,62464.192755,XRPUSDT,bybit
2026-05-19 10:10:00+00:00,1.3747,1.3755,1.3738,1.3744,75661.81,103993.815032,XRPUSDT,bybit
2026-05-19 10:15:00+00:00,1.3744,1.3745,1.3731,1.3737,20693.78,28426.466514,XRPUSDT,bybit
2026-05-19 10:20:00+00:00,1.3737,1.3748,1.3729,1.3745,38809.49,53328.231164,XRPUSDT,bybit
2026-05-19 10:25:00+00:00,1.3745,1.3748,1.3743,1.3747,20290.0,27889.892138,XRPUSDT,bybit
2026-05-19 10:30:00+00:00,1.3747,1.3769,1.3739,1.3757,102439.2,140873.909733,XRPUSDT,bybit
2026-05-19 10:35:00+00:00,1.3757,1.3766,1.371,1.374,234262.22,321802.429387,XRPUSDT,bybit
2026-05-19 10:40:00+00:00,1.374,1.374,1.3693,1.3703,157854.17,216374.402998,XRPUSDT,bybit
2026-05-19 10:45:00+00:00,1.3703,1.3729,1.3684,1.3718,176410.87,241776.171956,XRPUSDT,bybit
2026-05-19 10:50:00+00:00,1.3718,1.3737,1.3718,1.3728,64803.99,88962.519458,XRPUSDT,bybit
2026-05-19 10:55:00+00:00,1.3728,1.3756,1.3728,1.3742,82615.23,113544.801262,XRPUSDT,bybit
2026-05-19 11:00:00+00:00,1.3742,1.3748,1.3738,1.3738,67566.27,92858.629466,XRPUSDT,bybit
2026-05-19 11:05:00+00:00,1.3738,1.377,1.3737,1.3766,65707.65,90379.314438,XRPUSDT,bybit
2026-05-19 11:10:00+00:00,1.3766,1.3766,1.3744,1.3749,105338.54,144831.66121,XRPUSDT,bybit
2026-05-19 11:15:00+00:00,1.3749,1.3754,1.3734,1.3734,33782.71,46441.09469,XRPUSDT,bybit
2026-05-19 11:20:00+00:00,1.3734,1.3734,1.3717,1.3719,174826.27,239920.267354,XRPUSDT,bybit
2026-05-19 11:25:00+00:00,1.3719,1.3722,1.3715,1.372,48860.15,67034.434456,XRPUSDT,bybit
2026-05-19 11:30:00+00:00,1.372,1.3736,1.372,1.3736,62264.44,85487.409152,XRPUSDT,bybit
2026-05-19 11:35:00+00:00,1.3736,1.3738,1.3717,1.3717,32175.67,44157.63502,XRPUSDT,bybit
2026-05-19 11:40:00+00:00,1.3717,1.3717,1.3695,1.37,65307.81,89500.891997,XRPUSDT,bybit
2026-05-19 11:45:00+00:00,1.37,1.3732,1.3698,1.3729,70148.34,96213.127047,XRPUSDT,bybit
2026-05-19 11:50:00+00:00,1.3729,1.3732,1.3722,1.3728,17884.35,24552.375864,XRPUSDT,bybit
2026-05-19 11:55:00+00:00,1.3728,1.3729,1.3721,1.3721,22385.33,30725.800301,XRPUSDT,bybit
2026-05-19 12:00:00+00:00,1.3721,1.3732,1.3705,1.3719,100036.86,137226.835578,XRPUSDT,bybit
2026-05-19 12:05:00+00:00,1.3719,1.3733,1.3716,1.3731,85485.69,117316.519604,XRPUSDT,bybit
2026-05-19 12:10:00+00:00,1.3731,1.3743,1.3728,1.3741,72010.6,98904.514814,XRPUSDT,bybit
2026-05-19 12:15:00+00:00,1.3741,1.3751,1.3734,1.3738,35453.65,48722.288295,XRPUSDT,bybit
2026-05-19 12:20:00+00:00,1.3738,1.3747,1.3736,1.3747,30694.7,42179.066726,XRPUSDT,bybit
2026-05-19 12:25:00+00:00,1.3747,1.3747,1.3737,1.3742,26742.07,36745.624077,XRPUSDT,bybit
2026-05-19 12:30:00+00:00,1.3742,1.3763,1.3742,1.3756,45946.03,63190.865192,XRPUSDT,bybit
2026-05-19 12:35:00+00:00,1.3756,1.3764,1.3749,1.3754,26304.26,36181.396556,XRPUSDT,bybit
2026-05-19 12:40:00+00:00,1.3754,1.3772,1.3751,1.3766,87962.64,121081.518561,XRPUSDT,bybit
2026-05-19 12:45:00+00:00,1.3766,1.3772,1.3756,1.3764,21910.04,30163.359165,XRPUSDT,bybit
2026-05-19 12:50:00+00:00,1.3764,1.3773,1.3758,1.3771,41164.94,56659.761239,XRPUSDT,bybit
2026-05-19 12:55:00+00:00,1.3771,1.3784,1.3767,1.3776,113251.02,156024.761685,XRPUSDT,bybit
2026-05-19 13:00:00+00:00,1.3776,1.379,1.3775,1.3779,51079.91,70402.684746,XRPUSDT,bybit
2026-05-19 13:05:00+00:00,1.3779,1.3779,1.374,1.3758,100265.69,137927.564212,XRPUSDT,bybit
2026-05-19 13:10:00+00:00,1.3758,1.3766,1.3745,1.3763,50714.51,69771.764391,XRPUSDT,bybit
2026-05-19 13:15:00+00:00,1.3763,1.3767,1.3742,1.3743,271308.8,373277.894691,XRPUSDT,bybit
2026-05-19 13:20:00+00:00,1.3743,1.3762,1.3724,1.3752,130933.57,179898.100168,XRPUSDT,bybit
2026-05-19 13:25:00+00:00,1.3752,1.3752,1.3711,1.3714,152531.95,209356.863239,XRPUSDT,bybit
2026-05-19 13:30:00+00:00,1.3714,1.379,1.3714,1.3784,146483.16,201415.307964,XRPUSDT,bybit
2026-05-19 13:35:00+00:00,1.3784,1.382,1.3774,1.3783,136886.67,188846.738404,XRPUSDT,bybit
2026-05-19 13:40:00+00:00,1.3783,1.3783,1.3739,1.3742,17803.37,24506.129594,XRPUSDT,bybit
2026-05-19 13:45:00+00:00,1.3742,1.3785,1.3734,1.3765,143282.72,197280.304431,XRPUSDT,bybit
2026-05-19 13:50:00+00:00,1.3765,1.3792,1.3759,1.3791,22532.98,31036.183465,XRPUSDT,bybit
2026-05-19 13:55:00+00:00,1.3791,1.3798,1.3763,1.3767,42993.19,59233.762134,XRPUSDT,bybit
2026-05-19 14:00:00+00:00,1.3767,1.3792,1.3732,1.3791,129598.01,178223.982648,XRPUSDT,bybit
2026-05-19 14:05:00+00:00,1.3791,1.3797,1.373,1.3739,135366.11,186189.620819,XRPUSDT,bybit
2026-05-19 14:10:00+00:00,1.3739,1.3757,1.3706,1.3709,69292.91,95129.143239,XRPUSDT,bybit
2026-05-19 14:15:00+00:00,1.3709,1.3717,1.3681,1.3697,89077.84,122070.581978,XRPUSDT,bybit
2026-05-19 14:20:00+00:00,1.3697,1.3698,1.3653,1.3679,186556.95,255022.003595,XRPUSDT,bybit
2026-05-19 14:25:00+00:00,1.3679,1.371,1.367,1.3694,91897.04,125804.444538,XRPUSDT,bybit
2026-05-19 14:30:00+00:00,1.3694,1.3698,1.3656,1.3661,72963.94,99807.084552,XRPUSDT,bybit
2026-05-19 14:35:00+00:00,1.3661,1.3699,1.3661,1.3696,56286.64,77006.642532,XRPUSDT,bybit
2026-05-19 14:40:00+00:00,1.3696,1.3707,1.3679,1.3685,68904.16,94368.924688,XRPUSDT,bybit
2026-05-19 14:45:00+00:00,1.3685,1.369,1.361,1.3638,236412.8,322441.633126,XRPUSDT,bybit
2026-05-19 14:50:00+00:00,1.3638,1.3648,1.3628,1.3643,47017.83,64123.548815,XRPUSDT,bybit
2026-05-19 14:55:00+00:00,1.3643,1.3673,1.3643,1.3666,46767.31,63884.212201,XRPUSDT,bybit
2026-05-19 15:00:00+00:00,1.3666,1.3698,1.3657,1.3698,59370.18,81188.489846,XRPUSDT,bybit
2026-05-19 15:05:00+00:00,1.3698,1.3699,1.3675,1.3689,91438.55,125165.682224,XRPUSDT,bybit
2026-05-19 15:10:00+00:00,1.3689,1.37,1.3687,1.37,40427.73,55364.24323,XRPUSDT,bybit
2026-05-19 15:15:00+00:00,1.37,1.3717,1.3687,1.3687,39427.12,54025.451759,XRPUSDT,bybit
2026-05-19 15:20:00+00:00,1.3687,1.3688,1.3661,1.3661,18889.43,25838.39313,XRPUSDT,bybit
2026-05-19 15:25:00+00:00,1.3661,1.3684,1.3657,1.3682,50531.44,69079.96074,XRPUSDT,bybit
2026-05-19 15:30:00+00:00,1.3682,1.373,1.3679,1.3707,87915.62,120499.751295,XRPUSDT,bybit
2026-05-19 15:35:00+00:00,1.3707,1.3716,1.3696,1.3713,13450.58,18437.39772,XRPUSDT,bybit
2026-05-19 15:40:00+00:00,1.3713,1.3713,1.3686,1.3687,26095.48,35735.688831,XRPUSDT,bybit
2026-05-19 15:45:00+00:00,1.3687,1.3687,1.3665,1.3678,17690.1,24189.165301,XRPUSDT,bybit
2026-05-19 15:50:00+00:00,1.3678,1.3686,1.3668,1.3672,34347.06,46966.476361,XRPUSDT,bybit
2026-05-19 15:55:00+00:00,1.3672,1.3674,1.3656,1.3673,37393.92,51099.634673,XRPUSDT,bybit
2026-05-19 16:00:00+00:00,1.3673,1.3684,1.3668,1.3669,32445.75,44372.044041,XRPUSDT,bybit
2026-05-19 16:05:00+00:00,1.3669,1.3669,1.3641,1.3643,106509.76,145461.947999,XRPUSDT,bybit
2026-05-19 16:10:00+00:00,1.3643,1.3654,1.3636,1.3644,40145.32,54770.754463,XRPUSDT,bybit
2026-05-19 16:15:00+00:00,1.3644,1.3663,1.364,1.3654,81559.73,111307.92789,XRPUSDT,bybit
2026-05-19 16:20:00+00:00,1.3654,1.3664,1.3643,1.3654,41142.81,56166.301132,XRPUSDT,bybit
2026-05-19 16:25:00+00:00,1.3654,1.3667,1.3653,1.3667,56150.68,76704.134168,XRPUSDT,bybit
2026-05-19 16:30:00+00:00,1.3667,1.3697,1.3665,1.3691,67528.19,92409.169463,XRPUSDT,bybit
2026-05-19 16:35:00+00:00,1.3691,1.3702,1.3682,1.3689,79259.39,108514.503277,XRPUSDT,bybit
2026-05-19 16:40:00+00:00,1.3689,1.3703,1.3687,1.3703,54709.33,74947.751829,XRPUSDT,bybit
2026-05-19 16:45:00+00:00,1.3703,1.3713,1.3696,1.3702,55716.23,76360.347362,XRPUSDT,bybit
2026-05-19 16:50:00+00:00,1.3702,1.3731,1.3699,1.3728,33105.63,45407.12179,XRPUSDT,bybit
2026-05-19 16:55:00+00:00,1.3728,1.3736,1.3722,1.3726,98942.67,135839.778924,XRPUSDT,bybit
2026-05-19 17:00:00+00:00,1.3726,1.3743,1.372,1.3743,60573.49,83161.991929,XRPUSDT,bybit
2026-05-19 17:05:00+00:00,1.3743,1.3744,1.3724,1.3725,93431.12,128347.844889,XRPUSDT,bybit
2026-05-19 17:10:00+00:00,1.3725,1.3729,1.3714,1.3721,71613.7,98258.418385,XRPUSDT,bybit
2026-05-19 17:15:00+00:00,1.3721,1.3737,1.3715,1.3723,91214.11,125180.184724,XRPUSDT,bybit
2026-05-19 17:20:00+00:00,1.3723,1.3732,1.3718,1.3718,41329.9,56735.827226,XRPUSDT,bybit
2026-05-19 17:25:00+00:00,1.3718,1.3718,1.3691,1.3693,40095.09,54946.65024,XRPUSDT,bybit
2026-05-19 17:30:00+00:00,1.3693,1.3693,1.3659,1.3659,47887.39,65491.118337,XRPUSDT,bybit
2026-05-19 17:35:00+00:00,1.3659,1.3682,1.3656,1.3682,47381.45,64779.329257,XRPUSDT,bybit
2026-05-19 17:40:00+00:00,1.3682,1.3688,1.3656,1.3658,49606.88,67825.4686,XRPUSDT,bybit
2026-05-19 17:45:00+00:00,1.3658,1.3658,1.3624,1.3638,54049.89,73730.340129,XRPUSDT,bybit
2026-05-19 17:50:00+00:00,1.3638,1.3646,1.3629,1.3634,71457.89,97450.644609,XRPUSDT,bybit
2026-05-19 17:55:00+00:00,1.3634,1.3647,1.3631,1.3641,70991.72,96802.33476,XRPUSDT,bybit
2026-05-19 18:00:00+00:00,1.3641,1.3643,1.363,1.3635,63494.9,86600.297044,XRPUSDT,bybit
2026-05-19 18:05:00+00:00,1.3635,1.3661,1.3635,1.365,61066.29,83375.602276,XRPUSDT,bybit
2026-05-19 18:10:00+00:00,1.365,1.3667,1.3644,1.3662,94369.62,128883.356615,XRPUSDT,bybit
2026-05-19 18:15:00+00:00,1.3662,1.368,1.3656,1.368,36831.87,50349.993012,XRPUSDT,bybit
2026-05-19 18:20:00+00:00,1.368,1.368,1.365,1.3652,91293.25,124737.24391,XRPUSDT,bybit
2026-05-19 18:25:00+00:00,1.3652,1.3659,1.3628,1.363,80526.16,109850.639359,XRPUSDT,bybit
2026-05-19 18:30:00+00:00,1.363,1.3646,1.3615,1.3637,109358.97,149088.045143,XRPUSDT,bybit
2026-05-19 18:35:00+00:00,1.3637,1.3652,1.3637,1.3649,38812.27,52961.438094,XRPUSDT,bybit
2026-05-19 18:40:00+00:00,1.3649,1.3649,1.3636,1.3636,49746.9,67882.227106,XRPUSDT,bybit
2026-05-19 18:45:00+00:00,1.3636,1.3653,1.3634,1.3649,35275.93,48126.864905,XRPUSDT,bybit
2026-05-19 18:50:00+00:00,1.3649,1.3651,1.3637,1.364,19366.49,26423.868012,XRPUSDT,bybit
2026-05-19 18:55:00+00:00,1.364,1.364,1.3618,1.3627,30292.22,41276.326145,XRPUSDT,bybit
2026-05-19 19:00:00+00:00,1.3627,1.3646,1.3627,1.3637,25630.1,34953.401462,XRPUSDT,bybit
2026-05-19 19:05:00+00:00,1.3637,1.3657,1.3636,1.365,80851.03,110343.12266,XRPUSDT,bybit
2026-05-19 19:10:00+00:00,1.365,1.3664,1.365,1.3664,60507.46,82634.04591,XRPUSDT,bybit
2026-05-19 19:15:00+00:00,1.3664,1.3668,1.3628,1.3628,25004.71,34114.939533,XRPUSDT,bybit
2026-05-19 19:20:00+00:00,1.3628,1.3629,1.3595,1.3603,166117.2,226045.057835,XRPUSDT,bybit
2026-05-19 19:25:00+00:00,1.3603,1.3606,1.3568,1.3583,146516.96,199107.442694,XRPUSDT,bybit
2026-05-19 19:30:00+00:00,1.3583,1.3606,1.3577,1.3595,117058.97,159126.357156,XRPUSDT,bybit
2026-05-19 19:35:00+00:00,1.3595,1.3613,1.3592,1.3607,162305.29,220779.412645,XRPUSDT,bybit
2026-05-19 19:40:00+00:00,1.3607,1.3607,1.3584,1.3584,19956.74,27134.618962,XRPUSDT,bybit
2026-05-19 19:45:00+00:00,1.3584,1.3589,1.3567,1.3574,43564.15,59163.036165,XRPUSDT,bybit
2026-05-19 19:50:00+00:00,1.3574,1.3587,1.3565,1.3573,83611.33,113500.735425,XRPUSDT,bybit
2026-05-19 19:55:00+00:00,1.3573,1.3581,1.3566,1.3573,37246.65,50554.536166,XRPUSDT,bybit
2026-05-19 20:00:00+00:00,1.3573,1.3582,1.3561,1.3561,55176.27,74851.323226,XRPUSDT,bybit
2026-05-19 20:05:00+00:00,1.3561,1.358,1.356,1.3578,45383.48,61591.210476,XRPUSDT,bybit
2026-05-19 20:10:00+00:00,1.3578,1.36,1.3578,1.358,55602.85,75553.107977,XRPUSDT,bybit
2026-05-19 20:15:00+00:00,1.358,1.3585,1.3571,1.3578,80108.3,108750.1039,XRPUSDT,bybit
2026-05-19 20:20:00+00:00,1.3578,1.3579,1.3561,1.3563,22247.54,30184.035508,XRPUSDT,bybit
2026-05-19 20:25:00+00:00,1.3563,1.3578,1.356,1.3573,65098.04,88357.999508,XRPUSDT,bybit
2026-05-19 20:30:00+00:00,1.3573,1.358,1.3567,1.3577,33320.23,45218.336562,XRPUSDT,bybit
2026-05-19 20:35:00+00:00,1.3577,1.3609,1.3574,1.3594,268591.59,365049.058469,XRPUSDT,bybit
2026-05-19 20:40:00+00:00,1.3594,1.3596,1.3582,1.3583,15406.82,20942.38931,XRPUSDT,bybit
2026-05-19 20:45:00+00:00,1.3583,1.3601,1.3583,1.3591,12360.03,16798.850818,XRPUSDT,bybit
2026-05-19 20:50:00+00:00,1.3591,1.3599,1.3588,1.3596,17628.62,23962.031865,XRPUSDT,bybit
2026-05-19 20:55:00+00:00,1.3596,1.3601,1.3587,1.3587,38737.33,52661.739448,XRPUSDT,bybit
2026-05-19 21:00:00+00:00,1.3587,1.3611,1.3578,1.3611,149224.96,202888.827062,XRPUSDT,bybit
2026-05-19 21:05:00+00:00,1.3611,1.3616,1.3607,1.361,33958.41,46221.291,XRPUSDT,bybit
2026-05-19 21:10:00+00:00,1.361,1.3633,1.3607,1.3627,98796.95,134521.94419,XRPUSDT,bybit
2026-05-19 21:15:00+00:00,1.3627,1.3627,1.3615,1.362,54808.85,74659.729677,XRPUSDT,bybit
2026-05-19 21:20:00+00:00,1.362,1.3624,1.3616,1.3622,16990.99,23142.214654,XRPUSDT,bybit
2026-05-19 21:25:00+00:00,1.3622,1.3627,1.361,1.3613,22847.99,31115.167203,XRPUSDT,bybit
2026-05-19 21:30:00+00:00,1.3613,1.3618,1.3612,1.3618,24256.67,33025.52851,XRPUSDT,bybit
2026-05-19 21:35:00+00:00,1.3618,1.3621,1.3614,1.3617,33790.62,46017.903563,XRPUSDT,bybit
2026-05-19 21:40:00+00:00,1.3617,1.3626,1.3615,1.362,39857.27,54278.206898,XRPUSDT,bybit
2026-05-19 21:45:00+00:00,1.362,1.3621,1.3598,1.3602,30778.89,41880.199059,XRPUSDT,bybit
2026-05-19 21:50:00+00:00,1.3602,1.3615,1.3597,1.3612,17917.68,24378.705768,XRPUSDT,bybit
2026-05-19 21:55:00+00:00,1.3612,1.3612,1.3596,1.36,124711.63,169700.842343,XRPUSDT,bybit
2026-05-19 22:00:00+00:00,1.36,1.3601,1.357,1.3584,135884.22,184577.169693,XRPUSDT,bybit
2026-05-19 22:05:00+00:00,1.3584,1.3598,1.358,1.3586,70562.32,95892.511349,XRPUSDT,bybit
2026-05-19 22:10:00+00:00,1.3586,1.359,1.358,1.3585,25907.06,35192.474059,XRPUSDT,bybit
2026-05-19 22:15:00+00:00,1.3585,1.3586,1.357,1.3581,63013.33,85568.02792,XRPUSDT,bybit
2026-05-19 22:20:00+00:00,1.3581,1.3582,1.3565,1.3566,34840.85,47299.799925,XRPUSDT,bybit
2026-05-19 22:25:00+00:00,1.3566,1.3567,1.355,1.3557,92440.39,125339.370694,XRPUSDT,bybit
2026-05-19 22:30:00+00:00,1.3557,1.3578,1.3534,1.3578,142382.67,192948.121023,XRPUSDT,bybit
2026-05-19 22:35:00+00:00,1.3578,1.358,1.3571,1.3575,32889.59,44652.827051,XRPUSDT,bybit
2026-05-19 22:40:00+00:00,1.3575,1.3586,1.3572,1.3583,28359.24,38513.465004,XRPUSDT,bybit
2026-05-19 22:45:00+00:00,1.3583,1.3588,1.3577,1.3587,19647.65,26684.69375,XRPUSDT,bybit
2026-05-19 22:50:00+00:00,1.3587,1.3587,1.3579,1.3585,22045.06,29948.797157,XRPUSDT,bybit
2026-05-19 22:55:00+00:00,1.3585,1.359,1.3577,1.3582,39898.65,54197.71235,XRPUSDT,bybit
2026-05-19 23:00:00+00:00,1.3582,1.3601,1.3572,1.3599,37286.06,50673.54906,XRPUSDT,bybit
2026-05-19 23:05:00+00:00,1.3599,1.3614,1.3595,1.3614,15432.28,20994.496024,XRPUSDT,bybit
2026-05-19 23:10:00+00:00,1.3614,1.3625,1.3613,1.3614,18590.14,25317.945997,XRPUSDT,bybit
2026-05-19 23:15:00+00:00,1.3614,1.3637,1.3614,1.3634,17590.9,23974.700691,XRPUSDT,bybit
2026-05-19 23:20:00+00:00,1.3634,1.3634,1.3628,1.3628,10832.81,14768.196399,XRPUSDT,bybit
2026-05-19 23:25:00+00:00,1.3628,1.3635,1.3627,1.3633,9561.57,13033.926357,XRPUSDT,bybit
2026-05-19 23:30:00+00:00,1.3633,1.3658,1.3633,1.3654,120070.45,163889.699076,XRPUSDT,bybit
2026-05-19 23:35:00+00:00,1.3654,1.3654,1.3638,1.3641,14355.49,19587.967976,XRPUSDT,bybit
2026-05-19 23:40:00+00:00,1.3641,1.3641,1.3632,1.3633,17423.77,23758.715648,XRPUSDT,bybit
2026-05-19 23:45:00+00:00,1.3633,1.3633,1.362,1.3629,28898.91,39380.051086,XRPUSDT,bybit
2026-05-19 23:50:00+00:00,1.3629,1.3633,1.3618,1.3618,13710.63,18680.414678,XRPUSDT,bybit
2026-05-19 23:55:00+00:00,1.3618,1.3618,1.3613,1.3618,9344.59,12722.699852,XRPUSDT,bybit
2026-05-20 00:00:00+00:00,1.3618,1.364,1.3609,1.3631,42253.28,57576.347919,XRPUSDT,bybit
2026-05-20 00:05:00+00:00,1.3631,1.3635,1.3609,1.3609,48633.38,66227.508454,XRPUSDT,bybit
2026-05-20 00:10:00+00:00,1.3609,1.3611,1.3566,1.3566,123799.03,168206.407073,XRPUSDT,bybit
2026-05-20 00:15:00+00:00,1.3566,1.3573,1.3548,1.3549,267947.92,363330.381405,XRPUSDT,bybit
2026-05-20 00:20:00+00:00,1.3549,1.3556,1.3521,1.3535,188155.51,254657.042254,XRPUSDT,bybit
2026-05-20 00:25:00+00:00,1.3535,1.3567,1.3535,1.3565,164837.66,223494.510349,XRPUSDT,bybit
2026-05-20 00:30:00+00:00,1.3565,1.3603,1.3548,1.3563,152717.04,207336.041673,XRPUSDT,bybit
2026-05-20 00:35:00+00:00,1.3563,1.3568,1.3525,1.3528,143753.3,194746.158108,XRPUSDT,bybit
2026-05-20 00:40:00+00:00,1.3528,1.3548,1.3525,1.3545,57445.56,77768.869683,XRPUSDT,bybit
2026-05-20 00:45:00+00:00,1.3545,1.3548,1.3532,1.3545,38149.46,51665.113232,XRPUSDT,bybit
2026-05-20 00:50:00+00:00,1.3545,1.3562,1.3538,1.3556,33385.36,45241.991212,XRPUSDT,bybit
2026-05-20 00:55:00+00:00,1.3556,1.3562,1.3553,1.3558,17665.83,23948.875889,XRPUSDT,bybit
2026-05-20 01:00:00+00:00,1.3558,1.3561,1.353,1.3551,35475.72,48045.092901,XRPUSDT,bybit
2026-05-20 01:05:00+00:00,1.3551,1.3568,1.3526,1.3564,22800.73,30881.28229,XRPUSDT,bybit
2026-05-20 01:10:00+00:00,1.3564,1.3585,1.3557,1.3564,69236.8,93938.65829,XRPUSDT,bybit
2026-05-20 01:15:00+00:00,1.3564,1.3566,1.355,1.3559,136093.6,184513.272312,XRPUSDT,bybit
2026-05-20 01:20:00+00:00,1.3559,1.3562,1.3527,1.3531,162669.75,220307.852882,XRPUSDT,bybit
2026-05-20 01:25:00+00:00,1.3531,1.3541,1.3491,1.3495,190630.19,257573.30108,XRPUSDT,bybit
2026-05-20 01:30:00+00:00,1.3495,1.3523,1.3478,1.3503,119158.48,160822.750919,XRPUSDT,bybit
2026-05-20 01:35:00+00:00,1.3503,1.3511,1.3485,1.3509,159580.23,215408.998622,XRPUSDT,bybit
2026-05-20 01:40:00+00:00,1.3509,1.3509,1.3478,1.3498,95125.6,128310.525404,XRPUSDT,bybit
2026-05-20 01:45:00+00:00,1.3498,1.3519,1.3486,1.3512,137585.65,185776.507351,XRPUSDT,bybit
2026-05-20 01:50:00+00:00,1.3512,1.357,1.3512,1.3541,217413.81,294443.078437,XRPUSDT,bybit
2026-05-20 01:55:00+00:00,1.3541,1.3556,1.3537,1.3552,25918.82,35119.257891,XRPUSDT,bybit
2026-05-20 02:00:00+00:00,1.3552,1.3562,1.3532,1.3535,45762.35,61979.488045,XRPUSDT,bybit
2026-05-20 02:05:00+00:00,1.3535,1.3546,1.3534,1.3534,28638.49,38779.852949,XRPUSDT,bybit
2026-05-20 02:10:00+00:00,1.3534,1.3539,1.3515,1.3531,32725.78,44278.490226,XRPUSDT,bybit
2026-05-20 02:15:00+00:00,1.3531,1.3536,1.3517,1.3534,12271.92,16600.93521,XRPUSDT,bybit
2026-05-20 02:20:00+00:00,1.3534,1.3564,1.3534,1.3555,55200.99,74792.880707,XRPUSDT,bybit
2026-05-20 02:25:00+00:00,1.3555,1.3564,1.3543,1.3547,26909.63,36474.783737,XRPUSDT,bybit
2026-05-20 02:30:00+00:00,1.3547,1.3552,1.3518,1.3551,68123.56,92227.269601,XRPUSDT,bybit
2026-05-20 02:35:00+00:00,1.3551,1.3551,1.3526,1.3528,41597.59,56304.305622,XRPUSDT,bybit
2026-05-20 02:40:00+00:00,1.3528,1.3538,1.351,1.351,73747.57,99723.270213,XRPUSDT,bybit
2026-05-20 02:45:00+00:00,1.351,1.3532,1.3507,1.3519,44729.15,60488.043174,XRPUSDT,bybit
2026-05-20 02:50:00+00:00,1.3519,1.3519,1.3508,1.3516,15592.58,21071.569214,XRPUSDT,bybit
2026-05-20 02:55:00+00:00,1.3516,1.3525,1.3508,1.3521,36445.43,49257.078694,XRPUSDT,bybit
2026-05-20 03:00:00+00:00,1.3521,1.3521,1.3499,1.3508,28397.24,38366.761395,XRPUSDT,bybit
2026-05-20 03:05:00+00:00,1.3508,1.3529,1.3504,1.3529,33018.43,44620.226256,XRPUSDT,bybit
2026-05-20 03:10:00+00:00,1.3529,1.3531,1.3522,1.353,70537.19,95422.501135,XRPUSDT,bybit
2026-05-20 03:15:00+00:00,1.353,1.3546,1.3523,1.3544,144228.92,195179.831376,XRPUSDT,bybit
2026-05-20 03:20:00+00:00,1.3544,1.3558,1.3543,1.3548,30268.3,41010.903564,XRPUSDT,bybit
2026-05-20 03:25:00+00:00,1.3548,1.3586,1.3548,1.3583,161860.47,219713.706637,XRPUSDT,bybit
2026-05-20 03:30:00+00:00,1.3583,1.3586,1.3566,1.3569,73429.05,99709.338844,XRPUSDT,bybit
2026-05-20 03:35:00+00:00,1.3569,1.3572,1.3561,1.3572,31625.55,42912.716503,XRPUSDT,bybit
2026-05-20 03:40:00+00:00,1.3572,1.3575,1.3561,1.357,38401.43,52104.829925,XRPUSDT,bybit
2026-05-20 03:45:00+00:00,1.357,1.3573,1.3552,1.356,43403.8,58881.27179,XRPUSDT,bybit
2026-05-20 03:50:00+00:00,1.356,1.3567,1.3557,1.3562,13409.1,18185.04574,XRPUSDT,bybit
2026-05-20 03:55:00+00:00,1.3562,1.3573,1.3561,1.3563,13033.63,17680.275946,XRPUSDT,bybit
2026-05-20 04:00:00+00:00,1.3563,1.3588,1.3562,1.3575,37066.18,50336.060506,XRPUSDT,bybit
2026-05-20 04:05:00+00:00,1.3575,1.3582,1.3569,1.3576,54761.61,74335.402505,XRPUSDT,bybit
2026-05-20 04:10:00+00:00,1.3576,1.3584,1.3563,1.3582,33435.39,45373.571806,XRPUSDT,bybit
2026-05-20 04:15:00+00:00,1.3582,1.3588,1.3568,1.3568,65680.8,89209.507901,XRPUSDT,bybit
2026-05-20 04:20:00+00:00,1.3568,1.3575,1.3561,1.3569,20927.88,28394.335808,XRPUSDT,bybit
2026-05-20 04:25:00+00:00,1.3569,1.358,1.3565,1.3574,17992.44,24423.057407,XRPUSDT,bybit
2026-05-20 04:30:00+00:00,1.3574,1.3574,1.3563,1.3564,31365.26,42548.787032,XRPUSDT,bybit
2026-05-20 04:35:00+00:00,1.3564,1.3565,1.3536,1.356,57736.77,78226.206532,XRPUSDT,bybit
2026-05-20 04:40:00+00:00,1.356,1.3569,1.3557,1.3566,18710.89,25378.486148,XRPUSDT,bybit
2026-05-20 04:45:00+00:00,1.3566,1.3581,1.3565,1.3575,26598.71,36111.162475,XRPUSDT,bybit
2026-05-20 04:50:00+00:00,1.3575,1.3592,1.3575,1.3592,22655.36,30776.049808,XRPUSDT,bybit
2026-05-20 04:55:00+00:00,1.3592,1.3601,1.3589,1.3598,25716.67,34964.993466,XRPUSDT,bybit
2026-05-20 05:00:00+00:00,1.3598,1.3623,1.3598,1.3623,78866.04,107371.35192,XRPUSDT,bybit
2026-05-20 05:05:00+00:00,1.3623,1.3651,1.3619,1.3649,144894.21,197594.813136,XRPUSDT,bybit
2026-05-20 05:10:00+00:00,1.3649,1.3692,1.3644,1.3687,241293.5,330025.446123,XRPUSDT,bybit
2026-05-20 05:15:00+00:00,1.3687,1.3689,1.3659,1.3665,58773.79,80336.534681,XRPUSDT,bybit
2026-05-20 05:20:00+00:00,1.3665,1.3676,1.3653,1.3658,34004.22,46457.431209,XRPUSDT,bybit
2026-05-20 05:25:00+00:00,1.3658,1.366,1.3648,1.3651,21003.74,28676.828899,XRPUSDT,bybit
2026-05-20 05:30:00+00:00,1.3651,1.3698,1.3651,1.3675,64984.1,88878.424145,XRPUSDT,bybit
2026-05-20 05:35:00+00:00,1.3675,1.3698,1.3674,1.3698,10989.26,15037.984871,XRPUSDT,bybit
2026-05-20 05:40:00+00:00,1.3698,1.3698,1.3676,1.3676,72462.91,99228.018443,XRPUSDT,bybit
2026-05-20 05:45:00+00:00,1.3676,1.3685,1.3675,1.3681,24033.14,32879.878803,XRPUSDT,bybit
2026-05-20 05:50:00+00:00,1.3681,1.3688,1.3673,1.3683,109173.18,149334.873219,XRPUSDT,bybit
2026-05-20 05:55:00+00:00,1.3683,1.369,1.3675,1.3684,26224.55,35877.225302,XRPUSDT,bybit
2026-05-20 06:00:00+00:00,1.3684,1.3692,1.368,1.368,31819.19,43553.276158,XRPUSDT,bybit
2026-05-20 06:05:00+00:00,1.368,1.3687,1.3677,1.3684,20192.88,27626.753538,XRPUSDT,bybit
2026-05-20 06:10:00+00:00,1.3684,1.3687,1.3678,1.3687,55265.18,75621.057499,XRPUSDT,bybit
2026-05-20 06:15:00+00:00,1.3687,1.3697,1.3682,1.3696,172967.57,236749.217402,XRPUSDT,bybit
2026-05-20 06:20:00+00:00,1.3696,1.3697,1.3671,1.3691,158771.66,217229.737557,XRPUSDT,bybit
2026-05-20 06:25:00+00:00,1.3691,1.3691,1.3674,1.3677,116887.25,159881.846538,XRPUSDT,bybit
2026-05-20 06:30:00+00:00,1.3677,1.3684,1.3669,1.3678,200022.31,273580.062988,XRPUSDT,bybit
2026-05-20 06:35:00+00:00,1.3678,1.3695,1.3667,1.3694,61439.21,84017.18339,XRPUSDT,bybit
2026-05-20 06:40:00+00:00,1.3694,1.3698,1.3684,1.3697,30976.21,42411.629315,XRPUSDT,bybit
2026-05-20 06:45:00+00:00,1.3697,1.37,1.3684,1.37,29400.94,40259.389105,XRPUSDT,bybit
2026-05-20 06:50:00+00:00,1.37,1.3709,1.3695,1.3704,60235.02,82550.688268,XRPUSDT,bybit
2026-05-20 06:55:00+00:00,1.3704,1.3711,1.3702,1.3707,24333.09,33352.511942,XRPUSDT,bybit
2026-05-20 07:00:00+00:00,1.3707,1.3711,1.3686,1.3693,39633.61,54285.199808,XRPUSDT,bybit
2026-05-20 07:05:00+00:00,1.3693,1.3712,1.3691,1.3712,30472.3,41748.865639,XRPUSDT,bybit
2026-05-20 07:10:00+00:00,1.3712,1.3712,1.3698,1.37,23807.92,32628.909077,XRPUSDT,bybit
2026-05-20 07:15:00+00:00,1.37,1.3704,1.3694,1.3704,2842.87,3893.94838,XRPUSDT,bybit
2026-05-20 07:20:00+00:00,1.3704,1.3738,1.3703,1.3733,45222.5,62073.706121,XRPUSDT,bybit
2026-05-20 07:25:00+00:00,1.3733,1.3733,1.3712,1.372,17923.33,24594.008052,XRPUSDT,bybit
2026-05-20 07:30:00+00:00,1.372,1.372,1.3702,1.3707,31855.19,43669.604717,XRPUSDT,bybit
2026-05-20 07:35:00+00:00,1.3707,1.3714,1.3702,1.3714,18101.97,24813.135146,XRPUSDT,bybit
2026-05-20 07:40:00+00:00,1.3714,1.3718,1.3703,1.3704,31873.45,43704.307546,XRPUSDT,bybit
2026-05-20 07:45:00+00:00,1.3704,1.3704,1.3682,1.3686,21949.92,30041.224946,XRPUSDT,bybit
2026-05-20 07:50:00+00:00,1.3686,1.3688,1.3676,1.3683,49578.79,67829.694399,XRPUSDT,bybit
2026-05-20 07:55:00+00:00,1.3683,1.3685,1.3676,1.3684,46025.57,62969.740981,XRPUSDT,bybit
2026-05-20 08:00:00+00:00,1.3684,1.369,1.3681,1.369,81386.48,111378.797213,XRPUSDT,bybit
2026-05-20 08:05:00+00:00,1.369,1.3695,1.3671,1.3671,89435.67,122394.456274,XRPUSDT,bybit
2026-05-20 08:10:00+00:00,1.3671,1.3682,1.367,1.3678,29723.7,40648.70997,XRPUSDT,bybit
2026-05-20 08:15:00+00:00,1.3678,1.3678,1.3671,1.3673,13150.21,17981.97072,XRPUSDT,bybit
2026-05-20 08:20:00+00:00,1.3673,1.3675,1.3658,1.3674,12957.11,17704.782532,XRPUSDT,bybit
2026-05-20 08:25:00+00:00,1.3674,1.3681,1.367,1.3681,7164.73,9797.19915,XRPUSDT,bybit
2026-05-20 08:30:00+00:00,1.3681,1.3696,1.3681,1.3695,19234.32,26326.405208,XRPUSDT,bybit
2026-05-20 08:35:00+00:00,1.3695,1.3727,1.3693,1.3726,127194.08,174395.323376,XRPUSDT,bybit
2026-05-20 08:40:00+00:00,1.3726,1.3726,1.37,1.371,102889.0,141106.561892,XRPUSDT,bybit
2026-05-20 08:45:00+00:00,1.371,1.3714,1.3697,1.3698,26718.35,36613.903247,XRPUSDT,bybit
2026-05-20 08:50:00+00:00,1.3698,1.3706,1.3692,1.3705,18120.88,24830.205029,XRPUSDT,bybit
2026-05-20 08:55:00+00:00,1.3705,1.3724,1.3702,1.3704,149205.51,204573.490865,XRPUSDT,bybit
2026-05-20 09:00:00+00:00,1.3704,1.3715,1.3697,1.3714,53095.94,72768.701816,XRPUSDT,bybit
2026-05-20 09:05:00+00:00,1.3714,1.3714,1.3697,1.3705,17640.0,24179.619173,XRPUSDT,bybit
2026-05-20 09:10:00+00:00,1.3705,1.3715,1.3702,1.3703,24648.65,33788.442647,XRPUSDT,bybit
2026-05-20 09:15:00+00:00,1.3703,1.3703,1.3688,1.3703,24372.66,33376.030749,XRPUSDT,bybit
2026-05-20 09:20:00+00:00,1.3703,1.3709,1.37,1.3702,52909.79,72514.924149,XRPUSDT,bybit
2026-05-20 09:25:00+00:00,1.3702,1.3716,1.3702,1.3714,100336.96,137593.798744,XRPUSDT,bybit
2026-05-20 09:30:00+00:00,1.3714,1.3726,1.3714,1.3725,79722.52,109404.70131,XRPUSDT,bybit
2026-05-20 09:35:00+00:00,1.3725,1.3729,1.3715,1.3724,25896.95,35536.401927,XRPUSDT,bybit
2026-05-20 09:40:00+00:00,1.3724,1.3729,1.3722,1.3726,14464.75,19853.890714,XRPUSDT,bybit
2026-05-20 09:45:00+00:00,1.3726,1.3726,1.3715,1.3717,60250.63,82659.467853,XRPUSDT,bybit
2026-05-20 09:50:00+00:00,1.3717,1.3723,1.3702,1.3705,25037.17,34335.609147,XRPUSDT,bybit
2026-05-20 09:55:00+00:00,1.3705,1.3708,1.3696,1.3699,31965.34,43793.55925,XRPUSDT,bybit
2026-05-20 10:00:00+00:00,1.3699,1.3716,1.3698,1.3706,111897.88,153370.101996,XRPUSDT,bybit
2026-05-20 10:05:00+00:00,1.3706,1.3718,1.3703,1.3708,51385.36,70455.565179,XRPUSDT,bybit
2026-05-20 10:10:00+00:00,1.3708,1.3713,1.3697,1.3711,38378.69,52590.735525,XRPUSDT,bybit
2026-05-20 10:15:00+00:00,1.3711,1.3711,1.3702,1.3706,38147.75,52293.915529,XRPUSDT,bybit
2026-05-20 10:20:00+00:00,1.3706,1.3721,1.3706,1.3718,85947.75,117898.128238,XRPUSDT,bybit
2026-05-20 10:25:00+00:00,1.3718,1.3733,1.3717,1.3732,208002.53,285416.966734,XRPUSDT,bybit
2026-05-20 10:30:00+00:00,1.3732,1.3755,1.3726,1.3749,146824.37,201747.76607,XRPUSDT,bybit
2026-05-20 10:35:00+00:00,1.3749,1.3758,1.3736,1.3736,60813.32,83595.407029,XRPUSDT,bybit
2026-05-20 10:40:00+00:00,1.3736,1.3736,1.3726,1.3731,37432.79,51393.19439,XRPUSDT,bybit
2026-05-20 10:45:00+00:00,1.3731,1.3739,1.3723,1.3726,15142.52,20792.116321,XRPUSDT,bybit
2026-05-20 10:50:00+00:00,1.3726,1.3726,1.3718,1.3721,85001.04,116621.57583,XRPUSDT,bybit
2026-05-20 10:55:00+00:00,1.3721,1.3722,1.3705,1.3706,24609.91,33737.360887,XRPUSDT,bybit
2026-05-20 11:00:00+00:00,1.3706,1.3709,1.3696,1.3703,76888.64,105338.039496,XRPUSDT,bybit
2026-05-20 11:05:00+00:00,1.3703,1.3713,1.3702,1.3702,74729.44,102438.421004,XRPUSDT,bybit
2026-05-20 11:10:00+00:00,1.3702,1.3715,1.3702,1.3703,14603.84,20022.736015,XRPUSDT,bybit
2026-05-20 11:15:00+00:00,1.3703,1.371,1.3702,1.3705,71160.29,97538.230974,XRPUSDT,bybit
2026-05-20 11:20:00+00:00,1.3705,1.3706,1.3697,1.37,147513.3,202099.162205,XRPUSDT,bybit
2026-05-20 11:25:00+00:00,1.37,1.37,1.3686,1.3686,175262.25,239987.73011,XRPUSDT,bybit
2026-05-20 11:30:00+00:00,1.3686,1.3695,1.3684,1.3694,97605.58,133624.234106,XRPUSDT,bybit
2026-05-20 11:35:00+00:00,1.3694,1.3696,1.3681,1.3689,56692.31,77588.62019,XRPUSDT,bybit
2026-05-20 11:40:00+00:00,1.3689,1.3692,1.3671,1.3679,137681.89,188331.976377,XRPUSDT,bybit
2026-05-20 11:45:00+00:00,1.3679,1.3681,1.3662,1.3662,34563.32,47258.451521,XRPUSDT,bybit
2026-05-20 11:50:00+00:00,1.3662,1.3662,1.3643,1.3656,91985.68,125595.932006,XRPUSDT,bybit
2026-05-20 11:55:00+00:00,1.3656,1.366,1.3648,1.3658,65694.11,89688.131275,XRPUSDT,bybit
2026-05-20 12:00:00+00:00,1.3658,1.3676,1.3643,1.3674,38906.46,53159.481931,XRPUSDT,bybit
2026-05-20 12:05:00+00:00,1.3674,1.3681,1.367,1.3674,23846.85,32609.51891,XRPUSDT,bybit
2026-05-20 12:10:00+00:00,1.3674,1.3674,1.3666,1.367,38992.23,53293.981288,XRPUSDT,bybit
2026-05-20 12:15:00+00:00,1.367,1.3677,1.3667,1.3671,59237.69,80982.213148,XRPUSDT,bybit
2026-05-20 12:20:00+00:00,1.3671,1.3673,1.3655,1.3673,91763.33,125345.060575,XRPUSDT,bybit
2026-05-20 12:25:00+00:00,1.3673,1.3694,1.3673,1.3693,37602.67,51464.866778,XRPUSDT,bybit
2026-05-20 12:30:00+00:00,1.3693,1.3712,1.3688,1.3711,55558.27,76078.277659,XRPUSDT,bybit
2026-05-20 12:35:00+00:00,1.3711,1.3711,1.3706,1.3709,51107.49,70058.882878,XRPUSDT,bybit
2026-05-20 12:40:00+00:00,1.3709,1.3713,1.37,1.3709,84614.77,115990.32187,XRPUSDT,bybit
2026-05-20 12:45:00+00:00,1.3709,1.3728,1.3709,1.3727,83167.26,114055.214738,XRPUSDT,bybit
2026-05-20 12:50:00+00:00,1.3727,1.3736,1.3719,1.3736,51384.01,70522.388002,XRPUSDT,bybit
2026-05-20 12:55:00+00:00,1.3736,1.3758,1.373,1.3733,56722.31,77958.54287,XRPUSDT,bybit
2026-05-20 13:00:00+00:00,1.3733,1.3743,1.373,1.3735,156886.0,215486.539632,XRPUSDT,bybit
2026-05-20 13:05:00+00:00,1.3735,1.3738,1.3717,1.372,90577.2,124302.817918,XRPUSDT,bybit
2026-05-20 13:10:00+00:00,1.372,1.372,1.3706,1.371,11285.73,15474.419948,XRPUSDT,bybit
2026-05-20 13:15:00+00:00,1.371,1.371,1.3688,1.3697,37983.04,52026.1896,XRPUSDT,bybit
2026-05-20 13:20:00+00:00,1.3697,1.3711,1.3694,1.3701,39007.02,53452.630973,XRPUSDT,bybit
2026-05-20 13:25:00+00:00,1.3701,1.3701,1.3673,1.3678,49923.55,68297.680567,XRPUSDT,bybit
2026-05-20 13:30:00+00:00,1.3678,1.3684,1.3668,1.3677,119915.34,164001.788689,XRPUSDT,bybit
2026-05-20 13:35:00+00:00,1.3677,1.3677,1.3593,1.3626,189706.71,258424.128941,XRPUSDT,bybit
2026-05-20 13:40:00+00:00,1.3626,1.3644,1.3614,1.3638,233215.11,317821.366248,XRPUSDT,bybit
2026-05-20 13:45:00+00:00,1.3638,1.3676,1.3636,1.3644,83847.81,114468.480799,XRPUSDT,bybit
2026-05-20 13:50:00+00:00,1.3644,1.365,1.3625,1.3632,90776.5,123803.357576,XRPUSDT,bybit
2026-05-20 13:55:00+00:00,1.3632,1.3641,1.3612,1.3638,69775.27,95089.055934,XRPUSDT,bybit
2026-05-20 14:00:00+00:00,1.3638,1.3654,1.3633,1.3647,122348.24,166909.005868,XRPUSDT,bybit
2026-05-20 14:05:00+00:00,1.3647,1.3649,1.3623,1.3631,125021.83,170507.707734,XRPUSDT,bybit
2026-05-20 14:10:00+00:00,1.3631,1.366,1.3583,1.3642,386862.97,526795.721112,XRPUSDT,bybit
2026-05-20 14:15:00+00:00,1.3642,1.3727,1.364,1.3705,439041.53,601102.453513,XRPUSDT,bybit
2026-05-20 14:20:00+00:00,1.3705,1.3719,1.3674,1.368,255776.89,350457.49417,XRPUSDT,bybit
2026-05-20 14:25:00+00:00,1.368,1.3703,1.3672,1.3693,59649.37,81652.046424,XRPUSDT,bybit
2026-05-20 14:30:00+00:00,1.3693,1.3726,1.3693,1.3699,400265.63,549096.862523,XRPUSDT,bybit
2026-05-20 14:35:00+00:00,1.3699,1.3708,1.3677,1.3688,49919.17,68329.740937,XRPUSDT,bybit
2026-05-20 14:40:00+00:00,1.3688,1.3707,1.3685,1.3706,113002.16,154783.751169,XRPUSDT,bybit
2026-05-20 14:45:00+00:00,1.3706,1.3727,1.3702,1.3713,343300.93,470846.693952,XRPUSDT,bybit
2026-05-20 14:50:00+00:00,1.3713,1.3755,1.371,1.3751,125386.17,172248.133963,XRPUSDT,bybit
2026-05-20 14:55:00+00:00,1.3751,1.3762,1.3735,1.3735,289782.07,398503.95001,XRPUSDT,bybit
2026-05-20 15:00:00+00:00,1.3735,1.374,1.3698,1.37,243039.68,333610.047179,XRPUSDT,bybit
2026-05-20 15:05:00+00:00,1.37,1.3714,1.37,1.3705,38064.86,52167.815904,XRPUSDT,bybit
2026-05-20 15:10:00+00:00,1.3705,1.3705,1.3684,1.3687,36374.17,49798.849521,XRPUSDT,bybit
2026-05-20 15:15:00+00:00,1.3687,1.3806,1.3687,1.3772,1034186.11,1424323.680523,XRPUSDT,bybit
2026-05-20 15:20:00+00:00,1.3772,1.3795,1.3764,1.377,29328.57,40425.41434,XRPUSDT,bybit
2026-05-20 15:25:00+00:00,1.377,1.377,1.3741,1.3745,141253.46,194201.371463,XRPUSDT,bybit
2026-05-20 15:30:00+00:00,1.3745,1.3761,1.3738,1.3748,26237.18,36075.624756,XRPUSDT,bybit
2026-05-20 15:35:00+00:00,1.3748,1.3754,1.373,1.373,58010.08,79719.00957,XRPUSDT,bybit
2026-05-20 15:40:00+00:00,1.373,1.374,1.3711,1.3731,207053.67,284320.264366,XRPUSDT,bybit
2026-05-20 15:45:00+00:00,1.3731,1.3771,1.3731,1.3766,183064.68,251913.211602,XRPUSDT,bybit
2026-05-20 15:50:00+00:00,1.3766,1.377,1.3746,1.375,49475.87,68085.256893,XRPUSDT,bybit
2026-05-20 15:55:00+00:00,1.375,1.3762,1.3728,1.3745,92391.12,126974.765725,XRPUSDT,bybit
2026-05-20 16:00:00+00:00,1.3745,1.3771,1.3745,1.3753,58652.34,80683.847319,XRPUSDT,bybit
2026-05-20 16:05:00+00:00,1.3753,1.3775,1.3753,1.377,22462.92,30915.406704,XRPUSDT,bybit
2026-05-20 16:10:00+00:00,1.377,1.3773,1.375,1.3751,56510.17,77737.847384,XRPUSDT,bybit
2026-05-20 16:15:00+00:00,1.3751,1.3751,1.3724,1.3742,147632.96,202849.980317,XRPUSDT,bybit
2026-05-20 16:20:00+00:00,1.3742,1.3742,1.3694,1.37,198245.74,271686.720498,XRPUSDT,bybit
2026-05-20 16:25:00+00:00,1.37,1.37,1.366,1.3676,342349.36,468365.130541,XRPUSDT,bybit
2026-05-20 16:30:00+00:00,1.3676,1.37,1.3667,1.3699,75433.94,103234.705485,XRPUSDT,bybit
2026-05-20 16:35:00+00:00,1.3699,1.3732,1.3691,1.3722,105047.53,143998.651227,XRPUSDT,bybit
2026-05-20 16:40:00+00:00,1.3722,1.3747,1.3719,1.3745,116942.07,160580.152481,XRPUSDT,bybit
2026-05-20 16:45:00+00:00,1.3745,1.3774,1.3744,1.3764,194764.81,268017.0085,XRPUSDT,bybit
2026-05-20 16:50:00+00:00,1.3764,1.3773,1.374,1.3744,85682.12,117841.139308,XRPUSDT,bybit
2026-05-20 16:55:00+00:00,1.3744,1.3754,1.3731,1.3749,289054.64,397178.786683,XRPUSDT,bybit
2026-05-20 17:00:00+00:00,1.3749,1.3749,1.3713,1.3713,179305.89,246326.861691,XRPUSDT,bybit
2026-05-20 17:05:00+00:00,1.3713,1.3732,1.371,1.3726,70475.36,96682.972457,XRPUSDT,bybit
2026-05-20 17:10:00+00:00,1.3726,1.3757,1.3716,1.3753,437456.61,601167.185044,XRPUSDT,bybit
2026-05-20 17:15:00+00:00,1.3753,1.3771,1.3742,1.377,89288.97,122820.357257,XRPUSDT,bybit
2026-05-20 17:20:00+00:00,1.377,1.3774,1.3761,1.3763,30765.6,42357.301795,XRPUSDT,bybit
2026-05-20 17:25:00+00:00,1.3763,1.3786,1.3759,1.3774,75461.84,103928.031298,XRPUSDT,bybit
2026-05-20 17:30:00+00:00,1.3774,1.3783,1.3758,1.3771,99048.98,136355.167473,XRPUSDT,bybit
2026-05-20 17:35:00+00:00,1.3771,1.3802,1.3768,1.3775,127592.41,175953.287137,XRPUSDT,bybit
2026-05-20 17:40:00+00:00,1.3775,1.378,1.3761,1.378,32669.79,45000.428178,XRPUSDT,bybit
2026-05-20 17:45:00+00:00,1.378,1.3791,1.376,1.3766,40428.54,55688.588251,XRPUSDT,bybit
2026-05-20 17:50:00+00:00,1.3766,1.3768,1.3746,1.3746,33448.0,46019.658237,XRPUSDT,bybit
2026-05-20 17:55:00+00:00,1.3746,1.3754,1.3746,1.3754,12411.7,17065.308879,XRPUSDT,bybit
2026-05-20 18:00:00+00:00,1.3754,1.376,1.373,1.3752,55407.69,76153.837924,XRPUSDT,bybit
2026-05-20 18:05:00+00:00,1.3752,1.3753,1.374,1.3742,24422.56,33571.889038,XRPUSDT,bybit
2026-05-20 18:10:00+00:00,1.3742,1.3758,1.3733,1.3744,196631.66,270290.203561,XRPUSDT,bybit
2026-05-20 18:15:00+00:00,1.3744,1.3751,1.3736,1.3746,127993.34,175891.14498,XRPUSDT,bybit
2026-05-20 18:20:00+00:00,1.3746,1.3752,1.3721,1.3725,64366.92,88390.315018,XRPUSDT,bybit
2026-05-20 18:25:00+00:00,1.3725,1.3725,1.3711,1.3722,35571.0,48798.852555,XRPUSDT,bybit
2026-05-20 18:30:00+00:00,1.3722,1.3725,1.371,1.372,38292.28,52526.861434,XRPUSDT,bybit
2026-05-20 18:35:00+00:00,1.372,1.3724,1.3714,1.3724,37211.19,51053.570081,XRPUSDT,bybit
2026-05-20 18:40:00+00:00,1.3724,1.3724,1.3699,1.3699,73677.04,101002.849409,XRPUSDT,bybit
2026-05-20 18:45:00+00:00,1.3699,1.37,1.368,1.3694,13885.8,19012.144513,XRPUSDT,bybit
2026-05-20 18:50:00+00:00,1.3694,1.3695,1.3646,1.3664,392308.72,536204.761655,XRPUSDT,bybit
2026-05-20 18:55:00+00:00,1.3664,1.3678,1.3664,1.3674,78892.65,107879.091103,XRPUSDT,bybit
2026-05-20 19:00:00+00:00,1.3674,1.3684,1.366,1.3662,74152.3,101395.32257,XRPUSDT,bybit
2026-05-20 19:05:00+00:00,1.3662,1.3681,1.3655,1.3681,17538.9,23960.256687,XRPUSDT,bybit
2026-05-20 19:10:00+00:00,1.3681,1.3685,1.3678,1.3681,23245.16,31802.553946,XRPUSDT,bybit
2026-05-20 19:15:00+00:00,1.3681,1.3701,1.3668,1.3699,16331.76,22342.525844,XRPUSDT,bybit
2026-05-20 19:20:00+00:00,1.3699,1.3708,1.3699,1.3708,13045.0,17876.56157,XRPUSDT,bybit
2026-05-20 19:25:00+00:00,1.3708,1.3714,1.3702,1.3714,15736.51,21570.927037,XRPUSDT,bybit
2026-05-20 19:30:00+00:00,1.3714,1.3725,1.3705,1.3707,45735.07,62715.542769,XRPUSDT,bybit
2026-05-20 19:35:00+00:00,1.3707,1.3728,1.3691,1.3708,121738.61,166943.193057,XRPUSDT,bybit
2026-05-20 19:40:00+00:00,1.3708,1.3719,1.3708,1.3716,40051.09,54927.794551,XRPUSDT,bybit
2026-05-20 19:45:00+00:00,1.3716,1.3721,1.3711,1.3714,35583.75,48801.118063,XRPUSDT,bybit
2026-05-20 19:50:00+00:00,1.3714,1.3719,1.3699,1.3719,22847.87,31330.936163,XRPUSDT,bybit
2026-05-20 19:55:00+00:00,1.3719,1.3728,1.3713,1.3727,154119.58,211468.495207,XRPUSDT,bybit
2026-05-20 20:00:00+00:00,1.3727,1.3727,1.3683,1.3692,74099.57,101519.825426,XRPUSDT,bybit
2026-05-20 20:05:00+00:00,1.3692,1.3712,1.3692,1.371,58857.21,80627.216806,XRPUSDT,bybit
2026-05-20 20:10:00+00:00,1.371,1.3728,1.371,1.3724,26419.8,36247.001451,XRPUSDT,bybit
2026-05-20 20:15:00+00:00,1.3724,1.3725,1.3683,1.3686,92692.49,126960.152383,XRPUSDT,bybit
2026-05-20 20:20:00+00:00,1.3686,1.3689,1.3642,1.3689,157806.73,215711.651321,XRPUSDT,bybit
2026-05-20 20:25:00+00:00,1.3689,1.3703,1.3677,1.3703,14743.88,20185.144171,XRPUSDT,bybit
2026-05-20 20:30:00+00:00,1.3703,1.3708,1.3677,1.368,87188.6,119426.278264,XRPUSDT,bybit
2026-05-20 20:35:00+00:00,1.368,1.3693,1.3679,1.3686,41384.35,56638.552857,XRPUSDT,bybit
2026-05-20 20:40:00+00:00,1.3686,1.3704,1.3686,1.3695,7097.26,9720.370098,XRPUSDT,bybit
2026-05-20 20:45:00+00:00,1.3695,1.3709,1.3689,1.3701,23339.01,31973.421877,XRPUSDT,bybit
2026-05-20 20:50:00+00:00,1.3701,1.3708,1.3697,1.3697,9389.6,12864.531032,XRPUSDT,bybit
2026-05-20 20:55:00+00:00,1.3697,1.3709,1.3697,1.3702,12480.32,17104.187725,XRPUSDT,bybit
2026-05-20 21:00:00+00:00,1.3702,1.3712,1.3685,1.3708,18797.43,25751.370718,XRPUSDT,bybit
2026-05-20 21:05:00+00:00,1.3708,1.3708,1.3702,1.3707,21174.1,29016.653256,XRPUSDT,bybit
2026-05-20 21:10:00+00:00,1.3707,1.3719,1.3707,1.3714,41670.45,57147.968867,XRPUSDT,bybit
2026-05-20 21:15:00+00:00,1.3714,1.3714,1.3692,1.3692,21654.13,29680.107628,XRPUSDT,bybit
2026-05-20 21:20:00+00:00,1.3692,1.3692,1.3683,1.369,8684.37,11885.997896,XRPUSDT,bybit
2026-05-20 21:25:00+00:00,1.369,1.369,1.3686,1.3687,10378.03,14205.681477,XRPUSDT,bybit
2026-05-20 21:30:00+00:00,1.3687,1.3691,1.3676,1.3691,24578.94,33621.136773,XRPUSDT,bybit
2026-05-20 21:35:00+00:00,1.3691,1.3698,1.3691,1.3695,16425.07,22494.16707,XRPUSDT,bybit
2026-05-20 21:40:00+00:00,1.3695,1.3696,1.3686,1.3689,35768.8,48965.941775,XRPUSDT,bybit
2026-05-20 21:45:00+00:00,1.3689,1.3695,1.3686,1.3689,19412.44,26574.35002,XRPUSDT,bybit
2026-05-20 21:50:00+00:00,1.3689,1.3695,1.3686,1.3689,9506.47,13013.840536,XRPUSDT,bybit
2026-05-20 21:55:00+00:00,1.3689,1.3689,1.3669,1.3669,19911.14,27233.70389,XRPUSDT,bybit
2026-05-20 22:00:00+00:00,1.3669,1.367,1.3646,1.3659,52269.11,71388.44346,XRPUSDT,bybit
2026-05-20 22:05:00+00:00,1.3659,1.3663,1.3624,1.3626,30503.85,41615.326235,XRPUSDT,bybit
2026-05-20 22:10:00+00:00,1.3626,1.364,1.3615,1.3635,46445.93,63284.672913,XRPUSDT,bybit
2026-05-20 22:15:00+00:00,1.3635,1.364,1.3605,1.3607,47926.87,65268.245095,XRPUSDT,bybit
2026-05-20 22:20:00+00:00,1.3607,1.3643,1.3603,1.3641,125865.91,171337.293276,XRPUSDT,bybit
2026-05-20 22:25:00+00:00,1.3641,1.3668,1.3639,1.3664,66889.46,91351.541225,XRPUSDT,bybit
2026-05-20 22:30:00+00:00,1.3664,1.3679,1.3664,1.3668,60942.19,83302.825102,XRPUSDT,bybit
2026-05-20 22:35:00+00:00,1.3668,1.367,1.3647,1.3648,12934.26,17665.121074,XRPUSDT,bybit
2026-05-20 22:40:00+00:00,1.3648,1.3665,1.3646,1.3663,12883.04,17592.09462,XRPUSDT,bybit
2026-05-20 22:45:00+00:00,1.3663,1.3669,1.3657,1.3669,218219.79,298201.291134,XRPUSDT,bybit
2026-05-20 22:50:00+00:00,1.3669,1.3671,1.3652,1.3658,88205.76,120461.111013,XRPUSDT,bybit
2026-05-20 22:55:00+00:00,1.3658,1.3667,1.3657,1.3658,118528.02,161930.268262,XRPUSDT,bybit
2026-05-20 23:00:00+00:00,1.3658,1.3658,1.364,1.3641,285706.9,389898.923026,XRPUSDT,bybit
2026-05-20 23:05:00+00:00,1.3641,1.3653,1.3639,1.364,309027.09,421641.75101,XRPUSDT,bybit
2026-05-20 23:10:00+00:00,1.364,1.3644,1.3634,1.3641,97416.75,132881.308415,XRPUSDT,bybit
2026-05-20 23:15:00+00:00,1.3641,1.365,1.3627,1.3647,36710.06,50080.725576,XRPUSDT,bybit
2026-05-20 23:20:00+00:00,1.3647,1.3648,1.3631,1.3633,25527.02,34805.559217,XRPUSDT,bybit
2026-05-20 23:25:00+00:00,1.3633,1.3647,1.3633,1.3642,13466.85,18371.520367,XRPUSDT,bybit
2026-05-20 23:30:00+00:00,1.3642,1.3652,1.3637,1.3652,21689.67,29600.263755,XRPUSDT,bybit
2026-05-20 23:35:00+00:00,1.3652,1.3657,1.3644,1.365,4167.31,5689.171488,XRPUSDT,bybit
2026-05-20 23:40:00+00:00,1.365,1.3658,1.3647,1.3655,10937.06,14933.575297,XRPUSDT,bybit
2026-05-20 23:45:00+00:00,1.3655,1.3672,1.3649,1.3664,51577.52,70473.201466,XRPUSDT,bybit
2026-05-20 23:50:00+00:00,1.3664,1.3666,1.3656,1.3666,7098.15,9697.660727,XRPUSDT,bybit
2026-05-20 23:55:00+00:00,1.3666,1.3675,1.3665,1.3671,11184.98,15291.741076,XRPUSDT,bybit
2026-05-21 00:00:00+00:00,1.3671,1.3684,1.3664,1.3684,35986.52,49202.343228,XRPUSDT,bybit
2026-05-21 00:05:00+00:00,1.3684,1.3695,1.3677,1.3695,26738.82,36586.293486,XRPUSDT,bybit
2026-05-21 00:10:00+00:00,1.3695,1.3699,1.369,1.3695,28333.43,38800.650655,XRPUSDT,bybit
2026-05-21 00:15:00+00:00,1.3695,1.371,1.3687,1.3699,47982.7,65741.912907,XRPUSDT,bybit
2026-05-21 00:20:00+00:00,1.3699,1.3705,1.3693,1.3705,33618.01,46050.484822,XRPUSDT,bybit
2026-05-21 00:25:00+00:00,1.3705,1.3712,1.3702,1.3712,41057.1,56277.749528,XRPUSDT,bybit
2026-05-21 00:30:00+00:00,1.3712,1.3719,1.3706,1.3718,34599.84,47444.198849,XRPUSDT,bybit
2026-05-21 00:35:00+00:00,1.3718,1.3723,1.3714,1.3723,16956.88,23260.527575,XRPUSDT,bybit
2026-05-21 00:40:00+00:00,1.3723,1.3732,1.3723,1.3729,18314.44,25144.145588,XRPUSDT,bybit
2026-05-21 00:45:00+00:00,1.3729,1.3765,1.3729,1.3763,36685.89,50444.048807,XRPUSDT,bybit
2026-05-21 00:50:00+00:00,1.3763,1.3779,1.3752,1.3773,91772.63,126326.227233,XRPUSDT,bybit
2026-05-21 00:55:00+00:00,1.3773,1.3773,1.376,1.3761,24546.44,33791.530132,XRPUSDT,bybit
2026-05-21 01:00:00+00:00,1.3761,1.3775,1.376,1.3775,26340.4,36267.410934,XRPUSDT,bybit
2026-05-21 01:05:00+00:00,1.3775,1.3779,1.3761,1.3774,10940.57,15067.886587,XRPUSDT,bybit
2026-05-21 01:10:00+00:00,1.3774,1.3792,1.3774,1.3792,13906.15,19167.413952,XRPUSDT,bybit
2026-05-21 01:15:00+00:00,1.3792,1.3814,1.3762,1.3764,228596.88,315450.778018,XRPUSDT,bybit
2026-05-21 01:20:00+00:00,1.3764,1.3776,1.3757,1.3768,11758.01,16188.058753,XRPUSDT,bybit
2026-05-21 01:25:00+00:00,1.3768,1.3775,1.376,1.3773,29147.05,40132.33672,XRPUSDT,bybit
2026-05-21 01:30:00+00:00,1.3773,1.3775,1.3758,1.3775,46474.21,63987.504577,XRPUSDT,bybit
2026-05-21 01:35:00+00:00,1.3775,1.3783,1.3767,1.3774,19148.84,26379.231905,XRPUSDT,bybit
2026-05-21 01:40:00+00:00,1.3774,1.38,1.3773,1.3783,41631.42,57385.043864,XRPUSDT,bybit
2026-05-21 01:45:00+00:00,1.3783,1.3802,1.3783,1.379,30082.22,41496.366181,XRPUSDT,bybit
2026-05-21 01:50:00+00:00,1.379,1.3793,1.3765,1.3773,46926.3,64627.375591,XRPUSDT,bybit
2026-05-21 01:55:00+00:00,1.3773,1.3787,1.3773,1.3782,120564.68,166152.012952,XRPUSDT,bybit
2026-05-21 02:00:00+00:00,1.3782,1.3799,1.378,1.3796,38851.88,53574.518347,XRPUSDT,bybit
2026-05-21 02:05:00+00:00,1.3796,1.3796,1.3777,1.3785,11881.46,16381.163134,XRPUSDT,bybit
2026-05-21 02:10:00+00:00,1.3785,1.3795,1.3785,1.3791,24075.52,33205.567166,XRPUSDT,bybit
2026-05-21 02:15:00+00:00,1.3791,1.3843,1.3788,1.3836,148123.18,204620.540176,XRPUSDT,bybit
2026-05-21 02:20:00+00:00,1.3836,1.385,1.3828,1.3828,230414.6,318948.458022,XRPUSDT,bybit
2026-05-21 02:25:00+00:00,1.3828,1.386,1.3828,1.3845,181280.61,250943.642585,XRPUSDT,bybit
2026-05-21 02:30:00+00:00,1.3845,1.3849,1.3834,1.3834,37147.78,51410.992084,XRPUSDT,bybit
2026-05-21 02:35:00+00:00,1.3834,1.3852,1.383,1.384,18054.78,24986.07856,XRPUSDT,bybit
2026-05-21 02:40:00+00:00,1.384,1.384,1.3831,1.3835,19689.51,27241.87218,XRPUSDT,bybit
2026-05-21 02:45:00+00:00,1.3835,1.3835,1.3824,1.3824,17976.87,24861.972229,XRPUSDT,bybit
2026-05-21 02:50:00+00:00,1.3824,1.384,1.3819,1.3819,12062.51,16683.037976,XRPUSDT,bybit
2026-05-21 02:55:00+00:00,1.3819,1.3829,1.3814,1.3814,40241.81,55613.235282,XRPUSDT,bybit
2026-05-21 03:00:00+00:00,1.3814,1.3818,1.3805,1.3805,13712.4,18937.851395,XRPUSDT,bybit
2026-05-21 03:05:00+00:00,1.3805,1.3819,1.3803,1.3817,25410.84,35101.189179,XRPUSDT,bybit
2026-05-21 03:10:00+00:00,1.3817,1.3824,1.381,1.3811,53937.31,74505.330975,XRPUSDT,bybit
2026-05-21 03:15:00+00:00,1.3811,1.3812,1.3805,1.3809,41367.17,57118.94334,XRPUSDT,bybit
2026-05-21 03:20:00+00:00,1.3809,1.3832,1.3809,1.3821,32730.05,45259.492714,XRPUSDT,bybit
2026-05-21 03:25:00+00:00,1.3821,1.3834,1.3821,1.3833,22267.55,30793.423912,XRPUSDT,bybit
2026-05-21 03:30:00+00:00,1.3833,1.3833,1.3823,1.3823,102856.95,142222.720415,XRPUSDT,bybit
2026-05-21 03:35:00+00:00,1.3823,1.3826,1.3818,1.3822,26491.75,36617.823659,XRPUSDT,bybit
2026-05-21 03:40:00+00:00,1.3822,1.3829,1.382,1.3828,39885.37,55138.683996,XRPUSDT,bybit
2026-05-21 03:45:00+00:00,1.3828,1.3833,1.3823,1.3826,83620.12,115643.516883,XRPUSDT,bybit
2026-05-21 03:50:00+00:00,1.3826,1.3837,1.3826,1.3832,83261.02,115163.19088,XRPUSDT,bybit
2026-05-21 03:55:00+00:00,1.3832,1.385,1.3832,1.3843,62465.39,86445.774517,XRPUSDT,bybit
2026-05-21 04:00:00+00:00,1.3843,1.3855,1.3843,1.3849,101783.83,140958.176817,XRPUSDT,bybit
2026-05-21 04:05:00+00:00,1.3849,1.3854,1.3829,1.3829,215181.76,297918.114837,XRPUSDT,bybit
2026-05-21 04:10:00+00:00,1.3829,1.3833,1.3817,1.3821,191976.56,265413.830916,XRPUSDT,bybit
2026-05-21 04:15:00+00:00,1.3821,1.3858,1.3821,1.3834,451272.09,624689.157154,XRPUSDT,bybit
2026-05-21 04:20:00+00:00,1.3834,1.3856,1.3828,1.3842,240757.16,333287.831944,XRPUSDT,bybit
2026-05-21 04:25:00+00:00,1.3842,1.3847,1.3838,1.384,12124.32,16784.963101,XRPUSDT,bybit
2026-05-21 04:30:00+00:00,1.384,1.3843,1.3825,1.3826,32565.37,45055.322799,XRPUSDT,bybit
2026-05-21 04:35:00+00:00,1.3826,1.3826,1.3815,1.3825,22711.43,31387.121818,XRPUSDT,bybit
2026-05-21 04:40:00+00:00,1.3825,1.3831,1.382,1.3824,44478.21,61489.867779,XRPUSDT,bybit
2026-05-21 04:45:00+00:00,1.3824,1.3827,1.3819,1.3822,29169.81,40317.589999,XRPUSDT,bybit
2026-05-21 04:50:00+00:00,1.3822,1.3823,1.3818,1.3821,29815.34,41206.136591,XRPUSDT,bybit
2026-05-21 04:55:00+00:00,1.3821,1.3831,1.3819,1.3823,19234.18,26591.799181,XRPUSDT,bybit
2026-05-21 05:00:00+00:00,1.3823,1.3839,1.3818,1.3834,27589.1,38155.208333,XRPUSDT,bybit
2026-05-21 05:05:00+00:00,1.3834,1.3836,1.3819,1.3821,55981.39,77433.032165,XRPUSDT,bybit
2026-05-21 05:10:00+00:00,1.3821,1.3822,1.3799,1.3803,107727.46,148833.876244,XRPUSDT,bybit
2026-05-21 05:15:00+00:00,1.3803,1.3811,1.3798,1.3809,28952.91,39969.299547,XRPUSDT,bybit
2026-05-21 05:20:00+00:00,1.3809,1.3814,1.3794,1.3797,29855.18,41206.117155,XRPUSDT,bybit
2026-05-21 05:25:00+00:00,1.3797,1.3798,1.3784,1.3788,43463.59,59936.2632,XRPUSDT,bybit
2026-05-21 05:30:00+00:00,1.3788,1.3788,1.3772,1.3776,47954.84,66072.347387,XRPUSDT,bybit
2026-05-21 05:35:00+00:00,1.3776,1.3776,1.3767,1.3768,35388.46,48725.59526,XRPUSDT,bybit
2026-05-21 05:40:00+00:00,1.3768,1.3773,1.3761,1.3764,41737.79,57459.391701,XRPUSDT,bybit
2026-05-21 05:45:00+00:00,1.3764,1.3765,1.3724,1.3736,119395.58,164036.978073,XRPUSDT,bybit
2026-05-21 05:50:00+00:00,1.3736,1.3746,1.3734,1.3746,26753.27,36762.970778,XRPUSDT,bybit
2026-05-21 05:55:00+00:00,1.3746,1.375,1.3742,1.3749,65002.52,89357.878598,XRPUSDT,bybit
2026-05-21 06:00:00+00:00,1.3749,1.3767,1.3747,1.3759,79538.29,109447.131294,XRPUSDT,bybit
2026-05-21 06:05:00+00:00,1.3759,1.3766,1.373,1.3733,68798.88,94630.863304,XRPUSDT,bybit
2026-05-21 06:10:00+00:00,1.3733,1.3744,1.3733,1.3743,24584.05,33776.818208,XRPUSDT,bybit
2026-05-21 06:15:00+00:00,1.3743,1.3746,1.3734,1.3736,17536.15,24091.67058,XRPUSDT,bybit
2026-05-21 06:20:00+00:00,1.3736,1.3763,1.3736,1.3757,89168.39,122646.780878,XRPUSDT,bybit
2026-05-21 06:25:00+00:00,1.3757,1.3758,1.3745,1.3747,77315.78,106314.784445,XRPUSDT,bybit
2026-05-21 06:30:00+00:00,1.3747,1.3762,1.3747,1.3753,53892.3,74133.592112,XRPUSDT,bybit
2026-05-21 06:35:00+00:00,1.3753,1.3753,1.3737,1.3737,7838.92,10773.078069,XRPUSDT,bybit
2026-05-21 06:40:00+00:00,1.3737,1.3738,1.3725,1.3727,15181.34,20846.052909,XRPUSDT,bybit
2026-05-21 06:45:00+00:00,1.3727,1.3731,1.3707,1.3712,56591.43,77644.665075,XRPUSDT,bybit
2026-05-21 06:50:00+00:00,1.3712,1.3715,1.3704,1.3713,33914.47,46496.922062,XRPUSDT,bybit
2026-05-21 06:55:00+00:00,1.3713,1.3713,1.3697,1.3713,49290.41,67569.514568,XRPUSDT,bybit
2026-05-21 07:00:00+00:00,1.3713,1.3716,1.3701,1.3705,28804.96,39486.482832,XRPUSDT,bybit
2026-05-21 07:05:00+00:00,1.3705,1.373,1.3705,1.3721,29457.5,40411.93196,XRPUSDT,bybit
2026-05-21 07:10:00+00:00,1.3721,1.3721,1.3705,1.3715,59801.75,81988.788017,XRPUSDT,bybit
2026-05-21 07:15:00+00:00,1.3715,1.3723,1.3702,1.3722,32340.29,44351.443652,XRPUSDT,bybit
2026-05-21 07:20:00+00:00,1.3722,1.3725,1.3715,1.3724,21329.97,29264.52525,XRPUSDT,bybit
2026-05-21 07:25:00+00:00,1.3724,1.3735,1.3724,1.3727,32696.78,44890.324296,XRPUSDT,bybit
2026-05-21 07:30:00+00:00,1.3727,1.3734,1.3725,1.3731,25144.26,34522.382435,XRPUSDT,bybit
2026-05-21 07:35:00+00:00,1.3731,1.3748,1.3731,1.3748,28617.97,39329.1443,XRPUSDT,bybit
2026-05-21 07:40:00+00:00,1.3748,1.3756,1.3748,1.3755,7117.5,9788.514886,XRPUSDT,bybit
2026-05-21 07:45:00+00:00,1.3755,1.3756,1.3751,1.3755,42324.88,58210.325338,XRPUSDT,bybit
2026-05-21 07:50:00+00:00,1.3755,1.3761,1.3751,1.376,71714.24,98647.609373,XRPUSDT,bybit
2026-05-21 07:55:00+00:00,1.376,1.3773,1.376,1.3761,48797.72,67172.947117,XRPUSDT,bybit
2026-05-21 08:00:00+00:00,1.3761,1.3792,1.3761,1.3792,36934.96,50869.537849,XRPUSDT,bybit
2026-05-21 08:05:00+00:00,1.3792,1.3836,1.3792,1.3824,166020.36,229311.867021,XRPUSDT,bybit
2026-05-21 08:10:00+00:00,1.3824,1.3839,1.3811,1.3836,202738.1,280402.212995,XRPUSDT,bybit
2026-05-21 08:15:00+00:00,1.3836,1.3859,1.3836,1.3842,240221.06,332702.265848,XRPUSDT,bybit
2026-05-21 08:20:00+00:00,1.3842,1.3851,1.383,1.3847,135770.81,187899.350781,XRPUSDT,bybit
2026-05-21 08:25:00+00:00,1.3847,1.385,1.3807,1.3835,487514.66,673667.555277,XRPUSDT,bybit
2026-05-21 08:30:00+00:00,1.3835,1.3835,1.3804,1.3808,37991.57,52488.077305,XRPUSDT,bybit
2026-05-21 08:35:00+00:00,1.3808,1.3812,1.3794,1.3802,73322.39,101191.160118,XRPUSDT,bybit
2026-05-21 08:40:00+00:00,1.3802,1.3813,1.3799,1.3813,27753.62,38318.053816,XRPUSDT,bybit
2026-05-21 08:45:00+00:00,1.3813,1.3813,1.3802,1.3805,22597.85,31196.404192,XRPUSDT,bybit
2026-05-21 08:50:00+00:00,1.3805,1.3805,1.3801,1.3804,24398.04,33675.100975,XRPUSDT,bybit
2026-05-21 08:55:00+00:00,1.3804,1.3817,1.3802,1.3805,43260.07,59748.25528,XRPUSDT,bybit
2026-05-21 09:00:00+00:00,1.3805,1.3806,1.38,1.3802,212174.29,292809.57724,XRPUSDT,bybit
2026-05-21 09:05:00+00:00,1.3802,1.3822,1.38,1.38,166659.32,230053.178538,XRPUSDT,bybit
2026-05-21 09:10:00+00:00,1.38,1.3808,1.3798,1.3802,162816.79,224697.879099,XRPUSDT,bybit
2026-05-21 09:15:00+00:00,1.3802,1.3809,1.3801,1.3806,57786.0,79780.280163,XRPUSDT,bybit
2026-05-21 09:20:00+00:00,1.3806,1.3819,1.3805,1.3809,24404.89,33711.11796,XRPUSDT,bybit
2026-05-21 09:25:00+00:00,1.3809,1.3812,1.3804,1.3804,7527.45,10393.572134,XRPUSDT,bybit
2026-05-21 09:30:00+00:00,1.3804,1.381,1.377,1.3772,579098.11,799075.410836,XRPUSDT,bybit
2026-05-21 09:35:00+00:00,1.3772,1.3774,1.3748,1.3748,118824.61,163547.685716,XRPUSDT,bybit
2026-05-21 09:40:00+00:00,1.3748,1.3764,1.3748,1.376,31783.03,43721.40231,XRPUSDT,bybit
2026-05-21 09:45:00+00:00,1.376,1.3761,1.3756,1.3758,49862.42,68608.092588,XRPUSDT,bybit
2026-05-21 09:50:00+00:00,1.3758,1.376,1.3743,1.3747,83588.79,114948.305396,XRPUSDT,bybit
2026-05-21 09:55:00+00:00,1.3747,1.3758,1.3745,1.3746,138081.81,189874.100361,XRPUSDT,bybit
2026-05-21 10:00:00+00:00,1.3746,1.3751,1.3736,1.3742,84416.32,116014.272652,XRPUSDT,bybit
2026-05-21 10:05:00+00:00,1.3742,1.3742,1.373,1.3736,110925.34,152335.387979,XRPUSDT,bybit
2026-05-21 10:10:00+00:00,1.3736,1.3738,1.372,1.3722,42534.11,58389.506954,XRPUSDT,bybit
2026-05-21 10:15:00+00:00,1.3722,1.3728,1.3715,1.3723,341774.41,468880.698602,XRPUSDT,bybit
2026-05-21 10:20:00+00:00,1.3723,1.3727,1.3719,1.3722,81702.83,112130.18059,XRPUSDT,bybit
2026-05-21 10:25:00+00:00,1.3722,1.3734,1.3642,1.3679,925718.65,1267810.496001,XRPUSDT,bybit
2026-05-21 10:30:00+00:00,1.3679,1.3697,1.3655,1.3693,79564.87,108788.368307,XRPUSDT,bybit
2026-05-21 10:35:00+00:00,1.3693,1.3703,1.3678,1.3678,56436.38,77288.072153,XRPUSDT,bybit
2026-05-21 10:40:00+00:00,1.3678,1.3697,1.3678,1.3695,40727.65,55748.544461,XRPUSDT,bybit
2026-05-21 10:45:00+00:00,1.3695,1.3701,1.3682,1.3687,162460.44,222390.377,XRPUSDT,bybit
2026-05-21 10:50:00+00:00,1.3687,1.369,1.3665,1.368,69415.74,94924.995431,XRPUSDT,bybit
2026-05-21 10:55:00+00:00,1.368,1.3684,1.3662,1.3664,71869.25,98241.145041,XRPUSDT,bybit
2026-05-21 11:00:00+00:00,1.3664,1.3679,1.3651,1.3676,63048.53,86120.32354,XRPUSDT,bybit
2026-05-21 11:05:00+00:00,1.3676,1.3676,1.3655,1.3666,121255.76,165616.156598,XRPUSDT,bybit
2026-05-21 11:10:00+00:00,1.3666,1.3681,1.3665,1.368,173802.04,237618.897077,XRPUSDT,bybit
2026-05-21 11:15:00+00:00,1.368,1.3694,1.3677,1.3684,59689.24,81681.416347,XRPUSDT,bybit
2026-05-21 11:20:00+00:00,1.3684,1.3696,1.3672,1.368,253708.77,347123.910533,XRPUSDT,bybit
2026-05-21 11:25:00+00:00,1.368,1.3684,1.3674,1.368,28910.43,39546.409005,XRPUSDT,bybit
2026-05-21 11:30:00+00:00,1.368,1.3693,1.3674,1.3674,75804.83,103716.321128,XRPUSDT,bybit
2026-05-21 11:35:00+00:00,1.3674,1.3681,1.3659,1.3669,92510.83,126513.479402,XRPUSDT,bybit
2026-05-21 11:40:00+00:00,1.3669,1.3677,1.3661,1.3666,29209.54,39928.224128,XRPUSDT,bybit
2026-05-21 11:45:00+00:00,1.3666,1.3666,1.3651,1.3652,160667.03,219416.805068,XRPUSDT,bybit
2026-05-21 11:50:00+00:00,1.3652,1.3659,1.3646,1.3646,44056.43,60156.914881,XRPUSDT,bybit
2026-05-21 11:55:00+00:00,1.3646,1.3646,1.3637,1.3638,77609.62,105859.074174,XRPUSDT,bybit
2026-05-21 12:00:00+00:00,1.3638,1.366,1.3638,1.3658,53022.93,72359.03075,XRPUSDT,bybit
2026-05-21 12:05:00+00:00,1.3658,1.3659,1.3635,1.3644,40714.45,55547.324423,XRPUSDT,bybit
2026-05-21 12:10:00+00:00,1.3644,1.3645,1.3625,1.363,40419.04,55114.405075,XRPUSDT,bybit
2026-05-21 12:15:00+00:00,1.363,1.3641,1.3628,1.3638,47238.62,64400.408555,XRPUSDT,bybit
2026-05-21 12:20:00+00:00,1.3638,1.3638,1.3619,1.3628,103853.38,141529.469636,XRPUSDT,bybit
2026-05-21 12:25:00+00:00,1.3628,1.3637,1.3623,1.3626,69973.98,95364.966635,XRPUSDT,bybit
2026-05-21 12:30:00+00:00,1.3626,1.3663,1.3619,1.3656,141639.28,193138.723225,XRPUSDT,bybit
2026-05-21 12:35:00+00:00,1.3656,1.3668,1.3649,1.3657,248662.01,339538.229371,XRPUSDT,bybit
2026-05-21 12:40:00+00:00,1.3657,1.3661,1.3648,1.3651,118622.81,162002.531778,XRPUSDT,bybit
2026-05-21 12:45:00+00:00,1.3651,1.3661,1.3649,1.3649,65823.61,89856.40505,XRPUSDT,bybit
2026-05-21 12:50:00+00:00,1.3649,1.3654,1.3642,1.3651,71002.18,96903.594648,XRPUSDT,bybit
2026-05-21 12:55:00+00:00,1.3651,1.3655,1.3645,1.3649,53474.99,72993.198094,XRPUSDT,bybit
2026-05-21 13:00:00+00:00,1.3649,1.3676,1.3645,1.3668,49507.25,67662.889126,XRPUSDT,bybit
2026-05-21 13:05:00+00:00,1.3668,1.3678,1.366,1.3678,57896.05,79133.78734,XRPUSDT,bybit
2026-05-21 13:10:00+00:00,1.3678,1.368,1.3672,1.3673,24053.18,32897.764237,XRPUSDT,bybit
2026-05-21 13:15:00+00:00,1.3673,1.3674,1.3664,1.367,22898.61,31300.100701,XRPUSDT,bybit
2026-05-21 13:20:00+00:00,1.367,1.3687,1.3668,1.3681,29503.31,40360.850331,XRPUSDT,bybit
2026-05-21 13:25:00+00:00,1.3681,1.3684,1.3665,1.3674,95801.84,130965.887916,XRPUSDT,bybit
2026-05-21 13:30:00+00:00,1.3674,1.3679,1.3612,1.3644,333774.14,455512.281268,XRPUSDT,bybit
2026-05-21 13:35:00+00:00,1.3644,1.3646,1.3577,1.359,329301.36,447881.519917,XRPUSDT,bybit
2026-05-21 13:40:00+00:00,1.359,1.3605,1.3549,1.356,248917.17,337808.523862,XRPUSDT,bybit
2026-05-21 13:45:00+00:00,1.356,1.36,1.356,1.3573,204916.22,278281.486099,XRPUSDT,bybit
2026-05-21 13:50:00+00:00,1.3573,1.3638,1.3572,1.363,169226.43,230180.164117,XRPUSDT,bybit
2026-05-21 13:55:00+00:00,1.363,1.3653,1.3603,1.3617,232484.03,316714.802616,XRPUSDT,bybit
2026-05-21 14:00:00+00:00,1.3617,1.3639,1.3612,1.3626,138762.66,189048.845515,XRPUSDT,bybit
2026-05-21 14:05:00+00:00,1.3626,1.3632,1.359,1.3618,95135.17,129497.630452,XRPUSDT,bybit
2026-05-21 14:10:00+00:00,1.3618,1.3618,1.3584,1.359,210664.85,286360.198354,XRPUSDT,bybit
2026-05-21 14:15:00+00:00,1.359,1.359,1.3545,1.3546,197870.61,268224.482154,XRPUSDT,bybit
2026-05-21 14:20:00+00:00,1.3546,1.3552,1.3514,1.3543,198854.17,269091.105435,XRPUSDT,bybit
2026-05-21 14:25:00+00:00,1.3543,1.3564,1.3541,1.356,102332.28,138667.990889,XRPUSDT,bybit
2026-05-21 14:30:00+00:00,1.356,1.359,1.356,1.3588,83061.31,112789.122902,XRPUSDT,bybit
2026-05-21 14:35:00+00:00,1.3588,1.3616,1.3588,1.3601,41274.25,56161.091381,XRPUSDT,bybit
2026-05-21 14:40:00+00:00,1.3601,1.3602,1.3566,1.3576,84635.26,114940.530965,XRPUSDT,bybit
2026-05-21 14:45:00+00:00,1.3576,1.3584,1.3549,1.356,89021.87,120747.168081,XRPUSDT,bybit
2026-05-21 14:50:00+00:00,1.356,1.3574,1.3548,1.357,58229.76,78946.060213,XRPUSDT,bybit
2026-05-21 14:55:00+00:00,1.357,1.3582,1.356,1.357,80230.96,108843.620378,XRPUSDT,bybit
2026-05-21 15:00:00+00:00,1.357,1.3585,1.3567,1.3579,65774.18,89279.191708,XRPUSDT,bybit
2026-05-21 15:05:00+00:00,1.3579,1.3579,1.3558,1.3575,84586.16,114734.041707,XRPUSDT,bybit
2026-05-21 15:10:00+00:00,1.3575,1.363,1.3567,1.3614,181426.99,246620.88119,XRPUSDT,bybit
2026-05-21 15:15:00+00:00,1.3614,1.3642,1.3605,1.3635,55512.54,75637.125167,XRPUSDT,bybit
2026-05-21 15:20:00+00:00,1.3635,1.3657,1.363,1.3638,80875.57,110332.26631,XRPUSDT,bybit
2026-05-21 15:25:00+00:00,1.3638,1.3653,1.3629,1.3647,85469.34,116571.14535,XRPUSDT,bybit
2026-05-21 15:30:00+00:00,1.3647,1.3652,1.3591,1.3598,152937.64,208371.10062,XRPUSDT,bybit
2026-05-21 15:35:00+00:00,1.3598,1.3614,1.3591,1.361,203914.69,277429.383934,XRPUSDT,bybit
2026-05-21 15:40:00+00:00,1.361,1.362,1.361,1.3615,92366.2,125752.409868,XRPUSDT,bybit
2026-05-21 15:45:00+00:00,1.3615,1.3656,1.3614,1.364,53393.09,72800.707444,XRPUSDT,bybit
2026-05-21 15:50:00+00:00,1.364,1.3644,1.3601,1.3601,111590.47,152032.350014,XRPUSDT,bybit
2026-05-21 15:55:00+00:00,1.3601,1.3617,1.3601,1.3614,49027.37,66731.63719,XRPUSDT,bybit
2026-05-21 16:00:00+00:00,1.3614,1.3645,1.3614,1.3632,97850.74,133361.832545,XRPUSDT,bybit
2026-05-21 16:05:00+00:00,1.3632,1.3644,1.3629,1.3639,118036.88,160980.011214,XRPUSDT,bybit
2026-05-21 16:10:00+00:00,1.3639,1.3645,1.3604,1.3616,198381.07,270055.037075,XRPUSDT,bybit
2026-05-21 16:15:00+00:00,1.3616,1.3619,1.3602,1.3615,78459.55,106804.72634,XRPUSDT,bybit
2026-05-21 16:20:00+00:00,1.3615,1.362,1.36,1.361,130551.51,177713.360078,XRPUSDT,bybit
2026-05-21 16:25:00+00:00,1.361,1.3627,1.36,1.362,161785.63,220302.923385,XRPUSDT,bybit
2026-05-21 16:30:00+00:00,1.362,1.365,1.3618,1.3639,55618.7,75856.249496,XRPUSDT,bybit
2026-05-21 16:35:00+00:00,1.3639,1.3639,1.3598,1.3604,85452.29,116343.926965,XRPUSDT,bybit
2026-05-21 16:40:00+00:00,1.3604,1.3606,1.3586,1.3592,82535.13,112222.474526,XRPUSDT,bybit
2026-05-21 16:45:00+00:00,1.3592,1.3599,1.3575,1.3585,159692.17,216897.082696,XRPUSDT,bybit
2026-05-21 16:50:00+00:00,1.3585,1.3605,1.3572,1.3602,30190.83,41024.443693,XRPUSDT,bybit
2026-05-21 16:55:00+00:00,1.3602,1.3614,1.3599,1.3613,15572.41,21190.421759,XRPUSDT,bybit
2026-05-21 17:00:00+00:00,1.3613,1.3648,1.3613,1.3634,76651.8,104517.270877,XRPUSDT,bybit
2026-05-21 17:05:00+00:00,1.3634,1.3635,1.362,1.3629,16398.86,22347.577117,XRPUSDT,bybit
2026-05-21 17:10:00+00:00,1.3629,1.3715,1.3624,1.3688,244434.55,334182.746365,XRPUSDT,bybit
2026-05-21 17:15:00+00:00,1.3688,1.3759,1.3683,1.3738,190002.06,260919.157736,XRPUSDT,bybit
2026-05-21 17:20:00+00:00,1.3738,1.38,1.3725,1.3788,952865.95,1313150.161275,XRPUSDT,bybit
2026-05-21 17:25:00+00:00,1.3788,1.3811,1.3787,1.3805,256883.3,354489.756847,XRPUSDT,bybit
2026-05-21 17:30:00+00:00,1.3805,1.3814,1.3773,1.3794,254119.62,350678.948743,XRPUSDT,bybit
2026-05-21 17:35:00+00:00,1.3794,1.3814,1.3794,1.3798,65734.08,90757.932718,XRPUSDT,bybit
2026-05-21 17:40:00+00:00,1.3798,1.3804,1.3783,1.3791,77344.51,106688.28185,XRPUSDT,bybit
2026-05-21 17:45:00+00:00,1.3791,1.3806,1.3778,1.3804,100646.06,138786.09992,XRPUSDT,bybit
2026-05-21 17:50:00+00:00,1.3804,1.3851,1.3798,1.3844,261803.68,362200.062587,XRPUSDT,bybit
2026-05-21 17:55:00+00:00,1.3844,1.3863,1.3811,1.3812,239333.74,331311.835074,XRPUSDT,bybit
2026-05-21 18:00:00+00:00,1.3812,1.382,1.3771,1.3772,127256.06,175516.091389,XRPUSDT,bybit
2026-05-21 18:05:00+00:00,1.3772,1.3786,1.3755,1.3779,41235.54,56779.245346,XRPUSDT,bybit
2026-05-21 18:10:00+00:00,1.3779,1.3779,1.3756,1.3767,23009.18,31676.922925,XRPUSDT,bybit
2026-05-21 18:15:00+00:00,1.3767,1.3797,1.3757,1.3797,79050.08,108851.364645,XRPUSDT,bybit
2026-05-21 18:20:00+00:00,1.3797,1.3819,1.3786,1.3819,34660.79,47830.545833,XRPUSDT,bybit
2026-05-21 18:25:00+00:00,1.3819,1.3826,1.3795,1.3798,27855.78,38468.543309,XRPUSDT,bybit
2026-05-21 18:30:00+00:00,1.3798,1.3813,1.3789,1.3807,30605.39,42243.859271,XRPUSDT,bybit
2026-05-21 18:35:00+00:00,1.3807,1.3808,1.3783,1.3783,34937.76,48185.056999,XRPUSDT,bybit
2026-05-21 18:40:00+00:00,1.3783,1.3813,1.3783,1.3796,39287.62,54227.659571,XRPUSDT,bybit
2026-05-21 18:45:00+00:00,1.3796,1.3803,1.3722,1.3726,133512.16,183595.861459,XRPUSDT,bybit
2026-05-21 18:50:00+00:00,1.3726,1.3739,1.3675,1.3675,100099.17,137136.663416,XRPUSDT,bybit
2026-05-21 18:55:00+00:00,1.3675,1.3712,1.3667,1.3711,65399.62,89514.033977,XRPUSDT,bybit
2026-05-21 19:00:00+00:00,1.3711,1.3739,1.3709,1.3727,105714.51,145056.228149,XRPUSDT,bybit
2026-05-21 19:05:00+00:00,1.3727,1.3767,1.3725,1.3763,59930.76,82351.481619,XRPUSDT,bybit
2026-05-21 19:10:00+00:00,1.3763,1.3781,1.376,1.377,19015.52,26187.62974,XRPUSDT,bybit
2026-05-21 19:15:00+00:00,1.377,1.3782,1.376,1.3782,42337.08,58294.4483,XRPUSDT,bybit
2026-05-21 19:20:00+00:00,1.3782,1.3782,1.376,1.3766,18900.41,26033.724508,XRPUSDT,bybit
2026-05-21 19:25:00+00:00,1.3766,1.3772,1.3754,1.3756,31537.89,43404.411407,XRPUSDT,bybit
2026-05-21 19:30:00+00:00,1.3756,1.3774,1.3756,1.3767,32804.39,45147.638809,XRPUSDT,bybit
2026-05-21 19:35:00+00:00,1.3767,1.3789,1.3767,1.3779,19337.26,26651.427897,XRPUSDT,bybit
2026-05-21 19:40:00+00:00,1.3779,1.3791,1.3768,1.3773,32343.17,44568.007338,XRPUSDT,bybit
2026-05-21 19:45:00+00:00,1.3773,1.3782,1.3766,1.3775,6785.42,9347.155159,XRPUSDT,bybit
2026-05-21 19:50:00+00:00,1.3775,1.3803,1.3775,1.3792,88543.68,122104.937213,XRPUSDT,bybit
2026-05-21 19:55:00+00:00,1.3792,1.3812,1.378,1.3795,149447.23,206269.203574,XRPUSDT,bybit
2026-05-21 20:00:00+00:00,1.3795,1.3807,1.3792,1.3795,49691.44,68577.480762,XRPUSDT,bybit
2026-05-21 20:05:00+00:00,1.3795,1.3809,1.3791,1.38,13969.79,19285.290132,XRPUSDT,bybit
2026-05-21 20:10:00+00:00,1.38,1.3802,1.3779,1.3791,17582.06,24241.145502,XRPUSDT,bybit
2026-05-21 20:15:00+00:00,1.3791,1.3796,1.3775,1.3786,21414.65,29516.227975,XRPUSDT,bybit
2026-05-21 20:20:00+00:00,1.3786,1.3793,1.3781,1.3787,39646.71,54663.865436,XRPUSDT,bybit
2026-05-21 20:25:00+00:00,1.3787,1.3796,1.378,1.378,9868.34,13607.832219,XRPUSDT,bybit
2026-05-21 20:30:00+00:00,1.378,1.3798,1.378,1.3798,12882.03,17766.712777,XRPUSDT,bybit
2026-05-21 20:35:00+00:00,1.3798,1.3804,1.3779,1.3786,19598.71,27037.468404,XRPUSDT,bybit
2026-05-21 20:40:00+00:00,1.3786,1.379,1.378,1.379,5698.4,7854.608498,XRPUSDT,bybit
2026-05-21 20:45:00+00:00,1.379,1.3811,1.379,1.3801,11666.3,16100.938853,XRPUSDT,bybit
2026-05-21 20:50:00+00:00,1.3801,1.3804,1.3763,1.3768,14903.23,20542.339974,XRPUSDT,bybit
2026-05-21 20:55:00+00:00,1.3768,1.3773,1.3768,1.3771,10496.96,14454.580075,XRPUSDT,bybit
2026-05-21 21:00:00+00:00,1.3771,1.3788,1.3769,1.3775,18349.89,25280.335215,XRPUSDT,bybit
2026-05-21 21:05:00+00:00,1.3775,1.3787,1.3775,1.3787,12520.48,17253.866972,XRPUSDT,bybit
2026-05-21 21:10:00+00:00,1.3787,1.3788,1.3771,1.3783,24597.9,33893.985072,XRPUSDT,bybit
2026-05-21 21:15:00+00:00,1.3783,1.3787,1.3776,1.3777,16856.01,23231.637326,XRPUSDT,bybit
2026-05-21 21:20:00+00:00,1.3777,1.3782,1.3772,1.3782,11735.52,16167.169027,XRPUSDT,bybit
2026-05-21 21:25:00+00:00,1.3782,1.3786,1.3781,1.3784,14274.66,19675.584409,XRPUSDT,bybit
2026-05-21 21:30:00+00:00,1.3784,1.3785,1.3765,1.3773,25335.38,34892.452966,XRPUSDT,bybit
2026-05-21 21:35:00+00:00,1.3773,1.3778,1.3772,1.3772,6962.72,9590.929129,XRPUSDT,bybit
2026-05-21 21:40:00+00:00,1.3772,1.3772,1.3763,1.3767,24089.95,33163.219564,XRPUSDT,bybit
2026-05-21 21:45:00+00:00,1.3767,1.3769,1.3757,1.3758,54673.89,75248.752015,XRPUSDT,bybit
2026-05-21 21:50:00+00:00,1.3758,1.3772,1.3758,1.3772,14305.1,19694.528911,XRPUSDT,bybit
2026-05-21 21:55:00+00:00,1.3772,1.3772,1.3756,1.3759,31919.88,43923.227185,XRPUSDT,bybit
2026-05-21 22:00:00+00:00,1.3759,1.3766,1.3734,1.3759,73342.63,100836.529786,XRPUSDT,bybit
2026-05-21 22:05:00+00:00,1.3759,1.3762,1.3751,1.3756,19538.89,26874.01804,XRPUSDT,bybit
2026-05-21 22:10:00+00:00,1.3756,1.3756,1.3737,1.3741,23291.81,32009.36286,XRPUSDT,bybit
2026-05-21 22:15:00+00:00,1.3741,1.3741,1.3724,1.3731,20851.62,28630.887891,XRPUSDT,bybit
2026-05-21 22:20:00+00:00,1.3731,1.3734,1.3726,1.3734,24635.04,33826.352546,XRPUSDT,bybit
2026-05-21 22:25:00+00:00,1.3734,1.3745,1.3733,1.3744,38548.2,52964.130287,XRPUSDT,bybit
2026-05-21 22:30:00+00:00,1.3744,1.3752,1.3722,1.3722,16216.61,22290.4942,XRPUSDT,bybit
2026-05-21 22:35:00+00:00,1.3722,1.3727,1.371,1.3712,36190.21,49637.117279,XRPUSDT,bybit
2026-05-21 22:40:00+00:00,1.3712,1.374,1.3711,1.3728,45776.03,62873.017323,XRPUSDT,bybit
2026-05-21 22:45:00+00:00,1.3728,1.3733,1.3723,1.3725,27115.81,37227.205233,XRPUSDT,bybit
2026-05-21 22:50:00+00:00,1.3725,1.3727,1.3718,1.3723,10281.17,14107.006477,XRPUSDT,bybit
2026-05-21 22:55:00+00:00,1.3723,1.3727,1.3721,1.3727,4997.18,6857.456986,XRPUSDT,bybit
2026-05-21 23:00:00+00:00,1.3727,1.3733,1.3717,1.3729,18484.49,25363.307769,XRPUSDT,bybit
2026-05-21 23:05:00+00:00,1.3729,1.3739,1.3728,1.3736,6485.56,8905.659183,XRPUSDT,bybit
2026-05-21 23:10:00+00:00,1.3736,1.3736,1.3701,1.3705,28263.67,38751.459232,XRPUSDT,bybit
2026-05-21 23:15:00+00:00,1.3705,1.3707,1.3694,1.3707,38275.11,52442.045532,XRPUSDT,bybit
2026-05-21 23:20:00+00:00,1.3707,1.3708,1.3697,1.3702,10846.62,14863.007332,XRPUSDT,bybit
2026-05-21 23:25:00+00:00,1.3702,1.3719,1.3701,1.371,23800.56,32635.109999,XRPUSDT,bybit
2026-05-21 23:30:00+00:00,1.371,1.3731,1.3707,1.3729,33587.78,46092.203505,XRPUSDT,bybit
2026-05-21 23:35:00+00:00,1.3729,1.3739,1.3726,1.3739,33645.83,46203.97751,XRPUSDT,bybit
2026-05-21 23:40:00+00:00,1.3739,1.3746,1.3731,1.3733,51891.51,71303.808447,XRPUSDT,bybit
2026-05-21 23:45:00+00:00,1.3733,1.3742,1.3728,1.3742,17190.47,23612.442459,XRPUSDT,bybit
2026-05-21 23:50:00+00:00,1.3742,1.3756,1.3737,1.3742,122933.15,168977.558211,XRPUSDT,bybit
2026-05-21 23:55:00+00:00,1.3742,1.3743,1.3728,1.374,90737.91,124626.656095,XRPUSDT,bybit
2026-05-22 00:00:00+00:00,1.374,1.3745,1.3712,1.3713,138837.03,190500.543364,XRPUSDT,bybit
2026-05-22 00:05:00+00:00,1.3713,1.3724,1.3713,1.3717,28575.15,39199.388541,XRPUSDT,bybit
2026-05-22 00:10:00+00:00,1.3717,1.3717,1.3695,1.3696,27271.93,37368.386964,XRPUSDT,bybit
2026-05-22 00:15:00+00:00,1.3696,1.3717,1.3689,1.3696,39945.3,54749.015577,XRPUSDT,bybit
2026-05-22 00:20:00+00:00,1.3696,1.3713,1.3685,1.3697,21297.01,29164.313015,XRPUSDT,bybit
2026-05-22 00:25:00+00:00,1.3697,1.37,1.3687,1.3687,21720.15,29748.01285,XRPUSDT,bybit
2026-05-22 00:30:00+00:00,1.3687,1.3713,1.3687,1.3696,25146.73,34458.327484,XRPUSDT,bybit
2026-05-22 00:35:00+00:00,1.3696,1.3709,1.368,1.368,17100.64,23412.468995,XRPUSDT,bybit
2026-05-22 00:40:00+00:00,1.368,1.3696,1.3676,1.3693,24042.34,32906.576676,XRPUSDT,bybit
2026-05-22 00:45:00+00:00,1.3693,1.3705,1.3681,1.3691,18769.67,25700.072638,XRPUSDT,bybit
2026-05-22 00:50:00+00:00,1.3691,1.3694,1.3674,1.3674,16398.87,22443.945337,XRPUSDT,bybit
2026-05-22 00:55:00+00:00,1.3674,1.3696,1.3674,1.3682,8738.65,11958.251233,XRPUSDT,bybit
2026-05-22 01:00:00+00:00,1.3682,1.3689,1.3671,1.3682,11725.18,16037.587019,XRPUSDT,bybit
2026-05-22 01:05:00+00:00,1.3682,1.3693,1.3679,1.3691,5207.2,7128.870462,XRPUSDT,bybit
2026-05-22 01:10:00+00:00,1.3691,1.3713,1.3684,1.3711,25840.94,35384.952733,XRPUSDT,bybit
2026-05-22 01:15:00+00:00,1.3711,1.3714,1.3693,1.3707,46177.15,63268.951074,XRPUSDT,bybit
2026-05-22 01:20:00+00:00,1.3707,1.3708,1.3681,1.3683,31271.74,42827.057227,XRPUSDT,bybit
2026-05-22 01:25:00+00:00,1.3683,1.3693,1.3682,1.3693,27978.88,38291.596845,XRPUSDT,bybit
2026-05-22 01:30:00+00:00,1.3693,1.3698,1.3663,1.3664,43908.98,60039.01963,XRPUSDT,bybit
2026-05-22 01:35:00+00:00,1.3664,1.3672,1.365,1.3667,113575.74,155206.055856,XRPUSDT,bybit
2026-05-22 01:40:00+00:00,1.3667,1.3687,1.3658,1.3686,7168.06,9800.432305,XRPUSDT,bybit
2026-05-22 01:45:00+00:00,1.3686,1.3712,1.3686,1.3709,22568.11,30922.589238,XRPUSDT,bybit
2026-05-22 01:50:00+00:00,1.3709,1.3719,1.3701,1.3702,16490.9,22613.450267,XRPUSDT,bybit
2026-05-22 01:55:00+00:00,1.3702,1.371,1.3696,1.371,34450.16,47206.618139,XRPUSDT,bybit
2026-05-22 02:00:00+00:00,1.371,1.3734,1.371,1.3734,24096.5,33072.044366,XRPUSDT,bybit
2026-05-22 02:05:00+00:00,1.3734,1.3734,1.3722,1.3729,18565.42,25485.288371,XRPUSDT,bybit
2026-05-22 02:10:00+00:00,1.3729,1.3732,1.3719,1.3732,5153.11,7071.649691,XRPUSDT,bybit
2026-05-22 02:15:00+00:00,1.3732,1.3744,1.3732,1.3741,36210.18,49743.603368,XRPUSDT,bybit
2026-05-22 02:20:00+00:00,1.3741,1.3744,1.3722,1.3722,21623.6,29701.240581,XRPUSDT,bybit
2026-05-22 02:25:00+00:00,1.3722,1.3726,1.3713,1.3718,12327.4,16914.682988,XRPUSDT,bybit
2026-05-22 02:30:00+00:00,1.3718,1.3727,1.3703,1.3703,14457.3,19833.943297,XRPUSDT,bybit
2026-05-22 02:35:00+00:00,1.3703,1.3709,1.3699,1.3703,19244.84,26372.382472,XRPUSDT,bybit
2026-05-22 02:40:00+00:00,1.3703,1.3715,1.37,1.3707,37846.44,51885.487943,XRPUSDT,bybit
2026-05-22 02:45:00+00:00,1.3707,1.375,1.3707,1.3723,726806.21,998023.68222,XRPUSDT,bybit
2026-05-22 02:50:00+00:00,1.3723,1.373,1.3718,1.3718,32371.52,44425.01274,XRPUSDT,bybit
2026-05-22 02:55:00+00:00,1.3718,1.3746,1.3718,1.3732,144955.41,199136.462431,XRPUSDT,bybit
2026-05-22 03:00:00+00:00,1.3732,1.3746,1.3731,1.3743,20145.14,27674.091163,XRPUSDT,bybit
2026-05-22 03:05:00+00:00,1.3743,1.3745,1.3726,1.3728,22328.6,30663.627512,XRPUSDT,bybit
2026-05-22 03:10:00+00:00,1.3728,1.3731,1.3722,1.3726,12404.56,17026.182493,XRPUSDT,bybit
2026-05-22 03:15:00+00:00,1.3726,1.3734,1.3712,1.3718,14113.25,19370.515261,XRPUSDT,bybit
2026-05-22 03:20:00+00:00,1.3718,1.3727,1.371,1.3724,3367.25,4618.737551,XRPUSDT,bybit
2026-05-22 03:25:00+00:00,1.3724,1.3728,1.3719,1.3728,13390.31,18372.675103,XRPUSDT,bybit
2026-05-22 03:30:00+00:00,1.3728,1.3737,1.3719,1.3736,26616.85,36546.491502,XRPUSDT,bybit
2026-05-22 03:35:00+00:00,1.3736,1.3738,1.3728,1.3735,68508.78,94076.422108,XRPUSDT,bybit
2026-05-22 03:40:00+00:00,1.3735,1.3737,1.3722,1.3722,45897.16,63024.530223,XRPUSDT,bybit
2026-05-22 03:45:00+00:00,1.3722,1.3725,1.3719,1.3725,17948.13,24628.559045,XRPUSDT,bybit
2026-05-22 03:50:00+00:00,1.3725,1.3733,1.3719,1.3724,20592.59,28267.949243,XRPUSDT,bybit
2026-05-22 03:55:00+00:00,1.3724,1.3726,1.372,1.3722,13281.7,18225.030527,XRPUSDT,bybit
2026-05-22 04:00:00+00:00,1.3722,1.3744,1.3722,1.3741,41129.86,56492.330032,XRPUSDT,bybit
2026-05-22 04:05:00+00:00,1.3741,1.3749,1.3736,1.3746,32027.18,44005.34303,XRPUSDT,bybit
2026-05-22 04:10:00+00:00,1.3746,1.3754,1.3742,1.375,83006.48,114121.143323,XRPUSDT,bybit
2026-05-22 04:15:00+00:00,1.375,1.3762,1.3735,1.3745,31793.09,43715.839082,XRPUSDT,bybit
2026-05-22 04:20:00+00:00,1.3745,1.3746,1.3737,1.3738,8536.78,11731.083429,XRPUSDT,bybit
2026-05-22 04:25:00+00:00,1.3738,1.3738,1.373,1.3732,6519.39,8953.745835,XRPUSDT,bybit
2026-05-22 04:30:00+00:00,1.3732,1.3736,1.3727,1.3728,11028.95,15144.540508,XRPUSDT,bybit
2026-05-22 04:35:00+00:00,1.3728,1.3728,1.3706,1.3707,14627.61,20058.612364,XRPUSDT,bybit
2026-05-22 04:40:00+00:00,1.3707,1.371,1.3705,1.3707,15500.96,21249.52931,XRPUSDT,bybit
2026-05-22 04:45:00+00:00,1.3707,1.3707,1.3681,1.3688,270545.22,370301.314981,XRPUSDT,bybit
2026-05-22 04:50:00+00:00,1.3688,1.3707,1.3687,1.3698,45648.1,62547.985333,XRPUSDT,bybit
2026-05-22 04:55:00+00:00,1.3698,1.3705,1.3694,1.3703,20234.12,27728.37877,XRPUSDT,bybit
2026-05-22 05:00:00+00:00,1.3703,1.3704,1.3686,1.3689,14966.61,20496.592591,XRPUSDT,bybit
2026-05-22 05:05:00+00:00,1.3689,1.37,1.3688,1.3697,9822.95,13454.585706,XRPUSDT,bybit
2026-05-22 05:10:00+00:00,1.3697,1.3707,1.3694,1.3698,7841.92,10745.039348,XRPUSDT,bybit
2026-05-22 05:15:00+00:00,1.3698,1.3709,1.3698,1.3707,13915.21,19072.500787,XRPUSDT,bybit
2026-05-22 05:20:00+00:00,1.3707,1.3708,1.3677,1.3677,30200.33,41357.34933,XRPUSDT,bybit
2026-05-22 05:25:00+00:00,1.3677,1.3694,1.3677,1.3694,31618.95,43281.771445,XRPUSDT,bybit
2026-05-22 05:30:00+00:00,1.3694,1.3714,1.3693,1.3699,52756.73,72301.54816,XRPUSDT,bybit
2026-05-22 05:35:00+00:00,1.3699,1.3715,1.3691,1.3707,36319.63,49783.611777,XRPUSDT,bybit
2026-05-22 05:40:00+00:00,1.3707,1.3715,1.3695,1.3714,17634.2,24166.83889,XRPUSDT,bybit
2026-05-22 05:45:00+00:00,1.3714,1.373,1.3709,1.3729,52593.8,72161.831579,XRPUSDT,bybit
2026-05-22 05:50:00+00:00,1.3729,1.373,1.3717,1.3718,187750.73,257647.239916,XRPUSDT,bybit
2026-05-22 05:55:00+00:00,1.3718,1.3719,1.3676,1.3683,38304.92,52438.176492,XRPUSDT,bybit
2026-05-22 06:00:00+00:00,1.3683,1.3699,1.3674,1.3698,64932.15,88829.074556,XRPUSDT,bybit
2026-05-22 06:05:00+00:00,1.3698,1.3698,1.3672,1.3691,35864.56,49078.381803,XRPUSDT,bybit
2026-05-22 06:10:00+00:00,1.3691,1.3694,1.3688,1.3691,14487.04,19832.744307,XRPUSDT,bybit
2026-05-22 06:15:00+00:00,1.3691,1.3693,1.3672,1.3676,33430.81,45744.377056,XRPUSDT,bybit
2026-05-22 06:20:00+00:00,1.3676,1.3683,1.3668,1.3668,14397.94,19690.6161,XRPUSDT,bybit
2026-05-22 06:25:00+00:00,1.3668,1.3674,1.3657,1.3674,23046.91,31493.116777,XRPUSDT,bybit
2026-05-22 06:30:00+00:00,1.3674,1.3676,1.3654,1.3668,69019.11,94283.772527,XRPUSDT,bybit
2026-05-22 06:35:00+00:00,1.3668,1.3671,1.3637,1.3648,604541.84,824913.233452,XRPUSDT,bybit
2026-05-22 06:40:00+00:00,1.3648,1.3649,1.363,1.3647,42344.7,57761.08074,XRPUSDT,bybit
2026-05-22 06:45:00+00:00,1.3647,1.3647,1.3627,1.3641,154490.78,210661.994554,XRPUSDT,bybit
2026-05-22 06:50:00+00:00,1.3641,1.3641,1.3618,1.3623,45128.14,61487.812312,XRPUSDT,bybit
2026-05-22 06:55:00+00:00,1.3623,1.3624,1.3605,1.3608,66561.71,90614.092069,XRPUSDT,bybit
2026-05-22 07:00:00+00:00,1.3608,1.361,1.357,1.3581,178414.42,242351.937634,XRPUSDT,bybit
2026-05-22 07:05:00+00:00,1.3581,1.3625,1.3575,1.3611,974966.56,1326599.677861,XRPUSDT,bybit
2026-05-22 07:10:00+00:00,1.3611,1.3639,1.3611,1.3629,64292.59,87634.360386,XRPUSDT,bybit
2026-05-22 07:15:00+00:00,1.3629,1.3646,1.3629,1.3642,71498.63,97515.766535,XRPUSDT,bybit
2026-05-22 07:20:00+00:00,1.3642,1.3652,1.3638,1.3641,163817.75,223566.393838,XRPUSDT,bybit
2026-05-22 07:25:00+00:00,1.3641,1.3656,1.3641,1.3656,15167.65,20701.479262,XRPUSDT,bybit
2026-05-22 07:30:00+00:00,1.3656,1.3673,1.3656,1.3659,30284.13,41381.140331,XRPUSDT,bybit
2026-05-22 07:35:00+00:00,1.3659,1.3672,1.3659,1.3666,38254.47,52268.626621,XRPUSDT,bybit
2026-05-22 07:40:00+00:00,1.3666,1.368,1.3666,1.367,25583.91,34986.607606,XRPUSDT,bybit
2026-05-22 07:45:00+00:00,1.367,1.3671,1.3661,1.3667,12950.4,17697.646293,XRPUSDT,bybit
2026-05-22 07:50:00+00:00,1.3667,1.3668,1.3655,1.3659,14432.08,19715.334788,XRPUSDT,bybit
2026-05-22 07:55:00+00:00,1.3659,1.3664,1.3651,1.3651,5573.08,7612.086227,XRPUSDT,bybit
2026-05-22 08:00:00+00:00,1.3651,1.3667,1.3649,1.3658,39045.5,53341.230122,XRPUSDT,bybit
2026-05-22 08:05:00+00:00,1.3658,1.3658,1.3634,1.3642,35851.81,48910.555136,XRPUSDT,bybit
2026-05-22 08:10:00+00:00,1.3642,1.3665,1.3641,1.3656,15683.48,21420.226474,XRPUSDT,bybit
2026-05-22 08:15:00+00:00,1.3656,1.3684,1.3656,1.3676,47542.23,65014.37028,XRPUSDT,bybit
2026-05-22 08:20:00+00:00,1.3676,1.3686,1.3661,1.3668,21145.62,28899.876604,XRPUSDT,bybit
2026-05-22 08:25:00+00:00,1.3668,1.3677,1.3665,1.3677,12979.8,17743.440752,XRPUSDT,bybit
2026-05-22 08:30:00+00:00,1.3677,1.3679,1.3635,1.3645,134776.09,183978.051718,XRPUSDT,bybit
2026-05-22 08:35:00+00:00,1.3645,1.3654,1.3609,1.3641,100034.64,136360.244039,XRPUSDT,bybit
2026-05-22 08:40:00+00:00,1.3641,1.3642,1.3607,1.3628,444572.74,605613.661041,XRPUSDT,bybit
2026-05-22 08:45:00+00:00,1.3628,1.364,1.3627,1.3634,37533.33,51171.594127,XRPUSDT,bybit
2026-05-22 08:50:00+00:00,1.3634,1.3645,1.3624,1.3639,40277.73,54925.599659,XRPUSDT,bybit
2026-05-22 08:55:00+00:00,1.3639,1.3641,1.3623,1.3629,24286.22,33105.203504,XRPUSDT,bybit
2026-05-22 09:00:00+00:00,1.3629,1.365,1.3616,1.365,31051.58,42315.90495,XRPUSDT,bybit
2026-05-22 09:05:00+00:00,1.365,1.3651,1.363,1.3641,19447.8,26529.973721,XRPUSDT,bybit
2026-05-22 09:10:00+00:00,1.3641,1.3649,1.3634,1.3635,16581.95,22619.619026,XRPUSDT,bybit
2026-05-22 09:15:00+00:00,1.3635,1.3642,1.3622,1.3632,25302.73,34491.412911,XRPUSDT,bybit
2026-05-22 09:20:00+00:00,1.3632,1.3654,1.3631,1.3653,20440.89,27894.633198,XRPUSDT,bybit
2026-05-22 09:25:00+00:00,1.3653,1.3653,1.3633,1.3633,14836.31,20237.078379,XRPUSDT,bybit
2026-05-22 09:30:00+00:00,1.3633,1.3639,1.3613,1.3613,22945.85,31252.440771,XRPUSDT,bybit
2026-05-22 09:35:00+00:00,1.3613,1.3616,1.36,1.3614,48424.46,65896.642123,XRPUSDT,bybit
2026-05-22 09:40:00+00:00,1.3614,1.3621,1.3612,1.3612,51009.11,69452.937878,XRPUSDT,bybit
2026-05-22 09:45:00+00:00,1.3612,1.3615,1.3592,1.3607,120508.56,163901.346776,XRPUSDT,bybit
2026-05-22 09:50:00+00:00,1.3607,1.3622,1.3607,1.3614,32845.73,44710.474738,XRPUSDT,bybit
2026-05-22 09:55:00+00:00,1.3614,1.3615,1.3598,1.3601,49501.28,67347.466502,XRPUSDT,bybit
2026-05-22 10:00:00+00:00,1.3601,1.3612,1.3591,1.3591,63695.11,86641.369871,XRPUSDT,bybit
2026-05-22 10:05:00+00:00,1.3591,1.3607,1.3591,1.3604,56135.35,76331.232383,XRPUSDT,bybit
2026-05-22 10:10:00+00:00,1.3604,1.3604,1.3595,1.3598,31802.62,43251.113634,XRPUSDT,bybit
2026-05-22 10:15:00+00:00,1.3598,1.3598,1.3578,1.3578,57032.46,77478.918405,XRPUSDT,bybit
2026-05-22 10:20:00+00:00,1.3578,1.3596,1.3574,1.3592,165810.69,225190.981911,XRPUSDT,bybit
2026-05-22 10:25:00+00:00,1.3592,1.3599,1.3591,1.3596,39085.18,53127.031124,XRPUSDT,bybit
2026-05-22 10:30:00+00:00,1.3596,1.3609,1.3589,1.3604,32782.64,44576.767684,XRPUSDT,bybit
2026-05-22 10:35:00+00:00,1.3604,1.3617,1.3599,1.3614,25440.48,34613.931478,XRPUSDT,bybit
2026-05-22 10:40:00+00:00,1.3614,1.3619,1.3607,1.3616,181779.01,247410.181031,XRPUSDT,bybit
2026-05-22 10:45:00+00:00,1.3616,1.3622,1.3611,1.3615,27688.23,37701.570142,XRPUSDT,bybit
2026-05-22 10:50:00+00:00,1.3615,1.3617,1.36,1.3604,60064.28,81725.180028,XRPUSDT,bybit
2026-05-22 10:55:00+00:00,1.3604,1.3604,1.3594,1.3599,26291.06,35748.689482,XRPUSDT,bybit
2026-05-22 11:00:00+00:00,1.3599,1.3618,1.3593,1.3607,80562.94,109611.587924,XRPUSDT,bybit
2026-05-22 11:05:00+00:00,1.3607,1.3616,1.3603,1.3609,53173.34,72360.954785,XRPUSDT,bybit
2026-05-22 11:10:00+00:00,1.3609,1.3609,1.3587,1.3592,115477.83,156978.780102,XRPUSDT,bybit
2026-05-22 11:15:00+00:00,1.3592,1.3592,1.3563,1.3567,175452.83,238205.65166,XRPUSDT,bybit
2026-05-22 11:20:00+00:00,1.3567,1.3574,1.3552,1.3569,52670.25,71438.767177,XRPUSDT,bybit
2026-05-22 11:25:00+00:00,1.3569,1.3579,1.3566,1.3574,30354.26,41203.480529,XRPUSDT,bybit
2026-05-22 11:30:00+00:00,1.3574,1.359,1.3571,1.3578,51751.2,70278.115513,XRPUSDT,bybit
2026-05-22 11:35:00+00:00,1.3578,1.3588,1.3575,1.3575,40337.5,54779.592978,XRPUSDT,bybit
2026-05-22 11:40:00+00:00,1.3575,1.358,1.3566,1.3569,107222.56,145504.499211,XRPUSDT,bybit
2026-05-22 11:45:00+00:00,1.3569,1.361,1.3568,1.3605,184392.32,250648.803128,XRPUSDT,bybit
2026-05-22 11:50:00+00:00,1.3605,1.3613,1.3605,1.3609,60446.19,82262.984241,XRPUSDT,bybit
2026-05-22 11:55:00+00:00,1.3609,1.3618,1.3601,1.3618,16270.7,22144.050884,XRPUSDT,bybit
2026-05-22 12:00:00+00:00,1.3618,1.3621,1.3605,1.3616,19862.62,27044.017753,XRPUSDT,bybit
2026-05-22 12:05:00+00:00,1.3616,1.3624,1.3612,1.3618,52793.24,71895.477857,XRPUSDT,bybit
2026-05-22 12:10:00+00:00,1.3618,1.3659,1.3613,1.3642,442104.13,602914.853457,XRPUSDT,bybit
2026-05-22 12:15:00+00:00,1.3642,1.3653,1.3624,1.3644,254764.05,347473.14841,XRPUSDT,bybit
2026-05-22 12:20:00+00:00,1.3644,1.3645,1.3613,1.3625,202321.01,275715.885771,XRPUSDT,bybit
2026-05-22 12:25:00+00:00,1.3625,1.3627,1.3614,1.362,71894.45,97912.505706,XRPUSDT,bybit
2026-05-22 12:30:00+00:00,1.362,1.3631,1.3614,1.3626,69964.28,95317.802242,XRPUSDT,bybit
2026-05-22 12:35:00+00:00,1.3626,1.3631,1.3612,1.3631,89184.78,121494.671038,XRPUSDT,bybit
2026-05-22 12:40:00+00:00,1.3631,1.3642,1.3623,1.3629,134664.85,183543.898929,XRPUSDT,bybit
2026-05-22 12:45:00+00:00,1.3629,1.3651,1.3629,1.3648,65927.8,89924.379607,XRPUSDT,bybit
2026-05-22 12:50:00+00:00,1.3648,1.3657,1.3646,1.3652,178961.26,244279.634951,XRPUSDT,bybit
2026-05-22 12:55:00+00:00,1.3652,1.3662,1.364,1.3661,284860.79,388875.465517,XRPUSDT,bybit
2026-05-22 13:00:00+00:00,1.3661,1.3666,1.3654,1.3655,87908.41,120061.378964,XRPUSDT,bybit
2026-05-22 13:05:00+00:00,1.3655,1.368,1.3651,1.3679,135394.79,184990.426195,XRPUSDT,bybit
2026-05-22 13:10:00+00:00,1.3679,1.3693,1.3672,1.3686,143232.69,196013.102673,XRPUSDT,bybit
2026-05-22 13:15:00+00:00,1.3686,1.3705,1.3684,1.369,60324.92,82604.555694,XRPUSDT,bybit
2026-05-22 13:20:00+00:00,1.369,1.3694,1.3673,1.3686,33500.01,45844.588131,XRPUSDT,bybit
2026-05-22 13:25:00+00:00,1.3686,1.3686,1.3658,1.3658,45936.7,62781.936636,XRPUSDT,bybit
2026-05-22 13:30:00+00:00,1.3658,1.367,1.3608,1.3622,296502.6,404347.913067,XRPUSDT,bybit
2026-05-22 13:35:00+00:00,1.3622,1.3655,1.3622,1.3633,154348.24,210498.719374,XRPUSDT,bybit
2026-05-22 13:40:00+00:00,1.3633,1.3653,1.3594,1.3608,469288.18,638882.932093,XRPUSDT,bybit
2026-05-22 13:45:00+00:00,1.3608,1.3633,1.3584,1.3599,309298.02,420774.912616,XRPUSDT,bybit
2026-05-22 13:50:00+00:00,1.3599,1.3614,1.3576,1.3612,187592.59,254976.490813,XRPUSDT,bybit
2026-05-22 13:55:00+00:00,1.3612,1.3626,1.36,1.3626,95766.77,130354.153552,XRPUSDT,bybit
2026-05-22 14:00:00+00:00,1.3626,1.3626,1.3564,1.3571,632163.61,859592.244891,XRPUSDT,bybit
2026-05-22 14:05:00+00:00,1.3571,1.3585,1.3528,1.3584,341721.99,463124.404154,XRPUSDT,bybit
2026-05-22 14:10:00+00:00,1.3584,1.3595,1.3569,1.3572,127891.92,173651.554253,XRPUSDT,bybit
2026-05-22 14:15:00+00:00,1.3572,1.3588,1.3537,1.354,236603.84,320765.032068,XRPUSDT,bybit
2026-05-22 14:20:00+00:00,1.354,1.3545,1.3501,1.3528,632416.56,855052.345739,XRPUSDT,bybit
2026-05-22 14:25:00+00:00,1.3528,1.3555,1.3526,1.354,99290.83,134445.315691,XRPUSDT,bybit
2026-05-22 14:30:00+00:00,1.354,1.3557,1.353,1.3557,114106.79,154550.484384,XRPUSDT,bybit
2026-05-22 14:35:00+00:00,1.3557,1.3561,1.3541,1.3552,44505.9,60308.634922,XRPUSDT,bybit
2026-05-22 14:40:00+00:00,1.3552,1.356,1.3541,1.3547,121350.03,164414.138401,XRPUSDT,bybit
2026-05-22 14:45:00+00:00,1.3547,1.3548,1.3532,1.3533,123207.08,166816.077476,XRPUSDT,bybit
2026-05-22 14:50:00+00:00,1.3533,1.3533,1.3506,1.3527,231783.92,313393.199025,XRPUSDT,bybit
2026-05-22 14:55:00+00:00,1.3527,1.3538,1.3514,1.3522,66655.04,90140.187883,XRPUSDT,bybit
2026-05-22 15:00:00+00:00,1.3522,1.3549,1.3506,1.3545,73516.83,99433.061825,XRPUSDT,bybit
2026-05-22 15:05:00+00:00,1.3545,1.356,1.3517,1.3526,176567.25,238975.126187,XRPUSDT,bybit
2026-05-22 15:10:00+00:00,1.3526,1.3535,1.3498,1.3504,221118.51,298758.541873,XRPUSDT,bybit
2026-05-22 15:15:00+00:00,1.3504,1.3527,1.3504,1.3523,156469.39,211513.246188,XRPUSDT,bybit
2026-05-22 15:20:00+00:00,1.3523,1.3533,1.3483,1.3494,202551.5,273533.891825,XRPUSDT,bybit
2026-05-22 15:25:00+00:00,1.3494,1.3553,1.3469,1.3553,341904.3,461712.782924,XRPUSDT,bybit
2026-05-22 15:30:00+00:00,1.3553,1.3578,1.3548,1.3565,144778.2,196369.135084,XRPUSDT,bybit
2026-05-22 15:35:00+00:00,1.3565,1.3575,1.3537,1.3545,101798.52,138014.381407,XRPUSDT,bybit
2026-05-22 15:40:00+00:00,1.3545,1.3551,1.3526,1.3548,132101.58,178902.324388,XRPUSDT,bybit
2026-05-22 15:45:00+00:00,1.3548,1.3551,1.3539,1.3546,21732.38,29440.34908,XRPUSDT,bybit
2026-05-22 15:50:00+00:00,1.3546,1.3554,1.3525,1.355,197107.13,266815.682973,XRPUSDT,bybit
2026-05-22 15:55:00+00:00,1.355,1.3554,1.3533,1.3533,168277.93,227930.74138,XRPUSDT,bybit
2026-05-22 16:00:00+00:00,1.3533,1.3557,1.353,1.355,106181.07,143816.727603,XRPUSDT,bybit
2026-05-22 16:05:00+00:00,1.355,1.3553,1.3524,1.3529,148500.4,201016.419299,XRPUSDT,bybit
2026-05-22 16:10:00+00:00,1.3529,1.3539,1.3518,1.3526,135166.41,182828.007605,XRPUSDT,bybit
2026-05-22 16:15:00+00:00,1.3526,1.3526,1.3503,1.3512,222108.59,300184.803262,XRPUSDT,bybit
2026-05-22 16:20:00+00:00,1.3512,1.3538,1.351,1.3517,108299.88,146478.065385,XRPUSDT,bybit
2026-05-22 16:25:00+00:00,1.3517,1.3534,1.3514,1.3533,70119.77,94807.886541,XRPUSDT,bybit
2026-05-22 16:30:00+00:00,1.3533,1.3545,1.3516,1.3516,124442.45,168400.567513,XRPUSDT,bybit
2026-05-22 16:35:00+00:00,1.3516,1.3536,1.3508,1.3521,87660.58,118505.2996,XRPUSDT,bybit
2026-05-22 16:40:00+00:00,1.3521,1.3528,1.3511,1.3518,100904.5,136415.5169,XRPUSDT,bybit
2026-05-22 16:45:00+00:00,1.3518,1.3539,1.3518,1.3538,69189.13,93620.334314,XRPUSDT,bybit
2026-05-22 16:50:00+00:00,1.3538,1.3549,1.3538,1.3547,39612.52,53651.710677,XRPUSDT,bybit
2026-05-22 16:55:00+00:00,1.3547,1.3553,1.3533,1.3546,72016.01,97548.930829,XRPUSDT,bybit
2026-05-22 17:00:00+00:00,1.3546,1.3568,1.3546,1.3568,27104.61,36746.935175,XRPUSDT,bybit
2026-05-22 17:05:00+00:00,1.3568,1.3575,1.3552,1.3556,70731.21,95903.764187,XRPUSDT,bybit
2026-05-22 17:10:00+00:00,1.3556,1.3562,1.3551,1.3561,25873.55,35074.524325,XRPUSDT,bybit
2026-05-22 17:15:00+00:00,1.3561,1.357,1.3533,1.3535,132441.01,179410.596311,XRPUSDT,bybit
2026-05-22 17:20:00+00:00,1.3535,1.3546,1.3509,1.3524,119101.43,161114.230296,XRPUSDT,bybit
2026-05-22 17:25:00+00:00,1.3524,1.3586,1.3522,1.3586,372573.54,505250.51651,XRPUSDT,bybit
2026-05-22 17:30:00+00:00,1.3586,1.3595,1.3558,1.3569,89723.44,121799.402699,XRPUSDT,bybit
2026-05-22 17:35:00+00:00,1.3569,1.3581,1.3557,1.3577,22065.03,29936.428348,XRPUSDT,bybit
2026-05-22 17:40:00+00:00,1.3577,1.3594,1.3577,1.3584,22437.66,30484.775559,XRPUSDT,bybit
2026-05-22 17:45:00+00:00,1.3584,1.3586,1.3546,1.3552,148393.43,201252.207245,XRPUSDT,bybit
2026-05-22 17:50:00+00:00,1.3552,1.3553,1.3532,1.3538,43060.02,58307.688103,XRPUSDT,bybit
2026-05-22 17:55:00+00:00,1.3538,1.3545,1.353,1.3534,109445.52,148182.373066,XRPUSDT,bybit
2026-05-22 18:00:00+00:00,1.3534,1.3535,1.3495,1.3511,243163.62,328519.109212,XRPUSDT,bybit
2026-05-22 18:05:00+00:00,1.3511,1.3516,1.3504,1.3509,18890.17,25523.189853,XRPUSDT,bybit
2026-05-22 18:10:00+00:00,1.3509,1.3529,1.3509,1.3529,20027.9,27070.669645,XRPUSDT,bybit
2026-05-22 18:15:00+00:00,1.3529,1.3551,1.3521,1.3544,15889.95,21507.298079,XRPUSDT,bybit
2026-05-22 18:20:00+00:00,1.3544,1.3557,1.354,1.3551,14466.09,19597.272159,XRPUSDT,bybit
2026-05-22 18:25:00+00:00,1.3551,1.3555,1.353,1.3534,27145.35,36752.631471,XRPUSDT,bybit
2026-05-22 18:30:00+00:00,1.3534,1.3537,1.3511,1.3516,56054.94,75786.93382,XRPUSDT,bybit
2026-05-22 18:35:00+00:00,1.3516,1.3516,1.3441,1.3486,655721.07,883147.063043,XRPUSDT,bybit
2026-05-22 18:40:00+00:00,1.3486,1.349,1.3459,1.3459,62477.42,84194.793139,XRPUSDT,bybit
2026-05-22 18:45:00+00:00,1.3459,1.3462,1.3348,1.3435,1742696.86,2334235.915063,XRPUSDT,bybit
2026-05-22 18:50:00+00:00,1.3435,1.349,1.3435,1.3486,170706.01,229831.828093,XRPUSDT,bybit
2026-05-22 18:55:00+00:00,1.3486,1.3509,1.3484,1.3501,108755.21,146827.615734,XRPUSDT,bybit
2026-05-22 19:00:00+00:00,1.3501,1.3524,1.3466,1.3477,179887.24,242811.085379,XRPUSDT,bybit
2026-05-22 19:05:00+00:00,1.3477,1.3477,1.3442,1.3445,65338.51,87938.229997,XRPUSDT,bybit
2026-05-22 19:10:00+00:00,1.3445,1.3459,1.3438,1.3453,74517.81,100249.134326,XRPUSDT,bybit
2026-05-22 19:15:00+00:00,1.3453,1.3474,1.3449,1.3473,41271.66,55562.923465,XRPUSDT,bybit
2026-05-22 19:20:00+00:00,1.3473,1.3481,1.3466,1.3471,39716.45,53508.173997,XRPUSDT,bybit
2026-05-22 19:25:00+00:00,1.3471,1.3474,1.3421,1.3435,188100.42,252742.953585,XRPUSDT,bybit
2026-05-22 19:30:00+00:00,1.3435,1.3439,1.3353,1.3421,956803.38,1281013.684726,XRPUSDT,bybit
2026-05-22 19:35:00+00:00,1.3421,1.3439,1.3389,1.3389,378886.35,508242.981381,XRPUSDT,bybit
2026-05-22 19:40:00+00:00,1.3389,1.3393,1.3347,1.3386,289326.23,386650.652553,XRPUSDT,bybit
2026-05-22 19:45:00+00:00,1.3386,1.34,1.3367,1.3373,81747.85,109400.778755,XRPUSDT,bybit
2026-05-22 19:50:00+00:00,1.3373,1.343,1.3361,1.3414,424771.09,569024.18601,XRPUSDT,bybit
2026-05-22 19:55:00+00:00,1.3414,1.3425,1.3379,1.3386,70700.92,94745.459769,XRPUSDT,bybit
2026-05-22 20:00:00+00:00,1.3386,1.342,1.3385,1.3393,135683.74,181793.949077,XRPUSDT,bybit
2026-05-22 20:05:00+00:00,1.3393,1.3416,1.3386,1.3394,13354.2,17899.875276,XRPUSDT,bybit
2026-05-22 20:10:00+00:00,1.3394,1.3405,1.3388,1.3391,46315.36,62036.320053,XRPUSDT,bybit
2026-05-22 20:15:00+00:00,1.3391,1.3413,1.3387,1.3393,29049.11,38926.410964,XRPUSDT,bybit
2026-05-22 20:20:00+00:00,1.3393,1.341,1.3377,1.3396,39497.63,52908.641042,XRPUSDT,bybit
2026-05-22 20:25:00+00:00,1.3396,1.3407,1.339,1.3398,59540.95,79762.466887,XRPUSDT,bybit
2026-05-22 20:30:00+00:00,1.3398,1.3398,1.3355,1.3387,275924.77,369090.173299,XRPUSDT,bybit
2026-05-22 20:35:00+00:00,1.3387,1.3393,1.338,1.3393,20601.61,27582.756789,XRPUSDT,bybit
2026-05-22 20:40:00+00:00,1.3393,1.3407,1.3383,1.3394,82275.58,110249.892842,XRPUSDT,bybit
2026-05-22 20:45:00+00:00,1.3394,1.3417,1.3385,1.3416,66905.08,89580.998263,XRPUSDT,bybit
2026-05-22 20:50:00+00:00,1.3416,1.343,1.3404,1.3422,107567.43,144394.721209,XRPUSDT,bybit
2026-05-22 20:55:00+00:00,1.3422,1.3424,1.3405,1.3421,33505.4,44945.426049,XRPUSDT,bybit
2026-05-22 21:00:00+00:00,1.3421,1.3431,1.3415,1.3419,34208.81,45926.241334,XRPUSDT,bybit
2026-05-22 21:05:00+00:00,1.3419,1.3424,1.3411,1.3417,3369.4,4521.224666,XRPUSDT,bybit
2026-05-22 21:10:00+00:00,1.3417,1.3423,1.3412,1.3413,32104.89,43075.053945,XRPUSDT,bybit
2026-05-22 21:15:00+00:00,1.3413,1.3414,1.3403,1.3413,33370.98,44754.593834,XRPUSDT,bybit
2026-05-22 21:20:00+00:00,1.3413,1.3421,1.3413,1.3416,6554.09,8792.771182,XRPUSDT,bybit
2026-05-22 21:25:00+00:00,1.3416,1.3421,1.3409,1.3421,11933.58,16009.425195,XRPUSDT,bybit
2026-05-22 21:30:00+00:00,1.3421,1.3438,1.342,1.3433,21962.71,29491.386797,XRPUSDT,bybit
2026-05-22 21:35:00+00:00,1.3433,1.3435,1.3425,1.3432,26911.36,36143.004579,XRPUSDT,bybit
2026-05-22 21:40:00+00:00,1.3432,1.3434,1.3416,1.3418,32105.67,43092.774678,XRPUSDT,bybit
2026-05-22 21:45:00+00:00,1.3418,1.3436,1.3418,1.3436,11667.71,15666.589039,XRPUSDT,bybit
2026-05-22 21:50:00+00:00,1.3436,1.3438,1.3429,1.3432,15563.61,20904.841197,XRPUSDT,bybit
2026-05-22 21:55:00+00:00,1.3432,1.3432,1.3416,1.3426,55492.03,74484.854981,XRPUSDT,bybit
2026-05-22 22:00:00+00:00,1.3426,1.3439,1.3415,1.342,35637.92,47856.135641,XRPUSDT,bybit
2026-05-22 22:05:00+00:00,1.342,1.3426,1.3414,1.3424,22764.99,30547.665136,XRPUSDT,bybit
2026-05-22 22:10:00+00:00,1.3424,1.3438,1.3408,1.3435,56172.94,75394.688659,XRPUSDT,bybit
2026-05-22 22:15:00+00:00,1.3435,1.3436,1.341,1.341,34107.2,45774.401725,XRPUSDT,bybit
2026-05-22 22:20:00+00:00,1.341,1.3418,1.3409,1.3416,23616.9,31680.24243,XRPUSDT,bybit
2026-05-22 22:25:00+00:00,1.3416,1.3416,1.341,1.3416,6497.23,8714.484406,XRPUSDT,bybit
2026-05-22 22:30:00+00:00,1.3416,1.3428,1.3395,1.34,38895.57,52155.381658,XRPUSDT,bybit
2026-05-22 22:35:00+00:00,1.34,1.341,1.3396,1.3405,9218.21,12355.128321,XRPUSDT,bybit
2026-05-22 22:40:00+00:00,1.3405,1.3406,1.3378,1.3394,81598.74,109235.609162,XRPUSDT,bybit
2026-05-22 22:45:00+00:00,1.3394,1.3397,1.3386,1.3397,46395.63,62117.744194,XRPUSDT,bybit
2026-05-22 22:50:00+00:00,1.3397,1.3401,1.3394,1.34,14407.75,19302.997685,XRPUSDT,bybit
2026-05-22 22:55:00+00:00,1.34,1.3405,1.3398,1.3405,3617.17,4846.803096,XRPUSDT,bybit
2026-05-22 23:00:00+00:00,1.3405,1.3427,1.3405,1.3425,23772.75,31904.988894,XRPUSDT,bybit
2026-05-22 23:05:00+00:00,1.3425,1.3428,1.3422,1.3425,8914.72,11967.948929,XRPUSDT,bybit
2026-05-22 23:10:00+00:00,1.3425,1.3427,1.3422,1.3423,4377.7,5876.924484,XRPUSDT,bybit
2026-05-22 23:15:00+00:00,1.3423,1.3427,1.3401,1.3402,30136.15,40413.746209,XRPUSDT,bybit
2026-05-22 23:20:00+00:00,1.3402,1.3405,1.3386,1.3397,104092.6,139410.26826,XRPUSDT,bybit
2026-05-22 23:25:00+00:00,1.3397,1.3397,1.3361,1.3362,64200.5,85898.535759,XRPUSDT,bybit
2026-05-22 23:30:00+00:00,1.3362,1.3381,1.3354,1.3381,42970.05,57445.389426,XRPUSDT,bybit
2026-05-22 23:35:00+00:00,1.3381,1.3401,1.3377,1.3399,13946.04,18681.661405,XRPUSDT,bybit
2026-05-22 23:40:00+00:00,1.3399,1.3407,1.3396,1.3402,15035.58,20147.75744,XRPUSDT,bybit
2026-05-22 23:45:00+00:00,1.3402,1.3402,1.3299,1.3337,2051467.31,2734773.211962,XRPUSDT,bybit
2026-05-22 23:50:00+00:00,1.3337,1.3367,1.3336,1.3361,124492.27,166298.855685,XRPUSDT,bybit
2026-05-22 23:55:00+00:00,1.3361,1.3361,1.3342,1.335,88297.23,117899.998721,XRPUSDT,bybit
2026-05-23 00:00:00+00:00,1.335,1.3357,1.3328,1.3346,238657.06,318434.962353,XRPUSDT,bybit
2026-05-23 00:05:00+00:00,1.3346,1.3369,1.3334,1.3354,120958.54,161558.166225,XRPUSDT,bybit
2026-05-23 00:10:00+00:00,1.3354,1.3357,1.3313,1.3328,87563.09,116712.093825,XRPUSDT,bybit
2026-05-23 00:15:00+00:00,1.3328,1.3351,1.3313,1.3332,174457.88,232642.908638,XRPUSDT,bybit
2026-05-23 00:20:00+00:00,1.3332,1.3337,1.3321,1.3324,42543.1,56706.012601,XRPUSDT,bybit
2026-05-23 00:25:00+00:00,1.3324,1.3329,1.3299,1.3322,97233.96,129379.797207,XRPUSDT,bybit
2026-05-23 00:30:00+00:00,1.3322,1.3334,1.3289,1.3314,265478.61,353385.586605,XRPUSDT,bybit
2026-05-23 00:35:00+00:00,1.3314,1.3314,1.3269,1.3307,163237.81,216945.612955,XRPUSDT,bybit
2026-05-23 00:40:00+00:00,1.3307,1.3307,1.3277,1.3296,271043.06,360327.759237,XRPUSDT,bybit
2026-05-23 00:45:00+00:00,1.3296,1.332,1.3291,1.3319,69950.58,93058.299228,XRPUSDT,bybit
2026-05-23 00:50:00+00:00,1.3319,1.334,1.3319,1.3334,188029.41,250664.735591,XRPUSDT,bybit
2026-05-23 00:55:00+00:00,1.3334,1.3357,1.3334,1.3347,94539.71,126188.091647,XRPUSDT,bybit
2026-05-23 01:00:00+00:00,1.3347,1.3385,1.3347,1.3373,85463.23,114264.273654,XRPUSDT,bybit
2026-05-23 01:05:00+00:00,1.3373,1.3373,1.3363,1.3367,41641.85,55663.365288,XRPUSDT,bybit
2026-05-23 01:10:00+00:00,1.3367,1.3369,1.3354,1.3356,110401.35,147523.075348,XRPUSDT,bybit
2026-05-23 01:15:00+00:00,1.3356,1.3361,1.3337,1.3356,18772.07,25056.38602,XRPUSDT,bybit
2026-05-23 01:20:00+00:00,1.3356,1.3376,1.3355,1.3368,14441.52,19306.143424,XRPUSDT,bybit
2026-05-23 01:25:00+00:00,1.3368,1.3374,1.3365,1.3368,5864.2,7838.955662,XRPUSDT,bybit
2026-05-23 01:30:00+00:00,1.3368,1.3376,1.3365,1.3365,32569.35,43548.29952,XRPUSDT,bybit
2026-05-23 01:35:00+00:00,1.3365,1.3391,1.3365,1.3384,55466.79,74226.325963,XRPUSDT,bybit
2026-05-23 01:40:00+00:00,1.3384,1.3385,1.337,1.3381,41383.25,55373.798475,XRPUSDT,bybit
2026-05-23 01:45:00+00:00,1.3381,1.3386,1.3361,1.3385,22498.56,30096.081228,XRPUSDT,bybit
2026-05-23 01:50:00+00:00,1.3385,1.3391,1.3375,1.3386,39576.87,52967.740283,XRPUSDT,bybit
2026-05-23 01:55:00+00:00,1.3386,1.3386,1.3375,1.3376,12509.11,16735.550726,XRPUSDT,bybit
2026-05-23 02:00:00+00:00,1.3376,1.3384,1.3366,1.3367,48795.72,65287.094372,XRPUSDT,bybit
2026-05-23 02:05:00+00:00,1.3367,1.3382,1.3367,1.3376,7313.98,9784.877715,XRPUSDT,bybit
2026-05-23 02:10:00+00:00,1.3376,1.339,1.3372,1.3375,92437.23,123688.264498,XRPUSDT,bybit
2026-05-23 02:15:00+00:00,1.3375,1.3395,1.3374,1.3379,37708.78,50485.74415,XRPUSDT,bybit
2026-05-23 02:20:00+00:00,1.3379,1.3389,1.3373,1.3389,9815.88,13130.809013,XRPUSDT,bybit
2026-05-23 02:25:00+00:00,1.3389,1.3391,1.3374,1.3376,4563.94,6108.186379,XRPUSDT,bybit
2026-05-23 02:30:00+00:00,1.3376,1.3383,1.337,1.3378,8268.6,11061.26197,XRPUSDT,bybit
2026-05-23 02:35:00+00:00,1.3378,1.3394,1.3377,1.339,32039.83,42881.388428,XRPUSDT,bybit
2026-05-23 02:40:00+00:00,1.339,1.3398,1.3385,1.3396,21984.25,29441.008431,XRPUSDT,bybit
2026-05-23 02:45:00+00:00,1.3396,1.3404,1.3393,1.3403,25883.13,34677.444121,XRPUSDT,bybit
2026-05-23 02:50:00+00:00,1.3403,1.3405,1.3399,1.3401,63130.32,84606.404829,XRPUSDT,bybit
2026-05-23 02:55:00+00:00,1.3401,1.3404,1.3394,1.34,40839.24,54722.966813,XRPUSDT,bybit
2026-05-23 03:00:00+00:00,1.34,1.3406,1.3397,1.3406,60495.71,81086.452657,XRPUSDT,bybit
2026-05-23 03:05:00+00:00,1.3406,1.3407,1.34,1.3402,21853.39,29291.443722,XRPUSDT,bybit
2026-05-23 03:10:00+00:00,1.3402,1.3406,1.3399,1.3406,18278.71,24494.121071,XRPUSDT,bybit
2026-05-23 03:15:00+00:00,1.3406,1.3406,1.3398,1.34,6295.93,8438.042452,XRPUSDT,bybit
2026-05-23 03:20:00+00:00,1.34,1.3421,1.3399,1.3408,109652.98,147095.674319,XRPUSDT,bybit
2026-05-23 03:25:00+00:00,1.3408,1.3412,1.3404,1.3408,13053.8,17502.450365,XRPUSDT,bybit
2026-05-23 03:30:00+00:00,1.3408,1.3423,1.3408,1.3415,35329.34,47408.571584,XRPUSDT,bybit
2026-05-23 03:35:00+00:00,1.3415,1.342,1.3414,1.3418,23423.5,31425.331088,XRPUSDT,bybit
2026-05-23 03:40:00+00:00,1.3418,1.3418,1.3413,1.3414,6996.77,9386.333724,XRPUSDT,bybit
2026-05-23 03:45:00+00:00,1.3414,1.3416,1.3409,1.3412,3713.96,4981.381736,XRPUSDT,bybit
2026-05-23 03:50:00+00:00,1.3412,1.3415,1.3411,1.3414,4648.94,6235.857031,XRPUSDT,bybit
2026-05-23 03:55:00+00:00,1.3414,1.3414,1.3404,1.3411,26541.14,35590.557636,XRPUSDT,bybit
2026-05-23 04:00:00+00:00,1.3411,1.3411,1.3402,1.3409,26167.94,35081.720778,XRPUSDT,bybit
2026-05-23 04:05:00+00:00,1.3409,1.341,1.3398,1.3402,16475.03,22076.763829,XRPUSDT,bybit
2026-05-23 04:10:00+00:00,1.3402,1.3407,1.3402,1.3404,33332.08,44678.632811,XRPUSDT,bybit
2026-05-23 04:15:00+00:00,1.3404,1.3406,1.3391,1.3391,20672.27,27696.426947,XRPUSDT,bybit
2026-05-23 04:20:00+00:00,1.3391,1.3391,1.3376,1.3379,44717.57,59847.046849,XRPUSDT,bybit
2026-05-23 04:25:00+00:00,1.3379,1.3382,1.3372,1.3378,17342.08,23196.48549,XRPUSDT,bybit
2026-05-23 04:30:00+00:00,1.3378,1.3395,1.3378,1.3384,18814.2,25183.967818,XRPUSDT,bybit
2026-05-23 04:35:00+00:00,1.3384,1.3384,1.3355,1.3358,53409.71,71361.374907,XRPUSDT,bybit
2026-05-23 04:40:00+00:00,1.3358,1.3359,1.3349,1.3353,19031.57,25415.148877,XRPUSDT,bybit
2026-05-23 04:45:00+00:00,1.3353,1.3366,1.3353,1.3366,12559.27,16781.94467,XRPUSDT,bybit
2026-05-23 04:50:00+00:00,1.3366,1.3369,1.3357,1.3359,16098.27,21510.328909,XRPUSDT,bybit
2026-05-23 04:55:00+00:00,1.3359,1.3363,1.3356,1.3361,12550.23,16765.787959,XRPUSDT,bybit
2026-05-23 05:00:00+00:00,1.3361,1.3363,1.3349,1.3362,83195.64,111092.759515,XRPUSDT,bybit
2026-05-23 05:05:00+00:00,1.3362,1.3364,1.3352,1.3356,17254.44,23045.980952,XRPUSDT,bybit
2026-05-23 05:10:00+00:00,1.3356,1.3356,1.3346,1.335,10768.59,14375.152485,XRPUSDT,bybit
2026-05-23 05:15:00+00:00,1.335,1.3357,1.3334,1.3335,39115.06,52192.660671,XRPUSDT,bybit
2026-05-23 05:20:00+00:00,1.3335,1.3335,1.3311,1.3318,123949.42,165141.038264,XRPUSDT,bybit
2026-05-23 05:25:00+00:00,1.3318,1.3324,1.3306,1.3308,69553.88,92615.955168,XRPUSDT,bybit
2026-05-23 05:30:00+00:00,1.3308,1.331,1.3296,1.3296,150589.73,200327.099923,XRPUSDT,bybit
2026-05-23 05:35:00+00:00,1.3296,1.3314,1.3294,1.3314,27218.68,36208.672739,XRPUSDT,bybit
2026-05-23 05:40:00+00:00,1.3314,1.3323,1.331,1.3315,53497.71,71234.075323,XRPUSDT,bybit
2026-05-23 05:45:00+00:00,1.3315,1.3318,1.3304,1.3304,88194.3,117394.679399,XRPUSDT,bybit
2026-05-23 05:50:00+00:00,1.3304,1.3312,1.3298,1.3308,172292.29,229227.199008,XRPUSDT,bybit
2026-05-23 05:55:00+00:00,1.3308,1.3316,1.3299,1.3314,85430.01,113670.41369,XRPUSDT,bybit
2026-05-23 06:00:00+00:00,1.3314,1.3338,1.3287,1.3322,601202.79,800451.575638,XRPUSDT,bybit
2026-05-23 06:05:00+00:00,1.3322,1.3336,1.3322,1.3331,112885.74,150498.784609,XRPUSDT,bybit
2026-05-23 06:10:00+00:00,1.3331,1.3331,1.3326,1.333,23092.67,30778.180581,XRPUSDT,bybit
2026-05-23 06:15:00+00:00,1.333,1.3346,1.333,1.3342,28199.76,37617.946381,XRPUSDT,bybit
2026-05-23 06:20:00+00:00,1.3342,1.3344,1.3337,1.3339,11904.17,15879.520128,XRPUSDT,bybit
2026-05-23 06:25:00+00:00,1.3339,1.3343,1.3334,1.3342,29892.36,39871.323083,XRPUSDT,bybit
2026-05-23 06:30:00+00:00,1.3342,1.3355,1.3342,1.3348,32971.19,44015.812414,XRPUSDT,bybit
2026-05-23 06:35:00+00:00,1.3348,1.3354,1.3333,1.3334,36024.33,48054.927904,XRPUSDT,bybit
2026-05-23 06:40:00+00:00,1.3334,1.334,1.3334,1.3337,8760.99,11684.17303,XRPUSDT,bybit
2026-05-23 06:45:00+00:00,1.3337,1.334,1.3323,1.333,31446.04,41920.224225,XRPUSDT,bybit
2026-05-23 06:50:00+00:00,1.333,1.3338,1.3328,1.3335,11659.91,15544.425778,XRPUSDT,bybit
2026-05-23 06:55:00+00:00,1.3335,1.3339,1.3323,1.333,132612.99,176773.467853,XRPUSDT,bybit
2026-05-23 07:00:00+00:00,1.333,1.3337,1.3314,1.3317,263651.14,351178.683191,XRPUSDT,bybit
2026-05-23 07:05:00+00:00,1.3317,1.3317,1.3289,1.3309,164474.45,218774.297061,XRPUSDT,bybit
2026-05-23 07:10:00+00:00,1.3309,1.3319,1.3303,1.3313,44594.61,59360.430276,XRPUSDT,bybit
2026-05-23 07:15:00+00:00,1.3313,1.3313,1.33,1.3304,59714.25,79447.724839,XRPUSDT,bybit
2026-05-23 07:20:00+00:00,1.3304,1.3316,1.3301,1.3316,21284.88,28323.534555,XRPUSDT,bybit
2026-05-23 07:25:00+00:00,1.3316,1.3316,1.3303,1.3309,20198.67,26878.22228,XRPUSDT,bybit
2026-05-23 07:30:00+00:00,1.3309,1.3315,1.3271,1.3315,413288.94,549379.930379,XRPUSDT,bybit
2026-05-23 07:35:00+00:00,1.3315,1.3331,1.3314,1.3318,78626.12,104778.466938,XRPUSDT,bybit
2026-05-23 07:40:00+00:00,1.3318,1.3318,1.33,1.3313,72323.33,96251.837357,XRPUSDT,bybit
2026-05-23 07:45:00+00:00,1.3313,1.3313,1.3228,1.3242,1057026.68,1401335.311876,XRPUSDT,bybit
2026-05-23 07:50:00+00:00,1.3242,1.3246,1.3013,1.3117,3387202.18,4442301.401243,XRPUSDT,bybit
2026-05-23 07:55:00+00:00,1.3117,1.3137,1.3107,1.3123,267996.24,351736.598855,XRPUSDT,bybit
2026-05-23 08:00:00+00:00,1.3123,1.3152,1.3115,1.3133,345076.03,453160.385756,XRPUSDT,bybit
2026-05-23 08:05:00+00:00,1.3133,1.3165,1.3128,1.3159,142726.59,187586.722339,XRPUSDT,bybit
2026-05-23 08:10:00+00:00,1.3159,1.3186,1.3136,1.3147,713386.58,938516.037026,XRPUSDT,bybit
2026-05-23 08:15:00+00:00,1.3147,1.3173,1.3147,1.3156,120760.99,158936.031692,XRPUSDT,bybit
2026-05-23 08:20:00+00:00,1.3156,1.316,1.3127,1.3147,160809.27,211297.186498,XRPUSDT,bybit
2026-05-23 08:25:00+00:00,1.3147,1.315,1.3107,1.3107,207071.45,271773.71672,XRPUSDT,bybit
2026-05-23 08:30:00+00:00,1.3107,1.3136,1.3079,1.3116,927188.67,1215301.100309,XRPUSDT,bybit
2026-05-23 08:35:00+00:00,1.3116,1.3116,1.3084,1.3086,164386.56,215335.238736,XRPUSDT,bybit
2026-05-23 08:40:00+00:00,1.3086,1.3092,1.307,1.3088,119359.44,156120.262779,XRPUSDT,bybit
2026-05-23 08:45:00+00:00,1.3088,1.3106,1.3085,1.3102,116522.21,152584.887238,XRPUSDT,bybit
2026-05-23 08:50:00+00:00,1.3102,1.3113,1.3098,1.3099,69816.2,91498.141307,XRPUSDT,bybit
2026-05-23 08:55:00+00:00,1.3099,1.3113,1.3098,1.3108,23806.88,31204.14439,XRPUSDT,bybit
2026-05-23 09:00:00+00:00,1.3108,1.3123,1.3105,1.3121,39215.89,51437.459866,XRPUSDT,bybit
2026-05-23 09:05:00+00:00,1.3121,1.3121,1.3109,1.3109,56882.46,74595.653184,XRPUSDT,bybit
2026-05-23 09:10:00+00:00,1.3109,1.3112,1.3101,1.3105,113734.1,149047.001887,XRPUSDT,bybit
2026-05-23 09:15:00+00:00,1.3105,1.3118,1.3102,1.3106,126191.2,165424.270196,XRPUSDT,bybit
2026-05-23 09:20:00+00:00,1.3106,1.312,1.3104,1.3119,42527.73,55776.98241,XRPUSDT,bybit
2026-05-23 09:25:00+00:00,1.3119,1.314,1.3119,1.314,55371.86,72691.9448,XRPUSDT,bybit
2026-05-23 09:30:00+00:00,1.314,1.3164,1.313,1.3159,333912.91,438756.554553,XRPUSDT,bybit
2026-05-23 09:35:00+00:00,1.3159,1.3167,1.3154,1.3164,67480.46,88798.26906,XRPUSDT,bybit
2026-05-23 09:40:00+00:00,1.3164,1.3175,1.3164,1.3174,101139.51,133184.523735,XRPUSDT,bybit
2026-05-23 09:45:00+00:00,1.3174,1.3181,1.3173,1.3177,46909.83,61813.671577,XRPUSDT,bybit
2026-05-23 09:50:00+00:00,1.3177,1.3178,1.3171,1.3175,34883.59,45957.097077,XRPUSDT,bybit
2026-05-23 09:55:00+00:00,1.3175,1.3177,1.3171,1.3172,17416.85,22945.177243,XRPUSDT,bybit
2026-05-23 10:00:00+00:00,1.3172,1.3191,1.3171,1.3189,28942.54,38145.133735,XRPUSDT,bybit
2026-05-23 10:05:00+00:00,1.3189,1.3196,1.318,1.3181,72197.78,95227.894189,XRPUSDT,bybit
2026-05-23 10:10:00+00:00,1.3181,1.3195,1.3181,1.3191,41452.48,54678.523461,XRPUSDT,bybit
2026-05-23 10:15:00+00:00,1.3191,1.3194,1.3177,1.3186,21001.45,27690.113771,XRPUSDT,bybit
2026-05-23 10:20:00+00:00,1.3186,1.3187,1.3176,1.3182,52248.83,68864.389555,XRPUSDT,bybit
2026-05-23 10:25:00+00:00,1.3182,1.3199,1.3181,1.3198,16449.12,21696.11592,XRPUSDT,bybit
2026-05-23 10:30:00+00:00,1.3198,1.3208,1.3189,1.3207,41796.54,55161.712403,XRPUSDT,bybit
2026-05-23 10:35:00+00:00,1.3207,1.323,1.3205,1.3229,79020.91,104423.406318,XRPUSDT,bybit
2026-05-23 10:40:00+00:00,1.3229,1.3231,1.3222,1.323,101025.68,133638.018212,XRPUSDT,bybit
2026-05-23 10:45:00+00:00,1.323,1.3239,1.3227,1.3227,142726.65,188842.669697,XRPUSDT,bybit
2026-05-23 10:50:00+00:00,1.3227,1.3232,1.3224,1.3225,241278.17,319170.558978,XRPUSDT,bybit
2026-05-23 10:55:00+00:00,1.3225,1.3235,1.3225,1.3228,382107.92,505534.407981,XRPUSDT,bybit
2026-05-23 11:00:00+00:00,1.3228,1.3231,1.3214,1.3218,76624.99,101305.881502,XRPUSDT,bybit
2026-05-23 11:05:00+00:00,1.3218,1.3253,1.3218,1.3243,92205.89,122075.935369,XRPUSDT,bybit
2026-05-23 11:10:00+00:00,1.3243,1.3245,1.3229,1.3234,32911.2,43573.035921,XRPUSDT,bybit
2026-05-23 11:15:00+00:00,1.3234,1.326,1.3233,1.3256,23187.65,30711.556187,XRPUSDT,bybit
2026-05-23 11:20:00+00:00,1.3256,1.3265,1.3251,1.3253,21968.88,29125.986686,XRPUSDT,bybit
2026-05-23 11:25:00+00:00,1.3253,1.3259,1.325,1.3257,30000.81,39765.935673,XRPUSDT,bybit
2026-05-23 11:30:00+00:00,1.3257,1.3259,1.3249,1.3252,71190.81,94359.390232,XRPUSDT,bybit
2026-05-23 11:35:00+00:00,1.3252,1.3254,1.3243,1.3245,43787.04,58008.434805,XRPUSDT,bybit
2026-05-23 11:40:00+00:00,1.3245,1.3249,1.3243,1.3245,9146.9,12115.117593,XRPUSDT,bybit
2026-05-23 11:45:00+00:00,1.3245,1.3245,1.324,1.3242,23308.47,30865.935024,XRPUSDT,bybit
2026-05-23 11:50:00+00:00,1.3242,1.3248,1.3241,1.3248,21758.12,28821.210841,XRPUSDT,bybit
2026-05-23 11:55:00+00:00,1.3248,1.3256,1.3245,1.3246,32837.36,43514.692228,XRPUSDT,bybit
2026-05-23 12:00:00+00:00,1.3246,1.3255,1.3242,1.3243,41144.99,54501.753124,XRPUSDT,bybit
2026-05-23 12:05:00+00:00,1.3243,1.3273,1.3243,1.3268,74127.33,98289.326211,XRPUSDT,bybit
2026-05-23 12:10:00+00:00,1.3268,1.3269,1.3243,1.3255,99528.33,131934.051786,XRPUSDT,bybit
2026-05-23 12:15:00+00:00,1.3255,1.3255,1.3244,1.3244,15423.34,20438.471896,XRPUSDT,bybit
2026-05-23 12:20:00+00:00,1.3244,1.325,1.3241,1.3247,19079.65,25269.719801,XRPUSDT,bybit
2026-05-23 12:25:00+00:00,1.3247,1.3251,1.3242,1.3251,19901.75,26360.193064,XRPUSDT,bybit
2026-05-23 12:30:00+00:00,1.3251,1.3258,1.325,1.3258,9327.16,12362.769974,XRPUSDT,bybit
2026-05-23 12:35:00+00:00,1.3258,1.3273,1.3258,1.3267,15648.76,20759.675122,XRPUSDT,bybit
2026-05-23 12:40:00+00:00,1.3267,1.3272,1.3251,1.3253,34742.85,46065.744382,XRPUSDT,bybit
2026-05-23 12:45:00+00:00,1.3253,1.326,1.3251,1.3259,6058.6,8031.37118,XRPUSDT,bybit
2026-05-23 12:50:00+00:00,1.3259,1.326,1.3248,1.3254,17672.68,23418.088158,XRPUSDT,bybit
2026-05-23 12:55:00+00:00,1.3254,1.3268,1.3254,1.3264,22340.81,29633.321704,XRPUSDT,bybit
2026-05-23 13:00:00+00:00,1.3264,1.331,1.3264,1.3307,84393.79,112201.772232,XRPUSDT,bybit
2026-05-23 13:05:00+00:00,1.3307,1.3311,1.3293,1.3305,39375.36,52374.998925,XRPUSDT,bybit
2026-05-23 13:10:00+00:00,1.3305,1.331,1.3299,1.3309,51436.91,68440.995492,XRPUSDT,bybit
2026-05-23 13:15:00+00:00,1.3309,1.3352,1.3309,1.3342,131664.89,175596.465929,XRPUSDT,bybit
2026-05-23 13:20:00+00:00,1.3342,1.337,1.3342,1.3359,98085.4,131009.256243,XRPUSDT,bybit
2026-05-23 13:25:00+00:00,1.3359,1.3359,1.3352,1.3357,17489.12,23359.251368,XRPUSDT,bybit
2026-05-23 13:30:00+00:00,1.3357,1.3365,1.3331,1.3335,107154.23,142990.365302,XRPUSDT,bybit
2026-05-23 13:35:00+00:00,1.3335,1.3335,1.3318,1.3324,26334.62,35090.564611,XRPUSDT,bybit
2026-05-23 13:40:00+00:00,1.3324,1.3326,1.3317,1.3325,12080.32,16094.61182,XRPUSDT,bybit
2026-05-23 13:45:00+00:00,1.3325,1.336,1.3325,1.3354,44917.96,59920.183653,XRPUSDT,bybit
2026-05-23 13:50:00+00:00,1.3354,1.336,1.333,1.3352,93870.88,125264.853253,XRPUSDT,bybit
2026-05-23 13:55:00+00:00,1.3352,1.3354,1.3329,1.3333,50377.83,67202.932152,XRPUSDT,bybit
2026-05-23 14:00:00+00:00,1.3333,1.3338,1.3322,1.3327,45220.63,60291.423057,XRPUSDT,bybit
2026-05-23 14:05:00+00:00,1.3327,1.3338,1.3316,1.3328,46132.13,61505.128385,XRPUSDT,bybit
2026-05-23 14:10:00+00:00,1.3328,1.3344,1.3328,1.3336,17268.63,23033.412255,XRPUSDT,bybit
2026-05-23 14:15:00+00:00,1.3336,1.3339,1.3328,1.3329,56622.99,75497.966868,XRPUSDT,bybit
2026-05-23 14:20:00+00:00,1.3329,1.3352,1.3329,1.334,24211.54,32298.089548,XRPUSDT,bybit
2026-05-23 14:25:00+00:00,1.334,1.3346,1.3329,1.3329,10587.04,14117.826405,XRPUSDT,bybit
2026-05-23 14:30:00+00:00,1.3329,1.3345,1.3327,1.3333,22476.66,29974.325041,XRPUSDT,bybit
2026-05-23 14:35:00+00:00,1.3333,1.3345,1.3329,1.334,23365.84,31168.665831,XRPUSDT,bybit
2026-05-23 14:40:00+00:00,1.334,1.3349,1.3335,1.3339,48633.02,64892.729059,XRPUSDT,bybit
2026-05-23 14:45:00+00:00,1.3339,1.3347,1.3327,1.3329,63919.78,85240.091884,XRPUSDT,bybit
2026-05-23 14:50:00+00:00,1.3329,1.3375,1.332,1.3365,836814.76,1116850.601642,XRPUSDT,bybit
2026-05-23 14:55:00+00:00,1.3365,1.3407,1.3362,1.3398,770405.24,1030898.009672,XRPUSDT,bybit
2026-05-23 15:00:00+00:00,1.3398,1.3405,1.3391,1.3393,51426.14,68888.521799,XRPUSDT,bybit
2026-05-23 15:05:00+00:00,1.3393,1.3416,1.3391,1.3412,77592.7,103988.385136,XRPUSDT,bybit
2026-05-23 15:10:00+00:00,1.3412,1.342,1.3406,1.3418,44219.43,59316.964829,XRPUSDT,bybit
2026-05-23 15:15:00+00:00,1.3418,1.3419,1.3386,1.3396,931203.34,1247706.866518,XRPUSDT,bybit
2026-05-23 15:20:00+00:00,1.3396,1.3397,1.3384,1.3392,24661.02,33022.738699,XRPUSDT,bybit
2026-05-23 15:25:00+00:00,1.3392,1.3394,1.3378,1.3379,59635.93,79812.263667,XRPUSDT,bybit
2026-05-23 15:30:00+00:00,1.3379,1.3382,1.3362,1.3364,79771.18,106661.785563,XRPUSDT,bybit
2026-05-23 15:35:00+00:00,1.3364,1.3378,1.3355,1.336,102589.26,137150.396608,XRPUSDT,bybit
2026-05-23 15:40:00+00:00,1.336,1.3371,1.3358,1.3361,50050.71,66900.397598,XRPUSDT,bybit
2026-05-23 15:45:00+00:00,1.3361,1.3372,1.3359,1.3359,10269.7,13727.415807,XRPUSDT,bybit
2026-05-23 15:50:00+00:00,1.3359,1.3369,1.3356,1.3361,19890.85,26576.579171,XRPUSDT,bybit
2026-05-23 15:55:00+00:00,1.3361,1.3364,1.3354,1.3361,72740.58,97176.004176,XRPUSDT,bybit
2026-05-23 16:00:00+00:00,1.3361,1.3393,1.3345,1.3379,635096.87,849485.911426,XRPUSDT,bybit
2026-05-23 16:05:00+00:00,1.3379,1.3379,1.3369,1.3375,132375.51,177016.696166,XRPUSDT,bybit
2026-05-23 16:10:00+00:00,1.3375,1.3381,1.3371,1.3374,33904.21,45345.217743,XRPUSDT,bybit
2026-05-23 16:15:00+00:00,1.3374,1.338,1.3367,1.3371,54065.91,72312.255363,XRPUSDT,bybit
2026-05-23 16:20:00+00:00,1.3371,1.3373,1.3358,1.3358,26536.51,35467.768006,XRPUSDT,bybit
2026-05-23 16:25:00+00:00,1.3358,1.3358,1.3346,1.3356,24332.79,32489.466358,XRPUSDT,bybit
2026-05-23 16:30:00+00:00,1.3356,1.3373,1.3356,1.3366,8040.54,10747.030983,XRPUSDT,bybit
2026-05-23 16:35:00+00:00,1.3366,1.3388,1.3365,1.3387,11246.96,15043.933161,XRPUSDT,bybit
2026-05-23 16:40:00+00:00,1.3387,1.3388,1.3374,1.3375,10416.98,13935.269267,XRPUSDT,bybit
2026-05-23 16:45:00+00:00,1.3375,1.3381,1.3374,1.3379,8602.74,11508.120321,XRPUSDT,bybit
2026-05-23 16:50:00+00:00,1.3379,1.3389,1.3378,1.3381,9659.43,12927.49434,XRPUSDT,bybit
2026-05-23 16:55:00+00:00,1.3381,1.3387,1.3375,1.3378,28343.41,37923.522689,XRPUSDT,bybit
2026-05-23 17:00:00+00:00,1.3378,1.3392,1.3375,1.3375,38988.08,52176.612867,XRPUSDT,bybit
2026-05-23 17:05:00+00:00,1.3375,1.339,1.3375,1.3386,18988.86,25408.003012,XRPUSDT,bybit
2026-05-23 17:10:00+00:00,1.3386,1.3386,1.3377,1.3384,17431.58,23324.423918,XRPUSDT,bybit
2026-05-23 17:15:00+00:00,1.3384,1.3393,1.3378,1.338,28278.8,37850.996334,XRPUSDT,bybit
2026-05-23 17:20:00+00:00,1.338,1.338,1.3369,1.3374,28492.71,38109.440219,XRPUSDT,bybit
2026-05-23 17:25:00+00:00,1.3374,1.3384,1.3372,1.3383,12206.27,16328.924907,XRPUSDT,bybit
2026-05-23 17:30:00+00:00,1.3383,1.3387,1.3376,1.3378,11565.36,15477.380422,XRPUSDT,bybit
2026-05-23 17:35:00+00:00,1.3378,1.3383,1.3373,1.3382,12648.04,16917.912571,XRPUSDT,bybit
2026-05-23 17:40:00+00:00,1.3382,1.3382,1.337,1.3378,12170.93,16277.96724,XRPUSDT,bybit
2026-05-23 17:45:00+00:00,1.3378,1.3378,1.3359,1.3378,23827.7,31849.132551,XRPUSDT,bybit
2026-05-23 17:50:00+00:00,1.3378,1.3385,1.3378,1.3381,11701.31,15657.556331,XRPUSDT,bybit
2026-05-23 17:55:00+00:00,1.3381,1.3392,1.3381,1.3386,22596.01,30252.280505,XRPUSDT,bybit
2026-05-23 18:00:00+00:00,1.3386,1.3424,1.3386,1.3402,148761.31,199387.034372,XRPUSDT,bybit
2026-05-23 18:05:00+00:00,1.3402,1.3409,1.3402,1.3406,31183.41,41802.559505,XRPUSDT,bybit
2026-05-23 18:10:00+00:00,1.3406,1.3454,1.3406,1.3448,165197.93,221909.862238,XRPUSDT,bybit
2026-05-23 18:15:00+00:00,1.3448,1.3463,1.3437,1.3462,39512.5,53162.77978,XRPUSDT,bybit
2026-05-23 18:20:00+00:00,1.3462,1.3486,1.3461,1.347,98476.89,132688.967271,XRPUSDT,bybit
2026-05-23 18:25:00+00:00,1.347,1.3473,1.3459,1.347,18758.01,25258.489844,XRPUSDT,bybit
2026-05-23 18:30:00+00:00,1.347,1.3509,1.347,1.3481,104333.67,140757.299993,XRPUSDT,bybit
2026-05-23 18:35:00+00:00,1.3481,1.3491,1.3468,1.3472,37683.79,50789.319773,XRPUSDT,bybit
2026-05-23 18:40:00+00:00,1.3472,1.3487,1.3472,1.3478,19449.68,26219.157645,XRPUSDT,bybit
2026-05-23 18:45:00+00:00,1.3478,1.348,1.3454,1.3457,33570.97,45204.24395,XRPUSDT,bybit
2026-05-23 18:50:00+00:00,1.3457,1.3466,1.3457,1.3461,24658.19,33194.45354,XRPUSDT,bybit
2026-05-23 18:55:00+00:00,1.3461,1.3469,1.3452,1.3454,23183.99,31212.111727,XRPUSDT,bybit
2026-05-23 19:00:00+00:00,1.3454,1.3462,1.3435,1.3437,23332.78,31367.684524,XRPUSDT,bybit
2026-05-23 19:05:00+00:00,1.3437,1.3441,1.343,1.3437,41396.28,55617.898093,XRPUSDT,bybit
2026-05-23 19:10:00+00:00,1.3437,1.3441,1.3431,1.3437,22412.5,30107.110009,XRPUSDT,bybit
2026-05-23 19:15:00+00:00,1.3437,1.3465,1.3437,1.3459,55086.55,74118.74721,XRPUSDT,bybit
2026-05-23 19:20:00+00:00,1.3459,1.3468,1.3452,1.3454,15357.63,20671.786766,XRPUSDT,bybit
2026-05-23 19:25:00+00:00,1.3454,1.3463,1.3453,1.3462,10141.76,13650.220854,XRPUSDT,bybit
2026-05-23 19:30:00+00:00,1.3462,1.3468,1.3457,1.3459,9513.5,12805.091749,XRPUSDT,bybit
2026-05-23 19:35:00+00:00,1.3459,1.3461,1.345,1.346,23631.28,31801.209973,XRPUSDT,bybit
2026-05-23 19:40:00+00:00,1.346,1.3463,1.3454,1.3463,13425.64,18067.353673,XRPUSDT,bybit
2026-05-23 19:45:00+00:00,1.3463,1.3474,1.3461,1.3474,6630.67,8928.466433,XRPUSDT,bybit
2026-05-23 19:50:00+00:00,1.3474,1.3474,1.3461,1.3461,15549.24,20941.316357,XRPUSDT,bybit
2026-05-23 19:55:00+00:00,1.3461,1.347,1.346,1.347,39617.99,53354.622704,XRPUSDT,bybit
2026-05-23 20:00:00+00:00,1.347,1.3475,1.3464,1.3466,27474.64,37002.50563,XRPUSDT,bybit
2026-05-23 20:05:00+00:00,1.3466,1.3467,1.3452,1.346,58232.19,78369.206315,XRPUSDT,bybit
2026-05-23 20:10:00+00:00,1.346,1.348,1.346,1.3467,35851.45,48299.214158,XRPUSDT,bybit
2026-05-23 20:15:00+00:00,1.3467,1.3483,1.3463,1.3475,34640.58,46672.300377,XRPUSDT,bybit
2026-05-23 20:20:00+00:00,1.3475,1.3488,1.3463,1.3469,91063.13,122721.139466,XRPUSDT,bybit
2026-05-23 20:25:00+00:00,1.3469,1.3469,1.3458,1.346,56926.34,76651.971945,XRPUSDT,bybit
2026-05-23 20:30:00+00:00,1.346,1.3526,1.3456,1.3505,244507.91,330218.954928,XRPUSDT,bybit
2026-05-23 20:35:00+00:00,1.3505,1.363,1.3504,1.3616,801317.54,1088272.230188,XRPUSDT,bybit
2026-05-23 20:40:00+00:00,1.3616,1.366,1.3613,1.365,402760.34,549169.503602,XRPUSDT,bybit
2026-05-23 20:45:00+00:00,1.365,1.3668,1.3623,1.3661,158325.08,216060.997263,XRPUSDT,bybit
2026-05-23 20:50:00+00:00,1.3661,1.3664,1.3642,1.3663,152954.78,208846.046082,XRPUSDT,bybit
2026-05-23 20:55:00+00:00,1.3663,1.3719,1.3663,1.3718,227205.22,311053.446115,XRPUSDT,bybit
2026-05-23 21:00:00+00:00,1.3718,1.3762,1.3662,1.3673,563915.46,774398.75781,XRPUSDT,bybit
2026-05-23 21:05:00+00:00,1.3673,1.3695,1.3664,1.3686,92495.92,126574.972708,XRPUSDT,bybit
2026-05-23 21:10:00+00:00,1.3686,1.3689,1.3652,1.3657,100686.19,137596.627782,XRPUSDT,bybit
2026-05-23 21:15:00+00:00,1.3657,1.3657,1.3621,1.3642,127118.26,173408.370551,XRPUSDT,bybit
2026-05-23 21:20:00+00:00,1.3642,1.3655,1.3627,1.3627,103301.04,140959.385183,XRPUSDT,bybit
2026-05-23 21:25:00+00:00,1.3627,1.3627,1.357,1.357,125490.36,170762.704441,XRPUSDT,bybit
2026-05-23 21:30:00+00:00,1.357,1.3595,1.3539,1.3591,259322.32,351501.165795,XRPUSDT,bybit
2026-05-23 21:35:00+00:00,1.3591,1.3603,1.3568,1.3569,108533.82,147541.691697,XRPUSDT,bybit
2026-05-23 21:40:00+00:00,1.3569,1.3593,1.3558,1.3592,60561.53,82181.378077,XRPUSDT,bybit
2026-05-23 21:45:00+00:00,1.3592,1.3599,1.3555,1.3561,26793.48,36386.96088,XRPUSDT,bybit
2026-05-23 21:50:00+00:00,1.3561,1.3588,1.3561,1.3588,18731.73,25432.27682,XRPUSDT,bybit
2026-05-23 21:55:00+00:00,1.3588,1.3598,1.3581,1.3598,61708.97,83872.642772,XRPUSDT,bybit
2026-05-23 22:00:00+00:00,1.3598,1.3635,1.3598,1.3635,50803.04,69189.648932,XRPUSDT,bybit
2026-05-23 22:05:00+00:00,1.3635,1.3635,1.3609,1.3613,47408.78,64560.996475,XRPUSDT,bybit
2026-05-23 22:10:00+00:00,1.3613,1.3613,1.3595,1.3595,24294.41,33048.35823,XRPUSDT,bybit
2026-05-23 22:15:00+00:00,1.3595,1.3607,1.3588,1.3603,88332.5,120135.819755,XRPUSDT,bybit
2026-05-23 22:20:00+00:00,1.3603,1.3605,1.3575,1.3576,20550.21,27920.246666,XRPUSDT,bybit
2026-05-23 22:25:00+00:00,1.3576,1.3586,1.3572,1.3574,86531.64,117509.070868,XRPUSDT,bybit
2026-05-23 22:30:00+00:00,1.3574,1.3578,1.3554,1.3567,62552.35,84852.749238,XRPUSDT,bybit
2026-05-23 22:35:00+00:00,1.3567,1.3567,1.3529,1.3549,436453.74,591027.974411,XRPUSDT,bybit
2026-05-23 22:40:00+00:00,1.3549,1.3581,1.3549,1.358,36822.32,49987.619149,XRPUSDT,bybit
2026-05-23 22:45:00+00:00,1.358,1.3581,1.3566,1.3574,88065.2,119530.265991,XRPUSDT,bybit
2026-05-23 22:50:00+00:00,1.3574,1.3592,1.3573,1.3586,118185.05,160542.496679,XRPUSDT,bybit
2026-05-23 22:55:00+00:00,1.3586,1.3598,1.3582,1.3588,28425.64,38632.534159,XRPUSDT,bybit
2026-05-23 23:00:00+00:00,1.3588,1.3589,1.3572,1.3585,28414.72,38585.362924,XRPUSDT,bybit
2026-05-23 23:05:00+00:00,1.3585,1.3604,1.3578,1.3584,81062.2,110192.947424,XRPUSDT,bybit
2026-05-23 23:10:00+00:00,1.3584,1.3592,1.358,1.3586,40680.36,55265.422159,XRPUSDT,bybit
2026-05-23 23:15:00+00:00,1.3586,1.3596,1.3582,1.3584,8863.47,12043.515363,XRPUSDT,bybit
2026-05-23 23:20:00+00:00,1.3584,1.3593,1.3579,1.3585,22824.57,31003.594402,XRPUSDT,bybit
2026-05-23 23:25:00+00:00,1.3585,1.3597,1.358,1.3593,27840.53,37823.250835,XRPUSDT,bybit
2026-05-23 23:30:00+00:00,1.3593,1.3615,1.3592,1.3612,28139.97,38279.438662,XRPUSDT,bybit
2026-05-23 23:35:00+00:00,1.3612,1.3612,1.3604,1.3608,24970.58,33980.192353,XRPUSDT,bybit
2026-05-23 23:40:00+00:00,1.3608,1.3613,1.36,1.36,43386.63,59044.511018,XRPUSDT,bybit
2026-05-23 23:45:00+00:00,1.36,1.3603,1.3592,1.3592,60963.32,82900.993827,XRPUSDT,bybit
2026-05-23 23:50:00+00:00,1.3592,1.3593,1.3584,1.3586,28620.91,38893.787614,XRPUSDT,bybit
2026-05-23 23:55:00+00:00,1.3586,1.3598,1.3582,1.3583,37319.8,50726.846637,XRPUSDT,bybit
2026-05-24 00:00:00+00:00,1.3583,1.3599,1.3575,1.3576,53440.32,72589.296214,XRPUSDT,bybit
2026-05-24 00:05:00+00:00,1.3576,1.3586,1.3571,1.3581,51537.98,69988.853071,XRPUSDT,bybit
2026-05-24 00:10:00+00:00,1.3581,1.3593,1.358,1.3587,9844.69,13373.912587,XRPUSDT,bybit
2026-05-24 00:15:00+00:00,1.3587,1.3603,1.3586,1.3596,11519.36,15662.144853,XRPUSDT,bybit
2026-05-24 00:20:00+00:00,1.3596,1.36,1.3585,1.3587,13207.45,17950.7465,XRPUSDT,bybit
2026-05-24 00:25:00+00:00,1.3587,1.3608,1.3587,1.3608,14847.36,20189.101971,XRPUSDT,bybit
2026-05-24 00:30:00+00:00,1.3608,1.3624,1.3604,1.3619,34892.01,47499.543291,XRPUSDT,bybit
2026-05-24 00:35:00+00:00,1.3619,1.3632,1.3615,1.3632,26231.38,35738.161588,XRPUSDT,bybit
2026-05-24 00:40:00+00:00,1.3632,1.3635,1.3611,1.3611,22922.49,31225.693419,XRPUSDT,bybit
2026-05-24 00:45:00+00:00,1.3611,1.3636,1.3607,1.362,31893.02,43451.81068,XRPUSDT,bybit
2026-05-24 00:50:00+00:00,1.362,1.3621,1.3616,1.3618,9292.44,12653.876732,XRPUSDT,bybit
2026-05-24 00:55:00+00:00,1.3618,1.3628,1.3615,1.362,21185.97,28859.271988,XRPUSDT,bybit
2026-05-24 01:00:00+00:00,1.362,1.3633,1.3619,1.3627,32873.81,44788.772867,XRPUSDT,bybit
2026-05-24 01:05:00+00:00,1.3627,1.3627,1.3619,1.3625,12477.95,17000.119367,XRPUSDT,bybit
2026-05-24 01:10:00+00:00,1.3625,1.3626,1.3617,1.362,57067.19,77730.893368,XRPUSDT,bybit
2026-05-24 01:15:00+00:00,1.362,1.3623,1.3607,1.3615,18979.26,25846.165301,XRPUSDT,bybit
2026-05-24 01:20:00+00:00,1.3615,1.3632,1.3615,1.3629,24656.58,33594.667275,XRPUSDT,bybit
2026-05-24 01:25:00+00:00,1.3629,1.3629,1.3618,1.3625,19835.25,27019.712789,XRPUSDT,bybit
2026-05-24 01:30:00+00:00,1.3625,1.3625,1.3617,1.3623,28696.25,39086.019652,XRPUSDT,bybit
2026-05-24 01:35:00+00:00,1.3623,1.3625,1.3619,1.3621,9226.81,12568.008664,XRPUSDT,bybit
2026-05-24 01:40:00+00:00,1.3621,1.3621,1.36,1.3602,26243.38,35704.941768,XRPUSDT,bybit
2026-05-24 01:45:00+00:00,1.3602,1.361,1.3596,1.3609,29486.5,40112.245072,XRPUSDT,bybit
2026-05-24 01:50:00+00:00,1.3609,1.3615,1.3602,1.3602,4688.11,6380.565127,XRPUSDT,bybit
2026-05-24 01:55:00+00:00,1.3602,1.3607,1.36,1.3606,14499.59,19727.276539,XRPUSDT,bybit
2026-05-24 02:00:00+00:00,1.3606,1.3611,1.3601,1.3601,13453.39,18304.82676,XRPUSDT,bybit
2026-05-24 02:05:00+00:00,1.3601,1.3602,1.3588,1.3602,12200.62,16586.245405,XRPUSDT,bybit
2026-05-24 02:10:00+00:00,1.3602,1.3607,1.3601,1.3607,7529.39,10243.437458,XRPUSDT,bybit
2026-05-24 02:15:00+00:00,1.3607,1.3607,1.3601,1.3607,9541.89,12980.91069,XRPUSDT,bybit
2026-05-24 02:20:00+00:00,1.3607,1.3617,1.3587,1.3587,23839.7,32429.835114,XRPUSDT,bybit
2026-05-24 02:25:00+00:00,1.3587,1.3601,1.3585,1.3594,44494.59,60477.677763,XRPUSDT,bybit
2026-05-24 02:30:00+00:00,1.3594,1.36,1.3592,1.3596,35449.83,48199.828421,XRPUSDT,bybit
2026-05-24 02:35:00+00:00,1.3596,1.3604,1.3595,1.3603,13056.04,17756.327025,XRPUSDT,bybit
2026-05-24 02:40:00+00:00,1.3603,1.3611,1.3603,1.361,8318.05,11319.075589,XRPUSDT,bybit
2026-05-24 02:45:00+00:00,1.361,1.3625,1.361,1.3619,12760.56,17378.284463,XRPUSDT,bybit
2026-05-24 02:50:00+00:00,1.3619,1.362,1.3615,1.3619,17598.79,23966.175859,XRPUSDT,bybit
2026-05-24 02:55:00+00:00,1.3619,1.3619,1.3609,1.3611,12910.62,17576.368559,XRPUSDT,bybit
2026-05-24 03:00:00+00:00,1.3611,1.3632,1.3604,1.3632,28837.5,39271.416338,XRPUSDT,bybit
2026-05-24 03:05:00+00:00,1.3632,1.3632,1.3625,1.3629,11953.16,16290.743977,XRPUSDT,bybit
2026-05-24 03:10:00+00:00,1.3629,1.363,1.3612,1.3615,12684.26,17280.322243,XRPUSDT,bybit
2026-05-24 03:15:00+00:00,1.3615,1.3619,1.3609,1.3618,9661.79,13154.935719,XRPUSDT,bybit
2026-05-24 03:20:00+00:00,1.3618,1.3627,1.3616,1.362,7078.36,9640.989894,XRPUSDT,bybit
2026-05-24 03:25:00+00:00,1.362,1.3621,1.3619,1.3619,4356.29,5932.967782,XRPUSDT,bybit
2026-05-24 03:30:00+00:00,1.3619,1.362,1.3614,1.3616,8995.92,12250.575441,XRPUSDT,bybit
2026-05-24 03:35:00+00:00,1.3616,1.3618,1.3601,1.3603,12535.86,17057.859957,XRPUSDT,bybit
2026-05-24 03:40:00+00:00,1.3603,1.3607,1.3595,1.3601,33265.27,45242.330545,XRPUSDT,bybit
2026-05-24 03:45:00+00:00,1.3601,1.3618,1.36,1.3618,20181.26,27459.828154,XRPUSDT,bybit
2026-05-24 03:50:00+00:00,1.3618,1.3618,1.3606,1.3614,13891.36,18908.14714,XRPUSDT,bybit
2026-05-24 03:55:00+00:00,1.3614,1.3615,1.3604,1.3607,39468.19,53712.045765,XRPUSDT,bybit
2026-05-24 04:00:00+00:00,1.3607,1.3618,1.3603,1.3603,32766.94,44606.267595,XRPUSDT,bybit
2026-05-24 04:05:00+00:00,1.3603,1.3603,1.3593,1.3596,15249.39,20733.861557,XRPUSDT,bybit
2026-05-24 04:10:00+00:00,1.3596,1.3607,1.3592,1.3607,39948.7,54333.540985,XRPUSDT,bybit
2026-05-24 04:15:00+00:00,1.3607,1.3612,1.3604,1.3605,19433.55,26448.113468,XRPUSDT,bybit
2026-05-24 04:20:00+00:00,1.3605,1.361,1.3603,1.3603,3933.94,5352.226785,XRPUSDT,bybit
2026-05-24 04:25:00+00:00,1.3603,1.3603,1.3595,1.3597,6352.83,8638.325206,XRPUSDT,bybit
2026-05-24 04:30:00+00:00,1.3597,1.3608,1.3597,1.3608,17484.23,23781.589956,XRPUSDT,bybit
2026-05-24 04:35:00+00:00,1.3608,1.3614,1.3595,1.3598,19169.09,26074.111343,XRPUSDT,bybit
2026-05-24 04:40:00+00:00,1.3598,1.3608,1.3598,1.3608,9854.83,13407.743912,XRPUSDT,bybit
2026-05-24 04:45:00+00:00,1.3608,1.3608,1.3596,1.3602,10626.06,14451.913841,XRPUSDT,bybit
2026-05-24 04:50:00+00:00,1.3602,1.3609,1.3601,1.3609,13797.49,18770.861756,XRPUSDT,bybit
2026-05-24 04:55:00+00:00,1.3609,1.3613,1.3603,1.361,13262.95,18049.385717,XRPUSDT,bybit
2026-05-24 05:00:00+00:00,1.361,1.361,1.3603,1.361,4791.56,6519.603446,XRPUSDT,bybit
2026-05-24 05:05:00+00:00,1.361,1.3611,1.36,1.3605,19588.94,26654.647998,XRPUSDT,bybit
2026-05-24 05:10:00+00:00,1.3605,1.3605,1.3589,1.3598,17613.59,23948.13054,XRPUSDT,bybit
2026-05-24 05:15:00+00:00,1.3598,1.3598,1.3585,1.3586,19531.13,26547.32128,XRPUSDT,bybit
2026-05-24 05:20:00+00:00,1.3586,1.3588,1.3575,1.3576,22453.63,30493.19148,XRPUSDT,bybit
2026-05-24 05:25:00+00:00,1.3576,1.3577,1.3564,1.357,23759.61,32242.623881,XRPUSDT,bybit
2026-05-24 05:30:00+00:00,1.357,1.3577,1.3565,1.3566,61466.96,83393.111338,XRPUSDT,bybit
2026-05-24 05:35:00+00:00,1.3566,1.3566,1.3555,1.3556,35013.75,47474.141153,XRPUSDT,bybit
2026-05-24 05:40:00+00:00,1.3556,1.356,1.355,1.356,101534.88,137610.859904,XRPUSDT,bybit
2026-05-24 05:45:00+00:00,1.356,1.3585,1.356,1.3585,30531.01,41444.57856,XRPUSDT,bybit
2026-05-24 05:50:00+00:00,1.3585,1.3597,1.3581,1.3591,60641.85,82392.728589,XRPUSDT,bybit
2026-05-24 05:55:00+00:00,1.3591,1.3597,1.3587,1.3594,9942.12,13513.08396,XRPUSDT,bybit
2026-05-24 06:00:00+00:00,1.3594,1.3606,1.3594,1.3604,21175.08,28800.334657,XRPUSDT,bybit
2026-05-24 06:05:00+00:00,1.3604,1.3607,1.36,1.3604,11097.35,15096.529451,XRPUSDT,bybit
2026-05-24 06:10:00+00:00,1.3604,1.3611,1.3599,1.3611,11637.61,15832.842127,XRPUSDT,bybit
2026-05-24 06:15:00+00:00,1.3611,1.3612,1.36,1.36,12967.52,17643.303866,XRPUSDT,bybit
2026-05-24 06:20:00+00:00,1.36,1.3604,1.3591,1.3593,51721.5,70335.190178,XRPUSDT,bybit
2026-05-24 06:25:00+00:00,1.3593,1.3595,1.3585,1.3587,15495.76,21056.901887,XRPUSDT,bybit
2026-05-24 06:30:00+00:00,1.3587,1.3587,1.3572,1.3572,35446.94,48139.0022,XRPUSDT,bybit
2026-05-24 06:35:00+00:00,1.3572,1.3579,1.3572,1.3577,7531.74,10225.594528,XRPUSDT,bybit
2026-05-24 06:40:00+00:00,1.3577,1.3588,1.3573,1.3584,10091.18,13704.998574,XRPUSDT,bybit
2026-05-24 06:45:00+00:00,1.3584,1.3601,1.3582,1.3601,26310.94,35757.702457,XRPUSDT,bybit
2026-05-24 06:50:00+00:00,1.3601,1.3626,1.3597,1.3619,120406.28,163997.976312,XRPUSDT,bybit
2026-05-24 06:55:00+00:00,1.3619,1.3633,1.3619,1.3629,46002.18,62688.326803,XRPUSDT,bybit
2026-05-24 07:00:00+00:00,1.3629,1.3649,1.3624,1.3636,91967.9,125439.678651,XRPUSDT,bybit
2026-05-24 07:05:00+00:00,1.3636,1.3636,1.3616,1.3617,10194.61,13888.887116,XRPUSDT,bybit
2026-05-24 07:10:00+00:00,1.3617,1.3617,1.3605,1.3606,31495.74,42857.0965,XRPUSDT,bybit
2026-05-24 07:15:00+00:00,1.3606,1.3606,1.36,1.3604,11134.25,15145.631888,XRPUSDT,bybit
2026-05-24 07:20:00+00:00,1.3604,1.3606,1.3595,1.3597,7242.07,9848.109179,XRPUSDT,bybit
2026-05-24 07:25:00+00:00,1.3597,1.3601,1.3595,1.3598,34667.01,47142.003037,XRPUSDT,bybit
2026-05-24 07:30:00+00:00,1.3598,1.3604,1.3592,1.3604,22893.82,31131.65292,XRPUSDT,bybit
2026-05-24 07:35:00+00:00,1.3604,1.3604,1.3595,1.36,9302.97,12650.709045,XRPUSDT,bybit
2026-05-24 07:40:00+00:00,1.36,1.36,1.3595,1.3597,3441.67,4679.800466,XRPUSDT,bybit
2026-05-24 07:45:00+00:00,1.3597,1.3599,1.3588,1.3593,23009.81,31278.761831,XRPUSDT,bybit
2026-05-24 07:50:00+00:00,1.3593,1.3599,1.3589,1.3591,14363.38,19523.066578,XRPUSDT,bybit
2026-05-24 07:55:00+00:00,1.3591,1.3595,1.359,1.3595,5369.08,7297.297625,XRPUSDT,bybit
2026-05-24 08:00:00+00:00,1.3595,1.3597,1.3584,1.3584,33023.26,44870.435373,XRPUSDT,bybit
2026-05-24 08:05:00+00:00,1.3584,1.3585,1.3577,1.3579,36401.14,49435.959946,XRPUSDT,bybit
2026-05-24 08:10:00+00:00,1.3579,1.3583,1.3578,1.3581,15347.41,20842.348051,XRPUSDT,bybit
2026-05-24 08:15:00+00:00,1.3581,1.3587,1.358,1.3587,16963.52,23040.026301,XRPUSDT,bybit
2026-05-24 08:20:00+00:00,1.3587,1.3602,1.3587,1.3602,25952.54,35280.079275,XRPUSDT,bybit
2026-05-24 08:25:00+00:00,1.3602,1.3604,1.3599,1.3599,5578.29,7587.551419,XRPUSDT,bybit
2026-05-24 08:30:00+00:00,1.3599,1.3614,1.3598,1.3607,38988.75,53052.458243,XRPUSDT,bybit
2026-05-24 08:35:00+00:00,1.3607,1.3615,1.3603,1.3607,79838.62,108660.4582,XRPUSDT,bybit
2026-05-24 08:40:00+00:00,1.3607,1.3607,1.36,1.3603,61391.03,83507.952507,XRPUSDT,bybit
2026-05-24 08:45:00+00:00,1.3603,1.3613,1.3603,1.3603,46652.82,63483.211877,XRPUSDT,bybit
2026-05-24 08:50:00+00:00,1.3603,1.361,1.3603,1.3603,14036.56,19099.078383,XRPUSDT,bybit
2026-05-24 08:55:00+00:00,1.3603,1.361,1.3603,1.361,36424.46,49559.973741,XRPUSDT,bybit
2026-05-24 09:00:00+00:00,1.361,1.3616,1.3606,1.3616,65457.69,89096.012806,XRPUSDT,bybit
2026-05-24 09:05:00+00:00,1.3616,1.3638,1.3616,1.3638,81053.42,110462.894118,XRPUSDT,bybit
2026-05-24 09:10:00+00:00,1.3638,1.3656,1.3638,1.3651,102015.18,139253.055082,XRPUSDT,bybit
2026-05-24 09:15:00+00:00,1.3651,1.3657,1.3646,1.3649,111364.89,152019.771713,XRPUSDT,bybit
2026-05-24 09:20:00+00:00,1.3649,1.3669,1.3644,1.3661,106557.93,145524.64559,XRPUSDT,bybit
2026-05-24 09:25:00+00:00,1.3661,1.3661,1.3644,1.3654,47419.01,64726.464644,XRPUSDT,bybit
2026-05-24 09:30:00+00:00,1.3654,1.3654,1.3645,1.3651,16867.99,23022.471299,XRPUSDT,bybit
2026-05-24 09:35:00+00:00,1.3651,1.3656,1.3643,1.3644,40677.4,55533.664972,XRPUSDT,bybit
2026-05-24 09:40:00+00:00,1.3644,1.3651,1.3637,1.3642,40784.53,55645.959572,XRPUSDT,bybit
2026-05-24 09:45:00+00:00,1.3642,1.3642,1.3639,1.364,9900.16,13504.313682,XRPUSDT,bybit
2026-05-24 09:50:00+00:00,1.364,1.365,1.364,1.3647,17233.77,23516.903276,XRPUSDT,bybit
2026-05-24 09:55:00+00:00,1.3647,1.3648,1.3646,1.3646,11137.19,15199.204317,XRPUSDT,bybit
2026-05-24 10:00:00+00:00,1.3646,1.3652,1.3636,1.3647,94241.25,128594.514401,XRPUSDT,bybit
2026-05-24 10:05:00+00:00,1.3647,1.3653,1.3646,1.3646,18371.88,25075.261877,XRPUSDT,bybit
2026-05-24 10:10:00+00:00,1.3646,1.3656,1.3644,1.3655,28684.95,39147.994676,XRPUSDT,bybit
2026-05-24 10:15:00+00:00,1.3655,1.3671,1.3654,1.3667,48584.34,66385.650471,XRPUSDT,bybit
2026-05-24 10:20:00+00:00,1.3667,1.3667,1.365,1.3653,54196.05,74012.839876,XRPUSDT,bybit
2026-05-24 10:25:00+00:00,1.3653,1.3709,1.3651,1.3677,374799.98,513077.121045,XRPUSDT,bybit
2026-05-24 10:30:00+00:00,1.3677,1.369,1.3661,1.368,126143.42,172582.73296,XRPUSDT,bybit
2026-05-24 10:35:00+00:00,1.368,1.3689,1.3648,1.3656,259590.6,354625.681489,XRPUSDT,bybit
2026-05-24 10:40:00+00:00,1.3656,1.3656,1.3646,1.3653,34457.06,47032.453617,XRPUSDT,bybit
2026-05-24 10:45:00+00:00,1.3653,1.3653,1.3636,1.3637,50745.5,69244.951959,XRPUSDT,bybit
2026-05-24 10:50:00+00:00,1.3637,1.3638,1.363,1.363,69399.76,94639.41452,XRPUSDT,bybit
2026-05-24 10:55:00+00:00,1.363,1.3637,1.3628,1.3635,23892.34,32573.591017,XRPUSDT,bybit
2026-05-24 11:00:00+00:00,1.3635,1.365,1.3635,1.3647,20289.89,27677.425995,XRPUSDT,bybit
2026-05-24 11:05:00+00:00,1.3647,1.3665,1.3644,1.365,18018.05,24604.120271,XRPUSDT,bybit
2026-05-24 11:10:00+00:00,1.365,1.365,1.3626,1.3631,107681.29,146834.381344,XRPUSDT,bybit
2026-05-24 11:15:00+00:00,1.3631,1.364,1.363,1.3637,85353.74,116378.950921,XRPUSDT,bybit
2026-05-24 11:20:00+00:00,1.3637,1.3673,1.3619,1.3665,552700.89,754703.638342,XRPUSDT,bybit
2026-05-24 11:25:00+00:00,1.3665,1.3671,1.3655,1.366,141255.23,193001.845907,XRPUSDT,bybit
2026-05-24 11:30:00+00:00,1.366,1.3665,1.366,1.3665,45183.01,61727.700517,XRPUSDT,bybit
2026-05-24 11:35:00+00:00,1.3665,1.3667,1.3662,1.3665,18768.75,25646.351523,XRPUSDT,bybit
2026-05-24 11:40:00+00:00,1.3665,1.3677,1.3665,1.3671,18268.23,24975.676095,XRPUSDT,bybit
2026-05-24 11:45:00+00:00,1.3671,1.3719,1.3671,1.3686,288882.23,395886.336211,XRPUSDT,bybit
2026-05-24 11:50:00+00:00,1.3686,1.3696,1.3679,1.369,186294.09,254998.119953,XRPUSDT,bybit
2026-05-24 11:55:00+00:00,1.369,1.3697,1.3642,1.3655,562249.17,768022.275386,XRPUSDT,bybit
2026-05-24 12:00:00+00:00,1.3655,1.3657,1.3645,1.3655,21313.72,29090.573002,XRPUSDT,bybit
2026-05-24 12:05:00+00:00,1.3655,1.3658,1.3642,1.3645,34105.2,46562.684003,XRPUSDT,bybit
2026-05-24 12:10:00+00:00,1.3645,1.3645,1.3634,1.3641,35955.22,49043.586055,XRPUSDT,bybit
2026-05-24 12:15:00+00:00,1.3641,1.3641,1.3628,1.3631,39874.91,54366.915427,XRPUSDT,bybit
2026-05-24 12:20:00+00:00,1.3631,1.3634,1.3623,1.3624,21293.74,29016.094544,XRPUSDT,bybit
2026-05-24 12:25:00+00:00,1.3624,1.363,1.361,1.3621,163457.11,222648.709592,XRPUSDT,bybit
2026-05-24 12:30:00+00:00,1.3621,1.3629,1.3618,1.362,26325.06,35867.215,XRPUSDT,bybit
2026-05-24 12:35:00+00:00,1.362,1.363,1.3616,1.363,27799.81,37865.178633,XRPUSDT,bybit
2026-05-24 12:40:00+00:00,1.363,1.3633,1.3628,1.3632,26624.12,36291.857068,XRPUSDT,bybit
2026-05-24 12:45:00+00:00,1.3632,1.3632,1.3628,1.3632,14615.76,19920.576705,XRPUSDT,bybit
2026-05-24 12:50:00+00:00,1.3632,1.3633,1.3629,1.3633,26142.92,35639.180661,XRPUSDT,bybit
2026-05-24 12:55:00+00:00,1.3633,1.3644,1.362,1.3628,298273.4,406599.274455,XRPUSDT,bybit
2026-05-24 13:00:00+00:00,1.3628,1.3638,1.3625,1.363,29128.13,39700.96894,XRPUSDT,bybit
2026-05-24 13:05:00+00:00,1.363,1.363,1.3622,1.3625,9446.32,12871.788812,XRPUSDT,bybit
2026-05-24 13:10:00+00:00,1.3625,1.3629,1.362,1.3625,21628.02,29471.36435,XRPUSDT,bybit
2026-05-24 13:15:00+00:00,1.3625,1.3636,1.3625,1.3632,10828.05,14760.775473,XRPUSDT,bybit
2026-05-24 13:20:00+00:00,1.3632,1.3637,1.3628,1.3628,13554.2,18480.437782,XRPUSDT,bybit
2026-05-24 13:25:00+00:00,1.3628,1.3632,1.3609,1.3613,86263.51,117473.330473,XRPUSDT,bybit
2026-05-24 13:30:00+00:00,1.3613,1.363,1.3612,1.3622,28420.72,38713.441572,XRPUSDT,bybit
2026-05-24 13:35:00+00:00,1.3622,1.3628,1.3603,1.3611,19906.3,27095.455929,XRPUSDT,bybit
2026-05-24 13:40:00+00:00,1.3611,1.3628,1.3611,1.3626,25174.76,34293.746856,XRPUSDT,bybit
2026-05-24 13:45:00+00:00,1.3626,1.3627,1.3611,1.3611,26680.27,36346.307268,XRPUSDT,bybit
2026-05-24 13:50:00+00:00,1.3611,1.3611,1.3579,1.358,63980.17,86974.361527,XRPUSDT,bybit
2026-05-24 13:55:00+00:00,1.358,1.3593,1.3567,1.3589,76092.12,103339.546751,XRPUSDT,bybit
2026-05-24 14:00:00+00:00,1.3589,1.3597,1.3564,1.3572,41528.98,56429.671183,XRPUSDT,bybit
2026-05-24 14:05:00+00:00,1.3572,1.3583,1.3572,1.3574,22619.55,30716.542138,XRPUSDT,bybit
2026-05-24 14:10:00+00:00,1.3574,1.3582,1.349,1.3505,371923.7,502800.241699,XRPUSDT,bybit
2026-05-24 14:15:00+00:00,1.3505,1.3506,1.3387,1.3449,566121.03,761115.069853,XRPUSDT,bybit
2026-05-24 14:20:00+00:00,1.3449,1.3502,1.3449,1.3498,115400.49,155571.532229,XRPUSDT,bybit
2026-05-24 14:25:00+00:00,1.3498,1.3498,1.3469,1.3479,70200.45,94648.657024,XRPUSDT,bybit
2026-05-24 14:30:00+00:00,1.3479,1.35,1.3476,1.35,55143.58,74375.012555,XRPUSDT,bybit
2026-05-24 14:35:00+00:00,1.35,1.3509,1.3489,1.3503,63576.87,85821.938456,XRPUSDT,bybit
2026-05-24 14:40:00+00:00,1.3503,1.3507,1.3493,1.3496,30610.18,41317.736513,XRPUSDT,bybit
2026-05-24 14:45:00+00:00,1.3496,1.3507,1.349,1.3491,35281.27,47622.131071,XRPUSDT,bybit
2026-05-24 14:50:00+00:00,1.3491,1.3511,1.3486,1.3505,23047.04,31115.320722,XRPUSDT,bybit
2026-05-24 14:55:00+00:00,1.3505,1.3509,1.3495,1.35,30676.2,41417.121331,XRPUSDT,bybit
2026-05-24 15:00:00+00:00,1.35,1.3512,1.3488,1.3512,41023.15,55373.312197,XRPUSDT,bybit
2026-05-24 15:05:00+00:00,1.3512,1.3512,1.3494,1.3503,27093.97,36578.407229,XRPUSDT,bybit
2026-05-24 15:10:00+00:00,1.3503,1.3508,1.3502,1.3505,21591.77,29159.8742,XRPUSDT,bybit
2026-05-24 15:15:00+00:00,1.3505,1.351,1.3485,1.3499,52052.06,70250.594965,XRPUSDT,bybit
2026-05-24 15:20:00+00:00,1.3499,1.3504,1.3484,1.35,17266.52,23294.289062,XRPUSDT,bybit
2026-05-24 15:25:00+00:00,1.35,1.3501,1.3489,1.3493,14012.72,18910.213764,XRPUSDT,bybit
2026-05-24 15:30:00+00:00,1.3493,1.3504,1.349,1.3496,16587.37,22388.010253,XRPUSDT,bybit
2026-05-24 15:35:00+00:00,1.3496,1.3497,1.3493,1.3496,5003.77,6752.066123,XRPUSDT,bybit
2026-05-24 15:40:00+00:00,1.3496,1.35,1.3496,1.35,8373.63,11302.742011,XRPUSDT,bybit
2026-05-24 15:45:00+00:00,1.35,1.35,1.3488,1.3496,23139.37,31222.740017,XRPUSDT,bybit
2026-05-24 15:50:00+00:00,1.3496,1.3496,1.3482,1.349,69253.5,93417.715293,XRPUSDT,bybit
2026-05-24 15:55:00+00:00,1.349,1.3492,1.3482,1.3484,14911.73,20108.784862,XRPUSDT,bybit
2026-05-24 16:00:00+00:00,1.3484,1.3514,1.347,1.351,70796.2,95480.695302,XRPUSDT,bybit
2026-05-24 16:05:00+00:00,1.351,1.3518,1.3487,1.3501,69544.93,93892.696104,XRPUSDT,bybit
2026-05-24 16:10:00+00:00,1.3501,1.3509,1.3501,1.3507,8546.19,11541.380626,XRPUSDT,bybit
2026-05-24 16:15:00+00:00,1.3507,1.3527,1.3505,1.3515,33306.52,45028.117868,XRPUSDT,bybit
2026-05-24 16:20:00+00:00,1.3515,1.3515,1.35,1.35,14943.09,20182.421064,XRPUSDT,bybit
2026-05-24 16:25:00+00:00,1.35,1.35,1.3487,1.3496,28748.58,38792.270316,XRPUSDT,bybit
2026-05-24 16:30:00+00:00,1.3496,1.3498,1.3493,1.3495,5899.33,7961.387903,XRPUSDT,bybit
2026-05-24 16:35:00+00:00,1.3495,1.3495,1.3474,1.3487,5472.25,7377.726329,XRPUSDT,bybit
2026-05-24 16:40:00+00:00,1.3487,1.3492,1.3485,1.3486,3507.46,4730.795694,XRPUSDT,bybit
2026-05-24 16:45:00+00:00,1.3486,1.3505,1.3486,1.3501,3560.2,4805.734063,XRPUSDT,bybit
2026-05-24 16:50:00+00:00,1.3501,1.3506,1.3495,1.3504,9056.82,12226.777298,XRPUSDT,bybit
2026-05-24 16:55:00+00:00,1.3504,1.3513,1.3498,1.3509,18192.26,24571.55796,XRPUSDT,bybit
2026-05-24 17:00:00+00:00,1.3509,1.3524,1.3508,1.3516,22617.29,30569.387192,XRPUSDT,bybit
2026-05-24 17:05:00+00:00,1.3516,1.3524,1.3516,1.3523,13569.2,18345.936775,XRPUSDT,bybit
2026-05-24 17:10:00+00:00,1.3523,1.3528,1.3519,1.352,14482.9,19587.562955,XRPUSDT,bybit
2026-05-24 17:15:00+00:00,1.352,1.3528,1.3515,1.3515,8595.64,11623.331095,XRPUSDT,bybit
2026-05-24 17:20:00+00:00,1.3515,1.3527,1.3512,1.3527,14444.51,19525.736287,XRPUSDT,bybit
2026-05-24 17:25:00+00:00,1.3527,1.3527,1.352,1.3523,16178.88,21878.749489,XRPUSDT,bybit
2026-05-24 17:30:00+00:00,1.3523,1.353,1.3517,1.3523,28596.79,38670.62142,XRPUSDT,bybit
2026-05-24 17:35:00+00:00,1.3523,1.3537,1.3523,1.3537,6393.22,8647.986574,XRPUSDT,bybit
2026-05-24 17:40:00+00:00,1.3537,1.3537,1.353,1.3537,16885.18,22849.342552,XRPUSDT,bybit
2026-05-24 17:45:00+00:00,1.3537,1.3538,1.3529,1.3538,10404.47,14081.077095,XRPUSDT,bybit
2026-05-24 17:50:00+00:00,1.3538,1.3545,1.3532,1.3537,13248.61,17934.650745,XRPUSDT,bybit
2026-05-24 17:55:00+00:00,1.3537,1.3537,1.3529,1.3532,36953.31,50003.087422,XRPUSDT,bybit
2026-05-24 18:00:00+00:00,1.3532,1.3534,1.3516,1.3516,16532.1,22365.440819,XRPUSDT,bybit
2026-05-24 18:05:00+00:00,1.3516,1.3518,1.3509,1.3516,7841.46,10596.894073,XRPUSDT,bybit
2026-05-24 18:10:00+00:00,1.3516,1.3526,1.3516,1.3518,14831.03,20049.766351,XRPUSDT,bybit
2026-05-24 18:15:00+00:00,1.3518,1.3525,1.3515,1.3517,13848.8,18725.865081,XRPUSDT,bybit
2026-05-24 18:20:00+00:00,1.3517,1.3522,1.3503,1.3507,31153.41,42096.179393,XRPUSDT,bybit
2026-05-24 18:25:00+00:00,1.3507,1.3513,1.3503,1.3507,8608.33,11627.724946,XRPUSDT,bybit
2026-05-24 18:30:00+00:00,1.3507,1.3507,1.349,1.3496,47762.19,64463.994119,XRPUSDT,bybit
2026-05-24 18:35:00+00:00,1.3496,1.3508,1.3496,1.3507,3985.76,5382.328359,XRPUSDT,bybit
2026-05-24 18:40:00+00:00,1.3507,1.3507,1.3485,1.3495,79671.11,107482.856451,XRPUSDT,bybit
2026-05-24 18:45:00+00:00,1.3495,1.3497,1.3477,1.3481,176903.39,238552.695529,XRPUSDT,bybit
2026-05-24 18:50:00+00:00,1.3481,1.3486,1.3478,1.3486,16160.32,21787.169314,XRPUSDT,bybit
2026-05-24 18:55:00+00:00,1.3486,1.3489,1.3486,1.3486,11803.9,15920.170027,XRPUSDT,bybit
2026-05-24 19:00:00+00:00,1.3486,1.3505,1.3483,1.3491,49421.96,66697.106687,XRPUSDT,bybit
2026-05-24 19:05:00+00:00,1.3491,1.3502,1.3491,1.3499,7273.81,9817.971147,XRPUSDT,bybit
2026-05-24 19:10:00+00:00,1.3499,1.35,1.3492,1.3492,10661.89,14389.288075,XRPUSDT,bybit
2026-05-24 19:15:00+00:00,1.3492,1.3503,1.3484,1.3499,17290.14,23332.701816,XRPUSDT,bybit
2026-05-24 19:20:00+00:00,1.3499,1.3499,1.3483,1.3484,48566.64,65504.954394,XRPUSDT,bybit
2026-05-24 19:25:00+00:00,1.3484,1.3484,1.3468,1.3469,32798.62,44202.500907,XRPUSDT,bybit
2026-05-24 19:30:00+00:00,1.3469,1.3474,1.3461,1.3471,78512.44,105729.853644,XRPUSDT,bybit
2026-05-24 19:35:00+00:00,1.3471,1.3477,1.3471,1.3475,36168.03,48734.785776,XRPUSDT,bybit
2026-05-24 19:40:00+00:00,1.3475,1.3489,1.3475,1.3484,5996.62,8085.167369,XRPUSDT,bybit
2026-05-24 19:45:00+00:00,1.3484,1.3499,1.3484,1.3498,14516.66,19580.706631,XRPUSDT,bybit
2026-05-24 19:50:00+00:00,1.3498,1.3498,1.3492,1.3495,13826.53,18658.670555,XRPUSDT,bybit
2026-05-24 19:55:00+00:00,1.3495,1.3496,1.3491,1.3492,26416.57,35643.246201,XRPUSDT,bybit
2026-05-24 20:00:00+00:00,1.3492,1.3496,1.3466,1.3466,75688.16,101999.826726,XRPUSDT,bybit
2026-05-24 20:05:00+00:00,1.3466,1.3471,1.3453,1.3462,46439.09,62496.110349,XRPUSDT,bybit
2026-05-24 20:10:00+00:00,1.3462,1.3467,1.3461,1.3461,15854.01,21342.841754,XRPUSDT,bybit
2026-05-24 20:15:00+00:00,1.3461,1.3464,1.3452,1.3459,46350.28,62364.911095,XRPUSDT,bybit
2026-05-24 20:20:00+00:00,1.3459,1.347,1.3443,1.3463,38342.18,51606.621671,XRPUSDT,bybit
2026-05-24 20:25:00+00:00,1.3463,1.3464,1.3448,1.3461,30861.76,41527.89458,XRPUSDT,bybit
2026-05-24 20:30:00+00:00,1.3461,1.3465,1.3448,1.3454,29064.46,39117.881293,XRPUSDT,bybit
2026-05-24 20:35:00+00:00,1.3454,1.3461,1.3438,1.3441,22331.19,30037.500987,XRPUSDT,bybit
2026-05-24 20:40:00+00:00,1.3441,1.3448,1.3441,1.3445,6847.68,9206.158042,XRPUSDT,bybit
2026-05-24 20:45:00+00:00,1.3445,1.3458,1.343,1.3446,42117.32,56612.255777,XRPUSDT,bybit
2026-05-24 20:50:00+00:00,1.3446,1.3446,1.3438,1.3444,19792.25,26605.325671,XRPUSDT,bybit
2026-05-24 20:55:00+00:00,1.3444,1.3449,1.3444,1.3449,1975.39,2655.753607,XRPUSDT,bybit
2026-05-24 21:00:00+00:00,1.3449,1.3472,1.3446,1.3466,9604.37,12928.946128,XRPUSDT,bybit
2026-05-24 21:05:00+00:00,1.3466,1.3466,1.346,1.346,17294.63,23283.800391,XRPUSDT,bybit
2026-05-24 21:10:00+00:00,1.346,1.3461,1.3442,1.3455,171197.56,230278.624135,XRPUSDT,bybit
2026-05-24 21:15:00+00:00,1.3455,1.3455,1.3444,1.345,21557.1,28992.046028,XRPUSDT,bybit
2026-05-24 21:20:00+00:00,1.345,1.3452,1.3443,1.3445,86663.07,116534.61546,XRPUSDT,bybit
2026-05-24 21:25:00+00:00,1.3445,1.3445,1.3399,1.3406,179794.48,241312.757532,XRPUSDT,bybit
2026-05-24 21:30:00+00:00,1.3406,1.3419,1.3376,1.3389,155734.17,208684.085209,XRPUSDT,bybit
2026-05-24 21:35:00+00:00,1.3389,1.3389,1.334,1.3369,395204.26,528023.319498,XRPUSDT,bybit
2026-05-24 21:40:00+00:00,1.3369,1.3398,1.3337,1.3345,188389.34,251726.39277,XRPUSDT,bybit
2026-05-24 21:45:00+00:00,1.3345,1.3373,1.3324,1.3361,100745.99,134495.248578,XRPUSDT,bybit
2026-05-24 21:50:00+00:00,1.3361,1.3388,1.3361,1.338,40949.48,54784.902838,XRPUSDT,bybit
2026-05-24 21:55:00+00:00,1.338,1.3387,1.3352,1.3364,69145.55,92438.204954,XRPUSDT,bybit
2026-05-24 22:00:00+00:00,1.3364,1.345,1.3358,1.3449,318886.15,427787.091315,XRPUSDT,bybit
2026-05-24 22:05:00+00:00,1.3449,1.3489,1.3445,1.3487,119974.54,161466.467898,XRPUSDT,bybit
2026-05-24 22:10:00+00:00,1.3487,1.3504,1.3476,1.3491,57730.54,77868.356128,XRPUSDT,bybit
2026-05-24 22:15:00+00:00,1.3491,1.3505,1.3481,1.3489,64988.7,87664.756248,XRPUSDT,bybit
2026-05-24 22:20:00+00:00,1.3489,1.3512,1.3484,1.3508,24946.34,33663.516866,XRPUSDT,bybit
2026-05-24 22:25:00+00:00,1.3508,1.3512,1.3492,1.3492,11183.05,15101.997909,XRPUSDT,bybit
2026-05-24 22:30:00+00:00,1.3492,1.3507,1.3479,1.3486,149519.61,201718.946148,XRPUSDT,bybit
2026-05-24 22:35:00+00:00,1.3486,1.3486,1.346,1.3473,40630.12,54747.472194,XRPUSDT,bybit
2026-05-24 22:40:00+00:00,1.3473,1.3474,1.3454,1.3474,12006.42,16159.200418,XRPUSDT,bybit
2026-05-24 22:45:00+00:00,1.3474,1.3501,1.3474,1.3488,45321.97,61135.829937,XRPUSDT,bybit
2026-05-24 22:50:00+00:00,1.3488,1.3498,1.3479,1.3481,31514.08,42509.937976,XRPUSDT,bybit
2026-05-24 22:55:00+00:00,1.3481,1.3486,1.3476,1.3476,8108.75,10931.270372,XRPUSDT,bybit
2026-05-24 23:00:00+00:00,1.3476,1.3503,1.3476,1.3496,25144.98,33918.651593,XRPUSDT,bybit
2026-05-24 23:05:00+00:00,1.3496,1.3498,1.3484,1.3494,5525.71,7455.192909,XRPUSDT,bybit
2026-05-24 23:10:00+00:00,1.3494,1.3501,1.3492,1.35,13459.51,18166.069905,XRPUSDT,bybit
2026-05-24 23:15:00+00:00,1.35,1.3506,1.3487,1.3494,19657.5,26523.112327,XRPUSDT,bybit
2026-05-24 23:20:00+00:00,1.3494,1.3498,1.3489,1.3491,6039.22,8148.103943,XRPUSDT,bybit
2026-05-24 23:25:00+00:00,1.3491,1.3492,1.3481,1.3488,39306.54,53009.303503,XRPUSDT,bybit
2026-05-24 23:30:00+00:00,1.3488,1.3508,1.3488,1.3505,19770.41,26684.413707,XRPUSDT,bybit
2026-05-24 23:35:00+00:00,1.3505,1.3533,1.3502,1.3517,26136.44,35346.775357,XRPUSDT,bybit
2026-05-24 23:40:00+00:00,1.3517,1.3539,1.3507,1.3537,206293.87,278943.457667,XRPUSDT,bybit
2026-05-24 23:45:00+00:00,1.3537,1.3537,1.3521,1.3529,31511.49,42626.782843,XRPUSDT,bybit
2026-05-24 23:50:00+00:00,1.3529,1.3533,1.3518,1.3522,22965.57,31059.498,XRPUSDT,bybit
2026-05-24 23:55:00+00:00,1.3522,1.3522,1.3506,1.3506,24725.24,33411.366482,XRPUSDT,bybit
2026-05-25 00:00:00+00:00,1.3506,1.354,1.3506,1.3526,77947.49,105438.912444,XRPUSDT,bybit
2026-05-25 00:05:00+00:00,1.3526,1.3536,1.3522,1.3531,22536.7,30489.682069,XRPUSDT,bybit
2026-05-25 00:10:00+00:00,1.3531,1.3536,1.3523,1.3526,26084.6,35280.589057,XRPUSDT,bybit
2026-05-25 00:15:00+00:00,1.3526,1.3534,1.3523,1.3528,84450.1,114249.136345,XRPUSDT,bybit
2026-05-25 00:20:00+00:00,1.3528,1.3541,1.3521,1.3538,18489.6,25023.333994,XRPUSDT,bybit
2026-05-25 00:25:00+00:00,1.3538,1.3544,1.3531,1.3543,18066.9,24462.150434,XRPUSDT,bybit
2026-05-25 00:30:00+00:00,1.3543,1.3556,1.3533,1.3535,37472.29,50766.98311,XRPUSDT,bybit
2026-05-25 00:35:00+00:00,1.3535,1.3547,1.3534,1.354,21241.82,28762.401838,XRPUSDT,bybit
2026-05-25 00:40:00+00:00,1.354,1.354,1.3521,1.3522,38613.64,52229.652162,XRPUSDT,bybit
2026-05-25 00:45:00+00:00,1.3522,1.3544,1.3513,1.3531,41097.36,55595.660024,XRPUSDT,bybit
2026-05-25 00:50:00+00:00,1.3531,1.3532,1.3508,1.3523,178538.87,241344.647868,XRPUSDT,bybit
2026-05-25 00:55:00+00:00,1.3523,1.3523,1.3513,1.3517,40014.61,54094.914919,XRPUSDT,bybit
2026-05-25 01:00:00+00:00,1.3517,1.3526,1.3503,1.3516,56714.02,76645.228915,XRPUSDT,bybit
2026-05-25 01:05:00+00:00,1.3516,1.3519,1.3513,1.3515,6434.72,8697.048761,XRPUSDT,bybit
2026-05-25 01:10:00+00:00,1.3515,1.3529,1.3511,1.3529,13253.84,17917.387027,XRPUSDT,bybit
2026-05-25 01:15:00+00:00,1.3529,1.3541,1.3526,1.3537,19562.64,26474.221098,XRPUSDT,bybit
2026-05-25 01:20:00+00:00,1.3537,1.3545,1.3537,1.3545,16857.08,22827.524828,XRPUSDT,bybit
2026-05-25 01:25:00+00:00,1.3545,1.355,1.3538,1.3549,49672.19,67279.545942,XRPUSDT,bybit
2026-05-25 01:30:00+00:00,1.3549,1.3551,1.3531,1.3542,31425.62,42544.258211,XRPUSDT,bybit
2026-05-25 01:35:00+00:00,1.3542,1.3544,1.3528,1.3531,21360.28,28908.757262,XRPUSDT,bybit
2026-05-25 01:40:00+00:00,1.3531,1.3533,1.3522,1.3523,11399.52,15421.092817,XRPUSDT,bybit
2026-05-25 01:45:00+00:00,1.3523,1.3527,1.3511,1.3513,15036.16,20326.185966,XRPUSDT,bybit
2026-05-25 01:50:00+00:00,1.3513,1.3517,1.35,1.35,36489.62,49274.24522,XRPUSDT,bybit
2026-05-25 01:55:00+00:00,1.35,1.3501,1.3469,1.3473,69515.0,93733.749197,XRPUSDT,bybit
2026-05-25 02:00:00+00:00,1.3473,1.3491,1.3473,1.3486,30518.91,41139.323651,XRPUSDT,bybit
2026-05-25 02:05:00+00:00,1.3486,1.3567,1.3486,1.3552,326937.15,442898.975176,XRPUSDT,bybit
2026-05-25 02:10:00+00:00,1.3552,1.3584,1.3546,1.3551,1059146.02,1436799.178169,XRPUSDT,bybit
2026-05-25 02:15:00+00:00,1.3551,1.3551,1.352,1.3524,80223.6,108548.47525,XRPUSDT,bybit
2026-05-25 02:20:00+00:00,1.3524,1.3526,1.3509,1.3509,18868.21,25514.447849,XRPUSDT,bybit
2026-05-25 02:25:00+00:00,1.3509,1.3509,1.3471,1.3488,74233.4,100088.914815,XRPUSDT,bybit
2026-05-25 02:30:00+00:00,1.3488,1.3499,1.3477,1.3477,15663.04,21127.724627,XRPUSDT,bybit
2026-05-25 02:35:00+00:00,1.3477,1.3488,1.3476,1.3488,19769.72,26653.029293,XRPUSDT,bybit
2026-05-25 02:40:00+00:00,1.3488,1.3488,1.3471,1.3484,35000.7,47160.10494,XRPUSDT,bybit
2026-05-25 02:45:00+00:00,1.3484,1.3488,1.3474,1.3483,26992.37,36385.713839,XRPUSDT,bybit
2026-05-25 02:50:00+00:00,1.3483,1.3488,1.3478,1.348,30751.96,41460.606812,XRPUSDT,bybit
2026-05-25 02:55:00+00:00,1.348,1.3484,1.3468,1.3472,29913.58,40303.329115,XRPUSDT,bybit
2026-05-25 03:00:00+00:00,1.3472,1.3487,1.3464,1.3469,43522.55,58640.308633,XRPUSDT,bybit
2026-05-25 03:05:00+00:00,1.3469,1.347,1.3458,1.3466,19936.38,26848.172861,XRPUSDT,bybit
2026-05-25 03:10:00+00:00,1.3466,1.3471,1.3458,1.3465,13423.83,18073.972388,XRPUSDT,bybit
2026-05-25 03:15:00+00:00,1.3465,1.3473,1.3459,1.3459,25195.02,33927.366899,XRPUSDT,bybit
2026-05-25 03:20:00+00:00,1.3459,1.3471,1.3449,1.3454,30888.52,41560.043542,XRPUSDT,bybit
2026-05-25 03:25:00+00:00,1.3454,1.3459,1.3446,1.3449,16394.21,22049.724027,XRPUSDT,bybit
2026-05-25 03:30:00+00:00,1.3449,1.3455,1.3435,1.345,23776.05,31969.083598,XRPUSDT,bybit
2026-05-25 03:35:00+00:00,1.345,1.3458,1.3448,1.3452,12990.32,17475.790845,XRPUSDT,bybit
2026-05-25 03:40:00+00:00,1.3452,1.346,1.3448,1.3456,16182.03,21770.813822,XRPUSDT,bybit
2026-05-25 03:45:00+00:00,1.3456,1.3464,1.3445,1.3463,23817.57,32041.521692,XRPUSDT,bybit
2026-05-25 03:50:00+00:00,1.3463,1.3474,1.3456,1.3472,11199.13,15083.222562,XRPUSDT,bybit
2026-05-25 03:55:00+00:00,1.3472,1.3477,1.3468,1.3468,18639.24,25108.825299,XRPUSDT,bybit
2026-05-25 04:00:00+00:00,1.3468,1.3483,1.3468,1.347,19134.82,25784.121881,XRPUSDT,bybit
2026-05-25 04:05:00+00:00,1.347,1.3476,1.346,1.3476,14002.13,18857.168902,XRPUSDT,bybit
2026-05-25 04:10:00+00:00,1.3476,1.3477,1.3458,1.3462,19897.86,26796.830214,XRPUSDT,bybit
2026-05-25 04:15:00+00:00,1.3462,1.3465,1.3452,1.3461,24143.86,32488.377973,XRPUSDT,bybit
2026-05-25 04:20:00+00:00,1.3461,1.3477,1.346,1.3475,87866.87,118383.739729,XRPUSDT,bybit
2026-05-25 04:25:00+00:00,1.3475,1.3496,1.3475,1.3495,67522.8,91089.943069,XRPUSDT,bybit
2026-05-25 04:30:00+00:00,1.3495,1.3512,1.3495,1.3496,67040.3,90533.413583,XRPUSDT,bybit
2026-05-25 04:35:00+00:00,1.3496,1.3504,1.3496,1.3496,30143.58,40698.889809,XRPUSDT,bybit
2026-05-25 04:40:00+00:00,1.3496,1.352,1.3496,1.352,78803.51,106466.097911,XRPUSDT,bybit
2026-05-25 04:45:00+00:00,1.352,1.3532,1.3514,1.353,68626.93,92842.324541,XRPUSDT,bybit
2026-05-25 04:50:00+00:00,1.353,1.3567,1.3528,1.356,224707.78,304625.908176,XRPUSDT,bybit
2026-05-25 04:55:00+00:00,1.356,1.3561,1.3553,1.3556,83229.77,112835.480694,XRPUSDT,bybit
2026-05-25 05:00:00+00:00,1.3556,1.3558,1.3542,1.3553,116187.29,157451.331874,XRPUSDT,bybit
2026-05-25 05:05:00+00:00,1.3553,1.3583,1.3553,1.3568,259827.06,352559.181453,XRPUSDT,bybit
2026-05-25 05:10:00+00:00,1.3568,1.3583,1.3565,1.3581,179716.69,243946.476569,XRPUSDT,bybit
2026-05-25 05:15:00+00:00,1.3581,1.3591,1.3576,1.3581,81043.66,110086.512145,XRPUSDT,bybit
2026-05-25 05:20:00+00:00,1.3581,1.3599,1.3568,1.3583,431541.42,586366.702329,XRPUSDT,bybit
2026-05-25 05:25:00+00:00,1.3583,1.3586,1.358,1.3584,89225.48,121195.631503,XRPUSDT,bybit
2026-05-25 05:30:00+00:00,1.3584,1.3599,1.3582,1.3584,128894.67,175158.965918,XRPUSDT,bybit
2026-05-25 05:35:00+00:00,1.3584,1.3599,1.3584,1.3593,72377.05,98376.717191,XRPUSDT,bybit
2026-05-25 05:40:00+00:00,1.3593,1.361,1.3593,1.3605,57262.55,77894.247573,XRPUSDT,bybit
2026-05-25 05:45:00+00:00,1.3605,1.3605,1.3593,1.3603,31010.95,42172.409791,XRPUSDT,bybit
2026-05-25 05:50:00+00:00,1.3603,1.3603,1.3592,1.3594,50606.08,68799.055333,XRPUSDT,bybit
2026-05-25 05:55:00+00:00,1.3594,1.3594,1.3581,1.3584,27163.75,36906.341433,XRPUSDT,bybit
2026-05-25 06:00:00+00:00,1.3584,1.3588,1.3573,1.3575,24184.53,32841.186348,XRPUSDT,bybit
2026-05-25 06:05:00+00:00,1.3575,1.3611,1.3575,1.3602,110434.24,150109.186453,XRPUSDT,bybit
2026-05-25 06:10:00+00:00,1.3602,1.3602,1.3571,1.3572,31119.08,42263.240873,XRPUSDT,bybit
2026-05-25 06:15:00+00:00,1.3572,1.3573,1.356,1.356,51871.52,70363.457691,XRPUSDT,bybit
2026-05-25 06:20:00+00:00,1.356,1.3561,1.3545,1.3546,20860.73,28273.960464,XRPUSDT,bybit
2026-05-25 06:25:00+00:00,1.3546,1.3557,1.3543,1.3557,27773.06,37633.222687,XRPUSDT,bybit
2026-05-25 06:30:00+00:00,1.3557,1.3594,1.3557,1.3593,59833.83,81254.986183,XRPUSDT,bybit
2026-05-25 06:35:00+00:00,1.3593,1.3598,1.3585,1.3585,22368.25,30404.698119,XRPUSDT,bybit
2026-05-25 06:40:00+00:00,1.3585,1.3589,1.358,1.3581,2150.08,2921.109958,XRPUSDT,bybit
2026-05-25 06:45:00+00:00,1.3581,1.3593,1.3576,1.359,33155.39,45044.817149,XRPUSDT,bybit
2026-05-25 06:50:00+00:00,1.359,1.359,1.3582,1.3586,7677.4,10431.128519,XRPUSDT,bybit
2026-05-25 06:55:00+00:00,1.3586,1.3592,1.3578,1.3584,5635.7,7656.493232,XRPUSDT,bybit
2026-05-25 07:00:00+00:00,1.3584,1.361,1.3584,1.3604,134504.48,182882.605997,XRPUSDT,bybit
2026-05-25 07:05:00+00:00,1.3604,1.3605,1.3592,1.3592,24670.05,33547.902014,XRPUSDT,bybit
2026-05-25 07:10:00+00:00,1.3592,1.3592,1.3574,1.3576,14357.58,19500.847019,XRPUSDT,bybit
2026-05-25 07:15:00+00:00,1.3576,1.3586,1.354,1.355,73186.96,99234.823932,XRPUSDT,bybit
2026-05-25 07:20:00+00:00,1.355,1.3555,1.3542,1.355,13344.47,18082.418015,XRPUSDT,bybit
2026-05-25 07:25:00+00:00,1.355,1.355,1.3534,1.3536,15775.33,21359.317661,XRPUSDT,bybit
2026-05-25 07:30:00+00:00,1.3536,1.3566,1.3529,1.3544,290056.47,393100.946757,XRPUSDT,bybit
2026-05-25 07:35:00+00:00,1.3544,1.3547,1.3535,1.3539,139358.46,188663.005627,XRPUSDT,bybit
2026-05-25 07:40:00+00:00,1.3539,1.3556,1.3526,1.3552,245889.12,332778.94612,XRPUSDT,bybit
2026-05-25 07:45:00+00:00,1.3552,1.3558,1.3542,1.3558,72987.61,98907.312441,XRPUSDT,bybit
2026-05-25 07:50:00+00:00,1.3558,1.3558,1.3544,1.3554,84724.93,114805.911649,XRPUSDT,bybit
2026-05-25 07:55:00+00:00,1.3554,1.3595,1.3544,1.3589,594081.96,806785.015109,XRPUSDT,bybit
2026-05-25 08:00:00+00:00,1.3589,1.3604,1.3581,1.3604,137757.56,187197.778266,XRPUSDT,bybit
2026-05-25 08:05:00+00:00,1.3604,1.3605,1.3594,1.3605,37107.01,50466.026435,XRPUSDT,bybit
2026-05-25 08:10:00+00:00,1.3605,1.3605,1.3593,1.3595,50654.66,68892.505623,XRPUSDT,bybit
2026-05-25 08:15:00+00:00,1.3595,1.3604,1.3585,1.3598,653648.15,888722.125238,XRPUSDT,bybit
2026-05-25 08:20:00+00:00,1.3598,1.3608,1.3592,1.3598,355101.51,483004.790245,XRPUSDT,bybit
2026-05-25 08:25:00+00:00,1.3598,1.3605,1.3588,1.3603,122639.76,166724.72059,XRPUSDT,bybit
2026-05-25 08:30:00+00:00,1.3603,1.3627,1.3602,1.3626,114176.05,155486.256764,XRPUSDT,bybit
2026-05-25 08:35:00+00:00,1.3626,1.3656,1.3625,1.3633,363062.66,495079.542107,XRPUSDT,bybit
2026-05-25 08:40:00+00:00,1.3633,1.3642,1.3566,1.359,628704.06,854788.175526,XRPUSDT,bybit
2026-05-25 08:45:00+00:00,1.359,1.3595,1.3585,1.3595,19406.43,26375.375161,XRPUSDT,bybit
2026-05-25 08:50:00+00:00,1.3595,1.3597,1.3588,1.3593,16253.73,22093.502011,XRPUSDT,bybit
2026-05-25 08:55:00+00:00,1.3593,1.3604,1.3587,1.3592,143427.35,195019.721493,XRPUSDT,bybit
2026-05-25 09:00:00+00:00,1.3592,1.3599,1.3587,1.3587,70809.95,96253.459264,XRPUSDT,bybit
2026-05-25 09:05:00+00:00,1.3587,1.3593,1.3587,1.3592,6905.99,9385.489007,XRPUSDT,bybit
2026-05-25 09:10:00+00:00,1.3592,1.3597,1.3586,1.359,14409.88,19585.429146,XRPUSDT,bybit
2026-05-25 09:15:00+00:00,1.359,1.3591,1.3586,1.3589,21713.82,29506.664483,XRPUSDT,bybit
2026-05-25 09:20:00+00:00,1.3589,1.3609,1.3571,1.3608,278421.74,378365.396155,XRPUSDT,bybit
2026-05-25 09:25:00+00:00,1.3608,1.3617,1.3607,1.3609,87109.67,118571.524969,XRPUSDT,bybit
2026-05-25 09:30:00+00:00,1.3609,1.3634,1.3607,1.3621,137808.32,187764.131061,XRPUSDT,bybit
2026-05-25 09:35:00+00:00,1.3621,1.3626,1.3614,1.3618,64847.75,88315.212957,XRPUSDT,bybit
2026-05-25 09:40:00+00:00,1.3618,1.3618,1.3609,1.3611,24497.15,33342.421313,XRPUSDT,bybit
2026-05-25 09:45:00+00:00,1.3611,1.3611,1.3601,1.3607,103126.12,140307.742501,XRPUSDT,bybit
2026-05-25 09:50:00+00:00,1.3607,1.362,1.3607,1.3609,49806.53,67800.481442,XRPUSDT,bybit
2026-05-25 09:55:00+00:00,1.3609,1.3622,1.3605,1.3611,165070.24,224690.692624,XRPUSDT,bybit
2026-05-25 10:00:00+00:00,1.3611,1.3616,1.3604,1.3604,83683.45,113909.280265,XRPUSDT,bybit
2026-05-25 10:05:00+00:00,1.3604,1.3614,1.3603,1.3612,59281.49,80687.464327,XRPUSDT,bybit
2026-05-25 10:10:00+00:00,1.3612,1.3614,1.3604,1.3604,92030.34,125243.443357,XRPUSDT,bybit
2026-05-25 10:15:00+00:00,1.3604,1.3611,1.3601,1.3608,92636.84,126025.626367,XRPUSDT,bybit
2026-05-25 10:20:00+00:00,1.3608,1.3608,1.3592,1.3604,81927.02,111422.396004,XRPUSDT,bybit
2026-05-25 10:25:00+00:00,1.3604,1.3604,1.3594,1.36,18175.21,24713.988323,XRPUSDT,bybit
2026-05-25 10:30:00+00:00,1.36,1.3602,1.3592,1.3602,41147.14,55953.176367,XRPUSDT,bybit
2026-05-25 10:35:00+00:00,1.3602,1.3606,1.3597,1.3597,24919.82,33896.317901,XRPUSDT,bybit
2026-05-25 10:40:00+00:00,1.3597,1.3602,1.3595,1.3602,12205.8,16597.227075,XRPUSDT,bybit
2026-05-25 10:45:00+00:00,1.3602,1.3617,1.3602,1.3615,12630.91,17192.571088,XRPUSDT,bybit
2026-05-25 10:50:00+00:00,1.3615,1.3616,1.36,1.3607,41919.48,57027.29651,XRPUSDT,bybit
2026-05-25 10:55:00+00:00,1.3607,1.3607,1.3601,1.3606,18785.12,25558.03053,XRPUSDT,bybit
2026-05-25 11:00:00+00:00,1.3606,1.3612,1.359,1.36,156329.11,212607.81208,XRPUSDT,bybit
2026-05-25 11:05:00+00:00,1.36,1.36,1.3588,1.3597,92864.08,126217.351687,XRPUSDT,bybit
2026-05-25 11:10:00+00:00,1.3597,1.36,1.3593,1.3593,69514.13,94520.736234,XRPUSDT,bybit
2026-05-25 11:15:00+00:00,1.3593,1.3594,1.3585,1.3592,184171.2,250234.051563,XRPUSDT,bybit
2026-05-25 11:20:00+00:00,1.3592,1.3593,1.3585,1.3587,25390.44,34501.139699,XRPUSDT,bybit
2026-05-25 11:25:00+00:00,1.3587,1.3587,1.3584,1.3586,33803.47,45922.817422,XRPUSDT,bybit
2026-05-25 11:30:00+00:00,1.3586,1.3606,1.3586,1.3605,154584.68,210160.273244,XRPUSDT,bybit
2026-05-25 11:35:00+00:00,1.3605,1.3614,1.3596,1.3607,115773.2,157518.596707,XRPUSDT,bybit
2026-05-25 11:40:00+00:00,1.3607,1.3607,1.3592,1.3592,129700.4,176361.071836,XRPUSDT,bybit
2026-05-25 11:45:00+00:00,1.3592,1.3601,1.3582,1.3584,85260.9,115864.866268,XRPUSDT,bybit
2026-05-25 11:50:00+00:00,1.3584,1.3584,1.3572,1.3579,153881.85,208914.102446,XRPUSDT,bybit
2026-05-25 11:55:00+00:00,1.3579,1.3579,1.3573,1.3576,45174.45,61327.001766,XRPUSDT,bybit
2026-05-25 12:00:00+00:00,1.3576,1.3577,1.3564,1.3572,114700.41,155652.417053,XRPUSDT,bybit
2026-05-25 12:05:00+00:00,1.3572,1.3572,1.3566,1.357,295368.41,400768.012847,XRPUSDT,bybit
2026-05-25 12:10:00+00:00,1.357,1.3578,1.3567,1.3577,43326.56,58811.862967,XRPUSDT,bybit
2026-05-25 12:15:00+00:00,1.3577,1.3586,1.3574,1.3581,131439.31,178474.595674,XRPUSDT,bybit
2026-05-25 12:20:00+00:00,1.3581,1.3585,1.3566,1.358,268995.4,365134.885817,XRPUSDT,bybit
2026-05-25 12:25:00+00:00,1.358,1.3586,1.358,1.3581,127140.79,172689.703386,XRPUSDT,bybit
2026-05-25 12:30:00+00:00,1.3581,1.359,1.3578,1.358,203584.21,276558.152576,XRPUSDT,bybit
2026-05-25 12:35:00+00:00,1.358,1.3588,1.3572,1.3575,111463.94,151359.257849,XRPUSDT,bybit
2026-05-25 12:40:00+00:00,1.3575,1.3583,1.3574,1.3582,99290.66,134799.761207,XRPUSDT,bybit
2026-05-25 12:45:00+00:00,1.3582,1.3583,1.3568,1.3574,186288.62,252879.458413,XRPUSDT,bybit
2026-05-25 12:50:00+00:00,1.3574,1.3586,1.3574,1.3586,146121.88,198389.439201,XRPUSDT,bybit
2026-05-25 12:55:00+00:00,1.3586,1.359,1.3571,1.3571,178538.07,242520.674637,XRPUSDT,bybit
2026-05-25 13:00:00+00:00,1.3571,1.3582,1.3567,1.358,132153.9,179385.555308,XRPUSDT,bybit
2026-05-25 13:05:00+00:00,1.358,1.3587,1.3577,1.3578,63190.86,85816.118187,XRPUSDT,bybit
2026-05-25 13:10:00+00:00,1.3578,1.3578,1.3555,1.3559,146039.5,198059.830705,XRPUSDT,bybit
2026-05-25 13:15:00+00:00,1.3559,1.3567,1.3558,1.3562,119834.78,162530.10305,XRPUSDT,bybit
2026-05-25 13:20:00+00:00,1.3562,1.3569,1.3557,1.3568,34343.47,46586.026924,XRPUSDT,bybit
2026-05-25 13:25:00+00:00,1.3568,1.3575,1.3566,1.3568,74437.82,101010.359212,XRPUSDT,bybit
2026-05-25 13:30:00+00:00,1.3568,1.3573,1.3562,1.3565,193879.44,263048.393366,XRPUSDT,bybit
2026-05-25 13:35:00+00:00,1.3565,1.3566,1.3554,1.3565,106258.4,144081.505094,XRPUSDT,bybit
2026-05-25 13:40:00+00:00,1.3565,1.3577,1.356,1.3577,29064.92,39429.374886,XRPUSDT,bybit
2026-05-25 13:45:00+00:00,1.3577,1.358,1.3566,1.3578,91209.22,123762.500355,XRPUSDT,bybit
2026-05-25 13:50:00+00:00,1.3578,1.3582,1.3568,1.3581,74444.67,101054.857306,XRPUSDT,bybit
2026-05-25 13:55:00+00:00,1.3581,1.3586,1.358,1.3581,43283.95,58791.69005,XRPUSDT,bybit
2026-05-25 14:00:00+00:00,1.3581,1.3598,1.3575,1.3598,124207.45,168679.044512,XRPUSDT,bybit
2026-05-25 14:05:00+00:00,1.3598,1.3614,1.3594,1.3602,69619.41,94703.109981,XRPUSDT,bybit
2026-05-25 14:10:00+00:00,1.3602,1.3609,1.3596,1.3597,59420.29,80824.381118,XRPUSDT,bybit
2026-05-25 14:15:00+00:00,1.3597,1.3619,1.3597,1.361,88443.1,120335.237279,XRPUSDT,bybit
2026-05-25 14:20:00+00:00,1.361,1.3612,1.3602,1.361,43212.98,58790.867412,XRPUSDT,bybit
2026-05-25 14:25:00+00:00,1.361,1.3624,1.3608,1.3622,57698.28,78568.499859,XRPUSDT,bybit
2026-05-25 14:30:00+00:00,1.3622,1.3623,1.3602,1.3603,75337.46,102545.143992,XRPUSDT,bybit
2026-05-25 14:35:00+00:00,1.3603,1.3606,1.3593,1.3594,67019.33,91152.315401,XRPUSDT,bybit
2026-05-25 14:40:00+00:00,1.3594,1.3594,1.3585,1.3593,64950.28,88265.601432,XRPUSDT,bybit
2026-05-25 14:45:00+00:00,1.3593,1.3624,1.3593,1.3618,76291.68,103883.871675,XRPUSDT,bybit
2026-05-25 14:50:00+00:00,1.3618,1.3624,1.3615,1.3615,58386.44,79521.445306,XRPUSDT,bybit
2026-05-25 14:55:00+00:00,1.3615,1.3618,1.361,1.3612,157221.78,214019.936143,XRPUSDT,bybit
2026-05-25 15:00:00+00:00,1.3612,1.3617,1.3607,1.3609,123421.51,168013.308051,XRPUSDT,bybit
2026-05-25 15:05:00+00:00,1.3609,1.3616,1.3609,1.3612,88084.52,119907.878999,XRPUSDT,bybit
2026-05-25 15:10:00+00:00,1.3612,1.3654,1.3604,1.3606,400829.81,546196.670651,XRPUSDT,bybit
2026-05-25 15:15:00+00:00,1.3606,1.3614,1.3591,1.3605,137129.15,186482.221749,XRPUSDT,bybit
2026-05-25 15:20:00+00:00,1.3605,1.3606,1.3575,1.3584,51290.51,69709.438571,XRPUSDT,bybit
2026-05-25 15:25:00+00:00,1.3584,1.3596,1.3582,1.3582,26445.59,35935.518867,XRPUSDT,bybit
2026-05-25 15:30:00+00:00,1.3582,1.359,1.3577,1.3588,94466.3,128288.435742,XRPUSDT,bybit
2026-05-25 15:35:00+00:00,1.3588,1.3602,1.3586,1.3602,47398.78,64434.659603,XRPUSDT,bybit
2026-05-25 15:40:00+00:00,1.3602,1.3603,1.3596,1.3598,40072.71,54489.246818,XRPUSDT,bybit
2026-05-25 15:45:00+00:00,1.3598,1.3603,1.3587,1.3594,111597.42,151737.661411,XRPUSDT,bybit
2026-05-25 15:50:00+00:00,1.3594,1.3594,1.3579,1.3583,130580.35,177392.584476,XRPUSDT,bybit
2026-05-25 15:55:00+00:00,1.3583,1.3593,1.3581,1.3587,26845.28,36475.891239,XRPUSDT,bybit
2026-05-25 16:00:00+00:00,1.3587,1.3591,1.3584,1.3586,73554.12,99937.139873,XRPUSDT,bybit
2026-05-25 16:05:00+00:00,1.3586,1.3587,1.3581,1.3581,18104.31,24590.137399,XRPUSDT,bybit
2026-05-25 16:10:00+00:00,1.3581,1.3591,1.3571,1.3572,114297.5,155213.997275,XRPUSDT,bybit
2026-05-25 16:15:00+00:00,1.3572,1.3584,1.3572,1.358,89734.17,121834.663146,XRPUSDT,bybit
2026-05-25 16:20:00+00:00,1.358,1.3595,1.3576,1.3589,79016.36,107343.176693,XRPUSDT,bybit
2026-05-25 16:25:00+00:00,1.3589,1.3593,1.358,1.3586,54538.71,74111.90796,XRPUSDT,bybit
2026-05-25 16:30:00+00:00,1.3586,1.3589,1.3576,1.3584,18041.03,24501.384264,XRPUSDT,bybit
2026-05-25 16:35:00+00:00,1.3584,1.3599,1.3584,1.3591,24851.29,33781.146254,XRPUSDT,bybit
2026-05-25 16:40:00+00:00,1.3591,1.3607,1.3591,1.3606,43296.78,58873.903115,XRPUSDT,bybit
2026-05-25 16:45:00+00:00,1.3606,1.3632,1.3601,1.363,154413.93,210265.498474,XRPUSDT,bybit
2026-05-25 16:50:00+00:00,1.363,1.3638,1.3616,1.3621,104361.14,142227.123848,XRPUSDT,bybit
2026-05-25 16:55:00+00:00,1.3621,1.3632,1.3621,1.3628,17454.8,23788.784237,XRPUSDT,bybit
2026-05-25 17:00:00+00:00,1.3628,1.3636,1.3624,1.3627,62254.15,84867.76447,XRPUSDT,bybit
2026-05-25 17:05:00+00:00,1.3627,1.3639,1.3621,1.3633,49121.83,66954.726834,XRPUSDT,bybit
2026-05-25 17:10:00+00:00,1.3633,1.3633,1.3623,1.3626,27129.38,36972.255817,XRPUSDT,bybit
2026-05-25 17:15:00+00:00,1.3626,1.3626,1.3607,1.3618,19708.44,26833.368652,XRPUSDT,bybit
2026-05-25 17:20:00+00:00,1.3618,1.3619,1.3614,1.3615,30207.12,41132.170546,XRPUSDT,bybit
2026-05-25 17:25:00+00:00,1.3615,1.3626,1.3615,1.3626,11665.04,15888.603572,XRPUSDT,bybit
2026-05-25 17:30:00+00:00,1.3626,1.363,1.3609,1.3614,70955.93,96638.839005,XRPUSDT,bybit
2026-05-25 17:35:00+00:00,1.3614,1.3625,1.3613,1.3621,13662.79,18605.836836,XRPUSDT,bybit
2026-05-25 17:40:00+00:00,1.3621,1.3623,1.3616,1.3621,15208.97,20714.881166,XRPUSDT,bybit
2026-05-25 17:45:00+00:00,1.3621,1.3622,1.3614,1.362,72050.1,98120.13736,XRPUSDT,bybit
2026-05-25 17:50:00+00:00,1.362,1.3621,1.3612,1.3612,57133.71,77804.455598,XRPUSDT,bybit
2026-05-25 17:55:00+00:00,1.3612,1.3614,1.3601,1.3612,28032.17,38147.081152,XRPUSDT,bybit
2026-05-25 18:00:00+00:00,1.3612,1.3619,1.3611,1.3618,13671.51,18615.478076,XRPUSDT,bybit
2026-05-25 18:05:00+00:00,1.3618,1.3626,1.3617,1.3626,7382.03,10055.161484,XRPUSDT,bybit
2026-05-25 18:10:00+00:00,1.3626,1.3633,1.3626,1.3626,12570.74,17132.568326,XRPUSDT,bybit
2026-05-25 18:15:00+00:00,1.3626,1.3629,1.3621,1.3622,10682.29,14554.379415,XRPUSDT,bybit
2026-05-25 18:20:00+00:00,1.3622,1.363,1.3616,1.3618,28022.86,38168.602357,XRPUSDT,bybit
2026-05-25 18:25:00+00:00,1.3618,1.362,1.3617,1.362,6124.69,8341.364381,XRPUSDT,bybit
2026-05-25 18:30:00+00:00,1.362,1.362,1.3606,1.3613,42729.88,58153.662798,XRPUSDT,bybit
2026-05-25 18:35:00+00:00,1.3613,1.3613,1.3605,1.3607,40953.39,55730.346933,XRPUSDT,bybit
2026-05-25 18:40:00+00:00,1.3607,1.3607,1.3597,1.3602,20191.07,27461.906357,XRPUSDT,bybit
2026-05-25 18:45:00+00:00,1.3602,1.3605,1.3593,1.3597,14190.51,19296.180302,XRPUSDT,bybit
2026-05-25 18:50:00+00:00,1.3597,1.3601,1.359,1.359,5154.65,7007.418283,XRPUSDT,bybit
2026-05-25 18:55:00+00:00,1.359,1.3591,1.3587,1.3588,3034.43,4123.533733,XRPUSDT,bybit
2026-05-25 19:00:00+00:00,1.3588,1.3588,1.3562,1.357,39236.83,53255.389254,XRPUSDT,bybit
2026-05-25 19:05:00+00:00,1.357,1.358,1.3568,1.3568,7825.14,10620.977403,XRPUSDT,bybit
2026-05-25 19:10:00+00:00,1.3568,1.3579,1.3565,1.3579,5572.99,7564.284004,XRPUSDT,bybit
2026-05-25 19:15:00+00:00,1.3579,1.3579,1.3564,1.3571,22447.55,30459.258865,XRPUSDT,bybit
2026-05-25 19:20:00+00:00,1.3571,1.3581,1.3566,1.3579,45505.76,61781.402839,XRPUSDT,bybit
2026-05-25 19:25:00+00:00,1.3579,1.358,1.3575,1.3579,24333.95,33042.568593,XRPUSDT,bybit
2026-05-25 19:30:00+00:00,1.3579,1.3587,1.3562,1.3562,58573.17,79519.696316,XRPUSDT,bybit
2026-05-25 19:35:00+00:00,1.3562,1.3564,1.3544,1.3548,65621.15,88936.110116,XRPUSDT,bybit
2026-05-25 19:40:00+00:00,1.3548,1.3559,1.3548,1.3559,8126.17,11015.235606,XRPUSDT,bybit
2026-05-25 19:45:00+00:00,1.3559,1.3566,1.3559,1.3565,11188.88,15175.657652,XRPUSDT,bybit
2026-05-25 19:50:00+00:00,1.3565,1.3573,1.3565,1.3569,7321.78,9935.322366,XRPUSDT,bybit
2026-05-25 19:55:00+00:00,1.3569,1.3576,1.3565,1.357,28002.98,38008.557676,XRPUSDT,bybit
2026-05-25 20:00:00+00:00,1.357,1.3591,1.3567,1.3585,7348.65,9981.57649,XRPUSDT,bybit
2026-05-25 20:05:00+00:00,1.3585,1.359,1.3584,1.3588,4827.61,6558.885457,XRPUSDT,bybit
2026-05-25 20:10:00+00:00,1.3588,1.3591,1.3585,1.3586,32457.89,44110.495338,XRPUSDT,bybit
2026-05-25 20:15:00+00:00,1.3586,1.3595,1.3585,1.3594,16498.49,22420.57171,XRPUSDT,bybit
2026-05-25 20:20:00+00:00,1.3594,1.3595,1.3575,1.3579,19025.05,25839.983227,XRPUSDT,bybit
2026-05-25 20:25:00+00:00,1.3579,1.3586,1.3572,1.3573,17067.83,23173.198732,XRPUSDT,bybit
2026-05-25 20:30:00+00:00,1.3573,1.3575,1.3554,1.3555,20262.32,27489.787286,XRPUSDT,bybit
2026-05-25 20:35:00+00:00,1.3555,1.3555,1.3539,1.3545,27046.83,36632.951142,XRPUSDT,bybit
2026-05-25 20:40:00+00:00,1.3545,1.3546,1.3515,1.3536,96829.18,130968.116384,XRPUSDT,bybit
2026-05-25 20:45:00+00:00,1.3536,1.354,1.3528,1.3532,93245.45,126201.395651,XRPUSDT,bybit
2026-05-25 20:50:00+00:00,1.3532,1.3551,1.3532,1.355,39141.43,53024.07344,XRPUSDT,bybit
2026-05-25 20:55:00+00:00,1.355,1.3561,1.3541,1.3544,16068.2,21773.07166,XRPUSDT,bybit
2026-05-25 21:00:00+00:00,1.3544,1.3564,1.3544,1.356,33805.32,45842.095655,XRPUSDT,bybit
2026-05-25 21:05:00+00:00,1.356,1.356,1.3554,1.3558,46907.85,63587.503121,XRPUSDT,bybit
2026-05-25 21:10:00+00:00,1.3558,1.3567,1.3558,1.3563,115584.16,156753.134657,XRPUSDT,bybit
2026-05-25 21:15:00+00:00,1.3563,1.3563,1.3551,1.3561,8371.23,11348.005809,XRPUSDT,bybit
2026-05-25 21:20:00+00:00,1.3561,1.3564,1.3552,1.3552,17196.7,23317.429223,XRPUSDT,bybit
2026-05-25 21:25:00+00:00,1.3552,1.3559,1.3548,1.3559,9438.77,12793.27288,XRPUSDT,bybit
2026-05-25 21:30:00+00:00,1.3559,1.3562,1.3556,1.3556,11213.04,15202.157199,XRPUSDT,bybit
2026-05-25 21:35:00+00:00,1.3556,1.3557,1.3542,1.3548,15675.71,21233.639093,XRPUSDT,bybit
2026-05-25 21:40:00+00:00,1.3548,1.356,1.3548,1.3549,32498.89,44051.378028,XRPUSDT,bybit
2026-05-25 21:45:00+00:00,1.3549,1.3551,1.3545,1.3551,23338.18,31617.044622,XRPUSDT,bybit
2026-05-25 21:50:00+00:00,1.3551,1.3553,1.3543,1.3553,8132.79,11017.419423,XRPUSDT,bybit
2026-05-25 21:55:00+00:00,1.3553,1.3557,1.3547,1.3547,23944.34,32450.811001,XRPUSDT,bybit
2026-05-25 22:00:00+00:00,1.3547,1.3551,1.3525,1.3534,62453.09,84564.414251,XRPUSDT,bybit
2026-05-25 22:05:00+00:00,1.3534,1.3555,1.3534,1.3548,49100.9,66524.122832,XRPUSDT,bybit
2026-05-25 22:10:00+00:00,1.3548,1.3558,1.354,1.3547,18561.53,25148.538394,XRPUSDT,bybit
2026-05-25 22:15:00+00:00,1.3547,1.3552,1.3537,1.3541,237499.23,321641.327815,XRPUSDT,bybit
2026-05-25 22:20:00+00:00,1.3541,1.355,1.3538,1.3544,50119.87,67896.919967,XRPUSDT,bybit
2026-05-25 22:25:00+00:00,1.3544,1.3544,1.3507,1.3518,57457.38,77670.498486,XRPUSDT,bybit
2026-05-25 22:30:00+00:00,1.3518,1.3518,1.3471,1.3492,176093.91,237475.116485,XRPUSDT,bybit
2026-05-25 22:35:00+00:00,1.3492,1.3502,1.3467,1.3501,126081.01,169923.166291,XRPUSDT,bybit
2026-05-25 22:40:00+00:00,1.3501,1.3508,1.3494,1.3503,21448.09,28955.350247,XRPUSDT,bybit
2026-05-25 22:45:00+00:00,1.3503,1.3514,1.3503,1.3514,46829.66,63262.369944,XRPUSDT,bybit
2026-05-25 22:50:00+00:00,1.3514,1.3515,1.3502,1.3509,13613.61,18391.235147,XRPUSDT,bybit
2026-05-25 22:55:00+00:00,1.3509,1.3509,1.3489,1.349,37708.43,50907.047564,XRPUSDT,bybit
2026-05-25 23:00:00+00:00,1.349,1.3499,1.3471,1.3494,95163.85,128293.041561,XRPUSDT,bybit
2026-05-25 23:05:00+00:00,1.3494,1.3522,1.3493,1.3506,65734.32,88813.14655,XRPUSDT,bybit
2026-05-25 23:10:00+00:00,1.3506,1.3507,1.3499,1.3506,47972.64,64779.936703,XRPUSDT,bybit
2026-05-25 23:15:00+00:00,1.3506,1.3515,1.3504,1.3511,59068.28,79786.298082,XRPUSDT,bybit
2026-05-25 23:20:00+00:00,1.3511,1.3512,1.35,1.3506,37235.31,50293.929899,XRPUSDT,bybit
2026-05-25 23:25:00+00:00,1.3506,1.3511,1.3503,1.3506,20190.43,27270.509951,XRPUSDT,bybit
2026-05-25 23:30:00+00:00,1.3506,1.3516,1.3502,1.3512,13219.86,17859.273834,XRPUSDT,bybit
2026-05-25 23:35:00+00:00,1.3512,1.3512,1.3504,1.351,8680.93,11724.224828,XRPUSDT,bybit
2026-05-25 23:40:00+00:00,1.351,1.3511,1.3503,1.3505,19060.06,25748.760258,XRPUSDT,bybit
2026-05-25 23:45:00+00:00,1.3505,1.3505,1.3497,1.35,36010.17,48616.687799,XRPUSDT,bybit
2026-05-25 23:50:00+00:00,1.35,1.3509,1.3494,1.3507,41172.34,55604.226014,XRPUSDT,bybit
2026-05-25 23:55:00+00:00,1.3507,1.3509,1.3501,1.3501,22343.06,30174.567449,XRPUSDT,bybit
2026-05-26 00:00:00+00:00,1.3501,1.3514,1.3491,1.3496,37384.09,50469.251063,XRPUSDT,bybit
2026-05-26 00:05:00+00:00,1.3496,1.3503,1.3488,1.3496,18652.54,25177.050416,XRPUSDT,bybit
2026-05-26 00:10:00+00:00,1.3496,1.3498,1.3488,1.3498,24689.55,33308.766864,XRPUSDT,bybit
2026-05-26 00:15:00+00:00,1.3498,1.3499,1.3482,1.3485,24562.39,33126.868541,XRPUSDT,bybit
2026-05-26 00:20:00+00:00,1.3485,1.3486,1.3474,1.3478,13216.85,17813.89054,XRPUSDT,bybit
2026-05-26 00:25:00+00:00,1.3478,1.3483,1.347,1.3474,46217.74,62300.962899,XRPUSDT,bybit
2026-05-26 00:30:00+00:00,1.3474,1.3484,1.3465,1.3472,35783.44,48224.148854,XRPUSDT,bybit
2026-05-26 00:35:00+00:00,1.3472,1.3472,1.3436,1.3444,100218.63,134775.422466,XRPUSDT,bybit
2026-05-26 00:40:00+00:00,1.3444,1.3444,1.3418,1.3425,73188.39,98288.283301,XRPUSDT,bybit
2026-05-26 00:45:00+00:00,1.3425,1.3434,1.3405,1.342,93066.69,124874.996988,XRPUSDT,bybit
2026-05-26 00:50:00+00:00,1.342,1.342,1.3355,1.3396,193861.22,259517.288532,XRPUSDT,bybit
2026-05-26 00:55:00+00:00,1.3396,1.3427,1.3394,1.3423,92496.74,124072.221441,XRPUSDT,bybit
2026-05-26 01:00:00+00:00,1.3423,1.3423,1.3379,1.3393,797237.22,1068283.198343,XRPUSDT,bybit
2026-05-26 01:05:00+00:00,1.3393,1.3415,1.339,1.3403,53026.45,71068.598279,XRPUSDT,bybit
2026-05-26 01:10:00+00:00,1.3403,1.3434,1.3398,1.3434,45877.1,61552.438533,XRPUSDT,bybit
2026-05-26 01:15:00+00:00,1.3434,1.3447,1.3427,1.3444,57903.86,77819.437495,XRPUSDT,bybit
2026-05-26 01:20:00+00:00,1.3444,1.3447,1.3426,1.3431,38268.5,51427.912384,XRPUSDT,bybit
2026-05-26 01:25:00+00:00,1.3431,1.3431,1.3409,1.342,60262.09,80841.104888,XRPUSDT,bybit
2026-05-26 01:30:00+00:00,1.342,1.342,1.3375,1.3381,137847.71,184638.391963,XRPUSDT,bybit
2026-05-26 01:35:00+00:00,1.3381,1.3403,1.3378,1.3394,33024.84,44218.930187,XRPUSDT,bybit
2026-05-26 01:40:00+00:00,1.3394,1.3394,1.3372,1.3386,75133.64,100560.212322,XRPUSDT,bybit
2026-05-26 01:45:00+00:00,1.3386,1.3407,1.3386,1.3401,42620.32,57106.954501,XRPUSDT,bybit
2026-05-26 01:50:00+00:00,1.3401,1.3408,1.3397,1.3401,48948.4,65607.397832,XRPUSDT,bybit
2026-05-26 01:55:00+00:00,1.3401,1.3407,1.3397,1.3397,7818.79,10478.664106,XRPUSDT,bybit
2026-05-26 02:00:00+00:00,1.3397,1.3403,1.3371,1.3385,67346.26,90152.717707,XRPUSDT,bybit
2026-05-26 02:05:00+00:00,1.3385,1.3397,1.3381,1.3392,35128.6,47030.298841,XRPUSDT,bybit
2026-05-26 02:10:00+00:00,1.3392,1.3397,1.3389,1.3389,21758.31,29137.066567,XRPUSDT,bybit
2026-05-26 02:15:00+00:00,1.3389,1.3396,1.3379,1.3395,26682.51,35718.828241,XRPUSDT,bybit
2026-05-26 02:20:00+00:00,1.3395,1.3397,1.3383,1.3394,18688.87,25022.369429,XRPUSDT,bybit
2026-05-26 02:25:00+00:00,1.3394,1.3394,1.3376,1.3379,17789.6,23808.877048,XRPUSDT,bybit
2026-05-26 02:30:00+00:00,1.3379,1.3389,1.3374,1.3387,50456.05,67517.474769,XRPUSDT,bybit
2026-05-26 02:35:00+00:00,1.3387,1.3396,1.3383,1.3387,12900.19,17270.074334,XRPUSDT,bybit
2026-05-26 02:40:00+00:00,1.3387,1.3398,1.3374,1.3374,142247.51,190394.025484,XRPUSDT,bybit
2026-05-26 02:45:00+00:00,1.3374,1.3384,1.3358,1.3379,77147.39,103124.190449,XRPUSDT,bybit
2026-05-26 02:50:00+00:00,1.3379,1.3385,1.3376,1.3376,13899.77,18598.504055,XRPUSDT,bybit
2026-05-26 02:55:00+00:00,1.3376,1.3382,1.3369,1.3373,25943.27,34695.159936,XRPUSDT,bybit
2026-05-26 03:00:00+00:00,1.3373,1.3375,1.3362,1.3363,49727.06,66463.759735,XRPUSDT,bybit
2026-05-26 03:05:00+00:00,1.3363,1.3369,1.3346,1.3356,150620.84,201215.527354,XRPUSDT,bybit
2026-05-26 03:10:00+00:00,1.3356,1.3366,1.3344,1.3344,41178.05,55005.632808,XRPUSDT,bybit
2026-05-26 03:15:00+00:00,1.3344,1.3358,1.3341,1.3357,21661.08,28924.234439,XRPUSDT,bybit
2026-05-26 03:20:00+00:00,1.3357,1.3366,1.3355,1.3363,31513.92,42107.742387,XRPUSDT,bybit
2026-05-26 03:25:00+00:00,1.3363,1.337,1.3348,1.337,79740.89,106533.928245,XRPUSDT,bybit
2026-05-26 03:30:00+00:00,1.337,1.3394,1.3367,1.3393,47054.66,62970.937564,XRPUSDT,bybit
2026-05-26 03:35:00+00:00,1.3393,1.3399,1.3393,1.3396,32551.81,43604.928284,XRPUSDT,bybit
2026-05-26 03:40:00+00:00,1.3396,1.3396,1.3393,1.3396,3772.29,5053.02056,XRPUSDT,bybit
2026-05-26 03:45:00+00:00,1.3396,1.3403,1.3396,1.3403,60238.14,80717.486781,XRPUSDT,bybit
2026-05-26 03:50:00+00:00,1.3403,1.3409,1.3402,1.3408,36489.12,48911.662915,XRPUSDT,bybit
2026-05-26 03:55:00+00:00,1.3408,1.3408,1.3402,1.3402,8538.23,11444.429919,XRPUSDT,bybit
2026-05-26 04:00:00+00:00,1.3402,1.3412,1.34,1.3409,86040.67,115331.898822,XRPUSDT,bybit
2026-05-26 04:05:00+00:00,1.3409,1.341,1.3404,1.3405,12711.11,17042.652234,XRPUSDT,bybit
2026-05-26 04:10:00+00:00,1.3405,1.341,1.3404,1.3407,27163.57,36415.67136,XRPUSDT,bybit
2026-05-26 04:15:00+00:00,1.3407,1.3411,1.3398,1.3406,39823.74,53374.896411,XRPUSDT,bybit
2026-05-26 04:20:00+00:00,1.3406,1.3423,1.3404,1.3423,35093.19,47073.221641,XRPUSDT,bybit
2026-05-26 04:25:00+00:00,1.3423,1.3438,1.3421,1.3435,52620.74,70660.663791,XRPUSDT,bybit
2026-05-26 04:30:00+00:00,1.3435,1.3447,1.3434,1.3444,78221.62,105145.399035,XRPUSDT,bybit
2026-05-26 04:35:00+00:00,1.3444,1.3461,1.3444,1.3454,53960.62,72592.411106,XRPUSDT,bybit
2026-05-26 04:40:00+00:00,1.3454,1.3458,1.3451,1.3454,23075.2,31046.21479,XRPUSDT,bybit
2026-05-26 04:45:00+00:00,1.3454,1.3461,1.3451,1.3452,54344.3,73125.684721,XRPUSDT,bybit
2026-05-26 04:50:00+00:00,1.3452,1.3458,1.3451,1.3455,17448.01,23477.342901,XRPUSDT,bybit
2026-05-26 04:55:00+00:00,1.3455,1.3465,1.3453,1.3454,29832.17,40146.242185,XRPUSDT,bybit
2026-05-26 05:00:00+00:00,1.3454,1.3455,1.3445,1.3452,25485.91,34274.852016,XRPUSDT,bybit
2026-05-26 05:05:00+00:00,1.3452,1.3464,1.3446,1.3457,31978.62,43039.336387,XRPUSDT,bybit
2026-05-26 05:10:00+00:00,1.3457,1.3468,1.3457,1.3464,25377.16,34159.602806,XRPUSDT,bybit
2026-05-26 05:15:00+00:00,1.3464,1.3469,1.3463,1.3469,19612.62,26412.610674,XRPUSDT,bybit
2026-05-26 05:20:00+00:00,1.3469,1.3477,1.3468,1.3474,34631.4,46656.257416,XRPUSDT,bybit
2026-05-26 05:25:00+00:00,1.3474,1.3475,1.3469,1.347,15578.36,20985.526139,XRPUSDT,bybit
2026-05-26 05:30:00+00:00,1.347,1.3478,1.347,1.3478,28125.16,37894.795771,XRPUSDT,bybit
2026-05-26 05:35:00+00:00,1.3478,1.3506,1.3478,1.3494,89998.79,121453.404704,XRPUSDT,bybit
2026-05-26 05:40:00+00:00,1.3494,1.3494,1.3479,1.3486,25170.27,33938.881711,XRPUSDT,bybit
2026-05-26 05:45:00+00:00,1.3486,1.3487,1.3473,1.3477,29761.06,40116.951626,XRPUSDT,bybit
2026-05-26 05:50:00+00:00,1.3477,1.3477,1.3463,1.3464,227781.86,306721.560925,XRPUSDT,bybit
2026-05-26 05:55:00+00:00,1.3464,1.3478,1.3464,1.3478,71608.52,96471.423649,XRPUSDT,bybit
2026-05-26 06:00:00+00:00,1.3478,1.3479,1.3462,1.3472,55877.52,75260.249978,XRPUSDT,bybit
2026-05-26 06:05:00+00:00,1.3472,1.3478,1.347,1.3476,32434.43,43705.294043,XRPUSDT,bybit
2026-05-26 06:10:00+00:00,1.3476,1.3476,1.3464,1.3473,63823.34,85967.372682,XRPUSDT,bybit
2026-05-26 06:15:00+00:00,1.3473,1.3473,1.3468,1.3471,24863.6,33497.110831,XRPUSDT,bybit
2026-05-26 06:20:00+00:00,1.3471,1.3473,1.3461,1.3471,65046.68,87589.691787,XRPUSDT,bybit
2026-05-26 06:25:00+00:00,1.3471,1.3476,1.3447,1.3464,215615.96,290213.480194,XRPUSDT,bybit
2026-05-26 06:30:00+00:00,1.3464,1.3471,1.3464,1.3468,122720.49,165298.936486,XRPUSDT,bybit
2026-05-26 06:35:00+00:00,1.3468,1.3485,1.3468,1.3485,37091.48,49997.783782,XRPUSDT,bybit
2026-05-26 06:40:00+00:00,1.3485,1.3497,1.3484,1.3493,47559.3,64147.592969,XRPUSDT,bybit
2026-05-26 06:45:00+00:00,1.3493,1.3493,1.3482,1.3485,27713.49,37378.000017,XRPUSDT,bybit
2026-05-26 06:50:00+00:00,1.3485,1.3491,1.3485,1.3489,35242.68,47539.099607,XRPUSDT,bybit
2026-05-26 06:55:00+00:00,1.3489,1.3489,1.348,1.3481,29918.64,40344.695486,XRPUSDT,bybit
2026-05-26 07:00:00+00:00,1.3481,1.3489,1.3468,1.3469,57088.12,76961.511811,XRPUSDT,bybit
2026-05-26 07:05:00+00:00,1.3469,1.347,1.3453,1.3454,40849.79,54988.743027,XRPUSDT,bybit
2026-05-26 07:10:00+00:00,1.3454,1.3457,1.3433,1.3436,69349.65,93228.008857,XRPUSDT,bybit
2026-05-26 07:15:00+00:00,1.3436,1.3437,1.3413,1.3428,109798.95,147376.153963,XRPUSDT,bybit
2026-05-26 07:20:00+00:00,1.3428,1.3428,1.3418,1.3427,93520.43,125535.556363,XRPUSDT,bybit
2026-05-26 07:25:00+00:00,1.3427,1.3431,1.3423,1.3429,26914.69,36137.436384,XRPUSDT,bybit
2026-05-26 07:30:00+00:00,1.3429,1.343,1.3406,1.3411,106400.71,142755.649708,XRPUSDT,bybit
2026-05-26 07:35:00+00:00,1.3411,1.3411,1.3394,1.3399,148956.5,199582.373363,XRPUSDT,bybit
2026-05-26 07:40:00+00:00,1.3399,1.341,1.3399,1.3405,11661.14,15634.044274,XRPUSDT,bybit
2026-05-26 07:45:00+00:00,1.3405,1.342,1.3404,1.342,14445.62,19370.540547,XRPUSDT,bybit
2026-05-26 07:50:00+00:00,1.342,1.3429,1.3417,1.3427,22741.02,30529.927209,XRPUSDT,bybit
2026-05-26 07:55:00+00:00,1.3427,1.3427,1.34,1.3407,70579.04,94670.350462,XRPUSDT,bybit
2026-05-26 08:00:00+00:00,1.3407,1.3412,1.3404,1.341,93760.22,125720.931189,XRPUSDT,bybit
2026-05-26 08:05:00+00:00,1.341,1.3427,1.3408,1.3426,146569.58,196679.284453,XRPUSDT,bybit
2026-05-26 08:10:00+00:00,1.3426,1.3441,1.3422,1.3422,57310.51,76991.634941,XRPUSDT,bybit
2026-05-26 08:15:00+00:00,1.3422,1.3423,1.3407,1.3423,20989.0,28157.949391,XRPUSDT,bybit
2026-05-26 08:20:00+00:00,1.3423,1.3425,1.3416,1.3419,7688.29,10318.68667,XRPUSDT,bybit
2026-05-26 08:25:00+00:00,1.3419,1.3423,1.3412,1.3422,32408.5,43485.611486,XRPUSDT,bybit
2026-05-26 08:30:00+00:00,1.3422,1.3425,1.3412,1.3416,26309.41,35304.880416,XRPUSDT,bybit
2026-05-26 08:35:00+00:00,1.3416,1.3434,1.3408,1.3434,19415.3,26050.95339,XRPUSDT,bybit
2026-05-26 08:40:00+00:00,1.3434,1.3434,1.3426,1.3431,24617.19,33060.319065,XRPUSDT,bybit
2026-05-26 08:45:00+00:00,1.3431,1.3431,1.3408,1.3409,4699.06,6306.765638,XRPUSDT,bybit
2026-05-26 08:50:00+00:00,1.3409,1.3416,1.3397,1.3413,63971.19,85781.127659,XRPUSDT,bybit
2026-05-26 08:55:00+00:00,1.3413,1.3419,1.3407,1.3407,56092.65,75237.380046,XRPUSDT,bybit
2026-05-26 09:00:00+00:00,1.3407,1.3415,1.3395,1.3404,88861.47,119097.636836,XRPUSDT,bybit
2026-05-26 09:05:00+00:00,1.3404,1.3409,1.34,1.3406,19110.63,25612.439319,XRPUSDT,bybit
2026-05-26 09:10:00+00:00,1.3406,1.342,1.3405,1.3408,28180.99,37799.281017,XRPUSDT,bybit
2026-05-26 09:15:00+00:00,1.3408,1.3434,1.3403,1.3425,194769.58,261424.907737,XRPUSDT,bybit
2026-05-26 09:20:00+00:00,1.3425,1.3426,1.3395,1.3403,48183.92,64606.981689,XRPUSDT,bybit
2026-05-26 09:25:00+00:00,1.3403,1.3423,1.3403,1.3421,18727.19,25126.849834,XRPUSDT,bybit
2026-05-26 09:30:00+00:00,1.3421,1.3434,1.3419,1.3422,16631.46,22328.749724,XRPUSDT,bybit
2026-05-26 09:35:00+00:00,1.3422,1.3427,1.3418,1.3423,28329.2,38020.513713,XRPUSDT,bybit
2026-05-26 09:40:00+00:00,1.3423,1.3428,1.3413,1.3425,33657.45,45175.876067,XRPUSDT,bybit
2026-05-26 09:45:00+00:00,1.3425,1.3427,1.341,1.3413,28254.28,37917.534734,XRPUSDT,bybit
2026-05-26 09:50:00+00:00,1.3413,1.3423,1.3413,1.3422,15005.89,20132.719613,XRPUSDT,bybit
2026-05-26 09:55:00+00:00,1.3422,1.3424,1.3417,1.3419,6814.09,9144.092732,XRPUSDT,bybit
2026-05-26 10:00:00+00:00,1.3419,1.3427,1.3406,1.3411,400423.95,537250.755693,XRPUSDT,bybit
2026-05-26 10:05:00+00:00,1.3411,1.3426,1.3401,1.3425,14479.3,19423.374712,XRPUSDT,bybit
2026-05-26 10:10:00+00:00,1.3425,1.3444,1.3425,1.3442,22903.02,30772.200505,XRPUSDT,bybit
2026-05-26 10:15:00+00:00,1.3442,1.3472,1.3438,1.3471,141393.1,190263.04905,XRPUSDT,bybit
2026-05-26 10:20:00+00:00,1.3471,1.3492,1.3466,1.3484,39604.84,53385.705542,XRPUSDT,bybit
2026-05-26 10:25:00+00:00,1.3484,1.3566,1.348,1.3561,312238.35,422671.80573,XRPUSDT,bybit
2026-05-26 10:30:00+00:00,1.3561,1.3588,1.3557,1.3569,251047.59,340723.768273,XRPUSDT,bybit
2026-05-26 10:35:00+00:00,1.3569,1.3592,1.356,1.3581,160370.75,217708.712508,XRPUSDT,bybit
2026-05-26 10:40:00+00:00,1.3581,1.3595,1.3578,1.3585,45385.0,61662.45136,XRPUSDT,bybit
2026-05-26 10:45:00+00:00,1.3585,1.3594,1.3567,1.3589,97078.23,131885.135544,XRPUSDT,bybit
2026-05-26 10:50:00+00:00,1.3589,1.3595,1.3568,1.3572,44365.27,60245.804565,XRPUSDT,bybit
2026-05-26 10:55:00+00:00,1.3572,1.3577,1.3566,1.357,50822.71,68965.507584,XRPUSDT,bybit
2026-05-26 11:00:00+00:00,1.357,1.3578,1.3569,1.3574,51529.38,69945.908786,XRPUSDT,bybit
2026-05-26 11:05:00+00:00,1.3574,1.3576,1.3562,1.3563,37293.32,50598.414352,XRPUSDT,bybit
2026-05-26 11:10:00+00:00,1.3563,1.3567,1.3545,1.3555,194889.85,264155.272912,XRPUSDT,bybit
2026-05-26 11:15:00+00:00,1.3555,1.3556,1.353,1.3538,162581.9,220196.901676,XRPUSDT,bybit
2026-05-26 11:20:00+00:00,1.3538,1.3538,1.3523,1.3524,128963.91,174467.450981,XRPUSDT,bybit
2026-05-26 11:25:00+00:00,1.3524,1.3528,1.352,1.3527,21629.58,29252.447222,XRPUSDT,bybit
2026-05-26 11:30:00+00:00,1.3527,1.3546,1.3525,1.3532,104741.11,141725.796287,XRPUSDT,bybit
2026-05-26 11:35:00+00:00,1.3532,1.3535,1.3517,1.3528,61582.08,83270.742549,XRPUSDT,bybit
2026-05-26 11:40:00+00:00,1.3528,1.3538,1.3528,1.3535,16496.76,22329.007245,XRPUSDT,bybit
2026-05-26 11:45:00+00:00,1.3535,1.3535,1.3524,1.3533,40401.56,54660.708361,XRPUSDT,bybit
2026-05-26 11:50:00+00:00,1.3533,1.3537,1.3531,1.3532,105540.59,142844.208003,XRPUSDT,bybit
2026-05-26 11:55:00+00:00,1.3532,1.3533,1.352,1.3521,40628.3,54938.405983,XRPUSDT,bybit
2026-05-26 12:00:00+00:00,1.3521,1.3526,1.3506,1.3526,65050.93,87943.916192,XRPUSDT,bybit
2026-05-26 12:05:00+00:00,1.3526,1.3532,1.3478,1.3487,236208.88,318726.35844,XRPUSDT,bybit
2026-05-26 12:10:00+00:00,1.3487,1.3519,1.3483,1.3518,20436.96,27582.820357,XRPUSDT,bybit
2026-05-26 12:15:00+00:00,1.3518,1.3525,1.3509,1.3514,46463.91,62802.953729,XRPUSDT,bybit
2026-05-26 12:20:00+00:00,1.3514,1.3518,1.3502,1.3505,38220.05,51621.913534,XRPUSDT,bybit
2026-05-26 12:25:00+00:00,1.3505,1.3515,1.3501,1.3515,18984.15,25645.364397,XRPUSDT,bybit
2026-05-26 12:30:00+00:00,1.3515,1.3521,1.3509,1.3514,43741.83,59119.331842,XRPUSDT,bybit
2026-05-26 12:35:00+00:00,1.3514,1.352,1.3512,1.3519,17864.79,24145.653287,XRPUSDT,bybit
2026-05-26 12:40:00+00:00,1.3519,1.3534,1.3517,1.3532,38567.02,52167.203375,XRPUSDT,bybit
2026-05-26 12:45:00+00:00,1.3532,1.3543,1.3532,1.3539,25549.84,34590.628017,XRPUSDT,bybit
2026-05-26 12:50:00+00:00,1.3539,1.3554,1.3539,1.3554,206734.89,280049.626661,XRPUSDT,bybit
2026-05-26 12:55:00+00:00,1.3554,1.3558,1.3545,1.3551,342090.14,463531.573711,XRPUSDT,bybit
2026-05-26 13:00:00+00:00,1.3551,1.356,1.3548,1.3555,20723.38,28086.705299,XRPUSDT,bybit
2026-05-26 13:05:00+00:00,1.3555,1.3557,1.3542,1.3545,53119.83,71964.988695,XRPUSDT,bybit
2026-05-26 13:10:00+00:00,1.3545,1.3548,1.3543,1.3546,30716.03,41603.55079,XRPUSDT,bybit
2026-05-26 13:15:00+00:00,1.3546,1.3547,1.3527,1.3527,21554.14,29180.899088,XRPUSDT,bybit
2026-05-26 13:20:00+00:00,1.3527,1.354,1.3513,1.3529,138991.13,187965.857405,XRPUSDT,bybit
2026-05-26 13:25:00+00:00,1.3529,1.3529,1.3505,1.3506,125740.37,169887.209554,XRPUSDT,bybit
2026-05-26 13:30:00+00:00,1.3506,1.3515,1.3483,1.3495,89502.38,120809.280577,XRPUSDT,bybit
2026-05-26 13:35:00+00:00,1.3495,1.352,1.3484,1.351,85658.68,115683.609632,XRPUSDT,bybit
2026-05-26 13:40:00+00:00,1.351,1.3537,1.3507,1.3522,42426.61,57361.897109,XRPUSDT,bybit
2026-05-26 13:45:00+00:00,1.3522,1.3586,1.3522,1.3582,50309.17,68194.929804,XRPUSDT,bybit
2026-05-26 13:50:00+00:00,1.3582,1.3603,1.3545,1.3551,191959.81,260445.224302,XRPUSDT,bybit
2026-05-26 13:55:00+00:00,1.3551,1.3577,1.3551,1.3558,66452.46,90140.203769,XRPUSDT,bybit
2026-05-26 14:00:00+00:00,1.3558,1.3575,1.3555,1.3557,37117.67,50343.754056,XRPUSDT,bybit
2026-05-26 14:05:00+00:00,1.3557,1.3578,1.3554,1.3572,31930.77,43314.578702,XRPUSDT,bybit
2026-05-26 14:10:00+00:00,1.3572,1.3587,1.3572,1.3584,44203.34,60026.66209,XRPUSDT,bybit
2026-05-26 14:15:00+00:00,1.3584,1.3619,1.3576,1.3593,277345.88,377299.856738,XRPUSDT,bybit
2026-05-26 14:20:00+00:00,1.3593,1.3629,1.3592,1.362,71056.34,96719.004838,XRPUSDT,bybit
2026-05-26 14:25:00+00:00,1.362,1.3655,1.362,1.3635,177580.31,242273.732223,XRPUSDT,bybit
2026-05-26 14:30:00+00:00,1.3635,1.364,1.3596,1.36,83154.34,113233.83487,XRPUSDT,bybit
2026-05-26 14:35:00+00:00,1.36,1.3602,1.3509,1.3515,135006.6,183037.53901,XRPUSDT,bybit
2026-05-26 14:40:00+00:00,1.3515,1.3526,1.3485,1.35,171436.69,231612.708504,XRPUSDT,bybit
2026-05-26 14:45:00+00:00,1.35,1.3518,1.3478,1.3515,171146.82,230943.208025,XRPUSDT,bybit
2026-05-26 14:50:00+00:00,1.3515,1.3554,1.3515,1.3541,146599.47,198516.910754,XRPUSDT,bybit
2026-05-26 14:55:00+00:00,1.3541,1.3543,1.3525,1.3525,77357.71,104708.666454,XRPUSDT,bybit
2026-05-26 15:00:00+00:00,1.3525,1.3537,1.3482,1.3505,119240.63,161094.089816,XRPUSDT,bybit
2026-05-26 15:05:00+00:00,1.3505,1.351,1.3484,1.35,95312.47,128685.036629,XRPUSDT,bybit
2026-05-26 15:10:00+00:00,1.35,1.3527,1.3498,1.3527,101467.29,137144.084567,XRPUSDT,bybit
2026-05-26 15:15:00+00:00,1.3527,1.3536,1.3517,1.3518,51296.5,69380.252136,XRPUSDT,bybit
2026-05-26 15:20:00+00:00,1.3518,1.3521,1.345,1.3477,336027.37,453000.711744,XRPUSDT,bybit
2026-05-26 15:25:00+00:00,1.3477,1.3498,1.347,1.3474,126868.0,171088.10239,XRPUSDT,bybit
2026-05-26 15:30:00+00:00,1.3474,1.3482,1.3428,1.3451,381324.12,512927.558994,XRPUSDT,bybit
2026-05-26 15:35:00+00:00,1.3451,1.3451,1.3432,1.3445,186287.64,250387.803547,XRPUSDT,bybit
2026-05-26 15:40:00+00:00,1.3445,1.3477,1.3437,1.3467,131363.26,176748.905559,XRPUSDT,bybit
2026-05-26 15:45:00+00:00,1.3467,1.347,1.3446,1.3449,93582.73,125961.582605,XRPUSDT,bybit
2026-05-26 15:50:00+00:00,1.3449,1.3455,1.3397,1.3412,325164.37,436495.679312,XRPUSDT,bybit
2026-05-26 15:55:00+00:00,1.3412,1.3457,1.3404,1.3449,221314.18,297359.829607,XRPUSDT,bybit
2026-05-26 16:00:00+00:00,1.3449,1.3456,1.3435,1.344,47776.73,64230.883167,XRPUSDT,bybit
2026-05-26 16:05:00+00:00,1.344,1.344,1.3416,1.3431,119015.3,159854.290794,XRPUSDT,bybit
2026-05-26 16:10:00+00:00,1.3431,1.3432,1.3378,1.3407,303911.76,407468.333944,XRPUSDT,bybit
2026-05-26 16:15:00+00:00,1.3407,1.3429,1.3405,1.3428,141362.82,189738.833154,XRPUSDT,bybit
2026-05-26 16:20:00+00:00,1.3428,1.3429,1.3409,1.3429,118820.61,159427.106729,XRPUSDT,bybit
2026-05-26 16:25:00+00:00,1.3429,1.3438,1.3406,1.3421,361315.21,484702.087138,XRPUSDT,bybit
2026-05-26 16:30:00+00:00,1.3421,1.3425,1.3398,1.3425,118793.78,159303.861254,XRPUSDT,bybit
2026-05-26 16:35:00+00:00,1.3425,1.3443,1.3424,1.3428,29330.19,39403.429509,XRPUSDT,bybit
2026-05-26 16:40:00+00:00,1.3428,1.3433,1.3413,1.3424,49348.91,66235.007312,XRPUSDT,bybit
2026-05-26 16:45:00+00:00,1.3424,1.3436,1.3409,1.3409,37838.22,50793.787948,XRPUSDT,bybit
2026-05-26 16:50:00+00:00,1.3409,1.3413,1.3384,1.3401,268105.33,359207.116618,XRPUSDT,bybit
2026-05-26 16:55:00+00:00,1.3401,1.341,1.3401,1.3409,64175.41,86035.155128,XRPUSDT,bybit
2026-05-26 17:00:00+00:00,1.3409,1.3434,1.3409,1.3422,30765.97,41282.24696,XRPUSDT,bybit
2026-05-26 17:05:00+00:00,1.3422,1.3422,1.34,1.3413,59874.14,80282.105873,XRPUSDT,bybit
2026-05-26 17:10:00+00:00,1.3413,1.3416,1.3397,1.3397,31340.75,42017.066777,XRPUSDT,bybit
2026-05-26 17:15:00+00:00,1.3397,1.3399,1.3362,1.3368,229588.73,307073.352907,XRPUSDT,bybit
2026-05-26 17:20:00+00:00,1.3368,1.3368,1.3337,1.3343,500788.73,668540.573129,XRPUSDT,bybit
2026-05-26 17:25:00+00:00,1.3343,1.3343,1.3305,1.3308,426413.1,568019.559244,XRPUSDT,bybit
2026-05-26 17:30:00+00:00,1.3308,1.331,1.3272,1.3291,700929.82,931687.172834,XRPUSDT,bybit
2026-05-26 17:35:00+00:00,1.3291,1.3332,1.3285,1.3326,118317.18,157500.91953,XRPUSDT,bybit
2026-05-26 17:40:00+00:00,1.3326,1.333,1.3311,1.333,102315.86,136273.323521,XRPUSDT,bybit
2026-05-26 17:45:00+00:00,1.333,1.336,1.3327,1.3349,139352.1,185899.237479,XRPUSDT,bybit
2026-05-26 17:50:00+00:00,1.3349,1.3355,1.334,1.334,40914.29,54604.966506,XRPUSDT,bybit
2026-05-26 17:55:00+00:00,1.334,1.3349,1.3326,1.3333,84383.26,112521.234786,XRPUSDT,bybit
2026-05-26 18:00:00+00:00,1.3333,1.3338,1.3313,1.3338,148100.42,197323.074557,XRPUSDT,bybit
2026-05-26 18:05:00+00:00,1.3338,1.3347,1.3329,1.3343,95271.59,127075.777138,XRPUSDT,bybit
2026-05-26 18:10:00+00:00,1.3343,1.3345,1.333,1.3344,65784.08,87748.008606,XRPUSDT,bybit
2026-05-26 18:15:00+00:00,1.3344,1.3371,1.3342,1.3367,74325.68,99245.049253,XRPUSDT,bybit
2026-05-26 18:20:00+00:00,1.3367,1.3382,1.3365,1.3378,48773.85,65231.929142,XRPUSDT,bybit
2026-05-26 18:25:00+00:00,1.3378,1.3386,1.3361,1.3366,68107.76,91075.51617,XRPUSDT,bybit
2026-05-26 18:30:00+00:00,1.3366,1.3371,1.3359,1.337,37017.65,49472.109701,XRPUSDT,bybit
2026-05-26 18:35:00+00:00,1.337,1.337,1.3341,1.3346,58345.15,77876.807423,XRPUSDT,bybit
2026-05-26 18:40:00+00:00,1.3346,1.3346,1.33,1.3304,103419.77,137682.317674,XRPUSDT,bybit
2026-05-26 18:45:00+00:00,1.3304,1.3328,1.3303,1.332,68719.29,91538.873324,XRPUSDT,bybit
2026-05-26 18:50:00+00:00,1.332,1.3336,1.3316,1.3332,24799.5,33049.827993,XRPUSDT,bybit
2026-05-26 18:55:00+00:00,1.3332,1.3332,1.3288,1.3298,126533.21,168383.762904,XRPUSDT,bybit
2026-05-26 19:00:00+00:00,1.3298,1.3316,1.3293,1.3307,82047.94,109164.64772,XRPUSDT,bybit
2026-05-26 19:05:00+00:00,1.3307,1.3317,1.3303,1.3313,40428.11,53804.281393,XRPUSDT,bybit
2026-05-26 19:10:00+00:00,1.3313,1.3317,1.3286,1.3288,142412.79,189299.317686,XRPUSDT,bybit
2026-05-26 19:15:00+00:00,1.3288,1.3307,1.327,1.3295,136607.88,181470.623706,XRPUSDT,bybit
2026-05-26 19:20:00+00:00,1.3295,1.3301,1.3287,1.3292,35860.57,47666.895845,XRPUSDT,bybit
2026-05-26 19:25:00+00:00,1.3292,1.3304,1.3292,1.3299,43541.68,57904.068097,XRPUSDT,bybit
2026-05-26 19:30:00+00:00,1.3299,1.3317,1.3296,1.3307,73945.28,98394.764175,XRPUSDT,bybit
2026-05-26 19:35:00+00:00,1.3307,1.3324,1.3299,1.3324,35839.03,47702.050992,XRPUSDT,bybit
2026-05-26 19:40:00+00:00,1.3324,1.3344,1.332,1.3338,56511.61,75338.921059,XRPUSDT,bybit
2026-05-26 19:45:00+00:00,1.3338,1.3341,1.3326,1.3328,31919.86,42555.40348,XRPUSDT,bybit
2026-05-26 19:50:00+00:00,1.3328,1.3344,1.3326,1.3334,22540.34,30053.631663,XRPUSDT,bybit
2026-05-26 19:55:00+00:00,1.3334,1.3334,1.3318,1.332,60867.71,81097.124006,XRPUSDT,bybit
2026-05-26 20:00:00+00:00,1.332,1.3327,1.3313,1.3324,119470.53,159134.650605,XRPUSDT,bybit
2026-05-26 20:05:00+00:00,1.3324,1.3328,1.3317,1.3322,52454.2,69885.180933,XRPUSDT,bybit
2026-05-26 20:10:00+00:00,1.3322,1.3333,1.3319,1.3329,30704.51,40917.625859,XRPUSDT,bybit
2026-05-26 20:15:00+00:00,1.3329,1.333,1.3316,1.3317,45716.4,60913.28259,XRPUSDT,bybit
2026-05-26 20:20:00+00:00,1.3317,1.3323,1.3309,1.3315,37319.16,49697.575307,XRPUSDT,bybit
2026-05-26 20:25:00+00:00,1.3315,1.3337,1.3315,1.3337,6795.61,9054.382005,XRPUSDT,bybit
2026-05-26 20:30:00+00:00,1.3337,1.3338,1.3324,1.3326,54611.08,72808.594235,XRPUSDT,bybit
2026-05-26 20:35:00+00:00,1.3326,1.333,1.3317,1.3327,60177.89,80184.257991,XRPUSDT,bybit
2026-05-26 20:40:00+00:00,1.3327,1.3331,1.3323,1.3329,15358.44,20467.423646,XRPUSDT,bybit
2026-05-26 20:45:00+00:00,1.3329,1.334,1.3328,1.3333,30617.05,40827.339312,XRPUSDT,bybit
2026-05-26 20:50:00+00:00,1.3333,1.3337,1.3331,1.3332,37811.4,50417.039477,XRPUSDT,bybit
2026-05-26 20:55:00+00:00,1.3332,1.3336,1.333,1.3334,12276.03,16366.502199,XRPUSDT,bybit
2026-05-26 21:00:00+00:00,1.3334,1.3335,1.3319,1.3321,57845.31,77065.877414,XRPUSDT,bybit
2026-05-26 21:05:00+00:00,1.3321,1.3321,1.3312,1.3316,61123.96,81397.82435,XRPUSDT,bybit
2026-05-26 21:10:00+00:00,1.3316,1.3316,1.3282,1.3289,341266.89,453577.386507,XRPUSDT,bybit
2026-05-26 21:15:00+00:00,1.3289,1.3308,1.3286,1.3308,71483.24,95058.920291,XRPUSDT,bybit
2026-05-26 21:20:00+00:00,1.3308,1.3319,1.3307,1.3319,32290.46,42994.831023,XRPUSDT,bybit
2026-05-26 21:25:00+00:00,1.3319,1.333,1.3318,1.3329,23451.09,31244.682075,XRPUSDT,bybit
2026-05-26 21:30:00+00:00,1.3329,1.3336,1.3329,1.333,35115.94,46820.228359,XRPUSDT,bybit
2026-05-26 21:35:00+00:00,1.333,1.3336,1.333,1.3335,16944.75,22593.336827,XRPUSDT,bybit
2026-05-26 21:40:00+00:00,1.3335,1.3347,1.3328,1.3334,82591.14,110156.197002,XRPUSDT,bybit
2026-05-26 21:45:00+00:00,1.3334,1.3347,1.3334,1.3342,89232.26,119053.238881,XRPUSDT,bybit
2026-05-26 21:50:00+00:00,1.3342,1.3342,1.3317,1.3317,48268.41,64324.55865,XRPUSDT,bybit
2026-05-26 21:55:00+00:00,1.3317,1.332,1.3306,1.3315,68754.08,91531.782232,XRPUSDT,bybit
2026-05-26 22:00:00+00:00,1.3315,1.3336,1.331,1.3316,76593.18,102035.727851,XRPUSDT,bybit
2026-05-26 22:05:00+00:00,1.3316,1.3317,1.3297,1.3308,120066.15,159711.949448,XRPUSDT,bybit
2026-05-26 22:10:00+00:00,1.3308,1.3316,1.3289,1.3309,75558.68,100465.773573,XRPUSDT,bybit
2026-05-26 22:15:00+00:00,1.3309,1.3314,1.3303,1.3307,39854.99,53038.346063,XRPUSDT,bybit
2026-05-26 22:20:00+00:00,1.3307,1.332,1.3306,1.332,33868.37,45086.697656,XRPUSDT,bybit
2026-05-26 22:25:00+00:00,1.332,1.3322,1.3304,1.331,60689.49,80782.510966,XRPUSDT,bybit
2026-05-26 22:30:00+00:00,1.331,1.3316,1.3305,1.3314,101793.91,135509.493002,XRPUSDT,bybit
2026-05-26 22:35:00+00:00,1.3314,1.3317,1.33,1.3301,69025.46,91875.857995,XRPUSDT,bybit
2026-05-26 22:40:00+00:00,1.3301,1.3303,1.3295,1.3297,25678.96,34149.110865,XRPUSDT,bybit
2026-05-26 22:45:00+00:00,1.3297,1.3298,1.3287,1.3288,147162.37,195631.847614,XRPUSDT,bybit
2026-05-26 22:50:00+00:00,1.3288,1.3305,1.3288,1.3299,65575.47,87159.722886,XRPUSDT,bybit
2026-05-26 22:55:00+00:00,1.3299,1.3299,1.3288,1.3298,82427.82,109547.531522,XRPUSDT,bybit
2026-05-26 23:00:00+00:00,1.3298,1.3316,1.3298,1.3312,40226.3,53547.721181,XRPUSDT,bybit
2026-05-26 23:05:00+00:00,1.3312,1.3312,1.3306,1.331,18605.57,24761.513411,XRPUSDT,bybit
2026-05-26 23:10:00+00:00,1.331,1.3317,1.3308,1.3311,62490.17,83185.416874,XRPUSDT,bybit
2026-05-26 23:15:00+00:00,1.3311,1.3311,1.3306,1.331,8111.99,10795.352479,XRPUSDT,bybit
2026-05-26 23:20:00+00:00,1.331,1.3313,1.3306,1.3306,17065.62,22710.624297,XRPUSDT,bybit
2026-05-26 23:25:00+00:00,1.3306,1.3307,1.3298,1.3302,16214.65,21568.852794,XRPUSDT,bybit
2026-05-26 23:30:00+00:00,1.3302,1.3308,1.3302,1.3305,12848.52,17095.5417,XRPUSDT,bybit
2026-05-26 23:35:00+00:00,1.3305,1.3309,1.3299,1.3303,30542.27,40638.569129,XRPUSDT,bybit
2026-05-26 23:40:00+00:00,1.3303,1.3306,1.3301,1.3302,11799.16,15696.028255,XRPUSDT,bybit
2026-05-26 23:45:00+00:00,1.3302,1.3304,1.3297,1.3297,12533.91,16670.443818,XRPUSDT,bybit
2026-05-26 23:50:00+00:00,1.3297,1.3297,1.329,1.3291,25409.35,33781.585738,XRPUSDT,bybit
2026-05-26 23:55:00+00:00,1.3291,1.3292,1.3288,1.3291,11216.81,14906.911574,XRPUSDT,bybit
2026-05-27 00:00:00+00:00,1.3291,1.3311,1.3291,1.33,50727.96,67481.471755,XRPUSDT,bybit
2026-05-27 00:05:00+00:00,1.33,1.3317,1.33,1.3316,35118.82,46733.527868,XRPUSDT,bybit
2026-05-27 00:10:00+00:00,1.3316,1.3318,1.3308,1.3316,19415.99,25848.934509,XRPUSDT,bybit
2026-05-27 00:15:00+00:00,1.3316,1.3316,1.3289,1.3292,55264.75,73467.387935,XRPUSDT,bybit
2026-05-27 00:20:00+00:00,1.3292,1.3303,1.3292,1.3299,17908.44,23812.583338,XRPUSDT,bybit
2026-05-27 00:25:00+00:00,1.3299,1.3304,1.3297,1.3302,86225.87,114673.500103,XRPUSDT,bybit
2026-05-27 00:30:00+00:00,1.3302,1.3319,1.33,1.3305,73081.83,97265.675157,XRPUSDT,bybit
2026-05-27 00:35:00+00:00,1.3305,1.3306,1.3294,1.3296,186329.22,247869.713857,XRPUSDT,bybit
2026-05-27 00:40:00+00:00,1.3296,1.3314,1.3294,1.331,92026.93,122375.490828,XRPUSDT,bybit
2026-05-27 00:45:00+00:00,1.331,1.3323,1.331,1.3317,80560.28,107282.454644,XRPUSDT,bybit
2026-05-27 00:50:00+00:00,1.3317,1.3326,1.3316,1.3323,29594.12,39417.198953,XRPUSDT,bybit
2026-05-27 00:55:00+00:00,1.3323,1.3327,1.332,1.3324,17216.96,22938.864116,XRPUSDT,bybit
2026-05-27 01:00:00+00:00,1.3324,1.3326,1.332,1.3324,87964.18,117175.031585,XRPUSDT,bybit
2026-05-27 01:05:00+00:00,1.3324,1.3326,1.3317,1.3326,435302.56,579819.134009,XRPUSDT,bybit
2026-05-27 01:10:00+00:00,1.3326,1.333,1.3321,1.333,52991.51,70606.155157,XRPUSDT,bybit
2026-05-27 01:15:00+00:00,1.333,1.333,1.3313,1.3313,29190.93,38896.323363,XRPUSDT,bybit
2026-05-27 01:20:00+00:00,1.3313,1.3313,1.3295,1.33,53358.75,70976.58147,XRPUSDT,bybit
2026-05-27 01:25:00+00:00,1.33,1.3311,1.3296,1.3311,17693.65,23538.518453,XRPUSDT,bybit
2026-05-27 01:30:00+00:00,1.3311,1.3316,1.3305,1.3311,25699.21,34205.667744,XRPUSDT,bybit
2026-05-27 01:35:00+00:00,1.3311,1.3311,1.33,1.3311,20533.21,27313.863514,XRPUSDT,bybit
2026-05-27 01:40:00+00:00,1.3311,1.3323,1.3309,1.3311,16112.41,21455.939965,XRPUSDT,bybit
2026-05-27 01:45:00+00:00,1.3311,1.3325,1.3308,1.332,42857.5,57047.971928,XRPUSDT,bybit
2026-05-27 01:50:00+00:00,1.332,1.3321,1.3316,1.332,6804.92,9062.727248,XRPUSDT,bybit
2026-05-27 01:55:00+00:00,1.332,1.332,1.3297,1.3306,17743.88,23609.03535,XRPUSDT,bybit
2026-05-27 02:00:00+00:00,1.3306,1.3311,1.3286,1.3303,66972.9,89050.551576,XRPUSDT,bybit
2026-05-27 02:05:00+00:00,1.3303,1.3303,1.3286,1.3286,74386.24,98897.156194,XRPUSDT,bybit
2026-05-27 02:10:00+00:00,1.3286,1.3299,1.3286,1.3297,84254.99,111991.05195,XRPUSDT,bybit
2026-05-27 02:15:00+00:00,1.3297,1.3302,1.3263,1.3274,114582.58,152137.317612,XRPUSDT,bybit
2026-05-27 02:20:00+00:00,1.3274,1.3281,1.3271,1.328,48041.65,63785.562458,XRPUSDT,bybit
2026-05-27 02:25:00+00:00,1.328,1.3293,1.328,1.3288,18677.23,24820.232189,XRPUSDT,bybit
2026-05-27 02:30:00+00:00,1.3288,1.3293,1.3282,1.3293,16669.65,22146.805941,XRPUSDT,bybit
2026-05-27 02:35:00+00:00,1.3293,1.33,1.3282,1.3283,18961.51,25197.929933,XRPUSDT,bybit
2026-05-27 02:40:00+00:00,1.3283,1.3292,1.3279,1.329,18785.08,24959.429234,XRPUSDT,bybit
2026-05-27 02:45:00+00:00,1.329,1.3298,1.3289,1.329,16322.31,21695.324034,XRPUSDT,bybit
2026-05-27 02:50:00+00:00,1.329,1.33,1.3287,1.3299,18439.73,24516.45659,XRPUSDT,bybit
2026-05-27 02:55:00+00:00,1.3299,1.3312,1.3296,1.3312,24727.58,32894.416795,XRPUSDT,bybit
2026-05-27 03:00:00+00:00,1.3312,1.3323,1.3302,1.332,49695.94,66156.468663,XRPUSDT,bybit
2026-05-27 03:05:00+00:00,1.332,1.3331,1.332,1.3328,10909.35,14540.052199,XRPUSDT,bybit
2026-05-27 03:10:00+00:00,1.3328,1.3329,1.3321,1.3321,11246.48,14984.741644,XRPUSDT,bybit
2026-05-27 03:15:00+00:00,1.3321,1.3321,1.3309,1.3311,43532.04,57953.204996,XRPUSDT,bybit
2026-05-27 03:20:00+00:00,1.3311,1.3315,1.3305,1.3311,60002.29,79858.695284,XRPUSDT,bybit
2026-05-27 03:25:00+00:00,1.3311,1.3328,1.3311,1.3317,45407.22,60493.876596,XRPUSDT,bybit
2026-05-27 03:30:00+00:00,1.3317,1.3325,1.3314,1.3314,14294.06,19039.900299,XRPUSDT,bybit
2026-05-27 03:35:00+00:00,1.3314,1.3314,1.3297,1.33,33465.93,44516.863394,XRPUSDT,bybit
2026-05-27 03:40:00+00:00,1.33,1.3309,1.33,1.3303,26423.73,35158.237444,XRPUSDT,bybit
2026-05-27 03:45:00+00:00,1.3303,1.3303,1.3274,1.3274,42171.8,56022.025514,XRPUSDT,bybit
2026-05-27 03:50:00+00:00,1.3274,1.3279,1.3265,1.3277,68527.4,90950.532314,XRPUSDT,bybit
2026-05-27 03:55:00+00:00,1.3277,1.3281,1.3271,1.3277,10393.46,13797.508423,XRPUSDT,bybit
2026-05-27 04:00:00+00:00,1.3277,1.3283,1.3269,1.3269,31866.71,42294.775174,XRPUSDT,bybit
2026-05-27 04:05:00+00:00,1.3269,1.328,1.3265,1.328,20599.66,27339.182632,XRPUSDT,bybit
2026-05-27 04:10:00+00:00,1.328,1.3284,1.3273,1.3273,13953.72,18529.637976,XRPUSDT,bybit
2026-05-27 04:15:00+00:00,1.3273,1.3274,1.3236,1.3249,184855.53,244978.451424,XRPUSDT,bybit
2026-05-27 04:20:00+00:00,1.3249,1.3253,1.3241,1.3252,50153.88,66440.565905,XRPUSDT,bybit
2026-05-27 04:25:00+00:00,1.3252,1.3258,1.3245,1.3246,28313.09,37523.408466,XRPUSDT,bybit
2026-05-27 04:30:00+00:00,1.3246,1.3253,1.3213,1.3228,315257.57,417057.072932,XRPUSDT,bybit
2026-05-27 04:35:00+00:00,1.3228,1.3246,1.3225,1.3245,30535.5,40405.839161,XRPUSDT,bybit
2026-05-27 04:40:00+00:00,1.3245,1.3246,1.3236,1.3242,20008.44,26490.691679,XRPUSDT,bybit
2026-05-27 04:45:00+00:00,1.3242,1.3278,1.3242,1.3278,34436.29,45664.890743,XRPUSDT,bybit
2026-05-27 04:50:00+00:00,1.3278,1.3307,1.3278,1.3307,85016.54,113039.769205,XRPUSDT,bybit
2026-05-27 04:55:00+00:00,1.3307,1.3312,1.3305,1.3308,20301.32,27017.722681,XRPUSDT,bybit
2026-05-27 05:00:00+00:00,1.3308,1.3327,1.3308,1.3316,28814.22,38366.905456,XRPUSDT,bybit
2026-05-27 05:05:00+00:00,1.3316,1.3317,1.3311,1.3317,40363.62,53742.207296,XRPUSDT,bybit
2026-05-27 05:10:00+00:00,1.3317,1.3317,1.3305,1.331,15047.58,20027.413616,XRPUSDT,bybit
2026-05-27 05:15:00+00:00,1.331,1.3315,1.3307,1.3309,9691.12,12898.903393,XRPUSDT,bybit
2026-05-27 05:20:00+00:00,1.3309,1.3313,1.33,1.3313,71534.23,95180.885786,XRPUSDT,bybit
2026-05-27 05:25:00+00:00,1.3313,1.3323,1.3313,1.3313,32831.78,43721.769208,XRPUSDT,bybit
2026-05-27 05:30:00+00:00,1.3313,1.3316,1.3303,1.3305,108778.3,144782.196911,XRPUSDT,bybit
2026-05-27 05:35:00+00:00,1.3305,1.332,1.3304,1.3312,138416.49,184232.156726,XRPUSDT,bybit
2026-05-27 05:40:00+00:00,1.3312,1.3314,1.3295,1.3305,149627.67,199043.451655,XRPUSDT,bybit
2026-05-27 05:45:00+00:00,1.3305,1.3311,1.33,1.3305,115212.13,153308.063257,XRPUSDT,bybit
2026-05-27 05:50:00+00:00,1.3305,1.3314,1.3304,1.3308,74941.62,99733.925241,XRPUSDT,bybit
2026-05-27 05:55:00+00:00,1.3308,1.3317,1.3305,1.331,68251.89,90843.129617,XRPUSDT,bybit
2026-05-27 06:00:00+00:00,1.331,1.3317,1.3303,1.3316,60576.76,80613.558072,XRPUSDT,bybit
2026-05-27 06:05:00+00:00,1.3316,1.3329,1.3315,1.3325,35914.72,47842.88128,XRPUSDT,bybit
2026-05-27 06:10:00+00:00,1.3325,1.3326,1.3304,1.3311,43493.5,57898.872407,XRPUSDT,bybit
2026-05-27 06:15:00+00:00,1.3311,1.3311,1.3304,1.331,21650.32,28808.976296,XRPUSDT,bybit
2026-05-27 06:20:00+00:00,1.331,1.3315,1.3303,1.3313,23135.41,30792.850044,XRPUSDT,bybit
2026-05-27 06:25:00+00:00,1.3313,1.3325,1.3311,1.3324,33327.83,44392.43025,XRPUSDT,bybit
2026-05-27 06:30:00+00:00,1.3324,1.3343,1.3324,1.3331,79209.38,105633.458893,XRPUSDT,bybit
2026-05-27 06:35:00+00:00,1.3331,1.3346,1.3328,1.3345,44299.27,59091.478065,XRPUSDT,bybit
2026-05-27 06:40:00+00:00,1.3345,1.336,1.3345,1.3357,45501.21,60765.126596,XRPUSDT,bybit
2026-05-27 06:45:00+00:00,1.3357,1.3369,1.3355,1.3367,84719.81,113223.170517,XRPUSDT,bybit
2026-05-27 06:50:00+00:00,1.3367,1.3368,1.3355,1.3359,53086.61,70930.494416,XRPUSDT,bybit
2026-05-27 06:55:00+00:00,1.3359,1.336,1.3355,1.3359,10877.71,14529.481139,XRPUSDT,bybit
2026-05-27 07:00:00+00:00,1.3359,1.3368,1.3357,1.3358,36958.13,49388.927659,XRPUSDT,bybit
2026-05-27 07:05:00+00:00,1.3358,1.3365,1.3351,1.3351,74308.6,99255.754127,XRPUSDT,bybit
2026-05-27 07:10:00+00:00,1.3351,1.3351,1.3342,1.3345,68669.37,91643.568568,XRPUSDT,bybit
2026-05-27 07:15:00+00:00,1.3345,1.3345,1.3335,1.3342,36853.01,49161.832272,XRPUSDT,bybit
2026-05-27 07:20:00+00:00,1.3342,1.3342,1.3332,1.3338,13168.59,17564.137195,XRPUSDT,bybit
2026-05-27 07:25:00+00:00,1.3338,1.3343,1.3335,1.3343,7724.61,10304.733409,XRPUSDT,bybit
2026-05-27 07:30:00+00:00,1.3343,1.3346,1.3325,1.3339,64477.8,85976.405728,XRPUSDT,bybit
2026-05-27 07:35:00+00:00,1.3339,1.334,1.3327,1.3328,37606.38,50152.98293,XRPUSDT,bybit
2026-05-27 07:40:00+00:00,1.3328,1.3328,1.3314,1.3314,73874.13,98393.103314,XRPUSDT,bybit
2026-05-27 07:45:00+00:00,1.3314,1.332,1.3305,1.3307,68018.02,90544.520397,XRPUSDT,bybit
2026-05-27 07:50:00+00:00,1.3307,1.3313,1.3302,1.3309,92642.35,123292.138714,XRPUSDT,bybit
2026-05-27 07:55:00+00:00,1.3309,1.3322,1.3308,1.3319,53109.35,70717.497141,XRPUSDT,bybit
2026-05-27 08:00:00+00:00,1.3319,1.3326,1.3309,1.3316,191689.61,255256.187715,XRPUSDT,bybit
2026-05-27 08:05:00+00:00,1.3316,1.3318,1.3296,1.3301,399133.52,530962.882837,XRPUSDT,bybit
2026-05-27 08:10:00+00:00,1.3301,1.3361,1.3298,1.3348,731940.78,975933.782977,XRPUSDT,bybit
2026-05-27 08:15:00+00:00,1.3348,1.3357,1.334,1.3357,53192.1,71006.180762,XRPUSDT,bybit
2026-05-27 08:20:00+00:00,1.3357,1.3372,1.3353,1.3357,122857.85,164178.260556,XRPUSDT,bybit
2026-05-27 08:25:00+00:00,1.3357,1.3376,1.3357,1.3367,16313.89,21804.817886,XRPUSDT,bybit
2026-05-27 08:30:00+00:00,1.3367,1.3368,1.3357,1.3362,21978.45,29365.124694,XRPUSDT,bybit
2026-05-27 08:35:00+00:00,1.3362,1.3366,1.3358,1.3363,20433.61,27303.81044,XRPUSDT,bybit
2026-05-27 08:40:00+00:00,1.3363,1.3366,1.3359,1.336,19652.83,26262.028791,XRPUSDT,bybit
2026-05-27 08:45:00+00:00,1.336,1.3364,1.3352,1.3352,7721.54,10311.644883,XRPUSDT,bybit
2026-05-27 08:50:00+00:00,1.3352,1.3356,1.3334,1.3342,45311.04,60467.755523,XRPUSDT,bybit
2026-05-27 08:55:00+00:00,1.3342,1.3356,1.3339,1.3354,158369.68,211431.311699,XRPUSDT,bybit
2026-05-27 09:00:00+00:00,1.3354,1.3357,1.3323,1.3339,381882.02,509445.283206,XRPUSDT,bybit
2026-05-27 09:05:00+00:00,1.3339,1.335,1.3335,1.3342,174881.8,233298.004869,XRPUSDT,bybit
2026-05-27 09:10:00+00:00,1.3342,1.3345,1.3336,1.3345,34312.07,45772.509762,XRPUSDT,bybit
2026-05-27 09:15:00+00:00,1.3345,1.335,1.3326,1.335,363720.62,485194.303717,XRPUSDT,bybit
2026-05-27 09:20:00+00:00,1.335,1.3364,1.3347,1.336,52826.71,70560.481856,XRPUSDT,bybit
2026-05-27 09:25:00+00:00,1.336,1.3372,1.3279,1.3307,484779.94,645860.963347,XRPUSDT,bybit
2026-05-27 09:30:00+00:00,1.3307,1.3312,1.33,1.3307,63481.06,84478.151534,XRPUSDT,bybit
2026-05-27 09:35:00+00:00,1.3307,1.3324,1.3305,1.3324,61277.28,81571.134087,XRPUSDT,bybit
2026-05-27 09:40:00+00:00,1.3324,1.3324,1.3313,1.3313,22682.21,30201.828261,XRPUSDT,bybit
2026-05-27 09:45:00+00:00,1.3313,1.3315,1.3307,1.3309,68425.99,91087.504741,XRPUSDT,bybit
2026-05-27 09:50:00+00:00,1.3309,1.3316,1.3295,1.3296,83212.3,110702.135783,XRPUSDT,bybit
2026-05-27 09:55:00+00:00,1.3296,1.3303,1.3293,1.3293,75466.98,100352.054081,XRPUSDT,bybit
2026-05-27 10:00:00+00:00,1.3293,1.3346,1.3292,1.3312,753649.15,1004060.292601,XRPUSDT,bybit
2026-05-27 10:05:00+00:00,1.3312,1.3314,1.3287,1.3308,183803.75,244466.356526,XRPUSDT,bybit
2026-05-27 10:10:00+00:00,1.3308,1.3324,1.3307,1.3324,82223.49,109468.508605,XRPUSDT,bybit
2026-05-27 10:15:00+00:00,1.3324,1.3343,1.3324,1.3336,61942.57,82610.549488,XRPUSDT,bybit
2026-05-27 10:20:00+00:00,1.3336,1.3344,1.3328,1.3332,179156.47,238899.718015,XRPUSDT,bybit
2026-05-27 10:25:00+00:00,1.3332,1.3339,1.3325,1.3325,138882.14,185188.290876,XRPUSDT,bybit
2026-05-27 10:30:00+00:00,1.3325,1.3327,1.3308,1.331,81424.97,108431.875274,XRPUSDT,bybit
2026-05-27 10:35:00+00:00,1.331,1.3317,1.3305,1.3307,86006.6,114477.380508,XRPUSDT,bybit
2026-05-27 10:40:00+00:00,1.3307,1.331,1.3303,1.3308,60019.98,79861.849754,XRPUSDT,bybit
2026-05-27 10:45:00+00:00,1.3308,1.3313,1.3294,1.3299,84717.97,112679.696276,XRPUSDT,bybit
2026-05-27 10:50:00+00:00,1.3299,1.3305,1.3298,1.3304,45128.5,60029.362845,XRPUSDT,bybit
2026-05-27 10:55:00+00:00,1.3304,1.3309,1.33,1.3301,27649.73,36788.38268,XRPUSDT,bybit
2026-05-27 11:00:00+00:00,1.3301,1.3329,1.3296,1.332,84814.34,112947.918626,XRPUSDT,bybit
2026-05-27 11:05:00+00:00,1.332,1.3324,1.3314,1.3314,80206.74,106822.896062,XRPUSDT,bybit
2026-05-27 11:10:00+00:00,1.3314,1.3322,1.3311,1.332,64523.26,85919.496289,XRPUSDT,bybit
2026-05-27 11:15:00+00:00,1.332,1.3338,1.332,1.3322,138198.69,184140.954305,XRPUSDT,bybit
2026-05-27 11:20:00+00:00,1.3322,1.3338,1.3322,1.3335,54882.72,73158.58125,XRPUSDT,bybit
2026-05-27 11:25:00+00:00,1.3335,1.3336,1.3318,1.3318,59327.19,79062.504221,XRPUSDT,bybit
2026-05-27 11:30:00+00:00,1.3318,1.3318,1.3289,1.3304,133145.97,177100.399481,XRPUSDT,bybit
2026-05-27 11:35:00+00:00,1.3304,1.3318,1.3299,1.3308,103682.05,137961.238241,XRPUSDT,bybit
2026-05-27 11:40:00+00:00,1.3308,1.3308,1.3296,1.3303,153602.24,204312.923714,XRPUSDT,bybit
2026-05-27 11:45:00+00:00,1.3303,1.3306,1.3294,1.3301,87633.88,116547.650803,XRPUSDT,bybit
2026-05-27 11:50:00+00:00,1.3301,1.3303,1.3292,1.3292,45321.36,60270.954179,XRPUSDT,bybit
2026-05-27 11:55:00+00:00,1.3292,1.33,1.329,1.3296,110958.83,147519.208096,XRPUSDT,bybit
2026-05-27 12:00:00+00:00,1.3296,1.3296,1.3263,1.3275,208107.97,276296.12136,XRPUSDT,bybit
2026-05-27 12:05:00+00:00,1.3275,1.3279,1.3249,1.327,181435.32,240661.218699,XRPUSDT,bybit
2026-05-27 12:10:00+00:00,1.327,1.327,1.3248,1.3267,145875.43,193434.496793,XRPUSDT,bybit
2026-05-27 12:15:00+00:00,1.3267,1.3316,1.3255,1.3316,303920.55,403661.643589,XRPUSDT,bybit
2026-05-27 12:20:00+00:00,1.3316,1.3406,1.3311,1.3343,453598.88,606062.309102,XRPUSDT,bybit
2026-05-27 12:25:00+00:00,1.3343,1.336,1.3336,1.3354,187933.93,250917.698982,XRPUSDT,bybit
2026-05-27 12:30:00+00:00,1.3354,1.3367,1.333,1.333,116571.08,155566.149619,XRPUSDT,bybit
2026-05-27 12:35:00+00:00,1.333,1.3371,1.333,1.3367,147021.2,196313.678328,XRPUSDT,bybit
2026-05-27 12:40:00+00:00,1.3367,1.3367,1.3354,1.3362,46535.33,62165.163242,XRPUSDT,bybit
2026-05-27 12:45:00+00:00,1.3362,1.3363,1.3329,1.3347,87778.65,117136.274105,XRPUSDT,bybit
2026-05-27 12:50:00+00:00,1.3347,1.3347,1.3329,1.3342,112568.54,150162.645599,XRPUSDT,bybit
2026-05-27 12:55:00+00:00,1.3342,1.3343,1.3316,1.3318,62332.29,83052.429438,XRPUSDT,bybit
2026-05-27 13:00:00+00:00,1.3318,1.3333,1.3308,1.3309,74960.98,99866.129962,XRPUSDT,bybit
2026-05-27 13:05:00+00:00,1.3309,1.3316,1.327,1.3277,153808.14,204407.691632,XRPUSDT,bybit
2026-05-27 13:10:00+00:00,1.3277,1.3288,1.327,1.3278,112665.77,149613.40102,XRPUSDT,bybit
2026-05-27 13:15:00+00:00,1.3278,1.329,1.3273,1.3287,108787.57,144455.341945,XRPUSDT,bybit
2026-05-27 13:20:00+00:00,1.3287,1.3288,1.3267,1.3277,109009.79,144757.121718,XRPUSDT,bybit
2026-05-27 13:25:00+00:00,1.3277,1.3279,1.3253,1.3258,118843.09,157618.85313,XRPUSDT,bybit
2026-05-27 13:30:00+00:00,1.3258,1.3269,1.3231,1.3253,109203.25,144684.742028,XRPUSDT,bybit
2026-05-27 13:35:00+00:00,1.3253,1.3254,1.3193,1.3217,328786.34,434505.066612,XRPUSDT,bybit
2026-05-27 13:40:00+00:00,1.3217,1.322,1.3186,1.3205,288819.44,381422.579598,XRPUSDT,bybit
2026-05-27 13:45:00+00:00,1.3205,1.3228,1.3197,1.3207,267500.8,353544.730298,XRPUSDT,bybit
2026-05-27 13:50:00+00:00,1.3207,1.3244,1.3199,1.3242,108052.15,142847.386442,XRPUSDT,bybit
2026-05-27 13:55:00+00:00,1.3242,1.3247,1.3225,1.3243,291813.23,386304.501826,XRPUSDT,bybit
2026-05-27 14:00:00+00:00,1.3243,1.328,1.3243,1.3272,232661.7,308563.720438,XRPUSDT,bybit
2026-05-27 14:05:00+00:00,1.3272,1.3274,1.3232,1.3239,156066.64,206718.742609,XRPUSDT,bybit
2026-05-27 14:10:00+00:00,1.3239,1.3245,1.321,1.3215,75364.52,99646.305622,XRPUSDT,bybit
2026-05-27 14:15:00+00:00,1.3215,1.3241,1.3203,1.3241,98418.03,130049.231915,XRPUSDT,bybit
2026-05-27 14:20:00+00:00,1.3241,1.3241,1.3194,1.3201,269999.82,356548.855098,XRPUSDT,bybit
2026-05-27 14:25:00+00:00,1.3201,1.3212,1.319,1.3209,49764.08,65699.848957,XRPUSDT,bybit
2026-05-27 14:30:00+00:00,1.3209,1.3249,1.3209,1.3238,387207.57,512049.732979,XRPUSDT,bybit
2026-05-27 14:35:00+00:00,1.3238,1.3252,1.3224,1.3242,96184.11,127320.424668,XRPUSDT,bybit
2026-05-27 14:40:00+00:00,1.3242,1.3252,1.3224,1.3249,76862.38,101758.841954,XRPUSDT,bybit
2026-05-27 14:45:00+00:00,1.3249,1.3291,1.3249,1.3268,209516.54,278097.78431,XRPUSDT,bybit
2026-05-27 14:50:00+00:00,1.3268,1.3301,1.3268,1.3299,54923.06,72955.08017,XRPUSDT,bybit
2026-05-27 14:55:00+00:00,1.3299,1.3308,1.3293,1.3303,47054.35,62584.763237,XRPUSDT,bybit
2026-05-27 15:00:00+00:00,1.3303,1.3341,1.33,1.3329,69264.28,92272.279855,XRPUSDT,bybit
2026-05-27 15:05:00+00:00,1.3329,1.3343,1.332,1.3337,134902.95,179771.117736,XRPUSDT,bybit
2026-05-27 15:10:00+00:00,1.3337,1.3357,1.3332,1.3355,22146.85,29553.680022,XRPUSDT,bybit
2026-05-27 15:15:00+00:00,1.3355,1.3418,1.3352,1.3399,299751.18,401633.952214,XRPUSDT,bybit
2026-05-27 15:20:00+00:00,1.3399,1.3436,1.3379,1.34,351238.38,471109.482657,XRPUSDT,bybit
2026-05-27 15:25:00+00:00,1.34,1.3402,1.3386,1.339,80660.12,108029.433233,XRPUSDT,bybit
2026-05-27 15:30:00+00:00,1.339,1.3423,1.3389,1.3395,137755.41,184631.045465,XRPUSDT,bybit
2026-05-27 15:35:00+00:00,1.3395,1.3413,1.3395,1.3397,41864.72,56108.272174,XRPUSDT,bybit
2026-05-27 15:40:00+00:00,1.3397,1.3405,1.3362,1.3366,59335.45,79411.020189,XRPUSDT,bybit
2026-05-27 15:45:00+00:00,1.3366,1.3381,1.3366,1.3376,18975.94,25380.377641,XRPUSDT,bybit
2026-05-27 15:50:00+00:00,1.3376,1.338,1.3348,1.3357,56676.95,75710.225715,XRPUSDT,bybit
2026-05-27 15:55:00+00:00,1.3357,1.3366,1.3349,1.3364,33562.27,44835.089868,XRPUSDT,bybit
2026-05-27 16:00:00+00:00,1.3364,1.3389,1.3356,1.3357,91133.84,121857.424882,XRPUSDT,bybit
2026-05-27 16:05:00+00:00,1.3357,1.337,1.335,1.3368,27309.47,36485.457953,XRPUSDT,bybit
2026-05-27 16:10:00+00:00,1.3368,1.3376,1.3363,1.3364,14047.84,18781.378163,XRPUSDT,bybit
2026-05-27 16:15:00+00:00,1.3364,1.3368,1.3321,1.3328,80502.51,107407.862957,XRPUSDT,bybit
2026-05-27 16:20:00+00:00,1.3328,1.3335,1.3315,1.3324,24262.13,32322.11986,XRPUSDT,bybit
2026-05-27 16:25:00+00:00,1.3324,1.3336,1.332,1.3321,12648.56,16857.118408,XRPUSDT,bybit
2026-05-27 16:30:00+00:00,1.3321,1.3324,1.3301,1.3302,29674.36,39509.466273,XRPUSDT,bybit
2026-05-27 16:35:00+00:00,1.3302,1.3302,1.3282,1.3285,47036.74,62504.369082,XRPUSDT,bybit
2026-05-27 16:40:00+00:00,1.3285,1.3307,1.3281,1.3302,62371.42,82933.287289,XRPUSDT,bybit
2026-05-27 16:45:00+00:00,1.3302,1.3307,1.3295,1.3306,37419.93,49773.201504,XRPUSDT,bybit
2026-05-27 16:50:00+00:00,1.3306,1.3327,1.3306,1.3319,34735.88,46257.328641,XRPUSDT,bybit
2026-05-27 16:55:00+00:00,1.3319,1.3327,1.3315,1.3324,7342.99,9781.508291,XRPUSDT,bybit
2026-05-27 17:00:00+00:00,1.3324,1.3326,1.3288,1.331,153032.27,203594.834149,XRPUSDT,bybit
2026-05-27 17:05:00+00:00,1.331,1.3312,1.3258,1.3264,23807.35,31611.732133,XRPUSDT,bybit
2026-05-27 17:10:00+00:00,1.3264,1.327,1.3211,1.3218,149554.65,197944.946705,XRPUSDT,bybit
2026-05-27 17:15:00+00:00,1.3218,1.3226,1.3201,1.3219,141801.61,187384.912154,XRPUSDT,bybit
2026-05-27 17:20:00+00:00,1.3219,1.3251,1.3219,1.3251,26463.36,35035.406165,XRPUSDT,bybit
2026-05-27 17:25:00+00:00,1.3251,1.3251,1.3221,1.3243,39819.24,52704.249012,XRPUSDT,bybit
2026-05-27 17:30:00+00:00,1.3243,1.325,1.3232,1.3244,11880.3,15730.415847,XRPUSDT,bybit
2026-05-27 17:35:00+00:00,1.3244,1.3256,1.3227,1.3249,26657.86,35288.460591,XRPUSDT,bybit
2026-05-27 17:40:00+00:00,1.3249,1.325,1.3216,1.3219,28410.87,37586.897445,XRPUSDT,bybit
2026-05-27 17:45:00+00:00,1.3219,1.323,1.3211,1.3224,38991.92,51542.659866,XRPUSDT,bybit
2026-05-27 17:50:00+00:00,1.3224,1.3234,1.3216,1.322,46171.56,61047.759144,XRPUSDT,bybit
2026-05-27 17:55:00+00:00,1.322,1.3222,1.3176,1.3207,340973.71,449893.874815,XRPUSDT,bybit
2026-05-27 18:00:00+00:00,1.3207,1.322,1.3186,1.3202,44121.8,58239.297187,XRPUSDT,bybit
2026-05-27 18:05:00+00:00,1.3202,1.322,1.3191,1.3195,77747.93,102676.356549,XRPUSDT,bybit
2026-05-27 18:10:00+00:00,1.3195,1.3212,1.3177,1.3191,72941.02,96249.569607,XRPUSDT,bybit
2026-05-27 18:15:00+00:00,1.3191,1.322,1.3186,1.3217,31774.14,41945.488282,XRPUSDT,bybit
2026-05-27 18:20:00+00:00,1.3217,1.322,1.3199,1.3212,17536.35,23165.23993,XRPUSDT,bybit
2026-05-27 18:25:00+00:00,1.3212,1.322,1.3206,1.3219,28118.84,37157.715735,XRPUSDT,bybit
2026-05-27 18:30:00+00:00,1.3219,1.322,1.3208,1.3216,12371.41,16346.618974,XRPUSDT,bybit
2026-05-27 18:35:00+00:00,1.3216,1.322,1.3206,1.3217,16495.71,21800.543396,XRPUSDT,bybit
2026-05-27 18:40:00+00:00,1.3217,1.324,1.3217,1.3232,48902.52,64701.386689,XRPUSDT,bybit
2026-05-27 18:45:00+00:00,1.3232,1.3247,1.3232,1.3244,17470.39,23132.718762,XRPUSDT,bybit
2026-05-27 18:50:00+00:00,1.3244,1.326,1.3244,1.3253,33194.22,43986.547111,XRPUSDT,bybit
2026-05-27 18:55:00+00:00,1.3253,1.3273,1.3253,1.3267,7561.0,10028.189529,XRPUSDT,bybit
2026-05-27 19:00:00+00:00,1.3267,1.3292,1.3267,1.3288,40605.8,53927.119455,XRPUSDT,bybit
2026-05-27 19:05:00+00:00,1.3288,1.3298,1.3287,1.3298,51893.18,68968.158348,XRPUSDT,bybit
2026-05-27 19:10:00+00:00,1.3298,1.3332,1.3288,1.333,104635.57,139242.890629,XRPUSDT,bybit
2026-05-27 19:15:00+00:00,1.333,1.3341,1.3316,1.3318,68257.47,90983.375261,XRPUSDT,bybit
2026-05-27 19:20:00+00:00,1.3318,1.3335,1.3312,1.3332,46194.4,61545.332922,XRPUSDT,bybit
2026-05-27 19:25:00+00:00,1.3332,1.3332,1.3317,1.3317,8399.57,11192.36757,XRPUSDT,bybit
2026-05-27 19:30:00+00:00,1.3317,1.334,1.3314,1.3324,105905.23,141140.833677,XRPUSDT,bybit
2026-05-27 19:35:00+00:00,1.3324,1.3328,1.3321,1.3322,36150.33,48164.635572,XRPUSDT,bybit
2026-05-27 19:40:00+00:00,1.3322,1.3324,1.3307,1.3313,38809.86,51682.88134,XRPUSDT,bybit
2026-05-27 19:45:00+00:00,1.3313,1.3319,1.3294,1.3294,83942.06,111716.378123,XRPUSDT,bybit
2026-05-27 19:50:00+00:00,1.3294,1.3307,1.3291,1.3307,55259.67,73483.237504,XRPUSDT,bybit
2026-05-27 19:55:00+00:00,1.3307,1.3315,1.3302,1.3306,195997.79,260832.390979,XRPUSDT,bybit
2026-05-27 20:00:00+00:00,1.3306,1.3323,1.33,1.3301,35004.43,46599.094043,XRPUSDT,bybit
2026-05-27 20:05:00+00:00,1.3301,1.3335,1.3293,1.3328,155019.26,206405.397248,XRPUSDT,bybit
2026-05-27 20:10:00+00:00,1.3328,1.3332,1.3319,1.3325,20699.1,27580.450461,XRPUSDT,bybit
2026-05-27 20:15:00+00:00,1.3325,1.334,1.3322,1.334,25429.54,33897.093203,XRPUSDT,bybit
2026-05-27 20:20:00+00:00,1.334,1.3348,1.332,1.332,13876.55,18506.260279,XRPUSDT,bybit
2026-05-27 20:25:00+00:00,1.332,1.332,1.3297,1.33,60272.09,80189.297542,XRPUSDT,bybit
2026-05-27 20:30:00+00:00,1.33,1.3305,1.3277,1.3278,34497.19,45860.917428,XRPUSDT,bybit
2026-05-27 20:35:00+00:00,1.3278,1.3292,1.3276,1.3285,12385.89,16450.121969,XRPUSDT,bybit
2026-05-27 20:40:00+00:00,1.3285,1.3291,1.3281,1.329,15616.83,20750.2978,XRPUSDT,bybit
2026-05-27 20:45:00+00:00,1.329,1.3311,1.329,1.3311,20744.25,27590.252499,XRPUSDT,bybit
2026-05-27 20:50:00+00:00,1.3311,1.3311,1.3296,1.3298,9131.01,12146.632143,XRPUSDT,bybit
2026-05-27 20:55:00+00:00,1.3298,1.3312,1.3297,1.331,10674.23,14203.267683,XRPUSDT,bybit
2026-05-27 21:00:00+00:00,1.331,1.331,1.3299,1.3304,32604.08,43372.720317,XRPUSDT,bybit
2026-05-27 21:05:00+00:00,1.3304,1.332,1.3304,1.3306,18565.04,24712.605919,XRPUSDT,bybit
2026-05-27 21:10:00+00:00,1.3306,1.3329,1.3306,1.3318,78998.99,105186.97671,XRPUSDT,bybit
2026-05-27 21:15:00+00:00,1.3318,1.3324,1.3307,1.3307,21238.33,28278.835439,XRPUSDT,bybit
2026-05-27 21:20:00+00:00,1.3307,1.3325,1.3307,1.3319,19082.27,25415.514801,XRPUSDT,bybit
2026-05-27 21:25:00+00:00,1.3319,1.332,1.3289,1.3289,68343.23,90915.051155,XRPUSDT,bybit
2026-05-27 21:30:00+00:00,1.3289,1.3289,1.3239,1.3246,179013.05,237520.141983,XRPUSDT,bybit
2026-05-27 21:35:00+00:00,1.3246,1.3247,1.3219,1.322,199506.4,264041.956736,XRPUSDT,bybit
2026-05-27 21:40:00+00:00,1.322,1.323,1.3142,1.3178,1044351.95,1376659.113381,XRPUSDT,bybit
2026-05-27 21:45:00+00:00,1.3178,1.3178,1.3115,1.315,498845.28,655737.138326,XRPUSDT,bybit
2026-05-27 21:50:00+00:00,1.315,1.315,1.3119,1.3136,338405.81,444455.273202,XRPUSDT,bybit
2026-05-27 21:55:00+00:00,1.3136,1.3165,1.3122,1.3158,156607.69,205746.484207,XRPUSDT,bybit
2026-05-27 22:00:00+00:00,1.3158,1.3203,1.314,1.3195,157482.39,207354.580864,XRPUSDT,bybit
2026-05-27 22:05:00+00:00,1.3195,1.3208,1.3146,1.3149,97846.56,128905.782781,XRPUSDT,bybit
2026-05-27 22:10:00+00:00,1.3149,1.315,1.31,1.3131,415192.13,544820.416037,XRPUSDT,bybit
2026-05-27 22:15:00+00:00,1.3131,1.3141,1.3103,1.3134,202519.71,265843.37229,XRPUSDT,bybit
2026-05-27 22:20:00+00:00,1.3134,1.3159,1.3133,1.3144,73619.62,96791.257695,XRPUSDT,bybit
2026-05-27 22:25:00+00:00,1.3144,1.3157,1.3137,1.3148,76554.6,100644.015638,XRPUSDT,bybit
2026-05-27 22:30:00+00:00,1.3148,1.3148,1.3122,1.3142,67131.23,88160.801822,XRPUSDT,bybit
2026-05-27 22:35:00+00:00,1.3142,1.3152,1.3137,1.3152,35919.89,47221.827808,XRPUSDT,bybit
2026-05-27 22:40:00+00:00,1.3152,1.3162,1.3143,1.3143,33889.85,44566.853078,XRPUSDT,bybit
2026-05-27 22:45:00+00:00,1.3143,1.3155,1.3124,1.3124,144262.18,189595.696097,XRPUSDT,bybit
2026-05-27 22:50:00+00:00,1.3124,1.314,1.3123,1.3137,68690.13,90195.440314,XRPUSDT,bybit
2026-05-27 22:55:00+00:00,1.3137,1.3142,1.3108,1.3108,182634.87,239661.771743,XRPUSDT,bybit
2026-05-27 23:00:00+00:00,1.3108,1.3124,1.31,1.3109,169897.54,222737.650141,XRPUSDT,bybit
2026-05-27 23:05:00+00:00,1.3109,1.3109,1.3094,1.3099,145290.84,190324.379652,XRPUSDT,bybit
2026-05-27 23:10:00+00:00,1.3099,1.3103,1.307,1.309,191567.26,250634.749942,XRPUSDT,bybit
2026-05-27 23:15:00+00:00,1.309,1.3105,1.3088,1.3097,112344.02,147126.613491,XRPUSDT,bybit
2026-05-27 23:20:00+00:00,1.3097,1.3097,1.3051,1.3058,127470.99,166569.66223,XRPUSDT,bybit
2026-05-27 23:25:00+00:00,1.3058,1.3058,1.3033,1.3045,146205.73,190670.436372,XRPUSDT,bybit
2026-05-27 23:30:00+00:00,1.3045,1.3068,1.3042,1.3053,75959.73,99148.552445,XRPUSDT,bybit
2026-05-27 23:35:00+00:00,1.3053,1.3059,1.3037,1.3058,81380.48,106202.961448,XRPUSDT,bybit
2026-05-27 23:40:00+00:00,1.3058,1.307,1.305,1.3067,28379.26,37057.207151,XRPUSDT,bybit
2026-05-27 23:45:00+00:00,1.3067,1.3087,1.3054,1.3086,55587.29,72659.234968,XRPUSDT,bybit
2026-05-27 23:50:00+00:00,1.3086,1.309,1.3049,1.3074,62728.57,81956.702879,XRPUSDT,bybit
2026-05-27 23:55:00+00:00,1.3074,1.3085,1.3074,1.3076,25400.79,33224.930042,XRPUSDT,bybit
2026-05-28 00:00:00+00:00,1.3076,1.31,1.3069,1.3097,41091.01,53771.639211,XRPUSDT,bybit
2026-05-28 00:05:00+00:00,1.3097,1.3099,1.3074,1.3085,40360.23,52814.660912,XRPUSDT,bybit
2026-05-28 00:10:00+00:00,1.3085,1.3089,1.3061,1.3067,68668.5,89743.845824,XRPUSDT,bybit
2026-05-28 00:15:00+00:00,1.3067,1.3104,1.3061,1.3094,42103.79,55079.428228,XRPUSDT,bybit
2026-05-28 00:20:00+00:00,1.3094,1.3108,1.3086,1.3091,56226.14,73640.027247,XRPUSDT,bybit
2026-05-28 00:25:00+00:00,1.3091,1.3091,1.3063,1.3087,62835.43,82170.3689,XRPUSDT,bybit
2026-05-28 00:30:00+00:00,1.3087,1.3105,1.3087,1.3104,48485.36,63486.995426,XRPUSDT,bybit
2026-05-28 00:35:00+00:00,1.3104,1.3112,1.3096,1.31,41221.32,54014.730281,XRPUSDT,bybit
2026-05-28 00:40:00+00:00,1.31,1.3107,1.3097,1.3107,54596.67,71526.617497,XRPUSDT,bybit
2026-05-28 00:45:00+00:00,1.3107,1.3111,1.3098,1.3102,18243.95,23909.893003,XRPUSDT,bybit
2026-05-28 00:50:00+00:00,1.3102,1.3102,1.3078,1.3092,25495.67,33375.211643,XRPUSDT,bybit
2026-05-28 00:55:00+00:00,1.3092,1.3102,1.3072,1.3096,73223.81,95815.665814,XRPUSDT,bybit
2026-05-28 01:00:00+00:00,1.3096,1.3102,1.3087,1.3089,30122.17,39447.552195,XRPUSDT,bybit
2026-05-28 01:05:00+00:00,1.3089,1.3089,1.3075,1.3082,33820.12,44243.459388,XRPUSDT,bybit
2026-05-28 01:10:00+00:00,1.3082,1.3087,1.3065,1.3076,25119.87,32848.258958,XRPUSDT,bybit
2026-05-28 01:15:00+00:00,1.3076,1.3076,1.2989,1.3046,477879.87,622036.553306,XRPUSDT,bybit
2026-05-28 01:20:00+00:00,1.3046,1.308,1.3024,1.3069,138153.57,180307.076323,XRPUSDT,bybit
2026-05-28 01:25:00+00:00,1.3069,1.3069,1.3001,1.3029,179880.08,234386.597953,XRPUSDT,bybit
2026-05-28 01:30:00+00:00,1.3029,1.3045,1.3015,1.3029,146503.19,190939.898018,XRPUSDT,bybit
2026-05-28 01:35:00+00:00,1.3029,1.3037,1.3012,1.3016,81111.16,105642.520645,XRPUSDT,bybit
2026-05-28 01:40:00+00:00,1.3016,1.3029,1.298,1.3021,185078.09,240628.854649,XRPUSDT,bybit
2026-05-28 01:45:00+00:00,1.3021,1.3056,1.3017,1.3047,52514.16,68474.577128,XRPUSDT,bybit
2026-05-28 01:50:00+00:00,1.3047,1.305,1.3021,1.3031,84817.49,110539.961817,XRPUSDT,bybit
2026-05-28 01:55:00+00:00,1.3031,1.3037,1.3012,1.303,34110.57,44424.097402,XRPUSDT,bybit
2026-05-28 02:00:00+00:00,1.303,1.3046,1.3013,1.3023,67045.66,87316.149856,XRPUSDT,bybit
2026-05-28 02:05:00+00:00,1.3023,1.3049,1.302,1.3048,74666.32,97357.121393,XRPUSDT,bybit
2026-05-28 02:10:00+00:00,1.3048,1.3056,1.3043,1.3056,34634.24,45195.005036,XRPUSDT,bybit
2026-05-28 02:15:00+00:00,1.3056,1.3057,1.3035,1.3038,42988.15,56086.418084,XRPUSDT,bybit
2026-05-28 02:20:00+00:00,1.3038,1.3044,1.3021,1.3044,54850.97,71475.27028,XRPUSDT,bybit
2026-05-28 02:25:00+00:00,1.3044,1.3047,1.3024,1.3035,31135.68,40591.129341,XRPUSDT,bybit
2026-05-28 02:30:00+00:00,1.3035,1.3047,1.3016,1.303,35185.93,45865.800867,XRPUSDT,bybit
2026-05-28 02:35:00+00:00,1.303,1.3035,1.3004,1.3035,67827.27,88300.208263,XRPUSDT,bybit
2026-05-28 02:40:00+00:00,1.3035,1.3058,1.3029,1.3039,200705.03,261813.538711,XRPUSDT,bybit
2026-05-28 02:45:00+00:00,1.3039,1.3041,1.3014,1.3041,157446.04,205120.003629,XRPUSDT,bybit
2026-05-28 02:50:00+00:00,1.3041,1.3041,1.3019,1.3034,122631.48,159828.876852,XRPUSDT,bybit
2026-05-28 02:55:00+00:00,1.3034,1.3036,1.3011,1.3012,91715.6,119429.503403,XRPUSDT,bybit
2026-05-28 03:00:00+00:00,1.3012,1.3023,1.2999,1.3023,132580.57,172490.031206,XRPUSDT,bybit
2026-05-28 03:05:00+00:00,1.3023,1.3036,1.3006,1.3012,152681.15,198730.244246,XRPUSDT,bybit
2026-05-28 03:10:00+00:00,1.3012,1.3014,1.2978,1.3013,260559.08,338654.533896,XRPUSDT,bybit
2026-05-28 03:15:00+00:00,1.3013,1.302,1.2835,1.2898,2793312.63,3599073.599659,XRPUSDT,bybit
2026-05-28 03:20:00+00:00,1.2898,1.2968,1.2893,1.2968,513299.1,663426.399572,XRPUSDT,bybit
2026-05-28 03:25:00+00:00,1.2968,1.2969,1.2883,1.2892,274833.15,355093.119482,XRPUSDT,bybit
2026-05-28 03:30:00+00:00,1.2892,1.2907,1.287,1.2873,193928.27,249882.7482,XRPUSDT,bybit
2026-05-28 03:35:00+00:00,1.2873,1.2873,1.2828,1.2839,473190.05,607882.751305,XRPUSDT,bybit
2026-05-28 03:40:00+00:00,1.2839,1.2864,1.2833,1.2834,378755.56,486608.744314,XRPUSDT,bybit
2026-05-28 03:45:00+00:00,1.2834,1.2866,1.283,1.283,203673.21,261679.545249,XRPUSDT,bybit
2026-05-28 03:50:00+00:00,1.283,1.284,1.2772,1.279,502418.07,643352.081819,XRPUSDT,bybit
2026-05-28 03:55:00+00:00,1.279,1.2798,1.2752,1.279,523219.46,668173.211208,XRPUSDT,bybit
2026-05-28 04:00:00+00:00,1.279,1.2802,1.2708,1.2782,1000926.53,1277005.048233,XRPUSDT,bybit
2026-05-28 04:05:00+00:00,1.2782,1.2817,1.2763,1.2817,210816.51,269721.982395,XRPUSDT,bybit
2026-05-28 04:10:00+00:00,1.2817,1.2829,1.2798,1.2807,103104.78,132161.038049,XRPUSDT,bybit
2026-05-28 04:15:00+00:00,1.2807,1.2821,1.2787,1.2788,126295.42,161716.44391,XRPUSDT,bybit
2026-05-28 04:20:00+00:00,1.2788,1.2789,1.27,1.2715,732023.73,931681.154271,XRPUSDT,bybit
2026-05-28 04:25:00+00:00,1.2715,1.2745,1.2676,1.2742,935285.86,1188932.537034,XRPUSDT,bybit
2026-05-28 04:30:00+00:00,1.2742,1.2788,1.2732,1.2788,207297.07,264489.378721,XRPUSDT,bybit
2026-05-28 04:35:00+00:00,1.2788,1.2821,1.2784,1.2805,96428.04,123430.550938,XRPUSDT,bybit
2026-05-28 04:40:00+00:00,1.2805,1.2843,1.2805,1.2828,56699.5,72759.804632,XRPUSDT,bybit
2026-05-28 04:45:00+00:00,1.2828,1.2837,1.2807,1.2825,140662.86,180304.923992,XRPUSDT,bybit
2026-05-28 04:50:00+00:00,1.2825,1.2837,1.2816,1.2834,251998.93,323135.216029,XRPUSDT,bybit
2026-05-28 04:55:00+00:00,1.2834,1.2844,1.2828,1.2844,95973.38,123208.379345,XRPUSDT,bybit
2026-05-28 05:00:00+00:00,1.2844,1.2849,1.2827,1.283,162080.99,208087.692113,XRPUSDT,bybit
2026-05-28 05:05:00+00:00,1.283,1.2831,1.2808,1.2818,290301.9,372247.461757,XRPUSDT,bybit
2026-05-28 05:10:00+00:00,1.2818,1.2822,1.2799,1.281,170476.08,218403.325742,XRPUSDT,bybit
2026-05-28 05:15:00+00:00,1.281,1.2813,1.278,1.2788,372886.05,477302.152227,XRPUSDT,bybit
2026-05-28 05:20:00+00:00,1.2788,1.281,1.2778,1.281,78898.45,100932.611148,XRPUSDT,bybit
2026-05-28 05:25:00+00:00,1.281,1.2811,1.2793,1.2797,227236.03,290882.022682,XRPUSDT,bybit
2026-05-28 05:30:00+00:00,1.2797,1.2835,1.2797,1.2832,269522.58,345457.968932,XRPUSDT,bybit
2026-05-28 05:35:00+00:00,1.2832,1.2846,1.282,1.2845,255811.03,328300.29001,XRPUSDT,bybit
2026-05-28 05:40:00+00:00,1.2845,1.2856,1.2836,1.2849,144163.86,185201.507095,XRPUSDT,bybit
2026-05-28 05:45:00+00:00,1.2849,1.2859,1.2829,1.284,235300.04,302274.101952,XRPUSDT,bybit
2026-05-28 05:50:00+00:00,1.284,1.2854,1.2838,1.285,105397.04,135382.991388,XRPUSDT,bybit
2026-05-28 05:55:00+00:00,1.285,1.2853,1.2833,1.2837,125105.49,160672.116224,XRPUSDT,bybit
2026-05-28 06:00:00+00:00,1.2837,1.2854,1.2832,1.285,98709.84,126782.795013,XRPUSDT,bybit
2026-05-28 06:05:00+00:00,1.285,1.2859,1.2839,1.2848,73600.49,94575.36856,XRPUSDT,bybit
2026-05-28 06:10:00+00:00,1.2848,1.286,1.2839,1.2841,101211.21,130066.583381,XRPUSDT,bybit
2026-05-28 06:15:00+00:00,1.2841,1.2852,1.2839,1.285,41165.37,52880.431509,XRPUSDT,bybit
2026-05-28 06:20:00+00:00,1.285,1.2854,1.2819,1.2832,123936.66,159098.672232,XRPUSDT,bybit
2026-05-28 06:25:00+00:00,1.2832,1.2846,1.282,1.2844,101568.34,130369.593947,XRPUSDT,bybit
2026-05-28 06:30:00+00:00,1.2844,1.2847,1.2813,1.2827,306694.74,393516.286458,XRPUSDT,bybit
2026-05-28 06:35:00+00:00,1.2827,1.2833,1.2805,1.2827,252014.95,323050.332455,XRPUSDT,bybit
2026-05-28 06:40:00+00:00,1.2827,1.2842,1.2813,1.2842,242722.98,311270.063598,XRPUSDT,bybit
2026-05-28 06:45:00+00:00,1.2842,1.2895,1.2842,1.2889,375808.44,483963.573055,XRPUSDT,bybit
2026-05-28 06:50:00+00:00,1.2889,1.2895,1.2875,1.2878,68677.16,88490.000292,XRPUSDT,bybit
2026-05-28 06:55:00+00:00,1.2878,1.2886,1.2864,1.2872,64689.36,83277.260412,XRPUSDT,bybit
2026-05-28 07:00:00+00:00,1.2872,1.2887,1.287,1.2874,88307.54,113697.976645,XRPUSDT,bybit
2026-05-28 07:05:00+00:00,1.2874,1.2898,1.2872,1.2898,21266.55,27394.119635,XRPUSDT,bybit
2026-05-28 07:10:00+00:00,1.2898,1.29,1.2884,1.29,83429.01,107535.491339,XRPUSDT,bybit
2026-05-28 07:15:00+00:00,1.29,1.293,1.29,1.2925,129370.17,167194.724214,XRPUSDT,bybit
2026-05-28 07:20:00+00:00,1.2925,1.2936,1.2924,1.2929,86155.55,111394.367252,XRPUSDT,bybit
2026-05-28 07:25:00+00:00,1.2929,1.2931,1.2911,1.2911,103839.68,134179.914613,XRPUSDT,bybit
2026-05-28 07:30:00+00:00,1.2911,1.2924,1.2906,1.2924,59781.03,77190.279054,XRPUSDT,bybit
2026-05-28 07:35:00+00:00,1.2924,1.2933,1.2916,1.2916,82894.01,107149.055752,XRPUSDT,bybit
2026-05-28 07:40:00+00:00,1.2916,1.2929,1.2906,1.2926,27469.2,35482.735923,XRPUSDT,bybit
2026-05-28 07:45:00+00:00,1.2926,1.2926,1.2907,1.2908,59348.23,76639.836182,XRPUSDT,bybit
2026-05-28 07:50:00+00:00,1.2908,1.291,1.2896,1.2898,40758.0,52582.194317,XRPUSDT,bybit
2026-05-28 07:55:00+00:00,1.2898,1.2936,1.2898,1.2934,88198.85,113989.199635,XRPUSDT,bybit
2026-05-28 08:00:00+00:00,1.2934,1.2938,1.2906,1.2926,139057.59,179627.142601,XRPUSDT,bybit
2026-05-28 08:05:00+00:00,1.2926,1.2935,1.2923,1.2924,26855.67,34722.657088,XRPUSDT,bybit
2026-05-28 08:10:00+00:00,1.2924,1.2925,1.2917,1.2922,32278.0,41705.859729,XRPUSDT,bybit
2026-05-28 08:15:00+00:00,1.2922,1.2926,1.2906,1.2913,25524.43,32961.758447,XRPUSDT,bybit
2026-05-28 08:20:00+00:00,1.2913,1.2913,1.2886,1.2898,36829.3,47496.84165,XRPUSDT,bybit
2026-05-28 08:25:00+00:00,1.2898,1.2898,1.2875,1.2882,13390.9,17253.168979,XRPUSDT,bybit
2026-05-28 08:30:00+00:00,1.2882,1.2894,1.287,1.2892,36339.79,46808.793461,XRPUSDT,bybit
2026-05-28 08:35:00+00:00,1.2892,1.2898,1.2887,1.2895,32993.13,42539.168264,XRPUSDT,bybit
2026-05-28 08:40:00+00:00,1.2895,1.2895,1.2884,1.2886,10904.15,14052.159901,XRPUSDT,bybit
2026-05-28 08:45:00+00:00,1.2886,1.2904,1.2886,1.2895,49711.36,64100.818681,XRPUSDT,bybit
2026-05-28 08:50:00+00:00,1.2895,1.2901,1.2894,1.2899,23682.5,30545.146399,XRPUSDT,bybit
2026-05-28 08:55:00+00:00,1.2899,1.29,1.2888,1.2888,12749.11,16437.982446,XRPUSDT,bybit
2026-05-28 09:00:00+00:00,1.2888,1.2906,1.2888,1.2901,16422.21,21180.337862,XRPUSDT,bybit
2026-05-28 09:05:00+00:00,1.2901,1.2907,1.2888,1.2888,63814.94,82288.723121,XRPUSDT,bybit
2026-05-28 09:10:00+00:00,1.2888,1.2895,1.2874,1.2894,26560.71,34226.763633,XRPUSDT,bybit
2026-05-28 09:15:00+00:00,1.2894,1.2915,1.2893,1.2915,17492.17,22570.171954,XRPUSDT,bybit
2026-05-28 09:20:00+00:00,1.2915,1.2928,1.2909,1.2922,21216.4,27404.718905,XRPUSDT,bybit
2026-05-28 09:25:00+00:00,1.2922,1.2928,1.2916,1.2917,17330.51,22394.396359,XRPUSDT,bybit
2026-05-28 09:30:00+00:00,1.2917,1.2918,1.2904,1.2916,28644.43,36983.45197,XRPUSDT,bybit
2026-05-28 09:35:00+00:00,1.2916,1.2935,1.2916,1.2918,12606.65,16291.384509,XRPUSDT,bybit
2026-05-28 09:40:00+00:00,1.2918,1.2931,1.2918,1.2929,15212.32,19663.92152,XRPUSDT,bybit
2026-05-28 09:45:00+00:00,1.2929,1.2938,1.2926,1.2936,7984.26,10323.455854,XRPUSDT,bybit
2026-05-28 09:50:00+00:00,1.2936,1.2938,1.2931,1.2933,20445.64,26446.567126,XRPUSDT,bybit
2026-05-28 09:55:00+00:00,1.2933,1.2938,1.2928,1.2929,30666.58,39651.384554,XRPUSDT,bybit
2026-05-28 10:00:00+00:00,1.2929,1.2944,1.2928,1.2928,36607.66,47356.589168,XRPUSDT,bybit
2026-05-28 10:05:00+00:00,1.2928,1.2956,1.2928,1.2953,32654.38,42262.973861,XRPUSDT,bybit
2026-05-28 10:10:00+00:00,1.2953,1.2962,1.2948,1.2954,21589.45,27972.301107,XRPUSDT,bybit
2026-05-28 10:15:00+00:00,1.2954,1.296,1.2934,1.2936,58451.46,75683.72177,XRPUSDT,bybit
2026-05-28 10:20:00+00:00,1.2936,1.294,1.292,1.2924,59920.06,77494.799548,XRPUSDT,bybit
2026-05-28 10:25:00+00:00,1.2924,1.2926,1.2911,1.2926,19657.04,25390.930576,XRPUSDT,bybit
2026-05-28 10:30:00+00:00,1.2926,1.2928,1.2918,1.2928,17519.25,22642.287655,XRPUSDT,bybit
2026-05-28 10:35:00+00:00,1.2928,1.2938,1.2925,1.2932,82541.49,106743.348884,XRPUSDT,bybit
2026-05-28 10:40:00+00:00,1.2932,1.2937,1.2925,1.2925,161993.05,209500.524124,XRPUSDT,bybit
2026-05-28 10:45:00+00:00,1.2925,1.2934,1.2922,1.2922,35213.49,45520.824423,XRPUSDT,bybit
2026-05-28 10:50:00+00:00,1.2922,1.2922,1.2887,1.2904,179002.25,230979.987936,XRPUSDT,bybit
2026-05-28 10:55:00+00:00,1.2904,1.2913,1.2885,1.2885,643018.83,829467.870702,XRPUSDT,bybit
2026-05-28 11:00:00+00:00,1.2885,1.29,1.2878,1.2898,337823.9,435601.302838,XRPUSDT,bybit
2026-05-28 11:05:00+00:00,1.2898,1.2904,1.2866,1.2877,152466.28,196452.528808,XRPUSDT,bybit
2026-05-28 11:10:00+00:00,1.2877,1.2896,1.2877,1.2895,34341.96,44261.668868,XRPUSDT,bybit
2026-05-28 11:15:00+00:00,1.2895,1.2906,1.2885,1.2896,79606.1,102639.764781,XRPUSDT,bybit
2026-05-28 11:20:00+00:00,1.2896,1.2896,1.2881,1.2889,39365.0,50718.688611,XRPUSDT,bybit
2026-05-28 11:25:00+00:00,1.2889,1.2891,1.2867,1.2873,30431.46,39179.917862,XRPUSDT,bybit
2026-05-28 11:30:00+00:00,1.2873,1.2883,1.2862,1.2883,52951.06,68168.774461,XRPUSDT,bybit
2026-05-28 11:35:00+00:00,1.2883,1.2888,1.2865,1.2865,27308.62,35167.436787,XRPUSDT,bybit
2026-05-28 11:40:00+00:00,1.2865,1.2879,1.2865,1.2879,43250.73,55658.644998,XRPUSDT,bybit
2026-05-28 11:45:00+00:00,1.2879,1.288,1.2865,1.2873,28282.41,36396.727296,XRPUSDT,bybit
2026-05-28 11:50:00+00:00,1.2873,1.2888,1.2862,1.2885,59490.03,76612.660962,XRPUSDT,bybit
2026-05-28 11:55:00+00:00,1.2885,1.2888,1.2877,1.2877,26031.94,33536.329917,XRPUSDT,bybit
2026-05-28 12:00:00+00:00,1.2877,1.289,1.2875,1.2884,42419.86,54641.28233,XRPUSDT,bybit
2026-05-28 12:05:00+00:00,1.2884,1.2891,1.2876,1.289,36366.39,46861.877891,XRPUSDT,bybit
2026-05-28 12:10:00+00:00,1.289,1.2892,1.2878,1.2884,34687.7,44693.937016,XRPUSDT,bybit
2026-05-28 12:15:00+00:00,1.2884,1.2888,1.2866,1.2871,95418.58,122828.716533,XRPUSDT,bybit
2026-05-28 12:20:00+00:00,1.2871,1.2871,1.2839,1.2839,127837.41,164306.0322,XRPUSDT,bybit
2026-05-28 12:25:00+00:00,1.2839,1.2861,1.2839,1.2853,57690.22,74144.275137,XRPUSDT,bybit
2026-05-28 12:30:00+00:00,1.2853,1.2886,1.2852,1.287,103348.97,133021.449801,XRPUSDT,bybit
2026-05-28 12:35:00+00:00,1.287,1.2893,1.2852,1.2893,140651.92,181014.35184,XRPUSDT,bybit
2026-05-28 12:40:00+00:00,1.2893,1.2923,1.2893,1.2907,181205.07,233968.752778,XRPUSDT,bybit
2026-05-28 12:45:00+00:00,1.2907,1.2941,1.2903,1.2935,89270.45,115383.499968,XRPUSDT,bybit
2026-05-28 12:50:00+00:00,1.2935,1.2949,1.2933,1.2944,93821.9,121434.18653,XRPUSDT,bybit
2026-05-28 12:55:00+00:00,1.2944,1.2948,1.2933,1.2948,44431.51,57494.973309,XRPUSDT,bybit
2026-05-28 13:00:00+00:00,1.2948,1.2985,1.2947,1.2978,121467.61,157545.841001,XRPUSDT,bybit
2026-05-28 13:05:00+00:00,1.2978,1.2984,1.2953,1.2957,91509.35,118648.515631,XRPUSDT,bybit
2026-05-28 13:10:00+00:00,1.2957,1.2967,1.2951,1.2965,34318.55,44474.521104,XRPUSDT,bybit
2026-05-28 13:15:00+00:00,1.2965,1.2985,1.2951,1.2957,218179.8,283009.013027,XRPUSDT,bybit
2026-05-28 13:20:00+00:00,1.2957,1.2958,1.2932,1.2943,80455.4,104146.080518,XRPUSDT,bybit
2026-05-28 13:25:00+00:00,1.2943,1.2969,1.2914,1.2967,219681.15,284224.908699,XRPUSDT,bybit
2026-05-28 13:30:00+00:00,1.2967,1.297,1.2906,1.2914,173754.42,224778.789843,XRPUSDT,bybit
2026-05-28 13:35:00+00:00,1.2914,1.2938,1.2896,1.2934,215858.99,278748.746418,XRPUSDT,bybit
2026-05-28 13:40:00+00:00,1.2934,1.2939,1.29,1.2905,254487.41,328726.683453,XRPUSDT,bybit
2026-05-28 13:45:00+00:00,1.2905,1.2936,1.2903,1.2923,236097.95,304973.931801,XRPUSDT,bybit
2026-05-28 13:50:00+00:00,1.2923,1.2995,1.2918,1.2978,867348.65,1124327.334048,XRPUSDT,bybit
2026-05-28 13:55:00+00:00,1.2978,1.2979,1.2955,1.2965,198942.0,258003.080638,XRPUSDT,bybit
2026-05-28 14:00:00+00:00,1.2965,1.2966,1.2877,1.2925,390232.88,504036.320102,XRPUSDT,bybit
2026-05-28 14:05:00+00:00,1.2925,1.2931,1.286,1.2927,396017.88,510791.845051,XRPUSDT,bybit
2026-05-28 14:10:00+00:00,1.2927,1.3016,1.2867,1.3014,1449783.52,1874658.308809,XRPUSDT,bybit
2026-05-28 14:15:00+00:00,1.3014,1.3106,1.2986,1.3098,455287.04,593519.457572,XRPUSDT,bybit
2026-05-28 14:20:00+00:00,1.3098,1.3104,1.3,1.3013,294036.17,383820.221477,XRPUSDT,bybit
2026-05-28 14:25:00+00:00,1.3013,1.3019,1.2988,1.3007,484774.93,630491.570614,XRPUSDT,bybit
2026-05-28 14:30:00+00:00,1.3007,1.3032,1.2998,1.2999,195266.47,254138.043679,XRPUSDT,bybit
2026-05-28 14:35:00+00:00,1.2999,1.3031,1.2987,1.302,74428.22,96822.102187,XRPUSDT,bybit
2026-05-28 14:40:00+00:00,1.302,1.3052,1.2979,1.2991,108099.86,140612.328125,XRPUSDT,bybit
2026-05-28 14:45:00+00:00,1.2991,1.3002,1.2962,1.2998,114816.65,149046.742698,XRPUSDT,bybit
2026-05-28 14:50:00+00:00,1.2998,1.3043,1.2998,1.3019,182406.35,237511.937397,XRPUSDT,bybit
2026-05-28 14:55:00+00:00,1.3019,1.3038,1.3007,1.3018,100706.01,131111.416068,XRPUSDT,bybit
2026-05-28 15:00:00+00:00,1.3018,1.3027,1.3,1.3006,159373.11,207348.422488,XRPUSDT,bybit
2026-05-28 15:05:00+00:00,1.3006,1.3037,1.2962,1.297,118665.67,154335.171284,XRPUSDT,bybit
2026-05-28 15:10:00+00:00,1.297,1.2989,1.2951,1.2979,100702.04,130619.602619,XRPUSDT,bybit
2026-05-28 15:15:00+00:00,1.2979,1.298,1.2952,1.2956,59356.0,76960.867706,XRPUSDT,bybit
2026-05-28 15:20:00+00:00,1.2956,1.3001,1.2944,1.2999,55758.0,72310.574269,XRPUSDT,bybit
2026-05-28 15:25:00+00:00,1.2999,1.3026,1.2997,1.3025,54843.11,71365.706985,XRPUSDT,bybit
2026-05-28 15:30:00+00:00,1.3025,1.3033,1.2997,1.3027,64309.03,83712.625789,XRPUSDT,bybit
2026-05-28 15:35:00+00:00,1.3027,1.3074,1.3027,1.3052,63753.5,83236.79056,XRPUSDT,bybit
2026-05-28 15:40:00+00:00,1.3052,1.3099,1.3052,1.3099,44125.76,57681.27234,XRPUSDT,bybit
2026-05-28 15:45:00+00:00,1.3099,1.3153,1.3097,1.31,477794.59,627614.790139,XRPUSDT,bybit
2026-05-28 15:50:00+00:00,1.31,1.3113,1.3095,1.3112,61607.84,80728.714851,XRPUSDT,bybit
2026-05-28 15:55:00+00:00,1.3112,1.3132,1.31,1.3125,150250.73,196998.710979,XRPUSDT,bybit
2026-05-28 16:00:00+00:00,1.3125,1.3169,1.3075,1.3076,932429.64,1223380.425809,XRPUSDT,bybit
2026-05-28 16:05:00+00:00,1.3076,1.3127,1.3069,1.3127,190561.73,249445.118646,XRPUSDT,bybit
2026-05-28 16:10:00+00:00,1.3127,1.3169,1.3115,1.3145,335842.72,441561.959777,XRPUSDT,bybit
2026-05-28 16:15:00+00:00,1.3145,1.3182,1.3136,1.3177,139653.61,183797.403814,XRPUSDT,bybit
2026-05-28 16:20:00+00:00,1.3177,1.3199,1.3165,1.3189,107732.48,142003.302607,XRPUSDT,bybit
2026-05-28 16:25:00+00:00,1.3189,1.32,1.3174,1.318,87600.72,115507.742271,XRPUSDT,bybit
2026-05-28 16:30:00+00:00,1.318,1.319,1.3165,1.3189,104052.56,137131.377851,XRPUSDT,bybit
2026-05-28 16:35:00+00:00,1.3189,1.3201,1.3176,1.3188,75007.97,98912.438475,XRPUSDT,bybit
2026-05-28 16:40:00+00:00,1.3188,1.32,1.3178,1.3199,242416.9,319691.132854,XRPUSDT,bybit
2026-05-28 16:45:00+00:00,1.3199,1.3267,1.3193,1.3266,365796.57,484440.734405,XRPUSDT,bybit
2026-05-28 16:50:00+00:00,1.3266,1.3294,1.3256,1.3267,334252.61,443703.386648,XRPUSDT,bybit
2026-05-28 16:55:00+00:00,1.3267,1.3272,1.3233,1.3239,315936.12,418538.117017,XRPUSDT,bybit
2026-05-28 17:00:00+00:00,1.3239,1.3247,1.3203,1.3208,369992.11,489109.808904,XRPUSDT,bybit
2026-05-28 17:05:00+00:00,1.3208,1.3241,1.3184,1.3241,233608.79,308619.85835,XRPUSDT,bybit
2026-05-28 17:10:00+00:00,1.3241,1.3258,1.3232,1.3238,108610.57,143868.205531,XRPUSDT,bybit
2026-05-28 17:15:00+00:00,1.3238,1.3273,1.322,1.3272,125938.37,166813.497884,XRPUSDT,bybit
2026-05-28 17:20:00+00:00,1.3272,1.3279,1.3224,1.323,63135.5,83646.096332,XRPUSDT,bybit
2026-05-28 17:25:00+00:00,1.323,1.3237,1.3213,1.322,95930.12,126899.054417,XRPUSDT,bybit
2026-05-28 17:30:00+00:00,1.322,1.3269,1.3211,1.326,100284.35,132823.874307,XRPUSDT,bybit
2026-05-28 17:35:00+00:00,1.326,1.3275,1.3239,1.3271,69753.84,92454.959752,XRPUSDT,bybit
2026-05-28 17:40:00+00:00,1.3271,1.3277,1.325,1.3251,24407.04,32368.85465,XRPUSDT,bybit
2026-05-28 17:45:00+00:00,1.3251,1.3299,1.3251,1.3262,281190.33,373600.331039,XRPUSDT,bybit
2026-05-28 17:50:00+00:00,1.3262,1.3272,1.3248,1.3252,71397.33,94674.483784,XRPUSDT,bybit
2026-05-28 17:55:00+00:00,1.3252,1.3266,1.3242,1.3261,36117.3,47861.324526,XRPUSDT,bybit
2026-05-28 18:00:00+00:00,1.3261,1.3318,1.3254,1.3313,209502.36,278700.882278,XRPUSDT,bybit
2026-05-28 18:05:00+00:00,1.3313,1.3315,1.3292,1.3309,307236.26,408736.313732,XRPUSDT,bybit
2026-05-28 18:10:00+00:00,1.3309,1.3325,1.3297,1.3322,139582.85,185841.739527,XRPUSDT,bybit
2026-05-28 18:15:00+00:00,1.3322,1.3373,1.3316,1.3358,787364.2,1051165.719429,XRPUSDT,bybit
2026-05-28 18:20:00+00:00,1.3358,1.3366,1.3328,1.3342,162492.58,216896.579841,XRPUSDT,bybit
2026-05-28 18:25:00+00:00,1.3342,1.3351,1.3325,1.333,119497.33,159411.74687,XRPUSDT,bybit
2026-05-28 18:30:00+00:00,1.333,1.3361,1.3328,1.3348,136802.39,182555.028317,XRPUSDT,bybit
2026-05-28 18:35:00+00:00,1.3348,1.3353,1.3332,1.3332,106490.09,142049.776188,XRPUSDT,bybit
2026-05-28 18:40:00+00:00,1.3332,1.3348,1.3324,1.3343,67832.74,90467.422362,XRPUSDT,bybit
2026-05-28 18:45:00+00:00,1.3343,1.3362,1.3332,1.3349,87465.37,116786.704301,XRPUSDT,bybit
2026-05-28 18:50:00+00:00,1.3349,1.3384,1.3349,1.3374,78129.25,104443.513462,XRPUSDT,bybit
2026-05-28 18:55:00+00:00,1.3374,1.3374,1.3327,1.3344,76919.21,102674.74167,XRPUSDT,bybit
2026-05-28 19:00:00+00:00,1.3344,1.3345,1.3286,1.3293,149059.07,198343.628416,XRPUSDT,bybit
2026-05-28 19:05:00+00:00,1.3293,1.3307,1.328,1.3283,58884.81,78307.879011,XRPUSDT,bybit
2026-05-28 19:10:00+00:00,1.3283,1.3288,1.3252,1.3259,34146.24,45291.885148,XRPUSDT,bybit
2026-05-28 19:15:00+00:00,1.3259,1.3263,1.3246,1.3255,31254.73,41423.363552,XRPUSDT,bybit
2026-05-28 19:20:00+00:00,1.3255,1.3268,1.3249,1.3257,35120.74,46553.903975,XRPUSDT,bybit
2026-05-28 19:25:00+00:00,1.3257,1.326,1.3244,1.3257,15190.64,20125.560292,XRPUSDT,bybit
2026-05-28 19:30:00+00:00,1.3257,1.3266,1.3225,1.3227,46202.09,61174.848477,XRPUSDT,bybit
2026-05-28 19:35:00+00:00,1.3227,1.3232,1.3217,1.3217,26655.44,35244.339696,XRPUSDT,bybit
2026-05-28 19:40:00+00:00,1.3217,1.3217,1.3186,1.3192,78865.69,104115.128719,XRPUSDT,bybit
2026-05-28 19:45:00+00:00,1.3192,1.3205,1.3187,1.32,48120.67,63489.276342,XRPUSDT,bybit
2026-05-28 19:50:00+00:00,1.32,1.3204,1.3179,1.3188,130035.1,171577.853734,XRPUSDT,bybit
2026-05-28 19:55:00+00:00,1.3188,1.3188,1.3156,1.3161,64660.03,85133.9351,XRPUSDT,bybit
2026-05-28 20:00:00+00:00,1.3161,1.3165,1.3129,1.314,82372.3,108294.451648,XRPUSDT,bybit
2026-05-28 20:05:00+00:00,1.314,1.3144,1.3109,1.3136,224514.28,294729.494051,XRPUSDT,bybit
2026-05-28 20:10:00+00:00,1.3136,1.3172,1.3134,1.3162,548977.08,722140.064169,XRPUSDT,bybit
2026-05-28 20:15:00+00:00,1.3162,1.3198,1.316,1.3198,83385.06,109863.495535,XRPUSDT,bybit
2026-05-28 20:20:00+00:00,1.3198,1.321,1.3198,1.3206,32506.5,42919.169302,XRPUSDT,bybit
2026-05-28 20:25:00+00:00,1.3206,1.3215,1.3197,1.3211,50943.76,67273.498629,XRPUSDT,bybit
2026-05-28 20:30:00+00:00,1.3211,1.323,1.3207,1.3223,61223.44,80952.303187,XRPUSDT,bybit
2026-05-28 20:35:00+00:00,1.3223,1.3239,1.3223,1.3225,45855.25,60666.222564,XRPUSDT,bybit
2026-05-28 20:40:00+00:00,1.3225,1.3246,1.3225,1.3243,33252.85,44010.683271,XRPUSDT,bybit
2026-05-28 20:45:00+00:00,1.3243,1.3248,1.3237,1.3247,20032.94,26529.142312,XRPUSDT,bybit
2026-05-28 20:50:00+00:00,1.3247,1.325,1.3233,1.3233,23221.69,30750.377695,XRPUSDT,bybit
2026-05-28 20:55:00+00:00,1.3233,1.3233,1.32,1.3204,74086.97,97868.766602,XRPUSDT,bybit
2026-05-28 21:00:00+00:00,1.3204,1.321,1.3178,1.3179,23665.71,31219.42972,XRPUSDT,bybit
2026-05-28 21:05:00+00:00,1.3179,1.3198,1.3169,1.3197,32413.15,42712.231743,XRPUSDT,bybit
2026-05-28 21:10:00+00:00,1.3197,1.3236,1.3197,1.3228,98218.69,129797.30553,XRPUSDT,bybit
2026-05-28 21:15:00+00:00,1.3228,1.3234,1.3213,1.3215,14381.19,19021.067453,XRPUSDT,bybit
2026-05-28 21:20:00+00:00,1.3215,1.3224,1.3211,1.3224,17411.7,23009.351056,XRPUSDT,bybit
2026-05-28 21:25:00+00:00,1.3224,1.3224,1.3204,1.3207,16965.82,22423.558835,XRPUSDT,bybit
2026-05-28 21:30:00+00:00,1.3207,1.3219,1.3206,1.3217,14605.18,19298.993271,XRPUSDT,bybit
2026-05-28 21:35:00+00:00,1.3217,1.3235,1.321,1.3229,79942.73,105752.734572,XRPUSDT,bybit
2026-05-28 21:40:00+00:00,1.3229,1.3231,1.3209,1.3224,42756.33,56522.786465,XRPUSDT,bybit
2026-05-28 21:45:00+00:00,1.3224,1.3224,1.3213,1.3221,14249.33,18835.455507,XRPUSDT,bybit
2026-05-28 21:50:00+00:00,1.3221,1.3221,1.3211,1.3214,28673.16,37890.901027,XRPUSDT,bybit
2026-05-28 21:55:00+00:00,1.3214,1.3217,1.3198,1.3202,23022.98,30413.012039,XRPUSDT,bybit
2026-05-28 22:00:00+00:00,1.3202,1.3219,1.3189,1.3198,83453.07,110185.54544,XRPUSDT,bybit
2026-05-28 22:05:00+00:00,1.3198,1.3213,1.3193,1.3212,24169.59,31903.827708,XRPUSDT,bybit
2026-05-28 22:10:00+00:00,1.3212,1.3214,1.32,1.3202,24931.89,32920.670354,XRPUSDT,bybit
2026-05-28 22:15:00+00:00,1.3202,1.3202,1.3173,1.3173,24619.99,32464.284032,XRPUSDT,bybit
2026-05-28 22:20:00+00:00,1.3173,1.3177,1.3164,1.3177,25703.6,33857.311242,XRPUSDT,bybit
2026-05-28 22:25:00+00:00,1.3177,1.3182,1.3158,1.3161,85147.63,112167.506065,XRPUSDT,bybit
2026-05-28 22:30:00+00:00,1.3161,1.3164,1.3142,1.3144,32765.23,43109.765042,XRPUSDT,bybit
2026-05-28 22:35:00+00:00,1.3144,1.3144,1.3133,1.3135,30648.39,40257.884599,XRPUSDT,bybit
2026-05-28 22:40:00+00:00,1.3135,1.3136,1.3124,1.3125,16879.71,22166.465753,XRPUSDT,bybit
2026-05-28 22:45:00+00:00,1.3125,1.3152,1.3125,1.3151,15269.42,20063.922635,XRPUSDT,bybit
2026-05-28 22:50:00+00:00,1.3151,1.3158,1.3145,1.315,20918.58,27509.583904,XRPUSDT,bybit
2026-05-28 22:55:00+00:00,1.315,1.3153,1.3141,1.3144,17924.6,23565.467722,XRPUSDT,bybit
2026-05-28 23:00:00+00:00,1.3144,1.3165,1.3142,1.3162,23928.22,31464.983961,XRPUSDT,bybit
2026-05-28 23:05:00+00:00,1.3162,1.3165,1.3158,1.3158,6247.45,8223.333087,XRPUSDT,bybit
2026-05-28 23:10:00+00:00,1.3158,1.317,1.3158,1.3169,15806.3,20812.783493,XRPUSDT,bybit
2026-05-28 23:15:00+00:00,1.3169,1.3172,1.3162,1.3166,17530.69,23083.05784,XRPUSDT,bybit
2026-05-28 23:20:00+00:00,1.3166,1.3168,1.3157,1.3163,9769.58,12859.306288,XRPUSDT,bybit
2026-05-28 23:25:00+00:00,1.3163,1.3185,1.3163,1.3178,23132.22,30478.10527,XRPUSDT,bybit
2026-05-28 23:30:00+00:00,1.3178,1.3178,1.3162,1.3162,32930.83,43371.191752,XRPUSDT,bybit
2026-05-28 23:35:00+00:00,1.3162,1.3167,1.316,1.316,14265.72,18779.226844,XRPUSDT,bybit
2026-05-28 23:40:00+00:00,1.316,1.3163,1.3146,1.3163,33772.1,44426.578556,XRPUSDT,bybit
2026-05-28 23:45:00+00:00,1.3163,1.3163,1.3138,1.3145,21659.68,28475.39669,XRPUSDT,bybit
2026-05-28 23:50:00+00:00,1.3145,1.3154,1.3145,1.3149,28469.79,37435.140748,XRPUSDT,bybit
2026-05-28 23:55:00+00:00,1.3149,1.316,1.3148,1.3156,24986.14,32868.646514,XRPUSDT,bybit
2026-05-29 00:00:00+00:00,1.3156,1.3184,1.3155,1.3176,28682.99,37791.013034,XRPUSDT,bybit
2026-05-29 00:05:00+00:00,1.3176,1.3186,1.3172,1.3184,27294.86,35966.588799,XRPUSDT,bybit
2026-05-29 00:10:00+00:00,1.3184,1.3201,1.3184,1.3201,37806.83,49890.474501,XRPUSDT,bybit
2026-05-29 00:15:00+00:00,1.3201,1.3203,1.3184,1.3196,22036.45,29078.731708,XRPUSDT,bybit
2026-05-29 00:20:00+00:00,1.3196,1.3198,1.3183,1.3196,7066.95,9323.728716,XRPUSDT,bybit
2026-05-29 00:25:00+00:00,1.3196,1.3197,1.3176,1.3177,12385.34,16328.873205,XRPUSDT,bybit
2026-05-29 00:30:00+00:00,1.3177,1.3177,1.3163,1.3172,31722.96,41779.189524,XRPUSDT,bybit
2026-05-29 00:35:00+00:00,1.3172,1.318,1.3168,1.317,16660.27,21946.988524,XRPUSDT,bybit
2026-05-29 00:40:00+00:00,1.317,1.3172,1.3159,1.3169,29955.0,39444.086546,XRPUSDT,bybit
2026-05-29 00:45:00+00:00,1.3169,1.3169,1.3156,1.3161,47914.17,63058.661131,XRPUSDT,bybit
2026-05-29 00:50:00+00:00,1.3161,1.3172,1.3146,1.3146,34937.14,45970.787803,XRPUSDT,bybit
2026-05-29 00:55:00+00:00,1.3146,1.3153,1.3145,1.3151,19516.11,25659.538179,XRPUSDT,bybit
2026-05-29 01:00:00+00:00,1.3151,1.3168,1.3151,1.3163,16764.85,22064.71344,XRPUSDT,bybit
2026-05-29 01:05:00+00:00,1.3163,1.3174,1.3162,1.3167,4282.16,5638.226982,XRPUSDT,bybit
2026-05-29 01:10:00+00:00,1.3167,1.3167,1.3145,1.3147,22468.11,29546.215477,XRPUSDT,bybit
2026-05-29 01:15:00+00:00,1.3147,1.3148,1.3121,1.3122,133724.28,175585.674713,XRPUSDT,bybit
2026-05-29 01:20:00+00:00,1.3122,1.3122,1.3091,1.3108,88112.99,115449.921004,XRPUSDT,bybit
2026-05-29 01:25:00+00:00,1.3108,1.311,1.3093,1.3103,28632.21,37518.705786,XRPUSDT,bybit
2026-05-29 01:30:00+00:00,1.3103,1.3103,1.3092,1.31,67964.27,89026.568867,XRPUSDT,bybit
2026-05-29 01:35:00+00:00,1.31,1.31,1.3082,1.3088,46703.25,61132.455312,XRPUSDT,bybit
2026-05-29 01:40:00+00:00,1.3088,1.3101,1.3088,1.3097,31402.77,41127.47892,XRPUSDT,bybit
2026-05-29 01:45:00+00:00,1.3097,1.3107,1.3086,1.3086,74221.44,97218.797873,XRPUSDT,bybit
2026-05-29 01:50:00+00:00,1.3086,1.3106,1.3086,1.3106,15900.11,20818.42907,XRPUSDT,bybit
2026-05-29 01:55:00+00:00,1.3106,1.3114,1.31,1.3104,30511.13,39990.604803,XRPUSDT,bybit
2026-05-29 02:00:00+00:00,1.3104,1.3113,1.3093,1.3106,42147.53,55230.317979,XRPUSDT,bybit
2026-05-29 02:05:00+00:00,1.3106,1.3112,1.3096,1.3105,34927.3,45771.521498,XRPUSDT,bybit
2026-05-29 02:10:00+00:00,1.3105,1.3108,1.31,1.3105,9276.16,12154.489186,XRPUSDT,bybit
2026-05-29 02:15:00+00:00,1.3105,1.3112,1.3096,1.3105,17953.88,23523.397787,XRPUSDT,bybit
2026-05-29 02:20:00+00:00,1.3105,1.3109,1.3081,1.3082,15623.21,20453.920022,XRPUSDT,bybit
2026-05-29 02:25:00+00:00,1.3082,1.3089,1.3075,1.3081,71596.1,93660.87263,XRPUSDT,bybit
2026-05-29 02:30:00+00:00,1.3081,1.3113,1.3069,1.3109,68333.39,89452.393992,XRPUSDT,bybit
2026-05-29 02:35:00+00:00,1.3109,1.3114,1.3103,1.3111,27188.8,35646.412792,XRPUSDT,bybit
2026-05-29 02:40:00+00:00,1.3111,1.3116,1.3073,1.3081,72168.06,94504.506865,XRPUSDT,bybit
2026-05-29 02:45:00+00:00,1.3081,1.3089,1.308,1.3085,19023.7,24889.418431,XRPUSDT,bybit
2026-05-29 02:50:00+00:00,1.3085,1.3085,1.3039,1.3043,49741.94,64950.896235,XRPUSDT,bybit
2026-05-29 02:55:00+00:00,1.3043,1.3049,1.304,1.3042,112135.33,146258.798102,XRPUSDT,bybit
2026-05-29 03:00:00+00:00,1.3042,1.306,1.3042,1.306,38874.4,50742.050319,XRPUSDT,bybit
2026-05-29 03:05:00+00:00,1.306,1.3118,1.306,1.3115,79542.74,104119.315273,XRPUSDT,bybit
2026-05-29 03:10:00+00:00,1.3115,1.3121,1.311,1.3114,26439.24,34675.001915,XRPUSDT,bybit
2026-05-29 03:15:00+00:00,1.3114,1.3115,1.3098,1.3111,49725.84,65173.897279,XRPUSDT,bybit
2026-05-29 03:20:00+00:00,1.3111,1.3113,1.3095,1.3098,23993.4,31439.559817,XRPUSDT,bybit
2026-05-29 03:25:00+00:00,1.3098,1.3114,1.3097,1.3112,15417.89,20209.347514,XRPUSDT,bybit
2026-05-29 03:30:00+00:00,1.3112,1.3134,1.3108,1.3133,34616.6,45410.763022,XRPUSDT,bybit
2026-05-29 03:35:00+00:00,1.3133,1.3133,1.3112,1.3114,41935.39,55023.495838,XRPUSDT,bybit
2026-05-29 03:40:00+00:00,1.3114,1.3127,1.3114,1.3124,25420.53,33358.362727,XRPUSDT,bybit
2026-05-29 03:45:00+00:00,1.3124,1.3126,1.3118,1.3124,13251.19,17388.266082,XRPUSDT,bybit
2026-05-29 03:50:00+00:00,1.3124,1.3148,1.3116,1.3126,60628.75,79627.260883,XRPUSDT,bybit
2026-05-29 03:55:00+00:00,1.3126,1.3133,1.3119,1.3122,36472.75,47865.605497,XRPUSDT,bybit
2026-05-29 04:00:00+00:00,1.3122,1.3129,1.3112,1.3114,19917.16,26126.564362,XRPUSDT,bybit
2026-05-29 04:05:00+00:00,1.3114,1.3114,1.3062,1.3062,46465.57,60802.708556,XRPUSDT,bybit
2026-05-29 04:10:00+00:00,1.3062,1.3068,1.304,1.3056,371531.76,484891.100496,XRPUSDT,bybit
2026-05-29 04:15:00+00:00,1.3056,1.3075,1.3054,1.3059,66177.75,86455.399913,XRPUSDT,bybit
2026-05-29 04:20:00+00:00,1.3059,1.3079,1.3051,1.3075,34323.06,44838.987572,XRPUSDT,bybit
2026-05-29 04:25:00+00:00,1.3075,1.3089,1.307,1.3081,33581.28,43927.743925,XRPUSDT,bybit
2026-05-29 04:30:00+00:00,1.3081,1.3095,1.3073,1.3087,55703.47,72889.545766,XRPUSDT,bybit
2026-05-29 04:35:00+00:00,1.3087,1.3102,1.3086,1.3086,34827.86,45616.083279,XRPUSDT,bybit
2026-05-29 04:40:00+00:00,1.3086,1.309,1.3082,1.309,13131.42,17184.832483,XRPUSDT,bybit
2026-05-29 04:45:00+00:00,1.309,1.3112,1.3089,1.3097,35282.67,46220.332228,XRPUSDT,bybit
2026-05-29 04:50:00+00:00,1.3097,1.3098,1.3087,1.3089,19696.5,25788.75918,XRPUSDT,bybit
2026-05-29 04:55:00+00:00,1.3089,1.3111,1.3085,1.3107,20401.58,26726.34102,XRPUSDT,bybit
2026-05-29 05:00:00+00:00,1.3107,1.3125,1.3099,1.3117,118999.34,156087.051939,XRPUSDT,bybit
2026-05-29 05:05:00+00:00,1.3117,1.3133,1.3111,1.3131,36012.19,47238.866489,XRPUSDT,bybit
2026-05-29 05:10:00+00:00,1.3131,1.315,1.3131,1.3139,48718.2,64020.542795,XRPUSDT,bybit
2026-05-29 05:15:00+00:00,1.3139,1.3143,1.3115,1.3125,55520.34,72880.196248,XRPUSDT,bybit
2026-05-29 05:20:00+00:00,1.3125,1.3125,1.3109,1.3113,12741.58,16707.691335,XRPUSDT,bybit
2026-05-29 05:25:00+00:00,1.3113,1.3125,1.3112,1.3114,37738.23,49507.315426,XRPUSDT,bybit
2026-05-29 05:30:00+00:00,1.3114,1.3114,1.3098,1.3106,26302.13,34476.416306,XRPUSDT,bybit
2026-05-29 05:35:00+00:00,1.3106,1.3106,1.3088,1.3099,83696.59,109585.048791,XRPUSDT,bybit
2026-05-29 05:40:00+00:00,1.3099,1.3112,1.3089,1.3109,39621.44,51919.998704,XRPUSDT,bybit
2026-05-29 05:45:00+00:00,1.3109,1.3143,1.3106,1.3143,134994.75,177267.540053,XRPUSDT,bybit
2026-05-29 05:50:00+00:00,1.3143,1.3146,1.3136,1.3137,112054.24,147246.48195,XRPUSDT,bybit
2026-05-29 05:55:00+00:00,1.3137,1.3156,1.3131,1.3151,79654.33,104663.49899,XRPUSDT,bybit
2026-05-29 06:00:00+00:00,1.3151,1.3183,1.3149,1.3182,60244.64,79323.634002,XRPUSDT,bybit
2026-05-29 06:05:00+00:00,1.3182,1.3195,1.3171,1.3187,192327.8,253595.325365,XRPUSDT,bybit
2026-05-29 06:10:00+00:00,1.3187,1.3187,1.3165,1.3171,54828.64,72253.561468,XRPUSDT,bybit
2026-05-29 06:15:00+00:00,1.3171,1.3181,1.3166,1.3176,22054.96,29053.086261,XRPUSDT,bybit
2026-05-29 06:20:00+00:00,1.3176,1.3211,1.3174,1.3186,112330.16,148222.179811,XRPUSDT,bybit
2026-05-29 06:25:00+00:00,1.3186,1.3188,1.3163,1.3169,43264.16,56991.152751,XRPUSDT,bybit
2026-05-29 06:30:00+00:00,1.3169,1.3169,1.3157,1.3157,13413.3,17656.101491,XRPUSDT,bybit
2026-05-29 06:35:00+00:00,1.3157,1.3159,1.3143,1.3154,19550.34,25707.288143,XRPUSDT,bybit
2026-05-29 06:40:00+00:00,1.3154,1.3173,1.3153,1.3172,31054.39,40884.895099,XRPUSDT,bybit
2026-05-29 06:45:00+00:00,1.3172,1.3178,1.3168,1.3168,23777.57,31322.916632,XRPUSDT,bybit
2026-05-29 06:50:00+00:00,1.3168,1.3174,1.3155,1.3162,37502.24,49367.606623,XRPUSDT,bybit
2026-05-29 06:55:00+00:00,1.3162,1.3167,1.3156,1.3162,9335.49,12286.370727,XRPUSDT,bybit
2026-05-29 07:00:00+00:00,1.3162,1.3181,1.3157,1.3168,122804.9,161778.215087,XRPUSDT,bybit
2026-05-29 07:05:00+00:00,1.3168,1.3172,1.3161,1.3165,19083.84,25129.275625,XRPUSDT,bybit
2026-05-29 07:10:00+00:00,1.3165,1.3179,1.3165,1.3177,46711.89,61533.53857,XRPUSDT,bybit
2026-05-29 07:15:00+00:00,1.3177,1.3189,1.3174,1.3176,28169.27,37126.690757,XRPUSDT,bybit
2026-05-29 07:20:00+00:00,1.3176,1.3193,1.3176,1.3189,20476.69,27001.920482,XRPUSDT,bybit
2026-05-29 07:25:00+00:00,1.3189,1.3192,1.3181,1.3192,21074.61,27789.307397,XRPUSDT,bybit
2026-05-29 07:30:00+00:00,1.3192,1.3192,1.3143,1.3157,78832.95,103733.842181,XRPUSDT,bybit
2026-05-29 07:35:00+00:00,1.3157,1.3157,1.3123,1.3124,68631.49,90149.987846,XRPUSDT,bybit
2026-05-29 07:40:00+00:00,1.3124,1.3125,1.3101,1.3114,136628.54,179125.215322,XRPUSDT,bybit
2026-05-29 07:45:00+00:00,1.3114,1.3131,1.3106,1.313,50515.03,66297.106798,XRPUSDT,bybit
2026-05-29 07:50:00+00:00,1.313,1.3141,1.313,1.3137,50984.8,66977.082739,XRPUSDT,bybit
2026-05-29 07:55:00+00:00,1.3137,1.3173,1.3137,1.3168,58740.2,77283.070572,XRPUSDT,bybit
2026-05-29 08:00:00+00:00,1.3168,1.322,1.3164,1.32,103122.69,136156.738777,XRPUSDT,bybit
2026-05-29 08:05:00+00:00,1.32,1.3201,1.3181,1.3197,52989.4,69901.426433,XRPUSDT,bybit
2026-05-29 08:10:00+00:00,1.3197,1.3203,1.3183,1.3193,29497.34,38902.279881,XRPUSDT,bybit
2026-05-29 08:15:00+00:00,1.3193,1.3195,1.3175,1.318,56374.44,74310.269458,XRPUSDT,bybit
2026-05-29 08:20:00+00:00,1.318,1.3215,1.3178,1.3202,75741.62,99984.538647,XRPUSDT,bybit
2026-05-29 08:25:00+00:00,1.3202,1.3236,1.3202,1.3209,259690.14,343262.336697,XRPUSDT,bybit
2026-05-29 08:30:00+00:00,1.3209,1.3218,1.3195,1.3217,65974.88,87125.246222,XRPUSDT,bybit
2026-05-29 08:35:00+00:00,1.3217,1.3217,1.3204,1.3214,121972.78,161114.663203,XRPUSDT,bybit
2026-05-29 08:40:00+00:00,1.3214,1.3235,1.3214,1.3226,152746.51,202017.575604,XRPUSDT,bybit
2026-05-29 08:45:00+00:00,1.3226,1.3228,1.321,1.3217,29789.8,39380.717843,XRPUSDT,bybit
2026-05-29 08:50:00+00:00,1.3217,1.3223,1.3208,1.3218,53241.78,70356.344665,XRPUSDT,bybit
2026-05-29 08:55:00+00:00,1.3218,1.3218,1.3196,1.3212,74421.34,98249.587305,XRPUSDT,bybit
2026-05-29 09:00:00+00:00,1.3212,1.3222,1.3211,1.3211,35565.59,47000.443766,XRPUSDT,bybit
2026-05-29 09:05:00+00:00,1.3211,1.322,1.3203,1.3209,185871.67,245635.89633,XRPUSDT,bybit
2026-05-29 09:10:00+00:00,1.3209,1.3223,1.3209,1.3214,42321.3,55937.85225,XRPUSDT,bybit
2026-05-29 09:15:00+00:00,1.3214,1.3258,1.3212,1.3249,108437.5,143620.699549,XRPUSDT,bybit
2026-05-29 09:20:00+00:00,1.3249,1.3251,1.3228,1.3251,115263.45,152623.799666,XRPUSDT,bybit
2026-05-29 09:25:00+00:00,1.3251,1.3273,1.3249,1.3273,89010.76,117999.10581,XRPUSDT,bybit
2026-05-29 09:30:00+00:00,1.3273,1.3275,1.326,1.327,63824.3,84695.483857,XRPUSDT,bybit
2026-05-29 09:35:00+00:00,1.327,1.3274,1.3262,1.3268,84840.92,112537.094454,XRPUSDT,bybit
2026-05-29 09:40:00+00:00,1.3268,1.3275,1.3262,1.327,51460.92,68278.569172,XRPUSDT,bybit
2026-05-29 09:45:00+00:00,1.327,1.327,1.3244,1.3247,107876.15,142965.872248,XRPUSDT,bybit
2026-05-29 09:50:00+00:00,1.3247,1.3247,1.3235,1.3242,43316.33,57351.375396,XRPUSDT,bybit
2026-05-29 09:55:00+00:00,1.3242,1.3242,1.3227,1.3236,93183.16,123312.589529,XRPUSDT,bybit
2026-05-29 10:00:00+00:00,1.3236,1.3237,1.3218,1.3222,52414.84,69311.723577,XRPUSDT,bybit
2026-05-29 10:05:00+00:00,1.3222,1.3233,1.321,1.321,100476.59,132859.619955,XRPUSDT,bybit
2026-05-29 10:10:00+00:00,1.321,1.3219,1.321,1.3213,35316.68,46665.69956,XRPUSDT,bybit
2026-05-29 10:15:00+00:00,1.3213,1.3223,1.3202,1.3204,219269.48,289655.926602,XRPUSDT,bybit
2026-05-29 10:20:00+00:00,1.3204,1.3208,1.3199,1.3206,40415.65,53366.492468,XRPUSDT,bybit
2026-05-29 10:25:00+00:00,1.3206,1.3206,1.3194,1.3206,23505.56,31025.858684,XRPUSDT,bybit
2026-05-29 10:30:00+00:00,1.3206,1.3206,1.3184,1.3188,48794.43,64361.74845,XRPUSDT,bybit
2026-05-29 10:35:00+00:00,1.3188,1.3209,1.3187,1.3199,56622.4,74738.054556,XRPUSDT,bybit
2026-05-29 10:40:00+00:00,1.3199,1.3199,1.3182,1.3184,62051.22,81823.12671,XRPUSDT,bybit
2026-05-29 10:45:00+00:00,1.3184,1.3193,1.3173,1.3193,39644.31,52247.918117,XRPUSDT,bybit
2026-05-29 10:50:00+00:00,1.3193,1.3194,1.3183,1.3188,14723.21,19417.155604,XRPUSDT,bybit
2026-05-29 10:55:00+00:00,1.3188,1.32,1.3187,1.3187,22258.48,29368.522077,XRPUSDT,bybit
2026-05-29 11:00:00+00:00,1.3187,1.3189,1.3173,1.3175,96325.2,126958.43475,XRPUSDT,bybit
2026-05-29 11:05:00+00:00,1.3175,1.3184,1.3168,1.3169,41750.54,55017.382965,XRPUSDT,bybit
2026-05-29 11:10:00+00:00,1.3169,1.3183,1.3168,1.3173,146430.92,192889.154875,XRPUSDT,bybit
2026-05-29 11:15:00+00:00,1.3173,1.3177,1.3161,1.3168,64386.59,84789.301082,XRPUSDT,bybit
2026-05-29 11:20:00+00:00,1.3168,1.3173,1.3159,1.317,93351.71,122909.835924,XRPUSDT,bybit
2026-05-29 11:25:00+00:00,1.317,1.3171,1.3139,1.3157,243405.91,320096.296741,XRPUSDT,bybit
2026-05-29 11:30:00+00:00,1.3157,1.3164,1.3147,1.3161,56607.6,74473.647702,XRPUSDT,bybit
2026-05-29 11:35:00+00:00,1.3161,1.3161,1.3118,1.3123,218793.75,287333.41554,XRPUSDT,bybit
2026-05-29 11:40:00+00:00,1.3123,1.3127,1.3114,1.3118,217112.42,284845.972516,XRPUSDT,bybit
2026-05-29 11:45:00+00:00,1.3118,1.312,1.3092,1.3094,111015.33,145458.693896,XRPUSDT,bybit
2026-05-29 11:50:00+00:00,1.3094,1.3104,1.3072,1.3101,362764.99,474731.491256,XRPUSDT,bybit
2026-05-29 11:55:00+00:00,1.3101,1.3116,1.3097,1.3115,18029.99,23634.130338,XRPUSDT,bybit
2026-05-29 12:00:00+00:00,1.3115,1.3122,1.31,1.3108,56715.37,74363.846013,XRPUSDT,bybit
2026-05-29 12:05:00+00:00,1.3108,1.3108,1.3082,1.3094,40363.99,52862.074897,XRPUSDT,bybit
2026-05-29 12:10:00+00:00,1.3094,1.3103,1.3085,1.3091,129940.44,170154.052915,XRPUSDT,bybit
2026-05-29 12:15:00+00:00,1.3091,1.3101,1.3076,1.3096,129368.61,169370.800678,XRPUSDT,bybit
2026-05-29 12:20:00+00:00,1.3096,1.3097,1.3079,1.3081,78341.47,102523.826945,XRPUSDT,bybit
2026-05-29 12:25:00+00:00,1.3081,1.3083,1.3069,1.3078,104173.34,136213.104587,XRPUSDT,bybit
2026-05-29 12:30:00+00:00,1.3078,1.3088,1.3043,1.3062,304505.68,397737.438334,XRPUSDT,bybit
2026-05-29 12:35:00+00:00,1.3062,1.3063,1.3046,1.3048,182744.65,238539.903704,XRPUSDT,bybit
2026-05-29 12:40:00+00:00,1.3048,1.3052,1.3035,1.305,224744.53,293183.28473,XRPUSDT,bybit
2026-05-29 12:45:00+00:00,1.305,1.3054,1.3027,1.3035,143028.22,186490.816206,XRPUSDT,bybit
2026-05-29 12:50:00+00:00,1.3035,1.3064,1.3035,1.306,110606.37,144394.725806,XRPUSDT,bybit
2026-05-29 12:55:00+00:00,1.306,1.3063,1.3045,1.3046,92500.2,120738.657303,XRPUSDT,bybit
2026-05-29 13:00:00+00:00,1.3046,1.305,1.3012,1.3023,268672.45,350032.603738,XRPUSDT,bybit
2026-05-29 13:05:00+00:00,1.3023,1.3029,1.3011,1.3021,278599.32,362678.363718,XRPUSDT,bybit
2026-05-29 13:10:00+00:00,1.3021,1.3026,1.3002,1.3026,157483.33,204936.024588,XRPUSDT,bybit
2026-05-29 13:15:00+00:00,1.3026,1.3033,1.3021,1.3029,23675.55,30842.112472,XRPUSDT,bybit
2026-05-29 13:20:00+00:00,1.3029,1.3035,1.3018,1.3024,46247.43,60233.019009,XRPUSDT,bybit
2026-05-29 13:25:00+00:00,1.3024,1.3039,1.3016,1.303,125791.3,163842.981665,XRPUSDT,bybit
2026-05-29 13:30:00+00:00,1.303,1.3031,1.2977,1.2983,402138.35,522548.83465,XRPUSDT,bybit
2026-05-29 13:35:00+00:00,1.2983,1.3051,1.298,1.3032,119877.55,156121.725595,XRPUSDT,bybit
2026-05-29 13:40:00+00:00,1.3032,1.3033,1.3007,1.3029,110057.49,143293.984444,XRPUSDT,bybit
2026-05-29 13:45:00+00:00,1.3029,1.3059,1.3025,1.3033,183508.73,239311.624313,XRPUSDT,bybit
2026-05-29 13:50:00+00:00,1.3033,1.3037,1.3009,1.3027,68771.23,89545.649043,XRPUSDT,bybit
2026-05-29 13:55:00+00:00,1.3027,1.3052,1.3027,1.3028,108080.38,140950.936283,XRPUSDT,bybit
2026-05-29 14:00:00+00:00,1.3028,1.3066,1.3028,1.3066,138129.78,180250.330282,XRPUSDT,bybit
2026-05-29 14:05:00+00:00,1.3066,1.3067,1.3018,1.3035,231709.02,302182.200878,XRPUSDT,bybit
2026-05-29 14:10:00+00:00,1.3035,1.3062,1.3027,1.3062,208790.39,272334.767468,XRPUSDT,bybit
2026-05-29 14:15:00+00:00,1.3062,1.3078,1.3013,1.3023,307798.51,401455.281224,XRPUSDT,bybit
2026-05-29 14:20:00+00:00,1.3023,1.3038,1.2996,1.2999,171230.44,222886.158303,XRPUSDT,bybit
2026-05-29 14:25:00+00:00,1.2999,1.304,1.2951,1.3037,419876.28,545758.386485,XRPUSDT,bybit
2026-05-29 14:30:00+00:00,1.3037,1.3044,1.3011,1.3034,158253.96,206136.62604,XRPUSDT,bybit
2026-05-29 14:35:00+00:00,1.3034,1.3038,1.298,1.2981,163349.03,212386.930732,XRPUSDT,bybit
2026-05-29 14:40:00+00:00,1.2981,1.3003,1.2956,1.2957,107592.0,139616.010994,XRPUSDT,bybit
2026-05-29 14:45:00+00:00,1.2957,1.3024,1.2946,1.3007,230337.11,299013.488464,XRPUSDT,bybit
2026-05-29 14:50:00+00:00,1.3007,1.3087,1.3005,1.3048,963798.62,1258291.289019,XRPUSDT,bybit
2026-05-29 14:55:00+00:00,1.3048,1.3079,1.3045,1.3079,191032.14,249482.996397,XRPUSDT,bybit
2026-05-29 15:00:00+00:00,1.3079,1.3104,1.305,1.3103,361517.2,472552.950183,XRPUSDT,bybit
2026-05-29 15:05:00+00:00,1.3103,1.3176,1.3097,1.317,234361.85,307827.545177,XRPUSDT,bybit
2026-05-29 15:10:00+00:00,1.317,1.3193,1.3166,1.3173,298094.35,392928.614761,XRPUSDT,bybit
2026-05-29 15:15:00+00:00,1.3173,1.3192,1.3148,1.3186,261941.87,344979.112638,XRPUSDT,bybit
2026-05-29 15:20:00+00:00,1.3186,1.3186,1.3164,1.3172,77288.02,101797.895564,XRPUSDT,bybit
2026-05-29 15:25:00+00:00,1.3172,1.3239,1.315,1.3236,590236.65,779640.005754,XRPUSDT,bybit
2026-05-29 15:30:00+00:00,1.3236,1.3303,1.3232,1.3296,450219.83,597994.77375,XRPUSDT,bybit
2026-05-29 15:35:00+00:00,1.3296,1.3337,1.3293,1.3309,274537.73,365567.17863,XRPUSDT,bybit
2026-05-29 15:40:00+00:00,1.3309,1.3327,1.3224,1.3231,319898.97,424457.458053,XRPUSDT,bybit
2026-05-29 15:45:00+00:00,1.3231,1.3243,1.3213,1.324,175740.22,232472.465656,XRPUSDT,bybit
2026-05-29 15:50:00+00:00,1.324,1.3241,1.3199,1.3202,86144.4,113820.620637,XRPUSDT,bybit
2026-05-29 15:55:00+00:00,1.3202,1.3231,1.3202,1.3227,73233.24,96783.693313,XRPUSDT,bybit
2026-05-29 16:00:00+00:00,1.3227,1.3241,1.3215,1.323,91405.54,120890.995513,XRPUSDT,bybit
2026-05-29 16:05:00+00:00,1.323,1.3245,1.3223,1.324,169675.06,224560.66872,XRPUSDT,bybit
2026-05-29 16:10:00+00:00,1.324,1.3258,1.3231,1.3246,82800.48,109646.241727,XRPUSDT,bybit
2026-05-29 16:15:00+00:00,1.3246,1.3256,1.3202,1.3202,136434.45,180426.690452,XRPUSDT,bybit
2026-05-29 16:20:00+00:00,1.3202,1.321,1.3172,1.3174,86056.92,113561.848799,XRPUSDT,bybit
2026-05-29 16:25:00+00:00,1.3174,1.3186,1.3165,1.3177,124667.36,164236.882747,XRPUSDT,bybit
2026-05-29 16:30:00+00:00,1.3177,1.328,1.3174,1.3278,526613.41,696980.870613,XRPUSDT,bybit
2026-05-29 16:35:00+00:00,1.3278,1.329,1.3254,1.3271,126019.4,167275.530063,XRPUSDT,bybit
2026-05-29 16:40:00+00:00,1.3271,1.3298,1.3259,1.3274,181965.51,241495.205269,XRPUSDT,bybit
2026-05-29 16:45:00+00:00,1.3274,1.3316,1.3256,1.3282,483030.74,642030.583256,XRPUSDT,bybit
2026-05-29 16:50:00+00:00,1.3282,1.329,1.3249,1.3283,117751.08,156248.667449,XRPUSDT,bybit
2026-05-29 16:55:00+00:00,1.3283,1.3286,1.3258,1.3272,243952.47,323780.836472,XRPUSDT,bybit
2026-05-29 17:00:00+00:00,1.3272,1.3282,1.3251,1.3254,99129.85,131480.647862,XRPUSDT,bybit
2026-05-29 17:05:00+00:00,1.3254,1.3275,1.3243,1.3274,55669.67,73796.667151,XRPUSDT,bybit
2026-05-29 17:10:00+00:00,1.3274,1.3306,1.3273,1.33,124602.27,165593.69235,XRPUSDT,bybit
2026-05-29 17:15:00+00:00,1.33,1.3328,1.3291,1.3316,239163.49,318280.268414,XRPUSDT,bybit
2026-05-29 17:20:00+00:00,1.3316,1.3331,1.3295,1.3317,217790.43,289977.030603,XRPUSDT,bybit
2026-05-29 17:25:00+00:00,1.3317,1.3317,1.3288,1.3301,35000.43,46566.222333,XRPUSDT,bybit
2026-05-29 17:30:00+00:00,1.3301,1.3322,1.3301,1.3312,358042.29,476658.409639,XRPUSDT,bybit
2026-05-29 17:35:00+00:00,1.3312,1.3322,1.3293,1.3317,59567.61,79252.327776,XRPUSDT,bybit
2026-05-29 17:40:00+00:00,1.3317,1.3318,1.3291,1.3291,72605.23,96625.432017,XRPUSDT,bybit
2026-05-29 17:45:00+00:00,1.3291,1.3294,1.3267,1.3268,32591.57,43289.821273,XRPUSDT,bybit
2026-05-29 17:50:00+00:00,1.3268,1.3268,1.3246,1.3248,175078.75,232102.430417,XRPUSDT,bybit
2026-05-29 17:55:00+00:00,1.3248,1.3255,1.3236,1.3254,37011.71,49012.398434,XRPUSDT,bybit
2026-05-29 18:00:00+00:00,1.3254,1.3265,1.3235,1.3262,98295.68,130212.057314,XRPUSDT,bybit
2026-05-29 18:05:00+00:00,1.3262,1.3285,1.3255,1.3285,60283.38,80007.183703,XRPUSDT,bybit
2026-05-29 18:10:00+00:00,1.3285,1.3302,1.3285,1.3286,51244.44,68129.43869,XRPUSDT,bybit
2026-05-29 18:15:00+00:00,1.3286,1.3289,1.3254,1.3257,78803.88,104547.320125,XRPUSDT,bybit
2026-05-29 18:20:00+00:00,1.3257,1.3267,1.3249,1.3254,21253.03,28175.193288,XRPUSDT,bybit
2026-05-29 18:25:00+00:00,1.3254,1.3259,1.3237,1.3249,131140.32,173730.394478,XRPUSDT,bybit
2026-05-29 18:30:00+00:00,1.3249,1.3263,1.3248,1.3262,12755.71,16912.579391,XRPUSDT,bybit
2026-05-29 18:35:00+00:00,1.3262,1.3277,1.3249,1.3277,18640.52,24720.111785,XRPUSDT,bybit
2026-05-29 18:40:00+00:00,1.3277,1.3277,1.3265,1.3268,22420.54,29746.635603,XRPUSDT,bybit
2026-05-29 18:45:00+00:00,1.3268,1.3268,1.3217,1.3223,65243.88,86360.502365,XRPUSDT,bybit
2026-05-29 18:50:00+00:00,1.3223,1.3238,1.3156,1.3195,369672.92,487332.267033,XRPUSDT,bybit
2026-05-29 18:55:00+00:00,1.3195,1.3197,1.318,1.3188,49794.22,65663.564965,XRPUSDT,bybit
2026-05-29 19:00:00+00:00,1.3188,1.3194,1.3164,1.3187,47933.06,63180.159344,XRPUSDT,bybit
2026-05-29 19:05:00+00:00,1.3187,1.3201,1.3184,1.3186,32614.01,43015.569002,XRPUSDT,bybit
2026-05-29 19:10:00+00:00,1.3186,1.3191,1.315,1.3155,116858.88,153861.027711,XRPUSDT,bybit
2026-05-29 19:15:00+00:00,1.3155,1.3155,1.311,1.3118,151248.93,198603.76132,XRPUSDT,bybit
2026-05-29 19:20:00+00:00,1.3118,1.314,1.3118,1.314,66453.74,87215.891005,XRPUSDT,bybit
2026-05-29 19:25:00+00:00,1.314,1.3145,1.3136,1.3144,11379.51,14954.241505,XRPUSDT,bybit
2026-05-29 19:30:00+00:00,1.3144,1.3194,1.3144,1.3187,40673.52,53590.939391,XRPUSDT,bybit
2026-05-29 19:35:00+00:00,1.3187,1.3222,1.3187,1.3217,39040.7,51560.100998,XRPUSDT,bybit
2026-05-29 19:40:00+00:00,1.3217,1.3233,1.3217,1.3229,48583.77,64253.883987,XRPUSDT,bybit
2026-05-29 19:45:00+00:00,1.3229,1.3235,1.3218,1.3225,24804.98,32810.418975,XRPUSDT,bybit
2026-05-29 19:50:00+00:00,1.3225,1.3226,1.3197,1.3209,136889.88,180804.162923,XRPUSDT,bybit
2026-05-29 19:55:00+00:00,1.3209,1.3218,1.3204,1.321,56563.81,74726.483302,XRPUSDT,bybit
2026-05-29 20:00:00+00:00,1.321,1.3217,1.3203,1.3214,31886.31,42125.008382,XRPUSDT,bybit
2026-05-29 20:05:00+00:00,1.3214,1.3234,1.3211,1.3234,29143.14,38532.140023,XRPUSDT,bybit
2026-05-29 20:10:00+00:00,1.3234,1.3236,1.3223,1.3226,14660.26,19393.488384,XRPUSDT,bybit
2026-05-29 20:15:00+00:00,1.3226,1.3226,1.3205,1.3212,43864.28,57959.175307,XRPUSDT,bybit
2026-05-29 20:20:00+00:00,1.3212,1.3239,1.3212,1.3239,21757.71,28775.380119,XRPUSDT,bybit
2026-05-29 20:25:00+00:00,1.3239,1.3242,1.3222,1.3227,36056.68,47716.010818,XRPUSDT,bybit
2026-05-29 20:30:00+00:00,1.3227,1.324,1.3227,1.3236,17801.72,23564.608275,XRPUSDT,bybit
2026-05-29 20:35:00+00:00,1.3236,1.3243,1.3232,1.3236,8827.61,11686.375484,XRPUSDT,bybit
2026-05-29 20:40:00+00:00,1.3236,1.3241,1.3236,1.324,10897.4,14427.251126,XRPUSDT,bybit
2026-05-29 20:45:00+00:00,1.324,1.3254,1.3234,1.3234,13808.11,18291.789164,XRPUSDT,bybit
2026-05-29 20:50:00+00:00,1.3234,1.3236,1.3214,1.3217,28206.49,37304.88792,XRPUSDT,bybit
2026-05-29 20:55:00+00:00,1.3217,1.3232,1.3204,1.3227,34828.85,46034.261429,XRPUSDT,bybit
2026-05-29 21:00:00+00:00,1.3227,1.3237,1.3222,1.3235,20437.22,27039.575747,XRPUSDT,bybit
2026-05-29 21:05:00+00:00,1.3235,1.324,1.3225,1.3233,20654.53,27330.932473,XRPUSDT,bybit
2026-05-29 21:10:00+00:00,1.3233,1.3268,1.3233,1.326,46483.74,61617.423381,XRPUSDT,bybit
2026-05-29 21:15:00+00:00,1.326,1.326,1.3245,1.3247,7920.06,10494.448297,XRPUSDT,bybit
2026-05-29 21:20:00+00:00,1.3247,1.3247,1.3216,1.3226,117372.86,155268.670619,XRPUSDT,bybit
2026-05-29 21:25:00+00:00,1.3226,1.3229,1.3208,1.3208,28777.69,38048.132727,XRPUSDT,bybit
2026-05-29 21:30:00+00:00,1.3208,1.3211,1.3199,1.3199,160448.79,211843.759198,XRPUSDT,bybit
2026-05-29 21:35:00+00:00,1.3199,1.3206,1.3188,1.3206,39657.46,52338.235572,XRPUSDT,bybit
2026-05-29 21:40:00+00:00,1.3206,1.3225,1.3206,1.3217,33395.98,44142.401991,XRPUSDT,bybit
2026-05-29 21:45:00+00:00,1.3217,1.322,1.3188,1.3194,44774.46,59121.827565,XRPUSDT,bybit
2026-05-29 21:50:00+00:00,1.3194,1.3198,1.3171,1.3175,54036.21,71242.183319,XRPUSDT,bybit
2026-05-29 21:55:00+00:00,1.3175,1.3176,1.3162,1.3162,21123.32,27811.844821,XRPUSDT,bybit
2026-05-29 22:00:00+00:00,1.3162,1.3187,1.3162,1.3162,18881.82,24874.683819,XRPUSDT,bybit
2026-05-29 22:05:00+00:00,1.3162,1.3165,1.3145,1.3148,35660.4,46911.129549,XRPUSDT,bybit
2026-05-29 22:10:00+00:00,1.3148,1.3167,1.3146,1.3163,19591.04,25771.315343,XRPUSDT,bybit
2026-05-29 22:15:00+00:00,1.3163,1.3184,1.3162,1.3184,18188.53,23968.806105,XRPUSDT,bybit
2026-05-29 22:20:00+00:00,1.3184,1.3204,1.3183,1.3196,35112.27,46336.548536,XRPUSDT,bybit
2026-05-29 22:25:00+00:00,1.3196,1.3205,1.3196,1.32,13628.39,17989.780557,XRPUSDT,bybit
2026-05-29 22:30:00+00:00,1.32,1.3209,1.3199,1.3199,35261.58,46557.257042,XRPUSDT,bybit
2026-05-29 22:35:00+00:00,1.3199,1.3199,1.3186,1.3192,85255.19,112478.699845,XRPUSDT,bybit
2026-05-29 22:40:00+00:00,1.3192,1.3201,1.3192,1.3201,10750.52,14189.029167,XRPUSDT,bybit
2026-05-29 22:45:00+00:00,1.3201,1.3212,1.3198,1.32,47563.6,62813.818108,XRPUSDT,bybit
2026-05-29 22:50:00+00:00,1.32,1.32,1.3189,1.3195,31048.78,40961.456666,XRPUSDT,bybit
2026-05-29 22:55:00+00:00,1.3195,1.3212,1.3195,1.3208,15323.78,20233.237644,XRPUSDT,bybit
2026-05-29 23:00:00+00:00,1.3208,1.322,1.3199,1.322,36120.09,47717.293492,XRPUSDT,bybit
2026-05-29 23:05:00+00:00,1.322,1.3263,1.322,1.326,76574.24,101432.412415,XRPUSDT,bybit
2026-05-29 23:10:00+00:00,1.326,1.3264,1.3245,1.3249,67070.39,88915.364407,XRPUSDT,bybit
2026-05-29 23:15:00+00:00,1.3249,1.3272,1.3237,1.3243,51005.03,67616.196641,XRPUSDT,bybit
2026-05-29 23:20:00+00:00,1.3243,1.3251,1.3235,1.3251,11700.19,15493.754606,XRPUSDT,bybit
2026-05-29 23:25:00+00:00,1.3251,1.3262,1.324,1.3244,62704.34,83094.442655,XRPUSDT,bybit
2026-05-29 23:30:00+00:00,1.3244,1.3249,1.3236,1.3238,36186.7,47927.417791,XRPUSDT,bybit
2026-05-29 23:35:00+00:00,1.3238,1.3248,1.3228,1.3248,30391.21,40230.601215,XRPUSDT,bybit
2026-05-29 23:40:00+00:00,1.3248,1.326,1.3244,1.3259,21490.96,28479.892113,XRPUSDT,bybit
2026-05-29 23:45:00+00:00,1.3259,1.3267,1.3252,1.3266,33440.37,44339.134042,XRPUSDT,bybit
2026-05-29 23:50:00+00:00,1.3266,1.3313,1.3264,1.3302,91065.67,121051.401303,XRPUSDT,bybit
2026-05-29 23:55:00+00:00,1.3302,1.3304,1.3297,1.3298,18181.76,24182.922902,XRPUSDT,bybit
2026-05-30 00:00:00+00:00,1.3298,1.3317,1.3289,1.3298,175291.07,233282.589194,XRPUSDT,bybit
2026-05-30 00:05:00+00:00,1.3298,1.3302,1.3281,1.3293,87213.83,115938.810462,XRPUSDT,bybit
2026-05-30 00:10:00+00:00,1.3293,1.3319,1.3287,1.3317,34102.32,45373.64171,XRPUSDT,bybit
2026-05-30 00:15:00+00:00,1.3317,1.3395,1.3317,1.3348,268116.62,358236.033953,XRPUSDT,bybit
2026-05-30 00:20:00+00:00,1.3348,1.3362,1.3321,1.3327,82191.57,109657.234478,XRPUSDT,bybit
2026-05-30 00:25:00+00:00,1.3327,1.333,1.3314,1.3323,30597.8,40760.610522,XRPUSDT,bybit
2026-05-30 00:30:00+00:00,1.3323,1.3326,1.3303,1.3303,42618.29,56721.25674,XRPUSDT,bybit
2026-05-30 00:35:00+00:00,1.3303,1.3332,1.3301,1.3328,39183.81,52192.812988,XRPUSDT,bybit
2026-05-30 00:40:00+00:00,1.3328,1.3359,1.3321,1.3357,33103.36,44159.625137,XRPUSDT,bybit
2026-05-30 00:45:00+00:00,1.3357,1.3421,1.3357,1.3408,330229.87,442539.276165,XRPUSDT,bybit
2026-05-30 00:50:00+00:00,1.3408,1.3432,1.3398,1.3427,126651.14,169885.111055,XRPUSDT,bybit
2026-05-30 00:55:00+00:00,1.3427,1.3501,1.3418,1.3486,213052.42,286916.721129,XRPUSDT,bybit
2026-05-30 01:00:00+00:00,1.3486,1.3505,1.3442,1.3462,203925.02,274690.243052,XRPUSDT,bybit
2026-05-30 01:05:00+00:00,1.3462,1.3573,1.3461,1.3568,427013.23,577500.36991,XRPUSDT,bybit
2026-05-30 01:10:00+00:00,1.3568,1.3592,1.3548,1.3551,360130.65,488728.096229,XRPUSDT,bybit
2026-05-30 01:15:00+00:00,1.3551,1.3606,1.3541,1.3593,324991.16,441180.349971,XRPUSDT,bybit
2026-05-30 01:20:00+00:00,1.3593,1.3609,1.3572,1.3599,252800.75,343617.812713,XRPUSDT,bybit
2026-05-30 01:25:00+00:00,1.3599,1.3649,1.3585,1.3615,357180.37,486474.626848,XRPUSDT,bybit
2026-05-30 01:30:00+00:00,1.3615,1.3648,1.359,1.3643,374135.52,509684.616224,XRPUSDT,bybit
2026-05-30 01:35:00+00:00,1.3643,1.3662,1.362,1.3626,115593.8,157590.540046,XRPUSDT,bybit
2026-05-30 01:40:00+00:00,1.3626,1.3632,1.3593,1.3593,87253.46,118761.658762,XRPUSDT,bybit
2026-05-30 01:45:00+00:00,1.3593,1.3628,1.3584,1.361,139232.38,189394.114888,XRPUSDT,bybit
2026-05-30 01:50:00+00:00,1.361,1.3614,1.3555,1.357,138024.61,187498.346242,XRPUSDT,bybit
2026-05-30 01:55:00+00:00,1.357,1.3592,1.3565,1.3569,95218.05,129280.054447,XRPUSDT,bybit
2026-05-30 02:00:00+00:00,1.3569,1.361,1.3566,1.3596,235771.79,320360.697437,XRPUSDT,bybit
2026-05-30 02:05:00+00:00,1.3596,1.3596,1.358,1.3583,51966.88,70613.16683,XRPUSDT,bybit
2026-05-30 02:10:00+00:00,1.3583,1.3633,1.3582,1.3612,79816.89,108570.094475,XRPUSDT,bybit
2026-05-30 02:15:00+00:00,1.3612,1.3641,1.3596,1.3616,226352.04,308329.811382,XRPUSDT,bybit
2026-05-30 02:20:00+00:00,1.3616,1.3629,1.3588,1.3607,100854.88,137234.986063,XRPUSDT,bybit
2026-05-30 02:25:00+00:00,1.3607,1.3607,1.356,1.3561,282762.99,383907.102054,XRPUSDT,bybit
2026-05-30 02:30:00+00:00,1.3561,1.3593,1.3547,1.3589,190630.42,258543.254058,XRPUSDT,bybit
2026-05-30 02:35:00+00:00,1.3589,1.3603,1.3565,1.357,116400.91,158151.167751,XRPUSDT,bybit
2026-05-30 02:40:00+00:00,1.357,1.3604,1.3567,1.3581,115048.26,156362.470465,XRPUSDT,bybit
2026-05-30 02:45:00+00:00,1.3581,1.3583,1.3553,1.3556,70901.9,96192.41419,XRPUSDT,bybit
2026-05-30 02:50:00+00:00,1.3556,1.3601,1.3554,1.3599,188433.15,255793.002221,XRPUSDT,bybit
2026-05-30 02:55:00+00:00,1.3599,1.3622,1.3593,1.3599,141314.51,192309.978664,XRPUSDT,bybit
2026-05-30 03:00:00+00:00,1.3599,1.3626,1.3595,1.3615,419211.87,570522.640394,XRPUSDT,bybit
2026-05-30 03:05:00+00:00,1.3615,1.3617,1.3585,1.3608,104679.08,142394.416957,XRPUSDT,bybit
2026-05-30 03:10:00+00:00,1.3608,1.3608,1.3587,1.3601,40478.59,55038.357123,XRPUSDT,bybit
2026-05-30 03:15:00+00:00,1.3601,1.3604,1.356,1.3569,84926.34,115316.512073,XRPUSDT,bybit
2026-05-30 03:20:00+00:00,1.3569,1.3575,1.3554,1.3555,44380.24,60202.799287,XRPUSDT,bybit
2026-05-30 03:25:00+00:00,1.3555,1.3589,1.3555,1.3582,72081.63,97862.304492,XRPUSDT,bybit
2026-05-30 03:30:00+00:00,1.3582,1.3586,1.3557,1.3576,68302.94,92708.388603,XRPUSDT,bybit
2026-05-30 03:35:00+00:00,1.3576,1.3579,1.3541,1.3551,89382.83,121212.48444,XRPUSDT,bybit
2026-05-30 03:40:00+00:00,1.3551,1.3552,1.3527,1.3528,60302.14,81604.971774,XRPUSDT,bybit
2026-05-30 03:45:00+00:00,1.3528,1.3533,1.3514,1.3516,110431.14,149336.018076,XRPUSDT,bybit
2026-05-30 03:50:00+00:00,1.3516,1.3535,1.3514,1.3521,83595.67,113086.412144,XRPUSDT,bybit
2026-05-30 03:55:00+00:00,1.3521,1.3522,1.3502,1.3505,37193.41,50245.80033,XRPUSDT,bybit
2026-05-30 04:00:00+00:00,1.3505,1.353,1.3494,1.3494,90421.5,122253.913871,XRPUSDT,bybit
2026-05-30 04:05:00+00:00,1.3494,1.3498,1.3458,1.346,201022.93,271059.429854,XRPUSDT,bybit
2026-05-30 04:10:00+00:00,1.346,1.3499,1.346,1.3495,154874.81,208823.253793,XRPUSDT,bybit
2026-05-30 04:15:00+00:00,1.3495,1.3495,1.344,1.3451,181682.04,244436.393969,XRPUSDT,bybit
2026-05-30 04:20:00+00:00,1.3451,1.3454,1.3429,1.3435,63968.53,85972.524582,XRPUSDT,bybit
2026-05-30 04:25:00+00:00,1.3435,1.3436,1.3391,1.3391,179757.3,241031.09629,XRPUSDT,bybit
2026-05-30 04:30:00+00:00,1.3391,1.3409,1.3376,1.3381,109705.04,146925.349686,XRPUSDT,bybit
2026-05-30 04:35:00+00:00,1.3381,1.3403,1.3372,1.3397,87804.23,117552.444687,XRPUSDT,bybit
2026-05-30 04:40:00+00:00,1.3397,1.3406,1.3389,1.3405,73535.47,98509.727898,XRPUSDT,bybit
2026-05-30 04:45:00+00:00,1.3405,1.343,1.3392,1.3421,137974.72,185040.184064,XRPUSDT,bybit
2026-05-30 04:50:00+00:00,1.3421,1.3437,1.3421,1.3425,37683.19,50607.6806,XRPUSDT,bybit
2026-05-30 04:55:00+00:00,1.3425,1.3449,1.342,1.3439,53317.57,71633.861987,XRPUSDT,bybit
2026-05-30 05:00:00+00:00,1.3439,1.347,1.3422,1.3457,485347.2,652794.483673,XRPUSDT,bybit
2026-05-30 05:05:00+00:00,1.3457,1.3509,1.3457,1.3486,205549.41,277210.781191,XRPUSDT,bybit
2026-05-30 05:10:00+00:00,1.3486,1.3507,1.3481,1.3483,192947.56,260328.768121,XRPUSDT,bybit
2026-05-30 05:15:00+00:00,1.3483,1.3483,1.3464,1.3465,61411.06,82743.172331,XRPUSDT,bybit
2026-05-30 05:20:00+00:00,1.3465,1.3472,1.3452,1.3454,37471.48,50446.500835,XRPUSDT,bybit
2026-05-30 05:25:00+00:00,1.3454,1.3459,1.3436,1.3436,51961.88,69888.999501,XRPUSDT,bybit
2026-05-30 05:30:00+00:00,1.3436,1.3455,1.3436,1.345,64543.17,86779.987943,XRPUSDT,bybit
2026-05-30 05:35:00+00:00,1.345,1.3459,1.3445,1.3456,41539.96,55887.580744,XRPUSDT,bybit
2026-05-30 05:40:00+00:00,1.3456,1.3458,1.3444,1.3456,53690.47,72215.43411,XRPUSDT,bybit
2026-05-30 05:45:00+00:00,1.3456,1.348,1.3452,1.3472,19157.11,25805.813166,XRPUSDT,bybit
2026-05-30 05:50:00+00:00,1.3472,1.3477,1.3464,1.3477,12160.36,16378.269765,XRPUSDT,bybit
2026-05-30 05:55:00+00:00,1.3477,1.3489,1.3475,1.3489,25396.81,34245.855749,XRPUSDT,bybit
2026-05-30 06:00:00+00:00,1.3489,1.3495,1.3482,1.3487,25411.56,34278.900378,XRPUSDT,bybit
2026-05-30 06:05:00+00:00,1.3487,1.3487,1.3469,1.348,50592.42,68190.274253,XRPUSDT,bybit
2026-05-30 06:10:00+00:00,1.348,1.3485,1.3432,1.3446,238841.17,321552.150715,XRPUSDT,bybit
2026-05-30 06:15:00+00:00,1.3446,1.3457,1.3445,1.3447,50818.67,68343.879507,XRPUSDT,bybit
2026-05-30 06:20:00+00:00,1.3447,1.3458,1.3447,1.3456,49547.26,66671.494441,XRPUSDT,bybit
2026-05-30 06:25:00+00:00,1.3456,1.3466,1.345,1.3466,42621.39,57338.92721,XRPUSDT,bybit
2026-05-30 06:30:00+00:00,1.3466,1.3479,1.3453,1.3462,48295.63,65028.929649,XRPUSDT,bybit
2026-05-30 06:35:00+00:00,1.3462,1.3477,1.3453,1.3468,192725.06,259389.038348,XRPUSDT,bybit
2026-05-30 06:40:00+00:00,1.3468,1.3469,1.3461,1.3469,13305.29,17917.149014,XRPUSDT,bybit
2026-05-30 06:45:00+00:00,1.3469,1.347,1.345,1.3452,28282.43,38068.834886,XRPUSDT,bybit
2026-05-30 06:50:00+00:00,1.3452,1.3456,1.3446,1.3454,14567.39,19594.660518,XRPUSDT,bybit
2026-05-30 06:55:00+00:00,1.3454,1.3454,1.3443,1.3453,36913.7,49647.943698,XRPUSDT,bybit
2026-05-30 07:00:00+00:00,1.3453,1.3455,1.3438,1.3441,18615.47,25025.176638,XRPUSDT,bybit
2026-05-30 07:05:00+00:00,1.3441,1.3444,1.3432,1.3437,21870.94,29389.838929,XRPUSDT,bybit
2026-05-30 07:10:00+00:00,1.3437,1.3442,1.3435,1.3436,18466.48,24814.329186,XRPUSDT,bybit
2026-05-30 07:15:00+00:00,1.3436,1.3445,1.3425,1.3443,30854.22,41452.336317,XRPUSDT,bybit
2026-05-30 07:20:00+00:00,1.3443,1.3456,1.3442,1.3456,20047.9,26959.062056,XRPUSDT,bybit
2026-05-30 07:25:00+00:00,1.3456,1.346,1.3443,1.3444,6705.45,9017.27037,XRPUSDT,bybit
2026-05-30 07:30:00+00:00,1.3444,1.3454,1.3435,1.3444,26727.97,35931.625039,XRPUSDT,bybit
2026-05-30 07:35:00+00:00,1.3444,1.3444,1.3412,1.3414,58911.8,79079.133466,XRPUSDT,bybit
2026-05-30 07:40:00+00:00,1.3414,1.3414,1.3407,1.3407,26404.6,35409.969878,XRPUSDT,bybit
2026-05-30 07:45:00+00:00,1.3407,1.3411,1.3404,1.3409,41641.22,55831.947915,XRPUSDT,bybit
2026-05-30 07:50:00+00:00,1.3409,1.3413,1.3406,1.3413,8760.07,11746.708979,XRPUSDT,bybit
2026-05-30 07:55:00+00:00,1.3413,1.3428,1.3408,1.3428,26458.87,35508.713834,XRPUSDT,bybit
2026-05-30 08:00:00+00:00,1.3428,1.3429,1.3413,1.3419,329775.85,442535.743734,XRPUSDT,bybit
2026-05-30 08:05:00+00:00,1.3419,1.3419,1.3412,1.3416,25790.58,34596.724435,XRPUSDT,bybit
2026-05-30 08:10:00+00:00,1.3416,1.3421,1.3413,1.3421,8257.45,11077.973476,XRPUSDT,bybit
2026-05-30 08:15:00+00:00,1.3421,1.3421,1.3406,1.3409,64596.95,86627.648347,XRPUSDT,bybit
2026-05-30 08:20:00+00:00,1.3409,1.3425,1.3408,1.3425,25916.71,34767.316838,XRPUSDT,bybit
2026-05-30 08:25:00+00:00,1.3425,1.3426,1.3416,1.3421,6149.54,8252.924315,XRPUSDT,bybit
2026-05-30 08:30:00+00:00,1.3421,1.3422,1.3415,1.3415,7664.67,10286.578203,XRPUSDT,bybit
2026-05-30 08:35:00+00:00,1.3415,1.3417,1.3413,1.3415,12346.04,16562.840666,XRPUSDT,bybit
2026-05-30 08:40:00+00:00,1.3415,1.3415,1.3409,1.3414,2942.67,3947.100311,XRPUSDT,bybit
2026-05-30 08:45:00+00:00,1.3414,1.3415,1.3407,1.3415,41856.12,56136.772178,XRPUSDT,bybit
2026-05-30 08:50:00+00:00,1.3415,1.3424,1.3415,1.342,20744.56,27842.011013,XRPUSDT,bybit
2026-05-30 08:55:00+00:00,1.342,1.342,1.3406,1.3409,41968.39,56279.819979,XRPUSDT,bybit
2026-05-30 09:00:00+00:00,1.3409,1.3409,1.34,1.3407,113804.81,152523.045606,XRPUSDT,bybit
2026-05-30 09:05:00+00:00,1.3407,1.3425,1.3402,1.3425,49564.78,66449.987129,XRPUSDT,bybit
2026-05-30 09:10:00+00:00,1.3425,1.3432,1.3421,1.3428,50996.37,68460.055944,XRPUSDT,bybit
2026-05-30 09:15:00+00:00,1.3428,1.3444,1.3425,1.3433,68820.42,92459.272416,XRPUSDT,bybit
2026-05-30 09:20:00+00:00,1.3433,1.3449,1.3433,1.3448,13063.41,17559.283853,XRPUSDT,bybit
2026-05-30 09:25:00+00:00,1.3448,1.3457,1.3447,1.3448,46098.41,62005.567733,XRPUSDT,bybit
2026-05-30 09:30:00+00:00,1.3448,1.3458,1.3438,1.3439,485904.59,653304.746366,XRPUSDT,bybit
2026-05-30 09:35:00+00:00,1.3439,1.3445,1.3437,1.344,36195.1,48646.378193,XRPUSDT,bybit
2026-05-30 09:40:00+00:00,1.344,1.3444,1.3434,1.3442,21535.34,28938.684038,XRPUSDT,bybit
2026-05-30 09:45:00+00:00,1.3442,1.3448,1.3436,1.3436,11630.49,15631.053111,XRPUSDT,bybit
2026-05-30 09:50:00+00:00,1.3436,1.3457,1.3434,1.3451,28577.0,38431.728499,XRPUSDT,bybit
2026-05-30 09:55:00+00:00,1.3451,1.3454,1.3445,1.3446,16762.99,22544.160998,XRPUSDT,bybit
2026-05-30 10:00:00+00:00,1.3446,1.3449,1.3434,1.344,25924.03,34843.183766,XRPUSDT,bybit
2026-05-30 10:05:00+00:00,1.344,1.3441,1.3431,1.3434,18152.53,24392.588821,XRPUSDT,bybit
2026-05-30 10:10:00+00:00,1.3434,1.3439,1.3432,1.3439,5423.9,7287.200062,XRPUSDT,bybit
2026-05-30 10:15:00+00:00,1.3439,1.3444,1.3433,1.3437,20539.66,27602.246737,XRPUSDT,bybit
2026-05-30 10:20:00+00:00,1.3437,1.3437,1.3414,1.3428,40267.19,54049.55252,XRPUSDT,bybit
2026-05-30 10:25:00+00:00,1.3428,1.3437,1.3422,1.3424,36952.29,49628.995173,XRPUSDT,bybit
2026-05-30 10:30:00+00:00,1.3424,1.3427,1.3414,1.3417,44000.84,59047.940799,XRPUSDT,bybit
2026-05-30 10:35:00+00:00,1.3417,1.3418,1.3413,1.3414,13774.58,18478.974438,XRPUSDT,bybit
2026-05-30 10:40:00+00:00,1.3414,1.3417,1.3413,1.3416,11447.23,15356.463831,XRPUSDT,bybit
2026-05-30 10:45:00+00:00,1.3416,1.3419,1.3416,1.3419,1717.47,2304.472525,XRPUSDT,bybit
2026-05-30 10:50:00+00:00,1.3419,1.3428,1.3419,1.3426,18742.71,25159.458514,XRPUSDT,bybit
2026-05-30 10:55:00+00:00,1.3426,1.3426,1.3421,1.3425,13833.72,18567.689116,XRPUSDT,bybit
2026-05-30 11:00:00+00:00,1.3425,1.3426,1.3417,1.3417,23412.35,31424.158648,XRPUSDT,bybit
2026-05-30 11:05:00+00:00,1.3417,1.3426,1.3387,1.3389,92634.09,124144.083269,XRPUSDT,bybit
2026-05-30 11:10:00+00:00,1.3389,1.3392,1.3383,1.3386,40384.0,54063.803763,XRPUSDT,bybit
2026-05-30 11:15:00+00:00,1.3386,1.3389,1.3371,1.3381,32685.29,43726.446845,XRPUSDT,bybit
2026-05-30 11:20:00+00:00,1.3381,1.3392,1.338,1.3388,6969.42,9328.493548,XRPUSDT,bybit
2026-05-30 11:25:00+00:00,1.3388,1.34,1.3386,1.3393,18441.54,24701.923323,XRPUSDT,bybit
2026-05-30 11:30:00+00:00,1.3393,1.3398,1.3392,1.3394,13297.86,17810.246064,XRPUSDT,bybit
2026-05-30 11:35:00+00:00,1.3394,1.3445,1.3394,1.3426,277740.91,373079.584916,XRPUSDT,bybit
2026-05-30 11:40:00+00:00,1.3426,1.3426,1.3406,1.3419,117189.11,157208.840936,XRPUSDT,bybit
2026-05-30 11:45:00+00:00,1.3419,1.3419,1.3402,1.3407,22325.91,29941.519945,XRPUSDT,bybit
2026-05-30 11:50:00+00:00,1.3407,1.3412,1.3393,1.3409,71086.43,95261.731841,XRPUSDT,bybit
2026-05-30 11:55:00+00:00,1.3409,1.3409,1.3404,1.3406,10666.74,14299.649695,XRPUSDT,bybit
2026-05-30 12:00:00+00:00,1.3406,1.341,1.3402,1.3404,13166.91,17652.620126,XRPUSDT,bybit
2026-05-30 12:05:00+00:00,1.3404,1.3404,1.3396,1.34,4729.4,6337.272598,XRPUSDT,bybit
2026-05-30 12:10:00+00:00,1.34,1.34,1.3379,1.3394,192642.67,257886.463781,XRPUSDT,bybit
2026-05-30 12:15:00+00:00,1.3394,1.3404,1.3393,1.3404,7286.99,9763.663957,XRPUSDT,bybit
2026-05-30 12:20:00+00:00,1.3404,1.3418,1.3402,1.3416,30768.49,41260.832485,XRPUSDT,bybit
2026-05-30 12:25:00+00:00,1.3416,1.3419,1.3412,1.3412,18481.36,24793.857646,XRPUSDT,bybit
2026-05-30 12:30:00+00:00,1.3412,1.3427,1.341,1.3424,11277.09,15132.265168,XRPUSDT,bybit
2026-05-30 12:35:00+00:00,1.3424,1.3424,1.3412,1.3414,18302.96,24555.498311,XRPUSDT,bybit
2026-05-30 12:40:00+00:00,1.3414,1.3414,1.3395,1.3405,136296.13,182666.949858,XRPUSDT,bybit
2026-05-30 12:45:00+00:00,1.3405,1.341,1.3386,1.3394,15408.6,20639.824613,XRPUSDT,bybit
2026-05-30 12:50:00+00:00,1.3394,1.3394,1.3385,1.3393,14498.98,19412.995248,XRPUSDT,bybit
2026-05-30 12:55:00+00:00,1.3393,1.3401,1.3392,1.3399,5172.75,6929.474178,XRPUSDT,bybit
2026-05-30 13:00:00+00:00,1.3399,1.3415,1.3398,1.3401,17934.42,24044.866987,XRPUSDT,bybit
2026-05-30 13:05:00+00:00,1.3401,1.341,1.3398,1.3408,11073.55,14840.522757,XRPUSDT,bybit
2026-05-30 13:10:00+00:00,1.3408,1.3411,1.3408,1.3408,4387.93,5883.820103,XRPUSDT,bybit
2026-05-30 13:15:00+00:00,1.3408,1.3412,1.3394,1.3399,78233.07,104862.416168,XRPUSDT,bybit
2026-05-30 13:20:00+00:00,1.3399,1.3414,1.3396,1.3412,28791.52,38603.89562,XRPUSDT,bybit
2026-05-30 13:25:00+00:00,1.3412,1.3419,1.3407,1.3409,42557.45,57074.758459,XRPUSDT,bybit
2026-05-30 13:30:00+00:00,1.3409,1.341,1.3385,1.3392,18921.51,25352.573599,XRPUSDT,bybit
2026-05-30 13:35:00+00:00,1.3392,1.3392,1.3376,1.338,33766.03,45187.665667,XRPUSDT,bybit
2026-05-30 13:40:00+00:00,1.338,1.3396,1.3379,1.3396,11899.15,15931.231189,XRPUSDT,bybit
2026-05-30 13:45:00+00:00,1.3396,1.3412,1.3396,1.3399,8647.81,11592.602378,XRPUSDT,bybit
2026-05-30 13:50:00+00:00,1.3399,1.3411,1.3398,1.3409,9098.52,12194.249452,XRPUSDT,bybit
2026-05-30 13:55:00+00:00,1.3409,1.3412,1.34,1.3411,6368.87,8538.745071,XRPUSDT,bybit
2026-05-30 14:00:00+00:00,1.3411,1.3428,1.341,1.342,39437.81,52925.806262,XRPUSDT,bybit
2026-05-30 14:05:00+00:00,1.342,1.3421,1.3411,1.342,12905.68,17316.5104,XRPUSDT,bybit
2026-05-30 14:10:00+00:00,1.342,1.3432,1.341,1.3411,39126.71,52513.638399,XRPUSDT,bybit
2026-05-30 14:15:00+00:00,1.3411,1.3433,1.3397,1.3431,31236.23,41893.107808,XRPUSDT,bybit
2026-05-30 14:20:00+00:00,1.3431,1.344,1.3424,1.3432,30030.24,40330.07983,XRPUSDT,bybit
2026-05-30 14:25:00+00:00,1.3432,1.345,1.3427,1.3448,39856.12,53582.53429,XRPUSDT,bybit
2026-05-30 14:30:00+00:00,1.3448,1.3452,1.3429,1.3451,42463.0,57079.034695,XRPUSDT,bybit
2026-05-30 14:35:00+00:00,1.3451,1.3473,1.3449,1.346,57891.96,77918.663727,XRPUSDT,bybit
2026-05-30 14:40:00+00:00,1.346,1.3464,1.3441,1.3441,45261.35,60895.92272,XRPUSDT,bybit
2026-05-30 14:45:00+00:00,1.3441,1.3441,1.3416,1.3425,41228.83,55335.799946,XRPUSDT,bybit
2026-05-30 14:50:00+00:00,1.3425,1.3435,1.3422,1.3432,13201.42,17726.893189,XRPUSDT,bybit
2026-05-30 14:55:00+00:00,1.3432,1.3433,1.3428,1.343,2749.27,3692.339996,XRPUSDT,bybit
2026-05-30 15:00:00+00:00,1.343,1.344,1.3421,1.3421,24430.42,32805.422075,XRPUSDT,bybit
2026-05-30 15:05:00+00:00,1.3421,1.3432,1.3417,1.3428,18082.95,24278.307339,XRPUSDT,bybit
2026-05-30 15:10:00+00:00,1.3428,1.3457,1.3428,1.3449,39325.33,52844.836279,XRPUSDT,bybit
2026-05-30 15:15:00+00:00,1.3449,1.345,1.3429,1.3438,20562.51,27622.634808,XRPUSDT,bybit
2026-05-30 15:20:00+00:00,1.3438,1.3439,1.3414,1.3424,34358.03,46119.535351,XRPUSDT,bybit
2026-05-30 15:25:00+00:00,1.3424,1.3432,1.3416,1.3431,94161.75,126383.872462,XRPUSDT,bybit
2026-05-30 15:30:00+00:00,1.3431,1.344,1.342,1.3426,9511.95,12774.366464,XRPUSDT,bybit
2026-05-30 15:35:00+00:00,1.3426,1.3432,1.34,1.34,30006.53,40275.8232,XRPUSDT,bybit
2026-05-30 15:40:00+00:00,1.34,1.3416,1.34,1.3411,29967.98,40187.02857,XRPUSDT,bybit
2026-05-30 15:45:00+00:00,1.3411,1.3432,1.3411,1.343,12888.85,17304.848683,XRPUSDT,bybit
2026-05-30 15:50:00+00:00,1.343,1.3449,1.3423,1.3434,12658.31,17008.085235,XRPUSDT,bybit
2026-05-30 15:55:00+00:00,1.3434,1.3434,1.3423,1.3424,8592.13,11537.592649,XRPUSDT,bybit
2026-05-30 16:00:00+00:00,1.3424,1.343,1.3414,1.3424,15060.69,20212.726009,XRPUSDT,bybit
2026-05-30 16:05:00+00:00,1.3424,1.3442,1.3424,1.344,9083.61,12207.249668,XRPUSDT,bybit
2026-05-30 16:10:00+00:00,1.344,1.348,1.344,1.3476,174347.66,234779.529667,XRPUSDT,bybit
2026-05-30 16:15:00+00:00,1.3476,1.3476,1.3446,1.3459,118079.03,159035.330652,XRPUSDT,bybit
2026-05-30 16:20:00+00:00,1.3459,1.3462,1.3454,1.3459,10633.07,14312.429239,XRPUSDT,bybit
2026-05-30 16:25:00+00:00,1.3459,1.3469,1.3458,1.3459,6980.58,9397.825187,XRPUSDT,bybit
2026-05-30 16:30:00+00:00,1.3459,1.3483,1.345,1.3483,26461.51,35659.344716,XRPUSDT,bybit
2026-05-30 16:35:00+00:00,1.3483,1.3483,1.3467,1.3478,13017.73,17543.68017,XRPUSDT,bybit
2026-05-30 16:40:00+00:00,1.3478,1.3486,1.346,1.3472,14546.15,19602.212528,XRPUSDT,bybit
2026-05-30 16:45:00+00:00,1.3472,1.3478,1.3457,1.3474,40067.05,53959.363324,XRPUSDT,bybit
2026-05-30 16:50:00+00:00,1.3474,1.3482,1.3467,1.3477,33949.46,45738.556084,XRPUSDT,bybit
2026-05-30 16:55:00+00:00,1.3477,1.3482,1.3477,1.3481,14667.22,19772.299899,XRPUSDT,bybit
2026-05-30 17:00:00+00:00,1.3481,1.3494,1.3478,1.3491,235723.84,317966.795661,XRPUSDT,bybit
2026-05-30 17:05:00+00:00,1.3491,1.3493,1.3466,1.3471,135545.1,182792.989883,XRPUSDT,bybit
2026-05-30 17:10:00+00:00,1.3471,1.3478,1.3462,1.3478,34316.03,46223.648066,XRPUSDT,bybit
2026-05-30 17:15:00+00:00,1.3478,1.3482,1.3468,1.3482,21795.65,29368.266601,XRPUSDT,bybit
2026-05-30 17:20:00+00:00,1.3482,1.3515,1.3482,1.3508,84032.48,113460.085564,XRPUSDT,bybit
2026-05-30 17:25:00+00:00,1.3508,1.3508,1.3481,1.3481,12664.41,17091.007986,XRPUSDT,bybit
2026-05-30 17:30:00+00:00,1.3481,1.3481,1.3447,1.346,45857.99,61727.85114,XRPUSDT,bybit
2026-05-30 17:35:00+00:00,1.346,1.347,1.345,1.347,13856.38,18654.554089,XRPUSDT,bybit
2026-05-30 17:40:00+00:00,1.347,1.3489,1.347,1.3489,15644.15,21086.706808,XRPUSDT,bybit
2026-05-30 17:45:00+00:00,1.3489,1.3512,1.3488,1.351,36840.41,49746.546838,XRPUSDT,bybit
2026-05-30 17:50:00+00:00,1.351,1.3522,1.3507,1.3518,43000.77,58116.849614,XRPUSDT,bybit
2026-05-30 17:55:00+00:00,1.3518,1.3532,1.3518,1.3527,35674.63,48250.762774,XRPUSDT,bybit
2026-05-30 18:00:00+00:00,1.3527,1.3529,1.3517,1.3517,54674.4,73958.376805,XRPUSDT,bybit
2026-05-30 18:05:00+00:00,1.3517,1.3523,1.3511,1.3515,74480.95,100673.069711,XRPUSDT,bybit
2026-05-30 18:10:00+00:00,1.3515,1.3515,1.3506,1.3508,20263.56,27373.657922,XRPUSDT,bybit
2026-05-30 18:15:00+00:00,1.3508,1.3527,1.3506,1.3526,35620.75,48148.108382,XRPUSDT,bybit
2026-05-30 18:20:00+00:00,1.3526,1.353,1.3507,1.3507,14334.36,19383.679432,XRPUSDT,bybit
2026-05-30 18:25:00+00:00,1.3507,1.3507,1.3488,1.3494,77793.94,105018.983725,XRPUSDT,bybit
2026-05-30 18:30:00+00:00,1.3494,1.3515,1.3493,1.3505,65329.64,88215.763628,XRPUSDT,bybit
2026-05-30 18:35:00+00:00,1.3505,1.3522,1.3504,1.3514,39631.3,53536.819983,XRPUSDT,bybit
2026-05-30 18:40:00+00:00,1.3514,1.3524,1.3511,1.3524,11232.93,15183.129805,XRPUSDT,bybit
2026-05-30 18:45:00+00:00,1.3524,1.3541,1.3512,1.3515,43515.92,58859.830834,XRPUSDT,bybit
2026-05-30 18:50:00+00:00,1.3515,1.3515,1.3506,1.3513,10190.34,13768.184872,XRPUSDT,bybit
2026-05-30 18:55:00+00:00,1.3513,1.3527,1.3513,1.352,17373.87,23490.760691,XRPUSDT,bybit
2026-05-30 19:00:00+00:00,1.352,1.352,1.3502,1.3511,240837.54,325205.156454,XRPUSDT,bybit
2026-05-30 19:05:00+00:00,1.3511,1.3512,1.3491,1.3491,26515.16,35798.479923,XRPUSDT,bybit
2026-05-30 19:10:00+00:00,1.3491,1.3495,1.3481,1.3481,44044.9,59410.973768,XRPUSDT,bybit
2026-05-30 19:15:00+00:00,1.3481,1.3497,1.3479,1.3493,33261.04,44861.152104,XRPUSDT,bybit
2026-05-30 19:20:00+00:00,1.3493,1.3496,1.3481,1.3485,21878.47,29502.897552,XRPUSDT,bybit
2026-05-30 19:25:00+00:00,1.3485,1.3489,1.3473,1.3473,5402.73,7281.272026,XRPUSDT,bybit
2026-05-30 19:30:00+00:00,1.3473,1.3474,1.3463,1.3471,41323.84,55661.564327,XRPUSDT,bybit
2026-05-30 19:35:00+00:00,1.3471,1.3489,1.347,1.3489,24129.18,32521.655861,XRPUSDT,bybit
2026-05-30 19:40:00+00:00,1.3489,1.3489,1.3457,1.3468,107064.24,144221.560662,XRPUSDT,bybit
2026-05-30 19:45:00+00:00,1.3468,1.3487,1.3468,1.3479,18912.78,25492.940492,XRPUSDT,bybit
2026-05-30 19:50:00+00:00,1.3479,1.3487,1.3478,1.3487,14468.18,19506.924423,XRPUSDT,bybit
2026-05-30 19:55:00+00:00,1.3487,1.3487,1.3471,1.3476,5988.39,8072.327954,XRPUSDT,bybit
2026-05-30 20:00:00+00:00,1.3476,1.3492,1.3476,1.3478,26277.2,35437.774379,XRPUSDT,bybit
2026-05-30 20:05:00+00:00,1.3478,1.3497,1.3473,1.349,29010.29,39124.602968,XRPUSDT,bybit
2026-05-30 20:10:00+00:00,1.349,1.3496,1.3488,1.3488,17688.49,23864.757008,XRPUSDT,bybit
2026-05-30 20:15:00+00:00,1.3488,1.3494,1.3483,1.3487,5590.92,7540.975464,XRPUSDT,bybit
2026-05-30 20:20:00+00:00,1.3487,1.3496,1.3487,1.3496,7031.25,9485.938402,XRPUSDT,bybit
2026-05-30 20:25:00+00:00,1.3496,1.35,1.3491,1.3492,25017.54,33758.036231,XRPUSDT,bybit
2026-05-30 20:30:00+00:00,1.3492,1.3494,1.3474,1.3484,10602.52,14295.372975,XRPUSDT,bybit
2026-05-30 20:35:00+00:00,1.3484,1.3494,1.3475,1.3475,25952.62,35005.730724,XRPUSDT,bybit
2026-05-30 20:40:00+00:00,1.3475,1.3476,1.3467,1.3468,6945.97,9355.259152,XRPUSDT,bybit
2026-05-30 20:45:00+00:00,1.3468,1.3474,1.3467,1.3474,48388.67,65176.610894,XRPUSDT,bybit
2026-05-30 20:50:00+00:00,1.3474,1.3486,1.3469,1.348,23216.98,31292.947502,XRPUSDT,bybit
2026-05-30 20:55:00+00:00,1.348,1.348,1.3475,1.348,3151.4,4247.462412,XRPUSDT,bybit
2026-05-30 21:00:00+00:00,1.348,1.3485,1.3471,1.3476,6399.5,8626.691559,XRPUSDT,bybit
2026-05-30 21:05:00+00:00,1.3476,1.3484,1.347,1.3484,20289.59,27344.67371,XRPUSDT,bybit
2026-05-30 21:10:00+00:00,1.3484,1.3508,1.3484,1.3501,119662.02,161555.908204,XRPUSDT,bybit
2026-05-30 21:15:00+00:00,1.3501,1.351,1.3497,1.3506,31905.57,43089.540478,XRPUSDT,bybit
2026-05-30 21:20:00+00:00,1.3506,1.3509,1.3492,1.3493,27973.77,37777.936857,XRPUSDT,bybit
2026-05-30 21:25:00+00:00,1.3493,1.3509,1.3492,1.3507,11912.32,16079.102232,XRPUSDT,bybit
2026-05-30 21:30:00+00:00,1.3507,1.3507,1.3493,1.3501,26495.71,35771.293855,XRPUSDT,bybit
2026-05-30 21:35:00+00:00,1.3501,1.3517,1.3496,1.3517,16739.29,22602.470294,XRPUSDT,bybit
2026-05-30 21:40:00+00:00,1.3517,1.3521,1.3508,1.351,28877.94,39027.20085,XRPUSDT,bybit
2026-05-30 21:45:00+00:00,1.351,1.3515,1.3494,1.3494,33043.53,44636.860524,XRPUSDT,bybit
2026-05-30 21:50:00+00:00,1.3494,1.3521,1.3494,1.3504,74812.09,101067.968787,XRPUSDT,bybit
2026-05-30 21:55:00+00:00,1.3504,1.3508,1.3501,1.3502,3584.4,4840.747721,XRPUSDT,bybit
2026-05-30 22:00:00+00:00,1.3502,1.3502,1.3431,1.3431,119979.62,161456.850466,XRPUSDT,bybit
2026-05-30 22:05:00+00:00,1.3431,1.3446,1.3419,1.3445,67016.98,90013.517813,XRPUSDT,bybit
2026-05-30 22:10:00+00:00,1.3445,1.3452,1.3443,1.3447,16284.46,21899.744646,XRPUSDT,bybit
2026-05-30 22:15:00+00:00,1.3447,1.3458,1.3441,1.3441,48048.34,64628.188172,XRPUSDT,bybit
2026-05-30 22:20:00+00:00,1.3441,1.3442,1.3421,1.3438,188275.74,252868.479272,XRPUSDT,bybit
2026-05-30 22:25:00+00:00,1.3438,1.3442,1.3435,1.3442,70783.04,95118.036467,XRPUSDT,bybit
2026-05-30 22:30:00+00:00,1.3442,1.3443,1.3433,1.3433,47223.28,63479.134892,XRPUSDT,bybit
2026-05-30 22:35:00+00:00,1.3433,1.3436,1.3391,1.3394,75220.54,100862.099287,XRPUSDT,bybit
2026-05-30 22:40:00+00:00,1.3394,1.3403,1.3379,1.3394,52522.9,70322.930256,XRPUSDT,bybit
2026-05-30 22:45:00+00:00,1.3394,1.342,1.3394,1.342,20228.68,27126.806148,XRPUSDT,bybit
2026-05-30 22:50:00+00:00,1.342,1.342,1.341,1.342,29358.64,39386.236391,XRPUSDT,bybit
2026-05-30 22:55:00+00:00,1.342,1.3426,1.3417,1.3426,35094.42,47102.115525,XRPUSDT,bybit
2026-05-30 23:00:00+00:00,1.3426,1.3438,1.342,1.3433,49601.11,66619.4459,XRPUSDT,bybit
2026-05-30 23:05:00+00:00,1.3433,1.3433,1.3417,1.3418,9695.9,13015.032433,XRPUSDT,bybit
2026-05-30 23:10:00+00:00,1.3418,1.3419,1.34,1.3407,16498.61,22114.355275,XRPUSDT,bybit
2026-05-30 23:15:00+00:00,1.3407,1.3422,1.3404,1.342,18771.14,25176.976727,XRPUSDT,bybit
2026-05-30 23:20:00+00:00,1.342,1.3422,1.3407,1.3422,15760.36,21135.020947,XRPUSDT,bybit
2026-05-30 23:25:00+00:00,1.3422,1.3425,1.3415,1.3415,14124.43,18953.535384,XRPUSDT,bybit
2026-05-30 23:30:00+00:00,1.3415,1.3417,1.3406,1.3408,8222.14,11026.237383,XRPUSDT,bybit
2026-05-30 23:35:00+00:00,1.3408,1.3408,1.3385,1.3389,29008.89,38849.000583,XRPUSDT,bybit
2026-05-30 23:40:00+00:00,1.3389,1.3401,1.3389,1.34,35270.95,47249.372773,XRPUSDT,bybit
2026-05-30 23:45:00+00:00,1.34,1.3402,1.3395,1.3402,19780.76,26505.087573,XRPUSDT,bybit
2026-05-30 23:50:00+00:00,1.3402,1.3406,1.3396,1.3406,29668.89,39761.062885,XRPUSDT,bybit
2026-05-30 23:55:00+00:00,1.3406,1.341,1.34,1.341,10389.59,13926.424245,XRPUSDT,bybit
2026-05-31 00:00:00+00:00,1.341,1.3419,1.3386,1.339,73106.57,97993.412722,XRPUSDT,bybit
2026-05-31 00:05:00+00:00,1.339,1.3394,1.3385,1.339,16934.21,22675.965274,XRPUSDT,bybit
2026-05-31 00:10:00+00:00,1.339,1.3403,1.339,1.3397,26931.88,36087.632451,XRPUSDT,bybit
2026-05-31 00:15:00+00:00,1.3397,1.3401,1.3391,1.3393,27506.69,36847.073403,XRPUSDT,bybit
2026-05-31 00:20:00+00:00,1.3393,1.34,1.3386,1.34,12091.31,16194.034064,XRPUSDT,bybit
2026-05-31 00:25:00+00:00,1.34,1.3408,1.3389,1.3391,23346.95,31290.754134,XRPUSDT,bybit
2026-05-31 00:30:00+00:00,1.3391,1.3398,1.3386,1.3398,46617.13,62427.031763,XRPUSDT,bybit
2026-05-31 00:35:00+00:00,1.3398,1.3403,1.3381,1.3383,13548.97,18148.759782,XRPUSDT,bybit
2026-05-31 00:40:00+00:00,1.3383,1.3394,1.3381,1.3391,28657.1,38370.436511,XRPUSDT,bybit
2026-05-31 00:45:00+00:00,1.3391,1.3395,1.3382,1.339,14559.92,19495.45238,XRPUSDT,bybit
2026-05-31 00:50:00+00:00,1.339,1.3405,1.3388,1.3405,69926.5,93684.466743,XRPUSDT,bybit
2026-05-31 00:55:00+00:00,1.3405,1.3407,1.3397,1.3403,31930.62,42793.487176,XRPUSDT,bybit
2026-05-31 01:00:00+00:00,1.3403,1.3422,1.3403,1.3419,8452.41,11339.559573,XRPUSDT,bybit
2026-05-31 01:05:00+00:00,1.3419,1.3424,1.3413,1.3416,29784.9,39965.441913,XRPUSDT,bybit
2026-05-31 01:10:00+00:00,1.3416,1.3423,1.3413,1.3416,110369.35,148093.194754,XRPUSDT,bybit
2026-05-31 01:15:00+00:00,1.3416,1.343,1.3416,1.3427,17676.73,23730.437693,XRPUSDT,bybit
2026-05-31 01:20:00+00:00,1.3427,1.3441,1.3424,1.3441,24410.11,32787.021359,XRPUSDT,bybit
2026-05-31 01:25:00+00:00,1.3441,1.3441,1.341,1.3418,20721.49,27819.854563,XRPUSDT,bybit
2026-05-31 01:30:00+00:00,1.3418,1.3441,1.3416,1.3435,13537.24,18185.128505,XRPUSDT,bybit
2026-05-31 01:35:00+00:00,1.3435,1.344,1.3427,1.3427,8856.25,11900.343873,XRPUSDT,bybit
2026-05-31 01:40:00+00:00,1.3427,1.3427,1.3405,1.3412,47679.27,63955.39889,XRPUSDT,bybit
2026-05-31 01:45:00+00:00,1.3412,1.343,1.3408,1.3424,6865.11,9214.080135,XRPUSDT,bybit
2026-05-31 01:50:00+00:00,1.3424,1.3431,1.3417,1.3417,27655.84,37120.750046,XRPUSDT,bybit
2026-05-31 01:55:00+00:00,1.3417,1.3422,1.3408,1.3417,105780.68,141876.489824,XRPUSDT,bybit
2026-05-31 02:00:00+00:00,1.3417,1.3426,1.3415,1.3422,44532.41,59761.420541,XRPUSDT,bybit
2026-05-31 02:05:00+00:00,1.3422,1.343,1.3415,1.3424,17645.64,23681.52277,XRPUSDT,bybit
2026-05-31 02:10:00+00:00,1.3424,1.3436,1.3424,1.3436,15318.81,20575.21664,XRPUSDT,bybit
2026-05-31 02:15:00+00:00,1.3436,1.346,1.3436,1.345,70221.23,94463.243514,XRPUSDT,bybit
2026-05-31 02:20:00+00:00,1.345,1.3451,1.3435,1.3442,18040.34,24250.188464,XRPUSDT,bybit
2026-05-31 02:25:00+00:00,1.3442,1.3442,1.3394,1.3396,69848.08,93653.471076,XRPUSDT,bybit
2026-05-31 02:30:00+00:00,1.3396,1.3408,1.3361,1.3368,212522.04,284550.958889,XRPUSDT,bybit
2026-05-31 02:35:00+00:00,1.3368,1.3393,1.3368,1.3392,55418.21,74166.530221,XRPUSDT,bybit
2026-05-31 02:40:00+00:00,1.3392,1.3398,1.3388,1.3394,17352.57,23240.12485,XRPUSDT,bybit
2026-05-31 02:45:00+00:00,1.3394,1.3398,1.3389,1.3398,20093.55,26911.796052,XRPUSDT,bybit
2026-05-31 02:50:00+00:00,1.3398,1.3422,1.3397,1.3413,17383.85,23310.638868,XRPUSDT,bybit
2026-05-31 02:55:00+00:00,1.3413,1.3429,1.3407,1.342,16745.63,22471.419609,XRPUSDT,bybit
2026-05-31 03:00:00+00:00,1.342,1.3433,1.3418,1.342,22688.19,30465.7851,XRPUSDT,bybit
2026-05-31 03:05:00+00:00,1.342,1.3425,1.3415,1.342,10881.95,14604.936306,XRPUSDT,bybit
2026-05-31 03:10:00+00:00,1.342,1.3432,1.3417,1.3432,12672.37,17011.528101,XRPUSDT,bybit
2026-05-31 03:15:00+00:00,1.3432,1.3433,1.342,1.3431,20684.96,27770.055346,XRPUSDT,bybit
2026-05-31 03:20:00+00:00,1.3431,1.3437,1.3423,1.3436,5837.34,7838.871041,XRPUSDT,bybit
2026-05-31 03:25:00+00:00,1.3436,1.344,1.3429,1.3437,23629.59,31746.541194,XRPUSDT,bybit
2026-05-31 03:30:00+00:00,1.3437,1.3438,1.3429,1.3438,3941.16,5294.29921,XRPUSDT,bybit
2026-05-31 03:35:00+00:00,1.3438,1.344,1.3429,1.3431,37970.19,51011.187666,XRPUSDT,bybit
2026-05-31 03:40:00+00:00,1.3431,1.3434,1.3425,1.3434,45146.93,60635.278505,XRPUSDT,bybit
2026-05-31 03:45:00+00:00,1.3434,1.3442,1.3428,1.3442,18775.72,25226.253727,XRPUSDT,bybit
2026-05-31 03:50:00+00:00,1.3442,1.3448,1.344,1.3448,15625.43,21006.453815,XRPUSDT,bybit
2026-05-31 03:55:00+00:00,1.3448,1.3456,1.3445,1.3448,35209.74,47361.476242,XRPUSDT,bybit
2026-05-31 04:00:00+00:00,1.3448,1.345,1.3446,1.3448,7227.17,9718.768943,XRPUSDT,bybit
2026-05-31 04:05:00+00:00,1.3448,1.3448,1.3436,1.3436,14283.43,19196.158654,XRPUSDT,bybit
2026-05-31 04:10:00+00:00,1.3436,1.3439,1.343,1.3437,6841.42,9192.470673,XRPUSDT,bybit
2026-05-31 04:15:00+00:00,1.3437,1.3453,1.3437,1.3453,9210.37,12383.265592,XRPUSDT,bybit
2026-05-31 04:20:00+00:00,1.3453,1.3462,1.3448,1.3452,38338.08,51584.606557,XRPUSDT,bybit
2026-05-31 04:25:00+00:00,1.3452,1.3456,1.3449,1.3449,17365.12,23361.541437,XRPUSDT,bybit
2026-05-31 04:30:00+00:00,1.3449,1.345,1.3442,1.3443,29646.63,39857.945916,XRPUSDT,bybit
2026-05-31 04:35:00+00:00,1.3443,1.3463,1.3443,1.346,11661.97,15687.660977,XRPUSDT,bybit
2026-05-31 04:40:00+00:00,1.346,1.346,1.3446,1.3454,10704.02,14399.60598,XRPUSDT,bybit
2026-05-31 04:45:00+00:00,1.3454,1.3459,1.345,1.3459,13239.99,17811.365858,XRPUSDT,bybit
2026-05-31 04:50:00+00:00,1.3459,1.3466,1.3456,1.3457,24064.72,32391.43445,XRPUSDT,bybit
2026-05-31 04:55:00+00:00,1.3457,1.3465,1.3457,1.346,18672.54,25138.835922,XRPUSDT,bybit
2026-05-31 05:00:00+00:00,1.346,1.3461,1.3446,1.3449,25179.75,33876.633254,XRPUSDT,bybit
2026-05-31 05:05:00+00:00,1.3449,1.3462,1.3449,1.3453,19802.79,26648.014211,XRPUSDT,bybit
2026-05-31 05:10:00+00:00,1.3453,1.3456,1.3449,1.3449,5083.95,6839.309212,XRPUSDT,bybit
2026-05-31 05:15:00+00:00,1.3449,1.3455,1.3446,1.345,16334.34,21970.771736,XRPUSDT,bybit
2026-05-31 05:20:00+00:00,1.345,1.3451,1.3435,1.3435,21687.39,29160.671674,XRPUSDT,bybit
2026-05-31 05:25:00+00:00,1.3435,1.3452,1.3435,1.345,4891.88,6575.845446,XRPUSDT,bybit
2026-05-31 05:30:00+00:00,1.345,1.3454,1.3443,1.3447,12242.71,16466.830848,XRPUSDT,bybit
2026-05-31 05:35:00+00:00,1.3447,1.3457,1.3441,1.3442,5210.94,7008.654238,XRPUSDT,bybit
2026-05-31 05:40:00+00:00,1.3442,1.3444,1.3435,1.3437,8997.81,12094.297154,XRPUSDT,bybit
2026-05-31 05:45:00+00:00,1.3437,1.344,1.3427,1.3433,4655.74,6253.307756,XRPUSDT,bybit
2026-05-31 05:50:00+00:00,1.3433,1.344,1.343,1.3435,12629.15,16968.387516,XRPUSDT,bybit
2026-05-31 05:55:00+00:00,1.3435,1.3443,1.3433,1.3435,3811.92,5122.291304,XRPUSDT,bybit
2026-05-31 06:00:00+00:00,1.3435,1.3435,1.3414,1.3415,26047.97,34953.008469,XRPUSDT,bybit
2026-05-31 06:05:00+00:00,1.3415,1.342,1.3409,1.3416,14513.83,19466.422885,XRPUSDT,bybit
2026-05-31 06:10:00+00:00,1.3416,1.3417,1.341,1.3411,18993.55,25474.88374,XRPUSDT,bybit
2026-05-31 06:15:00+00:00,1.3411,1.3423,1.3411,1.342,17991.64,24134.159139,XRPUSDT,bybit
2026-05-31 06:20:00+00:00,1.342,1.3422,1.3414,1.3416,24056.1,32281.441569,XRPUSDT,bybit
2026-05-31 06:25:00+00:00,1.3416,1.3417,1.3403,1.3411,26462.84,35482.392971,XRPUSDT,bybit
2026-05-31 06:30:00+00:00,1.3411,1.342,1.3409,1.3412,16233.0,21780.036836,XRPUSDT,bybit
2026-05-31 06:35:00+00:00,1.3412,1.3416,1.341,1.3416,19326.0,25924.497071,XRPUSDT,bybit
2026-05-31 06:40:00+00:00,1.3416,1.3416,1.341,1.341,24066.78,32276.374885,XRPUSDT,bybit
2026-05-31 06:45:00+00:00,1.341,1.3417,1.341,1.3416,27778.11,37259.700255,XRPUSDT,bybit
2026-05-31 06:50:00+00:00,1.3416,1.3416,1.3401,1.3405,11786.98,15797.754341,XRPUSDT,bybit
2026-05-31 06:55:00+00:00,1.3405,1.3407,1.3401,1.3401,6222.01,8340.207089,XRPUSDT,bybit
2026-05-31 07:00:00+00:00,1.3401,1.3401,1.3372,1.3372,134065.88,179489.463421,XRPUSDT,bybit
2026-05-31 07:05:00+00:00,1.3372,1.3386,1.3372,1.3385,82173.24,109932.969873,XRPUSDT,bybit
2026-05-31 07:10:00+00:00,1.3385,1.3387,1.3369,1.3371,145293.8,194394.010035,XRPUSDT,bybit
2026-05-31 07:15:00+00:00,1.3371,1.338,1.337,1.3374,11962.24,16001.124642,XRPUSDT,bybit
2026-05-31 07:20:00+00:00,1.3374,1.3377,1.3344,1.3348,65139.57,86977.4434,XRPUSDT,bybit
2026-05-31 07:25:00+00:00,1.3348,1.3358,1.3338,1.3352,28202.07,37647.104748,XRPUSDT,bybit
2026-05-31 07:30:00+00:00,1.3352,1.3353,1.3331,1.3344,128489.5,171448.588088,XRPUSDT,bybit
2026-05-31 07:35:00+00:00,1.3344,1.336,1.3341,1.3352,84889.44,113378.647833,XRPUSDT,bybit
2026-05-31 07:40:00+00:00,1.3352,1.3362,1.335,1.3352,14441.59,19285.462365,XRPUSDT,bybit
2026-05-31 07:45:00+00:00,1.3352,1.3362,1.3348,1.335,19828.3,26479.596254,XRPUSDT,bybit
2026-05-31 07:50:00+00:00,1.335,1.3359,1.335,1.3358,59818.08,79891.943785,XRPUSDT,bybit
2026-05-31 07:55:00+00:00,1.3358,1.3359,1.3344,1.3354,139055.44,185656.328849,XRPUSDT,bybit
2026-05-31 08:00:00+00:00,1.3354,1.3373,1.3354,1.3373,42336.48,56580.431319,XRPUSDT,bybit
2026-05-31 08:05:00+00:00,1.3373,1.3376,1.3358,1.3364,53582.85,71649.798843,XRPUSDT,bybit
2026-05-31 08:10:00+00:00,1.3364,1.3366,1.3354,1.3365,17370.01,23204.901853,XRPUSDT,bybit
2026-05-31 08:15:00+00:00,1.3365,1.3371,1.3363,1.337,88500.1,118307.049688,XRPUSDT,bybit
2026-05-31 08:20:00+00:00,1.337,1.3384,1.3369,1.3376,31310.79,41884.675699,XRPUSDT,bybit
2026-05-31 08:25:00+00:00,1.3376,1.3382,1.3373,1.3382,31765.68,42501.007988,XRPUSDT,bybit
2026-05-31 08:30:00+00:00,1.3382,1.3382,1.3369,1.3379,37749.97,50499.117255,XRPUSDT,bybit
2026-05-31 08:35:00+00:00,1.3379,1.3386,1.3369,1.3381,73421.09,98217.226242,XRPUSDT,bybit
2026-05-31 08:40:00+00:00,1.3381,1.3384,1.3369,1.3384,34622.22,46315.913226,XRPUSDT,bybit
2026-05-31 08:45:00+00:00,1.3384,1.3384,1.3375,1.3379,33527.54,44849.6465,XRPUSDT,bybit
2026-05-31 08:50:00+00:00,1.3379,1.3384,1.337,1.3381,26357.13,35256.168639,XRPUSDT,bybit
2026-05-31 08:55:00+00:00,1.3381,1.3398,1.3381,1.3388,28513.37,38190.754359,XRPUSDT,bybit
2026-05-31 09:00:00+00:00,1.3388,1.3388,1.3372,1.3372,24489.98,32769.781674,XRPUSDT,bybit
2026-05-31 09:05:00+00:00,1.3372,1.3382,1.337,1.3381,16059.6,21482.600751,XRPUSDT,bybit
2026-05-31 09:10:00+00:00,1.3381,1.3382,1.3375,1.3375,16706.14,22353.25505,XRPUSDT,bybit
2026-05-31 09:15:00+00:00,1.3375,1.34,1.3367,1.3397,65619.37,87855.296216,XRPUSDT,bybit
2026-05-31 09:20:00+00:00,1.3397,1.3398,1.3389,1.3397,13100.47,17548.013094,XRPUSDT,bybit
2026-05-31 09:25:00+00:00,1.3397,1.3406,1.3395,1.3406,39546.36,53001.797159,XRPUSDT,bybit
2026-05-31 09:30:00+00:00,1.3406,1.3417,1.3406,1.3417,21424.5,28739.705185,XRPUSDT,bybit
2026-05-31 09:35:00+00:00,1.3417,1.3418,1.3401,1.3416,10734.35,14396.044082,XRPUSDT,bybit
2026-05-31 09:40:00+00:00,1.3416,1.3428,1.3412,1.3413,62938.13,84449.051828,XRPUSDT,bybit
2026-05-31 09:45:00+00:00,1.3413,1.342,1.3412,1.3415,54557.32,73180.033778,XRPUSDT,bybit
2026-05-31 09:50:00+00:00,1.3415,1.3417,1.3396,1.34,48160.3,64549.021385,XRPUSDT,bybit
2026-05-31 09:55:00+00:00,1.34,1.34,1.3378,1.3392,36521.31,48891.878498,XRPUSDT,bybit
2026-05-31 10:00:00+00:00,1.3392,1.3396,1.3381,1.3387,64997.36,87013.935401,XRPUSDT,bybit
2026-05-31 10:05:00+00:00,1.3387,1.3392,1.3383,1.3391,22402.77,29991.808649,XRPUSDT,bybit
2026-05-31 10:10:00+00:00,1.3391,1.3391,1.3379,1.3384,22831.73,30558.195986,XRPUSDT,bybit
2026-05-31 10:15:00+00:00,1.3384,1.3384,1.3363,1.3363,15430.23,20631.804681,XRPUSDT,bybit
2026-05-31 10:20:00+00:00,1.3363,1.3363,1.3342,1.3353,70575.31,94210.14165,XRPUSDT,bybit
2026-05-31 10:25:00+00:00,1.3353,1.3367,1.3352,1.3366,11422.17,15260.620743,XRPUSDT,bybit
2026-05-31 10:30:00+00:00,1.3366,1.3374,1.3366,1.3371,16380.06,21902.431964,XRPUSDT,bybit
2026-05-31 10:35:00+00:00,1.3371,1.3371,1.3363,1.3363,60461.93,80821.695798,XRPUSDT,bybit
2026-05-31 10:40:00+00:00,1.3363,1.3363,1.3354,1.3359,32594.99,43537.616003,XRPUSDT,bybit
2026-05-31 10:45:00+00:00,1.3359,1.3359,1.3347,1.3358,20615.33,27529.443856,XRPUSDT,bybit
2026-05-31 10:50:00+00:00,1.3358,1.3364,1.3352,1.336,7222.91,9650.101835,XRPUSDT,bybit
2026-05-31 10:55:00+00:00,1.336,1.3372,1.3355,1.3372,13957.02,18654.067463,XRPUSDT,bybit
2026-05-31 11:00:00+00:00,1.3372,1.3387,1.3371,1.3379,15581.92,20850.788234,XRPUSDT,bybit
2026-05-31 11:05:00+00:00,1.3379,1.3383,1.3376,1.338,4910.29,6570.351703,XRPUSDT,bybit
2026-05-31 11:10:00+00:00,1.338,1.3389,1.3379,1.3382,14193.79,18997.125393,XRPUSDT,bybit
2026-05-31 11:15:00+00:00,1.3382,1.3385,1.3376,1.3382,7358.52,9846.83238,XRPUSDT,bybit
2026-05-31 11:20:00+00:00,1.3382,1.3393,1.3379,1.3393,19535.88,26145.174714,XRPUSDT,bybit
2026-05-31 11:25:00+00:00,1.3393,1.3433,1.3393,1.3423,92317.53,123840.766061,XRPUSDT,bybit
2026-05-31 11:30:00+00:00,1.3423,1.3424,1.3414,1.3418,15287.36,20514.905295,XRPUSDT,bybit
2026-05-31 11:35:00+00:00,1.3418,1.3418,1.341,1.3411,25220.31,33830.247925,XRPUSDT,bybit
2026-05-31 11:40:00+00:00,1.3411,1.3412,1.3405,1.3411,28010.04,37559.269111,XRPUSDT,bybit
2026-05-31 11:45:00+00:00,1.3411,1.3418,1.3403,1.3409,13373.48,17933.345179,XRPUSDT,bybit
2026-05-31 11:50:00+00:00,1.3409,1.3427,1.3409,1.3426,24849.27,33344.965001,XRPUSDT,bybit
2026-05-31 11:55:00+00:00,1.3426,1.3429,1.3418,1.3418,9731.45,13065.979166,XRPUSDT,bybit
2026-05-31 12:00:00+00:00,1.3418,1.3421,1.3388,1.3395,70117.08,93977.465291,XRPUSDT,bybit
2026-05-31 12:05:00+00:00,1.3395,1.34,1.3395,1.3399,7690.73,10303.750145,XRPUSDT,bybit
2026-05-31 12:10:00+00:00,1.3399,1.341,1.3398,1.3406,17136.17,22970.277471,XRPUSDT,bybit
2026-05-31 12:15:00+00:00,1.3406,1.3427,1.3406,1.3419,41587.57,55808.605647,XRPUSDT,bybit
2026-05-31 12:20:00+00:00,1.3419,1.3419,1.3407,1.3413,6937.68,9305.046443,XRPUSDT,bybit
2026-05-31 12:25:00+00:00,1.3413,1.342,1.3408,1.3419,8881.06,11911.293447,XRPUSDT,bybit
2026-05-31 12:30:00+00:00,1.3419,1.3421,1.3414,1.3414,12435.9,16686.487864,XRPUSDT,bybit
2026-05-31 12:35:00+00:00,1.3414,1.343,1.3414,1.3423,8956.62,12022.845066,XRPUSDT,bybit
2026-05-31 12:40:00+00:00,1.3423,1.3432,1.3422,1.3428,14842.69,19930.27247,XRPUSDT,bybit
2026-05-31 12:45:00+00:00,1.3428,1.3437,1.3424,1.3428,30828.82,41406.224918,XRPUSDT,bybit
2026-05-31 12:50:00+00:00,1.3428,1.3431,1.3409,1.3414,29910.0,40147.397323,XRPUSDT,bybit
2026-05-31 12:55:00+00:00,1.3414,1.3425,1.3414,1.3424,65742.98,88207.783704,XRPUSDT,bybit
2026-05-31 13:00:00+00:00,1.3424,1.3433,1.3416,1.3416,39619.99,53194.36961,XRPUSDT,bybit
2026-05-31 13:05:00+00:00,1.3416,1.3444,1.3416,1.3444,79419.48,106732.454462,XRPUSDT,bybit
2026-05-31 13:10:00+00:00,1.3444,1.3459,1.3444,1.3459,47865.11,64395.108697,XRPUSDT,bybit
2026-05-31 13:15:00+00:00,1.3459,1.3478,1.3451,1.3466,78340.47,105472.323386,XRPUSDT,bybit
2026-05-31 13:20:00+00:00,1.3466,1.3484,1.3466,1.3477,83242.81,112192.886144,XRPUSDT,bybit
2026-05-31 13:25:00+00:00,1.3477,1.3484,1.3466,1.3466,7657.61,10315.97487,XRPUSDT,bybit
2026-05-31 13:30:00+00:00,1.3466,1.3473,1.3462,1.3464,28384.42,38230.518135,XRPUSDT,bybit
2026-05-31 13:35:00+00:00,1.3464,1.3476,1.3441,1.3454,40424.09,54393.036302,XRPUSDT,bybit
2026-05-31 13:40:00+00:00,1.3454,1.3454,1.344,1.3447,56485.03,75951.609361,XRPUSDT,bybit
2026-05-31 13:45:00+00:00,1.3447,1.3451,1.3437,1.3439,3345.47,4497.766085,XRPUSDT,bybit
2026-05-31 13:50:00+00:00,1.3439,1.3448,1.3429,1.3439,33422.49,44910.046119,XRPUSDT,bybit
2026-05-31 13:55:00+00:00,1.3439,1.3439,1.3425,1.3425,7429.28,9979.855815,XRPUSDT,bybit
2026-05-31 14:00:00+00:00,1.3425,1.3426,1.34,1.3415,86810.09,116431.500319,XRPUSDT,bybit
2026-05-31 14:05:00+00:00,1.3415,1.3432,1.3406,1.343,46982.07,63035.458237,XRPUSDT,bybit
2026-05-31 14:10:00+00:00,1.343,1.3441,1.3355,1.3376,442593.15,592471.457928,XRPUSDT,bybit
2026-05-31 14:15:00+00:00,1.3376,1.34,1.3279,1.3304,1122245.65,1496175.942351,XRPUSDT,bybit
2026-05-31 14:20:00+00:00,1.3304,1.3333,1.3287,1.331,274406.98,365222.531314,XRPUSDT,bybit
2026-05-31 14:25:00+00:00,1.331,1.3334,1.3303,1.3308,127748.86,170129.510539,XRPUSDT,bybit
2026-05-31 14:30:00+00:00,1.3308,1.3321,1.3295,1.3317,98534.68,131162.374388,XRPUSDT,bybit
2026-05-31 14:35:00+00:00,1.3317,1.3329,1.3302,1.3314,62209.74,82830.361821,XRPUSDT,bybit
2026-05-31 14:40:00+00:00,1.3314,1.3315,1.3281,1.3292,88682.22,117934.443561,XRPUSDT,bybit
2026-05-31 14:45:00+00:00,1.3292,1.3319,1.3292,1.331,82017.32,109164.652004,XRPUSDT,bybit
2026-05-31 14:50:00+00:00,1.331,1.3319,1.331,1.3319,18918.62,25193.950892,XRPUSDT,bybit
2026-05-31 14:55:00+00:00,1.3319,1.3319,1.3293,1.3303,27768.17,36942.369617,XRPUSDT,bybit
2026-05-31 15:00:00+00:00,1.3303,1.3313,1.33,1.3304,42315.47,56301.556647,XRPUSDT,bybit
2026-05-31 15:05:00+00:00,1.3304,1.3315,1.3304,1.3314,11222.53,14938.371046,XRPUSDT,bybit
2026-05-31 15:10:00+00:00,1.3314,1.3325,1.3313,1.3324,21451.4,28567.594491,XRPUSDT,bybit
2026-05-31 15:15:00+00:00,1.3324,1.3325,1.3309,1.3322,29245.92,38953.638457,XRPUSDT,bybit
2026-05-31 15:20:00+00:00,1.3322,1.3341,1.3322,1.3341,22057.57,29397.318344,XRPUSDT,bybit
2026-05-31 15:25:00+00:00,1.3341,1.3349,1.3338,1.3338,17573.29,23450.014096,XRPUSDT,bybit
2026-05-31 15:30:00+00:00,1.3338,1.3344,1.3336,1.3344,34775.42,46387.471924,XRPUSDT,bybit
2026-05-31 15:35:00+00:00,1.3344,1.3346,1.3335,1.334,5267.47,7026.61841,XRPUSDT,bybit
2026-05-31 15:40:00+00:00,1.334,1.3341,1.3302,1.3307,58971.0,78556.153355,XRPUSDT,bybit
2026-05-31 15:45:00+00:00,1.3307,1.3314,1.3298,1.3299,42025.01,55903.809001,XRPUSDT,bybit
2026-05-31 15:50:00+00:00,1.3299,1.3308,1.329,1.3304,47154.15,62727.684574,XRPUSDT,bybit
2026-05-31 15:55:00+00:00,1.3304,1.3311,1.3299,1.3306,47091.1,62659.169398,XRPUSDT,bybit
2026-05-31 16:00:00+00:00,1.3306,1.3322,1.3299,1.3319,52246.9,69549.558153,XRPUSDT,bybit
2026-05-31 16:05:00+00:00,1.3319,1.3326,1.3296,1.3298,183806.29,244657.150318,XRPUSDT,bybit
2026-05-31 16:10:00+00:00,1.3298,1.3299,1.3276,1.3283,137517.87,182699.193235,XRPUSDT,bybit
2026-05-31 16:15:00+00:00,1.3283,1.329,1.3277,1.329,110081.46,146234.252416,XRPUSDT,bybit
2026-05-31 16:20:00+00:00,1.329,1.3295,1.3263,1.3273,194319.42,257954.352062,XRPUSDT,bybit
2026-05-31 16:25:00+00:00,1.3273,1.3292,1.3217,1.3289,863562.48,1144493.174455,XRPUSDT,bybit
2026-05-31 16:30:00+00:00,1.3289,1.3297,1.3238,1.3257,274080.51,363670.668425,XRPUSDT,bybit
2026-05-31 16:35:00+00:00,1.3257,1.3279,1.3248,1.3262,369529.67,490143.259038,XRPUSDT,bybit
2026-05-31 16:40:00+00:00,1.3262,1.3271,1.3262,1.3268,45150.04,59894.376808,XRPUSDT,bybit
2026-05-31 16:45:00+00:00,1.3268,1.3268,1.3257,1.3261,13823.39,18333.718425,XRPUSDT,bybit
2026-05-31 16:50:00+00:00,1.3261,1.3277,1.3261,1.3274,33033.19,43836.139981,XRPUSDT,bybit
2026-05-31 16:55:00+00:00,1.3274,1.3278,1.3274,1.3278,11699.75,15533.649228,XRPUSDT,bybit
2026-05-31 17:00:00+00:00,1.3278,1.3298,1.3276,1.3283,26768.94,35570.522685,XRPUSDT,bybit
2026-05-31 17:05:00+00:00,1.3283,1.3297,1.3283,1.3292,71166.58,94572.652561,XRPUSDT,bybit
2026-05-31 17:10:00+00:00,1.3292,1.3292,1.3275,1.3278,96874.75,128661.375865,XRPUSDT,bybit
2026-05-31 17:15:00+00:00,1.3278,1.3295,1.3278,1.3281,42539.22,56516.125944,XRPUSDT,bybit
2026-05-31 17:20:00+00:00,1.3281,1.329,1.3281,1.329,25229.58,33522.142463,XRPUSDT,bybit
2026-05-31 17:25:00+00:00,1.329,1.3305,1.329,1.3296,24994.59,33244.16228,XRPUSDT,bybit
2026-05-31 17:30:00+00:00,1.3296,1.3314,1.3296,1.3306,9417.81,12529.950813,XRPUSDT,bybit
2026-05-31 17:35:00+00:00,1.3306,1.3316,1.3306,1.3314,5483.2,7299.717516,XRPUSDT,bybit
2026-05-31 17:40:00+00:00,1.3314,1.3318,1.3314,1.3316,7619.71,10146.14092,XRPUSDT,bybit
2026-05-31 17:45:00+00:00,1.3316,1.332,1.3314,1.3317,5854.07,7795.706564,XRPUSDT,bybit
2026-05-31 17:50:00+00:00,1.3317,1.3319,1.3314,1.3317,24089.63,32077.341782,XRPUSDT,bybit
2026-05-31 17:55:00+00:00,1.3317,1.3317,1.3304,1.3309,26029.7,34638.076823,XRPUSDT,bybit
2026-05-31 18:00:00+00:00,1.3309,1.3311,1.3289,1.3292,20877.66,27763.358489,XRPUSDT,bybit
2026-05-31 18:05:00+00:00,1.3292,1.3297,1.3288,1.3291,22008.55,29252.686956,XRPUSDT,bybit
2026-05-31 18:10:00+00:00,1.3291,1.3297,1.3286,1.3286,12158.39,16164.192921,XRPUSDT,bybit
2026-05-31 18:15:00+00:00,1.3286,1.3286,1.3274,1.3281,29976.21,39810.944127,XRPUSDT,bybit
2026-05-31 18:20:00+00:00,1.3281,1.3282,1.327,1.3278,23921.92,31763.90303,XRPUSDT,bybit
2026-05-31 18:25:00+00:00,1.3278,1.3287,1.3278,1.3283,10725.23,14248.501591,XRPUSDT,bybit
2026-05-31 18:30:00+00:00,1.3283,1.3303,1.3276,1.3289,28913.33,38432.861488,XRPUSDT,bybit
2026-05-31 18:35:00+00:00,1.3289,1.3291,1.3275,1.3275,8623.34,11454.816743,XRPUSDT,bybit
2026-05-31 18:40:00+00:00,1.3275,1.3286,1.3275,1.3279,24730.71,32845.706951,XRPUSDT,bybit
2026-05-31 18:45:00+00:00,1.3279,1.3282,1.3268,1.3268,26847.11,35640.1778,XRPUSDT,bybit
2026-05-31 18:50:00+00:00,1.3268,1.3269,1.3261,1.3268,25479.9,33800.234347,XRPUSDT,bybit
2026-05-31 18:55:00+00:00,1.3268,1.3281,1.3268,1.3275,11239.31,14918.248139,XRPUSDT,bybit
2026-05-31 19:00:00+00:00,1.3275,1.3281,1.3257,1.3257,27165.71,36051.93592,XRPUSDT,bybit
2026-05-31 19:05:00+00:00,1.3257,1.3259,1.3249,1.3253,19635.88,26023.809256,XRPUSDT,bybit
2026-05-31 19:10:00+00:00,1.3253,1.3258,1.3246,1.3246,7726.77,10240.700881,XRPUSDT,bybit
2026-05-31 19:15:00+00:00,1.3246,1.3259,1.3241,1.3255,15330.32,20312.201584,XRPUSDT,bybit
2026-05-31 19:20:00+00:00,1.3255,1.3259,1.3235,1.3235,14393.28,19068.327633,XRPUSDT,bybit
2026-05-31 19:25:00+00:00,1.3235,1.3241,1.3226,1.324,52597.79,69613.991338,XRPUSDT,bybit
2026-05-31 19:30:00+00:00,1.324,1.3242,1.3208,1.3229,155364.12,205403.673989,XRPUSDT,bybit
2026-05-31 19:35:00+00:00,1.3229,1.3242,1.3227,1.3242,26376.93,34912.564044,XRPUSDT,bybit
2026-05-31 19:40:00+00:00,1.3242,1.3252,1.3239,1.3249,10377.47,13746.992578,XRPUSDT,bybit
2026-05-31 19:45:00+00:00,1.3249,1.3254,1.3245,1.3254,8175.8,10831.559951,XRPUSDT,bybit
2026-05-31 19:50:00+00:00,1.3254,1.3261,1.325,1.3261,18048.04,23924.027182,XRPUSDT,bybit
2026-05-31 19:55:00+00:00,1.3261,1.3272,1.3261,1.3264,11921.73,15815.037551,XRPUSDT,bybit
2026-05-31 20:00:00+00:00,1.3264,1.3294,1.3263,1.3282,80082.65,106368.387549,XRPUSDT,bybit
2026-05-31 20:05:00+00:00,1.3282,1.329,1.3279,1.3288,53460.38,71020.896608,XRPUSDT,bybit
2026-05-31 20:10:00+00:00,1.3288,1.3291,1.3285,1.3291,36288.66,48220.661232,XRPUSDT,bybit
2026-05-31 20:15:00+00:00,1.3291,1.3299,1.3288,1.3297,12860.92,17094.388512,XRPUSDT,bybit
2026-05-31 20:20:00+00:00,1.3297,1.3306,1.3292,1.3293,17530.58,23310.164982,XRPUSDT,bybit
2026-05-31 20:25:00+00:00,1.3293,1.33,1.3293,1.3296,12795.81,17013.481868,XRPUSDT,bybit
2026-05-31 20:30:00+00:00,1.3296,1.3301,1.3294,1.3294,5105.83,6789.85015,XRPUSDT,bybit
2026-05-31 20:35:00+00:00,1.3294,1.3296,1.3291,1.3292,19077.25,25360.89613,XRPUSDT,bybit
2026-05-31 20:40:00+00:00,1.3292,1.3293,1.3282,1.3284,29504.38,39190.29728,XRPUSDT,bybit
2026-05-31 20:45:00+00:00,1.3284,1.3289,1.3283,1.3289,17076.75,22685.90999,XRPUSDT,bybit
2026-05-31 20:50:00+00:00,1.3289,1.3302,1.3289,1.3302,16019.52,21302.372009,XRPUSDT,bybit
2026-05-31 20:55:00+00:00,1.3302,1.3313,1.3302,1.3309,8007.05,10656.041262,XRPUSDT,bybit
2026-05-31 21:00:00+00:00,1.3309,1.3312,1.3298,1.3299,31269.37,41595.75232,XRPUSDT,bybit
2026-05-31 21:05:00+00:00,1.3299,1.3308,1.3299,1.3304,16236.89,21599.221555,XRPUSDT,bybit
2026-05-31 21:10:00+00:00,1.3304,1.3307,1.3292,1.3297,133274.43,177274.676459,XRPUSDT,bybit
2026-05-31 21:15:00+00:00,1.3297,1.3317,1.3296,1.3302,34433.66,45828.100408,XRPUSDT,bybit
2026-05-31 21:20:00+00:00,1.3302,1.3304,1.3296,1.3302,12137.04,16142.272292,XRPUSDT,bybit
2026-05-31 21:25:00+00:00,1.3302,1.3306,1.3296,1.3296,12765.77,16976.511684,XRPUSDT,bybit
2026-05-31 21:30:00+00:00,1.3296,1.3318,1.3296,1.3318,12487.83,16612.042946,XRPUSDT,bybit
2026-05-31 21:35:00+00:00,1.3318,1.3338,1.3318,1.3333,59533.34,79359.863343,XRPUSDT,bybit
2026-05-31 21:40:00+00:00,1.3333,1.3342,1.3328,1.3331,22394.32,29863.411256,XRPUSDT,bybit
2026-05-31 21:45:00+00:00,1.3331,1.335,1.333,1.3346,17884.5,23856.613111,XRPUSDT,bybit
2026-05-31 21:50:00+00:00,1.3346,1.335,1.3336,1.3336,40503.54,54051.502148,XRPUSDT,bybit
2026-05-31 21:55:00+00:00,1.3336,1.3346,1.3334,1.3346,23863.28,31828.91676,XRPUSDT,bybit
2026-05-31 22:00:00+00:00,1.3346,1.3373,1.3314,1.3329,331683.66,443036.565884,XRPUSDT,bybit
2026-05-31 22:05:00+00:00,1.3329,1.3359,1.3328,1.3358,31404.46,41889.681197,XRPUSDT,bybit
2026-05-31 22:10:00+00:00,1.3358,1.3375,1.3356,1.3375,41838.6,55920.767275,XRPUSDT,bybit
2026-05-31 22:15:00+00:00,1.3375,1.3401,1.3366,1.3367,55623.29,74445.70788,XRPUSDT,bybit
2026-05-31 22:20:00+00:00,1.3367,1.3367,1.3347,1.3353,98680.79,131776.513765,XRPUSDT,bybit
2026-05-31 22:25:00+00:00,1.3353,1.3381,1.3353,1.3354,92613.16,123799.366112,XRPUSDT,bybit
2026-05-31 22:30:00+00:00,1.3354,1.3389,1.3353,1.3386,99746.98,133369.570784,XRPUSDT,bybit
2026-05-31 22:35:00+00:00,1.3386,1.3389,1.336,1.3364,82028.05,109751.676716,XRPUSDT,bybit
2026-05-31 22:40:00+00:00,1.3364,1.3372,1.3364,1.3366,6617.29,8845.577502,XRPUSDT,bybit
2026-05-31 22:45:00+00:00,1.3366,1.3386,1.3366,1.3373,67886.21,90782.600962,XRPUSDT,bybit
2026-05-31 22:50:00+00:00,1.3373,1.338,1.3366,1.3373,13189.81,17639.35977,XRPUSDT,bybit
2026-05-31 22:55:00+00:00,1.3373,1.3386,1.3368,1.337,23926.9,32007.425239,XRPUSDT,bybit
2026-05-31 23:00:00+00:00,1.337,1.3425,1.337,1.3396,116518.35,156086.801493,XRPUSDT,bybit
2026-05-31 23:05:00+00:00,1.3396,1.34,1.3372,1.3382,26481.09,35446.870214,XRPUSDT,bybit
2026-05-31 23:10:00+00:00,1.3382,1.3385,1.3367,1.3367,23512.47,31448.948312,XRPUSDT,bybit
2026-05-31 23:15:00+00:00,1.3367,1.3376,1.3359,1.3366,23326.1,31180.402349,XRPUSDT,bybit
2026-05-31 23:20:00+00:00,1.3366,1.3367,1.3327,1.3346,157025.73,209474.151672,XRPUSDT,bybit
2026-05-31 23:25:00+00:00,1.3346,1.3347,1.3335,1.3335,36080.76,48138.537143,XRPUSDT,bybit
2026-05-31 23:30:00+00:00,1.3335,1.3336,1.3303,1.3319,227460.45,303034.548235,XRPUSDT,bybit
2026-05-31 23:35:00+00:00,1.3319,1.3319,1.3276,1.3289,183652.36,244126.707236,XRPUSDT,bybit
2026-05-31 23:40:00+00:00,1.3289,1.3293,1.3278,1.3292,40804.13,54213.539429,XRPUSDT,bybit
2026-05-31 23:45:00+00:00,1.3292,1.3322,1.3288,1.3319,43440.77,57777.05562,XRPUSDT,bybit
2026-05-31 23:50:00+00:00,1.3319,1.333,1.3319,1.3324,12203.83,16263.81479,XRPUSDT,bybit
2026-05-31 23:55:00+00:00,1.3324,1.3336,1.3324,1.333,15584.44,20776.934764,XRPUSDT,bybit
2026-06-01 00:00:00+00:00,1.333,1.3379,1.3328,1.3375,57352.79,76630.504986,XRPUSDT,bybit
2026-06-01 00:05:00+00:00,1.3375,1.338,1.3336,1.3347,129721.14,173289.116043,XRPUSDT,bybit
2026-06-01 00:10:00+00:00,1.3347,1.3353,1.3325,1.3339,43386.18,57863.198003,XRPUSDT,bybit
2026-06-01 00:15:00+00:00,1.3339,1.3348,1.3309,1.3311,36132.92,48173.150462,XRPUSDT,bybit
2026-06-01 00:20:00+00:00,1.3311,1.3338,1.3308,1.3325,59192.6,78870.577843,XRPUSDT,bybit
2026-06-01 00:25:00+00:00,1.3325,1.3368,1.3325,1.3366,36699.93,49011.435004,XRPUSDT,bybit
2026-06-01 00:30:00+00:00,1.3366,1.3395,1.3341,1.3371,183671.15,245561.806722,XRPUSDT,bybit
2026-06-01 00:35:00+00:00,1.3371,1.3375,1.3355,1.336,29690.39,39680.199307,XRPUSDT,bybit
2026-06-01 00:40:00+00:00,1.336,1.3387,1.3358,1.3378,29297.76,39187.349807,XRPUSDT,bybit
2026-06-01 00:45:00+00:00,1.3378,1.3407,1.3377,1.3392,47763.1,63988.379053,XRPUSDT,bybit
2026-06-01 00:50:00+00:00,1.3392,1.3412,1.338,1.338,104889.48,140573.610932,XRPUSDT,bybit
2026-06-01 00:55:00+00:00,1.338,1.3384,1.3371,1.3378,51797.14,69285.60452,XRPUSDT,bybit
2026-06-01 01:00:00+00:00,1.3378,1.3389,1.3354,1.3357,53011.77,70859.35018,XRPUSDT,bybit
2026-06-01 01:05:00+00:00,1.3357,1.3364,1.3309,1.331,66543.91,88694.925721,XRPUSDT,bybit
2026-06-01 01:10:00+00:00,1.331,1.3321,1.3306,1.3306,25771.72,34307.917011,XRPUSDT,bybit
2026-06-01 01:15:00+00:00,1.3306,1.3331,1.3306,1.331,50068.46,66672.513003,XRPUSDT,bybit
2026-06-01 01:20:00+00:00,1.331,1.3317,1.3285,1.3286,30253.85,40231.507907,XRPUSDT,bybit
2026-06-01 01:25:00+00:00,1.3286,1.3302,1.3277,1.3289,96238.75,127923.414071,XRPUSDT,bybit
2026-06-01 01:30:00+00:00,1.3289,1.3296,1.3276,1.3296,62002.87,82389.073839,XRPUSDT,bybit
2026-06-01 01:35:00+00:00,1.3296,1.3301,1.3283,1.3284,46777.58,62176.176728,XRPUSDT,bybit
2026-06-01 01:40:00+00:00,1.3284,1.3302,1.3257,1.3262,68298.13,90708.675296,XRPUSDT,bybit
2026-06-01 01:45:00+00:00,1.3262,1.3293,1.325,1.3288,88896.3,118012.12437,XRPUSDT,bybit
2026-06-01 01:50:00+00:00,1.3288,1.3288,1.3233,1.3241,131133.13,173862.366583,XRPUSDT,bybit
2026-06-01 01:55:00+00:00,1.3241,1.3242,1.3218,1.322,87792.97,116156.368879,XRPUSDT,bybit
2026-06-01 02:00:00+00:00,1.322,1.3239,1.3193,1.3229,177289.18,234233.58591,XRPUSDT,bybit
2026-06-01 02:05:00+00:00,1.3229,1.3282,1.3229,1.3273,175065.37,232218.981179,XRPUSDT,bybit
2026-06-01 02:10:00+00:00,1.3273,1.3285,1.3268,1.3276,71291.87,94642.950571,XRPUSDT,bybit
2026-06-01 02:15:00+00:00,1.3276,1.3281,1.3239,1.3248,65507.38,86872.650331,XRPUSDT,bybit
2026-06-01 02:20:00+00:00,1.3248,1.3263,1.3245,1.325,12194.92,16163.195662,XRPUSDT,bybit
2026-06-01 02:25:00+00:00,1.325,1.3257,1.3232,1.3247,37855.03,50142.046527,XRPUSDT,bybit
2026-06-01 02:30:00+00:00,1.3247,1.3247,1.3234,1.3244,22930.33,30366.736974,XRPUSDT,bybit
2026-06-01 02:35:00+00:00,1.3244,1.3257,1.3231,1.3257,28356.27,37550.222216,XRPUSDT,bybit
2026-06-01 02:40:00+00:00,1.3257,1.3347,1.3245,1.3312,325786.56,433989.073733,XRPUSDT,bybit
2026-06-01 02:45:00+00:00,1.3312,1.3335,1.3304,1.3322,80919.94,107787.840154,XRPUSDT,bybit
2026-06-01 02:50:00+00:00,1.3322,1.3334,1.3308,1.3315,76080.25,101348.551553,XRPUSDT,bybit
2026-06-01 02:55:00+00:00,1.3315,1.3318,1.3304,1.331,60995.49,81185.082049,XRPUSDT,bybit
2026-06-01 03:00:00+00:00,1.331,1.3357,1.3307,1.3343,126498.14,168565.041346,XRPUSDT,bybit
2026-06-01 03:05:00+00:00,1.3343,1.3352,1.3331,1.3351,76195.7,101646.133379,XRPUSDT,bybit
2026-06-01 03:10:00+00:00,1.3351,1.3351,1.3325,1.3329,39323.92,52446.938303,XRPUSDT,bybit
2026-06-01 03:15:00+00:00,1.3329,1.3336,1.3296,1.3325,169554.59,225749.037727,XRPUSDT,bybit
2026-06-01 03:20:00+00:00,1.3325,1.3339,1.3318,1.3331,70665.63,94185.366557,XRPUSDT,bybit
2026-06-01 03:25:00+00:00,1.3331,1.3337,1.3318,1.3331,26898.43,35856.20189,XRPUSDT,bybit
2026-06-01 03:30:00+00:00,1.3331,1.3352,1.3331,1.3339,58494.63,78045.279629,XRPUSDT,bybit
2026-06-01 03:35:00+00:00,1.3339,1.3345,1.3317,1.332,44658.68,59520.212842,XRPUSDT,bybit
2026-06-01 03:40:00+00:00,1.332,1.3327,1.3306,1.3326,44224.83,58904.868705,XRPUSDT,bybit
2026-06-01 03:45:00+00:00,1.3326,1.3332,1.3318,1.3326,10939.11,14577.764626,XRPUSDT,bybit
2026-06-01 03:50:00+00:00,1.3326,1.3329,1.3299,1.3302,27645.83,36806.875577,XRPUSDT,bybit
2026-06-01 03:55:00+00:00,1.3302,1.3309,1.3298,1.3308,17330.86,23058.575226,XRPUSDT,bybit
2026-06-01 04:00:00+00:00,1.3308,1.3332,1.3308,1.3311,43155.68,57467.742967,XRPUSDT,bybit
2026-06-01 04:05:00+00:00,1.3311,1.3311,1.3286,1.3292,23466.74,31196.112069,XRPUSDT,bybit
2026-06-01 04:10:00+00:00,1.3292,1.3292,1.3263,1.3273,24237.31,32180.471589,XRPUSDT,bybit
2026-06-01 04:15:00+00:00,1.3273,1.3279,1.3241,1.3243,74626.17,98929.872137,XRPUSDT,bybit
2026-06-01 04:20:00+00:00,1.3243,1.3246,1.3214,1.3217,82127.24,108672.025746,XRPUSDT,bybit
2026-06-01 04:25:00+00:00,1.3217,1.3227,1.3213,1.3215,48670.38,64341.714298,XRPUSDT,bybit
2026-06-01 04:30:00+00:00,1.3215,1.3236,1.3213,1.3226,45263.64,59880.029892,XRPUSDT,bybit
2026-06-01 04:35:00+00:00,1.3226,1.3249,1.3226,1.324,99847.79,132202.323321,XRPUSDT,bybit
2026-06-01 04:40:00+00:00,1.324,1.3245,1.3233,1.3242,25834.79,34199.966926,XRPUSDT,bybit
2026-06-01 04:45:00+00:00,1.3242,1.3244,1.3173,1.32,254148.51,335727.651972,XRPUSDT,bybit
2026-06-01 04:50:00+00:00,1.32,1.3225,1.32,1.3225,35435.66,46825.384903,XRPUSDT,bybit
2026-06-01 04:55:00+00:00,1.3225,1.3238,1.322,1.3223,58595.37,77496.926038,XRPUSDT,bybit
2026-06-01 05:00:00+00:00,1.3223,1.3228,1.3204,1.3222,34178.1,45163.560939,XRPUSDT,bybit
2026-06-01 05:05:00+00:00,1.3222,1.3233,1.3207,1.3207,80348.61,106219.817682,XRPUSDT,bybit
2026-06-01 05:10:00+00:00,1.3207,1.3217,1.3189,1.3207,119131.23,157322.799987,XRPUSDT,bybit
2026-06-01 05:15:00+00:00,1.3207,1.321,1.3191,1.3203,46881.81,61912.620331,XRPUSDT,bybit
2026-06-01 05:20:00+00:00,1.3203,1.3227,1.3202,1.3202,30993.65,40950.812584,XRPUSDT,bybit
2026-06-01 05:25:00+00:00,1.3202,1.3202,1.3166,1.3171,66233.1,87299.419685,XRPUSDT,bybit
2026-06-01 05:30:00+00:00,1.3171,1.3188,1.3169,1.3174,162050.43,213594.956673,XRPUSDT,bybit
2026-06-01 05:35:00+00:00,1.3174,1.3192,1.3156,1.3191,114062.81,150293.027111,XRPUSDT,bybit
2026-06-01 05:40:00+00:00,1.3191,1.3207,1.3191,1.3206,32685.24,43134.988831,XRPUSDT,bybit
2026-06-01 05:45:00+00:00,1.3206,1.3206,1.3188,1.319,47854.11,63153.089496,XRPUSDT,bybit
2026-06-01 05:50:00+00:00,1.319,1.3211,1.3183,1.319,117602.0,155198.914454,XRPUSDT,bybit
2026-06-01 05:55:00+00:00,1.319,1.3204,1.3162,1.3165,101013.23,133203.735681,XRPUSDT,bybit
2026-06-01 06:00:00+00:00,1.3165,1.317,1.3144,1.3155,27226.93,35822.313535,XRPUSDT,bybit
2026-06-01 06:05:00+00:00,1.3155,1.3155,1.3127,1.3132,59423.1,78087.237303,XRPUSDT,bybit
2026-06-01 06:10:00+00:00,1.3132,1.3144,1.3127,1.3144,42329.34,55600.58019,XRPUSDT,bybit
2026-06-01 06:15:00+00:00,1.3144,1.3156,1.3143,1.3146,46180.21,60729.36259,XRPUSDT,bybit
2026-06-01 06:20:00+00:00,1.3146,1.3158,1.3129,1.3144,126099.03,165753.225147,XRPUSDT,bybit
2026-06-01 06:25:00+00:00,1.3144,1.3144,1.3127,1.3134,48005.27,63060.64055,XRPUSDT,bybit
2026-06-01 06:30:00+00:00,1.3134,1.3153,1.312,1.314,68808.56,90388.658643,XRPUSDT,bybit
2026-06-01 06:35:00+00:00,1.314,1.3148,1.3123,1.3137,76877.52,100993.892847,XRPUSDT,bybit
2026-06-01 06:40:00+00:00,1.3137,1.3138,1.3097,1.3107,77364.15,101457.141836,XRPUSDT,bybit
2026-06-01 06:45:00+00:00,1.3107,1.3147,1.3103,1.3143,410070.93,538329.25667,XRPUSDT,bybit
2026-06-01 06:50:00+00:00,1.3143,1.3169,1.3139,1.3148,254160.26,334415.680694,XRPUSDT,bybit
2026-06-01 06:55:00+00:00,1.3148,1.3152,1.3135,1.3141,81945.46,107684.856932,XRPUSDT,bybit
2026-06-01 07:00:00+00:00,1.3141,1.3144,1.3119,1.3142,70504.05,92582.189822,XRPUSDT,bybit
2026-06-01 07:05:00+00:00,1.3142,1.3154,1.3127,1.3137,91626.19,120424.673993,XRPUSDT,bybit
2026-06-01 07:10:00+00:00,1.3137,1.3137,1.3117,1.3125,33269.45,43679.429009,XRPUSDT,bybit
2026-06-01 07:15:00+00:00,1.3125,1.313,1.3091,1.3118,203859.3,267283.193058,XRPUSDT,bybit
2026-06-01 07:20:00+00:00,1.3118,1.3122,1.3094,1.3098,60965.57,79911.138941,XRPUSDT,bybit
2026-06-01 07:25:00+00:00,1.3098,1.3108,1.3085,1.3085,38986.74,51072.099259,XRPUSDT,bybit
