open_time,open,high,low,close,volume,turnover,symbol,exchange
2026-05-18 07:30:00+00:00,77044.5,77091.2,77014.8,77069.1,42.440427,3270437.7639593,BTCUSDT,bybit
2026-05-18 07:35:00+00:00,77069.1,77069.1,77002.6,77003.0,27.035319,2082651.1881357,BTCUSDT,bybit
2026-05-18 07:40:00+00:00,77003.0,77032.2,76931.0,76974.6,25.084493,1930900.7026154,BTCUSDT,bybit
2026-05-18 07:45:00+00:00,76974.6,77061.1,76974.6,77030.6,47.931096,3691938.1218528,BTCUSDT,bybit
2026-05-18 07:50:00+00:00,77030.6,77065.2,77001.4,77055.3,23.991766,1848261.4633946,BTCUSDT,bybit
2026-05-18 07:55:00+00:00,77055.3,77095.1,77039.0,77077.1,32.286475,2488145.7689345,BTCUSDT,bybit
2026-05-18 08:00:00+00:00,77077.1,77160.1,77069.7,77160.1,29.881058,2303993.5865975,BTCUSDT,bybit
2026-05-18 08:05:00+00:00,77160.1,77192.3,77112.6,77119.4,57.053103,4401436.63413794,BTCUSDT,bybit
2026-05-18 08:10:00+00:00,77119.4,77119.4,77017.8,77046.5,32.253795,2485494.1997625,BTCUSDT,bybit
2026-05-18 08:15:00+00:00,77046.5,77047.2,77002.2,77017.1,21.870075,1684563.1097357,BTCUSDT,bybit
2026-05-18 08:20:00+00:00,77017.1,77074.7,76964.4,76998.8,44.744966,3445802.5209646,BTCUSDT,bybit
2026-05-18 08:25:00+00:00,76998.8,77031.9,76984.0,76984.0,26.47079,2038641.2010525,BTCUSDT,bybit
2026-05-18 08:30:00+00:00,76984.0,77003.2,76924.1,76994.4,26.759596,2059736.7384631,BTCUSDT,bybit
2026-05-18 08:35:00+00:00,76994.4,76994.4,76890.9,76941.1,20.446105,1572862.039656,BTCUSDT,bybit
2026-05-18 08:40:00+00:00,76941.1,76969.4,76924.5,76956.0,17.406157,1339361.6173342,BTCUSDT,bybit
2026-05-18 08:45:00+00:00,76956.0,76989.9,76897.3,76926.4,29.265373,2251900.1419708,BTCUSDT,bybit
2026-05-18 08:50:00+00:00,76926.4,77026.1,76926.4,77017.0,27.116642,2087274.8110906,BTCUSDT,bybit
2026-05-18 08:55:00+00:00,77017.0,77037.5,77003.2,77037.4,9.477887,729980.3841847,BTCUSDT,bybit
2026-05-18 09:00:00+00:00,77037.4,77051.1,76947.1,76951.2,17.847566,1374375.4545589,BTCUSDT,bybit
2026-05-18 09:05:00+00:00,76951.2,76957.8,76903.0,76937.6,22.123081,1702161.3754933,BTCUSDT,bybit
2026-05-18 09:10:00+00:00,76937.6,76937.6,76876.2,76912.3,19.112988,1470068.7607546,BTCUSDT,bybit
2026-05-18 09:15:00+00:00,76912.3,76967.9,76901.7,76922.9,16.815167,1293802.2806462,BTCUSDT,bybit
2026-05-18 09:20:00+00:00,76922.9,76980.7,76922.9,76980.7,15.611484,1201468.5296306,BTCUSDT,bybit
2026-05-18 09:25:00+00:00,76980.7,76986.7,76930.1,76970.8,19.34838,1489196.983549,BTCUSDT,bybit
2026-05-18 09:30:00+00:00,76970.8,76970.9,76904.2,76967.0,28.019297,2155884.4073959,BTCUSDT,bybit
2026-05-18 09:35:00+00:00,76967.0,77029.7,76967.0,76998.8,21.537837,1658454.1794811,BTCUSDT,bybit
2026-05-18 09:40:00+00:00,76998.8,77003.2,76946.2,76955.2,15.424933,1187286.0294114,BTCUSDT,bybit
2026-05-18 09:45:00+00:00,76955.2,76994.9,76939.8,76968.1,18.81418,1448243.3912964,BTCUSDT,bybit
2026-05-18 09:50:00+00:00,76968.1,76997.9,76914.8,76923.7,25.697731,1977370.3277246,BTCUSDT,bybit
2026-05-18 09:55:00+00:00,76923.7,76945.3,76913.6,76939.5,51.848033,3988840.3134853,BTCUSDT,bybit
2026-05-18 10:00:00+00:00,76939.5,76960.1,76860.1,76874.1,19.407446,1492954.2707716,BTCUSDT,bybit
2026-05-18 10:05:00+00:00,76874.1,76889.2,76788.7,76847.3,41.628422,3198749.61021257,BTCUSDT,bybit
2026-05-18 10:10:00+00:00,76847.3,76856.6,76776.7,76786.0,45.004209,3456782.133055,BTCUSDT,bybit
2026-05-18 10:15:00+00:00,76786.0,76793.0,76743.5,76763.4,19.404761,1489653.1620325,BTCUSDT,bybit
2026-05-18 10:20:00+00:00,76763.4,76807.0,76712.2,76768.5,27.049536,2076210.1688341,BTCUSDT,bybit
2026-05-18 10:25:00+00:00,76768.5,76832.1,76768.5,76821.0,13.35149,1025502.5957523,BTCUSDT,bybit
2026-05-18 10:30:00+00:00,76821.0,76860.4,76817.0,76817.0,36.523611,2806489.0777586,BTCUSDT,bybit
2026-05-18 10:35:00+00:00,76817.0,76845.7,76769.0,76823.7,29.234619,2245510.766624,BTCUSDT,bybit
2026-05-18 10:40:00+00:00,76823.7,76850.4,76796.8,76818.5,16.550485,1271537.358829,BTCUSDT,bybit
2026-05-18 10:45:00+00:00,76818.5,76899.2,76818.5,76845.0,24.480819,1881632.7583718,BTCUSDT,bybit
2026-05-18 10:50:00+00:00,76845.0,76857.2,76818.8,76818.9,16.783484,1289613.9967253,BTCUSDT,bybit
2026-05-18 10:55:00+00:00,76818.9,76831.0,76769.2,76769.2,7.422854,570138.0310225,BTCUSDT,bybit
2026-05-18 11:00:00+00:00,76769.2,76789.1,76721.0,76760.1,21.633209,1660287.9047504,BTCUSDT,bybit
2026-05-18 11:05:00+00:00,76760.1,76760.1,76686.7,76686.7,23.107427,1772977.7829735,BTCUSDT,bybit
2026-05-18 11:10:00+00:00,76686.7,76769.7,76664.5,76764.1,18.414706,1412902.5749475,BTCUSDT,bybit
2026-05-18 11:15:00+00:00,76764.1,76850.0,76754.5,76835.0,17.479278,1342378.3578091,BTCUSDT,bybit
2026-05-18 11:20:00+00:00,76835.0,76843.7,76810.8,76843.6,11.611374,892011.5679165,BTCUSDT,bybit
2026-05-18 11:25:00+00:00,76843.6,76870.4,76817.6,76817.6,11.206823,861263.07827,BTCUSDT,bybit
2026-05-18 11:30:00+00:00,76817.6,76967.0,76781.0,76953.2,30.454079,2340945.462796,BTCUSDT,bybit
2026-05-18 11:35:00+00:00,76953.2,77174.5,76898.2,77174.2,53.388377,4111644.36326774,BTCUSDT,bybit
2026-05-18 11:40:00+00:00,77174.2,77408.7,77170.2,77362.7,143.174731,11069683.4117225,BTCUSDT,bybit
2026-05-18 11:45:00+00:00,77362.7,77374.7,77253.8,77296.2,47.654282,3683914.3365228,BTCUSDT,bybit
2026-05-18 11:50:00+00:00,77296.2,77324.3,77217.7,77302.7,30.565332,2361686.6908137,BTCUSDT,bybit
2026-05-18 11:55:00+00:00,77302.7,77332.6,77272.9,77292.2,31.930163,2468046.1157401,BTCUSDT,bybit
2026-05-18 12:00:00+00:00,77292.2,77490.8,77284.4,77287.1,96.383161,7458878.43597893,BTCUSDT,bybit
2026-05-18 12:05:00+00:00,77287.1,77489.6,77286.9,77460.9,50.522944,3911685.6082397,BTCUSDT,bybit
2026-05-18 12:10:00+00:00,77460.9,77475.8,77396.0,77435.6,36.350789,2814874.620749,BTCUSDT,bybit
2026-05-18 12:15:00+00:00,77435.6,77490.6,77376.6,77452.0,49.265491,3814875.8766454,BTCUSDT,bybit
2026-05-18 12:20:00+00:00,77452.0,77561.1,77442.2,77536.2,46.990704,3641775.75555769,BTCUSDT,bybit
2026-05-18 12:25:00+00:00,77536.2,77537.5,77297.6,77349.5,77.827807,6023734.0295156,BTCUSDT,bybit
2026-05-18 12:30:00+00:00,77349.5,77568.6,77304.2,77568.6,52.138563,4037291.4196042,BTCUSDT,bybit
2026-05-18 12:35:00+00:00,77568.6,77681.4,77520.9,77650.2,71.091603,5515843.54499248,BTCUSDT,bybit
2026-05-18 12:40:00+00:00,77650.2,77737.4,77645.5,77737.4,50.100766,3892804.1345355,BTCUSDT,bybit
2026-05-18 12:45:00+00:00,77737.4,77805.0,77682.7,77686.2,62.594259,4866145.96549088,BTCUSDT,bybit
2026-05-18 12:50:00+00:00,77686.2,77695.0,77602.1,77620.1,41.224417,3200488.1096905,BTCUSDT,bybit
2026-05-18 12:55:00+00:00,77620.1,77665.5,77592.3,77646.1,49.446025,3838652.2771201,BTCUSDT,bybit
2026-05-18 13:00:00+00:00,77646.1,77650.8,77478.3,77526.7,64.782142,5024172.2461483,BTCUSDT,bybit
2026-05-18 13:05:00+00:00,77526.7,77548.5,77482.6,77486.4,29.972296,2323327.8801487,BTCUSDT,bybit
2026-05-18 13:10:00+00:00,77486.4,77541.5,77462.4,77493.7,54.513136,4225123.71955827,BTCUSDT,bybit
2026-05-18 13:15:00+00:00,77493.7,77497.9,77392.3,77421.4,29.655645,2296121.9646827,BTCUSDT,bybit
2026-05-18 13:20:00+00:00,77421.4,77425.7,77385.2,77399.2,18.689309,1446558.7711485,BTCUSDT,bybit
2026-05-18 13:25:00+00:00,77399.2,77399.2,77284.5,77284.5,40.79661,3155078.6272599,BTCUSDT,bybit
2026-05-18 13:30:00+00:00,77284.5,77295.1,77108.4,77159.9,112.936231,8719554.38251232,BTCUSDT,bybit
2026-05-18 13:35:00+00:00,77159.9,77212.6,76765.0,77027.7,151.923391,11693239.83452126,BTCUSDT,bybit
2026-05-18 13:40:00+00:00,77027.7,77118.9,76792.3,76823.8,116.451248,8958551.0724277,BTCUSDT,bybit
2026-05-18 13:45:00+00:00,76823.8,77027.9,76692.9,76935.4,118.766899,9129904.70821842,BTCUSDT,bybit
2026-05-18 13:50:00+00:00,76935.4,77153.3,76893.2,77046.3,61.683249,4750883.778461,BTCUSDT,bybit
2026-05-18 13:55:00+00:00,77046.3,77061.8,76899.0,76945.0,65.47793,5039931.7123857,BTCUSDT,bybit
2026-05-18 14:00:00+00:00,76945.0,76959.9,76800.8,76957.4,55.911181,4297941.6726581,BTCUSDT,bybit
2026-05-18 14:05:00+00:00,76957.4,76964.8,76744.4,76865.7,98.65536,7579760.4375639,BTCUSDT,bybit
2026-05-18 14:10:00+00:00,76865.7,76877.6,76676.8,76703.4,55.471139,4258576.0943425,BTCUSDT,bybit
2026-05-18 14:15:00+00:00,76703.4,76837.5,76414.4,76623.0,151.161283,11576523.74904207,BTCUSDT,bybit
2026-05-18 14:20:00+00:00,76623.0,76778.1,76585.1,76741.1,123.506607,9474244.3635331,BTCUSDT,bybit
2026-05-18 14:25:00+00:00,76741.1,76828.0,76633.7,76650.2,69.555495,5338247.644969,BTCUSDT,bybit
2026-05-18 14:30:00+00:00,76650.2,76723.1,76326.1,76372.0,115.566747,8841221.72910344,BTCUSDT,bybit
2026-05-18 14:35:00+00:00,76372.0,76588.5,76229.4,76530.2,148.428255,11342158.16513653,BTCUSDT,bybit
2026-05-18 14:40:00+00:00,76530.2,76569.3,76420.0,76482.4,89.127627,6818992.2323538,BTCUSDT,bybit
2026-05-18 14:45:00+00:00,76482.4,76505.7,76312.0,76402.1,96.909305,7403897.6965176,BTCUSDT,bybit
2026-05-18 14:50:00+00:00,76402.1,76501.6,76337.3,76349.4,67.399613,5150555.7395658,BTCUSDT,bybit
2026-05-18 14:55:00+00:00,76349.4,76459.5,76321.1,76398.1,57.745571,4411339.176071,BTCUSDT,bybit
2026-05-18 15:00:00+00:00,76398.1,76434.8,76106.2,76217.0,166.83253,12723989.00541214,BTCUSDT,bybit
2026-05-18 15:05:00+00:00,76217.0,76293.2,76097.7,76161.3,100.39043,7647702.0279218,BTCUSDT,bybit
2026-05-18 15:10:00+00:00,76161.3,76343.3,76155.0,76283.0,67.862818,5175916.1375178,BTCUSDT,bybit
2026-05-18 15:15:00+00:00,76283.0,76312.2,76061.5,76108.9,56.760282,4323729.08977186,BTCUSDT,bybit
2026-05-18 15:20:00+00:00,76108.9,76196.0,76076.9,76172.3,74.582533,5677299.8599911,BTCUSDT,bybit
2026-05-18 15:25:00+00:00,76172.3,76273.7,76073.5,76089.8,133.330373,10156090.8576761,BTCUSDT,bybit
2026-05-18 15:30:00+00:00,76089.8,76220.5,76028.1,76220.5,84.729125,6450272.21502728,BTCUSDT,bybit
2026-05-18 15:35:00+00:00,76220.5,76347.6,76216.8,76228.5,49.514849,3777442.384094,BTCUSDT,bybit
2026-05-18 15:40:00+00:00,76228.5,76363.6,76222.3,76317.5,71.666714,5469427.1167228,BTCUSDT,bybit
2026-05-18 15:45:00+00:00,76317.5,76355.6,76308.6,76311.1,65.595682,5007087.7398581,BTCUSDT,bybit
2026-05-18 15:50:00+00:00,76311.1,76408.6,76269.8,76397.6,48.97562,3738354.2812584,BTCUSDT,bybit
2026-05-18 15:55:00+00:00,76397.6,76481.4,76371.6,76413.0,36.916958,2821784.6267489,BTCUSDT,bybit
2026-05-18 16:00:00+00:00,76413.0,76413.0,76300.0,76311.0,51.89749,3962831.4956505,BTCUSDT,bybit
2026-05-18 16:05:00+00:00,76311.0,76366.7,76236.3,76331.3,66.566937,5079833.2382444,BTCUSDT,bybit
2026-05-18 16:10:00+00:00,76331.3,76584.5,76331.3,76508.0,73.795729,5644462.56152514,BTCUSDT,bybit
2026-05-18 16:15:00+00:00,76508.0,76628.1,76508.0,76604.2,67.186492,5143939.442093,BTCUSDT,bybit
2026-05-18 16:20:00+00:00,76604.2,76658.5,76403.5,76486.5,81.878204,6266730.856505,BTCUSDT,bybit
2026-05-18 16:25:00+00:00,76486.5,76490.9,76212.1,76277.0,74.956701,5720836.46166267,BTCUSDT,bybit
2026-05-18 16:30:00+00:00,76277.0,76416.5,76230.6,76379.9,68.483143,5228392.3382979,BTCUSDT,bybit
2026-05-18 16:35:00+00:00,76379.9,76535.7,76374.9,76453.7,66.171405,5059177.1207906,BTCUSDT,bybit
2026-05-18 16:40:00+00:00,76453.7,76494.1,76389.8,76461.6,40.186619,3072253.4271053,BTCUSDT,bybit
2026-05-18 16:45:00+00:00,76461.6,76544.8,76408.7,76429.1,75.755276,5793670.01996724,BTCUSDT,bybit
2026-05-18 16:50:00+00:00,76429.1,76453.3,76397.2,76412.1,51.928031,3968692.8492437,BTCUSDT,bybit
2026-05-18 16:55:00+00:00,76412.1,76521.3,76395.1,76409.9,46.857698,3582429.9512383,BTCUSDT,bybit
2026-05-18 17:00:00+00:00,76409.9,76566.1,76364.4,76553.3,39.794835,3043106.318629,BTCUSDT,bybit
2026-05-18 17:05:00+00:00,76553.3,76638.5,76522.8,76563.0,42.568247,3260041.5400272,BTCUSDT,bybit
2026-05-18 17:10:00+00:00,76563.0,76607.7,76535.8,76560.7,24.260635,1857760.841018,BTCUSDT,bybit
2026-05-18 17:15:00+00:00,76560.7,76698.5,76560.7,76663.1,49.245289,3774839.697299,BTCUSDT,bybit
2026-05-18 17:20:00+00:00,76663.1,76682.4,76571.8,76633.3,33.44215,2562837.9981928,BTCUSDT,bybit
2026-05-18 17:25:00+00:00,76633.3,76668.5,76581.9,76668.5,27.622664,2116808.5679049,BTCUSDT,bybit
2026-05-18 17:30:00+00:00,76668.5,76672.9,76588.3,76612.9,25.065521,1920813.7708659,BTCUSDT,bybit
2026-05-18 17:35:00+00:00,76612.9,76629.7,76550.5,76611.5,30.652682,2347974.5943766,BTCUSDT,bybit
2026-05-18 17:40:00+00:00,76611.5,76689.2,76593.7,76664.3,34.498783,2644132.7236926,BTCUSDT,bybit
2026-05-18 17:45:00+00:00,76664.3,76744.6,76646.0,76679.0,33.534924,2571902.4749641,BTCUSDT,bybit
2026-05-18 17:50:00+00:00,76679.0,76761.6,76676.4,76714.3,33.590341,2577138.4984446,BTCUSDT,bybit
2026-05-18 17:55:00+00:00,76714.3,76741.1,76683.8,76707.9,17.713286,1358862.7010118,BTCUSDT,bybit
2026-05-18 18:00:00+00:00,76707.9,76708.9,76556.9,76566.3,25.392803,1945486.2528033,BTCUSDT,bybit
2026-05-18 18:05:00+00:00,76566.3,76591.2,76462.2,76518.7,29.251679,2238374.702425,BTCUSDT,bybit
2026-05-18 18:10:00+00:00,76518.7,76523.7,76428.3,76448.0,22.344171,1708779.5796534,BTCUSDT,bybit
2026-05-18 18:15:00+00:00,76448.0,76462.0,76321.0,76339.0,38.990799,2978280.2185525,BTCUSDT,bybit
2026-05-18 18:20:00+00:00,76339.0,76364.5,76273.0,76307.8,31.939063,2437738.3500992,BTCUSDT,bybit
2026-05-18 18:25:00+00:00,76307.8,76362.1,76134.6,76357.7,96.705788,7371369.63324917,BTCUSDT,bybit
2026-05-18 18:30:00+00:00,76357.7,76422.2,76334.9,76390.2,39.099769,2986417.604919,BTCUSDT,bybit
2026-05-18 18:35:00+00:00,76390.2,76420.1,76286.5,76299.9,28.733875,2194477.1994687,BTCUSDT,bybit
2026-05-18 18:40:00+00:00,76299.9,76348.1,76257.5,76327.5,37.638971,2872174.3753941,BTCUSDT,bybit
2026-05-18 18:45:00+00:00,76327.5,76395.1,76265.6,76288.0,35.456043,2706479.769838,BTCUSDT,bybit
2026-05-18 18:50:00+00:00,76288.0,76355.4,76245.3,76245.3,26.574733,2027475.0737501,BTCUSDT,bybit
2026-05-18 18:55:00+00:00,76245.3,76355.3,76214.5,76252.0,45.669631,3483550.3488153,BTCUSDT,bybit
2026-05-18 19:00:00+00:00,76252.0,76920.6,76224.9,76775.7,234.6886,17988252.92339757,BTCUSDT,bybit
2026-05-18 19:05:00+00:00,76775.7,76862.0,76545.1,76663.4,98.128686,7522348.8004779,BTCUSDT,bybit
2026-05-18 19:10:00+00:00,76663.4,76709.9,76599.7,76624.1,46.390827,3555855.7114994,BTCUSDT,bybit
2026-05-18 19:15:00+00:00,76624.1,76680.3,76558.9,76627.1,52.089443,3991127.1620394,BTCUSDT,bybit
2026-05-18 19:20:00+00:00,76627.1,76728.3,76611.9,76619.7,48.363449,3707265.3607342,BTCUSDT,bybit
2026-05-18 19:25:00+00:00,76619.7,76665.7,76548.4,76635.7,22.584646,1730295.0113138,BTCUSDT,bybit
2026-05-18 19:30:00+00:00,76635.7,76752.9,76615.9,76696.0,33.85168,2596462.0566409,BTCUSDT,bybit
2026-05-18 19:35:00+00:00,76696.0,76771.5,76696.0,76728.4,23.390258,1795215.1904552,BTCUSDT,bybit
2026-05-18 19:40:00+00:00,76728.4,76918.1,76717.9,76895.7,45.191067,3471288.4125868,BTCUSDT,bybit
2026-05-18 19:45:00+00:00,76895.7,76978.5,76833.6,76878.4,61.579761,4735817.47538554,BTCUSDT,bybit
2026-05-18 19:50:00+00:00,76878.4,76999.7,76869.4,76894.5,45.819252,3524382.7305119,BTCUSDT,bybit
2026-05-18 19:55:00+00:00,76894.5,76939.7,76873.0,76934.4,45.741027,3517546.372811,BTCUSDT,bybit
2026-05-18 20:00:00+00:00,76934.4,77034.1,76934.4,76964.4,50.813917,3912534.65106529,BTCUSDT,bybit
2026-05-18 20:05:00+00:00,76964.4,76981.7,76870.2,76961.0,35.165499,2705000.6375745,BTCUSDT,bybit
2026-05-18 20:10:00+00:00,76961.0,77081.0,76961.0,77057.1,41.200545,3174211.77906692,BTCUSDT,bybit
2026-05-18 20:15:00+00:00,77057.1,77104.6,77052.9,77064.7,34.805419,2682587.5720134,BTCUSDT,bybit
2026-05-18 20:20:00+00:00,77064.7,77094.8,77045.6,77094.8,19.299709,1487473.6381302,BTCUSDT,bybit
2026-05-18 20:25:00+00:00,77094.8,77167.1,77078.3,77134.8,30.67437,2365627.57556754,BTCUSDT,bybit
2026-05-18 20:30:00+00:00,77134.8,77185.8,77091.6,77102.8,24.561613,1894776.1113086,BTCUSDT,bybit
2026-05-18 20:35:00+00:00,77102.8,77134.1,77076.7,77086.2,25.694556,1981117.4778072,BTCUSDT,bybit
2026-05-18 20:40:00+00:00,77086.2,77087.2,76970.5,76973.0,24.517972,1888351.8803621,BTCUSDT,bybit
2026-05-18 20:45:00+00:00,76973.0,76973.4,76885.3,76886.9,20.130332,1548293.2009742,BTCUSDT,bybit
2026-05-18 20:50:00+00:00,76886.9,77005.6,76886.8,76989.1,26.365628,2028633.6214598,BTCUSDT,bybit
2026-05-18 20:55:00+00:00,76989.1,77046.1,76908.1,76910.3,57.803979,4448715.2542573,BTCUSDT,bybit
2026-05-18 21:00:00+00:00,76910.3,76940.4,76793.8,76872.2,43.466432,3341336.05000427,BTCUSDT,bybit
2026-05-18 21:05:00+00:00,76872.2,76896.3,76818.8,76894.1,19.746885,1517681.5361952,BTCUSDT,bybit
2026-05-18 21:10:00+00:00,76894.1,77022.5,76853.7,76919.2,66.297151,5101961.6996436,BTCUSDT,bybit
2026-05-18 21:15:00+00:00,76919.2,76954.6,76919.2,76954.3,13.20087,1015648.0798352,BTCUSDT,bybit
2026-05-18 21:20:00+00:00,76954.3,77031.1,76954.2,76985.4,16.666973,1283363.0680527,BTCUSDT,bybit
2026-05-18 21:25:00+00:00,76985.4,77082.5,76985.4,77028.8,25.370406,1954237.7915831,BTCUSDT,bybit
2026-05-18 21:30:00+00:00,77028.8,77193.5,77028.8,77066.9,39.980912,3083319.10990929,BTCUSDT,bybit
2026-05-18 21:35:00+00:00,77066.9,77108.8,76973.6,77048.6,33.778439,2602614.4412879,BTCUSDT,bybit
2026-05-18 21:40:00+00:00,77048.6,77078.6,76994.4,77035.3,25.338281,1952014.9396995,BTCUSDT,bybit
2026-05-18 21:45:00+00:00,77035.3,77084.6,76980.9,77013.1,21.842248,1682507.1723651,BTCUSDT,bybit
2026-05-18 21:50:00+00:00,77013.1,77076.7,77000.7,77054.7,13.757561,1059889.2286395,BTCUSDT,bybit
2026-05-18 21:55:00+00:00,77054.7,77129.1,77044.6,77101.0,20.577347,1586416.7230792,BTCUSDT,bybit
2026-05-18 22:00:00+00:00,77101.0,77150.4,77045.9,77117.9,45.599449,3515118.7989616,BTCUSDT,bybit
2026-05-18 22:05:00+00:00,77117.9,77173.9,77098.5,77148.5,29.80384,2299103.6770012,BTCUSDT,bybit
2026-05-18 22:10:00+00:00,77148.5,77167.3,77116.2,77145.0,17.854919,1377382.9738193,BTCUSDT,bybit
2026-05-18 22:15:00+00:00,77145.0,77222.0,77098.3,77177.7,46.012192,3550481.2951285,BTCUSDT,bybit
2026-05-18 22:20:00+00:00,77177.7,77231.0,77160.5,77186.5,22.550198,1740685.32045936,BTCUSDT,bybit
2026-05-18 22:25:00+00:00,77186.5,77207.0,77142.1,77147.0,18.525239,1429763.322177,BTCUSDT,bybit
2026-05-18 22:30:00+00:00,77147.0,77173.5,77114.3,77114.4,18.30803,1412428.8775566,BTCUSDT,bybit
2026-05-18 22:35:00+00:00,77114.4,77171.4,77114.4,77166.8,17.340133,1337801.0142928,BTCUSDT,bybit
2026-05-18 22:40:00+00:00,77166.8,77166.8,77031.6,77052.2,23.524435,1813353.47335,BTCUSDT,bybit
2026-05-18 22:45:00+00:00,77052.2,77053.3,76983.6,76993.6,21.870014,1684298.2179259,BTCUSDT,bybit
2026-05-18 22:50:00+00:00,76993.6,77041.2,76939.2,77016.9,85.259762,6564115.5950832,BTCUSDT,bybit
2026-05-18 22:55:00+00:00,77016.9,77077.0,76995.6,77076.9,9.906411,762964.9177666,BTCUSDT,bybit
2026-05-18 23:00:00+00:00,77076.9,77163.6,77059.8,77146.6,25.472895,1964429.8635594,BTCUSDT,bybit
2026-05-18 23:05:00+00:00,77146.6,77148.7,77100.7,77148.7,12.791037,986557.3096514,BTCUSDT,bybit
2026-05-18 23:10:00+00:00,77148.7,77148.8,77079.4,77079.4,20.807344,1604764.4287147,BTCUSDT,bybit
2026-05-18 23:15:00+00:00,77079.4,77082.3,77030.9,77039.4,10.332908,796138.0663593,BTCUSDT,bybit
2026-05-18 23:20:00+00:00,77039.4,77055.7,77018.0,77048.1,7.894543,608185.5253334,BTCUSDT,bybit
2026-05-18 23:25:00+00:00,77048.1,77081.7,77026.4,77026.4,12.777101,984577.9279306,BTCUSDT,bybit
2026-05-18 23:30:00+00:00,77026.4,77040.6,76985.8,77008.3,16.753808,1290201.574181,BTCUSDT,bybit
2026-05-18 23:35:00+00:00,77008.3,77050.7,76997.7,77042.3,12.446262,958612.5389005,BTCUSDT,bybit
2026-05-18 23:40:00+00:00,77042.3,77113.9,77040.2,77113.8,16.881215,1301196.5040755,BTCUSDT,bybit
2026-05-18 23:45:00+00:00,77113.8,77113.9,76990.6,77020.2,23.816452,1834856.2570608,BTCUSDT,bybit
2026-05-18 23:50:00+00:00,77020.2,77022.4,76938.3,76972.9,16.882803,1299545.8073166,BTCUSDT,bybit
2026-05-18 23:55:00+00:00,76972.9,77010.6,76972.9,76999.4,8.891769,684639.7444404,BTCUSDT,bybit
2026-05-19 00:00:00+00:00,76999.4,77051.9,76950.5,76982.2,42.8959,3302665.7547073,BTCUSDT,bybit
2026-05-19 00:05:00+00:00,76982.2,77087.7,76981.4,77051.5,34.895612,2687971.0064649,BTCUSDT,bybit
2026-05-19 00:10:00+00:00,77051.5,77156.5,77051.5,77117.5,35.855824,2764952.2039418,BTCUSDT,bybit
2026-05-19 00:15:00+00:00,77117.5,77204.6,77088.1,77204.6,22.345469,1724013.922595,BTCUSDT,bybit
2026-05-19 00:20:00+00:00,77204.6,77410.9,77204.6,77244.8,69.747352,5392070.61089238,BTCUSDT,bybit
2026-05-19 00:25:00+00:00,77244.8,77272.6,77183.5,77214.5,23.852604,1842212.6336589,BTCUSDT,bybit
2026-05-19 00:30:00+00:00,77214.5,77254.7,77208.1,77216.5,14.480141,1118232.1732113,BTCUSDT,bybit
2026-05-19 00:35:00+00:00,77216.5,77263.7,77161.2,77177.4,18.559496,1433210.6950465,BTCUSDT,bybit
2026-05-19 00:40:00+00:00,77177.4,77185.0,77121.4,77179.7,15.238213,1175748.4154395,BTCUSDT,bybit
2026-05-19 00:45:00+00:00,77179.7,77235.5,77152.9,77227.9,28.519176,2201494.6794477,BTCUSDT,bybit
2026-05-19 00:50:00+00:00,77227.9,77314.0,77178.2,77190.7,24.182046,1868223.555192,BTCUSDT,bybit
2026-05-19 00:55:00+00:00,77190.7,77215.2,77136.8,77136.8,11.954804,922662.0178508,BTCUSDT,bybit
2026-05-19 01:00:00+00:00,77136.8,77137.6,77037.4,77079.7,35.780021,2757891.7702075,BTCUSDT,bybit
2026-05-19 01:05:00+00:00,77079.7,77125.1,77044.3,77116.2,20.450109,1576506.9791296,BTCUSDT,bybit
2026-05-19 01:10:00+00:00,77116.2,77154.1,77078.9,77116.7,17.680454,1363581.3884449,BTCUSDT,bybit
2026-05-19 01:15:00+00:00,77116.7,77127.8,76936.4,76981.6,43.314116,3335697.5747816,BTCUSDT,bybit
2026-05-19 01:20:00+00:00,76981.6,76981.6,76881.1,76887.8,34.139409,2626094.7315445,BTCUSDT,bybit
2026-05-19 01:25:00+00:00,76887.8,76887.8,76698.2,76766.3,55.849988,4287241.02058687,BTCUSDT,bybit
2026-05-19 01:30:00+00:00,76766.3,76870.3,76678.0,76868.6,31.044795,2383005.8050937,BTCUSDT,bybit
2026-05-19 01:35:00+00:00,76868.6,76932.1,76791.4,76791.4,47.710633,3666806.7724696,BTCUSDT,bybit
2026-05-19 01:40:00+00:00,76791.4,76885.9,76765.1,76855.9,26.271701,2017752.1466415,BTCUSDT,bybit
2026-05-19 01:45:00+00:00,76855.9,76862.8,76703.8,76727.5,24.253609,1862308.3315959,BTCUSDT,bybit
2026-05-19 01:50:00+00:00,76727.5,76779.0,76711.4,76751.0,18.268934,1402089.7001188,BTCUSDT,bybit
2026-05-19 01:55:00+00:00,76751.0,76751.1,76663.8,76663.8,22.69991,1741459.4285879,BTCUSDT,bybit
2026-05-19 02:00:00+00:00,76663.8,76724.3,76481.7,76551.5,49.108156,3762303.54449504,BTCUSDT,bybit
2026-05-19 02:05:00+00:00,76551.5,76682.3,76526.4,76629.1,27.566026,2112153.9777817,BTCUSDT,bybit
2026-05-19 02:10:00+00:00,76629.1,76714.7,76623.6,76714.7,23.359911,1790925.325446,BTCUSDT,bybit
2026-05-19 02:15:00+00:00,76714.7,76789.7,76666.0,76770.4,30.020039,2303334.180098,BTCUSDT,bybit
2026-05-19 02:20:00+00:00,76770.4,76994.0,76770.4,76993.5,25.386814,1951292.66828059,BTCUSDT,bybit
2026-05-19 02:25:00+00:00,76993.5,76995.2,76825.5,76825.5,39.344947,3025887.4421469,BTCUSDT,bybit
2026-05-19 02:30:00+00:00,76825.5,76845.0,76765.0,76784.9,27.548283,2115855.5298395,BTCUSDT,bybit
2026-05-19 02:35:00+00:00,76784.9,76808.5,76732.7,76780.1,20.515609,1575207.6612966,BTCUSDT,bybit
2026-05-19 02:40:00+00:00,76780.1,76808.2,76740.7,76755.5,24.467244,1878435.4337391,BTCUSDT,bybit
2026-05-19 02:45:00+00:00,76755.5,76791.9,76701.7,76763.9,32.306403,2479431.1493444,BTCUSDT,bybit
2026-05-19 02:50:00+00:00,76763.9,76764.0,76607.4,76632.9,28.704678,2200744.4583963,BTCUSDT,bybit
2026-05-19 02:55:00+00:00,76632.9,76669.2,76612.3,76619.2,16.263422,1246262.8882817,BTCUSDT,bybit
2026-05-19 03:00:00+00:00,76619.2,76631.3,76587.3,76620.1,18.139013,1389536.5260276,BTCUSDT,bybit
2026-05-19 03:05:00+00:00,76620.1,76709.4,76620.1,76704.2,25.010922,1917732.2414305,BTCUSDT,bybit
2026-05-19 03:10:00+00:00,76704.2,76775.8,76678.7,76772.7,21.138699,1622140.7750704,BTCUSDT,bybit
2026-05-19 03:15:00+00:00,76772.7,76864.2,76755.3,76766.4,22.047559,1693647.8499396,BTCUSDT,bybit
2026-05-19 03:20:00+00:00,76766.4,76794.7,76692.2,76723.3,19.951837,1531186.94271,BTCUSDT,bybit
2026-05-19 03:25:00+00:00,76723.3,76763.6,76723.3,76749.1,10.043525,770749.1976045,BTCUSDT,bybit
2026-05-19 03:30:00+00:00,76749.1,76809.9,76749.1,76803.7,16.845896,1293450.9570957,BTCUSDT,bybit
2026-05-19 03:35:00+00:00,76803.7,76834.6,76769.5,76818.4,15.601244,1198248.9525634,BTCUSDT,bybit
2026-05-19 03:40:00+00:00,76818.4,76852.9,76795.9,76849.2,8.427414,647404.7457796,BTCUSDT,bybit
2026-05-19 03:45:00+00:00,76849.2,76852.4,76813.4,76830.1,13.356846,1026309.4764388,BTCUSDT,bybit
2026-05-19 03:50:00+00:00,76830.1,76863.3,76781.5,76815.8,16.244793,1248009.0735612,BTCUSDT,bybit
2026-05-19 03:55:00+00:00,76815.8,76825.6,76763.0,76788.7,11.268452,865251.9206988,BTCUSDT,bybit
2026-05-19 04:00:00+00:00,76788.7,76842.9,76728.2,76810.6,40.427107,3103877.9607261,BTCUSDT,bybit
2026-05-19 04:05:00+00:00,76810.6,76862.9,76778.8,76860.0,17.613364,1353206.2815828,BTCUSDT,bybit
2026-05-19 04:10:00+00:00,76860.0,76946.7,76852.7,76890.4,21.989499,1691115.3522194,BTCUSDT,bybit
2026-05-19 04:15:00+00:00,76890.4,76890.8,76790.0,76790.0,14.595234,1121479.8922279,BTCUSDT,bybit
2026-05-19 04:20:00+00:00,76790.0,76839.2,76708.7,76742.6,16.601961,1274494.7395308,BTCUSDT,bybit
2026-05-19 04:25:00+00:00,76742.6,76743.0,76701.2,76737.8,10.990459,843242.7349879,BTCUSDT,bybit
2026-05-19 04:30:00+00:00,76737.8,76819.5,76737.8,76807.7,14.59069,1120395.3975869,BTCUSDT,bybit
2026-05-19 04:35:00+00:00,76807.7,76883.0,76807.7,76846.7,15.644634,1202315.238588,BTCUSDT,bybit
2026-05-19 04:40:00+00:00,76846.7,76912.1,76846.7,76878.9,11.710221,900293.2412152,BTCUSDT,bybit
2026-05-19 04:45:00+00:00,76878.9,76924.2,76862.0,76898.4,18.490295,1421763.3534559,BTCUSDT,bybit
2026-05-19 04:50:00+00:00,76898.4,76938.2,76880.6,76921.5,16.846395,1295780.5880078,BTCUSDT,bybit
2026-05-19 04:55:00+00:00,76921.5,76941.7,76910.9,76923.1,9.808452,754515.7334268,BTCUSDT,bybit
2026-05-19 05:00:00+00:00,76923.1,76943.0,76860.8,76903.7,15.910908,1223628.9376164,BTCUSDT,bybit
2026-05-19 05:05:00+00:00,76903.7,76932.6,76872.6,76923.6,16.194233,1245298.9450892,BTCUSDT,bybit
2026-05-19 05:10:00+00:00,76923.6,76929.3,76836.9,76863.5,21.883015,1682473.722971,BTCUSDT,bybit
2026-05-19 05:15:00+00:00,76863.5,76865.4,76756.5,76756.5,20.145205,1547340.9918568,BTCUSDT,bybit
2026-05-19 05:20:00+00:00,76756.5,76758.6,76639.4,76683.0,23.886213,1832393.3481141,BTCUSDT,bybit
2026-05-19 05:25:00+00:00,76683.0,76820.1,76668.5,76820.0,24.064302,1846922.7198883,BTCUSDT,bybit
2026-05-19 05:30:00+00:00,76820.0,76856.7,76765.0,76822.2,38.7175,2973905.4523319,BTCUSDT,bybit
2026-05-19 05:35:00+00:00,76822.2,76948.9,76794.3,76917.8,19.349968,1487684.7157261,BTCUSDT,bybit
2026-05-19 05:40:00+00:00,76917.8,77006.9,76906.1,76908.4,30.831014,2372502.6995234,BTCUSDT,bybit
2026-05-19 05:45:00+00:00,76908.4,76983.2,76874.2,76962.9,21.49284,1653255.7163574,BTCUSDT,bybit
2026-05-19 05:50:00+00:00,76962.9,76973.9,76919.3,76923.3,29.407627,2262840.2660959,BTCUSDT,bybit
2026-05-19 05:55:00+00:00,76923.3,76933.8,76904.8,76908.6,14.740036,1133809.8588567,BTCUSDT,bybit
2026-05-19 06:00:00+00:00,76908.6,76979.7,76885.6,76979.7,27.800659,2138553.7073395,BTCUSDT,bybit
2026-05-19 06:05:00+00:00,76979.7,76999.9,76925.8,76984.1,48.878865,3761797.4954166,BTCUSDT,bybit
2026-05-19 06:10:00+00:00,76984.1,77013.5,76929.5,76985.8,25.872384,1991634.7255746,BTCUSDT,bybit
2026-05-19 06:15:00+00:00,76985.8,77006.0,76940.7,76972.8,18.433695,1418934.3939629,BTCUSDT,bybit
2026-05-19 06:20:00+00:00,76972.8,77018.3,76965.2,76965.2,22.054724,1697961.8658207,BTCUSDT,bybit
2026-05-19 06:25:00+00:00,76965.2,77047.6,76965.2,77008.9,28.626864,2204691.3276422,BTCUSDT,bybit
2026-05-19 06:30:00+00:00,77008.9,77065.5,76992.2,77016.4,35.145916,2707624.1836759,BTCUSDT,bybit
2026-05-19 06:35:00+00:00,77016.4,77062.1,76940.1,77051.1,30.980331,2385102.6061552,BTCUSDT,bybit
2026-05-19 06:40:00+00:00,77051.1,77104.9,77036.5,77080.6,16.406369,1264234.1213619,BTCUSDT,bybit
2026-05-19 06:45:00+00:00,77080.6,77087.4,77027.9,77063.7,14.938835,1151265.6581767,BTCUSDT,bybit
2026-05-19 06:50:00+00:00,77063.7,77091.9,77053.7,77053.7,13.777714,1061938.2443883,BTCUSDT,bybit
2026-05-19 06:55:00+00:00,77053.7,77077.7,77014.2,77025.3,11.432285,880843.4832879,BTCUSDT,bybit
2026-05-19 07:00:00+00:00,77025.3,77025.3,76972.2,76984.0,21.259033,1636937.3583473,BTCUSDT,bybit
2026-05-19 07:05:00+00:00,76984.0,77135.3,76979.7,77075.7,25.172538,1939624.2991576,BTCUSDT,bybit
2026-05-19 07:10:00+00:00,77075.7,77141.4,77031.8,77136.2,23.90894,1843096.8207398,BTCUSDT,bybit
2026-05-19 07:15:00+00:00,77136.2,77218.0,77118.1,77198.5,25.950134,2002487.53596564,BTCUSDT,bybit
2026-05-19 07:20:00+00:00,77198.5,77262.9,77139.3,77139.4,48.433109,3739723.58413256,BTCUSDT,bybit
2026-05-19 07:25:00+00:00,77139.4,77163.5,77109.2,77144.5,32.530525,2509363.3243252,BTCUSDT,bybit
2026-05-19 07:30:00+00:00,77144.5,77181.2,77138.5,77170.2,17.216833,1328500.4793273,BTCUSDT,bybit
2026-05-19 07:35:00+00:00,77170.2,77235.2,77158.1,77205.9,22.866155,1764973.2028069,BTCUSDT,bybit
2026-05-19 07:40:00+00:00,77205.9,77281.1,77187.7,77263.2,19.654749,1518039.3693505,BTCUSDT,bybit
2026-05-19 07:45:00+00:00,77263.2,77283.7,77240.6,77257.1,24.48223,1891495.3833296,BTCUSDT,bybit
2026-05-19 07:50:00+00:00,77257.1,77285.3,77215.6,77219.5,40.427871,3122887.6840219,BTCUSDT,bybit
2026-05-19 07:55:00+00:00,77219.5,77249.6,77207.4,77234.0,33.710112,2603206.3223351,BTCUSDT,bybit
2026-05-19 08:00:00+00:00,77234.0,77250.0,77178.4,77188.4,32.731785,2527298.6222707,BTCUSDT,bybit
2026-05-19 08:05:00+00:00,77188.4,77188.4,77083.6,77096.9,16.775026,1293853.8139491,BTCUSDT,bybit
2026-05-19 08:10:00+00:00,77096.9,77114.0,77047.6,77112.6,24.757164,1908312.069408,BTCUSDT,bybit
2026-05-19 08:15:00+00:00,77112.6,77192.7,77103.7,77130.6,24.58412,1896475.4614312,BTCUSDT,bybit
2026-05-19 08:20:00+00:00,77130.6,77153.2,77027.1,77046.6,22.271282,1716922.5413413,BTCUSDT,bybit
2026-05-19 08:25:00+00:00,77046.6,77090.2,76969.1,77074.0,37.124669,2859279.9064847,BTCUSDT,bybit
2026-05-19 08:30:00+00:00,77074.0,77106.8,77014.5,77094.5,38.048763,2931937.1955964,BTCUSDT,bybit
2026-05-19 08:35:00+00:00,77094.5,77151.3,77094.5,77135.7,14.397857,1110442.6844619,BTCUSDT,bybit
2026-05-19 08:40:00+00:00,77135.7,77319.9,77135.7,77180.5,32.06648,2476756.5859638,BTCUSDT,bybit
2026-05-19 08:45:00+00:00,77180.5,77210.9,77147.2,77147.2,20.028824,1546040.0734993,BTCUSDT,bybit
2026-05-19 08:50:00+00:00,77147.2,77162.5,77106.7,77125.8,11.433888,881915.4749579,BTCUSDT,bybit
2026-05-19 08:55:00+00:00,77125.8,77125.9,77039.6,77049.7,10.390189,801018.3888815,BTCUSDT,bybit
2026-05-19 09:00:00+00:00,77049.7,77063.4,77001.4,77063.4,17.479258,1346472.0776853,BTCUSDT,bybit
2026-05-19 09:05:00+00:00,77063.4,77078.2,77012.6,77043.8,17.900768,1379201.8143178,BTCUSDT,bybit
2026-05-19 09:10:00+00:00,77043.8,77060.3,77008.5,77031.6,12.848148,989769.0129241,BTCUSDT,bybit
2026-05-19 09:15:00+00:00,77031.6,77031.6,76926.3,76937.8,35.699019,2747473.431805,BTCUSDT,bybit
2026-05-19 09:20:00+00:00,76937.8,76963.7,76898.7,76909.5,24.473543,1882671.9896856,BTCUSDT,bybit
2026-05-19 09:25:00+00:00,76909.5,76912.8,76736.9,76769.0,60.996512,4683646.32230047,BTCUSDT,bybit
2026-05-19 09:30:00+00:00,76769.0,76850.6,76701.7,76747.7,54.061375,4150840.7802892,BTCUSDT,bybit
2026-05-19 09:35:00+00:00,76747.7,76814.9,76745.9,76807.5,29.04081,2229533.36472,BTCUSDT,bybit
2026-05-19 09:40:00+00:00,76807.5,76807.5,76776.5,76796.0,20.193532,1550702.8066334,BTCUSDT,bybit
2026-05-19 09:45:00+00:00,76796.0,76814.4,76744.3,76814.4,20.843318,1600290.3143249,BTCUSDT,bybit
2026-05-19 09:50:00+00:00,76814.4,76841.4,76780.1,76806.7,19.141494,1470188.9090224,BTCUSDT,bybit
2026-05-19 09:55:00+00:00,76806.7,76844.3,76795.0,76815.7,28.889516,2219601.5406636,BTCUSDT,bybit
2026-05-19 10:00:00+00:00,76815.7,76834.9,76783.8,76792.3,16.557614,1271800.9315411,BTCUSDT,bybit
2026-05-19 10:05:00+00:00,76792.3,76876.8,76770.0,76808.4,21.573055,1657695.504901,BTCUSDT,bybit
2026-05-19 10:10:00+00:00,76808.4,76820.8,76763.2,76805.0,10.112189,776562.5428284,BTCUSDT,bybit
2026-05-19 10:15:00+00:00,76805.0,76805.0,76757.8,76787.5,11.244676,863327.4056967,BTCUSDT,bybit
2026-05-19 10:20:00+00:00,76787.5,76808.0,76744.1,76786.9,15.146706,1162929.5524131,BTCUSDT,bybit
2026-05-19 10:25:00+00:00,76786.9,76841.9,76786.9,76830.0,14.266152,1095903.3758113,BTCUSDT,bybit
2026-05-19 10:30:00+00:00,76830.0,76972.9,76830.0,76930.1,23.301732,1791845.5398557,BTCUSDT,bybit
2026-05-19 10:35:00+00:00,76930.1,76983.1,76787.5,76896.3,65.268534,5018311.8817892,BTCUSDT,bybit
2026-05-19 10:40:00+00:00,76896.3,76897.3,76743.8,76752.5,29.5338,2268639.5040205,BTCUSDT,bybit
2026-05-19 10:45:00+00:00,76752.5,76888.2,76692.0,76871.3,33.588934,2579195.6509927,BTCUSDT,bybit
2026-05-19 10:50:00+00:00,76871.3,76945.8,76871.3,76900.4,17.385805,1337304.6723352,BTCUSDT,bybit
2026-05-19 10:55:00+00:00,76900.4,77104.7,76900.4,77036.4,30.007797,2311050.479123,BTCUSDT,bybit
2026-05-19 11:00:00+00:00,77036.4,77074.1,77015.3,77015.3,19.951762,1537255.0098754,BTCUSDT,bybit
2026-05-19 11:05:00+00:00,77015.3,77048.2,76997.1,77037.9,12.355262,951603.7799955,BTCUSDT,bybit
2026-05-19 11:10:00+00:00,77037.9,77039.0,76971.4,76993.7,19.24886,1482060.4181952,BTCUSDT,bybit
2026-05-19 11:15:00+00:00,76993.7,77022.8,76951.8,76951.9,19.258727,1482846.5242992,BTCUSDT,bybit
2026-05-19 11:20:00+00:00,76951.9,76951.9,76847.5,76871.3,16.115902,1239151.2783304,BTCUSDT,bybit
2026-05-19 11:25:00+00:00,76871.3,76897.5,76867.0,76880.6,12.713985,977460.9938819,BTCUSDT,bybit
2026-05-19 11:30:00+00:00,76880.6,76891.2,76861.0,76874.6,13.484673,1036679.3879524,BTCUSDT,bybit
2026-05-19 11:35:00+00:00,76874.6,76880.1,76794.8,76795.6,15.525332,1193012.7002859,BTCUSDT,bybit
2026-05-19 11:40:00+00:00,76795.6,76795.6,76636.1,76659.0,40.144162,3079888.8826653,BTCUSDT,bybit
2026-05-19 11:45:00+00:00,76659.0,76753.5,76658.9,76738.7,26.998218,2070892.9115104,BTCUSDT,bybit
2026-05-19 11:50:00+00:00,76738.7,76759.2,76715.4,76731.7,9.248993,709741.5074616,BTCUSDT,bybit
2026-05-19 11:55:00+00:00,76731.7,76742.1,76703.6,76711.3,12.838633,985004.9656592,BTCUSDT,bybit
2026-05-19 12:00:00+00:00,76711.3,76777.4,76642.8,76737.5,23.673087,1816040.056897,BTCUSDT,bybit
2026-05-19 12:05:00+00:00,76737.5,76773.0,76717.1,76764.8,15.828209,1214745.5406131,BTCUSDT,bybit
2026-05-19 12:10:00+00:00,76764.8,76796.7,76759.8,76788.4,15.652423,1201786.4072055,BTCUSDT,bybit
2026-05-19 12:15:00+00:00,76788.4,76825.5,76761.6,76796.2,24.877732,1910586.2482501,BTCUSDT,bybit
2026-05-19 12:20:00+00:00,76796.2,76846.1,76796.2,76846.1,12.830291,985626.6172173,BTCUSDT,bybit
2026-05-19 12:25:00+00:00,76846.1,76854.8,76816.5,76850.0,11.41303,876907.7444216,BTCUSDT,bybit
2026-05-19 12:30:00+00:00,76850.0,76907.7,76840.9,76885.3,17.702159,1360736.8170682,BTCUSDT,bybit
2026-05-19 12:35:00+00:00,76885.3,76910.6,76878.0,76891.7,16.253503,1249774.5384746,BTCUSDT,bybit
2026-05-19 12:40:00+00:00,76891.7,76953.8,76887.9,76899.7,14.92981,1148383.1251875,BTCUSDT,bybit
2026-05-19 12:45:00+00:00,76899.7,76944.8,76882.7,76922.3,12.886794,991061.1828929,BTCUSDT,bybit
2026-05-19 12:50:00+00:00,76922.3,76961.3,76892.4,76961.3,12.915948,993584.6141099,BTCUSDT,bybit
2026-05-19 12:55:00+00:00,76961.3,76984.5,76937.6,76938.6,35.301448,2716776.0922019,BTCUSDT,bybit
2026-05-19 13:00:00+00:00,76938.6,76983.5,76914.4,76914.4,17.111718,1316784.7645444,BTCUSDT,bybit
2026-05-19 13:05:00+00:00,76914.4,76914.5,76746.8,76833.9,36.991688,2841308.2629194,BTCUSDT,bybit
2026-05-19 13:10:00+00:00,76833.9,76886.8,76793.0,76831.1,24.36532,1872166.2835538,BTCUSDT,bybit
2026-05-19 13:15:00+00:00,76831.1,76848.6,76754.0,76758.2,22.133282,1700065.7314053,BTCUSDT,bybit
2026-05-19 13:20:00+00:00,76758.2,76839.6,76664.8,76797.6,49.792897,3822055.2274838,BTCUSDT,bybit
2026-05-19 13:25:00+00:00,76797.6,76797.6,76591.0,76603.2,46.903945,3595039.5202161,BTCUSDT,bybit
2026-05-19 13:30:00+00:00,76603.2,76897.9,76590.8,76888.2,75.714135,5808423.8653812,BTCUSDT,bybit
2026-05-19 13:35:00+00:00,76888.2,77054.8,76842.0,76933.3,68.107698,5241775.3215236,BTCUSDT,bybit
2026-05-19 13:40:00+00:00,76933.3,76933.3,76716.0,76734.1,50.944269,3914032.1896443,BTCUSDT,bybit
2026-05-19 13:45:00+00:00,76734.1,76953.2,76715.9,76846.3,56.182562,4317007.1757941,BTCUSDT,bybit
2026-05-19 13:50:00+00:00,76846.3,76979.9,76817.3,76969.4,44.432024,3417030.1975086,BTCUSDT,bybit
2026-05-19 13:55:00+00:00,76969.4,77032.0,76847.0,76874.5,53.325076,4102358.4803598,BTCUSDT,bybit
2026-05-19 14:00:00+00:00,76874.5,77004.4,76731.7,76998.6,69.484177,5338346.8025226,BTCUSDT,bybit
2026-05-19 14:05:00+00:00,76998.6,77016.6,76699.4,76724.8,83.847666,6440852.7452447,BTCUSDT,bybit
2026-05-19 14:10:00+00:00,76724.8,76808.5,76609.2,76619.8,66.917685,5133574.2413733,BTCUSDT,bybit
2026-05-19 14:15:00+00:00,76619.8,76653.4,76386.2,76481.6,115.021371,8803427.54346815,BTCUSDT,bybit
2026-05-19 14:20:00+00:00,76481.6,76499.0,76298.5,76443.5,68.209214,5211203.52006449,BTCUSDT,bybit
2026-05-19 14:25:00+00:00,76443.5,76525.9,76368.6,76452.1,48.90774,3738835.2145904,BTCUSDT,bybit
2026-05-19 14:30:00+00:00,76452.1,76476.6,76258.1,76277.5,89.974626,6871201.82415677,BTCUSDT,bybit
2026-05-19 14:35:00+00:00,76277.5,76505.6,76265.3,76472.8,90.851391,6937189.2226411,BTCUSDT,bybit
2026-05-19 14:40:00+00:00,76472.8,76593.1,76418.1,76467.5,53.899507,4123965.2911328,BTCUSDT,bybit
2026-05-19 14:45:00+00:00,76467.5,76483.0,76144.5,76261.5,80.618459,6151502.28531729,BTCUSDT,bybit
2026-05-19 14:50:00+00:00,76261.5,76326.6,76186.2,76267.7,46.628308,3555588.1244446,BTCUSDT,bybit
2026-05-19 14:55:00+00:00,76267.7,76424.6,76267.7,76395.0,37.849621,2890112.2206279,BTCUSDT,bybit
2026-05-19 15:00:00+00:00,76395.0,76538.1,76336.1,76530.0,53.512702,4091238.47448154,BTCUSDT,bybit
2026-05-19 15:05:00+00:00,76530.0,76552.7,76477.8,76524.6,41.958125,3211023.2597592,BTCUSDT,bybit
2026-05-19 15:10:00+00:00,76524.6,76601.5,76500.1,76597.2,29.567937,2263454.0365194,BTCUSDT,bybit
2026-05-19 15:15:00+00:00,76597.2,76682.6,76557.8,76557.8,41.32292,3166876.9762035,BTCUSDT,bybit
2026-05-19 15:20:00+00:00,76557.8,76567.8,76438.0,76438.0,30.571217,2339317.7008688,BTCUSDT,bybit
2026-05-19 15:25:00+00:00,76438.0,76505.7,76407.7,76504.7,51.641845,3948134.5520704,BTCUSDT,bybit
2026-05-19 15:30:00+00:00,76504.7,76688.5,76498.9,76549.6,50.985441,3905884.1676464,BTCUSDT,bybit
2026-05-19 15:35:00+00:00,76549.6,76602.1,76484.5,76600.9,27.383428,2096146.6622191,BTCUSDT,bybit
2026-05-19 15:40:00+00:00,76600.9,76607.8,76441.5,76485.1,32.71183,2503410.4263139,BTCUSDT,bybit
2026-05-19 15:45:00+00:00,76485.1,76513.7,76421.5,76508.7,17.500512,1338177.9185124,BTCUSDT,bybit
2026-05-19 15:50:00+00:00,76508.7,76584.0,76497.6,76513.4,18.515964,1417156.1643998,BTCUSDT,bybit
2026-05-19 15:55:00+00:00,76513.4,76528.8,76462.2,76528.8,19.806316,1515002.4394062,BTCUSDT,bybit
2026-05-19 16:00:00+00:00,76528.8,76593.0,76525.3,76532.1,16.538258,1266185.7484525,BTCUSDT,bybit
2026-05-19 16:05:00+00:00,76532.1,76554.3,76414.1,76414.1,42.445988,3246502.8726107,BTCUSDT,bybit
2026-05-19 16:10:00+00:00,76414.1,76475.2,76409.0,76475.1,27.924679,2134543.9285539,BTCUSDT,bybit
2026-05-19 16:15:00+00:00,76475.1,76541.6,76467.5,76512.9,20.09474,1537404.9936682,BTCUSDT,bybit
2026-05-19 16:20:00+00:00,76512.9,76583.7,76490.6,76558.0,52.485629,4017838.4123607,BTCUSDT,bybit
2026-05-19 16:25:00+00:00,76558.0,76623.1,76558.0,76617.3,31.693254,2427453.1885741,BTCUSDT,bybit
2026-05-19 16:30:00+00:00,76617.3,76791.8,76617.3,76761.1,51.167439,3924681.2164893,BTCUSDT,bybit
2026-05-19 16:35:00+00:00,76761.1,76797.6,76670.2,76699.9,41.797094,3207289.4606196,BTCUSDT,bybit
2026-05-19 16:40:00+00:00,76699.9,76803.5,76697.0,76803.4,25.289659,1940945.9975164,BTCUSDT,bybit
2026-05-19 16:45:00+00:00,76803.4,76836.2,76752.0,76794.9,37.674162,2893233.311881,BTCUSDT,bybit
2026-05-19 16:50:00+00:00,76794.9,76909.3,76777.1,76877.6,38.538065,2961706.46396043,BTCUSDT,bybit
2026-05-19 16:55:00+00:00,76877.6,76928.4,76865.3,76895.8,26.807888,2061474.0536627,BTCUSDT,bybit
2026-05-19 17:00:00+00:00,76895.8,76977.9,76868.9,76977.9,34.540762,2656551.67470074,BTCUSDT,bybit
2026-05-19 17:05:00+00:00,76977.9,76977.9,76890.9,76901.5,32.199073,2477184.5380266,BTCUSDT,bybit
2026-05-19 17:10:00+00:00,76901.5,76959.3,76895.5,76959.3,24.068936,1851603.3167169,BTCUSDT,bybit
2026-05-19 17:15:00+00:00,76959.3,77017.3,76947.3,77014.7,28.135114,2165907.5032049,BTCUSDT,bybit
2026-05-19 17:20:00+00:00,77014.7,77029.3,76944.4,76961.7,41.333555,3182756.06948905,BTCUSDT,bybit
2026-05-19 17:25:00+00:00,76961.7,76963.6,76874.6,76878.2,32.899874,2530570.3464113,BTCUSDT,bybit
2026-05-19 17:30:00+00:00,76878.2,76893.6,76767.2,76767.2,47.48854,3649257.0764086,BTCUSDT,bybit
2026-05-19 17:35:00+00:00,76767.2,76992.1,76756.9,76981.0,48.205634,3705461.674936,BTCUSDT,bybit
2026-05-19 17:40:00+00:00,76981.0,77018.6,76892.3,76911.5,38.269878,2945284.3164357,BTCUSDT,bybit
2026-05-19 17:45:00+00:00,76911.5,76911.5,76765.1,76824.0,30.525411,2345370.4005622,BTCUSDT,bybit
2026-05-19 17:50:00+00:00,76824.0,76857.7,76795.4,76822.1,14.342921,1101972.4328204,BTCUSDT,bybit
2026-05-19 17:55:00+00:00,76822.1,76881.6,76810.9,76857.8,12.501537,960604.2110359,BTCUSDT,bybit
2026-05-19 18:00:00+00:00,76857.8,76872.4,76790.0,76836.8,30.160299,2317177.2423383,BTCUSDT,bybit
2026-05-19 18:05:00+00:00,76836.8,76943.1,76836.8,76917.8,28.172365,2165807.1207728,BTCUSDT,bybit
2026-05-19 18:10:00+00:00,76917.8,76950.7,76909.3,76919.5,11.011971,847125.3397804,BTCUSDT,bybit
2026-05-19 18:15:00+00:00,76919.5,76949.1,76879.8,76949.0,14.417149,1108813.6237772,BTCUSDT,bybit
2026-05-19 18:20:00+00:00,76949.0,76950.5,76797.9,76820.4,37.456446,2879116.0115904,BTCUSDT,bybit
2026-05-19 18:25:00+00:00,76820.4,76857.0,76765.2,76776.7,24.726155,1899274.6361225,BTCUSDT,bybit
2026-05-19 18:30:00+00:00,76776.7,76847.4,76739.7,76825.5,25.002994,1920009.7116124,BTCUSDT,bybit
2026-05-19 18:35:00+00:00,76825.5,76868.1,76815.0,76859.1,22.015279,1691698.2903991,BTCUSDT,bybit
2026-05-19 18:40:00+00:00,76859.1,76862.5,76808.9,76850.4,14.584071,1120554.4021514,BTCUSDT,bybit
2026-05-19 18:45:00+00:00,76850.4,76894.1,76830.9,76874.2,29.091385,2235904.8403147,BTCUSDT,bybit
2026-05-19 18:50:00+00:00,76874.2,76900.2,76848.1,76865.8,23.281793,1789779.605258,BTCUSDT,bybit
2026-05-19 18:55:00+00:00,76865.8,76865.8,76773.4,76808.6,25.413089,1952103.2491208,BTCUSDT,bybit
2026-05-19 19:00:00+00:00,76808.6,76888.9,76808.6,76879.5,20.666899,1588415.8902657,BTCUSDT,bybit
2026-05-19 19:05:00+00:00,76879.5,76970.4,76877.3,76960.8,27.727226,2132867.0924611,BTCUSDT,bybit
2026-05-19 19:10:00+00:00,76960.8,77068.8,76960.8,77061.3,22.796247,1755615.37103342,BTCUSDT,bybit
2026-05-19 19:15:00+00:00,77061.3,77080.6,76965.7,76980.9,26.459213,2037654.4342153,BTCUSDT,bybit
2026-05-19 19:20:00+00:00,76980.9,76989.5,76873.9,76874.3,21.708409,1670297.7288254,BTCUSDT,bybit
2026-05-19 19:25:00+00:00,76874.3,76878.3,76769.8,76820.0,22.561659,1733443.8584462,BTCUSDT,bybit
2026-05-19 19:30:00+00:00,76820.0,76909.7,76788.4,76881.2,16.122044,1238902.4449415,BTCUSDT,bybit
2026-05-19 19:35:00+00:00,76881.2,76913.4,76860.4,76900.3,13.738737,1056349.0388676,BTCUSDT,bybit
2026-05-19 19:40:00+00:00,76900.3,76910.2,76864.4,76875.6,11.726731,901612.3624425,BTCUSDT,bybit
2026-05-19 19:45:00+00:00,76875.6,76886.1,76818.3,76851.6,16.042171,1232695.0019612,BTCUSDT,bybit
2026-05-19 19:50:00+00:00,76851.6,76891.9,76808.6,76808.6,24.026817,1846348.4287797,BTCUSDT,bybit
2026-05-19 19:55:00+00:00,76808.6,76829.7,76774.4,76824.0,14.770451,1134473.2375768,BTCUSDT,bybit
2026-05-19 20:00:00+00:00,76824.0,76905.0,76824.0,76831.6,12.146633,933638.4002294,BTCUSDT,bybit
2026-05-19 20:05:00+00:00,76831.6,76917.2,76831.6,76917.2,8.400026,645745.4795991,BTCUSDT,bybit
2026-05-19 20:10:00+00:00,76917.2,76953.3,76917.1,76947.4,12.263099,943501.446759,BTCUSDT,bybit
2026-05-19 20:15:00+00:00,76947.4,76954.5,76932.9,76937.5,20.507105,1577861.7487341,BTCUSDT,bybit
2026-05-19 20:20:00+00:00,76937.5,76949.1,76896.1,76918.2,8.034825,618083.6443477,BTCUSDT,bybit
2026-05-19 20:25:00+00:00,76918.2,76943.6,76916.9,76924.5,9.889701,760834.2014939,BTCUSDT,bybit
2026-05-19 20:30:00+00:00,76924.5,76967.7,76924.5,76949.3,11.707008,900820.6940004,BTCUSDT,bybit
2026-05-19 20:35:00+00:00,76949.3,76992.1,76947.5,76976.2,6.639623,511097.4592128,BTCUSDT,bybit
2026-05-19 20:40:00+00:00,76976.2,76977.0,76933.8,76939.4,4.042967,311114.7924581,BTCUSDT,bybit
2026-05-19 20:45:00+00:00,76939.4,77001.3,76939.4,76989.5,6.44899,496452.965106,BTCUSDT,bybit
2026-05-19 20:50:00+00:00,76989.5,77035.3,76985.2,77025.4,6.164561,474743.5912204,BTCUSDT,bybit
2026-05-19 20:55:00+00:00,77025.4,77047.4,77024.0,77024.1,17.906857,1379459.929079,BTCUSDT,bybit
2026-05-19 21:00:00+00:00,77024.1,77024.8,76993.2,76998.2,8.419241,648367.8607101,BTCUSDT,bybit
2026-05-19 21:05:00+00:00,76998.2,77004.9,76967.3,76977.6,7.403004,569929.9170262,BTCUSDT,bybit
2026-05-19 21:10:00+00:00,76977.6,77041.6,76977.6,77010.1,11.513048,886611.7670709,BTCUSDT,bybit
2026-05-19 21:15:00+00:00,77010.1,77043.1,77010.1,77013.8,4.843293,373084.6201677,BTCUSDT,bybit
2026-05-19 21:20:00+00:00,77013.8,77041.2,77005.1,77041.1,3.22142,248117.8604665,BTCUSDT,bybit
2026-05-19 21:25:00+00:00,77041.1,77048.4,76969.1,77002.6,22.207302,1710177.2337014,BTCUSDT,bybit
2026-05-19 21:30:00+00:00,77002.6,77029.1,76995.1,77029.1,14.802327,1139848.7325285,BTCUSDT,bybit
2026-05-19 21:35:00+00:00,77029.1,77035.6,77010.3,77035.6,6.003314,462402.0451973,BTCUSDT,bybit
2026-05-19 21:40:00+00:00,77035.6,77043.7,77009.6,77028.4,9.472876,729694.1996103,BTCUSDT,bybit
2026-05-19 21:45:00+00:00,77028.4,77032.6,77001.8,77003.1,6.433012,495449.733339,BTCUSDT,bybit
2026-05-19 21:50:00+00:00,77003.1,77037.7,77003.1,77025.5,5.797347,446538.4904858,BTCUSDT,bybit
2026-05-19 21:55:00+00:00,77025.5,77025.5,76981.5,76988.4,7.45929,574421.6492011,BTCUSDT,bybit
2026-05-19 22:00:00+00:00,76988.4,76988.4,76788.7,76842.9,58.178061,4471320.5312259,BTCUSDT,bybit
2026-05-19 22:05:00+00:00,76842.9,76876.7,76803.4,76823.7,18.405512,1414229.8124555,BTCUSDT,bybit
2026-05-19 22:10:00+00:00,76823.7,76835.3,76786.6,76786.6,30.232321,2321981.7804473,BTCUSDT,bybit
2026-05-19 22:15:00+00:00,76786.6,76794.7,76689.1,76751.6,49.498801,3798938.9883261,BTCUSDT,bybit
2026-05-19 22:20:00+00:00,76751.6,76765.9,76677.7,76686.4,20.746177,1591730.0037969,BTCUSDT,bybit
2026-05-19 22:25:00+00:00,76686.4,76694.7,76648.0,76678.3,18.481897,1417043.797704,BTCUSDT,bybit
2026-05-19 22:30:00+00:00,76678.3,76799.5,76649.4,76799.5,20.416436,1566648.7543999,BTCUSDT,bybit
2026-05-19 22:35:00+00:00,76799.5,76799.5,76716.4,76723.5,9.005948,691184.9632115,BTCUSDT,bybit
2026-05-19 22:40:00+00:00,76723.5,76776.6,76723.5,76757.2,10.652859,817593.9000142,BTCUSDT,bybit
2026-05-19 22:45:00+00:00,76757.2,76771.8,76730.4,76763.3,9.553745,733273.7565879,BTCUSDT,bybit
2026-05-19 22:50:00+00:00,76763.3,76765.6,76733.1,76750.1,7.438102,570892.5286858,BTCUSDT,bybit
2026-05-19 22:55:00+00:00,76750.1,76768.6,76704.8,76716.2,11.367851,872338.2949862,BTCUSDT,bybit
2026-05-19 23:00:00+00:00,76716.2,76751.8,76669.9,76730.7,15.799123,1212046.01991,BTCUSDT,bybit
2026-05-19 23:05:00+00:00,76730.7,76812.8,76712.5,76812.8,11.310963,868119.4811826,BTCUSDT,bybit
2026-05-19 23:10:00+00:00,76812.8,76850.8,76810.4,76810.7,9.745288,748768.1393818,BTCUSDT,bybit
2026-05-19 23:15:00+00:00,76810.7,76874.9,76805.6,76858.6,17.567465,1350027.4808994,BTCUSDT,bybit
2026-05-19 23:20:00+00:00,76858.6,76911.3,76843.3,76889.5,25.409202,1953512.9424087,BTCUSDT,bybit
2026-05-19 23:25:00+00:00,76889.5,76912.0,76886.5,76908.1,9.541058,733695.3615966,BTCUSDT,bybit
2026-05-19 23:30:00+00:00,76908.1,76986.3,76888.5,76974.8,25.565778,1966768.7074436,BTCUSDT,bybit
2026-05-19 23:35:00+00:00,76974.8,76974.8,76931.9,76948.7,11.093735,853710.6682858,BTCUSDT,bybit
2026-05-19 23:40:00+00:00,76948.7,76948.8,76895.2,76910.3,8.572882,659447.6299546,BTCUSDT,bybit
2026-05-19 23:45:00+00:00,76910.3,76920.8,76846.2,76903.3,11.509413,884896.0831705,BTCUSDT,bybit
2026-05-19 23:50:00+00:00,76903.3,76903.3,76832.7,76849.3,9.573955,736010.5326822,BTCUSDT,bybit
2026-05-19 23:55:00+00:00,76849.3,76849.4,76818.9,76838.0,6.66525,512106.0301991,BTCUSDT,bybit
2026-05-20 00:00:00+00:00,76838.0,76899.5,76807.4,76862.9,17.493327,1344423.5924991,BTCUSDT,bybit
2026-05-20 00:05:00+00:00,76862.9,76862.9,76701.6,76709.2,28.713402,2204253.4803141,BTCUSDT,bybit
2026-05-20 00:10:00+00:00,76709.2,76722.9,76549.2,76578.0,36.547534,2799612.3468018,BTCUSDT,bybit
2026-05-20 00:15:00+00:00,76578.0,76626.4,76536.4,76575.3,31.580437,2418413.34352872,BTCUSDT,bybit
2026-05-20 00:20:00+00:00,76575.3,76610.9,76514.9,76573.4,22.625322,1732415.1520551,BTCUSDT,bybit
2026-05-20 00:25:00+00:00,76573.4,76695.4,76573.4,76695.3,35.532933,2723836.8564493,BTCUSDT,bybit
2026-05-20 00:30:00+00:00,76695.3,76854.7,76624.2,76711.0,55.991289,4297026.33069839,BTCUSDT,bybit
2026-05-20 00:35:00+00:00,76711.0,76745.6,76662.2,76677.1,18.718053,1435793.0911746,BTCUSDT,bybit
2026-05-20 00:40:00+00:00,76677.1,76748.8,76657.7,76724.9,18.389684,1410345.4735863,BTCUSDT,bybit
2026-05-20 00:45:00+00:00,76724.9,76748.9,76688.7,76737.7,27.208758,2087459.6512575,BTCUSDT,bybit
2026-05-20 00:50:00+00:00,76737.7,76773.5,76691.1,76746.4,22.303474,1711464.6116033,BTCUSDT,bybit
2026-05-20 00:55:00+00:00,76746.4,76790.0,76742.5,76789.9,30.437731,2336606.3810819,BTCUSDT,bybit
2026-05-20 01:00:00+00:00,76789.9,76812.4,76716.4,76797.6,33.87065,2600065.1264551,BTCUSDT,bybit
2026-05-20 01:05:00+00:00,76797.6,76851.7,76707.7,76838.8,35.793456,2747944.9555437,BTCUSDT,bybit
2026-05-20 01:10:00+00:00,76838.8,76915.9,76814.9,76869.1,21.951125,1687176.2761935,BTCUSDT,bybit
2026-05-20 01:15:00+00:00,76869.1,76891.1,76808.0,76891.1,20.795046,1597873.1001946,BTCUSDT,bybit
2026-05-20 01:20:00+00:00,76891.1,76901.0,76775.1,76775.1,32.699275,2513537.6794191,BTCUSDT,bybit
2026-05-20 01:25:00+00:00,76775.1,76807.2,76555.1,76579.2,32.907228,2523137.6926135,BTCUSDT,bybit
2026-05-20 01:30:00+00:00,76579.2,76709.2,76572.2,76644.2,31.791,2436374.5110681,BTCUSDT,bybit
2026-05-20 01:35:00+00:00,76644.2,76653.6,76526.9,76613.5,50.469411,3864640.25684162,BTCUSDT,bybit
2026-05-20 01:40:00+00:00,76613.5,76613.5,76535.1,76599.5,21.461934,1643403.9136692,BTCUSDT,bybit
2026-05-20 01:45:00+00:00,76599.5,76682.1,76567.1,76678.3,20.854944,1597700.4394942,BTCUSDT,bybit
2026-05-20 01:50:00+00:00,76678.3,76925.2,76678.3,76809.3,54.255281,4167972.01475119,BTCUSDT,bybit
2026-05-20 01:55:00+00:00,76809.3,76843.1,76791.9,76815.5,11.054893,849189.5102169,BTCUSDT,bybit
2026-05-20 02:00:00+00:00,76815.5,76845.5,76780.6,76815.9,19.302974,1482647.1493737,BTCUSDT,bybit
2026-05-20 02:05:00+00:00,76815.9,76852.7,76793.6,76793.6,17.239563,1324398.1366317,BTCUSDT,bybit
2026-05-20 02:10:00+00:00,76793.6,76813.2,76749.0,76808.2,20.141773,1546586.4510507,BTCUSDT,bybit
2026-05-20 02:15:00+00:00,76808.2,76835.3,76776.4,76805.3,15.153677,1163867.2603887,BTCUSDT,bybit
2026-05-20 02:20:00+00:00,76805.3,76907.9,76805.3,76879.2,13.940003,1071345.1296118,BTCUSDT,bybit
2026-05-20 02:25:00+00:00,76879.2,76879.9,76771.6,76771.8,8.223526,631726.9302618,BTCUSDT,bybit
2026-05-20 02:30:00+00:00,76771.8,76771.8,76607.0,76715.9,55.226363,4235041.1446543,BTCUSDT,bybit
2026-05-20 02:35:00+00:00,76715.9,76719.4,76629.7,76656.4,16.154131,1238421.5220651,BTCUSDT,bybit
2026-05-20 02:40:00+00:00,76656.4,76686.8,76614.3,76614.3,12.56657,963203.115417,BTCUSDT,bybit
2026-05-20 02:45:00+00:00,76614.3,76697.0,76592.7,76652.4,12.896036,988380.0910821,BTCUSDT,bybit
2026-05-20 02:50:00+00:00,76652.4,76691.2,76611.7,76680.0,13.140304,1007417.19142,BTCUSDT,bybit
2026-05-20 02:55:00+00:00,76680.0,76712.3,76633.3,76688.8,19.918502,1527305.9646445,BTCUSDT,bybit
2026-05-20 03:00:00+00:00,76688.8,76688.9,76602.2,76631.3,16.675597,1277933.8301379,BTCUSDT,bybit
2026-05-20 03:05:00+00:00,76631.3,76661.2,76609.0,76645.0,23.375367,1791364.8671384,BTCUSDT,bybit
2026-05-20 03:10:00+00:00,76645.0,76653.9,76616.2,76641.0,17.959836,1376263.9359654,BTCUSDT,bybit
2026-05-20 03:15:00+00:00,76641.0,76694.3,76623.7,76657.6,16.471338,1262701.3283282,BTCUSDT,bybit
2026-05-20 03:20:00+00:00,76657.6,76715.9,76654.8,76654.9,16.046167,1230424.9868073,BTCUSDT,bybit
2026-05-20 03:25:00+00:00,76654.9,76825.2,76654.9,76809.5,18.428336,1414635.0519178,BTCUSDT,bybit
2026-05-20 03:30:00+00:00,76809.5,76809.5,76739.0,76783.4,15.244629,1170400.0786835,BTCUSDT,bybit
2026-05-20 03:35:00+00:00,76783.4,76802.2,76766.2,76794.3,12.269436,942101.3343731,BTCUSDT,bybit
2026-05-20 03:40:00+00:00,76794.3,76796.0,76734.5,76750.8,20.081311,1541519.542773,BTCUSDT,bybit
2026-05-20 03:45:00+00:00,76750.8,76769.5,76727.1,76735.9,19.634048,1506900.3377771,BTCUSDT,bybit
2026-05-20 03:50:00+00:00,76735.9,76754.9,76723.9,76732.3,11.247242,863112.1831406,BTCUSDT,bybit
2026-05-20 03:55:00+00:00,76732.3,76770.0,76722.8,76724.9,11.439818,878018.1372831,BTCUSDT,bybit
2026-05-20 04:00:00+00:00,76724.9,76818.1,76724.9,76789.7,18.138331,1392776.4387784,BTCUSDT,bybit
2026-05-20 04:05:00+00:00,76789.7,76814.8,76785.3,76801.8,12.760104,979996.1905512,BTCUSDT,bybit
2026-05-20 04:10:00+00:00,76801.8,76841.7,76765.4,76826.4,19.414485,1491085.7532157,BTCUSDT,bybit
2026-05-20 04:15:00+00:00,76826.4,76831.0,76804.5,76814.7,9.84432,756257.926507,BTCUSDT,bybit
2026-05-20 04:20:00+00:00,76814.7,76825.6,76800.6,76800.9,12.130305,931818.7494304,BTCUSDT,bybit
2026-05-20 04:25:00+00:00,76800.9,76817.9,76771.0,76774.0,14.542557,1116788.6931437,BTCUSDT,bybit
2026-05-20 04:30:00+00:00,76774.0,76791.4,76759.5,76765.0,8.871213,681121.871938,BTCUSDT,bybit
2026-05-20 04:35:00+00:00,76765.0,76767.2,76688.6,76745.9,16.856195,1293441.4337846,BTCUSDT,bybit
2026-05-20 04:40:00+00:00,76745.9,76769.9,76737.5,76748.0,11.247564,863301.9773704,BTCUSDT,bybit
2026-05-20 04:45:00+00:00,76748.0,76816.7,76748.0,76773.0,13.554309,1040833.4027435,BTCUSDT,bybit
2026-05-20 04:50:00+00:00,76773.0,76791.2,76773.0,76774.8,9.169823,704112.7571839,BTCUSDT,bybit
2026-05-20 04:55:00+00:00,76774.8,76787.5,76770.6,76783.1,7.354563,564688.3205148,BTCUSDT,bybit
2026-05-20 05:00:00+00:00,76783.1,76864.1,76783.1,76857.8,23.199032,1782553.8880077,BTCUSDT,bybit
2026-05-20 05:05:00+00:00,76857.8,77056.1,76855.4,77042.8,51.490536,3962810.1523414,BTCUSDT,bybit
2026-05-20 05:10:00+00:00,77042.8,77286.6,77011.3,77230.9,102.323895,7897177.23131139,BTCUSDT,bybit
2026-05-20 05:15:00+00:00,77230.9,77245.8,77128.1,77179.3,26.561415,2049631.4529023,BTCUSDT,bybit
2026-05-20 05:20:00+00:00,77179.3,77217.9,77133.1,77158.3,27.425725,2116572.0339536,BTCUSDT,bybit
2026-05-20 05:25:00+00:00,77158.3,77172.2,77139.3,77172.2,15.169309,1170333.5962785,BTCUSDT,bybit
2026-05-20 05:30:00+00:00,77172.2,77329.4,77172.2,77223.2,41.179153,3181606.6249514,BTCUSDT,bybit
2026-05-20 05:35:00+00:00,77223.2,77303.2,77223.2,77293.9,27.260784,2106500.270815,BTCUSDT,bybit
2026-05-20 05:40:00+00:00,77293.9,77315.9,77151.2,77151.2,33.233941,2567941.3082514,BTCUSDT,bybit
2026-05-20 05:45:00+00:00,77151.2,77193.4,77151.0,77191.0,15.064766,1162610.1563332,BTCUSDT,bybit
2026-05-20 05:50:00+00:00,77191.0,77225.2,77179.4,77199.5,12.54275,968303.6930154,BTCUSDT,bybit
2026-05-20 05:55:00+00:00,77199.5,77208.7,77183.5,77202.9,11.805099,911287.8263065,BTCUSDT,bybit
2026-05-20 06:00:00+00:00,77202.9,77249.3,77191.6,77198.6,28.421327,2194758.0312821,BTCUSDT,bybit
2026-05-20 06:05:00+00:00,77198.6,77231.9,77192.8,77215.4,14.435289,1114574.5250395,BTCUSDT,bybit
2026-05-20 06:10:00+00:00,77215.4,77239.5,77205.6,77239.5,14.889911,1149844.2149609,BTCUSDT,bybit
2026-05-20 06:15:00+00:00,77239.5,77316.1,77239.4,77316.0,26.163597,2021893.5851276,BTCUSDT,bybit
2026-05-20 06:20:00+00:00,77316.0,77363.1,77285.0,77350.2,32.838017,2539074.7146444,BTCUSDT,bybit
2026-05-20 06:25:00+00:00,77350.2,77350.2,77279.5,77288.9,12.117165,936639.6856519,BTCUSDT,bybit
2026-05-20 06:30:00+00:00,77288.9,77314.0,77260.0,77291.1,17.033829,1316407.946393,BTCUSDT,bybit
2026-05-20 06:35:00+00:00,77291.1,77314.2,77245.5,77309.1,18.591804,1436801.3441279,BTCUSDT,bybit
2026-05-20 06:40:00+00:00,77309.1,77314.5,77256.2,77314.4,9.953629,769199.8398193,BTCUSDT,bybit
2026-05-20 06:45:00+00:00,77314.4,77402.4,77273.0,77381.6,20.021595,1548421.47868672,BTCUSDT,bybit
2026-05-20 06:50:00+00:00,77381.6,77419.3,77362.4,77380.4,24.000406,1857511.5413561,BTCUSDT,bybit
2026-05-20 06:55:00+00:00,77380.4,77407.9,77375.5,77407.9,11.92948,923230.8012168,BTCUSDT,bybit
2026-05-20 07:00:00+00:00,77407.9,77423.1,77318.8,77345.3,33.517527,2593216.5360334,BTCUSDT,bybit
2026-05-20 07:05:00+00:00,77345.3,77397.1,77325.1,77394.8,16.967478,1312523.5206225,BTCUSDT,bybit
2026-05-20 07:10:00+00:00,77394.8,77421.1,77360.3,77384.8,16.118194,1247388.4470613,BTCUSDT,bybit
2026-05-20 07:15:00+00:00,77384.8,77384.8,77324.2,77350.0,9.100833,703924.0005976,BTCUSDT,bybit
2026-05-20 07:20:00+00:00,77350.0,77476.1,77349.9,77460.8,26.056435,2017450.84478389,BTCUSDT,bybit
2026-05-20 07:25:00+00:00,77460.8,77460.8,77355.1,77400.1,18.195003,1408328.7348644,BTCUSDT,bybit
2026-05-20 07:30:00+00:00,77400.1,77400.1,77329.3,77379.2,27.050163,2092638.9678788,BTCUSDT,bybit
2026-05-20 07:35:00+00:00,77379.2,77383.1,77340.3,77368.5,12.925773,999994.1225608,BTCUSDT,bybit
2026-05-20 07:40:00+00:00,77368.5,77411.1,77367.3,77373.7,13.126497,1015796.5923676,BTCUSDT,bybit
2026-05-20 07:45:00+00:00,77373.7,77373.8,77278.4,77278.5,10.52328,813624.875656,BTCUSDT,bybit
2026-05-20 07:50:00+00:00,77278.5,77293.1,77243.9,77293.1,14.816402,1144819.5102487,BTCUSDT,bybit
2026-05-20 07:55:00+00:00,77293.1,77305.9,77271.4,77285.7,15.661787,1210429.1277506,BTCUSDT,bybit
2026-05-20 08:00:00+00:00,77285.7,77302.1,77260.0,77301.7,42.671546,3297711.9079933,BTCUSDT,bybit
2026-05-20 08:05:00+00:00,77301.7,77330.1,77259.8,77266.5,29.486701,2279099.6438126,BTCUSDT,bybit
2026-05-20 08:10:00+00:00,77266.5,77288.0,77249.0,77276.1,26.289172,2031311.4454055,BTCUSDT,bybit
2026-05-20 08:15:00+00:00,77276.1,77295.8,77268.4,77295.7,19.243185,1487128.8862668,BTCUSDT,bybit
2026-05-20 08:20:00+00:00,77295.7,77300.0,77204.6,77255.1,24.261871,1874405.821928,BTCUSDT,bybit
2026-05-20 08:25:00+00:00,77255.1,77282.8,77250.6,77282.7,10.309079,796480.4719469,BTCUSDT,bybit
2026-05-20 08:30:00+00:00,77282.7,77363.7,77282.7,77347.9,14.705495,1137320.5883551,BTCUSDT,bybit
2026-05-20 08:35:00+00:00,77347.9,77586.4,77341.8,77580.0,73.099656,5665062.91548288,BTCUSDT,bybit
2026-05-20 08:40:00+00:00,77580.0,77636.7,77493.9,77522.6,59.299278,4599592.42573396,BTCUSDT,bybit
2026-05-20 08:45:00+00:00,77522.6,77548.9,77482.8,77482.8,26.974907,2091096.0009569,BTCUSDT,bybit
2026-05-20 08:50:00+00:00,77482.8,77509.9,77466.0,77491.3,17.534475,1358690.4162986,BTCUSDT,bybit
2026-05-20 08:55:00+00:00,77491.3,77491.4,77456.7,77456.8,13.742987,1064677.3207546,BTCUSDT,bybit
2026-05-20 09:00:00+00:00,77456.8,77484.5,77442.4,77470.4,21.163134,1639295.7387428,BTCUSDT,bybit
2026-05-20 09:05:00+00:00,77470.4,77470.4,77397.7,77431.2,30.561201,2366021.4902953,BTCUSDT,bybit
2026-05-20 09:10:00+00:00,77431.2,77452.5,77422.0,77422.5,19.732979,1528125.7088316,BTCUSDT,bybit
2026-05-20 09:15:00+00:00,77422.5,77430.5,77361.8,77424.6,23.253777,1799778.28859,BTCUSDT,bybit
2026-05-20 09:20:00+00:00,77424.6,77443.9,77420.3,77420.4,8.224429,636838.7441083,BTCUSDT,bybit
2026-05-20 09:25:00+00:00,77420.4,77502.6,77416.8,77494.7,21.898529,1696175.8737535,BTCUSDT,bybit
2026-05-20 09:30:00+00:00,77494.7,77540.8,77487.5,77521.2,16.887106,1309102.3314139,BTCUSDT,bybit
2026-05-20 09:35:00+00:00,77521.2,77540.7,77500.7,77534.3,19.653038,1523475.8932913,BTCUSDT,bybit
2026-05-20 09:40:00+00:00,77534.3,77542.0,77507.9,77509.9,14.815892,1148646.7182599,BTCUSDT,bybit
2026-05-20 09:45:00+00:00,77509.9,77523.5,77487.5,77497.1,12.623493,978367.0893817,BTCUSDT,bybit
2026-05-20 09:50:00+00:00,77497.1,77513.8,77466.6,77486.9,16.803833,1302152.1460397,BTCUSDT,bybit
2026-05-20 09:55:00+00:00,77486.9,77511.0,77445.6,77481.9,16.253146,1259270.3064291,BTCUSDT,bybit
2026-05-20 10:00:00+00:00,77481.9,77579.2,77481.9,77539.6,21.507518,1667879.6075002,BTCUSDT,bybit
2026-05-20 10:05:00+00:00,77539.6,77592.9,77532.7,77565.0,17.832684,1383199.0157632,BTCUSDT,bybit
2026-05-20 10:10:00+00:00,77565.0,77606.6,77540.3,77606.6,16.253329,1260666.6262072,BTCUSDT,bybit
2026-05-20 10:15:00+00:00,77606.6,77606.6,77570.2,77583.5,14.250262,1105620.6982461,BTCUSDT,bybit
2026-05-20 10:20:00+00:00,77583.5,77653.2,77583.5,77617.7,24.294116,1885543.15719784,BTCUSDT,bybit
2026-05-20 10:25:00+00:00,77617.7,77622.0,77561.2,77622.0,20.255422,1571740.0929691,BTCUSDT,bybit
2026-05-20 10:30:00+00:00,77622.0,77646.2,77592.9,77646.2,25.630639,1989206.5904512,BTCUSDT,bybit
2026-05-20 10:35:00+00:00,77646.2,77668.3,77558.9,77559.0,22.999928,1785429.61739718,BTCUSDT,bybit
2026-05-20 10:40:00+00:00,77559.0,77560.5,77512.4,77557.5,16.611816,1288084.2535081,BTCUSDT,bybit
2026-05-20 10:45:00+00:00,77557.5,77591.5,77551.4,77559.5,14.491128,1124037.1911802,BTCUSDT,bybit
2026-05-20 10:50:00+00:00,77559.5,77560.8,77529.5,77560.8,13.403495,1039362.0250156,BTCUSDT,bybit
2026-05-20 10:55:00+00:00,77560.8,77565.3,77513.4,77513.4,7.232375,560746.3350251,BTCUSDT,bybit
2026-05-20 11:00:00+00:00,77513.4,77535.9,77487.0,77523.2,21.161127,1640116.2941743,BTCUSDT,bybit
2026-05-20 11:05:00+00:00,77523.2,77565.9,77513.2,77513.3,13.340237,1034409.955891,BTCUSDT,bybit
2026-05-20 11:10:00+00:00,77513.3,77534.1,77466.7,77478.8,11.968297,927644.7358336,BTCUSDT,bybit
2026-05-20 11:15:00+00:00,77478.8,77509.5,77478.7,77478.7,9.540167,739343.5585652,BTCUSDT,bybit
2026-05-20 11:20:00+00:00,77478.7,77498.1,77466.6,77492.6,12.271809,950833.8397024,BTCUSDT,bybit
2026-05-20 11:25:00+00:00,77492.6,77494.1,77456.0,77468.1,15.420455,1194757.784795,BTCUSDT,bybit
2026-05-20 11:30:00+00:00,77468.1,77483.0,77454.4,77480.0,8.334461,645632.2996162,BTCUSDT,bybit
2026-05-20 11:35:00+00:00,77480.0,77487.2,77423.0,77430.6,8.25979,639692.089542,BTCUSDT,bybit
2026-05-20 11:40:00+00:00,77430.6,77430.6,77341.6,77391.1,25.897578,2003843.0228528,BTCUSDT,bybit
2026-05-20 11:45:00+00:00,77391.1,77421.1,77358.3,77364.1,12.247143,947865.0162922,BTCUSDT,bybit
2026-05-20 11:50:00+00:00,77364.1,77378.5,77320.0,77378.5,11.444422,885231.2117594,BTCUSDT,bybit
2026-05-20 11:55:00+00:00,77378.5,77406.8,77371.3,77384.9,15.068378,1166087.8921468,BTCUSDT,bybit
2026-05-20 12:00:00+00:00,77384.9,77476.8,77362.3,77463.5,16.11817,1247999.7195611,BTCUSDT,bybit
2026-05-20 12:05:00+00:00,77463.5,77477.3,77443.9,77446.5,11.783806,912829.6877346,BTCUSDT,bybit
2026-05-20 12:10:00+00:00,77446.5,77462.5,77435.7,77448.7,8.580441,664554.6992001,BTCUSDT,bybit
2026-05-20 12:15:00+00:00,77448.7,77482.2,77444.4,77452.4,11.970236,927312.7658166,BTCUSDT,bybit
2026-05-20 12:20:00+00:00,77452.4,77452.4,77369.0,77435.2,16.524818,1279017.3324442,BTCUSDT,bybit
2026-05-20 12:25:00+00:00,77435.2,77532.1,77435.2,77497.0,16.942952,1313024.2452417,BTCUSDT,bybit
2026-05-20 12:30:00+00:00,77497.0,77548.1,77494.3,77538.0,16.459524,1275884.6198386,BTCUSDT,bybit
2026-05-20 12:35:00+00:00,77538.0,77541.8,77528.2,77533.0,5.339345,413985.2358938,BTCUSDT,bybit
2026-05-20 12:40:00+00:00,77533.0,77533.0,77507.6,77527.2,8.221608,637351.7553303,BTCUSDT,bybit
2026-05-20 12:45:00+00:00,77527.2,77595.4,77527.1,77571.3,26.444515,2051202.1039565,BTCUSDT,bybit
2026-05-20 12:50:00+00:00,77571.3,77611.1,77537.1,77608.5,42.678998,3311032.952677,BTCUSDT,bybit
2026-05-20 12:55:00+00:00,77608.5,77744.4,77603.8,77620.6,69.801701,5421174.76104401,BTCUSDT,bybit
2026-05-20 13:00:00+00:00,77620.6,77653.1,77550.9,77560.7,34.452863,2673240.5482471,BTCUSDT,bybit
2026-05-20 13:05:00+00:00,77560.7,77570.5,77510.1,77522.3,16.266153,1261253.4707499,BTCUSDT,bybit
2026-05-20 13:10:00+00:00,77522.3,77522.3,77463.4,77473.2,19.427228,1505316.3068846,BTCUSDT,bybit
2026-05-20 13:15:00+00:00,77473.2,77484.4,77408.3,77448.5,19.682295,1524419.8422896,BTCUSDT,bybit
2026-05-20 13:20:00+00:00,77448.5,77491.5,77441.6,77472.9,14.733669,1141481.9889359,BTCUSDT,bybit
2026-05-20 13:25:00+00:00,77472.9,77472.9,77276.0,77305.0,79.024745,6112694.8630279,BTCUSDT,bybit
2026-05-20 13:30:00+00:00,77305.0,77346.7,77184.7,77253.7,126.474901,9772973.744486,BTCUSDT,bybit
2026-05-20 13:35:00+00:00,77253.7,77255.2,76964.0,77089.6,132.319936,10200415.40640334,BTCUSDT,bybit
2026-05-20 13:40:00+00:00,77089.6,77125.3,76987.8,77080.2,97.735689,7529743.0720656,BTCUSDT,bybit
2026-05-20 13:45:00+00:00,77080.2,77362.4,77080.2,77188.8,96.218047,7430748.7076862,BTCUSDT,bybit
2026-05-20 13:50:00+00:00,77188.8,77240.8,77128.8,77155.3,60.853632,4697039.527192,BTCUSDT,bybit
2026-05-20 13:55:00+00:00,77155.3,77205.0,77042.9,77204.9,47.818466,3688160.8850429,BTCUSDT,bybit
2026-05-20 14:00:00+00:00,77204.9,77268.9,77160.6,77198.6,60.77706,4692753.0141253,BTCUSDT,bybit
2026-05-20 14:05:00+00:00,77198.6,77232.6,77108.2,77150.5,49.317692,3805841.992871,BTCUSDT,bybit
2026-05-20 14:10:00+00:00,77150.5,77248.9,76890.0,77110.7,140.458197,10822547.77734854,BTCUSDT,bybit
2026-05-20 14:15:00+00:00,77110.7,77574.7,77110.7,77458.4,164.438573,12726669.10276495,BTCUSDT,bybit
2026-05-20 14:20:00+00:00,77458.4,77526.8,77281.0,77331.9,100.947797,7817768.7874322,BTCUSDT,bybit
2026-05-20 14:25:00+00:00,77331.9,77454.8,77290.6,77412.9,55.020971,4258174.9076235,BTCUSDT,bybit
2026-05-20 14:30:00+00:00,77412.9,77507.2,77372.6,77377.2,66.751745,5171566.9089635,BTCUSDT,bybit
2026-05-20 14:35:00+00:00,77377.2,77401.4,77273.6,77300.7,54.177314,4189713.1743274,BTCUSDT,bybit
2026-05-20 14:40:00+00:00,77300.7,77404.6,77288.2,77396.9,42.781507,3309236.0944858,BTCUSDT,bybit
2026-05-20 14:45:00+00:00,77396.9,77469.0,77377.8,77415.4,50.756958,3929426.5034046,BTCUSDT,bybit
2026-05-20 14:50:00+00:00,77415.4,77559.0,77384.5,77522.1,48.705092,3773719.6394496,BTCUSDT,bybit
2026-05-20 14:55:00+00:00,77522.1,77554.0,77446.3,77446.3,43.72621,3389392.190698,BTCUSDT,bybit
2026-05-20 15:00:00+00:00,77446.3,77476.0,77361.4,77367.1,39.576786,3064495.0329463,BTCUSDT,bybit
2026-05-20 15:05:00+00:00,77367.1,77401.4,77339.9,77368.9,21.335839,1650687.2039269,BTCUSDT,bybit
2026-05-20 15:10:00+00:00,77368.9,77368.9,77300.0,77321.2,26.734104,2067165.3719063,BTCUSDT,bybit
2026-05-20 15:15:00+00:00,77321.2,77858.8,77321.1,77619.1,289.17108,22461897.61066329,BTCUSDT,bybit
2026-05-20 15:20:00+00:00,77619.1,77753.8,77619.1,77649.2,65.156453,5062754.0515188,BTCUSDT,bybit
2026-05-20 15:25:00+00:00,77649.2,77650.1,77513.6,77555.1,59.570004,4620975.9348615,BTCUSDT,bybit
2026-05-20 15:30:00+00:00,77555.1,77641.0,77531.1,77588.8,34.683045,2691352.344913,BTCUSDT,bybit
2026-05-20 15:35:00+00:00,77588.8,77619.7,77501.2,77501.2,45.469089,3527020.223354,BTCUSDT,bybit
2026-05-20 15:40:00+00:00,77501.2,77508.1,77374.0,77449.9,39.378791,3049565.56096907,BTCUSDT,bybit
2026-05-20 15:45:00+00:00,77449.9,77587.6,77448.6,77545.4,36.805394,2853098.2460062,BTCUSDT,bybit
2026-05-20 15:50:00+00:00,77545.4,77559.3,77453.0,77484.4,27.616158,2140785.9863122,BTCUSDT,bybit
2026-05-20 15:55:00+00:00,77484.4,77534.9,77377.9,77460.7,36.499381,2826705.7395779,BTCUSDT,bybit
2026-05-20 16:00:00+00:00,77460.7,77530.1,77432.5,77459.4,20.716452,1605190.8499647,BTCUSDT,bybit
2026-05-20 16:05:00+00:00,77459.4,77553.3,77458.2,77541.5,16.766948,1299451.8780686,BTCUSDT,bybit
2026-05-20 16:10:00+00:00,77541.5,77560.0,77487.5,77487.5,14.891478,1154503.104568,BTCUSDT,bybit
2026-05-20 16:15:00+00:00,77487.5,77487.5,77333.6,77361.3,37.306958,2886931.061951,BTCUSDT,bybit
2026-05-20 16:20:00+00:00,77361.3,77361.3,77188.8,77229.5,54.140086,4182075.38858,BTCUSDT,bybit
2026-05-20 16:25:00+00:00,77229.5,77229.5,77010.6,77086.3,58.913408,4544081.34815569,BTCUSDT,bybit
2026-05-20 16:30:00+00:00,77086.3,77175.7,77030.0,77170.2,50.662615,3906238.9074653,BTCUSDT,bybit
2026-05-20 16:35:00+00:00,77170.2,77274.8,77148.1,77229.1,31.766199,2452627.291216,BTCUSDT,bybit
2026-05-20 16:40:00+00:00,77229.1,77360.4,77215.6,77335.2,33.944084,2623541.4445904,BTCUSDT,bybit
2026-05-20 16:45:00+00:00,77335.2,77365.4,77263.8,77314.7,38.568889,2982265.6045396,BTCUSDT,bybit
2026-05-20 16:50:00+00:00,77314.7,77350.0,77241.7,77258.8,24.808967,1917797.350551,BTCUSDT,bybit
2026-05-20 16:55:00+00:00,77258.8,77357.0,77258.5,77335.5,17.496662,1352550.4591971,BTCUSDT,bybit
2026-05-20 17:00:00+00:00,77335.5,77353.2,77254.8,77254.9,29.926048,2313565.4182832,BTCUSDT,bybit
2026-05-20 17:05:00+00:00,77254.9,77331.8,77220.6,77312.8,22.451028,1735182.2449103,BTCUSDT,bybit
2026-05-20 17:10:00+00:00,77312.8,77459.3,77289.6,77390.9,63.812832,4937838.1643176,BTCUSDT,bybit
2026-05-20 17:15:00+00:00,77390.9,77478.4,77344.6,77478.4,28.231419,2185118.57574699,BTCUSDT,bybit
2026-05-20 17:20:00+00:00,77478.4,77534.4,77478.3,77526.8,29.317052,2272275.8179862,BTCUSDT,bybit
2026-05-20 17:25:00+00:00,77526.8,77645.7,77495.7,77563.5,33.844145,2625326.4719646,BTCUSDT,bybit
2026-05-20 17:30:00+00:00,77563.5,77603.7,77511.4,77554.4,29.837031,2313898.4401677,BTCUSDT,bybit
2026-05-20 17:35:00+00:00,77554.4,77719.6,77554.3,77618.0,39.735172,3085500.3264059,BTCUSDT,bybit
2026-05-20 17:40:00+00:00,77618.0,77665.4,77555.7,77664.1,20.621932,1600499.9096511,BTCUSDT,bybit
2026-05-20 17:45:00+00:00,77664.1,77717.3,77606.5,77634.1,35.016191,2719719.0680047,BTCUSDT,bybit
2026-05-20 17:50:00+00:00,77634.1,77639.4,77532.9,77555.1,19.679247,1526686.2112729,BTCUSDT,bybit
2026-05-20 17:55:00+00:00,77555.1,77574.8,77535.2,77571.4,14.797873,1147637.2480222,BTCUSDT,bybit
2026-05-20 18:00:00+00:00,77571.4,77601.0,77473.5,77546.6,42.372683,3285637.0803218,BTCUSDT,bybit
2026-05-20 18:05:00+00:00,77546.6,77557.3,77506.1,77526.4,15.710478,1218094.4382845,BTCUSDT,bybit
2026-05-20 18:10:00+00:00,77526.4,77544.1,77477.6,77477.6,22.191111,1720042.1099494,BTCUSDT,bybit
2026-05-20 18:15:00+00:00,77477.6,77627.0,77474.9,77599.2,19.420956,1505809.4791724,BTCUSDT,bybit
2026-05-20 18:20:00+00:00,77599.2,77637.1,77493.9,77511.0,35.610484,2762120.0008432,BTCUSDT,bybit
2026-05-20 18:25:00+00:00,77511.0,77536.0,77433.9,77508.9,33.923012,2628715.3220897,BTCUSDT,bybit
2026-05-20 18:30:00+00:00,77508.9,77521.7,77455.8,77514.2,16.37363,1268875.8344497,BTCUSDT,bybit
2026-05-20 18:35:00+00:00,77514.2,77556.4,77503.1,77544.7,16.749599,1298677.5313088,BTCUSDT,bybit
2026-05-20 18:40:00+00:00,77544.7,77544.8,77469.8,77482.8,29.658894,2298581.4470814,BTCUSDT,bybit
2026-05-20 18:45:00+00:00,77482.8,77488.7,77390.2,77453.0,27.130014,2100804.3263511,BTCUSDT,bybit
2026-05-20 18:50:00+00:00,77453.0,77453.0,77415.7,77421.4,14.009858,1084849.307364,BTCUSDT,bybit
2026-05-20 18:55:00+00:00,77421.4,77463.3,77401.1,77415.2,10.402489,805492.6864917,BTCUSDT,bybit
2026-05-20 19:00:00+00:00,77415.2,77466.1,77365.6,77379.5,15.122479,1170651.4804612,BTCUSDT,bybit
2026-05-20 19:05:00+00:00,77379.5,77411.4,77348.6,77411.4,15.188207,1175221.1852847,BTCUSDT,bybit
2026-05-20 19:10:00+00:00,77411.4,77435.8,77396.1,77410.5,14.711055,1138848.2859923,BTCUSDT,bybit
2026-05-20 19:15:00+00:00,77410.5,77498.0,77362.4,77487.5,20.441948,1582687.0194803,BTCUSDT,bybit
2026-05-20 19:20:00+00:00,77487.5,77527.7,77487.5,77506.2,14.459545,1120762.6323699,BTCUSDT,bybit
2026-05-20 19:25:00+00:00,77506.2,77569.1,77502.7,77567.6,19.156137,1485262.904873,BTCUSDT,bybit
2026-05-20 19:30:00+00:00,77567.6,77607.1,77531.1,77578.0,38.217776,2965281.1243973,BTCUSDT,bybit
2026-05-20 19:35:00+00:00,77578.0,77674.8,77536.2,77586.3,44.934827,3487260.181536,BTCUSDT,bybit
2026-05-20 19:40:00+00:00,77586.3,77643.6,77586.3,77630.6,20.146268,1563680.1410592,BTCUSDT,bybit
2026-05-20 19:45:00+00:00,77630.6,77681.8,77589.2,77657.1,20.453051,1587960.945547,BTCUSDT,bybit
2026-05-20 19:50:00+00:00,77657.1,77681.7,77596.4,77674.4,19.671931,1527362.4043859,BTCUSDT,bybit
2026-05-20 19:55:00+00:00,77674.4,77708.3,77648.9,77671.2,36.537545,2838105.8520516,BTCUSDT,bybit
2026-05-20 20:00:00+00:00,77671.2,77712.7,77575.9,77631.1,36.282653,2817245.3262693,BTCUSDT,bybit
2026-05-20 20:05:00+00:00,77631.1,77664.1,77605.9,77652.9,13.139064,1020002.4012784,BTCUSDT,bybit
2026-05-20 20:10:00+00:00,77652.9,77753.7,77652.9,77748.1,20.789063,1615403.4129343,BTCUSDT,bybit
2026-05-20 20:15:00+00:00,77748.1,77748.1,77611.8,77672.6,38.055415,2955500.3800461,BTCUSDT,bybit
2026-05-20 20:20:00+00:00,77672.6,77687.7,77472.0,77631.8,84.075878,6524123.8033796,BTCUSDT,bybit
2026-05-20 20:25:00+00:00,77631.8,77688.1,77573.3,77688.1,18.970694,1472563.0037416,BTCUSDT,bybit
2026-05-20 20:30:00+00:00,77688.1,77721.3,77594.0,77621.3,26.194273,2034509.0779656,BTCUSDT,bybit
2026-05-20 20:35:00+00:00,77621.3,77683.8,77621.2,77640.0,10.038146,779458.5837581,BTCUSDT,bybit
2026-05-20 20:40:00+00:00,77640.0,77743.6,77640.0,77687.1,14.393154,1118338.5881432,BTCUSDT,bybit
2026-05-20 20:45:00+00:00,77687.1,77758.0,77670.4,77720.0,13.924328,1082038.5562659,BTCUSDT,bybit
2026-05-20 20:50:00+00:00,77720.0,77769.3,77697.8,77697.9,19.980112,1552958.6619372,BTCUSDT,bybit
2026-05-20 20:55:00+00:00,77697.9,77748.2,77697.8,77714.4,14.768025,1147908.2309408,BTCUSDT,bybit
2026-05-20 21:00:00+00:00,77714.4,77750.4,77640.9,77740.8,30.699704,2385606.8381116,BTCUSDT,bybit
2026-05-20 21:05:00+00:00,77740.8,77746.2,77718.7,77745.8,10.215211,794079.6075737,BTCUSDT,bybit
2026-05-20 21:10:00+00:00,77745.8,77774.9,77735.6,77756.4,16.527082,1285093.0699236,BTCUSDT,bybit
2026-05-20 21:15:00+00:00,77756.4,77761.3,77661.5,77661.5,11.331554,880579.0594217,BTCUSDT,bybit
2026-05-20 21:20:00+00:00,77661.5,77664.6,77602.3,77664.6,10.933943,848833.9049827,BTCUSDT,bybit
2026-05-20 21:25:00+00:00,77664.6,77672.6,77611.1,77613.8,8.543683,663348.5949511,BTCUSDT,bybit
2026-05-20 21:30:00+00:00,77613.8,77634.8,77585.8,77634.8,8.989996,697692.7139124,BTCUSDT,bybit
2026-05-20 21:35:00+00:00,77634.8,77653.9,77616.9,77616.9,6.512404,505612.9754958,BTCUSDT,bybit
2026-05-20 21:40:00+00:00,77616.9,77646.2,77595.2,77629.0,10.101345,784065.1258851,BTCUSDT,bybit
2026-05-20 21:45:00+00:00,77629.0,77662.5,77602.7,77637.8,9.6372,748203.9617538,BTCUSDT,bybit
2026-05-20 21:50:00+00:00,77637.8,77637.9,77584.5,77584.5,9.414039,730568.2998925,BTCUSDT,bybit
2026-05-20 21:55:00+00:00,77584.5,77592.8,77503.2,77503.3,14.850096,1151653.2312228,BTCUSDT,bybit
2026-05-20 22:00:00+00:00,77503.3,77503.3,77368.7,77428.2,46.267926,3582241.9012585,BTCUSDT,bybit
2026-05-20 22:05:00+00:00,77428.2,77463.3,77315.7,77334.7,34.122898,2641083.4967583,BTCUSDT,bybit
2026-05-20 22:10:00+00:00,77334.7,77391.2,77288.1,77373.7,31.627846,2446382.4428184,BTCUSDT,bybit
2026-05-20 22:15:00+00:00,77373.7,77383.3,77233.2,77238.2,23.001693,1778143.5254226,BTCUSDT,bybit
2026-05-20 22:20:00+00:00,77238.2,77362.5,77220.5,77359.2,28.654086,2214171.1674086,BTCUSDT,bybit
2026-05-20 22:25:00+00:00,77359.2,77449.9,77345.3,77432.2,19.716859,1525931.1020003,BTCUSDT,bybit
2026-05-20 22:30:00+00:00,77432.2,77499.2,77420.4,77454.1,19.577635,1516460.3232476,BTCUSDT,bybit
2026-05-20 22:35:00+00:00,77454.1,77466.5,77373.6,77388.7,10.038026,777187.516868,BTCUSDT,bybit
2026-05-20 22:40:00+00:00,77388.7,77441.4,77374.0,77437.2,9.887652,765452.5016668,BTCUSDT,bybit
2026-05-20 22:45:00+00:00,77437.2,77494.8,77437.1,77486.5,12.761024,988666.1811468,BTCUSDT,bybit
2026-05-20 22:50:00+00:00,77486.5,77494.1,77449.0,77449.0,13.916609,1078079.0354625,BTCUSDT,bybit
2026-05-20 22:55:00+00:00,77449.0,77500.7,77449.0,77500.7,17.308506,1340946.8380517,BTCUSDT,bybit
2026-05-20 23:00:00+00:00,77500.7,77501.3,77448.3,77448.3,15.894053,1231271.9790075,BTCUSDT,bybit
2026-05-20 23:05:00+00:00,77448.3,77516.8,77434.0,77434.0,20.012435,1550412.3200555,BTCUSDT,bybit
2026-05-20 23:10:00+00:00,77434.0,77459.5,77396.2,77452.6,19.405819,1502533.3975277,BTCUSDT,bybit
2026-05-20 23:15:00+00:00,77452.6,77457.8,77380.5,77443.5,13.617037,1054224.7152798,BTCUSDT,bybit
2026-05-20 23:20:00+00:00,77443.5,77456.2,77398.6,77403.6,7.513331,581753.6515617,BTCUSDT,bybit
2026-05-20 23:25:00+00:00,77403.6,77445.7,77398.1,77398.1,11.322221,876613.1022574,BTCUSDT,bybit
2026-05-20 23:30:00+00:00,77398.1,77449.9,77387.3,77449.8,11.488724,889431.6671358,BTCUSDT,bybit
2026-05-20 23:35:00+00:00,77449.8,77482.0,77431.1,77458.7,5.306492,411016.2544767,BTCUSDT,bybit
2026-05-20 23:40:00+00:00,77458.7,77485.3,77456.5,77479.0,4.419575,342397.8381512,BTCUSDT,bybit
2026-05-20 23:45:00+00:00,77479.0,77542.4,77456.6,77529.9,12.493892,968360.0747057,BTCUSDT,bybit
2026-05-20 23:50:00+00:00,77529.9,77545.7,77516.2,77545.6,5.542999,429750.6370398,BTCUSDT,bybit
2026-05-20 23:55:00+00:00,77545.6,77558.9,77523.6,77547.9,8.09556,627750.4304475,BTCUSDT,bybit
2026-05-21 00:00:00+00:00,77547.9,77642.5,77515.0,77640.0,24.707726,1916512.5276146,BTCUSDT,bybit
2026-05-21 00:05:00+00:00,77640.0,77656.4,77547.5,77640.9,23.919981,1856162.5873328,BTCUSDT,bybit
2026-05-21 00:10:00+00:00,77640.9,77690.5,77635.4,77666.9,18.833152,1462529.8168157,BTCUSDT,bybit
2026-05-21 00:15:00+00:00,77666.9,77705.9,77598.8,77637.9,22.68249,1761649.0409796,BTCUSDT,bybit
2026-05-21 00:20:00+00:00,77637.9,77701.4,77619.4,77701.4,11.056015,858353.5208256,BTCUSDT,bybit
2026-05-21 00:25:00+00:00,77701.4,77732.4,77687.3,77732.4,26.118797,2029533.5368436,BTCUSDT,bybit
2026-05-21 00:30:00+00:00,77732.4,77747.5,77707.9,77747.1,22.007417,1710525.6630451,BTCUSDT,bybit
2026-05-21 00:35:00+00:00,77747.1,77750.0,77703.9,77736.2,11.046462,858624.5255817,BTCUSDT,bybit
2026-05-21 00:40:00+00:00,77736.2,77755.5,77701.2,77739.2,17.495176,1359836.316237,BTCUSDT,bybit
2026-05-21 00:45:00+00:00,77739.2,77967.6,77739.2,77950.1,63.119736,4915213.97532661,BTCUSDT,bybit
2026-05-21 00:50:00+00:00,77950.1,78076.7,77900.9,78023.7,74.131454,5781321.14668449,BTCUSDT,bybit
2026-05-21 00:55:00+00:00,78023.7,78023.7,77941.2,77965.9,30.795408,2401829.1437229,BTCUSDT,bybit
2026-05-21 01:00:00+00:00,77965.9,77999.8,77931.8,77986.6,20.843067,1625204.0448359,BTCUSDT,bybit
2026-05-21 01:05:00+00:00,77986.6,78020.3,77932.9,77988.4,19.906533,1552407.1591146,BTCUSDT,bybit
2026-05-21 01:10:00+00:00,77988.4,78134.5,77987.0,78124.7,34.874774,2722542.64665043,BTCUSDT,bybit
2026-05-21 01:15:00+00:00,78124.7,78174.7,77880.0,77891.4,60.014467,4684360.75073673,BTCUSDT,bybit
2026-05-21 01:20:00+00:00,77891.4,77934.4,77868.9,77897.7,19.2914,1502927.1134931,BTCUSDT,bybit
2026-05-21 01:25:00+00:00,77897.7,77897.7,77823.2,77879.2,21.213584,1651570.2238665,BTCUSDT,bybit
2026-05-21 01:30:00+00:00,77879.2,77889.5,77820.8,77883.7,15.930872,1240190.7685917,BTCUSDT,bybit
2026-05-21 01:35:00+00:00,77883.7,77909.9,77817.8,77838.4,16.466141,1282012.048912,BTCUSDT,bybit
2026-05-21 01:40:00+00:00,77838.4,77973.3,77828.7,77889.9,23.128655,1801787.6281223,BTCUSDT,bybit
2026-05-21 01:45:00+00:00,77889.9,77970.9,77889.9,77915.4,13.655835,1064201.6874466,BTCUSDT,bybit
2026-05-21 01:50:00+00:00,77915.4,77938.2,77797.4,77825.8,17.904552,1393924.632365,BTCUSDT,bybit
2026-05-21 01:55:00+00:00,77825.8,77875.8,77825.8,77858.8,9.190981,715558.4743791,BTCUSDT,bybit
2026-05-21 02:00:00+00:00,77858.8,77911.0,77832.2,77892.0,14.759869,1149334.9355007,BTCUSDT,bybit
2026-05-21 02:05:00+00:00,77892.0,77892.0,77817.3,77843.6,12.642468,984307.54197,BTCUSDT,bybit
2026-05-21 02:10:00+00:00,77843.6,77897.8,77840.5,77872.8,12.353991,962037.3098742,BTCUSDT,bybit
2026-05-21 02:15:00+00:00,77872.8,77986.4,77864.1,77986.4,14.096826,1098493.3693287,BTCUSDT,bybit
2026-05-21 02:20:00+00:00,77986.4,78083.5,77978.2,78002.8,54.392821,4243923.1253576,BTCUSDT,bybit
2026-05-21 02:25:00+00:00,78002.8,78098.6,78002.8,78039.5,33.17598,2589917.0763808,BTCUSDT,bybit
2026-05-21 02:30:00+00:00,78039.5,78056.9,78000.0,78018.3,14.931127,1165041.4471943,BTCUSDT,bybit
2026-05-21 02:35:00+00:00,78018.3,78074.6,78013.3,78037.7,13.812133,1077856.3127792,BTCUSDT,bybit
2026-05-21 02:40:00+00:00,78037.7,78040.7,77989.7,78019.3,29.817332,2326260.7206398,BTCUSDT,bybit
2026-05-21 02:45:00+00:00,78019.3,78026.8,77967.1,77967.1,10.523725,820827.6508627,BTCUSDT,bybit
2026-05-21 02:50:00+00:00,77967.1,78026.0,77947.2,77962.9,19.438443,1515915.769774,BTCUSDT,bybit
2026-05-21 02:55:00+00:00,77962.9,77990.9,77958.7,77958.7,8.848096,689943.3100548,BTCUSDT,bybit
2026-05-21 03:00:00+00:00,77958.7,77983.4,77948.8,77953.8,18.609278,1450919.2447286,BTCUSDT,bybit
2026-05-21 03:05:00+00:00,77953.8,78034.7,77922.4,77965.1,32.277268,2516946.5202607,BTCUSDT,bybit
2026-05-21 03:10:00+00:00,77965.1,77987.0,77951.0,77956.2,14.874299,1159794.9099772,BTCUSDT,bybit
2026-05-21 03:15:00+00:00,77956.2,77957.7,77904.4,77945.8,9.779314,762136.303029,BTCUSDT,bybit
2026-05-21 03:20:00+00:00,77945.8,78037.5,77945.8,78011.1,11.548652,900791.0317112,BTCUSDT,bybit
2026-05-21 03:25:00+00:00,78011.1,78044.1,77998.7,78036.6,12.700551,990908.8958914,BTCUSDT,bybit
2026-05-21 03:30:00+00:00,78036.6,78036.7,78003.0,78003.0,6.871654,536133.9548986,BTCUSDT,bybit
2026-05-21 03:35:00+00:00,78003.0,78003.9,77987.3,77994.2,13.533133,1055519.1462694,BTCUSDT,bybit
2026-05-21 03:40:00+00:00,77994.2,78017.9,77988.5,78017.8,8.317783,648805.6038374,BTCUSDT,bybit
2026-05-21 03:45:00+00:00,78017.8,78040.6,78001.8,78004.6,10.527902,821367.8151593,BTCUSDT,bybit
2026-05-21 03:50:00+00:00,78004.6,78045.2,77998.9,78045.2,14.663145,1143988.1400676,BTCUSDT,bybit
2026-05-21 03:55:00+00:00,78045.2,78100.4,78045.1,78078.0,24.48569,1911682.1431344,BTCUSDT,bybit
2026-05-21 04:00:00+00:00,78078.0,78131.2,78078.0,78122.3,14.521529,1134289.2532507,BTCUSDT,bybit
2026-05-21 04:05:00+00:00,78122.3,78183.5,77983.4,77988.6,52.682006,4115335.73034048,BTCUSDT,bybit
2026-05-21 04:10:00+00:00,77988.6,78006.4,77967.7,77982.0,18.834826,1468859.1840917,BTCUSDT,bybit
2026-05-21 04:15:00+00:00,77982.0,78034.2,77968.9,77971.3,9.517227,742327.5605292,BTCUSDT,bybit
2026-05-21 04:20:00+00:00,77971.3,78009.9,77966.9,78006.3,8.699095,678454.6893345,BTCUSDT,bybit
2026-05-21 04:25:00+00:00,78006.3,78029.5,78006.3,78029.4,8.131239,634409.0020177,BTCUSDT,bybit
2026-05-21 04:30:00+00:00,78029.4,78037.4,77967.7,77974.3,11.38851,888319.7367525,BTCUSDT,bybit
2026-05-21 04:35:00+00:00,77974.3,78007.0,77966.3,78007.0,5.327018,415381.4403366,BTCUSDT,bybit
2026-05-21 04:40:00+00:00,78007.0,78007.0,77980.0,77980.1,5.688868,443697.3074325,BTCUSDT,bybit
2026-05-21 04:45:00+00:00,77980.1,78012.0,77979.4,77999.4,12.843021,1001742.265978,BTCUSDT,bybit
2026-05-21 04:50:00+00:00,77999.4,78011.4,77999.3,78007.8,5.436789,424102.9881634,BTCUSDT,bybit
2026-05-21 04:55:00+00:00,78007.8,78052.1,78007.7,78035.1,12.550572,979330.8188847,BTCUSDT,bybit
2026-05-21 05:00:00+00:00,78035.1,78151.3,78016.7,78108.5,24.698806,1928546.4927674,BTCUSDT,bybit
2026-05-21 05:05:00+00:00,78108.5,78123.5,78040.4,78040.8,12.973682,1012942.0015143,BTCUSDT,bybit
2026-05-21 05:10:00+00:00,78040.8,78040.9,77896.0,77917.2,19.351252,1508616.4044615,BTCUSDT,bybit
2026-05-21 05:15:00+00:00,77917.2,77938.7,77888.8,77931.4,9.348748,728427.8907536,BTCUSDT,bybit
2026-05-21 05:20:00+00:00,77931.4,77954.0,77874.9,77900.9,9.881912,769900.5635763,BTCUSDT,bybit
2026-05-21 05:25:00+00:00,77900.9,77900.9,77869.7,77873.9,17.475183,1361022.7150287,BTCUSDT,bybit
2026-05-21 05:30:00+00:00,77873.9,77914.6,77846.8,77897.7,15.670555,1220425.9716333,BTCUSDT,bybit
2026-05-21 05:35:00+00:00,77897.7,77900.2,77883.0,77892.3,9.638402,750741.9649941,BTCUSDT,bybit
2026-05-21 05:40:00+00:00,77892.3,77895.9,77845.3,77858.5,15.270944,1189128.4826877,BTCUSDT,bybit
2026-05-21 05:45:00+00:00,77858.5,77864.8,77702.6,77774.7,44.692911,3476384.67773132,BTCUSDT,bybit
2026-05-21 05:50:00+00:00,77774.7,77803.2,77763.3,77796.2,21.352138,1660837.2463282,BTCUSDT,bybit
2026-05-21 05:55:00+00:00,77796.2,77827.5,77778.6,77827.4,19.592788,1524242.5091296,BTCUSDT,bybit
2026-05-21 06:00:00+00:00,77827.4,77859.6,77799.4,77844.7,15.555458,1210626.2095359,BTCUSDT,bybit
2026-05-21 06:05:00+00:00,77844.7,77875.2,77731.0,77744.6,20.634231,1605503.682727,BTCUSDT,bybit
2026-05-21 06:10:00+00:00,77744.6,77798.7,77744.6,77770.0,12.538362,975143.4841926,BTCUSDT,bybit
2026-05-21 06:15:00+00:00,77770.0,77775.5,77717.3,77736.5,15.610859,1213734.2092009,BTCUSDT,bybit
2026-05-21 06:20:00+00:00,77736.5,77868.3,77736.5,77820.5,31.331991,2438269.6370911,BTCUSDT,bybit
2026-05-21 06:25:00+00:00,77820.5,77822.5,77774.0,77780.1,21.298754,1656876.3283732,BTCUSDT,bybit
2026-05-21 06:30:00+00:00,77780.1,77822.7,77777.5,77785.3,11.603307,902761.0225059,BTCUSDT,bybit
2026-05-21 06:35:00+00:00,77785.3,77785.3,77730.6,77732.9,12.004072,933362.8294663,BTCUSDT,bybit
2026-05-21 06:40:00+00:00,77732.9,77732.9,77645.7,77678.5,17.281679,1342605.6854601,BTCUSDT,bybit
2026-05-21 06:45:00+00:00,77678.5,77678.6,77518.7,77611.2,42.217245,3275873.8671606,BTCUSDT,bybit
2026-05-21 06:50:00+00:00,77611.2,77640.3,77569.2,77607.2,18.73934,1454252.1726579,BTCUSDT,bybit
2026-05-21 06:55:00+00:00,77607.2,77622.8,77565.8,77620.6,12.382601,960858.9122279,BTCUSDT,bybit
2026-05-21 07:00:00+00:00,77620.6,77646.4,77565.1,77590.6,19.827769,1538709.9670725,BTCUSDT,bybit
2026-05-21 07:05:00+00:00,77590.6,77695.1,77590.6,77605.9,25.819349,2004980.073207,BTCUSDT,bybit
2026-05-21 07:10:00+00:00,77605.9,77628.0,77575.3,77605.4,28.71251,2228078.8641903,BTCUSDT,bybit
2026-05-21 07:15:00+00:00,77605.4,77605.4,77520.9,77543.3,22.659637,1757266.5297427,BTCUSDT,bybit
2026-05-21 07:20:00+00:00,77543.3,77572.5,77532.0,77563.6,18.535115,1437344.1966746,BTCUSDT,bybit
2026-05-21 07:25:00+00:00,77563.6,77613.0,77558.1,77605.2,11.693078,907302.9942067,BTCUSDT,bybit
2026-05-21 07:30:00+00:00,77605.2,77656.6,77605.2,77656.0,12.408462,963349.6585996,BTCUSDT,bybit
2026-05-21 07:35:00+00:00,77656.0,77677.0,77640.5,77676.9,7.452113,578696.5140332,BTCUSDT,bybit
2026-05-21 07:40:00+00:00,77676.9,77722.3,77676.9,77722.3,11.329834,880312.2731921,BTCUSDT,bybit
2026-05-21 07:45:00+00:00,77722.3,77786.6,77713.0,77786.6,13.429269,1043923.5080159,BTCUSDT,bybit
2026-05-21 07:50:00+00:00,77786.6,77810.4,77769.4,77806.9,10.475942,814942.4516514,BTCUSDT,bybit
2026-05-21 07:55:00+00:00,77806.9,77899.9,77802.5,77877.3,24.598065,1915468.0539337,BTCUSDT,bybit
2026-05-21 08:00:00+00:00,77877.3,78006.4,77877.3,78006.4,26.390137,2056877.4362227,BTCUSDT,bybit
2026-05-21 08:05:00+00:00,78006.4,78200.1,77987.6,78103.8,73.15938,5712304.82327217,BTCUSDT,bybit
2026-05-21 08:10:00+00:00,78103.8,78136.0,78046.4,78135.9,43.881675,3426590.9950676,BTCUSDT,bybit
2026-05-21 08:15:00+00:00,78135.9,78176.2,78018.6,78021.4,74.008274,5779694.9532402,BTCUSDT,bybit
2026-05-21 08:20:00+00:00,78021.4,78048.2,77969.9,77993.5,23.886278,1863486.3309214,BTCUSDT,bybit
2026-05-21 08:25:00+00:00,77993.5,78061.7,77933.1,78051.7,32.357048,2523758.8217239,BTCUSDT,bybit
2026-05-21 08:30:00+00:00,78051.7,78051.7,77941.1,77954.8,18.89905,1474012.9818298,BTCUSDT,bybit
2026-05-21 08:35:00+00:00,77954.8,77977.5,77890.0,77927.3,13.939012,1086312.1574145,BTCUSDT,bybit
2026-05-21 08:40:00+00:00,77927.3,77953.3,77917.0,77932.4,12.120935,944621.7678826,BTCUSDT,bybit
2026-05-21 08:45:00+00:00,77932.4,77934.1,77889.2,77918.0,23.686793,1845384.8120782,BTCUSDT,bybit
2026-05-21 08:50:00+00:00,77918.0,77930.1,77895.8,77910.0,12.356736,962680.1159925,BTCUSDT,bybit
2026-05-21 08:55:00+00:00,77910.0,77972.7,77909.9,77928.4,15.453842,1204581.9060002,BTCUSDT,bybit
2026-05-21 09:00:00+00:00,77928.4,77928.4,77900.8,77902.3,8.271014,644409.1496841,BTCUSDT,bybit
2026-05-21 09:05:00+00:00,77902.3,77981.5,77888.8,77929.9,17.992173,1402282.622249,BTCUSDT,bybit
2026-05-21 09:10:00+00:00,77929.9,77961.8,77929.9,77935.0,14.739098,1148895.3089184,BTCUSDT,bybit
2026-05-21 09:15:00+00:00,77935.0,77958.5,77922.1,77924.3,6.969116,543191.6908791,BTCUSDT,bybit
2026-05-21 09:20:00+00:00,77924.3,77959.6,77922.4,77922.4,5.677173,442505.5822033,BTCUSDT,bybit
2026-05-21 09:25:00+00:00,77922.4,77938.9,77918.4,77929.4,7.653419,596436.9383127,BTCUSDT,bybit
2026-05-21 09:30:00+00:00,77929.4,77949.8,77788.4,77792.5,38.952314,3033431.8893293,BTCUSDT,bybit
2026-05-21 09:35:00+00:00,77792.5,77809.5,77677.9,77678.0,19.633305,1526405.46968342,BTCUSDT,bybit
2026-05-21 09:40:00+00:00,77678.0,77729.6,77678.0,77695.9,22.119689,1718822.0218339,BTCUSDT,bybit
2026-05-21 09:45:00+00:00,77695.9,77720.5,77695.8,77713.1,12.233566,950661.6836027,BTCUSDT,bybit
2026-05-21 09:50:00+00:00,77713.1,77713.1,77655.6,77659.3,19.404812,1507225.6090376,BTCUSDT,bybit
2026-05-21 09:55:00+00:00,77659.3,77701.1,77633.2,77635.5,18.664232,1449601.9595751,BTCUSDT,bybit
2026-05-21 10:00:00+00:00,77635.5,77663.8,77622.6,77655.6,17.341004,1346394.4339962,BTCUSDT,bybit
2026-05-21 10:05:00+00:00,77655.6,77664.3,77623.2,77664.3,19.009113,1475860.8907778,BTCUSDT,bybit
2026-05-21 10:10:00+00:00,77664.3,77682.4,77636.4,77636.5,8.816604,684692.6539375,BTCUSDT,bybit
2026-05-21 10:15:00+00:00,77636.5,77671.9,77636.2,77665.2,13.080191,1015715.6868351,BTCUSDT,bybit
2026-05-21 10:20:00+00:00,77665.2,77686.2,77637.3,77662.9,11.739112,911658.272742,BTCUSDT,bybit
2026-05-21 10:25:00+00:00,77662.9,77667.8,77193.9,77383.8,191.882166,14856436.47852397,BTCUSDT,bybit
2026-05-21 10:30:00+00:00,77383.8,77446.8,77215.0,77429.4,62.445428,4827616.7665388,BTCUSDT,bybit
2026-05-21 10:35:00+00:00,77429.4,77449.9,77242.5,77243.6,47.223374,3653300.7601869,BTCUSDT,bybit
2026-05-21 10:40:00+00:00,77243.6,77375.2,77240.7,77354.5,42.186136,3261674.5498128,BTCUSDT,bybit
2026-05-21 10:45:00+00:00,77354.5,77375.1,77251.8,77292.5,45.448036,3513729.9693123,BTCUSDT,bybit
2026-05-21 10:50:00+00:00,77292.5,77297.6,77200.9,77289.4,35.372648,2732334.5111905,BTCUSDT,bybit
2026-05-21 10:55:00+00:00,77289.4,77301.3,77189.1,77203.7,35.03779,2706250.7724849,BTCUSDT,bybit
2026-05-21 11:00:00+00:00,77203.7,77306.3,77136.1,77251.6,53.076177,4098132.96925652,BTCUSDT,bybit
2026-05-21 11:05:00+00:00,77251.6,77254.6,77196.1,77233.4,38.756765,2993084.0461766,BTCUSDT,bybit
2026-05-21 11:10:00+00:00,77233.4,77342.7,77233.4,77309.5,19.37646,1497509.3544487,BTCUSDT,bybit
2026-05-21 11:15:00+00:00,77309.5,77372.6,77309.5,77326.4,17.142597,1325818.1230874,BTCUSDT,bybit
2026-05-21 11:20:00+00:00,77326.4,77375.3,77263.6,77298.5,39.121364,3024963.6712139,BTCUSDT,bybit
2026-05-21 11:25:00+00:00,77298.5,77341.4,77281.3,77323.5,13.557087,1048035.8034998,BTCUSDT,bybit
2026-05-21 11:30:00+00:00,77323.5,77381.2,77297.4,77297.5,15.638821,1209488.0268442,BTCUSDT,bybit
2026-05-21 11:35:00+00:00,77297.5,77311.6,77213.2,77253.0,26.683459,2061571.1562819,BTCUSDT,bybit
2026-05-21 11:40:00+00:00,77253.0,77279.7,77240.9,77258.7,15.78103,1219201.2217923,BTCUSDT,bybit
2026-05-21 11:45:00+00:00,77258.7,77267.0,77242.0,77250.7,11.505242,888864.3537853,BTCUSDT,bybit
2026-05-21 11:50:00+00:00,77250.7,77258.0,77227.4,77227.4,9.445434,729610.9539146,BTCUSDT,bybit
2026-05-21 11:55:00+00:00,77227.4,77227.4,77172.9,77193.0,33.857985,2613947.6661938,BTCUSDT,bybit
2026-05-21 12:00:00+00:00,77193.0,77279.7,77172.7,77277.7,28.282581,2184360.3154267,BTCUSDT,bybit
2026-05-21 12:05:00+00:00,77277.7,77277.7,77189.9,77207.0,15.763794,1217249.5669812,BTCUSDT,bybit
2026-05-21 12:10:00+00:00,77207.0,77207.1,77162.3,77194.8,16.75129,1292945.9634237,BTCUSDT,bybit
2026-05-21 12:15:00+00:00,77194.8,77221.4,77182.6,77214.7,12.314006,950626.5603662,BTCUSDT,bybit
2026-05-21 12:20:00+00:00,77214.7,77215.0,77105.2,77131.9,33.115393,2554577.517316,BTCUSDT,bybit
2026-05-21 12:25:00+00:00,77131.9,77171.9,77092.2,77113.1,22.125541,1706544.0072731,BTCUSDT,bybit
2026-05-21 12:30:00+00:00,77113.1,77298.6,77076.7,77278.1,58.768162,4536161.1444694,BTCUSDT,bybit
2026-05-21 12:35:00+00:00,77278.1,77329.9,77222.7,77290.1,40.126211,3100746.6753299,BTCUSDT,bybit
2026-05-21 12:40:00+00:00,77290.1,77298.5,77221.3,77241.5,22.841198,1764781.4693121,BTCUSDT,bybit
2026-05-21 12:45:00+00:00,77241.5,77324.9,77241.4,77296.3,14.952836,1155778.5883808,BTCUSDT,bybit
2026-05-21 12:50:00+00:00,77296.3,77340.1,77275.5,77334.5,18.342604,1418050.5738229,BTCUSDT,bybit
2026-05-21 12:55:00+00:00,77334.5,77371.1,77277.7,77279.9,21.213669,1640405.3573802,BTCUSDT,bybit
2026-05-21 13:00:00+00:00,77279.9,77349.0,77247.5,77333.8,31.755229,2455170.741972,BTCUSDT,bybit
2026-05-21 13:05:00+00:00,77333.8,77356.6,77301.3,77343.1,25.740625,1990709.824675,BTCUSDT,bybit
2026-05-21 13:10:00+00:00,77343.1,77343.1,77255.9,77256.0,21.131335,1633533.0107956,BTCUSDT,bybit
2026-05-21 13:15:00+00:00,77256.0,77266.4,77198.2,77248.0,18.581815,1435089.8184243,BTCUSDT,bybit
2026-05-21 13:20:00+00:00,77248.0,77312.8,77230.2,77285.4,30.390321,2348610.2421272,BTCUSDT,bybit
2026-05-21 13:25:00+00:00,77285.4,77305.4,77234.9,77305.4,33.992939,2626407.3965821,BTCUSDT,bybit
2026-05-21 13:30:00+00:00,77305.4,77319.4,77100.0,77221.2,79.858627,6166002.7551723,BTCUSDT,bybit
2026-05-21 13:35:00+00:00,77221.2,77229.0,76831.1,76888.7,142.684872,10989303.16923303,BTCUSDT,bybit
2026-05-21 13:40:00+00:00,76888.7,76976.7,76720.9,76756.6,90.083439,6924011.8310526,BTCUSDT,bybit
2026-05-21 13:45:00+00:00,76756.6,76971.2,76742.0,76773.2,62.108579,4772891.0566391,BTCUSDT,bybit
2026-05-21 13:50:00+00:00,76773.2,77110.4,76771.8,77068.3,75.911993,5842521.5018262,BTCUSDT,bybit
2026-05-21 13:55:00+00:00,77068.3,77188.0,77047.6,77120.2,59.363875,4578228.12531694,BTCUSDT,bybit
2026-05-21 14:00:00+00:00,77120.2,77240.0,77112.0,77203.5,42.617128,3289349.2597425,BTCUSDT,bybit
2026-05-21 14:05:00+00:00,77203.5,77222.7,77039.1,77185.4,48.628898,3750276.0385262,BTCUSDT,bybit
2026-05-21 14:10:00+00:00,77185.4,77202.3,77036.3,77086.1,70.210713,5413761.9562646,BTCUSDT,bybit
2026-05-21 14:15:00+00:00,77086.1,77092.9,76914.0,76914.0,48.218568,3712026.0674153,BTCUSDT,bybit
2026-05-21 14:20:00+00:00,76914.0,76963.1,76783.4,76933.0,61.140029,4700364.22318947,BTCUSDT,bybit
2026-05-21 14:25:00+00:00,76933.0,77061.1,76926.4,77055.0,38.305829,2949126.9917303,BTCUSDT,bybit
2026-05-21 14:30:00+00:00,77055.0,77172.6,77037.8,77092.0,47.195542,3639051.78324794,BTCUSDT,bybit
2026-05-21 14:35:00+00:00,77092.0,77197.6,77084.3,77116.2,24.387184,1881332.8310273,BTCUSDT,bybit
2026-05-21 14:40:00+00:00,77116.2,77121.6,76947.2,76989.3,47.655506,3670558.4168697,BTCUSDT,bybit
2026-05-21 14:45:00+00:00,76989.3,77029.3,76897.6,76949.9,29.79559,2293344.3467517,BTCUSDT,bybit
2026-05-21 14:50:00+00:00,76949.9,77016.6,76885.8,76982.1,34.330224,2641839.9752694,BTCUSDT,bybit
2026-05-21 14:55:00+00:00,76982.1,77036.3,76951.7,76977.5,23.059976,1775306.0646188,BTCUSDT,bybit
2026-05-21 15:00:00+00:00,76977.5,77059.1,76968.9,77059.0,29.356253,2260663.0986498,BTCUSDT,bybit
2026-05-21 15:05:00+00:00,77059.0,77060.5,76894.2,76973.6,29.427065,2264915.774325,BTCUSDT,bybit
2026-05-21 15:10:00+00:00,76973.6,77238.9,76940.0,77149.2,51.814558,3993538.2704687,BTCUSDT,bybit
2026-05-21 15:15:00+00:00,77149.2,77248.0,77113.3,77213.2,29.52719,2278933.1849855,BTCUSDT,bybit
2026-05-21 15:20:00+00:00,77213.2,77319.3,77199.8,77242.0,32.125793,2482240.8794013,BTCUSDT,bybit
2026-05-21 15:25:00+00:00,77242.0,77307.4,77225.2,77265.6,18.727226,1446793.6652467,BTCUSDT,bybit
2026-05-21 15:30:00+00:00,77265.6,77286.7,77076.3,77110.1,28.622307,2209975.830542,BTCUSDT,bybit
2026-05-21 15:35:00+00:00,77110.1,77172.0,77068.1,77172.0,17.827326,1374924.2707432,BTCUSDT,bybit
2026-05-21 15:40:00+00:00,77172.0,77250.5,77171.6,77224.8,44.123934,3407414.3330257,BTCUSDT,bybit
2026-05-21 15:45:00+00:00,77224.8,77415.3,77224.8,77354.7,63.591251,4917094.8931888,BTCUSDT,bybit
2026-05-21 15:50:00+00:00,77354.7,77363.7,77168.1,77168.1,31.66364,2447179.8726705,BTCUSDT,bybit
2026-05-21 15:55:00+00:00,77168.1,77278.4,77167.6,77262.9,20.697457,1598596.3084007,BTCUSDT,bybit
2026-05-21 16:00:00+00:00,77262.9,77339.8,77230.7,77272.0,45.600849,3524030.0064413,BTCUSDT,bybit
2026-05-21 16:05:00+00:00,77272.0,77342.9,77268.0,77326.6,21.707904,1678222.7182329,BTCUSDT,bybit
2026-05-21 16:10:00+00:00,77326.6,77354.6,77234.8,77284.7,51.936031,4013890.5782004,BTCUSDT,bybit
2026-05-21 16:15:00+00:00,77284.7,77292.0,77130.9,77175.8,33.998668,2624763.8214779,BTCUSDT,bybit
2026-05-21 16:20:00+00:00,77175.8,77205.0,77127.4,77161.5,31.069513,2397333.929835,BTCUSDT,bybit
2026-05-21 16:25:00+00:00,77161.5,77213.4,77108.9,77181.7,20.329035,1568803.4017493,BTCUSDT,bybit
2026-05-21 16:30:00+00:00,77181.7,77293.5,77181.6,77251.1,18.679537,1442900.9230381,BTCUSDT,bybit
2026-05-21 16:35:00+00:00,77251.1,77251.2,77070.2,77114.3,57.199829,4412866.5438443,BTCUSDT,bybit
2026-05-21 16:40:00+00:00,77114.3,77118.5,77030.2,77064.0,23.443169,1806798.6808353,BTCUSDT,bybit
2026-05-21 16:45:00+00:00,77064.0,77097.7,77031.4,77061.0,25.401843,1957462.8635781,BTCUSDT,bybit
2026-05-21 16:50:00+00:00,77061.0,77120.5,77003.2,77114.3,29.480245,2271834.7633229,BTCUSDT,bybit
2026-05-21 16:55:00+00:00,77114.3,77195.8,77105.4,77195.8,15.253715,1176851.5485238,BTCUSDT,bybit
2026-05-21 17:00:00+00:00,77195.8,77306.0,77195.8,77233.2,36.729137,2837894.8257937,BTCUSDT,bybit
2026-05-21 17:05:00+00:00,77233.2,77240.1,77173.7,77211.9,23.239079,1794263.0044585,BTCUSDT,bybit
2026-05-21 17:10:00+00:00,77211.9,77575.0,77211.2,77521.7,120.945847,9365526.07727489,BTCUSDT,bybit
2026-05-21 17:15:00+00:00,77521.7,77881.9,77498.5,77762.5,128.01999,9953325.26191998,BTCUSDT,bybit
2026-05-21 17:20:00+00:00,77762.5,78004.7,77713.9,77867.8,118.00618,9190635.71772722,BTCUSDT,bybit
2026-05-21 17:25:00+00:00,77867.8,78003.2,77867.8,77975.7,66.259925,5163882.6288237,BTCUSDT,bybit
2026-05-21 17:30:00+00:00,77975.7,78050.0,77863.9,77934.0,73.798222,5754068.1563674,BTCUSDT,bybit
2026-05-21 17:35:00+00:00,77934.0,78020.0,77934.0,77936.9,47.599668,3712196.4726534,BTCUSDT,bybit
2026-05-21 17:40:00+00:00,77936.9,77981.3,77856.2,77903.2,35.202223,2742967.491178,BTCUSDT,bybit
2026-05-21 17:45:00+00:00,77903.2,77929.9,77792.2,77920.6,51.894635,4040046.3690772,BTCUSDT,bybit
2026-05-21 17:50:00+00:00,77920.6,78042.6,77870.9,78017.7,48.894403,3813157.6050342,BTCUSDT,bybit
2026-05-21 17:55:00+00:00,78017.7,78095.6,77866.8,77874.3,54.995417,4289912.9247233,BTCUSDT,bybit
2026-05-21 18:00:00+00:00,77874.3,77934.0,77700.0,77708.7,59.559059,4634636.0793623,BTCUSDT,bybit
2026-05-21 18:05:00+00:00,77708.7,77795.2,77633.2,77753.1,49.944342,3881073.634011,BTCUSDT,bybit
2026-05-21 18:10:00+00:00,77753.1,77753.1,77662.0,77705.1,50.889183,3954696.7996579,BTCUSDT,bybit
2026-05-21 18:15:00+00:00,77705.1,77842.5,77632.4,77823.2,43.615498,3390806.4982124,BTCUSDT,bybit
2026-05-21 18:20:00+00:00,77823.2,77905.4,77779.3,77887.4,29.364041,2285365.4570984,BTCUSDT,bybit
2026-05-21 18:25:00+00:00,77887.4,77889.8,77740.2,77740.2,32.616528,2537958.3691568,BTCUSDT,bybit
2026-05-21 18:30:00+00:00,77740.2,77814.2,77722.2,77803.1,26.662321,2073485.8121198,BTCUSDT,bybit
2026-05-21 18:35:00+00:00,77803.1,77803.5,77726.2,77726.3,21.165741,1645843.2482394,BTCUSDT,bybit
2026-05-21 18:40:00+00:00,77726.3,77816.9,77726.3,77757.3,22.001211,1711222.7137386,BTCUSDT,bybit
2026-05-21 18:45:00+00:00,77757.3,77766.0,77503.3,77535.9,55.177418,4282361.46424213,BTCUSDT,bybit
2026-05-21 18:50:00+00:00,77535.9,77603.2,77294.3,77294.3,90.395718,6999806.8322979,BTCUSDT,bybit
2026-05-21 18:55:00+00:00,77294.3,77398.2,77246.5,77394.1,57.418202,4439375.2283105,BTCUSDT,bybit
2026-05-21 19:00:00+00:00,77394.1,77499.9,77369.4,77394.6,49.658766,3845442.316346,BTCUSDT,bybit
2026-05-21 19:05:00+00:00,77394.6,77551.1,77389.5,77551.1,31.944291,2474754.3973521,BTCUSDT,bybit
2026-05-21 19:10:00+00:00,77551.1,77598.0,77531.3,77545.6,28.043371,2175076.3427979,BTCUSDT,bybit
2026-05-21 19:15:00+00:00,77545.6,77602.4,77518.6,77602.4,16.18528,1255184.6530407,BTCUSDT,bybit
2026-05-21 19:20:00+00:00,77602.4,77612.1,77556.9,77564.8,20.172458,1565013.9183374,BTCUSDT,bybit
2026-05-21 19:25:00+00:00,77564.8,77588.3,77516.3,77551.0,23.121397,1793230.1324227,BTCUSDT,bybit
2026-05-21 19:30:00+00:00,77551.0,77598.6,77548.6,77590.7,18.513623,1436170.3091633,BTCUSDT,bybit
2026-05-21 19:35:00+00:00,77590.7,77656.2,77590.7,77643.7,11.035328,856744.7479359,BTCUSDT,bybit
2026-05-21 19:40:00+00:00,77643.7,77651.0,77606.0,77634.3,12.708081,986486.3241859,BTCUSDT,bybit
2026-05-21 19:45:00+00:00,77634.3,77671.3,77618.3,77649.0,14.861658,1153805.3596723,BTCUSDT,bybit
2026-05-21 19:50:00+00:00,77649.0,77804.5,77649.0,77705.1,40.682415,3162230.48091384,BTCUSDT,bybit
2026-05-21 19:55:00+00:00,77705.1,77823.2,77663.7,77694.6,61.859818,4808764.9060051,BTCUSDT,bybit
2026-05-21 20:00:00+00:00,77694.6,77747.0,77668.3,77682.4,18.9955,1476225.0307098,BTCUSDT,bybit
2026-05-21 20:05:00+00:00,77682.4,77747.6,77664.9,77733.4,17.872775,1389062.2166818,BTCUSDT,bybit
2026-05-21 20:10:00+00:00,77733.4,77733.5,77679.4,77713.8,17.009317,1321756.8737759,BTCUSDT,bybit
2026-05-21 20:15:00+00:00,77713.8,77735.6,77694.0,77721.5,5.912138,459473.8292627,BTCUSDT,bybit
2026-05-21 20:20:00+00:00,77721.5,77721.6,77698.9,77699.0,4.633813,360106.725287,BTCUSDT,bybit
2026-05-21 20:25:00+00:00,77699.0,77723.9,77687.6,77697.8,7.500811,582852.4928822,BTCUSDT,bybit
2026-05-21 20:30:00+00:00,77697.8,77757.9,77697.7,77757.8,6.709341,521562.1488116,BTCUSDT,bybit
2026-05-21 20:35:00+00:00,77757.8,77803.8,77689.2,77689.3,14.594826,1134801.297509,BTCUSDT,bybit
2026-05-21 20:40:00+00:00,77689.3,77700.5,77648.2,77700.5,11.067159,859618.3264039,BTCUSDT,bybit
2026-05-21 20:45:00+00:00,77700.5,77805.4,77700.5,77776.5,10.581653,822818.2026701,BTCUSDT,bybit
2026-05-21 20:50:00+00:00,77776.5,77798.2,77653.3,77663.8,12.768502,992363.2504016,BTCUSDT,bybit
2026-05-21 20:55:00+00:00,77663.8,77716.0,77663.8,77704.9,12.328153,957802.8578099,BTCUSDT,bybit
2026-05-21 21:00:00+00:00,77704.9,77810.0,77704.9,77768.8,22.104778,1719088.2241739,BTCUSDT,bybit
2026-05-21 21:05:00+00:00,77768.8,77803.6,77768.8,77803.5,9.960154,774774.8169537,BTCUSDT,bybit
2026-05-21 21:10:00+00:00,77803.5,77811.0,77752.2,77773.7,17.743846,1380189.5359941,BTCUSDT,bybit
2026-05-21 21:15:00+00:00,77773.7,77793.2,77764.7,77764.7,8.801218,684598.118737,BTCUSDT,bybit
2026-05-21 21:20:00+00:00,77764.7,77790.6,77758.0,77787.4,5.476991,425959.8210755,BTCUSDT,bybit
2026-05-21 21:25:00+00:00,77787.4,77816.2,77771.0,77816.2,17.80889,1385362.6830365,BTCUSDT,bybit
2026-05-21 21:30:00+00:00,77816.2,77816.2,77769.8,77790.5,3.843251,298941.3812959,BTCUSDT,bybit
2026-05-21 21:35:00+00:00,77790.5,77808.6,77769.5,77769.5,7.914337,615647.5493075,BTCUSDT,bybit
2026-05-21 21:40:00+00:00,77769.5,77769.5,77700.0,77721.9,11.491373,893202.9144429,BTCUSDT,bybit
2026-05-21 21:45:00+00:00,77721.9,77721.9,77665.9,77669.3,4.819371,374407.6155326,BTCUSDT,bybit
2026-05-21 21:50:00+00:00,77669.3,77727.7,77661.9,77719.9,7.628489,592707.5172808,BTCUSDT,bybit
2026-05-21 21:55:00+00:00,77719.9,77723.9,77646.0,77676.5,13.894237,1079338.9099497,BTCUSDT,bybit
2026-05-21 22:00:00+00:00,77676.5,77758.5,77615.5,77733.8,22.435073,1742686.0015376,BTCUSDT,bybit
2026-05-21 22:05:00+00:00,77733.8,77757.4,77706.9,77727.5,11.216968,871907.9291418,BTCUSDT,bybit
2026-05-21 22:10:00+00:00,77727.5,77730.6,77656.5,77659.8,9.494596,737605.2293233,BTCUSDT,bybit
2026-05-21 22:15:00+00:00,77659.8,77659.8,77603.6,77637.5,14.165631,1099683.9966781,BTCUSDT,bybit
2026-05-21 22:20:00+00:00,77637.5,77672.6,77616.9,77666.2,11.252659,873665.4533988,BTCUSDT,bybit
2026-05-21 22:25:00+00:00,77666.2,77700.0,77661.6,77700.0,5.870196,455970.6761755,BTCUSDT,bybit
2026-05-21 22:30:00+00:00,77700.0,77724.0,77625.9,77625.9,9.771585,759229.355959,BTCUSDT,bybit
2026-05-21 22:35:00+00:00,77625.9,77643.1,77549.8,77549.9,11.013247,854698.8583001,BTCUSDT,bybit
2026-05-21 22:40:00+00:00,77549.9,77656.0,77549.8,77641.5,12.280733,953222.2039613,BTCUSDT,bybit
2026-05-21 22:45:00+00:00,77641.5,77666.6,77635.3,77638.7,13.280167,1031229.4275624,BTCUSDT,bybit
2026-05-21 22:50:00+00:00,77638.7,77638.8,77606.8,77618.0,9.327886,723981.2649018,BTCUSDT,bybit
2026-05-21 22:55:00+00:00,77618.0,77642.0,77614.2,77627.7,4.974178,386134.318916,BTCUSDT,bybit
2026-05-21 23:00:00+00:00,77627.7,77671.7,77591.3,77658.6,16.144735,1253151.7134334,BTCUSDT,bybit
2026-05-21 23:05:00+00:00,77658.6,77721.5,77658.6,77718.3,15.556238,1208644.9851274,BTCUSDT,bybit
2026-05-21 23:10:00+00:00,77718.3,77718.3,77563.0,77563.5,15.497898,1203320.362685,BTCUSDT,bybit
2026-05-21 23:15:00+00:00,77563.5,77621.7,77533.2,77621.6,10.564028,819608.0894059,BTCUSDT,bybit
2026-05-21 23:20:00+00:00,77621.6,77624.8,77587.4,77612.9,6.417049,497994.1894111,BTCUSDT,bybit
2026-05-21 23:25:00+00:00,77612.9,77670.0,77611.3,77648.7,21.97957,1706689.7018239,BTCUSDT,bybit
2026-05-21 23:30:00+00:00,77648.7,77683.9,77635.2,77683.9,11.127995,864200.4359536,BTCUSDT,bybit
2026-05-21 23:35:00+00:00,77683.9,77723.8,77683.9,77722.3,9.277803,720931.2076899,BTCUSDT,bybit
2026-05-21 23:40:00+00:00,77722.3,77754.9,77709.7,77709.7,7.367468,572745.5592408,BTCUSDT,bybit
2026-05-21 23:45:00+00:00,77709.7,77717.9,77689.2,77714.3,6.212927,482771.5546702,BTCUSDT,bybit
2026-05-21 23:50:00+00:00,77714.3,77747.8,77689.7,77689.7,21.244273,1651158.5760963,BTCUSDT,bybit
2026-05-21 23:55:00+00:00,77689.7,77689.7,77604.0,77619.9,16.006183,1242567.0993389,BTCUSDT,bybit
2026-05-22 00:00:00+00:00,77619.9,77635.0,77518.3,77546.0,19.491789,1511822.8151206,BTCUSDT,bybit
2026-05-22 00:05:00+00:00,77546.0,77571.1,77535.4,77535.4,11.24096,871788.5478322,BTCUSDT,bybit
2026-05-22 00:10:00+00:00,77535.4,77535.4,77443.2,77443.2,18.046385,1398232.87591177,BTCUSDT,bybit
2026-05-22 00:15:00+00:00,77443.2,77535.2,77412.9,77478.3,23.593313,1827951.6948565,BTCUSDT,bybit
2026-05-22 00:20:00+00:00,77478.3,77555.7,77476.7,77536.6,18.432471,1428783.3385714,BTCUSDT,bybit
2026-05-22 00:25:00+00:00,77536.6,77550.5,77481.5,77481.5,12.805013,992673.9063779,BTCUSDT,bybit
2026-05-22 00:30:00+00:00,77481.5,77568.6,77479.2,77527.3,24.275406,1881691.6793953,BTCUSDT,bybit
2026-05-22 00:35:00+00:00,77527.3,77548.1,77452.6,77452.7,13.300283,1030906.9858632,BTCUSDT,bybit
2026-05-22 00:40:00+00:00,77452.7,77478.1,77390.9,77470.7,18.966145,1468825.5309964,BTCUSDT,bybit
2026-05-22 00:45:00+00:00,77470.7,77511.8,77417.6,77450.9,22.113739,1713116.7637923,BTCUSDT,bybit
2026-05-22 00:50:00+00:00,77450.9,77460.5,77392.4,77392.4,14.251319,1103392.1598046,BTCUSDT,bybit
2026-05-22 00:55:00+00:00,77392.4,77447.7,77365.0,77376.3,14.824278,1147443.6260236,BTCUSDT,bybit
2026-05-22 01:00:00+00:00,77376.3,77377.9,77317.6,77330.1,23.014729,1780170.9351535,BTCUSDT,bybit
2026-05-22 01:05:00+00:00,77330.1,77410.5,77328.9,77403.0,19.265384,1490651.2345385,BTCUSDT,bybit
2026-05-22 01:10:00+00:00,77403.0,77518.7,77400.6,77513.9,12.877843,997285.205813,BTCUSDT,bybit
2026-05-22 01:15:00+00:00,77513.9,77538.5,77443.3,77538.5,31.595017,2448518.2200444,BTCUSDT,bybit
2026-05-22 01:20:00+00:00,77538.5,77541.6,77448.2,77456.1,12.544441,971973.1381964,BTCUSDT,bybit
2026-05-22 01:25:00+00:00,77456.1,77479.5,77449.6,77465.7,8.599339,666157.3972154,BTCUSDT,bybit
2026-05-22 01:30:00+00:00,77465.7,77504.4,77404.3,77413.6,15.723843,1217757.4501305,BTCUSDT,bybit
2026-05-22 01:35:00+00:00,77413.6,77439.0,77352.0,77439.0,12.051408,932657.9171521,BTCUSDT,bybit
2026-05-22 01:40:00+00:00,77439.0,77525.4,77407.9,77523.0,8.473387,656330.8697191,BTCUSDT,bybit
2026-05-22 01:45:00+00:00,77523.0,77639.2,77523.0,77623.1,11.955971,927663.0175606,BTCUSDT,bybit
2026-05-22 01:50:00+00:00,77623.1,77668.2,77590.4,77595.8,10.707518,831244.4673515,BTCUSDT,bybit
2026-05-22 01:55:00+00:00,77595.8,77617.1,77556.9,77617.1,11.85444,919743.5007825,BTCUSDT,bybit
2026-05-22 02:00:00+00:00,77617.1,77703.4,77617.1,77703.3,22.492819,1747042.2453515,BTCUSDT,bybit
2026-05-22 02:05:00+00:00,77703.3,77704.4,77645.6,77677.7,13.697885,1063964.8231779,BTCUSDT,bybit
2026-05-22 02:10:00+00:00,77677.7,77677.7,77646.3,77669.6,7.779113,604139.6555745,BTCUSDT,bybit
2026-05-22 02:15:00+00:00,77669.6,77731.3,77669.6,77712.0,28.96477,2250785.190118,BTCUSDT,bybit
2026-05-22 02:20:00+00:00,77712.0,77742.3,77655.6,77659.0,15.559828,1209174.5249466,BTCUSDT,bybit
2026-05-22 02:25:00+00:00,77659.0,77668.7,77617.9,77668.6,9.740562,756288.3487884,BTCUSDT,bybit
2026-05-22 02:30:00+00:00,77668.6,77705.9,77612.0,77632.9,14.697049,1141387.1534554,BTCUSDT,bybit
2026-05-22 02:35:00+00:00,77632.9,77660.0,77632.9,77649.1,9.356321,726475.7915637,BTCUSDT,bybit
2026-05-22 02:40:00+00:00,77649.1,77658.8,77625.2,77635.3,9.459304,734438.9110823,BTCUSDT,bybit
2026-05-22 02:45:00+00:00,77635.3,77708.4,77588.0,77634.3,46.780831,3632854.1636656,BTCUSDT,bybit
2026-05-22 02:50:00+00:00,77634.3,77651.8,77624.5,77624.6,6.430212,499216.5266671,BTCUSDT,bybit
2026-05-22 02:55:00+00:00,77624.6,77683.6,77624.6,77679.3,6.163644,478610.9395699,BTCUSDT,bybit
2026-05-22 03:00:00+00:00,77679.3,77756.5,77676.8,77756.5,13.420336,1043031.3369582,BTCUSDT,bybit
2026-05-22 03:05:00+00:00,77756.5,77781.0,77719.7,77730.3,12.495649,971483.7121103,BTCUSDT,bybit
2026-05-22 03:10:00+00:00,77730.3,77752.7,77703.6,77714.8,9.231733,717562.3651664,BTCUSDT,bybit
2026-05-22 03:15:00+00:00,77714.8,77759.6,77684.8,77699.5,8.639542,671510.1279309,BTCUSDT,bybit
2026-05-22 03:20:00+00:00,77699.5,77769.4,77697.2,77749.1,7.921525,615779.5783599,BTCUSDT,bybit
2026-05-22 03:25:00+00:00,77749.1,77806.4,77738.2,77806.3,11.988784,932294.05670824,BTCUSDT,bybit
2026-05-22 03:30:00+00:00,77806.3,77810.4,77754.6,77807.8,15.408249,1198516.2992859,BTCUSDT,bybit
2026-05-22 03:35:00+00:00,77807.8,77810.3,77763.2,77791.9,14.960377,1163662.39315,BTCUSDT,bybit
2026-05-22 03:40:00+00:00,77791.9,77804.3,77782.4,77785.0,9.07417,705910.4197281,BTCUSDT,bybit
2026-05-22 03:45:00+00:00,77785.0,77790.6,77771.9,77789.6,5.069293,394285.8472258,BTCUSDT,bybit
2026-05-22 03:50:00+00:00,77789.6,77811.1,77745.1,77768.2,11.051942,859587.9626107,BTCUSDT,bybit
2026-05-22 03:55:00+00:00,77768.2,77779.0,77757.8,77775.1,6.610449,514079.4091956,BTCUSDT,bybit
2026-05-22 04:00:00+00:00,77775.1,77832.1,77775.1,77814.6,11.0213,857610.7868763,BTCUSDT,bybit
2026-05-22 04:05:00+00:00,77814.6,77878.7,77814.5,77871.7,25.844024,2012000.0779894,BTCUSDT,bybit
2026-05-22 04:10:00+00:00,77871.7,77891.2,77858.0,77871.8,14.483334,1127886.2464849,BTCUSDT,bybit
2026-05-22 04:15:00+00:00,77871.8,77901.6,77807.2,77842.3,25.389881,1976737.5074429,BTCUSDT,bybit
2026-05-22 04:20:00+00:00,77842.3,77866.0,77810.5,77810.5,16.685438,1298861.1366894,BTCUSDT,bybit
2026-05-22 04:25:00+00:00,77810.5,77810.6,77779.9,77801.7,12.517277,973762.4537637,BTCUSDT,bybit
2026-05-22 04:30:00+00:00,77801.7,77807.3,77785.9,77802.0,13.410877,1043344.1608645,BTCUSDT,bybit
2026-05-22 04:35:00+00:00,77802.0,77803.4,77703.1,77707.4,24.587889,1911966.6293793,BTCUSDT,bybit
2026-05-22 04:40:00+00:00,77707.4,77710.4,77692.2,77697.5,15.73806,1222877.3771328,BTCUSDT,bybit
2026-05-22 04:45:00+00:00,77697.5,77697.6,77646.2,77653.9,26.89894,2089078.3822841,BTCUSDT,bybit
2026-05-22 04:50:00+00:00,77653.9,77708.0,77650.0,77650.5,36.464271,2832675.6077305,BTCUSDT,bybit
2026-05-22 04:55:00+00:00,77650.5,77667.7,77646.6,77664.6,7.279778,565336.3803029,BTCUSDT,bybit
2026-05-22 05:00:00+00:00,77664.6,77664.6,77622.6,77651.3,29.5716,2296129.0442608,BTCUSDT,bybit
2026-05-22 05:05:00+00:00,77651.3,77711.0,77651.3,77711.0,16.276855,1264364.972564,BTCUSDT,bybit
2026-05-22 05:10:00+00:00,77711.0,77732.8,77686.4,77692.8,21.705828,1686762.0583744,BTCUSDT,bybit
2026-05-22 05:15:00+00:00,77692.8,77709.4,77692.8,77695.3,21.318164,1656450.8842181,BTCUSDT,bybit
2026-05-22 05:20:00+00:00,77695.3,77699.6,77576.7,77578.1,20.399621,1583964.0022731,BTCUSDT,bybit
2026-05-22 05:25:00+00:00,77578.1,77616.1,77578.1,77616.0,20.580875,1597058.9705181,BTCUSDT,bybit
2026-05-22 05:30:00+00:00,77616.0,77647.1,77597.0,77601.2,15.565267,1208259.5522812,BTCUSDT,bybit
2026-05-22 05:35:00+00:00,77601.2,77629.6,77583.5,77597.1,22.281826,1729216.6096136,BTCUSDT,bybit
2026-05-22 05:40:00+00:00,77597.1,77624.0,77541.1,77594.8,25.549815,1982111.556588,BTCUSDT,bybit
2026-05-22 05:45:00+00:00,77594.8,77649.3,77594.8,77649.3,10.358399,803955.1138485,BTCUSDT,bybit
2026-05-22 05:50:00+00:00,77649.3,77679.9,77626.1,77626.1,9.357129,726701.6952354,BTCUSDT,bybit
2026-05-22 05:55:00+00:00,77626.1,77626.2,77469.2,77494.4,33.667212,2609909.71537097,BTCUSDT,bybit
2026-05-22 06:00:00+00:00,77494.4,77536.2,77455.8,77527.2,40.045614,3103160.9449944,BTCUSDT,bybit
2026-05-22 06:05:00+00:00,77527.2,77527.2,77439.7,77484.2,28.484713,2207092.7696387,BTCUSDT,bybit
2026-05-22 06:10:00+00:00,77484.2,77511.8,77476.5,77495.5,19.363538,1500465.1521414,BTCUSDT,bybit
2026-05-22 06:15:00+00:00,77495.5,77499.2,77442.4,77465.1,23.754222,1840199.3764414,BTCUSDT,bybit
2026-05-22 06:20:00+00:00,77465.1,77480.5,77429.7,77429.7,23.891591,1850682.5597812,BTCUSDT,bybit
2026-05-22 06:25:00+00:00,77429.7,77472.8,77417.9,77465.1,21.905638,1696360.3104316,BTCUSDT,bybit
2026-05-22 06:30:00+00:00,77465.1,77472.7,77411.0,77432.1,28.052259,2172061.1466115,BTCUSDT,bybit
2026-05-22 06:35:00+00:00,77432.1,77433.8,77411.0,77416.8,11.55606,894657.6556045,BTCUSDT,bybit
2026-05-22 06:40:00+00:00,77416.8,77486.6,77410.1,77477.4,25.89093,2004939.8916789,BTCUSDT,bybit
2026-05-22 06:45:00+00:00,77477.4,77514.0,77437.0,77497.8,20.341657,1576035.8368887,BTCUSDT,bybit
2026-05-22 06:50:00+00:00,77497.8,77504.1,77446.9,77453.2,23.73078,1838691.9401093,BTCUSDT,bybit
2026-05-22 06:55:00+00:00,77453.2,77454.3,77366.7,77425.1,28.27074,2188555.0568257,BTCUSDT,bybit
2026-05-22 07:00:00+00:00,77425.1,77426.9,77284.2,77350.5,48.709446,3767317.75138,BTCUSDT,bybit
2026-05-22 07:05:00+00:00,77350.5,77360.6,77283.6,77322.8,26.255919,2030240.5654501,BTCUSDT,bybit
2026-05-22 07:10:00+00:00,77322.8,77403.3,77322.8,77376.2,12.406583,960001.4869352,BTCUSDT,bybit
2026-05-22 07:15:00+00:00,77376.2,77505.0,77376.1,77505.0,12.026693,931254.1187316,BTCUSDT,bybit
2026-05-22 07:20:00+00:00,77505.0,77528.9,77459.8,77459.8,24.167725,1872799.7508272,BTCUSDT,bybit
2026-05-22 07:25:00+00:00,77459.8,77508.1,77458.0,77507.8,9.135937,707864.6857572,BTCUSDT,bybit
2026-05-22 07:30:00+00:00,77507.8,77548.9,77463.5,77463.5,33.772379,2617702.4325983,BTCUSDT,bybit
2026-05-22 07:35:00+00:00,77463.5,77487.5,77435.3,77461.8,33.625697,2604837.905059,BTCUSDT,bybit
2026-05-22 07:40:00+00:00,77461.8,77510.3,77461.7,77469.7,26.219508,2031663.1775822,BTCUSDT,bybit
2026-05-22 07:45:00+00:00,77469.7,77469.8,77425.8,77451.9,18.789044,1455024.3880355,BTCUSDT,bybit
2026-05-22 07:50:00+00:00,77451.9,77453.2,77427.1,77430.7,19.399681,1502364.164957,BTCUSDT,bybit
2026-05-22 07:55:00+00:00,77430.7,77430.7,77394.0,77402.0,49.487275,3830790.3639515,BTCUSDT,bybit
2026-05-22 08:00:00+00:00,77402.0,77480.6,77400.5,77426.1,26.734657,2070538.5820003,BTCUSDT,bybit
2026-05-22 08:05:00+00:00,77426.1,77426.2,77360.1,77389.9,23.094591,1787113.7553162,BTCUSDT,bybit
2026-05-22 08:10:00+00:00,77389.9,77452.5,77386.7,77404.7,18.028728,1395755.5803913,BTCUSDT,bybit
2026-05-22 08:15:00+00:00,77404.7,77531.8,77404.6,77506.7,30.846619,2390269.6436076,BTCUSDT,bybit
2026-05-22 08:20:00+00:00,77506.7,77542.6,77456.8,77499.6,25.759149,1996153.9861236,BTCUSDT,bybit
2026-05-22 08:25:00+00:00,77499.6,77507.1,77436.1,77487.6,17.009657,1317826.0457072,BTCUSDT,bybit
2026-05-22 08:30:00+00:00,77487.6,77500.8,77331.5,77360.1,38.299554,2965103.8784643,BTCUSDT,bybit
2026-05-22 08:35:00+00:00,77360.1,77373.7,77210.0,77300.2,66.387336,5131695.55126654,BTCUSDT,bybit
2026-05-22 08:40:00+00:00,77300.2,77328.9,77249.5,77325.7,34.225122,2645715.4501964,BTCUSDT,bybit
2026-05-22 08:45:00+00:00,77325.7,77357.4,77314.9,77319.6,24.779322,1916350.6914563,BTCUSDT,bybit
2026-05-22 08:50:00+00:00,77319.6,77361.0,77280.5,77326.5,24.175137,1869111.4087767,BTCUSDT,bybit
2026-05-22 08:55:00+00:00,77326.5,77348.6,77256.6,77270.7,18.007013,1392124.8054681,BTCUSDT,bybit
2026-05-22 09:00:00+00:00,77270.7,77296.1,77220.1,77296.1,19.646554,1517762.6164451,BTCUSDT,bybit
2026-05-22 09:05:00+00:00,77296.1,77296.1,77193.9,77238.1,21.343475,1648726.5934561,BTCUSDT,bybit
2026-05-22 09:10:00+00:00,77238.1,77253.6,77207.5,77214.7,18.228358,1407781.7958444,BTCUSDT,bybit
2026-05-22 09:15:00+00:00,77214.7,77277.0,77205.1,77248.1,32.922456,2542689.7647988,BTCUSDT,bybit
2026-05-22 09:20:00+00:00,77248.1,77313.4,77238.8,77303.8,15.56594,1202987.170068,BTCUSDT,bybit
2026-05-22 09:25:00+00:00,77303.8,77313.1,77265.8,77265.8,9.339468,721869.5508491,BTCUSDT,bybit
2026-05-22 09:30:00+00:00,77265.8,77280.8,77219.5,77228.6,16.155796,1247823.7522038,BTCUSDT,bybit
2026-05-22 09:35:00+00:00,77228.6,77282.1,77204.7,77277.4,18.775603,1450221.4600993,BTCUSDT,bybit
2026-05-22 09:40:00+00:00,77277.4,77327.2,77261.2,77314.2,14.682318,1134990.4691667,BTCUSDT,bybit
2026-05-22 09:45:00+00:00,77314.2,77319.1,77264.3,77309.5,13.036315,1007582.9944871,BTCUSDT,bybit
2026-05-22 09:50:00+00:00,77309.5,77365.8,77309.5,77338.9,15.243189,1178980.6826928,BTCUSDT,bybit
2026-05-22 09:55:00+00:00,77338.9,77349.1,77304.8,77305.8,7.844978,606645.9274101,BTCUSDT,bybit
2026-05-22 10:00:00+00:00,77305.8,77327.4,77285.6,77294.5,17.113623,1323040.8913783,BTCUSDT,bybit
2026-05-22 10:05:00+00:00,77294.5,77352.4,77294.4,77343.3,15.087487,1166747.5466768,BTCUSDT,bybit
2026-05-22 10:10:00+00:00,77343.3,77343.3,77315.1,77315.1,10.740692,830601.524524,BTCUSDT,bybit
2026-05-22 10:15:00+00:00,77315.1,77315.1,77265.4,77278.1,13.394964,1035168.6119226,BTCUSDT,bybit
2026-05-22 10:20:00+00:00,77278.1,77336.6,77276.8,77336.5,11.638705,899644.259405,BTCUSDT,bybit
2026-05-22 10:25:00+00:00,77336.5,77358.7,77335.7,77348.5,18.876272,1460001.9526563,BTCUSDT,bybit
2026-05-22 10:30:00+00:00,77348.5,77370.7,77322.0,77348.8,13.308114,1029347.3019602,BTCUSDT,bybit
2026-05-22 10:35:00+00:00,77348.8,77348.8,77309.7,77339.7,14.621268,1130652.2814553,BTCUSDT,bybit
2026-05-22 10:40:00+00:00,77339.7,77341.4,77330.6,77341.4,8.814883,681717.5986521,BTCUSDT,bybit
2026-05-22 10:45:00+00:00,77341.4,77343.1,77316.0,77329.9,14.126979,1092430.4611342,BTCUSDT,bybit
2026-05-22 10:50:00+00:00,77329.9,77330.0,77312.5,77315.6,6.662625,515143.7522066,BTCUSDT,bybit
2026-05-22 10:55:00+00:00,77315.6,77325.1,77287.6,77323.3,13.521424,1045200.5279314,BTCUSDT,bybit
2026-05-22 11:00:00+00:00,77323.3,77369.8,77323.1,77342.2,14.317406,1107289.8084987,BTCUSDT,bybit
2026-05-22 11:05:00+00:00,77342.2,77342.2,77295.3,77318.3,13.292676,1027756.9660717,BTCUSDT,bybit
2026-05-22 11:10:00+00:00,77318.3,77321.8,77297.3,77303.6,13.467828,1041190.1396242,BTCUSDT,bybit
2026-05-22 11:15:00+00:00,77303.6,77303.7,77215.9,77216.0,20.742721,1602558.9559068,BTCUSDT,bybit
2026-05-22 11:20:00+00:00,77216.0,77258.8,77186.3,77258.7,27.035942,2088114.6669456,BTCUSDT,bybit
2026-05-22 11:25:00+00:00,77258.7,77357.4,77251.1,77319.1,15.294369,1182377.8550478,BTCUSDT,bybit
2026-05-22 11:30:00+00:00,77319.1,77340.3,77307.4,77316.5,12.00105,927974.572609,BTCUSDT,bybit
2026-05-22 11:35:00+00:00,77316.5,77353.5,77316.5,77349.1,14.639723,1132245.2767759,BTCUSDT,bybit
2026-05-22 11:40:00+00:00,77349.1,77351.1,77333.2,77345.0,10.359372,801233.8179762,BTCUSDT,bybit
2026-05-22 11:45:00+00:00,77345.0,77429.1,77323.7,77410.7,38.809423,3003398.0118432,BTCUSDT,bybit
2026-05-22 11:50:00+00:00,77410.7,77434.0,77406.8,77407.1,20.292711,1571074.0750181,BTCUSDT,bybit
2026-05-22 11:55:00+00:00,77407.1,77433.9,77382.7,77433.9,19.94524,1543787.5829251,BTCUSDT,bybit
2026-05-22 12:00:00+00:00,77433.9,77454.8,77397.0,77444.0,24.562584,1901864.4237624,BTCUSDT,bybit
2026-05-22 12:05:00+00:00,77444.0,77456.3,77421.4,77438.1,16.330682,1264666.7673172,BTCUSDT,bybit
2026-05-22 12:10:00+00:00,77438.1,77569.0,77424.6,77536.6,65.127051,5047712.793736,BTCUSDT,bybit
2026-05-22 12:15:00+00:00,77536.6,77586.3,77481.5,77540.2,44.972602,3487102.4033079,BTCUSDT,bybit
2026-05-22 12:20:00+00:00,77540.2,77565.3,77426.2,77475.3,40.953989,3173614.8338214,BTCUSDT,bybit
2026-05-22 12:25:00+00:00,77475.3,77484.1,77412.4,77433.1,18.041016,1397101.4166293,BTCUSDT,bybit
2026-05-22 12:30:00+00:00,77433.1,77470.8,77413.4,77451.2,21.974632,1701656.5982981,BTCUSDT,bybit
2026-05-22 12:35:00+00:00,77451.2,77458.7,77418.5,77450.4,12.977638,1005083.8436884,BTCUSDT,bybit
2026-05-22 12:40:00+00:00,77450.4,77455.1,77401.2,77433.0,16.297009,1261926.0800046,BTCUSDT,bybit
2026-05-22 12:45:00+00:00,77433.0,77478.9,77432.9,77478.9,10.625493,822992.7277902,BTCUSDT,bybit
2026-05-22 12:50:00+00:00,77478.9,77538.6,77474.0,77520.4,19.312221,1496803.8749421,BTCUSDT,bybit
2026-05-22 12:55:00+00:00,77520.4,77542.3,77455.8,77534.0,30.338645,2351268.4681627,BTCUSDT,bybit
2026-05-22 13:00:00+00:00,77534.0,77543.3,77471.8,77487.1,24.270243,1881001.5705412,BTCUSDT,bybit
2026-05-22 13:05:00+00:00,77487.1,77546.4,77457.6,77543.9,25.767667,1996893.6190649,BTCUSDT,bybit
2026-05-22 13:10:00+00:00,77543.9,77557.9,77479.0,77503.2,30.69681,2379714.0729377,BTCUSDT,bybit
2026-05-22 13:15:00+00:00,77503.2,77533.4,77452.5,77478.6,29.622585,2295913.5064458,BTCUSDT,bybit
2026-05-22 13:20:00+00:00,77478.6,77490.4,77394.8,77404.7,16.081416,1245277.659102,BTCUSDT,bybit
2026-05-22 13:25:00+00:00,77404.7,77409.6,77309.6,77309.6,24.359588,1884551.9942903,BTCUSDT,bybit
2026-05-22 13:30:00+00:00,77309.6,77377.4,77130.2,77204.1,100.996475,7801824.54360352,BTCUSDT,bybit
2026-05-22 13:35:00+00:00,77204.1,77324.0,77191.3,77245.4,63.949447,4939956.8269277,BTCUSDT,bybit
2026-05-22 13:40:00+00:00,77245.4,77345.7,77162.4,77207.2,88.893912,6866132.9450444,BTCUSDT,bybit
2026-05-22 13:45:00+00:00,77207.2,77305.6,77159.4,77235.1,48.622142,3755675.2909109,BTCUSDT,bybit
2026-05-22 13:50:00+00:00,77235.1,77267.1,77172.3,77246.1,56.280855,4345734.8750865,BTCUSDT,bybit
2026-05-22 13:55:00+00:00,77246.1,77292.0,77202.3,77292.0,34.462882,2661957.4302194,BTCUSDT,bybit
2026-05-22 14:00:00+00:00,77292.0,77292.0,77110.4,77136.5,85.785131,6622093.2012547,BTCUSDT,bybit
2026-05-22 14:05:00+00:00,77136.5,77151.3,76969.8,77107.1,112.791189,8691555.98139647,BTCUSDT,bybit
2026-05-22 14:10:00+00:00,77107.1,77145.0,77049.5,77075.1,34.40629,2652124.2547537,BTCUSDT,bybit
2026-05-22 14:15:00+00:00,77075.1,77114.9,76912.5,76938.3,61.629292,4745701.57794572,BTCUSDT,bybit
2026-05-22 14:20:00+00:00,76938.3,76967.7,76777.7,76822.4,89.355503,6868034.09661882,BTCUSDT,bybit
2026-05-22 14:25:00+00:00,76822.4,76903.0,76799.8,76860.7,70.376928,5408950.2418545,BTCUSDT,bybit
2026-05-22 14:30:00+00:00,76860.7,76860.8,76791.9,76833.5,61.263713,4706918.9889274,BTCUSDT,bybit
2026-05-22 14:35:00+00:00,76833.5,76847.7,76790.0,76817.7,59.459324,4568108.5100298,BTCUSDT,bybit
2026-05-22 14:40:00+00:00,76817.7,76838.3,76777.8,76826.6,53.053934,4075017.1382386,BTCUSDT,bybit
2026-05-22 14:45:00+00:00,76826.6,76872.1,76793.2,76814.0,75.607389,5809547.7352254,BTCUSDT,bybit
2026-05-22 14:50:00+00:00,76814.0,76828.2,76750.0,76792.9,65.185978,5005533.18529622,BTCUSDT,bybit
2026-05-22 14:55:00+00:00,76792.9,76844.8,76767.3,76772.3,34.415965,2643219.2965342,BTCUSDT,bybit
2026-05-22 15:00:00+00:00,76772.3,76846.0,76672.1,76837.6,87.408215,6708431.1331393,BTCUSDT,bybit
2026-05-22 15:05:00+00:00,76837.6,76967.9,76837.6,76896.4,68.02628,5232097.0307409,BTCUSDT,bybit
2026-05-22 15:10:00+00:00,76896.4,76902.1,76767.4,76783.1,65.413701,5027336.5555251,BTCUSDT,bybit
2026-05-22 15:15:00+00:00,76783.1,76884.1,76783.1,76855.4,34.29641,2635302.1437631,BTCUSDT,bybit
2026-05-22 15:20:00+00:00,76855.4,76865.4,76616.0,76636.2,64.441577,4943487.50031336,BTCUSDT,bybit
2026-05-22 15:25:00+00:00,76636.2,76919.6,76570.8,76919.6,78.573611,6028231.62684184,BTCUSDT,bybit
2026-05-22 15:30:00+00:00,76919.6,77035.7,76888.7,76930.1,80.252805,6176488.2294522,BTCUSDT,bybit
2026-05-22 15:35:00+00:00,76930.1,76948.7,76696.9,76720.8,56.013337,4303890.9034237,BTCUSDT,bybit
2026-05-22 15:40:00+00:00,76720.8,76727.4,76652.5,76723.0,54.666861,4192726.0814516,BTCUSDT,bybit
2026-05-22 15:45:00+00:00,76723.0,76761.2,76705.3,76719.2,31.992402,2454864.3840448,BTCUSDT,bybit
2026-05-22 15:50:00+00:00,76719.2,76812.1,76664.3,76797.5,32.042558,2459519.3433526,BTCUSDT,bybit
2026-05-22 15:55:00+00:00,76797.5,76830.2,76792.3,76795.7,17.251302,1325067.2535867,BTCUSDT,bybit
2026-05-22 16:00:00+00:00,76795.7,76898.7,76782.3,76868.7,29.609549,2275694.1461864,BTCUSDT,bybit
2026-05-22 16:05:00+00:00,76868.7,76881.7,76773.1,76810.6,34.054089,2615724.5185918,BTCUSDT,bybit
2026-05-22 16:10:00+00:00,76810.6,76889.3,76780.6,76879.8,27.181898,2088789.5185427,BTCUSDT,bybit
2026-05-22 16:15:00+00:00,76879.8,76879.8,76805.1,76836.1,46.647293,3584543.4826207,BTCUSDT,bybit
2026-05-22 16:20:00+00:00,76836.1,76952.3,76836.1,76856.8,29.155289,2242298.6849809,BTCUSDT,bybit
2026-05-22 16:25:00+00:00,76856.8,76942.2,76850.2,76942.2,23.288087,1790590.3821945,BTCUSDT,bybit
2026-05-22 16:30:00+00:00,76942.2,76989.0,76912.8,76912.8,24.683697,1899531.9490354,BTCUSDT,bybit
2026-05-22 16:35:00+00:00,76912.8,76955.8,76871.1,76907.6,18.033506,1386935.6218422,BTCUSDT,bybit
2026-05-22 16:40:00+00:00,76907.6,76943.8,76889.1,76897.1,18.38446,1414090.2211218,BTCUSDT,bybit
2026-05-22 16:45:00+00:00,76897.1,76971.1,76895.3,76956.7,21.997346,1692462.8389196,BTCUSDT,bybit
2026-05-22 16:50:00+00:00,76956.7,77008.1,76956.7,76995.8,14.854748,1143642.5459756,BTCUSDT,bybit
2026-05-22 16:55:00+00:00,76995.8,77000.0,76926.5,76950.5,20.478725,1576149.2572161,BTCUSDT,bybit
2026-05-22 17:00:00+00:00,76950.5,76999.1,76950.5,76998.2,22.345096,1720037.2160049,BTCUSDT,bybit
2026-05-22 17:05:00+00:00,76998.2,77021.5,76896.4,76953.3,25.597593,1970010.8955071,BTCUSDT,bybit
2026-05-22 17:10:00+00:00,76953.3,76975.4,76942.9,76967.1,13.954621,1073929.4729483,BTCUSDT,bybit
2026-05-22 17:15:00+00:00,76967.1,77028.5,76838.2,76839.3,60.35853,4644573.7381307,BTCUSDT,bybit
2026-05-22 17:20:00+00:00,76839.3,76893.5,76775.7,76830.1,51.425922,3951684.5685815,BTCUSDT,bybit
2026-05-22 17:25:00+00:00,76830.1,77085.8,76819.1,77062.7,78.183641,6017886.1442664,BTCUSDT,bybit
2026-05-22 17:30:00+00:00,77062.7,77102.2,76918.7,76980.0,43.383367,3340458.3113037,BTCUSDT,bybit
2026-05-22 17:35:00+00:00,76980.0,77019.1,76946.8,77010.4,28.104599,2163450.8799504,BTCUSDT,bybit
2026-05-22 17:40:00+00:00,77010.4,77029.1,76973.7,76973.7,21.162437,1629657.7451042,BTCUSDT,bybit
2026-05-22 17:45:00+00:00,76973.7,76981.3,76815.7,76815.7,35.880242,2758681.947556,BTCUSDT,bybit
2026-05-22 17:50:00+00:00,76815.7,76826.0,76781.5,76812.3,24.840197,1907862.2419637,BTCUSDT,bybit
2026-05-22 17:55:00+00:00,76812.3,76812.3,76755.4,76755.7,31.398516,2410694.8199302,BTCUSDT,bybit
2026-05-22 18:00:00+00:00,76755.7,76798.1,76693.8,76740.5,61.529572,4721927.2486008,BTCUSDT,bybit
2026-05-22 18:05:00+00:00,76740.5,76772.3,76720.2,76742.7,23.758568,1823506.6766565,BTCUSDT,bybit
2026-05-22 18:10:00+00:00,76742.7,76820.5,76735.1,76820.5,14.003874,1075099.821586,BTCUSDT,bybit
2026-05-22 18:15:00+00:00,76820.5,76889.3,76803.2,76870.5,23.09286,1774764.1752094,BTCUSDT,bybit
2026-05-22 18:20:00+00:00,76870.5,76911.7,76861.2,76894.4,16.354076,1257429.7387222,BTCUSDT,bybit
2026-05-22 18:25:00+00:00,76894.4,76898.7,76803.5,76806.3,41.764652,3209632.453117,BTCUSDT,bybit
2026-05-22 18:30:00+00:00,76806.3,76816.8,76724.6,76757.0,43.44767,3335440.032016,BTCUSDT,bybit
2026-05-22 18:35:00+00:00,76757.0,76757.0,76583.4,76714.6,115.759282,8875525.1839886,BTCUSDT,bybit
2026-05-22 18:40:00+00:00,76714.6,76720.0,76581.8,76587.8,57.058016,4373226.8836516,BTCUSDT,bybit
2026-05-22 18:45:00+00:00,76587.8,76587.8,76086.5,76336.9,311.733152,23790904.4248233,BTCUSDT,bybit
2026-05-22 18:50:00+00:00,76336.9,76575.6,76328.2,76562.3,48.873419,3736146.66591444,BTCUSDT,bybit
2026-05-22 18:55:00+00:00,76562.3,76592.0,76504.3,76532.9,28.382099,2172300.5527965,BTCUSDT,bybit
2026-05-22 19:00:00+00:00,76532.9,76586.5,76378.1,76396.8,73.521604,5623976.6964809,BTCUSDT,bybit
2026-05-22 19:05:00+00:00,76396.8,76397.6,76222.9,76233.3,47.982,3661539.10200667,BTCUSDT,bybit
2026-05-22 19:10:00+00:00,76233.3,76297.5,76202.8,76238.9,51.159625,3901254.2425219,BTCUSDT,bybit
2026-05-22 19:15:00+00:00,76238.9,76361.3,76232.3,76354.9,49.506439,3776742.6703559,BTCUSDT,bybit
2026-05-22 19:20:00+00:00,76354.9,76406.7,76326.5,76368.6,28.404929,2169279.7053336,BTCUSDT,bybit
2026-05-22 19:25:00+00:00,76368.6,76390.7,76189.2,76258.8,53.440009,4077527.6797165,BTCUSDT,bybit
2026-05-22 19:30:00+00:00,76258.8,76278.9,75689.0,75861.9,309.132515,23464444.25640469,BTCUSDT,bybit
2026-05-22 19:35:00+00:00,75861.9,75953.0,75808.9,75819.6,63.718809,4834030.7261825,BTCUSDT,bybit
2026-05-22 19:40:00+00:00,75819.6,75828.7,75649.6,75813.4,106.072485,8033160.03275572,BTCUSDT,bybit
2026-05-22 19:45:00+00:00,75813.4,75879.8,75700.0,75734.0,60.922504,4617024.9897296,BTCUSDT,bybit
2026-05-22 19:50:00+00:00,75734.0,75903.5,75682.8,75871.5,58.175764,4411219.8699826,BTCUSDT,bybit
2026-05-22 19:55:00+00:00,75871.5,75945.7,75830.5,75869.2,33.821934,2566151.4707638,BTCUSDT,bybit
2026-05-22 20:00:00+00:00,75869.2,75966.6,75836.0,75885.2,39.285229,2981711.7051034,BTCUSDT,bybit
2026-05-22 20:05:00+00:00,75885.2,76007.4,75885.1,76000.2,29.751429,2259861.7548879,BTCUSDT,bybit
2026-05-22 20:10:00+00:00,76000.2,76027.8,75924.8,75924.8,24.486026,1860329.4229029,BTCUSDT,bybit
2026-05-22 20:15:00+00:00,75924.8,75985.3,75900.1,75932.4,21.770817,1653393.4580814,BTCUSDT,bybit
2026-05-22 20:20:00+00:00,75932.4,75972.9,75887.3,75938.2,29.304312,2225114.2653487,BTCUSDT,bybit
2026-05-22 20:25:00+00:00,75938.2,75989.9,75900.3,75976.0,17.443613,1324756.3874106,BTCUSDT,bybit
2026-05-22 20:30:00+00:00,75976.0,75976.0,75815.2,75950.9,56.803089,4310010.4216528,BTCUSDT,bybit
2026-05-22 20:35:00+00:00,75950.9,75964.1,75900.0,75950.4,19.281756,1464202.1094901,BTCUSDT,bybit
2026-05-22 20:40:00+00:00,75950.4,75970.0,75910.1,75933.0,15.339766,1164949.17801,BTCUSDT,bybit
2026-05-22 20:45:00+00:00,75933.0,75997.5,75893.6,75989.9,10.728281,814686.8818006,BTCUSDT,bybit
2026-05-22 20:50:00+00:00,75989.9,76091.5,75963.3,76063.8,42.109882,3202584.5487104,BTCUSDT,bybit
2026-05-22 20:55:00+00:00,76063.8,76071.8,75934.4,75984.1,27.299443,2074519.0452318,BTCUSDT,bybit
2026-05-22 21:00:00+00:00,75984.1,76033.7,75952.2,76005.2,17.050638,1295921.4199764,BTCUSDT,bybit
2026-05-22 21:05:00+00:00,76005.2,76030.1,75987.7,76012.5,14.415434,1095680.6594415,BTCUSDT,bybit
2026-05-22 21:10:00+00:00,76012.5,76025.4,75979.0,75993.2,12.15082,923499.0674292,BTCUSDT,bybit
2026-05-22 21:15:00+00:00,75993.2,76037.7,75968.2,76037.7,11.020168,837480.1507975,BTCUSDT,bybit
2026-05-22 21:20:00+00:00,76037.7,76037.8,76009.6,76019.6,7.256664,551691.6730629,BTCUSDT,bybit
2026-05-22 21:25:00+00:00,76019.6,76036.4,75980.2,76032.6,23.971237,1822110.1317421,BTCUSDT,bybit
2026-05-22 21:30:00+00:00,76032.6,76089.6,76032.6,76040.0,16.696327,1270032.1101366,BTCUSDT,bybit
2026-05-22 21:35:00+00:00,76040.0,76068.6,76025.7,76031.1,18.118854,1377844.6913723,BTCUSDT,bybit
2026-05-22 21:40:00+00:00,76031.1,76059.2,75927.6,75995.4,26.479861,2012375.2623649,BTCUSDT,bybit
2026-05-22 21:45:00+00:00,75995.4,76071.6,75995.4,76038.9,19.892576,1512630.6103578,BTCUSDT,bybit
2026-05-22 21:50:00+00:00,76038.9,76064.6,76008.9,76041.4,20.306637,1544012.1724899,BTCUSDT,bybit
2026-05-22 21:55:00+00:00,76041.4,76041.4,75970.9,75976.9,15.338077,1165614.1119255,BTCUSDT,bybit
2026-05-22 22:00:00+00:00,75976.9,75987.0,75889.8,75902.6,18.711461,1420896.9204142,BTCUSDT,bybit
2026-05-22 22:05:00+00:00,75902.6,75928.6,75860.0,75924.0,21.357127,1620766.7051852,BTCUSDT,bybit
2026-05-22 22:10:00+00:00,75924.0,75924.0,75844.5,75907.2,26.194588,1987804.761865,BTCUSDT,bybit
2026-05-22 22:15:00+00:00,75907.2,75911.8,75814.8,75815.1,17.77135,1348205.4454046,BTCUSDT,bybit
2026-05-22 22:20:00+00:00,75815.1,75821.9,75792.6,75805.2,12.350805,936246.6518461,BTCUSDT,bybit
2026-05-22 22:25:00+00:00,75805.2,75805.9,75753.8,75793.1,17.528408,1328396.4035913,BTCUSDT,bybit
2026-05-22 22:30:00+00:00,75793.1,75876.7,75724.0,75743.1,25.986111,1969795.472939,BTCUSDT,bybit
2026-05-22 22:35:00+00:00,75743.1,75760.9,75709.5,75728.6,31.167684,2360449.3458915,BTCUSDT,bybit
2026-05-22 22:40:00+00:00,75728.6,75732.8,75545.1,75652.0,77.641442,5871435.71220214,BTCUSDT,bybit
2026-05-22 22:45:00+00:00,75652.0,75757.4,75632.5,75757.4,30.520915,2310003.742631,BTCUSDT,bybit
2026-05-22 22:50:00+00:00,75757.4,75757.4,75731.9,75733.7,14.061391,1065089.5632309,BTCUSDT,bybit
2026-05-22 22:55:00+00:00,75733.7,75747.7,75717.6,75737.1,8.244198,624362.1258894,BTCUSDT,bybit
2026-05-22 23:00:00+00:00,75737.1,75820.1,75737.0,75802.3,11.803616,894593.2546355,BTCUSDT,bybit
2026-05-22 23:05:00+00:00,75802.3,75847.6,75797.4,75843.7,14.401536,1091957.6807814,BTCUSDT,bybit
2026-05-22 23:10:00+00:00,75843.7,75883.6,75833.8,75855.8,14.40476,1092643.0130711,BTCUSDT,bybit
2026-05-22 23:15:00+00:00,75855.8,75862.8,75745.5,75759.3,16.37807,1241584.8396601,BTCUSDT,bybit
2026-05-22 23:20:00+00:00,75759.3,75782.7,75741.5,75782.6,10.020851,759157.3050886,BTCUSDT,bybit
2026-05-22 23:25:00+00:00,75782.6,75782.6,75678.8,75678.8,10.954716,829774.0216097,BTCUSDT,bybit
2026-05-22 23:30:00+00:00,75678.8,75734.6,75655.7,75720.0,13.787449,1043686.7452659,BTCUSDT,bybit
2026-05-22 23:35:00+00:00,75720.0,75775.1,75712.8,75775.0,14.703826,1113847.5445426,BTCUSDT,bybit
2026-05-22 23:40:00+00:00,75775.0,75816.0,75753.8,75797.2,13.193824,999953.0950445,BTCUSDT,bybit
2026-05-22 23:45:00+00:00,75797.2,75797.2,75350.0,75492.6,163.879788,12380665.01809971,BTCUSDT,bybit
2026-05-22 23:50:00+00:00,75492.6,75587.5,75492.6,75563.8,23.263352,1757778.8001895,BTCUSDT,bybit
2026-05-22 23:55:00+00:00,75563.8,75591.3,75535.1,75540.3,14.291178,1079925.9139498,BTCUSDT,bybit
2026-05-23 00:00:00+00:00,75540.3,75635.8,75499.3,75574.9,48.103512,3634752.6801207,BTCUSDT,bybit
2026-05-23 00:05:00+00:00,75574.9,75622.4,75515.8,75601.1,30.280656,2288334.695745,BTCUSDT,bybit
2026-05-23 00:10:00+00:00,75601.1,75601.1,75422.2,75463.7,33.63275,2539382.8671501,BTCUSDT,bybit
2026-05-23 00:15:00+00:00,75463.7,75519.2,75406.6,75443.2,37.691119,2844342.3271232,BTCUSDT,bybit
2026-05-23 00:20:00+00:00,75443.2,75477.7,75415.8,75475.2,30.374751,2291766.5319118,BTCUSDT,bybit
2026-05-23 00:25:00+00:00,75475.2,75501.2,75412.8,75491.1,28.844662,2176817.1200133,BTCUSDT,bybit
2026-05-23 00:30:00+00:00,75491.1,75496.5,75296.7,75418.8,69.185825,5216254.7229682,BTCUSDT,bybit
2026-05-23 00:35:00+00:00,75418.8,75421.5,75249.9,75309.4,55.399002,4172282.38511716,BTCUSDT,bybit
2026-05-23 00:40:00+00:00,75309.4,75320.6,75217.8,75288.9,55.907642,4208287.76512449,BTCUSDT,bybit
2026-05-23 00:45:00+00:00,75288.9,75363.3,75286.2,75359.1,28.972715,2182385.6033562,BTCUSDT,bybit
2026-05-23 00:50:00+00:00,75359.1,75424.5,75348.3,75372.3,23.322244,1758180.2973413,BTCUSDT,bybit
2026-05-23 00:55:00+00:00,75372.3,75409.0,75360.6,75360.6,21.51087,1621768.465958,BTCUSDT,bybit
2026-05-23 01:00:00+00:00,75360.6,75490.6,75360.6,75473.2,31.456689,2373234.1679928,BTCUSDT,bybit
2026-05-23 01:05:00+00:00,75473.2,75504.4,75448.8,75504.4,13.338579,1006655.8875638,BTCUSDT,bybit
2026-05-23 01:10:00+00:00,75504.4,75504.4,75390.1,75412.5,24.726713,1865485.4432918,BTCUSDT,bybit
2026-05-23 01:15:00+00:00,75412.5,75472.5,75365.4,75472.5,16.56616,1249286.2923088,BTCUSDT,bybit
2026-05-23 01:20:00+00:00,75472.5,75493.9,75453.5,75455.8,13.141731,991854.6284052,BTCUSDT,bybit
2026-05-23 01:25:00+00:00,75455.8,75473.4,75442.5,75471.0,11.583618,874088.3815815,BTCUSDT,bybit
2026-05-23 01:30:00+00:00,75471.0,75493.5,75456.0,75466.3,12.298774,928252.9402238,BTCUSDT,bybit
2026-05-23 01:35:00+00:00,75466.3,75508.2,75452.6,75477.4,15.981605,1206315.7427128,BTCUSDT,bybit
2026-05-23 01:40:00+00:00,75477.4,75477.5,75404.7,75459.9,21.835034,1647026.9918007,BTCUSDT,bybit
2026-05-23 01:45:00+00:00,75459.9,75464.0,75353.7,75423.7,36.537064,2754945.3954642,BTCUSDT,bybit
2026-05-23 01:50:00+00:00,75423.7,75490.4,75409.4,75490.4,8.729513,658589.4571007,BTCUSDT,bybit
2026-05-23 01:55:00+00:00,75490.4,75502.2,75466.5,75492.6,13.004016,981601.997606,BTCUSDT,bybit
2026-05-23 02:00:00+00:00,75492.6,75518.8,75417.3,75417.3,15.843509,1195879.4248478,BTCUSDT,bybit
2026-05-23 02:05:00+00:00,75417.3,75507.8,75417.3,75487.1,15.127149,1141694.706518,BTCUSDT,bybit
2026-05-23 02:10:00+00:00,75487.1,75544.3,75450.2,75473.5,30.203922,2280358.1651242,BTCUSDT,bybit
2026-05-23 02:15:00+00:00,75473.5,75550.5,75473.5,75506.1,19.420121,1466546.2389212,BTCUSDT,bybit
2026-05-23 02:20:00+00:00,75506.1,75517.6,75473.3,75501.8,10.467476,790242.6265991,BTCUSDT,bybit
2026-05-23 02:25:00+00:00,75501.8,75515.6,75477.2,75477.3,11.736,886019.8978762,BTCUSDT,bybit
2026-05-23 02:30:00+00:00,75477.3,75496.8,75462.4,75477.5,12.913589,974736.6960306,BTCUSDT,bybit
2026-05-23 02:35:00+00:00,75477.5,75530.0,75473.5,75492.5,16.517547,1246988.484115,BTCUSDT,bybit
2026-05-23 02:40:00+00:00,75492.5,75527.0,75467.1,75491.6,12.615722,952388.6947684,BTCUSDT,bybit
2026-05-23 02:45:00+00:00,75491.6,75547.9,75491.6,75547.8,7.784497,587846.6119642,BTCUSDT,bybit
2026-05-23 02:50:00+00:00,75547.8,75564.8,75534.5,75557.4,10.332849,780664.7527511,BTCUSDT,bybit
2026-05-23 02:55:00+00:00,75557.4,75585.9,75538.4,75570.3,14.994901,1133107.5851828,BTCUSDT,bybit
2026-05-23 03:00:00+00:00,75570.3,75605.2,75559.0,75599.9,15.553592,1175583.04892549,BTCUSDT,bybit
2026-05-23 03:05:00+00:00,75599.9,75608.6,75584.0,75597.1,6.86463,518961.6911521,BTCUSDT,bybit
2026-05-23 03:10:00+00:00,75597.1,75612.1,75586.3,75612.1,4.204841,317873.4281435,BTCUSDT,bybit
2026-05-23 03:15:00+00:00,75612.1,75620.6,75580.9,75597.3,17.434204,1317955.7577506,BTCUSDT,bybit
2026-05-23 03:20:00+00:00,75597.3,75625.6,75587.5,75612.1,14.724891,1113305.184311,BTCUSDT,bybit
2026-05-23 03:25:00+00:00,75612.1,75613.9,75592.3,75600.0,8.04314,608073.7568045,BTCUSDT,bybit
2026-05-23 03:30:00+00:00,75600.0,75658.7,75594.1,75640.2,6.262125,473602.3547678,BTCUSDT,bybit
2026-05-23 03:35:00+00:00,75640.2,75658.3,75640.2,75658.3,5.744768,434579.0000908,BTCUSDT,bybit
2026-05-23 03:40:00+00:00,75658.3,75665.2,75649.2,75654.4,6.662792,504084.2208459,BTCUSDT,bybit
2026-05-23 03:45:00+00:00,75654.4,75655.9,75632.0,75645.3,10.01488,757576.8171151,BTCUSDT,bybit
2026-05-23 03:50:00+00:00,75645.3,75660.3,75645.2,75658.6,2.13446,161480.1466184,BTCUSDT,bybit
2026-05-23 03:55:00+00:00,75658.6,75658.7,75624.5,75633.9,4.983383,376924.268507,BTCUSDT,bybit
2026-05-23 04:00:00+00:00,75633.9,75644.6,75621.4,75644.6,6.940654,524923.5697902,BTCUSDT,bybit
2026-05-23 04:05:00+00:00,75644.6,75644.6,75629.1,75631.4,4.293857,324765.2810987,BTCUSDT,bybit
2026-05-23 04:10:00+00:00,75631.4,75644.5,75629.0,75629.0,4.4588,337242.6727712,BTCUSDT,bybit
2026-05-23 04:15:00+00:00,75629.0,75629.1,75564.3,75580.8,9.987291,754970.5669209,BTCUSDT,bybit
2026-05-23 04:20:00+00:00,75580.8,75583.1,75573.0,75578.6,6.844646,517304.8433816,BTCUSDT,bybit
2026-05-23 04:25:00+00:00,75578.6,75586.0,75554.9,75586.0,13.756529,1039608.9228455,BTCUSDT,bybit
2026-05-23 04:30:00+00:00,75586.0,75649.9,75586.0,75635.0,7.006881,529869.4341055,BTCUSDT,bybit
2026-05-23 04:35:00+00:00,75635.0,75635.0,75515.9,75524.2,15.155329,1145198.3530212,BTCUSDT,bybit
2026-05-23 04:40:00+00:00,75524.2,75526.4,75507.6,75507.6,8.127718,613790.544471,BTCUSDT,bybit
2026-05-23 04:45:00+00:00,75507.6,75523.7,75496.9,75523.6,13.540672,1022457.1931611,BTCUSDT,bybit
2026-05-23 04:50:00+00:00,75523.6,75538.9,75516.3,75516.3,6.462809,488146.4411852,BTCUSDT,bybit
2026-05-23 04:55:00+00:00,75516.3,75535.6,75516.3,75535.6,7.171972,541650.4162119,BTCUSDT,bybit
2026-05-23 05:00:00+00:00,75535.6,75546.4,75509.7,75541.5,14.651477,1106552.848493,BTCUSDT,bybit
2026-05-23 05:05:00+00:00,75541.5,75560.5,75512.5,75548.4,17.115335,1292790.4675954,BTCUSDT,bybit
2026-05-23 05:10:00+00:00,75548.4,75548.4,75516.4,75520.9,7.561853,571097.6917816,BTCUSDT,bybit
2026-05-23 05:15:00+00:00,75520.9,75547.4,75520.8,75523.5,5.16182,389895.5039741,BTCUSDT,bybit
2026-05-23 05:20:00+00:00,75523.5,75523.6,75468.7,75489.1,16.345351,1233902.7434614,BTCUSDT,bybit
2026-05-23 05:25:00+00:00,75489.1,75524.0,75478.0,75478.1,56.13728,4238671.7923932,BTCUSDT,bybit
2026-05-23 05:30:00+00:00,75478.1,75503.3,75473.3,75473.3,9.174406,692580.9818076,BTCUSDT,bybit
2026-05-23 05:35:00+00:00,75473.3,75499.6,75472.8,75493.2,6.583555,496977.4989092,BTCUSDT,bybit
2026-05-23 05:40:00+00:00,75493.2,75516.4,75493.2,75513.9,6.622654,500029.6698847,BTCUSDT,bybit
2026-05-23 05:45:00+00:00,75513.9,75524.5,75482.0,75485.8,8.746959,660461.2565379,BTCUSDT,bybit
2026-05-23 05:50:00+00:00,75485.8,75489.8,75467.7,75470.9,7.328581,553145.6273991,BTCUSDT,bybit
2026-05-23 05:55:00+00:00,75470.9,75491.9,75469.9,75491.9,21.230328,1602508.5642059,BTCUSDT,bybit
2026-05-23 06:00:00+00:00,75491.9,75500.6,75461.8,75472.1,25.292104,1908861.794574,BTCUSDT,bybit
2026-05-23 06:05:00+00:00,75472.1,75500.0,75472.1,75495.1,11.378084,858913.4839512,BTCUSDT,bybit
2026-05-23 06:10:00+00:00,75495.1,75495.2,75459.3,75459.4,4.164962,314347.0991875,BTCUSDT,bybit
2026-05-23 06:15:00+00:00,75459.4,75494.4,75459.3,75482.4,8.810124,664991.3830486,BTCUSDT,bybit
2026-05-23 06:20:00+00:00,75482.4,75486.7,75473.7,75476.0,4.54578,343122.5331872,BTCUSDT,bybit
2026-05-23 06:25:00+00:00,75476.0,75476.1,75443.0,75452.2,18.512754,1396919.9225195,BTCUSDT,bybit
2026-05-23 06:30:00+00:00,75452.2,75488.7,75452.2,75458.9,7.581775,572204.4212769,BTCUSDT,bybit
2026-05-23 06:35:00+00:00,75458.9,75471.1,75419.3,75435.1,11.110246,838206.5548817,BTCUSDT,bybit
2026-05-23 06:40:00+00:00,75435.1,75453.4,75435.1,75446.0,5.020426,378767.2570741,BTCUSDT,bybit
2026-05-23 06:45:00+00:00,75446.0,75453.3,75386.4,75399.9,12.842524,968455.1607462,BTCUSDT,bybit
2026-05-23 06:50:00+00:00,75399.9,75411.6,75389.4,75398.4,10.984729,828261.6140766,BTCUSDT,bybit
2026-05-23 06:55:00+00:00,75398.4,75444.0,75390.8,75401.0,24.016836,1811177.1803272,BTCUSDT,bybit
2026-05-23 07:00:00+00:00,75401.0,75439.4,75363.7,75369.8,12.975244,978345.1096588,BTCUSDT,bybit
2026-05-23 07:05:00+00:00,75369.8,75369.8,75253.2,75350.2,36.547146,2751737.32524712,BTCUSDT,bybit
2026-05-23 07:10:00+00:00,75350.2,75367.7,75329.0,75352.4,19.323014,1456058.1500836,BTCUSDT,bybit
2026-05-23 07:15:00+00:00,75352.4,75352.5,75304.8,75310.0,13.871636,1044936.9940876,BTCUSDT,bybit
2026-05-23 07:20:00+00:00,75310.0,75315.2,75259.8,75283.9,19.956196,1502430.3501119,BTCUSDT,bybit
2026-05-23 07:25:00+00:00,75283.9,75286.8,75215.7,75286.8,22.63058,1703052.9374446,BTCUSDT,bybit
2026-05-23 07:30:00+00:00,75286.8,75286.9,75158.4,75270.5,48.435699,3642474.7822189,BTCUSDT,bybit
2026-05-23 07:35:00+00:00,75270.5,75349.2,75260.0,75340.1,27.186666,2047525.0731635,BTCUSDT,bybit
2026-05-23 07:40:00+00:00,75340.1,75340.1,75243.4,75289.8,29.017159,2184632.1827607,BTCUSDT,bybit
2026-05-23 07:45:00+00:00,75289.8,75289.8,74975.9,75031.1,218.249566,16384902.95643088,BTCUSDT,bybit
2026-05-23 07:50:00+00:00,75031.1,75031.1,74263.8,74516.2,479.950728,35782891.81583838,BTCUSDT,bybit
2026-05-23 07:55:00+00:00,74516.2,74627.0,74494.8,74605.4,73.890217,5510021.6145457,BTCUSDT,bybit
2026-05-23 08:00:00+00:00,74605.4,74680.2,74576.6,74605.2,67.175076,5012967.5516927,BTCUSDT,bybit
2026-05-23 08:05:00+00:00,74605.2,74614.5,74498.4,74591.7,61.861951,4612393.4639911,BTCUSDT,bybit
2026-05-23 08:10:00+00:00,74591.7,74711.0,74567.5,74654.5,48.858901,3647018.8577125,BTCUSDT,bybit
2026-05-23 08:15:00+00:00,74654.5,74737.3,74654.4,74674.1,88.435404,6605841.4991735,BTCUSDT,bybit
2026-05-23 08:20:00+00:00,74674.1,74747.8,74589.5,74747.7,113.462103,8471430.4308748,BTCUSDT,bybit
2026-05-23 08:25:00+00:00,74747.7,74776.9,74600.5,74613.2,32.713342,2443178.1784068,BTCUSDT,bybit
2026-05-23 08:30:00+00:00,74613.2,74620.1,74502.2,74540.0,38.101521,2840426.2929012,BTCUSDT,bybit
2026-05-23 08:35:00+00:00,74540.0,74540.0,74351.3,74351.3,89.210472,6641586.7329878,BTCUSDT,bybit
2026-05-23 08:40:00+00:00,74351.3,74456.0,74346.2,74450.8,57.258219,4260306.78082477,BTCUSDT,bybit
2026-05-23 08:45:00+00:00,74450.8,74635.1,74407.2,74610.6,76.497352,5703562.5932475,BTCUSDT,bybit
2026-05-23 08:50:00+00:00,74610.6,74673.5,74605.3,74673.4,27.636489,2062948.42020634,BTCUSDT,bybit
2026-05-23 08:55:00+00:00,74673.4,74681.2,74662.5,74680.9,14.007349,1045973.6540954,BTCUSDT,bybit
2026-05-23 09:00:00+00:00,74680.9,74684.9,74647.6,74675.2,23.847571,1780666.9641728,BTCUSDT,bybit
2026-05-23 09:05:00+00:00,74675.2,74675.2,74628.9,74629.0,17.189666,1283190.6097746,BTCUSDT,bybit
2026-05-23 09:10:00+00:00,74629.0,74681.3,74608.0,74655.4,26.009743,1941490.9864229,BTCUSDT,bybit
2026-05-23 09:15:00+00:00,74655.4,74696.3,74655.4,74669.6,14.763982,1102544.9315197,BTCUSDT,bybit
2026-05-23 09:20:00+00:00,74669.6,74682.0,74656.3,74676.0,9.781402,730358.4418707,BTCUSDT,bybit
2026-05-23 09:25:00+00:00,74676.0,74689.7,74676.0,74683.8,13.075381,976527.5843394,BTCUSDT,bybit
2026-05-23 09:30:00+00:00,74683.8,74730.6,74673.3,74712.9,22.207666,1658976.8784128,BTCUSDT,bybit
2026-05-23 09:35:00+00:00,74712.9,74712.9,74660.1,74679.8,9.512142,710380.1060722,BTCUSDT,bybit
2026-05-23 09:40:00+00:00,74679.8,74755.7,74679.8,74731.0,41.81471,3124612.0098357,BTCUSDT,bybit
2026-05-23 09:45:00+00:00,74731.0,74746.8,74724.0,74744.8,14.73645,1101341.8403,BTCUSDT,bybit
2026-05-23 09:50:00+00:00,74744.8,74758.2,74721.4,74721.4,16.108013,1203944.1484624,BTCUSDT,bybit
2026-05-23 09:55:00+00:00,74721.4,74721.5,74651.4,74655.7,7.161082,534769.0829249,BTCUSDT,bybit
2026-05-23 10:00:00+00:00,74655.7,74683.8,74655.7,74669.5,8.890327,663882.5516047,BTCUSDT,bybit
2026-05-23 10:05:00+00:00,74669.5,74709.6,74669.1,74696.8,9.960986,744034.0515576,BTCUSDT,bybit
2026-05-23 10:10:00+00:00,74696.8,74745.2,74695.2,74742.4,10.856451,811269.0556681,BTCUSDT,bybit
2026-05-23 10:15:00+00:00,74742.4,74757.3,74731.2,74745.6,6.72612,502757.7707823,BTCUSDT,bybit
2026-05-23 10:20:00+00:00,74745.6,74745.7,74724.6,74729.2,6.08329,454617.7997738,BTCUSDT,bybit
2026-05-23 10:25:00+00:00,74729.2,74744.0,74717.2,74744.0,6.846844,511646.0741193,BTCUSDT,bybit
2026-05-23 10:30:00+00:00,74744.0,74784.5,74727.6,74784.4,13.540884,1012117.9565152,BTCUSDT,bybit
2026-05-23 10:35:00+00:00,74784.4,74785.5,74744.8,74771.7,24.573351,1837267.7851226,BTCUSDT,bybit
2026-05-23 10:40:00+00:00,74771.7,74773.2,74744.8,74769.4,15.450827,1155051.3892016,BTCUSDT,bybit
2026-05-23 10:45:00+00:00,74769.4,74787.3,74717.9,74717.9,10.687971,799086.6469578,BTCUSDT,bybit
2026-05-23 10:50:00+00:00,74717.9,74722.3,74706.5,74706.5,8.635953,645250.5811058,BTCUSDT,bybit
2026-05-23 10:55:00+00:00,74706.5,74728.7,74706.5,74714.5,9.746954,728244.5040884,BTCUSDT,bybit
2026-05-23 11:00:00+00:00,74714.5,74741.4,74709.5,74738.5,12.89536,963618.1304989,BTCUSDT,bybit
2026-05-23 11:05:00+00:00,74738.5,74802.1,74738.5,74791.5,17.5285,1310658.2284116,BTCUSDT,bybit
2026-05-23 11:10:00+00:00,74791.5,74813.1,74788.5,74789.5,8.294533,620415.8509066,BTCUSDT,bybit
2026-05-23 11:15:00+00:00,74789.5,74823.2,74789.5,74815.7,11.049502,826605.3223094,BTCUSDT,bybit
2026-05-23 11:20:00+00:00,74815.7,74863.3,74815.7,74831.9,13.942411,1043379.35403086,BTCUSDT,bybit
2026-05-23 11:25:00+00:00,74831.9,74866.5,74831.9,74845.6,12.167583,910748.7290834,BTCUSDT,bybit
2026-05-23 11:30:00+00:00,74845.6,74845.7,74819.7,74824.6,8.269781,618871.4560912,BTCUSDT,bybit
2026-05-23 11:35:00+00:00,74824.6,74827.1,74783.2,74783.3,9.451219,706957.2998094,BTCUSDT,bybit
2026-05-23 11:40:00+00:00,74783.3,74807.5,74783.2,74791.3,14.87116,1112362.9101243,BTCUSDT,bybit
2026-05-23 11:45:00+00:00,74791.3,74796.4,74787.2,74796.1,5.76854,431443.2901897,BTCUSDT,bybit
2026-05-23 11:50:00+00:00,74796.1,74800.0,74791.5,74799.9,3.450444,258076.7083799,BTCUSDT,bybit
2026-05-23 11:55:00+00:00,74799.9,74826.6,74794.2,74794.2,9.38573,702164.8048017,BTCUSDT,bybit
2026-05-23 12:00:00+00:00,74794.2,74795.2,74740.1,74766.4,14.578843,1090107.202423,BTCUSDT,bybit
2026-05-23 12:05:00+00:00,74766.4,74776.5,74759.4,74759.4,6.539962,488969.0283074,BTCUSDT,bybit
2026-05-23 12:10:00+00:00,74759.4,74759.5,74695.2,74722.7,13.126143,980692.9218986,BTCUSDT,bybit
2026-05-23 12:15:00+00:00,74722.7,74751.3,74693.5,74693.5,21.528308,1608790.1076731,BTCUSDT,bybit
2026-05-23 12:20:00+00:00,74693.5,74696.8,74652.1,74695.7,14.461669,1079925.0832188,BTCUSDT,bybit
2026-05-23 12:25:00+00:00,74695.7,74742.3,74695.7,74739.8,7.273874,543486.5395251,BTCUSDT,bybit
2026-05-23 12:30:00+00:00,74739.8,74758.9,74738.7,74738.8,9.256379,691904.6142926,BTCUSDT,bybit
2026-05-23 12:35:00+00:00,74738.8,74768.4,74738.7,74765.3,9.867529,737614.3917494,BTCUSDT,bybit
2026-05-23 12:40:00+00:00,74765.3,74765.4,74724.7,74731.1,12.736823,951925.6408341,BTCUSDT,bybit
2026-05-23 12:45:00+00:00,74731.1,74731.5,74720.0,74729.3,5.15384,385115.6774528,BTCUSDT,bybit
2026-05-23 12:50:00+00:00,74729.3,74737.4,74713.3,74726.4,5.684882,424793.5547612,BTCUSDT,bybit
2026-05-23 12:55:00+00:00,74726.4,74754.9,74715.5,74754.8,15.119058,1129870.3653334,BTCUSDT,bybit
2026-05-23 13:00:00+00:00,74754.8,74966.4,74750.3,74942.6,45.769288,3427523.1915867,BTCUSDT,bybit
2026-05-23 13:05:00+00:00,74942.6,74996.9,74896.3,74949.9,35.237736,2641129.95429279,BTCUSDT,bybit
2026-05-23 13:10:00+00:00,74949.9,74950.0,74918.4,74930.9,9.588479,718505.1810146,BTCUSDT,bybit
2026-05-23 13:15:00+00:00,74930.9,75026.0,74930.9,74942.8,37.416225,2805898.00513848,BTCUSDT,bybit
2026-05-23 13:20:00+00:00,74942.8,75044.6,74942.7,74996.9,44.682113,3351602.1404166,BTCUSDT,bybit
2026-05-23 13:25:00+00:00,74996.9,75003.3,74968.8,74996.4,14.997942,1124617.7295371,BTCUSDT,bybit
2026-05-23 13:30:00+00:00,74996.4,75041.4,74933.9,74957.1,58.210029,4364537.2152658,BTCUSDT,bybit
2026-05-23 13:35:00+00:00,74957.1,74969.2,74877.9,74936.1,24.321403,1822273.541317,BTCUSDT,bybit
2026-05-23 13:40:00+00:00,74936.1,74943.5,74900.0,74943.5,16.168575,1211326.5708397,BTCUSDT,bybit
2026-05-23 13:45:00+00:00,74943.5,75160.1,74943.4,75145.5,33.528497,2516806.14335756,BTCUSDT,bybit
2026-05-23 13:50:00+00:00,75145.5,75258.7,75073.6,75242.2,60.881024,4575647.60734959,BTCUSDT,bybit
2026-05-23 13:55:00+00:00,75242.2,75251.2,75187.3,75208.5,43.730854,3289347.9628289,BTCUSDT,bybit
2026-05-23 14:00:00+00:00,75208.5,75223.0,75119.3,75134.4,22.038772,1656354.5268033,BTCUSDT,bybit
2026-05-23 14:05:00+00:00,75134.4,75243.7,75098.9,75203.2,33.728128,2536246.1585802,BTCUSDT,bybit
2026-05-23 14:10:00+00:00,75203.2,75241.5,75200.0,75203.8,28.683892,2157733.9321906,BTCUSDT,bybit
2026-05-23 14:15:00+00:00,75203.8,75248.0,75190.0,75229.2,32.294508,2429155.6520806,BTCUSDT,bybit
2026-05-23 14:20:00+00:00,75229.2,75347.7,75229.1,75296.0,30.290632,2280742.79711708,BTCUSDT,bybit
2026-05-23 14:25:00+00:00,75296.0,75324.9,75261.2,75320.7,19.981167,1504331.3380917,BTCUSDT,bybit
2026-05-23 14:30:00+00:00,75320.7,75377.2,75288.5,75368.3,30.574429,2303549.09221978,BTCUSDT,bybit
2026-05-23 14:35:00+00:00,75368.3,75489.9,75351.0,75418.8,55.128797,4157709.98238117,BTCUSDT,bybit
2026-05-23 14:40:00+00:00,75418.8,75487.4,75397.1,75468.9,25.251752,1905100.9851887,BTCUSDT,bybit
2026-05-23 14:45:00+00:00,75468.9,75520.0,75399.5,75420.4,32.467883,2450374.3159699,BTCUSDT,bybit
2026-05-23 14:50:00+00:00,75420.4,75465.7,75415.0,75447.0,14.972019,1129542.0132245,BTCUSDT,bybit
2026-05-23 14:55:00+00:00,75447.0,75707.9,75445.6,75534.4,84.225343,6365341.09257371,BTCUSDT,bybit
2026-05-23 15:00:00+00:00,75534.4,75551.3,75475.2,75504.5,33.295495,2514418.1197722,BTCUSDT,bybit
2026-05-23 15:05:00+00:00,75504.5,75627.2,75504.5,75596.2,30.203254,2282622.0124467,BTCUSDT,bybit
2026-05-23 15:10:00+00:00,75596.2,75646.3,75589.2,75629.4,20.492654,1549617.5080181,BTCUSDT,bybit
2026-05-23 15:15:00+00:00,75629.4,75685.8,75582.4,75655.6,28.393448,2147565.3074912,BTCUSDT,bybit
2026-05-23 15:20:00+00:00,75655.6,75664.8,75601.2,75645.4,27.901894,2110542.5737515,BTCUSDT,bybit
2026-05-23 15:25:00+00:00,75645.4,75645.4,75514.7,75545.9,25.193382,1904097.6844091,BTCUSDT,bybit
2026-05-23 15:30:00+00:00,75545.9,75546.0,75445.4,75449.2,27.689653,2090022.0266884,BTCUSDT,bybit
2026-05-23 15:35:00+00:00,75449.2,75456.9,75397.1,75436.0,39.749286,2998203.0967577,BTCUSDT,bybit
2026-05-23 15:40:00+00:00,75436.0,75549.4,75435.7,75501.0,41.340836,3121630.8660682,BTCUSDT,bybit
2026-05-23 15:45:00+00:00,75501.0,75548.9,75493.2,75493.3,17.143953,1294726.0047342,BTCUSDT,bybit
2026-05-23 15:50:00+00:00,75493.3,75532.7,75475.7,75495.8,14.082015,1063281.8195487,BTCUSDT,bybit
2026-05-23 15:55:00+00:00,75495.8,75520.0,75495.8,75520.0,7.947987,600153.9030425,BTCUSDT,bybit
2026-05-23 16:00:00+00:00,75520.0,75638.3,75520.0,75606.8,29.379436,2220511.5266819,BTCUSDT,bybit
2026-05-23 16:05:00+00:00,75606.8,75610.2,75525.2,75537.9,10.655888,805140.6079359,BTCUSDT,bybit
2026-05-23 16:10:00+00:00,75537.9,75572.3,75531.9,75534.7,14.767127,1115653.1091052,BTCUSDT,bybit
2026-05-23 16:15:00+00:00,75534.7,75556.5,75489.8,75514.1,16.303562,1231340.5102693,BTCUSDT,bybit
2026-05-23 16:20:00+00:00,75514.1,75526.4,75413.7,75417.0,20.5315,1549345.2833237,BTCUSDT,bybit
2026-05-23 16:25:00+00:00,75417.0,75476.1,75409.4,75476.1,12.352575,931854.3100563,BTCUSDT,bybit
2026-05-23 16:30:00+00:00,75476.1,75502.7,75472.7,75475.0,12.874065,971804.1661253,BTCUSDT,bybit
2026-05-23 16:35:00+00:00,75475.0,75564.9,75475.0,75547.3,22.016049,1662661.2071423,BTCUSDT,bybit
2026-05-23 16:40:00+00:00,75547.3,75547.3,75495.4,75496.4,15.890896,1200139.4016811,BTCUSDT,bybit
2026-05-23 16:45:00+00:00,75496.4,75514.0,75463.8,75498.6,15.801932,1192885.3862118,BTCUSDT,bybit
2026-05-23 16:50:00+00:00,75498.6,75546.4,75453.0,75453.0,17.888803,1350814.6588519,BTCUSDT,bybit
2026-05-23 16:55:00+00:00,75453.0,75484.9,75418.4,75438.1,22.573642,1703334.2143932,BTCUSDT,bybit
2026-05-23 17:00:00+00:00,75438.1,75522.0,75435.2,75435.2,33.00268,2490944.9426451,BTCUSDT,bybit
2026-05-23 17:05:00+00:00,75435.2,75491.2,75435.2,75487.4,15.820433,1193786.5221938,BTCUSDT,bybit
2026-05-23 17:10:00+00:00,75487.4,75487.4,75427.4,75458.2,12.497475,943010.0675317,BTCUSDT,bybit
2026-05-23 17:15:00+00:00,75458.2,75507.8,75447.2,75456.8,14.100138,1064261.2635499,BTCUSDT,bybit
2026-05-23 17:20:00+00:00,75456.8,75456.9,75407.7,75440.5,15.014604,1132523.1793365,BTCUSDT,bybit
2026-05-23 17:25:00+00:00,75440.5,75491.9,75419.6,75475.7,17.438227,1315791.2743364,BTCUSDT,bybit
2026-05-23 17:30:00+00:00,75475.7,75510.0,75456.8,75460.4,33.610334,2537408.5881312,BTCUSDT,bybit
2026-05-23 17:35:00+00:00,75460.4,75471.9,75418.3,75459.4,14.469985,1091669.1742094,BTCUSDT,bybit
2026-05-23 17:40:00+00:00,75459.4,75459.4,75411.8,75424.7,8.666215,653678.1111213,BTCUSDT,bybit
2026-05-23 17:45:00+00:00,75424.7,75430.2,75362.7,75425.0,13.01068,981064.9438273,BTCUSDT,bybit
2026-05-23 17:50:00+00:00,75425.0,75492.5,75425.0,75487.1,17.322099,1307271.9213167,BTCUSDT,bybit
2026-05-23 17:55:00+00:00,75487.1,75527.9,75482.8,75486.5,15.839589,1195993.2911874,BTCUSDT,bybit
2026-05-23 18:00:00+00:00,75486.5,75510.6,75463.6,75508.6,16.566792,1250579.7792298,BTCUSDT,bybit
2026-05-23 18:05:00+00:00,75508.6,75572.9,75508.6,75557.0,16.319018,1232947.464666,BTCUSDT,bybit
2026-05-23 18:10:00+00:00,75557.0,75824.6,75557.0,75695.7,75.406074,5708890.15728419,BTCUSDT,bybit
2026-05-23 18:15:00+00:00,75695.7,75804.1,75651.3,75804.1,35.601718,2696063.5277777,BTCUSDT,bybit
2026-05-23 18:20:00+00:00,75804.1,75929.0,75790.4,75810.9,62.399004,4733898.25130232,BTCUSDT,bybit
2026-05-23 18:25:00+00:00,75810.9,75851.9,75749.9,75835.6,30.661104,2324360.0032855,BTCUSDT,bybit
2026-05-23 18:30:00+00:00,75835.6,76000.0,75835.6,75877.9,59.090582,4486984.53721339,BTCUSDT,bybit
2026-05-23 18:35:00+00:00,75877.9,75918.7,75809.6,75851.2,23.741228,1801022.6247315,BTCUSDT,bybit
2026-05-23 18:40:00+00:00,75851.2,75917.7,75847.5,75893.1,21.704976,1647206.8847591,BTCUSDT,bybit
2026-05-23 18:45:00+00:00,75893.1,75902.9,75756.2,75783.7,29.730506,2254811.3497317,BTCUSDT,bybit
2026-05-23 18:50:00+00:00,75783.7,75866.4,75783.7,75856.0,22.011375,1669344.6605899,BTCUSDT,bybit
2026-05-23 18:55:00+00:00,75856.0,75893.3,75840.6,75849.4,11.78312,893909.0400247,BTCUSDT,bybit
2026-05-23 19:00:00+00:00,75849.4,75877.8,75772.7,75817.5,32.039736,2428924.9657642,BTCUSDT,bybit
2026-05-23 19:05:00+00:00,75817.5,75833.9,75781.9,75806.9,12.212059,925800.8107129,BTCUSDT,bybit
2026-05-23 19:10:00+00:00,75806.9,75837.8,75798.1,75803.3,10.709341,811947.4604738,BTCUSDT,bybit
2026-05-23 19:15:00+00:00,75803.3,76015.9,75800.9,75953.3,48.41059,3676191.7435158,BTCUSDT,bybit
2026-05-23 19:20:00+00:00,75953.3,76005.8,75898.4,75906.6,21.342318,1620758.2171708,BTCUSDT,bybit
2026-05-23 19:25:00+00:00,75906.6,75965.8,75904.3,75965.7,10.103699,767165.9597646,BTCUSDT,bybit
2026-05-23 19:30:00+00:00,75965.7,75981.2,75903.9,75921.9,15.903572,1207740.5566905,BTCUSDT,bybit
2026-05-23 19:35:00+00:00,75921.9,75939.1,75886.2,75922.4,8.057509,611656.9878043,BTCUSDT,bybit
2026-05-23 19:40:00+00:00,75922.4,75936.8,75896.9,75936.7,19.956947,1514999.9384025,BTCUSDT,bybit
2026-05-23 19:45:00+00:00,75936.7,75961.0,75899.6,75961.0,9.649929,732662.5528899,BTCUSDT,bybit
2026-05-23 19:50:00+00:00,75961.0,75961.9,75910.2,75927.2,16.756393,1272412.1184811,BTCUSDT,bybit
2026-05-23 19:55:00+00:00,75927.2,76018.8,75915.5,75986.1,21.003065,1595501.8290558,BTCUSDT,bybit
2026-05-23 20:00:00+00:00,75986.1,76008.8,75974.7,75979.9,17.187933,1306120.7923319,BTCUSDT,bybit
2026-05-23 20:05:00+00:00,75979.9,75981.4,75947.4,75979.2,19.572836,1486813.8418169,BTCUSDT,bybit
2026-05-23 20:10:00+00:00,75979.2,76165.4,75979.2,76086.9,76.95779,5855359.70746902,BTCUSDT,bybit
2026-05-23 20:15:00+00:00,76086.9,76191.0,76055.5,76137.4,33.166693,2524749.5754652,BTCUSDT,bybit
2026-05-23 20:20:00+00:00,76137.4,76158.5,76019.0,76036.0,46.605966,3545513.4640128,BTCUSDT,bybit
2026-05-23 20:25:00+00:00,76036.0,76052.5,75996.7,75996.7,14.220508,1081161.2840819,BTCUSDT,bybit
2026-05-23 20:30:00+00:00,75996.7,76373.4,75959.0,76283.0,100.86329,7685888.07167038,BTCUSDT,bybit
2026-05-23 20:35:00+00:00,76283.0,76855.5,76277.9,76735.4,217.523632,16666320.46064899,BTCUSDT,bybit
2026-05-23 20:40:00+00:00,76735.4,76931.2,76716.9,76835.8,146.88286,11284225.20966468,BTCUSDT,bybit
2026-05-23 20:45:00+00:00,76835.8,76906.5,76712.8,76835.2,96.817955,7436721.0972021,BTCUSDT,bybit
2026-05-23 20:50:00+00:00,76835.2,76897.4,76688.9,76895.1,94.026789,7220361.9250723,BTCUSDT,bybit
2026-05-23 20:55:00+00:00,76895.1,77297.1,76895.1,77285.9,161.049583,12419628.33560669,BTCUSDT,bybit
2026-05-23 21:00:00+00:00,77285.9,77416.0,76890.3,77013.0,164.456215,12689109.50066844,BTCUSDT,bybit
2026-05-23 21:05:00+00:00,77013.0,77158.4,76942.7,77077.4,92.131156,7099123.5554367,BTCUSDT,bybit
2026-05-23 21:10:00+00:00,77077.4,77151.4,76961.4,76976.1,58.020462,4470182.6955974,BTCUSDT,bybit
2026-05-23 21:15:00+00:00,76976.1,77028.4,76842.6,77015.6,59.690731,4592539.95283787,BTCUSDT,bybit
2026-05-23 21:20:00+00:00,77015.6,77122.7,76973.4,76989.9,56.92212,4386151.5366246,BTCUSDT,bybit
2026-05-23 21:25:00+00:00,76989.9,76989.9,76747.1,76747.1,40.586147,3119948.7918511,BTCUSDT,bybit
2026-05-23 21:30:00+00:00,76747.1,76848.1,76538.2,76828.5,70.646081,5416677.6765635,BTCUSDT,bybit
2026-05-23 21:35:00+00:00,76828.5,76922.4,76690.5,76723.7,41.868642,3216903.1522118,BTCUSDT,bybit
2026-05-23 21:40:00+00:00,76723.7,76723.7,76562.4,76704.2,52.969917,4060152.193908,BTCUSDT,bybit
2026-05-23 21:45:00+00:00,76704.2,76751.9,76567.8,76632.7,42.322668,3243897.3404425,BTCUSDT,bybit
2026-05-23 21:50:00+00:00,76632.7,76766.0,76632.7,76752.9,38.570073,2958869.5985984,BTCUSDT,bybit
2026-05-23 21:55:00+00:00,76752.9,76829.4,76736.5,76816.5,28.607638,2196966.426895,BTCUSDT,bybit
2026-05-23 22:00:00+00:00,76816.5,76892.6,76807.4,76883.0,19.712992,1514965.9503673,BTCUSDT,bybit
2026-05-23 22:05:00+00:00,76883.0,76883.0,76738.4,76738.4,24.21377,1859704.5007485,BTCUSDT,bybit
2026-05-23 22:10:00+00:00,76738.4,76738.4,76653.0,76660.7,26.110117,2002665.5042796,BTCUSDT,bybit
2026-05-23 22:15:00+00:00,76660.7,76707.3,76638.1,76707.3,16.167042,1239532.2446409,BTCUSDT,bybit
2026-05-23 22:20:00+00:00,76707.3,76708.6,76578.3,76578.3,16.285898,1248234.4267293,BTCUSDT,bybit
2026-05-23 22:25:00+00:00,76578.3,76630.0,76540.0,76550.8,25.614446,1961743.6366301,BTCUSDT,bybit
2026-05-23 22:30:00+00:00,76550.8,76605.8,76455.2,76550.5,43.883771,3358696.52547664,BTCUSDT,bybit
2026-05-23 22:35:00+00:00,76550.5,76550.5,76400.1,76448.6,29.31266,2241289.97618881,BTCUSDT,bybit
2026-05-23 22:40:00+00:00,76448.6,76568.4,76448.6,76554.2,28.068065,2147948.5455445,BTCUSDT,bybit
2026-05-23 22:45:00+00:00,76554.2,76592.2,76489.8,76582.9,13.779328,1054852.3414652,BTCUSDT,bybit
2026-05-23 22:50:00+00:00,76582.9,76595.7,76555.9,76590.8,23.080407,1767426.6550895,BTCUSDT,bybit
2026-05-23 22:55:00+00:00,76590.8,76615.3,76566.8,76583.6,11.553352,884909.1712398,BTCUSDT,bybit
2026-05-23 23:00:00+00:00,76583.6,76606.6,76533.3,76594.6,24.961506,1911236.017872,BTCUSDT,bybit
2026-05-23 23:05:00+00:00,76594.6,76785.5,76581.7,76726.0,51.250712,3931542.2428959,BTCUSDT,bybit
2026-05-23 23:10:00+00:00,76726.0,76759.1,76661.1,76675.9,17.128609,1313880.4932169,BTCUSDT,bybit
2026-05-23 23:15:00+00:00,76675.9,76761.9,76675.9,76729.6,18.612308,1428031.2489586,BTCUSDT,bybit
2026-05-23 23:20:00+00:00,76729.6,76730.9,76615.8,76619.3,15.879459,1217589.5194392,BTCUSDT,bybit
2026-05-23 23:25:00+00:00,76619.3,76644.9,76585.4,76641.8,17.481834,1339415.8183087,BTCUSDT,bybit
2026-05-23 23:30:00+00:00,76641.8,76767.6,76641.7,76725.6,32.376389,2484142.6811924,BTCUSDT,bybit
2026-05-23 23:35:00+00:00,76725.6,76744.9,76677.9,76716.1,16.329103,1252697.3585181,BTCUSDT,bybit
2026-05-23 23:40:00+00:00,76716.1,76747.2,76684.1,76709.2,22.469239,1723620.6724161,BTCUSDT,bybit
2026-05-23 23:45:00+00:00,76709.2,76739.8,76681.3,76724.6,10.276228,788358.9363132,BTCUSDT,bybit
2026-05-23 23:50:00+00:00,76724.6,76759.2,76687.3,76742.8,15.177314,1164496.0312342,BTCUSDT,bybit
2026-05-23 23:55:00+00:00,76742.8,76828.2,76742.8,76747.1,14.18747,1089356.7662464,BTCUSDT,bybit
2026-05-24 00:00:00+00:00,76747.1,76789.0,76686.4,76691.7,33.89407,2600630.9497535,BTCUSDT,bybit
2026-05-24 00:05:00+00:00,76691.7,76706.6,76656.1,76668.7,13.276129,1017964.9538493,BTCUSDT,bybit
2026-05-24 00:10:00+00:00,76668.7,76696.7,76658.5,76689.6,9.437453,723585.7470685,BTCUSDT,bybit
2026-05-24 00:15:00+00:00,76689.6,76740.5,76683.1,76694.3,15.698897,1204190.2254819,BTCUSDT,bybit
2026-05-24 00:20:00+00:00,76694.3,76724.8,76626.5,76633.6,19.817099,1519298.1148985,BTCUSDT,bybit
2026-05-24 00:25:00+00:00,76633.6,76693.5,76633.6,76691.2,9.547446,731994.6502364,BTCUSDT,bybit
2026-05-24 00:30:00+00:00,76691.2,76788.0,76686.9,76738.3,17.79244,1365457.2458591,BTCUSDT,bybit
2026-05-24 00:35:00+00:00,76738.3,76795.4,76731.2,76780.2,18.169295,1394829.454157,BTCUSDT,bybit
2026-05-24 00:40:00+00:00,76780.2,76825.4,76743.3,76743.3,17.312363,1329294.9745404,BTCUSDT,bybit
2026-05-24 00:45:00+00:00,76743.3,76932.3,76732.2,76862.0,47.761974,3670891.57974259,BTCUSDT,bybit
2026-05-24 00:50:00+00:00,76862.0,76867.9,76803.1,76825.2,19.627172,1507822.6076554,BTCUSDT,bybit
2026-05-24 00:55:00+00:00,76825.2,76865.2,76815.1,76837.0,9.163288,704107.8689011,BTCUSDT,bybit
2026-05-24 01:00:00+00:00,76837.0,76885.9,76831.8,76842.4,13.731959,1055342.9039867,BTCUSDT,bybit
2026-05-24 01:05:00+00:00,76842.4,76842.4,76753.1,76789.4,19.040175,1462008.9157891,BTCUSDT,bybit
2026-05-24 01:10:00+00:00,76789.4,76836.5,76771.3,76790.3,19.062148,1463902.164105,BTCUSDT,bybit
2026-05-24 01:15:00+00:00,76790.3,76804.3,76782.8,76797.9,11.198457,859940.4451644,BTCUSDT,bybit
2026-05-24 01:20:00+00:00,76797.9,76924.2,76797.9,76899.0,27.372993,2104088.7333438,BTCUSDT,bybit
2026-05-24 01:25:00+00:00,76899.0,76910.5,76864.3,76902.9,13.092834,1006670.6866308,BTCUSDT,bybit
2026-05-24 01:30:00+00:00,76902.9,76926.6,76868.0,76915.4,18.305505,1407629.0174547,BTCUSDT,bybit
2026-05-24 01:35:00+00:00,76915.4,76915.4,76882.9,76904.2,13.411288,1031344.9779948,BTCUSDT,bybit
2026-05-24 01:40:00+00:00,76904.2,76904.2,76814.1,76832.2,19.148207,1471387.3052916,BTCUSDT,bybit
2026-05-24 01:45:00+00:00,76832.2,76883.7,76802.8,76883.7,26.908559,2067357.0651606,BTCUSDT,bybit
2026-05-24 01:50:00+00:00,76883.7,76901.0,76872.5,76875.0,16.115264,1239065.84636,BTCUSDT,bybit
2026-05-24 01:55:00+00:00,76875.0,76897.6,76860.0,76890.9,10.602655,815089.6803397,BTCUSDT,bybit
2026-05-24 02:00:00+00:00,76890.9,76920.3,76890.9,76896.8,15.950825,1226745.3499376,BTCUSDT,bybit
2026-05-24 02:05:00+00:00,76896.8,76899.5,76839.7,76895.7,13.262768,1019488.023866,BTCUSDT,bybit
2026-05-24 02:10:00+00:00,76895.7,76916.4,76895.7,76916.4,8.117058,624260.216053,BTCUSDT,bybit
2026-05-24 02:15:00+00:00,76916.4,76922.7,76903.8,76922.6,9.811805,754654.1071374,BTCUSDT,bybit
2026-05-24 02:20:00+00:00,76922.6,76963.2,76740.6,76743.0,26.460221,2033196.4919436,BTCUSDT,bybit
2026-05-24 02:25:00+00:00,76743.0,76762.5,76705.6,76756.1,17.367388,1332627.6239228,BTCUSDT,bybit
2026-05-24 02:30:00+00:00,76756.1,76820.9,76756.1,76805.9,25.604787,1966124.7323504,BTCUSDT,bybit
2026-05-24 02:35:00+00:00,76805.9,76844.9,76774.0,76810.2,12.498548,960052.5448329,BTCUSDT,bybit
2026-05-24 02:40:00+00:00,76810.2,76848.0,76803.5,76826.0,9.882165,759189.5945936,BTCUSDT,bybit
2026-05-24 02:45:00+00:00,76826.0,76853.9,76817.8,76823.2,7.957755,611418.6036813,BTCUSDT,bybit
2026-05-24 02:50:00+00:00,76823.2,76855.0,76813.6,76836.8,8.827497,678198.7793062,BTCUSDT,bybit
2026-05-24 02:55:00+00:00,76836.8,76844.8,76820.7,76820.8,12.128902,931930.061981,BTCUSDT,bybit
2026-05-24 03:00:00+00:00,76820.8,76959.9,76793.1,76953.4,20.754,1595022.8530851,BTCUSDT,bybit
2026-05-24 03:05:00+00:00,76953.4,76957.0,76935.2,76955.4,12.67116,974995.0345512,BTCUSDT,bybit
2026-05-24 03:10:00+00:00,76955.4,77007.5,76915.9,76920.7,29.79291,2293205.85415744,BTCUSDT,bybit
2026-05-24 03:15:00+00:00,76920.7,76920.7,76872.5,76877.8,11.725557,901577.2293474,BTCUSDT,bybit
2026-05-24 03:20:00+00:00,76877.8,76917.8,76877.8,76916.4,10.107355,777246.9743566,BTCUSDT,bybit
2026-05-24 03:25:00+00:00,76916.4,76923.7,76904.2,76912.6,6.504292,500283.6691673,BTCUSDT,bybit
2026-05-24 03:30:00+00:00,76912.6,76912.7,76873.2,76874.9,7.836379,602563.0335724,BTCUSDT,bybit
2026-05-24 03:35:00+00:00,76874.9,76874.9,76792.0,76805.5,13.889265,1067089.9994615,BTCUSDT,bybit
2026-05-24 03:40:00+00:00,76805.5,76828.6,76737.8,76762.6,20.434963,1568785.3645054,BTCUSDT,bybit
2026-05-24 03:45:00+00:00,76762.6,76805.1,76762.6,76805.1,11.530693,885395.8749071,BTCUSDT,bybit
2026-05-24 03:50:00+00:00,76805.1,76812.9,76767.6,76795.5,12.407446,952734.1695769,BTCUSDT,bybit
2026-05-24 03:55:00+00:00,76795.5,76801.7,76737.9,76738.0,30.603913,2349544.4818686,BTCUSDT,bybit
2026-05-24 04:00:00+00:00,76738.0,76855.8,76738.0,76831.1,28.921642,2221589.7489615,BTCUSDT,bybit
2026-05-24 04:05:00+00:00,76831.1,76831.1,76765.1,76786.5,8.874749,681512.3299621,BTCUSDT,bybit
2026-05-24 04:10:00+00:00,76786.5,76844.2,76786.5,76841.8,20.966639,1610608.3712088,BTCUSDT,bybit
2026-05-24 04:15:00+00:00,76841.8,76845.8,76813.4,76816.7,8.767772,673645.7929089,BTCUSDT,bybit
2026-05-24 04:20:00+00:00,76816.7,76826.6,76781.9,76785.8,10.714657,822954.5736525,BTCUSDT,bybit
2026-05-24 04:25:00+00:00,76785.8,76785.9,76754.5,76757.6,14.168264,1087600.3041149,BTCUSDT,bybit
2026-05-24 04:30:00+00:00,76757.6,76771.1,76732.6,76749.0,8.375771,642863.6037015,BTCUSDT,bybit
2026-05-24 04:35:00+00:00,76749.0,76776.4,76726.8,76736.7,6.544062,502240.8758208,BTCUSDT,bybit
2026-05-24 04:40:00+00:00,76736.7,76779.7,76736.7,76777.9,8.021768,615722.9549139,BTCUSDT,bybit
2026-05-24 04:45:00+00:00,76777.9,76781.8,76718.2,76781.7,12.528783,961516.7156474,BTCUSDT,bybit
2026-05-24 04:50:00+00:00,76781.7,76798.2,76780.1,76798.2,4.481485,344123.7319317,BTCUSDT,bybit
2026-05-24 04:55:00+00:00,76798.2,76816.3,76771.1,76777.2,12.27247,942464.0295,BTCUSDT,bybit
2026-05-24 05:00:00+00:00,76777.2,76777.2,76761.1,76776.4,4.787476,367534.815833,BTCUSDT,bybit
2026-05-24 05:05:00+00:00,76776.4,76776.4,76722.0,76749.6,16.632169,1276399.6477894,BTCUSDT,bybit
2026-05-24 05:10:00+00:00,76749.6,76749.6,76725.8,76739.2,7.881815,604812.8563067,BTCUSDT,bybit
2026-05-24 05:15:00+00:00,76739.2,76739.2,76710.0,76712.9,5.681135,435865.6072208,BTCUSDT,bybit
2026-05-24 05:20:00+00:00,76712.9,76717.9,76695.5,76707.8,7.814072,599404.0246457,BTCUSDT,bybit
2026-05-24 05:25:00+00:00,76707.8,76723.2,76670.9,76707.0,12.08593,926942.7040128,BTCUSDT,bybit
2026-05-24 05:30:00+00:00,76707.0,76728.4,76707.0,76725.5,7.72946,592995.9330366,BTCUSDT,bybit
2026-05-24 05:35:00+00:00,76725.5,76725.5,76680.7,76684.6,11.284121,865610.4940863,BTCUSDT,bybit
2026-05-24 05:40:00+00:00,76684.6,76684.7,76650.0,76650.0,9.824127,753183.4081552,BTCUSDT,bybit
2026-05-24 05:45:00+00:00,76650.0,76786.0,76648.1,76786.0,22.725835,1743338.2380061,BTCUSDT,bybit
2026-05-24 05:50:00+00:00,76786.0,76867.7,76786.0,76832.3,27.92068,2145141.1065074,BTCUSDT,bybit
2026-05-24 05:55:00+00:00,76832.3,76834.4,76816.8,76816.8,7.612026,584789.063601,BTCUSDT,bybit
2026-05-24 06:00:00+00:00,76816.8,76869.9,76807.6,76833.4,10.758278,826655.5341226,BTCUSDT,bybit
2026-05-24 06:05:00+00:00,76833.4,76849.6,76818.3,76838.9,11.460778,880538.1275605,BTCUSDT,bybit
2026-05-24 06:10:00+00:00,76838.9,76850.2,76815.4,76847.1,8.300988,637753.0713351,BTCUSDT,bybit
2026-05-24 06:15:00+00:00,76847.1,76847.2,76793.4,76797.6,12.419503,953984.3200023,BTCUSDT,bybit
2026-05-24 06:20:00+00:00,76797.6,76812.3,76756.4,76757.5,12.576233,965731.819989,BTCUSDT,bybit
2026-05-24 06:25:00+00:00,76757.5,76761.3,76721.5,76738.8,10.805871,829196.0706089,BTCUSDT,bybit
2026-05-24 06:30:00+00:00,76738.8,76778.2,76738.7,76740.1,15.268227,1171994.4803621,BTCUSDT,bybit
2026-05-24 06:35:00+00:00,76740.1,76798.6,76737.6,76743.7,9.367232,719134.1347451,BTCUSDT,bybit
2026-05-24 06:40:00+00:00,76743.7,76821.3,76743.6,76816.8,14.487555,1112553.5148219,BTCUSDT,bybit
2026-05-24 06:45:00+00:00,76816.8,76908.5,76799.2,76908.5,14.831731,1139675.0138637,BTCUSDT,bybit
2026-05-24 06:50:00+00:00,76908.5,77073.9,76908.5,77016.7,47.071026,3625244.7449426,BTCUSDT,bybit
2026-05-24 06:55:00+00:00,77016.7,77043.9,76983.1,76998.3,20.83708,1604542.4046354,BTCUSDT,bybit
2026-05-24 07:00:00+00:00,76998.3,77026.5,76960.6,76998.3,21.507482,1655878.6498559,BTCUSDT,bybit
2026-05-24 07:05:00+00:00,76998.3,76998.3,76918.0,76937.2,12.070293,928779.3265985,BTCUSDT,bybit
2026-05-24 07:10:00+00:00,76937.2,76937.2,76901.1,76907.1,7.750563,596111.3129852,BTCUSDT,bybit
2026-05-24 07:15:00+00:00,76907.1,76915.8,76884.8,76915.8,8.853761,680839.1317297,BTCUSDT,bybit
2026-05-24 07:20:00+00:00,76915.8,76915.8,76874.6,76894.3,7.834269,602389.814372,BTCUSDT,bybit
2026-05-24 07:25:00+00:00,76894.3,76906.9,76888.0,76906.9,4.553175,350133.2294008,BTCUSDT,bybit
2026-05-24 07:30:00+00:00,76906.9,76917.8,76858.4,76917.8,34.052666,2617660.3789244,BTCUSDT,bybit
2026-05-24 07:35:00+00:00,76917.8,76917.8,76857.9,76869.6,45.310812,3483461.7806163,BTCUSDT,bybit
2026-05-24 07:40:00+00:00,76869.6,76882.7,76844.9,76882.6,37.800368,2905352.3181621,BTCUSDT,bybit
2026-05-24 07:45:00+00:00,76882.6,76884.5,76784.1,76808.5,56.840749,4367362.5993467,BTCUSDT,bybit
2026-05-24 07:50:00+00:00,76808.5,76836.9,76794.2,76804.3,40.171671,3085662.6706605,BTCUSDT,bybit
2026-05-24 07:55:00+00:00,76804.3,76804.3,76779.3,76800.4,53.550027,4112042.9405097,BTCUSDT,bybit
2026-05-24 08:00:00+00:00,76800.4,76825.5,76746.7,76788.3,131.655405,10107879.2845297,BTCUSDT,bybit
2026-05-24 08:05:00+00:00,76788.3,76788.3,76727.8,76755.4,37.340506,2866102.6889747,BTCUSDT,bybit
2026-05-24 08:10:00+00:00,76755.4,76755.5,76735.7,76740.3,4.34679,333598.2740493,BTCUSDT,bybit
2026-05-24 08:15:00+00:00,76740.3,76772.4,76740.3,76772.4,6.95734,534055.9586991,BTCUSDT,bybit
2026-05-24 08:20:00+00:00,76772.4,76829.8,76768.2,76829.8,9.489054,728776.434283,BTCUSDT,bybit
2026-05-24 08:25:00+00:00,76829.8,76847.7,76814.4,76814.5,10.230984,786105.4442631,BTCUSDT,bybit
2026-05-24 08:30:00+00:00,76814.5,76858.2,76787.5,76792.3,22.11366,1698735.6605462,BTCUSDT,bybit
2026-05-24 08:35:00+00:00,76792.3,76826.6,76789.0,76819.7,12.110844,930176.5947897,BTCUSDT,bybit
2026-05-24 08:40:00+00:00,76819.7,76828.5,76803.1,76803.1,4.299819,330308.8028245,BTCUSDT,bybit
2026-05-24 08:45:00+00:00,76803.1,76832.2,76789.9,76791.7,12.683881,974370.6240449,BTCUSDT,bybit
2026-05-24 08:50:00+00:00,76791.7,76823.8,76791.7,76803.3,10.883936,835997.8547099,BTCUSDT,bybit
2026-05-24 08:55:00+00:00,76803.3,76834.6,76800.6,76834.5,7.802153,599336.8069035,BTCUSDT,bybit
2026-05-24 09:00:00+00:00,76834.5,76859.5,76815.5,76835.7,10.157381,780435.6798169,BTCUSDT,bybit
2026-05-24 09:05:00+00:00,76835.7,76879.3,76835.7,76879.3,7.422694,570501.3216812,BTCUSDT,bybit
2026-05-24 09:10:00+00:00,76879.3,76909.9,76879.3,76894.7,7.831527,602230.4557109,BTCUSDT,bybit
2026-05-24 09:15:00+00:00,76894.7,76912.6,76893.2,76901.7,10.94665,841818.0190877,BTCUSDT,bybit
2026-05-24 09:20:00+00:00,76901.7,76984.6,76894.6,76982.5,18.983589,1460634.5171325,BTCUSDT,bybit
2026-05-24 09:25:00+00:00,76982.5,76982.5,76895.3,76956.0,23.576821,1813861.8878418,BTCUSDT,bybit
2026-05-24 09:30:00+00:00,76956.0,76956.0,76909.0,76933.1,11.469649,882333.1113385,BTCUSDT,bybit
2026-05-24 09:35:00+00:00,76933.1,77046.8,76933.0,76976.8,38.541409,2967644.4993258,BTCUSDT,bybit
2026-05-24 09:40:00+00:00,76976.8,77002.8,76952.5,76988.0,13.769985,1059917.8307026,BTCUSDT,bybit
2026-05-24 09:45:00+00:00,76988.0,76991.8,76970.5,76977.5,9.087994,699596.8833441,BTCUSDT,bybit
2026-05-24 09:50:00+00:00,76977.5,77003.5,76977.5,77003.4,5.912784,455207.9357064,BTCUSDT,bybit
2026-05-24 09:55:00+00:00,77003.4,77031.4,76995.7,77024.6,9.016029,694355.4778312,BTCUSDT,bybit
2026-05-24 10:00:00+00:00,77024.6,77028.5,76926.3,76967.3,15.116221,1163388.3107195,BTCUSDT,bybit
2026-05-24 10:05:00+00:00,76967.3,77023.4,76967.2,76978.4,12.004787,924334.4301194,BTCUSDT,bybit
2026-05-24 10:10:00+00:00,76978.4,76978.5,76923.6,76946.2,6.856782,527554.8495802,BTCUSDT,bybit
2026-05-24 10:15:00+00:00,76946.2,77003.8,76940.6,76991.5,10.044472,773184.8593309,BTCUSDT,bybit
2026-05-24 10:20:00+00:00,76991.5,77014.1,76971.2,76986.0,11.571238,890896.3106762,BTCUSDT,bybit
2026-05-24 10:25:00+00:00,76986.0,77530.2,76982.2,77236.0,243.662515,18832301.02710629,BTCUSDT,bybit
2026-05-24 10:30:00+00:00,77236.0,77236.0,77077.7,77214.4,67.605908,5215993.33201392,BTCUSDT,bybit
2026-05-24 10:35:00+00:00,77214.4,77223.1,77132.6,77205.5,43.411964,3350393.3466081,BTCUSDT,bybit
2026-05-24 10:40:00+00:00,77205.5,77238.8,77162.8,77195.9,41.756209,3223352.4878801,BTCUSDT,bybit
2026-05-24 10:45:00+00:00,77195.9,77195.9,77121.4,77164.1,18.872482,1456091.3479334,BTCUSDT,bybit
2026-05-24 10:50:00+00:00,77164.1,77204.3,77143.2,77154.8,12.996133,1002905.5744749,BTCUSDT,bybit
2026-05-24 10:55:00+00:00,77154.8,77193.4,77149.5,77189.9,13.489194,1040992.9618317,BTCUSDT,bybit
2026-05-24 11:00:00+00:00,77189.9,77286.7,77181.0,77279.7,29.710744,2295266.8156685,BTCUSDT,bybit
2026-05-24 11:05:00+00:00,77279.7,77322.9,77257.3,77299.6,34.936497,2700512.0416707,BTCUSDT,bybit
2026-05-24 11:10:00+00:00,77299.6,77354.4,77277.3,77295.5,18.693323,1445058.1632844,BTCUSDT,bybit
2026-05-24 11:15:00+00:00,77295.5,77297.1,77255.4,77282.3,13.213721,1021090.3971821,BTCUSDT,bybit
2026-05-24 11:20:00+00:00,77282.3,77342.2,77282.3,77293.8,18.2722,1412563.2969405,BTCUSDT,bybit
2026-05-24 11:25:00+00:00,77293.8,77352.6,77257.3,77284.0,26.198363,2025374.9091211,BTCUSDT,bybit
2026-05-24 11:30:00+00:00,77284.0,77324.9,77279.3,77312.4,16.582807,1281867.6302968,BTCUSDT,bybit
2026-05-24 11:35:00+00:00,77312.4,77319.5,77241.3,77243.8,12.643236,977170.1725756,BTCUSDT,bybit
2026-05-24 11:40:00+00:00,77243.8,77261.5,77211.1,77248.3,11.445173,883978.0137675,BTCUSDT,bybit
2026-05-24 11:45:00+00:00,77248.3,77314.8,77240.8,77240.8,10.675794,825023.29908,BTCUSDT,bybit
2026-05-24 11:50:00+00:00,77240.8,77288.3,77228.8,77276.6,13.06251,1009250.6757372,BTCUSDT,bybit
2026-05-24 11:55:00+00:00,77276.6,77317.4,77276.6,77317.4,20.782966,1606398.2881678,BTCUSDT,bybit
2026-05-24 12:00:00+00:00,77317.4,77329.2,77242.4,77255.4,17.291657,1336340.1491058,BTCUSDT,bybit
2026-05-24 12:05:00+00:00,77255.4,77270.6,77203.8,77217.6,10.133617,782667.2997563,BTCUSDT,bybit
2026-05-24 12:10:00+00:00,77217.6,77228.0,77164.4,77211.8,28.361617,2189227.4238737,BTCUSDT,bybit
2026-05-24 12:15:00+00:00,77211.8,77211.9,77096.7,77105.1,53.403454,4118573.3139305,BTCUSDT,bybit
2026-05-24 12:20:00+00:00,77105.1,77107.0,77048.7,77081.5,37.265304,2872512.040681,BTCUSDT,bybit
2026-05-24 12:25:00+00:00,77081.5,77094.4,77053.3,77074.6,18.76647,1446479.7413179,BTCUSDT,bybit
2026-05-24 12:30:00+00:00,77074.6,77120.2,77036.3,77055.3,19.268641,1485299.3461942,BTCUSDT,bybit
2026-05-24 12:35:00+00:00,77055.3,77096.2,77051.0,77079.9,24.621251,1897641.8740983,BTCUSDT,bybit
2026-05-24 12:40:00+00:00,77079.9,77122.6,77072.7,77122.5,6.102877,470509.8856688,BTCUSDT,bybit
2026-05-24 12:45:00+00:00,77122.5,77122.6,77095.9,77097.8,11.327256,873442.8549362,BTCUSDT,bybit
2026-05-24 12:50:00+00:00,77097.8,77104.4,77078.5,77091.4,8.321987,641580.4917574,BTCUSDT,bybit
2026-05-24 12:55:00+00:00,77091.4,77122.5,77082.2,77111.9,8.226079,634207.2495096,BTCUSDT,bybit
2026-05-24 13:00:00+00:00,77111.9,77122.1,77078.5,77094.9,8.037189,619665.9205508,BTCUSDT,bybit
2026-05-24 13:05:00+00:00,77094.9,77098.1,77082.7,77089.6,6.916199,533171.2918998,BTCUSDT,bybit
2026-05-24 13:10:00+00:00,77089.6,77095.3,77008.4,77046.8,21.476617,1654525.5034919,BTCUSDT,bybit
2026-05-24 13:15:00+00:00,77046.8,77104.3,77046.8,77097.6,4.639844,357657.0317737,BTCUSDT,bybit
2026-05-24 13:20:00+00:00,77097.6,77117.9,77050.6,77055.8,12.564581,968578.1057817,BTCUSDT,bybit
2026-05-24 13:25:00+00:00,77055.8,77071.9,76949.3,76960.7,26.096318,2009408.48185652,BTCUSDT,bybit
2026-05-24 13:30:00+00:00,76960.7,77017.3,76924.1,76948.4,25.299001,1947251.7437539,BTCUSDT,bybit
2026-05-24 13:35:00+00:00,76948.4,76966.0,76871.6,76896.7,33.060283,2542526.2969619,BTCUSDT,bybit
2026-05-24 13:40:00+00:00,76896.7,76994.6,76896.7,76978.8,19.534711,1503486.1895747,BTCUSDT,bybit
2026-05-24 13:45:00+00:00,76978.8,77005.1,76908.7,76908.8,25.487057,1961802.4573178,BTCUSDT,bybit
2026-05-24 13:50:00+00:00,76908.8,76915.1,76781.5,76781.5,34.626706,2661857.80154295,BTCUSDT,bybit
2026-05-24 13:55:00+00:00,76781.5,76827.4,76682.4,76806.5,58.560717,4494424.5857865,BTCUSDT,bybit
2026-05-24 14:00:00+00:00,76806.5,76840.4,76711.4,76735.7,31.58848,2425003.9427347,BTCUSDT,bybit
2026-05-24 14:05:00+00:00,76735.7,76784.9,76735.7,76747.7,24.306002,1865808.4792574,BTCUSDT,bybit
2026-05-24 14:10:00+00:00,76747.7,76782.5,76433.9,76513.1,148.239868,11350116.63610253,BTCUSDT,bybit
2026-05-24 14:15:00+00:00,76513.1,76531.2,76184.2,76259.5,133.270567,10175709.41448904,BTCUSDT,bybit
2026-05-24 14:20:00+00:00,76259.5,76560.9,76259.5,76489.6,68.642148,5246846.48034604,BTCUSDT,bybit
2026-05-24 14:25:00+00:00,76489.6,76513.2,76358.7,76416.3,57.83243,4420193.7345049,BTCUSDT,bybit
2026-05-24 14:30:00+00:00,76416.3,76533.3,76403.9,76511.1,32.176885,2460841.1878872,BTCUSDT,bybit
2026-05-24 14:35:00+00:00,76511.1,76539.3,76411.3,76527.4,51.756567,3958357.9301415,BTCUSDT,bybit
2026-05-24 14:40:00+00:00,76527.4,76530.9,76447.2,76456.4,24.944283,1907699.9752347,BTCUSDT,bybit
2026-05-24 14:45:00+00:00,76456.4,76487.8,76390.5,76416.6,31.034562,2372451.8587148,BTCUSDT,bybit
2026-05-24 14:50:00+00:00,76416.6,76512.4,76379.8,76491.9,23.485442,1795718.3232063,BTCUSDT,bybit
2026-05-24 14:55:00+00:00,76491.9,76491.9,76438.5,76461.6,18.913542,1446265.8014092,BTCUSDT,bybit
2026-05-24 15:00:00+00:00,76461.6,76543.6,76422.0,76541.4,34.737671,2656974.9764768,BTCUSDT,bybit
2026-05-24 15:05:00+00:00,76541.4,76543.4,76439.3,76498.7,20.502858,1568129.4933772,BTCUSDT,bybit
2026-05-24 15:10:00+00:00,76498.7,76523.7,76491.3,76509.5,16.098822,1231633.8200651,BTCUSDT,bybit
2026-05-24 15:15:00+00:00,76509.5,76539.9,76430.3,76498.9,22.075126,1688408.4135902,BTCUSDT,bybit
2026-05-24 15:20:00+00:00,76498.9,76499.9,76413.4,76483.6,21.236152,1623638.3277916,BTCUSDT,bybit
2026-05-24 15:25:00+00:00,76483.6,76484.7,76440.1,76447.6,13.952254,1066840.0616584,BTCUSDT,bybit
2026-05-24 15:30:00+00:00,76447.6,76507.4,76440.3,76440.3,12.396146,947910.4747016,BTCUSDT,bybit
2026-05-24 15:35:00+00:00,76440.3,76470.0,76428.2,76454.1,18.018498,1377457.3383359,BTCUSDT,bybit
2026-05-24 15:40:00+00:00,76454.1,76457.7,76434.8,76454.6,8.48252,648426.2360205,BTCUSDT,bybit
2026-05-24 15:45:00+00:00,76454.6,76468.7,76416.4,76468.7,12.087806,924052.1910986,BTCUSDT,bybit
2026-05-24 15:50:00+00:00,76468.7,76480.3,76375.5,76403.8,17.656784,1349290.9131879,BTCUSDT,bybit
2026-05-24 15:55:00+00:00,76403.8,76405.8,76355.3,76372.5,13.383858,1022210.1850638,BTCUSDT,bybit
2026-05-24 16:00:00+00:00,76372.5,76610.5,76372.5,76564.2,46.259599,3538788.4583526,BTCUSDT,bybit
2026-05-24 16:05:00+00:00,76564.2,76688.0,76547.1,76587.2,45.064293,3452007.3969176,BTCUSDT,bybit
2026-05-24 16:10:00+00:00,76587.2,76630.8,76574.2,76606.9,17.829777,1365731.0487637,BTCUSDT,bybit
2026-05-24 16:15:00+00:00,76606.9,76735.6,76598.6,76657.8,48.499788,3719120.7720327,BTCUSDT,bybit
2026-05-24 16:20:00+00:00,76657.8,76657.8,76607.5,76607.6,9.304724,713034.124696,BTCUSDT,bybit
2026-05-24 16:25:00+00:00,76607.6,76607.6,76555.0,76593.7,10.408293,797047.7859147,BTCUSDT,bybit
2026-05-24 16:30:00+00:00,76593.7,76598.6,76555.9,76556.4,12.392128,948924.2233438,BTCUSDT,bybit
2026-05-24 16:35:00+00:00,76556.4,76556.4,76435.0,76513.5,26.835485,2052762.1170138,BTCUSDT,bybit
2026-05-24 16:40:00+00:00,76513.5,76528.1,76494.9,76513.0,8.415739,643909.1308384,BTCUSDT,bybit
2026-05-24 16:45:00+00:00,76513.0,76600.4,76513.0,76592.2,9.885233,756855.3024004,BTCUSDT,bybit
2026-05-24 16:50:00+00:00,76592.2,76653.9,76572.8,76627.2,12.269546,940000.7820117,BTCUSDT,bybit
2026-05-24 16:55:00+00:00,76627.2,76699.1,76615.0,76668.9,9.147855,701223.7147308,BTCUSDT,bybit
2026-05-24 17:00:00+00:00,76668.9,76730.0,76649.2,76695.0,22.311838,1711042.3104802,BTCUSDT,bybit
2026-05-24 17:05:00+00:00,76695.0,76735.0,76692.0,76705.1,12.902608,989782.880437,BTCUSDT,bybit
2026-05-24 17:10:00+00:00,76705.1,76705.2,76615.7,76633.2,16.891221,1294924.8081583,BTCUSDT,bybit
2026-05-24 17:15:00+00:00,76633.2,76665.4,76577.1,76577.2,10.381233,795579.7374739,BTCUSDT,bybit
2026-05-24 17:20:00+00:00,76577.2,76651.0,76562.2,76650.9,19.340111,1481433.3073895,BTCUSDT,bybit
2026-05-24 17:25:00+00:00,76650.9,76651.0,76616.1,76618.6,9.280756,711231.5778526,BTCUSDT,bybit
2026-05-24 17:30:00+00:00,76618.6,76665.5,76592.3,76626.7,11.014991,844066.9120936,BTCUSDT,bybit
2026-05-24 17:35:00+00:00,76626.7,76721.5,76622.4,76721.4,11.461434,878820.2220433,BTCUSDT,bybit
2026-05-24 17:40:00+00:00,76721.4,76721.4,76685.5,76701.6,10.586522,812008.3542214,BTCUSDT,bybit
2026-05-24 17:45:00+00:00,76701.6,76750.0,76682.2,76730.7,20.867871,1600722.4322496,BTCUSDT,bybit
2026-05-24 17:50:00+00:00,76730.7,76792.6,76688.6,76715.0,16.390047,1257769.1423444,BTCUSDT,bybit
2026-05-24 17:55:00+00:00,76715.0,76720.6,76689.3,76691.6,6.229727,477834.4957944,BTCUSDT,bybit
2026-05-24 18:00:00+00:00,76691.6,76714.4,76669.4,76669.4,7.939678,608918.3952413,BTCUSDT,bybit
2026-05-24 18:05:00+00:00,76669.4,76687.9,76635.8,76684.2,9.459086,725190.295535,BTCUSDT,bybit
2026-05-24 18:10:00+00:00,76684.2,76767.7,76682.6,76732.0,14.044319,1077398.2437597,BTCUSDT,bybit
2026-05-24 18:15:00+00:00,76732.0,76787.9,76725.8,76749.3,14.381482,1103910.5354422,BTCUSDT,bybit
2026-05-24 18:20:00+00:00,76749.3,76755.1,76685.9,76709.5,24.905275,1910569.9011574,BTCUSDT,bybit
2026-05-24 18:25:00+00:00,76709.5,76709.5,76674.8,76680.6,9.286152,712171.5083982,BTCUSDT,bybit
2026-05-24 18:30:00+00:00,76680.6,76682.2,76604.5,76634.6,14.192851,1087625.4323271,BTCUSDT,bybit
2026-05-24 18:35:00+00:00,76634.6,76712.9,76634.5,76712.9,8.100118,621009.5164015,BTCUSDT,bybit
2026-05-24 18:40:00+00:00,76712.9,76712.9,76625.9,76638.8,10.219142,783350.7187507,BTCUSDT,bybit
2026-05-24 18:45:00+00:00,76638.8,76676.5,76590.7,76612.2,9.834162,753617.2594044,BTCUSDT,bybit
2026-05-24 18:50:00+00:00,76612.2,76658.9,76601.8,76658.8,8.880157,680422.9576522,BTCUSDT,bybit
2026-05-24 18:55:00+00:00,76658.8,76680.6,76658.8,76663.6,5.267076,403827.1448819,BTCUSDT,bybit
2026-05-24 19:00:00+00:00,76663.6,76742.1,76651.2,76669.2,16.318261,1251669.7405964,BTCUSDT,bybit
2026-05-24 19:05:00+00:00,76669.2,76704.3,76669.2,76684.7,6.234569,478116.0054269,BTCUSDT,bybit
2026-05-24 19:10:00+00:00,76684.7,76701.5,76635.0,76635.0,8.120242,622669.4143944,BTCUSDT,bybit
2026-05-24 19:15:00+00:00,76635.0,76753.1,76602.4,76705.1,37.948702,2909522.1275713,BTCUSDT,bybit
2026-05-24 19:20:00+00:00,76705.1,76709.8,76682.4,76702.2,8.392321,643695.466595,BTCUSDT,bybit
2026-05-24 19:25:00+00:00,76702.2,76702.2,76639.2,76656.9,9.650043,739843.1025362,BTCUSDT,bybit
2026-05-24 19:30:00+00:00,76656.9,76673.3,76637.2,76658.6,5.993455,459440.83672,BTCUSDT,bybit
2026-05-24 19:35:00+00:00,76658.6,76684.7,76658.6,76682.0,8.515514,652950.0762893,BTCUSDT,bybit
2026-05-24 19:40:00+00:00,76682.0,76737.6,76682.0,76709.9,8.953455,686871.1739952,BTCUSDT,bybit
2026-05-24 19:45:00+00:00,76709.9,76768.8,76709.9,76756.8,6.583763,505197.0831699,BTCUSDT,bybit
2026-05-24 19:50:00+00:00,76756.8,76769.3,76748.7,76769.3,4.57837,351425.9905714,BTCUSDT,bybit
2026-05-24 19:55:00+00:00,76769.3,76784.4,76754.5,76773.6,8.401832,645011.5918637,BTCUSDT,bybit
2026-05-24 20:00:00+00:00,76773.6,76798.3,76674.0,76702.0,17.895157,1373280.8744827,BTCUSDT,bybit
2026-05-24 20:05:00+00:00,76702.0,76739.7,76650.8,76695.3,20.934999,1605719.652825,BTCUSDT,bybit
2026-05-24 20:10:00+00:00,76695.3,76720.0,76685.7,76685.7,7.478086,573612.9144325,BTCUSDT,bybit
2026-05-24 20:15:00+00:00,76685.7,76716.7,76649.7,76674.5,14.861353,1139463.4912788,BTCUSDT,bybit
2026-05-24 20:20:00+00:00,76674.5,76708.1,76613.4,76668.6,9.919037,760463.6848107,BTCUSDT,bybit
2026-05-24 20:25:00+00:00,76668.6,76680.2,76603.5,76680.2,17.679533,1355127.3551001,BTCUSDT,bybit
2026-05-24 20:30:00+00:00,76680.2,76716.6,76642.0,76658.2,25.016602,1918376.5446962,BTCUSDT,bybit
2026-05-24 20:35:00+00:00,76658.2,76741.1,76652.3,76675.4,19.961287,1530778.3108122,BTCUSDT,bybit
2026-05-24 20:40:00+00:00,76675.4,76713.8,76667.9,76688.6,11.17829,857305.3664395,BTCUSDT,bybit
2026-05-24 20:45:00+00:00,76688.6,76729.4,76660.2,76701.0,15.191669,1165055.5518717,BTCUSDT,bybit
2026-05-24 20:50:00+00:00,76701.0,76701.0,76645.5,76653.1,7.416963,568655.5244398,BTCUSDT,bybit
2026-05-24 20:55:00+00:00,76653.1,76668.8,76617.4,76668.8,11.10556,851097.982576,BTCUSDT,bybit
2026-05-24 21:00:00+00:00,76668.8,76753.2,76649.2,76715.3,13.421479,1029452.6762223,BTCUSDT,bybit
2026-05-24 21:05:00+00:00,76715.3,76718.9,76679.2,76699.2,10.740162,823808.3105591,BTCUSDT,bybit
2026-05-24 21:10:00+00:00,76699.2,76719.0,76677.7,76718.9,20.627712,1581854.0095491,BTCUSDT,bybit
2026-05-24 21:15:00+00:00,76718.9,76724.1,76691.8,76724.1,7.438745,570573.9503552,BTCUSDT,bybit
2026-05-24 21:20:00+00:00,76724.1,76724.2,76700.2,76701.4,3.614499,277264.7357249,BTCUSDT,bybit
2026-05-24 21:25:00+00:00,76701.4,76721.9,76473.1,76527.9,26.977034,2066922.1191215,BTCUSDT,bybit
2026-05-24 21:30:00+00:00,76527.9,76573.4,76363.5,76414.3,37.732986,2885902.824002,BTCUSDT,bybit
2026-05-24 21:35:00+00:00,76414.3,76414.3,76120.1,76225.5,80.294416,6122487.71937297,BTCUSDT,bybit
2026-05-24 21:40:00+00:00,76225.5,76351.5,76120.4,76142.2,33.449164,2549879.5325658,BTCUSDT,bybit
2026-05-24 21:45:00+00:00,76142.2,76229.9,76103.1,76151.3,38.209819,2910201.26679959,BTCUSDT,bybit
2026-05-24 21:50:00+00:00,76151.3,76257.9,76151.3,76225.5,27.056823,2061780.0311765,BTCUSDT,bybit
2026-05-24 21:55:00+00:00,76225.5,76282.5,76111.1,76142.5,31.801427,2423029.5489309,BTCUSDT,bybit
2026-05-24 22:00:00+00:00,76142.5,76687.3,76132.7,76601.2,120.091456,9181034.60230304,BTCUSDT,bybit
2026-05-24 22:05:00+00:00,76601.2,76906.9,76579.0,76896.4,54.046609,4147634.97755903,BTCUSDT,bybit
2026-05-24 22:10:00+00:00,76896.4,77014.6,76804.5,76980.4,70.642416,5433395.99837056,BTCUSDT,bybit
2026-05-24 22:15:00+00:00,76980.4,76980.4,76811.5,76858.5,38.247667,2940832.3135512,BTCUSDT,bybit
2026-05-24 22:20:00+00:00,76858.5,76969.3,76831.1,76926.4,23.582184,1813452.6383751,BTCUSDT,bybit
2026-05-24 22:25:00+00:00,76926.4,76940.8,76837.9,76848.8,15.152622,1165308.1111474,BTCUSDT,bybit
2026-05-24 22:30:00+00:00,76848.8,76969.4,76842.5,76859.2,28.020103,2154742.9958114,BTCUSDT,bybit
2026-05-24 22:35:00+00:00,76859.2,76861.4,76697.3,76776.9,26.877821,2063610.80488,BTCUSDT,bybit
2026-05-24 22:40:00+00:00,76776.9,76787.9,76672.4,76787.8,23.589936,1809667.3646257,BTCUSDT,bybit
2026-05-24 22:45:00+00:00,76787.8,76999.9,76787.8,76871.5,25.87927,1990658.4120927,BTCUSDT,bybit
2026-05-24 22:50:00+00:00,76871.5,76933.9,76797.9,76807.2,22.367002,1719284.8626382,BTCUSDT,bybit
2026-05-24 22:55:00+00:00,76807.2,76861.2,76791.7,76806.6,13.523106,1038824.0944109,BTCUSDT,bybit
2026-05-24 23:00:00+00:00,76806.6,76953.3,76806.2,76908.6,31.042377,2387179.3924957,BTCUSDT,bybit
2026-05-24 23:05:00+00:00,76908.6,76933.0,76853.6,76932.4,18.995703,1460820.3606969,BTCUSDT,bybit
2026-05-24 23:10:00+00:00,76932.4,76972.4,76909.2,76964.7,16.701549,1285099.6225046,BTCUSDT,bybit
2026-05-24 23:15:00+00:00,76964.7,77027.5,76888.8,76926.0,22.781299,1753182.57421715,BTCUSDT,bybit
2026-05-24 23:20:00+00:00,76926.0,76958.3,76880.7,76888.3,10.520418,809189.8908234,BTCUSDT,bybit
2026-05-24 23:25:00+00:00,76888.3,76891.3,76811.8,76862.5,17.107017,1314730.9263507,BTCUSDT,bybit
2026-05-24 23:30:00+00:00,76862.5,76993.8,76853.0,76966.1,32.203563,2477570.8102486,BTCUSDT,bybit
2026-05-24 23:35:00+00:00,76966.1,77163.8,76952.1,77096.6,49.959179,3849520.95246316,BTCUSDT,bybit
2026-05-24 23:40:00+00:00,77096.6,77227.4,77012.3,77196.8,50.751545,3914431.62922691,BTCUSDT,bybit
2026-05-24 23:45:00+00:00,77196.8,77196.8,77113.4,77165.0,20.085237,1549589.6973168,BTCUSDT,bybit
2026-05-24 23:50:00+00:00,77165.0,77192.6,77100.9,77117.7,16.582164,1279130.8024234,BTCUSDT,bybit
2026-05-24 23:55:00+00:00,77117.7,77119.4,77055.1,77068.5,11.532821,888993.3087263,BTCUSDT,bybit
2026-05-25 00:00:00+00:00,77068.5,77199.5,77068.5,77135.3,40.978068,3160724.8391739,BTCUSDT,bybit
2026-05-25 00:05:00+00:00,77135.3,77207.8,77126.4,77177.8,22.434286,1731169.7065874,BTCUSDT,bybit
2026-05-25 00:10:00+00:00,77177.8,77206.7,77148.2,77191.2,31.632719,2441376.9438652,BTCUSDT,bybit
2026-05-25 00:15:00+00:00,77191.2,77226.7,77142.1,77165.6,28.921829,2232396.9649674,BTCUSDT,bybit
2026-05-25 00:20:00+00:00,77165.6,77250.0,77123.9,77234.8,22.672004,1749814.91126774,BTCUSDT,bybit
2026-05-25 00:25:00+00:00,77234.8,77256.8,77156.2,77215.0,18.660463,1440560.5806233,BTCUSDT,bybit
2026-05-25 00:30:00+00:00,77215.0,77266.2,77144.2,77168.1,31.314187,2417695.1697717,BTCUSDT,bybit
2026-05-25 00:35:00+00:00,77168.1,77225.3,77157.3,77198.1,19.33481,1492342.5076943,BTCUSDT,bybit
2026-05-25 00:40:00+00:00,77198.1,77204.1,77118.6,77120.7,23.363799,1802637.7123911,BTCUSDT,bybit
2026-05-25 00:45:00+00:00,77120.7,77295.3,77089.1,77225.7,37.071815,2861536.9726795,BTCUSDT,bybit
2026-05-25 00:50:00+00:00,77225.7,77232.7,77156.0,77188.6,23.068239,1780526.2019495,BTCUSDT,bybit
2026-05-25 00:55:00+00:00,77188.6,77188.6,77115.3,77156.3,12.680498,978291.3149182,BTCUSDT,bybit
2026-05-25 01:00:00+00:00,77156.3,77204.3,77019.6,77086.9,63.136305,4867395.694706,BTCUSDT,bybit
2026-05-25 01:05:00+00:00,77086.9,77142.5,77083.1,77083.1,22.789716,1757348.1235402,BTCUSDT,bybit
2026-05-25 01:10:00+00:00,77083.1,77184.7,77057.0,77184.7,19.108068,1473418.6345393,BTCUSDT,bybit
2026-05-25 01:15:00+00:00,77184.7,77253.6,77161.1,77197.5,36.602489,2825855.0084585,BTCUSDT,bybit
2026-05-25 01:20:00+00:00,77197.5,77242.5,77197.5,77230.5,62.709005,4842454.7423867,BTCUSDT,bybit
2026-05-25 01:25:00+00:00,77230.5,77242.9,77136.1,77174.9,15.591961,1203526.3263948,BTCUSDT,bybit
2026-05-25 01:30:00+00:00,77174.9,77186.3,77112.1,77183.5,18.79037,1449641.2013091,BTCUSDT,bybit
2026-05-25 01:35:00+00:00,77183.5,77211.9,77107.4,77134.5,13.593577,1048885.9892416,BTCUSDT,bybit
2026-05-25 01:40:00+00:00,77134.5,77177.8,77096.2,77122.0,29.116623,2246090.0505161,BTCUSDT,bybit
2026-05-25 01:45:00+00:00,77122.0,77184.1,77113.4,77130.2,21.129446,1630124.9433002,BTCUSDT,bybit
2026-05-25 01:50:00+00:00,77130.2,77150.1,77055.7,77055.7,13.952463,1075929.6925546,BTCUSDT,bybit
2026-05-25 01:55:00+00:00,77055.7,77092.8,76913.4,76941.1,33.183491,2554968.3388812,BTCUSDT,bybit
2026-05-25 02:00:00+00:00,76941.1,77099.2,76941.1,77090.6,32.249893,2484041.3975385,BTCUSDT,bybit
2026-05-25 02:05:00+00:00,77090.6,77485.0,77090.6,77398.5,84.694748,6552680.80668541,BTCUSDT,bybit
2026-05-25 02:10:00+00:00,77398.5,77463.3,77363.7,77403.6,28.763945,2226562.2568723,BTCUSDT,bybit
2026-05-25 02:15:00+00:00,77403.6,77403.6,77266.4,77276.9,24.321348,1880304.7618597,BTCUSDT,bybit
2026-05-25 02:20:00+00:00,77276.9,77276.9,77215.8,77219.0,9.879223,763170.3907296,BTCUSDT,bybit
2026-05-25 02:25:00+00:00,77219.0,77224.7,77031.2,77146.6,46.562673,3589947.98746032,BTCUSDT,bybit
2026-05-25 02:30:00+00:00,77146.6,77183.9,77066.6,77077.7,18.817105,1451555.3597688,BTCUSDT,bybit
2026-05-25 02:35:00+00:00,77077.7,77172.1,77061.2,77158.1,14.556882,1122637.3833259,BTCUSDT,bybit
2026-05-25 02:40:00+00:00,77158.1,77168.1,77088.3,77168.1,10.41849,803606.1639448,BTCUSDT,bybit
2026-05-25 02:45:00+00:00,77168.1,77179.9,77107.8,77157.1,18.630816,1437405.6857261,BTCUSDT,bybit
2026-05-25 02:50:00+00:00,77157.1,77180.3,77128.1,77131.8,15.951194,1230788.8720827,BTCUSDT,bybit
2026-05-25 02:55:00+00:00,77131.8,77154.8,77088.7,77108.8,14.720453,1135219.2765416,BTCUSDT,bybit
2026-05-25 03:00:00+00:00,77108.8,77173.5,77076.9,77080.7,28.738941,2216449.6580469,BTCUSDT,bybit
2026-05-25 03:05:00+00:00,77080.7,77132.8,77062.4,77088.9,19.333059,1490423.2607238,BTCUSDT,bybit
2026-05-25 03:10:00+00:00,77088.9,77122.9,77067.1,77096.6,17.420148,1343063.5578257,BTCUSDT,bybit
2026-05-25 03:15:00+00:00,77096.6,77133.7,77078.3,77100.0,10.196536,786216.3553918,BTCUSDT,bybit
2026-05-25 03:20:00+00:00,77100.0,77151.0,77089.2,77089.2,15.718026,1212200.1844739,BTCUSDT,bybit
2026-05-25 03:25:00+00:00,77089.2,77122.4,77062.0,77086.2,17.508601,1349688.5984135,BTCUSDT,bybit
2026-05-25 03:30:00+00:00,77086.2,77119.0,77013.9,77088.6,23.550871,1814867.0195017,BTCUSDT,bybit
2026-05-25 03:35:00+00:00,77088.6,77130.8,77081.4,77106.8,17.275459,1332029.787993,BTCUSDT,bybit
2026-05-25 03:40:00+00:00,77106.8,77106.8,77070.8,77078.6,8.79727,678142.3816922,BTCUSDT,bybit
2026-05-25 03:45:00+00:00,77078.6,77078.6,77006.8,77052.3,17.188488,1324091.7609847,BTCUSDT,bybit
2026-05-25 03:50:00+00:00,77052.3,77070.3,77023.7,77051.1,6.721264,517884.7504195,BTCUSDT,bybit
2026-05-25 03:55:00+00:00,77051.1,77060.4,77026.4,77028.9,8.431541,649633.1094199,BTCUSDT,bybit
2026-05-25 04:00:00+00:00,77028.9,77079.5,77021.2,77024.8,16.918746,1303617.8781296,BTCUSDT,bybit
2026-05-25 04:05:00+00:00,77024.8,77054.1,77000.0,77054.1,11.801853,909024.139095,BTCUSDT,bybit
2026-05-25 04:10:00+00:00,77054.1,77078.2,77025.6,77033.6,10.910903,840678.2860512,BTCUSDT,bybit
2026-05-25 04:15:00+00:00,77033.6,77064.3,76990.8,77064.2,15.191311,1170136.3155891,BTCUSDT,bybit
2026-05-25 04:20:00+00:00,77064.2,77127.4,77064.2,77110.1,9.514018,733600.9909774,BTCUSDT,bybit
2026-05-25 04:25:00+00:00,77110.1,77175.6,77110.0,77175.6,13.355868,1030432.8591452,BTCUSDT,bybit
2026-05-25 04:30:00+00:00,77175.6,77233.3,77132.5,77143.6,13.959744,1077417.513611,BTCUSDT,bybit
2026-05-25 04:35:00+00:00,77143.6,77196.7,77137.9,77158.0,21.640848,1669896.9025524,BTCUSDT,bybit
2026-05-25 04:40:00+00:00,77158.0,77254.9,77158.0,77254.8,16.874808,1302996.3099309,BTCUSDT,bybit
2026-05-25 04:45:00+00:00,77254.8,77294.3,77242.3,77275.8,27.1439,2097380.9481208,BTCUSDT,bybit
2026-05-25 04:50:00+00:00,77275.8,77460.1,77274.3,77384.7,77.298841,5982183.4091412,BTCUSDT,bybit
2026-05-25 04:55:00+00:00,77384.7,77413.2,77372.3,77395.2,23.20199,1795666.0501553,BTCUSDT,bybit
2026-05-25 05:00:00+00:00,77395.2,77396.9,77328.1,77345.8,32.09026,2482409.6649318,BTCUSDT,bybit
2026-05-25 05:05:00+00:00,77345.8,77456.3,77326.9,77398.3,48.470088,3751340.4826137,BTCUSDT,bybit
2026-05-25 05:10:00+00:00,77398.3,77442.8,77376.6,77431.1,22.236168,1721232.0111527,BTCUSDT,bybit
2026-05-25 05:15:00+00:00,77431.1,77480.2,77406.5,77415.7,28.226861,2185941.78862619,BTCUSDT,bybit
2026-05-25 05:20:00+00:00,77415.7,77426.6,77365.8,77389.1,26.808174,2074697.3885076,BTCUSDT,bybit
2026-05-25 05:25:00+00:00,77389.1,77430.5,77389.1,77404.0,17.313436,1340262.43802,BTCUSDT,bybit
2026-05-25 05:30:00+00:00,77404.0,77465.2,77396.3,77433.7,20.061995,1553397.4265524,BTCUSDT,bybit
2026-05-25 05:35:00+00:00,77433.7,77509.8,77433.7,77459.3,43.263859,3351990.63851166,BTCUSDT,bybit
2026-05-25 05:40:00+00:00,77459.3,77496.6,77453.2,77468.0,14.027985,1086821.155766,BTCUSDT,bybit
2026-05-25 05:45:00+00:00,77468.0,77468.0,77420.0,77445.3,13.553565,1049566.0661584,BTCUSDT,bybit
2026-05-25 05:50:00+00:00,77445.3,77446.8,77409.6,77431.3,10.446401,808815.4698914,BTCUSDT,bybit
2026-05-25 05:55:00+00:00,77431.3,77431.4,77399.6,77418.7,10.212457,790533.0190515,BTCUSDT,bybit
2026-05-25 06:00:00+00:00,77418.7,77427.9,77365.7,77385.7,19.381464,1499948.7631873,BTCUSDT,bybit
2026-05-25 06:05:00+00:00,77385.7,77661.1,77385.6,77585.5,112.732464,8739517.1665654,BTCUSDT,bybit
2026-05-25 06:10:00+00:00,77585.5,77585.5,77334.0,77345.3,43.571441,3374284.68707,BTCUSDT,bybit
2026-05-25 06:15:00+00:00,77345.3,77364.6,77286.9,77304.8,19.210255,1485202.5408126,BTCUSDT,bybit
2026-05-25 06:20:00+00:00,77304.8,77304.8,77232.1,77238.2,21.297255,1645454.0389939,BTCUSDT,bybit
2026-05-25 06:25:00+00:00,77238.2,77286.5,77228.4,77280.1,19.875282,1535404.3047044,BTCUSDT,bybit
2026-05-25 06:30:00+00:00,77280.1,77375.1,77280.1,77362.8,23.521425,1819063.7392003,BTCUSDT,bybit
2026-05-25 06:35:00+00:00,77362.8,77434.4,77362.7,77404.7,19.523456,1511327.7300433,BTCUSDT,bybit
2026-05-25 06:40:00+00:00,77404.7,77434.5,77401.4,77419.9,8.629947,668136.3398926,BTCUSDT,bybit
2026-05-25 06:45:00+00:00,77419.9,77527.9,77410.5,77454.9,30.066637,2329778.3079205,BTCUSDT,bybit
2026-05-25 06:50:00+00:00,77454.9,77469.4,77429.8,77463.9,12.274614,950645.7564672,BTCUSDT,bybit
2026-05-25 06:55:00+00:00,77463.9,77463.9,77403.7,77431.4,13.730718,1063199.8888747,BTCUSDT,bybit
2026-05-25 07:00:00+00:00,77431.4,77535.1,77431.3,77494.7,27.034264,2094873.9014512,BTCUSDT,bybit
2026-05-25 07:05:00+00:00,77494.7,77503.1,77420.8,77420.8,17.084606,1323210.1853865,BTCUSDT,bybit
2026-05-25 07:10:00+00:00,77420.8,77420.8,77312.5,77337.3,15.162297,1173022.5276703,BTCUSDT,bybit
2026-05-25 07:15:00+00:00,77337.3,77368.8,77186.3,77258.7,47.060288,3635951.1553396,BTCUSDT,bybit
2026-05-25 07:20:00+00:00,77258.7,77268.1,77212.4,77265.3,22.418722,1731742.6564762,BTCUSDT,bybit
2026-05-25 07:25:00+00:00,77265.3,77266.9,77216.8,77219.0,16.298434,1258836.0380538,BTCUSDT,bybit
2026-05-25 07:30:00+00:00,77219.0,77367.9,77207.1,77298.3,37.326297,2885054.9176026,BTCUSDT,bybit
2026-05-25 07:35:00+00:00,77298.3,77319.1,77270.8,77319.0,24.407668,1886460.0961515,BTCUSDT,bybit
2026-05-25 07:40:00+00:00,77319.0,77342.7,77287.2,77322.5,17.755009,1372733.3819153,BTCUSDT,bybit
2026-05-25 07:45:00+00:00,77322.5,77363.7,77314.9,77339.9,19.686866,1522636.0283377,BTCUSDT,bybit
2026-05-25 07:50:00+00:00,77339.9,77372.4,77311.7,77372.4,11.506156,889812.8594176,BTCUSDT,bybit
2026-05-25 07:55:00+00:00,77372.4,77413.6,77350.0,77413.6,24.255264,1876957.7645801,BTCUSDT,bybit
2026-05-25 08:00:00+00:00,77413.6,77420.0,77345.8,77412.8,29.305777,2267627.450627,BTCUSDT,bybit
2026-05-25 08:05:00+00:00,77412.8,77418.5,77358.3,77384.1,16.683119,1290878.7358298,BTCUSDT,bybit
2026-05-25 08:10:00+00:00,77384.1,77384.1,77279.7,77302.4,16.646995,1287140.3931167,BTCUSDT,bybit
2026-05-25 08:15:00+00:00,77302.4,77337.6,77302.3,77337.6,6.807816,526352.1507357,BTCUSDT,bybit
2026-05-25 08:20:00+00:00,77337.6,77373.4,77324.9,77325.0,10.263664,793863.7714304,BTCUSDT,bybit
2026-05-25 08:25:00+00:00,77325.0,77337.4,77309.8,77330.0,7.060839,545964.8318183,BTCUSDT,bybit
2026-05-25 08:30:00+00:00,77330.0,77344.6,77326.4,77338.7,18.952948,1465733.0507882,BTCUSDT,bybit
2026-05-25 08:35:00+00:00,77338.7,77399.7,77338.7,77353.3,17.108495,1323510.3011852,BTCUSDT,bybit
2026-05-25 08:40:00+00:00,77353.3,77375.3,77344.3,77361.2,12.571089,972498.2363574,BTCUSDT,bybit
2026-05-25 08:45:00+00:00,77361.2,77384.5,77337.3,77384.5,16.234924,1255905.9662928,BTCUSDT,bybit
2026-05-25 08:50:00+00:00,77384.5,77447.6,77371.6,77447.5,31.022483,2401516.4882921,BTCUSDT,bybit
2026-05-25 08:55:00+00:00,77447.5,77486.3,77442.8,77467.2,30.957069,2398026.2399203,BTCUSDT,bybit
2026-05-25 09:00:00+00:00,77467.2,77499.3,77438.2,77438.9,30.459123,2359858.1963464,BTCUSDT,bybit
2026-05-25 09:05:00+00:00,77438.9,77500.0,77438.8,77488.9,24.794798,1920847.1749369,BTCUSDT,bybit
2026-05-25 09:10:00+00:00,77488.9,77520.3,77463.6,77469.3,31.875963,2470185.1399883,BTCUSDT,bybit
2026-05-25 09:15:00+00:00,77469.3,77477.5,77440.3,77457.6,23.499678,1820221.1064395,BTCUSDT,bybit
2026-05-25 09:20:00+00:00,77457.6,77522.0,77426.6,77521.9,16.894849,1308939.4911315,BTCUSDT,bybit
2026-05-25 09:25:00+00:00,77521.9,77552.5,77503.7,77528.7,30.03286,2328359.3862829,BTCUSDT,bybit
2026-05-25 09:30:00+00:00,77528.7,77712.8,77524.2,77634.6,100.816757,7827340.49471094,BTCUSDT,bybit
2026-05-25 09:35:00+00:00,77634.6,77664.9,77578.8,77618.1,53.409695,4145813.216064,BTCUSDT,bybit
2026-05-25 09:40:00+00:00,77618.1,77629.8,77587.0,77601.7,17.443147,1353675.3792271,BTCUSDT,bybit
2026-05-25 09:45:00+00:00,77601.7,77628.4,77573.8,77625.4,23.308386,1808765.9684468,BTCUSDT,bybit
2026-05-25 09:50:00+00:00,77625.4,77684.8,77625.3,77651.9,24.732424,1920676.032208,BTCUSDT,bybit
2026-05-25 09:55:00+00:00,77651.9,77656.3,77611.8,77611.8,13.83262,1073904.4940484,BTCUSDT,bybit
2026-05-25 10:00:00+00:00,77611.8,77630.7,77575.2,77576.1,23.938623,1857457.9467789,BTCUSDT,bybit
2026-05-25 10:05:00+00:00,77576.1,77639.5,77576.1,77628.7,16.063574,1246775.11856,BTCUSDT,bybit
2026-05-25 10:10:00+00:00,77628.7,77645.5,77621.7,77641.7,9.300528,722067.0185408,BTCUSDT,bybit
2026-05-25 10:15:00+00:00,77641.7,77699.6,77640.8,77640.8,28.380719,2204391.530419,BTCUSDT,bybit
2026-05-25 10:20:00+00:00,77640.8,77640.9,77539.7,77583.0,23.968672,1859163.4708939,BTCUSDT,bybit
2026-05-25 10:25:00+00:00,77583.0,77583.0,77530.1,77554.4,15.781008,1223705.1066606,BTCUSDT,bybit
2026-05-25 10:30:00+00:00,77554.4,77564.2,77532.5,77564.2,12.358786,958339.3653525,BTCUSDT,bybit
2026-05-25 10:35:00+00:00,77564.2,77593.7,77531.8,77531.8,10.593896,821780.3369634,BTCUSDT,bybit
2026-05-25 10:40:00+00:00,77531.8,77533.2,77524.3,77530.9,7.039598,545767.9645888,BTCUSDT,bybit
2026-05-25 10:45:00+00:00,77530.9,77571.9,77530.9,77543.0,10.746024,833339.4906819,BTCUSDT,bybit
2026-05-25 10:50:00+00:00,77543.0,77555.2,77497.7,77542.0,11.408792,884504.1924564,BTCUSDT,bybit
2026-05-25 10:55:00+00:00,77542.0,77568.7,77542.0,77549.4,10.9937,852634.5247915,BTCUSDT,bybit
2026-05-25 11:00:00+00:00,77549.4,77549.4,77418.8,77455.7,37.172364,2879559.3516842,BTCUSDT,bybit
2026-05-25 11:05:00+00:00,77455.7,77464.3,77422.6,77464.2,9.511693,736652.119789,BTCUSDT,bybit
2026-05-25 11:10:00+00:00,77464.2,77479.7,77448.7,77456.4,7.310363,566261.7909111,BTCUSDT,bybit
2026-05-25 11:15:00+00:00,77456.4,77456.4,77418.1,77443.8,8.918772,690648.9797636,BTCUSDT,bybit
2026-05-25 11:20:00+00:00,77443.8,77451.4,77427.2,77437.1,6.494507,502954.645802,BTCUSDT,bybit
2026-05-25 11:25:00+00:00,77437.1,77437.1,77414.6,77422.8,7.58812,587485.8966239,BTCUSDT,bybit
2026-05-25 11:30:00+00:00,77422.8,77490.1,77418.7,77490.1,17.721945,1372822.6489177,BTCUSDT,bybit
2026-05-25 11:35:00+00:00,77490.1,77524.4,77466.6,77506.4,11.482177,889834.4630766,BTCUSDT,bybit
2026-05-25 11:40:00+00:00,77506.4,77506.5,77464.4,77472.7,9.480046,734502.2779273,BTCUSDT,bybit
2026-05-25 11:45:00+00:00,77472.7,77514.1,77414.3,77435.6,35.114962,2720041.2335982,BTCUSDT,bybit
2026-05-25 11:50:00+00:00,77435.6,77435.6,77366.7,77402.3,25.256118,1954761.6095488,BTCUSDT,bybit
2026-05-25 11:55:00+00:00,77402.3,77402.3,77333.1,77362.5,15.378551,1189795.1958423,BTCUSDT,bybit
2026-05-25 12:00:00+00:00,77362.5,77370.3,77292.3,77321.0,20.477932,1583383.1390041,BTCUSDT,bybit
2026-05-25 12:05:00+00:00,77321.0,77362.7,77316.4,77332.0,15.81377,1223064.92002,BTCUSDT,bybit
2026-05-25 12:10:00+00:00,77332.0,77377.9,77328.2,77365.2,10.254122,793248.962279,BTCUSDT,bybit
2026-05-25 12:15:00+00:00,77365.2,77385.3,77330.5,77366.2,11.83725,915746.0192122,BTCUSDT,bybit
2026-05-25 12:20:00+00:00,77366.2,77415.5,77319.0,77389.4,28.796083,2227880.489587,BTCUSDT,bybit
2026-05-25 12:25:00+00:00,77389.4,77426.1,77375.8,77403.1,19.500804,1509404.9915581,BTCUSDT,bybit
2026-05-25 12:30:00+00:00,77403.1,77428.8,77368.9,77378.4,11.131847,861584.1563952,BTCUSDT,bybit
2026-05-25 12:35:00+00:00,77378.4,77411.3,77352.1,77361.2,13.74534,1063696.4129224,BTCUSDT,bybit
2026-05-25 12:40:00+00:00,77361.2,77365.9,77352.2,77364.3,3.951043,305649.603918,BTCUSDT,bybit
2026-05-25 12:45:00+00:00,77364.3,77364.3,77299.0,77345.7,32.860386,2541064.902044,BTCUSDT,bybit
2026-05-25 12:50:00+00:00,77345.7,77409.2,77330.0,77403.4,12.298471,951367.0781301,BTCUSDT,bybit
2026-05-25 12:55:00+00:00,77403.4,77442.6,77367.0,77367.0,12.950654,1002583.6470441,BTCUSDT,bybit
2026-05-25 13:00:00+00:00,77367.0,77427.6,77346.6,77427.5,10.797717,835524.3260752,BTCUSDT,bybit
2026-05-25 13:05:00+00:00,77427.5,77457.0,77407.9,77416.3,15.698671,1215603.3876817,BTCUSDT,bybit
2026-05-25 13:10:00+00:00,77416.3,77419.7,77320.4,77333.2,18.423564,1425387.268979,BTCUSDT,bybit
2026-05-25 13:15:00+00:00,77333.2,77364.5,77307.6,77307.6,12.973509,1003293.7694697,BTCUSDT,bybit
2026-05-25 13:20:00+00:00,77307.6,77356.3,77291.8,77348.4,12.054948,932123.952006,BTCUSDT,bybit
2026-05-25 13:25:00+00:00,77348.4,77373.3,77324.3,77338.6,11.118323,859956.7901718,BTCUSDT,bybit
2026-05-25 13:30:00+00:00,77338.6,77369.9,77329.9,77336.2,10.995808,850524.4248825,BTCUSDT,bybit
2026-05-25 13:35:00+00:00,77336.2,77351.1,77301.2,77343.5,18.873745,1459454.3096586,BTCUSDT,bybit
2026-05-25 13:40:00+00:00,77343.5,77362.2,77306.8,77362.2,16.354522,1264602.9946758,BTCUSDT,bybit
2026-05-25 13:45:00+00:00,77362.2,77372.6,77320.3,77344.8,18.246204,1411139.2235072,BTCUSDT,bybit
2026-05-25 13:50:00+00:00,77344.8,77357.8,77304.6,77353.3,13.473157,1041929.6705818,BTCUSDT,bybit
2026-05-25 13:55:00+00:00,77353.3,77360.8,77339.2,77349.6,9.293826,718869.0438292,BTCUSDT,bybit
2026-05-25 14:00:00+00:00,77349.6,77448.0,77317.3,77443.2,25.170185,1947404.3678939,BTCUSDT,bybit
2026-05-25 14:05:00+00:00,77443.2,77535.5,77430.6,77474.0,50.87744,3942329.1732852,BTCUSDT,bybit
2026-05-25 14:10:00+00:00,77474.0,77513.0,77474.0,77483.0,20.3639,1578021.7908586,BTCUSDT,bybit
2026-05-25 14:15:00+00:00,77483.0,77599.8,77476.8,77560.6,43.021527,3335638.8972435,BTCUSDT,bybit
2026-05-25 14:20:00+00:00,77560.6,77575.8,77509.5,77572.2,33.348106,2585773.7340359,BTCUSDT,bybit
2026-05-25 14:25:00+00:00,77572.2,77635.0,77561.3,77622.4,42.003922,3259532.1748405,BTCUSDT,bybit
2026-05-25 14:30:00+00:00,77622.4,77622.4,77554.9,77586.0,18.67063,1448497.5261167,BTCUSDT,bybit
2026-05-25 14:35:00+00:00,77586.0,77601.3,77567.7,77585.1,18.720089,1452345.2046765,BTCUSDT,bybit
2026-05-25 14:40:00+00:00,77585.1,77591.1,77553.5,77591.1,18.194146,1411273.6390745,BTCUSDT,bybit
2026-05-25 14:45:00+00:00,77591.1,77788.8,77591.0,77716.5,73.606505,5720863.89788126,BTCUSDT,bybit
2026-05-25 14:50:00+00:00,77716.5,77735.7,77675.9,77701.6,29.527117,2294545.8384455,BTCUSDT,bybit
2026-05-25 14:55:00+00:00,77701.6,77742.1,77701.1,77725.2,18.751344,1457270.6911796,BTCUSDT,bybit
2026-05-25 15:00:00+00:00,77725.2,77769.6,77688.8,77712.8,35.367776,2749394.9417465,BTCUSDT,bybit
2026-05-25 15:05:00+00:00,77712.8,77796.3,77712.8,77763.2,39.861356,3099306.1393738,BTCUSDT,bybit
2026-05-25 15:10:00+00:00,77763.2,77916.2,77714.2,77716.5,86.79019,6754380.0071916,BTCUSDT,bybit
2026-05-25 15:15:00+00:00,77716.5,77756.3,77628.5,77700.5,45.538743,3537510.2567309,BTCUSDT,bybit
2026-05-25 15:20:00+00:00,77700.5,77700.6,77608.6,77632.2,21.278714,1652103.1315512,BTCUSDT,bybit
2026-05-25 15:25:00+00:00,77632.2,77689.0,77613.3,77613.3,35.328199,2743800.7898739,BTCUSDT,bybit
2026-05-25 15:30:00+00:00,77613.3,77693.8,77584.2,77672.1,29.269867,2272200.8883465,BTCUSDT,bybit
2026-05-25 15:35:00+00:00,77672.1,77672.1,77638.0,77668.9,14.651379,1137794.317101,BTCUSDT,bybit
2026-05-25 15:40:00+00:00,77668.9,77688.6,77633.4,77668.4,18.466854,1434160.8785113,BTCUSDT,bybit
2026-05-25 15:45:00+00:00,77668.4,77668.5,77568.0,77615.6,22.184738,1721860.7518982,BTCUSDT,bybit
2026-05-25 15:50:00+00:00,77615.6,77633.6,77590.5,77623.8,16.842575,1307202.9837227,BTCUSDT,bybit
2026-05-25 15:55:00+00:00,77623.8,77667.2,77617.1,77634.1,9.445843,733392.5183641,BTCUSDT,bybit
2026-05-25 16:00:00+00:00,77634.1,77651.1,77585.9,77612.2,23.439359,1819181.3210766,BTCUSDT,bybit
2026-05-25 16:05:00+00:00,77612.2,77621.3,77592.3,77592.3,11.069032,859034.2644991,BTCUSDT,bybit
2026-05-25 16:10:00+00:00,77592.3,77605.6,77522.2,77525.2,26.243263,2035304.1976446,BTCUSDT,bybit
2026-05-25 16:15:00+00:00,77525.2,77570.2,77517.2,77549.4,24.758278,1919775.0660357,BTCUSDT,bybit
2026-05-25 16:20:00+00:00,77549.4,77639.8,77534.3,77600.4,23.364937,1812921.2764007,BTCUSDT,bybit
2026-05-25 16:25:00+00:00,77600.4,77613.3,77581.3,77599.2,14.306031,1110076.8546781,BTCUSDT,bybit
2026-05-25 16:30:00+00:00,77599.2,77609.9,77590.4,77597.3,10.525544,816799.1360163,BTCUSDT,bybit
2026-05-25 16:35:00+00:00,77597.3,77655.2,77597.2,77639.9,7.990773,620356.0171622,BTCUSDT,bybit
2026-05-25 16:40:00+00:00,77639.9,77696.6,77607.7,77695.9,16.00917,1243117.323033,BTCUSDT,bybit
2026-05-25 16:45:00+00:00,77695.9,77788.1,77677.7,77785.9,25.832922,2008172.6606109,BTCUSDT,bybit
2026-05-25 16:50:00+00:00,77785.9,77824.2,77699.2,77707.9,37.793082,2938945.1853455,BTCUSDT,bybit
2026-05-25 16:55:00+00:00,77707.9,77766.1,77707.9,77744.4,23.495041,1826470.5493737,BTCUSDT,bybit
2026-05-25 17:00:00+00:00,77744.4,77814.1,77740.5,77770.1,70.3562,5472604.7843006,BTCUSDT,bybit
2026-05-25 17:05:00+00:00,77770.1,77794.0,77731.3,77766.6,38.538535,2996711.4888876,BTCUSDT,bybit
2026-05-25 17:10:00+00:00,77766.6,77766.6,77690.0,77698.7,19.992637,1553898.4780991,BTCUSDT,bybit
2026-05-25 17:15:00+00:00,77698.7,77698.7,77597.6,77659.2,29.734129,2308432.3360286,BTCUSDT,bybit
2026-05-25 17:20:00+00:00,77659.2,77659.3,77612.2,77612.2,14.661813,1138373.5992277,BTCUSDT,bybit
2026-05-25 17:25:00+00:00,77612.2,77662.7,77612.2,77662.6,10.746457,834321.8504007,BTCUSDT,bybit
2026-05-25 17:30:00+00:00,77662.6,77664.6,77583.9,77594.9,12.536067,973096.4545672,BTCUSDT,bybit
2026-05-25 17:35:00+00:00,77594.9,77610.7,77576.0,77595.1,9.38317,728097.7513309,BTCUSDT,bybit
2026-05-25 17:40:00+00:00,77595.1,77595.1,77578.2,77593.2,3.246948,251917.554439,BTCUSDT,bybit
2026-05-25 17:45:00+00:00,77593.2,77593.3,77573.7,77577.4,8.140475,631560.9858145,BTCUSDT,bybit
2026-05-25 17:50:00+00:00,77577.4,77588.5,77571.0,77581.5,10.070767,781290.0881106,BTCUSDT,bybit
2026-05-25 17:55:00+00:00,77581.5,77594.8,77558.0,77572.1,10.592266,821742.8941416,BTCUSDT,bybit
2026-05-25 18:00:00+00:00,77572.1,77624.1,77551.2,77605.9,15.16305,1176491.9857056,BTCUSDT,bybit
2026-05-25 18:05:00+00:00,77605.9,77650.8,77605.9,77645.0,13.712165,1064504.9737957,BTCUSDT,bybit
2026-05-25 18:10:00+00:00,77645.0,77670.7,77643.9,77643.9,10.134648,787005.1141397,BTCUSDT,bybit
2026-05-25 18:15:00+00:00,77643.9,77663.1,77629.5,77629.5,8.894459,690653.9534804,BTCUSDT,bybit
2026-05-25 18:20:00+00:00,77629.5,77638.1,77602.3,77617.4,8.135462,631493.4284538,BTCUSDT,bybit
2026-05-25 18:25:00+00:00,77617.4,77649.8,77616.1,77649.8,5.12833,398088.3406718,BTCUSDT,bybit
2026-05-25 18:30:00+00:00,77649.8,77649.8,77605.2,77636.2,8.288981,643416.8053952,BTCUSDT,bybit
2026-05-25 18:35:00+00:00,77636.2,77642.2,77611.2,77638.7,6.86686,533051.2648167,BTCUSDT,bybit
2026-05-25 18:40:00+00:00,77638.7,77638.7,77591.4,77626.4,15.694236,1218087.8069896,BTCUSDT,bybit
2026-05-25 18:45:00+00:00,77626.4,77627.7,77598.0,77614.4,12.957948,1005723.8602067,BTCUSDT,bybit
2026-05-25 18:50:00+00:00,77614.4,77635.8,77575.7,77578.4,8.734176,677807.469029,BTCUSDT,bybit
2026-05-25 18:55:00+00:00,77578.4,77578.4,77554.3,77556.8,3.134844,243158.2686834,BTCUSDT,bybit
2026-05-25 19:00:00+00:00,77556.8,77558.6,77433.5,77454.5,34.03198,2636876.89286457,BTCUSDT,bybit
2026-05-25 19:05:00+00:00,77454.5,77506.1,77442.0,77442.0,13.003569,1007517.6345346,BTCUSDT,bybit
2026-05-25 19:10:00+00:00,77442.0,77507.6,77430.6,77505.1,10.348851,801783.2699337,BTCUSDT,bybit
2026-05-25 19:15:00+00:00,77505.1,77505.2,77453.8,77501.8,9.829375,761582.7711644,BTCUSDT,bybit
2026-05-25 19:20:00+00:00,77501.8,77514.1,77470.3,77514.1,12.70345,984494.4562662,BTCUSDT,bybit
2026-05-25 19:25:00+00:00,77514.1,77527.4,77493.2,77527.4,7.283982,564551.2289737,BTCUSDT,bybit
2026-05-25 19:30:00+00:00,77527.4,77531.3,77436.0,77437.4,11.769862,911948.9704983,BTCUSDT,bybit
2026-05-25 19:35:00+00:00,77437.4,77437.5,77359.8,77362.9,18.792194,1454617.9130304,BTCUSDT,bybit
2026-05-25 19:40:00+00:00,77362.9,77415.6,77354.9,77415.6,9.440195,730496.7879137,BTCUSDT,bybit
2026-05-25 19:45:00+00:00,77415.6,77450.4,77411.7,77437.9,8.547562,661797.2708951,BTCUSDT,bybit
2026-05-25 19:50:00+00:00,77437.9,77473.9,77415.4,77415.5,11.121704,861441.4871164,BTCUSDT,bybit
2026-05-25 19:55:00+00:00,77415.5,77470.0,77403.6,77445.4,8.780525,679969.2695189,BTCUSDT,bybit
2026-05-25 20:00:00+00:00,77445.4,77487.9,77419.7,77453.7,12.550444,972041.4599407,BTCUSDT,bybit
2026-05-25 20:05:00+00:00,77453.7,77470.3,77444.8,77461.5,10.201518,790170.9643242,BTCUSDT,bybit
2026-05-25 20:10:00+00:00,77461.5,77466.3,77448.4,77448.4,5.210923,403636.5415036,BTCUSDT,bybit
2026-05-25 20:15:00+00:00,77448.4,77508.6,77448.4,77508.6,10.157496,786961.7710454,BTCUSDT,bybit
2026-05-25 20:20:00+00:00,77508.6,77509.3,77470.4,77475.6,7.456489,577806.3565061,BTCUSDT,bybit
2026-05-25 20:25:00+00:00,77475.6,77492.3,77440.0,77443.0,18.634003,1443311.7987789,BTCUSDT,bybit
2026-05-25 20:30:00+00:00,77443.0,77478.7,77368.3,77376.9,37.901161,2934971.3577689,BTCUSDT,bybit
2026-05-25 20:35:00+00:00,77376.9,77381.7,77296.0,77338.9,39.488883,3053468.8849618,BTCUSDT,bybit
2026-05-25 20:40:00+00:00,77338.9,77369.4,77223.2,77276.3,65.003923,5023647.2029424,BTCUSDT,bybit
2026-05-25 20:45:00+00:00,77276.3,77323.5,77268.9,77271.9,17.614321,1361600.3215061,BTCUSDT,bybit
2026-05-25 20:50:00+00:00,77271.9,77327.8,77271.0,77307.5,15.474127,1196195.3013746,BTCUSDT,bybit
2026-05-25 20:55:00+00:00,77307.5,77354.6,77256.2,77283.1,25.756003,1990927.8736637,BTCUSDT,bybit
2026-05-25 21:00:00+00:00,77283.1,77350.5,77282.6,77350.5,19.492562,1507148.4256641,BTCUSDT,bybit
2026-05-25 21:05:00+00:00,77350.5,77375.0,77327.3,77340.5,12.024563,930107.3101493,BTCUSDT,bybit
2026-05-25 21:10:00+00:00,77340.5,77371.8,77340.4,77367.4,12.277369,949714.0760804,BTCUSDT,bybit
2026-05-25 21:15:00+00:00,77367.4,77367.4,77296.2,77332.8,12.124763,937546.173828,BTCUSDT,bybit
2026-05-25 21:20:00+00:00,77332.8,77340.1,77283.1,77292.0,7.28656,563285.4571371,BTCUSDT,bybit
2026-05-25 21:25:00+00:00,77292.0,77363.7,77287.6,77363.6,14.268023,1103424.480746,BTCUSDT,bybit
2026-05-25 21:30:00+00:00,77363.6,77367.4,77345.5,77347.9,6.538127,505781.6570335,BTCUSDT,bybit
2026-05-25 21:35:00+00:00,77347.9,77375.4,77284.9,77326.7,23.773158,1838249.6036869,BTCUSDT,bybit
2026-05-25 21:40:00+00:00,77326.7,77368.1,77281.8,77309.2,34.476521,2666284.6140141,BTCUSDT,bybit
2026-05-25 21:45:00+00:00,77309.2,77338.4,77304.2,77332.4,9.043029,699217.2494298,BTCUSDT,bybit
2026-05-25 21:50:00+00:00,77332.4,77366.2,77308.1,77360.3,17.894957,1383965.3049507,BTCUSDT,bybit
2026-05-25 21:55:00+00:00,77360.3,77399.6,77341.3,77374.3,19.238403,1488554.0129262,BTCUSDT,bybit
2026-05-25 22:00:00+00:00,77374.3,77389.6,77285.3,77318.9,38.864684,3005191.7520819,BTCUSDT,bybit
2026-05-25 22:05:00+00:00,77318.9,77410.1,77318.9,77342.0,30.348597,2348224.4976051,BTCUSDT,bybit
2026-05-25 22:10:00+00:00,77342.0,77457.7,77326.7,77414.2,31.678859,2451865.791533,BTCUSDT,bybit
2026-05-25 22:15:00+00:00,77414.2,77439.5,77336.0,77353.3,21.877307,1692828.3174487,BTCUSDT,bybit
2026-05-25 22:20:00+00:00,77353.3,77404.1,77339.9,77371.2,8.314726,643302.8880672,BTCUSDT,bybit
2026-05-25 22:25:00+00:00,77371.2,77371.2,77273.2,77305.0,19.687381,1522097.7258083,BTCUSDT,bybit
2026-05-25 22:30:00+00:00,77305.0,77305.0,77097.1,77144.2,86.434044,6669921.30170872,BTCUSDT,bybit
2026-05-25 22:35:00+00:00,77144.2,77190.1,77046.0,77185.5,47.426626,3657132.2132704,BTCUSDT,bybit
2026-05-25 22:40:00+00:00,77185.5,77211.7,77140.2,77193.4,20.944542,1616453.5309739,BTCUSDT,bybit
2026-05-25 22:45:00+00:00,77193.4,77229.3,77183.9,77229.2,13.129821,1013711.3461157,BTCUSDT,bybit
2026-05-25 22:50:00+00:00,77229.2,77249.5,77201.8,77224.3,10.993059,848954.608182,BTCUSDT,bybit
2026-05-25 22:55:00+00:00,77224.3,77224.3,77120.4,77120.5,27.89857,2153111.7400805,BTCUSDT,bybit
2026-05-25 23:00:00+00:00,77120.5,77201.7,77071.6,77186.6,46.849185,3614198.0354209,BTCUSDT,bybit
2026-05-25 23:05:00+00:00,77186.6,77294.6,77179.5,77263.9,28.960527,2237480.8227516,BTCUSDT,bybit
2026-05-25 23:10:00+00:00,77263.9,77289.7,77230.2,77289.7,11.158195,862012.6690824,BTCUSDT,bybit
2026-05-25 23:15:00+00:00,77289.7,77330.4,77262.4,77262.4,15.872851,1226848.0910207,BTCUSDT,bybit
2026-05-25 23:20:00+00:00,77262.4,77291.3,77254.9,77284.6,12.103087,935263.6370718,BTCUSDT,bybit
2026-05-25 23:25:00+00:00,77284.6,77303.6,77270.2,77286.2,11.552123,892860.8779527,BTCUSDT,bybit
2026-05-25 23:30:00+00:00,77286.2,77336.3,77256.7,77329.8,14.454295,1117366.7566022,BTCUSDT,bybit
2026-05-25 23:35:00+00:00,77329.8,77355.8,77312.2,77349.7,12.329312,953426.5154627,BTCUSDT,bybit
2026-05-25 23:40:00+00:00,77349.7,77362.0,77329.7,77335.7,9.15746,708322.8869575,BTCUSDT,bybit
2026-05-25 23:45:00+00:00,77335.7,77339.8,77304.2,77329.0,10.410149,804984.7335706,BTCUSDT,bybit
2026-05-25 23:50:00+00:00,77329.0,77348.3,77285.9,77348.3,11.456093,885817.8924008,BTCUSDT,bybit
2026-05-25 23:55:00+00:00,77348.3,77379.9,77322.1,77322.1,12.140049,939076.5776232,BTCUSDT,bybit
2026-05-26 00:00:00+00:00,77322.1,77354.9,77257.2,77263.2,51.574022,3986533.5387289,BTCUSDT,bybit
2026-05-26 00:05:00+00:00,77263.2,77305.4,77216.1,77240.4,38.063911,2941191.8312587,BTCUSDT,bybit
2026-05-26 00:10:00+00:00,77240.4,77240.4,77215.4,77233.9,11.757094,907976.0694587,BTCUSDT,bybit
2026-05-26 00:15:00+00:00,77233.9,77251.0,77122.7,77153.9,34.272557,2645202.3325785,BTCUSDT,bybit
2026-05-26 00:20:00+00:00,77153.9,77156.3,77084.9,77133.6,28.626968,2207551.3931279,BTCUSDT,bybit
2026-05-26 00:25:00+00:00,77133.6,77170.6,77102.2,77120.1,33.946162,2618487.8049683,BTCUSDT,bybit
2026-05-26 00:30:00+00:00,77120.1,77204.2,77110.3,77118.5,37.878025,2922287.2136396,BTCUSDT,bybit
2026-05-26 00:35:00+00:00,77118.5,77118.8,76942.8,76970.9,59.048314,4548480.8415755,BTCUSDT,bybit
2026-05-26 00:40:00+00:00,76970.9,76971.0,76827.1,76878.2,44.461423,3418807.83594097,BTCUSDT,bybit
2026-05-26 00:45:00+00:00,76878.2,76937.1,76805.1,76884.1,54.084595,4158087.02897198,BTCUSDT,bybit
2026-05-26 00:50:00+00:00,76884.1,76884.2,76572.8,76724.9,126.128697,9673226.1004256,BTCUSDT,bybit
2026-05-26 00:55:00+00:00,76724.9,76845.6,76722.8,76784.8,46.18505,3547135.8538788,BTCUSDT,bybit
2026-05-26 01:00:00+00:00,76784.8,76784.8,76624.5,76646.6,50.116031,3843928.2530458,BTCUSDT,bybit
2026-05-26 01:05:00+00:00,76646.6,76750.2,76636.2,76681.9,36.046994,2764547.5606131,BTCUSDT,bybit
2026-05-26 01:10:00+00:00,76681.9,76873.5,76667.3,76837.1,41.141731,3158784.8669141,BTCUSDT,bybit
2026-05-26 01:15:00+00:00,76837.1,76897.3,76799.4,76839.2,37.292523,2865717.4687238,BTCUSDT,bybit
2026-05-26 01:20:00+00:00,76839.2,76854.4,76799.3,76827.0,21.01905,1614724.6717504,BTCUSDT,bybit
2026-05-26 01:25:00+00:00,76827.0,76827.0,76726.4,76792.6,18.909982,1451838.6903146,BTCUSDT,bybit
2026-05-26 01:30:00+00:00,76792.6,76792.6,76622.7,76661.6,41.359915,3172109.8685314,BTCUSDT,bybit
2026-05-26 01:35:00+00:00,76661.6,76731.3,76641.2,76661.0,36.223596,2777669.5921683,BTCUSDT,bybit
2026-05-26 01:40:00+00:00,76661.0,76670.9,76575.9,76666.4,36.733624,2814990.2060986,BTCUSDT,bybit
2026-05-26 01:45:00+00:00,76666.4,76788.4,76651.7,76760.2,39.567069,3036023.8234992,BTCUSDT,bybit
2026-05-26 01:50:00+00:00,76760.2,76790.6,76755.7,76772.9,23.071706,1771342.9994666,BTCUSDT,bybit
2026-05-26 01:55:00+00:00,76772.9,76786.6,76740.8,76751.8,22.49824,1727019.4421756,BTCUSDT,bybit
2026-05-26 02:00:00+00:00,76751.8,76801.8,76630.5,76707.6,61.607063,4725662.4560691,BTCUSDT,bybit
2026-05-26 02:05:00+00:00,76707.6,76806.8,76705.3,76806.8,28.412292,2181130.6623401,BTCUSDT,bybit
2026-05-26 02:10:00+00:00,76806.8,76814.8,76762.0,76763.3,22.472096,1725638.8018146,BTCUSDT,bybit
2026-05-26 02:15:00+00:00,76763.3,76776.5,76686.0,76776.5,23.151374,1776439.8924355,BTCUSDT,bybit
2026-05-26 02:20:00+00:00,76776.5,76780.1,76693.9,76735.3,22.406995,1719392.3559105,BTCUSDT,bybit
2026-05-26 02:25:00+00:00,76735.3,76744.5,76663.1,76670.0,20.470602,1570478.8672476,BTCUSDT,bybit
2026-05-26 02:30:00+00:00,76670.0,76694.6,76655.6,76666.0,13.676659,1048622.7040076,BTCUSDT,bybit
2026-05-26 02:35:00+00:00,76666.0,76736.9,76658.3,76658.3,19.810774,1519398.7766757,BTCUSDT,bybit
2026-05-26 02:40:00+00:00,76658.3,76676.4,76592.2,76596.7,20.224954,1549810.1107736,BTCUSDT,bybit
2026-05-26 02:45:00+00:00,76596.7,76654.9,76510.7,76634.4,46.89576,3591180.54536846,BTCUSDT,bybit
2026-05-26 02:50:00+00:00,76634.4,76683.5,76629.7,76648.2,13.544932,1038374.9704712,BTCUSDT,bybit
2026-05-26 02:55:00+00:00,76648.2,76679.2,76618.5,76657.3,13.069567,1001775.6502773,BTCUSDT,bybit
2026-05-26 03:00:00+00:00,76657.3,76663.5,76602.5,76604.1,18.739968,1436116.3413231,BTCUSDT,bybit
2026-05-26 03:05:00+00:00,76604.1,76641.3,76584.3,76597.7,19.133091,1465790.0294023,BTCUSDT,bybit
2026-05-26 03:10:00+00:00,76597.7,76646.9,76563.0,76566.5,20.126115,1541891.644288,BTCUSDT,bybit
2026-05-26 03:15:00+00:00,76566.5,76605.5,76552.4,76552.4,12.985745,994420.789656,BTCUSDT,bybit
2026-05-26 03:20:00+00:00,76552.4,76613.2,76549.7,76574.5,21.539694,1649599.8583189,BTCUSDT,bybit
2026-05-26 03:25:00+00:00,76574.5,76588.0,76475.5,76588.0,82.192268,6288597.45280871,BTCUSDT,bybit
2026-05-26 03:30:00+00:00,76588.0,76674.7,76562.8,76665.0,33.532797,2569311.6699151,BTCUSDT,bybit
2026-05-26 03:35:00+00:00,76665.0,76714.4,76651.8,76682.5,23.367067,1791923.3634256,BTCUSDT,bybit
2026-05-26 03:40:00+00:00,76682.5,76682.5,76654.0,76655.0,6.581007,504542.9385514,BTCUSDT,bybit
2026-05-26 03:45:00+00:00,76655.0,76667.3,76637.4,76657.1,13.848364,1061512.4341334,BTCUSDT,bybit
2026-05-26 03:50:00+00:00,76657.1,76675.9,76648.1,76666.0,10.185123,780818.0255893,BTCUSDT,bybit
2026-05-26 03:55:00+00:00,76666.0,76672.1,76660.0,76662.0,7.169477,549656.7413394,BTCUSDT,bybit
2026-05-26 04:00:00+00:00,76662.0,76705.3,76620.3,76653.6,28.753554,2204027.4247694,BTCUSDT,bybit
2026-05-26 04:05:00+00:00,76653.6,76664.9,76625.8,76629.4,19.826934,1519625.7130548,BTCUSDT,bybit
2026-05-26 04:10:00+00:00,76629.4,76673.8,76623.9,76668.1,16.259355,1246203.7820008,BTCUSDT,bybit
2026-05-26 04:15:00+00:00,76668.1,76676.5,76629.7,76645.1,15.420488,1181892.7798633,BTCUSDT,bybit
2026-05-26 04:20:00+00:00,76645.1,76690.7,76605.1,76678.7,15.716204,1204498.9422901,BTCUSDT,bybit
2026-05-26 04:25:00+00:00,76678.7,76755.0,76678.6,76738.5,15.297077,1173447.5712446,BTCUSDT,bybit
2026-05-26 04:30:00+00:00,76738.5,76775.9,76734.6,76764.6,23.896607,1834429.3379032,BTCUSDT,bybit
2026-05-26 04:35:00+00:00,76764.6,76786.5,76756.9,76756.9,7.292072,559834.5969164,BTCUSDT,bybit
2026-05-26 04:40:00+00:00,76756.9,76768.8,76747.3,76768.8,5.710729,438333.2798513,BTCUSDT,bybit
2026-05-26 04:45:00+00:00,76768.8,76789.3,76751.5,76768.0,16.914921,1298619.642023,BTCUSDT,bybit
2026-05-26 04:50:00+00:00,76768.0,76780.2,76765.3,76765.3,6.882407,528384.0075333,BTCUSDT,bybit
2026-05-26 04:55:00+00:00,76765.3,76821.1,76747.2,76747.2,12.06394,926342.94658,BTCUSDT,bybit
2026-05-26 05:00:00+00:00,76747.2,76772.5,76703.8,76764.7,16.926975,1298837.9750573,BTCUSDT,bybit
2026-05-26 05:05:00+00:00,76764.7,76795.0,76710.5,76768.6,23.84535,1830227.7404114,BTCUSDT,bybit
2026-05-26 05:10:00+00:00,76768.6,76848.6,76766.3,76811.2,23.439808,1800520.1997768,BTCUSDT,bybit
2026-05-26 05:15:00+00:00,76811.2,76853.6,76811.2,76852.7,16.393581,1259628.21647929,BTCUSDT,bybit
2026-05-26 05:20:00+00:00,76852.7,76889.6,76852.6,76868.4,21.693881,1667694.3102279,BTCUSDT,bybit
2026-05-26 05:25:00+00:00,76868.4,76881.6,76860.8,76865.5,12.997611,999122.5742934,BTCUSDT,bybit
2026-05-26 05:30:00+00:00,76865.5,76896.8,76852.7,76896.8,9.650533,741882.0654183,BTCUSDT,bybit
2026-05-26 05:35:00+00:00,76896.8,76985.2,76896.8,76931.4,26.324763,2025823.3431029,BTCUSDT,bybit
2026-05-26 05:40:00+00:00,76931.4,76931.4,76883.6,76915.3,10.982157,844549.062004,BTCUSDT,bybit
2026-05-26 05:45:00+00:00,76915.3,76915.3,76878.0,76889.7,11.620655,893513.5774853,BTCUSDT,bybit
2026-05-26 05:50:00+00:00,76889.7,76892.8,76850.0,76851.0,8.89343,683611.5833738,BTCUSDT,bybit
2026-05-26 05:55:00+00:00,76851.0,76923.4,76850.9,76920.9,16.040917,1233424.540832,BTCUSDT,bybit
2026-05-26 06:00:00+00:00,76920.9,76921.0,76829.3,76873.2,32.393977,2489768.6199164,BTCUSDT,bybit
2026-05-26 06:05:00+00:00,76873.2,76913.0,76856.9,76903.3,11.594918,891546.8067605,BTCUSDT,bybit
2026-05-26 06:10:00+00:00,76903.3,76903.3,76847.1,76874.1,17.663833,1357770.3491436,BTCUSDT,bybit
2026-05-26 06:15:00+00:00,76874.1,76879.9,76847.1,76862.6,12.780056,982349.8518812,BTCUSDT,bybit
2026-05-26 06:20:00+00:00,76862.6,76880.0,76840.5,76879.9,31.637938,2431737.3606748,BTCUSDT,bybit
2026-05-26 06:25:00+00:00,76879.9,76906.2,76765.0,76838.0,35.624619,2737216.6715866,BTCUSDT,bybit
2026-05-26 06:30:00+00:00,76838.0,76876.4,76834.2,76863.7,36.332066,2792375.0668695,BTCUSDT,bybit
2026-05-26 06:35:00+00:00,76863.7,76993.9,76863.7,76993.8,20.135081,1548926.463124,BTCUSDT,bybit
2026-05-26 06:40:00+00:00,76993.8,77061.2,76941.8,76975.9,56.883537,4379845.0159483,BTCUSDT,bybit
2026-05-26 06:45:00+00:00,76975.9,76975.9,76932.4,76945.9,20.206518,1555072.7601962,BTCUSDT,bybit
2026-05-26 06:50:00+00:00,76945.9,76954.7,76923.7,76926.8,9.924012,763537.2473887,BTCUSDT,bybit
2026-05-26 06:55:00+00:00,76926.8,76934.6,76902.7,76902.8,12.72672,978947.4650011,BTCUSDT,bybit
2026-05-26 07:00:00+00:00,76902.8,76920.2,76847.7,76847.7,21.806524,1676674.9447576,BTCUSDT,bybit
2026-05-26 07:05:00+00:00,76847.7,76847.8,76743.6,76743.6,20.608484,1582943.7252298,BTCUSDT,bybit
2026-05-26 07:10:00+00:00,76743.6,76752.3,76660.4,76685.1,20.231172,1551695.3637058,BTCUSDT,bybit
2026-05-26 07:15:00+00:00,76685.1,76689.8,76604.0,76689.8,45.067652,3454282.1628846,BTCUSDT,bybit
2026-05-26 07:20:00+00:00,76689.8,76690.2,76646.4,76690.1,22.005399,1687019.2982782,BTCUSDT,bybit
2026-05-26 07:25:00+00:00,76690.1,76716.0,76688.9,76704.9,17.572061,1347826.4244172,BTCUSDT,bybit
2026-05-26 07:30:00+00:00,76704.9,76704.9,76614.3,76677.3,44.055356,3377285.3135493,BTCUSDT,bybit
2026-05-26 07:35:00+00:00,76677.3,76677.4,76627.3,76641.7,37.212845,2852154.4994555,BTCUSDT,bybit
2026-05-26 07:40:00+00:00,76641.7,76680.1,76641.7,76655.6,16.900205,1295677.5963658,BTCUSDT,bybit
2026-05-26 07:45:00+00:00,76655.6,76688.1,76653.0,76688.1,11.415035,875195.5146434,BTCUSDT,bybit
2026-05-26 07:50:00+00:00,76688.1,76764.7,76688.0,76764.7,9.737701,747089.3232347,BTCUSDT,bybit
2026-05-26 07:55:00+00:00,76764.7,76764.7,76684.8,76727.5,29.458307,2260203.3206579,BTCUSDT,bybit
2026-05-26 08:00:00+00:00,76727.5,76753.0,76695.6,76732.8,25.994129,1994640.8154982,BTCUSDT,bybit
2026-05-26 08:05:00+00:00,76732.8,76768.4,76714.9,76768.3,14.544263,1116029.2871334,BTCUSDT,bybit
2026-05-26 08:10:00+00:00,76768.3,76821.0,76763.5,76794.3,11.340582,870941.953722,BTCUSDT,bybit
2026-05-26 08:15:00+00:00,76794.3,76794.4,76730.7,76790.9,16.478391,1264735.38715,BTCUSDT,bybit
2026-05-26 08:20:00+00:00,76790.9,76800.0,76773.5,76791.1,10.283773,789658.2291363,BTCUSDT,bybit
2026-05-26 08:25:00+00:00,76791.1,76820.9,76772.7,76803.8,17.780443,1365532.7725675,BTCUSDT,bybit
2026-05-26 08:30:00+00:00,76803.8,76820.7,76763.0,76771.3,16.312321,1252673.367479,BTCUSDT,bybit
2026-05-26 08:35:00+00:00,76771.3,76856.5,76754.4,76856.5,12.810291,983816.2367631,BTCUSDT,bybit
2026-05-26 08:40:00+00:00,76856.5,76856.5,76825.0,76832.8,6.36839,489330.4322345,BTCUSDT,bybit
2026-05-26 08:45:00+00:00,76832.8,76835.7,76767.9,76768.0,13.54935,1040616.9664444,BTCUSDT,bybit
2026-05-26 08:50:00+00:00,76768.0,76786.2,76715.6,76786.1,20.606698,1581667.6847075,BTCUSDT,bybit
2026-05-26 08:55:00+00:00,76786.1,76789.4,76728.1,76728.1,18.684564,1434177.9685113,BTCUSDT,bybit
2026-05-26 09:00:00+00:00,76728.1,76747.1,76679.9,76718.4,18.758799,1439006.2992133,BTCUSDT,bybit
2026-05-26 09:05:00+00:00,76718.4,76718.4,76665.7,76670.4,16.006209,1227496.7453615,BTCUSDT,bybit
2026-05-26 09:10:00+00:00,76670.4,76729.6,76666.3,76687.4,16.746778,1284376.9532569,BTCUSDT,bybit
2026-05-26 09:15:00+00:00,76687.4,76803.8,76663.0,76787.2,34.789479,2669643.7238655,BTCUSDT,bybit
2026-05-26 09:20:00+00:00,76787.2,76787.2,76639.4,76664.2,23.838076,1828539.5530564,BTCUSDT,bybit
2026-05-26 09:25:00+00:00,76664.2,76741.4,76658.4,76733.6,15.31781,1175025.8034839,BTCUSDT,bybit
2026-05-26 09:30:00+00:00,76733.6,76786.3,76721.5,76723.7,24.449542,1876641.5814018,BTCUSDT,bybit
2026-05-26 09:35:00+00:00,76723.7,76741.4,76665.6,76709.5,34.539002,2649413.7236621,BTCUSDT,bybit
2026-05-26 09:40:00+00:00,76709.5,76768.4,76675.9,76686.5,39.300963,3015293.1475758,BTCUSDT,bybit
2026-05-26 09:45:00+00:00,76686.5,76705.2,76645.2,76652.2,13.830787,1060559.7624062,BTCUSDT,bybit
2026-05-26 09:50:00+00:00,76652.2,76677.2,76652.1,76673.0,8.117411,622318.2254153,BTCUSDT,bybit
2026-05-26 09:55:00+00:00,76673.0,76688.9,76673.0,76675.2,8.454624,648283.8490942,BTCUSDT,bybit
2026-05-26 10:00:00+00:00,76675.2,76680.6,76618.0,76618.1,24.080383,1845785.9982773,BTCUSDT,bybit
2026-05-26 10:05:00+00:00,76618.1,76657.9,76578.2,76657.9,18.885881,1446891.8353035,BTCUSDT,bybit
2026-05-26 10:10:00+00:00,76657.9,76724.1,76656.9,76718.8,11.661135,894238.8133205,BTCUSDT,bybit
2026-05-26 10:15:00+00:00,76718.8,76911.5,76718.8,76891.2,36.704739,2819120.3402943,BTCUSDT,bybit
2026-05-26 10:20:00+00:00,76891.2,76980.0,76880.0,76948.2,51.530201,3963950.9427337,BTCUSDT,bybit
2026-05-26 10:25:00+00:00,76948.2,77275.0,76928.4,77234.8,140.507248,10839215.131466,BTCUSDT,bybit
2026-05-26 10:30:00+00:00,77234.8,77280.0,77172.1,77277.8,87.808569,6781499.7436144,BTCUSDT,bybit
2026-05-26 10:35:00+00:00,77277.8,77469.3,77232.4,77425.3,126.60597,9796599.76889158,BTCUSDT,bybit
2026-05-26 10:40:00+00:00,77425.3,77576.9,77425.3,77511.6,89.498025,6936821.26697238,BTCUSDT,bybit
2026-05-26 10:45:00+00:00,77511.6,77576.5,77410.3,77539.6,70.99952,5502467.3096873,BTCUSDT,bybit
2026-05-26 10:50:00+00:00,77539.6,77626.2,77466.7,77475.5,77.836355,6034386.3158098,BTCUSDT,bybit
2026-05-26 10:55:00+00:00,77475.5,77529.2,77425.0,77433.1,51.694629,4005731.5708137,BTCUSDT,bybit
2026-05-26 11:00:00+00:00,77433.1,77491.9,77414.0,77486.3,34.786281,2694311.0570769,BTCUSDT,bybit
2026-05-26 11:05:00+00:00,77486.3,77513.2,77375.0,77378.2,40.290904,3120528.6154228,BTCUSDT,bybit
2026-05-26 11:10:00+00:00,77378.2,77388.8,77263.0,77274.6,31.197832,2412270.0980284,BTCUSDT,bybit
2026-05-26 11:15:00+00:00,77274.6,77366.0,77267.1,77314.8,40.818245,3155755.3020488,BTCUSDT,bybit
2026-05-26 11:20:00+00:00,77314.8,77314.8,77219.2,77259.0,33.765919,2608451.4045536,BTCUSDT,bybit
2026-05-26 11:25:00+00:00,77259.0,77290.8,77238.8,77238.8,22.611713,1746916.9917687,BTCUSDT,bybit
2026-05-26 11:30:00+00:00,77238.8,77326.1,77222.0,77253.3,38.256952,2956142.224285,BTCUSDT,bybit
2026-05-26 11:35:00+00:00,77253.3,77271.0,77175.3,77233.2,31.633816,2442432.7231469,BTCUSDT,bybit
2026-05-26 11:40:00+00:00,77233.2,77274.1,77225.6,77236.4,11.969554,924640.8575313,BTCUSDT,bybit
2026-05-26 11:45:00+00:00,77236.4,77277.0,77215.6,77263.4,14.961202,1155716.040345,BTCUSDT,bybit
2026-05-26 11:50:00+00:00,77263.4,77288.8,77246.5,77246.5,9.961132,769622.9622672,BTCUSDT,bybit
2026-05-26 11:55:00+00:00,77246.5,77271.1,77189.7,77195.9,19.453053,1502341.0357586,BTCUSDT,bybit
2026-05-26 12:00:00+00:00,77195.9,77236.8,77190.7,77226.6,23.021185,1777467.548226,BTCUSDT,bybit
2026-05-26 12:05:00+00:00,77226.6,77239.8,76878.9,76961.0,129.037583,9936951.47244324,BTCUSDT,bybit
2026-05-26 12:10:00+00:00,76961.0,77082.2,76943.7,77057.6,35.790062,2756240.6082572,BTCUSDT,bybit
2026-05-26 12:15:00+00:00,77057.6,77108.2,77020.9,77063.9,24.872071,1916976.8835896,BTCUSDT,bybit
2026-05-26 12:20:00+00:00,77063.9,77070.0,76994.9,77009.7,22.527931,1735401.8347685,BTCUSDT,bybit
2026-05-26 12:25:00+00:00,77009.7,77022.5,76958.6,77022.5,23.555631,1813308.2777805,BTCUSDT,bybit
2026-05-26 12:30:00+00:00,77022.5,77073.7,76968.6,77049.8,25.759918,1984322.5156468,BTCUSDT,bybit
2026-05-26 12:35:00+00:00,77049.8,77057.7,77030.5,77048.4,10.422559,802991.2410118,BTCUSDT,bybit
2026-05-26 12:40:00+00:00,77048.4,77118.3,77048.4,77099.1,22.462418,1731497.399918,BTCUSDT,bybit
2026-05-26 12:45:00+00:00,77099.1,77128.8,77065.9,77103.3,31.559128,2433137.8567115,BTCUSDT,bybit
2026-05-26 12:50:00+00:00,77103.3,77122.2,77064.6,77117.7,16.134938,1243976.2055593,BTCUSDT,bybit
2026-05-26 12:55:00+00:00,77117.7,77154.0,77116.5,77144.8,33.154871,2557358.6905353,BTCUSDT,bybit
2026-05-26 13:00:00+00:00,77144.8,77162.3,77089.8,77109.7,30.004693,2314230.2932395,BTCUSDT,bybit
2026-05-26 13:05:00+00:00,77109.7,77117.2,77063.3,77065.4,20.504036,1580595.4041975,BTCUSDT,bybit
2026-05-26 13:10:00+00:00,77065.4,77094.4,77052.8,77094.3,11.460089,883233.2091079,BTCUSDT,bybit
2026-05-26 13:15:00+00:00,77094.3,77099.0,76956.9,76960.2,18.68258,1439249.6979881,BTCUSDT,bybit
2026-05-26 13:20:00+00:00,76960.2,77010.6,76800.7,76884.8,100.574665,7732192.57259235,BTCUSDT,bybit
2026-05-26 13:25:00+00:00,76884.8,76887.2,76804.1,76804.7,29.082384,2234483.3176658,BTCUSDT,bybit
2026-05-26 13:30:00+00:00,76804.7,76862.2,76691.4,76803.4,95.142135,7305401.0614604,BTCUSDT,bybit
2026-05-26 13:35:00+00:00,76803.4,76906.1,76748.7,76842.9,208.705919,16041000.6482083,BTCUSDT,bybit
2026-05-26 13:40:00+00:00,76842.9,76966.7,76804.0,76889.0,438.626053,33707074.2546176,BTCUSDT,bybit
2026-05-26 13:45:00+00:00,76889.0,77423.4,76889.0,77373.1,482.855894,37271978.20027764,BTCUSDT,bybit
2026-05-26 13:50:00+00:00,77373.1,77509.7,77161.0,77189.9,165.405192,12789041.84147851,BTCUSDT,bybit
2026-05-26 13:55:00+00:00,77189.9,77343.7,77189.9,77242.6,69.562991,5375047.8022447,BTCUSDT,bybit
2026-05-26 14:00:00+00:00,77242.6,77294.2,77175.7,77192.6,82.634193,6381814.42925,BTCUSDT,bybit
2026-05-26 14:05:00+00:00,77192.6,77284.6,77152.9,77251.2,37.093481,2864243.0658494,BTCUSDT,bybit
2026-05-26 14:10:00+00:00,77251.2,77419.8,77251.2,77419.8,68.747677,5316110.1040758,BTCUSDT,bybit
2026-05-26 14:15:00+00:00,77419.8,77713.9,77369.0,77532.2,133.772454,10373373.29827647,BTCUSDT,bybit
2026-05-26 14:20:00+00:00,77532.2,77884.9,77530.0,77795.5,115.534902,8979320.27752682,BTCUSDT,bybit
2026-05-26 14:25:00+00:00,77795.5,78089.9,77795.5,77963.2,193.819084,15115792.62608839,BTCUSDT,bybit
2026-05-26 14:30:00+00:00,77963.2,78005.3,77532.8,77573.9,134.176249,10430101.1925392,BTCUSDT,bybit
2026-05-26 14:35:00+00:00,77573.9,77582.9,76909.2,76932.7,208.426304,16091348.93063728,BTCUSDT,bybit
2026-05-26 14:40:00+00:00,76932.7,77015.0,76743.8,76813.4,267.319588,20551586.54598835,BTCUSDT,bybit
2026-05-26 14:45:00+00:00,76813.4,76999.2,76717.3,76966.4,157.264079,12087855.0022354,BTCUSDT,bybit
2026-05-26 14:50:00+00:00,76966.4,77192.4,76935.6,77080.0,97.752056,7535874.92967544,BTCUSDT,bybit
2026-05-26 14:55:00+00:00,77080.0,77080.1,76901.2,76904.6,69.453716,5347192.5190096,BTCUSDT,bybit
2026-05-26 15:00:00+00:00,76904.6,77006.7,76678.6,76836.6,145.434363,11176285.95909527,BTCUSDT,bybit
2026-05-26 15:05:00+00:00,76836.6,76923.4,76744.7,76872.8,77.910005,5987334.9884818,BTCUSDT,bybit
2026-05-26 15:10:00+00:00,76872.8,76971.9,76853.5,76965.3,41.339643,3179782.5746559,BTCUSDT,bybit
2026-05-26 15:15:00+00:00,76965.3,76977.7,76842.2,76856.0,45.998005,3537326.3733724,BTCUSDT,bybit
2026-05-26 15:20:00+00:00,76856.0,76868.4,76547.9,76704.3,96.215805,7378998.8086281,BTCUSDT,bybit
2026-05-26 15:25:00+00:00,76704.3,76759.9,76627.1,76642.8,41.312131,3169019.5944272,BTCUSDT,bybit
2026-05-26 15:30:00+00:00,76642.8,76697.9,76346.8,76431.0,243.593907,18627999.08102984,BTCUSDT,bybit
2026-05-26 15:35:00+00:00,76431.0,76467.3,76345.7,76448.3,156.815998,11982515.6531151,BTCUSDT,bybit
2026-05-26 15:40:00+00:00,76448.3,76594.7,76350.2,76527.3,89.696069,6860721.9004361,BTCUSDT,bybit
2026-05-26 15:45:00+00:00,76527.3,76527.3,76392.4,76441.0,70.026321,5354161.5001612,BTCUSDT,bybit
2026-05-26 15:50:00+00:00,76441.0,76476.9,76256.5,76292.2,89.140369,6806499.53262066,BTCUSDT,bybit
2026-05-26 15:55:00+00:00,76292.2,76544.4,76263.5,76506.2,56.252382,4296174.5750929,BTCUSDT,bybit
2026-05-26 16:00:00+00:00,76506.2,76516.8,76402.4,76464.6,50.228762,3840238.1704157,BTCUSDT,bybit
2026-05-26 16:05:00+00:00,76464.6,76475.7,76371.8,76443.2,53.432957,4083114.574417,BTCUSDT,bybit
2026-05-26 16:10:00+00:00,76443.2,76443.2,76190.7,76324.1,110.847878,8460109.57715334,BTCUSDT,bybit
2026-05-26 16:15:00+00:00,76324.1,76491.7,76302.6,76461.9,51.575724,3941204.1972263,BTCUSDT,bybit
2026-05-26 16:20:00+00:00,76461.9,76530.1,76406.1,76516.1,58.350188,4462009.5705485,BTCUSDT,bybit
2026-05-26 16:25:00+00:00,76516.1,76564.0,76456.5,76538.9,74.432037,5694764.83289084,BTCUSDT,bybit
2026-05-26 16:30:00+00:00,76538.9,76608.8,76486.8,76602.0,67.384864,5157918.5843556,BTCUSDT,bybit
2026-05-26 16:35:00+00:00,76602.0,76711.9,76597.4,76634.5,51.551009,3952240.8804811,BTCUSDT,bybit
2026-05-26 16:40:00+00:00,76634.5,76639.1,76539.5,76539.5,40.148316,3074728.9813158,BTCUSDT,bybit
2026-05-26 16:45:00+00:00,76539.5,76602.5,76461.1,76461.1,36.162962,2768182.8608685,BTCUSDT,bybit
2026-05-26 16:50:00+00:00,76461.1,76523.7,76401.8,76511.4,40.594843,3103953.2818413,BTCUSDT,bybit
2026-05-26 16:55:00+00:00,76511.4,76555.7,76483.0,76555.7,32.679149,2500601.4836032,BTCUSDT,bybit
2026-05-26 17:00:00+00:00,76555.7,76646.1,76531.3,76591.2,33.311202,2551159.793197,BTCUSDT,bybit
2026-05-26 17:05:00+00:00,76591.2,76591.2,76465.8,76549.2,23.032771,1762208.7332433,BTCUSDT,bybit
2026-05-26 17:10:00+00:00,76549.2,76558.7,76476.3,76476.3,20.958644,1603665.1174127,BTCUSDT,bybit
2026-05-26 17:15:00+00:00,76476.3,76483.1,76299.0,76312.9,39.399735,3009403.0265916,BTCUSDT,bybit
2026-05-26 17:20:00+00:00,76312.9,76312.9,76137.2,76173.8,75.965792,5790336.36693636,BTCUSDT,bybit
2026-05-26 17:25:00+00:00,76173.8,76193.8,76048.1,76065.9,82.991463,6316639.95925139,BTCUSDT,bybit
2026-05-26 17:30:00+00:00,76065.9,76065.9,75843.9,75893.6,195.061001,14813838.37008122,BTCUSDT,bybit
2026-05-26 17:35:00+00:00,75893.6,76032.0,75884.5,75964.4,53.468276,4062270.7140689,BTCUSDT,bybit
2026-05-26 17:40:00+00:00,75964.4,76023.3,75857.7,76016.2,88.635345,6731271.5289725,BTCUSDT,bybit
2026-05-26 17:45:00+00:00,76016.2,76149.2,75982.2,76118.4,60.336461,4588222.8952471,BTCUSDT,bybit
2026-05-26 17:50:00+00:00,76118.4,76122.2,76023.9,76027.0,28.974246,2203685.8158705,BTCUSDT,bybit
2026-05-26 17:55:00+00:00,76027.0,76070.8,75920.4,75929.7,42.676362,3243380.5158937,BTCUSDT,bybit
2026-05-26 18:00:00+00:00,75929.7,76012.4,75853.6,75981.8,86.677207,6582302.7189425,BTCUSDT,bybit
2026-05-26 18:05:00+00:00,75981.8,76023.7,75937.9,75989.5,26.454467,2010071.2226222,BTCUSDT,bybit
2026-05-26 18:10:00+00:00,75989.5,76025.8,75911.8,76015.4,31.804037,2416400.5048084,BTCUSDT,bybit
2026-05-26 18:15:00+00:00,76015.4,76136.4,76003.9,76107.1,41.421943,3150935.8798648,BTCUSDT,bybit
2026-05-26 18:20:00+00:00,76107.1,76266.5,76102.6,76234.2,54.508521,4153509.64479739,BTCUSDT,bybit
2026-05-26 18:25:00+00:00,76234.2,76265.8,76065.2,76099.5,27.143985,2067795.9964544,BTCUSDT,bybit
2026-05-26 18:30:00+00:00,76099.5,76138.7,76050.0,76130.8,24.781815,1885917.0659971,BTCUSDT,bybit
2026-05-26 18:35:00+00:00,76130.8,76132.5,76049.7,76083.5,23.005339,1750516.1321342,BTCUSDT,bybit
2026-05-26 18:40:00+00:00,76083.5,76083.5,75885.4,75910.2,68.998886,5242896.87852972,BTCUSDT,bybit
2026-05-26 18:45:00+00:00,75910.2,76004.9,75905.3,75953.6,25.984448,1973519.7163872,BTCUSDT,bybit
2026-05-26 18:50:00+00:00,75953.6,75986.8,75936.8,75941.3,17.115059,1300074.8281833,BTCUSDT,bybit
2026-05-26 18:55:00+00:00,75941.3,75952.4,75766.6,75839.9,61.037395,4629566.35907814,BTCUSDT,bybit
2026-05-26 19:00:00+00:00,75839.9,75890.5,75827.7,75857.3,32.385976,2456679.2438828,BTCUSDT,bybit
2026-05-26 19:05:00+00:00,75857.3,75921.7,75832.0,75894.8,25.067593,1902061.8725471,BTCUSDT,bybit
2026-05-26 19:10:00+00:00,75894.8,75935.4,75828.0,75853.8,23.651539,1794676.9499637,BTCUSDT,bybit
2026-05-26 19:15:00+00:00,75853.8,75894.6,75794.1,75876.8,27.735109,2103679.7886243,BTCUSDT,bybit
2026-05-26 19:20:00+00:00,75876.8,75909.2,75857.0,75878.6,16.814766,1275928.824121,BTCUSDT,bybit
2026-05-26 19:25:00+00:00,75878.6,75931.4,75867.4,75913.8,29.15404,2213014.7369708,BTCUSDT,bybit
2026-05-26 19:30:00+00:00,75913.8,75995.2,75913.8,75926.2,43.371406,3294049.9241411,BTCUSDT,bybit
2026-05-26 19:35:00+00:00,75926.2,75965.0,75876.3,75954.5,20.528895,1558617.0376695,BTCUSDT,bybit
2026-05-26 19:40:00+00:00,75954.5,76050.4,75942.0,76016.5,31.550127,2398157.3087349,BTCUSDT,bybit
2026-05-26 19:45:00+00:00,76016.5,76045.1,75985.8,76005.7,22.672219,1723502.8756769,BTCUSDT,bybit
2026-05-26 19:50:00+00:00,76005.7,76098.2,76005.1,76066.8,34.09548,2593304.5226844,BTCUSDT,bybit
2026-05-26 19:55:00+00:00,76066.8,76086.1,76019.0,76054.0,28.952847,2201959.2653068,BTCUSDT,bybit
2026-05-26 20:00:00+00:00,76054.0,76095.9,76030.1,76093.4,40.239409,3060769.392756,BTCUSDT,bybit
2026-05-26 20:05:00+00:00,76093.4,76115.8,76069.3,76084.3,17.66881,1344414.4709549,BTCUSDT,bybit
2026-05-26 20:10:00+00:00,76084.3,76121.5,76076.8,76111.8,19.540093,1486981.129997,BTCUSDT,bybit
2026-05-26 20:15:00+00:00,76111.8,76148.8,76042.2,76048.1,24.608799,1872751.8979374,BTCUSDT,bybit
2026-05-26 20:20:00+00:00,76048.1,76066.6,76011.5,76048.9,30.516549,2320298.8765761,BTCUSDT,bybit
2026-05-26 20:25:00+00:00,76048.9,76158.9,76048.9,76158.5,17.831115,1357346.4112984,BTCUSDT,bybit
2026-05-26 20:30:00+00:00,76158.5,76180.7,76018.6,76029.7,29.314865,2231204.4914459,BTCUSDT,bybit
2026-05-26 20:35:00+00:00,76029.7,76062.9,75982.2,76044.1,32.327879,2457609.5154385,BTCUSDT,bybit
2026-05-26 20:40:00+00:00,76044.1,76094.4,76042.0,76074.5,8.397792,638758.9439275,BTCUSDT,bybit
2026-05-26 20:45:00+00:00,76074.5,76117.9,76065.8,76089.0,11.185731,851147.9343797,BTCUSDT,bybit
2026-05-26 20:50:00+00:00,76089.0,76103.9,76069.5,76081.7,13.570222,1032476.0711418,BTCUSDT,bybit
2026-05-26 20:55:00+00:00,76081.7,76119.0,76068.8,76106.1,19.235828,1463863.0693479,BTCUSDT,bybit
2026-05-26 21:00:00+00:00,76106.1,76117.8,76005.9,76018.6,11.213622,852998.8748926,BTCUSDT,bybit
2026-05-26 21:05:00+00:00,76018.6,76035.8,75987.4,76008.4,11.752758,893352.817999,BTCUSDT,bybit
2026-05-26 21:10:00+00:00,76008.4,76008.4,75842.5,75889.2,45.183561,3429324.8574341,BTCUSDT,bybit
2026-05-26 21:15:00+00:00,75889.2,75974.9,75885.7,75967.9,17.018119,1292299.5188002,BTCUSDT,bybit
2026-05-26 21:20:00+00:00,75967.9,76023.6,75961.0,76013.6,8.793911,668350.1735549,BTCUSDT,bybit
2026-05-26 21:25:00+00:00,76013.6,76052.1,76009.6,76042.1,9.53975,725340.7928251,BTCUSDT,bybit
2026-05-26 21:30:00+00:00,76042.1,76075.8,75984.0,76000.3,12.512515,951297.9925588,BTCUSDT,bybit
2026-05-26 21:35:00+00:00,76000.3,76043.2,75996.2,76014.8,10.2259,777345.7704827,BTCUSDT,bybit
2026-05-26 21:40:00+00:00,76014.8,76049.3,75974.4,76002.1,13.90061,1056537.6392583,BTCUSDT,bybit
2026-05-26 21:45:00+00:00,76002.1,76040.0,76000.0,76000.0,9.185837,698300.2472646,BTCUSDT,bybit
2026-05-26 21:50:00+00:00,76000.0,76000.0,75924.7,75933.1,17.681936,1343118.5298745,BTCUSDT,bybit
2026-05-26 21:55:00+00:00,75933.1,75948.1,75859.3,75892.7,23.995788,1821212.4111425,BTCUSDT,bybit
2026-05-26 22:00:00+00:00,75892.7,75997.5,75885.0,75920.9,17.22467,1308050.598514,BTCUSDT,bybit
2026-05-26 22:05:00+00:00,75920.9,75923.2,75782.1,75843.6,31.047134,2354771.3842833,BTCUSDT,bybit
2026-05-26 22:10:00+00:00,75843.6,75863.4,75700.0,75793.7,46.242896,3504591.41012599,BTCUSDT,bybit
2026-05-26 22:15:00+00:00,75793.7,75840.9,75738.2,75781.0,25.914629,1963892.9139265,BTCUSDT,bybit
2026-05-26 22:20:00+00:00,75781.0,75816.1,75768.3,75794.5,12.103257,917336.9210115,BTCUSDT,bybit
2026-05-26 22:25:00+00:00,75794.5,75804.2,75771.5,75791.5,12.333051,934710.8838308,BTCUSDT,bybit
2026-05-26 22:30:00+00:00,75791.5,75858.5,75763.4,75855.7,16.251072,1232058.9128187,BTCUSDT,bybit
2026-05-26 22:35:00+00:00,75855.7,75866.3,75772.7,75801.0,22.058954,1672334.8304684,BTCUSDT,bybit
2026-05-26 22:40:00+00:00,75801.0,75839.4,75778.9,75801.8,19.03339,1442886.5628208,BTCUSDT,bybit
2026-05-26 22:45:00+00:00,75801.8,75801.8,75671.0,75699.9,32.542214,2463885.42407896,BTCUSDT,bybit
2026-05-26 22:50:00+00:00,75699.9,75765.3,75681.3,75747.2,16.805783,1272415.1892103,BTCUSDT,bybit
2026-05-26 22:55:00+00:00,75747.2,75748.2,75714.6,75748.2,11.621928,880178.9248847,BTCUSDT,bybit
2026-05-26 23:00:00+00:00,75748.2,75899.2,75748.2,75871.9,32.527894,2467381.2258998,BTCUSDT,bybit
2026-05-26 23:05:00+00:00,75871.9,75895.6,75826.4,75882.0,20.487896,1554318.003879,BTCUSDT,bybit
2026-05-26 23:10:00+00:00,75882.0,75931.4,75876.7,75886.4,27.706675,2103027.3227082,BTCUSDT,bybit
2026-05-26 23:15:00+00:00,75886.4,75941.2,75878.0,75921.7,9.389671,712775.8639516,BTCUSDT,bybit
2026-05-26 23:20:00+00:00,75921.7,75932.4,75888.1,75888.1,7.264259,551446.4168595,BTCUSDT,bybit
2026-05-26 23:25:00+00:00,75888.1,75905.7,75865.1,75904.0,10.148132,770115.9185082,BTCUSDT,bybit
2026-05-26 23:30:00+00:00,75904.0,75923.0,75893.4,75906.7,10.620984,806180.8094832,BTCUSDT,bybit
2026-05-26 23:35:00+00:00,75906.7,75978.6,75889.9,75951.0,12.215386,927633.9229681,BTCUSDT,bybit
2026-05-26 23:40:00+00:00,75951.0,75989.9,75936.8,75947.8,13.920676,1057510.2856412,BTCUSDT,bybit
2026-05-26 23:45:00+00:00,75947.8,75963.7,75923.7,75930.7,8.854606,672477.0557966,BTCUSDT,bybit
2026-05-26 23:50:00+00:00,75930.7,75932.9,75894.0,75926.6,7.028113,533548.989628,BTCUSDT,bybit
2026-05-26 23:55:00+00:00,75926.6,75932.4,75892.8,75929.4,11.617372,881865.8011168,BTCUSDT,bybit
2026-05-27 00:00:00+00:00,75929.4,75976.4,75912.4,75917.9,35.709966,2712055.7900769,BTCUSDT,bybit
2026-05-27 00:05:00+00:00,75917.9,75984.4,75917.9,75984.4,24.004135,1823291.1397385,BTCUSDT,bybit
2026-05-27 00:10:00+00:00,75984.4,76018.5,75954.2,75979.8,20.459266,1554572.1348743,BTCUSDT,bybit
2026-05-27 00:15:00+00:00,75979.8,75979.8,75875.7,75895.1,16.802268,1275553.7318376,BTCUSDT,bybit
2026-05-27 00:20:00+00:00,75895.1,75909.5,75875.6,75886.3,11.030895,837170.0155399,BTCUSDT,bybit
2026-05-27 00:25:00+00:00,75886.3,75940.6,75886.3,75925.2,13.538816,1027849.433937,BTCUSDT,bybit
2026-05-27 00:30:00+00:00,75925.2,76043.2,75925.2,76002.5,28.897376,2196002.5432063,BTCUSDT,bybit
2026-05-27 00:35:00+00:00,76002.5,76003.5,75890.9,75904.9,16.964024,1288477.865828,BTCUSDT,bybit
2026-05-27 00:40:00+00:00,75904.9,75987.2,75904.9,75962.7,16.020103,1216741.7337697,BTCUSDT,bybit
2026-05-27 00:45:00+00:00,75962.7,76023.0,75948.7,75952.6,24.945222,1895572.0389505,BTCUSDT,bybit
2026-05-27 00:50:00+00:00,75952.6,76054.5,75952.6,76034.4,32.170955,2445130.0644508,BTCUSDT,bybit
2026-05-27 00:55:00+00:00,76034.4,76084.3,76030.8,76075.2,11.383013,865881.4500038,BTCUSDT,bybit
2026-05-27 01:00:00+00:00,76075.2,76104.1,76010.2,76051.3,31.437894,2390921.6712856,BTCUSDT,bybit
2026-05-27 01:05:00+00:00,76051.3,76073.3,75999.9,76057.9,15.347569,1166867.2891557,BTCUSDT,bybit
2026-05-27 01:10:00+00:00,76057.9,76077.5,76035.2,76075.9,11.377762,865361.7718535,BTCUSDT,bybit
2026-05-27 01:15:00+00:00,76075.9,76075.9,75880.7,75883.5,24.811768,1885226.7248279,BTCUSDT,bybit
2026-05-27 01:20:00+00:00,75883.5,75889.5,75815.2,75861.0,26.756173,2029339.4598874,BTCUSDT,bybit
2026-05-27 01:25:00+00:00,75861.0,75885.0,75830.3,75870.7,13.623267,1033483.9858624,BTCUSDT,bybit
2026-05-27 01:30:00+00:00,75870.7,75905.4,75828.7,75855.8,28.356475,2151228.4028867,BTCUSDT,bybit
2026-05-27 01:35:00+00:00,75855.8,75872.8,75824.9,75868.8,15.072833,1143387.592153,BTCUSDT,bybit
2026-05-27 01:40:00+00:00,75868.8,75926.7,75844.3,75861.3,25.641114,1945634.6569394,BTCUSDT,bybit
2026-05-27 01:45:00+00:00,75861.3,75985.1,75841.7,75968.2,41.321448,3136834.3263605,BTCUSDT,bybit
2026-05-27 01:50:00+00:00,75968.2,75973.9,75940.8,75950.9,14.32489,1088045.0108802,BTCUSDT,bybit
2026-05-27 01:55:00+00:00,75950.9,75956.0,75850.2,75875.2,19.536166,1483024.5079476,BTCUSDT,bybit
2026-05-27 02:00:00+00:00,75875.2,75891.1,75757.3,75859.1,36.457576,2764580.2243537,BTCUSDT,bybit
2026-05-27 02:05:00+00:00,75859.1,75863.4,75778.5,75781.9,17.026969,1290934.2813363,BTCUSDT,bybit
2026-05-27 02:10:00+00:00,75781.9,75816.6,75776.3,75811.0,12.192332,924135.9203242,BTCUSDT,bybit
2026-05-27 02:15:00+00:00,75811.0,75834.7,75678.9,75705.2,30.537847,2313033.7716655,BTCUSDT,bybit
2026-05-27 02:20:00+00:00,75705.2,75750.5,75704.1,75750.5,16.344919,1237839.4131661,BTCUSDT,bybit
2026-05-27 02:25:00+00:00,75750.5,75793.4,75745.9,75758.0,16.253249,1231566.1256026,BTCUSDT,bybit
2026-05-27 02:30:00+00:00,75758.0,75797.3,75725.8,75797.3,16.165885,1224618.0145992,BTCUSDT,bybit
2026-05-27 02:35:00+00:00,75797.3,75830.6,75696.1,75696.2,13.974809,1058894.7134741,BTCUSDT,bybit
2026-05-27 02:40:00+00:00,75696.2,75736.5,75696.2,75733.8,16.101971,1219251.3683384,BTCUSDT,bybit
2026-05-27 02:45:00+00:00,75733.8,75781.1,75727.6,75739.7,14.961617,1133279.0777774,BTCUSDT,bybit
2026-05-27 02:50:00+00:00,75739.7,75799.8,75737.3,75791.7,9.208423,697689.4193108,BTCUSDT,bybit
2026-05-27 02:55:00+00:00,75791.7,75872.4,75791.7,75872.3,20.289323,1538570.020532,BTCUSDT,bybit
2026-05-27 03:00:00+00:00,75872.3,75941.9,75829.9,75919.6,21.476954,1629794.2200648,BTCUSDT,bybit
2026-05-27 03:05:00+00:00,75919.6,75958.6,75913.4,75920.4,19.197395,1457805.3000861,BTCUSDT,bybit
2026-05-27 03:10:00+00:00,75920.4,75920.4,75882.9,75883.9,13.07174,992129.031758,BTCUSDT,bybit
2026-05-27 03:15:00+00:00,75883.9,75890.6,75823.9,75862.3,30.143275,2286568.0755444,BTCUSDT,bybit
2026-05-27 03:20:00+00:00,75862.3,75862.3,75804.8,75825.1,18.097993,1372321.990418,BTCUSDT,bybit
2026-05-27 03:25:00+00:00,75825.1,75878.4,75825.1,75842.5,20.190955,1531516.1588187,BTCUSDT,bybit
2026-05-27 03:30:00+00:00,75842.5,75857.9,75805.0,75811.7,11.093517,841223.3394793,BTCUSDT,bybit
2026-05-27 03:35:00+00:00,75811.7,75811.8,75734.3,75748.4,19.433192,1472198.3329799,BTCUSDT,bybit
2026-05-27 03:40:00+00:00,75748.4,75780.8,75748.4,75760.6,16.003699,1212508.9162905,BTCUSDT,bybit
2026-05-27 03:45:00+00:00,75760.6,75765.6,75597.4,75650.8,49.98456,3781988.33557502,BTCUSDT,bybit
2026-05-27 03:50:00+00:00,75650.8,75676.6,75617.3,75670.7,30.417847,2301406.9418199,BTCUSDT,bybit
2026-05-27 03:55:00+00:00,75670.7,75706.0,75633.5,75659.0,20.635769,1561398.0999092,BTCUSDT,bybit
2026-05-27 04:00:00+00:00,75659.0,75687.8,75625.9,75645.5,18.368368,1389627.6999745,BTCUSDT,bybit
2026-05-27 04:05:00+00:00,75645.5,75704.7,75640.6,75689.4,16.296968,1233342.645917,BTCUSDT,bybit
2026-05-27 04:10:00+00:00,75689.4,75696.1,75617.8,75620.5,13.28323,1005067.9519007,BTCUSDT,bybit
2026-05-27 04:15:00+00:00,75620.5,75624.5,75495.7,75527.5,58.709115,4434944.33228441,BTCUSDT,bybit
2026-05-27 04:20:00+00:00,75527.5,75542.4,75490.9,75525.1,29.218377,2206470.15251602,BTCUSDT,bybit
2026-05-27 04:25:00+00:00,75525.1,75527.6,75500.9,75500.9,13.675846,1032710.9481986,BTCUSDT,bybit
2026-05-27 04:30:00+00:00,75500.9,75510.0,75300.0,75331.4,135.578048,10218391.75332922,BTCUSDT,bybit
2026-05-27 04:35:00+00:00,75331.4,75375.1,75318.6,75356.4,29.237524,2202744.4027122,BTCUSDT,bybit
2026-05-27 04:40:00+00:00,75356.4,75362.6,75301.6,75332.8,19.490069,1468093.9665468,BTCUSDT,bybit
2026-05-27 04:45:00+00:00,75332.8,75492.5,75332.8,75492.5,32.099901,2421616.2830759,BTCUSDT,bybit
2026-05-27 04:50:00+00:00,75492.5,75590.2,75482.9,75587.6,38.174388,2884226.1484218,BTCUSDT,bybit
2026-05-27 04:55:00+00:00,75587.6,75590.6,75562.4,75562.4,14.394789,1087883.4882252,BTCUSDT,bybit
2026-05-27 05:00:00+00:00,75562.4,75627.3,75562.4,75618.7,23.569927,1781739.0280572,BTCUSDT,bybit
2026-05-27 05:05:00+00:00,75618.7,75627.0,75589.3,75627.0,17.691233,1337614.4749395,BTCUSDT,bybit
2026-05-27 05:10:00+00:00,75627.0,75627.0,75586.0,75613.4,17.833041,1348289.9394957,BTCUSDT,bybit
2026-05-27 05:15:00+00:00,75613.4,75622.2,75597.5,75606.0,13.372368,1011072.5169366,BTCUSDT,bybit
2026-05-27 05:20:00+00:00,75606.0,75657.7,75575.7,75651.5,16.608474,1255959.5585726,BTCUSDT,bybit
2026-05-27 05:25:00+00:00,75651.5,75693.1,75641.6,75653.4,20.606869,1559238.2048947,BTCUSDT,bybit
2026-05-27 05:30:00+00:00,75653.4,75690.3,75612.9,75618.2,23.695319,1792659.2911031,BTCUSDT,bybit
2026-05-27 05:35:00+00:00,75618.2,75710.6,75618.1,75669.1,18.410935,1393046.422177,BTCUSDT,bybit
2026-05-27 05:40:00+00:00,75669.1,75669.1,75568.4,75626.1,24.828699,1877412.8343235,BTCUSDT,bybit
2026-05-27 05:45:00+00:00,75626.1,75671.5,75615.4,75634.2,16.252727,1229438.9291226,BTCUSDT,bybit
2026-05-27 05:50:00+00:00,75634.2,75695.6,75634.1,75695.6,20.583142,1557363.0110824,BTCUSDT,bybit
2026-05-27 05:55:00+00:00,75695.6,75729.3,75684.8,75691.1,22.307812,1688860.3441876,BTCUSDT,bybit
2026-05-27 06:00:00+00:00,75691.1,75738.1,75683.6,75721.7,21.43127,1622592.739218,BTCUSDT,bybit
2026-05-27 06:05:00+00:00,75721.7,75791.9,75719.0,75784.4,30.226139,2290082.8578927,BTCUSDT,bybit
2026-05-27 06:10:00+00:00,75784.4,75784.5,75698.1,75728.3,21.08357,1596790.3511343,BTCUSDT,bybit
2026-05-27 06:15:00+00:00,75728.3,75736.8,75676.0,75717.3,26.387483,1997612.7072766,BTCUSDT,bybit
2026-05-27 06:20:00+00:00,75717.3,75727.2,75675.7,75708.4,17.526117,1326711.9881641,BTCUSDT,bybit
2026-05-27 06:25:00+00:00,75708.4,75736.8,75692.5,75733.4,13.799181,1044794.1970479,BTCUSDT,bybit
2026-05-27 06:30:00+00:00,75733.4,75800.0,75727.5,75727.5,19.633973,1487397.0680547,BTCUSDT,bybit
2026-05-27 06:35:00+00:00,75727.5,75793.7,75708.7,75761.9,29.613176,2243424.1701462,BTCUSDT,bybit
2026-05-27 06:40:00+00:00,75761.9,75816.4,75759.5,75816.4,14.178419,1074568.8411123,BTCUSDT,bybit
2026-05-27 06:45:00+00:00,75816.4,75861.8,75802.2,75842.3,18.042117,1368212.2757468,BTCUSDT,bybit
2026-05-27 06:50:00+00:00,75842.3,75887.7,75834.1,75845.9,21.878495,1659678.9157013,BTCUSDT,bybit
2026-05-27 06:55:00+00:00,75845.9,75863.4,75807.7,75826.9,14.657228,1111454.8297748,BTCUSDT,bybit
2026-05-27 07:00:00+00:00,75826.9,75877.5,75826.8,75839.7,20.555573,1559100.211317,BTCUSDT,bybit
2026-05-27 07:05:00+00:00,75839.7,75871.5,75795.0,75808.0,21.713676,1646521.4003685,BTCUSDT,bybit
2026-05-27 07:10:00+00:00,75808.0,75808.1,75759.0,75784.1,22.579553,1710970.6410113,BTCUSDT,bybit
2026-05-27 07:15:00+00:00,75784.1,75833.7,75752.2,75818.1,32.171737,2438380.2654402,BTCUSDT,bybit
2026-05-27 07:20:00+00:00,75818.1,75857.8,75787.1,75850.7,18.580598,1408847.9510737,BTCUSDT,bybit
2026-05-27 07:25:00+00:00,75850.7,75859.2,75836.2,75859.2,9.791611,742645.2830452,BTCUSDT,bybit
2026-05-27 07:30:00+00:00,75859.2,75927.8,75836.5,75927.8,41.897656,3179103.45482154,BTCUSDT,bybit
2026-05-27 07:35:00+00:00,75927.8,75976.2,75877.2,75888.8,46.838268,3556151.9054604,BTCUSDT,bybit
2026-05-27 07:40:00+00:00,75888.8,75890.0,75857.3,75870.6,22.451596,1703546.3864188,BTCUSDT,bybit
2026-05-27 07:45:00+00:00,75870.6,75920.8,75870.5,75897.6,30.81169,2338524.9818407,BTCUSDT,bybit
2026-05-27 07:50:00+00:00,75897.6,75959.9,75880.3,75937.1,37.115847,2817696.7458379,BTCUSDT,bybit
2026-05-27 07:55:00+00:00,75937.1,75967.4,75937.0,75961.8,28.130732,2136600.2548864,BTCUSDT,bybit
2026-05-27 08:00:00+00:00,75961.8,76003.7,75940.3,75979.0,29.875826,2269890.6692284,BTCUSDT,bybit
2026-05-27 08:05:00+00:00,75979.0,75994.1,75914.4,75916.0,35.271794,2678735.1560487,BTCUSDT,bybit
2026-05-27 08:10:00+00:00,75916.0,75937.4,75888.6,75912.7,20.99379,1593693.6117183,BTCUSDT,bybit
2026-05-27 08:15:00+00:00,75912.7,75919.0,75877.2,75908.3,11.673988,886111.1472414,BTCUSDT,bybit
2026-05-27 08:20:00+00:00,75908.3,75981.3,75898.1,75961.4,48.027901,3647432.2363538,BTCUSDT,bybit
2026-05-27 08:25:00+00:00,75961.4,76064.4,75961.4,76038.1,43.44334,3303112.9431731,BTCUSDT,bybit
2026-05-27 08:30:00+00:00,76038.1,76038.2,75978.4,75997.4,32.298975,2454965.9774414,BTCUSDT,bybit
2026-05-27 08:35:00+00:00,75997.4,76000.2,75965.0,75994.9,25.810095,1961204.5736368,BTCUSDT,bybit
2026-05-27 08:40:00+00:00,75994.9,75995.0,75947.5,75963.0,16.234252,1233328.2451183,BTCUSDT,bybit
2026-05-27 08:45:00+00:00,75963.0,75978.4,75947.6,75968.5,19.130358,1453163.3272728,BTCUSDT,bybit
2026-05-27 08:50:00+00:00,75968.5,75975.4,75854.6,75869.6,28.455718,2159891.2671979,BTCUSDT,bybit
2026-05-27 08:55:00+00:00,75869.6,75875.0,75828.0,75864.0,17.095513,1296618.4270882,BTCUSDT,bybit
2026-05-27 09:00:00+00:00,75864.0,75870.4,75730.8,75754.7,27.57261,2089779.8818594,BTCUSDT,bybit
2026-05-27 09:05:00+00:00,75754.7,75790.9,75729.8,75786.8,26.616906,2016711.2728335,BTCUSDT,bybit
2026-05-27 09:10:00+00:00,75786.8,75796.0,75738.8,75751.8,21.624303,1638314.9793171,BTCUSDT,bybit
2026-05-27 09:15:00+00:00,75751.8,75751.9,75699.5,75724.0,21.962856,1663131.2003094,BTCUSDT,bybit
2026-05-27 09:20:00+00:00,75724.0,75826.2,75723.9,75826.2,24.032925,1821360.5509875,BTCUSDT,bybit
2026-05-27 09:25:00+00:00,75826.2,75843.7,75796.1,75809.8,22.253568,1687301.9296365,BTCUSDT,bybit
2026-05-27 09:30:00+00:00,75809.8,75874.3,75798.2,75847.3,13.91224,1055027.7870245,BTCUSDT,bybit
2026-05-27 09:35:00+00:00,75847.3,75972.1,75847.3,75955.6,32.889183,2497065.6403477,BTCUSDT,bybit
2026-05-27 09:40:00+00:00,75955.6,75955.6,75923.9,75923.9,16.36625,1242771.5178662,BTCUSDT,bybit
2026-05-27 09:45:00+00:00,75923.9,75926.8,75893.2,75915.6,14.206189,1078389.9967328,BTCUSDT,bybit
2026-05-27 09:50:00+00:00,75915.6,75936.8,75858.8,75908.4,22.20186,1685067.7000587,BTCUSDT,bybit
2026-05-27 09:55:00+00:00,75908.4,75908.5,75882.2,75903.6,13.369511,1014745.0267753,BTCUSDT,bybit
2026-05-27 10:00:00+00:00,75903.6,75907.4,75874.0,75892.2,18.28043,1387260.1539988,BTCUSDT,bybit
2026-05-27 10:05:00+00:00,75892.2,75914.5,75881.1,75881.1,13.450276,1020877.9674107,BTCUSDT,bybit
2026-05-27 10:10:00+00:00,75881.1,75948.7,75879.6,75948.7,6.844232,519447.9551642,BTCUSDT,bybit
2026-05-27 10:15:00+00:00,75948.7,75993.2,75934.8,75972.0,20.630326,1567173.2075323,BTCUSDT,bybit
2026-05-27 10:20:00+00:00,75972.0,75997.5,75951.2,75996.7,19.604697,1489407.4816309,BTCUSDT,bybit
2026-05-27 10:25:00+00:00,75996.7,76034.6,75986.8,75986.9,23.522555,1788012.3771869,BTCUSDT,bybit
2026-05-27 10:30:00+00:00,75986.9,76006.4,75899.1,75901.2,15.677234,1191018.3296873,BTCUSDT,bybit
2026-05-27 10:35:00+00:00,75901.2,75933.5,75878.1,75880.6,14.826727,1125500.6603049,BTCUSDT,bybit
2026-05-27 10:40:00+00:00,75880.6,75903.4,75867.3,75901.9,15.03573,1140993.6946918,BTCUSDT,bybit
2026-05-27 10:45:00+00:00,75901.9,75928.7,75877.0,75907.8,24.574737,1865240.8367642,BTCUSDT,bybit
2026-05-27 10:50:00+00:00,75907.8,75934.7,75894.6,75923.3,23.021167,1747767.4124047,BTCUSDT,bybit
2026-05-27 10:55:00+00:00,75923.3,75923.4,75893.5,75893.5,12.939692,982314.8498887,BTCUSDT,bybit
2026-05-27 11:00:00+00:00,75893.5,75994.4,75872.1,75959.3,21.832329,1658111.462991,BTCUSDT,bybit
2026-05-27 11:05:00+00:00,75959.3,75976.9,75940.2,75940.2,15.154561,1151212.6648783,BTCUSDT,bybit
2026-05-27 11:10:00+00:00,75940.2,75965.4,75919.2,75950.7,13.754114,1044486.41775,BTCUSDT,bybit
2026-05-27 11:15:00+00:00,75950.7,76020.4,75938.4,75973.1,23.19806,1762453.4604814,BTCUSDT,bybit
2026-05-27 11:20:00+00:00,75973.1,76021.0,75973.0,75999.9,17.643747,1341012.6285817,BTCUSDT,bybit
2026-05-27 11:25:00+00:00,75999.9,76005.9,75910.4,75910.4,12.859612,976848.0407408,BTCUSDT,bybit
2026-05-27 11:30:00+00:00,75910.4,75910.4,75787.5,75832.9,36.167656,2742425.9730464,BTCUSDT,bybit
2026-05-27 11:35:00+00:00,75832.9,75900.3,75832.9,75870.1,27.442875,2081951.8491589,BTCUSDT,bybit
2026-05-27 11:40:00+00:00,75870.1,75870.1,75810.9,75826.7,35.884299,2721124.5420542,BTCUSDT,bybit
2026-05-27 11:45:00+00:00,75826.7,75826.7,75762.8,75784.1,21.338847,1617344.263167,BTCUSDT,bybit
2026-05-27 11:50:00+00:00,75784.1,75797.5,75759.9,75759.9,13.27854,1006294.87432,BTCUSDT,bybit
2026-05-27 11:55:00+00:00,75759.9,75787.2,75750.1,75765.3,17.936795,1358963.662268,BTCUSDT,bybit
2026-05-27 12:00:00+00:00,75765.3,75771.7,75716.2,75744.6,18.784379,1422910.364059,BTCUSDT,bybit
2026-05-27 12:05:00+00:00,75744.6,75751.9,75647.3,75679.4,35.602121,2694654.4924929,BTCUSDT,bybit
2026-05-27 12:10:00+00:00,75679.4,75679.4,75600.0,75621.7,40.552447,3067093.1389889,BTCUSDT,bybit
2026-05-27 12:15:00+00:00,75621.7,75851.6,75568.1,75832.0,70.076201,5305008.78146607,BTCUSDT,bybit
2026-05-27 12:20:00+00:00,75832.0,76168.7,75804.3,75852.9,152.85777,11613793.73340854,BTCUSDT,bybit
2026-05-27 12:25:00+00:00,75852.9,75951.2,75813.1,75936.3,79.42584,6027903.2699313,BTCUSDT,bybit
2026-05-27 12:30:00+00:00,75936.3,75990.0,75818.8,75818.8,57.508322,4366174.2724824,BTCUSDT,bybit
2026-05-27 12:35:00+00:00,75818.8,75982.4,75818.7,75938.7,71.732624,5445582.9354094,BTCUSDT,bybit
2026-05-27 12:40:00+00:00,75938.7,75951.7,75895.9,75922.8,24.565676,1865118.9691736,BTCUSDT,bybit
2026-05-27 12:45:00+00:00,75922.8,75922.8,75719.3,75807.9,47.170415,3575259.5881912,BTCUSDT,bybit
2026-05-27 12:50:00+00:00,75807.9,75829.2,75753.6,75792.9,26.728506,2025814.9058687,BTCUSDT,bybit
2026-05-27 12:55:00+00:00,75792.9,75793.7,75682.8,75682.9,36.057124,2730245.5772905,BTCUSDT,bybit
2026-05-27 13:00:00+00:00,75682.9,75761.4,75634.2,75634.2,57.834302,4378839.897993,BTCUSDT,bybit
2026-05-27 13:05:00+00:00,75634.2,75661.9,75497.7,75506.7,90.731726,6856677.33198437,BTCUSDT,bybit
2026-05-27 13:10:00+00:00,75506.7,75536.9,75390.1,75437.6,84.057405,6343292.282199,BTCUSDT,bybit
2026-05-27 13:15:00+00:00,75437.6,75480.4,75343.5,75464.2,66.035667,4980307.76227169,BTCUSDT,bybit
2026-05-27 13:20:00+00:00,75464.2,75467.6,75332.1,75371.4,44.718416,3370861.742766,BTCUSDT,bybit
2026-05-27 13:25:00+00:00,75371.4,75385.2,75186.7,75192.9,106.784706,8035056.63920842,BTCUSDT,bybit
2026-05-27 13:30:00+00:00,75192.9,75317.4,75077.5,75247.8,167.560658,12597141.44889891,BTCUSDT,bybit
2026-05-27 13:35:00+00:00,75247.8,75288.8,74888.0,74958.0,164.384718,12340466.16114836,BTCUSDT,bybit
2026-05-27 13:40:00+00:00,74958.0,74995.4,74861.9,74921.2,126.590706,9485735.48871606,BTCUSDT,bybit
2026-05-27 13:45:00+00:00,74921.2,74995.2,74858.4,74918.9,102.141166,7654435.751875,BTCUSDT,bybit
2026-05-27 13:50:00+00:00,74918.9,75086.7,74850.0,74998.8,97.162721,7286026.4093245,BTCUSDT,bybit
2026-05-27 13:55:00+00:00,74998.8,75099.9,74950.3,75074.2,78.409405,5881642.8447226,BTCUSDT,bybit
2026-05-27 14:00:00+00:00,75074.2,75269.9,75074.2,75226.7,101.814993,7656143.6788554,BTCUSDT,bybit
2026-05-27 14:05:00+00:00,75226.7,75226.9,74990.7,75022.3,85.851373,6446978.7047652,BTCUSDT,bybit
2026-05-27 14:10:00+00:00,75022.3,75038.1,74960.1,75006.2,61.462363,4609721.6679743,BTCUSDT,bybit
2026-05-27 14:15:00+00:00,75006.2,75175.3,74981.7,75163.1,65.765337,4936338.4071939,BTCUSDT,bybit
2026-05-27 14:20:00+00:00,75163.1,75174.5,74878.6,74878.7,70.741683,5304588.4205008,BTCUSDT,bybit
2026-05-27 14:25:00+00:00,74878.7,74941.5,74763.7,74885.3,88.901706,6655073.16796916,BTCUSDT,bybit
2026-05-27 14:30:00+00:00,74885.3,75053.7,74802.8,75010.6,126.747711,9496383.2548303,BTCUSDT,bybit
2026-05-27 14:35:00+00:00,75010.6,75143.2,74931.9,75089.2,81.853331,6141205.3142946,BTCUSDT,bybit
2026-05-27 14:40:00+00:00,75089.2,75133.6,74958.3,75068.1,55.027209,4129465.9063202,BTCUSDT,bybit
2026-05-27 14:45:00+00:00,75068.1,75161.0,75000.0,75000.1,44.655455,3353101.7742641,BTCUSDT,bybit
2026-05-27 14:50:00+00:00,75000.1,75109.9,74997.7,75105.9,33.136959,2487732.28232,BTCUSDT,bybit
2026-05-27 14:55:00+00:00,75105.9,75105.9,75022.7,75035.0,30.164492,2263902.43325,BTCUSDT,bybit
2026-05-27 15:00:00+00:00,75035.0,75129.8,74976.7,75050.0,59.048049,4431345.7023257,BTCUSDT,bybit
2026-05-27 15:05:00+00:00,75050.0,75113.0,74996.7,75103.9,28.303144,2124174.6678826,BTCUSDT,bybit
2026-05-27 15:10:00+00:00,75103.9,75153.9,75072.2,75123.8,31.428512,2360687.6915635,BTCUSDT,bybit
2026-05-27 15:15:00+00:00,75123.8,75238.8,75096.8,75219.0,40.329754,3032143.8059282,BTCUSDT,bybit
2026-05-27 15:20:00+00:00,75219.0,75405.6,75214.5,75393.0,99.56629,7498936.11728792,BTCUSDT,bybit
2026-05-27 15:25:00+00:00,75393.0,75393.0,75288.5,75355.8,39.927875,3008252.8890636,BTCUSDT,bybit
2026-05-27 15:30:00+00:00,75355.8,75504.0,75351.1,75430.2,57.671404,4350424.0115012,BTCUSDT,bybit
2026-05-27 15:35:00+00:00,75430.2,75471.8,75383.3,75392.7,30.852954,2327358.9075441,BTCUSDT,bybit
2026-05-27 15:40:00+00:00,75392.7,75441.8,75156.7,75203.5,59.100971,4450595.2313682,BTCUSDT,bybit
2026-05-27 15:45:00+00:00,75203.5,75358.8,75200.0,75328.3,43.438201,3269772.3624046,BTCUSDT,bybit
2026-05-27 15:50:00+00:00,75328.3,75424.1,75224.3,75275.2,54.734696,4122862.7523843,BTCUSDT,bybit
2026-05-27 15:55:00+00:00,75275.2,75345.6,75233.5,75325.2,19.119362,1439475.3257133,BTCUSDT,bybit
2026-05-27 16:00:00+00:00,75325.2,75413.4,75233.8,75247.4,67.233481,5063427.4978303,BTCUSDT,bybit
2026-05-27 16:05:00+00:00,75247.4,75291.9,75203.0,75274.6,41.202006,3100266.3087711,BTCUSDT,bybit
2026-05-27 16:10:00+00:00,75274.6,75344.0,75274.5,75291.1,19.408217,1461485.9376807,BTCUSDT,bybit
2026-05-27 16:15:00+00:00,75291.1,75304.8,75070.6,75107.0,49.778639,3742090.292627,BTCUSDT,bybit
2026-05-27 16:20:00+00:00,75107.0,75136.4,75038.2,75063.0,35.629978,2675183.0335188,BTCUSDT,bybit
2026-05-27 16:25:00+00:00,75063.0,75145.4,75063.0,75092.4,24.182229,1816022.3090513,BTCUSDT,bybit
2026-05-27 16:30:00+00:00,75092.4,75159.9,75049.5,75054.0,27.413378,2058866.9571462,BTCUSDT,bybit
2026-05-27 16:35:00+00:00,75054.0,75077.7,74987.0,75056.6,33.896926,2543547.6093295,BTCUSDT,bybit
2026-05-27 16:40:00+00:00,75056.6,75160.2,75033.2,75146.4,26.671207,2003032.40078,BTCUSDT,bybit
2026-05-27 16:45:00+00:00,75146.4,75202.6,75113.5,75202.4,20.243719,1521318.4104338,BTCUSDT,bybit
2026-05-27 16:50:00+00:00,75202.4,75295.2,75202.4,75276.7,28.689082,2158840.145571,BTCUSDT,bybit
2026-05-27 16:55:00+00:00,75276.7,75324.4,75251.2,75303.7,20.524297,1545263.7766866,BTCUSDT,bybit
2026-05-27 17:00:00+00:00,75303.7,75344.8,75168.8,75328.4,57.6303,4338309.4608329,BTCUSDT,bybit
2026-05-27 17:05:00+00:00,75328.4,75335.1,75092.0,75119.1,22.416851,1685733.2150091,BTCUSDT,bybit
2026-05-27 17:10:00+00:00,75119.1,75157.8,74952.2,74971.7,47.40381,3557338.31181447,BTCUSDT,bybit
2026-05-27 17:15:00+00:00,74971.7,74981.3,74894.5,74962.0,64.50834,4834957.7676991,BTCUSDT,bybit
2026-05-27 17:20:00+00:00,74962.0,75080.7,74961.9,75040.4,30.267985,2270925.3748079,BTCUSDT,bybit
2026-05-27 17:25:00+00:00,75040.4,75041.8,74899.4,74997.3,31.643542,2372328.1513071,BTCUSDT,bybit
2026-05-27 17:30:00+00:00,74997.3,75022.9,74929.0,74985.8,49.998533,3748349.6798857,BTCUSDT,bybit
2026-05-27 17:35:00+00:00,74985.8,75034.9,74929.2,74988.4,30.09913,2256714.6473869,BTCUSDT,bybit
2026-05-27 17:40:00+00:00,74988.4,74997.3,74848.5,74899.3,39.009426,2922239.7721461,BTCUSDT,bybit
2026-05-27 17:45:00+00:00,74899.3,74968.5,74886.2,74930.6,30.698698,2300051.1256529,BTCUSDT,bybit
2026-05-27 17:50:00+00:00,74930.6,74973.6,74891.0,74891.0,26.694815,2000235.0931066,BTCUSDT,bybit
2026-05-27 17:55:00+00:00,74891.0,74908.7,74683.9,74861.7,100.773189,7538252.27744024,BTCUSDT,bybit
2026-05-27 18:00:00+00:00,74861.7,74940.8,74795.3,74864.3,44.297357,3316762.0368995,BTCUSDT,bybit
2026-05-27 18:05:00+00:00,74864.3,74922.1,74782.6,74786.2,41.389123,3098556.9053215,BTCUSDT,bybit
2026-05-27 18:10:00+00:00,74786.2,74841.3,74662.9,74734.2,51.250489,3831028.71421096,BTCUSDT,bybit
2026-05-27 18:15:00+00:00,74734.2,74859.3,74700.8,74836.8,37.585567,2810532.9624577,BTCUSDT,bybit
2026-05-27 18:20:00+00:00,74836.8,74874.7,74757.0,74863.6,33.822091,2530891.9435442,BTCUSDT,bybit
2026-05-27 18:25:00+00:00,74863.6,74924.8,74841.5,74907.4,26.836203,2009525.0273292,BTCUSDT,bybit
2026-05-27 18:30:00+00:00,74907.4,74914.9,74883.0,74914.9,17.232134,1290657.5988013,BTCUSDT,bybit
2026-05-27 18:35:00+00:00,74914.9,74950.1,74883.8,74934.5,17.727911,1328171.9992077,BTCUSDT,bybit
2026-05-27 18:40:00+00:00,74934.5,75002.3,74923.5,74980.6,28.346508,2125188.0461196,BTCUSDT,bybit
2026-05-27 18:45:00+00:00,74980.6,74993.4,74948.1,74982.7,13.615375,1020764.9578198,BTCUSDT,bybit
2026-05-27 18:50:00+00:00,74982.7,75033.2,74962.1,74966.5,21.685436,1626274.2374012,BTCUSDT,bybit
2026-05-27 18:55:00+00:00,74966.5,75026.9,74966.5,75026.9,7.798023,584884.5327757,BTCUSDT,bybit
2026-05-27 19:00:00+00:00,75026.9,75053.7,74984.4,75051.2,20.885027,1566822.8319899,BTCUSDT,bybit
2026-05-27 19:05:00+00:00,75051.2,75059.0,74975.5,75015.5,19.955084,1496870.6859959,BTCUSDT,bybit
2026-05-27 19:10:00+00:00,75015.5,75063.8,74967.9,75044.0,33.580651,2519080.8427174,BTCUSDT,bybit
2026-05-27 19:15:00+00:00,75044.0,75067.4,74995.1,74995.1,13.580495,1019047.4908099,BTCUSDT,bybit
2026-05-27 19:20:00+00:00,74995.1,75098.0,74973.1,75076.5,23.289464,1747753.3476424,BTCUSDT,bybit
2026-05-27 19:25:00+00:00,75076.5,75076.5,75028.7,75035.5,19.638235,1473870.6990649,BTCUSDT,bybit
2026-05-27 19:30:00+00:00,75035.5,75103.6,75014.3,75036.1,29.531478,2216751.6311642,BTCUSDT,bybit
2026-05-27 19:35:00+00:00,75036.1,75071.6,74999.0,75048.9,41.296692,3098448.1396347,BTCUSDT,bybit
2026-05-27 19:40:00+00:00,75048.9,75061.2,74967.6,75010.6,30.448189,2284405.8352882,BTCUSDT,bybit
2026-05-27 19:45:00+00:00,75010.6,75048.0,74966.0,74966.0,22.817219,1711642.7376928,BTCUSDT,bybit
2026-05-27 19:50:00+00:00,74966.0,75058.3,74947.3,75057.2,23.041295,1728509.9264847,BTCUSDT,bybit
2026-05-27 19:55:00+00:00,75057.2,75075.8,75045.8,75066.4,38.360596,2879281.7561959,BTCUSDT,bybit
2026-05-27 20:00:00+00:00,75066.4,75190.9,75050.4,75173.3,54.813489,4118244.3989488,BTCUSDT,bybit
2026-05-27 20:05:00+00:00,75173.3,75277.4,75140.7,75277.4,33.349349,2508075.2819455,BTCUSDT,bybit
2026-05-27 20:10:00+00:00,75277.4,75311.9,75251.3,75305.5,16.949592,1275882.61576624,BTCUSDT,bybit
2026-05-27 20:15:00+00:00,75305.5,75401.3,75297.7,75394.6,32.298058,2433393.77106528,BTCUSDT,bybit
2026-05-27 20:20:00+00:00,75394.6,75417.1,75292.3,75294.7,23.664247,1783045.0271191,BTCUSDT,bybit
2026-05-27 20:25:00+00:00,75294.7,75329.3,75267.8,75274.5,14.249532,1073036.3305248,BTCUSDT,bybit
2026-05-27 20:30:00+00:00,75274.5,75290.5,75208.4,75232.3,11.855214,892037.10092,BTCUSDT,bybit
2026-05-27 20:35:00+00:00,75232.3,75274.5,75232.2,75238.8,9.209166,693046.6497107,BTCUSDT,bybit
2026-05-27 20:40:00+00:00,75238.8,75252.8,75221.2,75250.7,7.131836,536603.1750295,BTCUSDT,bybit
2026-05-27 20:45:00+00:00,75250.7,75286.9,75250.7,75286.8,6.64822,500377.1764241,BTCUSDT,bybit
2026-05-27 20:50:00+00:00,75286.8,75286.9,75231.1,75246.6,10.424584,784515.7658153,BTCUSDT,bybit
2026-05-27 20:55:00+00:00,75246.6,75290.3,75246.6,75270.9,10.850444,816764.6740665,BTCUSDT,bybit
2026-05-27 21:00:00+00:00,75270.9,75271.0,75194.4,75194.5,15.179751,1141906.4995846,BTCUSDT,bybit
2026-05-27 21:05:00+00:00,75194.5,75225.9,75156.8,75156.9,9.753959,733447.3521227,BTCUSDT,bybit
2026-05-27 21:10:00+00:00,75156.9,75224.3,75133.4,75164.7,24.639507,1852326.7871265,BTCUSDT,bybit
2026-05-27 21:15:00+00:00,75164.7,75207.4,75151.1,75158.6,13.012863,978344.7875275,BTCUSDT,bybit
2026-05-27 21:20:00+00:00,75158.6,75173.6,75158.6,75173.6,3.663637,275393.9664305,BTCUSDT,bybit
2026-05-27 21:25:00+00:00,75173.6,75179.6,75095.4,75095.5,17.361486,1304823.7150923,BTCUSDT,bybit
2026-05-27 21:30:00+00:00,75095.5,75102.4,74911.5,74951.5,26.793687,2009993.38304457,BTCUSDT,bybit
2026-05-27 21:35:00+00:00,74951.5,74989.0,74882.2,74882.2,36.102645,2705681.1695666,BTCUSDT,bybit
2026-05-27 21:40:00+00:00,74882.2,74882.2,74430.1,74629.9,106.000331,7914851.76338969,BTCUSDT,bybit
2026-05-27 21:45:00+00:00,74629.9,74629.9,74367.0,74496.0,83.48977,6219317.42879054,BTCUSDT,bybit
2026-05-27 21:50:00+00:00,74496.0,74496.0,74349.2,74374.1,68.591087,5103932.54790005,BTCUSDT,bybit
2026-05-27 21:55:00+00:00,74374.1,74496.8,74345.2,74474.0,35.826612,2665558.91145617,BTCUSDT,bybit
2026-05-27 22:00:00+00:00,74474.0,74724.9,74381.3,74660.4,65.386785,4875332.60961394,BTCUSDT,bybit
2026-05-27 22:05:00+00:00,74660.4,74782.6,74512.8,74550.9,53.743431,4013054.0534236,BTCUSDT,bybit
2026-05-27 22:10:00+00:00,74550.9,74550.9,74318.2,74407.2,54.772236,4075391.31927217,BTCUSDT,bybit
2026-05-27 22:15:00+00:00,74407.2,74560.4,74268.2,74498.7,90.478309,6733717.14771155,BTCUSDT,bybit
2026-05-27 22:20:00+00:00,74498.7,74580.3,74484.4,74540.6,32.218105,2401382.6954339,BTCUSDT,bybit
2026-05-27 22:25:00+00:00,74540.6,74650.6,74518.8,74600.0,24.93527,1860080.2730169,BTCUSDT,bybit
2026-05-27 22:30:00+00:00,74600.0,74629.6,74483.9,74606.7,45.125163,3364364.3884907,BTCUSDT,bybit
2026-05-27 22:35:00+00:00,74606.7,74634.4,74574.1,74624.2,16.630772,1240753.9735455,BTCUSDT,bybit
2026-05-27 22:40:00+00:00,74624.2,74668.9,74605.0,74626.6,24.763426,1848257.35518014,BTCUSDT,bybit
2026-05-27 22:45:00+00:00,74626.6,74656.4,74531.6,74536.8,20.061754,1496474.7617486,BTCUSDT,bybit
2026-05-27 22:50:00+00:00,74536.8,74555.3,74503.0,74516.5,16.49639,1229468.6135401,BTCUSDT,bybit
2026-05-27 22:55:00+00:00,74516.5,74548.1,74414.7,74421.8,23.193782,1727427.2993857,BTCUSDT,bybit
2026-05-27 23:00:00+00:00,74421.8,74475.5,74361.3,74459.4,27.300162,2031743.5180114,BTCUSDT,bybit
2026-05-27 23:05:00+00:00,74459.4,74459.5,74389.0,74436.6,33.124415,2465268.5157943,BTCUSDT,bybit
2026-05-27 23:10:00+00:00,74436.6,74477.3,74409.2,74450.3,19.590802,1458445.0810016,BTCUSDT,bybit
2026-05-27 23:15:00+00:00,74450.3,74574.3,74450.2,74515.9,40.23977,2998351.2033752,BTCUSDT,bybit
2026-05-27 23:20:00+00:00,74515.9,74524.6,74294.3,74325.9,40.172099,2987839.61158387,BTCUSDT,bybit
2026-05-27 23:25:00+00:00,74325.9,74326.0,74238.8,74297.1,39.832598,2958457.25385852,BTCUSDT,bybit
2026-05-27 23:30:00+00:00,74297.1,74398.8,74295.9,74316.6,32.266558,2398776.3690181,BTCUSDT,bybit
2026-05-27 23:35:00+00:00,74316.6,74336.7,74262.2,74331.3,19.61923,1457557.7030695,BTCUSDT,bybit
2026-05-27 23:40:00+00:00,74331.3,74404.5,74303.5,74372.3,36.83199,2738365.5883865,BTCUSDT,bybit
2026-05-27 23:45:00+00:00,74372.3,74489.0,74363.7,74481.9,22.465,1672066.0644983,BTCUSDT,bybit
2026-05-27 23:50:00+00:00,74481.9,74481.9,74303.5,74409.1,45.196075,3361868.2658444,BTCUSDT,bybit
2026-05-27 23:55:00+00:00,74409.1,74479.9,74409.1,74444.0,18.276345,1360637.5309547,BTCUSDT,bybit
2026-05-28 00:00:00+00:00,74444.0,74561.3,74422.9,74549.1,40.350456,3006658.7115465,BTCUSDT,bybit
2026-05-28 00:05:00+00:00,74549.1,74580.9,74472.3,74540.5,34.272878,2554350.9133454,BTCUSDT,bybit
2026-05-28 00:10:00+00:00,74540.5,74551.5,74431.8,74434.3,34.484295,2568002.3124498,BTCUSDT,bybit
2026-05-28 00:15:00+00:00,74434.3,74559.8,74412.8,74515.5,39.795567,2964547.860015,BTCUSDT,bybit
2026-05-28 00:20:00+00:00,74515.5,74571.7,74465.0,74471.6,30.125409,2244994.5525778,BTCUSDT,bybit
2026-05-28 00:25:00+00:00,74471.6,74480.7,74361.7,74476.1,36.800388,2738684.1624814,BTCUSDT,bybit
2026-05-28 00:30:00+00:00,74476.1,74547.0,74469.1,74543.2,35.206511,2622943.4732575,BTCUSDT,bybit
2026-05-28 00:35:00+00:00,74543.2,74557.0,74514.8,74526.8,24.793388,1848100.0212244,BTCUSDT,bybit
2026-05-28 00:40:00+00:00,74526.8,74572.9,74516.3,74570.2,16.859086,1256656.9089583,BTCUSDT,bybit
2026-05-28 00:45:00+00:00,74570.2,74570.2,74510.5,74518.1,26.419174,1969329.3042312,BTCUSDT,bybit
2026-05-28 00:50:00+00:00,74518.1,74538.4,74443.8,74532.9,21.437464,1596869.486414,BTCUSDT,bybit
2026-05-28 00:55:00+00:00,74532.9,74576.2,74464.3,74563.1,29.887945,2227257.8750772,BTCUSDT,bybit
2026-05-28 01:00:00+00:00,74563.1,74584.4,74542.7,74550.8,33.332439,2485413.390399,BTCUSDT,bybit
2026-05-28 01:05:00+00:00,74550.8,74550.9,74484.4,74501.4,31.396189,2339819.4439995,BTCUSDT,bybit
2026-05-28 01:10:00+00:00,74501.4,74525.3,74445.3,74476.6,20.734084,1544455.6440091,BTCUSDT,bybit
2026-05-28 01:15:00+00:00,74476.6,74476.6,74153.8,74348.1,116.603456,8663145.63894664,BTCUSDT,bybit
2026-05-28 01:20:00+00:00,74348.1,74541.0,74258.0,74458.7,68.251938,5078592.8850972,BTCUSDT,bybit
2026-05-28 01:25:00+00:00,74458.7,74470.6,74195.2,74284.5,66.39229,4933031.016423,BTCUSDT,bybit
2026-05-28 01:30:00+00:00,74284.5,74406.7,74248.1,74350.9,65.044527,4835542.7178248,BTCUSDT,bybit
2026-05-28 01:35:00+00:00,74350.9,74391.2,74276.7,74288.3,48.020821,3569570.4101613,BTCUSDT,bybit
2026-05-28 01:40:00+00:00,74288.3,74291.3,74162.8,74260.6,58.191061,4319733.6845746,BTCUSDT,bybit
2026-05-28 01:45:00+00:00,74260.6,74379.0,74247.5,74365.7,32.851402,2441724.1924355,BTCUSDT,bybit
2026-05-28 01:50:00+00:00,74365.7,74365.7,74279.8,74302.1,36.133213,2685863.0424809,BTCUSDT,bybit
2026-05-28 01:55:00+00:00,74302.1,74356.9,74260.4,74336.3,24.623161,1829921.832019,BTCUSDT,bybit
2026-05-28 02:00:00+00:00,74336.3,74398.9,74234.0,74255.1,36.898836,2741966.0680331,BTCUSDT,bybit
2026-05-28 02:05:00+00:00,74255.1,74341.3,74237.0,74322.8,36.758429,2731131.7290662,BTCUSDT,bybit
2026-05-28 02:10:00+00:00,74322.8,74377.6,74316.6,74352.8,22.783383,1693774.0851262,BTCUSDT,bybit
2026-05-28 02:15:00+00:00,74352.8,74377.6,74271.0,74271.0,29.193689,2169997.5219793,BTCUSDT,bybit
2026-05-28 02:20:00+00:00,74271.0,74291.6,74173.1,74221.5,49.630081,3683210.6017345,BTCUSDT,bybit
2026-05-28 02:25:00+00:00,74221.5,74268.8,74184.0,74209.7,22.521737,1671616.9351841,BTCUSDT,bybit
2026-05-28 02:30:00+00:00,74209.7,74251.0,74162.0,74222.6,39.061815,2898828.9843993,BTCUSDT,bybit
2026-05-28 02:35:00+00:00,74222.6,74266.9,74105.2,74266.9,51.80621,3843258.56193817,BTCUSDT,bybit
2026-05-28 02:40:00+00:00,74266.9,74294.2,74236.4,74259.4,35.334373,2623904.8385784,BTCUSDT,bybit
2026-05-28 02:45:00+00:00,74259.4,74358.3,74232.4,74358.2,30.344219,2254180.0068015,BTCUSDT,bybit
2026-05-28 02:50:00+00:00,74358.2,74360.7,74286.2,74339.1,22.041681,1638311.5857708,BTCUSDT,bybit
2026-05-28 02:55:00+00:00,74339.1,74358.2,74260.2,74281.1,25.564045,1899740.8773159,BTCUSDT,bybit
2026-05-28 03:00:00+00:00,74281.1,74307.0,74203.2,74304.8,38.166321,2834459.6276478,BTCUSDT,bybit
2026-05-28 03:05:00+00:00,74304.8,74376.5,74247.6,74253.9,42.592855,3165471.5881403,BTCUSDT,bybit
2026-05-28 03:10:00+00:00,74253.9,74264.3,74113.8,74206.0,55.671212,4130485.305743,BTCUSDT,bybit
2026-05-28 03:15:00+00:00,74206.0,74236.7,73443.2,73721.8,339.319693,25030896.7164156,BTCUSDT,bybit
2026-05-28 03:20:00+00:00,73721.8,73938.7,73705.3,73933.2,123.447389,9111674.1342075,BTCUSDT,bybit
2026-05-28 03:25:00+00:00,73933.2,73938.3,73736.6,73747.0,75.04354,5540712.6432049,BTCUSDT,bybit
2026-05-28 03:30:00+00:00,73747.0,73791.7,73606.1,73680.1,98.274955,7243888.0841979,BTCUSDT,bybit
2026-05-28 03:35:00+00:00,73680.1,73680.1,73400.7,73481.0,156.464604,11502674.4090342,BTCUSDT,bybit
2026-05-28 03:40:00+00:00,73481.0,73569.7,73359.1,73430.0,110.556884,8122420.90615166,BTCUSDT,bybit
2026-05-28 03:45:00+00:00,73430.0,73569.1,73406.6,73415.9,82.268954,6045311.7682772,BTCUSDT,bybit
2026-05-28 03:50:00+00:00,73415.9,73461.9,73200.4,73243.5,151.495011,11109667.72784695,BTCUSDT,bybit
2026-05-28 03:55:00+00:00,73243.5,73319.6,73074.0,73259.5,142.468881,10427855.73003298,BTCUSDT,bybit
2026-05-28 04:00:00+00:00,73259.5,73261.0,72727.2,73107.9,284.100639,20749895.08618169,BTCUSDT,bybit
2026-05-28 04:05:00+00:00,73107.9,73217.9,72993.2,73197.5,104.717198,7655606.465923,BTCUSDT,bybit
2026-05-28 04:10:00+00:00,73197.5,73241.4,73063.1,73082.4,41.968013,3070239.38665868,BTCUSDT,bybit
2026-05-28 04:15:00+00:00,73082.4,73125.5,72955.2,72988.4,65.004798,4748186.9787229,BTCUSDT,bybit
2026-05-28 04:20:00+00:00,72988.4,73004.9,72882.4,72900.5,76.985988,5615616.6278386,BTCUSDT,bybit
2026-05-28 04:25:00+00:00,72900.5,73006.3,72816.9,73003.2,71.491625,5211947.8257696,BTCUSDT,bybit
2026-05-28 04:30:00+00:00,73003.2,73099.8,72948.4,73091.0,46.09875,3366449.5311404,BTCUSDT,bybit
2026-05-28 04:35:00+00:00,73091.0,73168.6,73007.5,73092.4,48.931418,3576867.9324981,BTCUSDT,bybit
2026-05-28 04:40:00+00:00,73092.4,73209.1,73092.3,73183.8,29.860265,2184978.4043703,BTCUSDT,bybit
2026-05-28 04:45:00+00:00,73183.8,73191.8,73125.9,73174.0,20.425876,1494324.0616358,BTCUSDT,bybit
2026-05-28 04:50:00+00:00,73174.0,73174.0,73071.6,73134.4,27.265499,1994007.7371508,BTCUSDT,bybit
2026-05-28 04:55:00+00:00,73134.4,73195.0,73134.4,73181.4,36.291797,2655271.0990656,BTCUSDT,bybit
2026-05-28 05:00:00+00:00,73181.4,73181.5,73111.1,73126.0,37.818305,2765890.2650244,BTCUSDT,bybit
2026-05-28 05:05:00+00:00,73126.0,73127.7,73019.9,73029.6,31.274606,2284870.5377046,BTCUSDT,bybit
2026-05-28 05:10:00+00:00,73029.6,73059.1,72992.5,73024.3,20.502641,1497200.9010459,BTCUSDT,bybit
2026-05-28 05:15:00+00:00,73024.3,73037.4,72928.9,72979.0,28.785359,2100834.2092497,BTCUSDT,bybit
2026-05-28 05:20:00+00:00,72979.0,73024.7,72921.8,73024.6,39.777364,2902811.743261,BTCUSDT,bybit
2026-05-28 05:25:00+00:00,73024.6,73041.7,72946.8,72951.4,23.031921,1681326.0097645,BTCUSDT,bybit
2026-05-28 05:30:00+00:00,72951.4,73074.9,72926.6,73021.8,61.43968,4485226.0802857,BTCUSDT,bybit
2026-05-28 05:35:00+00:00,73021.8,73029.8,72936.0,73028.7,37.468935,2734590.948456,BTCUSDT,bybit
2026-05-28 05:40:00+00:00,73028.7,73048.1,73001.3,73035.1,20.336927,1485095.5962335,BTCUSDT,bybit
2026-05-28 05:45:00+00:00,73035.1,73069.2,72910.6,72993.0,49.30799,3599271.5726023,BTCUSDT,bybit
2026-05-28 05:50:00+00:00,72993.0,73047.7,72992.2,73038.4,14.467487,1056425.5119601,BTCUSDT,bybit
2026-05-28 05:55:00+00:00,73038.4,73051.2,72980.5,72993.0,15.005388,1095650.0438996,BTCUSDT,bybit
2026-05-28 06:00:00+00:00,72993.0,73031.1,72964.1,73031.1,14.681148,1071745.9613359,BTCUSDT,bybit
2026-05-28 06:05:00+00:00,73031.1,73035.0,72972.6,72991.5,23.498436,1715427.7623657,BTCUSDT,bybit
2026-05-28 06:10:00+00:00,72991.5,73012.8,72955.2,72998.1,24.115411,1760087.1781894,BTCUSDT,bybit
2026-05-28 06:15:00+00:00,72998.1,73028.6,72972.9,73000.9,27.721079,2023681.4349098,BTCUSDT,bybit
2026-05-28 06:20:00+00:00,73000.9,73036.3,72910.6,72943.8,26.479305,1932613.67447,BTCUSDT,bybit
2026-05-28 06:25:00+00:00,72943.8,72943.8,72876.3,72938.3,26.749296,1950491.1423489,BTCUSDT,bybit
2026-05-28 06:30:00+00:00,72938.3,72953.9,72818.0,72858.6,33.487737,2441091.603219,BTCUSDT,bybit
2026-05-28 06:35:00+00:00,72858.6,72858.6,72763.1,72842.8,31.65548,2304814.2356884,BTCUSDT,bybit
2026-05-28 06:40:00+00:00,72842.8,72912.7,72808.9,72912.7,26.745441,1948319.1991786,BTCUSDT,bybit
2026-05-28 06:45:00+00:00,72912.7,73199.9,72912.7,73142.2,87.974339,6429804.07694079,BTCUSDT,bybit
2026-05-28 06:50:00+00:00,73142.2,73148.7,73078.4,73104.1,23.467458,1715898.7019334,BTCUSDT,bybit
2026-05-28 06:55:00+00:00,73104.1,73208.7,73104.1,73198.1,23.792679,1740594.1916784,BTCUSDT,bybit
2026-05-28 07:00:00+00:00,73198.1,73236.1,73179.0,73186.2,22.248298,1628782.89494468,BTCUSDT,bybit
2026-05-28 07:05:00+00:00,73186.2,73231.9,73154.6,73231.9,26.569193,1944471.6030155,BTCUSDT,bybit
2026-05-28 07:10:00+00:00,73231.9,73232.0,73170.8,73214.6,32.478592,2377359.7609529,BTCUSDT,bybit
2026-05-28 07:15:00+00:00,73214.6,73288.1,73214.6,73281.4,12.410589,909254.8164894,BTCUSDT,bybit
2026-05-28 07:20:00+00:00,73281.4,73331.5,73274.1,73307.0,23.184609,1699514.93607902,BTCUSDT,bybit
2026-05-28 07:25:00+00:00,73307.0,73320.3,73248.4,73260.0,28.521317,2089924.4225489,BTCUSDT,bybit
2026-05-28 07:30:00+00:00,73260.0,73385.0,73260.0,73382.5,44.84974,3288501.64349332,BTCUSDT,bybit
2026-05-28 07:35:00+00:00,73382.5,73475.8,73382.5,73416.1,69.516725,5105079.191414,BTCUSDT,bybit
2026-05-28 07:40:00+00:00,73416.1,73512.9,73412.5,73502.0,54.430431,3998334.8906546,BTCUSDT,bybit
2026-05-28 07:45:00+00:00,73502.0,73502.1,73415.4,73436.6,54.029431,3968383.1498488,BTCUSDT,bybit
2026-05-28 07:50:00+00:00,73436.6,73437.1,73392.6,73433.9,52.215429,3833367.1089067,BTCUSDT,bybit
2026-05-28 07:55:00+00:00,73433.9,73514.6,73424.8,73498.8,56.040797,4116618.5506308,BTCUSDT,bybit
2026-05-28 08:00:00+00:00,73498.8,73514.5,73344.2,73383.3,37.113079,2724895.6314074,BTCUSDT,bybit
2026-05-28 08:05:00+00:00,73383.3,73460.3,73374.6,73427.6,10.161633,746027.8969765,BTCUSDT,bybit
2026-05-28 08:10:00+00:00,73427.6,73455.3,73407.1,73453.4,13.963258,1025360.7503963,BTCUSDT,bybit
2026-05-28 08:15:00+00:00,73453.4,73453.4,73421.4,73441.1,10.186812,748039.8268787,BTCUSDT,bybit
2026-05-28 08:20:00+00:00,73441.1,73441.1,73285.8,73312.5,55.0437,4036274.6101964,BTCUSDT,bybit
2026-05-28 08:25:00+00:00,73312.5,73318.6,73232.2,73274.8,23.291132,1706639.3983375,BTCUSDT,bybit
2026-05-28 08:30:00+00:00,73274.8,73306.3,73209.0,73271.9,28.220709,2067448.8007464,BTCUSDT,bybit
2026-05-28 08:35:00+00:00,73271.9,73309.0,73266.6,73298.8,26.18,1918588.3762883,BTCUSDT,bybit
2026-05-28 08:40:00+00:00,73298.8,73298.8,73253.0,73292.6,17.556935,1286446.669375,BTCUSDT,bybit
2026-05-28 08:45:00+00:00,73292.6,73380.4,73290.5,73332.4,31.144001,2283967.4422446,BTCUSDT,bybit
2026-05-28 08:50:00+00:00,73332.4,73351.0,73325.5,73342.8,13.642519,1000541.5949643,BTCUSDT,bybit
2026-05-28 08:55:00+00:00,73342.8,73344.8,73299.7,73329.3,22.835235,1674368.652464,BTCUSDT,bybit
2026-05-28 09:00:00+00:00,73329.3,73389.7,73309.8,73370.4,17.450053,1279801.8263527,BTCUSDT,bybit
2026-05-28 09:05:00+00:00,73370.4,73406.3,73333.8,73333.8,27.23923,1998669.7184809,BTCUSDT,bybit
2026-05-28 09:10:00+00:00,73333.8,73333.9,73261.3,73309.8,19.913977,1459495.6725894,BTCUSDT,bybit
2026-05-28 09:15:00+00:00,73309.8,73378.3,73299.9,73378.2,11.608251,851335.2233978,BTCUSDT,bybit
2026-05-28 09:20:00+00:00,73378.2,73407.2,73362.5,73394.4,15.024559,1102646.5658729,BTCUSDT,bybit
2026-05-28 09:25:00+00:00,73394.4,73416.6,73393.1,73403.6,13.191073,968269.7671784,BTCUSDT,bybit
2026-05-28 09:30:00+00:00,73403.6,73418.9,73366.3,73418.9,15.670775,1150068.4712559,BTCUSDT,bybit
2026-05-28 09:35:00+00:00,73418.9,73498.8,73418.9,73441.7,77.840589,5717707.6384341,BTCUSDT,bybit
2026-05-28 09:40:00+00:00,73441.7,73496.9,73441.6,73496.9,12.756373,937182.6870728,BTCUSDT,bybit
2026-05-28 09:45:00+00:00,73496.9,73567.9,73493.7,73556.7,19.820529,1457509.3543356,BTCUSDT,bybit
2026-05-28 09:50:00+00:00,73556.7,73565.5,73528.7,73546.5,17.15539,1261743.0014374,BTCUSDT,bybit
2026-05-28 09:55:00+00:00,73546.5,73569.3,73535.8,73546.4,12.839242,944342.9380554,BTCUSDT,bybit
2026-05-28 10:00:00+00:00,73546.4,73551.9,73501.8,73501.9,18.516048,1361510.9408461,BTCUSDT,bybit
2026-05-28 10:05:00+00:00,73501.9,73547.1,73500.1,73532.7,15.314994,1125968.4637149,BTCUSDT,bybit
2026-05-28 10:10:00+00:00,73532.7,73626.3,73532.7,73576.6,21.876602,1609843.103373,BTCUSDT,bybit
2026-05-28 10:15:00+00:00,73576.6,73584.7,73450.7,73460.9,14.553199,1070023.4109221,BTCUSDT,bybit
2026-05-28 10:20:00+00:00,73460.9,73478.1,73359.6,73374.9,12.483805,916326.4247948,BTCUSDT,bybit
2026-05-28 10:25:00+00:00,73374.9,73431.2,73350.0,73431.2,16.164783,1186196.9919031,BTCUSDT,bybit
2026-05-28 10:30:00+00:00,73431.2,73437.6,73407.6,73437.6,11.51521,845441.9565987,BTCUSDT,bybit
2026-05-28 10:35:00+00:00,73437.6,73485.8,73421.2,73470.7,11.723387,861077.6920716,BTCUSDT,bybit
2026-05-28 10:40:00+00:00,73470.7,73513.9,73470.7,73511.5,13.949798,1025329.9383608,BTCUSDT,bybit
2026-05-28 10:45:00+00:00,73511.5,73598.1,73500.4,73518.8,18.332924,1348328.1252328,BTCUSDT,bybit
2026-05-28 10:50:00+00:00,73518.8,73526.0,73372.4,73427.1,42.80605,3143071.8596072,BTCUSDT,bybit
2026-05-28 10:55:00+00:00,73427.1,73462.2,73402.4,73402.4,11.038678,810590.5610749,BTCUSDT,bybit
2026-05-28 11:00:00+00:00,73402.4,73468.9,73375.0,73402.5,37.211323,2732035.4837761,BTCUSDT,bybit
2026-05-28 11:05:00+00:00,73402.5,73428.2,73341.6,73386.1,18.126527,1330288.4370169,BTCUSDT,bybit
2026-05-28 11:10:00+00:00,73386.1,73438.7,73368.6,73438.7,17.249066,1266144.3700438,BTCUSDT,bybit
2026-05-28 11:15:00+00:00,73438.7,73463.5,73397.2,73444.2,12.266137,900672.399584,BTCUSDT,bybit
2026-05-28 11:20:00+00:00,73444.2,73449.0,73397.9,73428.6,10.488,769979.6694772,BTCUSDT,bybit
2026-05-28 11:25:00+00:00,73428.6,73436.0,73335.3,73361.3,19.918425,1461426.0004253,BTCUSDT,bybit
2026-05-28 11:30:00+00:00,73361.3,73380.6,73314.7,73380.5,15.50785,1137401.3049559,BTCUSDT,bybit
2026-05-28 11:35:00+00:00,73380.5,73411.5,73379.6,73387.0,10.006928,734482.0752055,BTCUSDT,bybit
2026-05-28 11:40:00+00:00,73387.0,73479.1,73387.0,73479.1,12.900993,947228.8845666,BTCUSDT,bybit
2026-05-28 11:45:00+00:00,73479.1,73481.4,73436.5,73474.6,12.239129,899081.497484,BTCUSDT,bybit
2026-05-28 11:50:00+00:00,73474.6,73541.6,73429.0,73529.8,23.501977,1727297.4839941,BTCUSDT,bybit
2026-05-28 11:55:00+00:00,73529.8,73531.0,73505.8,73506.0,9.96167,732339.2900021,BTCUSDT,bybit
2026-05-28 12:00:00+00:00,73506.0,73519.1,73424.6,73479.6,28.96567,2128099.2894713,BTCUSDT,bybit
2026-05-28 12:05:00+00:00,73479.6,73504.0,73455.0,73484.7,18.365689,1349651.6569291,BTCUSDT,bybit
2026-05-28 12:10:00+00:00,73484.7,73484.7,73401.1,73403.8,16.612742,1220109.463264,BTCUSDT,bybit
2026-05-28 12:15:00+00:00,73403.8,73418.4,73342.6,73364.2,18.549958,1361208.8552229,BTCUSDT,bybit
2026-05-28 12:20:00+00:00,73364.2,73372.7,73251.7,73269.9,28.388188,2081270.2540578,BTCUSDT,bybit
2026-05-28 12:25:00+00:00,73269.9,73407.1,73267.4,73381.9,23.068251,1691646.8874548,BTCUSDT,bybit
2026-05-28 12:30:00+00:00,73381.9,73545.6,73381.9,73470.5,40.024339,2940912.6389447,BTCUSDT,bybit
2026-05-28 12:35:00+00:00,73470.5,73495.7,73352.1,73495.7,28.599901,2099706.606712,BTCUSDT,bybit
2026-05-28 12:40:00+00:00,73495.7,73532.6,73480.5,73484.8,28.193145,2072392.2361126,BTCUSDT,bybit
2026-05-28 12:45:00+00:00,73484.8,73586.8,73480.8,73552.6,30.002203,2206671.8209657,BTCUSDT,bybit
2026-05-28 12:50:00+00:00,73552.6,73567.8,73497.7,73526.2,26.242095,1929696.1501953,BTCUSDT,bybit
2026-05-28 12:55:00+00:00,73526.2,73541.2,73507.4,73525.8,15.082302,1108936.9274692,BTCUSDT,bybit
2026-05-28 13:00:00+00:00,73525.8,73582.5,73448.2,73495.8,33.8768,2490824.9832988,BTCUSDT,bybit
2026-05-28 13:05:00+00:00,73495.8,73502.5,73358.6,73365.5,20.195436,1482774.6314817,BTCUSDT,bybit
2026-05-28 13:10:00+00:00,73365.5,73372.5,73334.9,73341.0,19.725837,1446988.5629556,BTCUSDT,bybit
2026-05-28 13:15:00+00:00,73341.0,73341.1,73235.9,73240.0,52.751023,3865737.496143,BTCUSDT,bybit
2026-05-28 13:20:00+00:00,73240.0,73253.9,73160.3,73186.2,38.674461,2830975.0081744,BTCUSDT,bybit
2026-05-28 13:25:00+00:00,73186.2,73209.3,72994.2,73167.0,116.2717,8499232.80734717,BTCUSDT,bybit
2026-05-28 13:30:00+00:00,73167.0,73173.5,72929.0,72960.2,108.461772,7920754.2372121,BTCUSDT,bybit
2026-05-28 13:35:00+00:00,72960.2,72970.1,72807.2,72915.8,129.97518,9474968.9936017,BTCUSDT,bybit
2026-05-28 13:40:00+00:00,72915.8,72962.4,72768.5,72787.1,119.266759,8692332.48146772,BTCUSDT,bybit
2026-05-28 13:45:00+00:00,72787.1,72953.5,72787.1,72902.4,81.531127,5941205.0012174,BTCUSDT,bybit
2026-05-28 13:50:00+00:00,72902.4,73096.7,72873.2,72994.1,104.614089,7635227.9872177,BTCUSDT,bybit
2026-05-28 13:55:00+00:00,72994.1,73035.6,72946.8,73024.1,40.504712,2956975.6789347,BTCUSDT,bybit
2026-05-28 14:00:00+00:00,73024.1,73037.9,72794.0,72895.8,89.197814,6502176.9683182,BTCUSDT,bybit
2026-05-28 14:05:00+00:00,72895.8,72897.0,72580.9,72878.0,174.80272,12714193.22953159,BTCUSDT,bybit
2026-05-28 14:10:00+00:00,72878.0,73341.7,72613.4,73328.6,339.506975,24792820.18444405,BTCUSDT,bybit
2026-05-28 14:15:00+00:00,73328.6,73591.4,73263.6,73491.6,180.3271,13241160.67218812,BTCUSDT,bybit
2026-05-28 14:20:00+00:00,73491.6,73495.7,72985.7,73040.0,95.44471,6990044.10764947,BTCUSDT,bybit
2026-05-28 14:25:00+00:00,73040.0,73125.6,72890.5,72974.8,77.390079,5650415.90720072,BTCUSDT,bybit
2026-05-28 14:30:00+00:00,72974.8,73058.4,72917.8,72931.9,120.803241,8816935.7164418,BTCUSDT,bybit
2026-05-28 14:35:00+00:00,72931.9,72988.8,72859.5,72913.6,115.301723,8409085.5828248,BTCUSDT,bybit
2026-05-28 14:40:00+00:00,72913.6,73045.9,72800.1,72864.9,96.66851,7047789.30633378,BTCUSDT,bybit
2026-05-28 14:45:00+00:00,72864.9,72898.9,72696.9,72815.1,86.339251,6285169.04266085,BTCUSDT,bybit
2026-05-28 14:50:00+00:00,72815.1,73032.9,72815.1,72964.4,51.561284,3760106.1563154,BTCUSDT,bybit
2026-05-28 14:55:00+00:00,72964.4,73054.2,72964.4,73033.2,42.485749,3102076.5242205,BTCUSDT,bybit
2026-05-28 15:00:00+00:00,73033.2,73055.3,72963.9,73009.6,71.232796,5201704.7859563,BTCUSDT,bybit
2026-05-28 15:05:00+00:00,73009.6,73188.9,72953.8,72999.5,79.293934,5795568.73509109,BTCUSDT,bybit
2026-05-28 15:10:00+00:00,72999.5,73033.8,72858.4,72866.5,51.43947,3751733.6293173,BTCUSDT,bybit
2026-05-28 15:15:00+00:00,72866.5,72897.2,72753.8,72762.8,41.369045,3013017.57247922,BTCUSDT,bybit
2026-05-28 15:20:00+00:00,72762.8,72913.2,72694.9,72868.6,61.711411,4493813.6231286,BTCUSDT,bybit
2026-05-28 15:25:00+00:00,72868.6,73004.2,72856.3,72965.6,50.298281,3668389.1566338,BTCUSDT,bybit
2026-05-28 15:30:00+00:00,72965.6,73006.7,72833.1,72860.8,42.018012,3063564.577837,BTCUSDT,bybit
2026-05-28 15:35:00+00:00,72860.8,72950.8,72860.8,72881.4,35.00995,2552816.6031329,BTCUSDT,bybit
2026-05-28 15:40:00+00:00,72881.4,73018.1,72870.1,73018.1,40.28108,2937996.042306,BTCUSDT,bybit
2026-05-28 15:45:00+00:00,73018.1,73068.8,72892.0,72911.8,44.560105,3253376.0792817,BTCUSDT,bybit
2026-05-28 15:50:00+00:00,72911.8,72982.5,72894.1,72905.3,25.689862,1873772.9399567,BTCUSDT,bybit
2026-05-28 15:55:00+00:00,72905.3,72960.7,72887.9,72931.8,18.631213,1358620.1158668,BTCUSDT,bybit
2026-05-28 16:00:00+00:00,72931.8,72931.8,72783.6,72783.6,41.01526,2988392.0235291,BTCUSDT,bybit
2026-05-28 16:05:00+00:00,72783.6,72903.9,72731.1,72903.9,35.570826,2589956.0635193,BTCUSDT,bybit
2026-05-28 16:10:00+00:00,72903.9,73189.7,72894.1,73108.6,123.585028,9030116.68593749,BTCUSDT,bybit
2026-05-28 16:15:00+00:00,73108.6,73168.7,73054.1,73143.9,43.563905,3185476.3165974,BTCUSDT,bybit
2026-05-28 16:20:00+00:00,73143.9,73315.6,73133.6,73272.0,63.254047,4632585.53333958,BTCUSDT,bybit
2026-05-28 16:25:00+00:00,73272.0,73295.8,73156.1,73156.3,63.884978,4678399.5535692,BTCUSDT,bybit
2026-05-28 16:30:00+00:00,73156.3,73254.9,73155.3,73233.6,26.045196,1906471.2353395,BTCUSDT,bybit
2026-05-28 16:35:00+00:00,73233.6,73280.4,73188.9,73240.7,33.512797,2453874.5559531,BTCUSDT,bybit
2026-05-28 16:40:00+00:00,73240.7,73362.6,73213.3,73362.5,65.339412,4789341.56034242,BTCUSDT,bybit
2026-05-28 16:45:00+00:00,73362.5,73435.3,73285.9,73319.5,55.700367,4086709.1183823,BTCUSDT,bybit
2026-05-28 16:50:00+00:00,73319.5,73415.1,73281.4,73399.4,55.137476,4044718.6714937,BTCUSDT,bybit
2026-05-28 16:55:00+00:00,73399.4,73449.8,73384.5,73449.8,44.538539,3269911.9688775,BTCUSDT,bybit
2026-05-28 17:00:00+00:00,73449.8,73475.2,73336.3,73356.1,63.481595,4659375.8513705,BTCUSDT,bybit
2026-05-28 17:05:00+00:00,73356.1,73512.4,73322.6,73483.2,71.196212,5227778.6731307,BTCUSDT,bybit
2026-05-28 17:10:00+00:00,73483.2,73507.5,73426.9,73489.9,39.422747,2896654.5674126,BTCUSDT,bybit
2026-05-28 17:15:00+00:00,73489.9,73497.0,73392.0,73476.1,32.375872,2378055.9664661,BTCUSDT,bybit
2026-05-28 17:20:00+00:00,73476.1,73491.6,73402.1,73402.1,23.151537,1700629.4602053,BTCUSDT,bybit
2026-05-28 17:25:00+00:00,73402.1,73422.1,73315.5,73365.8,49.981281,3667336.9220749,BTCUSDT,bybit
2026-05-28 17:30:00+00:00,73365.8,73501.8,73343.9,73501.7,36.603943,2687664.7218653,BTCUSDT,bybit
2026-05-28 17:35:00+00:00,73501.7,73527.9,73450.4,73527.9,51.627683,3794318.2431941,BTCUSDT,bybit
2026-05-28 17:40:00+00:00,73527.9,73545.3,73473.7,73473.7,32.378955,2380606.7782083,BTCUSDT,bybit
2026-05-28 17:45:00+00:00,73473.7,73740.6,73473.7,73655.0,93.638474,6896059.66108542,BTCUSDT,bybit
2026-05-28 17:50:00+00:00,73655.0,73655.1,73533.4,73537.7,29.626862,2180245.0887303,BTCUSDT,bybit
2026-05-28 17:55:00+00:00,73537.7,73594.3,73490.0,73554.1,29.61157,2177457.7170675,BTCUSDT,bybit
2026-05-28 18:00:00+00:00,73554.1,73648.3,73521.0,73611.8,71.241576,5240890.8480943,BTCUSDT,bybit
2026-05-28 18:05:00+00:00,73611.8,73750.3,73594.0,73701.0,42.660562,3143216.49224486,BTCUSDT,bybit
2026-05-28 18:10:00+00:00,73701.0,73701.0,73622.5,73643.0,32.255744,2376428.5023859,BTCUSDT,bybit
2026-05-28 18:15:00+00:00,73643.0,73757.8,73616.2,73616.3,44.941642,3311846.4175946,BTCUSDT,bybit
2026-05-28 18:20:00+00:00,73616.3,73680.0,73603.1,73647.3,29.648273,2183257.6829108,BTCUSDT,bybit
2026-05-28 18:25:00+00:00,73647.3,73667.1,73586.4,73595.8,22.005656,1620302.0051902,BTCUSDT,bybit
2026-05-28 18:30:00+00:00,73595.8,73691.9,73582.5,73664.9,35.4084,2607235.5592508,BTCUSDT,bybit
2026-05-28 18:35:00+00:00,73664.9,73664.9,73593.1,73607.1,26.469169,1948797.1747325,BTCUSDT,bybit
2026-05-28 18:40:00+00:00,73607.1,73638.4,73589.9,73614.2,26.473186,1948794.270118,BTCUSDT,bybit
2026-05-28 18:45:00+00:00,73614.2,73655.2,73581.8,73616.0,26.282107,1935043.8459136,BTCUSDT,bybit
2026-05-28 18:50:00+00:00,73616.0,73695.4,73615.3,73676.5,24.353769,1793907.676234,BTCUSDT,bybit
2026-05-28 18:55:00+00:00,73676.5,73746.4,73637.0,73665.5,25.960206,1913195.4291976,BTCUSDT,bybit
2026-05-28 19:00:00+00:00,73665.5,73665.5,73518.9,73548.2,33.677632,2477851.0370743,BTCUSDT,bybit
2026-05-28 19:05:00+00:00,73548.2,73591.9,73500.7,73503.3,21.47118,1579439.8207712,BTCUSDT,bybit
2026-05-28 19:10:00+00:00,73503.3,73517.3,73460.9,73491.0,22.834333,1677934.0636004,BTCUSDT,bybit
2026-05-28 19:15:00+00:00,73491.0,73501.3,73421.1,73501.0,37.752601,2773956.038216,BTCUSDT,bybit
2026-05-28 19:20:00+00:00,73501.0,73528.3,73487.2,73523.9,29.73998,2186184.3675055,BTCUSDT,bybit
2026-05-28 19:25:00+00:00,73523.9,73567.1,73510.7,73567.1,25.938954,1907491.8704331,BTCUSDT,bybit
2026-05-28 19:30:00+00:00,73567.1,73602.6,73481.4,73481.5,23.665694,1740471.5767885,BTCUSDT,bybit
2026-05-28 19:35:00+00:00,73481.5,73481.5,73429.7,73442.7,28.305171,2079107.3183979,BTCUSDT,bybit
2026-05-28 19:40:00+00:00,73442.7,73465.7,73429.8,73442.6,23.627284,1735315.8283024,BTCUSDT,bybit
2026-05-28 19:45:00+00:00,73442.6,73516.8,73442.6,73508.1,18.51106,1360369.8839558,BTCUSDT,bybit
2026-05-28 19:50:00+00:00,73508.1,73530.4,73388.4,73472.5,73.689477,5414671.66878392,BTCUSDT,bybit
2026-05-28 19:55:00+00:00,73472.5,73500.7,73385.0,73428.4,61.479708,4515142.7504878,BTCUSDT,bybit
2026-05-28 20:00:00+00:00,73428.4,73453.7,73336.3,73371.9,50.03203,3672290.035716,BTCUSDT,bybit
2026-05-28 20:05:00+00:00,73371.9,73378.4,73246.9,73328.3,48.082114,3525070.8109148,BTCUSDT,bybit
2026-05-28 20:10:00+00:00,73328.3,73555.6,73315.8,73451.0,68.30233,5016520.5939132,BTCUSDT,bybit
2026-05-28 20:15:00+00:00,73451.0,73582.0,73442.7,73577.0,26.623127,1957088.355897,BTCUSDT,bybit
2026-05-28 20:20:00+00:00,73577.0,73647.6,73577.0,73603.4,76.729772,5648040.5800204,BTCUSDT,bybit
2026-05-28 20:25:00+00:00,73603.4,73670.7,73603.3,73656.0,15.494779,1140915.433512,BTCUSDT,bybit
2026-05-28 20:30:00+00:00,73656.0,73682.4,73619.3,73626.1,22.102085,1627959.1330909,BTCUSDT,bybit
2026-05-28 20:35:00+00:00,73626.1,73709.9,73626.1,73669.9,21.505454,1584249.5856801,BTCUSDT,bybit
2026-05-28 20:40:00+00:00,73669.9,73733.6,73669.9,73702.5,17.678566,1302862.24953319,BTCUSDT,bybit
2026-05-28 20:45:00+00:00,73702.5,73702.5,73643.3,73683.5,14.622538,1077254.2445033,BTCUSDT,bybit
2026-05-28 20:50:00+00:00,73683.5,73694.8,73657.9,73668.6,7.970028,587197.9585789,BTCUSDT,bybit
2026-05-28 20:55:00+00:00,73668.6,73668.6,73571.9,73582.0,26.721114,1966651.306711,BTCUSDT,bybit
2026-05-28 21:00:00+00:00,73582.0,73620.3,73569.2,73574.3,15.528915,1142954.8049427,BTCUSDT,bybit
2026-05-28 21:05:00+00:00,73574.3,73650.4,73557.7,73646.3,15.652351,1152068.6930372,BTCUSDT,bybit
2026-05-28 21:10:00+00:00,73646.3,73725.5,73637.5,73696.8,35.250857,2597484.7064654,BTCUSDT,bybit
2026-05-28 21:15:00+00:00,73696.8,73744.0,73680.7,73680.8,15.883241,1170851.334973,BTCUSDT,bybit
2026-05-28 21:20:00+00:00,73680.8,73757.2,73680.8,73752.3,10.332677,761774.4678543,BTCUSDT,bybit
2026-05-28 21:25:00+00:00,73752.3,73759.9,73700.2,73702.5,20.52233,1513478.19762732,BTCUSDT,bybit
2026-05-28 21:30:00+00:00,73702.5,73737.2,73695.5,73737.1,11.876457,875345.7889534,BTCUSDT,bybit
2026-05-28 21:35:00+00:00,73737.1,73836.6,73724.3,73797.8,26.702636,1970206.31921552,BTCUSDT,bybit
2026-05-28 21:40:00+00:00,73797.8,73933.4,73797.7,73910.8,29.589334,2185979.64957739,BTCUSDT,bybit
2026-05-28 21:45:00+00:00,73910.8,73910.8,73830.0,73834.1,23.724035,1752145.6787698,BTCUSDT,bybit
2026-05-28 21:50:00+00:00,73834.1,73889.1,73800.4,73844.3,16.588363,1224999.054448,BTCUSDT,bybit
2026-05-28 21:55:00+00:00,73844.3,73871.9,73827.1,73827.1,14.863411,1097679.1248364,BTCUSDT,bybit
2026-05-28 22:00:00+00:00,73827.1,73953.6,73751.1,73772.4,38.610363,2851399.4295726,BTCUSDT,bybit
2026-05-28 22:05:00+00:00,73772.4,73788.7,73708.0,73760.8,22.309612,1645299.4836373,BTCUSDT,bybit
2026-05-28 22:10:00+00:00,73760.8,73760.9,73703.1,73719.5,16.486415,1215403.9697086,BTCUSDT,bybit
2026-05-28 22:15:00+00:00,73719.5,73731.9,73683.7,73683.8,11.211164,826357.8479343,BTCUSDT,bybit
2026-05-28 22:20:00+00:00,73683.8,73707.5,73650.0,73701.0,14.99121,1104481.8953884,BTCUSDT,bybit
2026-05-28 22:25:00+00:00,73701.0,73710.8,73612.5,73617.6,26.915189,1982407.866763,BTCUSDT,bybit
2026-05-28 22:30:00+00:00,73617.6,73624.0,73567.2,73581.8,23.218704,1708818.3716612,BTCUSDT,bybit
2026-05-28 22:35:00+00:00,73581.8,73587.0,73559.1,73559.1,16.871637,1241350.0138899,BTCUSDT,bybit
2026-05-28 22:40:00+00:00,73559.1,73559.1,73500.8,73507.6,28.924527,2126851.2036905,BTCUSDT,bybit
2026-05-28 22:45:00+00:00,73507.6,73588.0,73507.4,73572.4,15.897359,1169208.108447,BTCUSDT,bybit
2026-05-28 22:50:00+00:00,73572.4,73600.3,73512.0,73522.7,7.724069,568170.4940423,BTCUSDT,bybit
2026-05-28 22:55:00+00:00,73522.7,73529.6,73455.1,73479.3,27.321627,2008380.9254674,BTCUSDT,bybit
2026-05-28 23:00:00+00:00,73479.3,73576.8,73479.2,73547.8,19.535083,1436581.3939249,BTCUSDT,bybit
2026-05-28 23:05:00+00:00,73547.8,73586.7,73547.8,73575.9,10.438562,767961.8342901,BTCUSDT,bybit
2026-05-28 23:10:00+00:00,73575.9,73601.9,73561.6,73601.8,6.685085,491903.3210497,BTCUSDT,bybit
2026-05-28 23:15:00+00:00,73601.8,73620.8,73586.8,73616.0,9.950652,732413.580277,BTCUSDT,bybit
2026-05-28 23:20:00+00:00,73616.0,73616.0,73574.2,73609.3,30.427048,2239158.6745558,BTCUSDT,bybit
2026-05-28 23:25:00+00:00,73609.3,73704.7,73602.6,73697.3,23.310829,1717022.5289148,BTCUSDT,bybit
2026-05-28 23:30:00+00:00,73697.3,73731.4,73681.5,73682.1,17.05996,1257391.6560324,BTCUSDT,bybit
2026-05-28 23:35:00+00:00,73682.1,73682.1,73609.6,73609.6,9.50348,699943.9948655,BTCUSDT,bybit
2026-05-28 23:40:00+00:00,73609.6,73615.9,73548.6,73615.8,16.390391,1205902.2172585,BTCUSDT,bybit
2026-05-28 23:45:00+00:00,73615.8,73615.8,73534.8,73557.0,15.74811,1158604.9894133,BTCUSDT,bybit
2026-05-28 23:50:00+00:00,73557.0,73582.5,73552.4,73582.2,7.803124,574061.3366731,BTCUSDT,bybit
2026-05-28 23:55:00+00:00,73582.2,73661.0,73582.1,73628.0,13.564272,998803.6772387,BTCUSDT,bybit
2026-05-29 00:00:00+00:00,73628.0,73761.2,73628.0,73676.3,43.779851,3226006.622922,BTCUSDT,bybit
2026-05-29 00:05:00+00:00,73676.3,73710.1,73639.0,73710.1,35.681735,2628828.4017169,BTCUSDT,bybit
2026-05-29 00:10:00+00:00,73710.1,73799.3,73710.1,73760.2,32.274231,2380736.8573881,BTCUSDT,bybit
2026-05-29 00:15:00+00:00,73760.2,73855.0,73691.1,73797.5,62.753795,4630913.2815636,BTCUSDT,bybit
2026-05-29 00:20:00+00:00,73797.5,73867.4,73765.7,73852.6,36.634999,2704751.0980275,BTCUSDT,bybit
2026-05-29 00:25:00+00:00,73852.6,73869.1,73774.3,73790.8,26.365915,1946167.1563969,BTCUSDT,bybit
2026-05-29 00:30:00+00:00,73790.8,73814.9,73763.8,73770.5,20.492128,1511999.7073332,BTCUSDT,bybit
2026-05-29 00:35:00+00:00,73770.5,73870.0,73769.3,73853.6,25.243367,1863564.0724234,BTCUSDT,bybit
2026-05-29 00:40:00+00:00,73853.6,73869.2,73799.8,73862.6,22.996376,1697870.8300724,BTCUSDT,bybit
2026-05-29 00:45:00+00:00,73862.6,73862.6,73762.9,73762.9,30.002315,2214310.9717007,BTCUSDT,bybit
2026-05-29 00:50:00+00:00,73762.9,73808.8,73720.5,73720.5,17.21094,1269678.0670338,BTCUSDT,bybit
2026-05-29 00:55:00+00:00,73720.5,73733.6,73691.2,73728.9,12.831317,945868.3601743,BTCUSDT,bybit
2026-05-29 01:00:00+00:00,73728.9,73816.9,73728.9,73794.1,32.395951,2390126.6058362,BTCUSDT,bybit
2026-05-29 01:05:00+00:00,73794.1,73878.6,73794.1,73865.6,27.039384,1996636.7864374,BTCUSDT,bybit
2026-05-29 01:10:00+00:00,73865.6,73874.5,73759.5,73792.7,26.161187,1931440.7393462,BTCUSDT,bybit
2026-05-29 01:15:00+00:00,73792.7,73815.5,73716.5,73716.5,35.235124,2599429.1612759,BTCUSDT,bybit
2026-05-29 01:20:00+00:00,73716.5,73716.6,73615.0,73616.4,40.924396,3013705.2376245,BTCUSDT,bybit
2026-05-29 01:25:00+00:00,73616.4,73646.3,73584.3,73609.2,22.171586,1632307.3992028,BTCUSDT,bybit
2026-05-29 01:30:00+00:00,73609.2,73609.2,73535.1,73586.7,31.407229,2310434.3703372,BTCUSDT,bybit
2026-05-29 01:35:00+00:00,73586.7,73591.1,73493.1,73515.5,44.501962,3272257.1656436,BTCUSDT,bybit
2026-05-29 01:40:00+00:00,73515.5,73540.2,73504.6,73537.8,25.441735,1870505.1853227,BTCUSDT,bybit
2026-05-29 01:45:00+00:00,73537.8,73600.0,73470.5,73476.9,27.286126,2007085.6135886,BTCUSDT,bybit
2026-05-29 01:50:00+00:00,73476.9,73615.0,73471.8,73615.0,25.380384,1866442.7319765,BTCUSDT,bybit
2026-05-29 01:55:00+00:00,73615.0,73635.4,73576.7,73601.9,26.531916,1952984.881048,BTCUSDT,bybit
2026-05-29 02:00:00+00:00,73601.9,73649.1,73556.0,73613.7,40.02658,2946299.5857485,BTCUSDT,bybit
2026-05-29 02:05:00+00:00,73613.7,73630.9,73558.5,73630.9,36.736089,2703713.2555914,BTCUSDT,bybit
2026-05-29 02:10:00+00:00,73630.9,73645.1,73600.6,73630.8,18.955517,1395571.5142452,BTCUSDT,bybit
2026-05-29 02:15:00+00:00,73630.8,73655.0,73586.1,73631.7,22.350375,1645559.4592124,BTCUSDT,bybit
2026-05-29 02:20:00+00:00,73631.7,73634.0,73488.3,73488.3,25.195301,1853233.4465208,BTCUSDT,bybit
2026-05-29 02:25:00+00:00,73488.3,73499.3,73376.9,73397.4,52.827741,3879304.48979452,BTCUSDT,bybit
2026-05-29 02:30:00+00:00,73397.4,73481.0,73370.0,73469.7,46.922454,3445252.1847257,BTCUSDT,bybit
2026-05-29 02:35:00+00:00,73469.7,73494.2,73443.2,73458.9,15.689659,1152698.8119374,BTCUSDT,bybit
2026-05-29 02:40:00+00:00,73458.9,73460.7,73325.1,73348.3,35.157511,2580111.76516266,BTCUSDT,bybit
2026-05-29 02:45:00+00:00,73348.3,73414.8,73348.3,73370.1,27.055488,1985426.952412,BTCUSDT,bybit
2026-05-29 02:50:00+00:00,73370.1,73370.1,73255.6,73255.6,30.754056,2255065.87425814,BTCUSDT,bybit
2026-05-29 02:55:00+00:00,73255.6,73280.1,73185.1,73227.5,43.82918,3209890.30794555,BTCUSDT,bybit
2026-05-29 03:00:00+00:00,73227.5,73312.1,73227.5,73292.4,27.870288,2042135.2537609,BTCUSDT,bybit
2026-05-29 03:05:00+00:00,73292.4,73457.3,73292.4,73454.2,33.252657,2440231.2629741,BTCUSDT,bybit
2026-05-29 03:10:00+00:00,73454.2,73459.0,73433.2,73449.6,17.449852,1281577.2408556,BTCUSDT,bybit
2026-05-29 03:15:00+00:00,73449.6,73449.6,73370.7,73433.9,19.906916,1461387.6910256,BTCUSDT,bybit
2026-05-29 03:20:00+00:00,73433.9,73434.0,73400.2,73408.8,9.751154,715861.6678688,BTCUSDT,bybit
2026-05-29 03:25:00+00:00,73408.8,73414.6,73395.0,73395.6,8.469665,621717.0970857,BTCUSDT,bybit
2026-05-29 03:30:00+00:00,73395.6,73444.5,73355.8,73432.9,22.516667,1652710.7430307,BTCUSDT,bybit
2026-05-29 03:35:00+00:00,73432.9,73433.0,73314.5,73325.9,20.864885,1530557.974504,BTCUSDT,bybit
2026-05-29 03:40:00+00:00,73325.9,73373.9,73325.9,73364.5,10.572719,775513.3105965,BTCUSDT,bybit
2026-05-29 03:45:00+00:00,73364.5,73368.4,73344.1,73344.1,10.385576,761824.7379864,BTCUSDT,bybit
2026-05-29 03:50:00+00:00,73344.1,73364.1,73260.7,73315.2,14.885126,1091189.6900597,BTCUSDT,bybit
2026-05-29 03:55:00+00:00,73315.2,73333.7,73278.3,73296.9,26.288495,1927110.6117931,BTCUSDT,bybit
2026-05-29 04:00:00+00:00,73296.9,73373.0,73296.9,73362.0,17.388374,1275270.4745527,BTCUSDT,bybit
2026-05-29 04:05:00+00:00,73362.0,73362.0,73219.3,73232.4,36.644615,2685201.3863341,BTCUSDT,bybit
2026-05-29 04:10:00+00:00,73232.4,73252.8,73200.2,73226.5,31.057572,2274426.8211089,BTCUSDT,bybit
2026-05-29 04:15:00+00:00,73226.5,73264.9,73226.5,73252.2,17.126864,1254567.1148001,BTCUSDT,bybit
2026-05-29 04:20:00+00:00,73252.2,73320.5,73247.9,73307.1,15.085374,1105469.770359,BTCUSDT,bybit
2026-05-29 04:25:00+00:00,73307.1,73379.8,73307.1,73365.7,16.157804,1185153.0305191,BTCUSDT,bybit
2026-05-29 04:30:00+00:00,73365.7,73422.1,73351.1,73394.2,24.247153,1779300.0237468,BTCUSDT,bybit
2026-05-29 04:35:00+00:00,73394.2,73444.0,73389.2,73407.1,17.541872,1287928.6650216,BTCUSDT,bybit
2026-05-29 04:40:00+00:00,73407.1,73418.4,73389.8,73411.9,9.380485,688586.3233671,BTCUSDT,bybit
2026-05-29 04:45:00+00:00,73411.9,73448.6,73411.9,73440.6,12.761999,937126.3457261,BTCUSDT,bybit
2026-05-29 04:50:00+00:00,73440.6,73450.0,73403.1,73450.0,14.839904,1089670.7919947,BTCUSDT,bybit
2026-05-29 04:55:00+00:00,73450.0,73507.0,73433.3,73501.2,15.557856,1143178.5371482,BTCUSDT,bybit
2026-05-29 05:00:00+00:00,73501.2,73581.6,73493.4,73577.0,20.784978,1528506.3687201,BTCUSDT,bybit
2026-05-29 05:05:00+00:00,73577.0,73604.1,73545.9,73601.9,16.931131,1245781.9793008,BTCUSDT,bybit
2026-05-29 05:10:00+00:00,73601.9,73637.8,73587.3,73600.8,33.005116,2429651.8516971,BTCUSDT,bybit
2026-05-29 05:15:00+00:00,73600.8,73612.9,73561.0,73600.0,26.10404,1920828.9311986,BTCUSDT,bybit
2026-05-29 05:20:00+00:00,73600.0,73600.0,73532.8,73549.6,32.670175,2403095.4251861,BTCUSDT,bybit
2026-05-29 05:25:00+00:00,73549.6,73586.1,73549.6,73581.4,5.716805,420594.357188,BTCUSDT,bybit
2026-05-29 05:30:00+00:00,73581.4,73581.4,73500.0,73506.8,19.909979,1463937.8197248,BTCUSDT,bybit
2026-05-29 05:35:00+00:00,73506.8,73520.3,73492.5,73514.7,10.391448,763848.1114536,BTCUSDT,bybit
2026-05-29 05:40:00+00:00,73514.7,73522.1,73492.8,73511.0,9.418772,692401.1151091,BTCUSDT,bybit
2026-05-29 05:45:00+00:00,73511.0,73692.7,73500.8,73673.1,40.471757,2979323.91147137,BTCUSDT,bybit
2026-05-29 05:50:00+00:00,73673.1,73688.9,73628.6,73655.2,27.498382,2025751.4596537,BTCUSDT,bybit
2026-05-29 05:55:00+00:00,73655.2,73737.5,73648.4,73701.0,29.223612,2153586.03584439,BTCUSDT,bybit
2026-05-29 06:00:00+00:00,73701.0,73711.7,73672.4,73690.0,16.287313,1200269.6468538,BTCUSDT,bybit
2026-05-29 06:05:00+00:00,73690.0,73690.0,73638.0,73664.7,17.885896,1317427.3358669,BTCUSDT,bybit
2026-05-29 06:10:00+00:00,73664.7,73698.2,73645.4,73697.3,10.481703,772248.0598512,BTCUSDT,bybit
2026-05-29 06:15:00+00:00,73697.3,73775.7,73697.2,73775.7,18.770294,1384126.89120572,BTCUSDT,bybit
2026-05-29 06:20:00+00:00,73775.7,73942.2,73770.5,73835.2,56.460641,4170300.9542538,BTCUSDT,bybit
2026-05-29 06:25:00+00:00,73835.2,73848.2,73767.0,73768.5,33.319738,2459089.0262789,BTCUSDT,bybit
2026-05-29 06:30:00+00:00,73768.5,73769.6,73711.3,73711.3,16.040713,1182948.1622837,BTCUSDT,bybit
2026-05-29 06:35:00+00:00,73711.3,73719.9,73668.7,73685.3,8.701206,641201.1181955,BTCUSDT,bybit
2026-05-29 06:40:00+00:00,73685.3,73704.2,73684.2,73704.1,3.748691,276250.7777943,BTCUSDT,bybit
2026-05-29 06:45:00+00:00,73704.1,73757.8,73704.1,73744.5,13.546689,998797.5836469,BTCUSDT,bybit
2026-05-29 06:50:00+00:00,73744.5,73814.3,73725.4,73785.5,22.118604,1631796.2434933,BTCUSDT,bybit
2026-05-29 06:55:00+00:00,73785.5,73797.9,73773.0,73784.0,8.028277,592370.4718258,BTCUSDT,bybit
2026-05-29 07:00:00+00:00,73784.0,73800.8,73757.3,73767.6,22.255995,1641973.6695561,BTCUSDT,bybit
2026-05-29 07:05:00+00:00,73767.6,73798.9,73765.5,73776.1,15.808832,1166409.8862912,BTCUSDT,bybit
2026-05-29 07:10:00+00:00,73776.1,73820.7,73776.1,73817.3,15.410195,1137360.0660318,BTCUSDT,bybit
2026-05-29 07:15:00+00:00,73817.3,73824.5,73792.7,73817.6,22.592849,1667562.2615436,BTCUSDT,bybit
2026-05-29 07:20:00+00:00,73817.6,73822.4,73799.0,73808.0,10.340777,763279.9428098,BTCUSDT,bybit
2026-05-29 07:25:00+00:00,73808.0,73808.0,73743.6,73766.4,13.700457,1010711.8125053,BTCUSDT,bybit
2026-05-29 07:30:00+00:00,73766.4,73766.5,73527.5,73534.2,80.44104,5921190.9999829,BTCUSDT,bybit
2026-05-29 07:35:00+00:00,73534.2,73552.9,73453.5,73487.5,44.363834,3260569.4697047,BTCUSDT,bybit
2026-05-29 07:40:00+00:00,73487.5,73489.4,73395.8,73412.1,47.477452,3486940.72860082,BTCUSDT,bybit
2026-05-29 07:45:00+00:00,73412.1,73425.2,73374.4,73403.0,40.6337,2982644.6220858,BTCUSDT,bybit
2026-05-29 07:50:00+00:00,73403.0,73445.9,73391.6,73397.1,24.731132,1815820.0930507,BTCUSDT,bybit
2026-05-29 07:55:00+00:00,73397.1,73554.9,73397.0,73523.9,90.159856,6625664.8514875,BTCUSDT,bybit
2026-05-29 08:00:00+00:00,73523.9,73720.3,73518.3,73663.2,56.067397,4129230.5078256,BTCUSDT,bybit
2026-05-29 08:05:00+00:00,73663.2,73724.5,73620.0,73710.2,24.220945,1784385.04708369,BTCUSDT,bybit
2026-05-29 08:10:00+00:00,73710.2,73712.8,73667.8,73712.0,27.35442,2015908.2403219,BTCUSDT,bybit
2026-05-29 08:15:00+00:00,73712.0,73735.2,73700.0,73707.7,19.092915,1407542.8880383,BTCUSDT,bybit
2026-05-29 08:20:00+00:00,73707.7,73821.9,73702.6,73781.7,37.032651,2732433.6583501,BTCUSDT,bybit
2026-05-29 08:25:00+00:00,73781.7,73835.8,73781.6,73782.7,31.42439,2319238.6658862,BTCUSDT,bybit
2026-05-29 08:30:00+00:00,73782.7,73808.4,73718.6,73808.4,36.147508,2666253.772609,BTCUSDT,bybit
2026-05-29 08:35:00+00:00,73808.4,73829.5,73797.1,73813.2,16.225238,1197547.9829715,BTCUSDT,bybit
2026-05-29 08:40:00+00:00,73813.2,73836.0,73767.4,73822.8,22.876359,1688296.4315219,BTCUSDT,bybit
2026-05-29 08:45:00+00:00,73822.8,73822.8,73705.1,73726.2,23.026319,1698614.6311175,BTCUSDT,bybit
2026-05-29 08:50:00+00:00,73726.2,73744.6,73683.3,73707.6,29.237323,2154921.9979543,BTCUSDT,bybit
2026-05-29 08:55:00+00:00,73707.6,73707.7,73636.4,73658.9,20.906752,1539975.5994182,BTCUSDT,bybit
2026-05-29 09:00:00+00:00,73658.9,73711.4,73654.2,73670.4,19.33437,1424536.7626775,BTCUSDT,bybit
2026-05-29 09:05:00+00:00,73670.4,73761.6,73667.1,73761.5,16.374374,1207037.5519912,BTCUSDT,bybit
2026-05-29 09:10:00+00:00,73761.5,73868.7,73761.5,73821.8,43.625743,3220866.2539213,BTCUSDT,bybit
2026-05-29 09:15:00+00:00,73821.8,73870.0,73809.2,73864.2,17.937959,1324664.1240575,BTCUSDT,bybit
2026-05-29 09:20:00+00:00,73864.2,73882.9,73844.5,73874.8,18.510654,1367236.9842027,BTCUSDT,bybit
2026-05-29 09:25:00+00:00,73874.8,73910.9,73846.0,73885.1,29.924509,2210964.9001569,BTCUSDT,bybit
2026-05-29 09:30:00+00:00,73885.1,73890.4,73832.2,73850.7,15.253431,1126532.9685048,BTCUSDT,bybit
2026-05-29 09:35:00+00:00,73850.7,73857.5,73819.2,73850.1,10.436334,770656.1446314,BTCUSDT,bybit
2026-05-29 09:40:00+00:00,73850.1,73852.8,73830.1,73834.5,13.349407,985760.1558964,BTCUSDT,bybit
2026-05-29 09:45:00+00:00,73834.5,73834.5,73744.6,73750.3,21.980947,1622170.5635068,BTCUSDT,bybit
2026-05-29 09:50:00+00:00,73750.3,73750.7,73733.1,73746.1,8.557372,631038.1526828,BTCUSDT,bybit
2026-05-29 09:55:00+00:00,73746.1,73749.5,73712.3,73742.6,7.48389,551820.0173727,BTCUSDT,bybit
2026-05-29 10:00:00+00:00,73742.6,73742.7,73681.0,73681.0,13.894616,1024042.0755692,BTCUSDT,bybit
2026-05-29 10:05:00+00:00,73681.0,73718.3,73670.6,73670.6,16.633183,1225923.360287,BTCUSDT,bybit
2026-05-29 10:10:00+00:00,73670.6,73717.1,73670.6,73703.1,10.911606,804158.3328668,BTCUSDT,bybit
2026-05-29 10:15:00+00:00,73703.1,73703.1,73643.4,73664.2,9.025482,664886.1951386,BTCUSDT,bybit
2026-05-29 10:20:00+00:00,73664.2,73687.9,73617.6,73649.2,19.117969,1408088.1970145,BTCUSDT,bybit
2026-05-29 10:25:00+00:00,73649.2,73656.5,73616.5,73634.3,14.069448,1036033.8261688,BTCUSDT,bybit
2026-05-29 10:30:00+00:00,73634.3,73634.3,73582.8,73621.9,13.556329,997822.1655442,BTCUSDT,bybit
2026-05-29 10:35:00+00:00,73621.9,73742.4,73621.9,73695.8,21.232741,1564635.8414479,BTCUSDT,bybit
2026-05-29 10:40:00+00:00,73695.8,73696.3,73614.6,73614.6,20.609165,1517911.1779681,BTCUSDT,bybit
2026-05-29 10:45:00+00:00,73614.6,73644.8,73592.8,73644.6,16.327957,1202010.6987772,BTCUSDT,bybit
2026-05-29 10:50:00+00:00,73644.6,73656.0,73640.6,73643.6,9.567503,704638.8352573,BTCUSDT,bybit
2026-05-29 10:55:00+00:00,73643.6,73691.3,73635.5,73635.5,16.255897,1197634.0974057,BTCUSDT,bybit
2026-05-29 11:00:00+00:00,73635.5,73650.8,73594.4,73636.4,15.019719,1105804.583839,BTCUSDT,bybit
2026-05-29 11:05:00+00:00,73636.4,73666.3,73626.4,73626.4,10.491602,772750.8372937,BTCUSDT,bybit
2026-05-29 11:10:00+00:00,73626.4,73682.4,73626.4,73648.2,14.179151,1044317.9031887,BTCUSDT,bybit
2026-05-29 11:15:00+00:00,73648.2,73671.0,73648.2,73668.8,9.09828,670215.3879656,BTCUSDT,bybit
2026-05-29 11:20:00+00:00,73668.8,73702.6,73644.5,73683.4,13.074242,963268.5741792,BTCUSDT,bybit
2026-05-29 11:25:00+00:00,73683.4,73683.4,73562.2,73573.1,16.862203,1241180.6456703,BTCUSDT,bybit
2026-05-29 11:30:00+00:00,73573.1,73589.4,73522.6,73589.4,14.372106,1057142.1699538,BTCUSDT,bybit
2026-05-29 11:35:00+00:00,73589.4,73591.8,73494.2,73498.8,16.455415,1209937.008466,BTCUSDT,bybit
2026-05-29 11:40:00+00:00,73498.8,73532.5,73484.2,73489.1,21.242144,1561386.5809101,BTCUSDT,bybit
2026-05-29 11:45:00+00:00,73489.1,73523.7,73455.4,73458.1,12.48263,917388.7588166,BTCUSDT,bybit
2026-05-29 11:50:00+00:00,73458.1,73473.2,73346.0,73434.3,95.390647,7001571.18172418,BTCUSDT,bybit
2026-05-29 11:55:00+00:00,73434.3,73486.5,73418.3,73485.0,37.593868,2762005.6927525,BTCUSDT,bybit
2026-05-29 12:00:00+00:00,73485.0,73485.1,73402.6,73428.2,25.285255,1857050.0174911,BTCUSDT,bybit
2026-05-29 12:05:00+00:00,73428.2,73428.2,73371.2,73383.0,16.419984,1205051.7437522,BTCUSDT,bybit
2026-05-29 12:10:00+00:00,73383.0,73390.6,73341.1,73374.9,22.876949,1678386.9812153,BTCUSDT,bybit
2026-05-29 12:15:00+00:00,73374.9,73420.2,73323.7,73388.4,24.702663,1812810.444117,BTCUSDT,bybit
2026-05-29 12:20:00+00:00,73388.4,73388.4,73321.9,73322.7,21.777634,1597553.2230272,BTCUSDT,bybit
2026-05-29 12:25:00+00:00,73322.7,73332.9,73311.6,73332.9,9.045682,663237.1226841,BTCUSDT,bybit
2026-05-29 12:30:00+00:00,73332.9,73345.3,73242.3,73288.9,50.958726,3735332.71905824,BTCUSDT,bybit
2026-05-29 12:35:00+00:00,73288.9,73312.1,73231.8,73253.4,25.100023,1839161.4829459,BTCUSDT,bybit
2026-05-29 12:40:00+00:00,73253.4,73280.8,73226.7,73278.0,25.46486,1865582.2211686,BTCUSDT,bybit
2026-05-29 12:45:00+00:00,73278.0,73291.9,73203.3,73251.4,18.387942,1346846.45171481,BTCUSDT,bybit
2026-05-29 12:50:00+00:00,73251.4,73376.1,73251.4,73329.6,27.298825,2002057.5805585,BTCUSDT,bybit
2026-05-29 12:55:00+00:00,73329.6,73341.0,73290.5,73294.7,17.597348,1290010.4431442,BTCUSDT,bybit
2026-05-29 13:00:00+00:00,73294.7,73299.9,73194.4,73246.8,28.426804,2082139.4916551,BTCUSDT,bybit
2026-05-29 13:05:00+00:00,73246.8,73255.4,73165.7,73214.8,38.281634,2802631.53894644,BTCUSDT,bybit
2026-05-29 13:10:00+00:00,73214.8,73214.8,73084.0,73130.7,45.118663,3300037.98638834,BTCUSDT,bybit
2026-05-29 13:15:00+00:00,73130.7,73146.1,73106.5,73118.9,31.186282,2280523.8120724,BTCUSDT,bybit
2026-05-29 13:20:00+00:00,73118.9,73130.8,73009.8,73034.7,43.254423,3160207.30725348,BTCUSDT,bybit
2026-05-29 13:25:00+00:00,73034.7,73092.0,72970.0,73067.2,71.949369,5254463.0851258,BTCUSDT,bybit
2026-05-29 13:30:00+00:00,73067.2,73075.6,72900.0,72925.0,83.871857,6120279.4664272,BTCUSDT,bybit
2026-05-29 13:35:00+00:00,72925.0,73310.1,72914.7,73218.4,85.739909,6270956.7800692,BTCUSDT,bybit
2026-05-29 13:40:00+00:00,73218.4,73263.5,73107.0,73263.5,65.344429,4781862.1818827,BTCUSDT,bybit
2026-05-29 13:45:00+00:00,73263.5,73348.8,73202.5,73211.5,54.482927,3991573.8074872,BTCUSDT,bybit
2026-05-29 13:50:00+00:00,73211.5,73224.9,73055.9,73117.7,58.840458,4303358.1993,BTCUSDT,bybit
2026-05-29 13:55:00+00:00,73117.7,73235.1,73117.7,73141.2,41.074171,3005724.95603,BTCUSDT,bybit
2026-05-29 14:00:00+00:00,73141.2,73208.5,73103.8,73169.6,47.595214,3481540.7313124,BTCUSDT,bybit
2026-05-29 14:05:00+00:00,73169.6,73173.6,72889.5,72957.9,58.848337,4295473.92945002,BTCUSDT,bybit
2026-05-29 14:10:00+00:00,72957.9,73031.5,72911.5,73011.4,60.781199,4435793.0657109,BTCUSDT,bybit
2026-05-29 14:15:00+00:00,73011.4,73077.0,72750.3,72792.9,101.679965,7413446.26009647,BTCUSDT,bybit
2026-05-29 14:20:00+00:00,72792.9,72860.3,72682.1,72682.2,57.24359,4166499.53298523,BTCUSDT,bybit
2026-05-29 14:25:00+00:00,72682.2,72758.8,72492.5,72721.5,136.420508,9904964.02004455,BTCUSDT,bybit
2026-05-29 14:30:00+00:00,72721.5,72893.4,72648.6,72838.0,78.039161,5677760.6558656,BTCUSDT,bybit
2026-05-29 14:35:00+00:00,72838.0,72889.0,72692.8,72692.8,54.980457,4002190.4160106,BTCUSDT,bybit
2026-05-29 14:40:00+00:00,72692.8,72756.3,72570.6,72646.6,53.573074,3893024.4570043,BTCUSDT,bybit
2026-05-29 14:45:00+00:00,72646.6,72801.1,72595.8,72744.1,55.011991,3999559.4681589,BTCUSDT,bybit
2026-05-29 14:50:00+00:00,72744.1,73123.8,72741.6,72927.5,137.795878,10057783.44991789,BTCUSDT,bybit
2026-05-29 14:55:00+00:00,72927.5,73190.3,72910.3,73094.2,77.707168,5679516.2403896,BTCUSDT,bybit
2026-05-29 15:00:00+00:00,73094.2,73311.1,73000.0,73311.1,80.789615,5909618.14890138,BTCUSDT,bybit
2026-05-29 15:05:00+00:00,73311.1,73700.0,73287.6,73654.5,241.925059,17781256.97822018,BTCUSDT,bybit
2026-05-29 15:10:00+00:00,73654.5,73757.5,73626.3,73695.3,80.891654,5961530.45198053,BTCUSDT,bybit
2026-05-29 15:15:00+00:00,73695.3,73755.7,73524.2,73640.4,86.882837,6395962.6390106,BTCUSDT,bybit
2026-05-29 15:20:00+00:00,73640.4,73640.4,73532.1,73595.9,87.58784,6443463.8088688,BTCUSDT,bybit
2026-05-29 15:25:00+00:00,73595.9,73757.9,73468.6,73667.9,99.135118,7298055.2796781,BTCUSDT,bybit
2026-05-29 15:30:00+00:00,73667.9,74099.3,73660.2,74040.2,122.414979,9051136.03253175,BTCUSDT,bybit
2026-05-29 15:35:00+00:00,74040.2,74197.6,73975.5,74112.3,103.292488,7653278.64894418,BTCUSDT,bybit
2026-05-29 15:40:00+00:00,74112.3,74204.8,73737.1,73822.4,122.158563,9031306.8745256,BTCUSDT,bybit
2026-05-29 15:45:00+00:00,73822.4,73872.2,73736.5,73872.1,54.704925,4037094.0791396,BTCUSDT,bybit
2026-05-29 15:50:00+00:00,73872.1,73884.4,73708.4,73765.6,28.683607,2116417.50646547,BTCUSDT,bybit
2026-05-29 15:55:00+00:00,73765.6,73869.7,73742.8,73809.4,32.469631,2396828.0004493,BTCUSDT,bybit
2026-05-29 16:00:00+00:00,73809.4,73892.7,73785.9,73882.6,123.450099,9116387.087345,BTCUSDT,bybit
2026-05-29 16:05:00+00:00,73882.6,73931.6,73818.6,73900.2,43.201034,3191258.4956803,BTCUSDT,bybit
2026-05-29 16:10:00+00:00,73900.2,74029.4,73900.2,73954.9,29.909099,2212504.1886,BTCUSDT,bybit
2026-05-29 16:15:00+00:00,73954.9,73976.4,73741.7,73745.5,50.20643,3707169.8850684,BTCUSDT,bybit
2026-05-29 16:20:00+00:00,73745.5,73785.1,73626.5,73642.0,57.022492,4204183.33458964,BTCUSDT,bybit
2026-05-29 16:25:00+00:00,73642.0,73671.3,73562.5,73650.3,53.326403,3925611.92393,BTCUSDT,bybit
2026-05-29 16:30:00+00:00,73650.3,74079.9,73644.2,74074.6,99.544607,7352211.60493724,BTCUSDT,bybit
2026-05-29 16:35:00+00:00,74074.6,74090.5,73917.5,73983.3,76.822003,5686168.3250997,BTCUSDT,bybit
2026-05-29 16:40:00+00:00,73983.3,74099.3,73983.3,74072.5,28.235437,2090745.5720145,BTCUSDT,bybit
2026-05-29 16:45:00+00:00,74072.5,74078.3,73985.2,74044.2,30.890423,2287098.3276335,BTCUSDT,bybit
2026-05-29 16:50:00+00:00,74044.2,74064.5,73917.6,74048.3,52.789391,3905574.8798441,BTCUSDT,bybit
2026-05-29 16:55:00+00:00,74048.3,74122.0,73957.9,74048.5,65.696839,4865546.9194924,BTCUSDT,bybit
2026-05-29 17:00:00+00:00,74048.5,74150.6,73953.5,73953.7,120.626533,8932103.00100556,BTCUSDT,bybit
2026-05-29 17:05:00+00:00,73953.7,74150.2,73932.0,74130.2,37.723398,2793488.0438744,BTCUSDT,bybit
2026-05-29 17:10:00+00:00,74130.2,74300.0,74128.5,74247.7,71.454136,5303733.68266138,BTCUSDT,bybit
2026-05-29 17:15:00+00:00,74247.7,74309.6,74155.2,74218.7,148.777039,11043157.2715957,BTCUSDT,bybit
2026-05-29 17:20:00+00:00,74218.7,74331.6,74204.0,74290.4,68.824818,5110069.8377068,BTCUSDT,bybit
2026-05-29 17:25:00+00:00,74290.4,74290.5,74180.6,74228.0,16.074409,1193239.1720373,BTCUSDT,bybit
2026-05-29 17:30:00+00:00,74228.0,74321.1,74227.3,74276.2,18.29544,1358839.5563625,BTCUSDT,bybit
2026-05-29 17:35:00+00:00,74276.2,74330.5,74216.0,74305.2,24.98715,1855812.8293335,BTCUSDT,bybit
2026-05-29 17:40:00+00:00,74305.2,74316.3,74207.6,74212.9,20.970395,1557375.0754934,BTCUSDT,bybit
2026-05-29 17:45:00+00:00,74212.9,74214.0,74037.6,74047.9,25.31731,1876794.379454,BTCUSDT,bybit
2026-05-29 17:50:00+00:00,74047.9,74082.5,73972.1,73980.4,32.074737,2374457.0340051,BTCUSDT,bybit
2026-05-29 17:55:00+00:00,73980.4,74017.7,73921.7,73986.7,22.110878,1635587.4194992,BTCUSDT,bybit
2026-05-29 18:00:00+00:00,73986.7,74038.5,73946.8,73991.9,28.657327,2120402.0515905,BTCUSDT,bybit
2026-05-29 18:05:00+00:00,73991.9,74067.5,73944.5,74046.6,26.903611,1990741.6843881,BTCUSDT,bybit
2026-05-29 18:10:00+00:00,74046.6,74068.5,74008.9,74044.1,14.836989,1098514.0232063,BTCUSDT,bybit
2026-05-29 18:15:00+00:00,74044.1,74051.4,73878.7,73901.3,53.864315,3983374.2709075,BTCUSDT,bybit
2026-05-29 18:20:00+00:00,73901.3,73935.0,73814.6,73852.5,35.133626,2595326.0429403,BTCUSDT,bybit
2026-05-29 18:25:00+00:00,73852.5,73899.5,73738.1,73796.8,69.410963,5122485.41130986,BTCUSDT,bybit
2026-05-29 18:30:00+00:00,73796.8,73840.4,73774.6,73834.3,24.572966,1813771.4435841,BTCUSDT,bybit
2026-05-29 18:35:00+00:00,73834.3,73860.0,73754.8,73839.8,16.024782,1182790.443114,BTCUSDT,bybit
2026-05-29 18:40:00+00:00,73839.8,73848.7,73781.4,73796.0,13.994852,1032954.4878255,BTCUSDT,bybit
2026-05-29 18:45:00+00:00,73796.0,73798.8,73564.2,73564.2,50.358396,3708156.36280881,BTCUSDT,bybit
2026-05-29 18:50:00+00:00,73564.2,73598.4,73177.4,73340.2,139.271591,10212731.74600424,BTCUSDT,bybit
2026-05-29 18:55:00+00:00,73340.2,73406.0,73299.9,73377.2,33.579104,2463308.2984218,BTCUSDT,bybit
2026-05-29 19:00:00+00:00,73377.2,73476.6,73299.8,73469.3,34.617364,2541079.648204,BTCUSDT,bybit
2026-05-29 19:05:00+00:00,73469.3,73514.7,73448.8,73472.9,18.609057,1367372.1387906,BTCUSDT,bybit
2026-05-29 19:10:00+00:00,73472.9,73487.6,73428.4,73432.9,11.344648,833345.414207,BTCUSDT,bybit
2026-05-29 19:15:00+00:00,73432.9,73455.0,73242.4,73300.6,34.893135,2559046.51135,BTCUSDT,bybit
2026-05-29 19:20:00+00:00,73300.6,73348.9,73276.3,73325.3,25.378278,1860426.6853799,BTCUSDT,bybit
2026-05-29 19:25:00+00:00,73325.3,73361.4,73307.9,73338.7,9.101121,667467.4060915,BTCUSDT,bybit
2026-05-29 19:30:00+00:00,73338.7,73580.1,73338.7,73567.9,29.420998,2162434.0243723,BTCUSDT,bybit
2026-05-29 19:35:00+00:00,73567.9,73732.1,73567.9,73700.1,37.341749,2750788.18401876,BTCUSDT,bybit
2026-05-29 19:40:00+00:00,73700.1,73738.6,73660.6,73688.2,22.73483,1675443.0509914,BTCUSDT,bybit
2026-05-29 19:45:00+00:00,73688.2,73716.2,73638.0,73668.2,18.222163,1342537.6893383,BTCUSDT,bybit
2026-05-29 19:50:00+00:00,73668.2,73681.2,73592.4,73592.4,22.449885,1653148.0332326,BTCUSDT,bybit
2026-05-29 19:55:00+00:00,73592.4,73628.6,73514.5,73521.1,29.241287,2150761.7958273,BTCUSDT,bybit
2026-05-29 20:00:00+00:00,73521.1,73589.4,73513.0,73571.3,22.511006,1655675.1967288,BTCUSDT,bybit
2026-05-29 20:05:00+00:00,73571.3,73668.0,73565.6,73645.8,21.039772,1548889.1020755,BTCUSDT,bybit
2026-05-29 20:10:00+00:00,73645.8,73685.0,73619.1,73653.3,20.775565,1530178.1571938,BTCUSDT,bybit
2026-05-29 20:15:00+00:00,73653.3,73665.8,73591.4,73656.8,20.026431,1474461.7323413,BTCUSDT,bybit
2026-05-29 20:20:00+00:00,73656.8,73749.0,73656.7,73746.6,18.597694,1370629.8357167,BTCUSDT,bybit
2026-05-29 20:25:00+00:00,73746.6,73754.9,73693.6,73709.1,24.323508,1793255.638323,BTCUSDT,bybit
2026-05-29 20:30:00+00:00,73709.1,73764.7,73709.1,73731.5,14.211686,1047982.83237832,BTCUSDT,bybit
2026-05-29 20:35:00+00:00,73731.5,73741.7,73689.2,73705.9,10.874625,801581.4240221,BTCUSDT,bybit
2026-05-29 20:40:00+00:00,73705.9,73707.0,73692.1,73702.9,7.081203,521911.6290145,BTCUSDT,bybit
2026-05-29 20:45:00+00:00,73702.9,73754.1,73702.8,73724.0,18.063095,1331653.9959826,BTCUSDT,bybit
2026-05-29 20:50:00+00:00,73724.0,73737.2,73649.7,73667.0,9.946053,732923.5039623,BTCUSDT,bybit
2026-05-29 20:55:00+00:00,73667.0,73689.1,73618.0,73682.2,18.15524,1337284.015237,BTCUSDT,bybit
2026-05-29 21:00:00+00:00,73682.2,73703.6,73646.6,73689.2,13.87841,1022577.608036,BTCUSDT,bybit
2026-05-29 21:05:00+00:00,73689.2,73775.4,73689.1,73724.9,14.189508,1046160.7407829,BTCUSDT,bybit
2026-05-29 21:10:00+00:00,73724.9,73850.0,73717.3,73808.3,19.096662,1409159.447658,BTCUSDT,bybit
2026-05-29 21:15:00+00:00,73808.3,73813.0,73725.2,73725.2,5.191759,383065.3217461,BTCUSDT,bybit
2026-05-29 21:20:00+00:00,73725.2,73725.3,73538.8,73626.9,39.415287,2901747.2288552,BTCUSDT,bybit
2026-05-29 21:25:00+00:00,73626.9,73626.9,73542.1,73542.1,19.373594,1425414.1385815,BTCUSDT,bybit
2026-05-29 21:30:00+00:00,73542.1,73592.3,73473.4,73551.3,38.595661,2837659.788876,BTCUSDT,bybit
2026-05-29 21:35:00+00:00,73551.3,73605.3,73530.3,73605.2,10.932189,804243.0253889,BTCUSDT,bybit
2026-05-29 21:40:00+00:00,73605.2,73615.7,73584.2,73611.4,6.84314,503683.3517277,BTCUSDT,bybit
2026-05-29 21:45:00+00:00,73611.4,73624.4,73496.0,73496.0,12.474947,917737.7817291,BTCUSDT,bybit
2026-05-29 21:50:00+00:00,73496.0,73501.6,73426.7,73429.1,17.031398,1251197.7975853,BTCUSDT,bybit
2026-05-29 21:55:00+00:00,73429.1,73459.5,73411.5,73421.2,9.930132,729206.5025254,BTCUSDT,bybit
2026-05-29 22:00:00+00:00,73421.2,73501.0,73409.9,73417.2,17.740905,1303032.03242142,BTCUSDT,bybit
2026-05-29 22:05:00+00:00,73417.2,73428.4,73378.1,73405.2,21.072277,1546835.3900007,BTCUSDT,bybit
2026-05-29 22:10:00+00:00,73405.2,73437.6,73390.8,73405.6,11.180691,820810.3134702,BTCUSDT,bybit
2026-05-29 22:15:00+00:00,73405.6,73497.0,73405.6,73496.9,10.222939,750849.3918303,BTCUSDT,bybit
2026-05-29 22:20:00+00:00,73496.9,73575.9,73496.9,73528.7,11.277001,829426.9847972,BTCUSDT,bybit
2026-05-29 22:25:00+00:00,73528.7,73534.6,73514.2,73524.2,3.611605,265549.5730862,BTCUSDT,bybit
2026-05-29 22:30:00+00:00,73524.2,73554.8,73521.2,73521.5,9.64223,709075.5839902,BTCUSDT,bybit
2026-05-29 22:35:00+00:00,73521.5,73521.5,73439.1,73458.8,18.336511,1347366.8756802,BTCUSDT,bybit
2026-05-29 22:40:00+00:00,73458.8,73494.7,73458.1,73469.9,7.138628,524497.2864162,BTCUSDT,bybit
2026-05-29 22:45:00+00:00,73469.9,73530.9,73459.5,73477.1,20.612023,1514834.1658972,BTCUSDT,bybit
2026-05-29 22:50:00+00:00,73477.1,73491.6,73405.4,73437.9,16.391047,1203616.2359507,BTCUSDT,bybit
2026-05-29 22:55:00+00:00,73437.9,73504.0,73437.9,73487.5,7.73092,568047.2210592,BTCUSDT,bybit
2026-05-29 23:00:00+00:00,73487.5,73487.6,73419.0,73470.9,9.635342,707721.5809883,BTCUSDT,bybit
2026-05-29 23:05:00+00:00,73470.9,73517.7,73444.0,73457.7,7.717911,567115.6483433,BTCUSDT,bybit
2026-05-29 23:10:00+00:00,73457.7,73465.6,73397.1,73413.5,8.575945,629769.1089779,BTCUSDT,bybit
2026-05-29 23:15:00+00:00,73413.5,73473.9,73402.4,73428.4,15.325529,1125535.0998392,BTCUSDT,bybit
2026-05-29 23:20:00+00:00,73428.4,73448.1,73317.4,73352.5,17.099117,1254445.63547286,BTCUSDT,bybit
2026-05-29 23:25:00+00:00,73352.5,73407.5,73345.7,73387.6,13.953855,1024085.1442306,BTCUSDT,bybit
2026-05-29 23:30:00+00:00,73387.6,73419.0,73358.0,73373.5,15.633647,1147177.775566,BTCUSDT,bybit
2026-05-29 23:35:00+00:00,73373.5,73373.5,73322.1,73361.7,8.041685,589758.6316283,BTCUSDT,bybit
2026-05-29 23:40:00+00:00,73361.7,73439.5,73361.7,73435.1,10.1328,743725.3663284,BTCUSDT,bybit
2026-05-29 23:45:00+00:00,73435.1,73438.7,73406.6,73438.7,8.047509,590872.6362501,BTCUSDT,bybit
2026-05-29 23:50:00+00:00,73438.7,73511.5,73431.0,73478.6,9.952989,731320.1410437,BTCUSDT,bybit
2026-05-29 23:55:00+00:00,73478.6,73481.7,73465.9,73468.1,2.903255,213312.5885076,BTCUSDT,bybit
2026-05-30 00:00:00+00:00,73468.1,73521.9,73440.6,73450.6,8.350401,613480.9044375,BTCUSDT,bybit
2026-05-30 00:05:00+00:00,73450.6,73525.8,73432.1,73520.1,14.347394,1054238.9325512,BTCUSDT,bybit
2026-05-30 00:10:00+00:00,73520.1,73523.4,73485.5,73487.7,10.798247,793716.0569785,BTCUSDT,bybit
2026-05-30 00:15:00+00:00,73487.7,73547.1,73487.7,73494.0,27.25884,2004061.4934301,BTCUSDT,bybit
2026-05-30 00:20:00+00:00,73494.0,73536.7,73472.5,73472.6,20.728814,1523777.0566069,BTCUSDT,bybit
2026-05-30 00:25:00+00:00,73472.6,73511.0,73468.1,73468.2,15.86038,1165635.135657,BTCUSDT,bybit
2026-05-30 00:30:00+00:00,73468.2,73470.6,73410.9,73433.0,13.444025,987283.2806909,BTCUSDT,bybit
2026-05-30 00:35:00+00:00,73433.0,73516.3,73428.5,73516.2,10.23974,752452.5380459,BTCUSDT,bybit
2026-05-30 00:40:00+00:00,73516.2,73522.3,73497.8,73521.2,14.820219,1089426.1957404,BTCUSDT,bybit
2026-05-30 00:45:00+00:00,73521.2,73539.1,73507.8,73518.2,12.168946,894735.1524694,BTCUSDT,bybit
2026-05-30 00:50:00+00:00,73518.2,73588.3,73518.2,73521.4,31.288301,2301438.8464911,BTCUSDT,bybit
2026-05-30 00:55:00+00:00,73521.4,73557.2,73497.0,73506.7,27.443588,2018047.6600442,BTCUSDT,bybit
2026-05-30 01:00:00+00:00,73506.7,73544.8,73471.6,73530.2,23.950578,1760663.4496744,BTCUSDT,bybit
2026-05-30 01:05:00+00:00,73530.2,73587.5,73516.2,73581.9,12.283363,903381.7377809,BTCUSDT,bybit
2026-05-30 01:10:00+00:00,73581.9,73612.5,73573.5,73579.1,16.684416,1227813.1926191,BTCUSDT,bybit
2026-05-30 01:15:00+00:00,73579.1,73614.5,73552.7,73614.4,14.824882,1090770.130693,BTCUSDT,bybit
2026-05-30 01:20:00+00:00,73614.4,73650.0,73577.3,73636.0,24.082216,1772828.7078171,BTCUSDT,bybit
2026-05-30 01:25:00+00:00,73636.0,73654.8,73629.6,73632.1,12.444861,916492.4814773,BTCUSDT,bybit
2026-05-30 01:30:00+00:00,73632.1,73661.7,73603.2,73634.5,29.303727,2157967.6009702,BTCUSDT,bybit
2026-05-30 01:35:00+00:00,73634.5,73672.2,73634.4,73643.0,13.975681,1029310.5675004,BTCUSDT,bybit
2026-05-30 01:40:00+00:00,73643.0,73643.0,73601.2,73608.4,11.677194,859654.0549683,BTCUSDT,bybit
2026-05-30 01:45:00+00:00,73608.4,73647.3,73608.4,73644.9,12.054797,887663.234407,BTCUSDT,bybit
2026-05-30 01:50:00+00:00,73644.9,73648.4,73597.0,73648.3,17.285777,1272649.8690895,BTCUSDT,bybit
2026-05-30 01:55:00+00:00,73648.3,73667.4,73648.3,73667.4,5.321058,391931.1802928,BTCUSDT,bybit
2026-05-30 02:00:00+00:00,73667.4,73717.0,73667.3,73706.9,16.44531,1211977.2439413,BTCUSDT,bybit
2026-05-30 02:05:00+00:00,73706.9,73706.9,73686.9,73692.7,5.971742,440083.7953906,BTCUSDT,bybit
2026-05-30 02:10:00+00:00,73692.7,73700.1,73669.7,73677.4,9.398359,692563.6064131,BTCUSDT,bybit
2026-05-30 02:15:00+00:00,73677.4,73696.2,73664.0,73671.2,8.166324,601714.8315367,BTCUSDT,bybit
2026-05-30 02:20:00+00:00,73671.2,73671.2,73619.9,73622.0,9.509244,700275.2074208,BTCUSDT,bybit
2026-05-30 02:25:00+00:00,73622.0,73635.4,73617.4,73635.4,5.056516,372278.6118898,BTCUSDT,bybit
2026-05-30 02:30:00+00:00,73635.4,73719.4,73635.3,73712.2,10.078104,742601.5557217,BTCUSDT,bybit
2026-05-30 02:35:00+00:00,73712.2,73731.3,73699.7,73699.8,26.880008,1981594.36820629,BTCUSDT,bybit
2026-05-30 02:40:00+00:00,73699.8,73737.1,73689.8,73716.2,21.214219,1563788.0857827,BTCUSDT,bybit
2026-05-30 02:45:00+00:00,73716.2,73730.1,73702.9,73702.9,13.190975,972396.5549849,BTCUSDT,bybit
2026-05-30 02:50:00+00:00,73702.9,73779.9,73701.4,73779.9,11.419572,842063.7863697,BTCUSDT,bybit
2026-05-30 02:55:00+00:00,73779.9,73790.7,73764.8,73790.7,9.198851,678651.2079189,BTCUSDT,bybit
2026-05-30 03:00:00+00:00,73790.7,73795.9,73714.7,73795.9,25.643334,1891324.0123473,BTCUSDT,bybit
2026-05-30 03:05:00+00:00,73795.9,73795.9,73763.0,73792.9,16.559741,1221740.3476149,BTCUSDT,bybit
2026-05-30 03:10:00+00:00,73792.9,73793.2,73766.5,73769.2,16.811907,1240357.1394838,BTCUSDT,bybit
2026-05-30 03:15:00+00:00,73769.2,73769.3,73730.9,73737.1,11.438942,843568.0459745,BTCUSDT,bybit
2026-05-30 03:20:00+00:00,73737.1,73762.9,73705.6,73705.6,10.327812,761538.0438984,BTCUSDT,bybit
2026-05-30 03:25:00+00:00,73705.6,73707.8,73671.5,73673.5,7.82141,576329.9941695,BTCUSDT,bybit
2026-05-30 03:30:00+00:00,73673.5,73673.5,73615.8,73615.8,19.158571,1410822.4674372,BTCUSDT,bybit
2026-05-30 03:35:00+00:00,73615.8,73615.8,73599.4,73614.0,9.22082,678716.5832397,BTCUSDT,bybit
2026-05-30 03:40:00+00:00,73614.0,73614.0,73542.3,73548.0,21.014645,1546237.3198369,BTCUSDT,bybit
2026-05-30 03:45:00+00:00,73548.0,73603.4,73545.3,73591.4,17.334357,1275391.315972,BTCUSDT,bybit
2026-05-30 03:50:00+00:00,73591.4,73591.5,73558.3,73558.9,5.022146,369484.3314571,BTCUSDT,bybit
2026-05-30 03:55:00+00:00,73558.9,73559.0,73523.5,73534.7,4.458826,327888.542658,BTCUSDT,bybit
2026-05-30 04:00:00+00:00,73534.7,73585.8,73510.0,73510.0,12.783361,940325.4501836,BTCUSDT,bybit
2026-05-30 04:05:00+00:00,73510.0,73512.0,73349.4,73362.2,31.203141,2291050.33055212,BTCUSDT,bybit
2026-05-30 04:10:00+00:00,73362.2,73496.8,73362.1,73496.8,21.633508,1588741.7051858,BTCUSDT,bybit
2026-05-30 04:15:00+00:00,73496.8,73496.8,73408.3,73422.7,15.926486,1169520.916233,BTCUSDT,bybit
2026-05-30 04:20:00+00:00,73422.7,73432.7,73396.2,73420.6,10.402524,763713.6611302,BTCUSDT,bybit
2026-05-30 04:25:00+00:00,73420.6,73422.4,73310.0,73353.9,44.168371,3239170.507183,BTCUSDT,bybit
2026-05-30 04:30:00+00:00,73353.9,73360.0,73205.0,73239.7,111.93125,8203502.52049779,BTCUSDT,bybit
2026-05-30 04:35:00+00:00,73239.7,73304.3,73220.4,73278.0,46.014118,3371093.6348181,BTCUSDT,bybit
2026-05-30 04:40:00+00:00,73278.0,73323.3,73266.2,73319.8,18.772997,1375764.510103,BTCUSDT,bybit
2026-05-30 04:45:00+00:00,73319.8,73385.6,73297.7,73373.9,27.484869,2016074.1394771,BTCUSDT,bybit
2026-05-30 04:50:00+00:00,73373.9,73396.2,73352.6,73353.6,19.304569,1416510.9612428,BTCUSDT,bybit
2026-05-30 04:55:00+00:00,73353.6,73413.5,73344.1,73406.3,16.455837,1207477.7196251,BTCUSDT,bybit
2026-05-30 05:00:00+00:00,73406.3,73434.7,73352.2,73415.1,54.697067,4014552.8310995,BTCUSDT,bybit
2026-05-30 05:05:00+00:00,73415.1,73628.0,73415.1,73519.5,68.918039,5068554.4231074,BTCUSDT,bybit
2026-05-30 05:10:00+00:00,73519.5,73526.5,73491.9,73504.9,11.240261,826278.8124967,BTCUSDT,bybit
2026-05-30 05:15:00+00:00,73504.9,73553.6,73504.7,73539.0,16.777654,1233722.1053352,BTCUSDT,bybit
2026-05-30 05:20:00+00:00,73539.0,73555.8,73525.6,73525.6,11.752515,864311.9415562,BTCUSDT,bybit
2026-05-30 05:25:00+00:00,73525.6,73562.7,73518.5,73518.6,19.35875,1423682.5926629,BTCUSDT,bybit
2026-05-30 05:30:00+00:00,73518.6,73559.7,73518.5,73543.7,11.461212,842884.4514821,BTCUSDT,bybit
2026-05-30 05:35:00+00:00,73543.7,73582.5,73543.7,73566.5,13.136369,966461.956186,BTCUSDT,bybit
2026-05-30 05:40:00+00:00,73566.5,73578.3,73557.4,73578.2,5.628186,414038.1156088,BTCUSDT,bybit
2026-05-30 05:45:00+00:00,73578.2,73638.5,73578.2,73611.1,16.914858,1245107.7917539,BTCUSDT,bybit
2026-05-30 05:50:00+00:00,73611.1,73628.2,73591.0,73608.8,13.162692,968887.0924991,BTCUSDT,bybit
2026-05-30 05:55:00+00:00,73608.8,73620.7,73601.4,73601.5,5.71688,420826.1346733,BTCUSDT,bybit
2026-05-30 06:00:00+00:00,73601.5,73611.9,73588.8,73588.8,11.09736,816816.7571784,BTCUSDT,bybit
2026-05-30 06:05:00+00:00,73588.8,73588.8,73527.5,73535.0,12.376936,910323.9815239,BTCUSDT,bybit
2026-05-30 06:10:00+00:00,73535.0,73551.5,73525.9,73534.2,12.313214,905493.3640662,BTCUSDT,bybit
2026-05-30 06:15:00+00:00,73534.2,73557.1,73534.2,73557.0,5.888106,433044.4574563,BTCUSDT,bybit
2026-05-30 06:20:00+00:00,73557.0,73623.1,73557.0,73609.3,9.434164,694363.2292146,BTCUSDT,bybit
2026-05-30 06:25:00+00:00,73609.3,73609.3,73585.5,73606.5,6.344746,466945.5299483,BTCUSDT,bybit
2026-05-30 06:30:00+00:00,73606.5,73682.1,73606.5,73668.8,86.733594,6385323.4376064,BTCUSDT,bybit
2026-05-30 06:35:00+00:00,73668.8,73710.1,73657.4,73657.4,21.476081,1582427.11492577,BTCUSDT,bybit
2026-05-30 06:40:00+00:00,73657.4,73657.5,73635.1,73655.9,10.055477,740523.064446,BTCUSDT,bybit
2026-05-30 06:45:00+00:00,73655.9,73662.1,73606.1,73608.1,10.041722,739381.7236759,BTCUSDT,bybit
2026-05-30 06:50:00+00:00,73608.1,73611.9,73576.5,73608.7,12.344109,908456.9796132,BTCUSDT,bybit
2026-05-30 06:55:00+00:00,73608.7,73608.7,73550.2,73578.4,14.761151,1086116.0230592,BTCUSDT,bybit
2026-05-30 07:00:00+00:00,73578.4,73585.2,73531.3,73531.3,8.068608,593482.8184914,BTCUSDT,bybit
2026-05-30 07:05:00+00:00,73531.3,73545.7,73526.5,73532.4,8.909463,655127.0760851,BTCUSDT,bybit
2026-05-30 07:10:00+00:00,73532.4,73557.4,73531.9,73531.9,7.532001,553925.0125584,BTCUSDT,bybit
2026-05-30 07:15:00+00:00,73531.9,73555.4,73531.4,73534.8,12.330511,906882.4157928,BTCUSDT,bybit
2026-05-30 07:20:00+00:00,73534.8,73545.0,73524.2,73544.9,4.489227,330118.1301191,BTCUSDT,bybit
2026-05-30 07:25:00+00:00,73544.9,73575.4,73544.9,73556.4,8.225866,605122.5331027,BTCUSDT,bybit
2026-05-30 07:30:00+00:00,73556.4,73570.8,73551.0,73558.8,4.512033,331890.8509622,BTCUSDT,bybit
2026-05-30 07:35:00+00:00,73558.8,73558.8,73481.6,73492.0,21.158411,1555279.0742809,BTCUSDT,bybit
2026-05-30 07:40:00+00:00,73492.0,73507.9,73488.5,73491.6,4.362993,320669.7209803,BTCUSDT,bybit
2026-05-30 07:45:00+00:00,73491.6,73539.9,73482.0,73535.8,8.464791,622238.5684576,BTCUSDT,bybit
2026-05-30 07:50:00+00:00,73535.8,73537.5,73521.1,73537.4,5.869023,431533.5798109,BTCUSDT,bybit
2026-05-30 07:55:00+00:00,73537.4,73543.0,73517.7,73543.0,6.377637,468964.9829748,BTCUSDT,bybit
2026-05-30 08:00:00+00:00,73543.0,73559.6,73531.4,73547.6,19.891927,1462971.591702,BTCUSDT,bybit
2026-05-30 08:05:00+00:00,73547.6,73551.0,73533.0,73551.0,9.130942,671495.264054,BTCUSDT,bybit
2026-05-30 08:10:00+00:00,73551.0,73557.6,73533.0,73557.6,5.4203,398626.3034312,BTCUSDT,bybit
2026-05-30 08:15:00+00:00,73557.6,73557.7,73507.0,73507.0,4.852519,356833.0643593,BTCUSDT,bybit
2026-05-30 08:20:00+00:00,73507.0,73549.0,73507.0,73549.0,7.586277,557772.8928031,BTCUSDT,bybit
2026-05-30 08:25:00+00:00,73549.0,73553.6,73539.0,73547.0,10.24611,753555.0243884,BTCUSDT,bybit
2026-05-30 08:30:00+00:00,73547.0,73553.6,73535.0,73535.5,6.738306,495583.0532467,BTCUSDT,bybit
2026-05-30 08:35:00+00:00,73535.5,73543.8,73513.0,73517.6,7.081752,520727.0586652,BTCUSDT,bybit
2026-05-30 08:40:00+00:00,73517.6,73520.7,73511.0,73520.5,9.858154,724721.6270266,BTCUSDT,bybit
2026-05-30 08:45:00+00:00,73520.5,73520.7,73500.4,73520.6,4.353372,320015.6063494,BTCUSDT,bybit
2026-05-30 08:50:00+00:00,73520.6,73535.4,73513.0,73513.8,13.976085,1027587.7870302,BTCUSDT,bybit
2026-05-30 08:55:00+00:00,73513.8,73520.0,73500.0,73519.9,11.200311,823304.2478613,BTCUSDT,bybit
2026-05-30 09:00:00+00:00,73519.9,73534.2,73500.1,73531.6,14.374367,1056649.0419688,BTCUSDT,bybit
2026-05-30 09:05:00+00:00,73531.6,73543.3,73506.4,73543.2,7.100368,522040.3332764,BTCUSDT,bybit
2026-05-30 09:10:00+00:00,73543.2,73547.5,73540.1,73543.7,4.499493,330914.522449,BTCUSDT,bybit
2026-05-30 09:15:00+00:00,73543.7,73575.4,73530.1,73530.1,8.589087,631796.8161556,BTCUSDT,bybit
2026-05-30 09:20:00+00:00,73530.1,73553.8,73529.7,73543.4,8.145044,598978.2753842,BTCUSDT,bybit
2026-05-30 09:25:00+00:00,73543.4,73560.6,73543.3,73560.5,3.803084,279725.7679936,BTCUSDT,bybit
2026-05-30 09:30:00+00:00,73560.5,73565.9,73544.4,73553.4,11.242982,827005.2434622,BTCUSDT,bybit
2026-05-30 09:35:00+00:00,73553.4,73578.9,73553.4,73561.5,6.472066,476117.3161113,BTCUSDT,bybit
2026-05-30 09:40:00+00:00,73561.5,73563.2,73550.3,73563.2,2.784354,204802.3947898,BTCUSDT,bybit
2026-05-30 09:45:00+00:00,73563.2,73568.1,73561.1,73561.6,2.158824,158814.2197983,BTCUSDT,bybit
2026-05-30 09:50:00+00:00,73561.6,73611.2,73561.5,73611.2,13.090977,963404.379099,BTCUSDT,bybit
2026-05-30 09:55:00+00:00,73611.2,73611.2,73591.2,73605.2,3.95587,291150.8318566,BTCUSDT,bybit
2026-05-30 10:00:00+00:00,73605.2,73617.9,73586.9,73607.8,7.83664,576783.8702004,BTCUSDT,bybit
2026-05-30 10:05:00+00:00,73607.8,73633.9,73600.7,73632.5,7.69081,566184.3927276,BTCUSDT,bybit
2026-05-30 10:10:00+00:00,73632.5,73651.2,73626.7,73626.7,6.328988,466060.8341341,BTCUSDT,bybit
2026-05-30 10:15:00+00:00,73626.7,73676.6,73626.7,73655.9,17.80056,1310976.6199217,BTCUSDT,bybit
2026-05-30 10:20:00+00:00,73655.9,73665.9,73620.4,73665.9,11.117483,818666.3364577,BTCUSDT,bybit
2026-05-30 10:25:00+00:00,73665.9,73667.7,73617.9,73628.1,26.258898,1933689.8035475,BTCUSDT,bybit
2026-05-30 10:30:00+00:00,73628.1,73647.4,73618.4,73629.2,22.073081,1625345.4871695,BTCUSDT,bybit
2026-05-30 10:35:00+00:00,73629.2,73642.9,73620.6,73620.6,10.488954,772350.6695502,BTCUSDT,bybit
2026-05-30 10:40:00+00:00,73620.6,73649.5,73620.6,73642.8,11.792805,868406.5172266,BTCUSDT,bybit
2026-05-30 10:45:00+00:00,73642.8,73661.4,73642.8,73646.2,9.022259,664508.8794048,BTCUSDT,bybit
2026-05-30 10:50:00+00:00,73646.2,73658.7,73645.2,73651.8,5.558629,409401.558299,BTCUSDT,bybit
2026-05-30 10:55:00+00:00,73651.8,73653.0,73614.4,73650.0,12.09517,890620.2398518,BTCUSDT,bybit
2026-05-30 11:00:00+00:00,73650.0,73652.5,73627.1,73641.7,9.043999,666015.1765735,BTCUSDT,bybit
2026-05-30 11:05:00+00:00,73641.7,73642.6,73620.4,73620.4,3.287126,242049.3523777,BTCUSDT,bybit
2026-05-30 11:10:00+00:00,73620.4,73640.0,73620.1,73620.4,8.583072,631937.3700399,BTCUSDT,bybit
2026-05-30 11:15:00+00:00,73620.4,73630.1,73588.5,73588.5,9.297809,684447.3400166,BTCUSDT,bybit
2026-05-30 11:20:00+00:00,73588.5,73594.9,73563.6,73594.8,11.505875,846582.6233211,BTCUSDT,bybit
2026-05-30 11:25:00+00:00,73594.8,73615.5,73581.6,73587.0,17.221623,1267438.0216031,BTCUSDT,bybit
2026-05-30 11:30:00+00:00,73587.0,73596.0,73587.0,73594.5,6.986734,514171.9533871,BTCUSDT,bybit
2026-05-30 11:35:00+00:00,73594.5,73622.7,73592.3,73622.6,8.786911,646803.6020565,BTCUSDT,bybit
2026-05-30 11:40:00+00:00,73622.6,73634.5,73622.6,73629.4,5.05291,372036.5813496,BTCUSDT,bybit
2026-05-30 11:45:00+00:00,73629.4,73630.0,73602.4,73602.5,9.604095,707053.0279649,BTCUSDT,bybit
2026-05-30 11:50:00+00:00,73602.5,73618.0,73579.6,73606.6,12.212754,898823.0477544,BTCUSDT,bybit
2026-05-30 11:55:00+00:00,73606.6,73606.6,73593.7,73598.4,4.020823,295923.7942142,BTCUSDT,bybit
2026-05-30 12:00:00+00:00,73598.4,73614.3,73594.2,73594.2,7.915294,582600.9948675,BTCUSDT,bybit
2026-05-30 12:05:00+00:00,73594.2,73604.3,73594.2,73598.2,3.313693,243890.320578,BTCUSDT,bybit
2026-05-30 12:10:00+00:00,73598.2,73602.7,73590.3,73602.7,3.753361,276223.226951,BTCUSDT,bybit
2026-05-30 12:15:00+00:00,73602.7,73638.8,73602.7,73638.1,13.258438,976121.1097786,BTCUSDT,bybit
2026-05-30 12:20:00+00:00,73638.1,73670.3,73638.1,73644.3,10.235741,753922.6867541,BTCUSDT,bybit
2026-05-30 12:25:00+00:00,73644.3,73677.7,73644.2,73649.3,13.698485,1009053.0583445,BTCUSDT,bybit
2026-05-30 12:30:00+00:00,73649.3,73716.9,73647.1,73677.7,12.44453,916991.2551694,BTCUSDT,bybit
2026-05-30 12:35:00+00:00,73677.7,73677.7,73661.5,73666.8,5.211263,383888.3691434,BTCUSDT,bybit
2026-05-30 12:40:00+00:00,73666.8,73681.3,73661.8,73681.3,7.345306,541115.9269009,BTCUSDT,bybit
2026-05-30 12:45:00+00:00,73681.3,73691.6,73654.7,73674.7,19.202274,1414736.1135006,BTCUSDT,bybit
2026-05-30 12:50:00+00:00,73674.7,73674.7,73656.9,73656.9,8.853985,652210.8480835,BTCUSDT,bybit
2026-05-30 12:55:00+00:00,73656.9,73699.1,73654.8,73692.1,9.875812,727597.8505607,BTCUSDT,bybit
2026-05-30 13:00:00+00:00,73692.1,73734.1,73692.1,73718.8,12.472594,919431.25365719,BTCUSDT,bybit
2026-05-30 13:05:00+00:00,73718.8,73767.5,73718.8,73767.5,10.869093,801565.70065112,BTCUSDT,bybit
2026-05-30 13:10:00+00:00,73767.5,73784.8,73736.9,73737.0,10.037052,740446.8553778,BTCUSDT,bybit
2026-05-30 13:15:00+00:00,73737.0,73768.5,73710.5,73768.5,7.867207,580073.801976,BTCUSDT,bybit
2026-05-30 13:20:00+00:00,73768.5,73841.3,73760.3,73787.5,31.355467,2314099.9961827,BTCUSDT,bybit
2026-05-30 13:25:00+00:00,73787.5,73787.6,73764.0,73766.4,3.206852,236581.3357046,BTCUSDT,bybit
2026-05-30 13:30:00+00:00,73766.4,73772.3,73681.7,73693.3,19.606214,1445150.6899099,BTCUSDT,bybit
2026-05-30 13:35:00+00:00,73693.3,73693.4,73673.5,73686.9,8.803213,648635.6897173,BTCUSDT,bybit
2026-05-30 13:40:00+00:00,73686.9,73753.9,73686.9,73747.4,10.750852,792651.5686819,BTCUSDT,bybit
2026-05-30 13:45:00+00:00,73747.4,73781.8,73740.2,73740.2,9.076232,669512.9194599,BTCUSDT,bybit
2026-05-30 13:50:00+00:00,73740.2,73820.2,73740.2,73820.1,8.264921,609736.4048685,BTCUSDT,bybit
2026-05-30 13:55:00+00:00,73820.1,73832.2,73814.2,73826.6,12.355949,912167.567431,BTCUSDT,bybit
2026-05-30 14:00:00+00:00,73826.6,73913.0,73812.8,73908.4,21.351565,1577127.4438471,BTCUSDT,bybit
2026-05-30 14:05:00+00:00,73908.4,73943.9,73880.9,73943.8,16.362278,1209316.7992206,BTCUSDT,bybit
2026-05-30 14:10:00+00:00,73943.8,74006.3,73931.6,73935.0,26.116218,1931884.62369908,BTCUSDT,bybit
2026-05-30 14:15:00+00:00,73935.0,74007.0,73879.1,73997.0,22.6961,1678004.7254626,BTCUSDT,bybit
2026-05-30 14:20:00+00:00,73997.0,73997.0,73941.6,73966.8,17.614968,1302950.3726415,BTCUSDT,bybit
2026-05-30 14:25:00+00:00,73966.8,74055.0,73951.5,74036.2,37.88664,2803784.33974734,BTCUSDT,bybit
2026-05-30 14:30:00+00:00,74036.2,74102.2,73997.9,74045.2,46.485046,3441625.26454254,BTCUSDT,bybit
2026-05-30 14:35:00+00:00,74045.2,74049.9,74008.3,74032.5,30.583687,2264086.771004,BTCUSDT,bybit
2026-05-30 14:40:00+00:00,74032.5,74067.1,73988.7,73990.9,16.842461,1246936.0553386,BTCUSDT,bybit
2026-05-30 14:45:00+00:00,73990.9,74022.4,73911.7,73986.6,19.597569,1449467.7207052,BTCUSDT,bybit
2026-05-30 14:50:00+00:00,73986.6,73986.6,73919.2,73927.6,11.590604,857040.5011314,BTCUSDT,bybit
2026-05-30 14:55:00+00:00,73927.6,73927.6,73906.6,73926.7,4.639649,342948.556571,BTCUSDT,bybit
2026-05-30 15:00:00+00:00,73926.7,73958.9,73889.6,73891.9,11.566567,855032.8886953,BTCUSDT,bybit
2026-05-30 15:05:00+00:00,73891.9,73902.1,73868.1,73899.6,10.65498,787235.9764894,BTCUSDT,bybit
2026-05-30 15:10:00+00:00,73899.6,74041.9,73899.5,74027.4,21.670191,1602968.4548591,BTCUSDT,bybit
2026-05-30 15:15:00+00:00,74027.4,74037.4,73918.0,73941.7,26.148753,1934356.022739,BTCUSDT,bybit
2026-05-30 15:20:00+00:00,73941.7,73941.7,73832.7,73878.7,34.253005,2530369.7783627,BTCUSDT,bybit
2026-05-30 15:25:00+00:00,73878.7,73962.1,73878.7,73938.2,21.716883,1605514.5471183,BTCUSDT,bybit
2026-05-30 15:30:00+00:00,73938.2,73943.8,73873.1,73913.2,22.015496,1626871.8258481,BTCUSDT,bybit
2026-05-30 15:35:00+00:00,73913.2,73924.1,73866.2,73866.3,12.975849,958823.712911,BTCUSDT,bybit
2026-05-30 15:40:00+00:00,73866.3,73869.2,73831.1,73868.1,17.221358,1271901.1784244,BTCUSDT,bybit
2026-05-30 15:45:00+00:00,73868.1,73918.7,73868.1,73903.9,11.255789,831837.3846877,BTCUSDT,bybit
2026-05-30 15:50:00+00:00,73903.9,73967.4,73883.5,73952.0,16.258953,1201894.7163489,BTCUSDT,bybit
2026-05-30 15:55:00+00:00,73952.0,73956.4,73903.3,73919.6,16.280569,1203607.0076082,BTCUSDT,bybit
2026-05-30 16:00:00+00:00,73919.6,73929.7,73875.5,73893.9,15.538341,1148149.6413423,BTCUSDT,bybit
2026-05-30 16:05:00+00:00,73893.9,73931.5,73893.9,73923.7,9.023874,666994.7853153,BTCUSDT,bybit
2026-05-30 16:10:00+00:00,73923.7,73977.3,73923.7,73964.8,10.896478,805787.3501773,BTCUSDT,bybit
2026-05-30 16:15:00+00:00,73964.8,73981.5,73905.3,73918.4,9.264497,685043.0301466,BTCUSDT,bybit
2026-05-30 16:20:00+00:00,73918.4,73946.1,73906.5,73909.9,6.976859,515747.8588077,BTCUSDT,bybit
2026-05-30 16:25:00+00:00,73909.9,73921.3,73897.0,73906.5,6.745872,498567.4233279,BTCUSDT,bybit
2026-05-30 16:30:00+00:00,73906.5,73960.0,73900.8,73948.5,8.278746,612016.7708218,BTCUSDT,bybit
2026-05-30 16:35:00+00:00,73948.5,73974.8,73938.5,73972.0,10.095425,746664.3614797,BTCUSDT,bybit
2026-05-30 16:40:00+00:00,73972.0,73977.0,73939.7,73951.2,8.422963,622982.7021424,BTCUSDT,bybit
2026-05-30 16:45:00+00:00,73951.2,73975.4,73903.3,73926.3,9.689896,716454.6056522,BTCUSDT,bybit
2026-05-30 16:50:00+00:00,73926.3,73930.9,73914.0,73927.7,3.359773,248366.4923992,BTCUSDT,bybit
2026-05-30 16:55:00+00:00,73927.7,73932.3,73927.7,73932.2,0.714676,52836.5484425,BTCUSDT,bybit
2026-05-30 17:00:00+00:00,73932.2,73945.5,73903.7,73941.3,12.251092,905650.5980143,BTCUSDT,bybit
2026-05-30 17:05:00+00:00,73941.3,73944.3,73877.3,73891.3,12.539105,926715.1309674,BTCUSDT,bybit
2026-05-30 17:10:00+00:00,73891.3,73909.3,73873.2,73909.3,6.339565,468447.2003721,BTCUSDT,bybit
2026-05-30 17:15:00+00:00,73909.3,73950.4,73900.6,73913.0,12.364184,913949.1332988,BTCUSDT,bybit
2026-05-30 17:20:00+00:00,73913.0,74025.4,73912.9,74006.4,26.986266,1996765.55723,BTCUSDT,bybit
2026-05-30 17:25:00+00:00,74006.4,74006.4,73927.4,73928.1,21.697481,1604726.8072552,BTCUSDT,bybit
2026-05-30 17:30:00+00:00,73928.1,73928.1,73810.1,73865.7,40.126799,2964096.4431405,BTCUSDT,bybit
2026-05-30 17:35:00+00:00,73865.7,73924.9,73844.0,73924.9,7.731031,571092.921787,BTCUSDT,bybit
2026-05-30 17:40:00+00:00,73924.9,73950.7,73916.5,73950.7,7.804174,577007.8527544,BTCUSDT,bybit
2026-05-30 17:45:00+00:00,73950.7,74009.2,73950.6,74009.1,6.610616,489072.1950442,BTCUSDT,bybit
2026-05-30 17:50:00+00:00,74009.1,74014.7,73995.1,74009.8,9.05222,669919.2051778,BTCUSDT,bybit
2026-05-30 17:55:00+00:00,74009.8,74025.7,74005.0,74018.9,3.452992,255569.2013237,BTCUSDT,bybit
2026-05-30 18:00:00+00:00,74018.9,74035.0,74010.1,74020.7,7.767226,574953.5536138,BTCUSDT,bybit
2026-05-30 18:05:00+00:00,74020.7,74023.0,73996.8,74022.4,6.246833,462346.630387,BTCUSDT,bybit
2026-05-30 18:10:00+00:00,74022.4,74026.4,74019.6,74019.6,2.455238,181746.6823559,BTCUSDT,bybit
2026-05-30 18:15:00+00:00,74019.6,74074.3,74016.9,74063.0,9.675621,716403.221455,BTCUSDT,bybit
2026-05-30 18:20:00+00:00,74063.0,74118.8,74033.9,74034.0,22.006665,1630106.23849837,BTCUSDT,bybit
2026-05-30 18:25:00+00:00,74034.0,74034.0,73942.8,73973.2,19.733273,1459764.9728789,BTCUSDT,bybit
2026-05-30 18:30:00+00:00,73973.2,74037.8,73960.6,74032.9,13.892942,1028045.2118868,BTCUSDT,bybit
2026-05-30 18:35:00+00:00,74032.9,74053.8,74021.5,74053.6,9.773342,723579.8734386,BTCUSDT,bybit
2026-05-30 18:40:00+00:00,74053.6,74099.1,74038.3,74099.1,13.415829,993510.8936191,BTCUSDT,bybit
2026-05-30 18:45:00+00:00,74099.1,74145.4,74034.6,74042.4,22.173177,1642828.10095956,BTCUSDT,bybit
2026-05-30 18:50:00+00:00,74042.4,74042.4,73999.0,74022.9,12.374082,915842.1328268,BTCUSDT,bybit
2026-05-30 18:55:00+00:00,74022.9,74064.9,74014.9,74041.8,11.412625,844967.3341856,BTCUSDT,bybit
2026-05-30 19:00:00+00:00,74041.8,74044.2,74014.4,74044.2,11.163875,826435.8191657,BTCUSDT,bybit
2026-05-30 19:05:00+00:00,74044.2,74044.2,74004.6,74014.2,16.64544,1232176.2824956,BTCUSDT,bybit
2026-05-30 19:10:00+00:00,74014.2,74044.4,74000.1,74044.4,8.44172,624846.5013638,BTCUSDT,bybit
2026-05-30 19:15:00+00:00,74044.4,74079.5,74044.4,74053.9,16.948795,1255301.1234232,BTCUSDT,bybit
2026-05-30 19:20:00+00:00,74053.9,74056.7,74010.7,74010.8,8.178464,605436.5809609,BTCUSDT,bybit
2026-05-30 19:25:00+00:00,74010.8,74025.6,73994.6,73997.6,12.424996,919579.6263671,BTCUSDT,bybit
2026-05-30 19:30:00+00:00,73997.6,74000.0,73977.6,73995.4,12.703478,939938.6850174,BTCUSDT,bybit
2026-05-30 19:35:00+00:00,73995.4,74046.1,73995.4,74042.0,13.939663,1031857.8995232,BTCUSDT,bybit
2026-05-30 19:40:00+00:00,74042.0,74042.0,74004.1,74026.7,9.824677,727276.5950672,BTCUSDT,bybit
2026-05-30 19:45:00+00:00,74026.7,74075.0,74026.7,74061.1,8.56503,634353.2826258,BTCUSDT,bybit
2026-05-30 19:50:00+00:00,74061.1,74063.8,74023.3,74037.2,10.71639,793466.7227916,BTCUSDT,bybit
2026-05-30 19:55:00+00:00,74037.2,74042.0,74014.0,74015.2,8.279937,612955.7054598,BTCUSDT,bybit
2026-05-30 20:00:00+00:00,74015.2,74022.7,73936.2,73936.2,20.253399,1498334.9406317,BTCUSDT,bybit
2026-05-30 20:05:00+00:00,73936.2,73995.6,73936.1,73988.7,6.469404,478536.638296,BTCUSDT,bybit
2026-05-30 20:10:00+00:00,73988.7,73988.7,73959.6,73959.6,9.861103,729483.6536943,BTCUSDT,bybit
2026-05-30 20:15:00+00:00,73959.6,73977.5,73959.6,73965.6,5.245158,387977.0159584,BTCUSDT,bybit
2026-05-30 20:20:00+00:00,73965.6,73973.3,73961.6,73970.5,4.255317,314755.2218521,BTCUSDT,bybit
2026-05-30 20:25:00+00:00,73970.5,73972.7,73966.8,73966.8,3.824113,282870.1404271,BTCUSDT,bybit
2026-05-30 20:30:00+00:00,73966.8,73966.9,73937.1,73949.3,13.188002,975272.0157604,BTCUSDT,bybit
2026-05-30 20:35:00+00:00,73949.3,73978.4,73932.0,73937.5,12.412358,917929.1285618,BTCUSDT,bybit
2026-05-30 20:40:00+00:00,73937.5,73938.0,73929.5,73931.1,4.071592,301032.6254699,BTCUSDT,bybit
2026-05-30 20:45:00+00:00,73931.1,73948.9,73931.1,73940.5,6.216782,459652.2423957,BTCUSDT,bybit
2026-05-30 20:50:00+00:00,73940.5,73999.8,73924.6,73971.8,22.682823,1677531.7600072,BTCUSDT,bybit
2026-05-30 20:55:00+00:00,73971.8,73984.1,73956.9,73984.1,3.387054,250533.3768792,BTCUSDT,bybit
2026-05-30 21:00:00+00:00,73984.1,73995.6,73976.5,73976.9,4.904174,362836.5549554,BTCUSDT,bybit
2026-05-30 21:05:00+00:00,73976.9,73982.0,73976.9,73982.0,0.888014,65694.4766501,BTCUSDT,bybit
2026-05-30 21:10:00+00:00,73982.0,73993.0,73967.6,73993.0,11.154235,825159.4352254,BTCUSDT,bybit
2026-05-30 21:15:00+00:00,73993.0,73997.6,73985.6,73990.0,5.477887,405326.7464074,BTCUSDT,bybit
2026-05-30 21:20:00+00:00,73990.0,74004.9,73987.5,73995.1,6.039647,446903.634162,BTCUSDT,bybit
2026-05-30 21:25:00+00:00,73995.1,74027.6,73991.0,74000.5,13.682431,1012572.6920268,BTCUSDT,bybit
2026-05-30 21:30:00+00:00,74000.5,74003.6,73987.0,73989.3,5.576428,412615.5054649,BTCUSDT,bybit
2026-05-30 21:35:00+00:00,73989.3,73989.3,73963.4,73983.0,10.435376,771983.5896394,BTCUSDT,bybit
2026-05-30 21:40:00+00:00,73983.0,74059.1,73983.0,73990.3,11.694064,865593.849167,BTCUSDT,bybit
2026-05-30 21:45:00+00:00,73990.3,74025.1,73936.3,73960.8,19.23053,1422559.0595815,BTCUSDT,bybit
2026-05-30 21:50:00+00:00,73960.8,73982.3,73931.3,73971.2,9.806747,725282.6743031,BTCUSDT,bybit
2026-05-30 21:55:00+00:00,73971.2,73996.3,73956.3,73987.0,8.121836,600794.652096,BTCUSDT,bybit
2026-05-30 22:00:00+00:00,73987.0,73990.3,73868.5,73868.5,23.013048,1701070.8324698,BTCUSDT,bybit
2026-05-30 22:05:00+00:00,73868.5,73901.8,73832.2,73901.7,16.951004,1251976.1097958,BTCUSDT,bybit
2026-05-30 22:10:00+00:00,73901.7,73921.1,73895.4,73902.8,9.824836,726131.8952337,BTCUSDT,bybit
2026-05-30 22:15:00+00:00,73902.8,73931.4,73888.3,73888.3,18.568515,1372479.7455329,BTCUSDT,bybit
2026-05-30 22:20:00+00:00,73888.3,73904.6,73857.5,73898.9,12.446911,919545.1955007,BTCUSDT,bybit
2026-05-30 22:25:00+00:00,73898.9,73907.8,73876.4,73901.9,11.648728,860714.3489668,BTCUSDT,bybit
2026-05-30 22:30:00+00:00,73901.9,73903.2,73880.3,73890.0,9.023384,666750.2329324,BTCUSDT,bybit
2026-05-30 22:35:00+00:00,73890.0,73898.4,73826.3,73826.3,7.985879,589861.547318,BTCUSDT,bybit
2026-05-30 22:40:00+00:00,73826.3,73837.1,73794.8,73814.2,10.566547,780010.9602769,BTCUSDT,bybit
2026-05-30 22:45:00+00:00,73814.2,73866.8,73814.1,73866.8,5.654476,417536.5975068,BTCUSDT,bybit
2026-05-30 22:50:00+00:00,73866.8,73871.9,73858.9,73869.4,3.593714,265444.0967297,BTCUSDT,bybit
2026-05-30 22:55:00+00:00,73869.4,73895.3,73863.7,73880.0,4.38158,323712.4001479,BTCUSDT,bybit
2026-05-30 23:00:00+00:00,73880.0,73997.3,73879.6,73989.7,22.277192,1647469.7404151,BTCUSDT,bybit
2026-05-30 23:05:00+00:00,73989.7,73989.8,73925.9,73932.1,8.791178,650212.5139336,BTCUSDT,bybit
2026-05-30 23:10:00+00:00,73932.1,73932.1,73839.4,73852.0,10.170616,751300.7095614,BTCUSDT,bybit
2026-05-30 23:15:00+00:00,73852.0,73888.0,73834.6,73874.7,8.359678,617440.448642,BTCUSDT,bybit
2026-05-30 23:20:00+00:00,73874.7,73874.8,73825.8,73848.6,14.047926,1037339.422792,BTCUSDT,bybit
2026-05-30 23:25:00+00:00,73848.6,73876.9,73837.0,73855.9,20.035288,1479698.3952164,BTCUSDT,bybit
2026-05-30 23:30:00+00:00,73855.9,73855.9,73814.5,73816.4,5.50541,406490.4857858,BTCUSDT,bybit
2026-05-30 23:35:00+00:00,73816.4,73816.4,73782.1,73793.3,10.101244,745442.4196183,BTCUSDT,bybit
2026-05-30 23:40:00+00:00,73793.3,73816.0,73787.2,73802.1,8.721901,643687.784182,BTCUSDT,bybit
2026-05-30 23:45:00+00:00,73802.1,73846.5,73800.8,73846.4,8.398278,619980.1825709,BTCUSDT,bybit
2026-05-30 23:50:00+00:00,73846.4,73871.0,73829.6,73871.0,10.197943,753088.4560772,BTCUSDT,bybit
2026-05-30 23:55:00+00:00,73871.0,73889.6,73853.2,73889.6,6.862268,506904.524306,BTCUSDT,bybit
2026-05-31 00:00:00+00:00,73889.6,73935.2,73863.6,73874.1,24.542728,1813666.2840407,BTCUSDT,bybit
2026-05-31 00:05:00+00:00,73874.1,73887.6,73853.7,73885.8,10.343604,764074.9832087,BTCUSDT,bybit
2026-05-31 00:10:00+00:00,73885.8,73928.3,73873.8,73882.5,22.383408,1654271.0665343,BTCUSDT,bybit
2026-05-31 00:15:00+00:00,73882.5,73913.0,73881.1,73894.5,13.54062,1000595.4905362,BTCUSDT,bybit
2026-05-31 00:20:00+00:00,73894.5,73977.9,73894.5,73977.8,12.702635,939154.0735646,BTCUSDT,bybit
2026-05-31 00:25:00+00:00,73977.8,74034.1,73960.6,73967.0,23.580111,1745035.8662416,BTCUSDT,bybit
2026-05-31 00:30:00+00:00,73967.0,74031.5,73948.1,74014.0,15.729707,1163888.6081232,BTCUSDT,bybit
2026-05-31 00:35:00+00:00,74014.0,74018.9,73944.7,73947.1,14.25756,1054922.4697884,BTCUSDT,bybit
2026-05-31 00:40:00+00:00,73947.1,73954.9,73934.4,73952.8,6.241959,461553.6176855,BTCUSDT,bybit
2026-05-31 00:45:00+00:00,73952.8,73972.0,73918.3,73928.7,13.611446,1006427.9435523,BTCUSDT,bybit
2026-05-31 00:50:00+00:00,73928.7,74026.0,73928.7,74025.9,20.121553,1488469.0467922,BTCUSDT,bybit
2026-05-31 00:55:00+00:00,74025.9,74042.5,74011.1,74034.9,8.639053,639517.9392656,BTCUSDT,bybit
2026-05-31 01:00:00+00:00,74034.9,74116.7,74022.3,74110.6,47.160231,3493735.4882903,BTCUSDT,bybit
2026-05-31 01:05:00+00:00,74110.6,74119.3,74072.4,74107.1,17.958316,1330654.1570781,BTCUSDT,bybit
2026-05-31 01:10:00+00:00,74107.1,74168.2,74098.1,74141.6,37.399824,2772684.6105105,BTCUSDT,bybit
2026-05-31 01:15:00+00:00,74141.6,74195.6,74141.5,74176.3,23.028365,1708149.2038591,BTCUSDT,bybit
2026-05-31 01:20:00+00:00,74176.3,74273.0,74172.0,74271.8,28.934878,2147692.23852466,BTCUSDT,bybit
2026-05-31 01:25:00+00:00,74271.8,74271.8,74086.3,74103.4,40.691635,3018075.4220983,BTCUSDT,bybit
2026-05-31 01:30:00+00:00,74103.4,74213.0,74092.5,74195.9,33.187676,2461577.8860896,BTCUSDT,bybit
2026-05-31 01:35:00+00:00,74195.9,74223.4,74138.0,74138.0,17.971012,1333353.8829189,BTCUSDT,bybit
2026-05-31 01:40:00+00:00,74138.0,74138.1,74072.7,74072.7,14.951877,1107969.2969071,BTCUSDT,bybit
2026-05-31 01:45:00+00:00,74072.7,74142.1,74060.0,74110.1,31.016709,2298232.7989131,BTCUSDT,bybit
2026-05-31 01:50:00+00:00,74110.1,74123.5,74061.3,74068.7,8.455195,626470.4171358,BTCUSDT,bybit
2026-05-31 01:55:00+00:00,74068.7,74079.0,74053.0,74053.1,8.961896,663730.2011829,BTCUSDT,bybit
2026-05-31 02:00:00+00:00,74053.1,74085.9,74053.1,74085.8,15.958249,1182011.4285556,BTCUSDT,bybit
2026-05-31 02:05:00+00:00,74085.8,74129.3,74085.8,74103.5,14.115895,1046130.7595134,BTCUSDT,bybit
2026-05-31 02:10:00+00:00,74103.5,74168.4,74103.5,74167.3,11.030006,817785.0975601,BTCUSDT,bybit
2026-05-31 02:15:00+00:00,74167.3,74248.1,74167.3,74178.8,40.969239,3040403.2471318,BTCUSDT,bybit
2026-05-31 02:20:00+00:00,74178.8,74178.8,74126.5,74141.9,17.607037,1305548.5901307,BTCUSDT,bybit
2026-05-31 02:25:00+00:00,74141.9,74141.9,73966.4,73966.4,48.388971,3583752.9187785,BTCUSDT,bybit
2026-05-31 02:30:00+00:00,73966.4,74035.1,73887.1,73890.6,45.768429,3385180.7947943,BTCUSDT,bybit
2026-05-31 02:35:00+00:00,73890.6,73951.7,73890.6,73945.4,16.307256,1205621.7557442,BTCUSDT,bybit
2026-05-31 02:40:00+00:00,73945.4,73979.5,73925.4,73973.7,20.805913,1538647.1851581,BTCUSDT,bybit
2026-05-31 02:45:00+00:00,73973.7,73981.6,73935.4,73981.6,15.206436,1124671.5992659,BTCUSDT,bybit
2026-05-31 02:50:00+00:00,73981.6,74041.4,73975.4,73989.1,33.269778,2462098.9002572,BTCUSDT,bybit
2026-05-31 02:55:00+00:00,73989.1,74110.8,73970.8,74089.7,31.81656,2356474.765376,BTCUSDT,bybit
2026-05-31 03:00:00+00:00,74089.7,74166.2,74087.9,74091.1,37.919243,2810576.8986053,BTCUSDT,bybit
2026-05-31 03:05:00+00:00,74091.1,74098.6,74080.7,74094.3,10.351158,766913.7986438,BTCUSDT,bybit
2026-05-31 03:10:00+00:00,74094.3,74157.9,74063.0,74157.9,22.124654,1639643.1774282,BTCUSDT,bybit
2026-05-31 03:15:00+00:00,74157.9,74166.2,74120.2,74149.6,27.869702,2066259.0758465,BTCUSDT,bybit
2026-05-31 03:20:00+00:00,74149.6,74189.3,74138.8,74188.4,13.700958,1016079.7157484,BTCUSDT,bybit
2026-05-31 03:25:00+00:00,74188.4,74222.1,74183.4,74207.7,17.273651,1281776.8202352,BTCUSDT,bybit
2026-05-31 03:30:00+00:00,74207.7,74221.3,74173.3,74221.2,13.417936,995404.6651867,BTCUSDT,bybit
2026-05-31 03:35:00+00:00,74221.2,74221.2,74150.3,74150.3,23.122821,1715263.3499565,BTCUSDT,bybit
2026-05-31 03:40:00+00:00,74150.3,74167.1,74131.5,74167.1,9.772661,724609.8154029,BTCUSDT,bybit
2026-05-31 03:45:00+00:00,74167.1,74188.2,74136.2,74183.5,9.744885,722725.391666,BTCUSDT,bybit
2026-05-31 03:50:00+00:00,74183.5,74190.8,74157.2,74167.5,7.775317,576688.4740535,BTCUSDT,bybit
2026-05-31 03:55:00+00:00,74167.5,74167.8,74144.2,74144.3,7.239081,536830.8768037,BTCUSDT,bybit
2026-05-31 04:00:00+00:00,74144.3,74164.8,74135.8,74160.1,7.881845,584419.3355297,BTCUSDT,bybit
2026-05-31 04:05:00+00:00,74160.1,74167.6,74136.0,74140.6,5.286231,391976.7884881,BTCUSDT,bybit
2026-05-31 04:10:00+00:00,74140.6,74140.6,74114.8,74114.9,6.86574,508934.5641254,BTCUSDT,bybit
2026-05-31 04:15:00+00:00,74114.9,74144.3,74100.1,74142.5,15.393819,1141032.8822368,BTCUSDT,bybit
2026-05-31 04:20:00+00:00,74142.5,74220.1,74140.3,74192.6,21.273355,1578350.4903338,BTCUSDT,bybit
2026-05-31 04:25:00+00:00,74192.6,74200.3,74179.1,74179.1,6.919238,513360.520656,BTCUSDT,bybit
2026-05-31 04:30:00+00:00,74179.1,74185.7,74140.6,74153.0,10.218581,757773.4779253,BTCUSDT,bybit
2026-05-31 04:35:00+00:00,74153.0,74212.8,74153.0,74189.6,9.830765,729359.1140676,BTCUSDT,bybit
2026-05-31 04:40:00+00:00,74189.6,74196.0,74157.9,74196.0,6.812866,505317.2597647,BTCUSDT,bybit
2026-05-31 04:45:00+00:00,74196.0,74197.4,74158.8,74197.3,9.600436,712113.6175448,BTCUSDT,bybit
2026-05-31 04:50:00+00:00,74197.3,74225.4,74187.1,74187.1,9.574247,710532.4558728,BTCUSDT,bybit
2026-05-31 04:55:00+00:00,74187.1,74217.4,74177.3,74177.3,9.219526,684113.0942693,BTCUSDT,bybit
2026-05-31 05:00:00+00:00,74177.3,74198.8,74159.8,74183.5,13.77823,1022054.7703437,BTCUSDT,bybit
2026-05-31 05:05:00+00:00,74183.5,74209.6,74180.0,74192.2,8.635343,640717.4384761,BTCUSDT,bybit
2026-05-31 05:10:00+00:00,74192.2,74203.4,74176.1,74176.1,6.352321,471312.9293533,BTCUSDT,bybit
2026-05-31 05:15:00+00:00,74176.1,74196.5,74176.0,74176.0,8.803116,653040.3187077,BTCUSDT,bybit
2026-05-31 05:20:00+00:00,74176.0,74182.3,74167.8,74174.1,6.415725,475886.7077529,BTCUSDT,bybit
2026-05-31 05:25:00+00:00,74174.1,74180.8,74130.7,74170.3,9.945674,737564.5013564,BTCUSDT,bybit
2026-05-31 05:30:00+00:00,74170.3,74182.2,74136.0,74148.5,7.270291,539185.6308292,BTCUSDT,bybit
2026-05-31 05:35:00+00:00,74148.5,74178.6,74118.0,74118.0,8.868728,657654.4290783,BTCUSDT,bybit
2026-05-31 05:40:00+00:00,74118.0,74118.1,74084.7,74105.0,11.873269,879760.298103,BTCUSDT,bybit
2026-05-31 05:45:00+00:00,74105.0,74105.0,74077.5,74089.6,14.301255,1059586.2306367,BTCUSDT,bybit
2026-05-31 05:50:00+00:00,74089.6,74104.4,74059.7,74063.9,11.027724,816982.1891942,BTCUSDT,bybit
2026-05-31 05:55:00+00:00,74063.9,74080.5,74054.1,74060.3,8.84637,655233.2615435,BTCUSDT,bybit
2026-05-31 06:00:00+00:00,74060.3,74064.4,74000.8,74012.3,15.33172,1134983.4902209,BTCUSDT,bybit
2026-05-31 06:05:00+00:00,74012.3,74012.3,73995.1,74003.5,11.220499,830348.8725742,BTCUSDT,bybit
2026-05-31 06:10:00+00:00,74003.5,74027.4,74003.5,74009.4,7.196162,532641.932169,BTCUSDT,bybit
2026-05-31 06:15:00+00:00,74009.4,74032.0,74000.1,74031.9,6.424026,475454.8028663,BTCUSDT,bybit
2026-05-31 06:20:00+00:00,74031.9,74044.7,74031.9,74037.3,7.473337,553309.3295811,BTCUSDT,bybit
2026-05-31 06:25:00+00:00,74037.3,74040.5,74019.1,74024.0,9.885687,731855.7259914,BTCUSDT,bybit
2026-05-31 06:30:00+00:00,74024.0,74105.2,74019.3,74079.9,15.572558,1153401.345678,BTCUSDT,bybit
2026-05-31 06:35:00+00:00,74079.9,74088.1,74062.8,74086.1,10.765217,797436.6835467,BTCUSDT,bybit
2026-05-31 06:40:00+00:00,74086.1,74086.2,74066.9,74066.9,4.146093,307121.1442619,BTCUSDT,bybit
2026-05-31 06:45:00+00:00,74066.9,74080.9,74065.2,74080.8,3.311822,245305.3579835,BTCUSDT,bybit
2026-05-31 06:50:00+00:00,74080.8,74080.8,74056.8,74060.4,4.612357,341612.1743466,BTCUSDT,bybit
2026-05-31 06:55:00+00:00,74060.4,74060.5,74054.0,74054.0,1.602729,118697.0579234,BTCUSDT,bybit
2026-05-31 07:00:00+00:00,74054.0,74054.0,73989.5,73989.5,12.347914,914072.4971963,BTCUSDT,bybit
2026-05-31 07:05:00+00:00,73989.5,74015.3,73989.5,74003.9,13.80131,1021325.7564651,BTCUSDT,bybit
2026-05-31 07:10:00+00:00,74003.9,74016.2,73957.6,73967.9,18.846471,1394337.243114,BTCUSDT,bybit
2026-05-31 07:15:00+00:00,73967.9,73974.5,73949.2,73950.6,6.912985,511268.0914072,BTCUSDT,bybit
2026-05-31 07:20:00+00:00,73950.6,73950.6,73893.3,73898.6,16.282795,1203508.44821,BTCUSDT,bybit
2026-05-31 07:25:00+00:00,73898.6,73927.5,73892.7,73898.8,14.018144,1036063.8261192,BTCUSDT,bybit
2026-05-31 07:30:00+00:00,73898.8,73907.2,73846.0,73846.0,18.867887,1393851.9098789,BTCUSDT,bybit
2026-05-31 07:35:00+00:00,73846.0,73904.3,73831.8,73849.8,22.612533,1670443.7682037,BTCUSDT,bybit
2026-05-31 07:40:00+00:00,73849.8,73894.2,73849.8,73863.1,17.455155,1289422.9195424,BTCUSDT,bybit
2026-05-31 07:45:00+00:00,73863.1,73900.5,73858.1,73871.2,18.546739,1370333.5560217,BTCUSDT,bybit
2026-05-31 07:50:00+00:00,73871.2,73912.0,73871.1,73898.1,16.532488,1221519.7395034,BTCUSDT,bybit
2026-05-31 07:55:00+00:00,73898.1,73898.2,73872.9,73872.9,7.749496,572572.2944832,BTCUSDT,bybit
2026-05-31 08:00:00+00:00,73872.9,73949.9,73861.6,73949.9,30.825574,2277977.3101379,BTCUSDT,bybit
2026-05-31 08:05:00+00:00,73949.9,73971.8,73884.2,73884.3,14.189696,1049107.4670731,BTCUSDT,bybit
2026-05-31 08:10:00+00:00,73884.3,73909.2,73869.8,73909.2,8.454271,624686.5090794,BTCUSDT,bybit
2026-05-31 08:15:00+00:00,73909.2,73958.3,73909.2,73943.6,19.024896,1406633.3117378,BTCUSDT,bybit
2026-05-31 08:20:00+00:00,73943.6,74003.7,73939.3,73982.5,35.540529,2629174.9039771,BTCUSDT,bybit
2026-05-31 08:25:00+00:00,73982.5,73987.6,73964.2,73979.2,8.925691,660277.578024,BTCUSDT,bybit
2026-05-31 08:30:00+00:00,73979.2,73979.2,73913.8,73920.2,11.463547,847636.2421363,BTCUSDT,bybit
2026-05-31 08:35:00+00:00,73920.2,73936.0,73887.2,73895.8,10.881176,804240.1236316,BTCUSDT,bybit
2026-05-31 08:40:00+00:00,73895.8,73895.8,73860.1,73889.1,10.374649,766423.4804789,BTCUSDT,bybit
2026-05-31 08:45:00+00:00,73889.1,73889.2,73854.1,73868.7,26.518862,1958871.782569,BTCUSDT,bybit
2026-05-31 08:50:00+00:00,73868.7,73905.8,73851.3,73905.7,20.677082,1527400.4795754,BTCUSDT,bybit
2026-05-31 08:55:00+00:00,73905.7,73982.0,73905.7,73947.7,13.699634,1013258.3871394,BTCUSDT,bybit
2026-05-31 09:00:00+00:00,73947.7,73947.8,73871.1,73878.9,19.658241,1452882.9911095,BTCUSDT,bybit
2026-05-31 09:05:00+00:00,73878.9,73914.6,73878.9,73914.5,6.354632,469589.5753437,BTCUSDT,bybit
2026-05-31 09:10:00+00:00,73914.5,73930.0,73898.3,73901.4,13.035739,963554.6023582,BTCUSDT,bybit
2026-05-31 09:15:00+00:00,73901.4,73976.9,73889.4,73972.6,17.637868,1304016.1165152,BTCUSDT,bybit
2026-05-31 09:20:00+00:00,73972.6,73972.6,73938.3,73951.0,7.635898,564707.3686272,BTCUSDT,bybit
2026-05-31 09:25:00+00:00,73951.0,73962.2,73946.3,73962.2,5.05831,374086.2670618,BTCUSDT,bybit
2026-05-31 09:30:00+00:00,73962.2,73987.6,73962.1,73968.1,11.084959,820043.1756836,BTCUSDT,bybit
2026-05-31 09:35:00+00:00,73968.1,73980.8,73942.8,73977.9,8.464799,626038.705599,BTCUSDT,bybit
2026-05-31 09:40:00+00:00,73977.9,74028.9,73969.9,73980.8,20.50362,1517166.3227108,BTCUSDT,bybit
2026-05-31 09:45:00+00:00,73980.8,74006.3,73967.5,73997.1,15.012988,1110748.5204783,BTCUSDT,bybit
2026-05-31 09:50:00+00:00,73997.1,73997.2,73887.5,73900.4,18.743056,1385507.9903689,BTCUSDT,bybit
2026-05-31 09:55:00+00:00,73900.4,73900.4,73810.7,73845.2,29.751672,2196976.5882242,BTCUSDT,bybit
2026-05-31 10:00:00+00:00,73845.2,73847.7,73811.9,73847.6,25.918274,1913539.8862841,BTCUSDT,bybit
2026-05-31 10:05:00+00:00,73847.6,73862.0,73845.5,73860.6,11.359359,838938.5603167,BTCUSDT,bybit
2026-05-31 10:10:00+00:00,73860.6,73868.1,73844.8,73858.0,11.479163,847805.4881791,BTCUSDT,bybit
2026-05-31 10:15:00+00:00,73858.0,73858.0,73809.1,73809.1,14.96195,1104640.3476865,BTCUSDT,bybit
2026-05-31 10:20:00+00:00,73809.1,73811.4,73728.9,73775.7,47.441815,3499868.1475673,BTCUSDT,bybit
2026-05-31 10:25:00+00:00,73775.7,73816.7,73774.0,73806.7,13.702608,1011270.8998374,BTCUSDT,bybit
2026-05-31 10:30:00+00:00,73806.7,73839.5,73806.7,73835.7,9.403182,694194.8923559,BTCUSDT,bybit
2026-05-31 10:35:00+00:00,73835.7,73862.9,73817.5,73837.7,26.390732,1948670.1150898,BTCUSDT,bybit
2026-05-31 10:40:00+00:00,73837.7,73843.9,73808.6,73843.9,12.769559,942642.3484044,BTCUSDT,bybit
2026-05-31 10:45:00+00:00,73843.9,73843.9,73806.8,73843.7,9.339136,689438.0744862,BTCUSDT,bybit
2026-05-31 10:50:00+00:00,73843.7,73869.2,73843.6,73866.5,10.548477,779105.9931342,BTCUSDT,bybit
2026-05-31 10:55:00+00:00,73866.5,73907.1,73857.9,73902.3,24.203979,1788378.295428,BTCUSDT,bybit
2026-05-31 11:00:00+00:00,73902.3,73945.1,73902.3,73918.0,27.652755,2044262.9408374,BTCUSDT,bybit
2026-05-31 11:05:00+00:00,73918.0,73932.3,73915.2,73917.3,15.243874,1126872.2293402,BTCUSDT,bybit
2026-05-31 11:10:00+00:00,73917.3,73937.1,73898.3,73910.8,25.619678,1893672.0044656,BTCUSDT,bybit
2026-05-31 11:15:00+00:00,73910.8,73918.6,73900.8,73918.5,11.729745,866945.6924714,BTCUSDT,bybit
2026-05-31 11:20:00+00:00,73918.5,73924.6,73908.8,73922.7,17.195492,1271014.9423653,BTCUSDT,bybit
2026-05-31 11:25:00+00:00,73922.7,73977.0,73922.7,73976.9,9.65,713535.8702693,BTCUSDT,bybit
2026-05-31 11:30:00+00:00,73976.9,73976.9,73922.6,73928.4,24.021878,1776460.9741533,BTCUSDT,bybit
2026-05-31 11:35:00+00:00,73928.4,73970.3,73920.7,73950.3,17.166568,1269435.2078648,BTCUSDT,bybit
2026-05-31 11:40:00+00:00,73950.3,73958.7,73935.6,73958.7,20.480952,1514394.1872594,BTCUSDT,bybit
2026-05-31 11:45:00+00:00,73958.7,73960.1,73920.7,73929.7,24.338532,1799509.5302858,BTCUSDT,bybit
2026-05-31 11:50:00+00:00,73929.7,73942.7,73914.2,73941.1,16.584389,1226065.3094068,BTCUSDT,bybit
2026-05-31 11:55:00+00:00,73941.1,73978.7,73919.7,73946.9,27.635306,2043637.7624726,BTCUSDT,bybit
2026-05-31 12:00:00+00:00,73946.9,73989.0,73873.5,73878.6,46.196377,3415218.1399127,BTCUSDT,bybit
2026-05-31 12:05:00+00:00,73878.6,73921.9,73878.6,73899.0,24.125048,1782857.3296061,BTCUSDT,bybit
2026-05-31 12:10:00+00:00,73899.0,73927.1,73899.0,73924.8,21.180775,1565460.7020292,BTCUSDT,bybit
2026-05-31 12:15:00+00:00,73924.8,74005.0,73924.7,73992.9,37.98398,2810013.2165817,BTCUSDT,bybit
2026-05-31 12:20:00+00:00,73992.9,73992.9,73930.5,73940.3,28.912257,2138237.6159451,BTCUSDT,bybit
2026-05-31 12:25:00+00:00,73940.3,73945.7,73935.8,73942.5,5.24264,387650.0918258,BTCUSDT,bybit
2026-05-31 12:30:00+00:00,73942.5,73942.5,73910.3,73913.0,10.798574,798247.6510393,BTCUSDT,bybit
2026-05-31 12:35:00+00:00,73913.0,73957.5,73913.0,73943.7,21.945435,1622592.0149771,BTCUSDT,bybit
2026-05-31 12:40:00+00:00,73943.7,73983.3,73936.9,73983.3,27.129298,2006617.9342989,BTCUSDT,bybit
2026-05-31 12:45:00+00:00,73983.3,73987.8,73951.0,73957.2,25.613042,1894536.7790854,BTCUSDT,bybit
2026-05-31 12:50:00+00:00,73957.2,73980.9,73894.1,73896.3,27.987994,2069403.5204168,BTCUSDT,bybit
2026-05-31 12:55:00+00:00,73896.3,73922.1,73893.1,73922.1,12.679416,937075.4643149,BTCUSDT,bybit
2026-05-31 13:00:00+00:00,73922.1,73928.4,73889.4,73889.4,43.399876,3208025.0093996,BTCUSDT,bybit
2026-05-31 13:05:00+00:00,73889.4,73929.5,73877.7,73929.4,21.901967,1618437.5774059,BTCUSDT,bybit
2026-05-31 13:10:00+00:00,73929.4,73961.0,73929.4,73947.1,14.786597,1093521.4069356,BTCUSDT,bybit
2026-05-31 13:15:00+00:00,73947.1,73986.3,73934.4,73986.3,25.368345,1876289.19008,BTCUSDT,bybit
2026-05-31 13:20:00+00:00,73986.3,74031.3,73979.3,73984.8,36.534369,2703733.2385407,BTCUSDT,bybit
2026-05-31 13:25:00+00:00,73984.8,74008.7,73959.2,73961.4,24.387948,1804225.3570288,BTCUSDT,bybit
2026-05-31 13:30:00+00:00,73961.4,73975.3,73950.3,73950.3,15.356644,1135894.467379,BTCUSDT,bybit
2026-05-31 13:35:00+00:00,73950.3,73974.4,73890.1,73905.1,28.38778,2098817.1790493,BTCUSDT,bybit
2026-05-31 13:40:00+00:00,73905.1,73905.2,73882.1,73898.4,15.280984,1129164.209386,BTCUSDT,bybit
2026-05-31 13:45:00+00:00,73898.4,73903.4,73858.6,73858.7,17.07063,1261303.5259527,BTCUSDT,bybit
2026-05-31 13:50:00+00:00,73858.7,73869.3,73812.1,73869.2,35.807928,2644126.7603654,BTCUSDT,bybit
2026-05-31 13:55:00+00:00,73869.2,73874.1,73855.8,73873.4,15.587594,1151344.2030117,BTCUSDT,bybit
2026-05-31 14:00:00+00:00,73873.4,73873.5,73771.3,73809.1,75.688758,5586198.4249051,BTCUSDT,bybit
2026-05-31 14:05:00+00:00,73809.1,73870.5,73788.5,73859.0,37.185821,2745087.1071928,BTCUSDT,bybit
2026-05-31 14:10:00+00:00,73859.0,73867.0,73668.0,73726.9,83.966162,6194184.87705191,BTCUSDT,bybit
2026-05-31 14:15:00+00:00,73726.9,73785.1,73504.0,73581.7,257.077295,18927764.6769947,BTCUSDT,bybit
2026-05-31 14:20:00+00:00,73581.7,73660.4,73544.1,73590.1,134.386132,9892564.2432119,BTCUSDT,bybit
2026-05-31 14:25:00+00:00,73590.1,73622.2,73558.4,73600.6,82.509702,6071804.7265172,BTCUSDT,bybit
2026-05-31 14:30:00+00:00,73600.6,73689.9,73591.5,73685.7,64.244683,4731414.1331568,BTCUSDT,bybit
2026-05-31 14:35:00+00:00,73685.7,73749.8,73653.7,73680.8,70.147093,5170200.8239959,BTCUSDT,bybit
2026-05-31 14:40:00+00:00,73680.8,73680.8,73590.0,73619.8,50.489423,3718111.0318633,BTCUSDT,bybit
2026-05-31 14:45:00+00:00,73619.8,73702.8,73619.8,73659.6,30.996519,2283257.3839206,BTCUSDT,bybit
2026-05-31 14:50:00+00:00,73659.6,73699.8,73659.6,73699.8,10.003912,737146.9847694,BTCUSDT,bybit
2026-05-31 14:55:00+00:00,73699.8,73699.8,73591.7,73605.3,56.684202,4173549.4097162,BTCUSDT,bybit
2026-05-31 15:00:00+00:00,73605.3,73637.0,73589.8,73616.0,56.430859,4154306.7514715,BTCUSDT,bybit
2026-05-31 15:05:00+00:00,73616.0,73682.6,73611.9,73657.0,32.247844,2375231.2230525,BTCUSDT,bybit
2026-05-31 15:10:00+00:00,73657.0,73691.4,73650.4,73683.3,14.61236,1076536.0427311,BTCUSDT,bybit
2026-05-31 15:15:00+00:00,73683.3,73697.2,73660.2,73690.9,14.513434,1069330.5443673,BTCUSDT,bybit
2026-05-31 15:20:00+00:00,73690.9,73746.3,73690.8,73746.2,8.186897,603494.2909692,BTCUSDT,bybit
2026-05-31 15:25:00+00:00,73746.2,73785.4,73732.9,73744.8,25.947231,1913699.628747,BTCUSDT,bybit
2026-05-31 15:30:00+00:00,73744.8,73752.3,73725.3,73752.3,12.038345,887642.3407656,BTCUSDT,bybit
2026-05-31 15:35:00+00:00,73752.3,73755.9,73712.7,73721.6,10.633878,784082.713455,BTCUSDT,bybit
2026-05-31 15:40:00+00:00,73721.6,73721.7,73615.4,73643.0,23.604742,1738762.49093,BTCUSDT,bybit
2026-05-31 15:45:00+00:00,73643.0,73687.8,73643.0,73646.3,17.865109,1315980.3036357,BTCUSDT,bybit
2026-05-31 15:50:00+00:00,73646.3,73666.1,73643.5,73662.5,14.38108,1059215.5378763,BTCUSDT,bybit
2026-05-31 15:55:00+00:00,73662.5,73664.9,73643.7,73655.8,13.616149,1002888.5139196,BTCUSDT,bybit
2026-05-31 16:00:00+00:00,73655.8,73697.1,73638.8,73694.1,12.225996,900630.6782929,BTCUSDT,bybit
2026-05-31 16:05:00+00:00,73694.1,73733.5,73691.1,73707.8,16.783696,1237226.5164564,BTCUSDT,bybit
2026-05-31 16:10:00+00:00,73707.8,73707.9,73610.6,73621.9,9.984419,735300.3578906,BTCUSDT,bybit
2026-05-31 16:15:00+00:00,73621.9,73637.5,73604.3,73613.6,16.792323,1236269.6769176,BTCUSDT,bybit
2026-05-31 16:20:00+00:00,73613.6,73632.6,73540.5,73576.1,31.191451,2294955.3139686,BTCUSDT,bybit
2026-05-31 16:25:00+00:00,73576.1,73620.2,73522.3,73609.1,27.785951,2044012.7526205,BTCUSDT,bybit
2026-05-31 16:30:00+00:00,73609.1,73609.1,73419.0,73442.1,97.822032,7190750.23472142,BTCUSDT,bybit
2026-05-31 16:35:00+00:00,73442.1,73542.0,73398.5,73527.0,48.280317,3546407.38209042,BTCUSDT,bybit
2026-05-31 16:40:00+00:00,73527.0,73527.0,73485.5,73500.2,20.829192,1531010.9277613,BTCUSDT,bybit
2026-05-31 16:45:00+00:00,73500.2,73500.2,73439.5,73446.1,10.063025,739297.3013808,BTCUSDT,bybit
2026-05-31 16:50:00+00:00,73446.1,73535.1,73442.2,73535.1,8.224899,604445.5014477,BTCUSDT,bybit
2026-05-31 16:55:00+00:00,73535.1,73548.4,73514.9,73530.2,7.242902,532615.1493007,BTCUSDT,bybit
2026-05-31 17:00:00+00:00,73530.2,73562.1,73495.7,73495.7,9.375034,689426.0550493,BTCUSDT,bybit
2026-05-31 17:05:00+00:00,73495.7,73538.1,73489.9,73510.9,11.99276,881598.2914234,BTCUSDT,bybit
2026-05-31 17:10:00+00:00,73510.9,73521.9,73462.4,73521.9,10.061966,739443.0569724,BTCUSDT,bybit
2026-05-31 17:15:00+00:00,73521.9,73559.9,73521.9,73535.8,7.402383,544409.6411978,BTCUSDT,bybit
2026-05-31 17:20:00+00:00,73535.8,73581.1,73535.8,73565.2,21.144632,1555565.1360276,BTCUSDT,bybit
2026-05-31 17:25:00+00:00,73565.2,73609.4,73562.8,73608.0,72.772196,5355931.9099885,BTCUSDT,bybit
2026-05-31 17:30:00+00:00,73608.0,73680.9,73608.0,73661.0,12.082861,889897.3083592,BTCUSDT,bybit
2026-05-31 17:35:00+00:00,73661.0,73720.0,73661.0,73719.9,9.009946,663911.0246438,BTCUSDT,bybit
2026-05-31 17:40:00+00:00,73719.9,73727.5,73684.8,73727.5,7.109945,524066.83646339,BTCUSDT,bybit
2026-05-31 17:45:00+00:00,73727.5,73736.1,73695.9,73695.9,6.61144,487386.1344592,BTCUSDT,bybit
2026-05-31 17:50:00+00:00,73695.9,73706.1,73683.7,73706.0,3.580013,263819.6101629,BTCUSDT,bybit
2026-05-31 17:55:00+00:00,73706.0,73715.9,73697.4,73715.9,5.579529,411217.2874239,BTCUSDT,bybit
2026-05-31 18:00:00+00:00,73715.9,73715.9,73616.5,73645.4,18.433596,1357610.2015321,BTCUSDT,bybit
2026-05-31 18:05:00+00:00,73645.4,73675.1,73635.6,73635.6,6.44583,474771.6913582,BTCUSDT,bybit
2026-05-31 18:10:00+00:00,73635.6,73697.1,73635.6,73653.6,10.021101,738252.8556681,BTCUSDT,bybit
2026-05-31 18:15:00+00:00,73653.6,73657.7,73608.1,73657.6,5.452169,401444.2735782,BTCUSDT,bybit
2026-05-31 18:20:00+00:00,73657.6,73657.6,73626.4,73642.7,4.675762,344336.5039425,BTCUSDT,bybit
2026-05-31 18:25:00+00:00,73642.7,73682.5,73631.3,73633.8,6.874199,506334.6858395,BTCUSDT,bybit
2026-05-31 18:30:00+00:00,73633.8,73717.5,73633.8,73660.8,8.087817,595909.0449235,BTCUSDT,bybit
2026-05-31 18:35:00+00:00,73660.8,73672.3,73659.6,73669.0,2.738763,201747.9081075,BTCUSDT,bybit
2026-05-31 18:40:00+00:00,73669.0,73681.7,73627.0,73640.7,7.829105,576592.6231834,BTCUSDT,bybit
2026-05-31 18:45:00+00:00,73640.7,73640.7,73605.5,73608.2,9.620131,708190.4414609,BTCUSDT,bybit
2026-05-31 18:50:00+00:00,73608.2,73613.7,73581.2,73613.7,5.572665,410150.3399483,BTCUSDT,bybit
2026-05-31 18:55:00+00:00,73613.7,73641.5,73611.2,73611.2,4.173622,307275.5861912,BTCUSDT,bybit
2026-05-31 19:00:00+00:00,73611.2,73659.3,73604.9,73607.2,12.109105,891537.3489011,BTCUSDT,bybit
2026-05-31 19:05:00+00:00,73607.2,73614.0,73591.2,73598.5,4.869819,358431.1113172,BTCUSDT,bybit
2026-05-31 19:10:00+00:00,73598.5,73607.0,73587.8,73595.4,3.286888,241901.4696184,BTCUSDT,bybit
2026-05-31 19:15:00+00:00,73595.4,73618.6,73590.8,73618.6,2.359025,173633.2837,BTCUSDT,bybit
2026-05-31 19:20:00+00:00,73618.6,73618.6,73502.4,73508.6,10.831442,796615.4619815,BTCUSDT,bybit
2026-05-31 19:25:00+00:00,73508.6,73530.5,73456.4,73530.4,14.123657,1038014.009306,BTCUSDT,bybit
2026-05-31 19:30:00+00:00,73530.4,73548.9,73452.6,73475.3,11.73411,862375.0083153,BTCUSDT,bybit
2026-05-31 19:35:00+00:00,73475.3,73529.6,73475.3,73529.5,8.095539,595005.793806,BTCUSDT,bybit
2026-05-31 19:40:00+00:00,73529.5,73541.6,73519.0,73525.0,8.804049,647367.9643371,BTCUSDT,bybit
2026-05-31 19:45:00+00:00,73525.0,73541.5,73513.8,73528.8,3.772005,277348.5537812,BTCUSDT,bybit
2026-05-31 19:50:00+00:00,73528.8,73552.4,73524.0,73552.4,3.367128,247596.4330326,BTCUSDT,bybit
2026-05-31 19:55:00+00:00,73552.4,73574.2,73544.2,73555.4,7.083601,521045.3700373,BTCUSDT,bybit
2026-05-31 20:00:00+00:00,73555.4,73649.9,73555.3,73620.8,11.288262,831004.8420744,BTCUSDT,bybit
2026-05-31 20:05:00+00:00,73620.8,73697.9,73595.9,73683.9,62.890794,4632419.4020731,BTCUSDT,bybit
2026-05-31 20:10:00+00:00,73683.9,73686.6,73628.9,73686.6,13.927524,1025871.3311069,BTCUSDT,bybit
2026-05-31 20:15:00+00:00,73686.6,73722.6,73658.2,73701.9,9.041432,666326.488702,BTCUSDT,bybit
2026-05-31 20:20:00+00:00,73701.9,73749.9,73683.3,73683.4,9.679556,713597.9478715,BTCUSDT,bybit
2026-05-31 20:25:00+00:00,73683.4,73704.4,73683.3,73683.3,3.921524,288988.7524216,BTCUSDT,bybit
2026-05-31 20:30:00+00:00,73683.3,73722.6,73677.5,73677.6,6.870116,506337.1157446,BTCUSDT,bybit
2026-05-31 20:35:00+00:00,73677.6,73707.6,73677.3,73677.3,13.56248,999489.698393,BTCUSDT,bybit
2026-05-31 20:40:00+00:00,73677.3,73694.8,73669.5,73694.8,5.448194,401413.6938325,BTCUSDT,bybit
2026-05-31 20:45:00+00:00,73694.8,73708.5,73694.8,73700.6,4.232487,311945.6899686,BTCUSDT,bybit
2026-05-31 20:50:00+00:00,73700.6,73744.6,73700.0,73744.6,4.100939,302371.7536089,BTCUSDT,bybit
2026-05-31 20:55:00+00:00,73744.6,73771.0,73738.7,73744.9,6.031719,444842.6455821,BTCUSDT,bybit
2026-05-31 21:00:00+00:00,73744.9,73762.0,73704.0,73743.7,14.169173,1044695.6454234,BTCUSDT,bybit
2026-05-31 21:05:00+00:00,73743.7,73756.0,73712.0,73718.4,8.969657,661301.3435448,BTCUSDT,bybit
2026-05-31 21:10:00+00:00,73718.4,73718.4,73680.9,73680.9,13.647054,1005889.9508534,BTCUSDT,bybit
2026-05-31 21:15:00+00:00,73680.9,73737.1,73675.7,73675.7,10.537297,776740.2148004,BTCUSDT,bybit
2026-05-31 21:20:00+00:00,73675.7,73684.4,73673.8,73684.3,1.933157,142434.9390263,BTCUSDT,bybit
2026-05-31 21:25:00+00:00,73684.3,73684.3,73624.6,73644.9,9.082259,668942.8092865,BTCUSDT,bybit
2026-05-31 21:30:00+00:00,73644.9,73663.5,73624.4,73663.5,6.399652,471246.0632552,BTCUSDT,bybit
2026-05-31 21:35:00+00:00,73663.5,73712.5,73663.5,73678.7,11.332015,835012.5479984,BTCUSDT,bybit
2026-05-31 21:40:00+00:00,73678.7,73759.9,73664.9,73747.1,12.946725,954383.6329991,BTCUSDT,bybit
2026-05-31 21:45:00+00:00,73747.1,73921.5,73747.1,73834.9,62.639894,4625597.1062951,BTCUSDT,bybit
2026-05-31 21:50:00+00:00,73834.9,73891.6,73754.3,73855.5,95.004317,7012806.1451568,BTCUSDT,bybit
2026-05-31 21:55:00+00:00,73855.5,73899.3,73834.9,73889.0,26.452436,1954078.5734083,BTCUSDT,bybit
2026-05-31 22:00:00+00:00,73889.0,73969.7,73683.3,73724.4,57.86235,4271944.7960047,BTCUSDT,bybit
2026-05-31 22:05:00+00:00,73724.4,73831.9,73724.4,73828.0,20.232968,1492615.5692953,BTCUSDT,bybit
2026-05-31 22:10:00+00:00,73828.0,73915.7,73819.5,73914.2,17.896964,1322064.3006336,BTCUSDT,bybit
2026-05-31 22:15:00+00:00,73914.2,73998.4,73878.3,73890.7,17.724892,1310395.6456023,BTCUSDT,bybit
2026-05-31 22:20:00+00:00,73890.7,73890.7,73809.5,73859.5,14.43446,1065885.0962605,BTCUSDT,bybit
2026-05-31 22:25:00+00:00,73859.5,73990.4,73859.1,73887.0,22.661752,1675593.6856843,BTCUSDT,bybit
2026-05-31 22:30:00+00:00,73887.0,73995.0,73868.4,73995.0,19.256758,1423781.1143079,BTCUSDT,bybit
2026-05-31 22:35:00+00:00,73995.0,73998.8,73889.4,73895.2,15.138585,1119393.0743183,BTCUSDT,bybit
2026-05-31 22:40:00+00:00,73895.2,73931.0,73886.2,73908.4,9.695416,716491.8981947,BTCUSDT,bybit
2026-05-31 22:45:00+00:00,73908.4,73989.8,73908.4,73943.5,14.730325,1089252.3020085,BTCUSDT,bybit
2026-05-31 22:50:00+00:00,73943.5,73976.8,73917.9,73952.5,9.310783,688543.9516287,BTCUSDT,bybit
2026-05-31 22:55:00+00:00,73952.5,74004.3,73932.4,73948.6,12.63248,934414.70879158,BTCUSDT,bybit
2026-05-31 23:00:00+00:00,73948.6,74206.0,73948.6,74072.4,65.178581,4828387.6313733,BTCUSDT,bybit
2026-05-31 23:05:00+00:00,74072.4,74092.6,73959.5,73996.1,24.0629,1781286.624528,BTCUSDT,bybit
2026-05-31 23:10:00+00:00,73996.1,74006.6,73934.6,73934.6,18.302602,1353789.8702332,BTCUSDT,bybit
2026-05-31 23:15:00+00:00,73934.6,73972.2,73900.1,73935.4,23.051307,1704414.5174445,BTCUSDT,bybit
2026-05-31 23:20:00+00:00,73935.4,73938.5,73790.4,73821.2,34.95219,2580935.0427008,BTCUSDT,bybit
2026-05-31 23:25:00+00:00,73821.2,73856.3,73804.6,73833.2,15.312064,1130502.551491,BTCUSDT,bybit
2026-05-31 23:30:00+00:00,73833.2,73838.8,73600.1,73697.7,31.980793,2356898.57027081,BTCUSDT,bybit
2026-05-31 23:35:00+00:00,73697.7,73697.7,73500.0,73572.3,46.055579,3388793.2092178,BTCUSDT,bybit
2026-05-31 23:40:00+00:00,73572.3,73600.0,73520.6,73581.6,19.557906,1438679.4311055,BTCUSDT,bybit
2026-05-31 23:45:00+00:00,73581.6,73677.3,73569.3,73677.3,16.465642,1212266.4340652,BTCUSDT,bybit
2026-05-31 23:50:00+00:00,73677.3,73710.5,73673.7,73680.3,15.691554,1156390.3365348,BTCUSDT,bybit
2026-05-31 23:55:00+00:00,73680.3,73723.2,73653.2,73683.6,12.09912,891594.0654587,BTCUSDT,bybit
2026-06-01 00:00:00+00:00,73683.6,73879.3,73652.8,73870.4,47.893129,3532938.003831,BTCUSDT,bybit
2026-06-01 00:05:00+00:00,73870.4,73886.8,73730.2,73756.1,37.430699,2762851.6576111,BTCUSDT,bybit
2026-06-01 00:10:00+00:00,73756.1,73814.8,73715.7,73814.8,21.605427,1593545.159158,BTCUSDT,bybit
2026-06-01 00:15:00+00:00,73814.8,73856.2,73721.2,73732.8,26.465353,1953326.1733362,BTCUSDT,bybit
2026-06-01 00:20:00+00:00,73732.8,73836.7,73720.7,73805.2,26.690305,1969373.3160048,BTCUSDT,bybit
2026-06-01 00:25:00+00:00,73805.2,74001.5,73805.2,73957.1,38.299555,2830785.0079962,BTCUSDT,bybit
2026-06-01 00:30:00+00:00,73957.1,74089.6,73833.7,73923.4,59.024708,4366133.04792584,BTCUSDT,bybit
2026-06-01 00:35:00+00:00,73923.4,73943.3,73878.1,73900.0,27.190788,2009683.492538,BTCUSDT,bybit
2026-06-01 00:40:00+00:00,73900.0,73974.0,73863.1,73940.2,18.145194,1341558.1242367,BTCUSDT,bybit
2026-06-01 00:45:00+00:00,73940.2,74018.3,73936.3,73959.4,36.568163,2705613.9772471,BTCUSDT,bybit
2026-06-01 00:50:00+00:00,73959.4,74004.7,73900.0,73919.3,26.904714,1989736.9544289,BTCUSDT,bybit
2026-06-01 00:55:00+00:00,73919.3,73931.8,73873.1,73884.9,15.986582,1181420.1683241,BTCUSDT,bybit
2026-06-01 01:00:00+00:00,73884.9,73918.7,73732.8,73744.8,37.64955,2779276.7260144,BTCUSDT,bybit
2026-06-01 01:05:00+00:00,73744.8,73749.1,73567.8,73598.6,57.291872,4219200.16313607,BTCUSDT,bybit
2026-06-01 01:10:00+00:00,73598.6,73632.4,73567.8,73575.7,33.538659,2468460.8785904,BTCUSDT,bybit
2026-06-01 01:15:00+00:00,73575.7,73632.9,73575.0,73596.2,26.920792,1981537.8472938,BTCUSDT,bybit
2026-06-01 01:20:00+00:00,73596.2,73653.0,73594.5,73602.3,28.639352,2108366.9107695,BTCUSDT,bybit
2026-06-01 01:25:00+00:00,73602.3,73651.7,73581.4,73596.6,24.032492,1769372.9113155,BTCUSDT,bybit
2026-06-01 01:30:00+00:00,73596.6,73619.2,73585.3,73612.9,19.959159,1468987.6516671,BTCUSDT,bybit
2026-06-01 01:35:00+00:00,73612.9,73647.7,73594.8,73601.5,24.839124,1828744.5299207,BTCUSDT,bybit
2026-06-01 01:40:00+00:00,73601.5,73652.8,73458.7,73492.8,37.185685,2734961.8021002,BTCUSDT,bybit
2026-06-01 01:45:00+00:00,73492.8,73574.6,73441.3,73557.9,41.203479,3028198.7758072,BTCUSDT,bybit
2026-06-01 01:50:00+00:00,73557.9,73557.9,73343.7,73369.2,31.904973,2342551.14664637,BTCUSDT,bybit
2026-06-01 01:55:00+00:00,73369.2,73371.3,73267.2,73290.2,43.82651,3213426.9892619,BTCUSDT,bybit
2026-06-01 02:00:00+00:00,73290.2,73395.5,73213.6,73369.7,129.496248,9489277.95145523,BTCUSDT,bybit
2026-06-01 02:05:00+00:00,73369.7,73550.6,73368.7,73527.1,41.958669,3082539.8371853,BTCUSDT,bybit
2026-06-01 02:10:00+00:00,73527.1,73569.6,73508.6,73548.8,13.915656,1023274.9639809,BTCUSDT,bybit
2026-06-01 02:15:00+00:00,73548.8,73558.2,73450.0,73467.8,23.497604,1727276.1460684,BTCUSDT,bybit
2026-06-01 02:20:00+00:00,73467.8,73555.8,73465.0,73503.5,16.034763,1178744.2297048,BTCUSDT,bybit
2026-06-01 02:25:00+00:00,73503.5,73534.5,73492.8,73528.1,17.252399,1268324.2342263,BTCUSDT,bybit
2026-06-01 02:30:00+00:00,73528.1,73530.3,73466.3,73496.7,10.665932,783832.3425461,BTCUSDT,bybit
2026-06-01 02:35:00+00:00,73496.7,73578.0,73482.9,73578.0,13.957383,1026214.2010474,BTCUSDT,bybit
2026-06-01 02:40:00+00:00,73578.0,73878.3,73548.2,73777.7,87.748092,6472375.19186112,BTCUSDT,bybit
2026-06-01 02:45:00+00:00,73777.7,73860.6,73736.3,73800.4,44.812206,3307071.1278005,BTCUSDT,bybit
2026-06-01 02:50:00+00:00,73800.4,73848.3,73765.3,73785.0,26.816613,1979208.1002403,BTCUSDT,bybit
2026-06-01 02:55:00+00:00,73785.0,73811.7,73749.4,73787.8,24.571946,1812976.1369648,BTCUSDT,bybit
2026-06-01 03:00:00+00:00,73787.8,74014.9,73787.8,73963.8,51.631092,3816442.81970424,BTCUSDT,bybit
2026-06-01 03:05:00+00:00,73963.8,73987.8,73907.9,73972.6,28.17285,2083453.3075247,BTCUSDT,bybit
2026-06-01 03:10:00+00:00,73972.6,73972.6,73874.3,73881.3,19.898582,1470854.3393641,BTCUSDT,bybit
2026-06-01 03:15:00+00:00,73881.3,73953.9,73796.0,73923.1,54.214311,4004525.3321874,BTCUSDT,bybit
2026-06-01 03:20:00+00:00,73923.1,73978.9,73901.6,73951.2,18.413816,1361490.6397575,BTCUSDT,bybit
2026-06-01 03:25:00+00:00,73951.2,73951.3,73881.3,73918.3,17.222024,1272971.4659746,BTCUSDT,bybit
2026-06-01 03:30:00+00:00,73918.3,73983.0,73917.2,73945.2,24.762819,1831445.3297363,BTCUSDT,bybit
2026-06-01 03:35:00+00:00,73945.2,73972.7,73884.9,73885.0,16.618377,1228681.4722306,BTCUSDT,bybit
2026-06-01 03:40:00+00:00,73885.0,73903.1,73792.3,73851.5,21.822488,1611601.84396,BTCUSDT,bybit
2026-06-01 03:45:00+00:00,73851.5,73911.1,73842.7,73889.0,12.944169,956311.0102873,BTCUSDT,bybit
2026-06-01 03:50:00+00:00,73889.0,73901.5,73745.4,73745.5,24.020244,1773247.690922,BTCUSDT,bybit
2026-06-01 03:55:00+00:00,73745.5,73774.5,73729.6,73763.6,15.148327,1117149.0746882,BTCUSDT,bybit
2026-06-01 04:00:00+00:00,73763.6,73840.4,73756.2,73779.9,21.727302,1603621.1406589,BTCUSDT,bybit
2026-06-01 04:05:00+00:00,73779.9,73780.0,73662.5,73670.0,16.37547,1206852.8068423,BTCUSDT,bybit
2026-06-01 04:10:00+00:00,73670.0,73670.1,73582.0,73602.8,22.340643,1644459.8368315,BTCUSDT,bybit
2026-06-01 04:15:00+00:00,73602.8,73617.6,73496.1,73504.3,20.960749,1541518.581588,BTCUSDT,bybit
2026-06-01 04:20:00+00:00,73504.3,73506.9,73402.5,73430.8,34.553769,2538170.77885554,BTCUSDT,bybit
2026-06-01 04:25:00+00:00,73430.8,73460.0,73400.0,73403.4,32.845684,2411811.035143,BTCUSDT,bybit
2026-06-01 04:30:00+00:00,73403.4,73470.4,73400.1,73436.3,29.842612,2191831.9474952,BTCUSDT,bybit
2026-06-01 04:35:00+00:00,73436.3,73474.9,73430.0,73447.9,18.238635,1339674.6847031,BTCUSDT,bybit
2026-06-01 04:40:00+00:00,73447.9,73490.3,73447.9,73483.1,12.562315,922991.678123,BTCUSDT,bybit
2026-06-01 04:45:00+00:00,73483.1,73487.4,73341.8,73414.9,17.030408,1250203.41855306,BTCUSDT,bybit
2026-06-01 04:50:00+00:00,73414.9,73523.3,73414.9,73517.3,14.13157,1038437.2301466,BTCUSDT,bybit
2026-06-01 04:55:00+00:00,73517.3,73593.2,73501.5,73529.8,21.247897,1563054.8949931,BTCUSDT,bybit
2026-06-01 05:00:00+00:00,73529.8,73533.7,73448.3,73514.1,27.603721,2028750.4848683,BTCUSDT,bybit
2026-06-01 05:05:00+00:00,73514.1,73543.7,73479.4,73486.9,30.516236,2243414.9066281,BTCUSDT,bybit
2026-06-01 05:10:00+00:00,73486.9,73535.3,73467.6,73531.4,23.553727,1731132.8601832,BTCUSDT,bybit
2026-06-01 05:15:00+00:00,73531.4,73531.4,73460.4,73460.4,17.528222,1288054.3553416,BTCUSDT,bybit
2026-06-01 05:20:00+00:00,73460.4,73535.9,73454.5,73454.5,16.771599,1232786.0752997,BTCUSDT,bybit
2026-06-01 05:25:00+00:00,73454.5,73454.5,73342.7,73342.8,22.148842,1625250.7479575,BTCUSDT,bybit
2026-06-01 05:30:00+00:00,73342.8,73425.8,73342.8,73398.9,25.326137,1858489.0959263,BTCUSDT,bybit
2026-06-01 05:35:00+00:00,73398.9,73409.8,73320.8,73390.5,19.927061,1462164.2181543,BTCUSDT,bybit
2026-06-01 05:40:00+00:00,73390.5,73429.9,73390.5,73426.9,11.221896,823801.874643,BTCUSDT,bybit
2026-06-01 05:45:00+00:00,73426.9,73469.2,73407.5,73424.7,19.4218,1426400.6361895,BTCUSDT,bybit
2026-06-01 05:50:00+00:00,73424.7,73449.1,73391.1,73398.0,15.639701,1148165.0985597,BTCUSDT,bybit
2026-06-01 05:55:00+00:00,73398.0,73410.2,73332.1,73351.6,13.41572,984219.3367138,BTCUSDT,bybit
2026-06-01 06:00:00+00:00,73351.6,73370.6,73287.5,73311.8,20.939339,1535580.68423496,BTCUSDT,bybit
2026-06-01 06:05:00+00:00,73311.8,73312.4,73232.2,73247.4,42.922773,3145436.58024978,BTCUSDT,bybit
2026-06-01 06:10:00+00:00,73247.4,73313.9,73236.6,73289.2,15.322356,1122746.0617341,BTCUSDT,bybit
2026-06-01 06:15:00+00:00,73289.2,73324.2,73269.9,73269.9,20.71383,1518348.8532635,BTCUSDT,bybit
2026-06-01 06:20:00+00:00,73269.9,73269.9,73140.2,73232.2,51.3729,3760983.93717179,BTCUSDT,bybit
2026-06-01 06:25:00+00:00,73232.2,73232.2,73170.0,73187.9,27.633079,2022543.1984818,BTCUSDT,bybit
2026-06-01 06:30:00+00:00,73187.9,73234.1,73133.7,73199.9,36.929744,2702862.0135814,BTCUSDT,bybit
2026-06-01 06:35:00+00:00,73199.9,73199.9,73112.8,73138.0,26.251014,1920255.9723433,BTCUSDT,bybit
2026-06-01 06:40:00+00:00,73138.0,73138.0,73000.0,73004.9,49.743654,3635393.755726,BTCUSDT,bybit
2026-06-01 06:45:00+00:00,73004.9,73186.6,72958.4,73180.0,76.148639,5561746.36776796,BTCUSDT,bybit
2026-06-01 06:50:00+00:00,73180.0,73212.7,73119.9,73119.9,26.836722,1963787.5402792,BTCUSDT,bybit
2026-06-01 06:55:00+00:00,73119.9,73144.7,73061.5,73137.9,36.118031,2640570.7127875,BTCUSDT,bybit
2026-06-01 07:00:00+00:00,73137.9,73138.1,73033.6,73121.7,19.497773,1425198.5495862,BTCUSDT,bybit
2026-06-01 07:05:00+00:00,73121.7,73199.9,73121.7,73192.5,27.162817,1987492.0582298,BTCUSDT,bybit
2026-06-01 07:10:00+00:00,73192.5,73200.0,73090.4,73117.6,16.153228,1181631.0456772,BTCUSDT,bybit
2026-06-01 07:15:00+00:00,73117.6,73138.9,72995.5,73116.7,50.756455,3707944.9880087,BTCUSDT,bybit
2026-06-01 07:20:00+00:00,73116.7,73124.8,72944.0,72983.7,34.075046,2487851.63584782,BTCUSDT,bybit
2026-06-01 07:25:00+00:00,72983.7,73025.6,72971.3,72982.0,26.286803,1918892.8459428,BTCUSDT,bybit
