open_time,open,high,low,close,volume,turnover,symbol,exchange
2026-05-18 07:30:00+00:00,84.92,84.98,84.84,84.91,457.7049,38865.049212,SOLUSDT,bybit
2026-05-18 07:35:00+00:00,84.91,84.91,84.78,84.79,425.9014,36129.141884,SOLUSDT,bybit
2026-05-18 07:40:00+00:00,84.79,84.81,84.52,84.56,653.0678,55279.649829,SOLUSDT,bybit
2026-05-18 07:45:00+00:00,84.56,84.73,84.55,84.63,501.8317,42474.140995,SOLUSDT,bybit
2026-05-18 07:50:00+00:00,84.63,84.77,84.58,84.77,201.8699,17095.291774,SOLUSDT,bybit
2026-05-18 07:55:00+00:00,84.77,84.81,84.67,84.75,1235.1746,104681.975536,SOLUSDT,bybit
2026-05-18 08:00:00+00:00,84.75,84.97,84.75,84.97,3319.8899,281609.590191,SOLUSDT,bybit
2026-05-18 08:05:00+00:00,84.97,85.01,84.86,84.86,1614.6062,137170.030749,SOLUSDT,bybit
2026-05-18 08:10:00+00:00,84.86,84.9,84.79,84.81,496.8766,42159.704209,SOLUSDT,bybit
2026-05-18 08:15:00+00:00,84.81,84.88,84.78,84.82,2349.6062,199279.486586,SOLUSDT,bybit
2026-05-18 08:20:00+00:00,84.82,84.89,84.77,84.84,1267.185,107491.609883,SOLUSDT,bybit
2026-05-18 08:25:00+00:00,84.84,84.9,84.83,84.84,415.842,35287.291914,SOLUSDT,bybit
2026-05-18 08:30:00+00:00,84.84,84.85,84.66,84.8,2967.2367,251696.340872,SOLUSDT,bybit
2026-05-18 08:35:00+00:00,84.8,84.8,84.61,84.69,447.4251,37884.854373,SOLUSDT,bybit
2026-05-18 08:40:00+00:00,84.69,84.73,84.67,84.69,674.8557,57154.821257,SOLUSDT,bybit
2026-05-18 08:45:00+00:00,84.69,84.77,84.65,84.68,403.3394,34178.450097,SOLUSDT,bybit
2026-05-18 08:50:00+00:00,84.68,84.91,84.68,84.89,656.9508,55687.730448,SOLUSDT,bybit
2026-05-18 08:55:00+00:00,84.89,84.92,84.86,84.91,266.4376,22617.222694,SOLUSDT,bybit
2026-05-18 09:00:00+00:00,84.91,84.94,84.71,84.75,216.1533,18342.286048,SOLUSDT,bybit
2026-05-18 09:05:00+00:00,84.75,84.75,84.65,84.69,957.906,81135.889211,SOLUSDT,bybit
2026-05-18 09:10:00+00:00,84.69,84.7,84.59,84.61,3957.8366,335036.19612,SOLUSDT,bybit
2026-05-18 09:15:00+00:00,84.61,84.73,84.59,84.64,4756.9209,402745.270797,SOLUSDT,bybit
2026-05-18 09:20:00+00:00,84.64,84.73,84.64,84.72,3450.325,292083.589981,SOLUSDT,bybit
2026-05-18 09:25:00+00:00,84.72,84.72,84.6,84.65,714.1816,60454.030037,SOLUSDT,bybit
2026-05-18 09:30:00+00:00,84.65,84.65,84.53,84.62,904.8341,76509.790671,SOLUSDT,bybit
2026-05-18 09:35:00+00:00,84.62,84.72,84.62,84.68,1915.4152,162224.851278,SOLUSDT,bybit
2026-05-18 09:40:00+00:00,84.68,84.7,84.6,84.61,578.6323,48978.096631,SOLUSDT,bybit
2026-05-18 09:45:00+00:00,84.61,84.73,84.58,84.67,578.149,48937.617068,SOLUSDT,bybit
2026-05-18 09:50:00+00:00,84.67,84.7,84.52,84.53,291.4329,24653.335335,SOLUSDT,bybit
2026-05-18 09:55:00+00:00,84.53,84.57,84.46,84.48,1477.3896,124847.093207,SOLUSDT,bybit
2026-05-18 10:00:00+00:00,84.48,84.51,84.35,84.37,4002.3409,337994.59315,SOLUSDT,bybit
2026-05-18 10:05:00+00:00,84.37,84.42,84.22,84.33,3143.5237,264949.324475,SOLUSDT,bybit
2026-05-18 10:10:00+00:00,84.33,84.38,84.24,84.25,430.5087,36298.077179,SOLUSDT,bybit
2026-05-18 10:15:00+00:00,84.25,84.36,84.24,84.34,756.3186,63764.368037,SOLUSDT,bybit
2026-05-18 10:20:00+00:00,84.34,84.41,84.23,84.34,323.1937,27252.991752,SOLUSDT,bybit
2026-05-18 10:25:00+00:00,84.34,84.42,84.31,84.38,952.8631,80389.80151,SOLUSDT,bybit
2026-05-18 10:30:00+00:00,84.38,84.43,84.29,84.3,2069.6319,174556.392853,SOLUSDT,bybit
2026-05-18 10:35:00+00:00,84.3,84.42,84.23,84.37,712.4228,60089.52322,SOLUSDT,bybit
2026-05-18 10:40:00+00:00,84.37,84.41,84.29,84.33,503.4223,42471.393167,SOLUSDT,bybit
2026-05-18 10:45:00+00:00,84.33,84.48,84.32,84.4,464.5029,39204.953855,SOLUSDT,bybit
2026-05-18 10:50:00+00:00,84.4,84.44,84.34,84.35,284.7653,24036.669519,SOLUSDT,bybit
2026-05-18 10:55:00+00:00,84.35,84.35,84.23,84.27,1042.6916,87873.472805,SOLUSDT,bybit
2026-05-18 11:00:00+00:00,84.27,84.32,84.12,84.28,1080.5893,91008.089489,SOLUSDT,bybit
2026-05-18 11:05:00+00:00,84.28,84.28,84.08,84.08,1057.0446,88990.327295,SOLUSDT,bybit
2026-05-18 11:10:00+00:00,84.08,84.26,84.08,84.24,454.6276,38275.099409,SOLUSDT,bybit
2026-05-18 11:15:00+00:00,84.24,84.45,84.23,84.4,965.255,81433.829223,SOLUSDT,bybit
2026-05-18 11:20:00+00:00,84.4,84.4,84.28,84.34,391.6477,33021.574733,SOLUSDT,bybit
2026-05-18 11:25:00+00:00,84.34,84.4,84.31,84.31,102.2698,8628.314908,SOLUSDT,bybit
2026-05-18 11:30:00+00:00,84.31,84.57,84.21,84.54,955.9967,80650.405508,SOLUSDT,bybit
2026-05-18 11:35:00+00:00,84.54,84.9,84.42,84.9,2452.2535,207489.493575,SOLUSDT,bybit
2026-05-18 11:40:00+00:00,84.9,85.32,84.83,85.23,5548.2438,471830.400161,SOLUSDT,bybit
2026-05-18 11:45:00+00:00,85.23,85.24,85.02,85.06,1776.0088,151187.27931,SOLUSDT,bybit
2026-05-18 11:50:00+00:00,85.06,85.09,84.9,84.96,2211.0243,187892.936952,SOLUSDT,bybit
2026-05-18 11:55:00+00:00,84.96,85.05,84.93,84.97,588.0136,49974.554262,SOLUSDT,bybit
2026-05-18 12:00:00+00:00,84.97,85.33,84.97,85.02,3738.4239,318236.664912,SOLUSDT,bybit
2026-05-18 12:05:00+00:00,85.02,85.37,85.02,85.29,3338.3414,284703.45444,SOLUSDT,bybit
2026-05-18 12:10:00+00:00,85.29,85.33,85.19,85.29,347.8596,29660.154556,SOLUSDT,bybit
2026-05-18 12:15:00+00:00,85.29,85.38,85.16,85.26,1221.5978,104131.514339,SOLUSDT,bybit
2026-05-18 12:20:00+00:00,85.26,85.49,85.24,85.47,4727.9565,403964.806532,SOLUSDT,bybit
2026-05-18 12:25:00+00:00,85.47,85.47,85.18,85.19,2639.6534,224979.025695,SOLUSDT,bybit
2026-05-18 12:30:00+00:00,85.19,85.45,85.1,85.45,3884.6581,331047.482732,SOLUSDT,bybit
2026-05-18 12:35:00+00:00,85.45,85.63,85.4,85.59,1963.3545,167860.097365,SOLUSDT,bybit
2026-05-18 12:40:00+00:00,85.59,85.77,85.56,85.71,2371.7567,203255.089535,SOLUSDT,bybit
2026-05-18 12:45:00+00:00,85.71,85.8,85.56,85.58,1007.7181,86346.340216,SOLUSDT,bybit
2026-05-18 12:50:00+00:00,85.58,85.61,85.48,85.5,4913.3961,420190.508672,SOLUSDT,bybit
2026-05-18 12:55:00+00:00,85.5,85.6,85.45,85.56,710.8862,60805.282477,SOLUSDT,bybit
2026-05-18 13:00:00+00:00,85.56,85.57,85.27,85.32,1719.0255,146775.562573,SOLUSDT,bybit
2026-05-18 13:05:00+00:00,85.32,85.36,85.25,85.27,1395.8817,119057.514587,SOLUSDT,bybit
2026-05-18 13:10:00+00:00,85.27,85.39,85.24,85.37,837.8444,71488.964428,SOLUSDT,bybit
2026-05-18 13:15:00+00:00,85.37,85.38,85.23,85.29,874.7841,74594.273752,SOLUSDT,bybit
2026-05-18 13:20:00+00:00,85.29,85.31,85.23,85.26,829.7246,70732.933662,SOLUSDT,bybit
2026-05-18 13:25:00+00:00,85.26,85.31,85.13,85.14,1179.4347,100472.921996,SOLUSDT,bybit
2026-05-18 13:30:00+00:00,85.14,85.14,84.72,84.84,9950.5355,844197.341565,SOLUSDT,bybit
2026-05-18 13:35:00+00:00,84.84,84.95,84.32,84.68,7293.9097,616631.3816,SOLUSDT,bybit
2026-05-18 13:40:00+00:00,84.68,84.96,84.42,84.59,3405.4895,288397.263795,SOLUSDT,bybit
2026-05-18 13:45:00+00:00,84.59,84.91,84.45,84.74,2529.7663,214284.953265,SOLUSDT,bybit
2026-05-18 13:50:00+00:00,84.74,85.0,84.72,84.89,2298.808,194999.428228,SOLUSDT,bybit
2026-05-18 13:55:00+00:00,84.89,84.94,84.62,84.69,1580.8641,134044.420854,SOLUSDT,bybit
2026-05-18 14:00:00+00:00,84.69,84.69,84.4,84.63,2228.7454,188422.853129,SOLUSDT,bybit
2026-05-18 14:05:00+00:00,84.63,84.66,84.41,84.6,4206.8974,355544.192119,SOLUSDT,bybit
2026-05-18 14:10:00+00:00,84.6,84.61,84.34,84.43,1550.4859,130978.451157,SOLUSDT,bybit
2026-05-18 14:15:00+00:00,84.43,84.52,84.02,84.29,7690.6064,647603.443609,SOLUSDT,bybit
2026-05-18 14:20:00+00:00,84.29,84.43,84.23,84.31,9636.9687,812960.159717,SOLUSDT,bybit
2026-05-18 14:25:00+00:00,84.31,84.43,84.19,84.22,1224.8809,103290.714217,SOLUSDT,bybit
2026-05-18 14:30:00+00:00,84.22,84.32,83.83,83.9,8798.4853,739262.780643,SOLUSDT,bybit
2026-05-18 14:35:00+00:00,83.9,84.24,83.75,84.16,4616.5229,387473.364832,SOLUSDT,bybit
2026-05-18 14:40:00+00:00,84.16,84.21,84.03,84.05,1046.7912,88028.209867,SOLUSDT,bybit
2026-05-18 14:45:00+00:00,84.05,84.05,83.72,83.93,3200.3628,268411.490238,SOLUSDT,bybit
2026-05-18 14:50:00+00:00,83.93,84.1,83.87,83.87,810.766,68102.310003,SOLUSDT,bybit
2026-05-18 14:55:00+00:00,83.87,83.98,83.8,83.98,1877.9201,157573.274842,SOLUSDT,bybit
2026-05-18 15:00:00+00:00,83.98,84.01,83.6,83.7,5884.8151,493235.141488,SOLUSDT,bybit
2026-05-18 15:05:00+00:00,83.7,83.9,83.63,83.74,1705.6121,142823.455272,SOLUSDT,bybit
2026-05-18 15:10:00+00:00,83.74,84.05,83.74,83.94,1951.0255,163748.978294,SOLUSDT,bybit
2026-05-18 15:15:00+00:00,83.94,83.97,83.7,83.74,1138.1005,95404.112591,SOLUSDT,bybit
2026-05-18 15:20:00+00:00,83.74,83.86,83.72,83.82,1340.4217,112308.188866,SOLUSDT,bybit
2026-05-18 15:25:00+00:00,83.82,83.98,83.72,83.73,1770.7201,148469.216168,SOLUSDT,bybit
2026-05-18 15:30:00+00:00,83.73,83.98,83.64,83.98,1379.2051,115624.603829,SOLUSDT,bybit
2026-05-18 15:35:00+00:00,83.98,84.12,83.97,83.98,1374.0299,115486.782546,SOLUSDT,bybit
2026-05-18 15:40:00+00:00,83.98,84.19,83.98,84.15,1012.6696,85186.167107,SOLUSDT,bybit
2026-05-18 15:45:00+00:00,84.15,84.2,84.11,84.12,922.7396,77654.847929,SOLUSDT,bybit
2026-05-18 15:50:00+00:00,84.12,84.31,84.1,84.29,2033.4891,171155.946026,SOLUSDT,bybit
2026-05-18 15:55:00+00:00,84.29,84.39,84.17,84.18,1199.6146,101108.794142,SOLUSDT,bybit
2026-05-18 16:00:00+00:00,84.18,84.27,84.09,84.13,1034.8744,87108.836374,SOLUSDT,bybit
2026-05-18 16:05:00+00:00,84.13,84.2,84.08,84.16,699.3139,58837.876442,SOLUSDT,bybit
2026-05-18 16:10:00+00:00,84.16,84.44,84.15,84.37,3672.6682,309855.016429,SOLUSDT,bybit
2026-05-18 16:15:00+00:00,84.37,84.48,84.35,84.4,1268.8134,107104.782557,SOLUSDT,bybit
2026-05-18 16:20:00+00:00,84.4,84.5,84.17,84.27,2552.4745,215253.845311,SOLUSDT,bybit
2026-05-18 16:25:00+00:00,84.27,84.28,84.01,84.08,1524.1235,128199.511178,SOLUSDT,bybit
2026-05-18 16:30:00+00:00,84.08,84.23,83.98,84.18,2045.2052,172020.439434,SOLUSDT,bybit
2026-05-18 16:35:00+00:00,84.18,84.39,84.18,84.3,843.7951,71129.842365,SOLUSDT,bybit
2026-05-18 16:40:00+00:00,84.3,84.35,84.23,84.33,442.813,37327.453048,SOLUSDT,bybit
2026-05-18 16:45:00+00:00,84.33,84.48,84.31,84.34,1733.6388,146310.730543,SOLUSDT,bybit
2026-05-18 16:50:00+00:00,84.34,84.45,84.3,84.42,550.1623,46435.465876,SOLUSDT,bybit
2026-05-18 16:55:00+00:00,84.42,84.5,84.32,84.32,1387.2194,117103.097881,SOLUSDT,bybit
2026-05-18 17:00:00+00:00,84.32,84.5,84.25,84.5,3131.4583,264412.380076,SOLUSDT,bybit
2026-05-18 17:05:00+00:00,84.5,84.7,84.45,84.51,2708.1492,228969.280841,SOLUSDT,bybit
2026-05-18 17:10:00+00:00,84.51,84.54,84.34,84.4,2464.3701,208236.868484,SOLUSDT,bybit
2026-05-18 17:15:00+00:00,84.4,84.57,84.4,84.53,1523.0443,128714.114844,SOLUSDT,bybit
2026-05-18 17:20:00+00:00,84.53,84.54,84.4,84.48,944.9692,79807.179119,SOLUSDT,bybit
2026-05-18 17:25:00+00:00,84.48,84.49,84.4,84.44,473.3166,39964.422868,SOLUSDT,bybit
2026-05-18 17:30:00+00:00,84.44,84.47,84.32,84.34,631.6007,53302.99709,SOLUSDT,bybit
2026-05-18 17:35:00+00:00,84.34,84.36,84.27,84.33,510.6489,43062.232825,SOLUSDT,bybit
2026-05-18 17:40:00+00:00,84.33,84.44,84.3,84.37,430.7554,36335.533776,SOLUSDT,bybit
2026-05-18 17:45:00+00:00,84.37,84.46,84.31,84.35,733.3791,61880.590787,SOLUSDT,bybit
2026-05-18 17:50:00+00:00,84.35,84.46,84.35,84.37,1324.4274,111813.1838,SOLUSDT,bybit
2026-05-18 17:55:00+00:00,84.37,84.42,84.32,84.41,606.3348,51155.161644,SOLUSDT,bybit
2026-05-18 18:00:00+00:00,84.41,84.43,84.19,84.21,1042.9404,87918.217679,SOLUSDT,bybit
2026-05-18 18:05:00+00:00,84.21,84.21,84.01,84.1,941.1261,79130.918067,SOLUSDT,bybit
2026-05-18 18:10:00+00:00,84.1,84.1,83.98,84.02,776.6636,65268.156686,SOLUSDT,bybit
2026-05-18 18:15:00+00:00,84.02,84.02,83.77,83.83,1929.2884,161856.930448,SOLUSDT,bybit
2026-05-18 18:20:00+00:00,83.83,83.86,83.7,83.84,898.8961,75329.420079,SOLUSDT,bybit
2026-05-18 18:25:00+00:00,83.84,83.86,83.49,83.82,5491.8523,459267.847398,SOLUSDT,bybit
2026-05-18 18:30:00+00:00,83.82,83.95,83.77,83.9,352.2961,29537.080024,SOLUSDT,bybit
2026-05-18 18:35:00+00:00,83.9,83.97,83.79,83.82,863.7502,72482.216676,SOLUSDT,bybit
2026-05-18 18:40:00+00:00,83.82,83.94,83.8,83.88,1224.1395,102674.798279,SOLUSDT,bybit
2026-05-18 18:45:00+00:00,83.88,83.96,83.78,83.82,1127.4019,94546.054064,SOLUSDT,bybit
2026-05-18 18:50:00+00:00,83.82,83.87,83.7,83.71,1130.412,94742.171444,SOLUSDT,bybit
2026-05-18 18:55:00+00:00,83.71,83.84,83.51,83.53,3306.9512,276518.566208,SOLUSDT,bybit
2026-05-18 19:00:00+00:00,83.53,84.96,83.51,84.66,18646.7417,1576573.725096,SOLUSDT,bybit
2026-05-18 19:05:00+00:00,84.66,84.8,84.3,84.6,4804.8605,406106.352136,SOLUSDT,bybit
2026-05-18 19:10:00+00:00,84.6,84.73,84.54,84.6,8182.4569,692107.85508,SOLUSDT,bybit
2026-05-18 19:15:00+00:00,84.6,84.68,84.47,84.54,2357.6122,199426.299399,SOLUSDT,bybit
2026-05-18 19:20:00+00:00,84.54,84.69,84.46,84.46,1606.2822,135814.052704,SOLUSDT,bybit
2026-05-18 19:25:00+00:00,84.46,84.54,84.34,84.48,3031.7781,255932.941891,SOLUSDT,bybit
2026-05-18 19:30:00+00:00,84.48,84.66,84.44,84.54,2039.8605,172511.311848,SOLUSDT,bybit
2026-05-18 19:35:00+00:00,84.54,84.76,84.54,84.68,4155.8882,352057.913941,SOLUSDT,bybit
2026-05-18 19:40:00+00:00,84.68,84.97,84.68,84.91,3217.5308,272842.078853,SOLUSDT,bybit
2026-05-18 19:45:00+00:00,84.91,85.03,84.87,84.95,5308.5105,450982.342679,SOLUSDT,bybit
2026-05-18 19:50:00+00:00,84.95,85.25,84.94,85.06,1991.2917,169437.10963,SOLUSDT,bybit
2026-05-18 19:55:00+00:00,85.06,85.16,84.99,85.01,4029.9127,342799.979445,SOLUSDT,bybit
2026-05-18 20:00:00+00:00,85.01,85.25,85.01,85.07,2566.7874,218554.983922,SOLUSDT,bybit
2026-05-18 20:05:00+00:00,85.07,85.17,85.01,85.13,1130.9813,96241.921381,SOLUSDT,bybit
2026-05-18 20:10:00+00:00,85.13,85.45,85.13,85.25,13445.616,1147586.90544,SOLUSDT,bybit
2026-05-18 20:15:00+00:00,85.25,85.39,85.25,85.31,2125.9159,181401.819874,SOLUSDT,bybit
2026-05-18 20:20:00+00:00,85.31,85.37,85.23,85.37,3415.787,291357.110866,SOLUSDT,bybit
2026-05-18 20:25:00+00:00,85.37,85.4,85.33,85.37,1385.9767,118315.222548,SOLUSDT,bybit
2026-05-18 20:30:00+00:00,85.37,85.43,85.24,85.25,1630.9014,139116.310527,SOLUSDT,bybit
2026-05-18 20:35:00+00:00,85.25,85.28,85.14,85.14,2392.7281,203896.971546,SOLUSDT,bybit
2026-05-18 20:40:00+00:00,85.14,85.15,85.02,85.07,2657.6641,226070.416442,SOLUSDT,bybit
2026-05-18 20:45:00+00:00,85.07,85.07,84.89,84.92,3227.9123,274346.402703,SOLUSDT,bybit
2026-05-18 20:50:00+00:00,84.92,84.97,84.84,84.96,773.5669,65668.451951,SOLUSDT,bybit
2026-05-18 20:55:00+00:00,84.96,85.02,84.89,84.93,1351.3215,114786.873144,SOLUSDT,bybit
2026-05-18 21:00:00+00:00,84.93,84.97,84.8,84.88,1181.2055,100273.86263,SOLUSDT,bybit
2026-05-18 21:05:00+00:00,84.88,84.9,84.81,84.87,722.405,61302.505398,SOLUSDT,bybit
2026-05-18 21:10:00+00:00,84.87,85.17,84.82,85.08,1630.8752,138662.358694,SOLUSDT,bybit
2026-05-18 21:15:00+00:00,85.08,85.16,85.06,85.14,465.2289,39600.147313,SOLUSDT,bybit
2026-05-18 21:20:00+00:00,85.14,85.23,85.12,85.15,2457.0021,209357.773175,SOLUSDT,bybit
2026-05-18 21:25:00+00:00,85.15,85.38,85.13,85.31,2772.9458,236393.597559,SOLUSDT,bybit
2026-05-18 21:30:00+00:00,85.31,85.68,85.31,85.48,3197.2098,273437.255167,SOLUSDT,bybit
2026-05-18 21:35:00+00:00,85.48,85.54,85.43,85.51,2782.0984,237815.307692,SOLUSDT,bybit
2026-05-18 21:40:00+00:00,85.51,85.58,85.45,85.55,2236.2747,191255.743486,SOLUSDT,bybit
2026-05-18 21:45:00+00:00,85.55,85.56,85.45,85.49,1058.4908,90540.675934,SOLUSDT,bybit
2026-05-18 21:50:00+00:00,85.49,85.6,85.48,85.58,1050.7404,89892.98046,SOLUSDT,bybit
2026-05-18 21:55:00+00:00,85.58,85.61,85.57,85.59,672.5361,57561.938171,SOLUSDT,bybit
2026-05-18 22:00:00+00:00,85.59,85.64,85.46,85.51,2470.8672,211347.805344,SOLUSDT,bybit
2026-05-18 22:05:00+00:00,85.51,85.68,85.5,85.59,726.3038,62172.222189,SOLUSDT,bybit
2026-05-18 22:10:00+00:00,85.59,85.65,85.53,85.62,4482.6582,383557.339939,SOLUSDT,bybit
2026-05-18 22:15:00+00:00,85.62,85.78,85.58,85.7,1301.117,111483.206275,SOLUSDT,bybit
2026-05-18 22:20:00+00:00,85.7,85.74,85.63,85.68,757.3442,64898.449051,SOLUSDT,bybit
2026-05-18 22:25:00+00:00,85.68,85.68,85.55,85.56,1592.0134,136355.650749,SOLUSDT,bybit
2026-05-18 22:30:00+00:00,85.56,85.61,85.52,85.53,388.0977,33210.294123,SOLUSDT,bybit
2026-05-18 22:35:00+00:00,85.53,85.59,85.53,85.54,436.9537,37385.138657,SOLUSDT,bybit
2026-05-18 22:40:00+00:00,85.54,85.55,85.35,85.4,940.9041,80395.549309,SOLUSDT,bybit
2026-05-18 22:45:00+00:00,85.4,85.41,85.29,85.32,781.0928,66642.682255,SOLUSDT,bybit
2026-05-18 22:50:00+00:00,85.32,85.39,85.28,85.36,1000.3802,85353.903013,SOLUSDT,bybit
2026-05-18 22:55:00+00:00,85.36,85.47,85.34,85.46,396.4119,33846.899251,SOLUSDT,bybit
2026-05-18 23:00:00+00:00,85.46,85.64,85.45,85.56,382.6775,32742.868366,SOLUSDT,bybit
2026-05-18 23:05:00+00:00,85.56,85.56,85.44,85.54,298.9006,25552.041218,SOLUSDT,bybit
2026-05-18 23:10:00+00:00,85.54,85.56,85.46,85.46,543.456,46464.65131,SOLUSDT,bybit
2026-05-18 23:15:00+00:00,85.46,85.47,85.4,85.41,276.1056,23590.060908,SOLUSDT,bybit
2026-05-18 23:20:00+00:00,85.41,85.51,85.38,85.49,285.0952,24364.301576,SOLUSDT,bybit
2026-05-18 23:25:00+00:00,85.49,85.51,85.45,85.47,298.6263,25528.132014,SOLUSDT,bybit
2026-05-18 23:30:00+00:00,85.47,85.47,85.37,85.4,185.3106,15828.061686,SOLUSDT,bybit
2026-05-18 23:35:00+00:00,85.4,85.5,85.38,85.5,275.5596,23544.720278,SOLUSDT,bybit
2026-05-18 23:40:00+00:00,85.5,85.56,85.46,85.55,1553.9138,132821.404362,SOLUSDT,bybit
2026-05-18 23:45:00+00:00,85.55,85.55,85.35,85.4,1723.5699,147181.361475,SOLUSDT,bybit
2026-05-18 23:50:00+00:00,85.4,85.4,85.27,85.3,507.0175,43275.894368,SOLUSDT,bybit
2026-05-18 23:55:00+00:00,85.3,85.38,85.28,85.37,277.4867,23679.71419,SOLUSDT,bybit
2026-05-19 00:00:00+00:00,85.37,85.46,85.33,85.35,370.5943,31643.955206,SOLUSDT,bybit
2026-05-19 00:05:00+00:00,85.35,85.47,85.32,85.46,1189.5807,101616.480937,SOLUSDT,bybit
2026-05-19 00:10:00+00:00,85.46,85.61,85.46,85.53,817.7883,69956.771853,SOLUSDT,bybit
2026-05-19 00:15:00+00:00,85.53,85.63,85.49,85.63,640.0717,54739.760378,SOLUSDT,bybit
2026-05-19 00:20:00+00:00,85.63,85.96,85.62,85.79,2925.2089,251090.162757,SOLUSDT,bybit
2026-05-19 00:25:00+00:00,85.79,85.86,85.77,85.8,764.2342,65577.615095,SOLUSDT,bybit
2026-05-19 00:30:00+00:00,85.8,85.86,85.73,85.74,328.511,28186.957285,SOLUSDT,bybit
2026-05-19 00:35:00+00:00,85.74,85.81,85.64,85.65,560.5967,48057.80719,SOLUSDT,bybit
2026-05-19 00:40:00+00:00,85.65,85.66,85.58,85.65,226.0456,19353.495062,SOLUSDT,bybit
2026-05-19 00:45:00+00:00,85.65,85.7,85.61,85.7,339.556,29081.177701,SOLUSDT,bybit
2026-05-19 00:50:00+00:00,85.7,85.8,85.59,85.6,526.7093,45127.869649,SOLUSDT,bybit
2026-05-19 00:55:00+00:00,85.6,85.65,85.57,85.57,103.001,8818.099586,SOLUSDT,bybit
2026-05-19 01:00:00+00:00,85.57,85.58,85.43,85.5,464.1601,39686.944875,SOLUSDT,bybit
2026-05-19 01:05:00+00:00,85.5,85.6,85.49,85.54,232.5082,19891.60446,SOLUSDT,bybit
2026-05-19 01:10:00+00:00,85.54,85.57,85.46,85.5,206.1292,17629.852431,SOLUSDT,bybit
2026-05-19 01:15:00+00:00,85.5,85.52,85.31,85.37,908.5608,77564.927977,SOLUSDT,bybit
2026-05-19 01:20:00+00:00,85.37,85.38,85.21,85.24,773.7236,65973.999115,SOLUSDT,bybit
2026-05-19 01:25:00+00:00,85.24,85.24,85.04,85.09,1367.0235,116318.405829,SOLUSDT,bybit
2026-05-19 01:30:00+00:00,85.09,85.26,85.01,85.26,862.2363,73417.690995,SOLUSDT,bybit
2026-05-19 01:35:00+00:00,85.26,85.34,85.18,85.18,566.4915,48300.06624,SOLUSDT,bybit
2026-05-19 01:40:00+00:00,85.18,85.29,85.14,85.23,272.5469,23218.412792,SOLUSDT,bybit
2026-05-19 01:45:00+00:00,85.23,85.24,85.01,85.02,270.7495,23051.905884,SOLUSDT,bybit
2026-05-19 01:50:00+00:00,85.02,85.09,85.0,85.02,232.064,19736.409625,SOLUSDT,bybit
2026-05-19 01:55:00+00:00,85.02,85.02,84.91,84.91,1018.7952,86548.635975,SOLUSDT,bybit
2026-05-19 02:00:00+00:00,84.91,84.99,84.61,84.71,8454.7147,716383.730317,SOLUSDT,bybit
2026-05-19 02:05:00+00:00,84.71,84.83,84.67,84.74,398.2851,33764.11738,SOLUSDT,bybit
2026-05-19 02:10:00+00:00,84.74,84.88,84.74,84.88,851.7005,72216.570577,SOLUSDT,bybit
2026-05-19 02:15:00+00:00,84.88,84.96,84.76,84.92,3340.2977,283662.476866,SOLUSDT,bybit
2026-05-19 02:20:00+00:00,84.92,85.28,84.92,85.27,563.458,47948.651153,SOLUSDT,bybit
2026-05-19 02:25:00+00:00,85.27,85.27,85.11,85.11,1056.3693,90025.231374,SOLUSDT,bybit
2026-05-19 02:30:00+00:00,85.11,85.11,84.97,84.97,651.6584,55420.257415,SOLUSDT,bybit
2026-05-19 02:35:00+00:00,84.97,85.0,84.89,84.96,387.938,32956.462753,SOLUSDT,bybit
2026-05-19 02:40:00+00:00,84.96,84.98,84.9,84.93,533.0115,45272.969449,SOLUSDT,bybit
2026-05-19 02:45:00+00:00,84.93,85.04,84.9,84.97,304.6763,25887.363256,SOLUSDT,bybit
2026-05-19 02:50:00+00:00,84.97,84.98,84.82,84.84,477.0843,40491.627704,SOLUSDT,bybit
2026-05-19 02:55:00+00:00,84.84,84.87,84.79,84.86,237.4822,20144.217228,SOLUSDT,bybit
2026-05-19 03:00:00+00:00,84.86,84.86,84.73,84.83,262.0361,22217.246671,SOLUSDT,bybit
2026-05-19 03:05:00+00:00,84.83,84.94,84.79,84.94,229.3714,19466.995012,SOLUSDT,bybit
2026-05-19 03:10:00+00:00,84.94,85.01,84.9,85.0,272.7492,23167.986836,SOLUSDT,bybit
2026-05-19 03:15:00+00:00,85.0,85.15,84.99,85.01,692.5367,58899.984249,SOLUSDT,bybit
2026-05-19 03:20:00+00:00,85.01,85.05,84.96,84.98,569.6491,48423.261544,SOLUSDT,bybit
2026-05-19 03:25:00+00:00,84.98,85.05,84.98,85.02,601.8691,51168.774927,SOLUSDT,bybit
2026-05-19 03:30:00+00:00,85.02,85.13,85.02,85.12,153.0697,13021.339393,SOLUSDT,bybit
2026-05-19 03:35:00+00:00,85.12,85.19,85.09,85.16,424.6193,36160.493081,SOLUSDT,bybit
2026-05-19 03:40:00+00:00,85.16,85.22,85.12,85.21,289.0319,24613.52032,SOLUSDT,bybit
2026-05-19 03:45:00+00:00,85.21,85.23,85.15,85.19,223.4423,19035.440192,SOLUSDT,bybit
2026-05-19 03:50:00+00:00,85.19,85.23,85.12,85.13,180.8091,15403.125808,SOLUSDT,bybit
2026-05-19 03:55:00+00:00,85.13,85.16,85.03,85.07,673.7732,57318.505924,SOLUSDT,bybit
2026-05-19 04:00:00+00:00,85.07,85.15,84.99,85.14,686.8514,58413.731589,SOLUSDT,bybit
2026-05-19 04:05:00+00:00,85.14,85.23,85.08,85.23,153.367,13059.255065,SOLUSDT,bybit
2026-05-19 04:10:00+00:00,85.23,85.31,85.23,85.25,159.848,13627.869685,SOLUSDT,bybit
2026-05-19 04:15:00+00:00,85.25,85.25,85.11,85.11,475.6695,40516.450679,SOLUSDT,bybit
2026-05-19 04:20:00+00:00,85.11,85.2,84.94,84.99,1564.2748,133039.915135,SOLUSDT,bybit
2026-05-19 04:25:00+00:00,84.99,85.0,84.79,84.83,834.972,70854.450483,SOLUSDT,bybit
2026-05-19 04:30:00+00:00,84.83,84.97,84.8,84.95,812.5575,68964.884498,SOLUSDT,bybit
2026-05-19 04:35:00+00:00,84.95,85.13,84.95,85.1,849.0279,72214.411437,SOLUSDT,bybit
2026-05-19 04:40:00+00:00,85.1,85.19,85.1,85.12,995.8326,84779.715356,SOLUSDT,bybit
2026-05-19 04:45:00+00:00,85.12,85.24,85.08,85.23,1410.7441,120102.790091,SOLUSDT,bybit
2026-05-19 04:50:00+00:00,85.23,85.24,85.19,85.21,469.8482,40036.526457,SOLUSDT,bybit
2026-05-19 04:55:00+00:00,85.21,85.23,85.15,85.16,391.4024,33342.606495,SOLUSDT,bybit
2026-05-19 05:00:00+00:00,85.16,85.19,85.06,85.13,1209.9321,103003.420462,SOLUSDT,bybit
2026-05-19 05:05:00+00:00,85.13,85.13,85.01,85.1,1654.7889,140793.175197,SOLUSDT,bybit
2026-05-19 05:10:00+00:00,85.1,85.11,84.93,84.98,794.1116,67505.696558,SOLUSDT,bybit
2026-05-19 05:15:00+00:00,84.98,84.98,84.7,84.7,2541.2972,215382.812885,SOLUSDT,bybit
2026-05-19 05:20:00+00:00,84.7,84.75,84.5,84.5,2883.2278,244021.231359,SOLUSDT,bybit
2026-05-19 05:25:00+00:00,84.5,84.86,84.48,84.84,3884.5464,329066.851779,SOLUSDT,bybit
2026-05-19 05:30:00+00:00,84.84,85.01,84.78,84.96,1142.0986,96997.924843,SOLUSDT,bybit
2026-05-19 05:35:00+00:00,84.96,85.19,84.95,85.13,488.5891,41591.409279,SOLUSDT,bybit
2026-05-19 05:40:00+00:00,85.13,85.27,85.12,85.13,2671.3418,227645.815567,SOLUSDT,bybit
2026-05-19 05:45:00+00:00,85.13,85.28,85.1,85.26,882.2714,75124.387711,SOLUSDT,bybit
2026-05-19 05:50:00+00:00,85.26,85.29,85.19,85.22,1133.7352,96643.613727,SOLUSDT,bybit
2026-05-19 05:55:00+00:00,85.22,85.24,85.16,85.18,728.9926,62116.234941,SOLUSDT,bybit
2026-05-19 06:00:00+00:00,85.18,85.24,85.11,85.24,354.5604,30197.959679,SOLUSDT,bybit
2026-05-19 06:05:00+00:00,85.24,85.26,85.16,85.22,447.4018,38127.181311,SOLUSDT,bybit
2026-05-19 06:10:00+00:00,85.22,85.3,85.18,85.27,373.2866,31814.618176,SOLUSDT,bybit
2026-05-19 06:15:00+00:00,85.27,85.31,85.16,85.23,347.2748,29610.965586,SOLUSDT,bybit
2026-05-19 06:20:00+00:00,85.23,85.3,85.22,85.24,146.1697,12461.560768,SOLUSDT,bybit
2026-05-19 06:25:00+00:00,85.24,85.4,85.24,85.3,1853.2452,158143.061465,SOLUSDT,bybit
2026-05-19 06:30:00+00:00,85.3,85.42,85.28,85.4,1606.6716,137193.243728,SOLUSDT,bybit
2026-05-19 06:35:00+00:00,85.4,85.49,85.3,85.49,906.9951,77487.515849,SOLUSDT,bybit
2026-05-19 06:40:00+00:00,85.49,85.6,85.46,85.57,2857.5283,244345.48816,SOLUSDT,bybit
2026-05-19 06:45:00+00:00,85.57,85.58,85.27,85.29,4843.6241,413640.292845,SOLUSDT,bybit
2026-05-19 06:50:00+00:00,85.29,85.35,85.25,85.26,1232.8217,105144.456635,SOLUSDT,bybit
2026-05-19 06:55:00+00:00,85.26,85.34,85.25,85.27,3158.1907,269424.031963,SOLUSDT,bybit
2026-05-19 07:00:00+00:00,85.27,85.27,85.14,85.21,1256.4359,107025.55943,SOLUSDT,bybit
2026-05-19 07:05:00+00:00,85.21,85.49,85.18,85.37,873.9961,74596.056897,SOLUSDT,bybit
2026-05-19 07:10:00+00:00,85.37,85.41,85.29,85.39,323.3097,27596.888871,SOLUSDT,bybit
2026-05-19 07:15:00+00:00,85.39,85.45,85.31,85.44,567.0852,48405.890682,SOLUSDT,bybit
2026-05-19 07:20:00+00:00,85.44,85.49,85.36,85.36,540.4424,46165.698942,SOLUSDT,bybit
2026-05-19 07:25:00+00:00,85.36,85.37,85.3,85.35,588.3702,50205.711783,SOLUSDT,bybit
2026-05-19 07:30:00+00:00,85.35,85.44,85.32,85.42,357.6253,30536.217059,SOLUSDT,bybit
2026-05-19 07:35:00+00:00,85.42,85.56,85.39,85.48,568.2598,48561.759737,SOLUSDT,bybit
2026-05-19 07:40:00+00:00,85.48,85.56,85.44,85.49,3781.4782,323450.463573,SOLUSDT,bybit
2026-05-19 07:45:00+00:00,85.49,85.6,85.45,85.54,1129.5949,96603.481299,SOLUSDT,bybit
2026-05-19 07:50:00+00:00,85.54,85.63,85.45,85.48,1099.6755,94108.515363,SOLUSDT,bybit
2026-05-19 07:55:00+00:00,85.48,85.53,85.45,85.49,424.5727,36298.684574,SOLUSDT,bybit
2026-05-19 08:00:00+00:00,85.49,85.51,85.31,85.34,9198.6985,785566.258905,SOLUSDT,bybit
2026-05-19 08:05:00+00:00,85.34,85.34,85.14,85.16,2584.7292,220256.349897,SOLUSDT,bybit
2026-05-19 08:10:00+00:00,85.16,85.19,85.04,85.18,2907.5707,247465.715922,SOLUSDT,bybit
2026-05-19 08:15:00+00:00,85.18,85.39,85.12,85.29,14656.0132,1249820.178012,SOLUSDT,bybit
2026-05-19 08:20:00+00:00,85.29,85.35,85.15,85.2,536.8139,45768.888472,SOLUSDT,bybit
2026-05-19 08:25:00+00:00,85.2,85.24,85.05,85.23,2409.5876,205123.172868,SOLUSDT,bybit
2026-05-19 08:30:00+00:00,85.23,85.37,85.18,85.34,3273.4227,278986.19534,SOLUSDT,bybit
2026-05-19 08:35:00+00:00,85.34,85.4,85.31,85.39,338.0887,28858.26278,SOLUSDT,bybit
2026-05-19 08:40:00+00:00,85.39,85.6,85.39,85.39,5796.634,495570.702112,SOLUSDT,bybit
2026-05-19 08:45:00+00:00,85.39,85.47,85.38,85.39,2341.0237,199909.364174,SOLUSDT,bybit
2026-05-19 08:50:00+00:00,85.39,85.42,85.34,85.37,787.7179,67262.079505,SOLUSDT,bybit
2026-05-19 08:55:00+00:00,85.37,85.37,85.24,85.24,330.3981,28189.619029,SOLUSDT,bybit
2026-05-19 09:00:00+00:00,85.24,85.3,85.14,85.25,673.0769,57355.958082,SOLUSDT,bybit
2026-05-19 09:05:00+00:00,85.25,85.26,85.18,85.25,184.3586,15712.767576,SOLUSDT,bybit
2026-05-19 09:10:00+00:00,85.25,85.27,85.18,85.22,177.0463,15089.619142,SOLUSDT,bybit
2026-05-19 09:15:00+00:00,85.22,85.22,85.03,85.03,850.5752,72368.293406,SOLUSDT,bybit
2026-05-19 09:20:00+00:00,85.03,85.04,84.89,84.93,785.1012,66711.119169,SOLUSDT,bybit
2026-05-19 09:25:00+00:00,84.93,84.96,84.57,84.59,6371.4206,539570.706998,SOLUSDT,bybit
2026-05-19 09:30:00+00:00,84.59,84.74,84.48,84.58,17856.9696,1512423.969447,SOLUSDT,bybit
2026-05-19 09:35:00+00:00,84.58,84.7,84.57,84.7,2494.7485,211081.12326,SOLUSDT,bybit
2026-05-19 09:40:00+00:00,84.7,84.77,84.67,84.73,380.2162,32209.142189,SOLUSDT,bybit
2026-05-19 09:45:00+00:00,84.73,84.78,84.61,84.77,968.1881,81986.258039,SOLUSDT,bybit
2026-05-19 09:50:00+00:00,84.77,84.82,84.67,84.75,1090.973,92427.857381,SOLUSDT,bybit
2026-05-19 09:55:00+00:00,84.75,84.82,84.75,84.76,400.6818,33970.139452,SOLUSDT,bybit
2026-05-19 10:00:00+00:00,84.76,84.76,84.62,84.66,1826.2704,154677.869365,SOLUSDT,bybit
2026-05-19 10:05:00+00:00,84.66,84.78,84.61,84.71,310.7561,26319.979497,SOLUSDT,bybit
2026-05-19 10:10:00+00:00,84.71,84.74,84.64,84.69,220.7919,18699.17838,SOLUSDT,bybit
2026-05-19 10:15:00+00:00,84.69,84.69,84.57,84.59,521.2137,44102.959386,SOLUSDT,bybit
2026-05-19 10:20:00+00:00,84.59,84.66,84.55,84.61,509.8218,43125.063744,SOLUSDT,bybit
2026-05-19 10:25:00+00:00,84.61,84.67,84.61,84.66,447.2259,37857.195148,SOLUSDT,bybit
2026-05-19 10:30:00+00:00,84.66,84.87,84.66,84.8,7663.2237,649859.349229,SOLUSDT,bybit
2026-05-19 10:35:00+00:00,84.8,84.82,84.5,84.69,2688.4473,227760.244821,SOLUSDT,bybit
2026-05-19 10:40:00+00:00,84.69,84.69,84.42,84.43,841.2947,71108.940302,SOLUSDT,bybit
2026-05-19 10:45:00+00:00,84.43,84.59,84.3,84.54,1981.7966,167404.915702,SOLUSDT,bybit
2026-05-19 10:50:00+00:00,84.54,84.65,84.54,84.62,437.5288,37020.198837,SOLUSDT,bybit
2026-05-19 10:55:00+00:00,84.62,84.81,84.62,84.71,714.8439,60567.26312,SOLUSDT,bybit
2026-05-19 11:00:00+00:00,84.71,84.75,84.67,84.67,5158.0087,436988.605496,SOLUSDT,bybit
2026-05-19 11:05:00+00:00,84.67,84.82,84.66,84.8,6172.1942,522852.67365,SOLUSDT,bybit
2026-05-19 11:10:00+00:00,84.8,84.8,84.66,84.71,2025.058,171527.664371,SOLUSDT,bybit
2026-05-19 11:15:00+00:00,84.71,84.76,84.64,84.65,594.3471,50337.562983,SOLUSDT,bybit
2026-05-19 11:20:00+00:00,84.65,84.65,84.49,84.51,559.8927,47343.786622,SOLUSDT,bybit
2026-05-19 11:25:00+00:00,84.51,84.59,84.47,84.58,2060.373,174097.883773,SOLUSDT,bybit
2026-05-19 11:30:00+00:00,84.58,84.61,84.54,84.58,215.7471,18246.99859,SOLUSDT,bybit
2026-05-19 11:35:00+00:00,84.58,84.59,84.45,84.45,1986.5166,167861.279128,SOLUSDT,bybit
2026-05-19 11:40:00+00:00,84.45,84.46,84.27,84.27,1533.4798,129368.137695,SOLUSDT,bybit
2026-05-19 11:45:00+00:00,84.27,84.4,84.27,84.4,718.9583,60634.019857,SOLUSDT,bybit
2026-05-19 11:50:00+00:00,84.4,84.51,84.38,84.45,1261.6983,106565.544709,SOLUSDT,bybit
2026-05-19 11:55:00+00:00,84.45,84.49,84.38,84.38,563.7862,47604.027415,SOLUSDT,bybit
2026-05-19 12:00:00+00:00,84.38,84.49,84.28,84.41,389.8705,32892.67782,SOLUSDT,bybit
2026-05-19 12:05:00+00:00,84.41,84.54,84.41,84.53,465.7784,39347.441213,SOLUSDT,bybit
2026-05-19 12:10:00+00:00,84.53,84.57,84.5,84.57,451.1323,38140.384883,SOLUSDT,bybit
2026-05-19 12:15:00+00:00,84.57,84.66,84.54,84.58,1486.0191,125713.046556,SOLUSDT,bybit
2026-05-19 12:20:00+00:00,84.58,84.63,84.57,84.62,289.5242,24495.063422,SOLUSDT,bybit
2026-05-19 12:25:00+00:00,84.62,84.64,84.57,84.61,272.1056,23020.315345,SOLUSDT,bybit
2026-05-19 12:30:00+00:00,84.61,84.72,84.61,84.67,433.5456,36702.525393,SOLUSDT,bybit
2026-05-19 12:35:00+00:00,84.67,84.73,84.67,84.68,239.9104,20318.771141,SOLUSDT,bybit
2026-05-19 12:40:00+00:00,84.68,84.77,84.66,84.75,590.4702,50038.977086,SOLUSDT,bybit
2026-05-19 12:45:00+00:00,84.75,84.78,84.7,84.73,511.4157,43338.009942,SOLUSDT,bybit
2026-05-19 12:50:00+00:00,84.73,84.79,84.71,84.78,505.53,42840.229448,SOLUSDT,bybit
2026-05-19 12:55:00+00:00,84.78,84.78,84.71,84.78,1191.0636,100939.319022,SOLUSDT,bybit
2026-05-19 13:00:00+00:00,84.78,84.91,84.77,84.81,2680.121,227411.624054,SOLUSDT,bybit
2026-05-19 13:05:00+00:00,84.81,84.81,84.57,84.68,811.9395,68732.924972,SOLUSDT,bybit
2026-05-19 13:10:00+00:00,84.68,84.75,84.6,84.72,835.2992,70712.07986,SOLUSDT,bybit
2026-05-19 13:15:00+00:00,84.72,84.72,84.57,84.57,290.0176,24546.336066,SOLUSDT,bybit
2026-05-19 13:20:00+00:00,84.57,84.66,84.41,84.6,1243.4913,105121.390418,SOLUSDT,bybit
2026-05-19 13:25:00+00:00,84.6,84.61,84.38,84.4,980.9303,82841.777405,SOLUSDT,bybit
2026-05-19 13:30:00+00:00,84.4,84.85,84.4,84.83,2503.2943,211546.694439,SOLUSDT,bybit
2026-05-19 13:35:00+00:00,84.83,85.09,84.78,84.88,4158.9478,353095.98942,SOLUSDT,bybit
2026-05-19 13:40:00+00:00,84.88,84.88,84.6,84.61,990.3156,83893.764329,SOLUSDT,bybit
2026-05-19 13:45:00+00:00,84.61,84.91,84.6,84.81,1409.7776,119552.260269,SOLUSDT,bybit
2026-05-19 13:50:00+00:00,84.81,85.0,84.76,85.0,570.5775,48442.143845,SOLUSDT,bybit
2026-05-19 13:55:00+00:00,85.0,85.05,84.77,84.79,599.1002,50887.987916,SOLUSDT,bybit
2026-05-19 14:00:00+00:00,84.79,84.93,84.55,84.93,1494.8038,126625.221867,SOLUSDT,bybit
2026-05-19 14:05:00+00:00,84.93,84.95,84.46,84.51,1333.0396,112789.990514,SOLUSDT,bybit
2026-05-19 14:10:00+00:00,84.51,84.65,84.37,84.38,1164.621,98415.178426,SOLUSDT,bybit
2026-05-19 14:15:00+00:00,84.38,84.43,84.19,84.3,1741.6533,146890.85426,SOLUSDT,bybit
2026-05-19 14:20:00+00:00,84.3,84.33,84.07,84.21,3332.9037,280562.614404,SOLUSDT,bybit
2026-05-19 14:25:00+00:00,84.21,84.43,84.16,84.27,885.8244,74635.648017,SOLUSDT,bybit
2026-05-19 14:30:00+00:00,84.27,84.28,84.05,84.1,1063.3431,89503.700504,SOLUSDT,bybit
2026-05-19 14:35:00+00:00,84.1,84.36,84.1,84.32,1126.8172,94924.054808,SOLUSDT,bybit
2026-05-19 14:40:00+00:00,84.32,84.43,84.23,84.26,589.5367,49727.829881,SOLUSDT,bybit
2026-05-19 14:45:00+00:00,84.26,84.31,83.67,83.94,4915.0889,412593.112052,SOLUSDT,bybit
2026-05-19 14:50:00+00:00,83.94,84.01,83.9,83.99,720.4389,60493.524483,SOLUSDT,bybit
2026-05-19 14:55:00+00:00,83.99,84.19,83.99,84.1,1406.2849,118287.012181,SOLUSDT,bybit
2026-05-19 15:00:00+00:00,84.1,84.36,84.03,84.36,2643.8571,222657.973491,SOLUSDT,bybit
2026-05-19 15:05:00+00:00,84.36,84.36,84.15,84.23,468.8492,39514.987684,SOLUSDT,bybit
2026-05-19 15:10:00+00:00,84.23,84.33,84.21,84.33,293.0679,24693.693641,SOLUSDT,bybit
2026-05-19 15:15:00+00:00,84.33,84.47,84.3,84.3,564.586,47660.63666,SOLUSDT,bybit
2026-05-19 15:20:00+00:00,84.3,84.32,84.06,84.06,442.1087,37229.920463,SOLUSDT,bybit
2026-05-19 15:25:00+00:00,84.06,84.23,84.05,84.22,695.266,58490.605485,SOLUSDT,bybit
2026-05-19 15:30:00+00:00,84.22,84.6,84.22,84.45,1438.5604,121539.609208,SOLUSDT,bybit
2026-05-19 15:35:00+00:00,84.45,84.5,84.34,84.5,413.8534,34947.917195,SOLUSDT,bybit
2026-05-19 15:40:00+00:00,84.5,84.5,84.3,84.32,655.043,55272.442009,SOLUSDT,bybit
2026-05-19 15:45:00+00:00,84.32,84.36,84.24,84.31,443.8361,37428.258327,SOLUSDT,bybit
2026-05-19 15:50:00+00:00,84.31,84.46,84.31,84.31,532.3174,44906.907314,SOLUSDT,bybit
2026-05-19 15:55:00+00:00,84.31,84.37,84.22,84.37,275.467,23215.915179,SOLUSDT,bybit
2026-05-19 16:00:00+00:00,84.37,84.43,84.33,84.34,504.9321,42606.079891,SOLUSDT,bybit
2026-05-19 16:05:00+00:00,84.34,84.34,84.16,84.16,586.1646,49376.462343,SOLUSDT,bybit
2026-05-19 16:10:00+00:00,84.16,84.26,84.14,84.21,355.7471,29944.975709,SOLUSDT,bybit
2026-05-19 16:15:00+00:00,84.21,84.4,84.21,84.31,440.4171,37143.653272,SOLUSDT,bybit
2026-05-19 16:20:00+00:00,84.31,84.37,84.27,84.35,303.0554,25552.996946,SOLUSDT,bybit
2026-05-19 16:25:00+00:00,84.35,84.41,84.34,84.39,548.3921,46272.863331,SOLUSDT,bybit
2026-05-19 16:30:00+00:00,84.39,84.66,84.38,84.66,2315.0139,195545.243715,SOLUSDT,bybit
2026-05-19 16:35:00+00:00,84.66,84.71,84.57,84.63,427.8216,36219.25001,SOLUSDT,bybit
2026-05-19 16:40:00+00:00,84.63,84.74,84.63,84.73,856.8167,72581.331605,SOLUSDT,bybit
2026-05-19 16:45:00+00:00,84.73,84.79,84.72,84.72,642.3095,54438.404666,SOLUSDT,bybit
2026-05-19 16:50:00+00:00,84.72,84.86,84.68,84.83,435.2093,36900.085706,SOLUSDT,bybit
2026-05-19 16:55:00+00:00,84.83,84.91,84.78,84.84,602.2257,51089.464049,SOLUSDT,bybit
2026-05-19 17:00:00+00:00,84.84,84.96,84.83,84.96,699.9782,59427.240411,SOLUSDT,bybit
2026-05-19 17:05:00+00:00,84.96,84.96,84.78,84.79,891.9201,75663.280657,SOLUSDT,bybit
2026-05-19 17:10:00+00:00,84.79,84.82,84.72,84.82,421.97,35768.612309,SOLUSDT,bybit
2026-05-19 17:15:00+00:00,84.82,85.04,84.8,84.94,2841.3646,241316.774811,SOLUSDT,bybit
2026-05-19 17:20:00+00:00,84.94,84.98,84.82,84.83,383.8171,32586.136924,SOLUSDT,bybit
2026-05-19 17:25:00+00:00,84.83,84.84,84.7,84.72,605.6647,51348.028089,SOLUSDT,bybit
2026-05-19 17:30:00+00:00,84.72,84.72,84.56,84.56,501.8265,42471.453993,SOLUSDT,bybit
2026-05-19 17:35:00+00:00,84.56,84.8,84.54,84.79,320.9451,27166.958426,SOLUSDT,bybit
2026-05-19 17:40:00+00:00,84.79,84.83,84.65,84.68,279.4184,23671.616381,SOLUSDT,bybit
2026-05-19 17:45:00+00:00,84.68,84.68,84.46,84.58,388.6149,32857.141291,SOLUSDT,bybit
2026-05-19 17:50:00+00:00,84.58,84.63,84.57,84.6,225.0503,19039.065236,SOLUSDT,bybit
2026-05-19 17:55:00+00:00,84.6,84.7,84.59,84.68,348.0324,29453.395349,SOLUSDT,bybit
2026-05-19 18:00:00+00:00,84.68,84.69,84.58,84.58,430.0737,36406.159713,SOLUSDT,bybit
2026-05-19 18:05:00+00:00,84.58,84.81,84.58,84.76,2372.1813,200969.29577,SOLUSDT,bybit
2026-05-19 18:10:00+00:00,84.76,84.8,84.72,84.75,178.1347,15100.134714,SOLUSDT,bybit
2026-05-19 18:15:00+00:00,84.75,84.75,84.68,84.74,228.2456,19335.390681,SOLUSDT,bybit
2026-05-19 18:20:00+00:00,84.74,84.77,84.51,84.52,1220.8555,103312.942878,SOLUSDT,bybit
2026-05-19 18:25:00+00:00,84.52,84.57,84.4,84.41,436.4986,36869.309011,SOLUSDT,bybit
2026-05-19 18:30:00+00:00,84.41,84.46,84.17,84.4,8625.3693,726699.454858,SOLUSDT,bybit
2026-05-19 18:35:00+00:00,84.4,84.5,84.39,84.49,688.313,58116.255899,SOLUSDT,bybit
2026-05-19 18:40:00+00:00,84.49,84.49,84.41,84.46,152.3482,12865.322348,SOLUSDT,bybit
2026-05-19 18:45:00+00:00,84.46,84.52,84.44,84.5,285.1267,24090.777462,SOLUSDT,bybit
2026-05-19 18:50:00+00:00,84.5,84.53,84.44,84.44,353.1521,29841.303021,SOLUSDT,bybit
2026-05-19 18:55:00+00:00,84.44,84.45,84.31,84.37,509.4502,42981.090699,SOLUSDT,bybit
2026-05-19 19:00:00+00:00,84.37,84.48,84.37,84.42,343.7992,29024.429717,SOLUSDT,bybit
2026-05-19 19:05:00+00:00,84.42,84.64,84.42,84.61,847.848,71664.496209,SOLUSDT,bybit
2026-05-19 19:10:00+00:00,84.61,84.71,84.57,84.71,373.341,31597.82191,SOLUSDT,bybit
2026-05-19 19:15:00+00:00,84.71,84.74,84.53,84.58,512.9528,43387.100456,SOLUSDT,bybit
2026-05-19 19:20:00+00:00,84.58,84.58,84.4,84.4,380.4822,32151.878518,SOLUSDT,bybit
2026-05-19 19:25:00+00:00,84.4,84.42,84.24,84.31,448.9889,37857.960831,SOLUSDT,bybit
2026-05-19 19:30:00+00:00,84.31,84.48,84.22,84.4,1352.8924,114079.248005,SOLUSDT,bybit
2026-05-19 19:35:00+00:00,84.4,84.52,84.4,84.47,376.1008,31760.573894,SOLUSDT,bybit
2026-05-19 19:40:00+00:00,84.47,84.5,84.4,84.47,534.5333,45131.918267,SOLUSDT,bybit
2026-05-19 19:45:00+00:00,84.47,84.5,84.37,84.44,942.7334,79603.489015,SOLUSDT,bybit
2026-05-19 19:50:00+00:00,84.44,84.49,84.32,84.32,666.094,56248.809697,SOLUSDT,bybit
2026-05-19 19:55:00+00:00,84.32,84.39,84.29,84.35,753.5092,63547.863337,SOLUSDT,bybit
2026-05-19 20:00:00+00:00,84.35,84.44,84.31,84.32,499.9556,42174.931731,SOLUSDT,bybit
2026-05-19 20:05:00+00:00,84.32,84.42,84.31,84.42,271.0949,22876.485563,SOLUSDT,bybit
2026-05-19 20:10:00+00:00,84.42,84.51,84.42,84.46,10813.1419,913647.499052,SOLUSDT,bybit
2026-05-19 20:15:00+00:00,84.46,84.52,84.42,84.46,549.036,46382.046758,SOLUSDT,bybit
2026-05-19 20:20:00+00:00,84.46,84.48,84.41,84.42,218.6421,18461.77208,SOLUSDT,bybit
2026-05-19 20:25:00+00:00,84.42,84.46,84.39,84.4,244.1119,20608.962468,SOLUSDT,bybit
2026-05-19 20:30:00+00:00,84.4,84.48,84.39,84.45,247.8007,20924.962944,SOLUSDT,bybit
2026-05-19 20:35:00+00:00,84.45,84.54,84.41,84.44,2148.6884,181481.285015,SOLUSDT,bybit
2026-05-19 20:40:00+00:00,84.44,84.48,84.44,84.46,209.8054,17719.720847,SOLUSDT,bybit
2026-05-19 20:45:00+00:00,84.46,84.59,84.46,84.54,427.3251,36117.816267,SOLUSDT,bybit
2026-05-19 20:50:00+00:00,84.54,84.57,84.51,84.56,178.0147,15048.231337,SOLUSDT,bybit
2026-05-19 20:55:00+00:00,84.56,84.6,84.52,84.52,1601.0502,135383.132532,SOLUSDT,bybit
2026-05-19 21:00:00+00:00,84.52,84.55,84.39,84.42,1225.5796,103532.541807,SOLUSDT,bybit
2026-05-19 21:05:00+00:00,84.42,84.47,84.42,84.46,260.036,21958.306437,SOLUSDT,bybit
2026-05-19 21:10:00+00:00,84.46,84.68,84.45,84.61,2877.2942,243301.700691,SOLUSDT,bybit
2026-05-19 21:15:00+00:00,84.61,84.65,84.55,84.55,397.0986,33591.824292,SOLUSDT,bybit
2026-05-19 21:20:00+00:00,84.55,84.61,84.54,84.61,352.5949,29824.055191,SOLUSDT,bybit
2026-05-19 21:25:00+00:00,84.61,84.65,84.53,84.55,1305.472,110429.583983,SOLUSDT,bybit
2026-05-19 21:30:00+00:00,84.55,84.65,84.55,84.65,659.4312,55802.923468,SOLUSDT,bybit
2026-05-19 21:35:00+00:00,84.65,84.65,84.58,84.6,333.2088,28192.45172,SOLUSDT,bybit
2026-05-19 21:40:00+00:00,84.6,84.63,84.54,84.58,510.019,43142.430049,SOLUSDT,bybit
2026-05-19 21:45:00+00:00,84.58,84.59,84.52,84.53,273.0141,23083.851087,SOLUSDT,bybit
2026-05-19 21:50:00+00:00,84.53,84.61,84.52,84.56,859.8081,72713.662016,SOLUSDT,bybit
2026-05-19 21:55:00+00:00,84.56,84.58,84.45,84.45,127.8471,10805.48319,SOLUSDT,bybit
2026-05-19 22:00:00+00:00,84.45,84.45,84.24,84.3,1311.7884,110608.488973,SOLUSDT,bybit
2026-05-19 22:05:00+00:00,84.3,84.37,84.27,84.3,450.1422,37959.848319,SOLUSDT,bybit
2026-05-19 22:10:00+00:00,84.3,84.34,84.27,84.29,546.8242,46110.495125,SOLUSDT,bybit
2026-05-19 22:15:00+00:00,84.29,84.29,84.15,84.25,731.95,61643.450564,SOLUSDT,bybit
2026-05-19 22:20:00+00:00,84.25,84.28,84.12,84.12,741.0353,62404.574457,SOLUSDT,bybit
2026-05-19 22:25:00+00:00,84.12,84.16,84.06,84.1,666.8833,56091.044422,SOLUSDT,bybit
2026-05-19 22:30:00+00:00,84.1,84.24,84.01,84.23,2120.6977,178480.468536,SOLUSDT,bybit
2026-05-19 22:35:00+00:00,84.23,84.23,84.12,84.15,141.1266,11877.622131,SOLUSDT,bybit
2026-05-19 22:40:00+00:00,84.15,84.24,84.13,84.18,215.801,18169.173855,SOLUSDT,bybit
2026-05-19 22:45:00+00:00,84.18,84.21,84.12,84.19,331.1193,27865.279075,SOLUSDT,bybit
2026-05-19 22:50:00+00:00,84.19,84.19,84.13,84.17,104.8401,8823.695674,SOLUSDT,bybit
2026-05-19 22:55:00+00:00,84.17,84.19,84.12,84.12,163.4176,13754.258298,SOLUSDT,bybit
2026-05-19 23:00:00+00:00,84.12,84.17,84.04,84.14,188.3815,15842.190803,SOLUSDT,bybit
2026-05-19 23:05:00+00:00,84.14,84.23,84.11,84.23,539.3499,45383.34205,SOLUSDT,bybit
2026-05-19 23:10:00+00:00,84.23,84.33,84.23,84.26,449.008,37839.39249,SOLUSDT,bybit
2026-05-19 23:15:00+00:00,84.26,84.38,84.24,84.36,457.1872,38548.370909,SOLUSDT,bybit
2026-05-19 23:20:00+00:00,84.36,84.45,84.34,84.44,300.5742,25376.331573,SOLUSDT,bybit
2026-05-19 23:25:00+00:00,84.44,84.47,84.41,84.47,456.8357,38571.539435,SOLUSDT,bybit
2026-05-19 23:30:00+00:00,84.47,84.6,84.41,84.59,696.2871,58844.03189,SOLUSDT,bybit
2026-05-19 23:35:00+00:00,84.59,84.6,84.48,84.52,764.247,64614.049528,SOLUSDT,bybit
2026-05-19 23:40:00+00:00,84.52,84.52,84.44,84.47,350.9398,29642.221024,SOLUSDT,bybit
2026-05-19 23:45:00+00:00,84.47,84.47,84.34,84.4,310.1805,26176.800526,SOLUSDT,bybit
2026-05-19 23:50:00+00:00,84.4,84.42,84.31,84.32,278.5622,23500.275681,SOLUSDT,bybit
2026-05-19 23:55:00+00:00,84.32,84.32,84.26,84.31,386.2165,32552.021701,SOLUSDT,bybit
2026-05-20 00:00:00+00:00,84.31,84.4,84.24,84.35,666.4643,56200.725516,SOLUSDT,bybit
2026-05-20 00:05:00+00:00,84.35,84.36,84.2,84.23,436.5596,36779.819021,SOLUSDT,bybit
2026-05-20 00:10:00+00:00,84.23,84.24,84.02,84.02,914.4224,76900.605755,SOLUSDT,bybit
2026-05-20 00:15:00+00:00,84.02,84.11,83.93,84.02,1606.8872,135023.411764,SOLUSDT,bybit
2026-05-20 00:20:00+00:00,84.02,84.08,83.96,84.01,526.779,44260.294601,SOLUSDT,bybit
2026-05-20 00:25:00+00:00,84.01,84.18,84.01,84.16,608.0308,51143.222882,SOLUSDT,bybit
2026-05-20 00:30:00+00:00,84.16,84.41,84.07,84.19,673.2027,56735.671245,SOLUSDT,bybit
2026-05-20 00:35:00+00:00,84.19,84.25,84.1,84.13,442.5419,37230.672618,SOLUSDT,bybit
2026-05-20 00:40:00+00:00,84.13,84.23,84.11,84.19,159.6986,13439.121906,SOLUSDT,bybit
2026-05-20 00:45:00+00:00,84.19,84.26,84.16,84.24,173.9004,14645.020908,SOLUSDT,bybit
2026-05-20 00:50:00+00:00,84.24,84.28,84.15,84.23,118.9412,10017.892013,SOLUSDT,bybit
2026-05-20 00:55:00+00:00,84.23,84.26,84.19,84.23,271.0678,22830.122704,SOLUSDT,bybit
2026-05-20 01:00:00+00:00,84.23,84.27,84.11,84.21,174.3342,14674.607557,SOLUSDT,bybit
2026-05-20 01:05:00+00:00,84.21,84.33,84.13,84.32,311.1859,26215.500255,SOLUSDT,bybit
2026-05-20 01:10:00+00:00,84.32,84.45,84.29,84.38,316.4,26696.909058,SOLUSDT,bybit
2026-05-20 01:15:00+00:00,84.38,84.38,84.26,84.35,419.6488,35385.352735,SOLUSDT,bybit
2026-05-20 01:20:00+00:00,84.35,84.39,84.2,84.22,524.3415,44219.967278,SOLUSDT,bybit
2026-05-20 01:25:00+00:00,84.22,84.24,83.86,83.88,978.7971,82204.213178,SOLUSDT,bybit
2026-05-20 01:30:00+00:00,83.88,84.06,83.86,83.97,444.4156,37314.215495,SOLUSDT,bybit
2026-05-20 01:35:00+00:00,83.97,84.06,83.85,84.06,798.3257,67004.530928,SOLUSDT,bybit
2026-05-20 01:40:00+00:00,84.06,84.06,83.92,84.01,535.7372,44990.44513,SOLUSDT,bybit
2026-05-20 01:45:00+00:00,84.01,84.19,83.95,84.19,424.1281,35649.6758,SOLUSDT,bybit
2026-05-20 01:50:00+00:00,84.19,84.54,84.19,84.33,1549.9491,130828.651927,SOLUSDT,bybit
2026-05-20 01:55:00+00:00,84.33,84.41,84.31,84.37,422.9746,35680.31746,SOLUSDT,bybit
2026-05-20 02:00:00+00:00,84.37,84.43,84.28,84.34,423.6419,35732.968312,SOLUSDT,bybit
2026-05-20 02:05:00+00:00,84.34,84.41,84.33,84.33,373.4709,31505.483895,SOLUSDT,bybit
2026-05-20 02:10:00+00:00,84.33,84.39,84.19,84.27,1658.1286,139807.178863,SOLUSDT,bybit
2026-05-20 02:15:00+00:00,84.27,84.35,84.23,84.29,212.1081,17877.274938,SOLUSDT,bybit
2026-05-20 02:20:00+00:00,84.29,84.48,84.29,84.43,549.1112,46353.230613,SOLUSDT,bybit
2026-05-20 02:25:00+00:00,84.43,84.45,84.28,84.28,172.0352,14514.816611,SOLUSDT,bybit
2026-05-20 02:30:00+00:00,84.28,84.28,84.06,84.24,622.6698,52412.444799,SOLUSDT,bybit
2026-05-20 02:35:00+00:00,84.24,84.24,84.1,84.12,684.7229,57612.226764,SOLUSDT,bybit
2026-05-20 02:40:00+00:00,84.12,84.17,84.07,84.08,228.9812,19261.609613,SOLUSDT,bybit
2026-05-20 02:45:00+00:00,84.08,84.18,84.05,84.07,252.7212,21255.652621,SOLUSDT,bybit
2026-05-20 02:50:00+00:00,84.07,84.07,83.92,83.98,1196.9375,100504.629883,SOLUSDT,bybit
2026-05-20 02:55:00+00:00,83.98,84.03,83.95,83.99,437.6714,36753.884445,SOLUSDT,bybit
2026-05-20 03:00:00+00:00,83.99,83.99,83.84,83.92,527.4003,44251.424879,SOLUSDT,bybit
2026-05-20 03:05:00+00:00,83.92,84.02,83.91,84.02,511.4592,42941.138591,SOLUSDT,bybit
2026-05-20 03:10:00+00:00,84.02,84.04,83.97,84.02,162.9973,13694.485416,SOLUSDT,bybit
2026-05-20 03:15:00+00:00,84.02,84.13,84.0,84.1,200.2103,16832.337721,SOLUSDT,bybit
2026-05-20 03:20:00+00:00,84.1,84.17,84.07,84.08,202.7581,17053.408192,SOLUSDT,bybit
2026-05-20 03:25:00+00:00,84.08,84.29,84.06,84.25,255.761,21537.8215,SOLUSDT,bybit
2026-05-20 03:30:00+00:00,84.25,84.25,84.13,84.19,394.4397,33211.518323,SOLUSDT,bybit
2026-05-20 03:35:00+00:00,84.19,84.24,84.17,84.21,627.6806,52843.293628,SOLUSDT,bybit
2026-05-20 03:40:00+00:00,84.21,84.23,84.11,84.15,237.3597,19983.275544,SOLUSDT,bybit
2026-05-20 03:45:00+00:00,84.15,84.15,84.03,84.04,736.4582,61905.946351,SOLUSDT,bybit
2026-05-20 03:50:00+00:00,84.04,84.1,84.03,84.08,216.8797,18232.156948,SOLUSDT,bybit
2026-05-20 03:55:00+00:00,84.08,84.13,84.08,84.09,238.1264,20025.745465,SOLUSDT,bybit
2026-05-20 04:00:00+00:00,84.09,84.19,84.08,84.13,86.225,7256.068611,SOLUSDT,bybit
2026-05-20 04:05:00+00:00,84.13,84.2,84.13,84.18,261.0312,21969.973909,SOLUSDT,bybit
2026-05-20 04:10:00+00:00,84.18,84.19,84.03,84.18,680.2011,57205.836628,SOLUSDT,bybit
2026-05-20 04:15:00+00:00,84.18,84.22,84.12,84.12,85.5897,7206.388516,SOLUSDT,bybit
2026-05-20 04:20:00+00:00,84.12,84.14,84.09,84.09,162.6083,13676.770076,SOLUSDT,bybit
2026-05-20 04:25:00+00:00,84.09,84.17,84.06,84.08,191.687,16124.955621,SOLUSDT,bybit
2026-05-20 04:30:00+00:00,84.08,84.09,84.03,84.04,151.3088,12719.555783,SOLUSDT,bybit
2026-05-20 04:35:00+00:00,84.04,84.04,83.86,84.03,990.901,83158.132937,SOLUSDT,bybit
2026-05-20 04:40:00+00:00,84.03,84.05,84.01,84.01,193.7594,16282.178833,SOLUSDT,bybit
2026-05-20 04:45:00+00:00,84.01,84.12,84.01,84.07,181.5838,15267.504703,SOLUSDT,bybit
2026-05-20 04:50:00+00:00,84.07,84.18,84.07,84.16,370.3932,31169.103426,SOLUSDT,bybit
2026-05-20 04:55:00+00:00,84.16,84.22,84.15,84.21,260.7685,21952.64595,SOLUSDT,bybit
2026-05-20 05:00:00+00:00,84.21,84.39,84.21,84.37,3300.0315,278304.630093,SOLUSDT,bybit
2026-05-20 05:05:00+00:00,84.37,84.63,84.33,84.63,1754.5644,148217.648005,SOLUSDT,bybit
2026-05-20 05:10:00+00:00,84.63,84.81,84.56,84.79,2645.6294,224110.171933,SOLUSDT,bybit
2026-05-20 05:15:00+00:00,84.79,84.81,84.58,84.72,1462.081,123781.824902,SOLUSDT,bybit
2026-05-20 05:20:00+00:00,84.72,84.76,84.64,84.7,422.2692,35759.05297,SOLUSDT,bybit
2026-05-20 05:25:00+00:00,84.7,84.71,84.64,84.71,178.7921,15137.111197,SOLUSDT,bybit
2026-05-20 05:30:00+00:00,84.71,84.95,84.71,84.79,679.7553,57673.138974,SOLUSDT,bybit
2026-05-20 05:35:00+00:00,84.79,84.92,84.79,84.91,496.2848,42119.331273,SOLUSDT,bybit
2026-05-20 05:40:00+00:00,84.91,84.95,84.8,84.8,1175.7327,99753.275579,SOLUSDT,bybit
2026-05-20 05:45:00+00:00,84.8,84.84,84.72,84.74,1565.3882,132697.563559,SOLUSDT,bybit
2026-05-20 05:50:00+00:00,84.74,84.8,84.73,84.77,246.8752,20929.165894,SOLUSDT,bybit
2026-05-20 05:55:00+00:00,84.77,84.81,84.74,84.77,186.4194,15802.394434,SOLUSDT,bybit
2026-05-20 06:00:00+00:00,84.77,84.87,84.77,84.81,215.2182,18257.969593,SOLUSDT,bybit
2026-05-20 06:05:00+00:00,84.81,84.9,84.78,84.88,383.0562,32500.966438,SOLUSDT,bybit
2026-05-20 06:10:00+00:00,84.88,84.89,84.84,84.88,211.4042,17942.076598,SOLUSDT,bybit
2026-05-20 06:15:00+00:00,84.88,84.96,84.86,84.96,642.061,54512.783342,SOLUSDT,bybit
2026-05-20 06:20:00+00:00,84.96,84.99,84.9,84.97,404.7811,34385.273893,SOLUSDT,bybit
2026-05-20 06:25:00+00:00,84.97,84.98,84.85,84.86,163.1861,13853.047474,SOLUSDT,bybit
2026-05-20 06:30:00+00:00,84.86,84.92,84.82,84.83,187.9335,15947.154329,SOLUSDT,bybit
2026-05-20 06:35:00+00:00,84.83,84.9,84.72,84.87,1367.4806,115971.938425,SOLUSDT,bybit
2026-05-20 06:40:00+00:00,84.87,84.94,84.8,84.94,395.756,33591.325335,SOLUSDT,bybit
2026-05-20 06:45:00+00:00,84.94,84.97,84.83,84.97,385.0791,32699.124241,SOLUSDT,bybit
2026-05-20 06:50:00+00:00,84.97,85.02,84.95,84.97,2409.3611,204784.8,SOLUSDT,bybit
2026-05-20 06:55:00+00:00,84.97,85.03,84.96,84.98,193.6596,16457.660067,SOLUSDT,bybit
2026-05-20 07:00:00+00:00,84.98,85.01,84.84,84.87,461.1966,39148.864702,SOLUSDT,bybit
2026-05-20 07:05:00+00:00,84.87,84.92,84.83,84.92,3868.5106,328426.524089,SOLUSDT,bybit
2026-05-20 07:10:00+00:00,84.92,84.95,84.88,84.89,263.3242,22360.625027,SOLUSDT,bybit
2026-05-20 07:15:00+00:00,84.89,84.91,84.85,84.89,198.6686,16861.152949,SOLUSDT,bybit
2026-05-20 07:20:00+00:00,84.89,85.12,84.89,85.12,826.2971,70268.479604,SOLUSDT,bybit
2026-05-20 07:25:00+00:00,85.12,85.12,84.94,85.02,2681.1105,228152.098627,SOLUSDT,bybit
2026-05-20 07:30:00+00:00,85.02,85.02,84.91,84.96,405.9015,34479.858492,SOLUSDT,bybit
2026-05-20 07:35:00+00:00,84.96,84.96,84.9,84.92,230.3939,19566.916402,SOLUSDT,bybit
2026-05-20 07:40:00+00:00,84.92,84.98,84.88,84.88,294.1684,24983.539621,SOLUSDT,bybit
2026-05-20 07:45:00+00:00,84.88,84.89,84.75,84.76,1206.2966,102266.22524,SOLUSDT,bybit
2026-05-20 07:50:00+00:00,84.76,84.79,84.69,84.79,466.1661,39497.532758,SOLUSDT,bybit
2026-05-20 07:55:00+00:00,84.79,84.8,84.74,84.76,308.5022,26152.65455,SOLUSDT,bybit
2026-05-20 08:00:00+00:00,84.76,84.85,84.74,84.84,7336.1146,622124.785249,SOLUSDT,bybit
2026-05-20 08:05:00+00:00,84.84,84.92,84.73,84.74,899.4851,76258.273878,SOLUSDT,bybit
2026-05-20 08:10:00+00:00,84.74,84.83,84.71,84.82,422.5028,35815.17129,SOLUSDT,bybit
2026-05-20 08:15:00+00:00,84.82,84.88,84.81,84.87,115.3828,9789.094751,SOLUSDT,bybit
2026-05-20 08:20:00+00:00,84.87,84.89,84.74,84.85,196.1714,16639.035323,SOLUSDT,bybit
2026-05-20 08:25:00+00:00,84.85,84.86,84.8,84.85,186.0376,15781.556,SOLUSDT,bybit
2026-05-20 08:30:00+00:00,84.85,84.98,84.85,84.96,277.9143,23606.921359,SOLUSDT,bybit
2026-05-20 08:35:00+00:00,84.96,85.19,84.95,85.15,2185.519,185983.586941,SOLUSDT,bybit
2026-05-20 08:40:00+00:00,85.15,85.15,85.0,85.09,581.5907,49481.350212,SOLUSDT,bybit
2026-05-20 08:45:00+00:00,85.09,85.1,85.0,85.0,3018.9069,256686.05941,SOLUSDT,bybit
2026-05-20 08:50:00+00:00,85.0,85.04,84.97,85.02,356.1748,30277.556432,SOLUSDT,bybit
2026-05-20 08:55:00+00:00,85.02,85.03,84.97,84.99,274.3189,23315.819639,SOLUSDT,bybit
2026-05-20 09:00:00+00:00,84.99,85.05,84.97,85.04,1100.1638,93517.522569,SOLUSDT,bybit
2026-05-20 09:05:00+00:00,85.04,85.04,84.91,84.95,664.3531,56423.731986,SOLUSDT,bybit
2026-05-20 09:10:00+00:00,84.95,85.01,84.91,84.96,646.8641,54964.716469,SOLUSDT,bybit
2026-05-20 09:15:00+00:00,84.96,84.99,84.88,84.96,899.4638,76413.810707,SOLUSDT,bybit
2026-05-20 09:20:00+00:00,84.96,85.01,84.95,84.97,374.4667,31822.326181,SOLUSDT,bybit
2026-05-20 09:25:00+00:00,84.97,85.05,84.96,85.02,1414.049,120230.461555,SOLUSDT,bybit
2026-05-20 09:30:00+00:00,85.02,85.08,85.0,85.01,895.8516,76184.310568,SOLUSDT,bybit
2026-05-20 09:35:00+00:00,85.01,85.05,84.96,85.03,782.7876,66529.069157,SOLUSDT,bybit
2026-05-20 09:40:00+00:00,85.03,85.07,84.96,84.97,2594.0273,220482.889894,SOLUSDT,bybit
2026-05-20 09:45:00+00:00,84.97,84.97,84.9,84.91,103.9976,8832.661501,SOLUSDT,bybit
2026-05-20 09:50:00+00:00,84.91,84.95,84.85,84.91,204.9014,17396.533855,SOLUSDT,bybit
2026-05-20 09:55:00+00:00,84.91,84.94,84.84,84.88,253.2354,21499.522118,SOLUSDT,bybit
2026-05-20 10:00:00+00:00,84.88,85.03,84.88,84.94,460.3352,39107.723238,SOLUSDT,bybit
2026-05-20 10:05:00+00:00,84.94,85.03,84.94,84.97,213.0657,18108.330902,SOLUSDT,bybit
2026-05-20 10:10:00+00:00,84.97,84.97,84.89,84.96,182.3651,15487.694594,SOLUSDT,bybit
2026-05-20 10:15:00+00:00,84.96,84.98,84.94,84.97,102.0016,8666.400371,SOLUSDT,bybit
2026-05-20 10:20:00+00:00,84.97,85.04,84.97,85.03,225.8769,19201.565085,SOLUSDT,bybit
2026-05-20 10:25:00+00:00,85.03,85.04,84.97,85.02,295.1542,25090.509617,SOLUSDT,bybit
2026-05-20 10:30:00+00:00,85.02,85.13,85.02,85.13,332.218,28260.054579,SOLUSDT,bybit
2026-05-20 10:35:00+00:00,85.13,85.21,85.07,85.07,3870.2577,329533.918166,SOLUSDT,bybit
2026-05-20 10:40:00+00:00,85.07,85.1,85.01,85.04,127.195,10817.499448,SOLUSDT,bybit
2026-05-20 10:45:00+00:00,85.04,85.11,85.01,85.01,303.3424,25803.608614,SOLUSDT,bybit
2026-05-20 10:50:00+00:00,85.01,85.05,84.97,85.04,261.0782,22195.844598,SOLUSDT,bybit
2026-05-20 10:55:00+00:00,85.04,85.06,84.95,84.98,250.7607,21307.9014,SOLUSDT,bybit
2026-05-20 11:00:00+00:00,84.98,85.01,84.92,84.96,398.842,33887.730137,SOLUSDT,bybit
2026-05-20 11:05:00+00:00,84.96,85.03,84.96,84.99,433.026,36807.168264,SOLUSDT,bybit
2026-05-20 11:10:00+00:00,84.99,85.05,84.95,84.96,176.0455,14965.666961,SOLUSDT,bybit
2026-05-20 11:15:00+00:00,84.96,85.0,84.93,84.93,194.6991,16541.289318,SOLUSDT,bybit
2026-05-20 11:20:00+00:00,84.93,84.94,84.88,84.9,390.2691,33139.111794,SOLUSDT,bybit
2026-05-20 11:25:00+00:00,84.9,84.9,84.83,84.83,294.7558,25015.817566,SOLUSDT,bybit
2026-05-20 11:30:00+00:00,84.83,84.91,84.81,84.91,220.3616,18696.849051,SOLUSDT,bybit
2026-05-20 11:35:00+00:00,84.91,84.93,84.83,84.88,211.5514,17953.04368,SOLUSDT,bybit
2026-05-20 11:40:00+00:00,84.88,84.88,84.72,84.78,2422.8674,205409.387839,SOLUSDT,bybit
2026-05-20 11:45:00+00:00,84.78,84.8,84.66,84.66,775.0172,65695.557559,SOLUSDT,bybit
2026-05-20 11:50:00+00:00,84.66,84.7,84.59,84.7,481.9397,40791.88962,SOLUSDT,bybit
2026-05-20 11:55:00+00:00,84.7,84.72,84.66,84.7,247.4048,20952.445602,SOLUSDT,bybit
2026-05-20 12:00:00+00:00,84.7,84.81,84.62,84.81,371.7446,31502.533218,SOLUSDT,bybit
2026-05-20 12:05:00+00:00,84.81,84.86,84.79,84.81,356.2589,30216.770263,SOLUSDT,bybit
2026-05-20 12:10:00+00:00,84.81,84.81,84.76,84.78,356.279,30205.339211,SOLUSDT,bybit
2026-05-20 12:15:00+00:00,84.78,84.83,84.76,84.77,278.0731,23579.734257,SOLUSDT,bybit
2026-05-20 12:20:00+00:00,84.77,84.77,84.64,84.74,440.0266,37264.633206,SOLUSDT,bybit
2026-05-20 12:25:00+00:00,84.74,84.87,84.74,84.85,868.8279,73690.935618,SOLUSDT,bybit
2026-05-20 12:30:00+00:00,84.85,85.04,84.85,85.03,3644.5456,309603.04636,SOLUSDT,bybit
2026-05-20 12:35:00+00:00,85.03,85.05,84.99,85.04,199.9388,16998.642053,SOLUSDT,bybit
2026-05-20 12:40:00+00:00,85.04,85.05,84.98,85.02,462.4718,39312.117542,SOLUSDT,bybit
2026-05-20 12:45:00+00:00,85.02,85.13,85.0,85.1,3120.6393,265429.359357,SOLUSDT,bybit
2026-05-20 12:50:00+00:00,85.1,85.15,85.02,85.13,573.1623,48772.403983,SOLUSDT,bybit
2026-05-20 12:55:00+00:00,85.13,85.33,85.08,85.1,1607.5003,136948.539665,SOLUSDT,bybit
2026-05-20 13:00:00+00:00,85.1,85.16,85.05,85.08,543.4241,46255.197068,SOLUSDT,bybit
2026-05-20 13:05:00+00:00,85.08,85.08,84.97,85.02,1418.4523,120561.959368,SOLUSDT,bybit
2026-05-20 13:10:00+00:00,85.02,85.02,84.91,84.93,2627.4349,223143.586163,SOLUSDT,bybit
2026-05-20 13:15:00+00:00,84.93,84.94,84.85,84.92,481.4061,40876.493057,SOLUSDT,bybit
2026-05-20 13:20:00+00:00,84.92,84.99,84.89,84.93,465.2673,39527.504585,SOLUSDT,bybit
2026-05-20 13:25:00+00:00,84.93,84.93,84.69,84.75,974.9219,82611.450305,SOLUSDT,bybit
2026-05-20 13:30:00+00:00,84.75,84.83,84.67,84.76,1290.102,109323.109083,SOLUSDT,bybit
2026-05-20 13:35:00+00:00,84.76,84.76,84.17,84.39,8534.8036,720959.6778,SOLUSDT,bybit
2026-05-20 13:40:00+00:00,84.39,84.54,84.3,84.49,4131.1701,348697.819403,SOLUSDT,bybit
2026-05-20 13:45:00+00:00,84.49,84.8,84.47,84.63,873.0884,73905.271031,SOLUSDT,bybit
2026-05-20 13:50:00+00:00,84.63,84.74,84.56,84.59,341.9266,28944.190598,SOLUSDT,bybit
2026-05-20 13:55:00+00:00,84.59,84.69,84.48,84.67,810.2933,68523.808392,SOLUSDT,bybit
2026-05-20 14:00:00+00:00,84.67,84.8,84.67,84.7,1108.2918,93895.009765,SOLUSDT,bybit
2026-05-20 14:05:00+00:00,84.7,84.73,84.56,84.59,1418.058,120028.359844,SOLUSDT,bybit
2026-05-20 14:10:00+00:00,84.59,84.78,84.33,84.65,1831.3495,154880.311372,SOLUSDT,bybit
2026-05-20 14:15:00+00:00,84.65,85.32,84.65,85.13,7014.8407,596757.534285,SOLUSDT,bybit
2026-05-20 14:20:00+00:00,85.13,85.24,84.95,85.0,1148.5561,97802.283152,SOLUSDT,bybit
2026-05-20 14:25:00+00:00,85.0,85.15,84.93,85.11,466.5892,39703.820374,SOLUSDT,bybit
2026-05-20 14:30:00+00:00,85.11,85.58,85.11,85.37,17763.0099,1518188.565065,SOLUSDT,bybit
2026-05-20 14:35:00+00:00,85.37,85.42,85.23,85.38,3207.0798,273711.933274,SOLUSDT,bybit
2026-05-20 14:40:00+00:00,85.38,85.58,85.34,85.57,1690.6573,144478.356767,SOLUSDT,bybit
2026-05-20 14:45:00+00:00,85.57,85.74,85.55,85.67,5925.8375,507692.752715,SOLUSDT,bybit
2026-05-20 14:50:00+00:00,85.67,86.13,85.61,86.05,11384.2729,978434.819736,SOLUSDT,bybit
2026-05-20 14:55:00+00:00,86.05,86.08,85.84,85.86,4311.0316,370566.022439,SOLUSDT,bybit
2026-05-20 15:00:00+00:00,85.86,85.92,85.55,85.56,3482.5573,298625.656534,SOLUSDT,bybit
2026-05-20 15:05:00+00:00,85.56,85.65,85.51,85.61,1977.6011,169250.610236,SOLUSDT,bybit
2026-05-20 15:10:00+00:00,85.61,85.61,85.42,85.44,978.0223,83582.221327,SOLUSDT,bybit
2026-05-20 15:15:00+00:00,85.44,86.28,85.44,86.0,27237.3851,2343210.482993,SOLUSDT,bybit
2026-05-20 15:20:00+00:00,86.0,86.19,85.95,85.99,2225.6887,191626.021939,SOLUSDT,bybit
2026-05-20 15:25:00+00:00,85.99,86.09,85.77,85.98,3690.0639,317025.2934,SOLUSDT,bybit
2026-05-20 15:30:00+00:00,85.98,86.05,85.86,85.93,2876.0596,247300.050154,SOLUSDT,bybit
2026-05-20 15:35:00+00:00,85.93,86.01,85.81,85.82,5272.3229,453090.050452,SOLUSDT,bybit
2026-05-20 15:40:00+00:00,85.82,85.83,85.67,85.77,1430.724,122715.188058,SOLUSDT,bybit
2026-05-20 15:45:00+00:00,85.77,86.04,85.77,86.02,9529.6651,819107.14202,SOLUSDT,bybit
2026-05-20 15:50:00+00:00,86.02,86.05,85.87,85.91,319.6868,27480.17838,SOLUSDT,bybit
2026-05-20 15:55:00+00:00,85.91,86.01,85.78,85.9,2209.9237,189759.096272,SOLUSDT,bybit
2026-05-20 16:00:00+00:00,85.9,86.16,85.9,86.09,3681.1978,316719.105883,SOLUSDT,bybit
2026-05-20 16:05:00+00:00,86.09,86.43,86.09,86.4,7206.7262,621330.178614,SOLUSDT,bybit
2026-05-20 16:10:00+00:00,86.4,86.46,86.3,86.3,3434.8073,296826.626189,SOLUSDT,bybit
2026-05-20 16:15:00+00:00,86.3,86.31,86.03,86.14,10291.7695,886014.222932,SOLUSDT,bybit
2026-05-20 16:20:00+00:00,86.14,86.14,85.76,85.84,3251.4893,279323.428299,SOLUSDT,bybit
2026-05-20 16:25:00+00:00,85.84,85.84,85.53,85.65,2717.8695,232991.968288,SOLUSDT,bybit
2026-05-20 16:30:00+00:00,85.65,85.85,85.61,85.82,1382.4036,118499.281838,SOLUSDT,bybit
2026-05-20 16:35:00+00:00,85.82,86.09,85.75,86.04,3028.6851,260247.895773,SOLUSDT,bybit
2026-05-20 16:40:00+00:00,86.04,86.22,85.99,86.19,1123.9994,96816.821745,SOLUSDT,bybit
2026-05-20 16:45:00+00:00,86.19,86.82,86.15,86.76,27400.0058,2374135.579401,SOLUSDT,bybit
2026-05-20 16:50:00+00:00,86.76,86.83,86.43,86.46,3081.5822,267184.815239,SOLUSDT,bybit
2026-05-20 16:55:00+00:00,86.46,86.53,86.36,86.49,1104.5288,95471.244735,SOLUSDT,bybit
2026-05-20 17:00:00+00:00,86.49,86.56,86.31,86.31,3247.6703,280881.123014,SOLUSDT,bybit
2026-05-20 17:05:00+00:00,86.31,86.45,86.31,86.36,3286.1496,283721.427949,SOLUSDT,bybit
2026-05-20 17:10:00+00:00,86.36,86.64,86.3,86.53,8903.034,769027.445743,SOLUSDT,bybit
2026-05-20 17:15:00+00:00,86.53,86.71,86.43,86.66,1083.6024,93790.361787,SOLUSDT,bybit
2026-05-20 17:20:00+00:00,86.66,86.74,86.62,86.68,1754.5395,152070.039649,SOLUSDT,bybit
2026-05-20 17:25:00+00:00,86.68,86.89,86.65,86.78,2070.5317,179629.435659,SOLUSDT,bybit
2026-05-20 17:30:00+00:00,86.78,86.85,86.66,86.79,2570.3269,222874.874464,SOLUSDT,bybit
2026-05-20 17:35:00+00:00,86.79,87.07,86.76,86.84,3294.2199,286370.759201,SOLUSDT,bybit
2026-05-20 17:40:00+00:00,86.84,86.87,86.73,86.85,607.2809,52729.209402,SOLUSDT,bybit
2026-05-20 17:45:00+00:00,86.85,86.89,86.66,86.75,644.6818,55935.524217,SOLUSDT,bybit
2026-05-20 17:50:00+00:00,86.75,86.75,86.51,86.52,1426.0817,123449.593295,SOLUSDT,bybit
2026-05-20 17:55:00+00:00,86.52,86.53,86.48,86.52,986.7392,85354.235247,SOLUSDT,bybit
2026-05-20 18:00:00+00:00,86.52,86.58,86.34,86.5,1469.508,127063.250263,SOLUSDT,bybit
2026-05-20 18:05:00+00:00,86.5,86.51,86.39,86.46,574.841,49687.474324,SOLUSDT,bybit
2026-05-20 18:10:00+00:00,86.46,86.47,86.36,86.38,640.4238,55332.171834,SOLUSDT,bybit
2026-05-20 18:15:00+00:00,86.38,86.51,86.38,86.47,1505.9143,130210.272547,SOLUSDT,bybit
2026-05-20 18:20:00+00:00,86.47,86.5,86.3,86.32,3689.1165,318610.416485,SOLUSDT,bybit
2026-05-20 18:25:00+00:00,86.32,86.32,86.06,86.08,13123.8162,1130512.683827,SOLUSDT,bybit
2026-05-20 18:30:00+00:00,86.08,86.15,86.05,86.15,930.6599,80103.874044,SOLUSDT,bybit
2026-05-20 18:35:00+00:00,86.15,86.18,86.04,86.07,1352.5888,116485.495938,SOLUSDT,bybit
2026-05-20 18:40:00+00:00,86.07,86.07,85.92,85.95,2116.8542,181973.91963,SOLUSDT,bybit
2026-05-20 18:45:00+00:00,85.95,85.97,85.68,85.8,5367.9361,460549.767288,SOLUSDT,bybit
2026-05-20 18:50:00+00:00,85.8,85.91,85.76,85.78,3353.5532,287910.925692,SOLUSDT,bybit
2026-05-20 18:55:00+00:00,85.78,85.85,85.78,85.83,767.4093,65855.138814,SOLUSDT,bybit
2026-05-20 19:00:00+00:00,85.83,85.86,85.65,85.66,1063.7851,91221.064419,SOLUSDT,bybit
2026-05-20 19:05:00+00:00,85.66,85.88,85.63,85.88,1398.1454,119913.482392,SOLUSDT,bybit
2026-05-20 19:10:00+00:00,85.88,85.91,85.81,85.81,404.7478,34752.15669,SOLUSDT,bybit
2026-05-20 19:15:00+00:00,85.81,86.06,85.79,86.04,8462.9635,726529.732674,SOLUSDT,bybit
2026-05-20 19:20:00+00:00,86.04,86.12,86.01,86.09,559.2812,48139.633767,SOLUSDT,bybit
2026-05-20 19:25:00+00:00,86.09,86.22,86.08,86.22,582.7447,50202.943135,SOLUSDT,bybit
2026-05-20 19:30:00+00:00,86.22,86.29,86.13,86.17,545.4293,47035.334138,SOLUSDT,bybit
2026-05-20 19:35:00+00:00,86.17,86.32,86.08,86.19,1524.4703,131443.356693,SOLUSDT,bybit
2026-05-20 19:40:00+00:00,86.19,86.26,86.13,86.17,990.5486,85373.386877,SOLUSDT,bybit
2026-05-20 19:45:00+00:00,86.17,86.23,86.14,86.17,252.3235,21743.282842,SOLUSDT,bybit
2026-05-20 19:50:00+00:00,86.17,86.22,86.05,86.21,599.7692,51673.514514,SOLUSDT,bybit
2026-05-20 19:55:00+00:00,86.21,86.28,86.15,86.17,2018.7874,173984.911881,SOLUSDT,bybit
2026-05-20 20:00:00+00:00,86.17,86.17,85.94,86.02,947.1012,81482.689111,SOLUSDT,bybit
2026-05-20 20:05:00+00:00,86.02,86.06,85.96,86.06,309.9459,26658.463443,SOLUSDT,bybit
2026-05-20 20:10:00+00:00,86.06,86.24,86.06,86.21,671.9238,57887.686152,SOLUSDT,bybit
2026-05-20 20:15:00+00:00,86.21,86.23,85.87,85.96,2206.511,189758.215588,SOLUSDT,bybit
2026-05-20 20:20:00+00:00,85.96,85.96,85.55,85.83,2917.2393,250308.473845,SOLUSDT,bybit
2026-05-20 20:25:00+00:00,85.83,85.98,85.77,85.98,2242.1972,192472.384672,SOLUSDT,bybit
2026-05-20 20:30:00+00:00,85.98,86.0,85.8,85.83,852.6781,73269.138767,SOLUSDT,bybit
2026-05-20 20:35:00+00:00,85.83,85.91,85.8,85.87,561.2119,48176.66199,SOLUSDT,bybit
2026-05-20 20:40:00+00:00,85.87,86.08,85.86,86.02,2394.6938,205889.691193,SOLUSDT,bybit
2026-05-20 20:45:00+00:00,86.02,86.15,85.96,86.11,920.1364,79229.039332,SOLUSDT,bybit
2026-05-20 20:50:00+00:00,86.11,86.16,86.07,86.12,844.6162,72735.71324,SOLUSDT,bybit
2026-05-20 20:55:00+00:00,86.12,86.24,86.11,86.18,1969.312,169754.266572,SOLUSDT,bybit
2026-05-20 21:00:00+00:00,86.18,86.25,86.09,86.22,720.6048,62100.353903,SOLUSDT,bybit
2026-05-20 21:05:00+00:00,86.22,86.23,86.18,86.21,447.5816,38582.301911,SOLUSDT,bybit
2026-05-20 21:10:00+00:00,86.21,86.34,86.19,86.31,2717.3999,234380.554058,SOLUSDT,bybit
2026-05-20 21:15:00+00:00,86.31,86.33,86.15,86.16,429.8192,37066.940775,SOLUSDT,bybit
2026-05-20 21:20:00+00:00,86.16,86.17,86.06,86.16,444.2007,38260.114575,SOLUSDT,bybit
2026-05-20 21:25:00+00:00,86.16,86.19,86.0,86.0,356.1337,30662.828321,SOLUSDT,bybit
2026-05-20 21:30:00+00:00,86.0,86.07,85.97,86.06,1027.4152,88375.292687,SOLUSDT,bybit
2026-05-20 21:35:00+00:00,86.06,86.15,86.04,86.12,1012.6718,87219.145376,SOLUSDT,bybit
2026-05-20 21:40:00+00:00,86.12,86.21,86.11,86.15,2449.4696,211081.952328,SOLUSDT,bybit
2026-05-20 21:45:00+00:00,86.15,86.23,86.14,86.19,533.1315,45950.17602,SOLUSDT,bybit
2026-05-20 21:50:00+00:00,86.19,86.21,86.14,86.14,482.3717,41562.108314,SOLUSDT,bybit
2026-05-20 21:55:00+00:00,86.14,86.17,85.97,85.98,5150.6133,443147.343615,SOLUSDT,bybit
2026-05-20 22:00:00+00:00,85.98,85.98,85.76,85.89,1349.6136,115869.390353,SOLUSDT,bybit
2026-05-20 22:05:00+00:00,85.89,85.93,85.68,85.71,536.566,46040.944051,SOLUSDT,bybit
2026-05-20 22:10:00+00:00,85.71,85.8,85.64,85.78,972.4275,83358.268342,SOLUSDT,bybit
2026-05-20 22:15:00+00:00,85.78,85.83,85.61,85.64,393.5858,33750.384359,SOLUSDT,bybit
2026-05-20 22:20:00+00:00,85.64,85.92,85.61,85.92,730.2818,62684.583517,SOLUSDT,bybit
2026-05-20 22:25:00+00:00,85.92,86.11,85.87,86.11,1421.2772,122219.116672,SOLUSDT,bybit
2026-05-20 22:30:00+00:00,86.11,86.22,86.1,86.13,643.1264,55408.396869,SOLUSDT,bybit
2026-05-20 22:35:00+00:00,86.13,86.14,85.91,85.92,14021.8388,1205344.866042,SOLUSDT,bybit
2026-05-20 22:40:00+00:00,85.92,86.02,85.92,85.99,222.7987,19155.544255,SOLUSDT,bybit
2026-05-20 22:45:00+00:00,85.99,86.12,85.99,86.12,1014.7452,87333.202065,SOLUSDT,bybit
2026-05-20 22:50:00+00:00,86.12,86.14,85.98,86.02,1207.8691,103903.719773,SOLUSDT,bybit
2026-05-20 22:55:00+00:00,86.02,86.09,86.02,86.02,736.1175,63351.788282,SOLUSDT,bybit
2026-05-20 23:00:00+00:00,86.02,86.02,85.91,85.93,640.5757,55067.770342,SOLUSDT,bybit
2026-05-20 23:05:00+00:00,85.93,86.04,85.91,86.0,599.051,51509.922498,SOLUSDT,bybit
2026-05-20 23:10:00+00:00,86.0,86.0,85.91,85.96,513.2994,44120.460878,SOLUSDT,bybit
2026-05-20 23:15:00+00:00,85.96,86.0,85.89,85.98,493.9187,42445.485325,SOLUSDT,bybit
2026-05-20 23:20:00+00:00,85.98,86.0,85.85,85.87,517.5271,44469.292366,SOLUSDT,bybit
2026-05-20 23:25:00+00:00,85.87,85.97,85.86,85.94,148.2792,12741.858316,SOLUSDT,bybit
2026-05-20 23:30:00+00:00,85.94,85.99,85.88,85.99,250.6036,21540.367285,SOLUSDT,bybit
2026-05-20 23:35:00+00:00,85.99,86.11,85.95,86.02,461.6351,39714.186953,SOLUSDT,bybit
2026-05-20 23:40:00+00:00,86.02,86.05,85.99,86.02,203.4326,17500.123239,SOLUSDT,bybit
2026-05-20 23:45:00+00:00,86.02,86.13,85.99,86.09,467.2245,40222.515769,SOLUSDT,bybit
2026-05-20 23:50:00+00:00,86.09,86.12,86.01,86.12,337.4547,29044.46523,SOLUSDT,bybit
2026-05-20 23:55:00+00:00,86.12,86.17,86.08,86.16,752.8037,64831.86333,SOLUSDT,bybit
2026-05-21 00:00:00+00:00,86.16,86.26,86.1,86.26,932.1832,80303.366154,SOLUSDT,bybit
2026-05-21 00:05:00+00:00,86.26,86.27,86.12,86.27,284.4161,24519.654925,SOLUSDT,bybit
2026-05-21 00:10:00+00:00,86.27,86.36,86.25,86.34,701.8157,60578.922961,SOLUSDT,bybit
2026-05-21 00:15:00+00:00,86.34,86.43,86.23,86.27,615.4822,53136.633283,SOLUSDT,bybit
2026-05-21 00:20:00+00:00,86.27,86.33,86.2,86.33,356.0662,30712.126597,SOLUSDT,bybit
2026-05-21 00:25:00+00:00,86.33,86.37,86.27,86.37,302.7672,26136.142532,SOLUSDT,bybit
2026-05-21 00:30:00+00:00,86.37,86.45,86.32,86.45,267.8257,23135.974799,SOLUSDT,bybit
2026-05-21 00:35:00+00:00,86.45,86.51,86.39,86.48,640.5576,55386.809399,SOLUSDT,bybit
2026-05-21 00:40:00+00:00,86.48,86.54,86.43,86.53,322.1974,27869.536171,SOLUSDT,bybit
2026-05-21 00:45:00+00:00,86.53,86.74,86.53,86.71,1081.6695,93742.004278,SOLUSDT,bybit
2026-05-21 00:50:00+00:00,86.71,86.83,86.64,86.76,1596.8485,138500.567582,SOLUSDT,bybit
2026-05-21 00:55:00+00:00,86.76,86.77,86.62,86.63,1227.7185,106407.045112,SOLUSDT,bybit
2026-05-21 01:00:00+00:00,86.63,86.68,86.59,86.64,1022.7903,88620.4135,SOLUSDT,bybit
2026-05-21 01:05:00+00:00,86.64,86.7,86.5,86.68,720.6246,62405.109397,SOLUSDT,bybit
2026-05-21 01:10:00+00:00,86.68,86.89,86.66,86.88,1267.2794,109957.826217,SOLUSDT,bybit
2026-05-21 01:15:00+00:00,86.88,87.03,86.55,86.55,3679.1923,319466.70835,SOLUSDT,bybit
2026-05-21 01:20:00+00:00,86.55,86.6,86.5,86.56,898.6647,77794.340816,SOLUSDT,bybit
2026-05-21 01:25:00+00:00,86.56,86.56,86.47,86.53,462.4924,40015.350541,SOLUSDT,bybit
2026-05-21 01:30:00+00:00,86.53,86.58,86.45,86.57,1284.6189,111131.337451,SOLUSDT,bybit
2026-05-21 01:35:00+00:00,86.57,86.64,86.48,86.54,1554.9917,134614.012697,SOLUSDT,bybit
2026-05-21 01:40:00+00:00,86.54,86.67,86.51,86.55,511.847,44328.959477,SOLUSDT,bybit
2026-05-21 01:45:00+00:00,86.55,86.7,86.55,86.66,674.9986,58484.095234,SOLUSDT,bybit
2026-05-21 01:50:00+00:00,86.66,86.69,86.44,86.51,514.4484,44526.272782,SOLUSDT,bybit
2026-05-21 01:55:00+00:00,86.51,86.58,86.5,86.55,378.901,32792.492381,SOLUSDT,bybit
2026-05-21 02:00:00+00:00,86.55,86.61,86.53,86.57,423.8161,36690.836721,SOLUSDT,bybit
2026-05-21 02:05:00+00:00,86.57,86.57,86.44,86.49,166.7859,14426.983605,SOLUSDT,bybit
2026-05-21 02:10:00+00:00,86.49,86.56,86.48,86.51,497.6309,43057.158484,SOLUSDT,bybit
2026-05-21 02:15:00+00:00,86.51,86.76,86.47,86.74,544.6452,47190.804433,SOLUSDT,bybit
2026-05-21 02:20:00+00:00,86.74,86.89,86.71,86.75,3275.0252,284276.741559,SOLUSDT,bybit
2026-05-21 02:25:00+00:00,86.75,86.8,86.72,86.74,692.8416,60120.788871,SOLUSDT,bybit
2026-05-21 02:30:00+00:00,86.74,86.75,86.68,86.7,232.5069,20159.911474,SOLUSDT,bybit
2026-05-21 02:35:00+00:00,86.7,86.84,86.68,86.77,654.6562,56809.444079,SOLUSDT,bybit
2026-05-21 02:40:00+00:00,86.77,86.78,86.71,86.74,632.3738,54860.3198,SOLUSDT,bybit
2026-05-21 02:45:00+00:00,86.74,86.74,86.66,86.66,104.184,9032.368597,SOLUSDT,bybit
2026-05-21 02:50:00+00:00,86.66,86.75,86.64,86.64,475.3031,41207.083743,SOLUSDT,bybit
2026-05-21 02:55:00+00:00,86.64,86.68,86.62,86.62,69.5457,6026.174535,SOLUSDT,bybit
2026-05-21 03:00:00+00:00,86.62,86.62,86.54,86.57,463.2389,40105.530071,SOLUSDT,bybit
2026-05-21 03:05:00+00:00,86.57,86.65,86.55,86.65,309.1237,26778.722192,SOLUSDT,bybit
2026-05-21 03:10:00+00:00,86.65,86.72,86.62,86.64,343.8765,29801.39434,SOLUSDT,bybit
2026-05-21 03:15:00+00:00,86.64,86.64,86.55,86.6,524.5706,45408.595322,SOLUSDT,bybit
2026-05-21 03:20:00+00:00,86.6,86.78,86.6,86.77,1586.6163,137619.632474,SOLUSDT,bybit
2026-05-21 03:25:00+00:00,86.77,86.82,86.75,86.79,516.2323,44802.823941,SOLUSDT,bybit
2026-05-21 03:30:00+00:00,86.79,86.83,86.76,86.79,383.2875,33271.742066,SOLUSDT,bybit
2026-05-21 03:35:00+00:00,86.79,86.82,86.77,86.8,167.1522,14508.137866,SOLUSDT,bybit
2026-05-21 03:40:00+00:00,86.8,86.81,86.75,86.77,316.0126,27424.069506,SOLUSDT,bybit
2026-05-21 03:45:00+00:00,86.77,86.81,86.7,86.7,2699.4227,234278.386375,SOLUSDT,bybit
2026-05-21 03:50:00+00:00,86.7,86.82,86.7,86.81,3756.1864,325859.026572,SOLUSDT,bybit
2026-05-21 03:55:00+00:00,86.81,86.92,86.81,86.84,616.3945,53544.140673,SOLUSDT,bybit
2026-05-21 04:00:00+00:00,86.84,86.94,86.84,86.91,346.9528,30150.439981,SOLUSDT,bybit
2026-05-21 04:05:00+00:00,86.91,87.21,86.84,87.0,6845.9754,596067.532418,SOLUSDT,bybit
2026-05-21 04:10:00+00:00,87.0,87.0,86.86,86.86,7563.9261,657741.009404,SOLUSDT,bybit
2026-05-21 04:15:00+00:00,86.86,87.02,86.86,86.9,2702.5434,235023.843684,SOLUSDT,bybit
2026-05-21 04:20:00+00:00,86.9,87.0,86.88,86.98,407.5908,35446.84401,SOLUSDT,bybit
2026-05-21 04:25:00+00:00,86.98,87.04,86.92,86.94,199.8788,17384.923644,SOLUSDT,bybit
2026-05-21 04:30:00+00:00,86.94,87.0,86.83,86.85,2263.4633,196690.968312,SOLUSDT,bybit
2026-05-21 04:35:00+00:00,86.85,86.98,86.75,86.98,828.6144,71950.844387,SOLUSDT,bybit
2026-05-21 04:40:00+00:00,86.98,87.02,86.96,86.99,204.7092,17807.936425,SOLUSDT,bybit
2026-05-21 04:45:00+00:00,86.99,87.08,86.96,87.05,1563.8633,136101.401879,SOLUSDT,bybit
2026-05-21 04:50:00+00:00,87.05,87.1,87.01,87.04,1474.7998,128373.451138,SOLUSDT,bybit
2026-05-21 04:55:00+00:00,87.04,87.21,86.98,86.99,10876.3387,946973.348221,SOLUSDT,bybit
2026-05-21 05:00:00+00:00,86.99,87.11,86.96,87.09,3418.7441,297544.459438,SOLUSDT,bybit
2026-05-21 05:05:00+00:00,87.09,87.09,86.93,86.93,649.6665,56543.316313,SOLUSDT,bybit
2026-05-21 05:10:00+00:00,86.93,86.95,86.77,86.8,945.7249,82129.686376,SOLUSDT,bybit
2026-05-21 05:15:00+00:00,86.8,86.86,86.75,86.84,706.4769,61320.861131,SOLUSDT,bybit
2026-05-21 05:20:00+00:00,86.84,86.89,86.72,86.74,1299.0885,112735.74056,SOLUSDT,bybit
2026-05-21 05:25:00+00:00,86.74,86.74,86.64,86.65,628.5435,54481.644782,SOLUSDT,bybit
2026-05-21 05:30:00+00:00,86.65,86.7,86.57,86.68,990.2931,85786.767082,SOLUSDT,bybit
2026-05-21 05:35:00+00:00,86.68,86.7,86.63,86.67,242.6827,21031.128558,SOLUSDT,bybit
2026-05-21 05:40:00+00:00,86.67,86.7,86.61,86.63,288.5058,24997.928929,SOLUSDT,bybit
2026-05-21 05:45:00+00:00,86.63,86.65,86.36,86.45,2188.6828,189242.627839,SOLUSDT,bybit
2026-05-21 05:50:00+00:00,86.45,86.56,86.43,86.53,3277.1517,283463.630607,SOLUSDT,bybit
2026-05-21 05:55:00+00:00,86.53,86.53,86.44,86.5,594.3646,51405.704296,SOLUSDT,bybit
2026-05-21 06:00:00+00:00,86.5,86.57,86.44,86.52,703.5458,60843.849573,SOLUSDT,bybit
2026-05-21 06:05:00+00:00,86.52,86.56,86.33,86.35,2392.4167,206977.529489,SOLUSDT,bybit
2026-05-21 06:10:00+00:00,86.35,86.43,86.33,86.39,1816.2838,156884.849012,SOLUSDT,bybit
2026-05-21 06:15:00+00:00,86.39,86.41,86.28,86.3,388.5554,33544.161527,SOLUSDT,bybit
2026-05-21 06:20:00+00:00,86.3,86.51,86.3,86.44,1745.8644,150924.873272,SOLUSDT,bybit
2026-05-21 06:25:00+00:00,86.44,86.59,86.37,86.48,2221.8858,192199.767267,SOLUSDT,bybit
2026-05-21 06:30:00+00:00,86.48,86.59,86.48,86.53,347.9187,30105.808806,SOLUSDT,bybit
2026-05-21 06:35:00+00:00,86.53,86.54,86.44,86.47,386.6736,33436.815109,SOLUSDT,bybit
2026-05-21 06:40:00+00:00,86.47,86.47,86.3,86.35,757.1269,65406.223004,SOLUSDT,bybit
2026-05-21 06:45:00+00:00,86.35,86.35,86.21,86.28,805.0813,69459.541232,SOLUSDT,bybit
2026-05-21 06:50:00+00:00,86.28,86.38,86.23,86.32,735.6254,63506.477888,SOLUSDT,bybit
2026-05-21 06:55:00+00:00,86.32,86.32,86.25,86.31,759.3419,65528.782299,SOLUSDT,bybit
2026-05-21 07:00:00+00:00,86.31,86.43,86.26,86.26,732.3512,63232.583785,SOLUSDT,bybit
2026-05-21 07:05:00+00:00,86.26,86.47,86.26,86.39,1570.2838,135706.523162,SOLUSDT,bybit
2026-05-21 07:10:00+00:00,86.39,86.43,86.34,86.41,1022.3875,88319.450098,SOLUSDT,bybit
2026-05-21 07:15:00+00:00,86.41,86.44,86.31,86.39,443.5191,38304.919525,SOLUSDT,bybit
2026-05-21 07:20:00+00:00,86.39,86.43,86.36,86.43,252.5524,21819.075042,SOLUSDT,bybit
2026-05-21 07:25:00+00:00,86.43,86.52,86.42,86.48,1044.0583,90304.444557,SOLUSDT,bybit
2026-05-21 07:30:00+00:00,86.48,86.58,86.48,86.55,1382.9372,119657.335253,SOLUSDT,bybit
2026-05-21 07:35:00+00:00,86.55,86.6,86.53,86.57,1159.0298,100331.600488,SOLUSDT,bybit
2026-05-21 07:40:00+00:00,86.57,86.62,86.57,86.58,1527.2098,132228.745654,SOLUSDT,bybit
2026-05-21 07:45:00+00:00,86.58,86.64,86.56,86.64,1294.4362,112095.216492,SOLUSDT,bybit
2026-05-21 07:50:00+00:00,86.64,86.65,86.6,86.64,1381.5936,119691.488812,SOLUSDT,bybit
2026-05-21 07:55:00+00:00,86.64,86.72,86.63,86.63,1971.1112,170850.005422,SOLUSDT,bybit
2026-05-21 08:00:00+00:00,86.63,86.87,86.62,86.87,2759.9758,239196.39362,SOLUSDT,bybit
2026-05-21 08:05:00+00:00,86.87,87.1,86.85,87.0,3692.4659,321144.431132,SOLUSDT,bybit
2026-05-21 08:10:00+00:00,87.0,87.14,86.94,87.13,2158.6257,187827.444297,SOLUSDT,bybit
2026-05-21 08:15:00+00:00,87.13,87.21,86.99,87.0,2247.9611,195812.949999,SOLUSDT,bybit
2026-05-21 08:20:00+00:00,87.0,87.04,86.88,86.98,1503.8129,130736.382092,SOLUSDT,bybit
2026-05-21 08:25:00+00:00,86.98,87.08,86.89,87.05,1962.1939,170653.383554,SOLUSDT,bybit
2026-05-21 08:30:00+00:00,87.05,87.05,86.8,86.82,1988.0199,172750.942968,SOLUSDT,bybit
2026-05-21 08:35:00+00:00,86.82,86.94,86.78,86.83,1858.6921,161449.909688,SOLUSDT,bybit
2026-05-21 08:40:00+00:00,86.83,86.87,86.82,86.85,193.8645,16834.242026,SOLUSDT,bybit
2026-05-21 08:45:00+00:00,86.85,86.87,86.77,86.79,668.0339,57993.19404,SOLUSDT,bybit
2026-05-21 08:50:00+00:00,86.79,86.79,86.71,86.74,333.5365,28935.456139,SOLUSDT,bybit
2026-05-21 08:55:00+00:00,86.74,86.98,86.73,86.86,2279.3449,198062.213572,SOLUSDT,bybit
2026-05-21 09:00:00+00:00,86.86,86.98,86.82,86.96,1190.0964,103412.10993,SOLUSDT,bybit
2026-05-21 09:05:00+00:00,86.96,87.07,86.87,86.91,2768.4132,240689.272366,SOLUSDT,bybit
2026-05-21 09:10:00+00:00,86.91,86.92,86.86,86.87,1668.47,144963.924062,SOLUSDT,bybit
2026-05-21 09:15:00+00:00,86.87,86.94,86.81,86.85,422.4313,36692.775387,SOLUSDT,bybit
2026-05-21 09:20:00+00:00,86.85,86.96,86.85,86.91,193.3135,16803.42665,SOLUSDT,bybit
2026-05-21 09:25:00+00:00,86.91,86.96,86.88,86.88,681.9797,59277.90686,SOLUSDT,bybit
2026-05-21 09:30:00+00:00,86.88,86.91,86.63,86.64,744.6432,64587.956761,SOLUSDT,bybit
2026-05-21 09:35:00+00:00,86.64,86.68,86.46,86.46,1167.7996,101146.087222,SOLUSDT,bybit
2026-05-21 09:40:00+00:00,86.46,86.59,86.46,86.52,397.9601,34442.186591,SOLUSDT,bybit
2026-05-21 09:45:00+00:00,86.52,86.59,86.5,86.55,646.9929,56010.390256,SOLUSDT,bybit
2026-05-21 09:50:00+00:00,86.55,86.56,86.47,86.52,353.8544,30609.505333,SOLUSDT,bybit
2026-05-21 09:55:00+00:00,86.52,86.57,86.49,86.5,258.6089,22376.657185,SOLUSDT,bybit
2026-05-21 10:00:00+00:00,86.5,86.57,86.46,86.53,176.3607,15257.123359,SOLUSDT,bybit
2026-05-21 10:05:00+00:00,86.53,86.56,86.5,86.56,673.9633,58315.600042,SOLUSDT,bybit
2026-05-21 10:10:00+00:00,86.56,86.6,86.54,86.59,184.821,16001.501849,SOLUSDT,bybit
2026-05-21 10:15:00+00:00,86.59,86.67,86.58,86.63,601.1056,52076.538953,SOLUSDT,bybit
2026-05-21 10:20:00+00:00,86.63,86.65,86.57,86.62,252.3274,21853.713959,SOLUSDT,bybit
2026-05-21 10:25:00+00:00,86.62,86.62,85.76,85.99,14450.906,1245859.104666,SOLUSDT,bybit
2026-05-21 10:30:00+00:00,85.99,86.11,85.72,86.04,2470.0053,212130.223711,SOLUSDT,bybit
2026-05-21 10:35:00+00:00,86.04,86.11,85.86,85.88,1567.4865,134850.788993,SOLUSDT,bybit
2026-05-21 10:40:00+00:00,85.88,86.01,85.85,85.99,1733.9803,149036.821398,SOLUSDT,bybit
2026-05-21 10:45:00+00:00,85.99,86.01,85.87,85.97,526.2942,45238.664706,SOLUSDT,bybit
2026-05-21 10:50:00+00:00,85.97,85.99,85.81,85.95,1547.7272,132968.302765,SOLUSDT,bybit
2026-05-21 10:55:00+00:00,85.95,85.96,85.73,85.74,1118.8515,96022.912652,SOLUSDT,bybit
2026-05-21 11:00:00+00:00,85.74,85.88,85.62,85.81,1995.2551,171022.061787,SOLUSDT,bybit
2026-05-21 11:05:00+00:00,85.81,85.83,85.73,85.79,1262.5132,108298.33835,SOLUSDT,bybit
2026-05-21 11:10:00+00:00,85.79,85.91,85.79,85.88,1048.352,90015.804389,SOLUSDT,bybit
2026-05-21 11:15:00+00:00,85.88,85.94,85.83,85.83,452.7434,38892.208165,SOLUSDT,bybit
2026-05-21 11:20:00+00:00,85.83,85.9,85.76,85.81,1215.2921,104311.417892,SOLUSDT,bybit
2026-05-21 11:25:00+00:00,85.81,85.85,85.76,85.83,277.5259,23817.165709,SOLUSDT,bybit
2026-05-21 11:30:00+00:00,85.83,85.93,85.78,85.79,420.5973,36113.25457,SOLUSDT,bybit
2026-05-21 11:35:00+00:00,85.79,85.83,85.7,85.76,1174.7381,100751.662006,SOLUSDT,bybit
2026-05-21 11:40:00+00:00,85.76,85.83,85.73,85.76,1027.7985,88140.02515,SOLUSDT,bybit
2026-05-21 11:45:00+00:00,85.76,85.76,85.69,85.7,772.4279,66204.138585,SOLUSDT,bybit
2026-05-21 11:50:00+00:00,85.7,85.73,85.66,85.66,1016.4967,87102.857939,SOLUSDT,bybit
2026-05-21 11:55:00+00:00,85.66,85.67,85.58,85.6,2618.1303,224148.44627,SOLUSDT,bybit
2026-05-21 12:00:00+00:00,85.6,85.74,85.57,85.72,5669.7569,485563.728918,SOLUSDT,bybit
2026-05-21 12:05:00+00:00,85.72,85.72,85.57,85.65,2394.595,205087.619235,SOLUSDT,bybit
2026-05-21 12:10:00+00:00,85.65,85.66,85.51,85.6,735.3294,62928.034669,SOLUSDT,bybit
2026-05-21 12:15:00+00:00,85.6,85.69,85.58,85.69,639.6497,54772.294736,SOLUSDT,bybit
2026-05-21 12:20:00+00:00,85.69,85.7,85.55,85.61,397.3153,34005.619415,SOLUSDT,bybit
2026-05-21 12:25:00+00:00,85.61,85.67,85.52,85.54,810.329,69330.742727,SOLUSDT,bybit
2026-05-21 12:30:00+00:00,85.54,85.77,85.43,85.76,3122.1014,267240.068669,SOLUSDT,bybit
2026-05-21 12:35:00+00:00,85.76,85.86,85.68,85.81,681.025,58405.432109,SOLUSDT,bybit
2026-05-21 12:40:00+00:00,85.81,85.82,85.69,85.72,850.8581,72947.35772,SOLUSDT,bybit
2026-05-21 12:45:00+00:00,85.72,85.82,85.7,85.77,379.4791,32543.002571,SOLUSDT,bybit
2026-05-21 12:50:00+00:00,85.77,85.82,85.71,85.79,518.4581,44473.017203,SOLUSDT,bybit
2026-05-21 12:55:00+00:00,85.79,85.85,85.74,85.77,1022.0588,87678.199933,SOLUSDT,bybit
2026-05-21 13:00:00+00:00,85.77,85.95,85.72,85.89,822.8517,70667.58516,SOLUSDT,bybit
2026-05-21 13:05:00+00:00,85.89,85.99,85.85,85.98,980.8908,84287.31647,SOLUSDT,bybit
2026-05-21 13:10:00+00:00,85.98,86.0,85.93,85.94,1012.0538,86994.985001,SOLUSDT,bybit
2026-05-21 13:15:00+00:00,85.94,85.97,85.86,85.95,548.1567,47093.934587,SOLUSDT,bybit
2026-05-21 13:20:00+00:00,85.95,86.1,85.91,86.05,1218.4601,104863.69664,SOLUSDT,bybit
2026-05-21 13:25:00+00:00,86.05,86.08,85.99,86.07,896.2362,77108.159962,SOLUSDT,bybit
2026-05-21 13:30:00+00:00,86.07,86.1,85.67,85.89,2700.5473,231934.359199,SOLUSDT,bybit
2026-05-21 13:35:00+00:00,85.89,85.89,85.46,85.5,2473.0948,211820.184876,SOLUSDT,bybit
2026-05-21 13:40:00+00:00,85.5,85.64,85.31,85.37,1679.0423,143560.66027,SOLUSDT,bybit
2026-05-21 13:45:00+00:00,85.37,85.7,85.37,85.44,1285.5564,109964.172314,SOLUSDT,bybit
2026-05-21 13:50:00+00:00,85.44,85.99,85.44,85.9,4727.9946,405508.528136,SOLUSDT,bybit
2026-05-21 13:55:00+00:00,85.9,86.12,85.9,86.08,4139.4109,356118.881297,SOLUSDT,bybit
2026-05-21 14:00:00+00:00,86.08,86.47,86.04,86.4,5156.1611,444816.677199,SOLUSDT,bybit
2026-05-21 14:05:00+00:00,86.4,86.41,85.96,86.13,2920.7857,251454.415649,SOLUSDT,bybit
2026-05-21 14:10:00+00:00,86.13,86.18,85.91,86.04,3605.087,310254.314677,SOLUSDT,bybit
2026-05-21 14:15:00+00:00,86.04,86.05,85.76,85.83,1898.1174,163018.439265,SOLUSDT,bybit
2026-05-21 14:20:00+00:00,85.83,85.93,85.61,85.88,3042.4556,261103.47015,SOLUSDT,bybit
2026-05-21 14:25:00+00:00,85.88,86.06,85.85,85.99,2389.3908,205446.097498,SOLUSDT,bybit
2026-05-21 14:30:00+00:00,85.99,86.28,85.99,86.21,5433.4688,468409.825378,SOLUSDT,bybit
2026-05-21 14:35:00+00:00,86.21,86.5,86.2,86.38,5864.13,506493.718103,SOLUSDT,bybit
2026-05-21 14:40:00+00:00,86.38,86.44,85.95,86.02,6547.3527,564688.190663,SOLUSDT,bybit
2026-05-21 14:45:00+00:00,86.02,86.09,85.82,85.9,1816.3739,156048.036,SOLUSDT,bybit
2026-05-21 14:50:00+00:00,85.9,86.08,85.82,86.01,866.6414,74480.499946,SOLUSDT,bybit
2026-05-21 14:55:00+00:00,86.01,86.1,85.96,86.0,548.7277,47199.275139,SOLUSDT,bybit
2026-05-21 15:00:00+00:00,86.0,86.14,85.99,86.12,729.0095,62734.093024,SOLUSDT,bybit
2026-05-21 15:05:00+00:00,86.12,86.12,85.9,86.03,1472.6732,126673.729924,SOLUSDT,bybit
2026-05-21 15:10:00+00:00,86.03,86.56,85.99,86.38,7171.823,619381.92444,SOLUSDT,bybit
2026-05-21 15:15:00+00:00,86.38,86.69,86.36,86.67,9805.0191,848288.072769,SOLUSDT,bybit
2026-05-21 15:20:00+00:00,86.67,86.84,86.61,86.68,4539.9992,393744.28693,SOLUSDT,bybit
2026-05-21 15:25:00+00:00,86.68,86.89,86.65,86.82,3932.0454,341129.81106,SOLUSDT,bybit
2026-05-21 15:30:00+00:00,86.82,86.88,86.4,86.45,6662.8001,577726.093089,SOLUSDT,bybit
2026-05-21 15:35:00+00:00,86.45,86.61,86.42,86.48,4265.8083,368918.274914,SOLUSDT,bybit
2026-05-21 15:40:00+00:00,86.48,86.61,86.43,86.45,1418.5337,122731.000656,SOLUSDT,bybit
2026-05-21 15:45:00+00:00,86.45,86.75,86.45,86.59,1199.7169,103888.401284,SOLUSDT,bybit
2026-05-21 15:50:00+00:00,86.59,86.66,86.32,86.32,1654.8918,143119.778526,SOLUSDT,bybit
2026-05-21 15:55:00+00:00,86.32,86.52,86.31,86.46,898.2817,77673.191642,SOLUSDT,bybit
2026-05-21 16:00:00+00:00,86.46,86.6,86.42,86.47,1574.4002,136180.832437,SOLUSDT,bybit
2026-05-21 16:05:00+00:00,86.47,86.56,86.44,86.55,1619.4856,140086.599607,SOLUSDT,bybit
2026-05-21 16:10:00+00:00,86.55,86.6,86.28,86.34,3360.6531,290453.711025,SOLUSDT,bybit
2026-05-21 16:15:00+00:00,86.34,86.36,86.18,86.27,1227.5712,105913.201649,SOLUSDT,bybit
2026-05-21 16:20:00+00:00,86.27,86.34,86.2,86.26,1037.8546,89510.999573,SOLUSDT,bybit
2026-05-21 16:25:00+00:00,86.26,86.34,86.14,86.3,1381.2417,119085.791605,SOLUSDT,bybit
2026-05-21 16:30:00+00:00,86.3,86.54,86.3,86.39,721.9629,62416.401793,SOLUSDT,bybit
2026-05-21 16:35:00+00:00,86.39,86.41,86.13,86.2,1282.1803,110594.747106,SOLUSDT,bybit
2026-05-21 16:40:00+00:00,86.2,86.23,86.1,86.17,709.524,61135.335031,SOLUSDT,bybit
2026-05-21 16:45:00+00:00,86.17,86.22,86.09,86.14,409.6248,35285.46045,SOLUSDT,bybit
2026-05-21 16:50:00+00:00,86.14,86.27,86.04,86.25,953.2649,82158.451148,SOLUSDT,bybit
2026-05-21 16:55:00+00:00,86.25,86.29,86.23,86.28,246.7896,21289.748976,SOLUSDT,bybit
2026-05-21 17:00:00+00:00,86.28,86.41,86.26,86.27,531.5642,45901.594143,SOLUSDT,bybit
2026-05-21 17:05:00+00:00,86.27,86.28,86.19,86.25,1656.2237,142824.299509,SOLUSDT,bybit
2026-05-21 17:10:00+00:00,86.25,86.83,86.25,86.73,6236.1073,540214.946266,SOLUSDT,bybit
2026-05-21 17:15:00+00:00,86.73,87.23,86.7,87.05,11206.4341,975427.82648,SOLUSDT,bybit
2026-05-21 17:20:00+00:00,87.05,87.63,87.05,87.6,18157.0537,1586862.331193,SOLUSDT,bybit
2026-05-21 17:25:00+00:00,87.6,88.0,87.6,87.83,52775.7353,4633376.037335,SOLUSDT,bybit
2026-05-21 17:30:00+00:00,87.83,88.0,87.54,87.62,11984.085,1051145.983071,SOLUSDT,bybit
2026-05-21 17:35:00+00:00,87.62,87.71,87.58,87.6,15439.2419,1353207.017279,SOLUSDT,bybit
2026-05-21 17:40:00+00:00,87.6,87.71,87.46,87.58,17645.3789,1545393.666908,SOLUSDT,bybit
2026-05-21 17:45:00+00:00,87.58,87.63,87.39,87.58,3871.2294,338851.647755,SOLUSDT,bybit
2026-05-21 17:50:00+00:00,87.58,87.92,87.54,87.86,2107.7278,185061.287699,SOLUSDT,bybit
2026-05-21 17:55:00+00:00,87.86,87.99,87.6,87.61,3661.3831,321589.128149,SOLUSDT,bybit
2026-05-21 18:00:00+00:00,87.61,87.76,87.41,87.42,4445.2382,389340.363302,SOLUSDT,bybit
2026-05-21 18:05:00+00:00,87.42,87.59,87.35,87.53,3062.7572,267891.414829,SOLUSDT,bybit
2026-05-21 18:10:00+00:00,87.53,87.56,87.39,87.53,1557.5853,136249.884345,SOLUSDT,bybit
2026-05-21 18:15:00+00:00,87.53,87.67,87.41,87.65,2323.7389,203451.955598,SOLUSDT,bybit
2026-05-21 18:20:00+00:00,87.65,87.77,87.57,87.77,2184.7825,191570.770884,SOLUSDT,bybit
2026-05-21 18:25:00+00:00,87.77,87.8,87.57,87.57,1209.7177,106094.211269,SOLUSDT,bybit
2026-05-21 18:30:00+00:00,87.57,87.67,87.52,87.63,1193.6832,104602.485309,SOLUSDT,bybit
2026-05-21 18:35:00+00:00,87.63,87.65,87.55,87.55,514.5318,45077.851097,SOLUSDT,bybit
2026-05-21 18:40:00+00:00,87.55,87.7,87.55,87.62,941.2546,82489.282199,SOLUSDT,bybit
2026-05-21 18:45:00+00:00,87.62,87.64,87.11,87.14,3808.3701,332735.136255,SOLUSDT,bybit
2026-05-21 18:50:00+00:00,87.14,87.28,86.85,86.85,9195.4251,800531.234418,SOLUSDT,bybit
2026-05-21 18:55:00+00:00,86.85,87.1,86.79,87.1,2376.0961,206650.377783,SOLUSDT,bybit
2026-05-21 19:00:00+00:00,87.1,87.29,87.07,87.21,2349.9292,204920.595449,SOLUSDT,bybit
2026-05-21 19:05:00+00:00,87.21,87.48,87.2,87.48,1258.6416,109927.20739,SOLUSDT,bybit
2026-05-21 19:10:00+00:00,87.48,87.58,87.44,87.47,1597.3875,139797.940639,SOLUSDT,bybit
2026-05-21 19:15:00+00:00,87.47,87.56,87.38,87.56,855.8466,74856.008005,SOLUSDT,bybit
2026-05-21 19:20:00+00:00,87.56,87.56,87.45,87.48,1655.8731,144911.685398,SOLUSDT,bybit
2026-05-21 19:25:00+00:00,87.48,87.56,87.41,87.44,1508.7248,131959.782976,SOLUSDT,bybit
2026-05-21 19:30:00+00:00,87.44,87.54,87.44,87.51,584.6386,51146.013013,SOLUSDT,bybit
2026-05-21 19:35:00+00:00,87.51,87.68,87.51,87.61,732.0953,64149.525706,SOLUSDT,bybit
2026-05-21 19:40:00+00:00,87.61,87.66,87.52,87.55,1009.3049,88390.437947,SOLUSDT,bybit
2026-05-21 19:45:00+00:00,87.55,87.67,87.52,87.6,739.1669,64723.264425,SOLUSDT,bybit
2026-05-21 19:50:00+00:00,87.6,87.86,87.6,87.72,3167.9973,277946.71749,SOLUSDT,bybit
2026-05-21 19:55:00+00:00,87.72,87.92,87.66,87.83,3053.592,268192.715649,SOLUSDT,bybit
2026-05-21 20:00:00+00:00,87.83,87.92,87.74,87.77,1033.7861,90807.226755,SOLUSDT,bybit
2026-05-21 20:05:00+00:00,87.77,87.92,87.74,87.91,890.5133,78257.135294,SOLUSDT,bybit
2026-05-21 20:10:00+00:00,87.91,87.92,87.78,87.82,1926.2794,169230.132024,SOLUSDT,bybit
2026-05-21 20:15:00+00:00,87.82,87.86,87.7,87.8,957.5409,84049.829055,SOLUSDT,bybit
2026-05-21 20:20:00+00:00,87.8,87.8,87.75,87.76,558.9739,49063.234684,SOLUSDT,bybit
2026-05-21 20:25:00+00:00,87.76,87.8,87.66,87.69,747.4924,65585.957872,SOLUSDT,bybit
2026-05-21 20:30:00+00:00,87.69,87.78,87.69,87.77,311.748,27359.704076,SOLUSDT,bybit
2026-05-21 20:35:00+00:00,87.77,87.82,87.59,87.61,350.4542,30752.638782,SOLUSDT,bybit
2026-05-21 20:40:00+00:00,87.61,87.64,87.57,87.64,518.447,45416.440915,SOLUSDT,bybit
2026-05-21 20:45:00+00:00,87.64,87.82,87.64,87.74,545.3961,47837.737083,SOLUSDT,bybit
2026-05-21 20:50:00+00:00,87.74,87.76,87.51,87.53,444.6521,38949.0165,SOLUSDT,bybit
2026-05-21 20:55:00+00:00,87.53,87.58,87.53,87.57,911.4182,79808.666908,SOLUSDT,bybit
2026-05-21 21:00:00+00:00,87.57,87.7,87.57,87.59,443.6575,38874.243534,SOLUSDT,bybit
2026-05-21 21:05:00+00:00,87.59,87.65,87.58,87.65,307.1103,26904.525481,SOLUSDT,bybit
2026-05-21 21:10:00+00:00,87.65,87.69,87.53,87.56,630.9367,55287.80711,SOLUSDT,bybit
2026-05-21 21:15:00+00:00,87.56,87.6,87.5,87.5,804.3604,70425.607182,SOLUSDT,bybit
2026-05-21 21:20:00+00:00,87.5,87.57,87.49,87.57,112.8929,9879.393646,SOLUSDT,bybit
2026-05-21 21:25:00+00:00,87.57,87.57,87.49,87.49,381.1028,33349.614008,SOLUSDT,bybit
2026-05-21 21:30:00+00:00,87.49,87.54,87.33,87.52,2369.6017,207127.515537,SOLUSDT,bybit
2026-05-21 21:35:00+00:00,87.52,87.55,87.47,87.48,965.8382,84525.968616,SOLUSDT,bybit
2026-05-21 21:40:00+00:00,87.48,87.48,87.37,87.37,433.6608,37907.436711,SOLUSDT,bybit
2026-05-21 21:45:00+00:00,87.37,87.45,87.33,87.38,196.6186,17183.493163,SOLUSDT,bybit
2026-05-21 21:50:00+00:00,87.38,87.52,87.37,87.43,3892.9395,340552.94867,SOLUSDT,bybit
2026-05-21 21:55:00+00:00,87.43,87.43,87.33,87.36,1162.5459,101599.10957,SOLUSDT,bybit
2026-05-21 22:00:00+00:00,87.36,87.49,87.25,87.42,1885.3624,164744.560772,SOLUSDT,bybit
2026-05-21 22:05:00+00:00,87.42,87.51,87.38,87.44,579.6821,50698.190452,SOLUSDT,bybit
2026-05-21 22:10:00+00:00,87.44,87.44,87.32,87.35,271.1379,23688.56909,SOLUSDT,bybit
2026-05-21 22:15:00+00:00,87.35,87.35,87.24,87.33,410.428,35832.110356,SOLUSDT,bybit
2026-05-21 22:20:00+00:00,87.33,87.33,87.27,87.3,215.304,18793.629928,SOLUSDT,bybit
2026-05-21 22:25:00+00:00,87.3,87.4,87.3,87.37,658.7596,57551.004117,SOLUSDT,bybit
2026-05-21 22:30:00+00:00,87.37,87.43,87.29,87.29,278.6069,24345.093738,SOLUSDT,bybit
2026-05-21 22:35:00+00:00,87.29,87.3,87.13,87.13,817.2945,71262.091816,SOLUSDT,bybit
2026-05-21 22:40:00+00:00,87.13,87.31,87.13,87.26,1181.4339,103103.047473,SOLUSDT,bybit
2026-05-21 22:45:00+00:00,87.26,87.31,87.23,87.24,521.5726,45532.41541,SOLUSDT,bybit
2026-05-21 22:50:00+00:00,87.24,87.24,87.2,87.22,203.6775,17763.673338,SOLUSDT,bybit
2026-05-21 22:55:00+00:00,87.22,87.23,87.18,87.2,374.5568,32659.816739,SOLUSDT,bybit
2026-05-21 23:00:00+00:00,87.2,87.27,87.13,87.24,241.7528,21070.990128,SOLUSDT,bybit
2026-05-21 23:05:00+00:00,87.24,87.33,87.22,87.32,291.023,25402.152712,SOLUSDT,bybit
2026-05-21 23:10:00+00:00,87.32,87.32,87.07,87.08,564.4721,49236.126136,SOLUSDT,bybit
2026-05-21 23:15:00+00:00,87.08,87.13,87.01,87.13,611.3602,53235.349644,SOLUSDT,bybit
2026-05-21 23:20:00+00:00,87.13,87.14,87.06,87.11,380.1874,33108.987368,SOLUSDT,bybit
2026-05-21 23:25:00+00:00,87.11,87.19,87.09,87.14,172.177,15004.938612,SOLUSDT,bybit
2026-05-21 23:30:00+00:00,87.14,87.24,87.11,87.24,378.3555,32985.742676,SOLUSDT,bybit
2026-05-21 23:35:00+00:00,87.24,87.33,87.22,87.3,1330.1147,116093.766638,SOLUSDT,bybit
2026-05-21 23:40:00+00:00,87.3,87.38,87.27,87.27,1299.9294,113535.457913,SOLUSDT,bybit
2026-05-21 23:45:00+00:00,87.27,87.31,87.24,87.29,182.6079,15937.586769,SOLUSDT,bybit
2026-05-21 23:50:00+00:00,87.29,87.37,87.26,87.28,1005.7422,87800.397184,SOLUSDT,bybit
2026-05-21 23:55:00+00:00,87.28,87.36,87.19,87.34,1080.8586,94355.245584,SOLUSDT,bybit
2026-05-22 00:00:00+00:00,87.34,87.35,87.21,87.21,617.1732,53880.460794,SOLUSDT,bybit
2026-05-22 00:05:00+00:00,87.21,87.22,87.16,87.18,931.8442,81249.730634,SOLUSDT,bybit
2026-05-22 00:10:00+00:00,87.18,87.18,87.04,87.06,389.4789,33919.149303,SOLUSDT,bybit
2026-05-22 00:15:00+00:00,87.06,87.22,87.06,87.08,159.142,13861.30097,SOLUSDT,bybit
2026-05-22 00:20:00+00:00,87.08,87.21,87.04,87.11,190.4911,16592.793909,SOLUSDT,bybit
2026-05-22 00:25:00+00:00,87.11,87.15,87.03,87.03,127.1476,11073.699322,SOLUSDT,bybit
2026-05-22 00:30:00+00:00,87.03,87.19,87.02,87.1,252.4143,21991.037999,SOLUSDT,bybit
2026-05-22 00:35:00+00:00,87.1,87.16,86.93,86.93,505.1579,43973.345475,SOLUSDT,bybit
2026-05-22 00:40:00+00:00,86.93,87.01,86.9,86.97,1378.4864,119831.079779,SOLUSDT,bybit
2026-05-22 00:45:00+00:00,86.97,87.06,86.89,86.93,302.7086,26322.65675,SOLUSDT,bybit
2026-05-22 00:50:00+00:00,86.93,86.97,86.87,86.87,155.6303,13527.134174,SOLUSDT,bybit
2026-05-22 00:55:00+00:00,86.87,86.94,86.83,86.84,547.351,47539.196924,SOLUSDT,bybit
2026-05-22 01:00:00+00:00,86.84,86.88,86.71,86.73,721.9185,62660.567006,SOLUSDT,bybit
2026-05-22 01:05:00+00:00,86.73,86.78,86.73,86.78,184.7933,16030.72792,SOLUSDT,bybit
2026-05-22 01:10:00+00:00,86.78,86.97,86.77,86.97,362.3787,31468.318055,SOLUSDT,bybit
2026-05-22 01:15:00+00:00,86.97,86.98,86.82,86.92,595.8442,51773.81009,SOLUSDT,bybit
2026-05-22 01:20:00+00:00,86.92,86.92,86.75,86.75,287.0645,24937.924224,SOLUSDT,bybit
2026-05-22 01:25:00+00:00,86.75,86.88,86.75,86.81,174.6921,15164.713546,SOLUSDT,bybit
2026-05-22 01:30:00+00:00,86.81,86.9,86.73,86.75,245.3123,21300.916824,SOLUSDT,bybit
2026-05-22 01:35:00+00:00,86.75,86.75,86.6,86.73,976.4831,84627.795936,SOLUSDT,bybit
2026-05-22 01:40:00+00:00,86.73,86.84,86.66,86.83,203.8484,17686.468574,SOLUSDT,bybit
2026-05-22 01:45:00+00:00,86.83,87.06,86.83,87.0,713.6907,62077.758829,SOLUSDT,bybit
2026-05-22 01:50:00+00:00,87.0,87.1,86.99,87.0,170.4992,14843.485545,SOLUSDT,bybit
2026-05-22 01:55:00+00:00,87.0,87.06,87.0,87.05,158.7171,13814.230259,SOLUSDT,bybit
2026-05-22 02:00:00+00:00,87.05,87.23,87.05,87.21,329.4255,28714.317175,SOLUSDT,bybit
2026-05-22 02:05:00+00:00,87.21,87.22,87.13,87.16,180.5195,15738.790558,SOLUSDT,bybit
2026-05-22 02:10:00+00:00,87.16,87.17,87.07,87.12,616.7747,53720.071351,SOLUSDT,bybit
2026-05-22 02:15:00+00:00,87.12,87.19,87.12,87.14,966.3474,84227.317944,SOLUSDT,bybit
2026-05-22 02:20:00+00:00,87.14,87.2,87.03,87.05,214.9936,18728.964902,SOLUSDT,bybit
2026-05-22 02:25:00+00:00,87.05,87.09,86.99,87.09,449.2266,39097.900976,SOLUSDT,bybit
2026-05-22 02:30:00+00:00,87.09,87.14,87.02,87.02,278.0314,24211.895643,SOLUSDT,bybit
2026-05-22 02:35:00+00:00,87.02,87.09,86.99,87.08,270.9328,23586.791621,SOLUSDT,bybit
2026-05-22 02:40:00+00:00,87.08,87.15,87.05,87.06,324.7066,28278.09995,SOLUSDT,bybit
2026-05-22 02:45:00+00:00,87.06,87.25,87.06,87.1,4125.0217,359546.552271,SOLUSDT,bybit
2026-05-22 02:50:00+00:00,87.1,87.15,87.06,87.07,156.1231,13596.736258,SOLUSDT,bybit
2026-05-22 02:55:00+00:00,87.07,87.22,87.07,87.17,156.6817,13658.652364,SOLUSDT,bybit
2026-05-22 03:00:00+00:00,87.17,87.29,87.17,87.29,201.049,17536.365189,SOLUSDT,bybit
2026-05-22 03:05:00+00:00,87.29,87.32,87.17,87.18,511.4463,44630.45115,SOLUSDT,bybit
2026-05-22 03:10:00+00:00,87.18,87.18,87.06,87.08,505.9689,44081.183786,SOLUSDT,bybit
2026-05-22 03:15:00+00:00,87.08,87.13,86.93,86.98,126.915,11042.503365,SOLUSDT,bybit
2026-05-22 03:20:00+00:00,86.98,87.09,86.95,87.02,166.8801,14522.198621,SOLUSDT,bybit
2026-05-22 03:25:00+00:00,87.02,87.03,86.98,87.02,87.2306,7590.041759,SOLUSDT,bybit
2026-05-22 03:30:00+00:00,87.02,87.11,87.0,87.09,329.8598,28716.98111,SOLUSDT,bybit
2026-05-22 03:35:00+00:00,87.09,87.1,87.0,87.04,576.3568,50155.021904,SOLUSDT,bybit
2026-05-22 03:40:00+00:00,87.04,87.07,86.99,87.0,450.0309,39163.63147,SOLUSDT,bybit
2026-05-22 03:45:00+00:00,87.0,87.03,86.97,87.03,133.984,11656.726516,SOLUSDT,bybit
2026-05-22 03:50:00+00:00,87.03,87.08,86.98,87.02,201.5845,17544.623863,SOLUSDT,bybit
2026-05-22 03:55:00+00:00,87.02,87.07,87.01,87.04,233.742,20345.720932,SOLUSDT,bybit
2026-05-22 04:00:00+00:00,87.04,87.16,87.04,87.13,461.2172,40177.783002,SOLUSDT,bybit
2026-05-22 04:05:00+00:00,87.13,87.25,87.13,87.23,1431.4588,124845.717386,SOLUSDT,bybit
2026-05-22 04:10:00+00:00,87.23,87.3,87.2,87.3,771.5672,67305.850951,SOLUSDT,bybit
2026-05-22 04:15:00+00:00,87.3,87.38,87.23,87.25,369.2532,32248.282963,SOLUSDT,bybit
2026-05-22 04:20:00+00:00,87.25,87.29,87.22,87.25,118.5796,10346.257906,SOLUSDT,bybit
2026-05-22 04:25:00+00:00,87.25,87.27,87.18,87.23,161.666,14099.886234,SOLUSDT,bybit
2026-05-22 04:30:00+00:00,87.23,87.25,87.18,87.23,144.676,12619.213421,SOLUSDT,bybit
2026-05-22 04:35:00+00:00,87.23,87.23,87.1,87.11,183.9716,16031.719377,SOLUSDT,bybit
2026-05-22 04:40:00+00:00,87.11,87.11,87.05,87.07,203.8499,17748.149315,SOLUSDT,bybit
2026-05-22 04:45:00+00:00,87.07,87.07,86.93,86.95,362.9342,31572.47451,SOLUSDT,bybit
2026-05-22 04:50:00+00:00,86.95,87.04,86.95,86.98,612.843,53313.032557,SOLUSDT,bybit
2026-05-22 04:55:00+00:00,86.98,87.03,86.96,86.99,142.9441,12434.964998,SOLUSDT,bybit
2026-05-22 05:00:00+00:00,86.99,87.01,86.95,86.96,280.1259,24362.095743,SOLUSDT,bybit
2026-05-22 05:05:00+00:00,86.96,87.08,86.96,87.07,159.3455,13868.140612,SOLUSDT,bybit
2026-05-22 05:10:00+00:00,87.07,87.15,87.06,87.09,579.816,50500.851525,SOLUSDT,bybit
2026-05-22 05:15:00+00:00,87.09,87.15,87.09,87.1,670.0004,58366.787063,SOLUSDT,bybit
2026-05-22 05:20:00+00:00,87.1,87.11,86.85,86.86,300.7179,26155.745872,SOLUSDT,bybit
2026-05-22 05:25:00+00:00,86.86,86.96,86.86,86.96,485.3876,42181.095698,SOLUSDT,bybit
2026-05-22 05:30:00+00:00,86.96,87.03,86.9,86.9,336.5024,29268.655718,SOLUSDT,bybit
2026-05-22 05:35:00+00:00,86.9,86.94,86.85,86.89,2057.0886,178753.137266,SOLUSDT,bybit
2026-05-22 05:40:00+00:00,86.89,86.97,86.78,86.94,572.1662,49714.492754,SOLUSDT,bybit
2026-05-22 05:45:00+00:00,86.94,87.05,86.93,87.05,294.8885,25649.766579,SOLUSDT,bybit
2026-05-22 05:50:00+00:00,87.05,87.14,86.99,87.0,486.1674,42330.012266,SOLUSDT,bybit
2026-05-22 05:55:00+00:00,87.0,87.01,86.74,86.82,295.5468,25663.672586,SOLUSDT,bybit
2026-05-22 06:00:00+00:00,86.82,86.85,86.75,86.83,401.942,34884.045125,SOLUSDT,bybit
2026-05-22 06:05:00+00:00,86.83,86.84,86.65,86.8,419.7218,36404.592485,SOLUSDT,bybit
2026-05-22 06:10:00+00:00,86.8,86.8,86.72,86.73,1479.5092,128354.961603,SOLUSDT,bybit
2026-05-22 06:15:00+00:00,86.73,86.75,86.67,86.73,447.3298,38783.071074,SOLUSDT,bybit
2026-05-22 06:20:00+00:00,86.73,86.77,86.63,86.63,243.2292,21088.451375,SOLUSDT,bybit
2026-05-22 06:25:00+00:00,86.63,86.64,86.52,86.61,2026.1726,175361.273096,SOLUSDT,bybit
2026-05-22 06:30:00+00:00,86.61,86.75,86.52,86.71,4194.1049,363404.786645,SOLUSDT,bybit
2026-05-22 06:35:00+00:00,86.71,86.79,86.68,86.76,305.8103,26521.15004,SOLUSDT,bybit
2026-05-22 06:40:00+00:00,86.76,86.85,86.71,86.84,480.8817,41731.319329,SOLUSDT,bybit
2026-05-22 06:45:00+00:00,86.84,86.85,86.73,86.82,335.1803,29091.572156,SOLUSDT,bybit
2026-05-22 06:50:00+00:00,86.82,86.86,86.74,86.78,273.0285,23700.743726,SOLUSDT,bybit
2026-05-22 06:55:00+00:00,86.78,86.81,86.65,86.72,634.1792,54999.830899,SOLUSDT,bybit
2026-05-22 07:00:00+00:00,86.72,86.75,86.55,86.66,1132.1032,98061.876116,SOLUSDT,bybit
2026-05-22 07:05:00+00:00,86.66,86.72,86.55,86.65,1312.3452,113636.085024,SOLUSDT,bybit
2026-05-22 07:10:00+00:00,86.65,86.82,86.63,86.71,1993.8064,173037.083313,SOLUSDT,bybit
2026-05-22 07:15:00+00:00,86.71,86.96,86.71,86.96,1376.5609,119581.671806,SOLUSDT,bybit
2026-05-22 07:20:00+00:00,86.96,87.02,86.78,86.93,11237.1979,976317.916364,SOLUSDT,bybit
2026-05-22 07:25:00+00:00,86.93,87.05,86.91,87.03,1483.552,129068.674523,SOLUSDT,bybit
2026-05-22 07:30:00+00:00,87.03,87.13,87.01,87.01,2064.3404,179767.303261,SOLUSDT,bybit
2026-05-22 07:35:00+00:00,87.01,87.1,87.01,87.04,488.7853,42548.964644,SOLUSDT,bybit
2026-05-22 07:40:00+00:00,87.04,87.17,87.04,87.13,1027.8022,89558.565855,SOLUSDT,bybit
2026-05-22 07:45:00+00:00,87.13,87.13,87.05,87.07,450.0001,39184.865213,SOLUSDT,bybit
2026-05-22 07:50:00+00:00,87.07,87.07,87.01,87.06,430.009,37432.16432,SOLUSDT,bybit
2026-05-22 07:55:00+00:00,87.06,87.07,86.97,86.99,2392.3331,208184.418653,SOLUSDT,bybit
2026-05-22 08:00:00+00:00,86.99,87.19,86.96,87.15,1467.1418,127777.549638,SOLUSDT,bybit
2026-05-22 08:05:00+00:00,87.15,87.15,87.04,87.04,737.7731,64240.712197,SOLUSDT,bybit
2026-05-22 08:10:00+00:00,87.04,87.15,87.03,87.11,790.1068,68829.574456,SOLUSDT,bybit
2026-05-22 08:15:00+00:00,87.11,87.46,87.11,87.41,3554.8569,310485.658928,SOLUSDT,bybit
2026-05-22 08:20:00+00:00,87.41,87.49,87.34,87.48,1741.2469,152232.258987,SOLUSDT,bybit
2026-05-22 08:25:00+00:00,87.48,87.51,87.42,87.49,1701.548,148850.514803,SOLUSDT,bybit
2026-05-22 08:30:00+00:00,87.49,87.53,87.14,87.17,3060.8764,267440.641919,SOLUSDT,bybit
2026-05-22 08:35:00+00:00,87.17,87.18,86.88,87.15,3118.4004,271488.5874,SOLUSDT,bybit
2026-05-22 08:40:00+00:00,87.15,87.2,87.05,87.16,1111.1688,96797.642814,SOLUSDT,bybit
2026-05-22 08:45:00+00:00,87.16,87.2,87.05,87.13,3030.0399,264051.546653,SOLUSDT,bybit
2026-05-22 08:50:00+00:00,87.13,87.2,87.05,87.2,366.8411,31967.562836,SOLUSDT,bybit
2026-05-22 08:55:00+00:00,87.2,87.28,87.12,87.15,401.2598,34984.112636,SOLUSDT,bybit
2026-05-22 09:00:00+00:00,87.15,87.25,87.05,87.24,642.2374,55949.210076,SOLUSDT,bybit
2026-05-22 09:05:00+00:00,87.24,87.24,87.11,87.2,647.4264,56440.538673,SOLUSDT,bybit
2026-05-22 09:10:00+00:00,87.2,87.27,87.12,87.12,1085.9176,94716.722109,SOLUSDT,bybit
2026-05-22 09:15:00+00:00,87.12,87.2,87.06,87.16,1323.5353,115296.887663,SOLUSDT,bybit
2026-05-22 09:20:00+00:00,87.16,87.31,87.14,87.28,2517.2772,219599.273953,SOLUSDT,bybit
2026-05-22 09:25:00+00:00,87.28,87.3,87.17,87.19,1945.2156,169669.729917,SOLUSDT,bybit
2026-05-22 09:30:00+00:00,87.19,87.27,87.12,87.16,1399.2554,122000.670699,SOLUSDT,bybit
2026-05-22 09:35:00+00:00,87.16,87.27,87.07,87.26,833.2709,72612.261844,SOLUSDT,bybit
2026-05-22 09:40:00+00:00,87.26,87.41,87.25,87.31,1126.4996,98403.678209,SOLUSDT,bybit
2026-05-22 09:45:00+00:00,87.31,87.33,87.15,87.25,1027.5867,89636.561223,SOLUSDT,bybit
2026-05-22 09:50:00+00:00,87.25,87.36,87.25,87.32,497.592,43450.431287,SOLUSDT,bybit
2026-05-22 09:55:00+00:00,87.32,87.37,87.26,87.27,101.2317,8838.871745,SOLUSDT,bybit
2026-05-22 10:00:00+00:00,87.27,87.28,87.09,87.09,299.3823,26109.665637,SOLUSDT,bybit
2026-05-22 10:05:00+00:00,87.09,87.22,87.08,87.18,234.3251,20419.325941,SOLUSDT,bybit
2026-05-22 10:10:00+00:00,87.18,87.18,87.1,87.1,164.1116,14299.72325,SOLUSDT,bybit
2026-05-22 10:15:00+00:00,87.1,87.1,86.89,86.95,1245.8369,108300.872855,SOLUSDT,bybit
2026-05-22 10:20:00+00:00,86.95,87.08,86.94,87.07,507.6319,44175.617114,SOLUSDT,bybit
2026-05-22 10:25:00+00:00,87.07,87.1,87.03,87.05,449.5398,39132.706411,SOLUSDT,bybit
2026-05-22 10:30:00+00:00,87.05,87.13,86.99,87.04,531.8671,46295.990552,SOLUSDT,bybit
2026-05-22 10:35:00+00:00,87.04,87.1,87.0,87.1,578.3304,50343.212668,SOLUSDT,bybit
2026-05-22 10:40:00+00:00,87.1,87.13,87.06,87.11,294.5441,25656.740537,SOLUSDT,bybit
2026-05-22 10:45:00+00:00,87.11,87.13,87.03,87.06,702.61,61188.62757,SOLUSDT,bybit
2026-05-22 10:50:00+00:00,87.06,87.07,87.01,87.03,292.8341,25486.7902,SOLUSDT,bybit
2026-05-22 10:55:00+00:00,87.03,87.03,86.96,87.01,644.4629,56057.116248,SOLUSDT,bybit
2026-05-22 11:00:00+00:00,87.01,87.11,86.93,87.03,1273.0793,110770.26048,SOLUSDT,bybit
2026-05-22 11:05:00+00:00,87.03,87.05,86.96,86.99,323.7422,28169.956982,SOLUSDT,bybit
2026-05-22 11:10:00+00:00,86.99,87.01,86.94,86.97,215.7792,18767.840143,SOLUSDT,bybit
2026-05-22 11:15:00+00:00,86.97,86.97,86.79,86.79,283.4139,24618.350463,SOLUSDT,bybit
2026-05-22 11:20:00+00:00,86.79,86.88,86.72,86.86,347.8379,30192.481408,SOLUSDT,bybit
2026-05-22 11:25:00+00:00,86.86,86.97,86.84,86.88,309.9792,26936.555871,SOLUSDT,bybit
2026-05-22 11:30:00+00:00,86.88,86.96,86.87,86.9,400.759,34832.686514,SOLUSDT,bybit
2026-05-22 11:35:00+00:00,86.9,87.05,86.89,87.01,626.8186,54530.356242,SOLUSDT,bybit
2026-05-22 11:40:00+00:00,87.01,87.01,86.95,86.98,425.4028,37004.7154,SOLUSDT,bybit
2026-05-22 11:45:00+00:00,86.98,87.23,86.95,87.18,2530.9927,220502.311823,SOLUSDT,bybit
2026-05-22 11:50:00+00:00,87.18,87.28,87.18,87.22,669.7077,58425.029195,SOLUSDT,bybit
2026-05-22 11:55:00+00:00,87.22,87.35,87.18,87.34,713.9248,62303.514751,SOLUSDT,bybit
2026-05-22 12:00:00+00:00,87.34,87.37,87.26,87.34,1897.156,165686.033175,SOLUSDT,bybit
2026-05-22 12:05:00+00:00,87.34,87.41,87.32,87.38,907.9389,79326.500133,SOLUSDT,bybit
2026-05-22 12:10:00+00:00,87.38,87.72,87.38,87.64,8576.9297,751044.17304,SOLUSDT,bybit
2026-05-22 12:15:00+00:00,87.64,87.73,87.52,87.62,2986.1033,261751.65212,SOLUSDT,bybit
2026-05-22 12:20:00+00:00,87.62,87.63,87.38,87.47,1229.4848,107548.174229,SOLUSDT,bybit
2026-05-22 12:25:00+00:00,87.47,87.49,87.38,87.4,1898.0195,165918.048481,SOLUSDT,bybit
2026-05-22 12:30:00+00:00,87.4,87.5,87.36,87.5,946.9219,82795.164244,SOLUSDT,bybit
2026-05-22 12:35:00+00:00,87.5,87.56,87.42,87.56,2545.8497,222747.557188,SOLUSDT,bybit
2026-05-22 12:40:00+00:00,87.56,87.62,87.52,87.55,1018.613,89207.610342,SOLUSDT,bybit
2026-05-22 12:45:00+00:00,87.55,87.68,87.55,87.68,1521.2149,133253.765101,SOLUSDT,bybit
2026-05-22 12:50:00+00:00,87.68,87.8,87.66,87.72,2469.8606,216756.824928,SOLUSDT,bybit
2026-05-22 12:55:00+00:00,87.72,87.78,87.61,87.78,6028.5865,528487.821396,SOLUSDT,bybit
2026-05-22 13:00:00+00:00,87.78,87.81,87.67,87.67,1373.4479,120500.709261,SOLUSDT,bybit
2026-05-22 13:05:00+00:00,87.67,87.81,87.63,87.81,5536.8264,485609.219863,SOLUSDT,bybit
2026-05-22 13:10:00+00:00,87.81,87.88,87.68,87.73,3620.811,317857.113489,SOLUSDT,bybit
2026-05-22 13:15:00+00:00,87.73,87.8,87.63,87.65,1265.3452,111011.685248,SOLUSDT,bybit
2026-05-22 13:20:00+00:00,87.65,87.68,87.47,87.56,893.7287,78268.823798,SOLUSDT,bybit
2026-05-22 13:25:00+00:00,87.56,87.57,87.43,87.44,671.8339,58783.927411,SOLUSDT,bybit
2026-05-22 13:30:00+00:00,87.44,87.57,87.11,87.19,4244.5972,370707.470322,SOLUSDT,bybit
2026-05-22 13:35:00+00:00,87.19,87.43,87.19,87.39,3001.6436,262089.370453,SOLUSDT,bybit
2026-05-22 13:40:00+00:00,87.39,87.53,87.18,87.29,6477.701,565506.571118,SOLUSDT,bybit
2026-05-22 13:45:00+00:00,87.29,87.41,87.14,87.26,940.8396,82104.688572,SOLUSDT,bybit
2026-05-22 13:50:00+00:00,87.26,87.34,87.14,87.33,588.9958,51386.865242,SOLUSDT,bybit
2026-05-22 13:55:00+00:00,87.33,87.42,87.25,87.42,386.9038,33787.830621,SOLUSDT,bybit
2026-05-22 14:00:00+00:00,87.42,87.42,87.07,87.12,13174.2932,1149616.075355,SOLUSDT,bybit
2026-05-22 14:05:00+00:00,87.12,87.12,86.79,87.03,3589.5544,312135.452478,SOLUSDT,bybit
2026-05-22 14:10:00+00:00,87.03,87.1,86.95,86.99,1010.2141,87916.475405,SOLUSDT,bybit
2026-05-22 14:15:00+00:00,86.99,87.04,86.66,86.7,3098.4827,269138.611824,SOLUSDT,bybit
2026-05-22 14:20:00+00:00,86.7,86.74,86.38,86.5,9439.0238,817275.10719,SOLUSDT,bybit
2026-05-22 14:25:00+00:00,86.5,86.73,86.47,86.65,1366.6785,118385.369117,SOLUSDT,bybit
2026-05-22 14:30:00+00:00,86.65,86.72,86.55,86.72,1214.3541,105204.290008,SOLUSDT,bybit
2026-05-22 14:35:00+00:00,86.72,86.8,86.64,86.77,2089.7405,181243.685881,SOLUSDT,bybit
2026-05-22 14:40:00+00:00,86.77,86.94,86.69,86.76,9159.0069,795550.317159,SOLUSDT,bybit
2026-05-22 14:45:00+00:00,86.76,86.77,86.64,86.65,507.6929,44028.622764,SOLUSDT,bybit
2026-05-22 14:50:00+00:00,86.65,86.67,86.53,86.66,778.8616,67458.178234,SOLUSDT,bybit
2026-05-22 14:55:00+00:00,86.66,86.73,86.56,86.63,1443.0076,125054.907368,SOLUSDT,bybit
2026-05-22 15:00:00+00:00,86.63,86.92,86.54,86.84,3339.4588,289697.969153,SOLUSDT,bybit
2026-05-22 15:05:00+00:00,86.84,86.92,86.78,86.84,875.9744,76073.516157,SOLUSDT,bybit
2026-05-22 15:10:00+00:00,86.84,86.85,86.55,86.58,540.2045,46819.915933,SOLUSDT,bybit
2026-05-22 15:15:00+00:00,86.58,86.74,86.58,86.71,1594.7173,138269.850151,SOLUSDT,bybit
2026-05-22 15:20:00+00:00,86.71,86.71,86.42,86.42,640.7028,55463.897238,SOLUSDT,bybit
2026-05-22 15:25:00+00:00,86.42,86.77,86.27,86.76,2457.4915,212474.809272,SOLUSDT,bybit
2026-05-22 15:30:00+00:00,86.76,87.01,86.72,86.96,10228.4583,888191.440957,SOLUSDT,bybit
2026-05-22 15:35:00+00:00,86.96,86.97,86.74,86.75,1152.2212,100083.44496,SOLUSDT,bybit
2026-05-22 15:40:00+00:00,86.75,86.75,86.6,86.62,1368.0812,118531.554097,SOLUSDT,bybit
2026-05-22 15:45:00+00:00,86.62,86.72,86.59,86.67,1723.7668,149370.491298,SOLUSDT,bybit
2026-05-22 15:50:00+00:00,86.67,86.83,86.6,86.79,555.2984,48170.333387,SOLUSDT,bybit
2026-05-22 15:55:00+00:00,86.79,86.87,86.78,86.78,514.6089,44675.744547,SOLUSDT,bybit
2026-05-22 16:00:00+00:00,86.78,86.96,86.76,86.89,451.2738,39187.948282,SOLUSDT,bybit
2026-05-22 16:05:00+00:00,86.89,86.91,86.73,86.74,1066.9783,92580.835925,SOLUSDT,bybit
2026-05-22 16:10:00+00:00,86.74,86.84,86.69,86.8,413.1141,35838.354536,SOLUSDT,bybit
2026-05-22 16:15:00+00:00,86.8,86.8,86.67,86.73,1383.1233,119943.786893,SOLUSDT,bybit
2026-05-22 16:20:00+00:00,86.73,86.9,86.71,86.71,744.4657,64612.752795,SOLUSDT,bybit
2026-05-22 16:25:00+00:00,86.71,86.82,86.69,86.8,476.9562,41371.847053,SOLUSDT,bybit
2026-05-22 16:30:00+00:00,86.8,86.96,86.8,86.83,769.6388,66889.101333,SOLUSDT,bybit
2026-05-22 16:35:00+00:00,86.83,86.9,86.73,86.83,269.0848,23363.353957,SOLUSDT,bybit
2026-05-22 16:40:00+00:00,86.83,86.86,86.73,86.79,270.3412,23470.641627,SOLUSDT,bybit
2026-05-22 16:45:00+00:00,86.79,86.94,86.79,86.91,613.1799,53284.75721,SOLUSDT,bybit
2026-05-22 16:50:00+00:00,86.91,87.02,86.91,87.02,692.3493,60216.587055,SOLUSDT,bybit
2026-05-22 16:55:00+00:00,87.02,87.04,86.86,86.93,1050.545,91376.814905,SOLUSDT,bybit
2026-05-22 17:00:00+00:00,86.93,87.02,86.92,87.01,925.8761,80524.542423,SOLUSDT,bybit
2026-05-22 17:05:00+00:00,87.01,87.04,86.86,86.92,3927.6439,341469.051794,SOLUSDT,bybit
2026-05-22 17:10:00+00:00,86.92,86.93,86.87,86.91,336.0623,29205.762026,SOLUSDT,bybit
2026-05-22 17:15:00+00:00,86.91,87.01,86.7,86.7,2430.6385,210986.522352,SOLUSDT,bybit
2026-05-22 17:20:00+00:00,86.7,86.79,86.51,86.61,2430.689,210624.184033,SOLUSDT,bybit
2026-05-22 17:25:00+00:00,86.61,87.04,86.6,87.02,6238.5946,541913.391106,SOLUSDT,bybit
2026-05-22 17:30:00+00:00,87.02,87.14,86.87,86.93,1568.7784,136507.156289,SOLUSDT,bybit
2026-05-22 17:35:00+00:00,86.93,87.07,86.93,87.05,1168.1593,101649.260757,SOLUSDT,bybit
2026-05-22 17:40:00+00:00,87.05,87.19,87.05,87.1,5388.8909,469601.740161,SOLUSDT,bybit
2026-05-22 17:45:00+00:00,87.1,87.11,86.83,86.85,877.3195,76235.50663,SOLUSDT,bybit
2026-05-22 17:50:00+00:00,86.85,86.87,86.73,86.77,1191.6278,103405.213631,SOLUSDT,bybit
2026-05-22 17:55:00+00:00,86.77,86.78,86.63,86.66,1857.0915,160992.766646,SOLUSDT,bybit
2026-05-22 18:00:00+00:00,86.66,86.69,86.4,86.5,5424.9763,469364.853526,SOLUSDT,bybit
2026-05-22 18:05:00+00:00,86.5,86.55,86.47,86.48,850.3162,73558.156864,SOLUSDT,bybit
2026-05-22 18:10:00+00:00,86.48,86.54,86.4,86.54,643.6703,55657.10821,SOLUSDT,bybit
2026-05-22 18:15:00+00:00,86.54,86.66,86.47,86.62,449.3992,38916.355832,SOLUSDT,bybit
2026-05-22 18:20:00+00:00,86.62,86.71,86.59,86.66,525.808,45557.293422,SOLUSDT,bybit
2026-05-22 18:25:00+00:00,86.66,86.66,86.48,86.52,490.6138,42471.41979,SOLUSDT,bybit
2026-05-22 18:30:00+00:00,86.52,86.54,86.29,86.34,1835.1885,158515.957463,SOLUSDT,bybit
2026-05-22 18:35:00+00:00,86.34,86.34,85.79,86.02,21136.8208,1819873.315788,SOLUSDT,bybit
2026-05-22 18:40:00+00:00,86.02,86.02,85.7,85.72,2468.7438,211895.428686,SOLUSDT,bybit
2026-05-22 18:45:00+00:00,85.72,85.72,84.62,85.11,46228.6277,3931177.619802,SOLUSDT,bybit
2026-05-22 18:50:00+00:00,85.11,85.46,85.11,85.43,2248.9774,191812.629809,SOLUSDT,bybit
2026-05-22 18:55:00+00:00,85.43,85.53,85.35,85.46,1370.8356,117146.92221,SOLUSDT,bybit
2026-05-22 19:00:00+00:00,85.46,85.64,85.14,85.22,6268.8653,535566.283365,SOLUSDT,bybit
2026-05-22 19:05:00+00:00,85.22,85.23,84.98,85.0,4665.7551,396805.645723,SOLUSDT,bybit
2026-05-22 19:10:00+00:00,85.0,85.23,84.94,85.13,4477.9127,381207.643693,SOLUSDT,bybit
2026-05-22 19:15:00+00:00,85.13,85.25,85.04,85.24,1332.1923,113378.732806,SOLUSDT,bybit
2026-05-22 19:20:00+00:00,85.24,85.32,85.17,85.25,648.6533,55281.144843,SOLUSDT,bybit
2026-05-22 19:25:00+00:00,85.25,85.29,84.84,84.97,2403.8759,204277.761487,SOLUSDT,bybit
2026-05-22 19:30:00+00:00,84.97,85.0,84.16,84.45,22041.6742,1861409.026574,SOLUSDT,bybit
2026-05-22 19:35:00+00:00,84.45,84.62,84.36,84.36,4850.9436,409900.678593,SOLUSDT,bybit
2026-05-22 19:40:00+00:00,84.36,84.39,83.99,84.31,54575.3044,4592751.714807,SOLUSDT,bybit
2026-05-22 19:45:00+00:00,84.31,84.45,84.11,84.26,16044.4307,1350919.049997,SOLUSDT,bybit
2026-05-22 19:50:00+00:00,84.26,84.82,84.18,84.75,30244.9014,2556783.823926,SOLUSDT,bybit
2026-05-22 19:55:00+00:00,84.75,84.83,84.53,84.54,9688.0456,820332.342624,SOLUSDT,bybit
2026-05-22 20:00:00+00:00,84.54,84.87,84.54,84.82,3078.8142,260879.514443,SOLUSDT,bybit
2026-05-22 20:05:00+00:00,84.82,85.02,84.81,84.96,11411.8538,969101.255027,SOLUSDT,bybit
2026-05-22 20:10:00+00:00,84.96,84.99,84.85,84.86,2706.5697,229891.253483,SOLUSDT,bybit
2026-05-22 20:15:00+00:00,84.86,84.97,84.75,84.84,1171.3236,99394.210554,SOLUSDT,bybit
2026-05-22 20:20:00+00:00,84.84,84.9,84.72,84.85,1173.4154,99517.969613,SOLUSDT,bybit
2026-05-22 20:25:00+00:00,84.85,84.92,84.77,84.85,762.3944,64687.566641,SOLUSDT,bybit
2026-05-22 20:30:00+00:00,84.85,84.85,84.59,84.81,7036.9935,596087.629689,SOLUSDT,bybit
2026-05-22 20:35:00+00:00,84.81,84.87,84.75,84.85,2661.1487,225730.41448,SOLUSDT,bybit
2026-05-22 20:40:00+00:00,84.85,84.95,84.79,84.85,1474.6996,125194.888532,SOLUSDT,bybit
2026-05-22 20:45:00+00:00,84.85,85.02,84.75,85.0,1205.6346,102394.997168,SOLUSDT,bybit
2026-05-22 20:50:00+00:00,85.0,85.08,84.93,85.03,4491.2796,381779.656525,SOLUSDT,bybit
2026-05-22 20:55:00+00:00,85.03,85.04,84.89,84.99,779.439,66232.739074,SOLUSDT,bybit
2026-05-22 21:00:00+00:00,84.99,85.05,84.94,84.99,494.954,42071.19212,SOLUSDT,bybit
2026-05-22 21:05:00+00:00,84.99,85.03,84.94,84.98,722.2405,61358.36947,SOLUSDT,bybit
2026-05-22 21:10:00+00:00,84.98,85.11,84.97,85.06,4404.3936,374641.187113,SOLUSDT,bybit
2026-05-22 21:15:00+00:00,85.06,85.11,84.97,85.1,1054.7934,89708.543496,SOLUSDT,bybit
2026-05-22 21:20:00+00:00,85.1,85.18,85.09,85.13,648.9742,55252.910288,SOLUSDT,bybit
2026-05-22 21:25:00+00:00,85.13,85.23,85.11,85.19,1834.2042,156256.002685,SOLUSDT,bybit
2026-05-22 21:30:00+00:00,85.19,85.3,85.18,85.19,439.2894,37451.730821,SOLUSDT,bybit
2026-05-22 21:35:00+00:00,85.19,85.24,85.15,85.17,1279.481,109014.311576,SOLUSDT,bybit
2026-05-22 21:40:00+00:00,85.17,85.22,85.09,85.15,1015.5935,86487.770901,SOLUSDT,bybit
2026-05-22 21:45:00+00:00,85.15,85.29,85.15,85.27,650.5818,55455.663778,SOLUSDT,bybit
2026-05-22 21:50:00+00:00,85.27,85.29,85.21,85.27,499.6981,42601.258554,SOLUSDT,bybit
2026-05-22 21:55:00+00:00,85.27,85.27,85.15,85.17,944.5398,80450.411345,SOLUSDT,bybit
2026-05-22 22:00:00+00:00,85.17,85.22,85.11,85.12,589.2095,50183.652861,SOLUSDT,bybit
2026-05-22 22:05:00+00:00,85.12,85.16,85.07,85.14,983.6796,83744.051535,SOLUSDT,bybit
2026-05-22 22:10:00+00:00,85.14,85.22,85.06,85.21,537.9643,45797.517463,SOLUSDT,bybit
2026-05-22 22:15:00+00:00,85.21,85.21,85.05,85.06,203.2152,17298.36527,SOLUSDT,bybit
2026-05-22 22:20:00+00:00,85.06,85.08,84.99,85.03,4279.6222,364015.591808,SOLUSDT,bybit
2026-05-22 22:25:00+00:00,85.03,85.03,84.96,84.99,488.0416,41477.669567,SOLUSDT,bybit
2026-05-22 22:30:00+00:00,84.99,85.1,84.84,84.87,1334.1363,113323.853987,SOLUSDT,bybit
2026-05-22 22:35:00+00:00,84.87,84.98,84.86,84.94,468.6087,39794.919126,SOLUSDT,bybit
2026-05-22 22:40:00+00:00,84.94,84.95,84.76,84.89,2749.7204,233247.868638,SOLUSDT,bybit
2026-05-22 22:45:00+00:00,84.89,85.0,84.88,85.0,403.1757,34246.650472,SOLUSDT,bybit
2026-05-22 22:50:00+00:00,85.0,85.01,84.94,84.97,214.8947,18260.69013,SOLUSDT,bybit
2026-05-22 22:55:00+00:00,84.97,84.97,84.94,84.96,440.1494,37394.064398,SOLUSDT,bybit
2026-05-22 23:00:00+00:00,84.96,85.12,84.95,85.11,1367.3061,116287.946825,SOLUSDT,bybit
2026-05-22 23:05:00+00:00,85.11,85.14,85.06,85.12,256.5986,21838.500397,SOLUSDT,bybit
2026-05-22 23:10:00+00:00,85.12,85.14,85.09,85.11,178.9056,15227.168143,SOLUSDT,bybit
2026-05-22 23:15:00+00:00,85.11,85.12,84.9,84.92,1421.2398,120903.415537,SOLUSDT,bybit
2026-05-22 23:20:00+00:00,84.92,84.96,84.85,84.92,505.0969,42882.775011,SOLUSDT,bybit
2026-05-22 23:25:00+00:00,84.92,84.92,84.71,84.71,1007.8419,85509.697848,SOLUSDT,bybit
2026-05-22 23:30:00+00:00,84.71,84.78,84.66,84.76,1250.8179,106016.455153,SOLUSDT,bybit
2026-05-22 23:35:00+00:00,84.76,84.88,84.76,84.85,434.85,36893.477352,SOLUSDT,bybit
2026-05-22 23:40:00+00:00,84.85,84.91,84.81,84.88,954.55,81004.932168,SOLUSDT,bybit
2026-05-22 23:45:00+00:00,84.88,84.88,84.01,84.26,31799.4737,2682511.559007,SOLUSDT,bybit
2026-05-22 23:50:00+00:00,84.26,84.44,84.25,84.41,622.4173,52524.338722,SOLUSDT,bybit
2026-05-22 23:55:00+00:00,84.41,84.45,84.35,84.4,1963.9943,165779.586895,SOLUSDT,bybit
2026-05-23 00:00:00+00:00,84.4,84.5,84.33,84.44,4874.2871,411536.639003,SOLUSDT,bybit
2026-05-23 00:05:00+00:00,84.44,84.56,84.42,84.5,1760.2615,148726.651007,SOLUSDT,bybit
2026-05-23 00:10:00+00:00,84.5,84.5,84.18,84.28,1444.9905,121817.499717,SOLUSDT,bybit
2026-05-23 00:15:00+00:00,84.28,84.38,84.17,84.31,1121.4672,94521.76016,SOLUSDT,bybit
2026-05-23 00:20:00+00:00,84.31,84.38,84.25,84.37,853.9231,72005.040917,SOLUSDT,bybit
2026-05-23 00:25:00+00:00,84.37,84.41,84.24,84.4,1003.8968,84662.555649,SOLUSDT,bybit
2026-05-23 00:30:00+00:00,84.4,84.44,84.19,84.38,3238.5305,272992.836135,SOLUSDT,bybit
2026-05-23 00:35:00+00:00,84.38,84.39,84.24,84.32,722.5011,60908.977042,SOLUSDT,bybit
2026-05-23 00:40:00+00:00,84.32,84.32,84.06,84.26,3235.1024,272214.369587,SOLUSDT,bybit
2026-05-23 00:45:00+00:00,84.26,84.37,84.23,84.37,509.2463,42931.857541,SOLUSDT,bybit
2026-05-23 00:50:00+00:00,84.37,84.45,84.34,84.41,815.7975,68852.44645,SOLUSDT,bybit
2026-05-23 00:55:00+00:00,84.41,84.48,84.39,84.43,386.6969,32654.83136,SOLUSDT,bybit
2026-05-23 01:00:00+00:00,84.43,84.64,84.43,84.6,1059.297,89521.491193,SOLUSDT,bybit
2026-05-23 01:05:00+00:00,84.6,84.61,84.52,84.56,234.1509,19797.76408,SOLUSDT,bybit
2026-05-23 01:10:00+00:00,84.56,84.56,84.39,84.41,344.1722,29076.102243,SOLUSDT,bybit
2026-05-23 01:15:00+00:00,84.41,84.43,84.31,84.43,430.7839,36345.955562,SOLUSDT,bybit
2026-05-23 01:20:00+00:00,84.43,84.57,84.43,84.49,275.5494,23291.797978,SOLUSDT,bybit
2026-05-23 01:25:00+00:00,84.49,84.58,84.49,84.58,2146.2688,181470.837992,SOLUSDT,bybit
2026-05-23 01:30:00+00:00,84.58,84.61,84.55,84.6,226.1475,19127.623583,SOLUSDT,bybit
2026-05-23 01:35:00+00:00,84.6,84.66,84.56,84.63,334.1583,28273.049895,SOLUSDT,bybit
2026-05-23 01:40:00+00:00,84.63,84.63,84.51,84.58,290.0028,24524.935881,SOLUSDT,bybit
2026-05-23 01:45:00+00:00,84.58,84.6,84.44,84.57,200.6485,16957.685634,SOLUSDT,bybit
2026-05-23 01:50:00+00:00,84.57,84.62,84.5,84.62,548.994,46412.405425,SOLUSDT,bybit
2026-05-23 01:55:00+00:00,84.62,84.62,84.5,84.51,311.0516,26292.604156,SOLUSDT,bybit
2026-05-23 02:00:00+00:00,84.51,84.6,84.4,84.41,569.2513,48094.636606,SOLUSDT,bybit
2026-05-23 02:05:00+00:00,84.41,84.5,84.41,84.45,198.5495,16770.57591,SOLUSDT,bybit
2026-05-23 02:10:00+00:00,84.45,84.48,84.35,84.36,1754.2527,148070.999732,SOLUSDT,bybit
2026-05-23 02:15:00+00:00,84.36,84.47,84.23,84.28,1236.7652,104312.431631,SOLUSDT,bybit
2026-05-23 02:20:00+00:00,84.28,84.34,84.21,84.32,392.7644,33094.269234,SOLUSDT,bybit
2026-05-23 02:25:00+00:00,84.32,84.36,84.3,84.33,4823.4086,406769.86513,SOLUSDT,bybit
2026-05-23 02:30:00+00:00,84.33,84.38,84.3,84.32,216.6464,18276.206361,SOLUSDT,bybit
2026-05-23 02:35:00+00:00,84.32,84.39,84.31,84.39,1318.4738,111186.817951,SOLUSDT,bybit
2026-05-23 02:40:00+00:00,84.39,84.44,84.33,84.41,166.707,14063.77939,SOLUSDT,bybit
2026-05-23 02:45:00+00:00,84.41,84.48,84.38,84.48,128.3159,10833.429187,SOLUSDT,bybit
2026-05-23 02:50:00+00:00,84.48,84.5,84.44,84.49,187.1353,15806.258373,SOLUSDT,bybit
2026-05-23 02:55:00+00:00,84.49,84.6,84.46,84.54,5727.9532,484246.085642,SOLUSDT,bybit
2026-05-23 03:00:00+00:00,84.54,84.59,84.49,84.57,414.4742,35040.703722,SOLUSDT,bybit
2026-05-23 03:05:00+00:00,84.57,84.6,84.55,84.59,218.6058,18488.754794,SOLUSDT,bybit
2026-05-23 03:10:00+00:00,84.59,84.61,84.56,84.6,168.6943,14267.284996,SOLUSDT,bybit
2026-05-23 03:15:00+00:00,84.6,84.6,84.52,84.54,216.1672,18277.515965,SOLUSDT,bybit
2026-05-23 03:20:00+00:00,84.54,84.62,84.54,84.6,317.4359,26851.357783,SOLUSDT,bybit
2026-05-23 03:25:00+00:00,84.6,84.64,84.59,84.63,71.4794,6048.060086,SOLUSDT,bybit
2026-05-23 03:30:00+00:00,84.63,84.7,84.61,84.68,716.5175,60680.984372,SOLUSDT,bybit
2026-05-23 03:35:00+00:00,84.68,84.72,84.67,84.72,110.6561,9372.112611,SOLUSDT,bybit
2026-05-23 03:40:00+00:00,84.72,84.72,84.69,84.7,80.5642,6823.949991,SOLUSDT,bybit
2026-05-23 03:45:00+00:00,84.7,84.72,84.68,84.69,290.2516,24582.115821,SOLUSDT,bybit
2026-05-23 03:50:00+00:00,84.69,84.75,84.68,84.74,298.5065,25289.097182,SOLUSDT,bybit
2026-05-23 03:55:00+00:00,84.74,84.74,84.63,84.68,541.3508,45832.454174,SOLUSDT,bybit
2026-05-23 04:00:00+00:00,84.68,84.71,84.61,84.66,411.982,34880.3482,SOLUSDT,bybit
2026-05-23 04:05:00+00:00,84.66,84.68,84.64,84.68,140.287,11876.536363,SOLUSDT,bybit
2026-05-23 04:10:00+00:00,84.68,84.69,84.66,84.67,400.5239,33915.505947,SOLUSDT,bybit
2026-05-23 04:15:00+00:00,84.67,84.67,84.56,84.57,548.0963,46381.023303,SOLUSDT,bybit
2026-05-23 04:20:00+00:00,84.57,84.58,84.49,84.55,596.154,50390.233438,SOLUSDT,bybit
2026-05-23 04:25:00+00:00,84.55,84.56,84.49,84.53,392.0415,33133.964295,SOLUSDT,bybit
2026-05-23 04:30:00+00:00,84.53,84.65,84.53,84.56,165.5058,14001.875614,SOLUSDT,bybit
2026-05-23 04:35:00+00:00,84.56,84.56,84.42,84.45,513.1261,43339.508604,SOLUSDT,bybit
2026-05-23 04:40:00+00:00,84.45,84.47,84.33,84.37,283.0842,23889.207599,SOLUSDT,bybit
2026-05-23 04:45:00+00:00,84.37,84.46,84.37,84.44,673.4739,56857.811906,SOLUSDT,bybit
2026-05-23 04:50:00+00:00,84.44,84.47,84.39,84.41,478.0023,40354.140741,SOLUSDT,bybit
2026-05-23 04:55:00+00:00,84.41,84.48,84.38,84.41,840.8268,71001.680701,SOLUSDT,bybit
2026-05-23 05:00:00+00:00,84.41,84.42,84.31,84.38,591.8725,49927.09328,SOLUSDT,bybit
2026-05-23 05:05:00+00:00,84.38,84.45,84.34,84.36,286.2301,24152.684396,SOLUSDT,bybit
2026-05-23 05:10:00+00:00,84.36,84.37,84.32,84.36,347.5854,29316.915883,SOLUSDT,bybit
2026-05-23 05:15:00+00:00,84.36,84.47,84.35,84.35,407.1932,34372.22639,SOLUSDT,bybit
2026-05-23 05:20:00+00:00,84.35,84.36,84.19,84.22,1700.9006,143304.160203,SOLUSDT,bybit
2026-05-23 05:25:00+00:00,84.22,84.32,84.22,84.23,942.0839,79389.601131,SOLUSDT,bybit
2026-05-23 05:30:00+00:00,84.23,84.29,84.16,84.26,1199.249,100975.856427,SOLUSDT,bybit
2026-05-23 05:35:00+00:00,84.26,84.38,84.25,84.37,570.954,48138.185497,SOLUSDT,bybit
2026-05-23 05:40:00+00:00,84.37,84.46,84.36,84.45,1390.4136,117364.975308,SOLUSDT,bybit
2026-05-23 05:45:00+00:00,84.45,84.48,84.38,84.4,673.5431,56863.471605,SOLUSDT,bybit
2026-05-23 05:50:00+00:00,84.4,84.45,84.38,84.42,425.0045,35872.877749,SOLUSDT,bybit
2026-05-23 05:55:00+00:00,84.42,84.47,84.41,84.47,200.598,16937.544046,SOLUSDT,bybit
2026-05-23 06:00:00+00:00,84.47,84.5,84.38,84.41,325.2133,27451.471899,SOLUSDT,bybit
2026-05-23 06:05:00+00:00,84.41,84.49,84.41,84.47,90.2302,7621.020607,SOLUSDT,bybit
2026-05-23 06:10:00+00:00,84.47,84.47,84.39,84.42,247.0419,20857.305722,SOLUSDT,bybit
2026-05-23 06:15:00+00:00,84.42,84.48,84.41,84.47,534.802,45161.534486,SOLUSDT,bybit
2026-05-23 06:20:00+00:00,84.47,84.47,84.42,84.42,104.1921,8798.416179,SOLUSDT,bybit
2026-05-23 06:25:00+00:00,84.42,84.42,84.34,84.38,581.1505,49038.98685,SOLUSDT,bybit
2026-05-23 06:30:00+00:00,84.38,84.5,84.38,84.42,276.2083,23321.380809,SOLUSDT,bybit
2026-05-23 06:35:00+00:00,84.42,84.46,84.28,84.32,5565.3122,469313.794816,SOLUSDT,bybit
2026-05-23 06:40:00+00:00,84.32,84.37,84.32,84.34,457.9802,38630.034373,SOLUSDT,bybit
2026-05-23 06:45:00+00:00,84.34,84.34,84.23,84.24,352.0812,29666.102706,SOLUSDT,bybit
2026-05-23 06:50:00+00:00,84.24,84.24,84.2,84.21,346.9354,29220.833387,SOLUSDT,bybit
2026-05-23 06:55:00+00:00,84.21,84.28,84.18,84.26,1003.1421,84494.81954,SOLUSDT,bybit
2026-05-23 07:00:00+00:00,84.26,84.32,84.2,84.23,12932.7001,1089542.418694,SOLUSDT,bybit
2026-05-23 07:05:00+00:00,84.23,84.29,84.1,84.29,24570.715,2069143.960892,SOLUSDT,bybit
2026-05-23 07:10:00+00:00,84.29,84.3,84.22,84.27,3286.8152,276980.854916,SOLUSDT,bybit
2026-05-23 07:15:00+00:00,84.27,84.27,84.1,84.14,2000.2931,168334.663196,SOLUSDT,bybit
2026-05-23 07:20:00+00:00,84.14,84.19,84.04,84.18,1143.0493,96144.653547,SOLUSDT,bybit
2026-05-23 07:25:00+00:00,84.18,84.18,84.08,84.13,833.5337,70117.785682,SOLUSDT,bybit
2026-05-23 07:30:00+00:00,84.13,84.14,83.83,84.03,15524.3033,1303167.756358,SOLUSDT,bybit
2026-05-23 07:35:00+00:00,84.03,84.12,83.99,84.03,765.9624,64382.796484,SOLUSDT,bybit
2026-05-23 07:40:00+00:00,84.03,84.03,83.8,83.91,2436.9928,204421.111168,SOLUSDT,bybit
2026-05-23 07:45:00+00:00,83.91,83.91,82.26,82.49,68857.402,5720681.468242,SOLUSDT,bybit
2026-05-23 07:50:00+00:00,82.49,82.63,81.43,81.99,60131.9448,4926642.015285,SOLUSDT,bybit
2026-05-23 07:55:00+00:00,81.99,82.29,81.96,82.24,8386.1148,688949.169058,SOLUSDT,bybit
2026-05-23 08:00:00+00:00,82.24,82.31,81.94,82.08,12308.3512,1011139.899028,SOLUSDT,bybit
2026-05-23 08:05:00+00:00,82.08,82.18,81.91,82.08,6323.4047,518931.979704,SOLUSDT,bybit
2026-05-23 08:10:00+00:00,82.08,82.31,81.98,82.01,8488.643,697269.234529,SOLUSDT,bybit
2026-05-23 08:15:00+00:00,82.01,82.27,82.01,82.18,4398.1893,361278.185951,SOLUSDT,bybit
2026-05-23 08:20:00+00:00,82.18,82.37,82.06,82.36,7500.3541,616605.093444,SOLUSDT,bybit
2026-05-23 08:25:00+00:00,82.36,82.36,82.04,82.09,4486.5514,368729.595173,SOLUSDT,bybit
2026-05-23 08:30:00+00:00,82.09,82.1,82.0,82.09,2253.5134,184921.586272,SOLUSDT,bybit
2026-05-23 08:35:00+00:00,82.09,82.09,81.77,81.77,4133.7147,338707.239402,SOLUSDT,bybit
2026-05-23 08:40:00+00:00,81.77,81.89,81.71,81.88,3207.4315,262327.761201,SOLUSDT,bybit
2026-05-23 08:45:00+00:00,81.88,82.1,81.85,82.08,2861.1655,234623.547225,SOLUSDT,bybit
2026-05-23 08:50:00+00:00,82.08,82.13,82.04,82.04,3256.0207,267273.018655,SOLUSDT,bybit
2026-05-23 08:55:00+00:00,82.04,82.14,82.03,82.14,969.8731,79630.161733,SOLUSDT,bybit
2026-05-23 09:00:00+00:00,82.14,82.29,82.03,82.15,4241.037,348523.859177,SOLUSDT,bybit
2026-05-23 09:05:00+00:00,82.15,82.15,82.0,82.08,10386.5198,852198.482833,SOLUSDT,bybit
2026-05-23 09:10:00+00:00,82.08,82.13,82.04,82.07,786.6147,64565.504651,SOLUSDT,bybit
2026-05-23 09:15:00+00:00,82.07,82.09,82.0,82.05,571.632,46895.50544,SOLUSDT,bybit
2026-05-23 09:20:00+00:00,82.05,82.12,82.02,82.1,572.2145,46976.548002,SOLUSDT,bybit
2026-05-23 09:25:00+00:00,82.1,82.11,82.06,82.09,677.0804,55580.534041,SOLUSDT,bybit
2026-05-23 09:30:00+00:00,82.09,82.14,82.07,82.12,515.4656,42315.391272,SOLUSDT,bybit
2026-05-23 09:35:00+00:00,82.12,82.13,81.99,82.02,1762.8246,144606.372429,SOLUSDT,bybit
2026-05-23 09:40:00+00:00,82.02,82.14,82.02,82.11,1566.8993,128607.31351,SOLUSDT,bybit
2026-05-23 09:45:00+00:00,82.11,82.15,81.98,82.05,1595.3728,130892.825564,SOLUSDT,bybit
2026-05-23 09:50:00+00:00,82.05,82.11,82.0,82.01,788.0313,64675.583578,SOLUSDT,bybit
2026-05-23 09:55:00+00:00,82.01,82.03,81.98,82.0,373.6466,30641.618571,SOLUSDT,bybit
2026-05-23 10:00:00+00:00,82.0,82.13,82.0,82.1,667.2774,54769.99798,SOLUSDT,bybit
2026-05-23 10:05:00+00:00,82.1,82.17,82.09,82.17,276.6834,22721.89912,SOLUSDT,bybit
2026-05-23 10:10:00+00:00,82.17,82.27,82.15,82.27,5203.0452,427851.44672,SOLUSDT,bybit
2026-05-23 10:15:00+00:00,82.27,82.3,82.23,82.27,615.3119,50625.062455,SOLUSDT,bybit
2026-05-23 10:20:00+00:00,82.27,82.27,82.2,82.2,353.1049,29037.2465,SOLUSDT,bybit
2026-05-23 10:25:00+00:00,82.2,82.31,82.2,82.31,459.7131,37816.241656,SOLUSDT,bybit
2026-05-23 10:30:00+00:00,82.31,82.34,82.25,82.34,385.4261,31717.265374,SOLUSDT,bybit
2026-05-23 10:35:00+00:00,82.34,82.37,82.31,82.36,284.1308,23391.266435,SOLUSDT,bybit
2026-05-23 10:40:00+00:00,82.36,82.39,82.28,82.33,1374.4191,113175.465504,SOLUSDT,bybit
2026-05-23 10:45:00+00:00,82.33,82.38,82.3,82.3,453.5533,37341.359796,SOLUSDT,bybit
2026-05-23 10:50:00+00:00,82.3,82.33,82.21,82.22,3353.8313,275926.247615,SOLUSDT,bybit
2026-05-23 10:55:00+00:00,82.22,82.25,82.22,82.24,379.1834,31182.602654,SOLUSDT,bybit
2026-05-23 11:00:00+00:00,82.24,82.31,82.24,82.27,1697.3677,139643.147555,SOLUSDT,bybit
2026-05-23 11:05:00+00:00,82.27,82.38,82.21,82.35,2575.7435,211971.003767,SOLUSDT,bybit
2026-05-23 11:10:00+00:00,82.35,82.38,82.32,82.33,1637.0593,134811.981955,SOLUSDT,bybit
2026-05-23 11:15:00+00:00,82.33,82.39,82.33,82.38,528.7292,43543.107927,SOLUSDT,bybit
2026-05-23 11:20:00+00:00,82.38,82.45,82.38,82.41,1756.1454,144732.785774,SOLUSDT,bybit
2026-05-23 11:25:00+00:00,82.41,82.47,82.4,82.43,677.7452,55870.91206,SOLUSDT,bybit
2026-05-23 11:30:00+00:00,82.43,82.45,82.4,82.43,1075.3783,88635.301794,SOLUSDT,bybit
2026-05-23 11:35:00+00:00,82.43,82.44,82.33,82.37,914.4871,75319.870584,SOLUSDT,bybit
2026-05-23 11:40:00+00:00,82.37,82.38,82.34,82.35,510.4935,42045.704404,SOLUSDT,bybit
2026-05-23 11:45:00+00:00,82.35,82.37,82.32,82.32,858.3323,70685.260675,SOLUSDT,bybit
2026-05-23 11:50:00+00:00,82.32,82.34,82.3,82.33,874.8678,72014.8061,SOLUSDT,bybit
2026-05-23 11:55:00+00:00,82.33,82.38,82.29,82.29,600.5431,49445.086259,SOLUSDT,bybit
2026-05-23 12:00:00+00:00,82.29,82.33,82.22,82.27,1128.3738,92832.43846,SOLUSDT,bybit
2026-05-23 12:05:00+00:00,82.27,82.34,82.26,82.33,433.3656,35661.508147,SOLUSDT,bybit
2026-05-23 12:10:00+00:00,82.33,82.34,82.22,82.27,1557.614,128155.31016,SOLUSDT,bybit
2026-05-23 12:15:00+00:00,82.27,82.33,82.2,82.2,1037.9138,85415.112317,SOLUSDT,bybit
2026-05-23 12:20:00+00:00,82.2,82.27,82.14,82.27,3241.4143,266404.729578,SOLUSDT,bybit
2026-05-23 12:25:00+00:00,82.27,82.31,82.23,82.29,1235.9289,101681.657171,SOLUSDT,bybit
2026-05-23 12:30:00+00:00,82.29,82.36,82.28,82.32,862.157,70970.871504,SOLUSDT,bybit
2026-05-23 12:35:00+00:00,82.32,82.4,82.31,82.38,849.7536,69983.979165,SOLUSDT,bybit
2026-05-23 12:40:00+00:00,82.38,82.39,82.3,82.32,476.3517,39222.017627,SOLUSDT,bybit
2026-05-23 12:45:00+00:00,82.32,82.41,82.32,82.4,468.8375,38610.348628,SOLUSDT,bybit
2026-05-23 12:50:00+00:00,82.4,82.46,82.36,82.46,908.0131,74835.282185,SOLUSDT,bybit
2026-05-23 12:55:00+00:00,82.46,82.55,82.45,82.48,897.2097,74018.815684,SOLUSDT,bybit
2026-05-23 13:00:00+00:00,82.48,82.89,82.47,82.86,7532.008,622771.25753,SOLUSDT,bybit
2026-05-23 13:05:00+00:00,82.86,82.96,82.78,82.87,3895.3539,322936.543864,SOLUSDT,bybit
2026-05-23 13:10:00+00:00,82.87,82.89,82.8,82.87,1599.4569,132497.681976,SOLUSDT,bybit
2026-05-23 13:15:00+00:00,82.87,83.26,82.87,83.09,5304.0997,440815.399853,SOLUSDT,bybit
2026-05-23 13:20:00+00:00,83.09,83.27,83.09,83.2,1795.7144,149373.049233,SOLUSDT,bybit
2026-05-23 13:25:00+00:00,83.2,83.22,83.17,83.22,923.0147,76785.297674,SOLUSDT,bybit
2026-05-23 13:30:00+00:00,83.22,83.31,83.13,83.13,2269.3977,188836.881556,SOLUSDT,bybit
2026-05-23 13:35:00+00:00,83.13,83.14,83.0,83.06,1186.0879,98499.837337,SOLUSDT,bybit
2026-05-23 13:40:00+00:00,83.06,83.1,83.0,83.08,579.2627,48113.032403,SOLUSDT,bybit
2026-05-23 13:45:00+00:00,83.08,83.5,83.08,83.36,3958.0737,329932.676319,SOLUSDT,bybit
2026-05-23 13:50:00+00:00,83.36,83.38,83.19,83.3,8719.3083,726530.366438,SOLUSDT,bybit
2026-05-23 13:55:00+00:00,83.3,83.31,83.19,83.22,1688.2513,140567.823763,SOLUSDT,bybit
2026-05-23 14:00:00+00:00,83.22,83.27,83.13,83.15,975.7563,81148.914786,SOLUSDT,bybit
2026-05-23 14:05:00+00:00,83.15,83.32,83.1,83.26,1921.9321,159972.26294,SOLUSDT,bybit
2026-05-23 14:10:00+00:00,83.26,83.34,83.24,83.31,776.8533,64717.919063,SOLUSDT,bybit
2026-05-23 14:15:00+00:00,83.31,83.36,83.28,83.32,666.8691,55560.513793,SOLUSDT,bybit
2026-05-23 14:20:00+00:00,83.32,83.55,83.3,83.51,1439.3903,120104.869352,SOLUSDT,bybit
2026-05-23 14:25:00+00:00,83.51,83.56,83.44,83.55,1396.9406,116665.765443,SOLUSDT,bybit
2026-05-23 14:30:00+00:00,83.55,83.74,83.49,83.69,2352.7625,196809.960507,SOLUSDT,bybit
2026-05-23 14:35:00+00:00,83.69,83.77,83.65,83.72,1441.1407,120638.599228,SOLUSDT,bybit
2026-05-23 14:40:00+00:00,83.72,83.97,83.68,83.96,5243.1563,439867.963771,SOLUSDT,bybit
2026-05-23 14:45:00+00:00,83.96,84.02,83.76,83.84,2278.6503,191133.487083,SOLUSDT,bybit
2026-05-23 14:50:00+00:00,83.84,83.96,83.83,83.95,1387.96,116420.746706,SOLUSDT,bybit
2026-05-23 14:55:00+00:00,83.95,84.47,83.95,84.13,10404.7516,876198.964096,SOLUSDT,bybit
2026-05-23 15:00:00+00:00,84.13,84.21,84.01,84.12,2692.7251,226458.187051,SOLUSDT,bybit
2026-05-23 15:05:00+00:00,84.12,84.53,84.1,84.38,8710.6614,734355.193932,SOLUSDT,bybit
2026-05-23 15:10:00+00:00,84.38,84.48,84.33,84.41,2158.2583,182196.944221,SOLUSDT,bybit
2026-05-23 15:15:00+00:00,84.41,84.41,84.23,84.23,2444.1482,206019.046082,SOLUSDT,bybit
2026-05-23 15:20:00+00:00,84.23,84.23,84.08,84.15,3018.4821,253886.738794,SOLUSDT,bybit
2026-05-23 15:25:00+00:00,84.15,84.15,83.9,83.92,6453.5847,541829.438875,SOLUSDT,bybit
2026-05-23 15:30:00+00:00,83.92,83.95,83.66,83.66,6515.1288,545797.402684,SOLUSDT,bybit
2026-05-23 15:35:00+00:00,83.66,83.96,83.63,83.84,19413.0741,1627818.816943,SOLUSDT,bybit
2026-05-23 15:40:00+00:00,83.84,83.92,83.81,83.88,1179.4217,98918.298994,SOLUSDT,bybit
2026-05-23 15:45:00+00:00,83.88,84.07,83.87,83.96,1082.0007,90886.251198,SOLUSDT,bybit
2026-05-23 15:50:00+00:00,83.96,84.08,83.95,84.01,782.1272,65699.07203,SOLUSDT,bybit
2026-05-23 15:55:00+00:00,84.01,84.09,84.01,84.08,504.7357,42422.001028,SOLUSDT,bybit
2026-05-23 16:00:00+00:00,84.08,84.22,84.05,84.2,1718.2994,144595.499581,SOLUSDT,bybit
2026-05-23 16:05:00+00:00,84.2,84.28,84.1,84.18,9912.2271,834672.70279,SOLUSDT,bybit
2026-05-23 16:10:00+00:00,84.18,84.25,83.99,84.02,12719.0036,1069578.035747,SOLUSDT,bybit
2026-05-23 16:15:00+00:00,84.02,84.15,84.02,84.09,1999.4726,168125.333655,SOLUSDT,bybit
2026-05-23 16:20:00+00:00,84.09,84.11,83.96,83.97,1042.7204,87613.797766,SOLUSDT,bybit
2026-05-23 16:25:00+00:00,83.97,84.09,83.94,84.06,1354.3598,113785.983486,SOLUSDT,bybit
2026-05-23 16:30:00+00:00,84.06,84.12,84.04,84.06,367.3412,30878.828879,SOLUSDT,bybit
2026-05-23 16:35:00+00:00,84.06,84.31,84.06,84.31,2587.0189,217860.715115,SOLUSDT,bybit
2026-05-23 16:40:00+00:00,84.31,84.31,84.15,84.15,1814.9875,152928.34545,SOLUSDT,bybit
2026-05-23 16:45:00+00:00,84.15,84.23,84.13,84.17,444.9137,37449.257483,SOLUSDT,bybit
2026-05-23 16:50:00+00:00,84.17,84.25,84.1,84.1,602.5823,50716.835776,SOLUSDT,bybit
2026-05-23 16:55:00+00:00,84.1,84.19,84.07,84.1,906.6691,76276.105329,SOLUSDT,bybit
2026-05-23 17:00:00+00:00,84.1,84.27,84.1,84.13,924.4102,77844.315827,SOLUSDT,bybit
2026-05-23 17:05:00+00:00,84.13,84.3,84.13,84.26,349.9797,29472.900323,SOLUSDT,bybit
2026-05-23 17:10:00+00:00,84.26,84.29,84.2,84.27,564.6325,47556.11899,SOLUSDT,bybit
2026-05-23 17:15:00+00:00,84.27,84.37,84.23,84.3,1220.8616,102935.683873,SOLUSDT,bybit
2026-05-23 17:20:00+00:00,84.3,84.3,84.14,84.17,872.4835,73507.844903,SOLUSDT,bybit
2026-05-23 17:25:00+00:00,84.17,84.25,84.11,84.23,527.3758,44391.095251,SOLUSDT,bybit
2026-05-23 17:30:00+00:00,84.23,84.28,84.19,84.21,368.84,31072.582037,SOLUSDT,bybit
2026-05-23 17:35:00+00:00,84.21,84.21,84.1,84.18,1179.8084,99257.92657,SOLUSDT,bybit
2026-05-23 17:40:00+00:00,84.18,84.18,84.06,84.16,1503.335,126433.778614,SOLUSDT,bybit
2026-05-23 17:45:00+00:00,84.16,84.17,83.99,84.13,813.7026,68424.154394,SOLUSDT,bybit
2026-05-23 17:50:00+00:00,84.13,84.27,84.13,84.24,1476.6567,124335.880671,SOLUSDT,bybit
2026-05-23 17:55:00+00:00,84.24,84.3,84.22,84.22,593.5917,50024.3,SOLUSDT,bybit
2026-05-23 18:00:00+00:00,84.22,84.3,84.18,84.29,345.8921,29132.769933,SOLUSDT,bybit
2026-05-23 18:05:00+00:00,84.29,84.52,84.29,84.52,12803.4124,1081203.245227,SOLUSDT,bybit
2026-05-23 18:10:00+00:00,84.52,84.91,84.37,84.81,21994.0305,1861100.430643,SOLUSDT,bybit
2026-05-23 18:15:00+00:00,84.81,85.0,84.78,84.89,7105.3901,602916.867334,SOLUSDT,bybit
2026-05-23 18:20:00+00:00,84.89,85.05,84.81,84.84,2998.7942,254751.895527,SOLUSDT,bybit
2026-05-23 18:25:00+00:00,84.84,84.89,84.75,84.86,2164.6481,183647.258483,SOLUSDT,bybit
2026-05-23 18:30:00+00:00,84.86,85.16,84.86,84.95,4035.9043,343132.732845,SOLUSDT,bybit
2026-05-23 18:35:00+00:00,84.95,85.04,84.76,84.8,919.4844,78061.875162,SOLUSDT,bybit
2026-05-23 18:40:00+00:00,84.8,84.94,84.8,84.84,3848.1359,326641.416276,SOLUSDT,bybit
2026-05-23 18:45:00+00:00,84.84,84.88,84.66,84.69,951.6538,80697.452739,SOLUSDT,bybit
2026-05-23 18:50:00+00:00,84.69,84.77,84.69,84.75,3691.1773,312650.975854,SOLUSDT,bybit
2026-05-23 18:55:00+00:00,84.75,84.82,84.69,84.69,1798.8349,152426.376617,SOLUSDT,bybit
2026-05-23 19:00:00+00:00,84.69,84.79,84.62,84.72,1583.7282,134107.288795,SOLUSDT,bybit
2026-05-23 19:05:00+00:00,84.72,84.73,84.62,84.66,1494.3509,126545.32767,SOLUSDT,bybit
2026-05-23 19:10:00+00:00,84.66,84.72,84.61,84.7,147.4622,12484.488467,SOLUSDT,bybit
2026-05-23 19:15:00+00:00,84.7,85.0,84.7,84.97,4669.2449,396516.40024,SOLUSDT,bybit
2026-05-23 19:20:00+00:00,84.97,85.05,84.87,84.91,1307.6355,111073.606616,SOLUSDT,bybit
2026-05-23 19:25:00+00:00,84.91,85.06,84.9,85.05,2110.2211,179353.189536,SOLUSDT,bybit
2026-05-23 19:30:00+00:00,85.05,85.11,84.92,85.0,1168.1879,99295.004832,SOLUSDT,bybit
2026-05-23 19:35:00+00:00,85.0,85.0,84.88,84.88,357.0118,30318.03866,SOLUSDT,bybit
2026-05-23 19:40:00+00:00,84.88,84.92,84.78,84.83,751.5284,63749.825887,SOLUSDT,bybit
2026-05-23 19:45:00+00:00,84.83,84.98,84.82,84.98,504.559,42831.312429,SOLUSDT,bybit
2026-05-23 19:50:00+00:00,84.98,84.98,84.85,84.9,641.4826,54462.74386,SOLUSDT,bybit
2026-05-23 19:55:00+00:00,84.9,84.99,84.85,84.95,409.1011,34749.630238,SOLUSDT,bybit
2026-05-23 20:00:00+00:00,84.95,85.0,84.89,84.96,2965.5235,251923.528959,SOLUSDT,bybit
2026-05-23 20:05:00+00:00,84.96,84.96,84.81,84.9,1137.9163,96568.108637,SOLUSDT,bybit
2026-05-23 20:10:00+00:00,84.9,85.08,84.9,84.96,2605.7938,221444.073932,SOLUSDT,bybit
2026-05-23 20:15:00+00:00,84.96,85.11,84.9,85.06,684.5455,58190.920384,SOLUSDT,bybit
2026-05-23 20:20:00+00:00,85.06,85.13,84.89,84.94,1910.6991,162392.105218,SOLUSDT,bybit
2026-05-23 20:25:00+00:00,84.94,84.97,84.85,84.85,925.2297,78556.301601,SOLUSDT,bybit
2026-05-23 20:30:00+00:00,84.85,85.5,84.79,85.35,12427.4854,1058871.82413,SOLUSDT,bybit
2026-05-23 20:35:00+00:00,85.35,86.55,85.35,86.38,30089.2329,2593593.567798,SOLUSDT,bybit
2026-05-23 20:40:00+00:00,86.38,86.69,86.31,86.44,11310.4238,977907.872138,SOLUSDT,bybit
2026-05-23 20:45:00+00:00,86.44,86.73,86.23,86.71,15376.9707,1329688.154843,SOLUSDT,bybit
2026-05-23 20:50:00+00:00,86.71,86.72,86.44,86.68,6721.0968,581968.519891,SOLUSDT,bybit
2026-05-23 20:55:00+00:00,86.68,87.08,86.64,87.08,9409.6589,817402.801511,SOLUSDT,bybit
2026-05-23 21:00:00+00:00,87.08,87.5,86.65,86.86,21806.7962,1902291.109809,SOLUSDT,bybit
2026-05-23 21:05:00+00:00,86.86,87.0,86.83,86.96,4088.0421,355371.091272,SOLUSDT,bybit
2026-05-23 21:10:00+00:00,86.96,86.98,86.64,86.64,3377.1718,293153.307121,SOLUSDT,bybit
2026-05-23 21:15:00+00:00,86.64,86.75,86.56,86.75,4311.3836,373637.339426,SOLUSDT,bybit
2026-05-23 21:20:00+00:00,86.75,86.87,86.63,86.65,3344.0967,290160.429233,SOLUSDT,bybit
2026-05-23 21:25:00+00:00,86.65,86.65,86.33,86.33,2789.7252,241232.467324,SOLUSDT,bybit
2026-05-23 21:30:00+00:00,86.33,86.42,85.96,86.39,7219.4028,621864.365277,SOLUSDT,bybit
2026-05-23 21:35:00+00:00,86.39,86.59,86.26,86.27,2874.7784,248516.241173,SOLUSDT,bybit
2026-05-23 21:40:00+00:00,86.27,86.32,86.15,86.28,2948.2653,254264.055092,SOLUSDT,bybit
2026-05-23 21:45:00+00:00,86.28,86.34,86.0,86.1,2961.6007,255210.767306,SOLUSDT,bybit
2026-05-23 21:50:00+00:00,86.1,86.28,86.05,86.24,2381.0704,205196.619933,SOLUSDT,bybit
2026-05-23 21:55:00+00:00,86.24,86.37,86.17,86.28,1050.7905,90665.132344,SOLUSDT,bybit
2026-05-23 22:00:00+00:00,86.28,86.6,86.28,86.55,1632.6292,141105.958985,SOLUSDT,bybit
2026-05-23 22:05:00+00:00,86.55,86.55,86.31,86.31,885.5569,76484.364174,SOLUSDT,bybit
2026-05-23 22:10:00+00:00,86.31,86.33,86.25,86.25,529.1683,45667.775761,SOLUSDT,bybit
2026-05-23 22:15:00+00:00,86.25,86.3,86.2,86.28,738.7929,63722.94978,SOLUSDT,bybit
2026-05-23 22:20:00+00:00,86.28,86.3,86.1,86.1,758.4607,65366.783627,SOLUSDT,bybit
2026-05-23 22:25:00+00:00,86.1,86.16,86.07,86.07,461.1,39709.529968,SOLUSDT,bybit
2026-05-23 22:30:00+00:00,86.07,86.13,85.92,86.05,1139.3659,98015.637847,SOLUSDT,bybit
2026-05-23 22:35:00+00:00,86.05,86.06,85.53,85.72,17376.4794,1489332.8271,SOLUSDT,bybit
2026-05-23 22:40:00+00:00,85.72,85.97,85.72,85.85,2340.226,200904.953398,SOLUSDT,bybit
2026-05-23 22:45:00+00:00,85.85,85.87,85.73,85.85,677.5946,58138.023367,SOLUSDT,bybit
2026-05-23 22:50:00+00:00,85.85,85.89,85.79,85.85,492.0898,42235.108855,SOLUSDT,bybit
2026-05-23 22:55:00+00:00,85.85,85.88,85.77,85.82,869.1985,74596.111146,SOLUSDT,bybit
2026-05-23 23:00:00+00:00,85.82,85.82,85.69,85.71,1038.7872,89074.772632,SOLUSDT,bybit
2026-05-23 23:05:00+00:00,85.71,85.93,85.7,85.85,1638.9268,140713.080583,SOLUSDT,bybit
2026-05-23 23:10:00+00:00,85.85,85.87,85.76,85.8,1630.6453,139928.408174,SOLUSDT,bybit
2026-05-23 23:15:00+00:00,85.8,85.9,85.77,85.8,1806.5217,155085.226263,SOLUSDT,bybit
2026-05-23 23:20:00+00:00,85.8,85.85,85.72,85.75,1207.7407,103584.498586,SOLUSDT,bybit
2026-05-23 23:25:00+00:00,85.75,85.75,85.66,85.72,1047.7342,89792.18216,SOLUSDT,bybit
2026-05-23 23:30:00+00:00,85.72,85.87,85.72,85.82,2132.4538,182981.829791,SOLUSDT,bybit
2026-05-23 23:35:00+00:00,85.82,85.82,85.72,85.75,837.828,71854.665198,SOLUSDT,bybit
2026-05-23 23:40:00+00:00,85.75,85.79,85.71,85.74,862.1884,73924.20701,SOLUSDT,bybit
2026-05-23 23:45:00+00:00,85.74,85.79,85.68,85.68,1617.3916,138656.779979,SOLUSDT,bybit
2026-05-23 23:50:00+00:00,85.68,85.76,85.67,85.75,612.5758,52513.357556,SOLUSDT,bybit
2026-05-23 23:55:00+00:00,85.75,85.8,85.72,85.76,3104.5388,266323.857101,SOLUSDT,bybit
2026-05-24 00:00:00+00:00,85.76,85.84,85.66,85.67,753.7768,64619.503095,SOLUSDT,bybit
2026-05-24 00:05:00+00:00,85.67,85.73,85.63,85.64,561.394,48098.415994,SOLUSDT,bybit
2026-05-24 00:10:00+00:00,85.64,85.71,85.63,85.69,439.838,37687.320024,SOLUSDT,bybit
2026-05-24 00:15:00+00:00,85.69,85.79,85.67,85.72,1064.9818,91280.746165,SOLUSDT,bybit
2026-05-24 00:20:00+00:00,85.72,85.78,85.61,85.64,819.7123,70242.484102,SOLUSDT,bybit
2026-05-24 00:25:00+00:00,85.64,85.79,85.64,85.78,873.5184,74864.995914,SOLUSDT,bybit
2026-05-24 00:30:00+00:00,85.78,85.93,85.75,85.85,367.0883,31521.015774,SOLUSDT,bybit
2026-05-24 00:35:00+00:00,85.85,85.97,85.84,85.97,456.2814,39203.964428,SOLUSDT,bybit
2026-05-24 00:40:00+00:00,85.97,86.02,85.84,85.85,1421.7578,122178.565064,SOLUSDT,bybit
2026-05-24 00:45:00+00:00,85.85,86.01,85.82,85.86,2048.2318,176031.641757,SOLUSDT,bybit
2026-05-24 00:50:00+00:00,85.86,85.86,85.78,85.81,662.792,56871.459376,SOLUSDT,bybit
2026-05-24 00:55:00+00:00,85.81,85.92,85.8,85.89,418.2551,35918.46994,SOLUSDT,bybit
2026-05-24 01:00:00+00:00,85.89,86.02,85.89,85.98,1417.1686,121845.38602,SOLUSDT,bybit
2026-05-24 01:05:00+00:00,85.98,86.0,85.87,85.98,490.0336,42110.235356,SOLUSDT,bybit
2026-05-24 01:10:00+00:00,85.98,86.02,85.9,85.97,1199.6731,103094.010032,SOLUSDT,bybit
2026-05-24 01:15:00+00:00,85.97,86.06,85.97,86.03,329.5742,28345.987266,SOLUSDT,bybit
2026-05-24 01:20:00+00:00,86.03,86.11,86.0,86.06,1220.4189,105024.315122,SOLUSDT,bybit
2026-05-24 01:25:00+00:00,86.06,86.14,85.98,86.12,892.2296,76783.415444,SOLUSDT,bybit
2026-05-24 01:30:00+00:00,86.12,86.21,85.95,86.2,4517.6434,388825.553403,SOLUSDT,bybit
2026-05-24 01:35:00+00:00,86.2,86.22,86.13,86.16,729.5068,62879.043405,SOLUSDT,bybit
2026-05-24 01:40:00+00:00,86.16,86.16,85.96,85.99,912.5454,78522.879642,SOLUSDT,bybit
2026-05-24 01:45:00+00:00,85.99,86.12,85.99,86.11,1320.6109,113653.071579,SOLUSDT,bybit
2026-05-24 01:50:00+00:00,86.11,86.13,86.02,86.04,362.8721,31235.646156,SOLUSDT,bybit
2026-05-24 01:55:00+00:00,86.04,86.05,85.98,86.02,927.5958,79781.321961,SOLUSDT,bybit
2026-05-24 02:00:00+00:00,86.02,86.08,86.0,86.0,609.9172,52468.253812,SOLUSDT,bybit
2026-05-24 02:05:00+00:00,86.0,86.02,85.86,86.02,1385.0787,118999.887431,SOLUSDT,bybit
2026-05-24 02:10:00+00:00,86.02,86.09,86.01,86.08,583.1444,50177.08719,SOLUSDT,bybit
2026-05-24 02:15:00+00:00,86.08,86.08,86.03,86.06,502.0285,43195.381893,SOLUSDT,bybit
2026-05-24 02:20:00+00:00,86.06,86.11,85.8,85.8,592.9242,50975.452242,SOLUSDT,bybit
2026-05-24 02:25:00+00:00,85.8,85.83,85.72,85.77,1756.0508,150638.214338,SOLUSDT,bybit
2026-05-24 02:30:00+00:00,85.77,85.84,85.76,85.83,494.371,42411.713756,SOLUSDT,bybit
2026-05-24 02:35:00+00:00,85.83,85.88,85.74,85.82,357.3842,30662.527643,SOLUSDT,bybit
2026-05-24 02:40:00+00:00,85.82,85.91,85.82,85.9,274.0578,23538.274919,SOLUSDT,bybit
2026-05-24 02:45:00+00:00,85.9,85.99,85.88,85.93,769.5945,66134.503576,SOLUSDT,bybit
2026-05-24 02:50:00+00:00,85.93,86.03,85.9,85.98,292.3162,25121.583134,SOLUSDT,bybit
2026-05-24 02:55:00+00:00,85.98,86.01,85.94,85.96,351.1529,30191.819031,SOLUSDT,bybit
2026-05-24 03:00:00+00:00,85.96,86.12,85.91,86.12,309.3962,26611.726515,SOLUSDT,bybit
2026-05-24 03:05:00+00:00,86.12,86.12,86.02,86.05,213.2893,18352.696039,SOLUSDT,bybit
2026-05-24 03:10:00+00:00,86.05,86.09,85.91,85.92,561.7872,48316.180324,SOLUSDT,bybit
2026-05-24 03:15:00+00:00,85.92,85.92,85.84,85.87,237.7958,20421.476688,SOLUSDT,bybit
2026-05-24 03:20:00+00:00,85.87,85.91,85.82,85.87,140.218,12038.094997,SOLUSDT,bybit
2026-05-24 03:25:00+00:00,85.87,85.89,85.84,85.87,187.7177,16120.439653,SOLUSDT,bybit
2026-05-24 03:30:00+00:00,85.87,85.87,85.8,85.8,176.1394,15119.241568,SOLUSDT,bybit
2026-05-24 03:35:00+00:00,85.8,85.81,85.67,85.68,938.5228,80446.744226,SOLUSDT,bybit
2026-05-24 03:40:00+00:00,85.68,85.73,85.62,85.68,949.5054,81321.108155,SOLUSDT,bybit
2026-05-24 03:45:00+00:00,85.68,85.82,85.68,85.81,526.2682,45132.150755,SOLUSDT,bybit
2026-05-24 03:50:00+00:00,85.81,85.83,85.73,85.83,285.5002,24491.421439,SOLUSDT,bybit
2026-05-24 03:55:00+00:00,85.83,85.87,85.78,85.8,870.2106,74681.761864,SOLUSDT,bybit
2026-05-24 04:00:00+00:00,85.8,85.97,85.8,85.91,1015.327,87206.2725,SOLUSDT,bybit
2026-05-24 04:05:00+00:00,85.91,85.92,85.83,85.83,244.8832,21027.290047,SOLUSDT,bybit
2026-05-24 04:10:00+00:00,85.83,86.1,85.77,86.03,12796.5803,1100394.093009,SOLUSDT,bybit
2026-05-24 04:15:00+00:00,86.03,86.07,85.99,86.04,2072.2727,178280.965374,SOLUSDT,bybit
2026-05-24 04:20:00+00:00,86.04,86.07,86.0,86.01,515.1,44312.610655,SOLUSDT,bybit
2026-05-24 04:25:00+00:00,86.01,86.01,85.94,85.98,535.4918,46040.925699,SOLUSDT,bybit
2026-05-24 04:30:00+00:00,85.98,86.02,85.94,86.02,646.2044,55570.946872,SOLUSDT,bybit
2026-05-24 04:35:00+00:00,86.02,86.05,85.91,85.93,963.9673,82853.612125,SOLUSDT,bybit
2026-05-24 04:40:00+00:00,85.93,86.0,85.92,85.99,157.0933,13503.135247,SOLUSDT,bybit
2026-05-24 04:45:00+00:00,85.99,85.99,85.87,85.94,418.7791,35981.16924,SOLUSDT,bybit
2026-05-24 04:50:00+00:00,85.94,86.01,85.93,86.01,220.1794,18929.004429,SOLUSDT,bybit
2026-05-24 04:55:00+00:00,86.01,86.01,85.92,85.92,807.7321,69431.212979,SOLUSDT,bybit
2026-05-24 05:00:00+00:00,85.92,85.95,85.88,85.95,159.5104,13704.383527,SOLUSDT,bybit
2026-05-24 05:05:00+00:00,85.95,85.95,85.82,85.82,328.4661,28202.798329,SOLUSDT,bybit
2026-05-24 05:10:00+00:00,85.82,85.87,85.75,85.85,573.6544,49221.646823,SOLUSDT,bybit
2026-05-24 05:15:00+00:00,85.85,85.85,85.75,85.77,443.2003,38025.935825,SOLUSDT,bybit
2026-05-24 05:20:00+00:00,85.77,85.78,85.71,85.74,1538.9574,131937.072189,SOLUSDT,bybit
2026-05-24 05:25:00+00:00,85.74,85.74,85.63,85.71,418.4339,35850.758202,SOLUSDT,bybit
2026-05-24 05:30:00+00:00,85.71,85.75,85.69,85.71,169.7811,14551.972344,SOLUSDT,bybit
2026-05-24 05:35:00+00:00,85.71,85.71,85.63,85.64,467.49,40048.694926,SOLUSDT,bybit
2026-05-24 05:40:00+00:00,85.64,85.7,85.57,85.66,1400.2035,119933.672712,SOLUSDT,bybit
2026-05-24 05:45:00+00:00,85.66,85.97,85.66,85.96,485.059,41652.84207,SOLUSDT,bybit
2026-05-24 05:50:00+00:00,85.96,86.08,85.93,86.07,5872.8761,505194.459404,SOLUSDT,bybit
2026-05-24 05:55:00+00:00,86.07,86.16,86.06,86.15,970.9229,83605.643159,SOLUSDT,bybit
2026-05-24 06:00:00+00:00,86.15,86.22,86.08,86.11,787.8683,67877.535134,SOLUSDT,bybit
2026-05-24 06:05:00+00:00,86.11,86.13,86.07,86.12,1042.6989,89784.087574,SOLUSDT,bybit
2026-05-24 06:10:00+00:00,86.12,86.13,86.09,86.11,263.0856,22652.481492,SOLUSDT,bybit
2026-05-24 06:15:00+00:00,86.11,86.11,86.03,86.03,890.9119,76680.158688,SOLUSDT,bybit
2026-05-24 06:20:00+00:00,86.03,86.08,85.96,85.97,231.9186,19952.417106,SOLUSDT,bybit
2026-05-24 06:25:00+00:00,85.97,86.0,85.94,85.96,140.7547,12100.549657,SOLUSDT,bybit
2026-05-24 06:30:00+00:00,85.96,86.0,85.93,85.95,3213.4983,276235.301823,SOLUSDT,bybit
2026-05-24 06:35:00+00:00,85.95,86.0,85.93,85.96,575.367,49466.623579,SOLUSDT,bybit
2026-05-24 06:40:00+00:00,85.96,86.15,85.96,86.14,698.2289,60110.271094,SOLUSDT,bybit
2026-05-24 06:45:00+00:00,86.14,86.17,86.06,86.17,283.1505,24376.150941,SOLUSDT,bybit
2026-05-24 06:50:00+00:00,86.17,86.44,86.16,86.36,3546.2552,306240.735255,SOLUSDT,bybit
2026-05-24 06:55:00+00:00,86.36,86.47,86.35,86.45,1184.0363,102334.613098,SOLUSDT,bybit
2026-05-24 07:00:00+00:00,86.45,86.71,86.37,86.62,9920.2079,859260.946655,SOLUSDT,bybit
2026-05-24 07:05:00+00:00,86.62,86.62,86.39,86.43,1258.6108,108904.192874,SOLUSDT,bybit
2026-05-24 07:10:00+00:00,86.43,86.43,86.3,86.31,585.4896,50559.828831,SOLUSDT,bybit
2026-05-24 07:15:00+00:00,86.31,86.35,86.22,86.26,639.7608,55182.757758,SOLUSDT,bybit
2026-05-24 07:20:00+00:00,86.26,86.27,86.19,86.19,383.7619,33086.436466,SOLUSDT,bybit
2026-05-24 07:25:00+00:00,86.19,86.24,86.19,86.24,247.8719,21370.162487,SOLUSDT,bybit
2026-05-24 07:30:00+00:00,86.24,86.28,86.16,86.28,240.3118,20714.849372,SOLUSDT,bybit
2026-05-24 07:35:00+00:00,86.28,86.28,86.2,86.24,712.5653,61455.304415,SOLUSDT,bybit
2026-05-24 07:40:00+00:00,86.24,86.25,86.22,86.23,116.0041,10002.889337,SOLUSDT,bybit
2026-05-24 07:45:00+00:00,86.23,86.24,86.09,86.11,1682.1876,144906.980806,SOLUSDT,bybit
2026-05-24 07:50:00+00:00,86.11,86.16,86.04,86.06,3998.9674,344309.068841,SOLUSDT,bybit
2026-05-24 07:55:00+00:00,86.06,86.08,86.01,86.08,1262.9058,108651.512539,SOLUSDT,bybit
2026-05-24 08:00:00+00:00,86.08,86.13,86.02,86.04,1862.9727,160334.273551,SOLUSDT,bybit
2026-05-24 08:05:00+00:00,86.04,86.07,86.01,86.03,1062.8832,91442.963968,SOLUSDT,bybit
2026-05-24 08:10:00+00:00,86.03,86.06,86.01,86.04,238.9014,20554.104905,SOLUSDT,bybit
2026-05-24 08:15:00+00:00,86.04,86.16,86.04,86.14,2078.0602,178932.921967,SOLUSDT,bybit
2026-05-24 08:20:00+00:00,86.14,86.3,86.14,86.28,594.079,51227.09551,SOLUSDT,bybit
2026-05-24 08:25:00+00:00,86.28,86.34,86.26,86.26,527.3034,45513.019695,SOLUSDT,bybit
2026-05-24 08:30:00+00:00,86.26,86.38,86.26,86.32,387.1808,33419.852936,SOLUSDT,bybit
2026-05-24 08:35:00+00:00,86.32,86.49,86.26,86.45,4376.7881,378191.679818,SOLUSDT,bybit
2026-05-24 08:40:00+00:00,86.45,86.46,86.36,86.37,1249.3721,107952.813269,SOLUSDT,bybit
2026-05-24 08:45:00+00:00,86.37,86.5,86.37,86.41,1271.7967,109945.517268,SOLUSDT,bybit
2026-05-24 08:50:00+00:00,86.41,86.44,86.4,86.41,510.9961,44159.848043,SOLUSDT,bybit
2026-05-24 08:55:00+00:00,86.41,86.51,86.41,86.51,497.048,42982.171816,SOLUSDT,bybit
2026-05-24 09:00:00+00:00,86.51,86.54,86.4,86.49,1603.854,138642.587023,SOLUSDT,bybit
2026-05-24 09:05:00+00:00,86.49,86.54,86.42,86.54,1267.3992,109598.28507,SOLUSDT,bybit
2026-05-24 09:10:00+00:00,86.54,86.57,86.51,86.53,1147.6126,99323.553572,SOLUSDT,bybit
2026-05-24 09:15:00+00:00,86.53,86.62,86.51,86.53,2297.6601,198904.859647,SOLUSDT,bybit
2026-05-24 09:20:00+00:00,86.53,87.05,86.51,86.91,11281.2131,979951.209844,SOLUSDT,bybit
2026-05-24 09:25:00+00:00,86.91,86.95,86.58,86.66,12091.6931,1049203.48132,SOLUSDT,bybit
2026-05-24 09:30:00+00:00,86.66,86.66,86.55,86.63,3338.0484,289101.840146,SOLUSDT,bybit
2026-05-24 09:35:00+00:00,86.63,86.75,86.61,86.62,1371.5768,118934.545675,SOLUSDT,bybit
2026-05-24 09:40:00+00:00,86.62,86.71,86.62,86.65,945.3884,81937.716455,SOLUSDT,bybit
2026-05-24 09:45:00+00:00,86.65,86.65,86.53,86.57,1060.2867,91786.407513,SOLUSDT,bybit
2026-05-24 09:50:00+00:00,86.57,86.64,86.55,86.59,486.0756,42097.726407,SOLUSDT,bybit
2026-05-24 09:55:00+00:00,86.59,86.61,86.54,86.54,891.3905,77174.357028,SOLUSDT,bybit
2026-05-24 10:00:00+00:00,86.54,86.55,86.34,86.4,3696.881,319481.452824,SOLUSDT,bybit
2026-05-24 10:05:00+00:00,86.4,86.47,86.36,86.36,730.1117,63095.273106,SOLUSDT,bybit
2026-05-24 10:10:00+00:00,86.36,86.38,86.25,86.31,917.6948,79182.189314,SOLUSDT,bybit
2026-05-24 10:15:00+00:00,86.31,86.34,86.26,86.32,3983.6197,343751.689688,SOLUSDT,bybit
2026-05-24 10:20:00+00:00,86.32,86.32,86.25,86.26,346.1449,29868.240539,SOLUSDT,bybit
2026-05-24 10:25:00+00:00,86.26,86.74,86.26,86.42,6402.8166,553957.768215,SOLUSDT,bybit
2026-05-24 10:30:00+00:00,86.42,86.45,86.28,86.41,2571.0539,222049.775342,SOLUSDT,bybit
2026-05-24 10:35:00+00:00,86.41,86.51,86.28,86.38,5270.4158,455360.389938,SOLUSDT,bybit
2026-05-24 10:40:00+00:00,86.38,86.38,86.33,86.37,1061.0224,91625.437214,SOLUSDT,bybit
2026-05-24 10:45:00+00:00,86.37,86.37,86.3,86.34,1038.2555,89628.054393,SOLUSDT,bybit
2026-05-24 10:50:00+00:00,86.34,86.44,86.31,86.39,375.5948,32442.691998,SOLUSDT,bybit
2026-05-24 10:55:00+00:00,86.39,86.53,86.38,86.49,2006.564,173559.038319,SOLUSDT,bybit
2026-05-24 11:00:00+00:00,86.49,86.7,86.49,86.6,753.6171,65272.272317,SOLUSDT,bybit
2026-05-24 11:05:00+00:00,86.6,86.67,86.57,86.63,1320.1558,114365.69272,SOLUSDT,bybit
2026-05-24 11:10:00+00:00,86.63,86.69,86.57,86.65,436.4978,37815.845372,SOLUSDT,bybit
2026-05-24 11:15:00+00:00,86.65,86.75,86.63,86.7,1693.7573,146842.477442,SOLUSDT,bybit
2026-05-24 11:20:00+00:00,86.7,86.84,86.69,86.79,2083.0296,180797.124314,SOLUSDT,bybit
2026-05-24 11:25:00+00:00,86.79,86.93,86.59,86.62,5620.9412,487674.690353,SOLUSDT,bybit
2026-05-24 11:30:00+00:00,86.62,86.72,86.61,86.71,363.8768,31538.496646,SOLUSDT,bybit
2026-05-24 11:35:00+00:00,86.71,86.72,86.57,86.59,740.0584,64106.220537,SOLUSDT,bybit
2026-05-24 11:40:00+00:00,86.59,86.64,86.51,86.52,774.1038,66994.499372,SOLUSDT,bybit
2026-05-24 11:45:00+00:00,86.52,86.6,86.49,86.5,686.3587,59399.414497,SOLUSDT,bybit
2026-05-24 11:50:00+00:00,86.5,86.52,86.38,86.49,5084.8774,439598.531166,SOLUSDT,bybit
2026-05-24 11:55:00+00:00,86.49,86.73,86.38,86.66,8874.6162,767996.41356,SOLUSDT,bybit
2026-05-24 12:00:00+00:00,86.66,86.68,86.5,86.53,707.172,61215.786581,SOLUSDT,bybit
2026-05-24 12:05:00+00:00,86.53,86.55,86.47,86.5,813.5637,70380.722607,SOLUSDT,bybit
2026-05-24 12:10:00+00:00,86.5,86.52,86.41,86.51,765.2086,66152.217956,SOLUSDT,bybit
2026-05-24 12:15:00+00:00,86.51,86.52,86.33,86.35,1089.2625,94095.860444,SOLUSDT,bybit
2026-05-24 12:20:00+00:00,86.35,86.35,86.26,86.27,695.2931,60006.139363,SOLUSDT,bybit
2026-05-24 12:25:00+00:00,86.27,86.29,86.19,86.24,1004.0045,86561.482076,SOLUSDT,bybit
2026-05-24 12:30:00+00:00,86.24,86.33,86.17,86.2,4471.3032,385621.265194,SOLUSDT,bybit
2026-05-24 12:35:00+00:00,86.2,86.31,86.2,86.3,442.9105,38204.270814,SOLUSDT,bybit
2026-05-24 12:40:00+00:00,86.3,86.37,86.29,86.34,1329.0342,114739.287179,SOLUSDT,bybit
2026-05-24 12:45:00+00:00,86.34,86.35,86.3,86.33,192.1965,16591.963446,SOLUSDT,bybit
2026-05-24 12:50:00+00:00,86.33,86.33,86.26,86.28,1278.5627,110353.394141,SOLUSDT,bybit
2026-05-24 12:55:00+00:00,86.28,86.38,86.28,86.36,543.4161,46927.422646,SOLUSDT,bybit
2026-05-24 13:00:00+00:00,86.36,86.41,86.29,86.36,893.9592,77199.886634,SOLUSDT,bybit
2026-05-24 13:05:00+00:00,86.36,86.4,86.31,86.36,295.0677,25483.272748,SOLUSDT,bybit
2026-05-24 13:10:00+00:00,86.36,86.39,86.3,86.38,376.9068,32542.659989,SOLUSDT,bybit
2026-05-24 13:15:00+00:00,86.38,86.45,86.38,86.41,147.3021,12729.511782,SOLUSDT,bybit
2026-05-24 13:20:00+00:00,86.41,86.44,86.34,86.34,260.561,22513.489548,SOLUSDT,bybit
2026-05-24 13:25:00+00:00,86.34,86.39,86.15,86.15,1491.1215,128621.065917,SOLUSDT,bybit
2026-05-24 13:30:00+00:00,86.15,86.29,86.15,86.21,405.4467,34960.179852,SOLUSDT,bybit
2026-05-24 13:35:00+00:00,86.21,86.27,86.08,86.17,2180.9277,187877.481262,SOLUSDT,bybit
2026-05-24 13:40:00+00:00,86.17,86.27,86.17,86.25,378.7174,32663.074836,SOLUSDT,bybit
2026-05-24 13:45:00+00:00,86.25,86.33,86.19,86.19,1193.2299,102940.704502,SOLUSDT,bybit
2026-05-24 13:50:00+00:00,86.19,86.19,85.9,85.9,2526.5168,217394.948034,SOLUSDT,bybit
2026-05-24 13:55:00+00:00,85.9,85.98,85.73,85.92,8004.9873,687019.523148,SOLUSDT,bybit
2026-05-24 14:00:00+00:00,85.92,86.01,85.73,85.83,1789.9647,153700.784659,SOLUSDT,bybit
2026-05-24 14:05:00+00:00,85.83,85.91,85.81,85.84,2002.5541,171986.522488,SOLUSDT,bybit
2026-05-24 14:10:00+00:00,85.84,85.94,85.14,85.35,13839.1568,1181623.430728,SOLUSDT,bybit
2026-05-24 14:15:00+00:00,85.35,85.36,84.46,84.9,32407.4551,2751346.254331,SOLUSDT,bybit
2026-05-24 14:20:00+00:00,84.9,85.31,84.89,85.25,4712.1274,401155.55013,SOLUSDT,bybit
2026-05-24 14:25:00+00:00,85.25,85.25,85.04,85.07,2051.1772,174591.922321,SOLUSDT,bybit
2026-05-24 14:30:00+00:00,85.07,85.27,85.06,85.23,1618.3085,137853.914052,SOLUSDT,bybit
2026-05-24 14:35:00+00:00,85.23,85.33,85.11,85.3,2004.5835,170856.181516,SOLUSDT,bybit
2026-05-24 14:40:00+00:00,85.3,85.32,85.25,85.27,214.5,18294.311567,SOLUSDT,bybit
2026-05-24 14:45:00+00:00,85.27,85.35,85.22,85.26,1330.7735,113512.039868,SOLUSDT,bybit
2026-05-24 14:50:00+00:00,85.26,85.35,85.19,85.27,2961.8597,252692.722063,SOLUSDT,bybit
2026-05-24 14:55:00+00:00,85.27,85.29,85.2,85.26,361.2069,30791.761378,SOLUSDT,bybit
2026-05-24 15:00:00+00:00,85.26,85.36,85.22,85.36,615.1225,52463.874361,SOLUSDT,bybit
2026-05-24 15:05:00+00:00,85.36,85.36,85.21,85.32,348.1605,29685.630087,SOLUSDT,bybit
2026-05-24 15:10:00+00:00,85.32,85.35,85.3,85.32,1326.8385,113237.550436,SOLUSDT,bybit
2026-05-24 15:15:00+00:00,85.32,85.37,85.13,85.25,701.3356,59764.394955,SOLUSDT,bybit
2026-05-24 15:20:00+00:00,85.25,85.34,85.17,85.32,1105.4193,94227.023735,SOLUSDT,bybit
2026-05-24 15:25:00+00:00,85.32,85.39,85.3,85.32,2026.6569,172962.541624,SOLUSDT,bybit
2026-05-24 15:30:00+00:00,85.32,85.48,85.3,85.32,1002.2997,85614.844027,SOLUSDT,bybit
2026-05-24 15:35:00+00:00,85.32,85.38,85.31,85.33,515.5152,43992.304274,SOLUSDT,bybit
2026-05-24 15:40:00+00:00,85.33,85.36,85.27,85.31,498.0302,42488.851062,SOLUSDT,bybit
2026-05-24 15:45:00+00:00,85.31,85.39,85.24,85.39,716.4351,61134.944996,SOLUSDT,bybit
2026-05-24 15:50:00+00:00,85.39,85.42,85.29,85.37,651.4221,55590.235813,SOLUSDT,bybit
2026-05-24 15:55:00+00:00,85.37,85.39,85.29,85.31,306.7971,26177.176565,SOLUSDT,bybit
2026-05-24 16:00:00+00:00,85.31,85.46,85.17,85.44,2756.3028,235110.811546,SOLUSDT,bybit
2026-05-24 16:05:00+00:00,85.44,85.57,85.35,85.48,3362.6567,287358.81415,SOLUSDT,bybit
2026-05-24 16:10:00+00:00,85.48,85.57,85.48,85.57,744.933,63722.509709,SOLUSDT,bybit
2026-05-24 16:15:00+00:00,85.57,85.9,85.54,85.7,6508.2268,558109.385737,SOLUSDT,bybit
2026-05-24 16:20:00+00:00,85.7,85.75,85.57,85.58,2076.2486,177892.621251,SOLUSDT,bybit
2026-05-24 16:25:00+00:00,85.58,85.58,85.46,85.53,1450.8505,124054.550855,SOLUSDT,bybit
2026-05-24 16:30:00+00:00,85.53,85.57,85.45,85.45,2089.67,178700.461018,SOLUSDT,bybit
2026-05-24 16:35:00+00:00,85.45,85.45,85.28,85.36,931.8303,79548.283609,SOLUSDT,bybit
2026-05-24 16:40:00+00:00,85.36,85.4,85.3,85.34,581.2388,49599.373145,SOLUSDT,bybit
2026-05-24 16:45:00+00:00,85.34,85.48,85.32,85.46,816.5758,69777.775308,SOLUSDT,bybit
2026-05-24 16:50:00+00:00,85.46,85.56,85.41,85.56,269.8248,23068.416418,SOLUSDT,bybit
2026-05-24 16:55:00+00:00,85.56,85.72,85.53,85.64,817.7345,70039.736494,SOLUSDT,bybit
2026-05-24 17:00:00+00:00,85.64,85.76,85.6,85.69,1218.3438,104406.897804,SOLUSDT,bybit
2026-05-24 17:05:00+00:00,85.69,85.75,85.69,85.73,319.8694,27420.22543,SOLUSDT,bybit
2026-05-24 17:10:00+00:00,85.73,85.73,85.6,85.61,328.8288,28175.785785,SOLUSDT,bybit
2026-05-24 17:15:00+00:00,85.61,85.69,85.52,85.52,296.1212,25361.232901,SOLUSDT,bybit
2026-05-24 17:20:00+00:00,85.52,85.6,85.5,85.6,674.3724,57697.362671,SOLUSDT,bybit
2026-05-24 17:25:00+00:00,85.6,85.6,85.51,85.54,124.6608,10663.310234,SOLUSDT,bybit
2026-05-24 17:30:00+00:00,85.54,85.67,85.5,85.65,366.7604,31385.965469,SOLUSDT,bybit
2026-05-24 17:35:00+00:00,85.65,85.8,85.63,85.8,383.3561,32861.192827,SOLUSDT,bybit
2026-05-24 17:40:00+00:00,85.8,85.8,85.72,85.74,423.3225,36302.06241,SOLUSDT,bybit
2026-05-24 17:45:00+00:00,85.74,85.76,85.66,85.73,416.176,35668.642416,SOLUSDT,bybit
2026-05-24 17:50:00+00:00,85.73,85.79,85.65,85.7,702.3396,60201.493769,SOLUSDT,bybit
2026-05-24 17:55:00+00:00,85.7,85.71,85.64,85.66,158.6511,13590.937949,SOLUSDT,bybit
2026-05-24 18:00:00+00:00,85.66,85.68,85.55,85.56,117.9099,10094.976071,SOLUSDT,bybit
2026-05-24 18:05:00+00:00,85.56,85.65,85.54,85.6,543.3819,46504.459575,SOLUSDT,bybit
2026-05-24 18:10:00+00:00,85.6,85.63,85.51,85.58,800.9971,68532.791967,SOLUSDT,bybit
2026-05-24 18:15:00+00:00,85.58,85.66,85.54,85.58,270.4163,23147.507864,SOLUSDT,bybit
2026-05-24 18:20:00+00:00,85.58,85.59,85.35,85.35,3147.7122,269072.278592,SOLUSDT,bybit
2026-05-24 18:25:00+00:00,85.35,85.42,85.28,85.36,1510.222,128871.995583,SOLUSDT,bybit
2026-05-24 18:30:00+00:00,85.36,85.37,85.27,85.32,800.2786,68268.398422,SOLUSDT,bybit
2026-05-24 18:35:00+00:00,85.32,85.49,85.32,85.48,979.6174,83655.061443,SOLUSDT,bybit
2026-05-24 18:40:00+00:00,85.48,85.49,85.32,85.35,347.9353,29699.991112,SOLUSDT,bybit
2026-05-24 18:45:00+00:00,85.35,85.43,85.28,85.34,1009.4426,86167.458142,SOLUSDT,bybit
2026-05-24 18:50:00+00:00,85.34,85.41,85.3,85.4,417.8625,35653.042073,SOLUSDT,bybit
2026-05-24 18:55:00+00:00,85.4,85.44,85.38,85.4,178.2955,15226.659523,SOLUSDT,bybit
2026-05-24 19:00:00+00:00,85.4,85.52,85.35,85.39,847.0902,72390.766866,SOLUSDT,bybit
2026-05-24 19:05:00+00:00,85.39,85.45,85.38,85.4,196.1945,16758.805967,SOLUSDT,bybit
2026-05-24 19:10:00+00:00,85.4,85.43,85.27,85.28,376.6478,32147.581398,SOLUSDT,bybit
2026-05-24 19:15:00+00:00,85.28,85.4,85.23,85.38,1135.9103,96887.590354,SOLUSDT,bybit
2026-05-24 19:20:00+00:00,85.38,85.4,85.32,85.36,355.4432,30341.506441,SOLUSDT,bybit
2026-05-24 19:25:00+00:00,85.36,85.36,85.25,85.28,520.9675,44435.262478,SOLUSDT,bybit
2026-05-24 19:30:00+00:00,85.28,85.33,85.23,85.29,219.8744,18748.960485,SOLUSDT,bybit
2026-05-24 19:35:00+00:00,85.29,85.33,85.26,85.3,810.7818,69162.057829,SOLUSDT,bybit
2026-05-24 19:40:00+00:00,85.3,85.4,85.3,85.34,274.834,23455.725086,SOLUSDT,bybit
2026-05-24 19:45:00+00:00,85.34,85.42,85.3,85.4,247.1917,21102.943178,SOLUSDT,bybit
2026-05-24 19:50:00+00:00,85.4,85.41,85.35,85.41,316.4351,27015.548713,SOLUSDT,bybit
2026-05-24 19:55:00+00:00,85.41,85.42,85.35,85.37,350.1566,29899.609962,SOLUSDT,bybit
2026-05-24 20:00:00+00:00,85.37,85.43,85.16,85.17,1879.8937,160279.410588,SOLUSDT,bybit
2026-05-24 20:05:00+00:00,85.17,85.25,85.1,85.15,6008.9189,511902.886439,SOLUSDT,bybit
2026-05-24 20:10:00+00:00,85.15,85.17,85.01,85.03,6862.972,583550.621736,SOLUSDT,bybit
2026-05-24 20:15:00+00:00,85.03,85.12,84.98,85.04,3082.313,262024.802909,SOLUSDT,bybit
2026-05-24 20:20:00+00:00,85.04,85.09,84.9,85.01,1739.4574,147813.10138,SOLUSDT,bybit
2026-05-24 20:25:00+00:00,85.01,85.04,84.91,85.04,761.669,64713.907103,SOLUSDT,bybit
2026-05-24 20:30:00+00:00,85.04,85.13,85.0,85.04,1433.4324,121933.122521,SOLUSDT,bybit
2026-05-24 20:35:00+00:00,85.04,85.06,84.93,84.95,668.9138,56857.772226,SOLUSDT,bybit
2026-05-24 20:40:00+00:00,84.95,85.03,84.95,84.97,363.335,30880.24147,SOLUSDT,bybit
2026-05-24 20:45:00+00:00,84.97,85.08,84.61,84.7,9856.8196,835631.904802,SOLUSDT,bybit
2026-05-24 20:50:00+00:00,84.7,84.72,84.58,84.71,1597.5465,135232.758898,SOLUSDT,bybit
2026-05-24 20:55:00+00:00,84.71,84.78,84.71,84.78,1202.9528,101938.062249,SOLUSDT,bybit
2026-05-24 21:00:00+00:00,84.78,84.94,84.72,84.88,847.1292,71889.023519,SOLUSDT,bybit
2026-05-24 21:05:00+00:00,84.88,84.92,84.85,84.9,581.691,49382.970309,SOLUSDT,bybit
2026-05-24 21:10:00+00:00,84.9,84.96,84.87,84.96,1604.8647,136291.690251,SOLUSDT,bybit
2026-05-24 21:15:00+00:00,84.96,84.98,84.91,84.98,293.4566,24928.742135,SOLUSDT,bybit
2026-05-24 21:20:00+00:00,84.98,84.98,84.88,84.88,595.0045,50528.630666,SOLUSDT,bybit
2026-05-24 21:25:00+00:00,84.88,84.89,84.5,84.57,2035.4602,172378.191496,SOLUSDT,bybit
2026-05-24 21:30:00+00:00,84.57,84.67,84.33,84.45,4088.3419,345370.786698,SOLUSDT,bybit
2026-05-24 21:35:00+00:00,84.45,84.45,83.89,84.05,17024.8739,1432017.460324,SOLUSDT,bybit
2026-05-24 21:40:00+00:00,84.05,84.23,83.81,83.85,13634.892,1144734.040788,SOLUSDT,bybit
2026-05-24 21:45:00+00:00,83.85,84.11,83.69,84.02,5234.2446,439257.496552,SOLUSDT,bybit
2026-05-24 21:50:00+00:00,84.02,84.17,83.98,84.1,1808.8162,152037.124687,SOLUSDT,bybit
2026-05-24 21:55:00+00:00,84.1,84.15,83.88,83.96,1439.9724,120955.294671,SOLUSDT,bybit
2026-05-24 22:00:00+00:00,83.96,84.69,83.96,84.64,6646.9911,561366.777217,SOLUSDT,bybit
2026-05-24 22:05:00+00:00,84.64,85.06,84.61,85.04,3713.5747,315061.828231,SOLUSDT,bybit
2026-05-24 22:10:00+00:00,85.04,85.31,84.91,85.21,6021.5998,512615.537864,SOLUSDT,bybit
2026-05-24 22:15:00+00:00,85.21,85.23,85.05,85.13,1652.2794,140708.94044,SOLUSDT,bybit
2026-05-24 22:20:00+00:00,85.13,85.33,85.1,85.24,490.4391,41786.838926,SOLUSDT,bybit
2026-05-24 22:25:00+00:00,85.24,85.33,85.04,85.07,2278.8583,194217.795651,SOLUSDT,bybit
2026-05-24 22:30:00+00:00,85.07,85.26,85.02,85.02,2854.4819,243050.866288,SOLUSDT,bybit
2026-05-24 22:35:00+00:00,85.02,85.05,84.84,84.95,851.3966,72313.715306,SOLUSDT,bybit
2026-05-24 22:40:00+00:00,84.95,84.95,84.77,84.93,1561.6135,132512.625133,SOLUSDT,bybit
2026-05-24 22:45:00+00:00,84.93,85.26,84.93,85.09,1445.6391,122973.009553,SOLUSDT,bybit
2026-05-24 22:50:00+00:00,85.09,85.19,84.99,85.0,954.5854,81226.221853,SOLUSDT,bybit
2026-05-24 22:55:00+00:00,85.0,85.04,84.95,84.99,553.9129,47072.722554,SOLUSDT,bybit
2026-05-24 23:00:00+00:00,84.99,85.18,84.98,85.1,1673.0124,142295.339419,SOLUSDT,bybit
2026-05-24 23:05:00+00:00,85.1,85.13,85.04,85.12,496.6156,42256.071157,SOLUSDT,bybit
2026-05-24 23:10:00+00:00,85.12,85.18,85.07,85.15,610.5807,51971.520701,SOLUSDT,bybit
2026-05-24 23:15:00+00:00,85.15,85.24,85.07,85.12,291.1705,24798.030315,SOLUSDT,bybit
2026-05-24 23:20:00+00:00,85.12,85.17,85.07,85.08,265.9438,22633.80704,SOLUSDT,bybit
2026-05-24 23:25:00+00:00,85.08,85.11,84.99,85.07,558.9607,47535.587692,SOLUSDT,bybit
2026-05-24 23:30:00+00:00,85.07,85.32,85.07,85.3,599.3208,51085.185594,SOLUSDT,bybit
2026-05-24 23:35:00+00:00,85.3,85.47,85.22,85.37,1518.7233,129637.539197,SOLUSDT,bybit
2026-05-24 23:40:00+00:00,85.37,85.52,85.27,85.47,3790.776,323900.58919,SOLUSDT,bybit
2026-05-24 23:45:00+00:00,85.47,85.47,85.33,85.43,1247.3806,106530.702084,SOLUSDT,bybit
2026-05-24 23:50:00+00:00,85.43,85.48,85.37,85.41,1005.887,85921.065765,SOLUSDT,bybit
2026-05-24 23:55:00+00:00,85.41,85.42,85.2,85.26,2161.0929,184300.477734,SOLUSDT,bybit
2026-05-25 00:00:00+00:00,85.26,85.4,85.24,85.33,2837.8688,242115.149665,SOLUSDT,bybit
2026-05-25 00:05:00+00:00,85.33,85.41,85.24,85.36,993.5432,84779.330759,SOLUSDT,bybit
2026-05-25 00:10:00+00:00,85.36,85.43,85.33,85.39,1024.9162,87506.644597,SOLUSDT,bybit
2026-05-25 00:15:00+00:00,85.39,85.46,85.34,85.4,673.7968,57546.026325,SOLUSDT,bybit
2026-05-25 00:20:00+00:00,85.4,85.5,85.35,85.49,710.0135,60653.852444,SOLUSDT,bybit
2026-05-25 00:25:00+00:00,85.49,85.52,85.38,85.48,230.1265,19660.805715,SOLUSDT,bybit
2026-05-25 00:30:00+00:00,85.48,85.59,85.39,85.44,572.9498,49000.183172,SOLUSDT,bybit
2026-05-25 00:35:00+00:00,85.44,85.6,85.44,85.53,399.966,34186.296068,SOLUSDT,bybit
2026-05-25 00:40:00+00:00,85.53,85.56,85.41,85.44,2653.6081,226887.941929,SOLUSDT,bybit
2026-05-25 00:45:00+00:00,85.44,85.65,85.38,85.55,3730.9556,319126.294361,SOLUSDT,bybit
2026-05-25 00:50:00+00:00,85.55,85.55,85.46,85.5,2191.8888,187447.504314,SOLUSDT,bybit
2026-05-25 00:55:00+00:00,85.5,85.51,85.4,85.48,158.0062,13504.214735,SOLUSDT,bybit
2026-05-25 01:00:00+00:00,85.48,85.54,85.3,85.43,1940.4558,165734.823479,SOLUSDT,bybit
2026-05-25 01:05:00+00:00,85.43,85.47,85.4,85.43,624.8855,53389.692908,SOLUSDT,bybit
2026-05-25 01:10:00+00:00,85.43,85.49,85.39,85.48,731.9709,62531.267937,SOLUSDT,bybit
2026-05-25 01:15:00+00:00,85.48,85.59,85.46,85.52,953.6341,81543.460223,SOLUSDT,bybit
2026-05-25 01:20:00+00:00,85.52,85.57,85.47,85.5,768.0381,65685.425939,SOLUSDT,bybit
2026-05-25 01:25:00+00:00,85.5,85.52,85.39,85.43,745.7504,63718.696034,SOLUSDT,bybit
2026-05-25 01:30:00+00:00,85.43,85.48,85.35,85.42,1197.7327,102278.455288,SOLUSDT,bybit
2026-05-25 01:35:00+00:00,85.42,85.48,85.36,85.38,141.7599,12106.254637,SOLUSDT,bybit
2026-05-25 01:40:00+00:00,85.38,85.39,85.29,85.31,1524.22,130065.581244,SOLUSDT,bybit
2026-05-25 01:45:00+00:00,85.31,85.34,85.24,85.25,692.8987,59099.256709,SOLUSDT,bybit
2026-05-25 01:50:00+00:00,85.25,85.28,85.06,85.09,1975.1784,168165.795708,SOLUSDT,bybit
2026-05-25 01:55:00+00:00,85.09,85.15,84.82,84.84,3014.4224,256020.577147,SOLUSDT,bybit
2026-05-25 02:00:00+00:00,84.84,85.14,84.84,85.11,990.1913,84112.3072,SOLUSDT,bybit
2026-05-25 02:05:00+00:00,85.11,85.78,85.09,85.64,6768.6045,579137.548133,SOLUSDT,bybit
2026-05-25 02:10:00+00:00,85.64,85.75,85.59,85.68,2566.2296,219832.875152,SOLUSDT,bybit
2026-05-25 02:15:00+00:00,85.68,85.68,85.36,85.42,2681.0319,229085.056355,SOLUSDT,bybit
2026-05-25 02:20:00+00:00,85.42,85.46,85.29,85.3,1325.3272,113178.12444,SOLUSDT,bybit
2026-05-25 02:25:00+00:00,85.3,85.3,84.98,85.15,2928.6801,249211.647154,SOLUSDT,bybit
2026-05-25 02:30:00+00:00,85.15,85.26,85.06,85.07,1107.2043,94318.284059,SOLUSDT,bybit
2026-05-25 02:35:00+00:00,85.07,85.23,84.99,85.15,3001.7442,255505.546712,SOLUSDT,bybit
2026-05-25 02:40:00+00:00,85.15,85.16,85.03,85.16,586.3875,49900.891929,SOLUSDT,bybit
2026-05-25 02:45:00+00:00,85.16,85.21,85.08,85.17,666.7094,56753.989737,SOLUSDT,bybit
2026-05-25 02:50:00+00:00,85.17,85.25,85.16,85.2,500.2995,42630.441653,SOLUSDT,bybit
2026-05-25 02:55:00+00:00,85.2,85.25,85.03,85.07,3270.1575,278278.163933,SOLUSDT,bybit
2026-05-25 03:00:00+00:00,85.07,85.18,84.95,84.95,949.351,80746.203124,SOLUSDT,bybit
2026-05-25 03:05:00+00:00,84.95,85.02,84.91,84.94,802.7403,68196.407154,SOLUSDT,bybit
2026-05-25 03:10:00+00:00,84.94,85.03,84.84,84.93,1869.8437,158780.492531,SOLUSDT,bybit
2026-05-25 03:15:00+00:00,84.93,85.03,84.9,84.95,560.738,47638.885584,SOLUSDT,bybit
2026-05-25 03:20:00+00:00,84.95,85.05,84.94,84.95,800.3374,68029.936724,SOLUSDT,bybit
2026-05-25 03:25:00+00:00,84.95,85.02,84.88,84.9,2546.9546,216339.552409,SOLUSDT,bybit
2026-05-25 03:30:00+00:00,84.9,84.95,84.78,84.88,1040.6315,88315.424313,SOLUSDT,bybit
2026-05-25 03:35:00+00:00,84.88,84.95,84.85,84.95,458.1539,38899.84752,SOLUSDT,bybit
2026-05-25 03:40:00+00:00,84.95,84.96,84.91,84.94,160.4721,13630.724758,SOLUSDT,bybit
2026-05-25 03:45:00+00:00,84.94,84.99,84.84,84.92,504.1912,42811.719698,SOLUSDT,bybit
2026-05-25 03:50:00+00:00,84.92,84.99,84.86,84.94,904.1868,76770.933924,SOLUSDT,bybit
2026-05-25 03:55:00+00:00,84.94,84.97,84.9,84.93,323.8581,27506.563907,SOLUSDT,bybit
2026-05-25 04:00:00+00:00,84.93,85.05,84.93,84.95,740.5544,62929.252229,SOLUSDT,bybit
2026-05-25 04:05:00+00:00,84.95,85.03,84.93,85.03,1337.2578,113653.966991,SOLUSDT,bybit
2026-05-25 04:10:00+00:00,85.03,85.09,84.96,85.02,1015.2575,86318.262598,SOLUSDT,bybit
2026-05-25 04:15:00+00:00,85.02,85.05,84.93,85.03,471.9227,40110.070392,SOLUSDT,bybit
2026-05-25 04:20:00+00:00,85.03,85.15,85.03,85.13,1256.0683,106906.079413,SOLUSDT,bybit
2026-05-25 04:25:00+00:00,85.13,85.24,85.13,85.24,2821.4879,240368.600534,SOLUSDT,bybit
2026-05-25 04:30:00+00:00,85.24,85.37,85.19,85.25,1649.8757,140692.669726,SOLUSDT,bybit
2026-05-25 04:35:00+00:00,85.25,85.35,85.25,85.3,1635.0611,139475.125565,SOLUSDT,bybit
2026-05-25 04:40:00+00:00,85.3,85.52,85.3,85.52,1357.4195,115969.507346,SOLUSDT,bybit
2026-05-25 04:45:00+00:00,85.52,85.66,85.5,85.65,1177.6193,100777.366548,SOLUSDT,bybit
2026-05-25 04:50:00+00:00,85.65,85.92,85.63,85.8,3577.8889,307068.243671,SOLUSDT,bybit
2026-05-25 04:55:00+00:00,85.8,85.86,85.77,85.84,1344.5438,115374.842721,SOLUSDT,bybit
2026-05-25 05:00:00+00:00,85.84,85.87,85.74,85.82,2808.5654,240997.957717,SOLUSDT,bybit
2026-05-25 05:05:00+00:00,85.82,86.11,85.81,85.97,3586.1332,308404.786755,SOLUSDT,bybit
2026-05-25 05:10:00+00:00,85.97,86.03,85.9,86.02,1058.287,90960.900654,SOLUSDT,bybit
2026-05-25 05:15:00+00:00,86.02,86.18,85.96,86.07,4732.5627,407391.085629,SOLUSDT,bybit
2026-05-25 05:20:00+00:00,86.07,86.1,85.92,85.95,2255.9255,194049.431512,SOLUSDT,bybit
2026-05-25 05:25:00+00:00,85.95,85.98,85.91,85.97,733.3465,63031.125335,SOLUSDT,bybit
2026-05-25 05:30:00+00:00,85.97,86.09,85.97,86.03,1496.6408,128749.996586,SOLUSDT,bybit
2026-05-25 05:35:00+00:00,86.03,86.13,86.0,86.0,454.4405,39106.350244,SOLUSDT,bybit
2026-05-25 05:40:00+00:00,86.0,86.18,86.0,86.14,1777.0029,153008.237003,SOLUSDT,bybit
2026-05-25 05:45:00+00:00,86.14,86.16,86.02,86.07,879.1091,75671.908427,SOLUSDT,bybit
2026-05-25 05:50:00+00:00,86.07,86.07,86.01,86.05,567.6942,48836.719168,SOLUSDT,bybit
2026-05-25 05:55:00+00:00,86.05,86.08,85.98,86.0,2408.8037,207221.572693,SOLUSDT,bybit
2026-05-25 06:00:00+00:00,86.0,86.07,85.96,86.02,657.2975,56539.367447,SOLUSDT,bybit
2026-05-25 06:05:00+00:00,86.02,86.2,85.99,86.09,2981.9884,256697.057655,SOLUSDT,bybit
2026-05-25 06:10:00+00:00,86.09,86.09,85.84,85.84,589.3558,50665.558472,SOLUSDT,bybit
2026-05-25 06:15:00+00:00,85.84,85.87,85.73,85.77,2341.6295,200877.845914,SOLUSDT,bybit
2026-05-25 06:20:00+00:00,85.77,85.79,85.64,85.68,1046.396,89671.251545,SOLUSDT,bybit
2026-05-25 06:25:00+00:00,85.68,85.78,85.65,85.78,355.3884,30458.478707,SOLUSDT,bybit
2026-05-25 06:30:00+00:00,85.78,86.0,85.78,86.0,1346.2741,115636.417859,SOLUSDT,bybit
2026-05-25 06:35:00+00:00,86.0,86.05,85.92,85.92,459.772,39532.138378,SOLUSDT,bybit
2026-05-25 06:40:00+00:00,85.92,85.99,85.92,85.93,467.7089,40197.753802,SOLUSDT,bybit
2026-05-25 06:45:00+00:00,85.93,86.04,85.9,86.0,520.6751,44771.450851,SOLUSDT,bybit
2026-05-25 06:50:00+00:00,86.0,86.02,85.97,85.97,206.6317,17769.525488,SOLUSDT,bybit
2026-05-25 06:55:00+00:00,85.97,86.01,85.92,85.99,207.1911,17815.321627,SOLUSDT,bybit
2026-05-25 07:00:00+00:00,85.99,86.16,85.99,86.07,1073.4182,92395.616395,SOLUSDT,bybit
2026-05-25 07:05:00+00:00,86.07,86.07,85.93,85.98,130.6276,11234.730746,SOLUSDT,bybit
2026-05-25 07:10:00+00:00,85.98,85.98,85.81,85.86,213.1303,18308.321719,SOLUSDT,bybit
2026-05-25 07:15:00+00:00,85.86,85.94,85.63,85.68,1989.2497,170612.159368,SOLUSDT,bybit
2026-05-25 07:20:00+00:00,85.68,85.76,85.6,85.76,610.4907,52297.113373,SOLUSDT,bybit
2026-05-25 07:25:00+00:00,85.76,85.76,85.64,85.65,285.2988,24442.483496,SOLUSDT,bybit
2026-05-25 07:30:00+00:00,85.65,85.91,85.64,85.8,4701.7881,403425.19548,SOLUSDT,bybit
2026-05-25 07:35:00+00:00,85.8,85.8,85.74,85.77,1545.0678,132522.429865,SOLUSDT,bybit
2026-05-25 07:40:00+00:00,85.77,85.8,85.72,85.75,1572.3657,134846.25702,SOLUSDT,bybit
2026-05-25 07:45:00+00:00,85.75,85.82,85.65,85.78,3938.4652,337690.255298,SOLUSDT,bybit
2026-05-25 07:50:00+00:00,85.78,85.9,85.74,85.9,2978.043,255573.755648,SOLUSDT,bybit
2026-05-25 07:55:00+00:00,85.9,85.98,85.88,85.98,1882.3623,161745.700493,SOLUSDT,bybit
2026-05-25 08:00:00+00:00,85.98,85.98,85.86,85.93,984.3848,84577.346932,SOLUSDT,bybit
2026-05-25 08:05:00+00:00,85.93,85.94,85.86,85.91,348.8355,29962.396155,SOLUSDT,bybit
2026-05-25 08:10:00+00:00,85.91,85.91,85.8,85.8,844.6693,72521.017401,SOLUSDT,bybit
2026-05-25 08:15:00+00:00,85.8,85.83,85.78,85.81,141.7646,12165.323659,SOLUSDT,bybit
2026-05-25 08:20:00+00:00,85.81,85.93,85.8,85.8,1883.5294,161744.623874,SOLUSDT,bybit
2026-05-25 08:25:00+00:00,85.8,85.84,85.76,85.83,768.9662,65963.156285,SOLUSDT,bybit
2026-05-25 08:30:00+00:00,85.83,85.94,85.83,85.93,519.8458,44650.973384,SOLUSDT,bybit
2026-05-25 08:35:00+00:00,85.93,86.06,85.92,85.94,745.1139,64075.715627,SOLUSDT,bybit
2026-05-25 08:40:00+00:00,85.94,86.02,85.85,85.97,2073.2906,178195.063061,SOLUSDT,bybit
2026-05-25 08:45:00+00:00,85.97,86.0,85.91,85.97,242.0032,20802.279796,SOLUSDT,bybit
2026-05-25 08:50:00+00:00,85.97,86.06,85.96,86.05,361.0022,31058.494853,SOLUSDT,bybit
2026-05-25 08:55:00+00:00,86.05,86.1,86.01,86.03,552.5525,47544.281395,SOLUSDT,bybit
2026-05-25 09:00:00+00:00,86.03,86.1,86.0,86.0,649.5553,55903.367883,SOLUSDT,bybit
2026-05-25 09:05:00+00:00,86.0,86.13,85.98,86.13,1073.6135,92379.354097,SOLUSDT,bybit
2026-05-25 09:10:00+00:00,86.13,86.16,86.02,86.03,5777.6795,497732.321424,SOLUSDT,bybit
2026-05-25 09:15:00+00:00,86.03,86.03,85.98,86.01,150.398,12933.837731,SOLUSDT,bybit
2026-05-25 09:20:00+00:00,86.01,86.04,85.93,86.03,349.4855,30050.655376,SOLUSDT,bybit
2026-05-25 09:25:00+00:00,86.03,86.04,85.97,86.04,230.3406,19811.683588,SOLUSDT,bybit
2026-05-25 09:30:00+00:00,86.04,86.23,86.02,86.12,1417.5841,122103.964767,SOLUSDT,bybit
2026-05-25 09:35:00+00:00,86.12,86.12,85.99,86.02,1400.6191,120480.163383,SOLUSDT,bybit
2026-05-25 09:40:00+00:00,86.02,86.02,85.96,85.98,1583.8659,136181.227962,SOLUSDT,bybit
2026-05-25 09:45:00+00:00,85.98,85.99,85.92,85.97,127.3427,10947.007471,SOLUSDT,bybit
2026-05-25 09:50:00+00:00,85.97,86.04,85.95,85.96,144.479,12425.320528,SOLUSDT,bybit
2026-05-25 09:55:00+00:00,85.96,85.97,85.91,85.93,1050.3683,90275.8723,SOLUSDT,bybit
2026-05-25 10:00:00+00:00,85.93,85.97,85.91,85.93,226.7423,19484.883751,SOLUSDT,bybit
2026-05-25 10:05:00+00:00,85.93,86.0,85.91,85.99,288.6072,24807.45687,SOLUSDT,bybit
2026-05-25 10:10:00+00:00,85.99,86.03,85.98,86.02,498.3863,42861.834094,SOLUSDT,bybit
2026-05-25 10:15:00+00:00,86.02,86.11,86.02,86.05,366.2003,31517.329042,SOLUSDT,bybit
2026-05-25 10:20:00+00:00,86.05,86.05,85.9,86.0,356.8167,30678.295853,SOLUSDT,bybit
2026-05-25 10:25:00+00:00,86.0,86.02,85.91,86.02,751.5477,64608.646721,SOLUSDT,bybit
2026-05-25 10:30:00+00:00,86.02,86.02,85.95,86.02,370.1203,31821.221688,SOLUSDT,bybit
2026-05-25 10:35:00+00:00,86.02,86.07,85.97,85.98,400.1903,34429.435148,SOLUSDT,bybit
2026-05-25 10:40:00+00:00,85.98,86.0,85.96,86.0,153.1286,13164.986964,SOLUSDT,bybit
2026-05-25 10:45:00+00:00,86.0,86.06,85.98,86.05,405.216,34860.024228,SOLUSDT,bybit
2026-05-25 10:50:00+00:00,86.05,86.09,86.0,86.09,468.3042,40295.743539,SOLUSDT,bybit
2026-05-25 10:55:00+00:00,86.09,86.11,86.04,86.08,231.5976,19934.935182,SOLUSDT,bybit
2026-05-25 11:00:00+00:00,86.08,86.08,85.96,86.04,759.2522,65294.750673,SOLUSDT,bybit
2026-05-25 11:05:00+00:00,86.04,86.05,85.96,86.05,327.7257,28186.535057,SOLUSDT,bybit
2026-05-25 11:10:00+00:00,86.05,86.06,86.0,86.0,340.0698,29252.818345,SOLUSDT,bybit
2026-05-25 11:15:00+00:00,86.0,86.01,85.94,85.97,332.2203,28562.546245,SOLUSDT,bybit
2026-05-25 11:20:00+00:00,85.97,86.02,85.93,85.96,411.8472,35414.095069,SOLUSDT,bybit
2026-05-25 11:25:00+00:00,85.96,85.97,85.89,85.91,580.9119,49902.915428,SOLUSDT,bybit
2026-05-25 11:30:00+00:00,85.91,86.05,85.89,86.05,728.5671,62655.575727,SOLUSDT,bybit
2026-05-25 11:35:00+00:00,86.05,86.14,86.0,86.1,1167.6041,100508.770376,SOLUSDT,bybit
2026-05-25 11:40:00+00:00,86.1,86.1,85.95,85.96,1043.65,89749.668274,SOLUSDT,bybit
2026-05-25 11:45:00+00:00,85.96,86.04,85.89,85.92,987.8588,84940.140605,SOLUSDT,bybit
2026-05-25 11:50:00+00:00,85.92,85.92,85.75,85.79,4070.105,349118.597456,SOLUSDT,bybit
2026-05-25 11:55:00+00:00,85.79,85.79,85.69,85.75,10943.5898,938112.758863,SOLUSDT,bybit
2026-05-25 12:00:00+00:00,85.75,85.77,85.65,85.74,7105.6365,608882.376971,SOLUSDT,bybit
2026-05-25 12:05:00+00:00,85.74,85.82,85.72,85.82,1760.9317,151027.156306,SOLUSDT,bybit
2026-05-25 12:10:00+00:00,85.82,85.86,85.79,85.86,733.7219,62971.424716,SOLUSDT,bybit
2026-05-25 12:15:00+00:00,85.86,85.92,85.83,85.92,1341.4265,115209.720682,SOLUSDT,bybit
2026-05-25 12:20:00+00:00,85.92,86.01,85.83,85.97,2109.5658,181269.843664,SOLUSDT,bybit
2026-05-25 12:25:00+00:00,85.97,86.08,85.95,85.97,905.8847,77909.22568,SOLUSDT,bybit
2026-05-25 12:30:00+00:00,85.97,86.03,85.89,85.93,825.9077,70987.492255,SOLUSDT,bybit
2026-05-25 12:35:00+00:00,85.93,86.06,85.93,85.97,3062.9163,263434.059191,SOLUSDT,bybit
2026-05-25 12:40:00+00:00,85.97,85.98,85.93,85.97,349.3917,30033.060193,SOLUSDT,bybit
2026-05-25 12:45:00+00:00,85.97,85.99,85.81,85.92,1384.7244,118940.936299,SOLUSDT,bybit
2026-05-25 12:50:00+00:00,85.92,85.99,85.9,85.98,350.0506,30082.378076,SOLUSDT,bybit
2026-05-25 12:55:00+00:00,85.98,86.02,85.88,85.89,2097.0551,180279.160447,SOLUSDT,bybit
2026-05-25 13:00:00+00:00,85.89,85.99,85.84,85.98,490.5007,42143.815228,SOLUSDT,bybit
2026-05-25 13:05:00+00:00,85.98,86.04,85.92,85.98,458.884,39448.936067,SOLUSDT,bybit
2026-05-25 13:10:00+00:00,85.98,86.0,85.86,85.91,373.2135,32063.767905,SOLUSDT,bybit
2026-05-25 13:15:00+00:00,85.91,85.95,85.85,85.86,320.6904,27545.199876,SOLUSDT,bybit
2026-05-25 13:20:00+00:00,85.86,85.91,85.82,85.9,150.4774,12921.815106,SOLUSDT,bybit
2026-05-25 13:25:00+00:00,85.9,85.93,85.84,85.85,258.6398,22212.861882,SOLUSDT,bybit
2026-05-25 13:30:00+00:00,85.85,85.9,85.8,85.83,194.333,16683.299921,SOLUSDT,bybit
2026-05-25 13:35:00+00:00,85.83,85.85,85.77,85.85,528.9366,45391.388367,SOLUSDT,bybit
2026-05-25 13:40:00+00:00,85.85,85.89,85.81,85.89,340.3075,29217.828403,SOLUSDT,bybit
2026-05-25 13:45:00+00:00,85.89,85.97,85.83,85.97,400.3751,34385.35656,SOLUSDT,bybit
2026-05-25 13:50:00+00:00,85.97,85.99,85.9,85.97,265.43,22812.147619,SOLUSDT,bybit
2026-05-25 13:55:00+00:00,85.97,86.03,85.96,86.01,1930.528,166011.847939,SOLUSDT,bybit
2026-05-25 14:00:00+00:00,86.01,86.12,85.94,86.12,1291.836,111105.966985,SOLUSDT,bybit
2026-05-25 14:05:00+00:00,86.12,86.27,86.07,86.15,1545.4778,133206.745371,SOLUSDT,bybit
2026-05-25 14:10:00+00:00,86.15,86.24,86.1,86.11,657.4427,56648.744776,SOLUSDT,bybit
2026-05-25 14:15:00+00:00,86.11,86.26,86.1,86.23,984.7773,84860.217071,SOLUSDT,bybit
2026-05-25 14:20:00+00:00,86.23,86.26,86.16,86.26,529.2679,45626.82096,SOLUSDT,bybit
2026-05-25 14:25:00+00:00,86.26,86.38,86.26,86.37,1646.7212,142171.583208,SOLUSDT,bybit
2026-05-25 14:30:00+00:00,86.37,86.38,86.24,86.3,807.7523,69695.302073,SOLUSDT,bybit
2026-05-25 14:35:00+00:00,86.3,86.31,86.22,86.22,927.1682,79971.006284,SOLUSDT,bybit
2026-05-25 14:40:00+00:00,86.22,86.23,86.15,86.23,354.3257,30537.898227,SOLUSDT,bybit
2026-05-25 14:45:00+00:00,86.23,86.45,86.22,86.33,933.2776,80622.057176,SOLUSDT,bybit
2026-05-25 14:50:00+00:00,86.33,86.36,86.25,86.28,487.8531,42104.916735,SOLUSDT,bybit
2026-05-25 14:55:00+00:00,86.28,86.34,86.25,86.34,908.3182,78393.403014,SOLUSDT,bybit
2026-05-25 15:00:00+00:00,86.34,86.39,86.28,86.31,518.5019,44761.152757,SOLUSDT,bybit
2026-05-25 15:05:00+00:00,86.31,86.39,86.3,86.3,620.5604,53572.810943,SOLUSDT,bybit
2026-05-25 15:10:00+00:00,86.3,86.54,86.23,86.27,6000.0092,518441.546604,SOLUSDT,bybit
2026-05-25 15:15:00+00:00,86.27,86.32,86.16,86.28,2481.2226,213961.332547,SOLUSDT,bybit
2026-05-25 15:20:00+00:00,86.28,86.28,86.07,86.16,536.3136,46213.482639,SOLUSDT,bybit
2026-05-25 15:25:00+00:00,86.16,86.23,86.09,86.09,340.2188,29314.293314,SOLUSDT,bybit
2026-05-25 15:30:00+00:00,86.09,86.22,86.05,86.19,367.5522,31662.692568,SOLUSDT,bybit
2026-05-25 15:35:00+00:00,86.19,86.31,86.19,86.28,419.8847,36214.453115,SOLUSDT,bybit
2026-05-25 15:40:00+00:00,86.28,86.31,86.23,86.31,267.0249,23036.082962,SOLUSDT,bybit
2026-05-25 15:45:00+00:00,86.31,86.31,86.16,86.22,574.6373,49550.336941,SOLUSDT,bybit
2026-05-25 15:50:00+00:00,86.22,86.22,86.13,86.19,479.6411,41332.439509,SOLUSDT,bybit
2026-05-25 15:55:00+00:00,86.19,86.28,86.18,86.24,207.3044,17880.672228,SOLUSDT,bybit
2026-05-25 16:00:00+00:00,86.24,86.29,86.18,86.23,598.97,51652.392904,SOLUSDT,bybit
2026-05-25 16:05:00+00:00,86.23,86.24,86.16,86.16,518.3402,44686.383656,SOLUSDT,bybit
2026-05-25 16:10:00+00:00,86.16,86.2,86.07,86.07,360.7881,31084.265831,SOLUSDT,bybit
2026-05-25 16:15:00+00:00,86.07,86.14,86.01,86.05,563.5768,48501.289235,SOLUSDT,bybit
2026-05-25 16:20:00+00:00,86.05,86.09,86.01,86.04,2873.3299,247239.47271,SOLUSDT,bybit
2026-05-25 16:25:00+00:00,86.04,86.09,85.98,86.02,1622.8726,139604.726168,SOLUSDT,bybit
2026-05-25 16:30:00+00:00,86.02,86.09,85.97,86.04,288.9332,24857.435448,SOLUSDT,bybit
2026-05-25 16:35:00+00:00,86.04,86.16,86.04,86.12,675.362,58158.188216,SOLUSDT,bybit
2026-05-25 16:40:00+00:00,86.12,86.14,86.05,86.14,228.3037,19658.600815,SOLUSDT,bybit
2026-05-25 16:45:00+00:00,86.14,86.35,86.11,86.35,639.0091,55104.148731,SOLUSDT,bybit
2026-05-25 16:50:00+00:00,86.35,86.44,86.2,86.25,1664.5065,143765.734509,SOLUSDT,bybit
2026-05-25 16:55:00+00:00,86.25,86.34,86.22,86.27,4725.1959,407558.248969,SOLUSDT,bybit
2026-05-25 17:00:00+00:00,86.27,86.36,86.26,86.34,1604.7211,138513.080705,SOLUSDT,bybit
2026-05-25 17:05:00+00:00,86.34,86.4,86.3,86.35,490.499,42352.251483,SOLUSDT,bybit
2026-05-25 17:10:00+00:00,86.35,86.35,86.27,86.28,693.6877,59864.738893,SOLUSDT,bybit
2026-05-25 17:15:00+00:00,86.28,86.28,86.09,86.18,939.4405,80942.19094,SOLUSDT,bybit
2026-05-25 17:20:00+00:00,86.18,86.2,86.15,86.19,363.2363,31302.962824,SOLUSDT,bybit
2026-05-25 17:25:00+00:00,86.19,86.3,86.19,86.3,1792.3426,154646.070183,SOLUSDT,bybit
2026-05-25 17:30:00+00:00,86.3,86.33,86.14,86.23,3296.9289,284248.518766,SOLUSDT,bybit
2026-05-25 17:35:00+00:00,86.23,86.26,86.17,86.18,265.1606,22859.939896,SOLUSDT,bybit
2026-05-25 17:40:00+00:00,86.18,86.18,86.12,86.12,68.0635,5863.143413,SOLUSDT,bybit
2026-05-25 17:45:00+00:00,86.12,86.14,86.08,86.11,460.5598,39659.687345,SOLUSDT,bybit
2026-05-25 17:50:00+00:00,86.11,86.16,86.1,86.14,1652.7478,142324.907576,SOLUSDT,bybit
2026-05-25 17:55:00+00:00,86.14,86.17,86.06,86.13,2575.4042,221783.576371,SOLUSDT,bybit
2026-05-25 18:00:00+00:00,86.13,86.24,86.09,86.21,373.5125,32186.725524,SOLUSDT,bybit
2026-05-25 18:05:00+00:00,86.21,86.31,86.21,86.26,547.6881,47242.025825,SOLUSDT,bybit
2026-05-25 18:10:00+00:00,86.26,86.3,86.22,86.22,777.879,67083.990358,SOLUSDT,bybit
2026-05-25 18:15:00+00:00,86.22,86.28,86.2,86.22,462.6394,39895.847033,SOLUSDT,bybit
2026-05-25 18:20:00+00:00,86.22,86.25,86.15,86.17,222.55,19180.126625,SOLUSDT,bybit
2026-05-25 18:25:00+00:00,86.17,86.2,86.16,86.2,55.6583,4796.741832,SOLUSDT,bybit
2026-05-25 18:30:00+00:00,86.2,86.21,86.08,86.1,1431.1511,123230.175023,SOLUSDT,bybit
2026-05-25 18:35:00+00:00,86.1,86.13,86.06,86.1,257.494,22167.717066,SOLUSDT,bybit
2026-05-25 18:40:00+00:00,86.1,86.1,86.0,86.05,540.8424,46535.162089,SOLUSDT,bybit
2026-05-25 18:45:00+00:00,86.05,86.09,86.0,86.04,1306.2494,112383.775955,SOLUSDT,bybit
2026-05-25 18:50:00+00:00,86.04,86.07,85.93,85.94,313.4929,26955.568014,SOLUSDT,bybit
2026-05-25 18:55:00+00:00,85.94,85.94,85.89,85.92,881.9606,75762.731674,SOLUSDT,bybit
2026-05-25 19:00:00+00:00,85.92,85.92,85.73,85.8,1925.0092,165193.729179,SOLUSDT,bybit
2026-05-25 19:05:00+00:00,85.8,85.89,85.8,85.82,360.4881,30949.111815,SOLUSDT,bybit
2026-05-25 19:10:00+00:00,85.82,85.88,85.79,85.87,213.0684,18290.541629,SOLUSDT,bybit
2026-05-25 19:15:00+00:00,85.87,85.89,85.8,85.86,1078.843,92626.317193,SOLUSDT,bybit
2026-05-25 19:20:00+00:00,85.86,85.93,85.83,85.92,299.0839,25689.222378,SOLUSDT,bybit
2026-05-25 19:25:00+00:00,85.92,85.95,85.9,85.94,351.2121,30177.279051,SOLUSDT,bybit
2026-05-25 19:30:00+00:00,85.94,85.94,85.72,85.72,1167.8395,100178.160703,SOLUSDT,bybit
2026-05-25 19:35:00+00:00,85.72,85.72,85.54,85.56,2852.1691,244184.741176,SOLUSDT,bybit
2026-05-25 19:40:00+00:00,85.56,85.66,85.55,85.66,301.8789,25839.942708,SOLUSDT,bybit
2026-05-25 19:45:00+00:00,85.66,85.7,85.61,85.65,555.1736,47546.953123,SOLUSDT,bybit
2026-05-25 19:50:00+00:00,85.65,85.68,85.62,85.62,438.9853,37607.012364,SOLUSDT,bybit
2026-05-25 19:55:00+00:00,85.62,85.68,85.6,85.65,630.5271,54013.081134,SOLUSDT,bybit
2026-05-25 20:00:00+00:00,85.65,85.78,85.61,85.75,311.1934,26673.242032,SOLUSDT,bybit
2026-05-25 20:05:00+00:00,85.75,85.8,85.73,85.8,253.8116,21773.08678,SOLUSDT,bybit
2026-05-25 20:10:00+00:00,85.8,85.82,85.79,85.8,355.4801,30504.551326,SOLUSDT,bybit
2026-05-25 20:15:00+00:00,85.8,85.89,85.79,85.88,287.1567,24650.388571,SOLUSDT,bybit
2026-05-25 20:20:00+00:00,85.88,85.88,85.74,85.76,119.0983,10220.203309,SOLUSDT,bybit
2026-05-25 20:25:00+00:00,85.76,85.79,85.64,85.68,588.8101,50461.820964,SOLUSDT,bybit
2026-05-25 20:30:00+00:00,85.68,85.74,85.59,85.6,626.2007,53650.097174,SOLUSDT,bybit
2026-05-25 20:35:00+00:00,85.6,85.6,85.41,85.48,1200.2115,102596.797789,SOLUSDT,bybit
2026-05-25 20:40:00+00:00,85.48,85.49,85.3,85.39,4516.9,385697.121595,SOLUSDT,bybit
2026-05-25 20:45:00+00:00,85.39,85.46,85.36,85.4,466.8003,39874.511373,SOLUSDT,bybit
2026-05-25 20:50:00+00:00,85.4,85.49,85.4,85.48,117.4672,10038.462841,SOLUSDT,bybit
2026-05-25 20:55:00+00:00,85.48,85.56,85.38,85.41,1171.5047,100134.454508,SOLUSDT,bybit
2026-05-25 21:00:00+00:00,85.41,85.54,85.4,85.54,593.3999,50730.392159,SOLUSDT,bybit
2026-05-25 21:05:00+00:00,85.54,85.57,85.47,85.49,844.3175,72207.209964,SOLUSDT,bybit
2026-05-25 21:10:00+00:00,85.49,85.49,85.36,85.44,612.0949,52282.780601,SOLUSDT,bybit
2026-05-25 21:15:00+00:00,85.44,85.45,85.35,85.42,352.1444,30077.170304,SOLUSDT,bybit
2026-05-25 21:20:00+00:00,85.42,85.46,85.34,85.37,385.2239,32897.401502,SOLUSDT,bybit
2026-05-25 21:25:00+00:00,85.37,85.49,85.36,85.47,473.7703,40476.309116,SOLUSDT,bybit
2026-05-25 21:30:00+00:00,85.47,85.49,85.45,85.45,333.2328,28481.803833,SOLUSDT,bybit
2026-05-25 21:35:00+00:00,85.45,85.48,85.36,85.4,591.7512,50550.043565,SOLUSDT,bybit
2026-05-25 21:40:00+00:00,85.4,85.45,85.33,85.35,539.8921,46111.021312,SOLUSDT,bybit
2026-05-25 21:45:00+00:00,85.35,85.42,85.29,85.41,270.6782,23106.552069,SOLUSDT,bybit
2026-05-25 21:50:00+00:00,85.41,85.47,85.39,85.43,340.8988,29123.307063,SOLUSDT,bybit
2026-05-25 21:55:00+00:00,85.43,85.45,85.37,85.39,478.0383,40825.474779,SOLUSDT,bybit
2026-05-25 22:00:00+00:00,85.39,85.44,85.2,85.28,2012.6768,171711.587675,SOLUSDT,bybit
2026-05-25 22:05:00+00:00,85.28,85.44,85.27,85.38,1178.1067,100564.11915,SOLUSDT,bybit
2026-05-25 22:10:00+00:00,85.38,85.54,85.35,85.49,908.8437,77683.871297,SOLUSDT,bybit
2026-05-25 22:15:00+00:00,85.49,85.54,85.42,85.48,521.1028,44544.557082,SOLUSDT,bybit
2026-05-25 22:20:00+00:00,85.48,85.54,85.44,85.51,211.6143,18093.57902,SOLUSDT,bybit
2026-05-25 22:25:00+00:00,85.51,85.53,85.25,85.31,1266.1346,108066.535312,SOLUSDT,bybit
2026-05-25 22:30:00+00:00,85.31,85.31,84.82,84.96,9630.7211,818823.136939,SOLUSDT,bybit
2026-05-25 22:35:00+00:00,84.96,84.96,84.71,84.85,3064.2583,259873.338637,SOLUSDT,bybit
2026-05-25 22:40:00+00:00,84.85,84.98,84.78,84.83,1378.0915,116976.613851,SOLUSDT,bybit
2026-05-25 22:45:00+00:00,84.83,84.94,84.83,84.93,382.5517,32468.263773,SOLUSDT,bybit
2026-05-25 22:50:00+00:00,84.93,84.96,84.89,84.95,198.5486,16863.872825,SOLUSDT,bybit
2026-05-25 22:55:00+00:00,84.95,84.96,84.81,84.82,589.8939,50075.544134,SOLUSDT,bybit
2026-05-25 23:00:00+00:00,84.82,84.92,84.73,84.88,1081.633,91742.747164,SOLUSDT,bybit
2026-05-25 23:05:00+00:00,84.88,85.1,84.87,85.07,1515.8534,128883.174139,SOLUSDT,bybit
2026-05-25 23:10:00+00:00,85.07,85.09,85.0,85.08,1028.2223,87447.22236,SOLUSDT,bybit
2026-05-25 23:15:00+00:00,85.08,85.16,85.02,85.04,2820.9942,240059.809874,SOLUSDT,bybit
2026-05-25 23:20:00+00:00,85.04,85.09,85.03,85.07,208.024,17694.187968,SOLUSDT,bybit
2026-05-25 23:25:00+00:00,85.07,85.11,85.03,85.11,537.1054,45690.954784,SOLUSDT,bybit
2026-05-25 23:30:00+00:00,85.11,85.21,85.07,85.14,165.6736,14107.570559,SOLUSDT,bybit
2026-05-25 23:35:00+00:00,85.14,85.15,85.08,85.11,513.9895,43744.167572,SOLUSDT,bybit
2026-05-25 23:40:00+00:00,85.11,85.15,85.06,85.06,197.1603,16779.459486,SOLUSDT,bybit
2026-05-25 23:45:00+00:00,85.06,85.09,84.98,85.01,393.5577,33462.586388,SOLUSDT,bybit
2026-05-25 23:50:00+00:00,85.01,85.1,84.95,85.1,223.2678,18976.352429,SOLUSDT,bybit
2026-05-25 23:55:00+00:00,85.1,85.13,85.05,85.05,159.0779,13535.799521,SOLUSDT,bybit
2026-05-26 00:00:00+00:00,85.05,85.09,84.93,84.96,1207.8139,102662.488015,SOLUSDT,bybit
2026-05-26 00:05:00+00:00,84.96,85.03,84.86,84.92,586.3546,49809.251995,SOLUSDT,bybit
2026-05-26 00:10:00+00:00,84.92,84.92,84.85,84.88,368.0624,31240.706889,SOLUSDT,bybit
2026-05-26 00:15:00+00:00,84.88,84.9,84.7,84.78,846.7946,71825.803106,SOLUSDT,bybit
2026-05-26 00:20:00+00:00,84.78,84.79,84.7,84.74,1838.186,155719.582372,SOLUSDT,bybit
2026-05-26 00:25:00+00:00,84.74,84.79,84.67,84.72,1088.9057,92281.299032,SOLUSDT,bybit
2026-05-26 00:30:00+00:00,84.72,84.83,84.69,84.75,737.266,62482.329724,SOLUSDT,bybit
2026-05-26 00:35:00+00:00,84.75,84.75,84.42,84.49,2104.0465,177827.904776,SOLUSDT,bybit
2026-05-26 00:40:00+00:00,84.49,84.49,84.26,84.38,10071.893,849485.070647,SOLUSDT,bybit
2026-05-26 00:45:00+00:00,84.38,84.46,84.28,84.35,3048.4835,257260.192194,SOLUSDT,bybit
2026-05-26 00:50:00+00:00,84.35,84.35,83.92,84.19,5356.0018,450336.230809,SOLUSDT,bybit
2026-05-26 00:55:00+00:00,84.19,84.44,84.19,84.41,1413.755,119242.242602,SOLUSDT,bybit
2026-05-26 01:00:00+00:00,84.41,84.43,84.14,84.17,1321.3729,111333.674332,SOLUSDT,bybit
2026-05-26 01:05:00+00:00,84.17,84.32,84.14,84.19,505.2924,42555.31051,SOLUSDT,bybit
2026-05-26 01:10:00+00:00,84.19,84.51,84.18,84.5,668.0445,56382.227961,SOLUSDT,bybit
2026-05-26 01:15:00+00:00,84.5,84.56,84.44,84.51,229.5497,19400.117166,SOLUSDT,bybit
2026-05-26 01:20:00+00:00,84.51,84.56,84.39,84.42,129.353,10921.342052,SOLUSDT,bybit
2026-05-26 01:25:00+00:00,84.42,84.42,84.21,84.3,394.9829,33286.524145,SOLUSDT,bybit
2026-05-26 01:30:00+00:00,84.3,84.31,83.92,84.0,1741.0935,146420.423301,SOLUSDT,bybit
2026-05-26 01:35:00+00:00,84.0,84.14,83.97,84.07,1675.6179,140827.665685,SOLUSDT,bybit
2026-05-26 01:40:00+00:00,84.07,84.07,83.86,84.0,4633.1079,388855.019256,SOLUSDT,bybit
2026-05-26 01:45:00+00:00,84.0,84.11,83.94,84.08,1217.0914,102251.330383,SOLUSDT,bybit
2026-05-26 01:50:00+00:00,84.08,84.2,84.06,84.17,257.4975,21664.008712,SOLUSDT,bybit
2026-05-26 01:55:00+00:00,84.17,84.25,84.1,84.1,702.3882,59120.503796,SOLUSDT,bybit
2026-05-26 02:00:00+00:00,84.1,84.19,84.02,84.07,1290.2042,108522.210812,SOLUSDT,bybit
2026-05-26 02:05:00+00:00,84.07,84.21,84.06,84.15,813.7208,68472.630413,SOLUSDT,bybit
2026-05-26 02:10:00+00:00,84.15,84.21,84.1,84.16,304.3309,25611.126632,SOLUSDT,bybit
2026-05-26 02:15:00+00:00,84.16,84.22,84.06,84.22,652.908,54923.357362,SOLUSDT,bybit
2026-05-26 02:20:00+00:00,84.22,84.22,84.1,84.17,648.4439,54554.268003,SOLUSDT,bybit
2026-05-26 02:25:00+00:00,84.17,84.17,83.99,84.01,516.1196,43395.958654,SOLUSDT,bybit
2026-05-26 02:30:00+00:00,84.01,84.06,83.95,84.05,980.5797,82379.52716,SOLUSDT,bybit
2026-05-26 02:35:00+00:00,84.05,84.13,84.04,84.09,338.7304,28479.590277,SOLUSDT,bybit
2026-05-26 02:40:00+00:00,84.09,84.13,83.99,84.01,628.8875,52870.372758,SOLUSDT,bybit
2026-05-26 02:45:00+00:00,84.01,84.1,83.91,84.06,1026.972,86267.670029,SOLUSDT,bybit
2026-05-26 02:50:00+00:00,84.06,84.11,84.02,84.05,745.7781,62689.381289,SOLUSDT,bybit
2026-05-26 02:55:00+00:00,84.05,84.07,83.97,84.01,395.0453,33186.039091,SOLUSDT,bybit
2026-05-26 03:00:00+00:00,84.01,84.02,83.92,83.92,618.47,51924.4238,SOLUSDT,bybit
2026-05-26 03:05:00+00:00,83.92,83.99,83.85,83.87,589.7044,49474.824096,SOLUSDT,bybit
2026-05-26 03:10:00+00:00,83.87,83.98,83.85,83.86,440.2182,36935.496926,SOLUSDT,bybit
2026-05-26 03:15:00+00:00,83.86,83.98,83.85,83.92,372.8147,31284.241395,SOLUSDT,bybit
2026-05-26 03:20:00+00:00,83.92,84.0,83.91,83.95,13091.1786,1098867.347524,SOLUSDT,bybit
2026-05-26 03:25:00+00:00,83.95,84.01,83.84,84.0,1359.1622,114093.676132,SOLUSDT,bybit
2026-05-26 03:30:00+00:00,84.0,84.17,83.94,84.17,617.0733,51854.171546,SOLUSDT,bybit
2026-05-26 03:35:00+00:00,84.17,84.21,84.15,84.16,379.4042,31933.567118,SOLUSDT,bybit
2026-05-26 03:40:00+00:00,84.16,84.18,84.12,84.14,216.7054,18233.409351,SOLUSDT,bybit
2026-05-26 03:45:00+00:00,84.14,84.18,84.11,84.17,268.9335,22630.86615,SOLUSDT,bybit
2026-05-26 03:50:00+00:00,84.17,84.26,84.14,84.23,780.0408,65675.230513,SOLUSDT,bybit
2026-05-26 03:55:00+00:00,84.23,84.24,84.21,84.21,401.5753,33822.327076,SOLUSDT,bybit
2026-05-26 04:00:00+00:00,84.21,84.3,84.12,84.13,556.6318,46875.131456,SOLUSDT,bybit
2026-05-26 04:05:00+00:00,84.13,84.17,84.09,84.11,376.052,31634.656359,SOLUSDT,bybit
2026-05-26 04:10:00+00:00,84.11,84.14,84.07,84.09,685.5797,57652.574884,SOLUSDT,bybit
2026-05-26 04:15:00+00:00,84.09,84.13,84.0,84.09,676.5897,56894.859019,SOLUSDT,bybit
2026-05-26 04:20:00+00:00,84.09,84.24,84.09,84.21,392.3038,33003.394748,SOLUSDT,bybit
2026-05-26 04:25:00+00:00,84.21,84.49,84.21,84.46,3160.0483,266667.269028,SOLUSDT,bybit
2026-05-26 04:30:00+00:00,84.46,84.51,84.44,84.44,657.4048,55522.483142,SOLUSDT,bybit
2026-05-26 04:35:00+00:00,84.44,84.51,84.43,84.44,453.3511,38291.485419,SOLUSDT,bybit
2026-05-26 04:40:00+00:00,84.44,84.44,84.3,84.35,15207.7497,1282894.739241,SOLUSDT,bybit
2026-05-26 04:45:00+00:00,84.35,84.4,84.29,84.37,6713.4066,566235.729802,SOLUSDT,bybit
2026-05-26 04:50:00+00:00,84.37,84.4,84.32,84.38,12600.5964,1062769.749189,SOLUSDT,bybit
2026-05-26 04:55:00+00:00,84.38,84.45,84.35,84.36,1112.0145,93838.47712,SOLUSDT,bybit
2026-05-26 05:00:00+00:00,84.36,84.4,84.25,84.38,1381.6418,116487.975107,SOLUSDT,bybit
2026-05-26 05:05:00+00:00,84.38,84.46,84.32,84.4,572.9819,48345.755801,SOLUSDT,bybit
2026-05-26 05:10:00+00:00,84.4,84.49,84.39,84.46,433.3167,36590.659605,SOLUSDT,bybit
2026-05-26 05:15:00+00:00,84.46,84.54,84.46,84.54,661.4314,55901.300406,SOLUSDT,bybit
2026-05-26 05:20:00+00:00,84.54,84.65,84.54,84.61,1988.1034,168178.84402,SOLUSDT,bybit
2026-05-26 05:25:00+00:00,84.61,84.66,84.59,84.64,1284.6532,108719.704948,SOLUSDT,bybit
2026-05-26 05:30:00+00:00,84.64,84.73,84.61,84.73,445.1859,37694.047694,SOLUSDT,bybit
2026-05-26 05:35:00+00:00,84.73,84.97,84.73,84.84,2794.4874,237173.190081,SOLUSDT,bybit
2026-05-26 05:40:00+00:00,84.84,84.84,84.72,84.77,327.3773,27747.911008,SOLUSDT,bybit
2026-05-26 05:45:00+00:00,84.77,84.77,84.59,84.63,1232.5006,104344.47585,SOLUSDT,bybit
2026-05-26 05:50:00+00:00,84.63,84.63,84.52,84.56,719.4064,60840.930722,SOLUSDT,bybit
2026-05-26 05:55:00+00:00,84.56,84.65,84.56,84.65,475.1528,40197.49846,SOLUSDT,bybit
2026-05-26 06:00:00+00:00,84.65,84.65,84.47,84.55,4187.725,353908.859655,SOLUSDT,bybit
2026-05-26 06:05:00+00:00,84.55,84.59,84.51,84.59,487.0894,41185.212603,SOLUSDT,bybit
2026-05-26 06:10:00+00:00,84.59,84.59,84.5,84.54,377.647,31923.204124,SOLUSDT,bybit
2026-05-26 06:15:00+00:00,84.54,84.6,84.52,84.57,394.1806,33334.102779,SOLUSDT,bybit
2026-05-26 06:20:00+00:00,84.57,84.59,84.48,84.55,346.8765,29325.808569,SOLUSDT,bybit
2026-05-26 06:25:00+00:00,84.55,84.61,84.39,84.51,1916.7672,161896.162384,SOLUSDT,bybit
2026-05-26 06:30:00+00:00,84.51,84.59,84.49,84.57,646.2592,54625.070515,SOLUSDT,bybit
2026-05-26 06:35:00+00:00,84.57,84.72,84.57,84.72,493.4986,41777.405728,SOLUSDT,bybit
2026-05-26 06:40:00+00:00,84.72,84.83,84.71,84.75,805.2895,68251.08002,SOLUSDT,bybit
2026-05-26 06:45:00+00:00,84.75,84.76,84.66,84.66,287.9796,24396.926321,SOLUSDT,bybit
2026-05-26 06:50:00+00:00,84.66,84.71,84.65,84.67,150.1758,12717.889096,SOLUSDT,bybit
2026-05-26 06:55:00+00:00,84.67,84.68,84.56,84.59,392.8367,33240.85851,SOLUSDT,bybit
2026-05-26 07:00:00+00:00,84.59,84.63,84.49,84.5,382.5401,32342.470531,SOLUSDT,bybit
2026-05-26 07:05:00+00:00,84.5,84.5,84.34,84.34,804.6248,67951.409037,SOLUSDT,bybit
2026-05-26 07:10:00+00:00,84.34,84.37,84.21,84.26,347.7119,29304.577077,SOLUSDT,bybit
2026-05-26 07:15:00+00:00,84.26,84.27,84.11,84.22,1621.8696,136507.061046,SOLUSDT,bybit
2026-05-26 07:20:00+00:00,84.22,84.3,84.18,84.29,631.4938,53194.622923,SOLUSDT,bybit
2026-05-26 07:25:00+00:00,84.29,84.34,84.25,84.29,130.6369,11011.940465,SOLUSDT,bybit
2026-05-26 07:30:00+00:00,84.29,84.29,84.12,84.18,2162.4042,182104.26939,SOLUSDT,bybit
2026-05-26 07:35:00+00:00,84.18,84.18,84.1,84.18,1055.2168,88788.276677,SOLUSDT,bybit
2026-05-26 07:40:00+00:00,84.18,84.29,84.18,84.29,431.864,36384.831306,SOLUSDT,bybit
2026-05-26 07:45:00+00:00,84.29,84.41,84.29,84.41,422.2418,35614.133092,SOLUSDT,bybit
2026-05-26 07:50:00+00:00,84.41,84.5,84.41,84.49,497.595,42026.007066,SOLUSDT,bybit
2026-05-26 07:55:00+00:00,84.49,84.49,84.27,84.36,783.9405,66144.635456,SOLUSDT,bybit
2026-05-26 08:00:00+00:00,84.36,84.42,84.34,84.4,353.5094,29826.115052,SOLUSDT,bybit
2026-05-26 08:05:00+00:00,84.4,84.45,84.35,84.44,300.6592,25371.026814,SOLUSDT,bybit
2026-05-26 08:10:00+00:00,84.44,84.53,84.42,84.48,269.8949,22805.054888,SOLUSDT,bybit
2026-05-26 08:15:00+00:00,84.48,84.51,84.36,84.49,687.7871,58064.970933,SOLUSDT,bybit
2026-05-26 08:20:00+00:00,84.49,84.52,84.46,84.46,561.7322,47463.882683,SOLUSDT,bybit
2026-05-26 08:25:00+00:00,84.46,84.53,84.41,84.47,477.3315,40319.072736,SOLUSDT,bybit
2026-05-26 08:30:00+00:00,84.47,84.5,84.35,84.37,255.2293,21551.18815,SOLUSDT,bybit
2026-05-26 08:35:00+00:00,84.37,84.57,84.35,84.57,723.5245,61112.632888,SOLUSDT,bybit
2026-05-26 08:40:00+00:00,84.57,84.57,84.49,84.53,565.78,47816.539925,SOLUSDT,bybit
2026-05-26 08:45:00+00:00,84.53,84.55,84.43,84.43,417.7522,35295.330847,SOLUSDT,bybit
2026-05-26 08:50:00+00:00,84.43,84.54,84.35,84.54,283.2161,23912.376063,SOLUSDT,bybit
2026-05-26 08:55:00+00:00,84.54,84.55,84.43,84.45,411.1781,34738.196813,SOLUSDT,bybit
2026-05-26 09:00:00+00:00,84.45,84.5,84.36,84.43,821.4984,69364.562768,SOLUSDT,bybit
2026-05-26 09:05:00+00:00,84.43,84.44,84.36,84.41,593.8113,50113.351843,SOLUSDT,bybit
2026-05-26 09:10:00+00:00,84.41,84.51,84.38,84.42,689.4576,58224.703519,SOLUSDT,bybit
2026-05-26 09:15:00+00:00,84.42,84.64,84.37,84.59,4977.694,420794.858046,SOLUSDT,bybit
2026-05-26 09:20:00+00:00,84.59,84.62,84.4,84.45,484.4226,40951.659793,SOLUSDT,bybit
2026-05-26 09:25:00+00:00,84.45,84.6,84.45,84.57,238.3831,20146.6585,SOLUSDT,bybit
2026-05-26 09:30:00+00:00,84.57,84.7,84.55,84.57,736.8569,62386.687958,SOLUSDT,bybit
2026-05-26 09:35:00+00:00,84.57,84.6,84.49,84.49,733.4851,61995.279347,SOLUSDT,bybit
2026-05-26 09:40:00+00:00,84.49,84.55,84.43,84.5,2660.807,224883.92767,SOLUSDT,bybit
2026-05-26 09:45:00+00:00,84.5,84.55,84.3,84.42,2934.8365,247619.71534,SOLUSDT,bybit
2026-05-26 09:50:00+00:00,84.42,84.48,84.41,84.47,476.3359,40224.404961,SOLUSDT,bybit
2026-05-26 09:55:00+00:00,84.47,84.51,84.47,84.48,295.205,24939.685168,SOLUSDT,bybit
2026-05-26 10:00:00+00:00,84.48,84.53,84.42,84.43,1846.2621,156006.786623,SOLUSDT,bybit
2026-05-26 10:05:00+00:00,84.43,84.49,84.35,84.49,511.7257,43201.546734,SOLUSDT,bybit
2026-05-26 10:10:00+00:00,84.49,84.69,84.48,84.66,1469.6512,124325.054276,SOLUSDT,bybit
2026-05-26 10:15:00+00:00,84.66,85.04,84.66,85.02,3872.7667,328947.324893,SOLUSDT,bybit
2026-05-26 10:20:00+00:00,85.02,85.17,84.97,85.07,1945.9651,165573.30445,SOLUSDT,bybit
2026-05-26 10:25:00+00:00,85.07,85.56,85.05,85.56,7301.3406,623465.235991,SOLUSDT,bybit
2026-05-26 10:30:00+00:00,85.56,85.72,85.48,85.61,5045.8423,431949.561552,SOLUSDT,bybit
2026-05-26 10:35:00+00:00,85.61,85.79,85.53,85.66,4272.8016,365948.885806,SOLUSDT,bybit
2026-05-26 10:40:00+00:00,85.66,85.82,85.65,85.68,2539.3115,217715.926285,SOLUSDT,bybit
2026-05-26 10:45:00+00:00,85.68,85.74,85.54,85.68,3072.628,263040.129863,SOLUSDT,bybit
2026-05-26 10:50:00+00:00,85.68,85.77,85.52,85.58,3168.6447,271293.155567,SOLUSDT,bybit
2026-05-26 10:55:00+00:00,85.58,85.64,85.55,85.56,2577.2141,220593.735276,SOLUSDT,bybit
2026-05-26 11:00:00+00:00,85.56,85.64,85.55,85.62,2327.1563,199157.720417,SOLUSDT,bybit
2026-05-26 11:05:00+00:00,85.62,85.65,85.53,85.53,1078.3129,92319.080393,SOLUSDT,bybit
2026-05-26 11:10:00+00:00,85.53,85.58,85.43,85.44,571.0788,48835.329397,SOLUSDT,bybit
2026-05-26 11:15:00+00:00,85.44,85.58,85.43,85.53,2395.4233,204823.336658,SOLUSDT,bybit
2026-05-26 11:20:00+00:00,85.53,85.54,85.33,85.37,1369.6486,116958.132757,SOLUSDT,bybit
2026-05-26 11:25:00+00:00,85.37,85.44,85.36,85.36,607.3445,51870.762203,SOLUSDT,bybit
2026-05-26 11:30:00+00:00,85.36,85.52,85.34,85.37,2261.2367,193116.609491,SOLUSDT,bybit
2026-05-26 11:35:00+00:00,85.37,85.4,85.22,85.34,1467.8694,125228.157568,SOLUSDT,bybit
2026-05-26 11:40:00+00:00,85.34,85.4,85.33,85.34,788.3675,67310.677611,SOLUSDT,bybit
2026-05-26 11:45:00+00:00,85.34,85.41,85.31,85.4,490.6155,41873.751309,SOLUSDT,bybit
2026-05-26 11:50:00+00:00,85.4,85.42,85.34,85.35,245.7403,20978.19633,SOLUSDT,bybit
2026-05-26 11:55:00+00:00,85.35,85.38,85.21,85.23,383.8765,32731.513382,SOLUSDT,bybit
2026-05-26 12:00:00+00:00,85.23,85.34,85.19,85.27,1265.933,107941.36999,SOLUSDT,bybit
2026-05-26 12:05:00+00:00,85.27,85.3,84.81,84.86,7951.5837,675472.7518,SOLUSDT,bybit
2026-05-26 12:10:00+00:00,84.86,85.15,84.84,85.11,2568.1702,218241.41373,SOLUSDT,bybit
2026-05-26 12:15:00+00:00,85.11,85.19,85.01,85.09,457.9962,38988.192171,SOLUSDT,bybit
2026-05-26 12:20:00+00:00,85.09,85.09,84.94,84.99,348.8422,29660.591322,SOLUSDT,bybit
2026-05-26 12:25:00+00:00,84.99,85.08,84.95,85.08,855.0751,72695.375203,SOLUSDT,bybit
2026-05-26 12:30:00+00:00,85.08,85.11,84.98,85.03,2031.345,172671.054915,SOLUSDT,bybit
2026-05-26 12:35:00+00:00,85.03,85.07,85.0,85.04,4959.1685,421688.056053,SOLUSDT,bybit
2026-05-26 12:40:00+00:00,85.04,85.19,85.04,85.14,1563.7662,133099.327161,SOLUSDT,bybit
2026-05-26 12:45:00+00:00,85.14,85.27,85.14,85.21,1499.2841,127734.435517,SOLUSDT,bybit
2026-05-26 12:50:00+00:00,85.21,85.41,85.14,85.37,3111.0159,265231.464542,SOLUSDT,bybit
2026-05-26 12:55:00+00:00,85.37,85.41,85.3,85.32,355.3125,30328.465425,SOLUSDT,bybit
2026-05-26 13:00:00+00:00,85.32,85.38,85.25,85.31,2650.237,226161.606301,SOLUSDT,bybit
2026-05-26 13:05:00+00:00,85.31,85.35,85.25,85.28,674.8386,57560.197441,SOLUSDT,bybit
2026-05-26 13:10:00+00:00,85.28,85.31,85.24,85.29,560.6393,47804.092134,SOLUSDT,bybit
2026-05-26 13:15:00+00:00,85.29,85.3,85.11,85.11,416.7628,35519.573428,SOLUSDT,bybit
2026-05-26 13:20:00+00:00,85.11,85.21,85.0,85.12,3466.1784,294987.463045,SOLUSDT,bybit
2026-05-26 13:25:00+00:00,85.12,85.12,84.94,84.95,1455.6812,123743.091673,SOLUSDT,bybit
2026-05-26 13:30:00+00:00,84.95,84.97,84.69,84.83,4915.2444,416913.496513,SOLUSDT,bybit
2026-05-26 13:35:00+00:00,84.83,85.03,84.72,85.0,1073.4535,91106.164578,SOLUSDT,bybit
2026-05-26 13:40:00+00:00,85.0,85.26,84.98,85.1,1650.671,140477.283082,SOLUSDT,bybit
2026-05-26 13:45:00+00:00,85.1,85.65,85.1,85.59,2448.6202,209043.14221,SOLUSDT,bybit
2026-05-26 13:50:00+00:00,85.59,85.76,85.4,85.47,5181.4134,443246.492787,SOLUSDT,bybit
2026-05-26 13:55:00+00:00,85.47,85.64,85.42,85.52,2320.6073,198485.712659,SOLUSDT,bybit
2026-05-26 14:00:00+00:00,85.52,85.61,85.45,85.46,3109.4301,265945.481928,SOLUSDT,bybit
2026-05-26 14:05:00+00:00,85.46,85.68,85.41,85.6,1855.8149,158748.210642,SOLUSDT,bybit
2026-05-26 14:10:00+00:00,85.6,85.72,85.6,85.7,791.4043,67789.949216,SOLUSDT,bybit
2026-05-26 14:15:00+00:00,85.7,85.89,85.61,85.69,5303.2304,454864.483319,SOLUSDT,bybit
2026-05-26 14:20:00+00:00,85.69,85.95,85.67,85.88,2835.1376,243313.834913,SOLUSDT,bybit
2026-05-26 14:25:00+00:00,85.88,86.14,85.88,86.01,15363.2255,1321417.452134,SOLUSDT,bybit
2026-05-26 14:30:00+00:00,86.01,86.09,85.72,85.74,4212.4433,361682.03396,SOLUSDT,bybit
2026-05-26 14:35:00+00:00,85.74,85.77,84.9,84.96,8276.8931,705797.741069,SOLUSDT,bybit
2026-05-26 14:40:00+00:00,84.96,85.15,84.77,84.95,9547.6714,811206.753499,SOLUSDT,bybit
2026-05-26 14:45:00+00:00,84.95,85.19,84.85,85.17,4171.464,354584.428616,SOLUSDT,bybit
2026-05-26 14:50:00+00:00,85.17,85.54,85.12,85.34,6434.6417,549490.27676,SOLUSDT,bybit
2026-05-26 14:55:00+00:00,85.34,85.38,85.23,85.23,1440.6484,122936.462802,SOLUSDT,bybit
2026-05-26 15:00:00+00:00,85.23,85.35,84.88,85.04,3038.0172,258481.173819,SOLUSDT,bybit
2026-05-26 15:05:00+00:00,85.04,85.21,85.0,85.08,1373.5316,116885.081546,SOLUSDT,bybit
2026-05-26 15:10:00+00:00,85.08,85.29,85.06,85.29,774.8838,66001.587064,SOLUSDT,bybit
2026-05-26 15:15:00+00:00,85.29,85.33,85.16,85.17,715.3778,60974.322432,SOLUSDT,bybit
2026-05-26 15:20:00+00:00,85.17,85.2,84.68,84.9,3721.6335,315937.917222,SOLUSDT,bybit
2026-05-26 15:25:00+00:00,84.9,85.01,84.82,84.86,1370.2296,116362.422426,SOLUSDT,bybit
2026-05-26 15:30:00+00:00,84.86,84.91,84.41,84.62,7327.4039,620147.740196,SOLUSDT,bybit
2026-05-26 15:35:00+00:00,84.62,84.62,84.43,84.56,3649.2271,308476.532069,SOLUSDT,bybit
2026-05-26 15:40:00+00:00,84.56,84.72,84.5,84.65,1315.2111,111290.804534,SOLUSDT,bybit
2026-05-26 15:45:00+00:00,84.65,84.67,84.52,84.56,2640.1612,223396.622241,SOLUSDT,bybit
2026-05-26 15:50:00+00:00,84.56,84.6,84.03,84.13,8741.734,736949.925979,SOLUSDT,bybit
2026-05-26 15:55:00+00:00,84.13,84.55,84.09,84.5,2151.4474,181341.24412,SOLUSDT,bybit
2026-05-26 16:00:00+00:00,84.5,84.58,84.39,84.43,2138.1589,180615.1074,SOLUSDT,bybit
2026-05-26 16:05:00+00:00,84.43,84.47,84.28,84.38,1448.9978,122261.785195,SOLUSDT,bybit
2026-05-26 16:10:00+00:00,84.38,84.39,83.94,84.16,6618.739,556707.347851,SOLUSDT,bybit
2026-05-26 16:15:00+00:00,84.16,84.43,84.13,84.39,1485.4366,125251.864435,SOLUSDT,bybit
2026-05-26 16:20:00+00:00,84.39,84.42,84.3,84.39,650.6664,54890.956842,SOLUSDT,bybit
2026-05-26 16:25:00+00:00,84.39,84.44,84.23,84.34,5025.1599,423726.52775,SOLUSDT,bybit
2026-05-26 16:30:00+00:00,84.34,84.42,84.22,84.41,1750.8473,147638.592623,SOLUSDT,bybit
2026-05-26 16:35:00+00:00,84.41,84.54,84.38,84.42,1865.2515,157600.802887,SOLUSDT,bybit
2026-05-26 16:40:00+00:00,84.42,84.47,84.26,84.37,705.4328,59533.108128,SOLUSDT,bybit
2026-05-26 16:45:00+00:00,84.37,84.49,84.21,84.22,2335.4496,196796.54066,SOLUSDT,bybit
2026-05-26 16:50:00+00:00,84.22,84.27,84.0,84.19,6519.3882,548605.705716,SOLUSDT,bybit
2026-05-26 16:55:00+00:00,84.19,84.24,84.17,84.23,683.5872,57565.739873,SOLUSDT,bybit
2026-05-26 17:00:00+00:00,84.23,84.4,84.21,84.3,696.8542,58740.629988,SOLUSDT,bybit
2026-05-26 17:05:00+00:00,84.3,84.3,84.09,84.23,732.5808,61683.991418,SOLUSDT,bybit
2026-05-26 17:10:00+00:00,84.23,84.29,84.16,84.17,393.4825,33138.471117,SOLUSDT,bybit
2026-05-26 17:15:00+00:00,84.17,84.17,83.94,83.99,6764.0946,568866.244243,SOLUSDT,bybit
2026-05-26 17:20:00+00:00,83.99,83.99,83.65,83.73,7990.9187,669572.059281,SOLUSDT,bybit
2026-05-26 17:25:00+00:00,83.73,83.73,83.35,83.48,9986.4307,833783.972743,SOLUSDT,bybit
2026-05-26 17:30:00+00:00,83.48,83.48,83.15,83.33,11221.2976,934587.591291,SOLUSDT,bybit
2026-05-26 17:35:00+00:00,83.33,83.65,83.28,83.6,4808.4609,401691.478533,SOLUSDT,bybit
2026-05-26 17:40:00+00:00,83.6,83.65,83.37,83.63,3234.3761,269985.742875,SOLUSDT,bybit
2026-05-26 17:45:00+00:00,83.63,83.84,83.57,83.77,4283.1218,358423.017106,SOLUSDT,bybit
2026-05-26 17:50:00+00:00,83.77,83.83,83.67,83.72,1974.6863,165391.254368,SOLUSDT,bybit
2026-05-26 17:55:00+00:00,83.72,83.76,83.53,83.59,2828.887,236606.039236,SOLUSDT,bybit
2026-05-26 18:00:00+00:00,83.59,83.7,83.49,83.69,2116.9059,176884.368243,SOLUSDT,bybit
2026-05-26 18:05:00+00:00,83.69,83.83,83.63,83.76,1145.4444,95922.096435,SOLUSDT,bybit
2026-05-26 18:10:00+00:00,83.76,83.79,83.66,83.76,6327.0533,529910.989769,SOLUSDT,bybit
2026-05-26 18:15:00+00:00,83.76,83.95,83.74,83.92,1517.1912,127183.306073,SOLUSDT,bybit
2026-05-26 18:20:00+00:00,83.92,84.09,83.87,84.04,2246.0966,188645.003536,SOLUSDT,bybit
2026-05-26 18:25:00+00:00,84.04,84.08,83.84,83.91,2853.5209,239612.555483,SOLUSDT,bybit
2026-05-26 18:30:00+00:00,83.91,83.95,83.84,83.95,1095.357,91905.600814,SOLUSDT,bybit
2026-05-26 18:35:00+00:00,83.95,83.95,83.74,83.86,1072.6333,89951.916473,SOLUSDT,bybit
2026-05-26 18:40:00+00:00,83.86,83.86,83.48,83.52,7508.1078,627342.392374,SOLUSDT,bybit
2026-05-26 18:45:00+00:00,83.52,83.76,83.52,83.67,3071.8124,257099.601986,SOLUSDT,bybit
2026-05-26 18:50:00+00:00,83.67,83.81,83.62,83.75,752.7818,63039.838437,SOLUSDT,bybit
2026-05-26 18:55:00+00:00,83.75,83.78,83.51,83.6,2154.7136,180196.079968,SOLUSDT,bybit
2026-05-26 19:00:00+00:00,83.6,83.68,83.51,83.51,735.5626,61509.248693,SOLUSDT,bybit
2026-05-26 19:05:00+00:00,83.51,83.65,83.49,83.6,415.4705,34720.42467,SOLUSDT,bybit
2026-05-26 19:10:00+00:00,83.6,83.68,83.44,83.48,528.8941,44203.024674,SOLUSDT,bybit
2026-05-26 19:15:00+00:00,83.48,83.54,83.35,83.48,966.8419,80690.197976,SOLUSDT,bybit
2026-05-26 19:20:00+00:00,83.48,83.53,83.44,83.47,722.7498,60327.569122,SOLUSDT,bybit
2026-05-26 19:25:00+00:00,83.47,83.61,83.46,83.59,1037.9808,86724.422207,SOLUSDT,bybit
2026-05-26 19:30:00+00:00,83.59,83.75,83.57,83.69,1458.7529,122051.395058,SOLUSDT,bybit
2026-05-26 19:35:00+00:00,83.69,83.8,83.64,83.8,771.4312,64587.080718,SOLUSDT,bybit
2026-05-26 19:40:00+00:00,83.8,83.96,83.76,83.9,1161.2042,97421.777757,SOLUSDT,bybit
2026-05-26 19:45:00+00:00,83.9,83.93,83.83,83.89,551.9666,46299.027632,SOLUSDT,bybit
2026-05-26 19:50:00+00:00,83.89,84.0,83.88,83.94,1256.8574,105533.344848,SOLUSDT,bybit
2026-05-26 19:55:00+00:00,83.94,84.0,83.69,83.78,3682.0578,308647.190619,SOLUSDT,bybit
2026-05-26 20:00:00+00:00,83.78,83.93,83.73,83.92,737.9773,61834.710475,SOLUSDT,bybit
2026-05-26 20:05:00+00:00,83.92,83.94,83.82,83.87,586.373,49192.017053,SOLUSDT,bybit
2026-05-26 20:10:00+00:00,83.87,83.95,83.82,83.95,624.1828,52367.379142,SOLUSDT,bybit
2026-05-26 20:15:00+00:00,83.95,83.97,83.83,83.84,307.7945,25835.42286,SOLUSDT,bybit
2026-05-26 20:20:00+00:00,83.84,83.9,83.78,83.79,876.4031,73484.002619,SOLUSDT,bybit
2026-05-26 20:25:00+00:00,83.79,83.93,83.77,83.89,624.8315,52387.490765,SOLUSDT,bybit
2026-05-26 20:30:00+00:00,83.89,83.93,83.77,83.8,522.0261,43765.541026,SOLUSDT,bybit
2026-05-26 20:35:00+00:00,83.8,83.84,83.73,83.77,910.225,76270.10422,SOLUSDT,bybit
2026-05-26 20:40:00+00:00,83.77,83.87,83.75,83.87,102.9255,8626.973686,SOLUSDT,bybit
2026-05-26 20:45:00+00:00,83.87,83.95,83.84,83.89,330.8746,27755.538722,SOLUSDT,bybit
2026-05-26 20:50:00+00:00,83.89,83.92,83.87,83.87,134.4015,11275.746983,SOLUSDT,bybit
2026-05-26 20:55:00+00:00,83.87,83.95,83.85,83.94,420.0246,35234.862423,SOLUSDT,bybit
2026-05-26 21:00:00+00:00,83.94,83.96,83.77,83.78,140.3149,11766.881542,SOLUSDT,bybit
2026-05-26 21:05:00+00:00,83.78,83.82,83.74,83.79,423.9936,35526.551855,SOLUSDT,bybit
2026-05-26 21:10:00+00:00,83.79,83.79,83.57,83.65,3397.5519,284358.75754,SOLUSDT,bybit
2026-05-26 21:15:00+00:00,83.65,83.78,83.61,83.77,409.3382,34262.612836,SOLUSDT,bybit
2026-05-26 21:20:00+00:00,83.77,83.89,83.77,83.86,296.9702,24893.233068,SOLUSDT,bybit
2026-05-26 21:25:00+00:00,83.86,83.93,83.83,83.87,503.1598,42204.540872,SOLUSDT,bybit
2026-05-26 21:30:00+00:00,83.87,83.92,83.85,83.85,109.1814,9158.560843,SOLUSDT,bybit
2026-05-26 21:35:00+00:00,83.85,83.97,83.85,83.9,3114.3456,261269.070292,SOLUSDT,bybit
2026-05-26 21:40:00+00:00,83.9,83.98,83.85,83.92,1217.9128,102187.175317,SOLUSDT,bybit
2026-05-26 21:45:00+00:00,83.92,83.94,83.86,83.86,1185.416,99460.194992,SOLUSDT,bybit
2026-05-26 21:50:00+00:00,83.86,83.87,83.68,83.7,941.1317,78856.975092,SOLUSDT,bybit
2026-05-26 21:55:00+00:00,83.7,83.76,83.59,83.69,650.1937,54403.227477,SOLUSDT,bybit
2026-05-26 22:00:00+00:00,83.69,83.86,83.67,83.69,763.2363,63924.622223,SOLUSDT,bybit
2026-05-26 22:05:00+00:00,83.69,83.74,83.57,83.71,1034.9996,86576.791711,SOLUSDT,bybit
2026-05-26 22:10:00+00:00,83.71,83.71,83.51,83.66,1229.9559,102801.173654,SOLUSDT,bybit
2026-05-26 22:15:00+00:00,83.66,83.76,83.63,83.7,447.3235,37431.356843,SOLUSDT,bybit
2026-05-26 22:20:00+00:00,83.7,83.77,83.68,83.72,1048.9527,87828.784277,SOLUSDT,bybit
2026-05-26 22:25:00+00:00,83.72,83.75,83.71,83.75,472.6267,39577.043841,SOLUSDT,bybit
2026-05-26 22:30:00+00:00,83.75,83.78,83.71,83.76,522.4791,43756.041577,SOLUSDT,bybit
2026-05-26 22:35:00+00:00,83.76,83.77,83.66,83.66,292.2184,24468.118167,SOLUSDT,bybit
2026-05-26 22:40:00+00:00,83.66,83.7,83.61,83.64,315.3273,26377.99263,SOLUSDT,bybit
2026-05-26 22:45:00+00:00,83.64,83.64,83.54,83.57,474.4796,39657.901464,SOLUSDT,bybit
2026-05-26 22:50:00+00:00,83.57,83.66,83.57,83.65,508.5001,42511.967617,SOLUSDT,bybit
2026-05-26 22:55:00+00:00,83.65,83.66,83.57,83.66,996.6303,83336.319989,SOLUSDT,bybit
2026-05-26 23:00:00+00:00,83.66,83.84,83.66,83.83,640.8219,53691.881719,SOLUSDT,bybit
2026-05-26 23:05:00+00:00,83.83,83.83,83.73,83.81,544.5808,45627.952164,SOLUSDT,bybit
2026-05-26 23:10:00+00:00,83.81,83.83,83.76,83.8,398.8072,33422.936971,SOLUSDT,bybit
2026-05-26 23:15:00+00:00,83.8,83.82,83.76,83.8,372.8526,31238.574367,SOLUSDT,bybit
2026-05-26 23:20:00+00:00,83.8,83.8,83.72,83.73,516.284,43231.965059,SOLUSDT,bybit
2026-05-26 23:25:00+00:00,83.73,83.74,83.62,83.68,571.5028,47816.95483,SOLUSDT,bybit
2026-05-26 23:30:00+00:00,83.68,83.72,83.67,83.69,669.4826,56040.245347,SOLUSDT,bybit
2026-05-26 23:35:00+00:00,83.69,83.8,83.68,83.75,360.6964,30196.845197,SOLUSDT,bybit
2026-05-26 23:40:00+00:00,83.75,83.79,83.75,83.76,295.3802,24745.71204,SOLUSDT,bybit
2026-05-26 23:45:00+00:00,83.76,83.81,83.75,83.75,100.3374,8407.532674,SOLUSDT,bybit
2026-05-26 23:50:00+00:00,83.75,83.75,83.67,83.69,1229.0367,102867.200384,SOLUSDT,bybit
2026-05-26 23:55:00+00:00,83.69,83.72,83.67,83.71,435.9001,36475.379919,SOLUSDT,bybit
2026-05-27 00:00:00+00:00,83.71,83.94,83.71,83.87,922.7032,77363.825783,SOLUSDT,bybit
2026-05-27 00:05:00+00:00,83.87,83.94,83.86,83.93,756.2858,63460.464361,SOLUSDT,bybit
2026-05-27 00:10:00+00:00,83.93,83.94,83.83,83.9,356.6421,29910.713417,SOLUSDT,bybit
2026-05-27 00:15:00+00:00,83.9,83.9,83.74,83.81,198.1369,16604.16993,SOLUSDT,bybit
2026-05-27 00:20:00+00:00,83.81,83.89,83.79,83.85,102.9716,8633.571713,SOLUSDT,bybit
2026-05-27 00:25:00+00:00,83.85,83.98,83.85,83.95,344.6065,28912.749331,SOLUSDT,bybit
2026-05-27 00:30:00+00:00,83.95,84.19,83.95,84.05,2150.0463,180822.579904,SOLUSDT,bybit
2026-05-27 00:35:00+00:00,84.05,84.05,83.91,83.91,87.5082,7348.432146,SOLUSDT,bybit
2026-05-27 00:40:00+00:00,83.91,84.03,83.89,83.96,190.3181,15980.165877,SOLUSDT,bybit
2026-05-27 00:45:00+00:00,83.96,84.1,83.96,83.99,558.1606,46900.971503,SOLUSDT,bybit
2026-05-27 00:50:00+00:00,83.99,84.14,83.99,84.12,218.3108,18352.56269,SOLUSDT,bybit
2026-05-27 00:55:00+00:00,84.12,84.17,84.1,84.14,313.9585,26414.744021,SOLUSDT,bybit
2026-05-27 01:00:00+00:00,84.14,84.19,84.07,84.1,352.724,29669.407367,SOLUSDT,bybit
2026-05-27 01:05:00+00:00,84.1,84.14,84.04,84.12,127.2845,10700.961224,SOLUSDT,bybit
2026-05-27 01:10:00+00:00,84.12,84.13,84.04,84.13,161.5474,13584.761486,SOLUSDT,bybit
2026-05-27 01:15:00+00:00,84.13,84.13,83.93,83.93,216.7339,18210.536817,SOLUSDT,bybit
2026-05-27 01:20:00+00:00,83.93,83.95,83.83,83.87,379.6472,31846.280226,SOLUSDT,bybit
2026-05-27 01:25:00+00:00,83.87,83.91,83.81,83.9,399.6815,33515.934441,SOLUSDT,bybit
2026-05-27 01:30:00+00:00,83.9,83.94,83.82,83.84,282.7477,23717.690931,SOLUSDT,bybit
2026-05-27 01:35:00+00:00,83.84,83.93,83.8,83.92,358.027,30016.960411,SOLUSDT,bybit
2026-05-27 01:40:00+00:00,83.92,84.05,83.9,83.9,703.5713,59071.793995,SOLUSDT,bybit
2026-05-27 01:45:00+00:00,83.9,84.06,83.88,84.04,473.1595,39715.942234,SOLUSDT,bybit
2026-05-27 01:50:00+00:00,84.04,84.04,83.98,83.98,467.1224,39238.051127,SOLUSDT,bybit
2026-05-27 01:55:00+00:00,83.98,84.01,83.81,83.86,456.7931,38305.632914,SOLUSDT,bybit
2026-05-27 02:00:00+00:00,83.86,83.91,83.7,83.82,527.1028,44156.342538,SOLUSDT,bybit
2026-05-27 02:05:00+00:00,83.82,83.83,83.69,83.7,421.0049,35261.924123,SOLUSDT,bybit
2026-05-27 02:10:00+00:00,83.7,83.8,83.68,83.78,998.4197,83578.856596,SOLUSDT,bybit
2026-05-27 02:15:00+00:00,83.78,83.83,83.55,83.58,2142.341,179243.28285,SOLUSDT,bybit
2026-05-27 02:20:00+00:00,83.58,83.72,83.58,83.71,696.7864,58303.715868,SOLUSDT,bybit
2026-05-27 02:25:00+00:00,83.71,83.79,83.68,83.74,795.4842,66627.057656,SOLUSDT,bybit
2026-05-27 02:30:00+00:00,83.74,83.8,83.67,83.8,469.5048,39308.418452,SOLUSDT,bybit
2026-05-27 02:35:00+00:00,83.8,83.85,83.61,83.61,472.1807,39532.898772,SOLUSDT,bybit
2026-05-27 02:40:00+00:00,83.61,83.71,83.61,83.7,842.5464,70502.141323,SOLUSDT,bybit
2026-05-27 02:45:00+00:00,83.7,83.81,83.7,83.72,116.3587,9744.379734,SOLUSDT,bybit
2026-05-27 02:50:00+00:00,83.72,83.79,83.68,83.78,301.5192,25255.621187,SOLUSDT,bybit
2026-05-27 02:55:00+00:00,83.78,83.95,83.78,83.95,422.9897,35481.304109,SOLUSDT,bybit
2026-05-27 03:00:00+00:00,83.95,84.05,83.86,84.01,301.555,25319.364414,SOLUSDT,bybit
2026-05-27 03:05:00+00:00,84.01,84.08,83.97,83.98,349.008,29323.201927,SOLUSDT,bybit
2026-05-27 03:10:00+00:00,83.98,83.98,83.89,83.91,579.1684,48617.449803,SOLUSDT,bybit
2026-05-27 03:15:00+00:00,83.91,83.92,83.82,83.85,879.1154,73713.428886,SOLUSDT,bybit
2026-05-27 03:20:00+00:00,83.85,83.9,83.77,83.82,693.9254,58161.12749,SOLUSDT,bybit
2026-05-27 03:25:00+00:00,83.82,83.93,83.82,83.89,372.5957,31259.654671,SOLUSDT,bybit
2026-05-27 03:30:00+00:00,83.89,83.95,83.79,83.81,753.5425,63189.701852,SOLUSDT,bybit
2026-05-27 03:35:00+00:00,83.81,83.81,83.7,83.72,350.9978,29388.534443,SOLUSDT,bybit
2026-05-27 03:40:00+00:00,83.72,83.79,83.71,83.71,436.5663,36555.625576,SOLUSDT,bybit
2026-05-27 03:45:00+00:00,83.71,83.71,83.53,83.55,1178.1293,98510.630688,SOLUSDT,bybit
2026-05-27 03:50:00+00:00,83.55,83.65,83.49,83.62,1233.9594,103087.544831,SOLUSDT,bybit
2026-05-27 03:55:00+00:00,83.62,83.66,83.58,83.62,297.1381,24846.004545,SOLUSDT,bybit
2026-05-27 04:00:00+00:00,83.62,83.66,83.55,83.62,484.7491,40522.521292,SOLUSDT,bybit
2026-05-27 04:05:00+00:00,83.62,83.66,83.56,83.65,1231.2628,102951.696081,SOLUSDT,bybit
2026-05-27 04:10:00+00:00,83.65,83.67,83.55,83.55,326.1622,27276.520192,SOLUSDT,bybit
2026-05-27 04:15:00+00:00,83.55,83.58,83.32,83.43,2123.0892,177153.367976,SOLUSDT,bybit
2026-05-27 04:20:00+00:00,83.43,83.45,83.34,83.44,632.5351,52764.824337,SOLUSDT,bybit
2026-05-27 04:25:00+00:00,83.44,83.51,83.41,83.42,612.4575,51117.84921,SOLUSDT,bybit
2026-05-27 04:30:00+00:00,83.42,83.44,82.85,83.1,25190.7363,2092178.837516,SOLUSDT,bybit
2026-05-27 04:35:00+00:00,83.1,83.26,83.1,83.26,737.0027,61302.108361,SOLUSDT,bybit
2026-05-27 04:40:00+00:00,83.26,83.27,83.2,83.21,122.2011,10169.638423,SOLUSDT,bybit
2026-05-27 04:45:00+00:00,83.21,83.45,83.21,83.45,828.2879,69008.55556,SOLUSDT,bybit
2026-05-27 04:50:00+00:00,83.45,83.64,83.43,83.63,753.7151,62974.354412,SOLUSDT,bybit
2026-05-27 04:55:00+00:00,83.63,83.67,83.59,83.65,738.3683,61749.719586,SOLUSDT,bybit
2026-05-27 05:00:00+00:00,83.65,83.73,83.64,83.7,325.4413,27238.000857,SOLUSDT,bybit
2026-05-27 05:05:00+00:00,83.7,83.73,83.65,83.73,788.7824,66001.314098,SOLUSDT,bybit
2026-05-27 05:10:00+00:00,83.73,83.73,83.65,83.68,538.3801,45050.551677,SOLUSDT,bybit
2026-05-27 05:15:00+00:00,83.68,83.71,83.64,83.66,412.7426,34536.052738,SOLUSDT,bybit
2026-05-27 05:20:00+00:00,83.66,83.78,83.57,83.75,787.7571,65910.3747,SOLUSDT,bybit
2026-05-27 05:25:00+00:00,83.75,83.84,83.73,83.78,626.8177,52524.243216,SOLUSDT,bybit
2026-05-27 05:30:00+00:00,83.78,83.81,83.66,83.66,610.0609,51062.262393,SOLUSDT,bybit
2026-05-27 05:35:00+00:00,83.66,83.84,83.66,83.77,505.6233,42348.910388,SOLUSDT,bybit
2026-05-27 05:40:00+00:00,83.77,83.77,83.65,83.7,371.9648,31130.972165,SOLUSDT,bybit
2026-05-27 05:45:00+00:00,83.7,83.77,83.67,83.77,207.1783,17347.216543,SOLUSDT,bybit
2026-05-27 05:50:00+00:00,83.77,83.86,83.76,83.86,320.8884,26893.271245,SOLUSDT,bybit
2026-05-27 05:55:00+00:00,83.86,83.93,83.85,83.89,1540.6178,129272.248683,SOLUSDT,bybit
2026-05-27 06:00:00+00:00,83.89,83.93,83.79,83.89,552.9159,46365.906568,SOLUSDT,bybit
2026-05-27 06:05:00+00:00,83.89,83.96,83.86,83.94,381.088,31982.187703,SOLUSDT,bybit
2026-05-27 06:10:00+00:00,83.94,83.94,83.8,83.84,494.8608,41501.707499,SOLUSDT,bybit
2026-05-27 06:15:00+00:00,83.84,83.85,83.76,83.81,318.1758,26663.70966,SOLUSDT,bybit
2026-05-27 06:20:00+00:00,83.81,83.83,83.73,83.81,124.4884,10431.3242,SOLUSDT,bybit
2026-05-27 06:25:00+00:00,83.81,83.9,83.8,83.88,135.9414,11398.833187,SOLUSDT,bybit
2026-05-27 06:30:00+00:00,83.88,83.99,83.84,83.87,817.3513,68582.0126,SOLUSDT,bybit
2026-05-27 06:35:00+00:00,83.87,83.95,83.87,83.9,361.5836,30342.313566,SOLUSDT,bybit
2026-05-27 06:40:00+00:00,83.9,84.03,83.89,84.03,596.4798,50086.665633,SOLUSDT,bybit
2026-05-27 06:45:00+00:00,84.03,84.07,83.97,83.99,330.6811,27782.626697,SOLUSDT,bybit
2026-05-27 06:50:00+00:00,83.99,84.04,83.97,84.02,291.463,24480.453656,SOLUSDT,bybit
2026-05-27 06:55:00+00:00,84.02,84.05,83.96,84.05,859.6891,72212.669231,SOLUSDT,bybit
2026-05-27 07:00:00+00:00,84.05,84.11,84.03,84.03,395.4165,33243.067646,SOLUSDT,bybit
2026-05-27 07:05:00+00:00,84.03,84.08,83.87,83.95,3340.4596,280342.596359,SOLUSDT,bybit
2026-05-27 07:10:00+00:00,83.95,83.95,83.89,83.95,733.8465,61577.262201,SOLUSDT,bybit
2026-05-27 07:15:00+00:00,83.95,83.98,83.89,83.97,532.1773,44676.556494,SOLUSDT,bybit
2026-05-27 07:20:00+00:00,83.97,84.05,83.94,84.02,461.4996,38762.752329,SOLUSDT,bybit
2026-05-27 07:25:00+00:00,84.02,84.08,84.01,84.06,537.7991,45207.771406,SOLUSDT,bybit
2026-05-27 07:30:00+00:00,84.06,84.1,83.99,84.09,972.3874,81728.946365,SOLUSDT,bybit
2026-05-27 07:35:00+00:00,84.09,84.16,84.02,84.05,319.8491,26901.58601,SOLUSDT,bybit
2026-05-27 07:40:00+00:00,84.05,84.05,83.99,84.0,115.1711,9677.291048,SOLUSDT,bybit
2026-05-27 07:45:00+00:00,84.0,84.09,84.0,84.06,655.4789,55090.448178,SOLUSDT,bybit
2026-05-27 07:50:00+00:00,84.06,84.11,83.99,84.09,980.3895,82397.622874,SOLUSDT,bybit
2026-05-27 07:55:00+00:00,84.09,84.21,84.09,84.2,521.4255,43888.830357,SOLUSDT,bybit
2026-05-27 08:00:00+00:00,84.2,84.27,84.19,84.25,1073.8484,90450.293397,SOLUSDT,bybit
2026-05-27 08:05:00+00:00,84.25,84.32,84.15,84.15,539.7939,45478.561991,SOLUSDT,bybit
2026-05-27 08:10:00+00:00,84.15,84.19,84.09,84.14,576.1319,48473.018105,SOLUSDT,bybit
2026-05-27 08:15:00+00:00,84.14,84.16,84.07,84.15,390.871,32886.095425,SOLUSDT,bybit
2026-05-27 08:20:00+00:00,84.15,84.29,84.11,84.2,941.5698,79284.546762,SOLUSDT,bybit
2026-05-27 08:25:00+00:00,84.2,84.42,84.2,84.31,1733.425,146192.489181,SOLUSDT,bybit
2026-05-27 08:30:00+00:00,84.31,84.35,84.22,84.26,907.796,76511.227496,SOLUSDT,bybit
2026-05-27 08:35:00+00:00,84.26,84.31,84.24,84.3,184.9453,15587.044433,SOLUSDT,bybit
2026-05-27 08:40:00+00:00,84.3,84.31,84.15,84.2,981.1639,82673.438113,SOLUSDT,bybit
2026-05-27 08:45:00+00:00,84.2,84.22,84.09,84.11,266.309,22404.335201,SOLUSDT,bybit
2026-05-27 08:50:00+00:00,84.11,84.11,83.9,83.95,867.4475,72881.509527,SOLUSDT,bybit
2026-05-27 08:55:00+00:00,83.95,83.99,83.9,83.94,310.0846,26033.245566,SOLUSDT,bybit
2026-05-27 09:00:00+00:00,83.94,83.96,83.69,83.79,614.7648,51505.971075,SOLUSDT,bybit
2026-05-27 09:05:00+00:00,83.79,83.83,83.74,83.82,228.0143,19104.438491,SOLUSDT,bybit
2026-05-27 09:10:00+00:00,83.82,83.82,83.75,83.79,134.8384,11296.762074,SOLUSDT,bybit
2026-05-27 09:15:00+00:00,83.79,83.8,83.69,83.72,213.9551,17911.679927,SOLUSDT,bybit
2026-05-27 09:20:00+00:00,83.72,83.81,83.72,83.79,376.4024,31534.202255,SOLUSDT,bybit
2026-05-27 09:25:00+00:00,83.79,83.8,83.62,83.67,373.0639,31217.577457,SOLUSDT,bybit
2026-05-27 09:30:00+00:00,83.67,83.77,83.64,83.74,778.3559,65161.42226,SOLUSDT,bybit
2026-05-27 09:35:00+00:00,83.74,83.94,83.74,83.93,1173.0448,98390.05817,SOLUSDT,bybit
2026-05-27 09:40:00+00:00,83.93,83.93,83.81,83.82,333.429,27961.450637,SOLUSDT,bybit
2026-05-27 09:45:00+00:00,83.82,83.85,83.78,83.8,110.7164,9279.195167,SOLUSDT,bybit
2026-05-27 09:50:00+00:00,83.8,83.86,83.7,83.77,1303.1323,109225.710701,SOLUSDT,bybit
2026-05-27 09:55:00+00:00,83.77,83.79,83.72,83.78,264.3627,22142.244765,SOLUSDT,bybit
2026-05-27 10:00:00+00:00,83.78,83.79,83.68,83.72,480.4787,40228.277937,SOLUSDT,bybit
2026-05-27 10:05:00+00:00,83.72,83.8,83.71,83.78,309.4617,25922.951269,SOLUSDT,bybit
2026-05-27 10:10:00+00:00,83.78,83.91,83.77,83.91,248.922,20876.337309,SOLUSDT,bybit
2026-05-27 10:15:00+00:00,83.91,84.02,83.87,83.99,572.9821,48112.513339,SOLUSDT,bybit
2026-05-27 10:20:00+00:00,83.99,84.02,83.95,83.99,537.0317,45102.023087,SOLUSDT,bybit
2026-05-27 10:25:00+00:00,83.99,84.1,83.97,84.03,648.7539,54530.472388,SOLUSDT,bybit
2026-05-27 10:30:00+00:00,84.03,84.08,83.83,83.84,955.6172,80199.217191,SOLUSDT,bybit
2026-05-27 10:35:00+00:00,83.84,83.91,83.79,83.8,402.6397,33756.647504,SOLUSDT,bybit
2026-05-27 10:40:00+00:00,83.8,83.89,83.78,83.89,333.5086,27964.216241,SOLUSDT,bybit
2026-05-27 10:45:00+00:00,83.89,83.97,83.85,83.91,300.2957,25194.888491,SOLUSDT,bybit
2026-05-27 10:50:00+00:00,83.91,83.96,83.89,83.95,533.1075,44742.097371,SOLUSDT,bybit
2026-05-27 10:55:00+00:00,83.95,84.0,83.93,83.96,158.8487,13336.76329,SOLUSDT,bybit
2026-05-27 11:00:00+00:00,83.96,84.17,83.91,84.06,921.6598,77469.361348,SOLUSDT,bybit
2026-05-27 11:05:00+00:00,84.06,84.12,84.03,84.06,197.3698,16596.077238,SOLUSDT,bybit
2026-05-27 11:10:00+00:00,84.06,84.12,84.05,84.1,301.2826,25332.032494,SOLUSDT,bybit
2026-05-27 11:15:00+00:00,84.1,84.23,84.06,84.1,1356.538,114157.142301,SOLUSDT,bybit
2026-05-27 11:20:00+00:00,84.1,84.2,84.09,84.17,479.2929,40319.441446,SOLUSDT,bybit
2026-05-27 11:25:00+00:00,84.17,84.18,84.09,84.09,329.0033,27678.970501,SOLUSDT,bybit
2026-05-27 11:30:00+00:00,84.09,84.09,83.91,84.03,978.9774,82216.735701,SOLUSDT,bybit
2026-05-27 11:35:00+00:00,84.03,84.2,84.02,84.12,405.3143,34091.865095,SOLUSDT,bybit
2026-05-27 11:40:00+00:00,84.12,84.16,84.04,84.08,2458.4243,206757.006978,SOLUSDT,bybit
2026-05-27 11:45:00+00:00,84.08,84.1,84.0,84.03,298.372,25076.210679,SOLUSDT,bybit
2026-05-27 11:50:00+00:00,84.03,84.07,83.98,84.0,689.2502,57927.434989,SOLUSDT,bybit
2026-05-27 11:55:00+00:00,84.0,84.03,83.91,83.93,983.7494,82587.14853,SOLUSDT,bybit
2026-05-27 12:00:00+00:00,83.93,83.94,83.71,83.8,2163.7993,181364.510252,SOLUSDT,bybit
2026-05-27 12:05:00+00:00,83.8,83.83,83.58,83.72,1525.2109,127671.725554,SOLUSDT,bybit
2026-05-27 12:10:00+00:00,83.72,83.73,83.56,83.69,1234.8672,103308.934895,SOLUSDT,bybit
2026-05-27 12:15:00+00:00,83.69,84.02,83.56,83.96,3605.7176,302055.194843,SOLUSDT,bybit
2026-05-27 12:20:00+00:00,83.96,84.69,83.95,84.26,7311.2738,617551.335867,SOLUSDT,bybit
2026-05-27 12:25:00+00:00,84.26,84.39,84.2,84.34,2720.3856,229364.850831,SOLUSDT,bybit
2026-05-27 12:30:00+00:00,84.34,84.45,84.08,84.09,1153.7615,97191.38559,SOLUSDT,bybit
2026-05-27 12:35:00+00:00,84.09,84.44,84.09,84.38,3409.4203,287443.461254,SOLUSDT,bybit
2026-05-27 12:40:00+00:00,84.38,84.4,84.24,84.34,868.5823,73258.529615,SOLUSDT,bybit
2026-05-27 12:45:00+00:00,84.34,84.34,84.05,84.17,1229.2703,103447.632167,SOLUSDT,bybit
2026-05-27 12:50:00+00:00,84.17,84.18,84.02,84.1,759.1627,63837.073228,SOLUSDT,bybit
2026-05-27 12:55:00+00:00,84.1,84.1,83.92,83.93,875.521,73525.601513,SOLUSDT,bybit
2026-05-27 13:00:00+00:00,83.93,84.05,83.83,83.86,916.5825,76961.313476,SOLUSDT,bybit
2026-05-27 13:05:00+00:00,83.86,83.89,83.7,83.75,1398.4582,117204.942727,SOLUSDT,bybit
2026-05-27 13:10:00+00:00,83.75,83.8,83.62,83.72,1515.871,126875.812179,SOLUSDT,bybit
2026-05-27 13:15:00+00:00,83.72,83.84,83.65,83.79,1513.3075,126734.384614,SOLUSDT,bybit
2026-05-27 13:20:00+00:00,83.79,83.8,83.64,83.77,583.9254,48878.546062,SOLUSDT,bybit
2026-05-27 13:25:00+00:00,83.77,83.8,83.51,83.6,1536.885,128482.770512,SOLUSDT,bybit
2026-05-27 13:30:00+00:00,83.6,83.68,83.39,83.61,3010.5676,251430.793728,SOLUSDT,bybit
2026-05-27 13:35:00+00:00,83.61,83.62,83.12,83.25,5444.7805,453536.732693,SOLUSDT,bybit
2026-05-27 13:40:00+00:00,83.25,83.3,82.99,83.07,4171.181,346671.447993,SOLUSDT,bybit
2026-05-27 13:45:00+00:00,83.07,83.29,82.98,83.21,2857.6637,237617.039791,SOLUSDT,bybit
2026-05-27 13:50:00+00:00,83.21,83.55,83.13,83.39,2716.9374,226532.519842,SOLUSDT,bybit
2026-05-27 13:55:00+00:00,83.39,83.65,83.34,83.63,3266.8622,272662.012462,SOLUSDT,bybit
2026-05-27 14:00:00+00:00,83.63,84.13,83.63,84.02,6348.7032,532764.353479,SOLUSDT,bybit
2026-05-27 14:05:00+00:00,84.02,84.02,83.73,83.85,3790.5992,317760.113114,SOLUSDT,bybit
2026-05-27 14:10:00+00:00,83.85,83.87,83.74,83.78,3985.2902,333936.750266,SOLUSDT,bybit
2026-05-27 14:15:00+00:00,83.78,83.96,83.75,83.91,1789.6822,150052.807893,SOLUSDT,bybit
2026-05-27 14:20:00+00:00,83.91,83.91,83.37,83.38,4971.5243,415711.837339,SOLUSDT,bybit
2026-05-27 14:25:00+00:00,83.38,83.52,83.22,83.43,2876.7012,239831.832005,SOLUSDT,bybit
2026-05-27 14:30:00+00:00,83.43,83.71,83.38,83.63,6193.4784,517084.422124,SOLUSDT,bybit
2026-05-27 14:35:00+00:00,83.63,83.74,83.49,83.64,1540.9449,128866.654825,SOLUSDT,bybit
2026-05-27 14:40:00+00:00,83.64,83.71,83.42,83.55,1074.4435,89807.923921,SOLUSDT,bybit
2026-05-27 14:45:00+00:00,83.55,83.81,83.55,83.64,1478.8809,123753.405874,SOLUSDT,bybit
2026-05-27 14:50:00+00:00,83.64,83.92,83.63,83.89,746.7468,62589.295181,SOLUSDT,bybit
2026-05-27 14:55:00+00:00,83.89,83.96,83.84,83.91,583.6553,48961.387909,SOLUSDT,bybit
2026-05-27 15:00:00+00:00,83.91,84.12,83.88,83.97,2305.0136,193539.51188,SOLUSDT,bybit
2026-05-27 15:05:00+00:00,83.97,84.17,83.95,84.15,1520.9265,127812.79991,SOLUSDT,bybit
2026-05-27 15:10:00+00:00,84.15,84.34,84.13,84.3,6264.3067,527708.269135,SOLUSDT,bybit
2026-05-27 15:15:00+00:00,84.3,84.51,84.26,84.39,5665.0987,478138.758109,SOLUSDT,bybit
2026-05-27 15:20:00+00:00,84.39,84.62,84.35,84.54,2978.3286,251604.349479,SOLUSDT,bybit
2026-05-27 15:25:00+00:00,84.54,84.54,84.4,84.47,1184.2427,100007.154932,SOLUSDT,bybit
2026-05-27 15:30:00+00:00,84.47,84.82,84.47,84.59,3535.5484,299426.93647,SOLUSDT,bybit
2026-05-27 15:35:00+00:00,84.59,84.79,84.59,84.68,2081.3972,176284.12467,SOLUSDT,bybit
2026-05-27 15:40:00+00:00,84.68,84.73,84.37,84.42,2168.3473,183321.681573,SOLUSDT,bybit
2026-05-27 15:45:00+00:00,84.42,84.5,84.38,84.42,2450.0664,206865.227946,SOLUSDT,bybit
2026-05-27 15:50:00+00:00,84.42,84.51,84.2,84.27,2044.1701,172368.422107,SOLUSDT,bybit
2026-05-27 15:55:00+00:00,84.27,84.45,84.21,84.43,1120.9164,94529.039935,SOLUSDT,bybit
2026-05-27 16:00:00+00:00,84.43,84.75,84.43,84.48,2879.7164,243636.856206,SOLUSDT,bybit
2026-05-27 16:05:00+00:00,84.48,84.52,84.37,84.49,634.4994,53570.570689,SOLUSDT,bybit
2026-05-27 16:10:00+00:00,84.49,84.65,84.46,84.47,2019.4723,170754.786553,SOLUSDT,bybit
2026-05-27 16:15:00+00:00,84.47,84.47,84.08,84.14,1803.5502,151983.149971,SOLUSDT,bybit
2026-05-27 16:20:00+00:00,84.14,84.2,84.04,84.16,573.4266,48231.259353,SOLUSDT,bybit
2026-05-27 16:25:00+00:00,84.16,84.23,84.13,84.13,331.4523,27901.336511,SOLUSDT,bybit
2026-05-27 16:30:00+00:00,84.13,84.25,84.04,84.05,733.3694,61707.61139,SOLUSDT,bybit
2026-05-27 16:35:00+00:00,84.05,84.07,83.86,83.95,1125.3426,94488.9246,SOLUSDT,bybit
2026-05-27 16:40:00+00:00,83.95,84.15,83.92,84.09,469.4008,39463.321701,SOLUSDT,bybit
2026-05-27 16:45:00+00:00,84.09,84.13,84.03,84.12,1296.1115,108981.133118,SOLUSDT,bybit
2026-05-27 16:50:00+00:00,84.12,84.28,84.11,84.16,843.604,71012.788028,SOLUSDT,bybit
2026-05-27 16:55:00+00:00,84.16,84.23,84.15,84.18,887.0092,74670.428137,SOLUSDT,bybit
2026-05-27 17:00:00+00:00,84.18,84.2,83.91,84.16,2509.63,211017.580287,SOLUSDT,bybit
2026-05-27 17:05:00+00:00,84.16,84.2,83.68,83.7,1583.1104,132752.808547,SOLUSDT,bybit
2026-05-27 17:10:00+00:00,83.7,83.75,83.31,83.36,4647.4305,388275.848567,SOLUSDT,bybit
2026-05-27 17:15:00+00:00,83.36,83.49,83.17,83.43,4025.5809,335372.209305,SOLUSDT,bybit
2026-05-27 17:20:00+00:00,83.43,83.71,83.43,83.63,1065.5061,89092.590295,SOLUSDT,bybit
2026-05-27 17:25:00+00:00,83.63,83.81,83.49,83.75,22943.6227,1918750.192696,SOLUSDT,bybit
2026-05-27 17:30:00+00:00,83.75,83.75,83.56,83.67,1170.0974,97896.988029,SOLUSDT,bybit
2026-05-27 17:35:00+00:00,83.67,83.74,83.6,83.68,864.6682,72337.917827,SOLUSDT,bybit
2026-05-27 17:40:00+00:00,83.68,83.7,83.37,83.47,1791.8311,149665.366335,SOLUSDT,bybit
2026-05-27 17:45:00+00:00,83.47,83.58,83.41,83.57,2922.5475,244075.355456,SOLUSDT,bybit
2026-05-27 17:50:00+00:00,83.57,83.58,83.49,83.5,1064.4992,88918.459265,SOLUSDT,bybit
2026-05-27 17:55:00+00:00,83.5,83.52,83.2,83.43,3795.2453,316256.892597,SOLUSDT,bybit
2026-05-27 18:00:00+00:00,83.43,83.52,83.31,83.4,1898.2333,158384.300241,SOLUSDT,bybit
2026-05-27 18:05:00+00:00,83.4,83.52,83.31,83.37,1602.4158,133688.096455,SOLUSDT,bybit
2026-05-27 18:10:00+00:00,83.37,83.48,83.2,83.36,1732.0515,144290.518174,SOLUSDT,bybit
2026-05-27 18:15:00+00:00,83.36,83.57,83.3,83.52,787.0203,65676.877646,SOLUSDT,bybit
2026-05-27 18:20:00+00:00,83.52,83.57,83.42,83.51,614.9303,51350.671715,SOLUSDT,bybit
2026-05-27 18:25:00+00:00,83.51,83.58,83.44,83.56,342.1265,28571.19066,SOLUSDT,bybit
2026-05-27 18:30:00+00:00,83.56,83.58,83.45,83.51,222.281,18563.858752,SOLUSDT,bybit
2026-05-27 18:35:00+00:00,83.51,83.58,83.44,83.57,547.2752,45701.079698,SOLUSDT,bybit
2026-05-27 18:40:00+00:00,83.57,83.79,83.57,83.71,692.577,57972.222241,SOLUSDT,bybit
2026-05-27 18:45:00+00:00,83.71,83.77,83.69,83.7,1522.4743,127445.291425,SOLUSDT,bybit
2026-05-27 18:50:00+00:00,83.7,83.84,83.67,83.79,1465.7114,122756.878659,SOLUSDT,bybit
2026-05-27 18:55:00+00:00,83.79,84.01,83.79,83.95,2606.5333,218777.79651,SOLUSDT,bybit
2026-05-27 19:00:00+00:00,83.95,84.08,83.91,84.05,1150.3402,96630.493665,SOLUSDT,bybit
2026-05-27 19:05:00+00:00,84.05,84.07,83.98,84.05,883.8725,74259.187398,SOLUSDT,bybit
2026-05-27 19:10:00+00:00,84.05,84.15,83.96,84.14,2079.3057,174825.165722,SOLUSDT,bybit
2026-05-27 19:15:00+00:00,84.14,84.14,83.97,83.99,1350.9033,113522.127078,SOLUSDT,bybit
2026-05-27 19:20:00+00:00,83.99,84.09,83.94,84.09,950.8824,79889.945099,SOLUSDT,bybit
2026-05-27 19:25:00+00:00,84.09,84.1,83.95,83.96,548.5685,46089.742532,SOLUSDT,bybit
2026-05-27 19:30:00+00:00,83.96,84.14,83.95,84.04,970.7917,81604.503351,SOLUSDT,bybit
2026-05-27 19:35:00+00:00,84.04,84.07,83.97,84.04,682.9108,57377.627817,SOLUSDT,bybit
2026-05-27 19:40:00+00:00,84.04,84.06,83.9,83.95,685.6699,57591.158824,SOLUSDT,bybit
2026-05-27 19:45:00+00:00,83.95,84.05,83.9,83.92,530.1003,44519.518282,SOLUSDT,bybit
2026-05-27 19:50:00+00:00,83.92,83.98,83.89,83.96,349.0381,29292.899837,SOLUSDT,bybit
2026-05-27 19:55:00+00:00,83.96,83.96,83.9,83.92,327.5578,27490.935244,SOLUSDT,bybit
2026-05-27 20:00:00+00:00,83.92,84.06,83.88,83.93,921.9344,77413.020556,SOLUSDT,bybit
2026-05-27 20:05:00+00:00,83.93,84.06,83.87,84.05,1163.2974,97630.376516,SOLUSDT,bybit
2026-05-27 20:10:00+00:00,84.05,84.07,83.98,84.0,326.7288,27453.556061,SOLUSDT,bybit
2026-05-27 20:15:00+00:00,84.0,84.11,83.97,84.09,481.681,40490.696653,SOLUSDT,bybit
2026-05-27 20:20:00+00:00,84.09,84.16,83.94,83.94,1125.9715,94677.940827,SOLUSDT,bybit
2026-05-27 20:25:00+00:00,83.94,83.99,83.87,83.9,287.3856,24123.26252,SOLUSDT,bybit
2026-05-27 20:30:00+00:00,83.9,83.94,83.77,83.79,386.9054,32437.627284,SOLUSDT,bybit
2026-05-27 20:35:00+00:00,83.79,83.86,83.79,83.82,150.5306,12617.66271,SOLUSDT,bybit
2026-05-27 20:40:00+00:00,83.82,83.87,83.78,83.85,924.1016,77459.168715,SOLUSDT,bybit
2026-05-27 20:45:00+00:00,83.85,83.91,83.81,83.9,506.6414,42478.817653,SOLUSDT,bybit
2026-05-27 20:50:00+00:00,83.9,83.9,83.79,83.83,972.5043,81540.775229,SOLUSDT,bybit
2026-05-27 20:55:00+00:00,83.83,83.86,83.82,83.83,453.7065,38044.071667,SOLUSDT,bybit
2026-05-27 21:00:00+00:00,83.83,83.83,83.69,83.69,1014.6965,84977.456511,SOLUSDT,bybit
2026-05-27 21:05:00+00:00,83.69,83.8,83.65,83.67,649.6915,54394.905519,SOLUSDT,bybit
2026-05-27 21:10:00+00:00,83.67,83.74,83.61,83.67,975.5927,81611.78686,SOLUSDT,bybit
2026-05-27 21:15:00+00:00,83.67,83.69,83.63,83.64,195.7124,16371.855991,SOLUSDT,bybit
2026-05-27 21:20:00+00:00,83.64,83.66,83.62,83.63,214.03,17902.243573,SOLUSDT,bybit
2026-05-27 21:25:00+00:00,83.63,83.64,83.46,83.46,796.568,66571.494828,SOLUSDT,bybit
2026-05-27 21:30:00+00:00,83.46,83.46,83.22,83.25,1972.9999,164391.008586,SOLUSDT,bybit
2026-05-27 21:35:00+00:00,83.25,83.35,83.21,83.23,4388.1517,365444.681668,SOLUSDT,bybit
2026-05-27 21:40:00+00:00,83.23,83.23,82.47,82.75,22825.8464,1889168.055353,SOLUSDT,bybit
2026-05-27 21:45:00+00:00,82.75,82.77,82.17,82.43,9479.6897,781312.504187,SOLUSDT,bybit
2026-05-27 21:50:00+00:00,82.43,82.43,82.13,82.17,2706.7917,222656.618579,SOLUSDT,bybit
2026-05-27 21:55:00+00:00,82.17,82.51,82.12,82.49,1959.8963,161283.545197,SOLUSDT,bybit
2026-05-27 22:00:00+00:00,82.49,82.92,82.25,82.86,3806.1857,314035.556578,SOLUSDT,bybit
2026-05-27 22:05:00+00:00,82.86,83.03,82.74,82.77,1956.2969,162109.985156,SOLUSDT,bybit
2026-05-27 22:10:00+00:00,82.77,82.79,82.36,82.61,3802.6472,313962.545429,SOLUSDT,bybit
2026-05-27 22:15:00+00:00,82.61,82.63,82.25,82.53,3309.1969,272901.422861,SOLUSDT,bybit
2026-05-27 22:20:00+00:00,82.53,82.69,82.53,82.58,905.7158,74830.692763,SOLUSDT,bybit
2026-05-27 22:25:00+00:00,82.58,82.75,82.56,82.68,1267.302,104736.321557,SOLUSDT,bybit
2026-05-27 22:30:00+00:00,82.68,82.7,82.51,82.65,1729.6573,142886.003122,SOLUSDT,bybit
2026-05-27 22:35:00+00:00,82.65,82.74,82.63,82.73,581.3837,48067.093538,SOLUSDT,bybit
2026-05-27 22:40:00+00:00,82.73,82.8,82.67,82.68,2524.1134,208833.487347,SOLUSDT,bybit
2026-05-27 22:45:00+00:00,82.68,82.73,82.56,82.56,1044.8416,86344.014587,SOLUSDT,bybit
2026-05-27 22:50:00+00:00,82.56,82.64,82.54,82.62,763.144,63032.174406,SOLUSDT,bybit
2026-05-27 22:55:00+00:00,82.62,82.69,82.43,82.46,1409.2141,116320.786523,SOLUSDT,bybit
2026-05-27 23:00:00+00:00,82.46,82.56,82.34,82.55,1236.0698,101942.323227,SOLUSDT,bybit
2026-05-27 23:05:00+00:00,82.55,82.6,82.43,82.58,1224.9649,101073.795996,SOLUSDT,bybit
2026-05-27 23:10:00+00:00,82.58,82.6,82.5,82.58,1295.9085,106955.343029,SOLUSDT,bybit
2026-05-27 23:15:00+00:00,82.58,82.69,82.54,82.67,2580.3281,213188.36985,SOLUSDT,bybit
2026-05-27 23:20:00+00:00,82.67,82.68,82.34,82.36,2114.0714,174308.370432,SOLUSDT,bybit
2026-05-27 23:25:00+00:00,82.36,82.37,82.2,82.31,2058.2866,169357.294098,SOLUSDT,bybit
2026-05-27 23:30:00+00:00,82.31,82.49,82.28,82.32,753.45,62061.870854,SOLUSDT,bybit
2026-05-27 23:35:00+00:00,82.32,82.32,82.2,82.32,679.1898,55884.566203,SOLUSDT,bybit
2026-05-27 23:40:00+00:00,82.32,82.36,82.23,82.36,840.8564,69210.138568,SOLUSDT,bybit
2026-05-27 23:45:00+00:00,82.36,82.53,82.31,82.49,1374.1958,113290.855556,SOLUSDT,bybit
2026-05-27 23:50:00+00:00,82.49,82.51,82.28,82.48,2030.6017,167259.077211,SOLUSDT,bybit
2026-05-27 23:55:00+00:00,82.48,82.52,82.42,82.44,986.5256,81373.185713,SOLUSDT,bybit
2026-05-28 00:00:00+00:00,82.44,82.59,82.39,82.54,3097.9968,255660.806586,SOLUSDT,bybit
2026-05-28 00:05:00+00:00,82.54,82.59,82.42,82.53,917.8654,75724.841222,SOLUSDT,bybit
2026-05-28 00:10:00+00:00,82.53,82.55,82.36,82.4,1316.3897,108542.552043,SOLUSDT,bybit
2026-05-28 00:15:00+00:00,82.4,82.66,82.4,82.57,510.4287,42128.983204,SOLUSDT,bybit
2026-05-28 00:20:00+00:00,82.57,82.64,82.5,82.5,797.8825,65875.678204,SOLUSDT,bybit
2026-05-28 00:25:00+00:00,82.5,82.56,82.39,82.56,585.4753,48273.784365,SOLUSDT,bybit
2026-05-28 00:30:00+00:00,82.56,82.66,82.56,82.63,531.4439,43898.929755,SOLUSDT,bybit
2026-05-28 00:35:00+00:00,82.63,82.66,82.58,82.58,335.8433,27745.370556,SOLUSDT,bybit
2026-05-28 00:40:00+00:00,82.58,82.67,82.58,82.67,338.0031,27929.816919,SOLUSDT,bybit
2026-05-28 00:45:00+00:00,82.67,82.74,82.65,82.69,257.2093,21272.390861,SOLUSDT,bybit
2026-05-28 00:50:00+00:00,82.69,82.7,82.56,82.68,283.7018,23446.347756,SOLUSDT,bybit
2026-05-28 00:55:00+00:00,82.68,82.73,82.57,82.71,1011.4452,83584.701996,SOLUSDT,bybit
2026-05-28 01:00:00+00:00,82.71,82.77,82.67,82.67,820.8549,67896.082644,SOLUSDT,bybit
2026-05-28 01:05:00+00:00,82.67,82.71,82.56,82.63,1396.038,115380.813765,SOLUSDT,bybit
2026-05-28 01:10:00+00:00,82.63,82.68,82.49,82.62,647.1137,53457.061062,SOLUSDT,bybit
2026-05-28 01:15:00+00:00,82.62,82.62,82.21,82.42,3014.2092,248193.957827,SOLUSDT,bybit
2026-05-28 01:20:00+00:00,82.42,82.63,82.31,82.48,1198.082,98812.644016,SOLUSDT,bybit
2026-05-28 01:25:00+00:00,82.48,82.48,81.91,82.17,24421.7419,2003484.674052,SOLUSDT,bybit
2026-05-28 01:30:00+00:00,82.17,82.33,82.08,82.22,2834.0775,233076.268398,SOLUSDT,bybit
2026-05-28 01:35:00+00:00,82.22,82.42,82.19,82.32,1649.7513,135827.318476,SOLUSDT,bybit
2026-05-28 01:40:00+00:00,82.32,82.33,82.11,82.3,1279.5072,105243.898959,SOLUSDT,bybit
2026-05-28 01:45:00+00:00,82.3,82.47,82.28,82.36,1013.8093,83502.222306,SOLUSDT,bybit
2026-05-28 01:50:00+00:00,82.36,82.37,82.14,82.22,3609.7867,296786.498157,SOLUSDT,bybit
2026-05-28 01:55:00+00:00,82.22,82.28,82.12,82.27,1085.828,89257.865242,SOLUSDT,bybit
2026-05-28 02:00:00+00:00,82.27,82.4,82.12,82.2,938.6889,77205.401096,SOLUSDT,bybit
2026-05-28 02:05:00+00:00,82.2,82.42,82.16,82.37,1451.3487,119516.184413,SOLUSDT,bybit
2026-05-28 02:10:00+00:00,82.37,82.41,82.3,82.38,650.3827,53549.897645,SOLUSDT,bybit
2026-05-28 02:15:00+00:00,82.38,82.43,82.23,82.23,669.1142,55071.8136,SOLUSDT,bybit
2026-05-28 02:20:00+00:00,82.23,82.3,82.02,82.15,1299.7179,106749.541388,SOLUSDT,bybit
2026-05-28 02:25:00+00:00,82.15,82.2,82.1,82.18,490.7068,40318.701292,SOLUSDT,bybit
2026-05-28 02:30:00+00:00,82.18,82.25,82.06,82.16,899.4605,73899.909061,SOLUSDT,bybit
2026-05-28 02:35:00+00:00,82.16,82.23,81.99,82.23,1025.017,84137.972738,SOLUSDT,bybit
2026-05-28 02:40:00+00:00,82.23,82.26,82.1,82.12,720.3009,59201.200663,SOLUSDT,bybit
2026-05-28 02:45:00+00:00,82.12,82.21,82.04,82.21,1156.4657,94964.574102,SOLUSDT,bybit
2026-05-28 02:50:00+00:00,82.21,82.22,82.07,82.18,3847.9952,316079.698866,SOLUSDT,bybit
2026-05-28 02:55:00+00:00,82.18,82.24,82.09,82.09,2087.3353,171389.289839,SOLUSDT,bybit
2026-05-28 03:00:00+00:00,82.09,82.14,82.01,82.09,6274.4955,514972.720745,SOLUSDT,bybit
2026-05-28 03:05:00+00:00,82.09,82.24,82.01,82.04,7591.3916,623422.082256,SOLUSDT,bybit
2026-05-28 03:10:00+00:00,82.04,82.04,81.78,81.94,18456.7831,1511734.251736,SOLUSDT,bybit
2026-05-28 03:15:00+00:00,81.94,81.99,80.69,81.09,50621.3033,4106031.038414,SOLUSDT,bybit
2026-05-28 03:20:00+00:00,81.09,81.67,81.05,81.67,9332.1663,759661.455787,SOLUSDT,bybit
2026-05-28 03:25:00+00:00,81.67,81.67,81.35,81.38,4172.169,340223.232861,SOLUSDT,bybit
2026-05-28 03:30:00+00:00,81.38,81.42,81.23,81.26,2942.5665,239277.169329,SOLUSDT,bybit
2026-05-28 03:35:00+00:00,81.26,81.26,81.05,81.14,7540.7107,611711.647656,SOLUSDT,bybit
2026-05-28 03:40:00+00:00,81.14,81.21,81.0,81.01,4520.6887,366658.421273,SOLUSDT,bybit
2026-05-28 03:45:00+00:00,81.01,81.21,80.98,81.02,2213.1489,179430.028049,SOLUSDT,bybit
2026-05-28 03:50:00+00:00,81.02,81.04,80.68,80.72,5740.0482,463957.910005,SOLUSDT,bybit
2026-05-28 03:55:00+00:00,80.72,80.79,80.5,80.71,5109.4901,411851.144753,SOLUSDT,bybit
2026-05-28 04:00:00+00:00,80.71,80.77,80.01,80.56,15481.7615,1244596.8465,SOLUSDT,bybit
2026-05-28 04:05:00+00:00,80.56,80.82,80.42,80.8,3093.075,249262.060654,SOLUSDT,bybit
2026-05-28 04:10:00+00:00,80.8,80.9,80.52,80.55,2860.1779,230887.240173,SOLUSDT,bybit
2026-05-28 04:15:00+00:00,80.55,80.65,80.31,80.31,2937.7347,236470.118594,SOLUSDT,bybit
2026-05-28 04:20:00+00:00,80.31,80.35,80.0,80.16,12114.6654,971046.517176,SOLUSDT,bybit
2026-05-28 04:25:00+00:00,80.16,80.36,80.08,80.32,3257.4406,261290.201278,SOLUSDT,bybit
2026-05-28 04:30:00+00:00,80.32,80.6,80.27,80.59,2339.7331,188219.128873,SOLUSDT,bybit
2026-05-28 04:35:00+00:00,80.59,80.81,80.58,80.77,2376.4601,191749.316442,SOLUSDT,bybit
2026-05-28 04:40:00+00:00,80.77,80.9,80.76,80.85,2238.6648,180966.484726,SOLUSDT,bybit
2026-05-28 04:45:00+00:00,80.85,80.89,80.74,80.83,4184.6779,338276.085551,SOLUSDT,bybit
2026-05-28 04:50:00+00:00,80.83,80.89,80.77,80.84,1284.7735,103828.592654,SOLUSDT,bybit
2026-05-28 04:55:00+00:00,80.84,80.95,80.84,80.89,2852.9896,230813.01947,SOLUSDT,bybit
2026-05-28 05:00:00+00:00,80.89,80.97,80.86,80.88,2554.7587,206702.109893,SOLUSDT,bybit
2026-05-28 05:05:00+00:00,80.88,80.89,80.72,80.77,1924.0762,155460.368192,SOLUSDT,bybit
2026-05-28 05:10:00+00:00,80.77,80.81,80.69,80.73,2826.0816,228253.881363,SOLUSDT,bybit
2026-05-28 05:15:00+00:00,80.73,80.75,80.45,80.55,1870.8236,150864.69334,SOLUSDT,bybit
2026-05-28 05:20:00+00:00,80.55,80.6,80.41,80.58,3282.5543,264190.953771,SOLUSDT,bybit
2026-05-28 05:25:00+00:00,80.58,80.63,80.51,80.52,1220.4851,98325.318911,SOLUSDT,bybit
2026-05-28 05:30:00+00:00,80.52,80.82,80.52,80.8,2207.1985,178083.01106,SOLUSDT,bybit
2026-05-28 05:35:00+00:00,80.8,80.89,80.73,80.87,1612.1129,130294.20335,SOLUSDT,bybit
2026-05-28 05:40:00+00:00,80.87,80.9,80.82,80.85,868.5275,70219.379838,SOLUSDT,bybit
2026-05-28 05:45:00+00:00,80.85,80.89,80.62,80.73,2221.7902,179405.870187,SOLUSDT,bybit
2026-05-28 05:50:00+00:00,80.73,80.8,80.71,80.78,415.6844,33571.450166,SOLUSDT,bybit
2026-05-28 05:55:00+00:00,80.78,80.79,80.64,80.69,1111.3637,89675.365477,SOLUSDT,bybit
2026-05-28 06:00:00+00:00,80.69,80.79,80.66,80.76,702.1872,56682.711077,SOLUSDT,bybit
2026-05-28 06:05:00+00:00,80.76,80.86,80.75,80.79,1845.2832,149124.597007,SOLUSDT,bybit
2026-05-28 06:10:00+00:00,80.79,80.88,80.79,80.84,1018.4801,82325.794404,SOLUSDT,bybit
2026-05-28 06:15:00+00:00,80.84,80.88,80.79,80.84,799.4777,64619.349372,SOLUSDT,bybit
2026-05-28 06:20:00+00:00,80.84,80.89,80.69,80.74,814.3055,65801.808943,SOLUSDT,bybit
2026-05-28 06:25:00+00:00,80.74,80.78,80.64,80.77,1080.887,87214.215737,SOLUSDT,bybit
2026-05-28 06:30:00+00:00,80.77,80.78,80.59,80.66,751.2573,60621.773904,SOLUSDT,bybit
2026-05-28 06:35:00+00:00,80.66,80.66,80.51,80.63,1274.6072,102691.519008,SOLUSDT,bybit
2026-05-28 06:40:00+00:00,80.63,80.69,80.56,80.69,1030.736,83093.146392,SOLUSDT,bybit
2026-05-28 06:45:00+00:00,80.69,81.09,80.69,80.95,5472.0858,442811.147706,SOLUSDT,bybit
2026-05-28 06:50:00+00:00,80.95,80.99,80.88,80.95,1260.8935,102045.490877,SOLUSDT,bybit
2026-05-28 06:55:00+00:00,80.95,81.01,80.91,80.94,1613.539,130627.73596,SOLUSDT,bybit
2026-05-28 07:00:00+00:00,80.94,81.01,80.88,80.93,2562.5132,207410.680008,SOLUSDT,bybit
2026-05-28 07:05:00+00:00,80.93,81.02,80.85,81.01,1236.7938,100084.924787,SOLUSDT,bybit
2026-05-28 07:10:00+00:00,81.01,81.01,80.88,80.98,1704.9467,137980.290399,SOLUSDT,bybit
2026-05-28 07:15:00+00:00,80.98,81.09,80.98,80.99,2293.157,185839.074006,SOLUSDT,bybit
2026-05-28 07:20:00+00:00,80.99,81.16,80.99,81.13,4424.7367,358773.075955,SOLUSDT,bybit
2026-05-28 07:25:00+00:00,81.13,81.15,81.02,81.04,2561.8626,207679.656936,SOLUSDT,bybit
2026-05-28 07:30:00+00:00,81.04,81.21,81.04,81.21,1781.4588,144541.853644,SOLUSDT,bybit
2026-05-28 07:35:00+00:00,81.21,81.29,81.16,81.18,5152.8154,418476.996161,SOLUSDT,bybit
2026-05-28 07:40:00+00:00,81.18,81.27,81.16,81.25,2745.951,223014.864241,SOLUSDT,bybit
2026-05-28 07:45:00+00:00,81.25,81.25,81.15,81.16,8180.9733,664028.301945,SOLUSDT,bybit
2026-05-28 07:50:00+00:00,81.16,81.16,81.05,81.1,6927.281,561732.954365,SOLUSDT,bybit
2026-05-28 07:55:00+00:00,81.1,81.26,81.1,81.25,1553.1544,126087.735375,SOLUSDT,bybit
2026-05-28 08:00:00+00:00,81.25,81.28,81.04,81.11,2403.2921,194953.913967,SOLUSDT,bybit
2026-05-28 08:05:00+00:00,81.11,81.26,81.1,81.15,1417.1248,115018.916995,SOLUSDT,bybit
2026-05-28 08:10:00+00:00,81.15,81.21,81.08,81.21,1115.2886,90507.299101,SOLUSDT,bybit
2026-05-28 08:15:00+00:00,81.21,81.21,81.07,81.1,682.6407,55376.544724,SOLUSDT,bybit
2026-05-28 08:20:00+00:00,81.1,81.12,80.95,81.01,1083.6572,87795.497447,SOLUSDT,bybit
2026-05-28 08:25:00+00:00,81.01,81.02,80.87,80.92,442.7501,35843.977846,SOLUSDT,bybit
2026-05-28 08:30:00+00:00,80.92,80.99,80.82,80.96,1494.2732,120879.394007,SOLUSDT,bybit
2026-05-28 08:35:00+00:00,80.96,81.07,80.95,81.06,771.8938,62529.246677,SOLUSDT,bybit
2026-05-28 08:40:00+00:00,81.06,81.06,80.96,81.0,1087.4482,88081.29588,SOLUSDT,bybit
2026-05-28 08:45:00+00:00,81.0,81.1,80.98,81.01,1279.7114,103723.638323,SOLUSDT,bybit
2026-05-28 08:50:00+00:00,81.01,81.03,80.97,81.03,866.0421,70162.268106,SOLUSDT,bybit
2026-05-28 08:55:00+00:00,81.03,81.03,80.96,80.97,889.0422,71998.976953,SOLUSDT,bybit
2026-05-28 09:00:00+00:00,80.97,81.09,80.97,81.02,1288.125,104364.682157,SOLUSDT,bybit
2026-05-28 09:05:00+00:00,81.02,81.06,80.88,80.91,1414.7443,114545.505012,SOLUSDT,bybit
2026-05-28 09:10:00+00:00,80.91,80.99,80.82,80.99,3145.9398,254467.331274,SOLUSDT,bybit
2026-05-28 09:15:00+00:00,80.99,81.09,80.94,81.09,1438.6505,116526.68458,SOLUSDT,bybit
2026-05-28 09:20:00+00:00,81.09,81.15,81.05,81.14,742.9654,60263.017057,SOLUSDT,bybit
2026-05-28 09:25:00+00:00,81.14,81.19,81.13,81.16,1685.0829,136760.748559,SOLUSDT,bybit
2026-05-28 09:30:00+00:00,81.16,81.17,81.09,81.15,1491.8787,121022.86863,SOLUSDT,bybit
2026-05-28 09:35:00+00:00,81.15,81.24,81.08,81.1,1830.2806,148530.851078,SOLUSDT,bybit
2026-05-28 09:40:00+00:00,81.1,81.2,81.09,81.19,1414.8634,114777.168104,SOLUSDT,bybit
2026-05-28 09:45:00+00:00,81.19,81.3,81.17,81.28,1929.2575,156710.055335,SOLUSDT,bybit
2026-05-28 09:50:00+00:00,81.28,81.31,81.25,81.26,2058.1993,167291.354852,SOLUSDT,bybit
2026-05-28 09:55:00+00:00,81.26,81.29,81.17,81.22,1330.7854,108110.887346,SOLUSDT,bybit
2026-05-28 10:00:00+00:00,81.22,81.29,81.16,81.2,2022.5036,164280.434729,SOLUSDT,bybit
2026-05-28 10:05:00+00:00,81.2,81.25,81.17,81.19,1194.0673,96966.882877,SOLUSDT,bybit
2026-05-28 10:10:00+00:00,81.19,81.31,81.19,81.22,1022.3501,83078.639331,SOLUSDT,bybit
2026-05-28 10:15:00+00:00,81.22,81.26,81.07,81.1,2028.4717,164568.302954,SOLUSDT,bybit
2026-05-28 10:20:00+00:00,81.1,81.14,80.92,80.96,1326.8639,107484.88984,SOLUSDT,bybit
2026-05-28 10:25:00+00:00,80.96,81.03,80.9,81.03,1016.075,82271.744396,SOLUSDT,bybit
2026-05-28 10:30:00+00:00,81.03,81.04,80.94,81.04,1006.35,81510.012572,SOLUSDT,bybit
2026-05-28 10:35:00+00:00,81.04,81.1,81.0,81.06,358.1133,29024.581819,SOLUSDT,bybit
2026-05-28 10:40:00+00:00,81.06,81.08,81.01,81.02,960.2929,77816.98312,SOLUSDT,bybit
2026-05-28 10:45:00+00:00,81.02,81.08,80.96,80.97,1843.7117,149385.599041,SOLUSDT,bybit
2026-05-28 10:50:00+00:00,80.97,80.98,80.75,80.89,5573.9832,450706.925325,SOLUSDT,bybit
2026-05-28 10:55:00+00:00,80.89,80.89,80.72,80.73,1638.6332,132443.908385,SOLUSDT,bybit
2026-05-28 11:00:00+00:00,80.73,80.86,80.69,80.72,1842.9996,148860.291707,SOLUSDT,bybit
2026-05-28 11:05:00+00:00,80.72,80.75,80.6,80.71,1847.4242,149048.349441,SOLUSDT,bybit
2026-05-28 11:10:00+00:00,80.71,80.83,80.71,80.83,928.2777,74978.833584,SOLUSDT,bybit
2026-05-28 11:15:00+00:00,80.83,80.86,80.76,80.83,933.9371,75468.934304,SOLUSDT,bybit
2026-05-28 11:20:00+00:00,80.83,80.84,80.76,80.81,711.0653,57442.267646,SOLUSDT,bybit
2026-05-28 11:25:00+00:00,80.81,80.81,80.67,80.76,1886.513,152324.042864,SOLUSDT,bybit
2026-05-28 11:30:00+00:00,80.76,80.76,80.64,80.73,1165.4149,94041.284035,SOLUSDT,bybit
2026-05-28 11:35:00+00:00,80.73,80.79,80.7,80.75,647.2661,52255.12004,SOLUSDT,bybit
2026-05-28 11:40:00+00:00,80.75,80.83,80.73,80.83,72.3786,5845.441888,SOLUSDT,bybit
2026-05-28 11:45:00+00:00,80.83,80.83,80.77,80.81,319.1784,25786.706044,SOLUSDT,bybit
2026-05-28 11:50:00+00:00,80.81,80.92,80.73,80.92,1534.5593,124066.133798,SOLUSDT,bybit
2026-05-28 11:55:00+00:00,80.92,80.93,80.85,80.86,513.2825,41518.108661,SOLUSDT,bybit
2026-05-28 12:00:00+00:00,80.86,80.96,80.81,80.86,695.6437,56269.468514,SOLUSDT,bybit
2026-05-28 12:05:00+00:00,80.86,80.9,80.82,80.88,263.3978,21301.712651,SOLUSDT,bybit
2026-05-28 12:10:00+00:00,80.88,80.89,80.78,80.83,670.6254,54213.124392,SOLUSDT,bybit
2026-05-28 12:15:00+00:00,80.83,80.87,80.67,80.72,1469.1122,118596.092717,SOLUSDT,bybit
2026-05-28 12:20:00+00:00,80.72,80.75,80.58,80.58,1284.2325,103587.649552,SOLUSDT,bybit
2026-05-28 12:25:00+00:00,80.58,80.8,80.58,80.74,1063.7334,85850.20754,SOLUSDT,bybit
2026-05-28 12:30:00+00:00,80.74,80.97,80.73,80.9,2160.1605,174714.457644,SOLUSDT,bybit
2026-05-28 12:35:00+00:00,80.9,81.09,80.84,81.09,1038.2326,84040.71861,SOLUSDT,bybit
2026-05-28 12:40:00+00:00,81.09,81.17,81.09,81.09,1126.0805,91333.244362,SOLUSDT,bybit
2026-05-28 12:45:00+00:00,81.09,81.24,81.09,81.22,878.7337,71333.870139,SOLUSDT,bybit
2026-05-28 12:50:00+00:00,81.22,81.25,81.09,81.13,1273.5363,103344.323733,SOLUSDT,bybit
2026-05-28 12:55:00+00:00,81.13,81.15,81.08,81.14,493.8822,40063.829582,SOLUSDT,bybit
2026-05-28 13:00:00+00:00,81.14,81.36,81.13,81.23,1784.1329,144985.998781,SOLUSDT,bybit
2026-05-28 13:05:00+00:00,81.23,81.23,80.88,80.9,2012.1662,162971.645732,SOLUSDT,bybit
2026-05-28 13:10:00+00:00,80.9,80.98,80.89,80.93,972.9591,78741.999678,SOLUSDT,bybit
2026-05-28 13:15:00+00:00,80.93,81.0,80.88,80.97,1498.5565,121282.188997,SOLUSDT,bybit
2026-05-28 13:20:00+00:00,80.97,80.98,80.87,80.93,1290.8859,104454.65418,SOLUSDT,bybit
2026-05-28 13:25:00+00:00,80.93,81.05,80.74,81.05,3681.7009,297715.001891,SOLUSDT,bybit
2026-05-28 13:30:00+00:00,81.05,81.07,80.75,80.81,6141.8971,496957.356266,SOLUSDT,bybit
2026-05-28 13:35:00+00:00,80.81,80.85,80.63,80.78,3504.2665,283006.371121,SOLUSDT,bybit
2026-05-28 13:40:00+00:00,80.78,80.82,80.54,80.58,2287.0874,184538.760114,SOLUSDT,bybit
2026-05-28 13:45:00+00:00,80.58,80.73,80.54,80.62,2745.05,221301.51965,SOLUSDT,bybit
2026-05-28 13:50:00+00:00,80.62,80.95,80.57,80.79,5146.8599,415839.490215,SOLUSDT,bybit
2026-05-28 13:55:00+00:00,80.79,80.86,80.71,80.8,1389.0194,112220.907966,SOLUSDT,bybit
2026-05-28 14:00:00+00:00,80.8,80.8,80.28,80.48,7591.0129,610538.102809,SOLUSDT,bybit
2026-05-28 14:05:00+00:00,80.48,80.54,80.0,80.53,13453.4167,1078795.379092,SOLUSDT,bybit
2026-05-28 14:10:00+00:00,80.53,81.17,80.13,81.13,23260.269,1875725.258987,SOLUSDT,bybit
2026-05-28 14:15:00+00:00,81.13,81.66,80.99,81.56,9235.0704,750890.996605,SOLUSDT,bybit
2026-05-28 14:20:00+00:00,81.56,81.6,80.91,81.04,3610.6569,293589.867667,SOLUSDT,bybit
2026-05-28 14:25:00+00:00,81.04,81.25,80.97,81.1,2589.8921,210009.027156,SOLUSDT,bybit
2026-05-28 14:30:00+00:00,81.1,81.26,80.93,80.93,4645.3615,376566.587196,SOLUSDT,bybit
2026-05-28 14:35:00+00:00,80.93,81.04,80.82,80.89,2786.2018,225422.363752,SOLUSDT,bybit
2026-05-28 14:40:00+00:00,80.89,81.09,80.75,80.86,3076.4037,248815.028398,SOLUSDT,bybit
2026-05-28 14:45:00+00:00,80.86,80.96,80.68,80.79,3653.5661,295254.100613,SOLUSDT,bybit
2026-05-28 14:50:00+00:00,80.79,81.17,80.79,81.03,3726.8955,301768.49909,SOLUSDT,bybit
2026-05-28 14:55:00+00:00,81.03,81.24,81.03,81.18,2573.9104,208873.925728,SOLUSDT,bybit
2026-05-28 15:00:00+00:00,81.18,81.23,81.03,81.08,3054.554,247907.068798,SOLUSDT,bybit
2026-05-28 15:05:00+00:00,81.08,81.3,80.87,80.91,2301.4229,186666.490355,SOLUSDT,bybit
2026-05-28 15:10:00+00:00,80.91,81.02,80.77,80.78,1555.327,125828.396285,SOLUSDT,bybit
2026-05-28 15:15:00+00:00,80.78,80.89,80.64,80.7,1463.5611,118197.128222,SOLUSDT,bybit
2026-05-28 15:20:00+00:00,80.7,80.91,80.55,80.86,3102.9142,250357.071421,SOLUSDT,bybit
2026-05-28 15:25:00+00:00,80.86,81.01,80.8,81.01,1045.8102,84607.088811,SOLUSDT,bybit
2026-05-28 15:30:00+00:00,81.01,81.04,80.81,80.95,1023.7218,82870.080023,SOLUSDT,bybit
2026-05-28 15:35:00+00:00,80.95,81.18,80.94,81.04,2537.6189,205777.707826,SOLUSDT,bybit
2026-05-28 15:40:00+00:00,81.04,81.23,81.02,81.22,5080.6051,412370.772098,SOLUSDT,bybit
2026-05-28 15:45:00+00:00,81.22,81.37,81.13,81.15,4047.4494,328867.370996,SOLUSDT,bybit
2026-05-28 15:50:00+00:00,81.15,81.2,81.1,81.12,1774.2232,143954.061816,SOLUSDT,bybit
2026-05-28 15:55:00+00:00,81.12,81.18,81.03,81.14,1072.5291,87003.245573,SOLUSDT,bybit
2026-05-28 16:00:00+00:00,81.14,81.14,80.92,80.92,2056.0201,166538.04857,SOLUSDT,bybit
2026-05-28 16:05:00+00:00,80.92,81.14,80.92,81.14,1447.0479,117239.936051,SOLUSDT,bybit
2026-05-28 16:10:00+00:00,81.14,81.46,81.1,81.43,4769.9038,388041.684706,SOLUSDT,bybit
2026-05-28 16:15:00+00:00,81.43,81.58,81.31,81.51,4062.4382,330875.545696,SOLUSDT,bybit
2026-05-28 16:20:00+00:00,81.51,81.78,81.48,81.66,5137.3796,419452.516929,SOLUSDT,bybit
2026-05-28 16:25:00+00:00,81.66,81.7,81.52,81.52,1685.2814,137521.926688,SOLUSDT,bybit
2026-05-28 16:30:00+00:00,81.52,81.69,81.48,81.69,1144.5635,93371.045887,SOLUSDT,bybit
2026-05-28 16:35:00+00:00,81.69,81.78,81.64,81.73,519.4279,42437.35788,SOLUSDT,bybit
2026-05-28 16:40:00+00:00,81.73,81.89,81.68,81.89,3355.1456,274421.612275,SOLUSDT,bybit
2026-05-28 16:45:00+00:00,81.89,82.04,81.84,81.89,2098.0163,171901.912848,SOLUSDT,bybit
2026-05-28 16:50:00+00:00,81.89,82.05,81.88,82.0,4583.6651,375839.96396,SOLUSDT,bybit
2026-05-28 16:55:00+00:00,82.0,82.17,81.97,82.06,4151.9049,340828.176068,SOLUSDT,bybit
2026-05-28 17:00:00+00:00,82.06,82.16,81.9,81.92,1566.4763,128437.919492,SOLUSDT,bybit
2026-05-28 17:05:00+00:00,81.92,82.12,81.83,82.07,2760.1889,226266.651108,SOLUSDT,bybit
2026-05-28 17:10:00+00:00,82.07,82.14,82.01,82.1,1929.5633,158380.76283,SOLUSDT,bybit
2026-05-28 17:15:00+00:00,82.1,82.27,82.0,82.26,3271.6001,268727.523103,SOLUSDT,bybit
2026-05-28 17:20:00+00:00,82.26,82.3,82.15,82.17,1744.052,143413.050643,SOLUSDT,bybit
2026-05-28 17:25:00+00:00,82.17,82.24,82.04,82.16,1248.5295,102574.876889,SOLUSDT,bybit
2026-05-28 17:30:00+00:00,82.16,82.4,82.13,82.38,1579.5204,129899.885448,SOLUSDT,bybit
2026-05-28 17:35:00+00:00,82.38,82.49,82.29,82.49,1570.1257,129367.939582,SOLUSDT,bybit
2026-05-28 17:40:00+00:00,82.49,82.5,82.3,82.3,943.5376,77737.66122,SOLUSDT,bybit
2026-05-28 17:45:00+00:00,82.3,82.65,82.3,82.39,4171.3928,344114.356249,SOLUSDT,bybit
2026-05-28 17:50:00+00:00,82.39,82.4,82.27,82.29,1750.4408,144124.184398,SOLUSDT,bybit
2026-05-28 17:55:00+00:00,82.29,82.34,82.18,82.29,1041.0947,85617.840971,SOLUSDT,bybit
2026-05-28 18:00:00+00:00,82.29,82.64,82.25,82.59,1640.2831,135275.445662,SOLUSDT,bybit
2026-05-28 18:05:00+00:00,82.59,82.86,82.54,82.76,5715.8979,472743.489442,SOLUSDT,bybit
2026-05-28 18:10:00+00:00,82.76,82.8,82.64,82.74,1818.0951,150392.640166,SOLUSDT,bybit
2026-05-28 18:15:00+00:00,82.74,82.97,82.74,82.77,2611.107,216341.296031,SOLUSDT,bybit
2026-05-28 18:20:00+00:00,82.77,82.8,82.57,82.7,1962.0581,162238.917707,SOLUSDT,bybit
2026-05-28 18:25:00+00:00,82.7,82.71,82.6,82.61,1040.9068,86052.172711,SOLUSDT,bybit
2026-05-28 18:30:00+00:00,82.61,82.77,82.61,82.7,1374.3132,113635.558155,SOLUSDT,bybit
2026-05-28 18:35:00+00:00,82.7,82.72,82.58,82.64,759.2963,62761.465275,SOLUSDT,bybit
2026-05-28 18:40:00+00:00,82.64,82.81,82.63,82.77,1573.5058,130169.950905,SOLUSDT,bybit
2026-05-28 18:45:00+00:00,82.77,82.93,82.76,82.78,3380.1382,280027.747502,SOLUSDT,bybit
2026-05-28 18:50:00+00:00,82.78,82.98,82.77,82.94,2293.4831,190098.760795,SOLUSDT,bybit
2026-05-28 18:55:00+00:00,82.94,83.0,82.81,82.89,786.1955,65209.371742,SOLUSDT,bybit
2026-05-28 19:00:00+00:00,82.89,82.89,82.57,82.62,1228.3927,101591.753001,SOLUSDT,bybit
2026-05-28 19:05:00+00:00,82.62,82.7,82.53,82.53,2400.7251,198366.690045,SOLUSDT,bybit
2026-05-28 19:10:00+00:00,82.53,82.55,82.44,82.51,1429.1078,117894.806126,SOLUSDT,bybit
2026-05-28 19:15:00+00:00,82.51,82.52,82.4,82.52,570.4525,47045.596495,SOLUSDT,bybit
2026-05-28 19:20:00+00:00,82.52,82.61,82.48,82.61,776.0258,64076.499127,SOLUSDT,bybit
2026-05-28 19:25:00+00:00,82.61,82.7,82.57,82.7,556.7225,46003.973039,SOLUSDT,bybit
2026-05-28 19:30:00+00:00,82.7,82.75,82.47,82.48,2730.6285,225538.185034,SOLUSDT,bybit
2026-05-28 19:35:00+00:00,82.48,82.48,82.34,82.38,1506.448,124173.536875,SOLUSDT,bybit
2026-05-28 19:40:00+00:00,82.38,82.41,82.33,82.33,1668.1008,137408.511954,SOLUSDT,bybit
2026-05-28 19:45:00+00:00,82.33,82.44,82.33,82.42,669.0149,55124.10493,SOLUSDT,bybit
2026-05-28 19:50:00+00:00,82.42,82.46,82.33,82.38,3256.2097,268268.281976,SOLUSDT,bybit
2026-05-28 19:55:00+00:00,82.38,82.39,82.16,82.19,3709.8538,305311.999676,SOLUSDT,bybit
2026-05-28 20:00:00+00:00,82.19,82.24,81.99,82.04,2312.9023,189986.098551,SOLUSDT,bybit
2026-05-28 20:05:00+00:00,82.04,82.07,81.77,81.97,3106.0179,254435.576299,SOLUSDT,bybit
2026-05-28 20:10:00+00:00,81.97,82.23,81.96,82.11,3823.0457,314014.715695,SOLUSDT,bybit
2026-05-28 20:15:00+00:00,82.11,82.33,82.06,82.33,1321.5653,108608.258198,SOLUSDT,bybit
2026-05-28 20:20:00+00:00,82.33,82.4,82.27,82.29,466.2078,38388.261983,SOLUSDT,bybit
2026-05-28 20:25:00+00:00,82.29,82.45,82.28,82.44,803.9494,66213.863728,SOLUSDT,bybit
2026-05-28 20:30:00+00:00,82.44,82.48,82.33,82.39,1067.4812,87998.71237,SOLUSDT,bybit
2026-05-28 20:35:00+00:00,82.39,82.51,82.39,82.43,388.9049,32074.710502,SOLUSDT,bybit
2026-05-28 20:40:00+00:00,82.43,82.63,82.43,82.55,545.4873,45028.371792,SOLUSDT,bybit
2026-05-28 20:45:00+00:00,82.55,82.56,82.45,82.51,824.4769,68030.624174,SOLUSDT,bybit
2026-05-28 20:50:00+00:00,82.51,82.52,82.44,82.48,248.7309,20518.17666,SOLUSDT,bybit
2026-05-28 20:55:00+00:00,82.48,82.49,82.29,82.29,893.4296,73566.268874,SOLUSDT,bybit
2026-05-28 21:00:00+00:00,82.29,82.38,82.25,82.26,607.8956,50042.736158,SOLUSDT,bybit
2026-05-28 21:05:00+00:00,82.26,82.45,82.23,82.41,1346.2728,110836.169214,SOLUSDT,bybit
2026-05-28 21:10:00+00:00,82.41,82.66,82.41,82.57,1906.4605,157371.982385,SOLUSDT,bybit
2026-05-28 21:15:00+00:00,82.57,82.65,82.54,82.54,608.8864,50295.265733,SOLUSDT,bybit
2026-05-28 21:20:00+00:00,82.54,82.65,82.54,82.58,1194.0368,98625.570002,SOLUSDT,bybit
2026-05-28 21:25:00+00:00,82.58,82.68,82.52,82.53,846.7075,69947.961228,SOLUSDT,bybit
2026-05-28 21:30:00+00:00,82.53,82.56,82.5,82.53,157.7885,13021.089002,SOLUSDT,bybit
2026-05-28 21:35:00+00:00,82.53,82.63,82.47,82.61,2373.1624,195925.910097,SOLUSDT,bybit
2026-05-28 21:40:00+00:00,82.61,82.66,82.51,82.62,1333.6412,110120.077697,SOLUSDT,bybit
2026-05-28 21:45:00+00:00,82.62,82.63,82.5,82.52,463.4382,38251.367576,SOLUSDT,bybit
2026-05-28 21:50:00+00:00,82.52,82.54,82.48,82.49,701.746,57905.511033,SOLUSDT,bybit
2026-05-28 21:55:00+00:00,82.49,82.53,82.42,82.42,438.4223,36167.471825,SOLUSDT,bybit
2026-05-28 22:00:00+00:00,82.42,82.62,82.38,82.39,1135.4326,93665.187343,SOLUSDT,bybit
2026-05-28 22:05:00+00:00,82.39,82.42,82.31,82.4,381.0597,31388.694605,SOLUSDT,bybit
2026-05-28 22:10:00+00:00,82.4,82.4,82.3,82.35,280.2723,23071.757116,SOLUSDT,bybit
2026-05-28 22:15:00+00:00,82.35,82.35,82.18,82.18,299.7236,24661.731248,SOLUSDT,bybit
2026-05-28 22:20:00+00:00,82.18,82.22,82.09,82.21,971.2045,79778.320116,SOLUSDT,bybit
2026-05-28 22:25:00+00:00,82.21,82.35,82.07,82.09,5593.8862,459858.463686,SOLUSDT,bybit
2026-05-28 22:30:00+00:00,82.09,82.12,81.96,81.99,386.4892,31710.534428,SOLUSDT,bybit
2026-05-28 22:35:00+00:00,81.99,82.04,81.92,81.98,571.612,46853.427398,SOLUSDT,bybit
2026-05-28 22:40:00+00:00,81.98,82.01,81.91,81.94,426.3079,34944.044865,SOLUSDT,bybit
2026-05-28 22:45:00+00:00,81.94,82.1,81.94,82.06,1111.7579,91220.377024,SOLUSDT,bybit
2026-05-28 22:50:00+00:00,82.06,82.16,82.05,82.08,207.0142,17000.398732,SOLUSDT,bybit
2026-05-28 22:55:00+00:00,82.08,82.09,82.02,82.04,86.8935,7130.14572,SOLUSDT,bybit
2026-05-28 23:00:00+00:00,82.04,82.13,82.01,82.09,1028.4451,84403.921374,SOLUSDT,bybit
2026-05-28 23:05:00+00:00,82.09,82.12,82.08,82.09,108.0306,8868.757116,SOLUSDT,bybit
2026-05-28 23:10:00+00:00,82.09,82.18,82.09,82.18,212.3966,17449.157238,SOLUSDT,bybit
2026-05-28 23:15:00+00:00,82.18,82.25,82.14,82.14,334.3714,27482.369495,SOLUSDT,bybit
2026-05-28 23:20:00+00:00,82.14,82.15,82.06,82.11,324.9861,26688.215289,SOLUSDT,bybit
2026-05-28 23:25:00+00:00,82.11,82.29,82.11,82.26,365.5455,30058.797484,SOLUSDT,bybit
2026-05-28 23:30:00+00:00,82.26,82.26,82.12,82.12,919.6012,75551.978302,SOLUSDT,bybit
2026-05-28 23:35:00+00:00,82.12,82.17,82.07,82.08,602.4202,49463.677078,SOLUSDT,bybit
2026-05-28 23:40:00+00:00,82.08,82.18,82.01,82.18,472.2798,38751.446494,SOLUSDT,bybit
2026-05-28 23:45:00+00:00,82.18,82.18,82.0,82.03,426.0112,34953.508761,SOLUSDT,bybit
2026-05-28 23:50:00+00:00,82.03,82.07,82.02,82.04,1608.6031,131990.0564,SOLUSDT,bybit
2026-05-28 23:55:00+00:00,82.04,82.17,82.04,82.12,392.4308,32221.350876,SOLUSDT,bybit
2026-05-29 00:00:00+00:00,82.12,82.37,82.12,82.22,1231.5692,101334.468808,SOLUSDT,bybit
2026-05-29 00:05:00+00:00,82.22,82.29,82.16,82.29,505.1746,41530.684798,SOLUSDT,bybit
2026-05-29 00:10:00+00:00,82.29,82.41,82.27,82.29,1034.3275,85156.000026,SOLUSDT,bybit
2026-05-29 00:15:00+00:00,82.29,82.39,82.18,82.31,501.8812,41295.301168,SOLUSDT,bybit
2026-05-29 00:20:00+00:00,82.31,82.4,82.29,82.39,455.8215,37539.61427,SOLUSDT,bybit
2026-05-29 00:25:00+00:00,82.39,82.45,82.33,82.36,330.3058,27215.373645,SOLUSDT,bybit
2026-05-29 00:30:00+00:00,82.36,82.37,82.3,82.33,200.4481,16501.901397,SOLUSDT,bybit
2026-05-29 00:35:00+00:00,82.33,82.49,82.32,82.47,416.632,34340.651878,SOLUSDT,bybit
2026-05-29 00:40:00+00:00,82.47,82.47,82.37,82.45,609.1654,50198.725227,SOLUSDT,bybit
2026-05-29 00:45:00+00:00,82.45,82.45,82.35,82.37,1036.7334,85432.455573,SOLUSDT,bybit
2026-05-29 00:50:00+00:00,82.37,82.45,82.26,82.26,406.6133,33499.13986,SOLUSDT,bybit
2026-05-29 00:55:00+00:00,82.26,82.34,82.23,82.3,169.3981,13940.463484,SOLUSDT,bybit
2026-05-29 01:00:00+00:00,82.3,82.42,82.3,82.38,305.6185,25174.007971,SOLUSDT,bybit
2026-05-29 01:05:00+00:00,82.38,82.48,82.38,82.45,611.5284,50410.267516,SOLUSDT,bybit
2026-05-29 01:10:00+00:00,82.45,82.45,82.31,82.35,636.2998,52428.532979,SOLUSDT,bybit
2026-05-29 01:15:00+00:00,82.35,82.42,82.27,82.27,1135.2997,93472.145191,SOLUSDT,bybit
2026-05-29 01:20:00+00:00,82.27,82.27,82.12,82.16,1146.8294,94229.00926,SOLUSDT,bybit
2026-05-29 01:25:00+00:00,82.16,82.22,82.09,82.13,358.0842,29427.735329,SOLUSDT,bybit
2026-05-29 01:30:00+00:00,82.13,82.17,82.06,82.17,407.4305,33447.582589,SOLUSDT,bybit
2026-05-29 01:35:00+00:00,82.17,82.17,82.09,82.13,706.1226,57995.565919,SOLUSDT,bybit
2026-05-29 01:40:00+00:00,82.13,82.27,82.11,82.27,331.7863,27278.02739,SOLUSDT,bybit
2026-05-29 01:45:00+00:00,82.27,82.32,82.1,82.1,653.0494,53715.227945,SOLUSDT,bybit
2026-05-29 01:50:00+00:00,82.1,82.29,82.1,82.29,287.85,23652.501491,SOLUSDT,bybit
2026-05-29 01:55:00+00:00,82.29,82.32,82.18,82.22,585.5611,48143.595808,SOLUSDT,bybit
2026-05-29 02:00:00+00:00,82.22,82.32,82.14,82.27,368.0717,30262.974629,SOLUSDT,bybit
2026-05-29 02:05:00+00:00,82.27,82.3,82.15,82.24,315.134,25903.245888,SOLUSDT,bybit
2026-05-29 02:10:00+00:00,82.24,82.24,82.17,82.18,375.0614,30829.310615,SOLUSDT,bybit
2026-05-29 02:15:00+00:00,82.18,82.21,82.1,82.18,366.7378,30131.11796,SOLUSDT,bybit
2026-05-29 02:20:00+00:00,82.18,82.18,81.93,81.94,778.5025,63843.291196,SOLUSDT,bybit
2026-05-29 02:25:00+00:00,81.94,81.97,81.81,81.83,1367.4245,111975.693966,SOLUSDT,bybit
2026-05-29 02:30:00+00:00,81.83,81.87,81.68,81.85,1541.8613,126116.592143,SOLUSDT,bybit
2026-05-29 02:35:00+00:00,81.85,81.94,81.85,81.94,273.0289,22358.875546,SOLUSDT,bybit
2026-05-29 02:40:00+00:00,81.94,81.94,81.65,81.72,1033.455,84546.961163,SOLUSDT,bybit
2026-05-29 02:45:00+00:00,81.72,81.75,81.67,81.72,711.7236,58158.029969,SOLUSDT,bybit
2026-05-29 02:50:00+00:00,81.72,81.75,81.49,81.51,1089.5746,88901.344844,SOLUSDT,bybit
2026-05-29 02:55:00+00:00,81.51,81.56,81.48,81.56,708.5437,57765.639565,SOLUSDT,bybit
2026-05-29 03:00:00+00:00,81.56,81.68,81.56,81.65,992.9801,81063.527067,SOLUSDT,bybit
2026-05-29 03:05:00+00:00,81.65,81.95,81.65,81.93,686.1075,56130.636379,SOLUSDT,bybit
2026-05-29 03:10:00+00:00,81.93,81.95,81.85,81.91,1187.9679,97289.912114,SOLUSDT,bybit
2026-05-29 03:15:00+00:00,81.91,81.91,81.75,81.82,526.5633,43074.600978,SOLUSDT,bybit
2026-05-29 03:20:00+00:00,81.82,81.83,81.69,81.73,208.1283,17011.65373,SOLUSDT,bybit
2026-05-29 03:25:00+00:00,81.73,81.76,81.68,81.71,242.2161,19793.883799,SOLUSDT,bybit
2026-05-29 03:30:00+00:00,81.71,81.82,81.62,81.8,765.7055,62580.400968,SOLUSDT,bybit
2026-05-29 03:35:00+00:00,81.8,81.8,81.58,81.6,801.6885,65445.821746,SOLUSDT,bybit
2026-05-29 03:40:00+00:00,81.6,81.68,81.6,81.64,436.4866,35647.526671,SOLUSDT,bybit
2026-05-29 03:45:00+00:00,81.64,81.65,81.59,81.63,178.0708,14532.361295,SOLUSDT,bybit
2026-05-29 03:50:00+00:00,81.63,81.7,81.53,81.65,295.2336,24094.204552,SOLUSDT,bybit
2026-05-29 03:55:00+00:00,81.65,81.68,81.61,81.62,517.0873,42219.72112,SOLUSDT,bybit
2026-05-29 04:00:00+00:00,81.62,81.7,81.61,81.7,442.6114,36142.676142,SOLUSDT,bybit
2026-05-29 04:05:00+00:00,81.7,81.7,81.41,81.45,552.9648,45076.556415,SOLUSDT,bybit
2026-05-29 04:10:00+00:00,81.45,81.51,81.38,81.47,463.3159,37729.151322,SOLUSDT,bybit
2026-05-29 04:15:00+00:00,81.47,81.59,81.47,81.51,354.7682,28938.193715,SOLUSDT,bybit
2026-05-29 04:20:00+00:00,81.51,81.63,81.51,81.62,228.6059,18648.923609,SOLUSDT,bybit
2026-05-29 04:25:00+00:00,81.62,81.72,81.61,81.71,204.2845,16684.716689,SOLUSDT,bybit
2026-05-29 04:30:00+00:00,81.71,81.8,81.67,81.77,326.3272,26672.192963,SOLUSDT,bybit
2026-05-29 04:35:00+00:00,81.77,81.81,81.74,81.78,214.503,17542.453718,SOLUSDT,bybit
2026-05-29 04:40:00+00:00,81.78,81.78,81.73,81.77,281.6112,23023.73371,SOLUSDT,bybit
2026-05-29 04:45:00+00:00,81.77,81.86,81.76,81.84,3749.3865,306776.5948,SOLUSDT,bybit
2026-05-29 04:50:00+00:00,81.84,81.84,81.75,81.8,185.1996,15149.517197,SOLUSDT,bybit
2026-05-29 04:55:00+00:00,81.8,81.94,81.78,81.92,476.711,39025.593565,SOLUSDT,bybit
2026-05-29 05:00:00+00:00,81.92,82.1,81.91,82.08,813.717,66736.478336,SOLUSDT,bybit
2026-05-29 05:05:00+00:00,82.08,82.13,82.04,82.13,734.7543,60310.416351,SOLUSDT,bybit
2026-05-29 05:10:00+00:00,82.13,82.19,82.05,82.08,526.5178,43225.192759,SOLUSDT,bybit
2026-05-29 05:15:00+00:00,82.08,82.14,81.97,82.02,487.054,39976.993624,SOLUSDT,bybit
2026-05-29 05:20:00+00:00,82.02,82.02,81.9,81.97,987.5152,80923.463784,SOLUSDT,bybit
2026-05-29 05:25:00+00:00,81.97,82.01,81.96,81.97,131.4018,10773.414355,SOLUSDT,bybit
2026-05-29 05:30:00+00:00,81.97,81.98,81.86,81.9,419.241,34333.024688,SOLUSDT,bybit
2026-05-29 05:35:00+00:00,81.9,81.91,81.83,81.89,317.132,25958.491863,SOLUSDT,bybit
2026-05-29 05:40:00+00:00,81.89,81.91,81.84,81.88,363.7715,29788.74895,SOLUSDT,bybit
2026-05-29 05:45:00+00:00,81.88,82.13,81.87,82.09,940.1721,77120.485307,SOLUSDT,bybit
2026-05-29 05:50:00+00:00,82.09,82.09,82.02,82.05,247.9312,20344.946094,SOLUSDT,bybit
2026-05-29 05:55:00+00:00,82.05,82.09,82.01,82.08,238.2173,19545.477329,SOLUSDT,bybit
2026-05-29 06:00:00+00:00,82.08,82.13,82.02,82.12,132.0449,10840.768716,SOLUSDT,bybit
2026-05-29 06:05:00+00:00,82.12,82.15,82.05,82.13,495.3114,40653.690069,SOLUSDT,bybit
2026-05-29 06:10:00+00:00,82.13,82.22,82.09,82.22,471.2314,38727.342449,SOLUSDT,bybit
2026-05-29 06:15:00+00:00,82.22,82.26,82.2,82.23,256.7935,21112.688868,SOLUSDT,bybit
2026-05-29 06:20:00+00:00,82.23,82.49,82.22,82.32,1481.6937,122050.99228,SOLUSDT,bybit
2026-05-29 06:25:00+00:00,82.32,82.34,82.23,82.24,312.2932,25696.626347,SOLUSDT,bybit
2026-05-29 06:30:00+00:00,82.24,82.24,82.11,82.11,336.8085,27664.518555,SOLUSDT,bybit
2026-05-29 06:35:00+00:00,82.11,82.14,82.04,82.08,374.5039,30740.172985,SOLUSDT,bybit
2026-05-29 06:40:00+00:00,82.08,82.16,82.07,82.16,110.2945,9057.012723,SOLUSDT,bybit
2026-05-29 06:45:00+00:00,82.16,82.28,82.16,82.21,526.5491,43288.756951,SOLUSDT,bybit
2026-05-29 06:50:00+00:00,82.21,82.38,82.19,82.29,745.4925,61328.620751,SOLUSDT,bybit
2026-05-29 06:55:00+00:00,82.29,82.3,82.24,82.29,310.7866,25569.186907,SOLUSDT,bybit
2026-05-29 07:00:00+00:00,82.29,82.33,82.25,82.32,873.1944,71854.269136,SOLUSDT,bybit
2026-05-29 07:05:00+00:00,82.32,82.34,82.29,82.31,131.8396,10852.73548,SOLUSDT,bybit
2026-05-29 07:10:00+00:00,82.31,82.42,82.31,82.4,1246.5489,102674.906168,SOLUSDT,bybit
2026-05-29 07:15:00+00:00,82.4,82.44,82.34,82.39,1054.8217,86908.986981,SOLUSDT,bybit
2026-05-29 07:20:00+00:00,82.39,82.47,82.37,82.4,568.0166,46824.033959,SOLUSDT,bybit
2026-05-29 07:25:00+00:00,82.4,82.41,82.3,82.36,537.7179,44279.488047,SOLUSDT,bybit
2026-05-29 07:30:00+00:00,82.36,82.37,82.14,82.16,2757.517,226664.820267,SOLUSDT,bybit
2026-05-29 07:35:00+00:00,82.16,82.18,82.0,82.05,2327.2337,190986.400165,SOLUSDT,bybit
2026-05-29 07:40:00+00:00,82.05,82.05,81.92,81.95,2457.3788,201464.51786,SOLUSDT,bybit
2026-05-29 07:45:00+00:00,81.95,82.04,81.9,82.03,2105.6164,172632.956108,SOLUSDT,bybit
2026-05-29 07:50:00+00:00,82.03,82.11,82.02,82.06,1547.6083,126998.291102,SOLUSDT,bybit
2026-05-29 07:55:00+00:00,82.06,82.27,82.05,82.23,2174.0781,178638.02819,SOLUSDT,bybit
2026-05-29 08:00:00+00:00,82.23,82.48,82.22,82.29,3684.4809,303438.608202,SOLUSDT,bybit
2026-05-29 08:05:00+00:00,82.29,82.36,82.21,82.33,3446.4474,283426.184571,SOLUSDT,bybit
2026-05-29 08:10:00+00:00,82.33,82.35,82.26,82.31,534.3289,43973.909497,SOLUSDT,bybit
2026-05-29 08:15:00+00:00,82.31,82.35,82.26,82.34,274.6321,22606.613456,SOLUSDT,bybit
2026-05-29 08:20:00+00:00,82.34,82.46,82.31,82.36,1389.6039,114510.151415,SOLUSDT,bybit
2026-05-29 08:25:00+00:00,82.36,82.49,82.36,82.36,1180.3264,97256.777219,SOLUSDT,bybit
2026-05-29 08:30:00+00:00,82.36,82.41,82.27,82.4,3101.2217,255410.994304,SOLUSDT,bybit
2026-05-29 08:35:00+00:00,82.4,82.41,82.35,82.41,218.1266,17966.434287,SOLUSDT,bybit
2026-05-29 08:40:00+00:00,82.41,82.44,82.34,82.38,200.3844,16506.914848,SOLUSDT,bybit
2026-05-29 08:45:00+00:00,82.38,82.4,82.27,82.27,484.1791,39847.806926,SOLUSDT,bybit
2026-05-29 08:50:00+00:00,82.27,82.32,82.23,82.28,1105.6972,90950.541132,SOLUSDT,bybit
2026-05-29 08:55:00+00:00,82.28,82.28,82.17,82.21,552.2011,45392.042193,SOLUSDT,bybit
2026-05-29 09:00:00+00:00,82.21,82.33,82.2,82.27,566.1285,46572.536584,SOLUSDT,bybit
2026-05-29 09:05:00+00:00,82.27,82.4,82.26,82.4,651.0155,53614.859176,SOLUSDT,bybit
2026-05-29 09:10:00+00:00,82.4,82.48,82.4,82.42,619.6303,51079.668669,SOLUSDT,bybit
2026-05-29 09:15:00+00:00,82.42,82.64,82.42,82.58,702.8689,58033.840996,SOLUSDT,bybit
2026-05-29 09:20:00+00:00,82.58,82.58,82.47,82.52,1169.0457,96466.752087,SOLUSDT,bybit
2026-05-29 09:25:00+00:00,82.52,82.6,82.46,82.57,408.3704,33709.269967,SOLUSDT,bybit
2026-05-29 09:30:00+00:00,82.57,82.59,82.45,82.48,276.1125,22783.845741,SOLUSDT,bybit
2026-05-29 09:35:00+00:00,82.48,82.49,82.42,82.48,561.0458,46266.004487,SOLUSDT,bybit
2026-05-29 09:40:00+00:00,82.48,82.52,82.43,82.47,87.2957,7198.343623,SOLUSDT,bybit
2026-05-29 09:45:00+00:00,82.47,82.5,82.41,82.43,648.7678,53492.973289,SOLUSDT,bybit
2026-05-29 09:50:00+00:00,82.43,82.47,82.41,82.47,470.8376,38811.306411,SOLUSDT,bybit
2026-05-29 09:55:00+00:00,82.47,82.49,82.41,82.46,996.7342,82184.587468,SOLUSDT,bybit
2026-05-29 10:00:00+00:00,82.46,82.46,82.33,82.36,734.6439,60521.466437,SOLUSDT,bybit
2026-05-29 10:05:00+00:00,82.36,82.44,82.3,82.3,821.0699,67648.175695,SOLUSDT,bybit
2026-05-29 10:10:00+00:00,82.3,82.33,82.27,82.32,143.2047,11787.189491,SOLUSDT,bybit
2026-05-29 10:15:00+00:00,82.32,82.34,82.25,82.28,364.9153,30033.073731,SOLUSDT,bybit
2026-05-29 10:20:00+00:00,82.28,82.34,82.26,82.3,804.6836,66219.588092,SOLUSDT,bybit
2026-05-29 10:25:00+00:00,82.3,82.31,82.23,82.25,593.1901,48783.347891,SOLUSDT,bybit
2026-05-29 10:30:00+00:00,82.25,82.25,82.09,82.15,1081.1182,88829.681799,SOLUSDT,bybit
2026-05-29 10:35:00+00:00,82.15,82.27,82.14,82.17,407.9696,33530.925322,SOLUSDT,bybit
2026-05-29 10:40:00+00:00,82.17,82.18,82.12,82.15,370.9011,30467.915454,SOLUSDT,bybit
2026-05-29 10:45:00+00:00,82.15,82.21,82.12,82.19,239.0951,19648.089236,SOLUSDT,bybit
2026-05-29 10:50:00+00:00,82.19,82.23,82.15,82.17,257.8988,21197.594911,SOLUSDT,bybit
2026-05-29 10:55:00+00:00,82.17,82.23,82.14,82.14,842.7583,69273.880619,SOLUSDT,bybit
2026-05-29 11:00:00+00:00,82.14,82.17,82.06,82.09,368.4324,30255.438449,SOLUSDT,bybit
2026-05-29 11:05:00+00:00,82.09,82.18,82.06,82.07,583.4896,47912.494707,SOLUSDT,bybit
2026-05-29 11:10:00+00:00,82.07,82.16,82.05,82.11,784.9977,64443.453696,SOLUSDT,bybit
2026-05-29 11:15:00+00:00,82.11,82.17,82.09,82.17,699.4907,57447.991072,SOLUSDT,bybit
2026-05-29 11:20:00+00:00,82.17,82.22,82.11,82.16,339.7999,27912.836032,SOLUSDT,bybit
2026-05-29 11:25:00+00:00,82.16,82.16,81.98,82.05,969.0344,79490.433502,SOLUSDT,bybit
2026-05-29 11:30:00+00:00,82.05,82.08,81.96,82.08,743.443,60978.087931,SOLUSDT,bybit
2026-05-29 11:35:00+00:00,82.08,82.08,81.86,81.87,667.4677,54696.461987,SOLUSDT,bybit
2026-05-29 11:40:00+00:00,81.87,81.9,81.8,81.86,732.6067,59963.587141,SOLUSDT,bybit
2026-05-29 11:45:00+00:00,81.86,81.9,81.72,81.73,836.6043,68433.22444,SOLUSDT,bybit
2026-05-29 11:50:00+00:00,81.73,81.76,81.52,81.67,4980.1462,406839.568631,SOLUSDT,bybit
2026-05-29 11:55:00+00:00,81.67,81.8,81.63,81.77,14167.2211,1158354.78476,SOLUSDT,bybit
2026-05-29 12:00:00+00:00,81.77,81.8,81.67,81.75,2042.5618,167000.465253,SOLUSDT,bybit
2026-05-29 12:05:00+00:00,81.75,81.75,81.6,81.68,1054.7049,86145.823652,SOLUSDT,bybit
2026-05-29 12:10:00+00:00,81.68,81.73,81.6,81.68,848.9482,69334.062852,SOLUSDT,bybit
2026-05-29 12:15:00+00:00,81.68,81.79,81.59,81.73,1550.3797,126723.514815,SOLUSDT,bybit
2026-05-29 12:20:00+00:00,81.73,81.75,81.66,81.68,760.0081,62106.246587,SOLUSDT,bybit
2026-05-29 12:25:00+00:00,81.68,81.72,81.66,81.7,587.7624,48017.702484,SOLUSDT,bybit
2026-05-29 12:30:00+00:00,81.7,81.76,81.48,81.54,3726.8277,304145.829351,SOLUSDT,bybit
2026-05-29 12:35:00+00:00,81.54,81.55,81.4,81.41,1143.3335,93161.290437,SOLUSDT,bybit
2026-05-29 12:40:00+00:00,81.41,81.48,81.32,81.46,1222.9065,99546.13009,SOLUSDT,bybit
2026-05-29 12:45:00+00:00,81.46,81.48,81.31,81.42,1069.9923,87107.637996,SOLUSDT,bybit
2026-05-29 12:50:00+00:00,81.42,81.63,81.42,81.57,776.4659,63313.346481,SOLUSDT,bybit
2026-05-29 12:55:00+00:00,81.57,81.58,81.47,81.51,603.4745,49202.314012,SOLUSDT,bybit
2026-05-29 13:00:00+00:00,81.51,81.51,81.31,81.36,745.9918,60708.151154,SOLUSDT,bybit
2026-05-29 13:05:00+00:00,81.36,81.42,81.27,81.34,1509.9637,122836.767379,SOLUSDT,bybit
2026-05-29 13:10:00+00:00,81.34,81.34,81.2,81.29,1461.3013,118776.199599,SOLUSDT,bybit
2026-05-29 13:15:00+00:00,81.29,81.4,81.29,81.39,664.4646,54063.312075,SOLUSDT,bybit
2026-05-29 13:20:00+00:00,81.39,81.43,81.32,81.37,1406.0222,114420.392482,SOLUSDT,bybit
2026-05-29 13:25:00+00:00,81.37,81.43,81.29,81.38,1771.8779,144126.148932,SOLUSDT,bybit
2026-05-29 13:30:00+00:00,81.38,81.38,81.1,81.12,3110.6857,252713.765038,SOLUSDT,bybit
2026-05-29 13:35:00+00:00,81.12,81.61,81.12,81.5,2293.7597,186804.012946,SOLUSDT,bybit
2026-05-29 13:40:00+00:00,81.5,81.57,81.35,81.56,1019.5078,83038.355972,SOLUSDT,bybit
2026-05-29 13:45:00+00:00,81.56,81.71,81.45,81.46,2860.9603,233313.197713,SOLUSDT,bybit
2026-05-29 13:50:00+00:00,81.46,81.49,81.33,81.39,1077.0259,87666.802934,SOLUSDT,bybit
2026-05-29 13:55:00+00:00,81.39,81.57,81.39,81.44,1089.3183,88778.859696,SOLUSDT,bybit
2026-05-29 14:00:00+00:00,81.44,81.58,81.42,81.51,2378.1165,193832.009683,SOLUSDT,bybit
2026-05-29 14:05:00+00:00,81.51,81.52,81.2,81.29,1598.1753,129976.534443,SOLUSDT,bybit
2026-05-29 14:10:00+00:00,81.29,81.46,81.21,81.4,1140.5541,92738.273187,SOLUSDT,bybit
2026-05-29 14:15:00+00:00,81.4,81.47,80.97,81.01,3549.0938,287978.232057,SOLUSDT,bybit
2026-05-29 14:20:00+00:00,81.01,81.13,80.81,80.89,3937.7765,318856.228158,SOLUSDT,bybit
2026-05-29 14:25:00+00:00,80.89,80.94,80.36,80.89,24073.0153,1938258.194512,SOLUSDT,bybit
2026-05-29 14:30:00+00:00,80.89,81.03,80.71,80.98,4124.0413,333350.871798,SOLUSDT,bybit
2026-05-29 14:35:00+00:00,80.98,81.01,80.73,80.73,3471.8138,280653.930534,SOLUSDT,bybit
2026-05-29 14:40:00+00:00,80.73,80.84,80.46,80.58,3156.9955,254629.517521,SOLUSDT,bybit
2026-05-29 14:45:00+00:00,80.58,80.93,80.5,80.85,2555.2076,206286.766517,SOLUSDT,bybit
2026-05-29 14:50:00+00:00,80.85,81.58,80.84,81.22,18714.9108,1521315.918594,SOLUSDT,bybit
2026-05-29 14:55:00+00:00,81.22,81.49,81.18,81.34,3364.9273,273776.102517,SOLUSDT,bybit
2026-05-29 15:00:00+00:00,81.34,81.62,81.21,81.62,13188.0002,1073931.729249,SOLUSDT,bybit
2026-05-29 15:05:00+00:00,81.62,82.14,81.57,82.08,6403.7251,524101.552521,SOLUSDT,bybit
2026-05-29 15:10:00+00:00,82.08,82.25,82.07,82.14,2963.3706,243517.420238,SOLUSDT,bybit
2026-05-29 15:15:00+00:00,82.14,82.34,81.92,82.16,6152.5501,505227.085708,SOLUSDT,bybit
2026-05-29 15:20:00+00:00,82.16,82.21,82.05,82.19,1464.4487,120290.722985,SOLUSDT,bybit
2026-05-29 15:25:00+00:00,82.19,82.69,81.96,82.63,11329.5388,934294.999296,SOLUSDT,bybit
2026-05-29 15:30:00+00:00,82.63,83.2,82.62,83.07,15391.2013,1277231.366438,SOLUSDT,bybit
2026-05-29 15:35:00+00:00,83.07,83.23,82.95,83.09,11493.8218,955033.982951,SOLUSDT,bybit
2026-05-29 15:40:00+00:00,83.09,83.22,82.3,82.45,13317.0511,1101246.300025,SOLUSDT,bybit
2026-05-29 15:45:00+00:00,82.45,82.7,82.41,82.69,4696.0645,387459.30874,SOLUSDT,bybit
2026-05-29 15:50:00+00:00,82.69,82.7,82.32,82.46,3787.132,312278.630185,SOLUSDT,bybit
2026-05-29 15:55:00+00:00,82.46,82.62,82.41,82.57,1036.1194,85502.421939,SOLUSDT,bybit
2026-05-29 16:00:00+00:00,82.57,82.69,82.53,82.64,1771.1032,146339.078631,SOLUSDT,bybit
2026-05-29 16:05:00+00:00,82.64,82.77,82.55,82.71,3613.3812,298693.30129,SOLUSDT,bybit
2026-05-29 16:10:00+00:00,82.71,82.91,82.7,82.78,2060.7607,170642.41711,SOLUSDT,bybit
2026-05-29 16:15:00+00:00,82.78,82.9,82.48,82.51,3980.3538,328973.553137,SOLUSDT,bybit
2026-05-29 16:20:00+00:00,82.51,82.54,82.26,82.32,2722.4556,224375.840254,SOLUSDT,bybit
2026-05-29 16:25:00+00:00,82.32,82.38,82.2,82.34,2519.812,207401.559815,SOLUSDT,bybit
2026-05-29 16:30:00+00:00,82.34,83.02,82.32,82.95,7635.6857,631105.437358,SOLUSDT,bybit
2026-05-29 16:35:00+00:00,82.95,83.08,82.81,82.98,3099.6602,257159.311732,SOLUSDT,bybit
2026-05-29 16:40:00+00:00,82.98,83.13,82.89,82.97,2164.5246,179696.584975,SOLUSDT,bybit
2026-05-29 16:45:00+00:00,82.97,83.04,82.87,82.95,1536.1067,127444.401865,SOLUSDT,bybit
2026-05-29 16:50:00+00:00,82.95,83.04,82.77,83.0,2632.8389,218194.979532,SOLUSDT,bybit
2026-05-29 16:55:00+00:00,83.0,83.03,82.84,82.94,2754.7836,228563.587682,SOLUSDT,bybit
2026-05-29 17:00:00+00:00,82.94,83.09,82.82,82.82,2549.0176,211444.240311,SOLUSDT,bybit
2026-05-29 17:05:00+00:00,82.82,82.99,82.73,82.97,1588.3825,131620.205919,SOLUSDT,bybit
2026-05-29 17:10:00+00:00,82.97,83.19,82.97,83.09,9114.7703,757503.775716,SOLUSDT,bybit
2026-05-29 17:15:00+00:00,83.09,83.2,83.01,83.11,7535.2137,626116.896592,SOLUSDT,bybit
2026-05-29 17:20:00+00:00,83.11,83.18,83.0,83.14,5590.9737,464642.872622,SOLUSDT,bybit
2026-05-29 17:25:00+00:00,83.14,83.15,83.0,83.1,635.0018,52745.757493,SOLUSDT,bybit
2026-05-29 17:30:00+00:00,83.1,83.21,83.08,83.2,1872.2225,155720.926465,SOLUSDT,bybit
2026-05-29 17:35:00+00:00,83.2,83.22,83.08,83.16,2523.3861,209872.225786,SOLUSDT,bybit
2026-05-29 17:40:00+00:00,83.16,83.17,83.02,83.02,984.866,81826.990523,SOLUSDT,bybit
2026-05-29 17:45:00+00:00,83.02,83.04,82.82,82.82,2619.0437,217132.384196,SOLUSDT,bybit
2026-05-29 17:50:00+00:00,82.82,82.89,82.71,82.78,1316.8775,109030.513981,SOLUSDT,bybit
2026-05-29 17:55:00+00:00,82.78,82.81,82.68,82.79,957.1706,79191.836183,SOLUSDT,bybit
2026-05-29 18:00:00+00:00,82.79,82.84,82.7,82.77,1290.4942,106794.234478,SOLUSDT,bybit
2026-05-29 18:05:00+00:00,82.77,82.93,82.76,82.9,1411.7001,116912.560667,SOLUSDT,bybit
2026-05-29 18:10:00+00:00,82.9,82.99,82.86,82.91,587.568,48717.594924,SOLUSDT,bybit
2026-05-29 18:15:00+00:00,82.91,82.94,82.74,82.76,1373.0214,113733.336906,SOLUSDT,bybit
2026-05-29 18:20:00+00:00,82.76,82.83,82.67,82.69,1005.1282,83183.850685,SOLUSDT,bybit
2026-05-29 18:25:00+00:00,82.69,82.76,82.57,82.63,1890.2311,156273.845597,SOLUSDT,bybit
2026-05-29 18:30:00+00:00,82.63,82.73,82.63,82.71,741.538,61310.27741,SOLUSDT,bybit
2026-05-29 18:35:00+00:00,82.71,82.8,82.59,82.76,932.1452,77037.465726,SOLUSDT,bybit
2026-05-29 18:40:00+00:00,82.76,82.78,82.7,82.72,263.8697,21836.796338,SOLUSDT,bybit
2026-05-29 18:45:00+00:00,82.72,82.72,82.28,82.32,2643.3759,217861.158606,SOLUSDT,bybit
2026-05-29 18:50:00+00:00,82.32,82.4,81.82,82.01,9570.6582,785148.354013,SOLUSDT,bybit
2026-05-29 18:55:00+00:00,82.01,82.08,81.82,82.08,6603.9317,541125.023831,SOLUSDT,bybit
2026-05-29 19:00:00+00:00,82.08,82.19,81.95,82.17,2120.2223,174075.284813,SOLUSDT,bybit
2026-05-29 19:05:00+00:00,82.17,82.22,82.13,82.14,813.4032,66848.437222,SOLUSDT,bybit
2026-05-29 19:10:00+00:00,82.14,82.16,81.87,81.9,1374.394,112716.807054,SOLUSDT,bybit
2026-05-29 19:15:00+00:00,81.9,81.93,81.59,81.67,1829.8678,149634.326406,SOLUSDT,bybit
2026-05-29 19:20:00+00:00,81.67,81.8,81.66,81.76,1124.3895,91892.420744,SOLUSDT,bybit
2026-05-29 19:25:00+00:00,81.76,81.91,81.76,81.9,1039.8371,85117.723518,SOLUSDT,bybit
2026-05-29 19:30:00+00:00,81.9,82.25,81.9,82.16,2097.0617,172244.117917,SOLUSDT,bybit
2026-05-29 19:35:00+00:00,82.16,82.33,82.16,82.33,2290.7269,188425.772777,SOLUSDT,bybit
2026-05-29 19:40:00+00:00,82.33,82.42,82.29,82.32,1482.4456,122085.701968,SOLUSDT,bybit
2026-05-29 19:45:00+00:00,82.32,82.34,82.21,82.24,826.2544,67951.043016,SOLUSDT,bybit
2026-05-29 19:50:00+00:00,82.24,82.28,82.12,82.16,1283.7379,105523.484901,SOLUSDT,bybit
2026-05-29 19:55:00+00:00,82.16,82.21,82.05,82.07,2379.194,195379.309005,SOLUSDT,bybit
2026-05-29 20:00:00+00:00,82.07,82.17,82.01,82.11,2401.3193,197051.940051,SOLUSDT,bybit
2026-05-29 20:05:00+00:00,82.11,82.24,82.09,82.23,1196.2754,98287.396129,SOLUSDT,bybit
2026-05-29 20:10:00+00:00,82.23,82.29,82.2,82.22,658.4825,54149.500865,SOLUSDT,bybit
2026-05-29 20:15:00+00:00,82.22,82.22,82.11,82.17,493.3435,40529.298255,SOLUSDT,bybit
2026-05-29 20:20:00+00:00,82.17,82.33,82.17,82.33,495.1738,40725.0139,SOLUSDT,bybit
2026-05-29 20:25:00+00:00,82.33,82.33,82.22,82.25,438.7002,36093.147058,SOLUSDT,bybit
2026-05-29 20:30:00+00:00,82.25,82.33,82.25,82.3,438.1471,36059.687343,SOLUSDT,bybit
2026-05-29 20:35:00+00:00,82.3,82.33,82.23,82.23,584.113,48056.364114,SOLUSDT,bybit
2026-05-29 20:40:00+00:00,82.23,82.31,82.23,82.28,1473.1105,121219.260726,SOLUSDT,bybit
2026-05-29 20:45:00+00:00,82.28,82.35,82.23,82.27,2530.8538,208234.293339,SOLUSDT,bybit
2026-05-29 20:50:00+00:00,82.27,82.28,82.11,82.14,688.0844,56537.855519,SOLUSDT,bybit
2026-05-29 20:55:00+00:00,82.14,82.25,82.06,82.22,2548.6439,209463.520759,SOLUSDT,bybit
2026-05-29 21:00:00+00:00,82.22,82.24,82.15,82.2,532.1752,43740.858253,SOLUSDT,bybit
2026-05-29 21:05:00+00:00,82.2,82.3,82.2,82.23,681.73,56061.936873,SOLUSDT,bybit
2026-05-29 21:10:00+00:00,82.23,82.4,82.21,82.31,3016.4061,248260.842,SOLUSDT,bybit
2026-05-29 21:15:00+00:00,82.31,82.33,82.21,82.24,678.2555,55810.377569,SOLUSDT,bybit
2026-05-29 21:20:00+00:00,82.24,82.24,81.99,82.09,3486.0896,286213.640106,SOLUSDT,bybit
2026-05-29 21:25:00+00:00,82.09,82.09,81.94,81.94,487.6922,39976.208272,SOLUSDT,bybit
2026-05-29 21:30:00+00:00,81.94,81.96,81.87,81.88,1226.3733,100460.054148,SOLUSDT,bybit
2026-05-29 21:35:00+00:00,81.88,81.97,81.85,81.97,602.8219,49362.023877,SOLUSDT,bybit
2026-05-29 21:40:00+00:00,81.97,82.11,81.97,82.06,1099.3958,90207.906506,SOLUSDT,bybit
2026-05-29 21:45:00+00:00,82.06,82.11,81.9,81.91,499.7548,40996.560697,SOLUSDT,bybit
2026-05-29 21:50:00+00:00,81.91,81.95,81.76,81.78,1293.7749,105913.238438,SOLUSDT,bybit
2026-05-29 21:55:00+00:00,81.78,81.78,81.7,81.71,879.3588,71878.175739,SOLUSDT,bybit
2026-05-29 22:00:00+00:00,81.71,81.82,81.63,81.64,1001.9567,81881.327024,SOLUSDT,bybit
2026-05-29 22:05:00+00:00,81.64,81.68,81.61,81.66,681.7228,55661.816507,SOLUSDT,bybit
2026-05-29 22:10:00+00:00,81.66,81.74,81.63,81.69,664.6888,54303.588939,SOLUSDT,bybit
2026-05-29 22:15:00+00:00,81.69,81.89,81.68,81.89,387.9848,31728.732562,SOLUSDT,bybit
2026-05-29 22:20:00+00:00,81.89,82.0,81.88,81.89,911.7597,74715.711378,SOLUSDT,bybit
2026-05-29 22:25:00+00:00,81.89,81.91,81.86,81.9,143.1251,11719.126902,SOLUSDT,bybit
2026-05-29 22:30:00+00:00,81.9,82.01,81.9,81.94,608.898,49906.492533,SOLUSDT,bybit
2026-05-29 22:35:00+00:00,81.94,81.94,81.85,81.89,399.6051,32726.387174,SOLUSDT,bybit
2026-05-29 22:40:00+00:00,81.89,81.93,81.87,81.93,199.0402,16300.615393,SOLUSDT,bybit
2026-05-29 22:45:00+00:00,81.93,81.97,81.89,81.93,631.2136,51721.942333,SOLUSDT,bybit
2026-05-29 22:50:00+00:00,81.93,81.94,81.82,81.9,700.6858,57341.399939,SOLUSDT,bybit
2026-05-29 22:55:00+00:00,81.9,82.01,81.9,81.97,492.8678,40391.316388,SOLUSDT,bybit
2026-05-29 23:00:00+00:00,81.97,82.0,81.89,82.0,355.3119,29122.23206,SOLUSDT,bybit
2026-05-29 23:05:00+00:00,82.0,82.1,81.97,82.0,363.8113,29845.188111,SOLUSDT,bybit
2026-05-29 23:10:00+00:00,82.0,82.06,81.92,81.95,601.7378,49341.905013,SOLUSDT,bybit
2026-05-29 23:15:00+00:00,81.95,82.04,81.91,81.96,362.8242,29742.940435,SOLUSDT,bybit
2026-05-29 23:20:00+00:00,81.96,82.0,81.85,81.9,401.5413,32899.08934,SOLUSDT,bybit
2026-05-29 23:25:00+00:00,81.9,81.96,81.89,81.95,110.6672,9066.341991,SOLUSDT,bybit
2026-05-29 23:30:00+00:00,81.95,81.98,81.83,81.88,1124.7139,92119.754326,SOLUSDT,bybit
2026-05-29 23:35:00+00:00,81.88,81.91,81.76,81.9,1173.2119,95992.518984,SOLUSDT,bybit
2026-05-29 23:40:00+00:00,81.9,81.98,81.9,81.98,305.7189,25051.25722,SOLUSDT,bybit
2026-05-29 23:45:00+00:00,81.98,81.98,81.93,81.97,518.3349,42482.036437,SOLUSDT,bybit
2026-05-29 23:50:00+00:00,81.97,82.1,81.96,82.04,1237.5721,101536.975808,SOLUSDT,bybit
2026-05-29 23:55:00+00:00,82.04,82.05,82.0,82.03,1123.0898,92137.248551,SOLUSDT,bybit
2026-05-30 00:00:00+00:00,82.03,82.13,81.96,81.98,355.1472,29140.877305,SOLUSDT,bybit
2026-05-30 00:05:00+00:00,81.98,82.18,81.93,82.18,399.0076,32744.318784,SOLUSDT,bybit
2026-05-30 00:10:00+00:00,82.18,82.19,82.07,82.08,228.6986,18782.620644,SOLUSDT,bybit
2026-05-30 00:15:00+00:00,82.08,82.2,82.08,82.14,411.5184,33812.922057,SOLUSDT,bybit
2026-05-30 00:20:00+00:00,82.14,82.22,82.14,82.19,312.6491,25698.968424,SOLUSDT,bybit
2026-05-30 00:25:00+00:00,82.19,82.22,82.11,82.13,365.6743,30034.560377,SOLUSDT,bybit
2026-05-30 00:30:00+00:00,82.13,82.17,82.08,82.11,316.0122,25953.089054,SOLUSDT,bybit
2026-05-30 00:35:00+00:00,82.11,82.24,82.08,82.24,160.9662,13229.392496,SOLUSDT,bybit
2026-05-30 00:40:00+00:00,82.24,82.28,82.19,82.28,318.9847,26235.789004,SOLUSDT,bybit
2026-05-30 00:45:00+00:00,82.28,82.31,82.25,82.25,81.6608,6717.96,SOLUSDT,bybit
2026-05-30 00:50:00+00:00,82.25,82.33,82.25,82.29,457.5725,37653.448925,SOLUSDT,bybit
2026-05-30 00:55:00+00:00,82.29,82.35,82.28,82.3,231.9143,19093.353025,SOLUSDT,bybit
2026-05-30 01:00:00+00:00,82.3,82.37,82.21,82.29,522.5809,42999.80382,SOLUSDT,bybit
2026-05-30 01:05:00+00:00,82.29,82.4,82.27,82.4,197.5674,16270.911453,SOLUSDT,bybit
2026-05-30 01:10:00+00:00,82.4,82.5,82.37,82.49,471.1278,38844.247211,SOLUSDT,bybit
2026-05-30 01:15:00+00:00,82.49,82.6,82.46,82.59,651.6237,53781.942179,SOLUSDT,bybit
2026-05-30 01:20:00+00:00,82.59,82.62,82.53,82.6,626.897,51776.842687,SOLUSDT,bybit
2026-05-30 01:25:00+00:00,82.6,82.67,82.6,82.63,564.9936,46690.414334,SOLUSDT,bybit
2026-05-30 01:30:00+00:00,82.63,82.96,82.6,82.77,5944.4407,492438.47813,SOLUSDT,bybit
2026-05-30 01:35:00+00:00,82.77,82.82,82.75,82.76,464.9546,38490.726652,SOLUSDT,bybit
2026-05-30 01:40:00+00:00,82.76,82.81,82.73,82.75,356.52,29509.911739,SOLUSDT,bybit
2026-05-30 01:45:00+00:00,82.75,82.86,82.75,82.85,1533.9008,126998.765765,SOLUSDT,bybit
2026-05-30 01:50:00+00:00,82.85,82.85,82.74,82.8,734.9466,60855.165868,SOLUSDT,bybit
2026-05-30 01:55:00+00:00,82.8,82.85,82.79,82.83,182.563,15120.566305,SOLUSDT,bybit
2026-05-30 02:00:00+00:00,82.83,83.02,82.83,82.98,1066.8479,88528.109248,SOLUSDT,bybit
2026-05-30 02:05:00+00:00,82.98,83.01,82.94,82.98,1490.3257,123675.198428,SOLUSDT,bybit
2026-05-30 02:10:00+00:00,82.98,83.0,82.9,82.94,644.8936,53479.947991,SOLUSDT,bybit
2026-05-30 02:15:00+00:00,82.94,83.04,82.94,82.94,246.5577,20464.694595,SOLUSDT,bybit
2026-05-30 02:20:00+00:00,82.94,82.94,82.8,82.81,229.3833,19004.974197,SOLUSDT,bybit
2026-05-30 02:25:00+00:00,82.81,82.82,82.77,82.82,73.163,6058.033062,SOLUSDT,bybit
2026-05-30 02:30:00+00:00,82.82,82.99,82.81,82.95,246.7315,20450.873162,SOLUSDT,bybit
2026-05-30 02:35:00+00:00,82.95,82.97,82.89,82.89,696.4863,57761.604729,SOLUSDT,bybit
2026-05-30 02:40:00+00:00,82.89,82.98,82.87,82.93,437.5278,36289.35176,SOLUSDT,bybit
2026-05-30 02:45:00+00:00,82.93,82.97,82.88,82.88,56.4489,4680.585834,SOLUSDT,bybit
2026-05-30 02:50:00+00:00,82.88,82.99,82.86,82.99,286.1457,23725.287761,SOLUSDT,bybit
2026-05-30 02:55:00+00:00,82.99,83.01,82.95,82.97,534.0519,44315.230619,SOLUSDT,bybit
2026-05-30 03:00:00+00:00,82.97,83.1,82.93,83.09,4364.0025,362131.365852,SOLUSDT,bybit
2026-05-30 03:05:00+00:00,83.09,83.1,83.03,83.05,422.3391,35086.25582,SOLUSDT,bybit
2026-05-30 03:10:00+00:00,83.05,83.05,82.97,82.97,197.1971,16370.170566,SOLUSDT,bybit
2026-05-30 03:15:00+00:00,82.97,82.97,82.89,82.89,197.0542,16341.013149,SOLUSDT,bybit
2026-05-30 03:20:00+00:00,82.89,83.0,82.88,82.88,335.295,27816.901479,SOLUSDT,bybit
2026-05-30 03:25:00+00:00,82.88,82.92,82.85,82.87,209.7091,17382.447657,SOLUSDT,bybit
2026-05-30 03:30:00+00:00,82.87,82.87,82.76,82.82,1976.5397,163694.390495,SOLUSDT,bybit
2026-05-30 03:35:00+00:00,82.82,82.84,82.79,82.82,316.1037,26178.834586,SOLUSDT,bybit
2026-05-30 03:40:00+00:00,82.82,82.82,82.69,82.71,891.9549,73809.614215,SOLUSDT,bybit
2026-05-30 03:45:00+00:00,82.71,82.81,82.71,82.78,307.9652,25489.424878,SOLUSDT,bybit
2026-05-30 03:50:00+00:00,82.78,82.78,82.7,82.7,378.4698,31314.723848,SOLUSDT,bybit
2026-05-30 03:55:00+00:00,82.7,82.7,82.63,82.67,659.5594,54528.731051,SOLUSDT,bybit
2026-05-30 04:00:00+00:00,82.67,82.81,82.67,82.67,1065.9043,88192.8371,SOLUSDT,bybit
2026-05-30 04:05:00+00:00,82.67,82.68,82.52,82.52,649.5452,53640.55812,SOLUSDT,bybit
2026-05-30 04:10:00+00:00,82.52,82.71,82.52,82.71,893.1649,73840.99719,SOLUSDT,bybit
2026-05-30 04:15:00+00:00,82.71,82.71,82.55,82.57,378.5079,31265.045998,SOLUSDT,bybit
2026-05-30 04:20:00+00:00,82.57,82.58,82.48,82.51,3111.5785,256709.711948,SOLUSDT,bybit
2026-05-30 04:25:00+00:00,82.51,82.51,82.16,82.21,6223.9589,512080.127248,SOLUSDT,bybit
2026-05-30 04:30:00+00:00,82.21,82.21,81.94,81.99,2425.453,199057.156686,SOLUSDT,bybit
2026-05-30 04:35:00+00:00,81.99,82.07,81.86,82.03,4323.8251,354441.944516,SOLUSDT,bybit
2026-05-30 04:40:00+00:00,82.03,82.16,82.0,82.16,518.2503,42526.523382,SOLUSDT,bybit
2026-05-30 04:45:00+00:00,82.16,82.32,82.13,82.29,1200.5894,98763.97027,SOLUSDT,bybit
2026-05-30 04:50:00+00:00,82.29,82.33,82.24,82.28,1173.8758,96586.426048,SOLUSDT,bybit
2026-05-30 04:55:00+00:00,82.28,82.34,82.27,82.33,84.2251,6932.140453,SOLUSDT,bybit
2026-05-30 05:00:00+00:00,82.33,82.41,82.22,82.32,4960.018,408260.068807,SOLUSDT,bybit
2026-05-30 05:05:00+00:00,82.32,82.73,82.32,82.45,12409.3202,1024898.901232,SOLUSDT,bybit
2026-05-30 05:10:00+00:00,82.45,82.55,82.44,82.53,1081.5554,89200.445248,SOLUSDT,bybit
2026-05-30 05:15:00+00:00,82.53,82.56,82.46,82.51,563.1965,46462.990575,SOLUSDT,bybit
2026-05-30 05:20:00+00:00,82.51,82.56,82.51,82.53,711.8909,58748.111071,SOLUSDT,bybit
2026-05-30 05:25:00+00:00,82.53,82.56,82.47,82.47,306.7003,25307.600487,SOLUSDT,bybit
2026-05-30 05:30:00+00:00,82.47,82.52,82.46,82.47,242.0119,19962.927757,SOLUSDT,bybit
2026-05-30 05:35:00+00:00,82.47,82.54,82.45,82.53,906.1096,74728.017787,SOLUSDT,bybit
2026-05-30 05:40:00+00:00,82.53,82.54,82.49,82.53,97.2493,8025.257958,SOLUSDT,bybit
2026-05-30 05:45:00+00:00,82.53,82.7,82.53,82.63,800.7034,66157.631967,SOLUSDT,bybit
2026-05-30 05:50:00+00:00,82.63,82.67,82.57,82.59,547.5358,45233.033872,SOLUSDT,bybit
2026-05-30 05:55:00+00:00,82.59,82.65,82.59,82.61,329.4777,27219.255881,SOLUSDT,bybit
2026-05-30 06:00:00+00:00,82.61,82.62,82.52,82.52,201.7672,16659.06921,SOLUSDT,bybit
2026-05-30 06:05:00+00:00,82.52,82.52,82.4,82.44,775.0879,63896.857711,SOLUSDT,bybit
2026-05-30 06:10:00+00:00,82.44,82.5,82.42,82.45,806.7384,66512.866138,SOLUSDT,bybit
2026-05-30 06:15:00+00:00,82.45,82.48,82.43,82.47,146.8898,12113.879665,SOLUSDT,bybit
2026-05-30 06:20:00+00:00,82.47,82.56,82.47,82.55,248.4524,20508.314546,SOLUSDT,bybit
2026-05-30 06:25:00+00:00,82.55,82.71,82.55,82.71,1560.8356,128986.85315,SOLUSDT,bybit
2026-05-30 06:30:00+00:00,82.71,82.74,82.64,82.68,945.8803,78223.515154,SOLUSDT,bybit
2026-05-30 06:35:00+00:00,82.68,82.74,82.66,82.67,238.928,19760.61611,SOLUSDT,bybit
2026-05-30 06:40:00+00:00,82.67,82.68,82.63,82.66,403.818,33376.198637,SOLUSDT,bybit
2026-05-30 06:45:00+00:00,82.66,82.66,82.52,82.52,67.8007,5599.436142,SOLUSDT,bybit
2026-05-30 06:50:00+00:00,82.52,82.56,82.5,82.54,161.2871,13311.765873,SOLUSDT,bybit
2026-05-30 06:55:00+00:00,82.54,82.56,82.44,82.48,392.167,32346.062807,SOLUSDT,bybit
2026-05-30 07:00:00+00:00,82.48,82.49,82.28,82.31,1724.1208,141953.747228,SOLUSDT,bybit
2026-05-30 07:05:00+00:00,82.31,82.4,82.29,82.37,10886.4825,896760.317815,SOLUSDT,bybit
2026-05-30 07:10:00+00:00,82.37,82.39,82.34,82.37,467.0843,38473.513549,SOLUSDT,bybit
2026-05-30 07:15:00+00:00,82.37,82.42,82.35,82.39,882.7153,72735.995261,SOLUSDT,bybit
2026-05-30 07:20:00+00:00,82.39,82.44,82.37,82.43,136.8452,11276.0988,SOLUSDT,bybit
2026-05-30 07:25:00+00:00,82.43,82.5,82.43,82.47,193.2438,15935.954702,SOLUSDT,bybit
2026-05-30 07:30:00+00:00,82.47,82.53,82.44,82.49,326.8197,26960.345105,SOLUSDT,bybit
2026-05-30 07:35:00+00:00,82.49,82.49,82.32,82.34,328.0384,27017.180507,SOLUSDT,bybit
2026-05-30 07:40:00+00:00,82.34,82.36,82.32,82.32,322.5511,26558.005763,SOLUSDT,bybit
2026-05-30 07:45:00+00:00,82.32,82.37,82.28,82.36,344.9918,28401.680043,SOLUSDT,bybit
2026-05-30 07:50:00+00:00,82.36,82.37,82.32,82.32,161.7562,13317.489677,SOLUSDT,bybit
2026-05-30 07:55:00+00:00,82.32,82.39,82.29,82.39,387.6173,31919.218511,SOLUSDT,bybit
2026-05-30 08:00:00+00:00,82.39,82.4,82.34,82.4,764.3998,62965.827091,SOLUSDT,bybit
2026-05-30 08:05:00+00:00,82.4,82.4,82.36,82.37,373.852,30796.540472,SOLUSDT,bybit
2026-05-30 08:10:00+00:00,82.37,82.38,82.33,82.37,105.7309,8707.996974,SOLUSDT,bybit
2026-05-30 08:15:00+00:00,82.37,82.39,82.29,82.29,383.0673,31540.513793,SOLUSDT,bybit
2026-05-30 08:20:00+00:00,82.29,82.41,82.28,82.4,992.7807,81776.0174,SOLUSDT,bybit
2026-05-30 08:25:00+00:00,82.4,82.41,82.34,82.36,218.6135,18006.67024,SOLUSDT,bybit
2026-05-30 08:30:00+00:00,82.36,82.4,82.35,82.36,132.9083,10947.988536,SOLUSDT,bybit
2026-05-30 08:35:00+00:00,82.36,82.36,82.28,82.28,270.061,22233.238559,SOLUSDT,bybit
2026-05-30 08:40:00+00:00,82.28,82.29,82.24,82.24,535.7108,44069.483568,SOLUSDT,bybit
2026-05-30 08:45:00+00:00,82.24,82.27,82.2,82.26,150.4154,12369.247776,SOLUSDT,bybit
2026-05-30 08:50:00+00:00,82.26,82.31,82.26,82.27,1440.8111,118561.257807,SOLUSDT,bybit
2026-05-30 08:55:00+00:00,82.27,82.28,82.22,82.24,215.0171,17682.692084,SOLUSDT,bybit
2026-05-30 09:00:00+00:00,82.24,82.27,82.21,82.27,164.2431,13508.065472,SOLUSDT,bybit
2026-05-30 09:05:00+00:00,82.27,82.32,82.21,82.3,843.2435,69367.474379,SOLUSDT,bybit
2026-05-30 09:10:00+00:00,82.3,82.31,82.26,82.28,3041.1214,250271.146772,SOLUSDT,bybit
2026-05-30 09:15:00+00:00,82.28,82.32,82.23,82.23,579.4757,47688.480145,SOLUSDT,bybit
2026-05-30 09:20:00+00:00,82.23,82.29,82.23,82.29,332.0571,27313.54771,SOLUSDT,bybit
2026-05-30 09:25:00+00:00,82.29,82.32,82.28,82.32,188.0877,15480.155366,SOLUSDT,bybit
2026-05-30 09:30:00+00:00,82.32,82.39,82.28,82.31,423.5332,34873.128517,SOLUSDT,bybit
2026-05-30 09:35:00+00:00,82.31,82.35,82.29,82.33,470.1899,38708.134189,SOLUSDT,bybit
2026-05-30 09:40:00+00:00,82.33,82.33,82.29,82.33,559.8839,46091.595473,SOLUSDT,bybit
2026-05-30 09:45:00+00:00,82.33,82.36,82.3,82.31,137.5993,11328.134646,SOLUSDT,bybit
2026-05-30 09:50:00+00:00,82.31,82.39,82.29,82.38,1067.8071,87957.432749,SOLUSDT,bybit
2026-05-30 09:55:00+00:00,82.38,82.38,82.31,82.35,190.7766,15709.792,SOLUSDT,bybit
2026-05-30 10:00:00+00:00,82.35,82.38,82.31,82.35,440.8965,36305.097546,SOLUSDT,bybit
2026-05-30 10:05:00+00:00,82.35,82.43,82.32,82.41,419.9547,34595.424072,SOLUSDT,bybit
2026-05-30 10:10:00+00:00,82.41,82.44,82.38,82.41,249.7916,20585.587103,SOLUSDT,bybit
2026-05-30 10:15:00+00:00,82.41,82.53,82.41,82.51,1233.8438,101764.410244,SOLUSDT,bybit
2026-05-30 10:20:00+00:00,82.51,82.52,82.44,82.5,734.7581,60603.844918,SOLUSDT,bybit
2026-05-30 10:25:00+00:00,82.5,82.51,82.42,82.43,670.8822,55307.366741,SOLUSDT,bybit
2026-05-30 10:30:00+00:00,82.43,82.48,82.42,82.45,188.3782,15530.103506,SOLUSDT,bybit
2026-05-30 10:35:00+00:00,82.45,82.46,82.42,82.42,162.271,13378.62664,SOLUSDT,bybit
2026-05-30 10:40:00+00:00,82.42,82.49,82.42,82.47,141.0476,11631.505824,SOLUSDT,bybit
2026-05-30 10:45:00+00:00,82.47,82.48,82.44,82.45,120.8631,9967.008595,SOLUSDT,bybit
2026-05-30 10:50:00+00:00,82.45,82.48,82.44,82.46,78.6196,6483.109132,SOLUSDT,bybit
2026-05-30 10:55:00+00:00,82.46,82.46,82.35,82.4,448.0043,36916.959968,SOLUSDT,bybit
2026-05-30 11:00:00+00:00,82.4,82.41,82.35,82.35,239.5637,19736.161422,SOLUSDT,bybit
2026-05-30 11:05:00+00:00,82.35,82.39,82.27,82.29,195.9988,16134.568816,SOLUSDT,bybit
2026-05-30 11:10:00+00:00,82.29,82.35,82.29,82.34,159.2155,13106.760352,SOLUSDT,bybit
2026-05-30 11:15:00+00:00,82.34,82.35,82.23,82.23,114.6115,9430.92033,SOLUSDT,bybit
2026-05-30 11:20:00+00:00,82.23,82.29,82.22,82.29,114.1839,9390.616,SOLUSDT,bybit
2026-05-30 11:25:00+00:00,82.29,82.37,82.29,82.34,329.5429,27128.912152,SOLUSDT,bybit
2026-05-30 11:30:00+00:00,82.34,82.39,82.33,82.39,121.96,10043.355391,SOLUSDT,bybit
2026-05-30 11:35:00+00:00,82.39,82.56,82.38,82.49,903.4605,74546.009015,SOLUSDT,bybit
2026-05-30 11:40:00+00:00,82.49,82.52,82.43,82.44,196.3834,16196.889937,SOLUSDT,bybit
2026-05-30 11:45:00+00:00,82.44,82.46,82.36,82.39,190.4063,15693.299836,SOLUSDT,bybit
2026-05-30 11:50:00+00:00,82.39,82.39,82.32,82.38,495.6157,40818.461382,SOLUSDT,bybit
2026-05-30 11:55:00+00:00,82.38,82.39,82.33,82.33,270.1032,22246.063746,SOLUSDT,bybit
2026-05-30 12:00:00+00:00,82.33,82.35,82.28,82.3,90.0846,7414.524897,SOLUSDT,bybit
2026-05-30 12:05:00+00:00,82.3,82.33,82.3,82.3,168.5975,13878.131792,SOLUSDT,bybit
2026-05-30 12:10:00+00:00,82.3,82.31,82.26,82.3,557.455,45870.770339,SOLUSDT,bybit
2026-05-30 12:15:00+00:00,82.3,82.38,82.28,82.37,408.4095,33627.209626,SOLUSDT,bybit
2026-05-30 12:20:00+00:00,82.37,82.39,82.33,82.36,147.8676,12178.345929,SOLUSDT,bybit
2026-05-30 12:25:00+00:00,82.36,82.42,82.34,82.34,539.7172,44472.558009,SOLUSDT,bybit
2026-05-30 12:30:00+00:00,82.34,82.42,82.34,82.36,206.9887,17053.513595,SOLUSDT,bybit
2026-05-30 12:35:00+00:00,82.36,82.36,82.32,82.33,88.8393,7314.640988,SOLUSDT,bybit
2026-05-30 12:40:00+00:00,82.33,82.34,82.3,82.34,515.224,42419.160511,SOLUSDT,bybit
2026-05-30 12:45:00+00:00,82.34,82.36,82.28,82.34,657.5123,54120.190675,SOLUSDT,bybit
2026-05-30 12:50:00+00:00,82.34,82.36,82.29,82.36,601.1012,49498.255972,SOLUSDT,bybit
2026-05-30 12:55:00+00:00,82.36,82.45,82.34,82.45,280.2661,23092.718112,SOLUSDT,bybit
2026-05-30 13:00:00+00:00,82.45,82.55,82.44,82.52,653.4467,53913.848657,SOLUSDT,bybit
2026-05-30 13:05:00+00:00,82.52,82.53,82.46,82.53,203.1453,16760.100688,SOLUSDT,bybit
2026-05-30 13:10:00+00:00,82.53,82.55,82.52,82.53,239.3311,19753.367702,SOLUSDT,bybit
2026-05-30 13:15:00+00:00,82.53,82.53,82.44,82.48,750.8394,61933.292794,SOLUSDT,bybit
2026-05-30 13:20:00+00:00,82.48,82.57,82.46,82.53,1353.9003,111759.695033,SOLUSDT,bybit
2026-05-30 13:25:00+00:00,82.53,82.53,82.47,82.48,96.6031,7970.201925,SOLUSDT,bybit
2026-05-30 13:30:00+00:00,82.48,82.48,82.35,82.36,1004.4781,82742.134809,SOLUSDT,bybit
2026-05-30 13:35:00+00:00,82.36,82.36,82.25,82.31,2290.4882,188500.305556,SOLUSDT,bybit
2026-05-30 13:40:00+00:00,82.31,82.42,82.3,82.42,310.525,25582.684823,SOLUSDT,bybit
2026-05-30 13:45:00+00:00,82.42,82.44,82.39,82.4,579.7355,47777.020947,SOLUSDT,bybit
2026-05-30 13:50:00+00:00,82.4,82.49,82.4,82.49,365.1919,30112.054049,SOLUSDT,bybit
2026-05-30 13:55:00+00:00,82.49,82.52,82.46,82.48,298.1525,24595.324925,SOLUSDT,bybit
2026-05-30 14:00:00+00:00,82.48,82.6,82.46,82.55,864.744,71388.595753,SOLUSDT,bybit
2026-05-30 14:05:00+00:00,82.55,82.58,82.47,82.5,1105.0763,91193.193523,SOLUSDT,bybit
2026-05-30 14:10:00+00:00,82.5,82.59,82.48,82.52,3144.2064,259552.189568,SOLUSDT,bybit
2026-05-30 14:15:00+00:00,82.52,82.64,82.45,82.62,2762.3294,227952.37895,SOLUSDT,bybit
2026-05-30 14:20:00+00:00,82.62,82.63,82.53,82.56,86.2693,7124.598697,SOLUSDT,bybit
2026-05-30 14:25:00+00:00,82.56,82.71,82.54,82.68,627.9162,51895.992539,SOLUSDT,bybit
2026-05-30 14:30:00+00:00,82.68,82.77,82.63,82.73,947.0365,78303.678962,SOLUSDT,bybit
2026-05-30 14:35:00+00:00,82.73,82.76,82.66,82.69,2825.4218,233666.942321,SOLUSDT,bybit
2026-05-30 14:40:00+00:00,82.69,82.74,82.66,82.66,875.2983,72391.186523,SOLUSDT,bybit
2026-05-30 14:45:00+00:00,82.66,82.7,82.57,82.66,996.9636,82366.765379,SOLUSDT,bybit
2026-05-30 14:50:00+00:00,82.66,82.67,82.59,82.63,255.006,21069.189778,SOLUSDT,bybit
2026-05-30 14:55:00+00:00,82.63,82.65,82.6,82.63,581.2951,48032.623722,SOLUSDT,bybit
2026-05-30 15:00:00+00:00,82.63,82.73,82.57,82.6,1730.0492,142922.346396,SOLUSDT,bybit
2026-05-30 15:05:00+00:00,82.6,82.66,82.59,82.64,1400.5714,115715.851486,SOLUSDT,bybit
2026-05-30 15:10:00+00:00,82.64,82.92,82.64,82.87,1368.8264,113308.394803,SOLUSDT,bybit
2026-05-30 15:15:00+00:00,82.87,82.88,82.72,82.79,1222.8791,101231.688988,SOLUSDT,bybit
2026-05-30 15:20:00+00:00,82.79,82.79,82.61,82.65,552.0215,45643.920578,SOLUSDT,bybit
2026-05-30 15:25:00+00:00,82.65,82.73,82.65,82.69,958.9301,79297.456067,SOLUSDT,bybit
2026-05-30 15:30:00+00:00,82.69,82.7,82.56,82.65,1899.3787,156899.856979,SOLUSDT,bybit
2026-05-30 15:35:00+00:00,82.65,82.7,82.53,82.53,4670.2866,385892.774903,SOLUSDT,bybit
2026-05-30 15:40:00+00:00,82.53,82.56,82.48,82.53,1140.5824,94128.26617,SOLUSDT,bybit
2026-05-30 15:45:00+00:00,82.53,82.66,82.53,82.65,588.2646,48611.155237,SOLUSDT,bybit
2026-05-30 15:50:00+00:00,82.65,82.76,82.59,82.71,1252.1191,103569.374388,SOLUSDT,bybit
2026-05-30 15:55:00+00:00,82.71,82.71,82.63,82.7,364.4977,30135.513375,SOLUSDT,bybit
2026-05-30 16:00:00+00:00,82.7,82.71,82.63,82.69,1292.5098,106870.656846,SOLUSDT,bybit
2026-05-30 16:05:00+00:00,82.69,82.78,82.69,82.74,831.7975,68822.058958,SOLUSDT,bybit
2026-05-30 16:10:00+00:00,82.74,82.88,82.73,82.86,687.6539,56950.817881,SOLUSDT,bybit
2026-05-30 16:15:00+00:00,82.86,82.89,82.69,82.75,301.3572,24946.046758,SOLUSDT,bybit
2026-05-30 16:20:00+00:00,82.75,82.78,82.7,82.73,79.1261,6546.376085,SOLUSDT,bybit
2026-05-30 16:25:00+00:00,82.73,82.8,82.72,82.77,965.3421,79872.394872,SOLUSDT,bybit
2026-05-30 16:30:00+00:00,82.77,82.91,82.76,82.88,328.8929,27241.389764,SOLUSDT,bybit
2026-05-30 16:35:00+00:00,82.88,82.93,82.84,82.92,319.1245,26455.051414,SOLUSDT,bybit
2026-05-30 16:40:00+00:00,82.92,82.93,82.83,82.87,226.3597,18757.595704,SOLUSDT,bybit
2026-05-30 16:45:00+00:00,82.87,82.93,82.75,82.87,1678.8448,139000.330988,SOLUSDT,bybit
2026-05-30 16:50:00+00:00,82.87,82.88,82.83,82.88,408.7517,33867.297236,SOLUSDT,bybit
2026-05-30 16:55:00+00:00,82.88,82.91,82.87,82.9,264.441,21918.355955,SOLUSDT,bybit
2026-05-30 17:00:00+00:00,82.9,82.98,82.86,82.95,535.3946,44399.838167,SOLUSDT,bybit
2026-05-30 17:05:00+00:00,82.95,82.99,82.82,82.84,1288.3081,106849.518576,SOLUSDT,bybit
2026-05-30 17:10:00+00:00,82.84,82.91,82.81,82.91,529.0879,43844.395962,SOLUSDT,bybit
2026-05-30 17:15:00+00:00,82.91,82.94,82.8,82.9,293.6633,24329.727704,SOLUSDT,bybit
2026-05-30 17:20:00+00:00,82.9,83.05,82.9,82.98,1365.8311,113336.049848,SOLUSDT,bybit
2026-05-30 17:25:00+00:00,82.98,82.98,82.9,82.91,1248.3565,103551.204531,SOLUSDT,bybit
2026-05-30 17:30:00+00:00,82.91,82.91,82.62,82.74,2634.6806,217992.190596,SOLUSDT,bybit
2026-05-30 17:35:00+00:00,82.74,82.82,82.68,82.82,681.8061,56430.806945,SOLUSDT,bybit
2026-05-30 17:40:00+00:00,82.82,82.9,82.82,82.89,363.1585,30095.564694,SOLUSDT,bybit
2026-05-30 17:45:00+00:00,82.89,83.04,82.89,83.01,1233.2685,102326.210182,SOLUSDT,bybit
2026-05-30 17:50:00+00:00,83.01,83.05,82.98,83.01,250.8172,20824.633222,SOLUSDT,bybit
2026-05-30 17:55:00+00:00,83.01,83.07,82.99,83.04,6976.633,579194.594528,SOLUSDT,bybit
2026-05-30 18:00:00+00:00,83.04,83.09,83.01,83.07,916.5814,76132.641188,SOLUSDT,bybit
2026-05-30 18:05:00+00:00,83.07,83.09,83.01,83.06,1187.3013,98623.75057,SOLUSDT,bybit
2026-05-30 18:10:00+00:00,83.06,83.08,82.98,82.99,405.6278,33677.85072,SOLUSDT,bybit
2026-05-30 18:15:00+00:00,82.99,83.07,82.97,83.05,922.0269,76530.602595,SOLUSDT,bybit
2026-05-30 18:20:00+00:00,83.05,83.12,82.98,82.98,1026.5888,85215.495911,SOLUSDT,bybit
2026-05-30 18:25:00+00:00,82.98,82.98,82.88,82.91,559.4143,46379.376497,SOLUSDT,bybit
2026-05-30 18:30:00+00:00,82.91,82.98,82.86,82.96,699.3436,58006.590244,SOLUSDT,bybit
2026-05-30 18:35:00+00:00,82.96,83.01,82.93,82.98,328.56,27255.915034,SOLUSDT,bybit
2026-05-30 18:40:00+00:00,82.98,83.07,82.96,83.07,483.7166,40137.044754,SOLUSDT,bybit
2026-05-30 18:45:00+00:00,83.07,83.14,83.0,83.03,1002.5993,83297.660873,SOLUSDT,bybit
2026-05-30 18:50:00+00:00,83.03,83.03,82.96,83.03,969.2793,80446.117216,SOLUSDT,bybit
2026-05-30 18:55:00+00:00,83.03,83.07,83.0,83.03,1310.2032,108781.104196,SOLUSDT,bybit
2026-05-30 19:00:00+00:00,83.03,83.04,82.93,83.03,550.6443,45709.335401,SOLUSDT,bybit
2026-05-30 19:05:00+00:00,83.03,83.03,82.93,82.94,1216.2297,100906.38656,SOLUSDT,bybit
2026-05-30 19:10:00+00:00,82.94,82.96,82.9,82.95,296.8411,24617.051747,SOLUSDT,bybit
2026-05-30 19:15:00+00:00,82.95,83.04,82.95,82.97,1383.3045,114797.905683,SOLUSDT,bybit
2026-05-30 19:20:00+00:00,82.97,83.01,82.89,82.89,556.3675,46136.213199,SOLUSDT,bybit
2026-05-30 19:25:00+00:00,82.89,82.94,82.83,82.85,436.7295,36204.462961,SOLUSDT,bybit
2026-05-30 19:30:00+00:00,82.85,82.86,82.78,82.82,415.2669,34393.91076,SOLUSDT,bybit
2026-05-30 19:35:00+00:00,82.82,82.91,82.82,82.9,1545.6274,128097.298602,SOLUSDT,bybit
2026-05-30 19:40:00+00:00,82.9,82.95,82.88,82.95,513.3857,42559.863049,SOLUSDT,bybit
2026-05-30 19:45:00+00:00,82.95,83.03,82.94,82.97,294.492,24442.145367,SOLUSDT,bybit
2026-05-30 19:50:00+00:00,82.97,83.01,82.94,82.99,930.9914,77238.706575,SOLUSDT,bybit
2026-05-30 19:55:00+00:00,82.99,83.01,82.93,82.99,612.1531,50790.044114,SOLUSDT,bybit
2026-05-30 20:00:00+00:00,82.99,83.05,82.97,82.97,599.68,49780.966983,SOLUSDT,bybit
2026-05-30 20:05:00+00:00,82.97,83.09,82.86,83.04,3026.4871,250999.121473,SOLUSDT,bybit
2026-05-30 20:10:00+00:00,83.04,83.08,83.01,83.01,812.6106,67491.549015,SOLUSDT,bybit
2026-05-30 20:15:00+00:00,83.01,83.04,82.99,82.99,1133.5373,94095.755172,SOLUSDT,bybit
2026-05-30 20:20:00+00:00,82.99,83.02,82.95,82.96,945.6415,78457.22171,SOLUSDT,bybit
2026-05-30 20:25:00+00:00,82.96,82.97,82.92,82.93,644.255,53443.935375,SOLUSDT,bybit
2026-05-30 20:30:00+00:00,82.93,82.94,82.86,82.93,454.0756,37647.084817,SOLUSDT,bybit
2026-05-30 20:35:00+00:00,82.93,83.03,82.87,82.92,1106.6451,91821.65771,SOLUSDT,bybit
2026-05-30 20:40:00+00:00,82.92,82.94,82.89,82.91,652.6277,54107.026527,SOLUSDT,bybit
2026-05-30 20:45:00+00:00,82.91,82.98,82.91,82.94,181.6204,15064.302444,SOLUSDT,bybit
2026-05-30 20:50:00+00:00,82.94,83.02,82.91,82.98,625.2455,51869.89372,SOLUSDT,bybit
2026-05-30 20:55:00+00:00,82.98,82.99,82.96,82.97,274.1535,22746.334851,SOLUSDT,bybit
2026-05-30 21:00:00+00:00,82.97,83.01,82.91,82.94,352.2548,29218.984666,SOLUSDT,bybit
2026-05-30 21:05:00+00:00,82.94,83.0,82.92,82.99,832.0463,69024.0292,SOLUSDT,bybit
2026-05-30 21:10:00+00:00,82.99,83.13,82.99,83.08,5109.112,424384.87349,SOLUSDT,bybit
2026-05-30 21:15:00+00:00,83.08,83.08,82.99,83.02,1287.7752,106922.044227,SOLUSDT,bybit
2026-05-30 21:20:00+00:00,83.02,83.12,83.02,83.03,717.2821,59584.319232,SOLUSDT,bybit
2026-05-30 21:25:00+00:00,83.03,83.07,83.03,83.05,283.9319,23581.296793,SOLUSDT,bybit
2026-05-30 21:30:00+00:00,83.05,83.09,83.01,83.04,1287.2539,106902.599665,SOLUSDT,bybit
2026-05-30 21:35:00+00:00,83.04,83.1,83.01,83.09,699.9293,58131.50491,SOLUSDT,bybit
2026-05-30 21:40:00+00:00,83.09,83.19,83.06,83.1,1919.3517,159548.615261,SOLUSDT,bybit
2026-05-30 21:45:00+00:00,83.1,83.15,83.03,83.04,612.8286,50914.970516,SOLUSDT,bybit
2026-05-30 21:50:00+00:00,83.04,83.12,83.03,83.12,364.3887,30268.554256,SOLUSDT,bybit
2026-05-30 21:55:00+00:00,83.12,83.12,83.01,83.02,468.3239,38895.425417,SOLUSDT,bybit
2026-05-30 22:00:00+00:00,83.02,83.03,82.73,82.73,2382.6103,197442.786488,SOLUSDT,bybit
2026-05-30 22:05:00+00:00,82.73,82.74,82.58,82.7,1149.4162,95012.917994,SOLUSDT,bybit
2026-05-30 22:10:00+00:00,82.7,82.78,82.69,82.75,1300.2785,107603.710891,SOLUSDT,bybit
2026-05-30 22:15:00+00:00,82.75,82.85,82.72,82.76,309.9622,25660.172454,SOLUSDT,bybit
2026-05-30 22:20:00+00:00,82.76,82.79,82.65,82.74,606.4673,50155.633263,SOLUSDT,bybit
2026-05-30 22:25:00+00:00,82.74,82.74,82.68,82.72,368.2309,30451.732494,SOLUSDT,bybit
2026-05-30 22:30:00+00:00,82.72,82.76,82.68,82.71,368.2437,30461.791117,SOLUSDT,bybit
2026-05-30 22:35:00+00:00,82.71,82.75,82.51,82.53,989.6343,81747.18657,SOLUSDT,bybit
2026-05-30 22:40:00+00:00,82.53,82.6,82.46,82.52,1164.8662,96130.027675,SOLUSDT,bybit
2026-05-30 22:45:00+00:00,82.52,82.61,82.52,82.61,133.3142,11007.325907,SOLUSDT,bybit
2026-05-30 22:50:00+00:00,82.61,82.63,82.56,82.63,235.573,19454.288669,SOLUSDT,bybit
2026-05-30 22:55:00+00:00,82.63,82.68,82.6,82.65,688.3584,56892.993945,SOLUSDT,bybit
2026-05-30 23:00:00+00:00,82.65,82.91,82.64,82.83,2743.9655,227264.050251,SOLUSDT,bybit
2026-05-30 23:05:00+00:00,82.83,82.83,82.68,82.7,958.143,79307.733125,SOLUSDT,bybit
2026-05-30 23:10:00+00:00,82.7,82.7,82.54,82.56,611.8829,50542.261579,SOLUSDT,bybit
2026-05-30 23:15:00+00:00,82.56,82.64,82.53,82.61,301.055,24867.916432,SOLUSDT,bybit
2026-05-30 23:20:00+00:00,82.61,82.61,82.53,82.61,1478.8293,122133.120099,SOLUSDT,bybit
2026-05-30 23:25:00+00:00,82.61,82.66,82.6,82.64,383.2434,31673.98073,SOLUSDT,bybit
2026-05-30 23:30:00+00:00,82.64,82.64,82.55,82.58,258.2183,21326.986029,SOLUSDT,bybit
2026-05-30 23:35:00+00:00,82.58,82.6,82.54,82.58,380.5932,31425.884703,SOLUSDT,bybit
2026-05-30 23:40:00+00:00,82.58,82.62,82.57,82.58,254.3162,21004.480397,SOLUSDT,bybit
2026-05-30 23:45:00+00:00,82.58,82.66,82.58,82.65,320.9147,26517.487411,SOLUSDT,bybit
2026-05-30 23:50:00+00:00,82.65,82.7,82.63,82.68,323.2057,26720.139441,SOLUSDT,bybit
2026-05-30 23:55:00+00:00,82.68,82.75,82.64,82.74,661.4897,54693.707641,SOLUSDT,bybit
2026-05-31 00:00:00+00:00,82.74,82.84,82.65,82.66,949.8816,78603.157538,SOLUSDT,bybit
2026-05-31 00:05:00+00:00,82.66,82.76,82.63,82.76,252.5532,20875.649824,SOLUSDT,bybit
2026-05-31 00:10:00+00:00,82.76,82.84,82.75,82.77,309.673,25638.22302,SOLUSDT,bybit
2026-05-31 00:15:00+00:00,82.77,82.84,82.76,82.8,458.424,37953.954924,SOLUSDT,bybit
2026-05-31 00:20:00+00:00,82.8,82.88,82.8,82.88,504.6524,41808.340575,SOLUSDT,bybit
2026-05-31 00:25:00+00:00,82.88,82.95,82.83,82.87,1202.3988,99687.9924,SOLUSDT,bybit
2026-05-31 00:30:00+00:00,82.87,82.92,82.8,82.92,439.2517,36397.711219,SOLUSDT,bybit
2026-05-31 00:35:00+00:00,82.92,82.92,82.78,82.79,508.2412,42105.827337,SOLUSDT,bybit
2026-05-31 00:40:00+00:00,82.79,82.86,82.78,82.85,248.2382,20557.500972,SOLUSDT,bybit
2026-05-31 00:45:00+00:00,82.85,82.88,82.8,82.88,410.2928,33994.783332,SOLUSDT,bybit
2026-05-31 00:50:00+00:00,82.88,82.96,82.86,82.94,376.9689,31254.736037,SOLUSDT,bybit
2026-05-31 00:55:00+00:00,82.94,82.96,82.91,82.95,472.476,39184.589952,SOLUSDT,bybit
2026-05-31 01:00:00+00:00,82.95,83.03,82.93,83.01,1230.6147,102152.967784,SOLUSDT,bybit
2026-05-31 01:05:00+00:00,83.01,83.03,82.97,83.0,291.8107,24223.724924,SOLUSDT,bybit
2026-05-31 01:10:00+00:00,83.0,83.05,82.98,83.02,155.4987,12908.70526,SOLUSDT,bybit
2026-05-31 01:15:00+00:00,83.02,83.12,83.02,83.09,1183.5956,98320.855267,SOLUSDT,bybit
2026-05-31 01:20:00+00:00,83.09,83.2,83.05,83.18,3180.8559,264452.685494,SOLUSDT,bybit
2026-05-31 01:25:00+00:00,83.18,83.18,82.98,83.03,970.3533,80610.862533,SOLUSDT,bybit
2026-05-31 01:30:00+00:00,83.03,83.15,83.01,83.12,1148.9476,95487.18215,SOLUSDT,bybit
2026-05-31 01:35:00+00:00,83.12,83.23,83.1,83.11,1618.4493,134651.51695,SOLUSDT,bybit
2026-05-31 01:40:00+00:00,83.11,83.13,83.0,83.03,3354.2388,278628.520757,SOLUSDT,bybit
2026-05-31 01:45:00+00:00,83.03,83.18,83.02,83.15,1676.6721,139414.363601,SOLUSDT,bybit
2026-05-31 01:50:00+00:00,83.15,83.17,83.07,83.08,104.5519,8691.798024,SOLUSDT,bybit
2026-05-31 01:55:00+00:00,83.08,83.08,83.02,83.03,1751.8351,145507.595755,SOLUSDT,bybit
2026-05-31 02:00:00+00:00,83.03,83.12,83.02,83.1,280.2793,23282.803452,SOLUSDT,bybit
2026-05-31 02:05:00+00:00,83.1,83.18,83.1,83.12,377.7592,31405.002389,SOLUSDT,bybit
2026-05-31 02:10:00+00:00,83.12,83.22,83.12,83.21,326.8801,27185.206169,SOLUSDT,bybit
2026-05-31 02:15:00+00:00,83.21,83.42,83.21,83.31,8054.7764,671259.908006,SOLUSDT,bybit
2026-05-31 02:20:00+00:00,83.31,83.31,83.22,83.28,929.5798,77388.148907,SOLUSDT,bybit
2026-05-31 02:25:00+00:00,83.28,83.28,82.93,82.93,1294.6922,107563.387347,SOLUSDT,bybit
2026-05-31 02:30:00+00:00,82.93,83.09,82.88,82.88,2508.4221,208215.853095,SOLUSDT,bybit
2026-05-31 02:35:00+00:00,82.88,83.02,82.88,83.0,745.136,61821.382968,SOLUSDT,bybit
2026-05-31 02:40:00+00:00,83.0,83.05,82.95,83.05,508.1378,42175.234497,SOLUSDT,bybit
2026-05-31 02:45:00+00:00,83.05,83.06,82.98,83.01,679.5395,56412.993232,SOLUSDT,bybit
2026-05-31 02:50:00+00:00,83.01,83.14,82.99,83.06,481.8728,40034.618976,SOLUSDT,bybit
2026-05-31 02:55:00+00:00,83.06,83.19,83.03,83.17,1549.0953,128780.919721,SOLUSDT,bybit
2026-05-31 03:00:00+00:00,83.17,83.24,83.15,83.16,306.7284,25517.737525,SOLUSDT,bybit
2026-05-31 03:05:00+00:00,83.16,83.17,83.12,83.16,220.1966,18308.136489,SOLUSDT,bybit
2026-05-31 03:10:00+00:00,83.16,83.21,83.09,83.21,590.2272,49078.738285,SOLUSDT,bybit
2026-05-31 03:15:00+00:00,83.21,83.25,83.16,83.21,434.2653,36136.522858,SOLUSDT,bybit
2026-05-31 03:20:00+00:00,83.21,83.27,83.18,83.27,459.1165,38205.317064,SOLUSDT,bybit
2026-05-31 03:25:00+00:00,83.27,83.35,83.22,83.28,773.6888,64456.522649,SOLUSDT,bybit
2026-05-31 03:30:00+00:00,83.28,83.32,83.23,83.31,364.9216,30382.318997,SOLUSDT,bybit
2026-05-31 03:35:00+00:00,83.31,83.32,83.17,83.17,812.9619,67654.240637,SOLUSDT,bybit
2026-05-31 03:40:00+00:00,83.17,83.24,83.12,83.23,329.0169,27362.472276,SOLUSDT,bybit
2026-05-31 03:45:00+00:00,83.23,83.28,83.19,83.28,563.1951,46864.908973,SOLUSDT,bybit
2026-05-31 03:50:00+00:00,83.28,83.29,83.19,83.22,133.9802,11153.2228,SOLUSDT,bybit
2026-05-31 03:55:00+00:00,83.22,83.26,83.21,83.25,88.5818,7373.453865,SOLUSDT,bybit
2026-05-31 04:00:00+00:00,83.25,83.28,83.21,83.26,216.1732,17996.359507,SOLUSDT,bybit
2026-05-31 04:05:00+00:00,83.26,83.27,83.14,83.14,238.8067,19877.204285,SOLUSDT,bybit
2026-05-31 04:10:00+00:00,83.14,83.15,83.09,83.11,151.6875,12606.351248,SOLUSDT,bybit
2026-05-31 04:15:00+00:00,83.11,83.21,83.1,83.21,109.7426,9124.521633,SOLUSDT,bybit
2026-05-31 04:20:00+00:00,83.21,83.3,83.19,83.25,821.7881,68415.841361,SOLUSDT,bybit
2026-05-31 04:25:00+00:00,83.25,83.28,83.2,83.24,315.3793,26251.548298,SOLUSDT,bybit
2026-05-31 04:30:00+00:00,83.24,83.24,83.16,83.18,206.2328,17154.534285,SOLUSDT,bybit
2026-05-31 04:35:00+00:00,83.18,83.29,83.18,83.24,228.484,19021.641009,SOLUSDT,bybit
2026-05-31 04:40:00+00:00,83.24,83.25,83.19,83.24,352.69,29356.800288,SOLUSDT,bybit
2026-05-31 04:45:00+00:00,83.24,83.25,83.18,83.25,308.786,25691.717238,SOLUSDT,bybit
2026-05-31 04:50:00+00:00,83.25,83.31,83.23,83.24,57.9928,4828.629065,SOLUSDT,bybit
2026-05-31 04:55:00+00:00,83.24,83.28,83.22,83.22,372.9417,31043.989039,SOLUSDT,bybit
2026-05-31 05:00:00+00:00,83.22,83.23,83.03,83.08,821.9882,68315.352353,SOLUSDT,bybit
2026-05-31 05:05:00+00:00,83.08,83.15,83.08,83.11,583.2803,48479.477429,SOLUSDT,bybit
2026-05-31 05:10:00+00:00,83.11,83.17,83.07,83.08,480.4744,39947.79676,SOLUSDT,bybit
2026-05-31 05:15:00+00:00,83.08,83.14,83.07,83.11,165.884,13786.904668,SOLUSDT,bybit
2026-05-31 05:20:00+00:00,83.11,83.13,83.06,83.07,205.6762,17093.943806,SOLUSDT,bybit
2026-05-31 05:25:00+00:00,83.07,83.13,83.04,83.13,313.2221,26021.503471,SOLUSDT,bybit
2026-05-31 05:30:00+00:00,83.13,83.19,83.1,83.14,269.4374,22404.025907,SOLUSDT,bybit
2026-05-31 05:35:00+00:00,83.14,83.23,83.09,83.13,384.999,32014.209971,SOLUSDT,bybit
2026-05-31 05:40:00+00:00,83.13,83.13,83.06,83.07,513.3592,42662.6611,SOLUSDT,bybit
2026-05-31 05:45:00+00:00,83.07,83.08,83.0,83.04,527.9149,43838.585952,SOLUSDT,bybit
2026-05-31 05:50:00+00:00,83.04,83.1,83.01,83.04,292.5945,24306.817416,SOLUSDT,bybit
2026-05-31 05:55:00+00:00,83.04,83.06,83.01,83.05,161.7859,13433.814591,SOLUSDT,bybit
2026-05-31 06:00:00+00:00,83.05,83.05,82.9,82.93,403.6516,33483.546391,SOLUSDT,bybit
2026-05-31 06:05:00+00:00,82.93,82.96,82.9,82.92,217.8174,18064.245823,SOLUSDT,bybit
2026-05-31 06:10:00+00:00,82.92,82.94,82.92,82.93,125.9118,10441.349339,SOLUSDT,bybit
2026-05-31 06:15:00+00:00,82.93,82.95,82.9,82.95,261.4487,21680.68572,SOLUSDT,bybit
2026-05-31 06:20:00+00:00,82.95,82.97,82.93,82.96,178.9277,14841.871432,SOLUSDT,bybit
2026-05-31 06:25:00+00:00,82.96,82.96,82.85,82.91,404.7676,33563.415187,SOLUSDT,bybit
2026-05-31 06:30:00+00:00,82.91,83.02,82.89,82.96,906.6724,75231.770373,SOLUSDT,bybit
2026-05-31 06:35:00+00:00,82.96,82.99,82.92,82.99,809.1402,67127.768112,SOLUSDT,bybit
2026-05-31 06:40:00+00:00,82.99,82.99,82.94,82.94,383.0799,31780.37849,SOLUSDT,bybit
2026-05-31 06:45:00+00:00,82.94,83.05,82.94,82.99,684.2173,56800.673763,SOLUSDT,bybit
2026-05-31 06:50:00+00:00,82.99,83.0,82.94,83.0,205.0638,17016.270773,SOLUSDT,bybit
2026-05-31 06:55:00+00:00,83.0,83.01,82.96,82.96,197.7061,16407.68556,SOLUSDT,bybit
2026-05-31 07:00:00+00:00,82.96,82.96,82.81,82.84,1215.3112,100727.650739,SOLUSDT,bybit
2026-05-31 07:05:00+00:00,82.84,82.94,82.84,82.89,960.7524,79656.570765,SOLUSDT,bybit
2026-05-31 07:10:00+00:00,82.89,82.9,82.73,82.79,3902.8283,323039.353938,SOLUSDT,bybit
2026-05-31 07:15:00+00:00,82.79,82.84,82.77,82.78,827.8414,68539.607399,SOLUSDT,bybit
2026-05-31 07:20:00+00:00,82.78,82.8,82.63,82.67,687.7885,56879.708933,SOLUSDT,bybit
2026-05-31 07:25:00+00:00,82.67,82.73,82.62,82.67,1175.9494,97241.256795,SOLUSDT,bybit
2026-05-31 07:30:00+00:00,82.67,82.68,82.51,82.57,3977.1887,328413.270916,SOLUSDT,bybit
2026-05-31 07:35:00+00:00,82.57,82.67,82.54,82.61,722.8369,59728.169498,SOLUSDT,bybit
2026-05-31 07:40:00+00:00,82.61,82.69,82.61,82.62,179.4615,14830.731484,SOLUSDT,bybit
2026-05-31 07:45:00+00:00,82.62,82.7,82.6,82.64,395.5661,32700.826172,SOLUSDT,bybit
2026-05-31 07:50:00+00:00,82.64,82.69,82.61,82.69,257.1046,21250.456152,SOLUSDT,bybit
2026-05-31 07:55:00+00:00,82.69,82.7,82.65,82.67,142.7518,11801.829587,SOLUSDT,bybit
2026-05-31 08:00:00+00:00,82.67,82.85,82.67,82.85,3554.4481,294421.786595,SOLUSDT,bybit
2026-05-31 08:05:00+00:00,82.85,82.86,82.7,82.72,676.2334,55983.089872,SOLUSDT,bybit
2026-05-31 08:10:00+00:00,82.72,82.75,82.67,82.75,341.1878,28215.205656,SOLUSDT,bybit
2026-05-31 08:15:00+00:00,82.75,82.86,82.73,82.77,1256.238,104010.467763,SOLUSDT,bybit
2026-05-31 08:20:00+00:00,82.77,82.88,82.74,82.83,1013.0959,83917.15662,SOLUSDT,bybit
2026-05-31 08:25:00+00:00,82.83,82.86,82.8,82.84,115.603,9574.26077,SOLUSDT,bybit
2026-05-31 08:30:00+00:00,82.84,82.84,82.75,82.8,1341.1411,111044.464265,SOLUSDT,bybit
2026-05-31 08:35:00+00:00,82.8,82.83,82.71,82.74,210.3376,17407.242065,SOLUSDT,bybit
2026-05-31 08:40:00+00:00,82.74,82.75,82.63,82.71,682.4105,56405.824495,SOLUSDT,bybit
2026-05-31 08:45:00+00:00,82.71,82.71,82.63,82.64,105.528,8722.655408,SOLUSDT,bybit
2026-05-31 08:50:00+00:00,82.64,82.72,82.58,82.72,621.678,51376.336874,SOLUSDT,bybit
2026-05-31 08:55:00+00:00,82.72,82.85,82.72,82.81,469.4148,38874.612781,SOLUSDT,bybit
2026-05-31 09:00:00+00:00,82.81,82.82,82.68,82.68,526.1746,43531.526496,SOLUSDT,bybit
2026-05-31 09:05:00+00:00,82.68,82.76,82.67,82.75,217.7484,18010.649805,SOLUSDT,bybit
2026-05-31 09:10:00+00:00,82.75,82.76,82.7,82.71,489.5725,40504.187069,SOLUSDT,bybit
2026-05-31 09:15:00+00:00,82.71,82.87,82.67,82.85,373.8522,30945.480445,SOLUSDT,bybit
2026-05-31 09:20:00+00:00,82.85,82.85,82.76,82.81,1722.0367,142575.558348,SOLUSDT,bybit
2026-05-31 09:25:00+00:00,82.81,82.89,82.77,82.83,1085.472,89922.804677,SOLUSDT,bybit
2026-05-31 09:30:00+00:00,82.83,82.92,82.83,82.9,530.2141,43944.079402,SOLUSDT,bybit
2026-05-31 09:35:00+00:00,82.9,82.94,82.82,82.93,467.4454,38741.457132,SOLUSDT,bybit
2026-05-31 09:40:00+00:00,82.93,83.06,82.92,83.01,902.1108,74896.476894,SOLUSDT,bybit
2026-05-31 09:45:00+00:00,83.01,83.04,82.96,83.02,550.5622,45690.770598,SOLUSDT,bybit
2026-05-31 09:50:00+00:00,83.02,83.02,82.84,82.88,469.9248,38971.341473,SOLUSDT,bybit
2026-05-31 09:55:00+00:00,82.88,82.88,82.63,82.75,1828.9072,151312.932395,SOLUSDT,bybit
2026-05-31 10:00:00+00:00,82.75,82.75,82.63,82.72,847.1446,70044.958568,SOLUSDT,bybit
2026-05-31 10:05:00+00:00,82.72,82.74,82.68,82.73,323.0759,26726.214684,SOLUSDT,bybit
2026-05-31 10:10:00+00:00,82.73,82.74,82.69,82.74,175.7152,14533.988173,SOLUSDT,bybit
2026-05-31 10:15:00+00:00,82.74,82.75,82.63,82.63,486.3948,40220.77914,SOLUSDT,bybit
2026-05-31 10:20:00+00:00,82.63,82.63,82.48,82.55,1579.0058,130338.133338,SOLUSDT,bybit
2026-05-31 10:25:00+00:00,82.55,82.64,82.53,82.64,171.8903,14198.039295,SOLUSDT,bybit
2026-05-31 10:30:00+00:00,82.64,82.68,82.62,82.67,469.1017,38770.917909,SOLUSDT,bybit
2026-05-31 10:35:00+00:00,82.67,82.67,82.57,82.6,1076.2818,88926.342576,SOLUSDT,bybit
2026-05-31 10:40:00+00:00,82.6,82.61,82.55,82.61,181.8944,15017.703725,SOLUSDT,bybit
2026-05-31 10:45:00+00:00,82.61,82.61,82.51,82.6,373.025,30800.436417,SOLUSDT,bybit
2026-05-31 10:50:00+00:00,82.6,82.65,82.58,82.63,375.7931,31046.814412,SOLUSDT,bybit
2026-05-31 10:55:00+00:00,82.63,82.72,82.61,82.72,434.0559,35884.425158,SOLUSDT,bybit
2026-05-31 11:00:00+00:00,82.72,82.83,82.72,82.79,1080.6177,89453.192304,SOLUSDT,bybit
2026-05-31 11:05:00+00:00,82.79,82.83,82.77,82.81,550.6971,45600.075315,SOLUSDT,bybit
2026-05-31 11:10:00+00:00,82.81,82.86,82.79,82.82,277.3906,22977.483207,SOLUSDT,bybit
2026-05-31 11:15:00+00:00,82.82,82.83,82.77,82.78,136.3207,11286.149378,SOLUSDT,bybit
2026-05-31 11:20:00+00:00,82.78,82.79,82.68,82.74,202.3579,16738.742518,SOLUSDT,bybit
2026-05-31 11:25:00+00:00,82.74,82.86,82.74,82.86,6950.6175,575777.117123,SOLUSDT,bybit
2026-05-31 11:30:00+00:00,82.86,82.86,82.75,82.77,979.687,81140.398961,SOLUSDT,bybit
2026-05-31 11:35:00+00:00,82.77,82.88,82.75,82.81,578.7212,47923.888315,SOLUSDT,bybit
2026-05-31 11:40:00+00:00,82.81,82.83,82.76,82.78,281.5859,23315.127789,SOLUSDT,bybit
2026-05-31 11:45:00+00:00,82.78,82.82,82.73,82.78,363.5252,30094.250713,SOLUSDT,bybit
2026-05-31 11:50:00+00:00,82.78,82.82,82.7,82.74,434.1068,35923.429441,SOLUSDT,bybit
2026-05-31 11:55:00+00:00,82.74,82.79,82.68,82.76,255.7631,21166.587309,SOLUSDT,bybit
2026-05-31 12:00:00+00:00,82.76,82.82,82.58,82.61,483.777,40000.612547,SOLUSDT,bybit
2026-05-31 12:05:00+00:00,82.61,82.71,82.61,82.68,509.8274,42144.40832,SOLUSDT,bybit
2026-05-31 12:10:00+00:00,82.68,82.73,82.67,82.73,743.6737,61505.585179,SOLUSDT,bybit
2026-05-31 12:15:00+00:00,82.73,82.89,82.73,82.85,1572.8226,130285.965996,SOLUSDT,bybit
2026-05-31 12:20:00+00:00,82.85,82.85,82.76,82.79,717.8153,59420.217668,SOLUSDT,bybit
2026-05-31 12:25:00+00:00,82.79,82.82,82.78,82.8,119.8102,9919.244996,SOLUSDT,bybit
2026-05-31 12:30:00+00:00,82.8,82.82,82.73,82.75,93.5324,7742.952792,SOLUSDT,bybit
2026-05-31 12:35:00+00:00,82.75,82.86,82.75,82.81,523.8695,43387.612355,SOLUSDT,bybit
2026-05-31 12:40:00+00:00,82.81,82.94,82.79,82.94,884.3901,73326.59315,SOLUSDT,bybit
2026-05-31 12:45:00+00:00,82.94,82.95,82.87,82.87,679.5427,56341.501452,SOLUSDT,bybit
2026-05-31 12:50:00+00:00,82.87,82.94,82.78,82.81,2896.6041,239947.522775,SOLUSDT,bybit
2026-05-31 12:55:00+00:00,82.81,82.86,82.78,82.84,1013.9415,83989.806629,SOLUSDT,bybit
2026-05-31 13:00:00+00:00,82.84,82.88,82.77,82.77,985.6485,81647.337008,SOLUSDT,bybit
2026-05-31 13:05:00+00:00,82.77,82.91,82.76,82.9,437.5667,36240.379709,SOLUSDT,bybit
2026-05-31 13:10:00+00:00,82.9,82.97,82.9,82.94,597.247,49542.02673,SOLUSDT,bybit
2026-05-31 13:15:00+00:00,82.94,83.09,82.93,83.09,1422.9758,118145.36692,SOLUSDT,bybit
2026-05-31 13:20:00+00:00,83.09,83.14,83.0,83.05,3887.7489,323073.448121,SOLUSDT,bybit
2026-05-31 13:25:00+00:00,83.05,83.09,82.95,83.01,1744.337,144786.91641,SOLUSDT,bybit
2026-05-31 13:30:00+00:00,83.01,83.04,82.92,82.92,3224.4214,267591.128239,SOLUSDT,bybit
2026-05-31 13:35:00+00:00,82.92,83.01,82.82,82.87,1152.2222,95583.509683,SOLUSDT,bybit
2026-05-31 13:40:00+00:00,82.87,82.87,82.79,82.83,573.6529,47511.695433,SOLUSDT,bybit
2026-05-31 13:45:00+00:00,82.83,82.87,82.75,82.76,624.6264,51746.105163,SOLUSDT,bybit
2026-05-31 13:50:00+00:00,82.76,82.79,82.67,82.74,405.8661,33575.933217,SOLUSDT,bybit
2026-05-31 13:55:00+00:00,82.74,82.78,82.72,82.78,744.3402,61589.603945,SOLUSDT,bybit
2026-05-31 14:00:00+00:00,82.78,82.78,82.57,82.65,1002.3432,82834.106796,SOLUSDT,bybit
2026-05-31 14:05:00+00:00,82.65,82.73,82.6,82.71,336.0774,27786.348463,SOLUSDT,bybit
2026-05-31 14:10:00+00:00,82.71,82.77,82.27,82.38,7098.0814,585378.478977,SOLUSDT,bybit
2026-05-31 14:15:00+00:00,82.38,82.51,81.79,81.99,19501.5612,1600591.726943,SOLUSDT,bybit
2026-05-31 14:20:00+00:00,81.99,82.11,81.89,82.02,3745.3247,307165.251031,SOLUSDT,bybit
2026-05-31 14:25:00+00:00,82.02,82.08,81.93,82.02,1185.2047,97198.189365,SOLUSDT,bybit
2026-05-31 14:30:00+00:00,82.02,82.13,81.95,82.09,1652.6681,135615.860027,SOLUSDT,bybit
2026-05-31 14:35:00+00:00,82.09,82.2,82.0,82.11,1536.0744,126121.94328,SOLUSDT,bybit
2026-05-31 14:40:00+00:00,82.11,82.11,81.9,81.96,1037.6783,85082.604012,SOLUSDT,bybit
2026-05-31 14:45:00+00:00,81.96,82.1,81.96,82.0,528.8569,43381.176135,SOLUSDT,bybit
2026-05-31 14:50:00+00:00,82.0,82.09,82.0,82.08,377.5471,30975.129913,SOLUSDT,bybit
2026-05-31 14:55:00+00:00,82.08,82.08,81.88,81.98,1972.1075,161656.718863,SOLUSDT,bybit
2026-05-31 15:00:00+00:00,81.98,82.04,81.9,81.97,1395.9741,114430.19447,SOLUSDT,bybit
2026-05-31 15:05:00+00:00,81.97,82.05,81.96,82.01,487.1017,39944.112824,SOLUSDT,bybit
2026-05-31 15:10:00+00:00,82.01,82.09,81.97,82.09,1222.9408,100353.69497,SOLUSDT,bybit
2026-05-31 15:15:00+00:00,82.09,82.14,82.03,82.14,363.8265,29866.38864,SOLUSDT,bybit
2026-05-31 15:20:00+00:00,82.14,82.22,82.12,82.22,1985.622,163138.669036,SOLUSDT,bybit
2026-05-31 15:25:00+00:00,82.22,82.28,82.19,82.22,965.9616,79441.636608,SOLUSDT,bybit
2026-05-31 15:30:00+00:00,82.22,82.23,82.16,82.22,1015.1922,83448.431843,SOLUSDT,bybit
2026-05-31 15:35:00+00:00,82.22,82.23,82.17,82.21,260.5208,21412.485698,SOLUSDT,bybit
2026-05-31 15:40:00+00:00,82.21,82.21,81.98,81.98,1450.1056,119024.195558,SOLUSDT,bybit
2026-05-31 15:45:00+00:00,81.98,82.08,81.97,81.97,1934.4587,158634.095294,SOLUSDT,bybit
2026-05-31 15:50:00+00:00,81.97,82.05,81.96,82.03,515.5216,42284.819596,SOLUSDT,bybit
2026-05-31 15:55:00+00:00,82.03,82.04,81.84,81.88,3889.1905,318588.508272,SOLUSDT,bybit
2026-05-31 16:00:00+00:00,81.88,82.05,81.83,82.01,2852.623,233653.447888,SOLUSDT,bybit
2026-05-31 16:05:00+00:00,82.01,82.05,81.92,81.93,527.431,43251.371229,SOLUSDT,bybit
2026-05-31 16:10:00+00:00,81.93,81.94,81.72,81.78,1174.3314,96111.571779,SOLUSDT,bybit
2026-05-31 16:15:00+00:00,81.78,81.86,81.77,81.85,946.0542,77389.804751,SOLUSDT,bybit
2026-05-31 16:20:00+00:00,81.85,81.88,81.64,81.75,1838.284,150269.807291,SOLUSDT,bybit
2026-05-31 16:25:00+00:00,81.75,81.76,81.61,81.75,1658.6753,135518.227347,SOLUSDT,bybit
2026-05-31 16:30:00+00:00,81.75,81.75,81.43,81.47,15288.7829,1247523.690529,SOLUSDT,bybit
2026-05-31 16:35:00+00:00,81.47,81.62,81.4,81.6,12459.1947,1015127.249977,SOLUSDT,bybit
2026-05-31 16:40:00+00:00,81.6,81.67,81.54,81.57,2019.7466,164845.126717,SOLUSDT,bybit
2026-05-31 16:45:00+00:00,81.57,81.57,81.44,81.48,734.8717,59881.984756,SOLUSDT,bybit
2026-05-31 16:50:00+00:00,81.48,81.6,81.45,81.6,331.4787,27020.439163,SOLUSDT,bybit
2026-05-31 16:55:00+00:00,81.6,81.61,81.55,81.57,183.8333,14995.240174,SOLUSDT,bybit
2026-05-31 17:00:00+00:00,81.57,81.69,81.55,81.56,691.4301,56422.589467,SOLUSDT,bybit
2026-05-31 17:05:00+00:00,81.56,81.64,81.54,81.56,787.124,64227.826008,SOLUSDT,bybit
2026-05-31 17:10:00+00:00,81.56,81.57,81.46,81.56,1020.6081,83205.026313,SOLUSDT,bybit
2026-05-31 17:15:00+00:00,81.56,81.68,81.56,81.6,726.8849,59322.816249,SOLUSDT,bybit
2026-05-31 17:20:00+00:00,81.6,81.7,81.6,81.69,10358.885,845961.871056,SOLUSDT,bybit
2026-05-31 17:25:00+00:00,81.69,81.75,81.67,81.75,252.693,20649.004282,SOLUSDT,bybit
2026-05-31 17:30:00+00:00,81.75,81.85,81.74,81.81,630.6274,51584.365291,SOLUSDT,bybit
2026-05-31 17:35:00+00:00,81.81,81.9,81.81,81.9,536.2936,43895.753008,SOLUSDT,bybit
2026-05-31 17:40:00+00:00,81.9,81.91,81.84,81.87,275.4386,22552.73054,SOLUSDT,bybit
2026-05-31 17:45:00+00:00,81.87,81.91,81.85,81.86,996.5573,81593.265669,SOLUSDT,bybit
2026-05-31 17:50:00+00:00,81.86,81.88,81.82,81.88,859.8534,70370.401983,SOLUSDT,bybit
2026-05-31 17:55:00+00:00,81.88,81.88,81.82,81.86,148.4391,12148.630769,SOLUSDT,bybit
2026-05-31 18:00:00+00:00,81.86,81.86,81.7,81.74,484.1832,39586.253504,SOLUSDT,bybit
2026-05-31 18:05:00+00:00,81.74,81.82,81.73,81.77,487.5544,39867.651734,SOLUSDT,bybit
2026-05-31 18:10:00+00:00,81.77,81.82,81.73,81.73,177.6114,14527.942699,SOLUSDT,bybit
2026-05-31 18:15:00+00:00,81.73,81.73,81.63,81.68,380.8935,31105.736018,SOLUSDT,bybit
2026-05-31 18:20:00+00:00,81.68,81.71,81.64,81.69,94.4536,7715.351482,SOLUSDT,bybit
2026-05-31 18:25:00+00:00,81.69,81.77,81.69,81.73,320.858,26231.931559,SOLUSDT,bybit
2026-05-31 18:30:00+00:00,81.73,81.87,81.72,81.79,409.0225,33442.504746,SOLUSDT,bybit
2026-05-31 18:35:00+00:00,81.79,81.82,81.77,81.78,295.537,24168.79997,SOLUSDT,bybit
2026-05-31 18:40:00+00:00,81.78,81.83,81.75,81.76,466.9789,38191.12884,SOLUSDT,bybit
2026-05-31 18:45:00+00:00,81.76,81.77,81.69,81.7,451.5567,36908.197895,SOLUSDT,bybit
2026-05-31 18:50:00+00:00,81.7,81.73,81.66,81.72,349.0293,28511.159633,SOLUSDT,bybit
2026-05-31 18:55:00+00:00,81.72,81.78,81.7,81.75,590.1487,48223.907573,SOLUSDT,bybit
2026-05-31 19:00:00+00:00,81.75,81.79,81.68,81.68,534.9932,43727.426431,SOLUSDT,bybit
2026-05-31 19:05:00+00:00,81.68,81.71,81.66,81.69,218.7771,17870.597622,SOLUSDT,bybit
2026-05-31 19:10:00+00:00,81.69,81.71,81.62,81.62,394.5505,32220.080527,SOLUSDT,bybit
2026-05-31 19:15:00+00:00,81.62,81.67,81.61,81.65,261.304,21334.264136,SOLUSDT,bybit
2026-05-31 19:20:00+00:00,81.65,81.66,81.51,81.51,274.3981,22389.374392,SOLUSDT,bybit
2026-05-31 19:25:00+00:00,81.51,81.55,81.44,81.54,1616.2092,131724.234868,SOLUSDT,bybit
2026-05-31 19:30:00+00:00,81.54,81.57,81.33,81.43,1040.1534,84673.345594,SOLUSDT,bybit
2026-05-31 19:35:00+00:00,81.43,81.52,81.43,81.52,212.4249,17309.687618,SOLUSDT,bybit
2026-05-31 19:40:00+00:00,81.52,81.6,81.5,81.57,431.3177,35174.403926,SOLUSDT,bybit
2026-05-31 19:45:00+00:00,81.57,81.61,81.53,81.57,572.7936,46714.272187,SOLUSDT,bybit
2026-05-31 19:50:00+00:00,81.57,81.6,81.53,81.6,162.1593,13226.018301,SOLUSDT,bybit
2026-05-31 19:55:00+00:00,81.6,81.66,81.58,81.58,743.2251,60662.470473,SOLUSDT,bybit
2026-05-31 20:00:00+00:00,81.58,81.77,81.58,81.67,435.8425,35606.281753,SOLUSDT,bybit
2026-05-31 20:05:00+00:00,81.67,81.83,81.65,81.81,3288.4319,268856.136946,SOLUSDT,bybit
2026-05-31 20:10:00+00:00,81.81,81.81,81.7,81.77,434.0815,35479.625019,SOLUSDT,bybit
2026-05-31 20:15:00+00:00,81.77,81.85,81.74,81.82,310.3116,25389.235639,SOLUSDT,bybit
2026-05-31 20:20:00+00:00,81.82,81.9,81.78,81.8,310.9968,25450.878088,SOLUSDT,bybit
2026-05-31 20:25:00+00:00,81.8,81.84,81.8,81.8,102.8101,8411.338084,SOLUSDT,bybit
2026-05-31 20:30:00+00:00,81.8,81.86,81.8,81.81,123.6004,10114.752822,SOLUSDT,bybit
2026-05-31 20:35:00+00:00,81.81,81.84,81.8,81.81,435.4297,35628.671932,SOLUSDT,bybit
2026-05-31 20:40:00+00:00,81.81,81.87,81.76,81.85,940.7871,76994.049621,SOLUSDT,bybit
2026-05-31 20:45:00+00:00,81.85,81.89,81.83,81.86,278.0304,22758.182326,SOLUSDT,bybit
2026-05-31 20:50:00+00:00,81.86,81.93,81.86,81.93,276.7099,22660.742594,SOLUSDT,bybit
2026-05-31 20:55:00+00:00,81.93,82.02,81.93,81.97,240.2784,19697.034514,SOLUSDT,bybit
2026-05-31 21:00:00+00:00,81.97,82.0,81.89,81.93,413.5165,33886.072485,SOLUSDT,bybit
2026-05-31 21:05:00+00:00,81.93,81.96,81.89,81.93,496.0148,40630.485511,SOLUSDT,bybit
2026-05-31 21:10:00+00:00,81.93,81.95,81.9,81.91,419.4097,34358.303272,SOLUSDT,bybit
2026-05-31 21:15:00+00:00,81.91,82.08,81.91,81.98,820.5288,67288.142534,SOLUSDT,bybit
2026-05-31 21:20:00+00:00,81.98,82.01,81.96,81.99,456.0371,37386.431585,SOLUSDT,bybit
2026-05-31 21:25:00+00:00,81.99,82.02,81.94,81.94,407.2968,33381.569356,SOLUSDT,bybit
2026-05-31 21:30:00+00:00,81.94,81.99,81.92,81.99,578.7143,47420.777825,SOLUSDT,bybit
2026-05-31 21:35:00+00:00,81.99,82.07,81.99,82.03,219.5724,18012.969158,SOLUSDT,bybit
2026-05-31 21:40:00+00:00,82.03,82.21,82.0,82.15,3133.9176,257370.202903,SOLUSDT,bybit
2026-05-31 21:45:00+00:00,82.15,82.39,82.14,82.28,1036.7268,85329.784226,SOLUSDT,bybit
2026-05-31 21:50:00+00:00,82.28,82.38,82.22,82.25,2551.0863,209955.052037,SOLUSDT,bybit
2026-05-31 21:55:00+00:00,82.25,82.33,82.25,82.31,866.7074,71315.379462,SOLUSDT,bybit
2026-05-31 22:00:00+00:00,82.31,82.46,82.05,82.07,4571.7921,376319.917876,SOLUSDT,bybit
2026-05-31 22:05:00+00:00,82.07,82.23,82.07,82.23,1450.8956,119215.240271,SOLUSDT,bybit
2026-05-31 22:10:00+00:00,82.23,82.45,82.23,82.45,1181.6642,97321.031476,SOLUSDT,bybit
2026-05-31 22:15:00+00:00,82.45,82.61,82.44,82.46,2467.7385,203672.780093,SOLUSDT,bybit
2026-05-31 22:20:00+00:00,82.46,82.46,82.29,82.4,2689.5799,221580.52386,SOLUSDT,bybit
2026-05-31 22:25:00+00:00,82.4,82.66,82.39,82.43,3695.1459,304935.431293,SOLUSDT,bybit
2026-05-31 22:30:00+00:00,82.43,82.62,82.38,82.59,2183.6637,180136.594347,SOLUSDT,bybit
2026-05-31 22:35:00+00:00,82.59,82.59,82.41,82.43,1053.9187,86951.454475,SOLUSDT,bybit
2026-05-31 22:40:00+00:00,82.43,82.54,82.43,82.53,263.8239,21767.264324,SOLUSDT,bybit
2026-05-31 22:45:00+00:00,82.53,82.71,82.53,82.57,500.7952,41371.851244,SOLUSDT,bybit
2026-05-31 22:50:00+00:00,82.57,82.63,82.48,82.49,535.6684,44227.705913,SOLUSDT,bybit
2026-05-31 22:55:00+00:00,82.49,82.59,82.46,82.53,1144.1882,94430.298918,SOLUSDT,bybit
2026-05-31 23:00:00+00:00,82.53,82.92,82.52,82.74,5832.4815,483007.865717,SOLUSDT,bybit
2026-05-31 23:05:00+00:00,82.74,82.81,82.61,82.69,1569.7928,129835.471598,SOLUSDT,bybit
2026-05-31 23:10:00+00:00,82.69,82.72,82.59,82.59,1403.9925,116032.10669,SOLUSDT,bybit
2026-05-31 23:15:00+00:00,82.59,82.7,82.59,82.59,1473.3141,121784.860326,SOLUSDT,bybit
2026-05-31 23:20:00+00:00,82.59,82.61,82.36,82.4,2227.8088,183627.618535,SOLUSDT,bybit
2026-05-31 23:25:00+00:00,82.4,82.48,82.39,82.44,371.9969,30663.22307,SOLUSDT,bybit
2026-05-31 23:30:00+00:00,82.44,82.46,82.1,82.21,5349.6457,440520.99238,SOLUSDT,bybit
2026-05-31 23:35:00+00:00,82.21,82.21,81.98,82.09,1466.7251,120411.558749,SOLUSDT,bybit
2026-05-31 23:40:00+00:00,82.09,82.11,81.96,82.1,1796.7044,147382.695255,SOLUSDT,bybit
2026-05-31 23:45:00+00:00,82.1,82.29,82.06,82.29,456.1866,37476.66132,SOLUSDT,bybit
2026-05-31 23:50:00+00:00,82.29,82.39,82.29,82.33,666.5332,54875.252993,SOLUSDT,bybit
2026-05-31 23:55:00+00:00,82.33,82.46,82.33,82.44,302.7054,24948.705989,SOLUSDT,bybit
2026-06-01 00:00:00+00:00,82.44,82.74,82.38,82.72,4645.9001,383580.074532,SOLUSDT,bybit
2026-06-01 00:05:00+00:00,82.72,82.75,82.56,82.61,3400.0144,281053.051232,SOLUSDT,bybit
2026-06-01 00:10:00+00:00,82.61,82.73,82.54,82.73,1003.8239,82918.853962,SOLUSDT,bybit
2026-06-01 00:15:00+00:00,82.73,82.79,82.6,82.64,1222.415,101094.685049,SOLUSDT,bybit
2026-06-01 00:20:00+00:00,82.64,82.81,82.62,82.77,1328.7142,109917.466088,SOLUSDT,bybit
2026-06-01 00:25:00+00:00,82.77,83.0,82.76,82.94,2917.8392,241981.255653,SOLUSDT,bybit
2026-06-01 00:30:00+00:00,82.94,83.09,82.75,82.89,6428.6067,533547.358475,SOLUSDT,bybit
2026-06-01 00:35:00+00:00,82.89,82.98,82.82,82.88,1114.7759,92404.650518,SOLUSDT,bybit
2026-06-01 00:40:00+00:00,82.88,83.03,82.81,82.95,1661.107,137770.058552,SOLUSDT,bybit
2026-06-01 00:45:00+00:00,82.95,83.03,82.92,82.92,1494.2436,123982.256562,SOLUSDT,bybit
2026-06-01 00:50:00+00:00,82.92,83.04,82.86,82.9,1234.6711,102403.917064,SOLUSDT,bybit
2026-06-01 00:55:00+00:00,82.9,82.91,82.78,82.81,750.6148,62197.663252,SOLUSDT,bybit
2026-06-01 01:00:00+00:00,82.81,82.89,82.67,82.68,1095.4603,90650.69445,SOLUSDT,bybit
2026-06-01 01:05:00+00:00,82.68,82.75,82.39,82.44,1537.6413,126978.374152,SOLUSDT,bybit
2026-06-01 01:10:00+00:00,82.44,82.47,82.33,82.33,1345.2562,110845.752716,SOLUSDT,bybit
2026-06-01 01:15:00+00:00,82.33,82.46,82.33,82.36,990.2594,81586.317462,SOLUSDT,bybit
2026-06-01 01:20:00+00:00,82.36,82.44,82.29,82.29,897.745,73946.024938,SOLUSDT,bybit
2026-06-01 01:25:00+00:00,82.29,82.41,82.23,82.29,1722.0953,141811.815641,SOLUSDT,bybit
2026-06-01 01:30:00+00:00,82.29,82.34,82.19,82.34,1504.673,123763.220286,SOLUSDT,bybit
2026-06-01 01:35:00+00:00,82.34,82.4,82.26,82.28,638.1458,52538.87201,SOLUSDT,bybit
2026-06-01 01:40:00+00:00,82.28,82.39,82.05,82.1,935.8711,76927.888363,SOLUSDT,bybit
2026-06-01 01:45:00+00:00,82.1,82.27,82.04,82.24,2255.6401,185234.20305,SOLUSDT,bybit
2026-06-01 01:50:00+00:00,82.24,82.25,81.99,82.02,2798.6195,229727.002695,SOLUSDT,bybit
2026-06-01 01:55:00+00:00,82.02,82.02,81.74,81.76,1823.8239,149260.616353,SOLUSDT,bybit
2026-06-01 02:00:00+00:00,81.76,81.88,81.6,81.86,1882.624,153874.155725,SOLUSDT,bybit
2026-06-01 02:05:00+00:00,81.86,82.25,81.86,82.25,2176.4465,178635.50068,SOLUSDT,bybit
2026-06-01 02:10:00+00:00,82.25,82.34,82.21,82.3,1026.5064,84430.170498,SOLUSDT,bybit
2026-06-01 02:15:00+00:00,82.3,82.33,82.13,82.14,591.0488,48594.541942,SOLUSDT,bybit
2026-06-01 02:20:00+00:00,82.14,82.3,82.14,82.22,502.8819,41357.950536,SOLUSDT,bybit
2026-06-01 02:25:00+00:00,82.22,82.32,82.18,82.24,1048.2005,86222.294447,SOLUSDT,bybit
2026-06-01 02:30:00+00:00,82.24,82.24,82.1,82.2,502.2255,41271.447168,SOLUSDT,bybit
2026-06-01 02:35:00+00:00,82.2,82.34,82.12,82.34,546.3721,44912.777478,SOLUSDT,bybit
2026-06-01 02:40:00+00:00,82.34,82.89,82.27,82.66,7715.2799,638020.486358,SOLUSDT,bybit
2026-06-01 02:45:00+00:00,82.66,82.87,82.61,82.71,4329.6752,358251.75732,SOLUSDT,bybit
2026-06-01 02:50:00+00:00,82.71,82.8,82.65,82.75,718.9395,59482.943211,SOLUSDT,bybit
2026-06-01 02:55:00+00:00,82.75,82.8,82.68,82.68,816.0346,67511.219361,SOLUSDT,bybit
2026-06-01 03:00:00+00:00,82.68,82.97,82.67,82.88,2295.9332,190158.574168,SOLUSDT,bybit
2026-06-01 03:05:00+00:00,82.88,82.95,82.81,82.93,2044.7744,169459.250303,SOLUSDT,bybit
2026-06-01 03:10:00+00:00,82.93,82.93,82.75,82.77,300.1611,24864.492194,SOLUSDT,bybit
2026-06-01 03:15:00+00:00,82.77,82.86,82.61,82.82,2719.7482,225017.189978,SOLUSDT,bybit
2026-06-01 03:20:00+00:00,82.82,82.93,82.81,82.88,778.4481,64498.853887,SOLUSDT,bybit
2026-06-01 03:25:00+00:00,82.88,82.92,82.82,82.87,1071.5927,88819.704842,SOLUSDT,bybit
2026-06-01 03:30:00+00:00,82.87,82.98,82.87,82.94,377.2159,31285.014366,SOLUSDT,bybit
2026-06-01 03:35:00+00:00,82.94,82.94,82.73,82.73,1600.0197,132496.583829,SOLUSDT,bybit
2026-06-01 03:40:00+00:00,82.73,82.77,82.65,82.75,513.0481,42437.585048,SOLUSDT,bybit
2026-06-01 03:45:00+00:00,82.75,82.8,82.7,82.76,108.8251,9005.302534,SOLUSDT,bybit
2026-06-01 03:50:00+00:00,82.76,82.79,82.56,82.57,371.3236,30682.91887,SOLUSDT,bybit
2026-06-01 03:55:00+00:00,82.57,82.65,82.55,82.62,804.8459,66489.030098,SOLUSDT,bybit
2026-06-01 04:00:00+00:00,82.62,82.78,82.61,82.63,172.1154,14235.400597,SOLUSDT,bybit
2026-06-01 04:05:00+00:00,82.63,82.63,82.44,82.45,308.5759,25461.875433,SOLUSDT,bybit
2026-06-01 04:10:00+00:00,82.45,82.45,82.27,82.32,684.5262,56381.210027,SOLUSDT,bybit
2026-06-01 04:15:00+00:00,82.32,82.36,82.1,82.11,721.8494,59331.938419,SOLUSDT,bybit
2026-06-01 04:20:00+00:00,82.11,82.17,81.92,81.99,4153.4863,340739.983076,SOLUSDT,bybit
2026-06-01 04:25:00+00:00,81.99,82.0,81.84,81.91,641.6865,52565.258213,SOLUSDT,bybit
2026-06-01 04:30:00+00:00,81.91,82.07,81.87,82.01,445.375,36522.598646,SOLUSDT,bybit
2026-06-01 04:35:00+00:00,82.01,82.11,82.0,82.05,211.543,17361.095717,SOLUSDT,bybit
2026-06-01 04:40:00+00:00,82.05,82.11,82.02,82.08,522.7989,42888.807184,SOLUSDT,bybit
2026-06-01 04:45:00+00:00,82.08,82.08,81.76,81.88,1644.2189,134618.283064,SOLUSDT,bybit
2026-06-01 04:50:00+00:00,81.88,82.0,81.86,82.0,570.0404,46713.364623,SOLUSDT,bybit
2026-06-01 04:55:00+00:00,82.0,82.1,81.96,82.04,761.767,62519.215689,SOLUSDT,bybit
2026-06-01 05:00:00+00:00,82.04,82.06,81.91,82.06,847.5753,69487.990429,SOLUSDT,bybit
2026-06-01 05:05:00+00:00,82.06,82.09,81.95,81.95,488.9979,40101.296519,SOLUSDT,bybit
2026-06-01 05:10:00+00:00,81.95,82.03,81.88,82.02,761.0279,62345.349066,SOLUSDT,bybit
2026-06-01 05:15:00+00:00,82.02,82.04,81.92,81.96,1391.1162,114062.931263,SOLUSDT,bybit
2026-06-01 05:20:00+00:00,81.96,82.11,81.96,82.0,677.239,55562.014835,SOLUSDT,bybit
2026-06-01 05:25:00+00:00,82.0,82.0,81.75,81.78,4325.9199,353863.691132,SOLUSDT,bybit
2026-06-01 05:30:00+00:00,81.78,81.88,81.76,81.76,1452.2022,118779.068224,SOLUSDT,bybit
2026-06-01 05:35:00+00:00,81.76,81.84,81.63,81.83,1174.9041,96035.582425,SOLUSDT,bybit
2026-06-01 05:40:00+00:00,81.83,81.93,81.83,81.93,374.2878,30642.777955,SOLUSDT,bybit
2026-06-01 05:45:00+00:00,81.93,82.04,81.86,81.97,3685.9701,302142.539815,SOLUSDT,bybit
2026-06-01 05:50:00+00:00,81.97,81.98,81.88,81.92,476.3307,39026.838211,SOLUSDT,bybit
2026-06-01 05:55:00+00:00,81.92,81.92,81.77,81.82,354.399,29004.974687,SOLUSDT,bybit
2026-06-01 06:00:00+00:00,81.82,81.88,81.73,81.77,530.0423,43362.494961,SOLUSDT,bybit
2026-06-01 06:05:00+00:00,81.77,81.77,81.49,81.56,12421.8912,1014503.408376,SOLUSDT,bybit
2026-06-01 06:10:00+00:00,81.56,81.68,81.54,81.64,1079.9327,88120.902858,SOLUSDT,bybit
2026-06-01 06:15:00+00:00,81.64,81.69,81.56,81.56,1543.0879,125961.791529,SOLUSDT,bybit
2026-06-01 06:20:00+00:00,81.56,81.56,81.39,81.5,3997.3957,325668.854569,SOLUSDT,bybit
2026-06-01 06:25:00+00:00,81.5,81.5,81.39,81.45,1154.7702,94056.228854,SOLUSDT,bybit
2026-06-01 06:30:00+00:00,81.45,81.48,81.28,81.42,1873.0635,152465.967646,SOLUSDT,bybit
2026-06-01 06:35:00+00:00,81.42,81.43,81.3,81.39,1657.7295,134858.755546,SOLUSDT,bybit
2026-06-01 06:40:00+00:00,81.39,81.4,81.16,81.17,3898.3341,316969.9779,SOLUSDT,bybit
2026-06-01 06:45:00+00:00,81.17,81.49,81.13,81.46,4796.1353,389526.749883,SOLUSDT,bybit
2026-06-01 06:50:00+00:00,81.46,81.52,81.44,81.44,771.0643,62827.491145,SOLUSDT,bybit
2026-06-01 06:55:00+00:00,81.44,81.48,81.34,81.45,1751.546,142510.948843,SOLUSDT,bybit
2026-06-01 07:00:00+00:00,81.45,81.51,81.35,81.48,1054.366,85877.505406,SOLUSDT,bybit
2026-06-01 07:05:00+00:00,81.48,81.58,81.46,81.54,641.9178,52322.503078,SOLUSDT,bybit
2026-06-01 07:10:00+00:00,81.54,81.57,81.41,81.46,524.3357,42714.418329,SOLUSDT,bybit
2026-06-01 07:15:00+00:00,81.46,81.51,81.27,81.48,2078.1034,169228.21684,SOLUSDT,bybit
2026-06-01 07:20:00+00:00,81.48,81.52,81.29,81.34,978.2031,79570.632973,SOLUSDT,bybit
2026-06-01 07:25:00+00:00,81.34,81.39,81.25,81.25,284.3828,23132.724887,SOLUSDT,bybit
