open_time,open,high,low,close,volume,vol_ccy,vol_quote,confirm,symbol,exchange
2026-05-27 07:35:00+00:00,0.2403,0.2404,0.2401,0.2401,7517.0852,1806.20833631,1806.20833631,1,ADAUSDT,okx
2026-05-27 07:40:00+00:00,0.2401,0.2401,0.24,0.2401,5861.0366,1407.10876754,1407.10876754,1,ADAUSDT,okx
2026-05-27 07:45:00+00:00,0.2402,0.2402,0.24,0.24,3336.6628,801.42818795,801.42818795,1,ADAUSDT,okx
2026-05-27 07:50:00+00:00,0.24,0.2402,0.2398,0.2402,25366.8406,6091.75892038,6091.75892038,1,ADAUSDT,okx
2026-05-27 07:55:00+00:00,0.2403,0.2405,0.2403,0.2405,9943.7189,2390.10991937,2390.10991937,1,ADAUSDT,okx
2026-05-27 08:00:00+00:00,0.2405,0.2408,0.2403,0.2408,18853.3138,4536.58549019,4536.58549019,1,ADAUSDT,okx
2026-05-27 08:05:00+00:00,0.2409,0.2411,0.2406,0.2406,13026.2809,3138.56724324,3138.56724324,1,ADAUSDT,okx
2026-05-27 08:10:00+00:00,0.2407,0.2409,0.2406,0.2407,11979.4048,2883.53805724,2883.53805724,1,ADAUSDT,okx
2026-05-27 08:15:00+00:00,0.2407,0.2407,0.2404,0.2405,8190.1439,1970.21204413,1970.21204413,1,ADAUSDT,okx
2026-05-27 08:20:00+00:00,0.2406,0.241,0.2405,0.2408,24896.6792,5993.26923877,5993.26923877,1,ADAUSDT,okx
2026-05-27 08:25:00+00:00,0.2409,0.2411,0.2409,0.2409,19381.4771,4671.22970892,4671.22970892,1,ADAUSDT,okx
2026-05-27 08:30:00+00:00,0.241,0.2412,0.2408,0.2409,52869.1502,12741.01160644,12741.01160644,1,ADAUSDT,okx
2026-05-27 08:35:00+00:00,0.2408,0.241,0.2408,0.241,547.2885,131.82749464,131.82749464,1,ADAUSDT,okx
2026-05-27 08:40:00+00:00,0.241,0.241,0.2408,0.2409,718.2923,173.04685466,173.04685466,1,ADAUSDT,okx
2026-05-27 08:45:00+00:00,0.2409,0.2409,0.2404,0.2405,64238.2967,15453.85245784,15453.85245784,1,ADAUSDT,okx
2026-05-27 08:50:00+00:00,0.2406,0.2406,0.2399,0.2401,62285.1028,14955.79648704,14955.79648704,1,ADAUSDT,okx
2026-05-27 08:55:00+00:00,0.2401,0.2402,0.2397,0.2398,53269.9198,12778.45883379,12778.45883379,1,ADAUSDT,okx
2026-05-27 09:00:00+00:00,0.2399,0.2399,0.2391,0.2394,71723.2065,17185.89824442,17185.89824442,1,ADAUSDT,okx
2026-05-27 09:05:00+00:00,0.2394,0.2396,0.2393,0.2394,27082.7118,6484.18339,6484.18339,1,ADAUSDT,okx
2026-05-27 09:10:00+00:00,0.2395,0.2396,0.2393,0.2394,61475.9654,14713.31241975,14713.31241975,1,ADAUSDT,okx
2026-05-27 09:15:00+00:00,0.2394,0.2394,0.239,0.2392,63441.9424,15168.4519331,15168.4519331,1,ADAUSDT,okx
2026-05-27 09:20:00+00:00,0.2393,0.2396,0.2393,0.2395,22588.8878,5409.27969251,5409.27969251,1,ADAUSDT,okx
2026-05-27 09:25:00+00:00,0.2395,0.2396,0.239,0.2391,38875.6144,9299.534901,9299.534901,1,ADAUSDT,okx
2026-05-27 09:30:00+00:00,0.2392,0.2395,0.2392,0.2394,18902.5808,4523.41558293,4523.41558293,1,ADAUSDT,okx
2026-05-27 09:35:00+00:00,0.2396,0.2399,0.2396,0.2399,7324.1894,1756.61492491,1756.61492491,1,ADAUSDT,okx
2026-05-27 09:40:00+00:00,0.2398,0.2399,0.2396,0.2396,8440.7471,2023.21502197,2023.21502197,1,ADAUSDT,okx
2026-05-27 09:45:00+00:00,0.2396,0.2397,0.2396,0.2396,9385.114,2248.87105278,2248.87105278,1,ADAUSDT,okx
2026-05-27 09:50:00+00:00,0.2396,0.2397,0.2392,0.2393,55963.0175,13395.69552962,13395.69552962,1,ADAUSDT,okx
2026-05-27 09:55:00+00:00,0.2393,0.2395,0.2392,0.2394,20359.0151,4872.85607289,4872.85607289,1,ADAUSDT,okx
2026-05-27 10:00:00+00:00,0.2394,0.2396,0.2392,0.2393,51228.913,12262.74972457,12262.74972457,1,ADAUSDT,okx
2026-05-27 10:05:00+00:00,0.2393,0.2396,0.2393,0.2395,21011.6905,5030.7863103,5030.7863103,1,ADAUSDT,okx
2026-05-27 10:10:00+00:00,0.2395,0.2398,0.2394,0.2398,24293.4742,5819.6630927,5819.6630927,1,ADAUSDT,okx
2026-05-27 10:15:00+00:00,0.2398,0.2402,0.2398,0.24,22444.3724,5387.20434295,5387.20434295,1,ADAUSDT,okx
2026-05-27 10:20:00+00:00,0.24,0.2401,0.2398,0.24,57762.751,13862.18373922,13862.18373922,1,ADAUSDT,okx
2026-05-27 10:25:00+00:00,0.2401,0.2405,0.2401,0.2402,12631.6422,3035.25806202,3035.25806202,1,ADAUSDT,okx
2026-05-27 10:30:00+00:00,0.2402,0.2404,0.24,0.24,34519.6837,8292.9210717,8292.9210717,1,ADAUSDT,okx
2026-05-27 10:35:00+00:00,0.24,0.2401,0.2398,0.2398,19524.2839,4685.87526153,4685.87526153,1,ADAUSDT,okx
2026-05-27 10:40:00+00:00,0.2397,0.2398,0.2396,0.2397,9759.8752,2339.41558549,2339.41558549,1,ADAUSDT,okx
2026-05-27 10:45:00+00:00,0.2397,0.24,0.2397,0.2397,10283.0134,2465.32954339,2465.32954339,1,ADAUSDT,okx
2026-05-27 10:50:00+00:00,0.2398,0.2398,0.2396,0.2397,33063.4898,7927.94776831,7927.94776831,1,ADAUSDT,okx
2026-05-27 10:55:00+00:00,0.2397,0.2398,0.2396,0.2397,5395.3501,1293.33130054,1293.33130054,1,ADAUSDT,okx
2026-05-27 11:00:00+00:00,0.2397,0.2401,0.2396,0.2399,53482.3889,12827.21759538,12827.21759538,1,ADAUSDT,okx
2026-05-27 11:05:00+00:00,0.24,0.24,0.2398,0.2398,3579.4409,858.89608719,858.89608719,1,ADAUSDT,okx
2026-05-27 11:10:00+00:00,0.2399,0.2401,0.2397,0.24,153883.2469,36909.62033431,36909.62033431,1,ADAUSDT,okx
2026-05-27 11:15:00+00:00,0.2401,0.2403,0.2398,0.2399,77492.2581,18599.54442073,18599.54442073,1,ADAUSDT,okx
2026-05-27 11:20:00+00:00,0.2399,0.2402,0.2399,0.2402,60979.8545,14638.53647734,14638.53647734,1,ADAUSDT,okx
2026-05-27 11:25:00+00:00,0.2401,0.2402,0.2399,0.24,69220.9296,16621.54038566,16621.54038566,1,ADAUSDT,okx
2026-05-27 11:30:00+00:00,0.2399,0.24,0.2395,0.2396,45976.0626,11020.18995028,11020.18995028,1,ADAUSDT,okx
2026-05-27 11:35:00+00:00,0.2397,0.2402,0.2397,0.2401,92911.3294,22298.20863718,22298.20863718,1,ADAUSDT,okx
2026-05-27 11:40:00+00:00,0.2401,0.2401,0.2397,0.2398,127320.2709,30543.58230553,30543.58230553,1,ADAUSDT,okx
2026-05-27 11:45:00+00:00,0.2399,0.24,0.2396,0.2396,58837.5059,14111.31871774,14111.31871774,1,ADAUSDT,okx
2026-05-27 11:50:00+00:00,0.2397,0.2398,0.2396,0.2396,65822.1311,15777.05601071,15777.05601071,1,ADAUSDT,okx
2026-05-27 11:55:00+00:00,0.2396,0.2399,0.2396,0.2396,54260.0753,13005.70827209,13005.70827209,1,ADAUSDT,okx
2026-05-27 12:00:00+00:00,0.2396,0.2397,0.2387,0.2391,284979.0585,68154.41306466,68154.41306466,1,ADAUSDT,okx
2026-05-27 12:05:00+00:00,0.2391,0.2393,0.2385,0.2391,56359.5536,13455.78818269,13455.78818269,1,ADAUSDT,okx
2026-05-27 12:10:00+00:00,0.239,0.2391,0.2386,0.239,48137.1096,11499.48591148,11499.48591148,1,ADAUSDT,okx
2026-05-27 12:15:00+00:00,0.239,0.2401,0.2388,0.24,143455.6063,34314.30229588,34314.30229588,1,ADAUSDT,okx
2026-05-27 12:20:00+00:00,0.2399,0.2417,0.2399,0.2403,213353.1222,51397.49740181,51397.49740181,1,ADAUSDT,okx
2026-05-27 12:25:00+00:00,0.2405,0.2409,0.2404,0.2407,44290.5695,10659.95580782,10659.95580782,1,ADAUSDT,okx
2026-05-27 12:30:00+00:00,0.2408,0.2409,0.24,0.24,67787.8628,16304.10211387,16304.10211387,1,ADAUSDT,okx
2026-05-27 12:35:00+00:00,0.2402,0.241,0.2402,0.2409,132337.9646,31856.0578296,31856.0578296,1,ADAUSDT,okx
2026-05-27 12:40:00+00:00,0.2409,0.2411,0.2407,0.2409,21499.4066,5179.40598466,5179.40598466,1,ADAUSDT,okx
2026-05-27 12:45:00+00:00,0.2409,0.2409,0.2405,0.2408,48443.7128,11661.70451623,11661.70451623,1,ADAUSDT,okx
2026-05-27 12:50:00+00:00,0.2408,0.2409,0.2405,0.2408,34249.8932,8243.90442032,8243.90442032,1,ADAUSDT,okx
2026-05-27 12:55:00+00:00,0.2408,0.2408,0.2402,0.2402,112635.4263,27080.21655726,27080.21655726,1,ADAUSDT,okx
2026-05-27 13:00:00+00:00,0.2402,0.2405,0.2398,0.2398,46370.8061,11138.37186295,11138.37186295,1,ADAUSDT,okx
2026-05-27 13:05:00+00:00,0.2398,0.24,0.2393,0.2394,55964.2063,13413.39354507,13413.39354507,1,ADAUSDT,okx
2026-05-27 13:10:00+00:00,0.2395,0.2396,0.2393,0.2395,28034.1778,6713.64038912,6713.64038912,1,ADAUSDT,okx
2026-05-27 13:15:00+00:00,0.2396,0.2396,0.2392,0.2394,68105.8382,16299.37727977,16299.37727977,1,ADAUSDT,okx
2026-05-27 13:20:00+00:00,0.2394,0.2394,0.2391,0.2394,39973.2873,9565.67984595,9565.67984595,1,ADAUSDT,okx
2026-05-27 13:25:00+00:00,0.2395,0.2395,0.2386,0.2388,118413.5959,28280.62390606,28280.62390606,1,ADAUSDT,okx
2026-05-27 13:30:00+00:00,0.2388,0.239,0.2379,0.2388,253377.6139,60349.48773146,60349.48773146,1,ADAUSDT,okx
2026-05-27 13:35:00+00:00,0.2388,0.239,0.2374,0.238,178796.4779,42546.45567799,42546.45567799,1,ADAUSDT,okx
2026-05-27 13:40:00+00:00,0.2378,0.238,0.2375,0.2377,76617.7493,18212.63266888,18212.63266888,1,ADAUSDT,okx
2026-05-27 13:45:00+00:00,0.2377,0.2385,0.2376,0.2383,108945.3667,25945.53867394,25945.53867394,1,ADAUSDT,okx
2026-05-27 13:50:00+00:00,0.2383,0.2389,0.238,0.2388,148045.1882,35278.30796464,35278.30796464,1,ADAUSDT,okx
2026-05-27 13:55:00+00:00,0.2387,0.2391,0.2387,0.2391,53856.4708,12864.70867206,12864.70867206,1,ADAUSDT,okx
2026-05-27 14:00:00+00:00,0.2392,0.2402,0.2392,0.2399,106628.9941,25569.73611526,25569.73611526,1,ADAUSDT,okx
2026-05-27 14:05:00+00:00,0.2399,0.2399,0.239,0.2391,122503.2714,29303.39178913,29303.39178913,1,ADAUSDT,okx
2026-05-27 14:10:00+00:00,0.2391,0.2392,0.2387,0.2389,85839.7957,20503.46834064,20503.46834064,1,ADAUSDT,okx
2026-05-27 14:15:00+00:00,0.2389,0.2393,0.2388,0.2393,19949.549,4768.2216169,4768.2216169,1,ADAUSDT,okx
2026-05-27 14:20:00+00:00,0.2392,0.2392,0.2384,0.2386,56567.3923,13507.36572482,13507.36572482,1,ADAUSDT,okx
2026-05-27 14:25:00+00:00,0.2385,0.2387,0.238,0.2387,86572.3196,20639.32764671,20639.32764671,1,ADAUSDT,okx
2026-05-27 14:30:00+00:00,0.2387,0.2395,0.2386,0.2393,206485.4,49338.1368589,49338.1368589,1,ADAUSDT,okx
2026-05-27 14:35:00+00:00,0.2393,0.2395,0.2387,0.239,179229.6259,42864.79333843,42864.79333843,1,ADAUSDT,okx
2026-05-27 14:40:00+00:00,0.239,0.2391,0.2384,0.2389,111564.8862,26611.13079739,26611.13079739,1,ADAUSDT,okx
2026-05-27 14:45:00+00:00,0.2389,0.2397,0.2389,0.2397,166967.2186,39981.77543352,39981.77543352,1,ADAUSDT,okx
2026-05-27 14:50:00+00:00,0.2397,0.2402,0.2394,0.2402,93494.181,22403.80779173,22403.80779173,1,ADAUSDT,okx
2026-05-27 14:55:00+00:00,0.2401,0.2402,0.2397,0.2399,104937.8825,25176.60295341,25176.60295341,1,ADAUSDT,okx
2026-05-27 15:00:00+00:00,0.2399,0.2407,0.2398,0.2405,174269.0533,41871.10916971,41871.10916971,1,ADAUSDT,okx
2026-05-27 15:05:00+00:00,0.2403,0.2409,0.2403,0.2408,77139.1998,18550.35448707,18550.35448707,1,ADAUSDT,okx
2026-05-27 15:10:00+00:00,0.2407,0.2415,0.2407,0.2414,279083.3235,67320.55796118,67320.55796118,1,ADAUSDT,okx
2026-05-27 15:15:00+00:00,0.2413,0.2422,0.2413,0.2416,96008.5285,23216.25249989,23216.25249989,1,ADAUSDT,okx
2026-05-27 15:20:00+00:00,0.2416,0.2425,0.2416,0.2425,69072.508,16718.87930358,16718.87930358,1,ADAUSDT,okx
2026-05-27 15:25:00+00:00,0.2425,0.2425,0.242,0.2422,70845.0092,17162.29637938,17162.29637938,1,ADAUSDT,okx
2026-05-27 15:30:00+00:00,0.2422,0.2435,0.2422,0.2424,404571.3403,98136.29893105,98136.29893105,1,ADAUSDT,okx
2026-05-27 15:35:00+00:00,0.2425,0.2428,0.2421,0.2422,122475.8948,29689.88427216,29689.88427216,1,ADAUSDT,okx
2026-05-27 15:40:00+00:00,0.2424,0.2424,0.2416,0.2416,71017.1477,17183.6792231,17183.6792231,1,ADAUSDT,okx
2026-05-27 15:45:00+00:00,0.2418,0.2419,0.2417,0.2417,33308.1871,8051.95319869,8051.95319869,1,ADAUSDT,okx
2026-05-27 15:50:00+00:00,0.2417,0.2418,0.2408,0.2412,147558.6386,35581.07380016,35581.07380016,1,ADAUSDT,okx
2026-05-27 15:55:00+00:00,0.2412,0.2415,0.241,0.2414,14842.7013,3581.21677482,3581.21677482,1,ADAUSDT,okx
2026-05-27 16:00:00+00:00,0.2415,0.242,0.2415,0.2415,92034.5581,22239.50773342,22239.50773342,1,ADAUSDT,okx
2026-05-27 16:05:00+00:00,0.2415,0.2415,0.2412,0.2414,37788.0127,9123.19434242,9123.19434242,1,ADAUSDT,okx
2026-05-27 16:10:00+00:00,0.2414,0.2415,0.2414,0.2414,26307.5048,6352.83430786,6352.83430786,1,ADAUSDT,okx
2026-05-27 16:15:00+00:00,0.2414,0.2414,0.2405,0.2408,88906.0216,21405.34171015,21405.34171015,1,ADAUSDT,okx
2026-05-27 16:20:00+00:00,0.2407,0.2408,0.2405,0.2408,28727.9787,6914.58218532,6914.58218532,1,ADAUSDT,okx
2026-05-27 16:25:00+00:00,0.2409,0.241,0.2408,0.241,12192.8311,2938.10872368,2938.10872368,1,ADAUSDT,okx
2026-05-27 16:30:00+00:00,0.241,0.2412,0.2406,0.2406,50741.7481,12223.58728723,12223.58728723,1,ADAUSDT,okx
2026-05-27 16:35:00+00:00,0.2406,0.2407,0.2401,0.2404,39788.9029,9568.55221678,9568.55221678,1,ADAUSDT,okx
2026-05-27 16:40:00+00:00,0.2404,0.241,0.2404,0.2408,26456.0728,6369.32855836,6369.32855836,1,ADAUSDT,okx
2026-05-27 16:45:00+00:00,0.2409,0.241,0.2407,0.2409,67616.2817,16280.9144127,16280.9144127,1,ADAUSDT,okx
2026-05-27 16:50:00+00:00,0.2409,0.2413,0.2409,0.241,101730.3727,24524.06680302,24524.06680302,1,ADAUSDT,okx
2026-05-27 16:55:00+00:00,0.2411,0.2413,0.2411,0.2412,22627.0606,5456.62512885,5456.62512885,1,ADAUSDT,okx
2026-05-27 17:00:00+00:00,0.2412,0.2412,0.2404,0.2408,120848.4802,29082.39878056,29082.39878056,1,ADAUSDT,okx
2026-05-27 17:05:00+00:00,0.2408,0.2408,0.2399,0.2399,25361.9603,6090.89122712,6090.89122712,1,ADAUSDT,okx
2026-05-27 17:10:00+00:00,0.2401,0.2402,0.239,0.2392,170235.864,40732.18930843,40732.18930843,1,ADAUSDT,okx
2026-05-27 17:15:00+00:00,0.2392,0.2396,0.2387,0.2394,175890.5565,42049.86885998,42049.86885998,1,ADAUSDT,okx
2026-05-27 17:20:00+00:00,0.2395,0.24,0.2395,0.2397,31935.9602,7657.5911105,7657.5911105,1,ADAUSDT,okx
2026-05-27 17:25:00+00:00,0.2397,0.2397,0.2391,0.2395,23550.1132,5638.20411735,5638.20411735,1,ADAUSDT,okx
2026-05-27 17:30:00+00:00,0.2395,0.2395,0.2393,0.2394,12626.2833,3022.02479569,3022.02479569,1,ADAUSDT,okx
2026-05-27 17:35:00+00:00,0.2392,0.2395,0.2389,0.2394,19571.3615,4677.97863463,4677.97863463,1,ADAUSDT,okx
2026-05-27 17:40:00+00:00,0.2394,0.2394,0.2388,0.239,63884.9388,15261.14883149,15261.14883149,1,ADAUSDT,okx
2026-05-27 17:45:00+00:00,0.2389,0.2391,0.2387,0.2391,16318.4513,3897.03361464,3897.03361464,1,ADAUSDT,okx
2026-05-27 17:50:00+00:00,0.239,0.2391,0.2389,0.2389,5189.7955,1240.29134784,1240.29134784,1,ADAUSDT,okx
2026-05-27 17:55:00+00:00,0.2389,0.2389,0.2378,0.2384,399916.0378,95246.11233693,95246.11233693,1,ADAUSDT,okx
2026-05-27 18:00:00+00:00,0.2384,0.2385,0.238,0.238,60049.0439,14305.66135513,14305.66135513,1,ADAUSDT,okx
2026-05-27 18:05:00+00:00,0.2379,0.2387,0.2379,0.2384,38219.6138,9110.58317087,9110.58317087,1,ADAUSDT,okx
2026-05-27 18:10:00+00:00,0.2383,0.2384,0.2379,0.2383,54491.5464,12981.5013657,12981.5013657,1,ADAUSDT,okx
2026-05-27 18:15:00+00:00,0.2383,0.2387,0.2382,0.2387,30506.7201,7278.46648268,7278.46648268,1,ADAUSDT,okx
2026-05-27 18:20:00+00:00,0.2386,0.2388,0.2384,0.2386,40895.0657,9758.6247919,9758.6247919,1,ADAUSDT,okx
2026-05-27 18:25:00+00:00,0.2387,0.2388,0.2383,0.2387,119752.4455,28564.4003044,28564.4003044,1,ADAUSDT,okx
2026-05-27 18:30:00+00:00,0.2385,0.2385,0.2384,0.2384,10340.8505,2465.7304402,2465.7304402,1,ADAUSDT,okx
2026-05-27 18:35:00+00:00,0.2385,0.2387,0.2381,0.2386,190510.3961,45422.17354295,45422.17354295,1,ADAUSDT,okx
2026-05-27 18:40:00+00:00,0.2386,0.239,0.2386,0.2389,32968.3378,7874.08428972,7874.08428972,1,ADAUSDT,okx
2026-05-27 18:45:00+00:00,0.2391,0.2393,0.2388,0.2391,101034.5036,24158.62493072,24158.62493072,1,ADAUSDT,okx
2026-05-27 18:50:00+00:00,0.2392,0.2395,0.2391,0.2393,33432.0402,8000.09428911,8000.09428911,1,ADAUSDT,okx
2026-05-27 18:55:00+00:00,0.2393,0.2398,0.2393,0.2398,24473.9044,5866.0985982,5866.0985982,1,ADAUSDT,okx
2026-05-27 19:00:00+00:00,0.2398,0.2402,0.2398,0.2401,226607.5831,54383.21477272,54383.21477272,1,ADAUSDT,okx
2026-05-27 19:05:00+00:00,0.2401,0.2405,0.2401,0.2405,5634.7146,1353.1618331,1353.1618331,1,ADAUSDT,okx
2026-05-27 19:10:00+00:00,0.2406,0.241,0.2403,0.241,51897.0441,12483.69747097,12483.69747097,1,ADAUSDT,okx
2026-05-27 19:15:00+00:00,0.2409,0.2411,0.2406,0.2406,88965.8591,21424.87401728,21424.87401728,1,ADAUSDT,okx
2026-05-27 19:20:00+00:00,0.2406,0.2412,0.2406,0.2412,59741.5696,14390.14207841,14390.14207841,1,ADAUSDT,okx
2026-05-27 19:25:00+00:00,0.2411,0.2411,0.2409,0.2409,24926.8967,6009.78183977,6009.78183977,1,ADAUSDT,okx
2026-05-27 19:30:00+00:00,0.2408,0.2412,0.2408,0.241,61189.7029,14735.67517178,14735.67517178,1,ADAUSDT,okx
2026-05-27 19:35:00+00:00,0.2411,0.2412,0.2409,0.241,21100.9312,5085.73485988,5085.73485988,1,ADAUSDT,okx
2026-05-27 19:40:00+00:00,0.2409,0.2409,0.2405,0.2406,24037.2153,5784.00131682,5784.00131682,1,ADAUSDT,okx
2026-05-27 19:45:00+00:00,0.2407,0.2408,0.2404,0.2404,36711.9798,8832.19529974,8832.19529974,1,ADAUSDT,okx
2026-05-27 19:50:00+00:00,0.2404,0.2409,0.2404,0.2409,2848.8916,685.65707544,685.65707544,1,ADAUSDT,okx
2026-05-27 19:55:00+00:00,0.2411,0.2411,0.2409,0.241,24521.6154,5909.40394939,5909.40394939,1,ADAUSDT,okx
2026-05-27 20:00:00+00:00,0.2411,0.2411,0.2408,0.241,5586.5597,1346.25249437,1346.25249437,1,ADAUSDT,okx
2026-05-27 20:05:00+00:00,0.2408,0.2409,0.2407,0.2409,37419.0313,9011.58150563,9011.58150563,1,ADAUSDT,okx
2026-05-27 20:10:00+00:00,0.2409,0.2411,0.2409,0.241,23550.0531,5673.97981365,5673.97981365,1,ADAUSDT,okx
2026-05-27 20:15:00+00:00,0.241,0.2411,0.2408,0.2409,19076.7658,4596.80711689,4596.80711689,1,ADAUSDT,okx
2026-05-27 20:20:00+00:00,0.2412,0.2413,0.2406,0.2406,35910.6481,8648.72468092,8648.72468092,1,ADAUSDT,okx
2026-05-27 20:25:00+00:00,0.2406,0.2406,0.2399,0.2402,95174.2106,22852.28008568,22852.28008568,1,ADAUSDT,okx
2026-05-27 20:30:00+00:00,0.2401,0.2403,0.2399,0.2399,163782.5279,39327.421989,39327.421989,1,ADAUSDT,okx
2026-05-27 20:35:00+00:00,0.24,0.2401,0.24,0.2401,3958.0346,950.32260746,950.32260746,1,ADAUSDT,okx
2026-05-27 20:40:00+00:00,0.24,0.2404,0.24,0.2404,3416.6713,820.66558834,820.66558834,1,ADAUSDT,okx
2026-05-27 20:45:00+00:00,0.2404,0.2406,0.2404,0.2406,28838.1471,6936.83999071,6936.83999071,1,ADAUSDT,okx
2026-05-27 20:50:00+00:00,0.2405,0.2405,0.2403,0.2403,9182.1742,2207.4372877,2207.4372877,1,ADAUSDT,okx
2026-05-27 20:55:00+00:00,0.2404,0.2406,0.2404,0.2404,52787.8476,12696.31935682,12696.31935682,1,ADAUSDT,okx
2026-05-27 21:00:00+00:00,0.2404,0.2404,0.2401,0.2402,17329.9226,4162.60503183,4162.60503183,1,ADAUSDT,okx
2026-05-27 21:05:00+00:00,0.2401,0.2405,0.2401,0.2405,3827.793,919.63645204,919.63645204,1,ADAUSDT,okx
2026-05-27 21:10:00+00:00,0.2404,0.2408,0.2404,0.2405,45213.2841,10877.66031372,10877.66031372,1,ADAUSDT,okx
2026-05-27 21:15:00+00:00,0.2405,0.2405,0.2405,0.2405,4375.4319,1052.29137195,1052.29137195,1,ADAUSDT,okx
2026-05-27 21:20:00+00:00,0.2405,0.2406,0.2405,0.2405,19522.6055,4696.00151371,4696.00151371,1,ADAUSDT,okx
2026-05-27 21:25:00+00:00,0.2405,0.2406,0.2401,0.2401,11548.7257,2776.13618459,2776.13618459,1,ADAUSDT,okx
2026-05-27 21:30:00+00:00,0.24,0.24,0.239,0.2392,1497427.9903,358849.50274311,358849.50274311,1,ADAUSDT,okx
2026-05-27 21:35:00+00:00,0.2393,0.2393,0.2388,0.2388,57006.5865,13629.34011287,13629.34011287,1,ADAUSDT,okx
2026-05-27 21:40:00+00:00,0.2388,0.2388,0.2364,0.2377,2339603.2254,555217.5244047,555217.5244047,1,ADAUSDT,okx
2026-05-27 21:45:00+00:00,0.2378,0.2378,0.2357,0.2372,972189.9546,230054.98962565,230054.98962565,1,ADAUSDT,okx
2026-05-27 21:50:00+00:00,0.2371,0.2371,0.2366,0.2368,182762.6135,43288.50494593,43288.50494593,1,ADAUSDT,okx
2026-05-27 21:55:00+00:00,0.2368,0.2376,0.2363,0.2376,165024.5272,39115.61427241,39115.61427241,1,ADAUSDT,okx
2026-05-27 22:00:00+00:00,0.2376,0.2386,0.2368,0.2383,190705.3856,45304.76417906,45304.76417906,1,ADAUSDT,okx
2026-05-27 22:05:00+00:00,0.2383,0.2386,0.2377,0.2377,59997.2957,14291.68110665,14291.68110665,1,ADAUSDT,okx
2026-05-27 22:10:00+00:00,0.2376,0.2378,0.2371,0.2375,220495.1878,52343.09363927,52343.09363927,1,ADAUSDT,okx
2026-05-27 22:15:00+00:00,0.2374,0.2374,0.2362,0.2371,483073.7751,114272.96671502,114272.96671502,1,ADAUSDT,okx
2026-05-27 22:20:00+00:00,0.2372,0.2377,0.2372,0.2375,125375.9419,29754.68494912,29754.68494912,1,ADAUSDT,okx
2026-05-27 22:25:00+00:00,0.2375,0.2379,0.2374,0.2379,20754.8376,4930.17466113,4930.17466113,1,ADAUSDT,okx
2026-05-27 22:30:00+00:00,0.2377,0.2377,0.2371,0.2377,96335.1412,22859.17793329,22859.17793329,1,ADAUSDT,okx
2026-05-27 22:35:00+00:00,0.2376,0.2379,0.2376,0.2379,21152.592,5029.3196382,5029.3196382,1,ADAUSDT,okx
2026-05-27 22:40:00+00:00,0.238,0.2382,0.2377,0.2377,21617.3782,5143.73036363,5143.73036363,1,ADAUSDT,okx
2026-05-27 22:45:00+00:00,0.2376,0.238,0.2371,0.2371,196571.5658,46667.57210795,46667.57210795,1,ADAUSDT,okx
2026-05-27 22:50:00+00:00,0.2372,0.2372,0.2371,0.2372,38770.4681,9193.76977862,9193.76977862,1,ADAUSDT,okx
2026-05-27 22:55:00+00:00,0.2372,0.2374,0.2366,0.2366,44030.8515,10431.59217385,10431.59217385,1,ADAUSDT,okx
2026-05-27 23:00:00+00:00,0.2366,0.2369,0.2362,0.2369,66279.4571,15675.80911459,15675.80911459,1,ADAUSDT,okx
2026-05-27 23:05:00+00:00,0.2369,0.2371,0.2365,0.2371,79224.494,18749.90092735,18749.90092735,1,ADAUSDT,okx
2026-05-27 23:10:00+00:00,0.2371,0.2374,0.2371,0.2374,15951.2095,3784.44013093,3784.44013093,1,ADAUSDT,okx
2026-05-27 23:15:00+00:00,0.2374,0.2376,0.2372,0.2375,118001.8031,28016.05105475,28016.05105475,1,ADAUSDT,okx
2026-05-27 23:20:00+00:00,0.2376,0.2377,0.2365,0.2366,57063.961,13519.35621722,13519.35621722,1,ADAUSDT,okx
2026-05-27 23:25:00+00:00,0.2365,0.2367,0.2363,0.2366,79882.3537,18887.32338949,18887.32338949,1,ADAUSDT,okx
2026-05-27 23:30:00+00:00,0.2366,0.2372,0.2366,0.2366,149208.4907,35333.83774525,35333.83774525,1,ADAUSDT,okx
2026-05-27 23:35:00+00:00,0.2365,0.2368,0.2361,0.2368,130335.2424,30802.34614591,30802.34614591,1,ADAUSDT,okx
2026-05-27 23:40:00+00:00,0.2369,0.2371,0.2367,0.237,37043.668,8777.53344226,8777.53344226,1,ADAUSDT,okx
2026-05-27 23:45:00+00:00,0.2369,0.2375,0.2369,0.2375,6678.5421,1584.64896679,1584.64896679,1,ADAUSDT,okx
2026-05-27 23:50:00+00:00,0.2374,0.2374,0.237,0.2373,29316.517,6953.59989298,6953.59989298,1,ADAUSDT,okx
2026-05-27 23:55:00+00:00,0.2374,0.2376,0.2372,0.2372,13118.4134,3113.68554396,3113.68554396,1,ADAUSDT,okx
2026-05-28 00:00:00+00:00,0.2372,0.2377,0.2371,0.2376,35773.5373,8497.3428797,8497.3428797,1,ADAUSDT,okx
2026-05-28 00:05:00+00:00,0.2377,0.2379,0.2375,0.2377,152573.1069,36261.18885344,36261.18885344,1,ADAUSDT,okx
2026-05-28 00:10:00+00:00,0.2378,0.2378,0.2374,0.2378,55119.3008,13096.03666739,13096.03666739,1,ADAUSDT,okx
2026-05-28 00:15:00+00:00,0.2378,0.2383,0.2378,0.2382,48130.5353,11463.0083693,11463.0083693,1,ADAUSDT,okx
2026-05-28 00:20:00+00:00,0.2381,0.2384,0.2376,0.2378,139293.7584,33154.20945763,33154.20945763,1,ADAUSDT,okx
2026-05-28 00:25:00+00:00,0.2377,0.2377,0.2372,0.2377,70901.2988,16831.78894992,16831.78894992,1,ADAUSDT,okx
2026-05-28 00:30:00+00:00,0.2377,0.2381,0.2377,0.238,31777.235,7561.5854927,7561.5854927,1,ADAUSDT,okx
2026-05-28 00:35:00+00:00,0.2381,0.2382,0.238,0.2381,11068.6165,2635.0128762,2635.0128762,1,ADAUSDT,okx
2026-05-28 00:40:00+00:00,0.238,0.2384,0.238,0.2382,20382.6187,4855.03685398,4855.03685398,1,ADAUSDT,okx
2026-05-28 00:45:00+00:00,0.2382,0.2382,0.238,0.238,52446.0314,12487.15273815,12487.15273815,1,ADAUSDT,okx
2026-05-28 00:50:00+00:00,0.238,0.2381,0.2376,0.2381,88703.8352,21092.37481629,21092.37481629,1,ADAUSDT,okx
2026-05-28 00:55:00+00:00,0.2381,0.2382,0.2377,0.2382,10986.9876,2614.78515517,2614.78515517,1,ADAUSDT,okx
2026-05-28 01:00:00+00:00,0.2383,0.2384,0.2381,0.2382,11173.182,2662.26364137,2662.26364137,1,ADAUSDT,okx
2026-05-28 01:05:00+00:00,0.2381,0.2382,0.2379,0.238,15998.9938,3808.05205149,3808.05205149,1,ADAUSDT,okx
2026-05-28 01:10:00+00:00,0.238,0.238,0.2374,0.2377,32942.6905,7835.64686205,7835.64686205,1,ADAUSDT,okx
2026-05-28 01:15:00+00:00,0.2377,0.2377,0.2362,0.237,164135.4135,38841.19406674,38841.19406674,1,ADAUSDT,okx
2026-05-28 01:20:00+00:00,0.2371,0.2377,0.2367,0.2375,46521.4801,11031.02926271,11031.02926271,1,ADAUSDT,okx
2026-05-28 01:25:00+00:00,0.2374,0.2374,0.236,0.2366,70790.1047,16727.08582145,16727.08582145,1,ADAUSDT,okx
2026-05-28 01:30:00+00:00,0.2365,0.237,0.2363,0.2367,62270.8787,14737.30491776,14737.30491776,1,ADAUSDT,okx
2026-05-28 01:35:00+00:00,0.2367,0.2371,0.2366,0.2368,11414.68,2704.07686273,2704.07686273,1,ADAUSDT,okx
2026-05-28 01:40:00+00:00,0.2368,0.2371,0.2363,0.2371,16414.219,3884.77454355,3884.77454355,1,ADAUSDT,okx
2026-05-28 01:45:00+00:00,0.237,0.2377,0.237,0.2377,20960.8848,4977.27293447,4977.27293447,1,ADAUSDT,okx
2026-05-28 01:50:00+00:00,0.2377,0.2378,0.2372,0.2375,139415.9741,33107.31176376,33107.31176376,1,ADAUSDT,okx
2026-05-28 01:55:00+00:00,0.2374,0.2376,0.2372,0.2374,6403.0752,1520.85684105,1520.85684105,1,ADAUSDT,okx
2026-05-28 02:00:00+00:00,0.2374,0.2378,0.237,0.2372,36520.9643,8671.36705482,8671.36705482,1,ADAUSDT,okx
2026-05-28 02:05:00+00:00,0.2372,0.2377,0.2371,0.2377,19606.2772,4656.07228064,4656.07228064,1,ADAUSDT,okx
2026-05-28 02:10:00+00:00,0.2376,0.2377,0.2374,0.2375,56444.2486,13402.96394301,13402.96394301,1,ADAUSDT,okx
2026-05-28 02:15:00+00:00,0.2376,0.2377,0.2372,0.2372,4064.2338,964.84853709,964.84853709,1,ADAUSDT,okx
2026-05-28 02:20:00+00:00,0.2373,0.2373,0.2369,0.2372,25799.0759,6114.0195439,6114.0195439,1,ADAUSDT,okx
2026-05-28 02:25:00+00:00,0.2373,0.2375,0.2371,0.2372,5877.7803,1394.54854311,1394.54854311,1,ADAUSDT,okx
2026-05-28 02:30:00+00:00,0.2373,0.2374,0.237,0.2373,26801.6681,6358.91089921,6358.91089921,1,ADAUSDT,okx
2026-05-28 02:35:00+00:00,0.2372,0.2376,0.2368,0.2376,95697.7212,22682.54918242,22682.54918242,1,ADAUSDT,okx
2026-05-28 02:40:00+00:00,0.2375,0.2377,0.2374,0.2375,27483.4136,6530.90130518,6530.90130518,1,ADAUSDT,okx
2026-05-28 02:45:00+00:00,0.2374,0.2375,0.2373,0.2374,6400.1951,1519.54871033,1519.54871033,1,ADAUSDT,okx
2026-05-28 02:50:00+00:00,0.2374,0.2374,0.2371,0.2374,4663.8714,1106.44007329,1106.44007329,1,ADAUSDT,okx
2026-05-28 02:55:00+00:00,0.2374,0.2375,0.237,0.237,7380.4179,1750.86796579,1750.86796579,1,ADAUSDT,okx
2026-05-28 03:00:00+00:00,0.2371,0.2371,0.2367,0.2369,12910.8158,3059.52620779,3059.52620779,1,ADAUSDT,okx
2026-05-28 03:05:00+00:00,0.2369,0.2372,0.2368,0.2368,11528.486,2732.96290948,2732.96290948,1,ADAUSDT,okx
2026-05-28 03:10:00+00:00,0.2368,0.2368,0.2361,0.2365,68620.4578,16230.8499404,16230.8499404,1,ADAUSDT,okx
2026-05-28 03:15:00+00:00,0.2367,0.2367,0.233,0.2346,1378628.5728,323374.98071399,323374.98071399,1,ADAUSDT,okx
2026-05-28 03:20:00+00:00,0.2345,0.2358,0.2345,0.2357,356578.3721,83823.0312489,83823.0312489,1,ADAUSDT,okx
2026-05-28 03:25:00+00:00,0.2356,0.2356,0.2348,0.2348,111637.9469,26269.36777406,26269.36777406,1,ADAUSDT,okx
2026-05-28 03:30:00+00:00,0.2347,0.2349,0.2344,0.2345,138753.7137,32545.8184438,32545.8184438,1,ADAUSDT,okx
2026-05-28 03:35:00+00:00,0.2345,0.2345,0.2335,0.2339,371013.5258,86809.84616438,86809.84616438,1,ADAUSDT,okx
2026-05-28 03:40:00+00:00,0.234,0.2345,0.2337,0.2338,205078.7755,47983.41019809,47983.41019809,1,ADAUSDT,okx
2026-05-28 03:45:00+00:00,0.2337,0.2343,0.2336,0.2336,114385.0004,26753.7840729,26753.7840729,1,ADAUSDT,okx
2026-05-28 03:50:00+00:00,0.2335,0.2335,0.2322,0.2326,506675.0533,117959.68179234,117959.68179234,1,ADAUSDT,okx
2026-05-28 03:55:00+00:00,0.2325,0.2325,0.2315,0.2321,491788.8115,114021.15787922,114021.15787922,1,ADAUSDT,okx
2026-05-28 04:00:00+00:00,0.2321,0.2322,0.229,0.231,1577560.9413,363281.80897176,363281.80897176,1,ADAUSDT,okx
2026-05-28 04:05:00+00:00,0.2309,0.2317,0.2305,0.2315,169306.1293,39164.88443477,39164.88443477,1,ADAUSDT,okx
2026-05-28 04:10:00+00:00,0.2316,0.2317,0.2309,0.231,203135.8166,47024.06636225,47024.06636225,1,ADAUSDT,okx
2026-05-28 04:15:00+00:00,0.231,0.2312,0.2304,0.2306,145865.7059,33661.76706182,33661.76706182,1,ADAUSDT,okx
2026-05-28 04:20:00+00:00,0.2306,0.2306,0.2291,0.2296,557727.6948,128128.72908719,128128.72908719,1,ADAUSDT,okx
2026-05-28 04:25:00+00:00,0.2296,0.2299,0.2288,0.2298,260129.1766,59665.46036863,59665.46036863,1,ADAUSDT,okx
2026-05-28 04:30:00+00:00,0.2297,0.2306,0.2296,0.2305,164023.9603,37751.20761271,37751.20761271,1,ADAUSDT,okx
2026-05-28 04:35:00+00:00,0.2306,0.231,0.2302,0.2308,145628.8596,33577.69417322,33577.69417322,1,ADAUSDT,okx
2026-05-28 04:40:00+00:00,0.2308,0.2312,0.2308,0.2312,296361.7011,68476.8224555,68476.8224555,1,ADAUSDT,okx
2026-05-28 04:45:00+00:00,0.231,0.231,0.2306,0.231,137565.9345,31743.16108059,31743.16108059,1,ADAUSDT,okx
2026-05-28 04:50:00+00:00,0.2309,0.231,0.2305,0.2309,380408.6417,87815.5772009,87815.5772009,1,ADAUSDT,okx
2026-05-28 04:55:00+00:00,0.2309,0.2313,0.2309,0.2312,295957.464,68363.12593424,68363.12593424,1,ADAUSDT,okx
2026-05-28 05:00:00+00:00,0.2312,0.2313,0.2308,0.2308,169233.8139,39104.04980564,39104.04980564,1,ADAUSDT,okx
2026-05-28 05:05:00+00:00,0.2309,0.2309,0.2298,0.23,149573.4082,34454.358745,34454.358745,1,ADAUSDT,okx
2026-05-28 05:10:00+00:00,0.23,0.23,0.2285,0.229,600563.727,137691.73727009,137691.73727009,1,ADAUSDT,okx
2026-05-28 05:15:00+00:00,0.229,0.2291,0.228,0.2283,600098.8019,137105.11124747,137105.11124747,1,ADAUSDT,okx
2026-05-28 05:20:00+00:00,0.2284,0.2288,0.2281,0.2288,262265.3819,59919.68669524,59919.68669524,1,ADAUSDT,okx
2026-05-28 05:25:00+00:00,0.2287,0.2289,0.2283,0.2286,302731.2207,69241.64683405,69241.64683405,1,ADAUSDT,okx
2026-05-28 05:30:00+00:00,0.2287,0.2296,0.2287,0.2296,295849.581,67808.17316296,67808.17316296,1,ADAUSDT,okx
2026-05-28 05:35:00+00:00,0.2296,0.2298,0.2293,0.2298,182919.7158,41976.83323489,41976.83323489,1,ADAUSDT,okx
2026-05-28 05:40:00+00:00,0.2299,0.23,0.2297,0.2299,196120.6518,45085.74004285,45085.74004285,1,ADAUSDT,okx
2026-05-28 05:45:00+00:00,0.2299,0.23,0.2294,0.2297,101133.36,23238.55539771,23238.55539771,1,ADAUSDT,okx
2026-05-28 05:50:00+00:00,0.2297,0.2302,0.2297,0.2301,51378.486,11812.66840973,11812.66840973,1,ADAUSDT,okx
2026-05-28 05:55:00+00:00,0.2301,0.2301,0.2294,0.2297,84994.729,19528.95295299,19528.95295299,1,ADAUSDT,okx
2026-05-28 06:00:00+00:00,0.2298,0.2299,0.2296,0.2298,48775.7753,11205.3683262,11205.3683262,1,ADAUSDT,okx
2026-05-28 06:05:00+00:00,0.2297,0.2299,0.2294,0.2294,30102.3107,6912.83987978,6912.83987978,1,ADAUSDT,okx
2026-05-28 06:10:00+00:00,0.2293,0.2295,0.2292,0.2293,26809.251,6149.76306782,6149.76306782,1,ADAUSDT,okx
2026-05-28 06:15:00+00:00,0.2292,0.2294,0.2292,0.2292,9344.6737,2142.10076084,2142.10076084,1,ADAUSDT,okx
2026-05-28 06:20:00+00:00,0.2293,0.2295,0.2287,0.229,97074.3275,22234.44952586,22234.44952586,1,ADAUSDT,okx
2026-05-28 06:25:00+00:00,0.2289,0.2295,0.2288,0.2295,62013.9081,14211.45077313,14211.45077313,1,ADAUSDT,okx
2026-05-28 06:30:00+00:00,0.2295,0.2295,0.2289,0.2291,197418.2826,45251.70506318,45251.70506318,1,ADAUSDT,okx
2026-05-28 06:35:00+00:00,0.2291,0.2293,0.2287,0.2291,133905.1271,30669.55908896,30669.55908896,1,ADAUSDT,okx
2026-05-28 06:40:00+00:00,0.2291,0.2293,0.2289,0.2293,130555.8428,29906.33921497,29906.33921497,1,ADAUSDT,okx
2026-05-28 06:45:00+00:00,0.2294,0.2304,0.2294,0.2302,221558.5033,50927.23426533,50927.23426533,1,ADAUSDT,okx
2026-05-28 06:50:00+00:00,0.2301,0.2302,0.2298,0.23,77495.1078,17827.06861045,17827.06861045,1,ADAUSDT,okx
2026-05-28 06:55:00+00:00,0.2301,0.2304,0.23,0.2302,40622.1016,9349.6669728,9349.6669728,1,ADAUSDT,okx
2026-05-28 07:00:00+00:00,0.2303,0.2304,0.2299,0.23,62591.2203,14406.62915644,14406.62915644,1,ADAUSDT,okx
2026-05-28 07:05:00+00:00,0.2299,0.2304,0.2298,0.2304,21968.1264,5051.61872406,5051.61872406,1,ADAUSDT,okx
2026-05-28 07:10:00+00:00,0.2302,0.2305,0.23,0.2305,36782.7238,8472.86508008,8472.86508008,1,ADAUSDT,okx
2026-05-28 07:15:00+00:00,0.2304,0.231,0.2304,0.2306,159944.4326,36915.58497139,36915.58497139,1,ADAUSDT,okx
2026-05-28 07:20:00+00:00,0.2307,0.2309,0.2306,0.2307,95681.2413,22080.75627618,22080.75627618,1,ADAUSDT,okx
2026-05-28 07:25:00+00:00,0.2308,0.2308,0.2305,0.2305,33800.9825,7794.04257851,7794.04257851,1,ADAUSDT,okx
2026-05-28 07:30:00+00:00,0.2304,0.2307,0.2304,0.2307,16340.437,3767.76144398,3767.76144398,1,ADAUSDT,okx
2026-05-28 07:35:00+00:00,0.2308,0.2313,0.2308,0.2313,235338.6526,54385.75128279,54385.75128279,1,ADAUSDT,okx
2026-05-28 07:40:00+00:00,0.2311,0.2314,0.2311,0.2313,58538.2188,13530.78973176,13530.78973176,1,ADAUSDT,okx
2026-05-28 07:45:00+00:00,0.2313,0.2313,0.2311,0.2312,41839.6461,9674.47422341,9674.47422341,1,ADAUSDT,okx
2026-05-28 07:50:00+00:00,0.2313,0.2313,0.2311,0.2312,13971.8815,3231.48771368,3231.48771368,1,ADAUSDT,okx
2026-05-28 07:55:00+00:00,0.2313,0.2316,0.2311,0.2316,92004.6375,21289.90988697,21289.90988697,1,ADAUSDT,okx
2026-05-28 08:00:00+00:00,0.2316,0.2316,0.2309,0.2311,93478.4049,21608.33542291,21608.33542291,1,ADAUSDT,okx
2026-05-28 08:05:00+00:00,0.231,0.2315,0.231,0.2314,22967.8753,5312.12595111,5312.12595111,1,ADAUSDT,okx
2026-05-28 08:10:00+00:00,0.2313,0.2314,0.2312,0.2314,11569.8121,2676.24799731,2676.24799731,1,ADAUSDT,okx
2026-05-28 08:15:00+00:00,0.2314,0.2314,0.2309,0.231,31863.008,7364.58625764,7364.58625764,1,ADAUSDT,okx
2026-05-28 08:20:00+00:00,0.2309,0.2309,0.2305,0.2306,86524.9175,19958.27218253,19958.27218253,1,ADAUSDT,okx
2026-05-28 08:25:00+00:00,0.2306,0.2306,0.23,0.2302,71654.0051,16504.47272889,16504.47272889,1,ADAUSDT,okx
2026-05-28 08:30:00+00:00,0.2301,0.2301,0.2296,0.23,78118.3083,17948.74845011,17948.74845011,1,ADAUSDT,okx
2026-05-28 08:35:00+00:00,0.2301,0.2304,0.23,0.2303,24453.9745,5628.87124468,5628.87124468,1,ADAUSDT,okx
2026-05-28 08:40:00+00:00,0.2303,0.2304,0.2302,0.2302,52476.5567,12086.11710934,12086.11710934,1,ADAUSDT,okx
2026-05-28 08:45:00+00:00,0.2301,0.2305,0.2301,0.2303,38752.4025,8925.47804077,8925.47804077,1,ADAUSDT,okx
2026-05-28 08:50:00+00:00,0.2302,0.2303,0.2301,0.2303,8038.3168,1850.39746354,1850.39746354,1,ADAUSDT,okx
2026-05-28 08:55:00+00:00,0.2303,0.2304,0.2303,0.2304,5562.1605,1280.96660481,1280.96660481,1,ADAUSDT,okx
2026-05-28 09:00:00+00:00,0.2303,0.231,0.2303,0.2309,39401.035,9094.09692946,9094.09692946,1,ADAUSDT,okx
2026-05-28 09:05:00+00:00,0.2309,0.2309,0.2306,0.2307,13445.7723,3103.35699797,3103.35699797,1,ADAUSDT,okx
2026-05-28 09:10:00+00:00,0.2307,0.2308,0.2305,0.2308,5146.235,1187.17116893,1187.17116893,1,ADAUSDT,okx
2026-05-28 09:15:00+00:00,0.2309,0.2311,0.2308,0.2311,7054.6711,1629.2413358,1629.2413358,1,ADAUSDT,okx
2026-05-28 09:20:00+00:00,0.2312,0.2313,0.2311,0.2312,6812.787,1575.67405235,1575.67405235,1,ADAUSDT,okx
2026-05-28 09:25:00+00:00,0.2313,0.2314,0.2311,0.2312,15734.4853,3640.54885421,3640.54885421,1,ADAUSDT,okx
2026-05-28 09:30:00+00:00,0.2311,0.2313,0.2309,0.2313,16988.46,3926.0004667,3926.0004667,1,ADAUSDT,okx
2026-05-28 09:35:00+00:00,0.2313,0.2315,0.2311,0.2311,8470.2311,1958.72297606,1958.72297606,1,ADAUSDT,okx
2026-05-28 09:40:00+00:00,0.2313,0.2314,0.2312,0.2313,7233.346,1673.47691267,1673.47691267,1,ADAUSDT,okx
2026-05-28 09:45:00+00:00,0.2314,0.2319,0.2314,0.2319,22481.5703,5208.22863763,5208.22863763,1,ADAUSDT,okx
2026-05-28 09:50:00+00:00,0.232,0.232,0.2317,0.2318,17792.1597,4125.63689832,4125.63689832,1,ADAUSDT,okx
2026-05-28 09:55:00+00:00,0.2317,0.2317,0.2316,0.2316,14390.4525,3334.15660964,3334.15660964,1,ADAUSDT,okx
2026-05-28 10:00:00+00:00,0.2316,0.2318,0.2315,0.2316,13178.3261,3053.19588278,3053.19588278,1,ADAUSDT,okx
2026-05-28 10:05:00+00:00,0.2317,0.2318,0.2315,0.2316,52953.8551,12269.06728988,12269.06728988,1,ADAUSDT,okx
2026-05-28 10:10:00+00:00,0.2317,0.232,0.2316,0.2316,64309.4278,14910.27538207,14910.27538207,1,ADAUSDT,okx
2026-05-28 10:15:00+00:00,0.2316,0.2317,0.2308,0.2309,47922.9568,11074.63504973,11074.63504973,1,ADAUSDT,okx
2026-05-28 10:20:00+00:00,0.231,0.2311,0.2304,0.2305,23738.0187,5479.07808535,5479.07808535,1,ADAUSDT,okx
2026-05-28 10:25:00+00:00,0.2304,0.2306,0.2302,0.2306,28715.345,6613.22373907,6613.22373907,1,ADAUSDT,okx
2026-05-28 10:30:00+00:00,0.2306,0.2308,0.2306,0.2308,4176.1154,963.37312239,963.37312239,1,ADAUSDT,okx
2026-05-28 10:35:00+00:00,0.2309,0.2313,0.2309,0.2311,8753.4276,2021.33328744,2021.33328744,1,ADAUSDT,okx
2026-05-28 10:40:00+00:00,0.2312,0.2312,0.2308,0.2308,7290.8095,1684.07881868,1684.07881868,1,ADAUSDT,okx
2026-05-28 10:45:00+00:00,0.2307,0.231,0.2307,0.2308,8237.9482,1901.92697569,1901.92697569,1,ADAUSDT,okx
2026-05-28 10:50:00+00:00,0.2306,0.2306,0.2299,0.2303,103425.7723,23809.28231112,23809.28231112,1,ADAUSDT,okx
2026-05-28 10:55:00+00:00,0.2303,0.2304,0.2299,0.2299,22409.3442,5159.54290771,5159.54290771,1,ADAUSDT,okx
2026-05-28 11:00:00+00:00,0.2299,0.23,0.2297,0.2297,43126.417,9912.50975614,9912.50975614,1,ADAUSDT,okx
2026-05-28 11:05:00+00:00,0.2296,0.2299,0.2296,0.2297,18940.4151,4353.50880046,4353.50880046,1,ADAUSDT,okx
2026-05-28 11:10:00+00:00,0.2298,0.2301,0.2298,0.23,14841.3318,3412.5072575,3412.5072575,1,ADAUSDT,okx
2026-05-28 11:15:00+00:00,0.2303,0.2304,0.2299,0.2299,32420.008,7460.62368699,7460.62368699,1,ADAUSDT,okx
2026-05-28 11:20:00+00:00,0.23,0.23,0.2296,0.2299,17675.217,4062.13919173,4062.13919173,1,ADAUSDT,okx
2026-05-28 11:25:00+00:00,0.2301,0.2301,0.2295,0.2299,30405.7494,6980.69358599,6980.69358599,1,ADAUSDT,okx
2026-05-28 11:30:00+00:00,0.2299,0.2299,0.2296,0.2299,10430.7263,2396.52367498,2396.52367498,1,ADAUSDT,okx
2026-05-28 11:35:00+00:00,0.23,0.2301,0.2299,0.23,17137.3714,3941.59610914,3941.59610914,1,ADAUSDT,okx
2026-05-28 11:40:00+00:00,0.23,0.2301,0.2298,0.2301,18010.2208,4143.33211559,4143.33211559,1,ADAUSDT,okx
2026-05-28 11:45:00+00:00,0.23,0.23,0.2299,0.23,44129.1247,10147.71001858,10147.71001858,1,ADAUSDT,okx
2026-05-28 11:50:00+00:00,0.2299,0.2303,0.2299,0.2302,86621.039,19935.48618449,19935.48618449,1,ADAUSDT,okx
2026-05-28 11:55:00+00:00,0.2302,0.2302,0.2301,0.2302,9608.7043,2211.68417233,2211.68417233,1,ADAUSDT,okx
2026-05-28 12:00:00+00:00,0.2302,0.2305,0.2301,0.2301,59588.8057,13724.61795917,13724.61795917,1,ADAUSDT,okx
2026-05-28 12:05:00+00:00,0.23,0.2302,0.23,0.2302,6892.2275,1585.55111688,1585.55111688,1,ADAUSDT,okx
2026-05-28 12:10:00+00:00,0.2301,0.2301,0.2297,0.2297,34140.5314,7846.14969406,7846.14969406,1,ADAUSDT,okx
2026-05-28 12:15:00+00:00,0.2298,0.2299,0.2293,0.2295,65248.7925,14973.53583279,14973.53583279,1,ADAUSDT,okx
2026-05-28 12:20:00+00:00,0.2294,0.2297,0.2292,0.2292,75306.9406,17274.84502232,17274.84502232,1,ADAUSDT,okx
2026-05-28 12:25:00+00:00,0.2293,0.2299,0.2293,0.2298,74088.4915,16994.12446869,16994.12446869,1,ADAUSDT,okx
2026-05-28 12:30:00+00:00,0.2298,0.2308,0.2298,0.2306,26564.9639,6124.39596949,6124.39596949,1,ADAUSDT,okx
2026-05-28 12:35:00+00:00,0.2306,0.2313,0.2304,0.2313,60491.0173,13962.48256325,13962.48256325,1,ADAUSDT,okx
2026-05-28 12:40:00+00:00,0.2313,0.2316,0.2313,0.2314,93648.9278,21683.30617218,21683.30617218,1,ADAUSDT,okx
2026-05-28 12:45:00+00:00,0.2314,0.2317,0.2313,0.2315,44149.3775,10222.58496895,10222.58496895,1,ADAUSDT,okx
2026-05-28 12:50:00+00:00,0.2315,0.2317,0.2314,0.2316,24297.2908,5627.20254543,5627.20254543,1,ADAUSDT,okx
2026-05-28 12:55:00+00:00,0.2317,0.2318,0.2316,0.2317,22170.8367,5138.12409963,5138.12409963,1,ADAUSDT,okx
2026-05-28 13:00:00+00:00,0.2318,0.2326,0.2318,0.2323,73760.3035,17129.79248646,17129.79248646,1,ADAUSDT,okx
2026-05-28 13:05:00+00:00,0.2324,0.2324,0.2317,0.2318,285386.6263,66207.06227176,66207.06227176,1,ADAUSDT,okx
2026-05-28 13:10:00+00:00,0.2319,0.2319,0.2312,0.2316,202365.1176,46840.2754882,46840.2754882,1,ADAUSDT,okx
2026-05-28 13:15:00+00:00,0.2316,0.2318,0.2313,0.2316,24704.4025,5719.52469974,5719.52469974,1,ADAUSDT,okx
2026-05-28 13:20:00+00:00,0.2316,0.2316,0.2311,0.2313,27677.7279,6403.73534844,6403.73534844,1,ADAUSDT,okx
2026-05-28 13:25:00+00:00,0.2312,0.2317,0.2304,0.2316,139073.8599,32140.93782834,32140.93782834,1,ADAUSDT,okx
2026-05-28 13:30:00+00:00,0.2316,0.2319,0.2308,0.2308,117626.9673,27183.59607923,27183.59607923,1,ADAUSDT,okx
2026-05-28 13:35:00+00:00,0.2307,0.2308,0.2303,0.2306,136932.7526,31562.51174828,31562.51174828,1,ADAUSDT,okx
2026-05-28 13:40:00+00:00,0.2306,0.2314,0.2305,0.2309,81748.6048,18869.99303621,18869.99303621,1,ADAUSDT,okx
2026-05-28 13:45:00+00:00,0.231,0.2312,0.2307,0.231,40590.1577,9370.77895189,9370.77895189,1,ADAUSDT,okx
2026-05-28 13:50:00+00:00,0.231,0.2322,0.2309,0.2319,149309.5354,34587.03504398,34587.03504398,1,ADAUSDT,okx
2026-05-28 13:55:00+00:00,0.2317,0.2317,0.2313,0.2314,52805.9861,12222.11205063,12222.11205063,1,ADAUSDT,okx
2026-05-28 14:00:00+00:00,0.2314,0.2315,0.23,0.2307,171209.6909,39424.87810454,39424.87810454,1,ADAUSDT,okx
2026-05-28 14:05:00+00:00,0.2305,0.2307,0.2293,0.2307,307089.3433,70552.95893136,70552.95893136,1,ADAUSDT,okx
2026-05-28 14:10:00+00:00,0.2307,0.2324,0.2296,0.2324,519077.5783,119921.24641679,119921.24641679,1,ADAUSDT,okx
2026-05-28 14:15:00+00:00,0.2323,0.2341,0.2319,0.234,265940.2663,61932.5331948,61932.5331948,1,ADAUSDT,okx
2026-05-28 14:20:00+00:00,0.2339,0.2341,0.2322,0.2327,354277.5691,82466.26941274,82466.26941274,1,ADAUSDT,okx
2026-05-28 14:25:00+00:00,0.2326,0.2333,0.2325,0.233,148619.8302,34619.22391783,34619.22391783,1,ADAUSDT,okx
2026-05-28 14:30:00+00:00,0.2329,0.2338,0.2328,0.2331,89932.8231,20986.73103013,20986.73103013,1,ADAUSDT,okx
2026-05-28 14:35:00+00:00,0.233,0.2335,0.2326,0.233,26649.7602,6212.14511296,6212.14511296,1,ADAUSDT,okx
2026-05-28 14:40:00+00:00,0.2331,0.2335,0.2327,0.2329,119063.3299,27745.84057193,27745.84057193,1,ADAUSDT,okx
2026-05-28 14:45:00+00:00,0.233,0.2331,0.2323,0.2326,384113.5682,89391.53582089,89391.53582089,1,ADAUSDT,okx
2026-05-28 14:50:00+00:00,0.2327,0.2332,0.2326,0.2326,54210.6965,12621.19301898,12621.19301898,1,ADAUSDT,okx
2026-05-28 14:55:00+00:00,0.2326,0.2328,0.232,0.2323,177663.8704,41273.09261727,41273.09261727,1,ADAUSDT,okx
2026-05-28 15:00:00+00:00,0.2322,0.2323,0.2319,0.232,128613.043,29851.46094281,29851.46094281,1,ADAUSDT,okx
2026-05-28 15:05:00+00:00,0.2321,0.2327,0.2312,0.2314,112750.3883,26175.04499907,26175.04499907,1,ADAUSDT,okx
2026-05-28 15:10:00+00:00,0.2315,0.2316,0.231,0.231,55359.1672,12806.58841014,12806.58841014,1,ADAUSDT,okx
2026-05-28 15:15:00+00:00,0.2311,0.2312,0.2309,0.231,94058.363,21723.96228442,21723.96228442,1,ADAUSDT,okx
2026-05-28 15:20:00+00:00,0.2309,0.232,0.2307,0.232,56070.9281,12960.9887917,12960.9887917,1,ADAUSDT,okx
2026-05-28 15:25:00+00:00,0.232,0.2327,0.2319,0.2327,89415.351,20783.18746686,20783.18746686,1,ADAUSDT,okx
2026-05-28 15:30:00+00:00,0.2327,0.2328,0.2321,0.2328,48301.2112,11231.92397388,11231.92397388,1,ADAUSDT,okx
2026-05-28 15:35:00+00:00,0.2328,0.2334,0.2328,0.233,61059.5177,14234.62346619,14234.62346619,1,ADAUSDT,okx
2026-05-28 15:40:00+00:00,0.233,0.2334,0.233,0.2334,39554.228,9224.41849473,9224.41849473,1,ADAUSDT,okx
2026-05-28 15:45:00+00:00,0.2334,0.2341,0.2331,0.2333,49883.1122,11659.73957184,11659.73957184,1,ADAUSDT,okx
2026-05-28 15:50:00+00:00,0.2333,0.2333,0.2328,0.2328,16034.9452,3736.53058433,3736.53058433,1,ADAUSDT,okx
2026-05-28 15:55:00+00:00,0.2327,0.2331,0.2327,0.2331,19098.7669,4447.62739585,4447.62739585,1,ADAUSDT,okx
2026-05-28 16:00:00+00:00,0.233,0.233,0.2318,0.2318,51455.0068,11959.0517489,11959.0517489,1,ADAUSDT,okx
2026-05-28 16:05:00+00:00,0.2318,0.2323,0.2316,0.2323,74969.5044,17375.72650157,17375.72650157,1,ADAUSDT,okx
2026-05-28 16:10:00+00:00,0.2323,0.2334,0.2323,0.2334,195077.4747,45440.41548952,45440.41548952,1,ADAUSDT,okx
2026-05-28 16:15:00+00:00,0.2333,0.2341,0.2333,0.2337,102795.5369,24024.62666247,24024.62666247,1,ADAUSDT,okx
2026-05-28 16:20:00+00:00,0.2338,0.2346,0.2336,0.2344,183074.3421,42840.30648036,42840.30648036,1,ADAUSDT,okx
2026-05-28 16:25:00+00:00,0.2344,0.2345,0.2336,0.2336,111903.3558,26201.68939171,26201.68939171,1,ADAUSDT,okx
2026-05-28 16:30:00+00:00,0.2336,0.2339,0.2335,0.2338,32962.4961,7704.93912055,7704.93912055,1,ADAUSDT,okx
2026-05-28 16:35:00+00:00,0.2339,0.234,0.2338,0.234,23666.7407,5536.26760111,5536.26760111,1,ADAUSDT,okx
2026-05-28 16:40:00+00:00,0.2338,0.2343,0.2338,0.2343,56076.3685,13124.1287511,13124.1287511,1,ADAUSDT,okx
2026-05-28 16:45:00+00:00,0.2344,0.2349,0.2343,0.2345,100754.0211,23634.8233281,23634.8233281,1,ADAUSDT,okx
2026-05-28 16:50:00+00:00,0.2346,0.235,0.2345,0.2347,50533.1213,11867.14247525,11867.14247525,1,ADAUSDT,okx
2026-05-28 16:55:00+00:00,0.2348,0.2348,0.2345,0.2345,16697.8046,3919.1480938,3919.1480938,1,ADAUSDT,okx
2026-05-28 17:00:00+00:00,0.2345,0.2345,0.2338,0.2339,57558.5897,13489.79103859,13489.79103859,1,ADAUSDT,okx
2026-05-28 17:05:00+00:00,0.2339,0.2347,0.2339,0.2347,43976.4282,10309.43940492,10309.43940492,1,ADAUSDT,okx
2026-05-28 17:10:00+00:00,0.2347,0.2347,0.2344,0.2346,84733.149,19877.24021196,19877.24021196,1,ADAUSDT,okx
2026-05-28 17:15:00+00:00,0.2346,0.2348,0.2344,0.2347,115062.2076,26986.76159208,26986.76159208,1,ADAUSDT,okx
2026-05-28 17:20:00+00:00,0.2347,0.2351,0.2344,0.2345,233994.8581,54951.87364932,54951.87364932,1,ADAUSDT,okx
2026-05-28 17:25:00+00:00,0.2343,0.2344,0.2341,0.2343,18004.8457,4219.24548638,4219.24548638,1,ADAUSDT,okx
2026-05-28 17:30:00+00:00,0.2343,0.2344,0.234,0.2343,89940.8349,21060.20251805,21060.20251805,1,ADAUSDT,okx
2026-05-28 17:35:00+00:00,0.2343,0.2344,0.2339,0.2344,108175.8881,25331.3142699,25331.3142699,1,ADAUSDT,okx
2026-05-28 17:40:00+00:00,0.2344,0.2346,0.2342,0.2343,53961.6657,12646.30917104,12646.30917104,1,ADAUSDT,okx
2026-05-28 17:45:00+00:00,0.2343,0.2353,0.2343,0.2349,120865.8854,28390.26610823,28390.26610823,1,ADAUSDT,okx
2026-05-28 17:50:00+00:00,0.2349,0.2349,0.2344,0.2345,89241.643,20935.80638812,20935.80638812,1,ADAUSDT,okx
2026-05-28 17:55:00+00:00,0.2344,0.2352,0.2343,0.2351,80672.7365,18944.13881461,18944.13881461,1,ADAUSDT,okx
2026-05-28 18:00:00+00:00,0.2352,0.2369,0.2351,0.2365,404923.5496,95489.59235199,95489.59235199,1,ADAUSDT,okx
2026-05-28 18:05:00+00:00,0.2364,0.2368,0.2362,0.2368,154770.9854,36609.57682361,36609.57682361,1,ADAUSDT,okx
2026-05-28 18:10:00+00:00,0.2367,0.2371,0.2364,0.237,245953.4722,58275.81259369,58275.81259369,1,ADAUSDT,okx
2026-05-28 18:15:00+00:00,0.237,0.2376,0.2369,0.2371,135822.0237,32227.10649254,32227.10649254,1,ADAUSDT,okx
2026-05-28 18:20:00+00:00,0.2371,0.2373,0.2367,0.237,186096.2508,44081.0094787,44081.0094787,1,ADAUSDT,okx
2026-05-28 18:25:00+00:00,0.2369,0.2369,0.2364,0.2364,33009.1378,7811.03388379,7811.03388379,1,ADAUSDT,okx
2026-05-28 18:30:00+00:00,0.2364,0.2366,0.2359,0.2363,26774.329,6326.07164319,6326.07164319,1,ADAUSDT,okx
2026-05-28 18:35:00+00:00,0.2363,0.2363,0.236,0.2361,16709.8662,3946.39076358,3946.39076358,1,ADAUSDT,okx
2026-05-28 18:40:00+00:00,0.236,0.2361,0.2358,0.236,16557.2666,3907.0947057,3907.0947057,1,ADAUSDT,okx
2026-05-28 18:45:00+00:00,0.2359,0.2362,0.2359,0.2361,50117.5229,11831.04123877,11831.04123877,1,ADAUSDT,okx
2026-05-28 18:50:00+00:00,0.2361,0.2365,0.2361,0.2365,9437.272,2229.1519352,2229.1519352,1,ADAUSDT,okx
2026-05-28 18:55:00+00:00,0.2365,0.2367,0.2362,0.2364,41163.9578,9736.58336711,9736.58336711,1,ADAUSDT,okx
2026-05-28 19:00:00+00:00,0.2364,0.2364,0.2355,0.2358,23932.2062,5644.25875785,5644.25875785,1,ADAUSDT,okx
2026-05-28 19:05:00+00:00,0.2358,0.236,0.2356,0.2356,32847.6679,7746.08136015,7746.08136015,1,ADAUSDT,okx
2026-05-28 19:10:00+00:00,0.2357,0.2357,0.2352,0.2356,26399.9119,6215.08576768,6215.08576768,1,ADAUSDT,okx
2026-05-28 19:15:00+00:00,0.2355,0.2356,0.2354,0.2356,11207.4552,2639.78150473,2639.78150473,1,ADAUSDT,okx
2026-05-28 19:20:00+00:00,0.2355,0.2358,0.2355,0.2358,10226.5276,2410.85470944,2410.85470944,1,ADAUSDT,okx
2026-05-28 19:25:00+00:00,0.2359,0.2361,0.2358,0.2361,15041.1369,3548.75150168,3548.75150168,1,ADAUSDT,okx
2026-05-28 19:30:00+00:00,0.2361,0.2361,0.2354,0.2354,44674.24,10533.42497972,10533.42497972,1,ADAUSDT,okx
2026-05-28 19:35:00+00:00,0.2353,0.2354,0.2351,0.2352,11418.7301,2686.53548575,2686.53548575,1,ADAUSDT,okx
2026-05-28 19:40:00+00:00,0.2351,0.2351,0.2345,0.2346,199862.2028,46917.49353737,46917.49353737,1,ADAUSDT,okx
2026-05-28 19:45:00+00:00,0.2346,0.2349,0.2346,0.2348,17475.7482,4102.39340919,4102.39340919,1,ADAUSDT,okx
2026-05-28 19:50:00+00:00,0.2348,0.235,0.2346,0.2348,303335.2987,71276.30258073,71276.30258073,1,ADAUSDT,okx
2026-05-28 19:55:00+00:00,0.2348,0.2348,0.2344,0.2345,43163.9521,10123.84899601,10123.84899601,1,ADAUSDT,okx
2026-05-28 20:00:00+00:00,0.2346,0.2347,0.2341,0.2342,39263.5413,9195.97635798,9195.97635798,1,ADAUSDT,okx
2026-05-28 20:05:00+00:00,0.2342,0.2342,0.2337,0.234,59604.871,13943.93314753,13943.93314753,1,ADAUSDT,okx
2026-05-28 20:10:00+00:00,0.2342,0.2349,0.2342,0.2348,98324.2678,23078.13685393,23078.13685393,1,ADAUSDT,okx
2026-05-28 20:15:00+00:00,0.2348,0.2358,0.2348,0.2358,29284.9631,6889.32871508,6889.32871508,1,ADAUSDT,okx
2026-05-28 20:20:00+00:00,0.2357,0.2358,0.2351,0.2351,49641.1296,11691.84868269,11691.84868269,1,ADAUSDT,okx
2026-05-28 20:25:00+00:00,0.2351,0.2355,0.2351,0.2355,11279.0978,2653.07499236,2653.07499236,1,ADAUSDT,okx
2026-05-28 20:30:00+00:00,0.2356,0.2358,0.2353,0.2355,24424.5347,5754.63075182,5754.63075182,1,ADAUSDT,okx
2026-05-28 20:35:00+00:00,0.2355,0.2358,0.2355,0.2357,8153.3998,1921.20393236,1921.20393236,1,ADAUSDT,okx
2026-05-28 20:40:00+00:00,0.2357,0.2361,0.2357,0.236,19993.8309,4719.27496004,4719.27496004,1,ADAUSDT,okx
2026-05-28 20:45:00+00:00,0.236,0.236,0.2357,0.2359,24508.6152,5782.03362334,5782.03362334,1,ADAUSDT,okx
2026-05-28 20:50:00+00:00,0.2359,0.2361,0.2357,0.2358,25560.8564,6030.59421142,6030.59421142,1,ADAUSDT,okx
2026-05-28 20:55:00+00:00,0.2358,0.2358,0.2354,0.2355,13305.7937,3133.78243307,3133.78243307,1,ADAUSDT,okx
2026-05-28 21:00:00+00:00,0.2356,0.2358,0.2354,0.2354,22128.8862,5211.34218243,5211.34218243,1,ADAUSDT,okx
2026-05-28 21:05:00+00:00,0.2353,0.2356,0.2352,0.2356,27244.6721,6410.90830609,6410.90830609,1,ADAUSDT,okx
2026-05-28 21:10:00+00:00,0.2357,0.2363,0.2357,0.2359,107958.6781,25480.50377314,25480.50377314,1,ADAUSDT,okx
2026-05-28 21:15:00+00:00,0.2359,0.236,0.2357,0.2357,34609.7858,8164.87644821,8164.87644821,1,ADAUSDT,okx
2026-05-28 21:20:00+00:00,0.2357,0.2358,0.2357,0.2358,4612.9216,1087.42985372,1087.42985372,1,ADAUSDT,okx
2026-05-28 21:25:00+00:00,0.2359,0.2359,0.2354,0.2354,3617.2689,852.4547859,852.4547859,1,ADAUSDT,okx
2026-05-28 21:30:00+00:00,0.2355,0.2357,0.2355,0.2355,7442.4816,1753.07520263,1753.07520263,1,ADAUSDT,okx
2026-05-28 21:35:00+00:00,0.2355,0.2358,0.2354,0.2358,26650.0515,6274.29371801,6274.29371801,1,ADAUSDT,okx
2026-05-28 21:40:00+00:00,0.2358,0.2361,0.2357,0.2361,27985.3915,6601.69588851,6601.69588851,1,ADAUSDT,okx
2026-05-28 21:45:00+00:00,0.2361,0.2361,0.2356,0.2356,30841.894,7273.09385765,7273.09385765,1,ADAUSDT,okx
2026-05-28 21:50:00+00:00,0.2355,0.2357,0.2354,0.2357,49729.412,11710.05313345,11710.05313345,1,ADAUSDT,okx
2026-05-28 21:55:00+00:00,0.2356,0.2358,0.2356,0.2356,35326.5135,8325.27089785,8325.27089785,1,ADAUSDT,okx
2026-05-28 22:00:00+00:00,0.2355,0.2362,0.2355,0.2356,74506.9262,17555.14488211,17555.14488211,1,ADAUSDT,okx
2026-05-28 22:05:00+00:00,0.2355,0.2356,0.2353,0.2356,51053.4908,12018.74373215,12018.74373215,1,ADAUSDT,okx
2026-05-28 22:10:00+00:00,0.2356,0.2357,0.2353,0.2356,11159.3913,2628.76079214,2628.76079214,1,ADAUSDT,okx
2026-05-28 22:15:00+00:00,0.2356,0.2356,0.2352,0.2352,41093.3689,9668.92818983,9668.92818983,1,ADAUSDT,okx
2026-05-28 22:20:00+00:00,0.2352,0.2355,0.2351,0.2354,39147.6333,9207.82564808,9207.82564808,1,ADAUSDT,okx
2026-05-28 22:25:00+00:00,0.2353,0.2354,0.2346,0.2346,79483.9396,18688.46228751,18688.46228751,1,ADAUSDT,okx
2026-05-28 22:30:00+00:00,0.2346,0.2347,0.2343,0.2343,15961.9701,3744.22924123,3744.22924123,1,ADAUSDT,okx
2026-05-28 22:35:00+00:00,0.2343,0.2344,0.2342,0.2343,83973.7503,19670.75092462,19670.75092462,1,ADAUSDT,okx
2026-05-28 22:40:00+00:00,0.2344,0.2344,0.234,0.2341,11988.8639,2806.55790799,2806.55790799,1,ADAUSDT,okx
2026-05-28 22:45:00+00:00,0.234,0.2345,0.234,0.2344,48814.1201,11430.27427118,11430.27427118,1,ADAUSDT,okx
2026-05-28 22:50:00+00:00,0.2344,0.2346,0.2343,0.2343,9829.2056,2303.81281917,2303.81281917,1,ADAUSDT,okx
2026-05-28 22:55:00+00:00,0.2344,0.2344,0.234,0.2341,38627.1265,9043.74797499,9043.74797499,1,ADAUSDT,okx
2026-05-28 23:00:00+00:00,0.2342,0.2346,0.2341,0.2345,31060.5271,7279.54340781,7279.54340781,1,ADAUSDT,okx
2026-05-28 23:05:00+00:00,0.2345,0.2347,0.2345,0.2347,8003.7487,1877.84230053,1877.84230053,1,ADAUSDT,okx
2026-05-28 23:10:00+00:00,0.2346,0.2352,0.2346,0.2352,12449.0457,2924.20668543,2924.20668543,1,ADAUSDT,okx
2026-05-28 23:15:00+00:00,0.2351,0.2353,0.235,0.235,6270.9692,1474.71438039,1474.71438039,1,ADAUSDT,okx
2026-05-28 23:20:00+00:00,0.2349,0.235,0.2347,0.235,8599.1682,2020.65224513,2020.65224513,1,ADAUSDT,okx
2026-05-28 23:25:00+00:00,0.2351,0.2355,0.235,0.2354,6156.7279,1448.75362395,1448.75362395,1,ADAUSDT,okx
2026-05-28 23:30:00+00:00,0.2353,0.2354,0.235,0.235,9558.1455,2248.19323146,2248.19323146,1,ADAUSDT,okx
2026-05-28 23:35:00+00:00,0.2351,0.2351,0.2348,0.2348,5586.8609,1312.6842723,1312.6842723,1,ADAUSDT,okx
2026-05-28 23:40:00+00:00,0.2348,0.2349,0.2346,0.2349,55222.6588,12967.83073022,12967.83073022,1,ADAUSDT,okx
2026-05-28 23:45:00+00:00,0.2348,0.2349,0.2344,0.2344,2201.9192,516.72552996,516.72552996,1,ADAUSDT,okx
2026-05-28 23:50:00+00:00,0.2346,0.2348,0.2346,0.2347,8955.3194,2101.71995009,2101.71995009,1,ADAUSDT,okx
2026-05-28 23:55:00+00:00,0.2347,0.2351,0.2347,0.2349,29420.9799,6911.81181647,6911.81181647,1,ADAUSDT,okx
2026-05-29 00:00:00+00:00,0.235,0.2356,0.235,0.2355,15651.2889,3682.36421254,3682.36421254,1,ADAUSDT,okx
2026-05-29 00:05:00+00:00,0.2355,0.2355,0.2351,0.2351,57787.6478,13603.62575803,13603.62575803,1,ADAUSDT,okx
2026-05-29 00:10:00+00:00,0.2352,0.2354,0.2349,0.2351,92174.6582,21677.25673102,21677.25673102,1,ADAUSDT,okx
2026-05-29 00:15:00+00:00,0.235,0.2354,0.2349,0.2353,51503.7947,12114.28385378,12114.28385378,1,ADAUSDT,okx
2026-05-29 00:20:00+00:00,0.2352,0.2356,0.2352,0.2356,26468.2945,6229.64028129,6229.64028129,1,ADAUSDT,okx
2026-05-29 00:25:00+00:00,0.2356,0.2359,0.2354,0.2356,61229.5037,14428.09364701,14428.09364701,1,ADAUSDT,okx
2026-05-29 00:30:00+00:00,0.2356,0.2356,0.2351,0.2355,13495.8965,3176.64598106,3176.64598106,1,ADAUSDT,okx
2026-05-29 00:35:00+00:00,0.2355,0.2358,0.2355,0.2358,25624.2598,6038.54667773,6038.54667773,1,ADAUSDT,okx
2026-05-29 00:40:00+00:00,0.2357,0.2357,0.2354,0.2357,28808.8024,6785.68925752,6785.68925752,1,ADAUSDT,okx
2026-05-29 00:45:00+00:00,0.2356,0.2357,0.2354,0.2355,72224.1232,17017.35697566,17017.35697566,1,ADAUSDT,okx
2026-05-29 00:50:00+00:00,0.2356,0.2357,0.2351,0.2351,17281.1913,4070.04122691,4070.04122691,1,ADAUSDT,okx
2026-05-29 00:55:00+00:00,0.2351,0.2352,0.235,0.235,4936.8492,1160.93026761,1160.93026761,1,ADAUSDT,okx
2026-05-29 01:00:00+00:00,0.2352,0.2356,0.2352,0.2354,10061.9831,2369.60269377,2369.60269377,1,ADAUSDT,okx
2026-05-29 01:05:00+00:00,0.2353,0.2357,0.2353,0.2357,6789.6527,1599.38667452,1599.38667452,1,ADAUSDT,okx
2026-05-29 01:10:00+00:00,0.2356,0.2356,0.2352,0.2352,44843.4299,10552.90286305,10552.90286305,1,ADAUSDT,okx
2026-05-29 01:15:00+00:00,0.2353,0.2353,0.235,0.235,30337.3871,7134.776227,7134.776227,1,ADAUSDT,okx
2026-05-29 01:20:00+00:00,0.2349,0.2349,0.2345,0.2347,24339.6598,5711.7699201,5711.7699201,1,ADAUSDT,okx
2026-05-29 01:25:00+00:00,0.2348,0.2348,0.2346,0.2347,2389.7771,561.05215116,561.05215116,1,ADAUSDT,okx
2026-05-29 01:30:00+00:00,0.2346,0.2347,0.2344,0.2347,9074.2538,2128.25087807,2128.25087807,1,ADAUSDT,okx
2026-05-29 01:35:00+00:00,0.2346,0.2346,0.2345,0.2346,3096.5419,726.24998855,726.24998855,1,ADAUSDT,okx
2026-05-29 01:40:00+00:00,0.2346,0.2352,0.2346,0.2352,176128.1774,41392.61744414,41392.61744414,1,ADAUSDT,okx
2026-05-29 01:45:00+00:00,0.235,0.2352,0.2347,0.2347,49757.3713,11683.75969084,11683.75969084,1,ADAUSDT,okx
2026-05-29 01:50:00+00:00,0.2347,0.235,0.2347,0.235,70667.4983,16600.41397141,16600.41397141,1,ADAUSDT,okx
2026-05-29 01:55:00+00:00,0.2351,0.2351,0.2349,0.2349,17224.7665,4046.72848367,4046.72848367,1,ADAUSDT,okx
2026-05-29 02:00:00+00:00,0.2349,0.2353,0.2347,0.2353,42886.2472,10077.11430114,10077.11430114,1,ADAUSDT,okx
2026-05-29 02:05:00+00:00,0.2352,0.2354,0.2351,0.2353,6802.6652,1600.22508258,1600.22508258,1,ADAUSDT,okx
2026-05-29 02:10:00+00:00,0.2354,0.2354,0.2352,0.2352,13746.7889,3234.09538178,3234.09538178,1,ADAUSDT,okx
2026-05-29 02:15:00+00:00,0.2353,0.2353,0.235,0.2352,131015.0131,30802.7603962,30802.7603962,1,ADAUSDT,okx
2026-05-29 02:20:00+00:00,0.2352,0.2352,0.2345,0.2346,13727.0244,3224.57884556,3224.57884556,1,ADAUSDT,okx
2026-05-29 02:25:00+00:00,0.2345,0.2346,0.2341,0.2341,37209.5279,8717.91963266,8717.91963266,1,ADAUSDT,okx
2026-05-29 02:30:00+00:00,0.2341,0.2344,0.2341,0.2344,28699.2375,6721.77362718,6721.77362718,1,ADAUSDT,okx
2026-05-29 02:35:00+00:00,0.2345,0.2347,0.2344,0.2346,9835.3359,2306.59043116,2306.59043116,1,ADAUSDT,okx
2026-05-29 02:40:00+00:00,0.2345,0.2345,0.2336,0.2337,48163.0788,11269.14406844,11269.14406844,1,ADAUSDT,okx
2026-05-29 02:45:00+00:00,0.2338,0.2339,0.2336,0.2338,15670.8437,3663.36366296,3663.36366296,1,ADAUSDT,okx
2026-05-29 02:50:00+00:00,0.2337,0.2338,0.233,0.233,44160.2637,10295.25378785,10295.25378785,1,ADAUSDT,okx
2026-05-29 02:55:00+00:00,0.233,0.2333,0.2329,0.2332,16427.1958,3829.12693544,3829.12693544,1,ADAUSDT,okx
2026-05-29 03:00:00+00:00,0.2332,0.2337,0.2332,0.2335,23658.39,5520.4363955,5520.4363955,1,ADAUSDT,okx
2026-05-29 03:05:00+00:00,0.2336,0.2347,0.2336,0.2346,155306.2445,36359.55801077,36359.55801077,1,ADAUSDT,okx
2026-05-29 03:10:00+00:00,0.2345,0.2347,0.2344,0.2344,35875.0268,8412.98190468,8412.98190468,1,ADAUSDT,okx
2026-05-29 03:15:00+00:00,0.2344,0.2344,0.2341,0.2341,42280.8139,9901.9666214,9901.9666214,1,ADAUSDT,okx
2026-05-29 03:20:00+00:00,0.2342,0.2343,0.2339,0.2339,9576.1877,2242.36379294,2242.36379294,1,ADAUSDT,okx
2026-05-29 03:25:00+00:00,0.234,0.234,0.2338,0.2339,5421.0322,1268.01036173,1268.01036173,1,ADAUSDT,okx
2026-05-29 03:30:00+00:00,0.2338,0.234,0.2335,0.234,18867.9609,4410.13535637,4410.13535637,1,ADAUSDT,okx
2026-05-29 03:35:00+00:00,0.2339,0.234,0.2334,0.2334,45571.1108,10644.12481077,10644.12481077,1,ADAUSDT,okx
2026-05-29 03:40:00+00:00,0.2335,0.2337,0.2335,0.2336,18240.4836,4260.64387252,4260.64387252,1,ADAUSDT,okx
2026-05-29 03:45:00+00:00,0.2335,0.2336,0.2334,0.2335,4647.7819,1085.16812835,1085.16812835,1,ADAUSDT,okx
2026-05-29 03:50:00+00:00,0.2335,0.2337,0.2333,0.2336,37058.9358,8655.75329077,8655.75329077,1,ADAUSDT,okx
2026-05-29 03:55:00+00:00,0.2336,0.2336,0.2334,0.2334,49280.5784,11507.12690542,11507.12690542,1,ADAUSDT,okx
2026-05-29 04:00:00+00:00,0.2334,0.2336,0.2334,0.2336,11046.8967,2579.41158774,2579.41158774,1,ADAUSDT,okx
2026-05-29 04:05:00+00:00,0.2335,0.2336,0.2326,0.2327,84977.2386,19794.78154027,19794.78154027,1,ADAUSDT,okx
2026-05-29 04:10:00+00:00,0.2327,0.233,0.2326,0.233,100119.4491,23306.4573917,23306.4573917,1,ADAUSDT,okx
2026-05-29 04:15:00+00:00,0.2329,0.2331,0.2328,0.233,19862.3838,4629.40507084,4629.40507084,1,ADAUSDT,okx
2026-05-29 04:20:00+00:00,0.233,0.2335,0.233,0.2335,254188.4466,59300.33962439,59300.33962439,1,ADAUSDT,okx
2026-05-29 04:25:00+00:00,0.2334,0.2338,0.2334,0.2338,8796.0329,2054.40441153,2054.40441153,1,ADAUSDT,okx
2026-05-29 04:30:00+00:00,0.2337,0.234,0.2336,0.2338,68804.4878,16083.72497327,16083.72497327,1,ADAUSDT,okx
2026-05-29 04:35:00+00:00,0.2338,0.234,0.2338,0.234,28323.8174,6624.05595035,6624.05595035,1,ADAUSDT,okx
2026-05-29 04:40:00+00:00,0.2339,0.234,0.2337,0.2339,2713.0426,634.35306945,634.35306945,1,ADAUSDT,okx
2026-05-29 04:45:00+00:00,0.2339,0.2342,0.2339,0.2342,21799.02,5103.46888801,5103.46888801,1,ADAUSDT,okx
2026-05-29 04:50:00+00:00,0.2341,0.2342,0.2338,0.2341,25313.0318,5921.45152666,5921.45152666,1,ADAUSDT,okx
2026-05-29 04:55:00+00:00,0.234,0.2345,0.2339,0.2345,28555.7882,6691.58223178,6691.58223178,1,ADAUSDT,okx
2026-05-29 05:00:00+00:00,0.2345,0.2351,0.2345,0.2348,61902.5304,14531.36733564,14531.36733564,1,ADAUSDT,okx
2026-05-29 05:05:00+00:00,0.2348,0.2349,0.2346,0.2348,10173.4171,2388.53806091,2388.53806091,1,ADAUSDT,okx
2026-05-29 05:10:00+00:00,0.235,0.2353,0.235,0.235,12732.0515,2992.4254538,2992.4254538,1,ADAUSDT,okx
2026-05-29 05:15:00+00:00,0.235,0.2352,0.2348,0.235,33363.9602,7840.07227506,7840.07227506,1,ADAUSDT,okx
2026-05-29 05:20:00+00:00,0.2349,0.2349,0.2347,0.2348,2552.6392,599.13187931,599.13187931,1,ADAUSDT,okx
2026-05-29 05:25:00+00:00,0.2347,0.2351,0.2347,0.2349,23669.0839,5562.32896409,5562.32896409,1,ADAUSDT,okx
2026-05-29 05:30:00+00:00,0.2348,0.2349,0.2347,0.2347,9627.3838,2260.34561675,2260.34561675,1,ADAUSDT,okx
2026-05-29 05:35:00+00:00,0.2347,0.2348,0.2345,0.2346,91203.088,21393.48553781,21393.48553781,1,ADAUSDT,okx
2026-05-29 05:40:00+00:00,0.2345,0.2347,0.2344,0.2346,12920.9632,3030.5030665,3030.5030665,1,ADAUSDT,okx
2026-05-29 05:45:00+00:00,0.2345,0.2352,0.2345,0.2351,8169.5251,1919.24264423,1919.24264423,1,ADAUSDT,okx
2026-05-29 05:50:00+00:00,0.235,0.2351,0.2349,0.2351,4202.328,987.54681116,987.54681116,1,ADAUSDT,okx
2026-05-29 05:55:00+00:00,0.2349,0.2352,0.2348,0.2352,49121.804,11545.23575466,11545.23575466,1,ADAUSDT,okx
2026-05-29 06:00:00+00:00,0.2353,0.2362,0.2353,0.236,74782.145,17629.73612189,17629.73612189,1,ADAUSDT,okx
2026-05-29 06:05:00+00:00,0.2361,0.2361,0.2357,0.236,89333.3367,21076.7600949,21076.7600949,1,ADAUSDT,okx
2026-05-29 06:10:00+00:00,0.236,0.2363,0.236,0.2361,7657.2679,1807.94816417,1807.94816417,1,ADAUSDT,okx
2026-05-29 06:15:00+00:00,0.2362,0.2367,0.2361,0.2362,30071.2041,7109.63775144,7109.63775144,1,ADAUSDT,okx
2026-05-29 06:20:00+00:00,0.2362,0.237,0.236,0.2365,38892.0617,9201.81513448,9201.81513448,1,ADAUSDT,okx
2026-05-29 06:25:00+00:00,0.2364,0.2364,0.236,0.236,26993.373,6373.88076747,6373.88076747,1,ADAUSDT,okx
2026-05-29 06:30:00+00:00,0.2359,0.2359,0.2357,0.2357,6439.1887,1518.49746085,1518.49746085,1,ADAUSDT,okx
2026-05-29 06:35:00+00:00,0.2357,0.2357,0.2354,0.2355,35527.6272,8367.87851723,8367.87851723,1,ADAUSDT,okx
2026-05-29 06:40:00+00:00,0.2354,0.2357,0.2354,0.2357,25084.4474,5909.34508995,5909.34508995,1,ADAUSDT,okx
2026-05-29 06:45:00+00:00,0.2357,0.2359,0.2357,0.2359,17288.3012,4076.40226642,4076.40226642,1,ADAUSDT,okx
2026-05-29 06:50:00+00:00,0.2358,0.2362,0.2358,0.2358,25411.7187,5996.69667822,5996.69667822,1,ADAUSDT,okx
2026-05-29 06:55:00+00:00,0.2358,0.2359,0.2358,0.2359,22370.9019,5276.11598148,5276.11598148,1,ADAUSDT,okx
2026-05-29 07:00:00+00:00,0.236,0.236,0.2358,0.236,19600.5937,4623.74949917,4623.74949917,1,ADAUSDT,okx
2026-05-29 07:05:00+00:00,0.2359,0.2359,0.2358,0.2359,4849.6597,1143.98368157,1143.98368157,1,ADAUSDT,okx
2026-05-29 07:10:00+00:00,0.236,0.2363,0.236,0.2363,2881.9457,680.30774701,680.30774701,1,ADAUSDT,okx
2026-05-29 07:15:00+00:00,0.2363,0.2363,0.236,0.236,49016.1682,11581.43270055,11581.43270055,1,ADAUSDT,okx
2026-05-29 07:20:00+00:00,0.2361,0.2362,0.236,0.236,26352.296,6224.00359278,6224.00359278,1,ADAUSDT,okx
2026-05-29 07:25:00+00:00,0.2359,0.2359,0.2355,0.2355,8835.6524,2081.49498294,2081.49498294,1,ADAUSDT,okx
2026-05-29 07:30:00+00:00,0.2354,0.2354,0.2349,0.2349,56583.2485,13299.02609279,13299.02609279,1,ADAUSDT,okx
2026-05-29 07:35:00+00:00,0.2348,0.2348,0.2343,0.2343,14302.3292,3353.79778567,3353.79778567,1,ADAUSDT,okx
2026-05-29 07:40:00+00:00,0.2342,0.2342,0.2339,0.2339,23282.8932,5450.71933914,5450.71933914,1,ADAUSDT,okx
2026-05-29 07:45:00+00:00,0.2339,0.2343,0.2339,0.2342,39323.4331,9201.0384241,9201.0384241,1,ADAUSDT,okx
2026-05-29 07:50:00+00:00,0.2343,0.2344,0.2343,0.2344,32687.2235,7660.87659873,7660.87659873,1,ADAUSDT,okx
2026-05-29 07:55:00+00:00,0.2345,0.2349,0.2345,0.2349,25192.2997,5916.36463515,5916.36463515,1,ADAUSDT,okx
2026-05-29 08:00:00+00:00,0.2349,0.2355,0.2348,0.2352,23323.8687,5484.36479829,5484.36479829,1,ADAUSDT,okx
2026-05-29 08:05:00+00:00,0.2351,0.2351,0.2347,0.2351,28551.4909,6707.56658591,6707.56658591,1,ADAUSDT,okx
2026-05-29 08:10:00+00:00,0.2352,0.2352,0.2351,0.2351,4368.4153,1027.18606801,1027.18606801,1,ADAUSDT,okx
2026-05-29 08:15:00+00:00,0.2351,0.2352,0.2349,0.2351,17436.4878,4097.76785142,4097.76785142,1,ADAUSDT,okx
2026-05-29 08:20:00+00:00,0.2351,0.2357,0.2351,0.2356,62215.9386,14657.48953673,14657.48953673,1,ADAUSDT,okx
2026-05-29 08:25:00+00:00,0.2356,0.2357,0.2354,0.2354,4943.9881,1164.75807537,1164.75807537,1,ADAUSDT,okx
2026-05-29 08:30:00+00:00,0.2353,0.2353,0.235,0.2352,59421.4593,13977.99939001,13977.99939001,1,ADAUSDT,okx
2026-05-29 08:35:00+00:00,0.2351,0.2353,0.2351,0.2353,19794.5678,4655.6757606,4655.6757606,1,ADAUSDT,okx
2026-05-29 08:40:00+00:00,0.2355,0.2355,0.2353,0.2353,6417.2154,1511.21595531,1511.21595531,1,ADAUSDT,okx
2026-05-29 08:45:00+00:00,0.2353,0.2354,0.2353,0.2353,4915.5363,1156.62700829,1156.62700829,1,ADAUSDT,okx
2026-05-29 08:50:00+00:00,0.2353,0.2353,0.2352,0.2353,7826.677,1841.13765385,1841.13765385,1,ADAUSDT,okx
2026-05-29 08:55:00+00:00,0.2353,0.2353,0.235,0.2351,21176.0771,4978.53302728,4978.53302728,1,ADAUSDT,okx
2026-05-29 09:00:00+00:00,0.2352,0.2354,0.2351,0.2353,36048.767,8475.47635586,8475.47635586,1,ADAUSDT,okx
2026-05-29 09:05:00+00:00,0.2353,0.2354,0.2352,0.2353,28369.9067,6673.56825026,6673.56825026,1,ADAUSDT,okx
2026-05-29 09:10:00+00:00,0.2354,0.2356,0.2353,0.2353,36928.5583,8694.09000163,8694.09000163,1,ADAUSDT,okx
2026-05-29 09:15:00+00:00,0.2353,0.2358,0.2353,0.2358,38655.8843,9104.89760844,9104.89760844,1,ADAUSDT,okx
2026-05-29 09:20:00+00:00,0.2355,0.2357,0.2354,0.2357,22259.0921,5242.27271939,5242.27271939,1,ADAUSDT,okx
2026-05-29 09:25:00+00:00,0.2357,0.2359,0.2356,0.2359,2663.5037,627.86312396,627.86312396,1,ADAUSDT,okx
2026-05-29 09:30:00+00:00,0.236,0.236,0.2357,0.2358,81959.5236,19323.23420821,19323.23420821,1,ADAUSDT,okx
2026-05-29 09:35:00+00:00,0.2357,0.2359,0.2357,0.2359,55250.4622,13028.82671671,13028.82671671,1,ADAUSDT,okx
2026-05-29 09:40:00+00:00,0.2359,0.236,0.2356,0.2356,6111.6561,1440.99380306,1440.99380306,1,ADAUSDT,okx
2026-05-29 09:45:00+00:00,0.2357,0.2358,0.2355,0.2355,26056.2113,6140.44046087,6140.44046087,1,ADAUSDT,okx
2026-05-29 09:50:00+00:00,0.2354,0.2355,0.2354,0.2355,6017.179,1416.87042484,1416.87042484,1,ADAUSDT,okx
2026-05-29 09:55:00+00:00,0.2354,0.2355,0.2353,0.2355,5115.7994,1204.25222244,1204.25222244,1,ADAUSDT,okx
2026-05-29 10:00:00+00:00,0.2354,0.2354,0.235,0.2351,51213.0043,12042.32695197,12042.32695197,1,ADAUSDT,okx
2026-05-29 10:05:00+00:00,0.2351,0.2352,0.2348,0.2349,11054.1515,2598.5842532,2598.5842532,1,ADAUSDT,okx
2026-05-29 10:10:00+00:00,0.2348,0.235,0.2347,0.235,60504.1254,14216.9081291,14216.9081291,1,ADAUSDT,okx
2026-05-29 10:15:00+00:00,0.2349,0.2349,0.2346,0.2346,10594.0958,2485.97300287,2485.97300287,1,ADAUSDT,okx
2026-05-29 10:20:00+00:00,0.2347,0.2348,0.2346,0.2348,15722.2928,3689.98670505,3689.98670505,1,ADAUSDT,okx
2026-05-29 10:25:00+00:00,0.2346,0.2347,0.2344,0.2346,9071.0403,2127.30470358,2127.30470358,1,ADAUSDT,okx
2026-05-29 10:30:00+00:00,0.2345,0.2345,0.2342,0.2345,34196.6169,8015.01549147,8015.01549147,1,ADAUSDT,okx
2026-05-29 10:35:00+00:00,0.2346,0.2351,0.2346,0.2348,16926.2387,3975.96663307,3975.96663307,1,ADAUSDT,okx
2026-05-29 10:40:00+00:00,0.2347,0.2348,0.2346,0.2347,9220.6485,2164.52574346,2164.52574346,1,ADAUSDT,okx
2026-05-29 10:45:00+00:00,0.2347,0.2349,0.2347,0.2349,6956.3672,1632.79562328,1632.79562328,1,ADAUSDT,okx
2026-05-29 10:50:00+00:00,0.2349,0.235,0.2347,0.2347,2662.4458,625.17591114,625.17591114,1,ADAUSDT,okx
2026-05-29 10:55:00+00:00,0.2348,0.2349,0.2347,0.2347,13634.6951,3201.709415,3201.709415,1,ADAUSDT,okx
2026-05-29 11:00:00+00:00,0.2348,0.2348,0.2345,0.2345,1807.09,423.99163664,423.99163664,1,ADAUSDT,okx
2026-05-29 11:05:00+00:00,0.2346,0.2348,0.2346,0.2346,5093.4428,1195.60348006,1195.60348006,1,ADAUSDT,okx
2026-05-29 11:10:00+00:00,0.2346,0.2348,0.2346,0.2347,9181.0677,2154.71721085,2154.71721085,1,ADAUSDT,okx
2026-05-29 11:15:00+00:00,0.2348,0.2348,0.2346,0.2347,3017.8734,708.28265492,708.28265492,1,ADAUSDT,okx
2026-05-29 11:20:00+00:00,0.2348,0.2348,0.2345,0.2345,2503.6021,587.60191577,587.60191577,1,ADAUSDT,okx
2026-05-29 11:25:00+00:00,0.2345,0.2345,0.2341,0.2341,10648.9246,2494.96763255,2494.96763255,1,ADAUSDT,okx
2026-05-29 11:30:00+00:00,0.2341,0.2341,0.2338,0.2341,122292.7736,28618.30909663,28618.30909663,1,ADAUSDT,okx
2026-05-29 11:35:00+00:00,0.2341,0.2341,0.2337,0.2337,7873.9732,1841.34813522,1841.34813522,1,ADAUSDT,okx
2026-05-29 11:40:00+00:00,0.2337,0.234,0.2335,0.2338,9100.6501,2126.56647995,2126.56647995,1,ADAUSDT,okx
2026-05-29 11:45:00+00:00,0.2337,0.2338,0.2331,0.2331,15890.1263,3711.99238414,3711.99238414,1,ADAUSDT,okx
2026-05-29 11:50:00+00:00,0.2331,0.2333,0.2327,0.2332,125067.827,29126.57911956,29126.57911956,1,ADAUSDT,okx
2026-05-29 11:55:00+00:00,0.2331,0.2335,0.233,0.2335,53894.7449,12565.0169962,12565.0169962,1,ADAUSDT,okx
2026-05-29 12:00:00+00:00,0.2335,0.2337,0.2332,0.2334,127532.2022,29764.49680559,29764.49680559,1,ADAUSDT,okx
2026-05-29 12:05:00+00:00,0.2332,0.2332,0.2327,0.233,24515.9375,5710.09972391,5710.09972391,1,ADAUSDT,okx
2026-05-29 12:10:00+00:00,0.233,0.233,0.2328,0.2329,22180.5279,5164.15518699,5164.15518699,1,ADAUSDT,okx
2026-05-29 12:15:00+00:00,0.2328,0.2332,0.2326,0.2332,9459.1896,2203.50177531,2203.50177531,1,ADAUSDT,okx
2026-05-29 12:20:00+00:00,0.2332,0.2332,0.2329,0.2329,7759.1013,1808.85571442,1808.85571442,1,ADAUSDT,okx
2026-05-29 12:25:00+00:00,0.2329,0.233,0.2327,0.2328,21815.5683,5077.76879392,5077.76879392,1,ADAUSDT,okx
2026-05-29 12:30:00+00:00,0.2329,0.233,0.2319,0.2323,168401.2482,39132.61955113,39132.61955113,1,ADAUSDT,okx
2026-05-29 12:35:00+00:00,0.2322,0.2324,0.232,0.2322,19749.8272,4586.25478948,4586.25478948,1,ADAUSDT,okx
2026-05-29 12:40:00+00:00,0.2321,0.2323,0.2319,0.2323,18842.8364,4374.44840472,4374.44840472,1,ADAUSDT,okx
2026-05-29 12:45:00+00:00,0.2323,0.2324,0.232,0.2323,19350.9031,4496.33144673,4496.33144673,1,ADAUSDT,okx
2026-05-29 12:50:00+00:00,0.2323,0.2329,0.2323,0.2327,67619.484,15743.51777026,15743.51777026,1,ADAUSDT,okx
2026-05-29 12:55:00+00:00,0.2327,0.2327,0.2324,0.2325,13524.935,3145.44332974,3145.44332974,1,ADAUSDT,okx
2026-05-29 13:00:00+00:00,0.2324,0.2324,0.232,0.2321,12353.2023,2868.68200086,2868.68200086,1,ADAUSDT,okx
2026-05-29 13:05:00+00:00,0.2321,0.2323,0.232,0.2321,16311.8868,3786.64463894,3786.64463894,1,ADAUSDT,okx
2026-05-29 13:10:00+00:00,0.2321,0.2321,0.2317,0.2318,19795.7293,4591.13145279,4591.13145279,1,ADAUSDT,okx
2026-05-29 13:15:00+00:00,0.2319,0.2322,0.2319,0.2322,11404.9738,2647.04547102,2647.04547102,1,ADAUSDT,okx
2026-05-29 13:20:00+00:00,0.2322,0.2323,0.2321,0.2321,31119.4502,7224.6195809,7224.6195809,1,ADAUSDT,okx
2026-05-29 13:25:00+00:00,0.232,0.2324,0.232,0.2324,33335.2609,7740.84925508,7740.84925508,1,ADAUSDT,okx
2026-05-29 13:30:00+00:00,0.2324,0.2324,0.2317,0.2317,28685.0935,6657.65648269,6657.65648269,1,ADAUSDT,okx
2026-05-29 13:35:00+00:00,0.2317,0.233,0.2317,0.2325,14296.0202,3322.43515196,3322.43515196,1,ADAUSDT,okx
2026-05-29 13:40:00+00:00,0.2324,0.2327,0.2322,0.2326,26419.1246,6137.70510168,6137.70510168,1,ADAUSDT,okx
2026-05-29 13:45:00+00:00,0.2326,0.233,0.2326,0.2326,26599.4141,6196.00693154,6196.00693154,1,ADAUSDT,okx
2026-05-29 13:50:00+00:00,0.2326,0.2326,0.2322,0.2325,7661.2708,1779.57999899,1779.57999899,1,ADAUSDT,okx
2026-05-29 13:55:00+00:00,0.2325,0.2328,0.2325,0.2327,3134.9679,729.50246185,729.50246185,1,ADAUSDT,okx
2026-05-29 14:00:00+00:00,0.2327,0.233,0.2327,0.2329,13065.6657,3042.22060739,3042.22060739,1,ADAUSDT,okx
2026-05-29 14:05:00+00:00,0.2329,0.2329,0.2322,0.2324,37871.1198,8802.95697928,8802.95697928,1,ADAUSDT,okx
2026-05-29 14:10:00+00:00,0.2324,0.2329,0.2323,0.2329,69450.5924,16151.9432266,16151.9432266,1,ADAUSDT,okx
2026-05-29 14:15:00+00:00,0.2328,0.2331,0.232,0.2321,39425.5787,9166.06313762,9166.06313762,1,ADAUSDT,okx
2026-05-29 14:20:00+00:00,0.2321,0.2323,0.2314,0.2314,28844.9677,6688.54329758,6688.54329758,1,ADAUSDT,okx
2026-05-29 14:25:00+00:00,0.2314,0.2314,0.23,0.2314,260822.5874,60165.42103086,60165.42103086,1,ADAUSDT,okx
2026-05-29 14:30:00+00:00,0.2314,0.2317,0.2309,0.2316,168538.224,38967.9533812,38967.9533812,1,ADAUSDT,okx
2026-05-29 14:35:00+00:00,0.2316,0.2316,0.2308,0.2308,43615.8629,10076.0568678,10076.0568678,1,ADAUSDT,okx
2026-05-29 14:40:00+00:00,0.2308,0.2311,0.2299,0.2303,168616.6464,38855.7869641,38855.7869641,1,ADAUSDT,okx
2026-05-29 14:45:00+00:00,0.2303,0.2315,0.2301,0.2314,94799.0869,21903.17586241,21903.17586241,1,ADAUSDT,okx
2026-05-29 14:50:00+00:00,0.2313,0.2334,0.2313,0.2324,440078.0101,102287.15869891,102287.15869891,1,ADAUSDT,okx
2026-05-29 14:55:00+00:00,0.2324,0.2334,0.2324,0.2327,147580.8772,34385.12117818,34385.12117818,1,ADAUSDT,okx
2026-05-29 15:00:00+00:00,0.2326,0.233,0.2323,0.233,37845.7791,8802.64823711,8802.64823711,1,ADAUSDT,okx
2026-05-29 15:05:00+00:00,0.233,0.2341,0.2329,0.234,65949.4564,15409.23976877,15409.23976877,1,ADAUSDT,okx
2026-05-29 15:10:00+00:00,0.234,0.2343,0.2339,0.234,78294.1992,18334.76670286,18334.76670286,1,ADAUSDT,okx
2026-05-29 15:15:00+00:00,0.2341,0.2345,0.2335,0.2342,67850.2315,15889.97492716,15889.97492716,1,ADAUSDT,okx
2026-05-29 15:20:00+00:00,0.2342,0.2343,0.234,0.2343,38571.9509,9031.5025271,9031.5025271,1,ADAUSDT,okx
2026-05-29 15:25:00+00:00,0.2341,0.2356,0.2338,0.2355,499420.0846,117434.02071593,117434.02071593,1,ADAUSDT,okx
2026-05-29 15:30:00+00:00,0.2355,0.2369,0.2355,0.2366,272505.4112,64442.07983353,64442.07983353,1,ADAUSDT,okx
2026-05-29 15:35:00+00:00,0.2366,0.2381,0.2365,0.2377,292176.3618,69399.89157942,69399.89157942,1,ADAUSDT,okx
2026-05-29 15:40:00+00:00,0.2377,0.2378,0.2357,0.2361,109441.0053,25910.01308007,25910.01308007,1,ADAUSDT,okx
2026-05-29 15:45:00+00:00,0.2362,0.2362,0.2357,0.236,58811.5037,13871.65919992,13871.65919992,1,ADAUSDT,okx
2026-05-29 15:50:00+00:00,0.2362,0.2362,0.2353,0.2353,33055.6517,7785.81101991,7785.81101991,1,ADAUSDT,okx
2026-05-29 15:55:00+00:00,0.2355,0.2358,0.2355,0.2358,16397.6582,3865.97652739,3865.97652739,1,ADAUSDT,okx
2026-05-29 16:00:00+00:00,0.2358,0.2361,0.2355,0.2357,119821.9113,28253.64733998,28253.64733998,1,ADAUSDT,okx
2026-05-29 16:05:00+00:00,0.2357,0.236,0.2356,0.2359,46411.9869,10947.8951732,10947.8951732,1,ADAUSDT,okx
2026-05-29 16:10:00+00:00,0.236,0.2362,0.2357,0.2359,182057.5771,42934.10777679,42934.10777679,1,ADAUSDT,okx
2026-05-29 16:15:00+00:00,0.2359,0.236,0.2344,0.2345,112061.7414,26332.88559728,26332.88559728,1,ADAUSDT,okx
2026-05-29 16:20:00+00:00,0.2345,0.2346,0.2336,0.2337,44699.0982,10460.2182206,10460.2182206,1,ADAUSDT,okx
2026-05-29 16:25:00+00:00,0.2337,0.234,0.2336,0.2338,52271.4281,12219.27525427,12219.27525427,1,ADAUSDT,okx
2026-05-29 16:30:00+00:00,0.2338,0.2355,0.2338,0.2353,265330.7187,62245.74398456,62245.74398456,1,ADAUSDT,okx
2026-05-29 16:35:00+00:00,0.2352,0.2358,0.235,0.2354,72689.1709,17122.672911,17122.672911,1,ADAUSDT,okx
2026-05-29 16:40:00+00:00,0.2355,0.2359,0.2355,0.2355,25025.8244,5897.83091927,5897.83091927,1,ADAUSDT,okx
2026-05-29 16:45:00+00:00,0.2355,0.2357,0.2354,0.2354,18770.7034,4420.57300599,4420.57300599,1,ADAUSDT,okx
2026-05-29 16:50:00+00:00,0.2353,0.2356,0.235,0.2355,63635.1966,14971.39678827,14971.39678827,1,ADAUSDT,okx
2026-05-29 16:55:00+00:00,0.2354,0.2355,0.2351,0.2353,79133.2468,18627.96679371,18627.96679371,1,ADAUSDT,okx
2026-05-29 17:00:00+00:00,0.2353,0.2354,0.2344,0.2345,201541.6007,47311.28268075,47311.28268075,1,ADAUSDT,okx
2026-05-29 17:05:00+00:00,0.2345,0.235,0.2344,0.235,35664.9645,8366.65836561,8366.65836561,1,ADAUSDT,okx
2026-05-29 17:10:00+00:00,0.235,0.2358,0.235,0.2358,137431.0116,32343.53683646,32343.53683646,1,ADAUSDT,okx
2026-05-29 17:15:00+00:00,0.2357,0.2359,0.2354,0.2358,116197.253,27380.23209976,27380.23209976,1,ADAUSDT,okx
2026-05-29 17:20:00+00:00,0.2357,0.236,0.2355,0.2359,181222.4452,42714.0968446,42714.0968446,1,ADAUSDT,okx
2026-05-29 17:25:00+00:00,0.2358,0.2361,0.2356,0.2359,128779.2429,30376.11951986,30376.11951986,1,ADAUSDT,okx
2026-05-29 17:30:00+00:00,0.2358,0.236,0.2357,0.2359,172286.5672,40638.81883944,40638.81883944,1,ADAUSDT,okx
2026-05-29 17:35:00+00:00,0.2358,0.2361,0.2356,0.236,91420.4973,21561.35118997,21561.35118997,1,ADAUSDT,okx
2026-05-29 17:40:00+00:00,0.236,0.236,0.2355,0.2356,141880.3362,33444.57925259,33444.57925259,1,ADAUSDT,okx
2026-05-29 17:45:00+00:00,0.2355,0.2355,0.2348,0.2348,120984.5549,28465.22908713,28465.22908713,1,ADAUSDT,okx
2026-05-29 17:50:00+00:00,0.2348,0.2351,0.2346,0.235,215289.6612,50530.8362989,50530.8362989,1,ADAUSDT,okx
2026-05-29 17:55:00+00:00,0.2349,0.2349,0.2346,0.2348,51449.1719,12074.82720368,12074.82720368,1,ADAUSDT,okx
2026-05-29 18:00:00+00:00,0.2348,0.2348,0.2343,0.2344,175403.4011,41134.61570953,41134.61570953,1,ADAUSDT,okx
2026-05-29 18:05:00+00:00,0.2345,0.2347,0.2344,0.2345,75804.7502,17775.25239435,17775.25239435,1,ADAUSDT,okx
2026-05-29 18:10:00+00:00,0.2346,0.2348,0.2344,0.2346,89234.7422,20938.63613229,20938.63613229,1,ADAUSDT,okx
2026-05-29 18:15:00+00:00,0.2346,0.2346,0.2338,0.2339,152669.7986,35761.25516084,35761.25516084,1,ADAUSDT,okx
2026-05-29 18:20:00+00:00,0.2339,0.2341,0.2336,0.2337,90458.3633,21156.40323703,21156.40323703,1,ADAUSDT,okx
2026-05-29 18:25:00+00:00,0.2338,0.2339,0.2334,0.2334,211553.3956,49422.93368549,49422.93368549,1,ADAUSDT,okx
2026-05-29 18:30:00+00:00,0.2333,0.2335,0.2328,0.2331,226133.8405,52717.86349384,52717.86349384,1,ADAUSDT,okx
2026-05-29 18:35:00+00:00,0.233,0.2332,0.2326,0.2332,111237.6738,25906.25707277,25906.25707277,1,ADAUSDT,okx
2026-05-29 18:40:00+00:00,0.2332,0.2333,0.2327,0.2327,24395.2053,5684.37804185,5684.37804185,1,ADAUSDT,okx
2026-05-29 18:45:00+00:00,0.2328,0.2328,0.2313,0.2321,231981.1663,53808.72746144,53808.72746144,1,ADAUSDT,okx
2026-05-29 18:50:00+00:00,0.2321,0.2322,0.2311,0.2318,180697.5436,41823.9939938,41823.9939938,1,ADAUSDT,okx
2026-05-29 18:55:00+00:00,0.2318,0.2321,0.2316,0.2321,29645.8474,6872.11279087,6872.11279087,1,ADAUSDT,okx
2026-05-29 19:00:00+00:00,0.2322,0.2324,0.2318,0.2323,57378.2844,13317.43645311,13317.43645311,1,ADAUSDT,okx
2026-05-29 19:05:00+00:00,0.2325,0.2325,0.2324,0.2324,6116.6551,1422.06602143,1422.06602143,1,ADAUSDT,okx
2026-05-29 19:10:00+00:00,0.2323,0.2323,0.2315,0.2315,6396.9088,1484.22567539,1484.22567539,1,ADAUSDT,okx
2026-05-29 19:15:00+00:00,0.2315,0.2316,0.2307,0.231,35972.3215,8309.44635317,8309.44635317,1,ADAUSDT,okx
2026-05-29 19:20:00+00:00,0.231,0.2314,0.231,0.2314,17646.0087,4079.01253525,4079.01253525,1,ADAUSDT,okx
2026-05-29 19:25:00+00:00,0.2315,0.2318,0.2315,0.2318,24194.5458,5602.83268672,5602.83268672,1,ADAUSDT,okx
2026-05-29 19:30:00+00:00,0.2318,0.2327,0.2318,0.2326,18273.6915,4249.04048578,4249.04048578,1,ADAUSDT,okx
2026-05-29 19:35:00+00:00,0.2327,0.2333,0.2327,0.2333,49636.9545,11572.0408461,11572.0408461,1,ADAUSDT,okx
2026-05-29 19:40:00+00:00,0.2333,0.2334,0.2329,0.2331,25503.1052,5947.5614893,5947.5614893,1,ADAUSDT,okx
2026-05-29 19:45:00+00:00,0.2332,0.2332,0.2328,0.233,21320.6532,4965.78092552,4965.78092552,1,ADAUSDT,okx
2026-05-29 19:50:00+00:00,0.2329,0.233,0.2327,0.233,15811.0737,3681.01808565,3681.01808565,1,ADAUSDT,okx
2026-05-29 19:55:00+00:00,0.233,0.2331,0.2328,0.2328,11215.0843,2611.71403058,2611.71403058,1,ADAUSDT,okx
2026-05-29 20:00:00+00:00,0.2329,0.233,0.2328,0.2329,5589.6381,1301.71660629,1301.71660629,1,ADAUSDT,okx
2026-05-29 20:05:00+00:00,0.233,0.2331,0.233,0.2331,4033.2455,940.14317608,940.14317608,1,ADAUSDT,okx
2026-05-29 20:10:00+00:00,0.2332,0.2333,0.2331,0.2331,8759.8283,2042.93048139,2042.93048139,1,ADAUSDT,okx
2026-05-29 20:15:00+00:00,0.233,0.233,0.2328,0.2329,6162.1605,1435.42572875,1435.42572875,1,ADAUSDT,okx
2026-05-29 20:20:00+00:00,0.233,0.2335,0.233,0.2335,13940.0239,3253.05476507,3253.05476507,1,ADAUSDT,okx
2026-05-29 20:25:00+00:00,0.2334,0.2336,0.2332,0.2332,6790.9728,1585.1582715,1585.1582715,1,ADAUSDT,okx
2026-05-29 20:30:00+00:00,0.2334,0.2336,0.2334,0.2335,67669.4604,15800.78774122,15800.78774122,1,ADAUSDT,okx
2026-05-29 20:35:00+00:00,0.2335,0.2335,0.2333,0.2334,41675.0105,9730.17539717,9730.17539717,1,ADAUSDT,okx
2026-05-29 20:40:00+00:00,0.2334,0.2334,0.2334,0.2334,597.0359,139.34817906,139.34817906,1,ADAUSDT,okx
2026-05-29 20:45:00+00:00,0.2334,0.2335,0.2333,0.2333,867.7834,202.5964239,202.5964239,1,ADAUSDT,okx
2026-05-29 20:50:00+00:00,0.2333,0.2333,0.2328,0.2328,16074.3796,3742.91944527,3742.91944527,1,ADAUSDT,okx
2026-05-29 20:55:00+00:00,0.2328,0.2329,0.2325,0.2329,21308.4077,4957.59871102,4957.59871102,1,ADAUSDT,okx
2026-05-29 21:00:00+00:00,0.233,0.233,0.2327,0.2329,16354.1797,3806.72141746,3806.72141746,1,ADAUSDT,okx
2026-05-29 21:05:00+00:00,0.2329,0.233,0.2328,0.233,28879.077,6727.64436323,6727.64436323,1,ADAUSDT,okx
2026-05-29 21:10:00+00:00,0.2331,0.2337,0.2331,0.2336,40716.5771,9510.44616619,9510.44616619,1,ADAUSDT,okx
2026-05-29 21:15:00+00:00,0.2336,0.2337,0.2334,0.2334,4872.4933,1137.53205297,1137.53205297,1,ADAUSDT,okx
2026-05-29 21:20:00+00:00,0.2334,0.2334,0.2329,0.2332,168662.1701,39320.43085987,39320.43085987,1,ADAUSDT,okx
2026-05-29 21:25:00+00:00,0.233,0.233,0.2327,0.2328,14368.9395,3346.29993624,3346.29993624,1,ADAUSDT,okx
2026-05-29 21:30:00+00:00,0.2327,0.233,0.2325,0.233,49777.6884,11584.113925,11584.113925,1,ADAUSDT,okx
2026-05-29 21:35:00+00:00,0.233,0.2334,0.233,0.2334,45688.1123,10648.69037086,10648.69037086,1,ADAUSDT,okx
2026-05-29 21:40:00+00:00,0.2334,0.234,0.2334,0.2339,34204.7605,7996.04983983,7996.04983983,1,ADAUSDT,okx
2026-05-29 21:45:00+00:00,0.2339,0.2339,0.2328,0.2329,68345.7523,15962.69536886,15962.69536886,1,ADAUSDT,okx
2026-05-29 21:50:00+00:00,0.2329,0.233,0.2326,0.2326,7795.8961,1814.83852983,1814.83852983,1,ADAUSDT,okx
2026-05-29 21:55:00+00:00,0.2325,0.2326,0.2323,0.2323,13077.6206,3040.47083027,3040.47083027,1,ADAUSDT,okx
2026-05-29 22:00:00+00:00,0.2322,0.2328,0.2322,0.2324,41289.962,9606.36834836,9606.36834836,1,ADAUSDT,okx
2026-05-29 22:05:00+00:00,0.2325,0.2326,0.2321,0.2322,15569.9272,3616.83601759,3616.83601759,1,ADAUSDT,okx
2026-05-29 22:10:00+00:00,0.2323,0.2328,0.2322,0.2328,6588.0583,1530.56805142,1530.56805142,1,ADAUSDT,okx
2026-05-29 22:15:00+00:00,0.2327,0.2331,0.2326,0.2331,28695.3622,6684.91607135,6684.91607135,1,ADAUSDT,okx
2026-05-29 22:20:00+00:00,0.233,0.2336,0.233,0.2332,9700.567,2263.40409263,2263.40409263,1,ADAUSDT,okx
2026-05-29 22:25:00+00:00,0.2332,0.2333,0.2331,0.2333,3912.2846,912.43651804,912.43651804,1,ADAUSDT,okx
2026-05-29 22:30:00+00:00,0.2333,0.2334,0.2332,0.2332,17199.7261,4011.26855794,4011.26855794,1,ADAUSDT,okx
2026-05-29 22:35:00+00:00,0.2331,0.2332,0.233,0.2332,5045.2555,1175.92045147,1175.92045147,1,ADAUSDT,okx
2026-05-29 22:40:00+00:00,0.2332,0.2333,0.2331,0.2332,5083.7631,1185.53292727,1185.53292727,1,ADAUSDT,okx
2026-05-29 22:45:00+00:00,0.2332,0.2334,0.2331,0.2331,10718.2272,2499.61781686,2499.61781686,1,ADAUSDT,okx
2026-05-29 22:50:00+00:00,0.233,0.2331,0.2329,0.233,2002.5192,466.53244506,466.53244506,1,ADAUSDT,okx
2026-05-29 22:55:00+00:00,0.233,0.2332,0.2329,0.2331,7970.5735,1858.28224123,1858.28224123,1,ADAUSDT,okx
2026-05-29 23:00:00+00:00,0.233,0.2331,0.2328,0.2331,11822.3444,2754.36550559,2754.36550559,1,ADAUSDT,okx
2026-05-29 23:05:00+00:00,0.2332,0.2335,0.2332,0.2335,33512.1961,7819.62278823,7819.62278823,1,ADAUSDT,okx
2026-05-29 23:10:00+00:00,0.2335,0.2337,0.2317,0.2321,747528.0664,173878.96671442,173878.96671442,1,ADAUSDT,okx
2026-05-29 23:15:00+00:00,0.2322,0.2327,0.2322,0.2323,99926.5659,23230.05630839,23230.05630839,1,ADAUSDT,okx
2026-05-29 23:20:00+00:00,0.2323,0.2323,0.2318,0.2322,98889.7583,22948.50906989,22948.50906989,1,ADAUSDT,okx
2026-05-29 23:25:00+00:00,0.2321,0.2322,0.232,0.232,109538.7679,25430.60400947,25430.60400947,1,ADAUSDT,okx
2026-05-29 23:30:00+00:00,0.232,0.2324,0.232,0.2323,25135.2945,5836.72265128,5836.72265128,1,ADAUSDT,okx
2026-05-29 23:35:00+00:00,0.2322,0.2324,0.232,0.2324,69687.5023,16173.84057416,16173.84057416,1,ADAUSDT,okx
2026-05-29 23:40:00+00:00,0.2324,0.2326,0.2323,0.2325,29825.7101,6932.86028291,6932.86028291,1,ADAUSDT,okx
2026-05-29 23:45:00+00:00,0.2325,0.2327,0.2324,0.2327,19681.7904,4576.12625774,4576.12625774,1,ADAUSDT,okx
2026-05-29 23:50:00+00:00,0.2327,0.2331,0.2327,0.2329,33707.0191,7852.79799497,7852.79799497,1,ADAUSDT,okx
2026-05-29 23:55:00+00:00,0.2329,0.233,0.2327,0.2329,19781.5228,4605.15116965,4605.15116965,1,ADAUSDT,okx
2026-05-30 00:00:00+00:00,0.2329,0.2332,0.2328,0.2328,28672.8415,6680.27532361,6680.27532361,1,ADAUSDT,okx
2026-05-30 00:05:00+00:00,0.2327,0.2334,0.2325,0.2332,147959.4482,34474.80289411,34474.80289411,1,ADAUSDT,okx
2026-05-30 00:10:00+00:00,0.2333,0.2335,0.2333,0.2334,44718.2445,10435.82449526,10435.82449526,1,ADAUSDT,okx
2026-05-30 00:15:00+00:00,0.2335,0.2338,0.2335,0.2336,43362.2013,10131.76151952,10131.76151952,1,ADAUSDT,okx
2026-05-30 00:20:00+00:00,0.2336,0.2339,0.2336,0.2339,46900.978,10964.64010258,10964.64010258,1,ADAUSDT,okx
2026-05-30 00:25:00+00:00,0.2339,0.234,0.2337,0.2338,22739.5417,5318.73797067,5318.73797067,1,ADAUSDT,okx
2026-05-30 00:30:00+00:00,0.2338,0.234,0.2336,0.2337,125890.8231,29443.5472443,29443.5472443,1,ADAUSDT,okx
2026-05-30 00:35:00+00:00,0.2337,0.2346,0.2337,0.2345,40279.6635,9435.04043549,9435.04043549,1,ADAUSDT,okx
2026-05-30 00:40:00+00:00,0.2345,0.2349,0.2345,0.2347,13063.5265,3064.92350541,3064.92350541,1,ADAUSDT,okx
2026-05-30 00:45:00+00:00,0.2347,0.2355,0.2347,0.2351,225660.4116,53070.29072174,53070.29072174,1,ADAUSDT,okx
2026-05-30 00:50:00+00:00,0.2352,0.2353,0.2347,0.2349,134160.238,31521.57109321,31521.57109321,1,ADAUSDT,okx
2026-05-30 00:55:00+00:00,0.235,0.2354,0.2349,0.2351,69519.0849,16345.6529261,16345.6529261,1,ADAUSDT,okx
2026-05-30 01:00:00+00:00,0.2351,0.2355,0.2347,0.235,174779.4781,41083.71174612,41083.71174612,1,ADAUSDT,okx
2026-05-30 01:05:00+00:00,0.235,0.2358,0.2348,0.2358,105848.473,24892.19723184,24892.19723184,1,ADAUSDT,okx
2026-05-30 01:10:00+00:00,0.2358,0.2358,0.2353,0.2355,130656.5745,30769.19474111,30769.19474111,1,ADAUSDT,okx
2026-05-30 01:15:00+00:00,0.2355,0.2358,0.2354,0.2357,40821.3171,9615.61744004,9615.61744004,1,ADAUSDT,okx
2026-05-30 01:20:00+00:00,0.2357,0.2361,0.2354,0.2361,57495.5435,13550.9805915,13550.9805915,1,ADAUSDT,okx
2026-05-30 01:25:00+00:00,0.2361,0.2365,0.2361,0.2363,87821.5967,20758.29247296,20758.29247296,1,ADAUSDT,okx
2026-05-30 01:30:00+00:00,0.2362,0.2372,0.2357,0.2364,495626.9813,117258.66192161,117258.66192161,1,ADAUSDT,okx
2026-05-30 01:35:00+00:00,0.2365,0.237,0.2365,0.2365,36323.1283,8596.43233394,8596.43233394,1,ADAUSDT,okx
2026-05-30 01:40:00+00:00,0.2366,0.2368,0.2362,0.2367,56712.9888,13407.76438672,13407.76438672,1,ADAUSDT,okx
2026-05-30 01:45:00+00:00,0.2368,0.2375,0.2368,0.2374,70512.3531,16731.95927742,16731.95927742,1,ADAUSDT,okx
2026-05-30 01:50:00+00:00,0.2374,0.2374,0.237,0.2374,196773.5173,46686.10808603,46686.10808603,1,ADAUSDT,okx
2026-05-30 01:55:00+00:00,0.2375,0.2378,0.2373,0.2377,100143.2396,23787.30586977,23787.30586977,1,ADAUSDT,okx
2026-05-30 02:00:00+00:00,0.2377,0.2383,0.2377,0.238,141239.5282,33616.19353391,33616.19353391,1,ADAUSDT,okx
2026-05-30 02:05:00+00:00,0.238,0.2381,0.2375,0.2379,129973.8822,30911.66578884,30911.66578884,1,ADAUSDT,okx
2026-05-30 02:10:00+00:00,0.238,0.2388,0.2379,0.2384,96511.4473,23001.65927773,23001.65927773,1,ADAUSDT,okx
2026-05-30 02:15:00+00:00,0.2383,0.2386,0.2383,0.2386,37555.8123,8956.16995248,8956.16995248,1,ADAUSDT,okx
2026-05-30 02:20:00+00:00,0.2386,0.2387,0.2384,0.2384,91290.767,21775.42084319,21775.42084319,1,ADAUSDT,okx
2026-05-30 02:25:00+00:00,0.2384,0.2385,0.2379,0.238,57796.6706,13769.37053599,13769.37053599,1,ADAUSDT,okx
2026-05-30 02:30:00+00:00,0.238,0.2384,0.2378,0.2382,502254.0897,119550.0600447,119550.0600447,1,ADAUSDT,okx
2026-05-30 02:35:00+00:00,0.2381,0.2383,0.2373,0.2373,75853.735,18045.97419406,18045.97419406,1,ADAUSDT,okx
2026-05-30 02:40:00+00:00,0.2374,0.2378,0.2374,0.2377,68193.3857,16201.86438685,16201.86438685,1,ADAUSDT,okx
2026-05-30 02:45:00+00:00,0.2377,0.2383,0.2376,0.2379,379716.8182,90359.96351903,90359.96351903,1,ADAUSDT,okx
2026-05-30 02:50:00+00:00,0.2379,0.2384,0.2379,0.2384,102153.3835,24319.08541128,24319.08541128,1,ADAUSDT,okx
2026-05-30 02:55:00+00:00,0.2385,0.2387,0.2383,0.2385,44507.0237,10614.37924539,10614.37924539,1,ADAUSDT,okx
2026-05-30 03:00:00+00:00,0.2386,0.2393,0.2385,0.2386,197449.9258,47173.51726067,47173.51726067,1,ADAUSDT,okx
2026-05-30 03:05:00+00:00,0.2386,0.239,0.2384,0.239,487368.7132,116420.72187513,116420.72187513,1,ADAUSDT,okx
2026-05-30 03:10:00+00:00,0.239,0.2391,0.2387,0.2387,12753.3079,3045.5753759,3045.5753759,1,ADAUSDT,okx
2026-05-30 03:15:00+00:00,0.2387,0.2387,0.2382,0.2383,80053.9595,19083.47285489,19083.47285489,1,ADAUSDT,okx
2026-05-30 03:20:00+00:00,0.2383,0.2385,0.2378,0.2378,48289.6486,11498.810291,11498.810291,1,ADAUSDT,okx
2026-05-30 03:25:00+00:00,0.2378,0.2378,0.2373,0.2375,72821.7886,17301.40528297,17301.40528297,1,ADAUSDT,okx
2026-05-30 03:30:00+00:00,0.2375,0.2376,0.2372,0.2373,32872.6081,7803.91866569,7803.91866569,1,ADAUSDT,okx
2026-05-30 03:35:00+00:00,0.2373,0.2374,0.2369,0.237,34881.833,8268.57949051,8268.57949051,1,ADAUSDT,okx
2026-05-30 03:40:00+00:00,0.2369,0.2369,0.2362,0.2363,53453.3981,12637.60323393,12637.60323393,1,ADAUSDT,okx
2026-05-30 03:45:00+00:00,0.2362,0.2368,0.2362,0.2367,5623.8906,1329.93215609,1329.93215609,1,ADAUSDT,okx
2026-05-30 03:50:00+00:00,0.2367,0.2367,0.2366,0.2367,9386.4864,2221.71686467,2221.71686467,1,ADAUSDT,okx
2026-05-30 03:55:00+00:00,0.2367,0.2367,0.2365,0.2365,13768.5555,3257.06072972,3257.06072972,1,ADAUSDT,okx
2026-05-30 04:00:00+00:00,0.2365,0.2371,0.2365,0.2366,37417.9032,8855.80135323,8855.80135323,1,ADAUSDT,okx
2026-05-30 04:05:00+00:00,0.2364,0.2364,0.2358,0.2358,52407.6172,12363.57723015,12363.57723015,1,ADAUSDT,okx
2026-05-30 04:10:00+00:00,0.2358,0.2365,0.2358,0.2365,38174.9618,9021.00129293,9021.00129293,1,ADAUSDT,okx
2026-05-30 04:15:00+00:00,0.2366,0.2366,0.2358,0.2358,30036.416,7091.80557297,7091.80557297,1,ADAUSDT,okx
2026-05-30 04:20:00+00:00,0.2359,0.2359,0.2349,0.2354,409627.993,96412.11293898,96412.11293898,1,ADAUSDT,okx
2026-05-30 04:25:00+00:00,0.2354,0.2354,0.234,0.2346,576539.3634,135221.44092944,135221.44092944,1,ADAUSDT,okx
2026-05-30 04:30:00+00:00,0.2345,0.2347,0.2338,0.2341,125203.0857,29333.72088438,29333.72088438,1,ADAUSDT,okx
2026-05-30 04:35:00+00:00,0.2341,0.2344,0.2339,0.2344,26890.2104,6296.14754693,6296.14754693,1,ADAUSDT,okx
2026-05-30 04:40:00+00:00,0.2344,0.2346,0.2341,0.2346,26095.1995,6113.41375252,6113.41375252,1,ADAUSDT,okx
2026-05-30 04:45:00+00:00,0.2346,0.2349,0.2343,0.2347,92612.5657,21722.27681076,21722.27681076,1,ADAUSDT,okx
2026-05-30 04:50:00+00:00,0.2348,0.2352,0.2347,0.2348,54042.9286,12696.84720157,12696.84720157,1,ADAUSDT,okx
2026-05-30 04:55:00+00:00,0.235,0.235,0.2349,0.235,23945.257,5627.11626478,5627.11626478,1,ADAUSDT,okx
2026-05-30 05:00:00+00:00,0.235,0.2351,0.2347,0.2348,73421.0446,17242.05572883,17242.05572883,1,ADAUSDT,okx
2026-05-30 05:05:00+00:00,0.2349,0.2358,0.2349,0.2354,147409.4719,34697.53863273,34697.53863273,1,ADAUSDT,okx
2026-05-30 05:10:00+00:00,0.2354,0.2355,0.2352,0.2355,36041.2464,8484.72489762,8484.72489762,1,ADAUSDT,okx
2026-05-30 05:15:00+00:00,0.2356,0.2357,0.2353,0.2354,144496.9498,34025.71394753,34025.71394753,1,ADAUSDT,okx
2026-05-30 05:20:00+00:00,0.2356,0.2356,0.2353,0.2353,7215.7369,1699.08569577,1699.08569577,1,ADAUSDT,okx
2026-05-30 05:25:00+00:00,0.2354,0.2354,0.235,0.235,31526.6464,7410.62492615,7410.62492615,1,ADAUSDT,okx
2026-05-30 05:30:00+00:00,0.235,0.2352,0.235,0.2352,1464.6622,344.27617743,344.27617743,1,ADAUSDT,okx
2026-05-30 05:35:00+00:00,0.2351,0.2354,0.2351,0.2354,11745.3234,2762.76537699,2762.76537699,1,ADAUSDT,okx
2026-05-30 05:40:00+00:00,0.2353,0.2353,0.2353,0.2353,121.7709,28.65269277,28.65269277,1,ADAUSDT,okx
2026-05-30 05:45:00+00:00,0.2354,0.2357,0.2354,0.2355,7360.2756,1733.307035,1733.307035,1,ADAUSDT,okx
2026-05-30 05:50:00+00:00,0.2356,0.2356,0.2354,0.2355,62767.5478,14784.48985476,14784.48985476,1,ADAUSDT,okx
2026-05-30 05:55:00+00:00,0.2355,0.2358,0.2355,0.2358,10466.1215,2467.14888018,2467.14888018,1,ADAUSDT,okx
2026-05-30 06:00:00+00:00,0.2358,0.2358,0.2355,0.2356,12598.6152,2969.16957398,2969.16957398,1,ADAUSDT,okx
2026-05-30 06:05:00+00:00,0.2355,0.2355,0.2353,0.2354,13138.2484,3092.45704663,3092.45704663,1,ADAUSDT,okx
2026-05-30 06:10:00+00:00,0.2354,0.2355,0.2352,0.2352,52998.5172,12472.63075055,12472.63075055,1,ADAUSDT,okx
2026-05-30 06:15:00+00:00,0.2352,0.2353,0.2352,0.2353,9719.3405,2286.34452718,2286.34452718,1,ADAUSDT,okx
2026-05-30 06:20:00+00:00,0.2353,0.2355,0.2353,0.2354,3653.2345,859.96368442,859.96368442,1,ADAUSDT,okx
2026-05-30 06:25:00+00:00,0.2354,0.2358,0.2354,0.2358,2800.225,659.8427297,659.8427297,1,ADAUSDT,okx
2026-05-30 06:30:00+00:00,0.2359,0.236,0.2359,0.2359,45456.9484,10727.49820657,10727.49820657,1,ADAUSDT,okx
2026-05-30 06:35:00+00:00,0.236,0.2362,0.2359,0.2359,21663.5861,5113.90008288,5113.90008288,1,ADAUSDT,okx
2026-05-30 06:40:00+00:00,0.2359,0.2359,0.2358,0.2359,17109.7099,4035.43052689,4035.43052689,1,ADAUSDT,okx
2026-05-30 06:45:00+00:00,0.236,0.236,0.2356,0.2356,5418.9961,1277.78361829,1277.78361829,1,ADAUSDT,okx
2026-05-30 06:50:00+00:00,0.2356,0.2356,0.2355,0.2355,2830.0707,666.61129756,666.61129756,1,ADAUSDT,okx
2026-05-30 06:55:00+00:00,0.2355,0.2355,0.2352,0.2353,23898.2321,5623.53721385,5623.53721385,1,ADAUSDT,okx
2026-05-30 07:00:00+00:00,0.2354,0.2354,0.2348,0.2348,34482.6302,8104.81701506,8104.81701506,1,ADAUSDT,okx
2026-05-30 07:05:00+00:00,0.2349,0.235,0.2349,0.235,18598.4853,4370.62054122,4370.62054122,1,ADAUSDT,okx
2026-05-30 07:10:00+00:00,0.2351,0.2351,0.235,0.2351,15578.8532,3662.56388475,3662.56388475,1,ADAUSDT,okx
2026-05-30 07:15:00+00:00,0.2351,0.2353,0.2351,0.2352,10890.3592,2561.59299686,2561.59299686,1,ADAUSDT,okx
2026-05-30 07:20:00+00:00,0.2352,0.2354,0.2351,0.2354,8132.6304,1913.67202823,1913.67202823,1,ADAUSDT,okx
2026-05-30 07:25:00+00:00,0.2354,0.2356,0.2352,0.2354,86257.913,20302.16579276,20302.16579276,1,ADAUSDT,okx
2026-05-30 07:30:00+00:00,0.2353,0.2355,0.2352,0.2355,5995.6622,1410.36584748,1410.36584748,1,ADAUSDT,okx
2026-05-30 07:35:00+00:00,0.2353,0.2353,0.2348,0.2349,6752.6364,1586.89524591,1586.89524591,1,ADAUSDT,okx
2026-05-30 07:40:00+00:00,0.2349,0.2349,0.2348,0.2348,37072.1646,8704.79029137,8704.79029137,1,ADAUSDT,okx
2026-05-30 07:45:00+00:00,0.2347,0.2349,0.2346,0.2348,4166.159,978.14517897,978.14517897,1,ADAUSDT,okx
2026-05-30 07:50:00+00:00,0.2349,0.2351,0.2349,0.2351,31366.3104,7371.01668746,7371.01668746,1,ADAUSDT,okx
2026-05-30 07:55:00+00:00,0.2351,0.2352,0.235,0.2352,23485.2221,5520.706935,5520.706935,1,ADAUSDT,okx
2026-05-30 08:00:00+00:00,0.2352,0.2356,0.2352,0.2355,30508.7113,7181.00410088,7181.00410088,1,ADAUSDT,okx
2026-05-30 08:05:00+00:00,0.2354,0.2355,0.2353,0.2354,20898.4622,4918.73700683,4918.73700683,1,ADAUSDT,okx
2026-05-30 08:10:00+00:00,0.2354,0.2354,0.2352,0.2353,8296.5103,1952.23096906,1952.23096906,1,ADAUSDT,okx
2026-05-30 08:15:00+00:00,0.2354,0.2354,0.2351,0.2351,1548.8052,364.42458509,364.42458509,1,ADAUSDT,okx
2026-05-30 08:20:00+00:00,0.2352,0.2353,0.2352,0.2353,55647.891,13092.03621109,13092.03621109,1,ADAUSDT,okx
2026-05-30 08:25:00+00:00,0.2353,0.2353,0.2352,0.2352,25504.909,5998.89857617,5998.89857617,1,ADAUSDT,okx
2026-05-30 08:30:00+00:00,0.2351,0.2351,0.235,0.2351,6046.6987,1421.50688097,1421.50688097,1,ADAUSDT,okx
2026-05-30 08:35:00+00:00,0.2351,0.2351,0.2349,0.235,141951.6273,33353.00158037,33353.00158037,1,ADAUSDT,okx
2026-05-30 08:40:00+00:00,0.2349,0.235,0.2349,0.2349,2533.6438,595.18787986,595.18787986,1,ADAUSDT,okx
2026-05-30 08:45:00+00:00,0.2348,0.2349,0.2346,0.2349,16784.4608,3940.01284849,3940.01284849,1,ADAUSDT,okx
2026-05-30 08:50:00+00:00,0.2348,0.2348,0.2346,0.2348,39081.2778,9171.5860251,9171.5860251,1,ADAUSDT,okx
2026-05-30 08:55:00+00:00,0.2347,0.2347,0.2341,0.2342,57350.4956,13431.85787645,13431.85787645,1,ADAUSDT,okx
2026-05-30 09:00:00+00:00,0.2343,0.2343,0.234,0.2343,31522.7845,7377.53636422,7377.53636422,1,ADAUSDT,okx
2026-05-30 09:05:00+00:00,0.2343,0.2347,0.2341,0.2347,23732.9032,5560.28952263,5560.28952263,1,ADAUSDT,okx
2026-05-30 09:10:00+00:00,0.2347,0.2348,0.2346,0.2347,9578.9626,2248.34610436,2248.34610436,1,ADAUSDT,okx
2026-05-30 09:15:00+00:00,0.2348,0.2349,0.2348,0.2348,11172.6673,2623.50632917,2623.50632917,1,ADAUSDT,okx
2026-05-30 09:20:00+00:00,0.2349,0.235,0.2347,0.235,27600.1604,6483.10634012,6483.10634012,1,ADAUSDT,okx
2026-05-30 09:25:00+00:00,0.235,0.2352,0.235,0.2352,7350.207,1728.34528554,1728.34528554,1,ADAUSDT,okx
2026-05-30 09:30:00+00:00,0.2352,0.2353,0.2351,0.2352,11169.2791,2627.4153528,2627.4153528,1,ADAUSDT,okx
2026-05-30 09:35:00+00:00,0.2351,0.2351,0.2349,0.235,9376.4739,2203.49415918,2203.49415918,1,ADAUSDT,okx
2026-05-30 09:40:00+00:00,0.2349,0.2349,0.2347,0.2348,30645.2343,7196.72037708,7196.72037708,1,ADAUSDT,okx
2026-05-30 09:45:00+00:00,0.2349,0.235,0.2349,0.235,14530.5724,3413.48701757,3413.48701757,1,ADAUSDT,okx
2026-05-30 09:50:00+00:00,0.235,0.2354,0.235,0.2354,16348.894,3844.25504855,3844.25504855,1,ADAUSDT,okx
2026-05-30 09:55:00+00:00,0.2353,0.2353,0.2351,0.2352,20265.1261,4765.90094509,4765.90094509,1,ADAUSDT,okx
2026-05-30 10:00:00+00:00,0.2352,0.2354,0.2351,0.2352,85718.1567,20170.70462055,20170.70462055,1,ADAUSDT,okx
2026-05-30 10:05:00+00:00,0.2352,0.2353,0.2352,0.2353,11411.3144,2684.05004283,2684.05004283,1,ADAUSDT,okx
2026-05-30 10:10:00+00:00,0.2353,0.2353,0.2351,0.2351,16528.2137,3886.40952671,3886.40952671,1,ADAUSDT,okx
2026-05-30 10:15:00+00:00,0.2352,0.2355,0.2352,0.2355,34364.5148,8088.84373529,8088.84373529,1,ADAUSDT,okx
2026-05-30 10:20:00+00:00,0.2355,0.2355,0.2352,0.2352,65169.9326,15339.87167636,15339.87167636,1,ADAUSDT,okx
2026-05-30 10:25:00+00:00,0.2352,0.2353,0.2349,0.2349,27671.9009,6504.85036942,6504.85036942,1,ADAUSDT,okx
2026-05-30 10:30:00+00:00,0.235,0.235,0.235,0.235,20585.7271,4837.6458685,4837.6458685,1,ADAUSDT,okx
2026-05-30 10:35:00+00:00,0.2351,0.2351,0.2351,0.2351,306.7449,72.11572599,72.11572599,1,ADAUSDT,okx
2026-05-30 10:40:00+00:00,0.2351,0.2353,0.2351,0.2352,26521.0781,6237.96451615,6237.96451615,1,ADAUSDT,okx
2026-05-30 10:45:00+00:00,0.2353,0.2353,0.2352,0.2353,8086.0512,1902.56784736,1902.56784736,1,ADAUSDT,okx
2026-05-30 10:50:00+00:00,0.2353,0.2353,0.2352,0.2352,5612.4863,1320.06102639,1320.06102639,1,ADAUSDT,okx
2026-05-30 10:55:00+00:00,0.2351,0.2351,0.2346,0.2349,80130.4351,18813.76308595,18813.76308595,1,ADAUSDT,okx
2026-05-30 11:00:00+00:00,0.2349,0.2351,0.2347,0.2349,36402.3045,8550.52689662,8550.52689662,1,ADAUSDT,okx
2026-05-30 11:05:00+00:00,0.2349,0.2349,0.2345,0.2346,42847.1693,10055.17829295,10055.17829295,1,ADAUSDT,okx
2026-05-30 11:10:00+00:00,0.2345,0.2347,0.2344,0.2346,21363.4764,5009.37263487,5009.37263487,1,ADAUSDT,okx
2026-05-30 11:15:00+00:00,0.2345,0.2346,0.2344,0.2344,28858.7225,6764.58698674,6764.58698674,1,ADAUSDT,okx
2026-05-30 11:20:00+00:00,0.2344,0.2345,0.2344,0.2345,2130.8396,499.52936875,499.52936875,1,ADAUSDT,okx
2026-05-30 11:25:00+00:00,0.2346,0.2347,0.2346,0.2346,1131.4818,265.45095622,265.45095622,1,ADAUSDT,okx
2026-05-30 11:30:00+00:00,0.2347,0.2349,0.2347,0.2349,22931.0899,5384.17879906,5384.17879906,1,ADAUSDT,okx
2026-05-30 11:35:00+00:00,0.2349,0.2353,0.2349,0.2351,32206.0724,7571.08077491,7571.08077491,1,ADAUSDT,okx
2026-05-30 11:40:00+00:00,0.2351,0.2352,0.235,0.2352,24906.3088,5857.14620237,5857.14620237,1,ADAUSDT,okx
2026-05-30 11:45:00+00:00,0.2353,0.2354,0.2351,0.2352,35309.8295,8307.01234487,8307.01234487,1,ADAUSDT,okx
2026-05-30 11:50:00+00:00,0.2352,0.2353,0.235,0.2352,42412.0719,9973.52430026,9973.52430026,1,ADAUSDT,okx
2026-05-30 11:55:00+00:00,0.2352,0.2352,0.2351,0.2352,3055.358,718.41877366,718.41877366,1,ADAUSDT,okx
2026-05-30 12:00:00+00:00,0.2352,0.2353,0.2351,0.2352,28231.8571,6639.48574258,6639.48574258,1,ADAUSDT,okx
2026-05-30 12:05:00+00:00,0.2353,0.2353,0.2352,0.2352,5893.5593,1386.16806659,1386.16806659,1,ADAUSDT,okx
2026-05-30 12:10:00+00:00,0.2352,0.2352,0.2349,0.2351,108540.7199,25512.18207583,25512.18207583,1,ADAUSDT,okx
2026-05-30 12:15:00+00:00,0.2351,0.2352,0.2351,0.2352,33862.5577,7963.75018123,7963.75018123,1,ADAUSDT,okx
2026-05-30 12:20:00+00:00,0.2353,0.2354,0.2353,0.2354,37790.9266,8894.33748248,8894.33748248,1,ADAUSDT,okx
2026-05-30 12:25:00+00:00,0.2354,0.2355,0.2353,0.2353,25346.94,5967.27820701,5967.27820701,1,ADAUSDT,okx
2026-05-30 12:30:00+00:00,0.2353,0.2355,0.2353,0.2355,62806.8008,14784.35203069,14784.35203069,1,ADAUSDT,okx
2026-05-30 12:35:00+00:00,0.2353,0.2353,0.2352,0.2352,8470.6426,1992.8420658,1992.8420658,1,ADAUSDT,okx
2026-05-30 12:40:00+00:00,0.2351,0.2352,0.2349,0.2352,73546.9144,17287.75376265,17287.75376265,1,ADAUSDT,okx
2026-05-30 12:45:00+00:00,0.2352,0.2352,0.2349,0.2351,43999.0377,10339.4986322,10339.4986322,1,ADAUSDT,okx
2026-05-30 12:50:00+00:00,0.235,0.2351,0.235,0.2351,21085.3201,4955.51613831,4955.51613831,1,ADAUSDT,okx
2026-05-30 12:55:00+00:00,0.2352,0.2354,0.2352,0.2354,26669.4345,6272.80123882,6272.80123882,1,ADAUSDT,okx
2026-05-30 13:00:00+00:00,0.2354,0.2357,0.2354,0.2356,26600.2365,6264.67004585,6264.67004585,1,ADAUSDT,okx
2026-05-30 13:05:00+00:00,0.2356,0.2357,0.2355,0.2356,14410.5896,3395.71789572,3395.71789572,1,ADAUSDT,okx
2026-05-30 13:10:00+00:00,0.2357,0.2357,0.2355,0.2355,15429.3417,3636.28399207,3636.28399207,1,ADAUSDT,okx
2026-05-30 13:15:00+00:00,0.2356,0.2356,0.2354,0.2356,12541.7015,2953.63925341,2953.63925341,1,ADAUSDT,okx
2026-05-30 13:20:00+00:00,0.2355,0.2359,0.2355,0.2359,128277.8606,30240.97162241,30240.97162241,1,ADAUSDT,okx
2026-05-30 13:25:00+00:00,0.2359,0.2359,0.2357,0.2357,42870.0383,10107.89927767,10107.89927767,1,ADAUSDT,okx
2026-05-30 13:30:00+00:00,0.2356,0.2356,0.2351,0.2351,56125.8787,13212.24163369,13212.24163369,1,ADAUSDT,okx
2026-05-30 13:35:00+00:00,0.2351,0.2352,0.2349,0.2351,94424.2847,22193.96125437,22193.96125437,1,ADAUSDT,okx
2026-05-30 13:40:00+00:00,0.2351,0.2355,0.2351,0.2355,68009.9751,16001.59339846,16001.59339846,1,ADAUSDT,okx
2026-05-30 13:45:00+00:00,0.2355,0.2355,0.2354,0.2354,36878.7995,8683.87657566,8683.87657566,1,ADAUSDT,okx
2026-05-30 13:50:00+00:00,0.2354,0.2358,0.2354,0.2358,51178.4567,12053.69553715,12053.69553715,1,ADAUSDT,okx
2026-05-30 13:55:00+00:00,0.2357,0.2359,0.2356,0.2359,45717.3646,10777.14997291,10777.14997291,1,ADAUSDT,okx
2026-05-30 14:00:00+00:00,0.2359,0.2362,0.2358,0.2361,162207.1597,38276.52711764,38276.52711764,1,ADAUSDT,okx
2026-05-30 14:05:00+00:00,0.2361,0.2361,0.2357,0.2359,131957.2368,31110.76364464,31110.76364464,1,ADAUSDT,okx
2026-05-30 14:10:00+00:00,0.2359,0.2364,0.2358,0.2358,101167.5785,23883.01889656,23883.01889656,1,ADAUSDT,okx
2026-05-30 14:15:00+00:00,0.2357,0.2361,0.2355,0.2361,145393.3886,34271.59394416,34271.59394416,1,ADAUSDT,okx
2026-05-30 14:20:00+00:00,0.2361,0.2362,0.2359,0.2361,46752.0734,11036.01283775,11036.01283775,1,ADAUSDT,okx
2026-05-30 14:25:00+00:00,0.236,0.2363,0.2359,0.2363,104791.8055,24746.91794148,24746.91794148,1,ADAUSDT,okx
2026-05-30 14:30:00+00:00,0.2363,0.2365,0.2361,0.2365,162878.6136,38484.1596788,38484.1596788,1,ADAUSDT,okx
2026-05-30 14:35:00+00:00,0.2365,0.2367,0.2364,0.2366,110979.5349,26254.78976256,26254.78976256,1,ADAUSDT,okx
2026-05-30 14:40:00+00:00,0.2365,0.2366,0.236,0.2361,140184.4149,33113.67996576,33113.67996576,1,ADAUSDT,okx
2026-05-30 14:45:00+00:00,0.236,0.2361,0.2358,0.236,77826.5757,18356.96411078,18356.96411078,1,ADAUSDT,okx
2026-05-30 14:50:00+00:00,0.2359,0.236,0.2358,0.236,47415.714,11183.06190052,11183.06190052,1,ADAUSDT,okx
2026-05-30 14:55:00+00:00,0.236,0.2362,0.2359,0.2361,90909.0955,21459.35584553,21459.35584553,1,ADAUSDT,okx
2026-05-30 15:00:00+00:00,0.2362,0.2364,0.2361,0.2362,125575.2701,29666.50857705,29666.50857705,1,ADAUSDT,okx
2026-05-30 15:05:00+00:00,0.2362,0.2363,0.2361,0.2363,95536.9657,22568.5229328,22568.5229328,1,ADAUSDT,okx
2026-05-30 15:10:00+00:00,0.2363,0.237,0.2362,0.237,177260.6663,41947.10920281,41947.10920281,1,ADAUSDT,okx
2026-05-30 15:15:00+00:00,0.2369,0.2369,0.2365,0.2367,212332.549,50249.05135731,50249.05135731,1,ADAUSDT,okx
2026-05-30 15:20:00+00:00,0.2366,0.2366,0.2361,0.2365,93318.0193,22049.80458014,22049.80458014,1,ADAUSDT,okx
2026-05-30 15:25:00+00:00,0.2365,0.2367,0.2365,0.2366,29621.7431,7008.4022861,7008.4022861,1,ADAUSDT,okx
2026-05-30 15:30:00+00:00,0.2365,0.2365,0.2363,0.2364,92276.804,21812.41428434,21812.41428434,1,ADAUSDT,okx
2026-05-30 15:35:00+00:00,0.2365,0.2367,0.2363,0.2363,132286.6191,31294.16410673,31294.16410673,1,ADAUSDT,okx
2026-05-30 15:40:00+00:00,0.2363,0.2365,0.2362,0.2363,68131.9081,16102.43697362,16102.43697362,1,ADAUSDT,okx
2026-05-30 15:45:00+00:00,0.2362,0.2366,0.2362,0.2366,123407.4763,29185.22832976,29185.22832976,1,ADAUSDT,okx
2026-05-30 15:50:00+00:00,0.2366,0.2369,0.2366,0.2367,45186.2535,10694.45484385,10694.45484385,1,ADAUSDT,okx
2026-05-30 15:55:00+00:00,0.2365,0.2365,0.2365,0.2365,19354.7926,4577.4084499,4577.4084499,1,ADAUSDT,okx
2026-05-30 16:00:00+00:00,0.2365,0.2366,0.2361,0.2362,57201.7076,13509.43435013,13509.43435013,1,ADAUSDT,okx
2026-05-30 16:05:00+00:00,0.2364,0.2368,0.2364,0.2368,112448.0584,26610.69832225,26610.69832225,1,ADAUSDT,okx
2026-05-30 16:10:00+00:00,0.2367,0.2371,0.2366,0.237,65548.7548,15523.43068008,15523.43068008,1,ADAUSDT,okx
2026-05-30 16:15:00+00:00,0.237,0.237,0.2363,0.2365,237897.0605,56294.37773199,56294.37773199,1,ADAUSDT,okx
2026-05-30 16:20:00+00:00,0.2366,0.2367,0.2362,0.2363,72932.7781,17237.88924134,17237.88924134,1,ADAUSDT,okx
2026-05-30 16:25:00+00:00,0.2362,0.2365,0.2362,0.2364,30883.0809,7298.593134,7298.593134,1,ADAUSDT,okx
2026-05-30 16:30:00+00:00,0.2364,0.2368,0.2363,0.2367,128671.0744,30437.07288833,30437.07288833,1,ADAUSDT,okx
2026-05-30 16:35:00+00:00,0.2368,0.2369,0.2366,0.2368,47143.1056,11162.32300794,11162.32300794,1,ADAUSDT,okx
2026-05-30 16:40:00+00:00,0.2367,0.2368,0.2365,0.2366,78709.3178,18627.9659437,18627.9659437,1,ADAUSDT,okx
2026-05-30 16:45:00+00:00,0.2367,0.2367,0.2364,0.2366,82814.4665,19585.41846168,19585.41846168,1,ADAUSDT,okx
2026-05-30 16:50:00+00:00,0.2366,0.2367,0.2365,0.2367,21810.5101,5159.48044783,5159.48044783,1,ADAUSDT,okx
2026-05-30 16:55:00+00:00,0.2367,0.2369,0.2367,0.2369,84826.8375,20078.71560924,20078.71560924,1,ADAUSDT,okx
2026-05-30 17:00:00+00:00,0.2369,0.2374,0.2368,0.2374,28160.1539,6680.0627854,6680.0627854,1,ADAUSDT,okx
2026-05-30 17:05:00+00:00,0.2373,0.2373,0.2367,0.2368,74391.777,17626.31851796,17626.31851796,1,ADAUSDT,okx
2026-05-30 17:10:00+00:00,0.2369,0.2369,0.2365,0.2367,90596.786,21438.94820797,21438.94820797,1,ADAUSDT,okx
2026-05-30 17:15:00+00:00,0.2367,0.2367,0.2364,0.2364,51224.1842,12117.79035269,12117.79035269,1,ADAUSDT,okx
2026-05-30 17:20:00+00:00,0.2365,0.2369,0.2365,0.2367,87258.6351,20648.68255416,20648.68255416,1,ADAUSDT,okx
2026-05-30 17:25:00+00:00,0.2366,0.2366,0.2362,0.2363,29452.2954,6963.1575879,6963.1575879,1,ADAUSDT,okx
2026-05-30 17:30:00+00:00,0.2362,0.2362,0.2357,0.2359,246516.4514,58165.57368574,58165.57368574,1,ADAUSDT,okx
2026-05-30 17:35:00+00:00,0.236,0.2362,0.2358,0.2361,50121.7644,11829.14068915,11829.14068915,1,ADAUSDT,okx
2026-05-30 17:40:00+00:00,0.2362,0.2364,0.2362,0.2363,15953.2827,3769.672111,3769.672111,1,ADAUSDT,okx
2026-05-30 17:45:00+00:00,0.2364,0.2368,0.2364,0.2368,13645.5741,3227.49317528,3227.49317528,1,ADAUSDT,okx
2026-05-30 17:50:00+00:00,0.2369,0.237,0.2368,0.237,48463.0824,11483.1795289,11483.1795289,1,ADAUSDT,okx
2026-05-30 17:55:00+00:00,0.2371,0.2372,0.237,0.2372,26489.8117,6279.96829977,6279.96829977,1,ADAUSDT,okx
2026-05-30 18:00:00+00:00,0.2372,0.2373,0.2371,0.2372,18919.8008,4487.64817791,4487.64817791,1,ADAUSDT,okx
2026-05-30 18:05:00+00:00,0.2372,0.2374,0.2371,0.2374,24665.8484,5850.22795307,5850.22795307,1,ADAUSDT,okx
2026-05-30 18:10:00+00:00,0.2373,0.2373,0.2368,0.2369,53638.1603,12717.26844599,12717.26844599,1,ADAUSDT,okx
2026-05-30 18:15:00+00:00,0.2369,0.2371,0.2369,0.2371,48277.2162,11440.10355126,11440.10355126,1,ADAUSDT,okx
2026-05-30 18:20:00+00:00,0.2371,0.2372,0.2369,0.2369,45601.6535,10811.53419791,10811.53419791,1,ADAUSDT,okx
2026-05-30 18:25:00+00:00,0.2369,0.2369,0.2366,0.2367,89054.8723,21081.5261843,21081.5261843,1,ADAUSDT,okx
2026-05-30 18:30:00+00:00,0.2367,0.2371,0.2367,0.2369,81565.2292,19315.96999166,19315.96999166,1,ADAUSDT,okx
2026-05-30 18:35:00+00:00,0.237,0.2371,0.2369,0.237,86720.1282,20556.61481347,20556.61481347,1,ADAUSDT,okx
2026-05-30 18:40:00+00:00,0.2371,0.2375,0.2371,0.2373,71550.6195,16975.47566408,16975.47566408,1,ADAUSDT,okx
2026-05-30 18:45:00+00:00,0.2374,0.2378,0.2374,0.2375,224428.5849,53328.54049887,53328.54049887,1,ADAUSDT,okx
2026-05-30 18:50:00+00:00,0.2374,0.2374,0.2371,0.2373,67667.1101,16057.6931019,16057.6931019,1,ADAUSDT,okx
2026-05-30 18:55:00+00:00,0.2374,0.2377,0.2374,0.2377,56724.6846,13475.77669047,13475.77669047,1,ADAUSDT,okx
2026-05-30 19:00:00+00:00,0.2377,0.2377,0.2372,0.2374,34127.8897,8101.08979157,8101.08979157,1,ADAUSDT,okx
2026-05-30 19:05:00+00:00,0.2374,0.2374,0.2372,0.2372,27897.1371,6620.44241486,6620.44241486,1,ADAUSDT,okx
2026-05-30 19:10:00+00:00,0.2372,0.2372,0.2371,0.2372,32203.0493,7636.06897076,7636.06897076,1,ADAUSDT,okx
2026-05-30 19:15:00+00:00,0.2373,0.2376,0.2373,0.2374,39773.524,9444.54906228,9444.54906228,1,ADAUSDT,okx
2026-05-30 19:20:00+00:00,0.2374,0.2375,0.2371,0.2372,62445.1692,14817.1621675,14817.1621675,1,ADAUSDT,okx
2026-05-30 19:25:00+00:00,0.2372,0.2372,0.2369,0.2369,29512.3635,6993.86903058,6993.86903058,1,ADAUSDT,okx
2026-05-30 19:30:00+00:00,0.2369,0.237,0.2367,0.237,104664.9817,24788.23214647,24788.23214647,1,ADAUSDT,okx
2026-05-30 19:35:00+00:00,0.237,0.2373,0.237,0.2373,33159.5123,7866.39138976,7866.39138976,1,ADAUSDT,okx
2026-05-30 19:40:00+00:00,0.2373,0.2373,0.2372,0.2373,26993.1947,6404.4488839,6404.4488839,1,ADAUSDT,okx
2026-05-30 19:45:00+00:00,0.2374,0.2376,0.2374,0.2374,12074.2327,2867.83204238,2867.83204238,1,ADAUSDT,okx
2026-05-30 19:50:00+00:00,0.2374,0.2375,0.2373,0.2374,18934.3234,4495.36740023,4495.36740023,1,ADAUSDT,okx
2026-05-30 19:55:00+00:00,0.2375,0.2375,0.2371,0.2372,46911.828,11129.47642958,11129.47642958,1,ADAUSDT,okx
2026-05-30 20:00:00+00:00,0.2373,0.2376,0.2373,0.2374,75681.0606,17972.33266211,17972.33266211,1,ADAUSDT,okx
2026-05-30 20:05:00+00:00,0.2373,0.2374,0.2371,0.2373,91565.2252,21721.14058984,21721.14058984,1,ADAUSDT,okx
2026-05-30 20:10:00+00:00,0.2372,0.2373,0.2372,0.2372,32717.6737,7760.67434238,7760.67434238,1,ADAUSDT,okx
2026-05-30 20:15:00+00:00,0.2371,0.2372,0.2371,0.2371,18708.0263,4435.67310878,4435.67310878,1,ADAUSDT,okx
2026-05-30 20:20:00+00:00,0.2371,0.2371,0.237,0.2371,22866.4655,5420.0344076,5420.0344076,1,ADAUSDT,okx
2026-05-30 20:25:00+00:00,0.2371,0.2371,0.2371,0.2371,2205.9275,523.02541025,523.02541025,1,ADAUSDT,okx
2026-05-30 20:30:00+00:00,0.237,0.237,0.2369,0.237,25073.7257,5941.30597797,5941.30597797,1,ADAUSDT,okx
2026-05-30 20:35:00+00:00,0.2371,0.2374,0.2371,0.2373,14476.9829,3435.08250858,3435.08250858,1,ADAUSDT,okx
2026-05-30 20:40:00+00:00,0.2372,0.2372,0.2372,0.2372,18825.8258,4465.48587976,4465.48587976,1,ADAUSDT,okx
2026-05-30 20:45:00+00:00,0.2371,0.2373,0.2371,0.2373,31550.2225,7484.64813174,7484.64813174,1,ADAUSDT,okx
2026-05-30 20:50:00+00:00,0.2373,0.2376,0.2372,0.2376,32400.6015,7693.03663886,7693.03663886,1,ADAUSDT,okx
2026-05-30 20:55:00+00:00,0.2376,0.2377,0.2375,0.2377,6495.332,1543.3292181,1543.3292181,1,ADAUSDT,okx
2026-05-30 21:00:00+00:00,0.2377,0.2378,0.2376,0.2377,43463.727,10330.26649304,10330.26649304,1,ADAUSDT,okx
2026-05-30 21:05:00+00:00,0.2377,0.2379,0.2376,0.2379,14724.9948,3501.04338495,3501.04338495,1,ADAUSDT,okx
2026-05-30 21:10:00+00:00,0.238,0.2382,0.2379,0.238,95673.7193,22777.04521835,22777.04521835,1,ADAUSDT,okx
2026-05-30 21:15:00+00:00,0.2379,0.2379,0.2378,0.2379,9857.9426,2345.06373073,2345.06373073,1,ADAUSDT,okx
2026-05-30 21:20:00+00:00,0.2379,0.238,0.2378,0.2379,59436.1681,14139.30259194,14139.30259194,1,ADAUSDT,okx
2026-05-30 21:25:00+00:00,0.2379,0.2381,0.2379,0.2381,50933.6806,12122.87238093,12122.87238093,1,ADAUSDT,okx
2026-05-30 21:30:00+00:00,0.2382,0.2382,0.2379,0.238,54046.1723,12864.26191951,12864.26191951,1,ADAUSDT,okx
2026-05-30 21:35:00+00:00,0.2381,0.2384,0.238,0.2382,29688.1362,7071.70532936,7071.70532936,1,ADAUSDT,okx
2026-05-30 21:40:00+00:00,0.2383,0.2385,0.2382,0.2382,82412.9217,19643.43272092,19643.43272092,1,ADAUSDT,okx
2026-05-30 21:45:00+00:00,0.2383,0.2384,0.2381,0.2381,27732.5895,6605.95897847,6605.95897847,1,ADAUSDT,okx
2026-05-30 21:50:00+00:00,0.2381,0.2381,0.2376,0.2378,56021.3498,13324.22108882,13324.22108882,1,ADAUSDT,okx
2026-05-30 21:55:00+00:00,0.2378,0.2378,0.2375,0.2375,29431.1323,6994.89144422,6994.89144422,1,ADAUSDT,okx
2026-05-30 22:00:00+00:00,0.2376,0.2376,0.2361,0.2362,232909.2423,55110.99094712,55110.99094712,1,ADAUSDT,okx
2026-05-30 22:05:00+00:00,0.2362,0.2364,0.236,0.2364,149674.0907,35349.45460577,35349.45460577,1,ADAUSDT,okx
2026-05-30 22:10:00+00:00,0.2364,0.2367,0.2364,0.2365,39993.117,9459.80151123,9459.80151123,1,ADAUSDT,okx
2026-05-30 22:15:00+00:00,0.2366,0.2368,0.2365,0.2365,99126.74,23452.1845875,23452.1845875,1,ADAUSDT,okx
2026-05-30 22:20:00+00:00,0.2365,0.2365,0.2357,0.2359,43344.6417,10226.24818384,10226.24818384,1,ADAUSDT,okx
2026-05-30 22:25:00+00:00,0.236,0.2361,0.236,0.2361,13075.6255,3086.50213714,3086.50213714,1,ADAUSDT,okx
2026-05-30 22:30:00+00:00,0.2362,0.2363,0.2361,0.2362,11734.738,2771.65595316,2771.65595316,1,ADAUSDT,okx
2026-05-30 22:35:00+00:00,0.2362,0.2363,0.2357,0.2357,66755.1549,15767.90223598,15767.90223598,1,ADAUSDT,okx
2026-05-30 22:40:00+00:00,0.2356,0.2359,0.2355,0.2356,109614.8514,25827.44146997,25827.44146997,1,ADAUSDT,okx
2026-05-30 22:45:00+00:00,0.2356,0.2362,0.2356,0.2361,12171.5188,2870.57056388,2870.57056388,1,ADAUSDT,okx
2026-05-30 22:50:00+00:00,0.2361,0.2361,0.2357,0.2359,31735.7754,7485.02493209,7485.02493209,1,ADAUSDT,okx
2026-05-30 22:55:00+00:00,0.2359,0.2361,0.2358,0.2361,6989.7058,1649.54134785,1649.54134785,1,ADAUSDT,okx
2026-05-30 23:00:00+00:00,0.236,0.2364,0.236,0.2364,28943.6681,6835.03599264,6835.03599264,1,ADAUSDT,okx
2026-05-30 23:05:00+00:00,0.2363,0.2364,0.2361,0.2361,16618.0682,3925.01190352,3925.01190352,1,ADAUSDT,okx
2026-05-30 23:10:00+00:00,0.236,0.2361,0.2357,0.2358,25616.7996,6042.49171062,6042.49171062,1,ADAUSDT,okx
2026-05-30 23:15:00+00:00,0.2357,0.2362,0.2357,0.236,57144.972,13473.68789865,13473.68789865,1,ADAUSDT,okx
2026-05-30 23:20:00+00:00,0.2361,0.2361,0.2357,0.236,24990.0138,5893.49330489,5893.49330489,1,ADAUSDT,okx
2026-05-30 23:25:00+00:00,0.236,0.2361,0.2359,0.2359,16386.8026,3867.79896209,3867.79896209,1,ADAUSDT,okx
2026-05-30 23:30:00+00:00,0.2358,0.2358,0.2356,0.2356,17567.6296,4139.44854459,4139.44854459,1,ADAUSDT,okx
2026-05-30 23:35:00+00:00,0.2355,0.2355,0.2353,0.2353,28506.3711,6711.76914672,6711.76914672,1,ADAUSDT,okx
2026-05-30 23:40:00+00:00,0.2354,0.2355,0.2353,0.2355,20962.0602,4934.30764972,4934.30764972,1,ADAUSDT,okx
2026-05-30 23:45:00+00:00,0.2354,0.2358,0.2354,0.2358,4127.9804,972.07172168,972.07172168,1,ADAUSDT,okx
2026-05-30 23:50:00+00:00,0.2357,0.2359,0.2357,0.2359,14729.4539,3471.82304041,3471.82304041,1,ADAUSDT,okx
2026-05-30 23:55:00+00:00,0.2358,0.236,0.2357,0.236,9602.2211,2265.11335758,2265.11335758,1,ADAUSDT,okx
2026-05-31 00:00:00+00:00,0.236,0.2362,0.2355,0.2357,56439.6652,13308.22029063,13308.22029063,1,ADAUSDT,okx
2026-05-31 00:05:00+00:00,0.2356,0.2359,0.2356,0.2357,13678.0368,3224.43152697,3224.43152697,1,ADAUSDT,okx
2026-05-31 00:10:00+00:00,0.2358,0.2362,0.2358,0.2361,95582.3909,22565.8312028,22565.8312028,1,ADAUSDT,okx
2026-05-31 00:15:00+00:00,0.236,0.2362,0.236,0.2362,29418.0777,6945.25326385,6945.25326385,1,ADAUSDT,okx
2026-05-31 00:20:00+00:00,0.2362,0.2364,0.2362,0.2362,15513.5469,3665.80804592,3665.80804592,1,ADAUSDT,okx
2026-05-31 00:25:00+00:00,0.2365,0.2366,0.2361,0.2363,210794.5017,49814.63745643,49814.63745643,1,ADAUSDT,okx
2026-05-31 00:30:00+00:00,0.2362,0.2364,0.2361,0.2364,26367.0161,6228.88113941,6228.88113941,1,ADAUSDT,okx
2026-05-31 00:35:00+00:00,0.2364,0.2366,0.2361,0.2362,70282.8368,16613.55469746,16613.55469746,1,ADAUSDT,okx
2026-05-31 00:40:00+00:00,0.2362,0.2364,0.2361,0.2364,17741.9797,4191.55691257,4191.55691257,1,ADAUSDT,okx
2026-05-31 00:45:00+00:00,0.2364,0.2365,0.2361,0.2363,7591.6208,1793.89638833,1793.89638833,1,ADAUSDT,okx
2026-05-31 00:50:00+00:00,0.2364,0.2367,0.2364,0.2367,16646.6306,3937.46593437,3937.46593437,1,ADAUSDT,okx
2026-05-31 00:55:00+00:00,0.2367,0.2368,0.2366,0.2367,11167.6504,2642.98687769,2642.98687769,1,ADAUSDT,okx
2026-05-31 01:00:00+00:00,0.2367,0.237,0.2367,0.2369,42298.9668,10020.36425749,10020.36425749,1,ADAUSDT,okx
2026-05-31 01:05:00+00:00,0.237,0.237,0.2363,0.2365,154560.0292,36545.97975668,36545.97975668,1,ADAUSDT,okx
2026-05-31 01:10:00+00:00,0.2365,0.2367,0.2364,0.2365,3823.6975,904.46077875,904.46077875,1,ADAUSDT,okx
2026-05-31 01:15:00+00:00,0.2366,0.2369,0.2366,0.2369,13311.5455,3152.01391674,3152.01391674,1,ADAUSDT,okx
2026-05-31 01:20:00+00:00,0.2369,0.2372,0.2368,0.2371,13764.9959,3263.12389274,3263.12389274,1,ADAUSDT,okx
2026-05-31 01:25:00+00:00,0.237,0.2371,0.2367,0.2369,106465.2088,25221.12860868,25221.12860868,1,ADAUSDT,okx
2026-05-31 01:30:00+00:00,0.2367,0.2372,0.2367,0.2372,35989.9871,8531.45689254,8531.45689254,1,ADAUSDT,okx
2026-05-31 01:35:00+00:00,0.2373,0.2373,0.237,0.237,93685.1446,22220.54956812,22220.54956812,1,ADAUSDT,okx
2026-05-31 01:40:00+00:00,0.237,0.237,0.2367,0.2367,14725.1346,3486.66681427,3486.66681427,1,ADAUSDT,okx
2026-05-31 01:45:00+00:00,0.2367,0.2372,0.2367,0.2371,4378.8872,1037.75455928,1037.75455928,1,ADAUSDT,okx
2026-05-31 01:50:00+00:00,0.2371,0.2372,0.2368,0.2369,2643.5317,626.39712704,626.39712704,1,ADAUSDT,okx
2026-05-31 01:55:00+00:00,0.2369,0.2369,0.2367,0.2368,33962.8606,8042.38079395,8042.38079395,1,ADAUSDT,okx
2026-05-31 02:00:00+00:00,0.2368,0.2372,0.2367,0.2372,3071.8628,728.0855875,728.0855875,1,ADAUSDT,okx
2026-05-31 02:05:00+00:00,0.2372,0.2376,0.2372,0.2375,13372.8316,3174.07615158,3174.07615158,1,ADAUSDT,okx
2026-05-31 02:10:00+00:00,0.2376,0.2376,0.2374,0.2376,25262.6064,5999.58616251,5999.58616251,1,ADAUSDT,okx
2026-05-31 02:15:00+00:00,0.2377,0.2381,0.2377,0.2379,118159.2272,28104.89957283,28104.89957283,1,ADAUSDT,okx
2026-05-31 02:20:00+00:00,0.2378,0.2378,0.2375,0.2376,60594.3233,14401.00698358,14401.00698358,1,ADAUSDT,okx
2026-05-31 02:25:00+00:00,0.2377,0.2377,0.2369,0.2369,108436.8493,25723.99677392,25723.99677392,1,ADAUSDT,okx
2026-05-31 02:30:00+00:00,0.2369,0.2372,0.2366,0.2366,77619.2128,18388.24355952,18388.24355952,1,ADAUSDT,okx
2026-05-31 02:35:00+00:00,0.2366,0.237,0.2366,0.2369,16514.8752,3912.31512426,3912.31512426,1,ADAUSDT,okx
2026-05-31 02:40:00+00:00,0.2368,0.2368,0.2367,0.2368,1541.4641,364.94242229,364.94242229,1,ADAUSDT,okx
2026-05-31 02:45:00+00:00,0.2368,0.2368,0.2367,0.2367,23138.4733,5476.92494545,5476.92494545,1,ADAUSDT,okx
2026-05-31 02:50:00+00:00,0.2368,0.237,0.2368,0.2369,13952.4474,3304.85310683,3304.85310683,1,ADAUSDT,okx
2026-05-31 02:55:00+00:00,0.237,0.2374,0.2369,0.2374,5028.795,1193.12227866,1193.12227866,1,ADAUSDT,okx
2026-05-31 03:00:00+00:00,0.2374,0.2377,0.2373,0.2375,7269.2413,1726.60166581,1726.60166581,1,ADAUSDT,okx
2026-05-31 03:05:00+00:00,0.2374,0.2376,0.2374,0.2376,8350.7357,1983.29322247,1983.29322247,1,ADAUSDT,okx
2026-05-31 03:10:00+00:00,0.2375,0.2376,0.2373,0.2374,57881.5903,13744.27997423,13744.27997423,1,ADAUSDT,okx
2026-05-31 03:15:00+00:00,0.2375,0.2378,0.2374,0.2377,16369.6179,3888.5211465,3888.5211465,1,ADAUSDT,okx
2026-05-31 03:20:00+00:00,0.2377,0.2381,0.2376,0.2381,25484.8132,6060.75174466,6060.75174466,1,ADAUSDT,okx
2026-05-31 03:25:00+00:00,0.2381,0.2382,0.2379,0.2382,101746.7469,24232.24991147,24232.24991147,1,ADAUSDT,okx
2026-05-31 03:30:00+00:00,0.2382,0.2384,0.2381,0.2384,85234.8402,20303.39627654,20303.39627654,1,ADAUSDT,okx
2026-05-31 03:35:00+00:00,0.2384,0.2384,0.238,0.238,103719.5822,24718.20198972,24718.20198972,1,ADAUSDT,okx
2026-05-31 03:40:00+00:00,0.238,0.2381,0.2378,0.2381,39595.0904,9422.2819183,9422.2819183,1,ADAUSDT,okx
2026-05-31 03:45:00+00:00,0.2381,0.2383,0.238,0.2383,40177.5707,9566.37782426,9566.37782426,1,ADAUSDT,okx
2026-05-31 03:50:00+00:00,0.2382,0.2383,0.238,0.238,12513.4441,2979.24154012,2979.24154012,1,ADAUSDT,okx
2026-05-31 03:55:00+00:00,0.2381,0.2383,0.2379,0.238,22834.5408,5435.98693488,5435.98693488,1,ADAUSDT,okx
2026-05-31 04:00:00+00:00,0.2381,0.2384,0.2379,0.2382,80376.1892,19149.27128733,19149.27128733,1,ADAUSDT,okx
2026-05-31 04:05:00+00:00,0.2383,0.2383,0.2379,0.2379,50891.019,12111.05063631,12111.05063631,1,ADAUSDT,okx
2026-05-31 04:10:00+00:00,0.2378,0.238,0.2377,0.238,7253.7136,1725.17708563,1725.17708563,1,ADAUSDT,okx
2026-05-31 04:15:00+00:00,0.2379,0.238,0.2379,0.238,47176.8741,11224.59956581,11224.59956581,1,ADAUSDT,okx
2026-05-31 04:20:00+00:00,0.238,0.2383,0.238,0.2383,14738.2144,3511.08570846,3511.08570846,1,ADAUSDT,okx
2026-05-31 04:25:00+00:00,0.2382,0.2382,0.2381,0.2381,395.6027,94.21754965,94.21754965,1,ADAUSDT,okx
2026-05-31 04:30:00+00:00,0.238,0.2381,0.2379,0.238,56705.9753,13495.03251879,13495.03251879,1,ADAUSDT,okx
2026-05-31 04:35:00+00:00,0.238,0.2384,0.238,0.2383,171890.8183,40977.09480858,40977.09480858,1,ADAUSDT,okx
2026-05-31 04:40:00+00:00,0.2383,0.2383,0.2381,0.2382,49567.8668,11809.81182304,11809.81182304,1,ADAUSDT,okx
2026-05-31 04:45:00+00:00,0.2383,0.2383,0.2382,0.2383,12806.7413,3051.59430468,3051.59430468,1,ADAUSDT,okx
2026-05-31 04:50:00+00:00,0.2384,0.2386,0.2383,0.2386,1257140.3498,299802.2510505,299802.2510505,1,ADAUSDT,okx
2026-05-31 04:55:00+00:00,0.2386,0.2388,0.2386,0.2386,45431.5975,10842.94232174,10842.94232174,1,ADAUSDT,okx
2026-05-31 05:00:00+00:00,0.2386,0.2387,0.2382,0.2384,20212.8755,4819.97891025,4819.97891025,1,ADAUSDT,okx
2026-05-31 05:05:00+00:00,0.2383,0.2384,0.2383,0.2383,5592.2522,1332.63789389,1332.63789389,1,ADAUSDT,okx
2026-05-31 05:10:00+00:00,0.2383,0.2383,0.2381,0.2381,9888.2202,2355.4520535,2355.4520535,1,ADAUSDT,okx
2026-05-31 05:15:00+00:00,0.238,0.2383,0.238,0.2383,41410.8172,9861.72358962,9861.72358962,1,ADAUSDT,okx
2026-05-31 05:20:00+00:00,0.2383,0.2383,0.2382,0.2382,12364.6183,2946.13428909,2946.13428909,1,ADAUSDT,okx
2026-05-31 05:25:00+00:00,0.2381,0.2384,0.238,0.2383,2836.3558,675.30573128,675.30573128,1,ADAUSDT,okx
2026-05-31 05:30:00+00:00,0.2384,0.2384,0.2383,0.2383,20089.1701,4787.27514585,4787.27514585,1,ADAUSDT,okx
2026-05-31 05:35:00+00:00,0.2385,0.2385,0.2383,0.2383,2820.7197,672.41072716,672.41072716,1,ADAUSDT,okx
2026-05-31 05:40:00+00:00,0.2383,0.2383,0.238,0.238,44831.0384,10671.09321937,10671.09321937,1,ADAUSDT,okx
2026-05-31 05:45:00+00:00,0.2379,0.2379,0.2376,0.2377,18708.407,4448.15757567,4448.15757567,1,ADAUSDT,okx
2026-05-31 05:50:00+00:00,0.2376,0.2378,0.2376,0.2378,20312.145,4827.16402085,4827.16402085,1,ADAUSDT,okx
2026-05-31 05:55:00+00:00,0.2377,0.2378,0.2377,0.2378,12717.4194,3024.02773674,3024.02773674,1,ADAUSDT,okx
2026-05-31 06:00:00+00:00,0.2378,0.2378,0.2373,0.2373,9542.3367,2266.64120551,2266.64120551,1,ADAUSDT,okx
2026-05-31 06:05:00+00:00,0.2374,0.2377,0.2374,0.2376,17236.4846,4092.84975297,4092.84975297,1,ADAUSDT,okx
2026-05-31 06:10:00+00:00,0.2377,0.2378,0.2375,0.2375,15005.6925,3566.52590431,3566.52590431,1,ADAUSDT,okx
2026-05-31 06:15:00+00:00,0.2375,0.2375,0.2374,0.2375,15354.6627,3645.46773389,3645.46773389,1,ADAUSDT,okx
2026-05-31 06:20:00+00:00,0.2375,0.2376,0.2375,0.2375,6483.8844,1539.96691776,1539.96691776,1,ADAUSDT,okx
2026-05-31 06:25:00+00:00,0.2374,0.2376,0.2373,0.2376,3518.8435,835.38227184,835.38227184,1,ADAUSDT,okx
2026-05-31 06:30:00+00:00,0.2375,0.2378,0.2375,0.2377,10468.373,2487.1540617,2487.1540617,1,ADAUSDT,okx
2026-05-31 06:35:00+00:00,0.2376,0.2377,0.2376,0.2377,2147.9753,510.39047118,510.39047118,1,ADAUSDT,okx
2026-05-31 06:40:00+00:00,0.2377,0.2378,0.2376,0.2376,49492.5042,11766.84532991,11766.84532991,1,ADAUSDT,okx
2026-05-31 06:45:00+00:00,0.2377,0.238,0.2377,0.238,4517.6364,1074.22841332,1074.22841332,1,ADAUSDT,okx
2026-05-31 06:50:00+00:00,0.238,0.238,0.2378,0.2378,2617.9369,623.0191679,623.0191679,1,ADAUSDT,okx
2026-05-31 06:55:00+00:00,0.238,0.238,0.2379,0.2379,22492.4965,5351.65599499,5351.65599499,1,ADAUSDT,okx
2026-05-31 07:00:00+00:00,0.2378,0.2378,0.2373,0.2373,66459.4645,15786.02940171,15786.02940171,1,ADAUSDT,okx
2026-05-31 07:05:00+00:00,0.2373,0.2376,0.2373,0.2376,11739.1506,2787.07175548,2787.07175548,1,ADAUSDT,okx
2026-05-31 07:10:00+00:00,0.2376,0.2376,0.2369,0.2371,34238.5261,8126.98886956,8126.98886956,1,ADAUSDT,okx
2026-05-31 07:15:00+00:00,0.2372,0.2374,0.2372,0.2373,6813.1122,1616.55388803,1616.55388803,1,ADAUSDT,okx
2026-05-31 07:20:00+00:00,0.2372,0.2372,0.2367,0.2367,20517.2332,4859.83503517,4859.83503517,1,ADAUSDT,okx
2026-05-31 07:25:00+00:00,0.2367,0.2369,0.2365,0.2369,55148.1354,13049.66520671,13049.66520671,1,ADAUSDT,okx
2026-05-31 07:30:00+00:00,0.2367,0.2369,0.2363,0.2365,34690.7933,8205.50680625,8205.50680625,1,ADAUSDT,okx
2026-05-31 07:35:00+00:00,0.2364,0.2367,0.2364,0.2366,58933.3181,13940.27911494,13940.27911494,1,ADAUSDT,okx
2026-05-31 07:40:00+00:00,0.2365,0.2366,0.2364,0.2364,31923.9493,7550.19510171,7550.19510171,1,ADAUSDT,okx
2026-05-31 07:45:00+00:00,0.2364,0.2367,0.2364,0.2365,11426.9878,2701.87574743,2701.87574743,1,ADAUSDT,okx
2026-05-31 07:50:00+00:00,0.2366,0.2367,0.2364,0.2367,5385.8467,1273.81383569,1273.81383569,1,ADAUSDT,okx
2026-05-31 07:55:00+00:00,0.2366,0.2368,0.2366,0.2366,14812.5153,3504.93884912,3504.93884912,1,ADAUSDT,okx
2026-05-31 08:00:00+00:00,0.2367,0.2374,0.2367,0.2374,105719.6456,25054.62013164,25054.62013164,1,ADAUSDT,okx
2026-05-31 08:05:00+00:00,0.2374,0.2376,0.2372,0.2372,13212.4193,3137.80435886,3137.80435886,1,ADAUSDT,okx
2026-05-31 08:10:00+00:00,0.2371,0.2372,0.237,0.2372,39514.3177,9367.54634506,9367.54634506,1,ADAUSDT,okx
2026-05-31 08:15:00+00:00,0.2372,0.2374,0.2372,0.2373,37737.2952,8956.82606206,8956.82606206,1,ADAUSDT,okx
2026-05-31 08:20:00+00:00,0.2374,0.2376,0.2374,0.2374,11688.7509,2776.1308405,2776.1308405,1,ADAUSDT,okx
2026-05-31 08:25:00+00:00,0.2374,0.2374,0.2372,0.2372,5144.597,1221.18312808,1221.18312808,1,ADAUSDT,okx
2026-05-31 08:30:00+00:00,0.2372,0.2372,0.237,0.2371,51528.9136,12215.90732952,12215.90732952,1,ADAUSDT,okx
2026-05-31 08:35:00+00:00,0.2371,0.2371,0.237,0.2371,3513.741,833.00372021,833.00372021,1,ADAUSDT,okx
2026-05-31 08:40:00+00:00,0.237,0.237,0.2368,0.237,8600.6667,2037.24193836,2037.24193836,1,ADAUSDT,okx
2026-05-31 08:45:00+00:00,0.237,0.237,0.2369,0.2369,14330.5483,3394.95230778,3394.95230778,1,ADAUSDT,okx
2026-05-31 08:50:00+00:00,0.2368,0.2369,0.2367,0.2369,6686.6397,1583.52280496,1583.52280496,1,ADAUSDT,okx
2026-05-31 08:55:00+00:00,0.237,0.2374,0.237,0.2372,4959.7043,1176.18015879,1176.18015879,1,ADAUSDT,okx
2026-05-31 09:00:00+00:00,0.2371,0.2372,0.2367,0.2367,24779.5076,5866.37047923,5866.37047923,1,ADAUSDT,okx
2026-05-31 09:05:00+00:00,0.2368,0.2368,0.2367,0.2368,6359.932,1505.59242737,1505.59242737,1,ADAUSDT,okx
2026-05-31 09:10:00+00:00,0.2368,0.237,0.2368,0.2369,44270.3742,10491.9850466,10491.9850466,1,ADAUSDT,okx
2026-05-31 09:15:00+00:00,0.2367,0.2374,0.2367,0.2374,10777.8605,2556.65388816,2556.65388816,1,ADAUSDT,okx
2026-05-31 09:20:00+00:00,0.2372,0.2372,0.2371,0.2372,14399.2828,3415.50342845,3415.50342845,1,ADAUSDT,okx
2026-05-31 09:25:00+00:00,0.2373,0.2373,0.2373,0.2373,11429.1237,2712.13105401,2712.13105401,1,ADAUSDT,okx
2026-05-31 09:30:00+00:00,0.2374,0.2376,0.2374,0.2376,29059.222,6903.91839933,6903.91839933,1,ADAUSDT,okx
2026-05-31 09:35:00+00:00,0.2375,0.2376,0.2373,0.2375,44526.9283,10574.84681128,10574.84681128,1,ADAUSDT,okx
2026-05-31 09:40:00+00:00,0.2375,0.238,0.2375,0.2379,43085.3857,10246.03078822,10246.03078822,1,ADAUSDT,okx
2026-05-31 09:45:00+00:00,0.2379,0.238,0.2379,0.238,12771.0473,3038.47617038,3038.47617038,1,ADAUSDT,okx
2026-05-31 09:50:00+00:00,0.238,0.2381,0.2375,0.2375,27104.9796,6451.01102316,6451.01102316,1,ADAUSDT,okx
2026-05-31 09:55:00+00:00,0.2374,0.2374,0.2369,0.2372,65239.4929,15470.76221786,15470.76221786,1,ADAUSDT,okx
2026-05-31 10:00:00+00:00,0.2373,0.2373,0.2367,0.2369,40010.495,9481.62826944,9481.62826944,1,ADAUSDT,okx
2026-05-31 10:05:00+00:00,0.2368,0.2369,0.2366,0.2368,18204.3864,4310.90553036,4310.90553036,1,ADAUSDT,okx
2026-05-31 10:10:00+00:00,0.2369,0.2369,0.2366,0.2366,83816.7001,19839.67164762,19839.67164762,1,ADAUSDT,okx
2026-05-31 10:15:00+00:00,0.2366,0.2366,0.2361,0.2362,35249.4406,8334.12895835,8334.12895835,1,ADAUSDT,okx
2026-05-31 10:20:00+00:00,0.2361,0.2361,0.2356,0.236,46057.3734,10865.56154901,10865.56154901,1,ADAUSDT,okx
2026-05-31 10:25:00+00:00,0.236,0.2362,0.236,0.2362,12696.4109,2997.48634672,2997.48634672,1,ADAUSDT,okx
2026-05-31 10:30:00+00:00,0.2362,0.2364,0.2362,0.2364,8969.7009,2118.73297828,2118.73297828,1,ADAUSDT,okx
2026-05-31 10:35:00+00:00,0.2363,0.2364,0.2361,0.2363,17248.9822,4074.48452743,4074.48452743,1,ADAUSDT,okx
2026-05-31 10:40:00+00:00,0.2362,0.2363,0.2362,0.2363,688.649,162.68009421,162.68009421,1,ADAUSDT,okx
2026-05-31 10:45:00+00:00,0.2364,0.2364,0.2362,0.2364,2775.9208,655.95491028,655.95491028,1,ADAUSDT,okx
2026-05-31 10:50:00+00:00,0.2364,0.2368,0.2364,0.2368,13865.302,3281.01476796,3281.01476796,1,ADAUSDT,okx
2026-05-31 10:55:00+00:00,0.2367,0.2371,0.2367,0.2371,15873.2406,3758.70701739,3758.70701739,1,ADAUSDT,okx
2026-05-31 11:00:00+00:00,0.2371,0.2373,0.2371,0.2373,6214.0026,1473.99988658,1473.99988658,1,ADAUSDT,okx
2026-05-31 11:05:00+00:00,0.2373,0.2374,0.2373,0.2373,20726.6945,4918.88351719,4918.88351719,1,ADAUSDT,okx
2026-05-31 11:10:00+00:00,0.2372,0.2373,0.2371,0.2371,7467.5943,1771.86250929,1771.86250929,1,ADAUSDT,okx
2026-05-31 11:15:00+00:00,0.2371,0.2371,0.2369,0.2369,10649.4986,2524.53301431,2524.53301431,1,ADAUSDT,okx
2026-05-31 11:20:00+00:00,0.2369,0.2369,0.2367,0.2369,26218.6311,6207.91506814,6207.91506814,1,ADAUSDT,okx
2026-05-31 11:25:00+00:00,0.2369,0.2373,0.2369,0.2373,27758.3782,6580.51628702,6580.51628702,1,ADAUSDT,okx
2026-05-31 11:30:00+00:00,0.2372,0.2372,0.237,0.2371,9568.9069,2269.05575066,2269.05575066,1,ADAUSDT,okx
2026-05-31 11:35:00+00:00,0.237,0.2374,0.237,0.2373,6611.0665,1567.31281818,1567.31281818,1,ADAUSDT,okx
2026-05-31 11:40:00+00:00,0.2373,0.2373,0.2371,0.2371,18797.1374,4459.19315122,4459.19315122,1,ADAUSDT,okx
2026-05-31 11:45:00+00:00,0.2372,0.2372,0.2369,0.2369,2949.5186,699.039149,699.039149,1,ADAUSDT,okx
2026-05-31 11:50:00+00:00,0.2369,0.237,0.2368,0.2369,15003.5517,3553.09633335,3553.09633335,1,ADAUSDT,okx
2026-05-31 11:55:00+00:00,0.2369,0.237,0.2369,0.237,2023.732,479.4469994,479.4469994,1,ADAUSDT,okx
2026-05-31 12:00:00+00:00,0.2371,0.2371,0.2365,0.2366,18867.7948,4466.26783987,4466.26783987,1,ADAUSDT,okx
2026-05-31 12:05:00+00:00,0.2366,0.2366,0.2365,0.2365,2298.2331,543.63529589,543.63529589,1,ADAUSDT,okx
2026-05-31 12:10:00+00:00,0.2365,0.2369,0.2365,0.2369,27692.1967,6553.56983958,6553.56983958,1,ADAUSDT,okx
2026-05-31 12:15:00+00:00,0.237,0.2375,0.237,0.2375,6512.8111,1545.26204992,1545.26204992,1,ADAUSDT,okx
2026-05-31 12:20:00+00:00,0.2374,0.2374,0.2372,0.2372,4931.072,1169.67862498,1169.67862498,1,ADAUSDT,okx
2026-05-31 12:25:00+00:00,0.2373,0.2375,0.2373,0.2375,12968.3743,3077.59320743,3077.59320743,1,ADAUSDT,okx
2026-05-31 12:30:00+00:00,0.2376,0.2377,0.2375,0.2375,48007.4742,11410.2004717,11410.2004717,1,ADAUSDT,okx
2026-05-31 12:35:00+00:00,0.2376,0.2378,0.2376,0.2378,22671.9308,5390.58896704,5390.58896704,1,ADAUSDT,okx
2026-05-31 12:40:00+00:00,0.2377,0.2379,0.2377,0.2378,6349.4159,1509.84517275,1509.84517275,1,ADAUSDT,okx
2026-05-31 12:45:00+00:00,0.2379,0.2379,0.2377,0.2378,5423.1847,1289.63760565,1289.63760565,1,ADAUSDT,okx
2026-05-31 12:50:00+00:00,0.2379,0.238,0.2376,0.2376,14095.773,3353.02486778,3353.02486778,1,ADAUSDT,okx
2026-05-31 12:55:00+00:00,0.2376,0.2378,0.2376,0.2377,1163.5818,276.5482527,276.5482527,1,ADAUSDT,okx
2026-05-31 13:00:00+00:00,0.2378,0.2378,0.2372,0.2372,26791.061,6363.89029186,6363.89029186,1,ADAUSDT,okx
2026-05-31 13:05:00+00:00,0.2372,0.2374,0.2372,0.2373,11282.9714,2676.45303117,2676.45303117,1,ADAUSDT,okx
2026-05-31 13:10:00+00:00,0.2375,0.2376,0.2373,0.2374,13553.2198,3218.79177655,3218.79177655,1,ADAUSDT,okx
2026-05-31 13:15:00+00:00,0.2373,0.2376,0.2373,0.2376,6040.0859,1434.62871384,1434.62871384,1,ADAUSDT,okx
2026-05-31 13:20:00+00:00,0.2377,0.2379,0.2376,0.2378,101223.6896,24058.66083733,24058.66083733,1,ADAUSDT,okx
2026-05-31 13:25:00+00:00,0.2379,0.2379,0.2377,0.2377,3559.4863,846.67878032,846.67878032,1,ADAUSDT,okx
2026-05-31 13:30:00+00:00,0.2377,0.2377,0.2375,0.2375,83950.7687,19951.24258212,19951.24258212,1,ADAUSDT,okx
2026-05-31 13:35:00+00:00,0.2376,0.2377,0.2372,0.2372,4306.2848,1022.89751052,1022.89751052,1,ADAUSDT,okx
2026-05-31 13:40:00+00:00,0.2373,0.2374,0.2369,0.2371,165900.742,39324.15562413,39324.15562413,1,ADAUSDT,okx
2026-05-31 13:45:00+00:00,0.237,0.2372,0.2369,0.2369,44702.5525,10596.36683907,10596.36683907,1,ADAUSDT,okx
2026-05-31 13:50:00+00:00,0.237,0.237,0.2367,0.2368,5881.5599,1392.66677606,1392.66677606,1,ADAUSDT,okx
2026-05-31 13:55:00+00:00,0.2369,0.2369,0.2368,0.2369,709.9682,168.17278429,168.17278429,1,ADAUSDT,okx
2026-05-31 14:00:00+00:00,0.2369,0.2369,0.2362,0.2366,84145.8857,19893.0990725,19893.0990725,1,ADAUSDT,okx
2026-05-31 14:05:00+00:00,0.2365,0.2368,0.2365,0.2368,12866.979,3045.85918344,3045.85918344,1,ADAUSDT,okx
2026-05-31 14:10:00+00:00,0.2368,0.2369,0.2355,0.2357,456740.8414,107770.51175311,107770.51175311,1,ADAUSDT,okx
2026-05-31 14:15:00+00:00,0.2356,0.236,0.2337,0.2343,599979.4658,140684.58039624,140684.58039624,1,ADAUSDT,okx
2026-05-31 14:20:00+00:00,0.2342,0.2346,0.2339,0.2342,65965.7638,15457.79538768,15457.79538768,1,ADAUSDT,okx
2026-05-31 14:25:00+00:00,0.2342,0.2345,0.2341,0.2345,31742.7204,7438.9910205,7438.9910205,1,ADAUSDT,okx
2026-05-31 14:30:00+00:00,0.2343,0.2348,0.2343,0.2347,90167.1366,21148.29474742,21148.29474742,1,ADAUSDT,okx
2026-05-31 14:35:00+00:00,0.2347,0.235,0.2343,0.2345,82489.0088,19351.85239194,19351.85239194,1,ADAUSDT,okx
2026-05-31 14:40:00+00:00,0.2344,0.2346,0.2339,0.2341,55386.5964,12974.77425952,12974.77425952,1,ADAUSDT,okx
2026-05-31 14:45:00+00:00,0.2341,0.2345,0.2341,0.2341,17397.5515,4076.32088114,4076.32088114,1,ADAUSDT,okx
2026-05-31 14:50:00+00:00,0.2341,0.2345,0.2341,0.2345,10478.5762,2455.45660621,2455.45660621,1,ADAUSDT,okx
2026-05-31 14:55:00+00:00,0.2344,0.2344,0.2338,0.234,44155.8266,10334.88332641,10334.88332641,1,ADAUSDT,okx
2026-05-31 15:00:00+00:00,0.2339,0.2343,0.2339,0.234,29329.0681,6864.38807184,6864.38807184,1,ADAUSDT,okx
2026-05-31 15:05:00+00:00,0.234,0.2341,0.234,0.234,3133.6002,733.29120087,733.29120087,1,ADAUSDT,okx
2026-05-31 15:10:00+00:00,0.234,0.2343,0.2338,0.2342,29600.5628,6924.97362359,6924.97362359,1,ADAUSDT,okx
2026-05-31 15:15:00+00:00,0.2342,0.2344,0.2338,0.2344,47980.0929,11231.7656268,11231.7656268,1,ADAUSDT,okx
2026-05-31 15:20:00+00:00,0.2344,0.2347,0.2344,0.2347,26263.892,6158.93541212,6158.93541212,1,ADAUSDT,okx
2026-05-31 15:25:00+00:00,0.2348,0.2351,0.2348,0.2349,79219.6523,18616.29757689,18616.29757689,1,ADAUSDT,okx
2026-05-31 15:30:00+00:00,0.2349,0.2349,0.2346,0.2348,73840.3473,17327.41291308,17327.41291308,1,ADAUSDT,okx
2026-05-31 15:35:00+00:00,0.2349,0.2349,0.2347,0.2348,9448.7388,2219.19513058,2219.19513058,1,ADAUSDT,okx
2026-05-31 15:40:00+00:00,0.2348,0.2348,0.2341,0.2342,94262.0089,22090.29807663,22090.29807663,1,ADAUSDT,okx
2026-05-31 15:45:00+00:00,0.2342,0.2344,0.2342,0.2344,27881.1388,6530.24228052,6530.24228052,1,ADAUSDT,okx
2026-05-31 15:50:00+00:00,0.2342,0.2344,0.2342,0.2343,4586.2734,1074.3964599,1074.3964599,1,ADAUSDT,okx
2026-05-31 15:55:00+00:00,0.2343,0.2343,0.2337,0.2338,111508.8822,26094.27886542,26094.27886542,1,ADAUSDT,okx
2026-05-31 16:00:00+00:00,0.2338,0.2342,0.2337,0.2341,35288.5935,8252.31595836,8252.31595836,1,ADAUSDT,okx
2026-05-31 16:05:00+00:00,0.2341,0.2341,0.2338,0.2338,12824.1833,3000.88321281,3000.88321281,1,ADAUSDT,okx
2026-05-31 16:10:00+00:00,0.2338,0.2338,0.2332,0.2334,100852.9227,23541.50516259,23541.50516259,1,ADAUSDT,okx
2026-05-31 16:15:00+00:00,0.2334,0.2338,0.2334,0.2337,18460.8026,4311.4342466,4311.4342466,1,ADAUSDT,okx
2026-05-31 16:20:00+00:00,0.2337,0.2339,0.233,0.2331,36307.53,8469.90822144,8469.90822144,1,ADAUSDT,okx
2026-05-31 16:25:00+00:00,0.2332,0.2334,0.2328,0.2334,87380.1508,20357.645794,20357.645794,1,ADAUSDT,okx
2026-05-31 16:30:00+00:00,0.2334,0.2334,0.2323,0.2327,68768.0757,16010.30956112,16010.30956112,1,ADAUSDT,okx
2026-05-31 16:35:00+00:00,0.2328,0.2331,0.2324,0.233,88996.2789,20710.4052587,20710.4052587,1,ADAUSDT,okx
2026-05-31 16:40:00+00:00,0.2329,0.2329,0.2326,0.2329,52469.8851,12217.65556004,12217.65556004,1,ADAUSDT,okx
2026-05-31 16:45:00+00:00,0.2327,0.233,0.2325,0.2326,111604.7272,25984.43480962,25984.43480962,1,ADAUSDT,okx
2026-05-31 16:50:00+00:00,0.2326,0.233,0.2326,0.233,34192.3362,7958.64354467,7958.64354467,1,ADAUSDT,okx
2026-05-31 16:55:00+00:00,0.233,0.2331,0.2329,0.2329,9118.5408,2125.17790249,2125.17790249,1,ADAUSDT,okx
2026-05-31 17:00:00+00:00,0.233,0.2332,0.2328,0.2328,37987.9509,8851.21031695,8851.21031695,1,ADAUSDT,okx
2026-05-31 17:05:00+00:00,0.2328,0.233,0.2328,0.2329,10594.0282,2467.55033315,2467.55033315,1,ADAUSDT,okx
2026-05-31 17:10:00+00:00,0.2327,0.2327,0.232,0.2325,234774.1735,54545.57000891,54545.57000891,1,ADAUSDT,okx
2026-05-31 17:15:00+00:00,0.2325,0.2329,0.2324,0.2325,61788.9078,14377.36292817,14377.36292817,1,ADAUSDT,okx
2026-05-31 17:20:00+00:00,0.2326,0.2328,0.2326,0.2327,31506.9273,7332.70512294,7332.70512294,1,ADAUSDT,okx
2026-05-31 17:25:00+00:00,0.2328,0.2331,0.2327,0.2329,15369.0756,3579.85335248,3579.85335248,1,ADAUSDT,okx
2026-05-31 17:30:00+00:00,0.2329,0.2332,0.2329,0.233,16694.5649,3890.76428051,3890.76428051,1,ADAUSDT,okx
2026-05-31 17:35:00+00:00,0.2331,0.2335,0.2331,0.2335,32758.2126,7643.46306545,7643.46306545,1,ADAUSDT,okx
2026-05-31 17:40:00+00:00,0.2335,0.2335,0.2333,0.2334,17244.7192,4025.9601747,4025.9601747,1,ADAUSDT,okx
2026-05-31 17:45:00+00:00,0.2334,0.2335,0.2334,0.2335,6635.2678,1548.91585264,1548.91585264,1,ADAUSDT,okx
2026-05-31 17:50:00+00:00,0.2334,0.2334,0.2333,0.2333,19517.7543,4554.25500779,4554.25500779,1,ADAUSDT,okx
2026-05-31 17:55:00+00:00,0.2333,0.2334,0.2333,0.2334,6872.7823,1603.80353008,1603.80353008,1,ADAUSDT,okx
2026-05-31 18:00:00+00:00,0.2335,0.2335,0.233,0.233,23011.1761,5364.06248514,5364.06248514,1,ADAUSDT,okx
2026-05-31 18:05:00+00:00,0.2331,0.2332,0.2331,0.2331,35466.7253,8269.73904003,8269.73904003,1,ADAUSDT,okx
2026-05-31 18:10:00+00:00,0.2332,0.2334,0.2332,0.2332,10175.4567,2373.58426292,2373.58426292,1,ADAUSDT,okx
2026-05-31 18:15:00+00:00,0.2331,0.2331,0.2328,0.2329,8386.3646,1953.97958567,1953.97958567,1,ADAUSDT,okx
2026-05-31 18:20:00+00:00,0.2328,0.2328,0.2325,0.2327,64731.1493,15062.74672033,15062.74672033,1,ADAUSDT,okx
2026-05-31 18:25:00+00:00,0.2329,0.233,0.2328,0.2329,28212.2522,6570.93360664,6570.93360664,1,ADAUSDT,okx
2026-05-31 18:30:00+00:00,0.2328,0.2333,0.2328,0.2332,16680.7921,3888.66595969,3888.66595969,1,ADAUSDT,okx
2026-05-31 18:35:00+00:00,0.2332,0.2332,0.2331,0.2331,4034.3387,940.46478484,940.46478484,1,ADAUSDT,okx
2026-05-31 18:40:00+00:00,0.2333,0.2333,0.2332,0.2332,12068.6686,2815.6012248,2815.6012248,1,ADAUSDT,okx
2026-05-31 18:45:00+00:00,0.2332,0.2334,0.2331,0.2332,21636.3302,5045.26626274,5045.26626274,1,ADAUSDT,okx
2026-05-31 18:50:00+00:00,0.2331,0.2332,0.2331,0.2331,3122.7327,727.9205106,727.9205106,1,ADAUSDT,okx
2026-05-31 18:55:00+00:00,0.2332,0.2333,0.2332,0.2333,804.4246,187.60610488,187.60610488,1,ADAUSDT,okx
2026-05-31 19:00:00+00:00,0.2333,0.2334,0.2331,0.2331,9397.482,2192.77151762,2192.77151762,1,ADAUSDT,okx
2026-05-31 19:05:00+00:00,0.2331,0.2332,0.2329,0.233,59778.8094,13925.53935007,13925.53935007,1,ADAUSDT,okx
2026-05-31 19:10:00+00:00,0.2329,0.2329,0.2325,0.2325,20345.3492,4733.50756411,4733.50756411,1,ADAUSDT,okx
2026-05-31 19:15:00+00:00,0.2324,0.2325,0.2324,0.2325,27543.65,6402.00015624,6402.00015624,1,ADAUSDT,okx
2026-05-31 19:20:00+00:00,0.2327,0.2328,0.2324,0.2324,14712.5837,3421.8320793,3421.8320793,1,ADAUSDT,okx
2026-05-31 19:25:00+00:00,0.2324,0.2325,0.2322,0.2325,15114.6554,3511.46803129,3511.46803129,1,ADAUSDT,okx
2026-05-31 19:30:00+00:00,0.2326,0.2327,0.232,0.2321,36646.4295,8508.76923883,8508.76923883,1,ADAUSDT,okx
2026-05-31 19:35:00+00:00,0.2322,0.2326,0.2322,0.2326,12558.4455,2917.30480186,2917.30480186,1,ADAUSDT,okx
2026-05-31 19:40:00+00:00,0.2326,0.233,0.2326,0.233,10272.1659,2392.88826742,2392.88826742,1,ADAUSDT,okx
2026-05-31 19:45:00+00:00,0.233,0.233,0.2329,0.2329,2318.8059,540.1018455,540.1018455,1,ADAUSDT,okx
2026-05-31 19:50:00+00:00,0.2329,0.233,0.2327,0.233,70647.0775,16451.03919251,16451.03919251,1,ADAUSDT,okx
2026-05-31 19:55:00+00:00,0.2329,0.2329,0.2328,0.2329,7367.5345,1715.81188252,1715.81188252,1,ADAUSDT,okx
2026-05-31 20:00:00+00:00,0.2329,0.2333,0.2329,0.2332,18335.4881,4274.19963294,4274.19963294,1,ADAUSDT,okx
2026-05-31 20:05:00+00:00,0.2332,0.2336,0.2332,0.2335,33731.0582,7874.19724663,7874.19724663,1,ADAUSDT,okx
2026-05-31 20:10:00+00:00,0.2336,0.2336,0.2333,0.2334,26389.9564,6157.12703058,6157.12703058,1,ADAUSDT,okx
2026-05-31 20:15:00+00:00,0.2334,0.2335,0.2334,0.2335,1993.8035,465.54982521,465.54982521,1,ADAUSDT,okx
2026-05-31 20:20:00+00:00,0.2335,0.2338,0.2335,0.2336,19539.7813,4566.69127517,4566.69127517,1,ADAUSDT,okx
2026-05-31 20:25:00+00:00,0.2336,0.2336,0.2336,0.2336,26554.436,6203.1162496,6203.1162496,1,ADAUSDT,okx
2026-05-31 20:30:00+00:00,0.2336,0.2337,0.2336,0.2336,7931.6565,1852.88694156,1852.88694156,1,ADAUSDT,okx
2026-05-31 20:35:00+00:00,0.2336,0.2336,0.2335,0.2336,5785.5871,1351.43314656,1351.43314656,1,ADAUSDT,okx
2026-05-31 20:40:00+00:00,0.2335,0.2335,0.2333,0.2334,12836.5245,2996.76524788,2996.76524788,1,ADAUSDT,okx
2026-05-31 20:45:00+00:00,0.2334,0.2335,0.2334,0.2335,203.2614,47.45121076,47.45121076,1,ADAUSDT,okx
2026-05-31 20:50:00+00:00,0.2335,0.2337,0.2335,0.2337,1228.2444,287.02571628,287.02571628,1,ADAUSDT,okx
2026-05-31 20:55:00+00:00,0.2338,0.234,0.2338,0.2339,28062.684,6565.6898653,6565.6898653,1,ADAUSDT,okx
2026-05-31 21:00:00+00:00,0.234,0.2341,0.2338,0.2338,38306.2709,8958.39584619,8958.39584619,1,ADAUSDT,okx
2026-05-31 21:05:00+00:00,0.2338,0.2339,0.2336,0.2339,9966.5241,2330.3462914,2330.3462914,1,ADAUSDT,okx
2026-05-31 21:10:00+00:00,0.2339,0.2341,0.2339,0.2339,59795.2278,13990.46603305,13990.46603305,1,ADAUSDT,okx
2026-05-31 21:15:00+00:00,0.234,0.2346,0.234,0.2343,41600.0693,9748.19628859,9748.19628859,1,ADAUSDT,okx
2026-05-31 21:20:00+00:00,0.2343,0.2344,0.2343,0.2343,17483.0538,4097.07117877,4097.07117877,1,ADAUSDT,okx
2026-05-31 21:25:00+00:00,0.2344,0.2345,0.2341,0.2341,12329.5898,2890.80305435,2890.80305435,1,ADAUSDT,okx
2026-05-31 21:30:00+00:00,0.2341,0.2342,0.2341,0.2342,9471.627,2217.3208807,2217.3208807,1,ADAUSDT,okx
2026-05-31 21:35:00+00:00,0.2344,0.2345,0.2344,0.2344,8312.4609,1948.54479244,1948.54479244,1,ADAUSDT,okx
2026-05-31 21:40:00+00:00,0.2345,0.2346,0.2344,0.2345,19311.2277,4529.26555276,4529.26555276,1,ADAUSDT,okx
2026-05-31 21:45:00+00:00,0.2346,0.2354,0.2345,0.2352,119656.0121,28122.07645506,28122.07645506,1,ADAUSDT,okx
2026-05-31 21:50:00+00:00,0.2352,0.2353,0.2348,0.235,43456.9067,10215.73206661,10215.73206661,1,ADAUSDT,okx
2026-05-31 21:55:00+00:00,0.235,0.2352,0.2349,0.235,22100.8814,5194.81751875,5194.81751875,1,ADAUSDT,okx
2026-05-31 22:00:00+00:00,0.2351,0.2356,0.2343,0.2344,95678.5444,22493.44250416,22493.44250416,1,ADAUSDT,okx
2026-05-31 22:05:00+00:00,0.2345,0.2347,0.2345,0.2347,15365.1013,3603.97366,3603.97366,1,ADAUSDT,okx
2026-05-31 22:10:00+00:00,0.2348,0.2354,0.2348,0.2353,31136.1179,7322.21961219,7322.21961219,1,ADAUSDT,okx
2026-05-31 22:15:00+00:00,0.2355,0.2359,0.2354,0.2354,26580.1257,6265.28599215,6265.28599215,1,ADAUSDT,okx
2026-05-31 22:20:00+00:00,0.2354,0.2354,0.235,0.2351,18265.6308,4293.23765053,4293.23765053,1,ADAUSDT,okx
2026-05-31 22:25:00+00:00,0.2352,0.2358,0.2352,0.2354,10426.3786,2455.50754519,2455.50754519,1,ADAUSDT,okx
2026-05-31 22:30:00+00:00,0.2353,0.2359,0.2353,0.2359,12374.569,2915.80390168,2915.80390168,1,ADAUSDT,okx
2026-05-31 22:35:00+00:00,0.2358,0.2359,0.2355,0.2356,3099.2932,730.66825894,730.66825894,1,ADAUSDT,okx
2026-05-31 22:40:00+00:00,0.2357,0.2358,0.2355,0.2355,7627.5253,1797.52626429,1797.52626429,1,ADAUSDT,okx
2026-05-31 22:45:00+00:00,0.2356,0.236,0.2356,0.2359,4891.6189,1153.79757245,1153.79757245,1,ADAUSDT,okx
2026-05-31 22:50:00+00:00,0.2357,0.2359,0.2356,0.2357,1285.2778,302.97618468,302.97618468,1,ADAUSDT,okx
2026-05-31 22:55:00+00:00,0.2358,0.2361,0.2357,0.2359,4643.1883,1095.22297539,1095.22297539,1,ADAUSDT,okx
2026-05-31 23:00:00+00:00,0.236,0.237,0.2358,0.2363,77220.4962,18260.08422189,18260.08422189,1,ADAUSDT,okx
2026-05-31 23:05:00+00:00,0.2363,0.2363,0.2359,0.2361,16085.9546,3797.78261371,3797.78261371,1,ADAUSDT,okx
2026-05-31 23:10:00+00:00,0.236,0.2361,0.2359,0.236,3486.5827,822.8028172,822.8028172,1,ADAUSDT,okx
2026-05-31 23:15:00+00:00,0.2359,0.2362,0.2359,0.2359,3461.2401,816.80306055,816.80306055,1,ADAUSDT,okx
2026-05-31 23:20:00+00:00,0.2359,0.236,0.2353,0.2354,46987.6531,11065.08685597,11065.08685597,1,ADAUSDT,okx
2026-05-31 23:25:00+00:00,0.2355,0.2355,0.2351,0.2351,56069.3537,13192.33350712,13192.33350712,1,ADAUSDT,okx
2026-05-31 23:30:00+00:00,0.2352,0.2353,0.2345,0.2351,267995.4176,62969.05285193,62969.05285193,1,ADAUSDT,okx
2026-05-31 23:35:00+00:00,0.235,0.2354,0.2345,0.2347,142295.7995,33471.94368628,33471.94368628,1,ADAUSDT,okx
2026-05-31 23:40:00+00:00,0.2347,0.2348,0.2344,0.2348,7893.1335,1852.56384986,1852.56384986,1,ADAUSDT,okx
2026-05-31 23:45:00+00:00,0.2348,0.2352,0.2347,0.2352,2393.0173,562.11036148,562.11036148,1,ADAUSDT,okx
2026-05-31 23:50:00+00:00,0.2353,0.2355,0.2352,0.2354,26913.9972,6336.44390631,6336.44390631,1,ADAUSDT,okx
2026-05-31 23:55:00+00:00,0.2354,0.2358,0.2354,0.2357,24307.8579,5729.84945879,5729.84945879,1,ADAUSDT,okx
2026-06-01 00:00:00+00:00,0.2357,0.2366,0.2357,0.2365,32291.5135,7632.02131752,7632.02131752,1,ADAUSDT,okx
2026-06-01 00:05:00+00:00,0.2366,0.2366,0.2359,0.236,45314.7295,10704.04500017,10704.04500017,1,ADAUSDT,okx
2026-06-01 00:10:00+00:00,0.236,0.2363,0.2356,0.2361,213645.1088,50380.7236573,50380.7236573,1,ADAUSDT,okx
2026-06-01 00:15:00+00:00,0.2362,0.2363,0.2355,0.2356,27330.186,6447.19347733,6447.19347733,1,ADAUSDT,okx
2026-06-01 00:20:00+00:00,0.2357,0.2364,0.2357,0.2362,115754.2752,27326.18471512,27326.18471512,1,ADAUSDT,okx
2026-06-01 00:25:00+00:00,0.2361,0.2367,0.2361,0.2367,35939.3441,8500.08879923,8500.08879923,1,ADAUSDT,okx
2026-06-01 00:30:00+00:00,0.2366,0.2371,0.2363,0.2366,68119.4791,16115.44024051,16115.44024051,1,ADAUSDT,okx
2026-06-01 00:35:00+00:00,0.2366,0.237,0.2365,0.2367,32383.1692,7667.489323,7667.489323,1,ADAUSDT,okx
2026-06-01 00:40:00+00:00,0.2366,0.237,0.2365,0.237,14430.9572,3416.09459909,3416.09459909,1,ADAUSDT,okx
2026-06-01 00:45:00+00:00,0.2369,0.2374,0.2369,0.2371,34993.5591,8300.28766394,8300.28766394,1,ADAUSDT,okx
2026-06-01 00:50:00+00:00,0.2372,0.2374,0.2369,0.2369,25762.879,6111.69286284,6111.69286284,1,ADAUSDT,okx
2026-06-01 00:55:00+00:00,0.2369,0.2369,0.2367,0.2367,8249.9131,1953.42238443,1953.42238443,1,ADAUSDT,okx
2026-06-01 01:00:00+00:00,0.2368,0.237,0.2363,0.2364,62689.2814,14824.44826683,14824.44826683,1,ADAUSDT,okx
2026-06-01 01:05:00+00:00,0.2365,0.2366,0.2358,0.2359,33147.908,7817.91591237,7817.91591237,1,ADAUSDT,okx
2026-06-01 01:10:00+00:00,0.2358,0.236,0.2357,0.2358,7681.6402,1811.29303053,1811.29303053,1,ADAUSDT,okx
2026-06-01 01:15:00+00:00,0.2358,0.2358,0.2353,0.2354,35650.3813,8397.23111608,8397.23111608,1,ADAUSDT,okx
2026-06-01 01:20:00+00:00,0.2355,0.2355,0.2349,0.235,46480.8936,10936.2101384,10936.2101384,1,ADAUSDT,okx
2026-06-01 01:25:00+00:00,0.235,0.2352,0.2348,0.2349,19885.3095,4674.04461205,4674.04461205,1,ADAUSDT,okx
2026-06-01 01:30:00+00:00,0.2349,0.235,0.2347,0.235,9063.0416,2128.21227267,2128.21227267,1,ADAUSDT,okx
2026-06-01 01:35:00+00:00,0.2351,0.2352,0.2348,0.2348,5573.1665,1309.47573871,1309.47573871,1,ADAUSDT,okx
2026-06-01 01:40:00+00:00,0.2349,0.2351,0.2341,0.2341,56641.1838,13294.67996317,13294.67996317,1,ADAUSDT,okx
2026-06-01 01:45:00+00:00,0.2342,0.2348,0.2341,0.2348,21052.9635,4932.02358292,4932.02358292,1,ADAUSDT,okx
2026-06-01 01:50:00+00:00,0.2347,0.2349,0.234,0.2341,15312.7257,3585.18273318,3585.18273318,1,ADAUSDT,okx
2026-06-01 01:55:00+00:00,0.2341,0.2341,0.2334,0.2334,68605.2957,16032.14691735,16032.14691735,1,ADAUSDT,okx
2026-06-01 02:00:00+00:00,0.2333,0.2335,0.2328,0.2335,57491.3743,13400.08641868,13400.08641868,1,ADAUSDT,okx
2026-06-01 02:05:00+00:00,0.2336,0.2346,0.2336,0.2344,285846.804,66870.02872828,66870.02872828,1,ADAUSDT,okx
2026-06-01 02:10:00+00:00,0.2346,0.2348,0.2345,0.2347,19859.188,4659.28733954,4659.28733954,1,ADAUSDT,okx
2026-06-01 02:15:00+00:00,0.2347,0.2347,0.2343,0.2344,5018.7119,1177.10405034,1177.10405034,1,ADAUSDT,okx
2026-06-01 02:20:00+00:00,0.2343,0.2348,0.2343,0.2347,3540.0184,830.85693477,830.85693477,1,ADAUSDT,okx
2026-06-01 02:25:00+00:00,0.2347,0.235,0.2347,0.2349,82898.9568,19465.95036421,19465.95036421,1,ADAUSDT,okx
2026-06-01 02:30:00+00:00,0.2348,0.235,0.2347,0.2349,15011.1164,3525.61808766,3525.61808766,1,ADAUSDT,okx
2026-06-01 02:35:00+00:00,0.235,0.2353,0.2349,0.2353,24760.4261,5820.94164635,5820.94164635,1,ADAUSDT,okx
2026-06-01 02:40:00+00:00,0.2353,0.2368,0.2353,0.2363,78522.0235,18555.26314575,18555.26314575,1,ADAUSDT,okx
2026-06-01 02:45:00+00:00,0.2363,0.2368,0.2361,0.2364,66495.1919,15716.91670748,15716.91670748,1,ADAUSDT,okx
2026-06-01 02:50:00+00:00,0.2365,0.2367,0.2363,0.2366,34553.424,8173.47382442,8173.47382442,1,ADAUSDT,okx
2026-06-01 02:55:00+00:00,0.2365,0.2365,0.2363,0.2364,50554.5377,11951.61676341,11951.61676341,1,ADAUSDT,okx
2026-06-01 03:00:00+00:00,0.2364,0.2375,0.2364,0.2371,78832.8561,18666.93049558,18666.93049558,1,ADAUSDT,okx
2026-06-01 03:05:00+00:00,0.2371,0.2374,0.2368,0.2373,47957.5066,11369.65300095,11369.65300095,1,ADAUSDT,okx
2026-06-01 03:10:00+00:00,0.2373,0.2373,0.2367,0.2367,15317.4896,3633.0102478,3633.0102478,1,ADAUSDT,okx
2026-06-01 03:15:00+00:00,0.2368,0.2369,0.2363,0.2366,68515.7779,16211.3561631,16211.3561631,1,ADAUSDT,okx
2026-06-01 03:20:00+00:00,0.2366,0.237,0.2366,0.237,14520.0508,3440.43095245,3440.43095245,1,ADAUSDT,okx
2026-06-01 03:25:00+00:00,0.237,0.2371,0.2367,0.2371,17790.8699,4216.4047755,4216.4047755,1,ADAUSDT,okx
2026-06-01 03:30:00+00:00,0.2371,0.2374,0.2371,0.2373,51362.4896,12184.77624976,12184.77624976,1,ADAUSDT,okx
2026-06-01 03:35:00+00:00,0.2372,0.2373,0.2367,0.2368,34377.7728,8150.03296333,8150.03296333,1,ADAUSDT,okx
2026-06-01 03:40:00+00:00,0.2367,0.2369,0.2366,0.2368,9165.5265,2169.84773803,2169.84773803,1,ADAUSDT,okx
2026-06-01 03:45:00+00:00,0.2368,0.237,0.2367,0.237,6892.6731,1632.23875923,1632.23875923,1,ADAUSDT,okx
2026-06-01 03:50:00+00:00,0.2369,0.2371,0.2364,0.2365,21601.4577,5114.57390627,5114.57390627,1,ADAUSDT,okx
2026-06-01 03:55:00+00:00,0.2364,0.2369,0.2364,0.2369,5240.3727,1240.13940226,1240.13940226,1,ADAUSDT,okx
2026-06-01 04:00:00+00:00,0.2369,0.2376,0.2369,0.2372,25209.1855,5984.40964467,5984.40964467,1,ADAUSDT,okx
2026-06-01 04:05:00+00:00,0.2372,0.2372,0.2362,0.2362,243291.4195,57563.02778655,57563.02778655,1,ADAUSDT,okx
2026-06-01 04:10:00+00:00,0.2363,0.2363,0.2358,0.2362,13511.6301,3189.88043459,3189.88043459,1,ADAUSDT,okx
2026-06-01 04:15:00+00:00,0.2361,0.2362,0.2356,0.2356,32730.0878,7717.60444467,7717.60444467,1,ADAUSDT,okx
2026-06-01 04:20:00+00:00,0.2356,0.2357,0.235,0.2351,87888.5766,20677.02082553,20677.02082553,1,ADAUSDT,okx
2026-06-01 04:25:00+00:00,0.2351,0.2352,0.2348,0.2348,34157.0116,8026.76225832,8026.76225832,1,ADAUSDT,okx
2026-06-01 04:30:00+00:00,0.2348,0.2349,0.2346,0.2348,39348.3894,9237.44071022,9237.44071022,1,ADAUSDT,okx
2026-06-01 04:35:00+00:00,0.2347,0.235,0.2347,0.2348,9022.9178,2118.78285386,2118.78285386,1,ADAUSDT,okx
2026-06-01 04:40:00+00:00,0.2348,0.2349,0.2346,0.2347,10265.6824,2408.66800627,2408.66800627,1,ADAUSDT,okx
2026-06-01 04:45:00+00:00,0.2347,0.2347,0.2333,0.2336,74445.5542,17405.73550262,17405.73550262,1,ADAUSDT,okx
2026-06-01 04:50:00+00:00,0.2337,0.2344,0.2337,0.2344,206881.058,48391.71657623,48391.71657623,1,ADAUSDT,okx
2026-06-01 04:55:00+00:00,0.2344,0.2346,0.2342,0.2345,28611.6848,6708.53538253,6708.53538253,1,ADAUSDT,okx
2026-06-01 05:00:00+00:00,0.2344,0.2346,0.2341,0.2346,38362.4094,8987.53551633,8987.53551633,1,ADAUSDT,okx
2026-06-01 05:05:00+00:00,0.2347,0.2347,0.2344,0.2344,15431.4412,3619.65533716,3619.65533716,1,ADAUSDT,okx
2026-06-01 05:10:00+00:00,0.2344,0.2344,0.2341,0.2343,34999.9582,8200.83389805,8200.83389805,1,ADAUSDT,okx
2026-06-01 05:15:00+00:00,0.2342,0.2342,0.2339,0.234,7836.6692,1834.26857991,1834.26857991,1,ADAUSDT,okx
2026-06-01 05:20:00+00:00,0.2341,0.2347,0.2341,0.2345,13668.7738,3204.29449707,3204.29449707,1,ADAUSDT,okx
2026-06-01 05:25:00+00:00,0.2344,0.2344,0.2337,0.2338,22086.6026,5169.62847153,5169.62847153,1,ADAUSDT,okx
2026-06-01 05:30:00+00:00,0.2338,0.2342,0.2338,0.2341,14532.7778,3401.88374598,3401.88374598,1,ADAUSDT,okx
2026-06-01 05:35:00+00:00,0.2341,0.2341,0.2335,0.234,20994.7039,4908.94961703,4908.94961703,1,ADAUSDT,okx
2026-06-01 05:40:00+00:00,0.234,0.2343,0.234,0.2343,3186.989,746.26887447,746.26887447,1,ADAUSDT,okx
2026-06-01 05:45:00+00:00,0.2343,0.2349,0.2343,0.2347,24752.7224,5810.9787389,5810.9787389,1,ADAUSDT,okx
2026-06-01 05:50:00+00:00,0.2346,0.2346,0.2345,0.2345,8548.805,2005.29107573,2005.29107573,1,ADAUSDT,okx
2026-06-01 05:55:00+00:00,0.2345,0.2345,0.234,0.234,29198.5068,6838.29911103,6838.29911103,1,ADAUSDT,okx
2026-06-01 06:00:00+00:00,0.2341,0.2343,0.2337,0.2339,39159.8584,9165.15633944,9165.15633944,1,ADAUSDT,okx
2026-06-01 06:05:00+00:00,0.2338,0.2338,0.2331,0.2332,82408.2525,19243.65558171,19243.65558171,1,ADAUSDT,okx
2026-06-01 06:10:00+00:00,0.2332,0.2336,0.2332,0.2334,29845.3071,6967.56877138,6967.56877138,1,ADAUSDT,okx
2026-06-01 06:15:00+00:00,0.2335,0.2336,0.2333,0.2333,8642.2954,2017.61260765,2017.61260765,1,ADAUSDT,okx
2026-06-01 06:20:00+00:00,0.2332,0.2334,0.2328,0.233,42932.0984,10003.80375067,10003.80375067,1,ADAUSDT,okx
2026-06-01 06:25:00+00:00,0.233,0.2331,0.2327,0.2328,18043.1559,4200.89144264,4200.89144264,1,ADAUSDT,okx
2026-06-01 06:30:00+00:00,0.2329,0.233,0.2324,0.2328,82316.2398,19146.79785066,19146.79785066,1,ADAUSDT,okx
2026-06-01 06:35:00+00:00,0.2327,0.2329,0.2325,0.2328,20953.2521,4876.07282178,4876.07282178,1,ADAUSDT,okx
2026-06-01 06:40:00+00:00,0.2328,0.2329,0.2322,0.2322,36920.5729,8586.70072433,8586.70072433,1,ADAUSDT,okx
2026-06-01 06:45:00+00:00,0.2323,0.2329,0.2321,0.2329,88786.5669,20624.78471215,20624.78471215,1,ADAUSDT,okx
2026-06-01 06:50:00+00:00,0.2331,0.2332,0.2329,0.2329,15252.201,3555.09008132,3555.09008132,1,ADAUSDT,okx
2026-06-01 06:55:00+00:00,0.2328,0.233,0.2327,0.233,41526.2119,9671.28648223,9671.28648223,1,ADAUSDT,okx
2026-06-01 07:00:00+00:00,0.233,0.2332,0.2326,0.233,44337.4314,10331.59021185,10331.59021185,1,ADAUSDT,okx
2026-06-01 07:05:00+00:00,0.233,0.2333,0.233,0.2331,24631.4137,5741.95186543,5741.95186543,1,ADAUSDT,okx
2026-06-01 07:10:00+00:00,0.2332,0.2332,0.2327,0.2329,5800.4426,1349.9237409,1349.9237409,1,ADAUSDT,okx
2026-06-01 07:15:00+00:00,0.233,0.233,0.2324,0.233,31767.1754,7395.75874983,7395.75874983,1,ADAUSDT,okx
2026-06-01 07:20:00+00:00,0.2331,0.2332,0.2326,0.2326,11880.8548,2764.8838343,2764.8838343,1,ADAUSDT,okx
2026-06-01 07:25:00+00:00,0.2327,0.2329,0.2325,0.2325,11916.0884,2773.20259026,2773.20259026,1,ADAUSDT,okx
2026-06-01 07:30:00+00:00,0.2324,0.2324,0.2323,0.2323,1297.7436,301.51880673,301.51880673,0,ADAUSDT,okx
