time,cycle,net_mult,pnl
2026-05-27 07:35:00+00:00,USDT@binance -> AVAX@binance -> AVAX@okx -> USDT@okx,1.0006538796861377,0.6538796861377261
2026-05-27 07:40:00+00:00,USDT@okx -> ADA@okx -> ADA@binance -> USDT@binance,1.0004164931278634,0.4165203615029769
2026-05-27 07:45:00+00:00,USDT@bybit -> LINK@bybit -> LINK@binance -> USDT@binance,1.0005308419152776,0.5308987365987758
2026-05-27 07:50:00+00:00,USDT@binance -> AVAX@binance -> AVAX@okx -> USDT@okx,1.000544899738448,0.544986993176939
2026-05-27 07:55:00+00:00,USDT@bybit -> LINK@bybit -> LINK@okx -> USDT@okx,1.000529717131052,0.5298308234865418
2026-05-27 08:00:00+00:00,USDT@bybit -> DOGE@bybit -> DOGE@okx -> USDT@okx,1.0003911215410188,0.3912262097037242
2026-05-27 08:05:00+00:00,USDT@bybit -> LINK@bybit -> LINK@okx -> USDT@okx,1.0005311802825878,0.5313432137898996
2026-05-27 08:10:00+00:00,USDT@okx -> AVAX@okx -> AVAX@bybit -> USDT@bybit,1.000435113673447,0.43527025719662865
2026-05-27 08:15:00+00:00,USDT@bybit -> DOGE@bybit -> DOGE@binance -> USDT@binance,1.0004889019262735,0.4890991471731457
2026-05-27 08:20:00+00:00,USDT@okx -> LTC@okx -> LTC@bybit -> USDT@bybit,1.0007629219912264,0.7632670650718203
2026-05-27 08:25:00+00:00,USDT@okx -> ADA@okx -> ADA@binance -> USDT@binance,1.0004151100041512,0.41532944468641175
2026-05-27 08:30:00+00:00,USDT@binance -> ADA@binance -> ADA@okx -> USDT@okx,1.0004152823920265,0.41551917159203683
2026-05-27 08:35:00+00:00,USDT@bybit -> LINK@bybit -> LINK@okx -> USDT@okx,1.0007423117709437,0.7427658557557403
2026-05-27 08:40:00+00:00,USDT@bybit -> ADA@bybit -> ADA@binance -> USDT@binance,1.0004152823920265,0.4155672731297174
2026-05-27 08:45:00+00:00,USDT@binance -> ADA@binance -> ADA@bybit -> USDT@bybit,1.0004159733777038,0.41627601931110614
2026-05-27 08:50:00+00:00,USDT@bybit -> BNB@bybit -> BNB@okx -> USDT@okx,1.0004588559192416,0.4592088611316551
2026-05-27 08:55:00+00:00,USDT@okx -> ADA@okx -> ADA@binance -> USDT@binance,1.000417014178482,0.4173540862852018
2026-05-27 09:00:00+00:00,USDT@bybit -> DOGE@bybit -> DOGE@binance -> USDT@binance,1.0004908216354176,0.4912421882400875
2026-05-27 09:05:00+00:00,USDT@bybit -> LINK@bybit -> LINK@okx -> USDT@okx,1.0005333333333335,0.533816511221175
2026-05-27 09:10:00+00:00,USDT@binance -> ADA@binance -> ADA@bybit -> USDT@bybit,1.0004178854993733,0.4182863937278555
2026-05-27 09:15:00+00:00,USDT@binance -> ADA@binance -> ADA@bybit -> USDT@bybit,1.000418060200669,0.41847874951085173
2026-05-27 09:20:00+00:00,USDT@bybit -> DOGE@bybit -> DOGE@okx -> USDT@okx,1.0003922337713278,0.3926428777034973
2026-05-27 09:25:00+00:00,USDT@bybit -> DOGE@bybit -> DOGE@okx -> USDT@okx,1.0006875552499754,0.6882993779538552
2026-05-27 09:30:00+00:00,USDT@binance -> LINK@binance -> LINK@okx -> USDT@okx,1.000427259132664,0.4277509553216748
2026-05-27 09:35:00+00:00,USDT@bybit -> BNB@bybit -> BNB@okx -> USDT@okx,1.0004583651642474,0.4589124000117269
2026-05-27 09:40:00+00:00,USDT@binance -> ADA@binance -> ADA@bybit -> USDT@bybit,1.0008350730688935,0.8361083734997359
2026-05-27 09:45:00+00:00,USDT@bybit -> BNB@bybit -> BNB@okx -> USDT@okx,1.0004586454670539,0.4592524330086031
2026-05-27 09:50:00+00:00,USDT@binance -> LINK@binance -> LINK@okx -> USDT@okx,1.0005347021708906,0.53543434570963
2026-05-27 09:55:00+00:00,USDT@bybit -> DOGE@bybit -> DOGE@okx -> USDT@okx,1.0005887547836327,0.5895924973690733
2026-05-27 10:00:00+00:00,USDT@binance -> LINK@binance -> LINK@okx -> USDT@okx,1.0006420545746388,0.6430059814002523
2026-05-27 10:05:00+00:00,USDT@okx -> ADA@okx -> ADA@binance -> USDT@binance,1.000417536534447,0.4181820946261232
2026-05-27 10:10:00+00:00,USDT@bybit -> BNB@bybit -> BNB@okx -> USDT@okx,1.000611714329408,0.6126856919028649
2026-05-27 10:15:00+00:00,USDT@bybit -> BNB@bybit -> BNB@okx -> USDT@okx,1.0006107802717972,0.6117875727027732
2026-05-27 10:20:00+00:00,USDT@bybit -> AVAX@bybit -> AVAX@okx -> USDT@okx,1.000545791944111,0.5467254569179621
2026-05-27 10:25:00+00:00,USDT@binance -> AVAX@binance -> AVAX@okx -> USDT@okx,1.000872885979269,0.8744266707786187
2026-05-27 10:30:00+00:00,USDT@bybit -> AVAX@bybit -> AVAX@okx -> USDT@okx,1.000764776575986,0.7661933225875142
2026-05-27 10:35:00+00:00,USDT@binance -> LINK@binance -> LINK@okx -> USDT@okx,1.0006417798695049,0.6430179377752645
2026-05-27 10:40:00+00:00,USDT@bybit -> BNB@bybit -> BNB@okx -> USDT@okx,1.0006108735491754,0.6120912758118289
2026-05-27 10:45:00+00:00,USDT@bybit -> DOGE@bybit -> DOGE@okx -> USDT@okx,1.000491980714356,0.4929915515257738
2026-05-27 10:50:00+00:00,USDT@bybit -> BNB@bybit -> BNB@okx -> USDT@okx,1.000458225141286,0.459189213434907
2026-05-27 10:55:00+00:00,USDT@bybit -> DOGE@bybit -> DOGE@okx -> USDT@okx,1.0004917387883556,0.4927959508791505
2026-05-27 11:00:00+00:00,USDT@bybit -> AVAX@bybit -> AVAX@okx -> USDT@okx,1.0006536659766858,0.6551034700748106
2026-05-27 11:05:00+00:00,USDT@binance -> AVAX@binance -> AVAX@okx -> USDT@okx,1.0004356823875395,0.4366690494064228
2026-05-27 11:10:00+00:00,USDT@binance -> ADA@binance -> ADA@bybit -> USDT@bybit,1.000833680700292,0.835605087582435
2026-05-27 11:15:00+00:00,USDT@bybit -> BNB@bybit -> BNB@okx -> USDT@okx,1.0004580152671756,0.4591107769757344
2026-05-27 11:20:00+00:00,USDT@binance -> ADA@binance -> ADA@bybit -> USDT@bybit,1.0008329862557268,0.8350168880811101
2026-05-27 11:25:00+00:00,USDT@binance -> ADA@binance -> ADA@bybit -> USDT@bybit,1.0008333333333335,0.835434396525253
2026-05-27 11:30:00+00:00,USDT@bybit -> LINK@bybit -> LINK@okx -> USDT@okx,1.0010686044026502,1.0713879239900352
2026-05-27 11:35:00+00:00,USDT@bybit -> LINK@bybit -> LINK@okx -> USDT@okx,1.000746985380429,0.7490111734537426
2026-05-27 11:40:00+00:00,USDT@bybit -> LINK@bybit -> LINK@okx -> USDT@okx,1.000640546599765,0.6423317129364601
2026-05-27 11:45:00+00:00,USDT@binance -> ADA@binance -> ADA@bybit -> USDT@bybit,1.0008347245409015,0.8371044176551197
2026-05-27 11:50:00+00:00,USDT@binance -> ADA@binance -> ADA@bybit -> USDT@bybit,1.0008347245409015,0.837174292815191
2026-05-27 11:55:00+00:00,USDT@binance -> ADA@binance -> ADA@bybit -> USDT@bybit,1.0008347245409015,0.8372441738079135
2026-05-27 12:00:00+00:00,USDT@binance -> ADA@binance -> ADA@bybit -> USDT@bybit,1.000836470096194,0.8390650310658544
2026-05-27 12:05:00+00:00,USDT@binance -> ADA@binance -> ADA@okx -> USDT@okx,1.000418410041841,0.41974315947374674
2026-05-27 12:10:00+00:00,USDT@bybit -> LINK@bybit -> LINK@okx -> USDT@okx,1.0012836970474965,1.2878409826163275
2026-05-27 12:15:00+00:00,USDT@bybit -> LINK@bybit -> LINK@okx -> USDT@okx,1.0008509733007127,0.8538299411182673
2026-05-27 12:20:00+00:00,USDT@okx -> ADA@okx -> ADA@binance -> USDT@binance,1.0008322929671245,0.8351579630052304
2026-05-27 12:25:00+00:00,USDT@bybit -> LINK@bybit -> LINK@okx -> USDT@okx,1.0006355258976802,0.6377666401950048
2026-05-27 12:30:00+00:00,USDT@okx -> ADA@okx -> ADA@bybit -> USDT@bybit,1.0008333333333335,0.8363246541759747
2026-05-27 12:35:00+00:00,USDT@binance -> LTC@binance -> LTC@okx -> USDT@okx,1.0007620499142693,0.76484908933232
2026-05-27 12:40:00+00:00,USDT@bybit -> LINK@bybit -> LINK@okx -> USDT@okx,1.0009535918626826,0.9571675483647876
2026-05-27 12:45:00+00:00,USDT@bybit -> BNB@bybit -> BNB@okx -> USDT@okx,1.0007623113279462,0.7652427345175168
2026-05-27 12:50:00+00:00,USDT@bybit -> AVAX@bybit -> AVAX@okx -> USDT@okx,1.0007607041947402,0.7636876335464677
2026-05-27 12:55:00+00:00,USDT@binance -> ADA@binance -> ADA@bybit -> USDT@bybit,1.0004163197335554,0.417984309815584
2026-05-27 13:00:00+00:00,USDT@binance -> AVAX@binance -> AVAX@okx -> USDT@okx,1.0004361098996946,0.4378718319265635
2026-05-27 13:05:00+00:00,USDT@binance -> AVAX@binance -> AVAX@okx -> USDT@okx,1.0004366335552886,0.43841672210055516
2026-05-27 13:10:00+00:00,USDT@bybit -> LTC@bybit -> LTC@binance -> USDT@binance,1.0007645259938838,0.7676817579995108
2026-05-27 13:15:00+00:00,USDT@binance -> LINK@binance -> LINK@okx -> USDT@okx,1.0005331058748268,0.5353473225500068
2026-05-27 13:20:00+00:00,USDT@bybit -> LINK@bybit -> LINK@okx -> USDT@okx,1.000533390228291,0.5356614264834862
2026-05-27 13:25:00+00:00,USDT@binance -> LINK@binance -> LINK@okx -> USDT@okx,1.0005344164172725,0.5367206116472598
2026-05-27 13:30:00+00:00,USDT@binance -> DOGE@binance -> DOGE@okx -> USDT@okx,1.0002955373854794,0.29682748908747886
2026-05-27 13:35:00+00:00,USDT@binance -> LINK@binance -> LINK@okx -> USDT@okx,1.0009675338636852,0.9717861395309857
2026-05-27 13:40:00+00:00,USDT@bybit -> ADA@bybit -> ADA@binance -> USDT@binance,1.0004206983592765,0.422588196019499
2026-05-27 13:45:00+00:00,USDT@bybit -> BNB@bybit -> BNB@okx -> USDT@okx,1.0004609002919036,0.46299019853644086
2026-05-27 13:50:00+00:00,USDT@binance -> BNB@binance -> BNB@okx -> USDT@okx,1.0004295005522152,0.43146796529924625
2026-05-27 13:55:00+00:00,USDT@binance -> LINK@binance -> LINK@bybit -> USDT@bybit,1.0003217158176942,0.32320338227572715
2026-05-27 14:00:00+00:00,USDT@binance -> LINK@binance -> LINK@bybit -> USDT@bybit,1.0005336179295625,0.5361025437099812
2026-05-27 14:05:00+00:00,USDT@okx -> ADA@okx -> ADA@binance -> USDT@binance,1.000836470096194,0.8404096839537166
2026-05-27 14:10:00+00:00,USDT@bybit -> ADA@bybit -> ADA@binance -> USDT@binance,1.0004185851820846,0.42059180332155777
2026-05-27 14:15:00+00:00,USDT@bybit -> ADA@bybit -> ADA@binance -> USDT@binance,1.0004178854993733,0.41990634238013896
2026-05-27 14:20:00+00:00,USDT@bybit -> ADA@bybit -> ADA@okx -> USDT@okx,1.0008389261744968,0.8430183455954852
2026-05-27 14:25:00+00:00,USDT@bybit -> LINK@bybit -> LINK@binance -> USDT@binance,1.0004298302170644,0.43196310757990797
2026-05-27 14:30:00+00:00,USDT@bybit -> ADA@bybit -> ADA@binance -> USDT@binance,1.000418060200669,0.42015274502301575
2026-05-27 14:35:00+00:00,USDT@okx -> ADA@okx -> ADA@binance -> USDT@binance,1.000418410041841,0.4205219168909508
2026-05-27 14:40:00+00:00,USDT@bybit -> DOGE@bybit -> DOGE@okx -> USDT@okx,1.0005927096710463,0.5957262275381571
2026-05-27 14:45:00+00:00,USDT@okx -> LTC@okx -> LTC@binance -> USDT@binance,1.0003829950210648,0.38496706479663606
2026-05-27 14:50:00+00:00,USDT@binance -> ADA@binance -> ADA@okx -> USDT@okx,1.0004164931278634,0.4186536871680326
2026-05-27 14:55:00+00:00,USDT@binance -> BNB@binance -> BNB@okx -> USDT@okx,1.000428056014187,0.4302944767206579
2026-05-27 15:00:00+00:00,USDT@binance -> BNB@binance -> BNB@bybit -> USDT@bybit,1.000519671078776,0.5224109913800703
2026-05-27 15:05:00+00:00,USDT@bybit -> BNB@bybit -> BNB@okx -> USDT@okx,1.000305576776165,0.30720386212561296
2026-05-27 15:10:00+00:00,USDT@binance -> LINK@binance -> LINK@okx -> USDT@okx,1.0003185727938835,0.3202788656235692
2026-05-27 15:15:00+00:00,USDT@binance -> LTC@binance -> LTC@okx -> USDT@okx,1.0005691519635744,0.5722182055088181
2026-05-27 15:20:00+00:00,USDT@bybit -> XRP@bybit -> XRP@binance -> USDT@binance,1.0005223880597014,0.5252322583801152
2026-05-27 15:25:00+00:00,USDT@bybit -> DOGE@bybit -> DOGE@binance -> USDT@binance,1.0004877572919715,0.4904385582504297
2026-05-27 15:30:00+00:00,USDT@okx -> ADA@okx -> ADA@binance -> USDT@binance,1.0004125412541254,0.41482928052014795
2026-05-27 15:35:00+00:00,USDT@okx -> ADA@okx -> ADA@binance -> USDT@binance,1.000412881915772,0.41518895908706577
2026-05-27 15:40:00+00:00,USDT@bybit -> LINK@bybit -> LINK@binance -> USDT@binance,1.0007428632070465,0.7470449161237038
2026-05-27 15:45:00+00:00,USDT@binance -> AVAX@binance -> AVAX@bybit -> USDT@bybit,1.0004328067517851,0.4352754305544553
2026-05-27 15:50:00+00:00,USDT@binance -> AVAX@binance -> AVAX@okx -> USDT@okx,1.0003251327625446,0.3270014337832555
2026-05-27 15:55:00+00:00,USDT@bybit -> ADA@bybit -> ADA@binance -> USDT@binance,1.0004142502071252,0.41664461888279214
2026-05-27 16:00:00+00:00,USDT@binance -> LINK@binance -> LINK@bybit -> USDT@bybit,1.0004246284501062,0.4271005411655298
2026-05-27 16:05:00+00:00,USDT@binance -> LINK@binance -> LINK@bybit -> USDT@bybit,1.0005311238580838,0.5342386257165981
2026-05-27 16:10:00+00:00,USDT@okx -> ADA@okx -> ADA@bybit -> USDT@bybit,1.0012427506213752,1.2501051056687533
2026-05-27 16:15:00+00:00,USDT@binance -> ADA@binance -> ADA@okx -> USDT@okx,1.0004154549231408,0.4179654835363128
2026-05-27 16:20:00+00:00,USDT@bybit -> ADA@bybit -> ADA@binance -> USDT@binance,1.0004152823920265,0.4178092672010809
2026-05-27 16:25:00+00:00,USDT@binance -> LINK@binance -> LINK@okx -> USDT@okx,1.0006399317406143,0.6438522800855744
2026-05-27 16:30:00+00:00,USDT@bybit -> ADA@bybit -> ADA@binance -> USDT@binance,1.0004156275976726,0.4182006989091112
2026-05-27 16:35:00+00:00,USDT@okx -> ADA@okx -> ADA@binance -> USDT@binance,1.0004159733777038,0.41856601565933865
2026-05-27 16:40:00+00:00,USDT@binance -> LINK@binance -> LINK@okx -> USDT@okx,1.0004278990158322,0.4305838931306874
2026-05-27 16:45:00+00:00,USDT@binance -> LINK@binance -> LINK@bybit -> USDT@bybit,1.0004278074866308,0.4305102103253635
2026-05-27 16:50:00+00:00,USDT@bybit -> DOGE@bybit -> DOGE@okx -> USDT@okx,1.0005885237861696,0.5922671903816235
2026-05-27 16:55:00+00:00,USDT@binance -> ADA@binance -> ADA@bybit -> USDT@bybit,1.0004147656574036,0.4174284091149389
2026-05-27 17:00:00+00:00,USDT@binance -> ADA@binance -> ADA@bybit -> USDT@bybit,1.0004152823920265,0.41796579618633034
2026-05-27 17:05:00+00:00,USDT@okx -> ADA@okx -> ADA@binance -> USDT@binance,1.000833680700292,0.8391024875337889
2026-05-27 17:10:00+00:00,USDT@bybit -> ADA@bybit -> ADA@binance -> USDT@binance,1.000418235048097,0.42099010625062655
2026-05-27 17:15:00+00:00,USDT@bybit -> LTC@bybit -> LTC@binance -> USDT@binance,1.000383435582822,0.38597754718398425
2026-05-27 17:20:00+00:00,USDT@bybit -> AVAX@bybit -> AVAX@okx -> USDT@okx,1.0006555227794165,0.6598938320619409
2026-05-27 17:25:00+00:00,USDT@okx -> LTC@okx -> LTC@bybit -> USDT@bybit,1.0005746025665583,0.5784719575909381
2026-05-27 17:30:00+00:00,USDT@binance -> DOGE@binance -> DOGE@bybit -> USDT@bybit,1.0005921831819977,0.5962052175620264
2026-05-27 17:35:00+00:00,USDT@binance -> ADA@binance -> ADA@bybit -> USDT@bybit,1.0004177109440267,0.4205728896871967
2026-05-27 17:40:00+00:00,USDT@binance -> SOL@binance -> SOL@bybit -> USDT@bybit,1.0002396644697424,0.24131660999416443
2026-05-27 17:45:00+00:00,USDT@binance -> DOGE@binance -> DOGE@okx -> USDT@okx,1.0002959455460196,0.2979928046350036
2026-05-27 17:50:00+00:00,USDT@binance -> ADA@binance -> ADA@bybit -> USDT@bybit,1.0004185851820846,0.42149329683628417
2026-05-27 17:55:00+00:00,USDT@binance -> LINK@binance -> LINK@bybit -> USDT@bybit,1.00032414910859,0.3264147926973544
2026-05-27 18:00:00+00:00,USDT@bybit -> AVAX@bybit -> AVAX@binance -> USDT@binance,1.0004397537379066,0.4428418104443128
2026-05-27 18:05:00+00:00,USDT@binance -> ADA@binance -> ADA@okx -> USDT@okx,1.000419639110365,0.4226045157917019
2026-05-27 18:10:00+00:00,USDT@bybit -> DOGE@bybit -> DOGE@okx -> USDT@okx,1.0004947066389631,0.4982234201956076
2026-05-27 18:15:00+00:00,USDT@bybit -> ADA@bybit -> ADA@binance -> USDT@binance,1.0004191114836547,0.4221117535312202
2026-05-27 18:20:00+00:00,USDT@okx -> ADA@okx -> ADA@binance -> USDT@binance,1.0008382229673094,0.8442588894390984
2026-05-27 18:25:00+00:00,USDT@bybit -> BNB@bybit -> BNB@okx -> USDT@okx,1.0006134969325153,0.6179664300550116
2026-05-27 18:30:00+00:00,USDT@okx -> ADA@okx -> ADA@bybit -> USDT@bybit,1.0008389261744968,0.8450898302288832
2026-05-27 18:35:00+00:00,USDT@bybit -> ADA@bybit -> ADA@binance -> USDT@binance,1.0004191114836547,0.42222614694711513
2026-05-27 18:40:00+00:00,USDT@binance -> ADA@binance -> ADA@bybit -> USDT@bybit,1.0004185851820846,0.4217136078821681
2026-05-27 18:45:00+00:00,USDT@bybit -> ADA@bybit -> ADA@binance -> USDT@binance,1.000418410041841,0.4215548035945893
2026-05-27 18:50:00+00:00,USDT@binance -> ADA@binance -> ADA@bybit -> USDT@bybit,1.0008361204013378,0.8424399131033544
2026-05-27 18:55:00+00:00,USDT@binance -> LTC@binance -> LTC@bybit -> USDT@bybit,1.0003820439350526,0.38496366000497045
2026-05-27 19:00:00+00:00,USDT@okx -> ADA@okx -> ADA@binance -> USDT@binance,1.0004164931278634,0.419692160111991
2026-05-27 19:05:00+00:00,USDT@okx -> ADA@okx -> ADA@binance -> USDT@binance,1.0004158004158006,0.41901157823088203
2026-05-27 19:10:00+00:00,USDT@okx -> LTC@okx -> LTC@bybit -> USDT@bybit,1.0005717552887363,0.5761948237864566
2026-05-27 19:15:00+00:00,USDT@binance -> DOGE@binance -> DOGE@bybit -> USDT@bybit,1.0005893330714075,0.5939430505559709
2026-05-27 19:20:00+00:00,USDT@binance -> ADA@binance -> ADA@okx -> USDT@okx,1.0004147656574036,0.4180347410162763
2026-05-27 19:25:00+00:00,USDT@okx -> AVAX@okx -> AVAX@bybit -> USDT@bybit,1.0002176752285588,0.21939999217743628
2026-05-27 19:30:00+00:00,USDT@binance -> BNB@binance -> BNB@bybit -> USDT@bybit,1.0002141458639255,0.2158473607575314
2026-05-27 19:35:00+00:00,USDT@binance -> LINK@binance -> LINK@bybit -> USDT@bybit,1.0004286785982213,0.4320939186797487
2026-05-27 19:40:00+00:00,USDT@bybit -> ADA@bybit -> ADA@binance -> USDT@binance,1.0004156275976726,0.4189568986664796
2026-05-27 19:45:00+00:00,USDT@binance -> ADA@binance -> ADA@bybit -> USDT@bybit,1.0004161464835621,0.41949737573078577
2026-05-27 19:50:00+00:00,USDT@okx -> AVAX@okx -> AVAX@binance -> USDT@binance,1.0009793253536452,0.9872521537071636
2026-05-27 19:55:00+00:00,USDT@okx -> AVAX@okx -> AVAX@bybit -> USDT@bybit,1.0004353978447809,0.4389650022138429
2026-05-27 20:00:00+00:00,USDT@okx -> DOGE@okx -> DOGE@bybit -> USDT@bybit,1.0005871990604815,0.5920356813473254
2026-05-27 20:05:00+00:00,USDT@okx -> ADA@okx -> ADA@binance -> USDT@binance,1.0004151100041512,0.4185537438367533
2026-05-27 20:10:00+00:00,USDT@binance -> ADA@binance -> ADA@bybit -> USDT@bybit,1.0004149377593363,0.418397437459533
2026-05-27 20:15:00+00:00,USDT@okx -> ADA@okx -> ADA@bybit -> USDT@bybit,1.0012453300124533,1.2557654595525387
2026-05-27 20:20:00+00:00,USDT@binance -> LTC@binance -> LTC@okx -> USDT@okx,1.0005720823798627,0.5769480781273945
2026-05-27 20:25:00+00:00,USDT@bybit -> ADA@bybit -> ADA@okx -> USDT@okx,1.0008333333333335,0.8404691128121752
2026-05-27 20:30:00+00:00,USDT@okx -> AVAX@okx -> AVAX@binance -> USDT@binance,1.0004357773177905,0.43954547653800163
2026-05-27 20:35:00+00:00,USDT@binance -> DOGE@binance -> DOGE@bybit -> USDT@bybit,1.0005884660651236,0.5935803865242202
2026-05-27 20:40:00+00:00,USDT@bybit -> ADA@bybit -> ADA@binance -> USDT@binance,1.0004161464835621,0.41978788800327227
2026-05-27 20:45:00+00:00,USDT@okx -> AVAX@okx -> AVAX@binance -> USDT@binance,1.0006516072980018,0.657336407685277
2026-05-27 20:50:00+00:00,USDT@binance -> LTC@binance -> LTC@bybit -> USDT@bybit,1.000571864277545,0.5769298554909872
2026-05-27 20:55:00+00:00,USDT@binance -> DOGE@binance -> DOGE@bybit -> USDT@bybit,1.000391657691178,0.39514959376769676
2026-05-27 21:00:00+00:00,USDT@binance -> DOGE@binance -> DOGE@bybit -> USDT@bybit,1.0005881199764752,0.5933867174553548
2026-05-27 21:05:00+00:00,USDT@binance -> ADA@binance -> ADA@bybit -> USDT@bybit,1.0004159733777038,0.41972319214570697
2026-05-27 21:10:00+00:00,USDT@bybit -> AVAX@bybit -> AVAX@binance -> USDT@binance,1.000652954619654,0.6588681202988801
2026-05-27 21:15:00+00:00,USDT@binance -> ADA@binance -> ADA@bybit -> USDT@bybit,1.0004159733777038,0.41976805867284694
2026-05-27 21:20:00+00:00,USDT@binance -> ADA@binance -> ADA@bybit -> USDT@bybit,1.0008319467554077,0.8395710398131376
2026-05-27 21:25:00+00:00,USDT@binance -> ADA@binance -> ADA@bybit -> USDT@bybit,1.0004166666666667,0.42052014456647135
2026-05-27 21:30:00+00:00,USDT@bybit -> ADA@bybit -> ADA@binance -> USDT@binance,1.000418060200669,0.4219441467282176
2026-05-27 21:35:00+00:00,USDT@bybit -> ADA@bybit -> ADA@binance -> USDT@binance,1.0004187604690116,0.42266859019603364
2026-05-27 21:40:00+00:00,USDT@bybit -> ADA@bybit -> ADA@binance -> USDT@binance,1.0008417508417509,0.8496421382555145
2026-05-27 21:45:00+00:00,USDT@bybit -> ADA@bybit -> ADA@binance -> USDT@binance,1.0004217629692111,0.4257527728641824
2026-05-27 21:50:00+00:00,USDT@binance -> AVAX@binance -> AVAX@okx -> USDT@okx,1.000443606521016,0.4478218475054084
2026-05-27 21:55:00+00:00,USDT@binance -> ADA@binance -> ADA@okx -> USDT@okx,1.0004210526315789,0.42507249765188115
2026-05-27 22:00:00+00:00,USDT@bybit -> ADA@bybit -> ADA@binance -> USDT@binance,1.0004198152812764,0.42384117933401627
2026-05-27 22:05:00+00:00,USDT@binance -> LTC@binance -> LTC@bybit -> USDT@bybit,1.0003846153846154,0.38832002818892175
2026-05-27 22:10:00+00:00,USDT@bybit -> BNB@bybit -> BNB@binance -> USDT@binance,1.000540040117266,0.5452627940949255
2026-05-27 22:15:00+00:00,USDT@binance -> ADA@binance -> ADA@bybit -> USDT@bybit,1.0004217629692111,0.4258647961083679
2026-05-27 22:20:00+00:00,USDT@binance -> AVAX@binance -> AVAX@bybit -> USDT@bybit,1.0004418424831547,0.446158408506712
2026-05-27 22:25:00+00:00,USDT@binance -> ADA@binance -> ADA@okx -> USDT@okx,1.0004205214465938,0.42464786959367373
2026-05-27 22:30:00+00:00,USDT@okx -> LTC@okx -> LTC@bybit -> USDT@bybit,1.0003840983291725,0.38788365610962183
2026-05-27 22:35:00+00:00,USDT@bybit -> ADA@bybit -> ADA@binance -> USDT@binance,1.0004203446826396,0.4245035254501962
2026-05-27 22:40:00+00:00,USDT@binance -> LTC@binance -> LTC@bybit -> USDT@bybit,1.000768787238132,0.7764261675179346
2026-05-27 22:45:00+00:00,USDT@binance -> LTC@binance -> LTC@bybit -> USDT@bybit,1.0005773672055427,0.5831489492006802
2026-05-27 22:50:00+00:00,USDT@bybit -> SOL@bybit -> SOL@okx -> USDT@okx,1.000242072137497,0.24451035945543934
2026-05-27 22:55:00+00:00,USDT@okx -> ADA@okx -> ADA@binance -> USDT@binance,1.0004226542688082,0.4269217015835271
2026-05-27 23:00:00+00:00,USDT@binance -> LTC@binance -> LTC@okx -> USDT@okx,1.000384689363339,0.38858989733273425
2026-05-27 23:05:00+00:00,USDT@okx -> ADA@okx -> ADA@binance -> USDT@binance,1.0004217629692111,0.42605579802025567
2026-05-27 23:10:00+00:00,USDT@bybit -> LTC@bybit -> LTC@binance -> USDT@binance,1.0003846153846154,0.3885465010331973
2026-05-27 23:15:00+00:00,USDT@bybit -> ADA@bybit -> ADA@binance -> USDT@binance,1.0004210526315789,0.42537252940468884
2026-05-27 23:20:00+00:00,USDT@okx -> ADA@okx -> ADA@binance -> USDT@binance,1.0004226542688082,0.4270085775948278
2026-05-27 23:25:00+00:00,USDT@bybit -> ADA@bybit -> ADA@binance -> USDT@binance,1.0004226542688082,0.42702662529464164
2026-05-27 23:30:00+00:00,USDT@binance -> DOGE@binance -> DOGE@bybit -> USDT@bybit,1.0002993713202275,0.30248109912467946
2026-05-27 23:35:00+00:00,USDT@bybit -> XRP@bybit -> XRP@okx -> USDT@okx,1.0002297442181038,0.23213768101227883
2026-05-27 23:40:00+00:00,USDT@okx -> LTC@okx -> LTC@bybit -> USDT@bybit,1.0003852822192256,0.3893050125169161
2026-05-27 23:45:00+00:00,USDT@bybit -> ADA@bybit -> ADA@binance -> USDT@binance,1.000842815002107,0.8516477795943197
2026-05-27 23:50:00+00:00,USDT@binance -> LINK@binance -> LINK@bybit -> USDT@bybit,1.0004375888852421,0.4422121235166253
2026-05-27 23:55:00+00:00,USDT@binance -> ADA@binance -> ADA@bybit -> USDT@bybit,1.0004215851602023,0.4260579580434058
2026-05-28 00:00:00+00:00,USDT@okx -> LINK@okx -> LINK@bybit -> USDT@bybit,1.000437684648211,0.44234690109424474
2026-05-28 00:05:00+00:00,USDT@okx -> ADA@okx -> ADA@binance -> USDT@binance,1.0004206983592765,0.42519828227398115
2026-05-28 00:10:00+00:00,USDT@bybit -> ADA@bybit -> ADA@binance -> USDT@binance,1.0004206983592765,0.4252161702959531
2026-05-28 00:15:00+00:00,USDT@binance -> ADA@binance -> ADA@bybit -> USDT@bybit,1.000419991600168,0.4245196801386412
2026-05-28 00:20:00+00:00,USDT@bybit -> BNB@bybit -> BNB@binance -> USDT@binance,1.0004940558900726,0.4994034573429891
2026-05-28 00:25:00+00:00,USDT@binance -> ADA@binance -> ADA@okx -> USDT@okx,1.0004208754208754,0.4254519152879027
2026-05-28 00:30:00+00:00,USDT@bybit -> ADA@bybit -> ADA@binance -> USDT@binance,1.000420168067227,0.4247547461830056
2026-05-28 00:35:00+00:00,USDT@binance -> LINK@binance -> LINK@bybit -> USDT@bybit,1.0005476451259583,0.5536466436966054
2026-05-28 00:40:00+00:00,USDT@bybit -> ADA@bybit -> ADA@binance -> USDT@binance,1.0004198152812764,0.4244391839021924
2026-05-28 00:45:00+00:00,USDT@binance -> AVAX@binance -> AVAX@bybit -> USDT@bybit,1.0004416961130744,0.4465797614723722
2026-05-28 00:50:00+00:00,USDT@bybit -> LTC@bybit -> LTC@okx -> USDT@okx,1.0005769230769233,0.5833276372784942
2026-05-28 00:55:00+00:00,USDT@bybit -> ADA@bybit -> ADA@binance -> USDT@binance,1.0004198152812764,0.42450023959415933
2026-05-28 01:00:00+00:00,USDT@bybit -> ADA@bybit -> ADA@binance -> USDT@binance,1.0004198152812764,0.42451806076290804
2026-05-28 01:05:00+00:00,USDT@binance -> ADA@binance -> ADA@bybit -> USDT@bybit,1.000420168067227,0.42489263552220263
2026-05-28 01:10:00+00:00,USDT@bybit -> BNB@bybit -> BNB@binance -> USDT@binance,1.0006327160493826,0.6398574912663193
2026-05-28 01:15:00+00:00,USDT@binance -> LTC@binance -> LTC@okx -> USDT@okx,1.0005787037037035,0.5852725390944244
2026-05-28 01:20:00+00:00,USDT@binance -> LTC@binance -> LTC@bybit -> USDT@bybit,1.0003853564547207,0.3897531694834977
2026-05-28 01:25:00+00:00,USDT@binance -> LTC@binance -> LTC@bybit -> USDT@bybit,1.0007729468599034,0.781795903479315
2026-05-28 01:30:00+00:00,USDT@bybit -> ADA@bybit -> ADA@binance -> USDT@binance,1.0008449514152937,0.8546908573864447
2026-05-28 01:35:00+00:00,USDT@binance -> LTC@binance -> LTC@bybit -> USDT@bybit,1.000386398763524,0.3908856641431686
2026-05-28 01:40:00+00:00,USDT@bybit -> ADA@bybit -> ADA@binance -> USDT@binance,1.00042194092827,0.4268570410838445
2026-05-28 01:45:00+00:00,USDT@bybit -> LTC@bybit -> LTC@okx -> USDT@okx,1.000578927055191,0.5856969546929501
2026-05-28 01:50:00+00:00,USDT@binance -> DOGE@binance -> DOGE@bybit -> USDT@bybit,1.0004982064567556,0.5040615996254766
2026-05-28 01:55:00+00:00,USDT@binance -> AVAX@binance -> AVAX@okx -> USDT@okx,1.0003315649867375,0.3354783981858932
2026-05-28 02:00:00+00:00,USDT@binance -> ADA@binance -> ADA@okx -> USDT@okx,1.0004217629692111,0.4267551230568832
2026-05-28 02:05:00+00:00,USDT@binance -> ADA@binance -> ADA@bybit -> USDT@bybit,1.0004208754208754,0.42587503042111824
2026-05-28 02:10:00+00:00,USDT@binance -> DOGE@binance -> DOGE@bybit -> USDT@bybit,1.0004972650422674,0.5031932669236213
2026-05-28 02:15:00+00:00,USDT@bybit -> ADA@bybit -> ADA@binance -> USDT@binance,1.0004215851602023,0.4266323689334451
2026-05-28 02:20:00+00:00,USDT@binance -> LTC@binance -> LTC@bybit -> USDT@bybit,1.0003861749372465,0.3908146910009234
2026-05-28 02:25:00+00:00,USDT@bybit -> ADA@bybit -> ADA@binance -> USDT@binance,1.0004215851602023,0.42666683128841704
2026-05-28 02:30:00+00:00,USDT@okx -> ADA@okx -> ADA@binance -> USDT@binance,1.0004214075010534,0.42650501074547
2026-05-28 02:35:00+00:00,USDT@binance -> DOGE@binance -> DOGE@bybit -> USDT@bybit,1.0003983270264887,0.4031623345948214
2026-05-28 02:40:00+00:00,USDT@bybit -> ADA@bybit -> ADA@binance -> USDT@binance,1.0004210526315789,0.42618078199316695
2026-05-28 02:45:00+00:00,USDT@binance -> AVAX@binance -> AVAX@bybit -> USDT@bybit,1.0004415011037526,0.44689711934297494
2026-05-28 02:50:00+00:00,USDT@binance -> ADA@binance -> ADA@okx -> USDT@okx,1.0004214075010534,0.42657676570740327
2026-05-28 02:55:00+00:00,USDT@binance -> ADA@binance -> ADA@bybit -> USDT@bybit,1.00042194092827,0.4271347353166546
2026-05-28 03:00:00+00:00,USDT@okx -> LTC@okx -> LTC@bybit -> USDT@bybit,1.0005791505791506,0.5863042680545517
2026-05-28 03:05:00+00:00,USDT@binance -> LTC@binance -> LTC@okx -> USDT@okx,1.000386697602475,0.3914967774946092
2026-05-28 03:10:00+00:00,USDT@okx -> ADA@okx -> ADA@binance -> USDT@binance,1.000845665961945,0.8561943478042977
2026-05-28 03:15:00+00:00,USDT@okx -> BNB@okx -> BNB@bybit -> USDT@bybit,1.0007806401249024,0.7904257890035219
2026-05-28 03:20:00+00:00,USDT@bybit -> ADA@bybit -> ADA@binance -> USDT@binance,1.0004244482173175,0.4298024101410671
2026-05-28 03:25:00+00:00,USDT@binance -> ADA@binance -> ADA@bybit -> USDT@bybit,1.0004260758414998,0.43146887879566215
2026-05-28 03:30:00+00:00,USDT@bybit -> ADA@bybit -> ADA@binance -> USDT@binance,1.0004264392324094,0.4318552688363656
2026-05-28 03:35:00+00:00,USDT@bybit -> ADA@bybit -> ADA@binance -> USDT@binance,1.000427533133818,0.43298152669873624
2026-05-28 03:40:00+00:00,USDT@binance -> ADA@binance -> ADA@bybit -> USDT@bybit,1.0004278990158324,0.4333705986740187
2026-05-28 03:45:00+00:00,USDT@binance -> LTC@binance -> LTC@bybit -> USDT@bybit,1.000390854016025,0.39586883961713015
2026-05-28 03:50:00+00:00,USDT@binance -> ADA@binance -> ADA@bybit -> USDT@bybit,1.0004301075268818,0.43564301636335995
2026-05-28 03:55:00+00:00,USDT@okx -> ADA@okx -> ADA@binance -> USDT@binance,1.000430848772081,0.43641257102383035
2026-05-28 04:00:00+00:00,USDT@binance -> ADA@binance -> ADA@bybit -> USDT@bybit,1.0004330879168473,0.43869953166035575
2026-05-28 04:05:00+00:00,USDT@bybit -> ADA@bybit -> ADA@binance -> USDT@binance,1.0004321521175454,0.43777056549556376
2026-05-28 04:10:00+00:00,USDT@bybit -> LINK@bybit -> LINK@binance -> USDT@binance,1.0006767426122265,0.6855706286576806
2026-05-28 04:15:00+00:00,USDT@bybit -> LINK@bybit -> LINK@binance -> USDT@binance,1.0002260397830016,0.22900393821771234
2026-05-28 04:20:00+00:00,USDT@bybit -> LINK@bybit -> LINK@binance -> USDT@binance,1.0009070294784579,0.9189445107207692
2026-05-28 04:25:00+00:00,USDT@binance -> ADA@binance -> ADA@bybit -> USDT@bybit,1.0004353504571182,0.4411093676627605
2026-05-28 04:30:00+00:00,USDT@bybit -> LTC@bybit -> LTC@okx -> USDT@okx,1.0003940886699507,0.3993191442197518
2026-05-28 04:35:00+00:00,USDT@binance -> LTC@binance -> LTC@bybit -> USDT@bybit,1.0003945551390807,0.3998075598232983
2026-05-28 04:40:00+00:00,USDT@bybit -> XRP@bybit -> XRP@okx -> USDT@okx,1.000545681322108,0.5529673906999545
2026-05-28 04:45:00+00:00,USDT@bybit -> BNB@bybit -> BNB@binance -> USDT@binance,1.0004710315591145,0.47734693257999
2026-05-28 04:50:00+00:00,USDT@binance -> LTC@binance -> LTC@bybit -> USDT@bybit,1.0005913660555885,0.5993230470494276
2026-05-28 04:55:00+00:00,USDT@bybit -> BNB@bybit -> BNB@binance -> USDT@binance,1.0004557598617005,0.4619195496007187
2026-05-28 05:00:00+00:00,USDT@okx -> ADA@okx -> ADA@binance -> USDT@binance,1.0004332755632581,0.4391513851038978
2026-05-28 05:05:00+00:00,USDT@okx -> LTC@okx -> LTC@binance -> USDT@binance,1.000592768227623,0.6008330242789397
2026-05-28 05:10:00+00:00,USDT@okx -> ADA@okx -> ADA@binance -> USDT@binance,1.0004366812227072,0.4426486442185882
2026-05-28 05:15:00+00:00,USDT@binance -> ADA@binance -> ADA@bybit -> USDT@bybit,1.0004380201489267,0.4440252562965605
2026-05-28 05:20:00+00:00,USDT@bybit -> BNB@bybit -> BNB@okx -> USDT@okx,1.0004732607666826,0.47977002491787607
2026-05-28 05:25:00+00:00,USDT@bybit -> BNB@bybit -> BNB@okx -> USDT@okx,1.0004738587900806,0.4803990078914233
2026-05-28 05:30:00+00:00,USDT@binance -> LINK@binance -> LINK@bybit -> USDT@bybit,1.0004524886877828,0.45875569210603234
2026-05-28 05:35:00+00:00,USDT@okx -> ADA@okx -> ADA@binance -> USDT@binance,1.0004351610095736,0.441207987434189
2026-05-28 05:40:00+00:00,USDT@okx -> ADA@okx -> ADA@binance -> USDT@binance,1.000434971726838,0.4410352657340994
2026-05-28 05:45:00+00:00,USDT@bybit -> ETH@bybit -> ETH@binance -> USDT@binance,1.0002528751909208,0.25641144296876633
2026-05-28 05:50:00+00:00,USDT@bybit -> DOGE@bybit -> DOGE@okx -> USDT@okx,1.0005118755118756,0.5190467959630012
2026-05-28 05:55:00+00:00,USDT@bybit -> ADA@bybit -> ADA@binance -> USDT@binance,1.0004353504571182,0.4414722356435421
2026-05-28 06:00:00+00:00,USDT@bybit -> BNB@bybit -> BNB@okx -> USDT@okx,1.0004725153567493,0.4791805981241623
2026-05-28 06:05:00+00:00,USDT@bybit -> ADA@bybit -> ADA@binance -> USDT@binance,1.0004361098996948,0.4422825078745169
2026-05-28 06:10:00+00:00,USDT@binance -> ADA@binance -> ADA@bybit -> USDT@bybit,1.00043630017452,0.4424947726033077
2026-05-28 06:15:00+00:00,USDT@bybit -> ADA@bybit -> ADA@binance -> USDT@binance,1.00043630017452,0.44251407865795883
2026-05-28 06:20:00+00:00,USDT@bybit -> ADA@bybit -> ADA@binance -> USDT@binance,1.0004366812227072,0.4429198775945896
2026-05-28 06:25:00+00:00,USDT@binance -> ADA@binance -> ADA@bybit -> USDT@bybit,1.0004359197907586,0.44216687518749437
2026-05-28 06:30:00+00:00,USDT@binance -> AVAX@binance -> AVAX@okx -> USDT@okx,1.0010261087675292,1.040859110170369
2026-05-28 06:35:00+00:00,USDT@bybit -> BNB@bybit -> BNB@binance -> USDT@binance,1.0003006329113924,0.304985809672254
2026-05-28 06:40:00+00:00,USDT@bybit -> ADA@bybit -> ADA@binance -> USDT@binance,1.00043630017452,0.44263072114274427
2026-05-28 06:45:00+00:00,USDT@bybit -> BNB@bybit -> BNB@okx -> USDT@okx,1.0004733354370465,0.48022430227125035
2026-05-28 06:50:00+00:00,USDT@binance -> ADA@binance -> ADA@bybit -> USDT@bybit,1.0004347826086957,0.4411312601572592
2026-05-28 06:55:00+00:00,USDT@binance -> AVAX@binance -> AVAX@okx -> USDT@okx,1.0004543389368468,0.460993190135117
2026-05-28 07:00:00+00:00,USDT@bybit -> AVAX@bybit -> AVAX@okx -> USDT@okx,1.00056889293435,0.5772511723785243
2026-05-28 07:05:00+00:00,USDT@binance -> ADA@binance -> ADA@bybit -> USDT@bybit,1.000434027777778,0.44042961628654764
2026-05-28 07:10:00+00:00,USDT@binance -> ADA@binance -> ADA@okx -> USDT@okx,1.000434027777778,0.44044873215531005
2026-05-28 07:15:00+00:00,USDT@okx -> ADA@okx -> ADA@bybit -> USDT@bybit,1.0008673026886383,0.8801716598081116
2026-05-28 07:20:00+00:00,USDT@okx -> ADA@okx -> ADA@binance -> USDT@binance,1.000433463372345,0.43993322103372856
2026-05-28 07:25:00+00:00,USDT@binance -> ADA@binance -> ADA@bybit -> USDT@bybit,1.000434027777778,0.44052514507254087
2026-05-28 07:30:00+00:00,USDT@bybit -> LTC@bybit -> LTC@binance -> USDT@binance,1.0005905511811024,0.5994177087173784
2026-05-28 07:35:00+00:00,USDT@binance -> ADA@binance -> ADA@okx -> USDT@okx,1.0008654262224146,0.8784715954411799
2026-05-28 07:40:00+00:00,USDT@okx -> ADA@okx -> ADA@binance -> USDT@binance,1.0004323389537397,0.4388939799791462
2026-05-28 07:45:00+00:00,USDT@okx -> ADA@okx -> ADA@binance -> USDT@binance,1.0004325259515572,0.43910279631919447
2026-05-28 07:50:00+00:00,USDT@okx -> ADA@okx -> ADA@binance -> USDT@binance,1.0004325259515572,0.43912178865467544
2026-05-28 07:55:00+00:00,USDT@binance -> ADA@binance -> ADA@okx -> USDT@okx,1.0004319654427645,0.4385717008846692
2026-05-28 08:00:00+00:00,USDT@binance -> ADA@binance -> ADA@okx -> USDT@okx,1.0004329004329005,0.4395399760685698
2026-05-28 08:05:00+00:00,USDT@bybit -> AVAX@bybit -> AVAX@okx -> USDT@okx,1.000339366515837,0.34458641359138775
2026-05-28 08:10:00+00:00,USDT@bybit -> LINK@bybit -> LINK@binance -> USDT@binance,1.0004500956453246,0.45703421058052074
2026-05-28 08:15:00+00:00,USDT@bybit -> BNB@bybit -> BNB@binance -> USDT@binance,1.0003152585119799,0.3201328690979143
2026-05-28 08:20:00+00:00,USDT@bybit -> BNB@bybit -> BNB@okx -> USDT@okx,1.000315308213779,0.3201934334117655
2026-05-28 08:25:00+00:00,USDT@bybit -> ADA@bybit -> ADA@binance -> USDT@binance,1.0004345936549326,0.4413409358576786
2026-05-28 08:30:00+00:00,USDT@binance -> ADA@binance -> ADA@bybit -> USDT@bybit,1.000434971726838,0.44174407459879045
2026-05-28 08:35:00+00:00,USDT@bybit -> BNB@bybit -> BNB@okx -> USDT@okx,1.0004728877679698,0.4802713439044203
2026-05-28 08:40:00+00:00,USDT@bybit -> BNB@bybit -> BNB@binance -> USDT@binance,1.0005203405865655,0.5284900718769471
2026-05-28 08:45:00+00:00,USDT@bybit -> SOL@bybit -> SOL@binance -> USDT@binance,1.0003703246512776,0.37614418394689003
2026-05-28 08:50:00+00:00,USDT@binance -> ADA@binance -> ADA@bybit -> USDT@bybit,1.0004344048653346,0.441247737823625
2026-05-28 08:55:00+00:00,USDT@binance -> ADA@binance -> ADA@okx -> USDT@okx,1.000868809730669,0.88253381167985
2026-05-28 09:00:00+00:00,USDT@bybit -> BNB@bybit -> BNB@okx -> USDT@okx,1.0003156067539845,0.3206200633183953
2026-05-28 09:05:00+00:00,USDT@binance -> AVAX@binance -> AVAX@bybit -> USDT@bybit,1.0005672149744753,0.5762431835682986
2026-05-28 09:10:00+00:00,USDT@binance -> ADA@binance -> ADA@bybit -> USDT@bybit,1.0004332755632581,0.44019686176300515
2026-05-28 09:15:00+00:00,USDT@okx -> DOGE@okx -> DOGE@binance -> USDT@binance,1.0006088897909478,0.6186432169486413
2026-05-28 09:20:00+00:00,USDT@bybit -> BNB@bybit -> BNB@okx -> USDT@okx,1.0004740085321537,0.4816307035665156
2026-05-28 09:25:00+00:00,USDT@bybit -> ADA@bybit -> ADA@binance -> USDT@binance,1.0004327131112072,0.4396920830927351
2026-05-28 09:30:00+00:00,USDT@binance -> ADA@binance -> ADA@okx -> USDT@okx,1.0008654262224146,0.8794222182915454
2026-05-28 09:35:00+00:00,USDT@bybit -> BNB@bybit -> BNB@okx -> USDT@okx,1.0009483167377904,0.9637366671006313
2026-05-28 09:40:00+00:00,USDT@bybit -> ADA@bybit -> ADA@binance -> USDT@binance,1.0004323389537397,0.4394105876024028
2026-05-28 09:45:00+00:00,USDT@bybit -> ADA@bybit -> ADA@binance -> USDT@binance,1.0004314063848145,0.4384817213905172
2026-05-28 09:50:00+00:00,USDT@binance -> ADA@binance -> ADA@okx -> USDT@okx,1.0008635578583764,0.8777586168870267
2026-05-28 09:55:00+00:00,USDT@bybit -> BNB@bybit -> BNB@binance -> USDT@binance,1.0005521375611295,0.5612656396528033
2026-05-28 10:00:00+00:00,USDT@binance -> ADA@binance -> ADA@bybit -> USDT@bybit,1.000863930885529,0.8782621000264875
2026-05-28 10:05:00+00:00,USDT@bybit -> DOGE@bybit -> DOGE@binance -> USDT@binance,1.0006079027355623,0.6180402474109089
2026-05-28 10:10:00+00:00,USDT@bybit -> BNB@bybit -> BNB@okx -> USDT@okx,1.0004729623206685,0.4808787692018538
2026-05-28 10:15:00+00:00,USDT@bybit -> BNB@bybit -> BNB@okx -> USDT@okx,1.000631213507969,0.641809120336006
2026-05-28 10:20:00+00:00,USDT@binance -> ADA@binance -> ADA@okx -> USDT@okx,1.0008684324793748,0.8830658096437268
2026-05-28 10:25:00+00:00,USDT@bybit -> AVAX@bybit -> AVAX@binance -> USDT@binance,1.0009065155807366,0.9218706732108003
2026-05-28 10:30:00+00:00,USDT@bybit -> LINK@bybit -> LINK@binance -> USDT@binance,1.000561608446591,0.5711730728140457
2026-05-28 10:35:00+00:00,USDT@bybit -> BNB@bybit -> BNB@okx -> USDT@okx,1.0004734101309767,0.48149971157957283
2026-05-28 10:40:00+00:00,USDT@binance -> AVAX@binance -> AVAX@okx -> USDT@okx,1.0006792709158836,0.6909109299657945
2026-05-28 10:45:00+00:00,USDT@bybit -> LINK@bybit -> LINK@okx -> USDT@okx,1.0007870474477174,0.8005887028073868
2026-05-28 10:50:00+00:00,USDT@bybit -> LTC@bybit -> LTC@okx -> USDT@okx,1.0005904349537493,0.600640734517653
2026-05-28 10:55:00+00:00,USDT@bybit -> BNB@bybit -> BNB@okx -> USDT@okx,1.0006318117201074,0.642770655358113
2026-05-28 11:00:00+00:00,USDT@binance -> ADA@binance -> ADA@bybit -> USDT@bybit,1.000871080139373,0.8862452367890136
2026-05-28 11:05:00+00:00,USDT@bybit -> BNB@bybit -> BNB@binance -> USDT@binance,1.0005378044922493,0.5472150793442975
2026-05-28 11:10:00+00:00,USDT@bybit -> DOGE@bybit -> DOGE@okx -> USDT@okx,1.001122219955111,1.141918144921053
2026-05-28 11:15:00+00:00,USDT@bybit -> LINK@bybit -> LINK@okx -> USDT@okx,1.0006762087230925,0.6881553497213869
2026-05-28 11:20:00+00:00,USDT@okx -> ADA@okx -> ADA@binance -> USDT@binance,1.0008699434536756,0.8853726709132893
2026-05-28 11:25:00+00:00,USDT@binance -> ADA@binance -> ADA@okx -> USDT@okx,1.0008707009142361,0.8862206551867419
2026-05-28 11:30:00+00:00,USDT@binance -> ADA@binance -> ADA@bybit -> USDT@bybit,1.000434971726838,0.4427633947575885
2026-05-28 11:35:00+00:00,USDT@bybit -> ADA@bybit -> ADA@binance -> USDT@binance,1.000434971726838,0.44278265371342834
2026-05-28 11:40:00+00:00,USDT@binance -> ADA@binance -> ADA@bybit -> USDT@bybit,1.0004345936549326,0.44241703570274965
2026-05-28 11:45:00+00:00,USDT@bybit -> LINK@bybit -> LINK@binance -> USDT@binance,1.000564015792442,0.5741939316725438
2026-05-28 11:50:00+00:00,USDT@bybit -> DOGE@bybit -> DOGE@binance -> USDT@binance,1.0005097359567745,0.5189638394582017
2026-05-28 11:55:00+00:00,USDT@bybit -> LINK@bybit -> LINK@binance -> USDT@binance,1.0003384094754655,0.34455335249859054
2026-05-28 12:00:00+00:00,USDT@okx -> LTC@okx -> LTC@binance -> USDT@binance,1.0003938558487593,0.4010199338195697
2026-05-28 12:05:00+00:00,USDT@binance -> ADA@binance -> ADA@okx -> USDT@okx,1.0004345936549326,0.4425161729514742
2026-05-28 12:10:00+00:00,USDT@okx -> ADA@okx -> ADA@binance -> USDT@binance,1.0008707009142361,0.8866120727722677
2026-05-28 12:15:00+00:00,USDT@bybit -> AVAX@bybit -> AVAX@binance -> USDT@binance,1.0004550625711037,0.4634187152611922
2026-05-28 12:20:00+00:00,USDT@binance -> AVAX@binance -> AVAX@bybit -> USDT@bybit,1.000456048341124,0.4644437207420841
2026-05-28 12:25:00+00:00,USDT@bybit -> DOGE@bybit -> DOGE@okx -> USDT@okx,1.0007178750897343,0.7311237710190354
2026-05-28 12:30:00+00:00,USDT@binance -> ADA@binance -> ADA@bybit -> USDT@bybit,1.0004338394793926,0.4418778852089388
2026-05-28 12:35:00+00:00,USDT@binance -> ADA@binance -> ADA@bybit -> USDT@bybit,1.0004325259515572,0.4405591320049562
2026-05-28 12:40:00+00:00,USDT@binance -> ADA@binance -> ADA@bybit -> USDT@bybit,1.0004323389537397,0.4403877082180907
2026-05-28 12:45:00+00:00,USDT@binance -> ADA@binance -> ADA@bybit -> USDT@bybit,1.0004321521175454,0.44021642518557164
2026-05-28 12:50:00+00:00,USDT@bybit -> LINK@bybit -> LINK@okx -> USDT@okx,1.0005629362756137,0.5734659026806406
2026-05-28 12:55:00+00:00,USDT@okx -> ADA@okx -> ADA@binance -> USDT@binance,1.0004315925766076,0.43969019253859953
2026-05-28 13:00:00+00:00,USDT@bybit -> LINK@bybit -> LINK@binance -> USDT@binance,1.0005620503597121,0.5726203603479808
2026-05-28 13:05:00+00:00,USDT@binance -> ADA@binance -> ADA@bybit -> USDT@bybit,1.0004315925766076,0.4397338831105843
2026-05-28 13:10:00+00:00,USDT@binance -> LTC@binance -> LTC@bybit -> USDT@bybit,1.0003926958570588,0.4001207070708517
2026-05-28 13:15:00+00:00,USDT@binance -> ADA@binance -> ADA@okx -> USDT@okx,1.0008643042350907,0.8806805467815424
2026-05-28 13:20:00+00:00,USDT@binance -> ADA@binance -> ADA@okx -> USDT@okx,1.0004325259515572,0.44075928230157996
2026-05-28 13:25:00+00:00,USDT@bybit -> AVAX@bybit -> AVAX@okx -> USDT@okx,1.0007903353279892,0.8054145598131929
2026-05-28 13:30:00+00:00,USDT@binance -> ADA@binance -> ADA@bybit -> USDT@bybit,1.000433463372345,0.4417685643976255
2026-05-28 13:35:00+00:00,USDT@bybit -> AVAX@bybit -> AVAX@binance -> USDT@binance,1.0005672793283413,0.5781735051746034
2026-05-28 13:40:00+00:00,USDT@okx -> ADA@okx -> ADA@binance -> USDT@binance,1.0004330879168473,0.4414300876017962
2026-05-28 13:45:00+00:00,USDT@binance -> ADA@binance -> ADA@bybit -> USDT@bybit,1.0004329004329005,0.4412581018532527
2026-05-28 13:50:00+00:00,USDT@binance -> ADA@binance -> ADA@bybit -> USDT@bybit,1.0004314063848145,0.4397542455096001
2026-05-28 13:55:00+00:00,USDT@binance -> ADA@binance -> ADA@bybit -> USDT@bybit,1.0004321521175454,0.44053341249604566
2026-05-28 14:00:00+00:00,USDT@binance -> ADA@binance -> ADA@bybit -> USDT@bybit,1.000433651344319,0.4420808195388925
2026-05-28 14:05:00+00:00,USDT@okx -> DOGE@okx -> DOGE@binance -> USDT@binance,1.0005137690094532,0.523778554222482
2026-05-28 14:10:00+00:00,USDT@binance -> ADA@binance -> ADA@bybit -> USDT@bybit,1.0008613264427217,0.8781524167048023
2026-05-28 14:15:00+00:00,USDT@okx -> DOGE@okx -> DOGE@bybit -> USDT@bybit,1.00081127674678,0.8271962446289521
2026-05-28 14:20:00+00:00,USDT@binance -> ADA@binance -> ADA@okx -> USDT@okx,1.0004299226139295,0.43839444998300026
2026-05-28 14:25:00+00:00,USDT@bybit -> BNB@bybit -> BNB@okx -> USDT@okx,1.0004729623206685,0.4823030096668416
2026-05-28 14:30:00+00:00,USDT@binance -> ADA@binance -> ADA@bybit -> USDT@bybit,1.0008580008580008,0.874987181815847
2026-05-28 14:35:00+00:00,USDT@okx -> ADA@okx -> ADA@bybit -> USDT@bybit,1.0008583690987123,0.8754378189909197
2026-05-28 14:40:00+00:00,USDT@bybit -> ADA@bybit -> ADA@binance -> USDT@binance,1.0004295532646048,0.4381325613859568
2026-05-28 14:45:00+00:00,USDT@binance -> ADA@binance -> ADA@bybit -> USDT@bybit,1.000859845227859,0.8770562477752734
2026-05-28 14:50:00+00:00,USDT@bybit -> LINK@bybit -> LINK@binance -> USDT@binance,1.000449185850646,0.45821633769248005
2026-05-28 14:55:00+00:00,USDT@binance -> ADA@binance -> ADA@bybit -> USDT@bybit,1.0008613264427217,0.8786821218097672
2026-05-28 15:00:00+00:00,USDT@binance -> LTC@binance -> LTC@bybit -> USDT@bybit,1.000587314017228,0.5991999676781915
2026-05-28 15:05:00+00:00,USDT@binance -> ADA@binance -> ADA@bybit -> USDT@bybit,1.0004321521175454,0.4409238252507731
2026-05-28 15:10:00+00:00,USDT@binance -> ADA@binance -> ADA@bybit -> USDT@bybit,1.0004329004329005,0.4417064173215213
2026-05-28 15:15:00+00:00,USDT@binance -> LTC@binance -> LTC@bybit -> USDT@bybit,1.001179013558656,1.2030489227602463
2026-05-28 15:20:00+00:00,USDT@binance -> SOL@binance -> SOL@bybit -> USDT@bybit,1.0004949269982677,0.5050761195479132
2026-05-28 15:25:00+00:00,USDT@bybit -> LINK@bybit -> LINK@binance -> USDT@binance,1.0003377617653681,0.34470506884438223
2026-05-28 15:30:00+00:00,USDT@bybit -> DOGE@bybit -> DOGE@binance -> USDT@binance,1.0005095281769083,0.5200200130774265
2026-05-28 15:35:00+00:00,USDT@okx -> LTC@okx -> LTC@binance -> USDT@binance,1.0007798791187366,0.7959783814909555
2026-05-28 15:40:00+00:00,USDT@binance -> ADA@binance -> ADA@okx -> USDT@okx,1.0004286326618088,0.4375151639541095
2026-05-28 15:45:00+00:00,USDT@binance -> ADA@binance -> ADA@okx -> USDT@okx,1.0008580008580008,0.8758186435189267
2026-05-28 15:50:00+00:00,USDT@okx -> AVAX@okx -> AVAX@bybit -> USDT@bybit,1.0004522328999434,0.46166386020833217
2026-05-28 15:55:00+00:00,USDT@binance -> ADA@binance -> ADA@bybit -> USDT@bybit,1.0008583690987123,0.8763093367137785
2026-05-28 16:00:00+00:00,USDT@binance -> ADA@binance -> ADA@bybit -> USDT@bybit,1.0008631851532153,0.8813016902937358
2026-05-28 16:05:00+00:00,USDT@binance -> ADA@binance -> ADA@bybit -> USDT@bybit,1.0004306632213609,0.43973993900705716
2026-05-28 16:10:00+00:00,USDT@binance -> DOGE@binance -> DOGE@bybit -> USDT@bybit,1.0006088897909478,0.6217496117525072
2026-05-28 16:15:00+00:00,USDT@binance -> ADA@binance -> ADA@bybit -> USDT@bybit,1.0004278990158324,0.43696289573378083
2026-05-28 16:20:00+00:00,USDT@binance -> ADA@binance -> ADA@bybit -> USDT@bybit,1.0004266211604096,0.43567661417200276
2026-05-28 16:25:00+00:00,USDT@okx -> ADA@okx -> ADA@bybit -> USDT@bybit,1.0008561643835616,0.8743746158223296
2026-05-28 16:30:00+00:00,USDT@bybit -> LINK@bybit -> LINK@okx -> USDT@okx,1.0007818608287726,0.7985590216906091
2026-05-28 16:35:00+00:00,USDT@binance -> ADA@binance -> ADA@bybit -> USDT@bybit,1.000427533133818,0.4366980951878659
2026-05-28 16:40:00+00:00,USDT@binance -> LTC@binance -> LTC@bybit -> USDT@bybit,1.0003860258637327,0.39431789787815186
2026-05-28 16:45:00+00:00,USDT@okx -> ADA@okx -> ADA@binance -> USDT@binance,1.0004264392324094,0.43561618176696815
2026-05-28 16:50:00+00:00,USDT@bybit -> DOGE@bybit -> DOGE@binance -> USDT@binance,1.0007045797684953,0.7197729798724238
2026-05-28 16:55:00+00:00,USDT@binance -> ADA@binance -> ADA@bybit -> USDT@bybit,1.0004264392324094,0.43566545209369045
2026-05-28 17:00:00+00:00,USDT@binance -> AVAX@binance -> AVAX@bybit -> USDT@bybit,1.000447677672076,0.45738289947618205
2026-05-28 17:05:00+00:00,USDT@bybit -> ADA@bybit -> ADA@binance -> USDT@binance,1.0004260758414998,0.43533224967826284
2026-05-28 17:10:00+00:00,USDT@binance -> ADA@binance -> ADA@bybit -> USDT@bybit,1.0008525149190113,0.8710727393180698
2026-05-28 17:15:00+00:00,USDT@bybit -> AVAX@bybit -> AVAX@binance -> USDT@binance,1.0004461298237788,0.455880183133588
2026-05-28 17:20:00+00:00,USDT@binance -> LTC@binance -> LTC@bybit -> USDT@bybit,1.000578927055191,0.5916061473439205
2026-05-28 17:25:00+00:00,USDT@binance -> ADA@binance -> ADA@bybit -> USDT@bybit,1.000853970964987,0.8727243203473051
2026-05-28 17:30:00+00:00,USDT@binance -> ADA@binance -> ADA@bybit -> USDT@bybit,1.0008536064874092,0.8724263350906669
2026-05-28 17:35:00+00:00,USDT@okx -> AVAX@okx -> AVAX@bybit -> USDT@bybit,1.0004454839068941,0.455344556940868
2026-05-28 17:40:00+00:00,USDT@binance -> LINK@binance -> LINK@bybit -> USDT@bybit,1.0004437541601954,0.4535967289320428
2026-05-28 17:45:00+00:00,USDT@binance -> ADA@binance -> ADA@bybit -> USDT@bybit,1.0004257130693912,0.4351747928143535
2026-05-28 17:50:00+00:00,USDT@okx -> LINK@okx -> LINK@bybit -> USDT@bybit,1.000443360673908,0.4532339196629719
2026-05-28 17:55:00+00:00,USDT@binance -> BNB@binance -> BNB@okx -> USDT@okx,1.0004529763671295,0.4630842761995449
2026-05-28 18:00:00+00:00,USDT@okx -> LTC@okx -> LTC@bybit -> USDT@bybit,1.0005761474937584,0.5890305766967079
2026-05-28 18:05:00+00:00,USDT@bybit -> ADA@bybit -> ADA@binance -> USDT@binance,1.0008453085376163,0.8642600512913142
2026-05-28 18:10:00+00:00,USDT@binance -> ADA@binance -> ADA@bybit -> USDT@bybit,1.0004221190375686,0.43161927677614176
2026-05-28 18:15:00+00:00,USDT@okx -> DOGE@okx -> DOGE@binance -> USDT@binance,1.0004988028731046,0.5100504931216682
2026-05-28 18:20:00+00:00,USDT@okx -> LINK@okx -> LINK@binance -> USDT@binance,1.0003309066843151,0.33838525270017733
2026-05-28 18:25:00+00:00,USDT@binance -> ADA@binance -> ADA@bybit -> USDT@bybit,1.0004231908590773,0.4327693915296135
2026-05-28 18:30:00+00:00,USDT@binance -> AVAX@binance -> AVAX@bybit -> USDT@bybit,1.0005543851868277,0.5669571732586022
2026-05-28 18:35:00+00:00,USDT@binance -> LTC@binance -> LTC@bybit -> USDT@bybit,1.0005782575173476,0.5914036496768773
2026-05-28 18:40:00+00:00,USDT@binance -> ADA@binance -> ADA@bybit -> USDT@bybit,1.0004239084357778,0.4335706592649882
2026-05-28 18:45:00+00:00,USDT@okx -> LINK@okx -> LINK@bybit -> USDT@bybit,1.00044120891242,0.4512845983993223
2026-05-28 18:50:00+00:00,USDT@okx -> LINK@okx -> LINK@bybit -> USDT@bybit,1.000440722785368,0.4508072590269246
2026-05-28 18:55:00+00:00,USDT@binance -> AVAX@binance -> AVAX@bybit -> USDT@bybit,1.000667556742323,0.6828616498384653
2026-05-28 19:00:00+00:00,USDT@bybit -> ADA@bybit -> ADA@binance -> USDT@binance,1.0004242681374629,0.43402419924607577
2026-05-28 19:05:00+00:00,USDT@binance -> LTC@binance -> LTC@bybit -> USDT@bybit,1.0007719027402548,0.7896861752551734
2026-05-28 19:10:00+00:00,USDT@binance -> ADA@binance -> ADA@okx -> USDT@okx,1.0004246284501062,0.43444475951611156
2026-05-28 19:15:00+00:00,USDT@bybit -> ADA@bybit -> ADA@binance -> USDT@binance,1.0004246284501062,0.43446320727660054
2026-05-28 19:20:00+00:00,USDT@okx -> LTC@okx -> LTC@bybit -> USDT@bybit,1.000577478344562,0.5908783249992303
2026-05-28 19:25:00+00:00,USDT@okx -> LINK@okx -> LINK@bybit -> USDT@bybit,1.000442233278054,0.4525211220737686
2026-05-28 19:30:00+00:00,USDT@binance -> ADA@binance -> ADA@okx -> USDT@okx,1.0004249893752657,0.43489529936337107
2026-05-28 19:35:00+00:00,USDT@bybit -> BNB@bybit -> BNB@okx -> USDT@okx,1.0004685303763863,0.47947155814409925
2026-05-28 19:40:00+00:00,USDT@binance -> LTC@binance -> LTC@bybit -> USDT@bybit,1.0001928268414964,0.19733900425909434
2026-05-28 19:45:00+00:00,USDT@bybit -> AVAX@bybit -> AVAX@okx -> USDT@okx,1.000447878177136,0.4583673989422846
2026-05-28 19:50:00+00:00,USDT@bybit -> SOL@bybit -> SOL@binance -> USDT@binance,1.0003641660597231,0.37271145183086857
2026-05-28 19:55:00+00:00,USDT@okx -> LINK@okx -> LINK@bybit -> USDT@bybit,1.0002224199288254,0.22764744614595603
2026-05-28 20:00:00+00:00,USDT@bybit -> SOL@bybit -> SOL@okx -> USDT@okx,1.000243783520234,0.2495186939584707
2026-05-28 20:05:00+00:00,USDT@bybit -> DOGE@bybit -> DOGE@binance -> USDT@binance,1.000604351329573,0.6185841868376024
2026-05-28 20:10:00+00:00,USDT@okx -> ADA@okx -> ADA@binance -> USDT@binance,1.0004258943781943,0.43595080617801474
2026-05-28 20:15:00+00:00,USDT@okx -> DOGE@okx -> DOGE@binance -> USDT@binance,1.0004008819402688,0.4103652387199263
2026-05-28 20:20:00+00:00,USDT@okx -> LTC@okx -> LTC@bybit -> USDT@bybit,1.0003858024691357,0.39494487828314195
2026-05-28 20:25:00+00:00,USDT@bybit -> ADA@bybit -> ADA@binance -> USDT@binance,1.0004248088360237,0.4348923615114124
2026-05-28 20:30:00+00:00,USDT@binance -> AVAX@binance -> AVAX@okx -> USDT@okx,1.0005582226191805,0.5714972134833984
2026-05-28 20:35:00+00:00,USDT@okx -> ADA@okx -> ADA@binance -> USDT@binance,1.0004242681374629,0.43438152649792244
2026-05-28 20:40:00+00:00,USDT@binance -> AVAX@binance -> AVAX@bybit -> USDT@bybit,1.0004461795872839,0.4568346664175077
2026-05-28 20:45:00+00:00,USDT@okx -> ADA@okx -> ADA@binance -> USDT@binance,1.0004239084357778,0.4340510299171912
2026-05-28 20:50:00+00:00,USDT@bybit -> ADA@bybit -> ADA@binance -> USDT@binance,1.0004240882103477,0.43425351343413343
2026-05-28 20:55:00+00:00,USDT@bybit -> AVAX@bybit -> AVAX@okx -> USDT@okx,1.000447677672076,0.4584278500410531
2026-05-28 21:00:00+00:00,USDT@binance -> ADA@binance -> ADA@okx -> USDT@okx,1.0004249893752657,0.4352142170906964
2026-05-28 21:05:00+00:00,USDT@bybit -> ADA@bybit -> ADA@binance -> USDT@binance,1.0004244482173175,0.43467851198466795
2026-05-28 21:10:00+00:00,USDT@bybit -> AVAX@bybit -> AVAX@okx -> USDT@okx,1.0004458811726675,0.45664743822861886
2026-05-28 21:15:00+00:00,USDT@binance -> DOGE@binance -> DOGE@bybit -> USDT@bybit,1.000299431080946,0.3066748298724243
2026-05-28 21:20:00+00:00,USDT@binance -> BNB@binance -> BNB@okx -> USDT@okx,1.000311429461227,0.3189730222092048
2026-05-28 21:25:00+00:00,USDT@okx -> ADA@okx -> ADA@binance -> USDT@binance,1.0004248088360237,0.4351122649175588
2026-05-28 21:30:00+00:00,USDT@okx -> ADA@okx -> ADA@binance -> USDT@binance,1.0004246284501062,0.4349459799756501
2026-05-28 21:35:00+00:00,USDT@bybit -> LINK@bybit -> LINK@binance -> USDT@binance,1.000551754579563,0.565184990863319
2026-05-28 21:40:00+00:00,USDT@binance -> ADA@binance -> ADA@bybit -> USDT@bybit,1.0004237288135593,0.43406686268635214
2026-05-28 21:45:00+00:00,USDT@binance -> LTC@binance -> LTC@bybit -> USDT@bybit,1.0003852080123266,0.3946229594089898
2026-05-28 21:50:00+00:00,USDT@bybit -> ADA@bybit -> ADA@binance -> USDT@binance,1.0004244482173175,0.4348389919023312
2026-05-28 21:55:00+00:00,USDT@binance -> DOGE@binance -> DOGE@bybit -> USDT@bybit,1.0006,0.6147144892926163
2026-05-28 22:00:00+00:00,USDT@binance -> ADA@binance -> ADA@bybit -> USDT@bybit,1.0008492569002123,0.8701364078726701
2026-05-28 22:05:00+00:00,USDT@bybit -> AVAX@bybit -> AVAX@binance -> USDT@binance,1.0003347093607051,0.3429675222283353
2026-05-28 22:10:00+00:00,USDT@okx -> LTC@okx -> LTC@bybit -> USDT@bybit,1.0005783689994217,0.5926587221880377
2026-05-28 22:15:00+00:00,USDT@binance -> LTC@binance -> LTC@bybit -> USDT@bybit,1.0005791505791506,0.5934939362173643
2026-05-28 22:20:00+00:00,USDT@binance -> LTC@binance -> LTC@bybit -> USDT@bybit,1.0005790387955993,0.5934137498140615
2026-05-28 22:25:00+00:00,USDT@binance -> DOGE@binance -> DOGE@bybit -> USDT@bybit,1.0008032128514057,0.8232007126939979
2026-05-28 22:30:00+00:00,USDT@binance -> LTC@binance -> LTC@bybit -> USDT@bybit,1.0005800464037122,0.5945285425609362
2026-05-28 22:35:00+00:00,USDT@bybit -> AVAX@bybit -> AVAX@okx -> USDT@okx,1.0004489841733077,0.4602207476615055
2026-05-28 22:40:00+00:00,USDT@okx -> LTC@okx -> LTC@bybit -> USDT@bybit,1.00038692203521,0.3966232084752689
2026-05-28 22:45:00+00:00,USDT@okx -> LTC@okx -> LTC@bybit -> USDT@bybit,1.0005797101449274,0.5942680258694638
2026-05-28 22:50:00+00:00,USDT@binance -> ADA@binance -> ADA@bybit -> USDT@bybit,1.0004268032437047,0.4375466373998032
2026-05-28 22:55:00+00:00,USDT@okx -> LTC@okx -> LTC@bybit -> USDT@bybit,1.0005804953560373,0.5951328518334017
2026-05-28 23:00:00+00:00,USDT@bybit -> AVAX@bybit -> AVAX@okx -> USDT@okx,1.000448631673396,0.45997085660669096
2026-05-28 23:05:00+00:00,USDT@binance -> LTC@binance -> LTC@bybit -> USDT@bybit,1.0005794861889123,0.5941593798311456
2026-05-28 23:10:00+00:00,USDT@bybit -> ADA@bybit -> ADA@binance -> USDT@binance,1.0004253509145045,0.43614651314342284
2026-05-28 23:15:00+00:00,USDT@okx -> LTC@okx -> LTC@bybit -> USDT@bybit,1.0005794861889123,0.5942190846346791
2026-05-28 23:20:00+00:00,USDT@binance -> LTC@binance -> LTC@bybit -> USDT@bybit,1.000386398763524,0.3962455521483864
2026-05-28 23:25:00+00:00,USDT@bybit -> ADA@bybit -> ADA@binance -> USDT@binance,1.0004248088360237,0.4356512801677807
2026-05-28 23:30:00+00:00,USDT@okx -> ADA@okx -> ADA@binance -> USDT@binance,1.0004255319148936,0.4364113526140958
2026-05-28 23:35:00+00:00,USDT@binance -> LTC@binance -> LTC@bybit -> USDT@bybit,1.0005799342741155,0.5947865763261027
2026-05-28 23:40:00+00:00,USDT@binance -> DOGE@binance -> DOGE@bybit -> USDT@bybit,1.0003010839020474,0.3088126651253275
2026-05-28 23:45:00+00:00,USDT@okx -> ADA@okx -> ADA@bybit -> USDT@bybit,1.0008532423208192,0.8751712284152665
2026-05-28 23:50:00+00:00,USDT@binance -> BNB@binance -> BNB@okx -> USDT@okx,1.0002820786059048,0.2893529045141116
2026-05-28 23:55:00+00:00,USDT@okx -> DOGE@okx -> DOGE@bybit -> USDT@bybit,1.0006026516673363,0.6182104050517978
2026-05-29 00:00:00+00:00,USDT@binance -> LTC@binance -> LTC@bybit -> USDT@bybit,1.0005798221878623,0.5948273791010804
2026-05-29 00:05:00+00:00,USDT@okx -> ADA@okx -> ADA@binance -> USDT@binance,1.0004253509145045,0.436383851932927
2026-05-29 00:10:00+00:00,USDT@okx -> LINK@okx -> LINK@bybit -> USDT@bybit,1.0005534034311012,0.5677820001546269
2026-05-29 00:15:00+00:00,USDT@binance -> LTC@binance -> LTC@bybit -> USDT@bybit,1.00077384407042,0.7939940820117369
2026-05-29 00:20:00+00:00,USDT@binance -> ADA@binance -> ADA@okx -> USDT@okx,1.0004246284501062,0.4357190029247255
2026-05-29 00:25:00+00:00,USDT@binance -> DOGE@binance -> DOGE@bybit -> USDT@bybit,1.0005009518084362,0.5140576213748334
2026-05-29 00:30:00+00:00,USDT@bybit -> ADA@bybit -> ADA@binance -> USDT@binance,1.0004248088360237,0.4359444475573182
2026-05-29 00:35:00+00:00,USDT@binance -> LTC@binance -> LTC@bybit -> USDT@bybit,1.0003867723844515,0.39692779887614243
2026-05-29 00:40:00+00:00,USDT@binance -> ADA@binance -> ADA@okx -> USDT@okx,1.0004244482173175,0.43560972698418704
2026-05-29 00:45:00+00:00,USDT@okx -> LINK@okx -> LINK@bybit -> USDT@bybit,1.00066401062417,0.68150071563579
2026-05-29 00:50:00+00:00,USDT@binance -> LTC@binance -> LTC@bybit -> USDT@bybit,1.0007741436036386,0.7945873642881477
2026-05-29 00:55:00+00:00,USDT@okx -> ADA@okx -> ADA@binance -> USDT@binance,1.0004255319148936,0.43680327087464427
2026-05-29 01:00:00+00:00,USDT@bybit -> ADA@bybit -> ADA@binance -> USDT@binance,1.0004249893752657,0.4362649243020669
2026-05-29 01:05:00+00:00,USDT@okx -> DOGE@okx -> DOGE@bybit -> USDT@bybit,1.0005997600959615,0.6156987165382943
2026-05-29 01:10:00+00:00,USDT@bybit -> ADA@bybit -> ADA@binance -> USDT@binance,1.0004251700680273,0.43649513743493495
2026-05-29 01:15:00+00:00,USDT@okx -> LTC@okx -> LTC@bybit -> USDT@bybit,1.0005806077027288,0.5960984397679672
2026-05-29 01:20:00+00:00,USDT@binance -> DOGE@binance -> DOGE@bybit -> USDT@bybit,1.0006024096385542,0.6185179654242903
2026-05-29 01:25:00+00:00,USDT@binance -> ADA@binance -> ADA@bybit -> USDT@bybit,1.0008525149190113,0.8753637462925555
2026-05-29 01:30:00+00:00,USDT@bybit -> LINK@bybit -> LINK@okx -> USDT@okx,1.0008881980681692,0.9120810132346426
2026-05-29 01:35:00+00:00,USDT@bybit -> DOGE@bybit -> DOGE@okx -> USDT@okx,1.0005028663381272,0.5164338825689947
2026-05-29 01:40:00+00:00,USDT@bybit -> ADA@bybit -> ADA@okx -> USDT@okx,1.0012771392081736,1.3116629147702248
2026-05-29 01:45:00+00:00,USDT@binance -> ADA@binance -> ADA@bybit -> USDT@bybit,1.0008525149190113,0.8756719766043088
2026-05-29 01:50:00+00:00,USDT@binance -> BTC@binance -> BTC@bybit -> USDT@bybit,1.000203804347826,0.20935817848251678
2026-05-29 01:55:00+00:00,USDT@binance -> DOGE@binance -> DOGE@bybit -> USDT@bybit,1.0005023106288928,0.5160095095298218
2026-05-29 02:00:00+00:00,USDT@binance -> LTC@binance -> LTC@bybit -> USDT@bybit,1.0005801585766776,0.5960104423842679
2026-05-29 02:05:00+00:00,USDT@binance -> LTC@binance -> LTC@bybit -> USDT@bybit,1.0005800464037122,0.5959297758510425
2026-05-29 02:10:00+00:00,USDT@okx -> ADA@okx -> ADA@binance -> USDT@binance,1.0004251700680273,0.43683780890527296
2026-05-29 02:15:00+00:00,USDT@binance -> LINK@binance -> LINK@bybit -> USDT@bybit,1.0007757951900698,0.7971188598337547
2026-05-29 02:20:00+00:00,USDT@binance -> ADA@binance -> ADA@bybit -> USDT@bybit,1.0008532423208192,0.876762732262675
2026-05-29 02:25:00+00:00,USDT@bybit -> ADA@bybit -> ADA@binance -> USDT@binance,1.0004271678769756,0.4389806059311824
2026-05-29 02:30:00+00:00,USDT@binance -> ADA@binance -> ADA@okx -> USDT@okx,1.0004268032437047,0.4386246250728572
2026-05-29 02:35:00+00:00,USDT@binance -> ADA@binance -> ADA@okx -> USDT@okx,1.0004264392324094,0.43826923625077696
2026-05-29 02:40:00+00:00,USDT@bybit -> LINK@bybit -> LINK@binance -> USDT@binance,1.0004457817898138,0.4581679197287575
2026-05-29 02:45:00+00:00,USDT@binance -> ADA@binance -> ADA@okx -> USDT@okx,1.0004278990158324,0.43980787450749936
2026-05-29 02:50:00+00:00,USDT@binance -> LTC@binance -> LTC@okx -> USDT@okx,1.0005816207832492,0.597833452992005
2026-05-29 02:55:00+00:00,USDT@bybit -> DOGE@bybit -> DOGE@okx -> USDT@okx,1.0008088160954403,0.8314101844961226
2026-05-29 03:00:00+00:00,USDT@bybit -> AVAX@bybit -> AVAX@okx -> USDT@okx,1.0004498931503767,0.46249821521749135
2026-05-29 03:05:00+00:00,USDT@bybit -> DOGE@bybit -> DOGE@okx -> USDT@okx,1.000402131295868,0.4134167719698729
2026-05-29 03:10:00+00:00,USDT@binance -> DOGE@binance -> DOGE@bybit -> USDT@bybit,1.0005025630716655,0.516687857761416
2026-05-29 03:15:00+00:00,USDT@binance -> LTC@binance -> LTC@bybit -> USDT@bybit,1.000386398763524,0.3972786584851021
2026-05-29 03:20:00+00:00,USDT@okx -> LINK@okx -> LINK@bybit -> USDT@bybit,1.0004454839068941,0.4580451702977516
2026-05-29 03:25:00+00:00,USDT@okx -> LINK@okx -> LINK@bybit -> USDT@bybit,1.000557103064067,0.572837159076602
2026-05-29 03:30:00+00:00,USDT@binance -> LINK@binance -> LINK@bybit -> USDT@bybit,1.0004455335263978,0.45814211818130374
2026-05-29 03:35:00+00:00,USDT@binance -> ADA@binance -> ADA@bybit -> USDT@bybit,1.0004284490145674,0.44059374398899614
2026-05-29 03:40:00+00:00,USDT@binance -> LTC@binance -> LTC@okx -> USDT@okx,1.0003868471953576,0.3978297322413488
2026-05-29 03:45:00+00:00,USDT@bybit -> ADA@bybit -> ADA@binance -> USDT@binance,1.0004284490145674,0.4406296661602143
2026-05-29 03:50:00+00:00,USDT@binance -> LTC@binance -> LTC@bybit -> USDT@bybit,1.0003867723844515,0.39778522675830036
2026-05-29 03:55:00+00:00,USDT@okx -> BNB@okx -> BNB@binance -> USDT@binance,1.0003305004721437,0.339924191508563
2026-05-29 04:00:00+00:00,USDT@binance -> LTC@binance -> LTC@bybit -> USDT@bybit,1.0003875968992249,0.39866181190937267
2026-05-29 04:05:00+00:00,USDT@binance -> DOGE@binance -> DOGE@okx -> USDT@okx,1.000405022276225,0.4166007861105531
2026-05-29 04:10:00+00:00,USDT@binance -> ADA@binance -> ADA@okx -> USDT@okx,1.0004293688278232,0.4416612284182335
2026-05-29 04:15:00+00:00,USDT@bybit -> AVAX@bybit -> AVAX@okx -> USDT@okx,1.0007913181098802,0.8140077062809414
2026-05-29 04:20:00+00:00,USDT@binance -> ADA@binance -> ADA@bybit -> USDT@bybit,1.0004284490145674,0.44076888083961224
2026-05-29 04:25:00+00:00,USDT@bybit -> ADA@bybit -> ADA@okx -> USDT@okx,1.0008561643835616,0.8808207575063257
2026-05-29 04:30:00+00:00,USDT@binance -> LTC@binance -> LTC@okx -> USDT@okx,1.0005829770695687,0.5998173689331295
2026-05-29 04:35:00+00:00,USDT@binance -> ADA@binance -> ADA@okx -> USDT@okx,1.0008554319931564,0.8801939337723678
2026-05-29 04:40:00+00:00,USDT@bybit -> AVAX@bybit -> AVAX@okx -> USDT@okx,1.0006758278891643,0.6954503680830647
2026-05-29 04:45:00+00:00,USDT@binance -> ADA@binance -> ADA@okx -> USDT@okx,1.0004271678769756,0.43960028748831503
2026-05-29 04:50:00+00:00,USDT@bybit -> ADA@bybit -> ADA@okx -> USDT@okx,1.0008550662676357,0.8799899384684798
2026-05-29 04:55:00+00:00,USDT@binance -> ADA@binance -> ADA@bybit -> USDT@bybit,1.0004264392324094,0.4389067087559979
2026-05-29 05:00:00+00:00,USDT@binance -> LTC@binance -> LTC@okx -> USDT@okx,1.0005806077027288,0.5976079675074546
2026-05-29 05:05:00+00:00,USDT@bybit -> ADA@bybit -> ADA@binance -> USDT@binance,1.0004258943781943,0.43839006963401667
2026-05-29 05:10:00+00:00,USDT@bybit -> AVAX@bybit -> AVAX@okx -> USDT@okx,1.000336209794912,0.3460888902299764
2026-05-29 05:15:00+00:00,USDT@bybit -> LINK@bybit -> LINK@binance -> USDT@binance,1.0004448893337783,0.4579772356341247
2026-05-29 05:20:00+00:00,USDT@binance -> AVAX@binance -> AVAX@okx -> USDT@okx,1.0003366625519021,0.3465820208012419
2026-05-29 05:25:00+00:00,USDT@binance -> ADA@binance -> ADA@bybit -> USDT@bybit,1.0004257130693912,0.43827108868541853
2026-05-29 05:30:00+00:00,USDT@okx -> LTC@okx -> LTC@bybit -> USDT@bybit,1.000387672029463,0.3991248747552034
2026-05-29 05:35:00+00:00,USDT@binance -> ADA@binance -> ADA@bybit -> USDT@bybit,1.0004262574595055,0.4388672322755397
2026-05-29 05:40:00+00:00,USDT@binance -> ADA@binance -> ADA@bybit -> USDT@bybit,1.0004264392324094,0.43907309750176676
2026-05-29 05:45:00+00:00,USDT@okx -> DOGE@okx -> DOGE@bybit -> USDT@bybit,1.0005023610971566,0.5172663121427676
2026-05-29 05:50:00+00:00,USDT@binance -> ADA@binance -> ADA@bybit -> USDT@bybit,1.0004255319148936,0.4381795947159812
2026-05-29 05:55:00+00:00,USDT@okx -> ADA@okx -> ADA@binance -> USDT@binance,1.0004251700680273,0.4378256231047663
2026-05-29 06:00:00+00:00,USDT@okx -> ADA@okx -> ADA@binance -> USDT@binance,1.0004237288135593,0.43636002038324934
2026-05-29 06:05:00+00:00,USDT@bybit -> BNB@bybit -> BNB@binance -> USDT@binance,1.0005485893416928,0.5649665351681011
2026-05-29 06:10:00+00:00,USDT@bybit -> ADA@bybit -> ADA@binance -> USDT@binance,1.0004237288135593,0.4364024494745863
2026-05-29 06:15:00+00:00,USDT@bybit -> BNB@bybit -> BNB@okx -> USDT@okx,1.0004698512137822,0.48392486499827
2026-05-29 06:20:00+00:00,USDT@bybit -> ADA@bybit -> ADA@binance -> USDT@binance,1.0004230118443316,0.43570296678987525
2026-05-29 06:25:00+00:00,USDT@binance -> AVAX@binance -> AVAX@okx -> USDT@okx,1.0004469273743017,0.46035547878804517
2026-05-29 06:30:00+00:00,USDT@binance -> SOL@binance -> SOL@okx -> USDT@okx,1.0002435756911459,0.2509052294081792
2026-05-29 06:35:00+00:00,USDT@binance -> ADA@binance -> ADA@okx -> USDT@okx,1.0004248088360237,0.4376025955219566
2026-05-29 06:40:00+00:00,USDT@bybit -> ADA@bybit -> ADA@okx -> USDT@okx,1.0008492569002123,0.8748707177226925
2026-05-29 06:45:00+00:00,USDT@binance -> ADA@binance -> ADA@bybit -> USDT@bybit,1.0008485362749258,0.8742025941368271
2026-05-29 06:50:00+00:00,USDT@binance -> ADA@binance -> ADA@bybit -> USDT@bybit,1.0008481764206956,0.8739060029259824
2026-05-29 06:55:00+00:00,USDT@bybit -> ADA@bybit -> ADA@binance -> USDT@binance,1.0004239084357778,0.4368048190121725
2026-05-29 07:00:00+00:00,USDT@binance -> ADA@binance -> ADA@okx -> USDT@okx,1.0004239084357778,0.43682333553692915
2026-05-29 07:05:00+00:00,USDT@binance -> ADA@binance -> ADA@okx -> USDT@okx,1.0004240882103477,0.4370271123262132
2026-05-29 07:10:00+00:00,USDT@okx -> ADA@okx -> ADA@binance -> USDT@binance,1.0004231908590773,0.4361208775185004
2026-05-29 07:15:00+00:00,USDT@bybit -> AVAX@bybit -> AVAX@okx -> USDT@okx,1.0006700915791826,0.6905945358485189
2026-05-29 07:20:00+00:00,USDT@binance -> LINK@binance -> LINK@bybit -> USDT@bybit,1.00033215234721,0.342338232435149
2026-05-29 07:25:00+00:00,USDT@binance -> ADA@binance -> ADA@bybit -> USDT@bybit,1.0004248088360237,0.4378506962366118
2026-05-29 07:30:00+00:00,USDT@binance -> XRP@binance -> XRP@bybit -> USDT@bybit,1.0003041131300845,0.313462882691762
2026-05-29 07:35:00+00:00,USDT@binance -> ADA@binance -> ADA@bybit -> USDT@bybit,1.0004269854824936,0.4401262469253777
2026-05-29 07:40:00+00:00,USDT@okx -> LTC@okx -> LTC@bybit -> USDT@bybit,1.0007759456838023,0.7998600837432293
2026-05-29 07:45:00+00:00,USDT@okx -> ADA@okx -> ADA@binance -> USDT@binance,1.000853970964987,0.8803583850828637
2026-05-29 07:50:00+00:00,USDT@bybit -> LTC@bybit -> LTC@binance -> USDT@binance,1.0003874467260752,0.39945281083714335
2026-05-29 07:55:00+00:00,USDT@binance -> AVAX@binance -> AVAX@okx -> USDT@okx,1.0007842258570467,0.808558542500733
2026-05-29 08:00:00+00:00,USDT@okx -> BNB@okx -> BNB@bybit -> USDT@bybit,1.0004707359171505,0.48537980820937415
2026-05-29 08:05:00+00:00,USDT@bybit -> ADA@bybit -> ADA@binance -> USDT@binance,1.0004253509145045,0.4386035916149861
2026-05-29 08:10:00+00:00,USDT@bybit -> LINK@bybit -> LINK@binance -> USDT@binance,1.0004438526409232,0.4577012446719488
2026-05-29 08:15:00+00:00,USDT@bybit -> ADA@bybit -> ADA@binance -> USDT@binance,1.0004253509145045,0.43864171602316493
2026-05-29 08:20:00+00:00,USDT@binance -> LINK@binance -> LINK@bybit -> USDT@bybit,1.0007752796544467,0.7995385723550282
2026-05-29 08:25:00+00:00,USDT@binance -> ADA@binance -> ADA@okx -> USDT@okx,1.0004249893752657,0.43832150123225244
2026-05-29 08:30:00+00:00,USDT@bybit -> ADA@bybit -> ADA@binance -> USDT@binance,1.0004253509145045,0.438713026180103
2026-05-29 08:35:00+00:00,USDT@okx -> SOL@okx -> SOL@binance -> USDT@binance,1.0002427184466018,0.25035393103194714
2026-05-29 08:40:00+00:00,USDT@okx -> ADA@okx -> ADA@bybit -> USDT@bybit,1.0008499787505312,0.8767388280876031
2026-05-29 08:45:00+00:00,USDT@okx -> LTC@okx -> LTC@bybit -> USDT@bybit,1.000386398763524,0.3985977222287526
2026-05-29 08:50:00+00:00,USDT@okx -> ADA@okx -> ADA@binance -> USDT@binance,1.0004249893752657,0.4384236144922934
2026-05-29 08:55:00+00:00,USDT@binance -> ADA@binance -> ADA@bybit -> USDT@bybit,1.0004253509145045,0.43881523065147787
2026-05-29 09:00:00+00:00,USDT@okx -> LTC@okx -> LTC@bybit -> USDT@bybit,1.0005795981452859,0.5979705305938281
2026-05-29 09:05:00+00:00,USDT@binance -> ADA@binance -> ADA@bybit -> USDT@bybit,1.0004251700680273,0.43867274057740663
2026-05-29 09:10:00+00:00,USDT@bybit -> SOL@bybit -> SOL@binance -> USDT@binance,1.0002426595486533,0.2503766447736401
2026-05-29 09:15:00+00:00,USDT@okx -> LTC@okx -> LTC@bybit -> USDT@bybit,1.0003854307188282,0.3976978958474286
2026-05-29 09:20:00+00:00,USDT@okx -> AVAX@okx -> AVAX@bybit -> USDT@bybit,1.0003347840642787,0.34545261485312245
2026-05-29 09:25:00+00:00,USDT@okx -> ADA@okx -> ADA@binance -> USDT@binance,1.0004239084357778,0.437431753212008
2026-05-29 09:30:00+00:00,USDT@binance -> AVAX@binance -> AVAX@okx -> USDT@okx,1.0004463787523714,0.46063843276542404
2026-05-29 09:35:00+00:00,USDT@binance -> ADA@binance -> ADA@bybit -> USDT@bybit,1.0004240882103477,0.4376553489591882
2026-05-29 09:40:00+00:00,USDT@okx -> LTC@okx -> LTC@bybit -> USDT@bybit,1.0005795981452859,0.5981656172994839
2026-05-29 09:45:00+00:00,USDT@binance -> DOGE@binance -> DOGE@bybit -> USDT@bybit,1.0004011633737842,0.4140386701205678
2026-05-29 09:50:00+00:00,USDT@binance -> LTC@binance -> LTC@bybit -> USDT@bybit,1.0005791505791506,0.5977623352179235
2026-05-29 09:55:00+00:00,USDT@binance -> SOL@binance -> SOL@okx -> USDT@okx,1.0003639010189227,0.3756172034361991
2026-05-29 10:00:00+00:00,USDT@binance -> DOGE@binance -> DOGE@bybit -> USDT@bybit,1.0004014452027299,0.4143852415751184
2026-05-29 10:05:00+00:00,USDT@bybit -> BNB@bybit -> BNB@okx -> USDT@okx,1.0004683840749413,0.4835012062235725
2026-05-29 10:10:00+00:00,USDT@binance -> SOL@binance -> SOL@bybit -> USDT@bybit,1.000243013365735,0.25086839013549617
2026-05-29 10:15:00+00:00,USDT@bybit -> ADA@bybit -> ADA@binance -> USDT@binance,1.0004262574595055,0.44004625415482884
2026-05-29 10:20:00+00:00,USDT@binance -> ADA@binance -> ADA@okx -> USDT@okx,1.0008525149190113,0.8801300229095591
2026-05-29 10:25:00+00:00,USDT@binance -> DOGE@binance -> DOGE@bybit -> USDT@bybit,1.000200924251557,0.20745037771234714
2026-05-29 10:30:00+00:00,USDT@bybit -> ADA@bybit -> ADA@binance -> USDT@binance,1.0004264392324094,0.4402990511354821
2026-05-29 10:35:00+00:00,USDT@okx -> LTC@okx -> LTC@binance -> USDT@binance,1.000386249517188,0.39882012546065004
2026-05-29 10:40:00+00:00,USDT@okx -> ADA@okx -> ADA@binance -> USDT@binance,1.0004260758414998,0.4399596023989719
2026-05-29 10:45:00+00:00,USDT@bybit -> LINK@bybit -> LINK@binance -> USDT@binance,1.0004447409384032,0.45925247177682277
2026-05-29 10:50:00+00:00,USDT@binance -> XRP@binance -> XRP@okx -> USDT@okx,1.0002274795268427,0.23491244495862929
2026-05-29 10:55:00+00:00,USDT@bybit -> LINK@bybit -> LINK@okx -> USDT@okx,1.000556111667223,0.574295739785766
2026-05-29 11:00:00+00:00,USDT@okx -> ADA@okx -> ADA@bybit -> USDT@bybit,1.0008528784648187,0.8808153764232473
2026-05-29 11:05:00+00:00,USDT@binance -> LINK@binance -> LINK@okx -> USDT@okx,1.0004449883190565,0.45960356453158224
2026-05-29 11:10:00+00:00,USDT@binance -> LTC@binance -> LTC@bybit -> USDT@bybit,1.0003863241259416,0.3990303537764389
2026-05-29 11:15:00+00:00,USDT@okx -> LTC@okx -> LTC@binance -> USDT@binance,1.0005799342741155,0.5990314945595988
2026-05-29 11:20:00+00:00,USDT@bybit -> AVAX@bybit -> AVAX@binance -> USDT@binance,1.0005611042531704,0.5796150134302677
2026-05-29 11:25:00+00:00,USDT@binance -> ADA@binance -> ADA@bybit -> USDT@bybit,1.0004271678769756,0.4412848519591864
2026-05-29 11:30:00+00:00,USDT@okx -> LTC@okx -> LTC@bybit -> USDT@bybit,1.0003868471953576,0.3996487299501905
2026-05-29 11:35:00+00:00,USDT@binance -> SOL@binance -> SOL@bybit -> USDT@bybit,1.0002443494196702,0.25244518797682003
2026-05-29 11:40:00+00:00,USDT@binance -> LINK@binance -> LINK@bybit -> USDT@bybit,1.0004465282429114,0.461333858590549
2026-05-29 11:45:00+00:00,USDT@bybit -> ADA@bybit -> ADA@binance -> USDT@binance,1.0004290004290004,0.4432446631056814
2026-05-29 11:50:00+00:00,USDT@binance -> LTC@binance -> LTC@bybit -> USDT@bybit,1.0003874467260752,0.40032841308240896
2026-05-29 11:55:00+00:00,USDT@okx -> LINK@okx -> LINK@binance -> USDT@binance,1.0004473772508666,0.46226939581999793
2026-05-29 12:00:00+00:00,USDT@okx -> LINK@okx -> LINK@bybit -> USDT@bybit,1.0010075002798613,1.0410841873413672
2026-05-29 12:05:00+00:00,USDT@bybit -> ADA@bybit -> ADA@binance -> USDT@binance,1.0004293688278232,0.44372606370353934
2026-05-29 12:10:00+00:00,USDT@bybit -> BNB@bybit -> BNB@binance -> USDT@binance,1.000471623958497,0.4874150487210189
2026-05-29 12:15:00+00:00,USDT@binance -> AVAX@binance -> AVAX@okx -> USDT@okx,1.0004514672686233,0.4666054701929023
2026-05-29 12:20:00+00:00,USDT@binance -> AVAX@binance -> AVAX@okx -> USDT@okx,1.0006778895040107,0.7006515266230205
2026-05-29 12:25:00+00:00,USDT@binance -> ADA@binance -> ADA@bybit -> USDT@bybit,1.0004295532646048,0.4440068050585311
2026-05-29 12:30:00+00:00,USDT@okx -> LINK@okx -> LINK@bybit -> USDT@bybit,1.000337116529947,0.34847474194506467
2026-05-29 12:35:00+00:00,USDT@binance -> ADA@binance -> ADA@bybit -> USDT@bybit,1.0004306632213609,0.44518823872993407
2026-05-29 12:40:00+00:00,USDT@bybit -> ADA@bybit -> ADA@binance -> USDT@binance,1.0004304778303916,0.44501575942943744
2026-05-29 12:45:00+00:00,USDT@okx -> LTC@okx -> LTC@bybit -> USDT@bybit,1.0005819592628515,0.6016388617249301
2026-05-29 12:50:00+00:00,USDT@okx -> ADA@okx -> ADA@binance -> USDT@binance,1.0004297378599054,0.4442957776608675
2026-05-29 12:55:00+00:00,USDT@binance -> SOL@binance -> SOL@bybit -> USDT@bybit,1.0003681885125184,0.38067772613943857
2026-05-29 13:00:00+00:00,USDT@binance -> ADA@binance -> ADA@okx -> USDT@okx,1.0004310344827585,0.44567188446854966
2026-05-29 13:05:00+00:00,USDT@binance -> ADA@binance -> ADA@okx -> USDT@okx,1.0004310344827585,0.4456910944635699
2026-05-29 13:10:00+00:00,USDT@bybit -> ADA@bybit -> ADA@binance -> USDT@binance,1.0004314063848145,0.44609486982973473
2026-05-29 13:15:00+00:00,USDT@binance -> ADA@binance -> ADA@okx -> USDT@okx,1.000430848772081,0.44553749149168265
2026-05-29 13:20:00+00:00,USDT@bybit -> LINK@bybit -> LINK@okx -> USDT@okx,1.0005634437683117,0.5826780885175971
2026-05-29 13:25:00+00:00,USDT@binance -> AVAX@binance -> AVAX@okx -> USDT@okx,1.0004534119247337,0.46891649934725727
2026-05-29 13:30:00+00:00,USDT@binance -> SOL@binance -> SOL@okx -> USDT@okx,1.0002465483234713,0.25499068810640235
2026-05-29 13:35:00+00:00,USDT@okx -> ADA@okx -> ADA@binance -> USDT@binance,1.0004301075268818,0.44484633549637964
2026-05-29 13:40:00+00:00,USDT@bybit -> LINK@bybit -> LINK@okx -> USDT@okx,1.0007852815795377,0.8122263296653315
2026-05-29 13:45:00+00:00,USDT@binance -> BNB@binance -> BNB@okx -> USDT@okx,1.0004405147729776,0.45566559019970687
2026-05-29 13:50:00+00:00,USDT@binance -> ADA@binance -> ADA@okx -> USDT@okx,1.0004302925989672,0.44511144744159875
2026-05-29 13:55:00+00:00,USDT@bybit -> ADA@bybit -> ADA@okx -> USDT@okx,1.0008602150537633,0.8898782924723406
2026-05-29 14:00:00+00:00,USDT@binance -> ADA@binance -> ADA@okx -> USDT@okx,1.0004295532646048,0.44440399606034325
2026-05-29 14:05:00+00:00,USDT@bybit -> ADA@bybit -> ADA@binance -> USDT@binance,1.0004304778303916,0.44537965700724685
2026-05-29 14:10:00+00:00,USDT@bybit -> ADA@bybit -> ADA@binance -> USDT@binance,1.0004295532646048,0.44444221700764
2026-05-29 14:15:00+00:00,USDT@bybit -> ADA@bybit -> ADA@binance -> USDT@binance,1.000430848772081,0.4458017774301924
2026-05-29 14:20:00+00:00,USDT@binance -> LTC@binance -> LTC@okx -> USDT@okx,1.0003888024883358,0.4023135713814151
2026-05-29 14:25:00+00:00,USDT@okx -> LTC@okx -> LTC@bybit -> USDT@bybit,1.0003891050583658,0.40264231009741935
2026-05-29 14:30:00+00:00,USDT@bybit -> BNB@bybit -> BNB@okx -> USDT@okx,1.0004734848484849,0.4899767998018042
2026-05-29 14:35:00+00:00,USDT@binance -> LTC@binance -> LTC@okx -> USDT@okx,1.0007791195948577,0.8062952854391572
2026-05-29 14:40:00+00:00,USDT@binance -> BNB@binance -> BNB@bybit -> USDT@bybit,1.000870322019147,0.9007490238380038
2026-05-29 14:45:00+00:00,USDT@binance -> LTC@binance -> LTC@bybit -> USDT@bybit,1.0009731413001166,1.0072505870884685
2026-05-29 14:50:00+00:00,USDT@bybit -> AVAX@bybit -> AVAX@binance -> USDT@binance,1.0005732630130706,0.5934140268008187
2026-05-29 14:55:00+00:00,USDT@binance -> ADA@binance -> ADA@okx -> USDT@okx,1.0004299226139295,0.44506052010046043
2026-05-29 15:00:00+00:00,USDT@binance -> ADA@binance -> ADA@okx -> USDT@okx,1.0004293688278232,0.4445063442704557
2026-05-29 15:05:00+00:00,USDT@binance -> ADA@binance -> ADA@bybit -> USDT@bybit,1.000427533133818,0.4426249364857949
2026-05-29 15:10:00+00:00,USDT@binance -> SOL@binance -> SOL@bybit -> USDT@bybit,1.0002435460301997,0.25215391839595575
2026-05-29 15:15:00+00:00,USDT@bybit -> ADA@bybit -> ADA@binance -> USDT@binance,1.0004271678769756,0.44227646489769373
2026-05-29 15:20:00+00:00,USDT@bybit -> AVAX@bybit -> AVAX@okx -> USDT@okx,1.0006775067750677,0.7014996151572196
2026-05-29 15:25:00+00:00,USDT@binance -> ADA@binance -> ADA@bybit -> USDT@bybit,1.0004246284501062,0.43969578850684005
2026-05-29 15:30:00+00:00,USDT@binance -> LINK@binance -> LINK@bybit -> USDT@bybit,1.0004399472063352,0.4555774533710599
2026-05-29 15:35:00+00:00,USDT@binance -> LTC@binance -> LTC@bybit -> USDT@bybit,1.0003827018752394,0.3963157708604198
2026-05-29 15:40:00+00:00,USDT@okx -> LTC@okx -> LTC@bybit -> USDT@bybit,1.000383877159309,0.39754807709588924
2026-05-29 15:45:00+00:00,USDT@okx -> ADA@okx -> ADA@binance -> USDT@binance,1.0004237288135593,0.43883580323840826
2026-05-29 15:50:00+00:00,USDT@okx -> ADA@okx -> ADA@binance -> USDT@binance,1.0008499787505312,0.880319914341547
2026-05-29 15:55:00+00:00,USDT@binance -> ADA@binance -> ADA@bybit -> USDT@bybit,1.0004240882103477,0.43926395725791173
2026-05-29 16:00:00+00:00,USDT@bybit -> ADA@bybit -> ADA@binance -> USDT@binance,1.0004242681374629,0.43946895952909804
2026-05-29 16:05:00+00:00,USDT@bybit -> BNB@bybit -> BNB@okx -> USDT@okx,1.0004689698296074,0.4857928487598454
2026-05-29 16:10:00+00:00,USDT@binance -> LINK@binance -> LINK@bybit -> USDT@bybit,1.0004402377283732,0.45605144784971635
2026-05-29 16:15:00+00:00,USDT@binance -> LTC@binance -> LTC@okx -> USDT@okx,1.0005767012687428,0.5974431770101725
2026-05-29 16:20:00+00:00,USDT@binance -> LTC@binance -> LTC@okx -> USDT@okx,1.0003854307188282,0.39931632809915285
2026-05-29 16:25:00+00:00,USDT@binance -> AVAX@binance -> AVAX@okx -> USDT@okx,1.000225352112676,0.2334796946222329
2026-05-29 16:30:00+00:00,USDT@bybit -> AVAX@bybit -> AVAX@binance -> USDT@binance,1.0004470272686634,0.46316025608212824
2026-05-29 16:35:00+00:00,USDT@bybit -> ADA@bybit -> ADA@binance -> USDT@binance,1.0004248088360237,0.4401596469333208
2026-05-29 16:40:00+00:00,USDT@okx -> LINK@okx -> LINK@bybit -> USDT@bybit,1.0009891196834817,1.024905860381762
2026-05-29 16:45:00+00:00,USDT@binance -> AVAX@binance -> AVAX@okx -> USDT@okx,1.0005587216448766,0.5789933598346801
2026-05-29 16:50:00+00:00,USDT@binance -> LINK@binance -> LINK@bybit -> USDT@bybit,1.0003294169320303,0.3413880140884482
2026-05-29 16:55:00+00:00,USDT@binance -> XRP@binance -> XRP@okx -> USDT@okx,1.0004520795660037,0.46852366797899897
2026-05-29 17:00:00+00:00,USDT@binance -> ADA@binance -> ADA@bybit -> USDT@bybit,1.0008532423208192,0.8843184350992113
2026-05-29 17:05:00+00:00,USDT@okx -> AVAX@okx -> AVAX@bybit -> USDT@bybit,1.0004471272076905,0.4634516600846964
2026-05-29 17:10:00+00:00,USDT@bybit -> ADA@bybit -> ADA@okx -> USDT@okx,1.000848896434635,0.8799286782221166
2026-05-29 17:15:00+00:00,USDT@binance -> LTC@binance -> LTC@bybit -> USDT@bybit,1.0005737234652896,0.5947469740753397
2026-05-29 17:20:00+00:00,USDT@binance -> LINK@binance -> LINK@bybit -> USDT@bybit,1.0004385964912281,0.45469449583819094
2026-05-29 17:25:00+00:00,USDT@binance -> BNB@binance -> BNB@okx -> USDT@okx,1.0004966013842764,0.5148509487994897
2026-05-29 17:30:00+00:00,USDT@binance -> BNB@binance -> BNB@okx -> USDT@okx,1.0004503035667147,0.4668749203677109
2026-05-29 17:35:00+00:00,USDT@okx -> ADA@okx -> ADA@binance -> USDT@binance,1.0004237288135593,0.43934198836758176
2026-05-29 17:40:00+00:00,USDT@binance -> LTC@binance -> LTC@okx -> USDT@okx,1.0007667241709794,0.79500941287807
2026-05-29 17:45:00+00:00,USDT@okx -> ADA@okx -> ADA@binance -> USDT@binance,1.0008517887563884,0.8832798361903741
2026-05-29 17:50:00+00:00,USDT@binance -> LTC@binance -> LTC@bybit -> USDT@bybit,1.0003838034926118,0.39802681085059805
2026-05-29 17:55:00+00:00,USDT@bybit -> ADA@bybit -> ADA@binance -> USDT@binance,1.0004258943781943,0.4416944882250739
2026-05-29 18:00:00+00:00,USDT@okx -> ADA@okx -> ADA@binance -> USDT@binance,1.0008532423208192,0.8849341534139721
2026-05-29 18:05:00+00:00,USDT@binance -> LTC@binance -> LTC@bybit -> USDT@bybit,1.0005759262814358,0.5973687778168892
2026-05-29 18:10:00+00:00,USDT@bybit -> LINK@bybit -> LINK@okx -> USDT@okx,1.0005513895015439,0.5719513994784884
2026-05-29 18:15:00+00:00,USDT@bybit -> ADA@bybit -> ADA@binance -> USDT@binance,1.000427533133818,0.44350074956576446
2026-05-29 18:20:00+00:00,USDT@bybit -> ADA@bybit -> ADA@binance -> USDT@binance,1.0004278990158324,0.4438992739877841
2026-05-29 18:25:00+00:00,USDT@okx -> LINK@okx -> LINK@bybit -> USDT@bybit,1.0004430169453982,0.45960216778670127
2026-05-29 18:30:00+00:00,USDT@okx -> LTC@okx -> LTC@bybit -> USDT@bybit,1.0005777007510108,0.5993546813708969
2026-05-29 18:35:00+00:00,USDT@binance -> LINK@binance -> LINK@bybit -> USDT@bybit,1.0005529138560214,0.5736718395011423
2026-05-29 18:40:00+00:00,USDT@bybit -> BNB@bybit -> BNB@okx -> USDT@okx,1.0004671441918405,0.4847089330918071
2026-05-29 18:45:00+00:00,USDT@bybit -> ADA@bybit -> ADA@okx -> USDT@okx,1.0008624407072013,0.8949105019393001
2026-05-29 18:50:00+00:00,USDT@binance -> LINK@binance -> LINK@bybit -> USDT@bybit,1.000780292052168,0.8097388837745383
2026-05-29 18:55:00+00:00,USDT@bybit -> ADA@bybit -> ADA@binance -> USDT@binance,1.000430848772081,0.4471431244882601
2026-05-29 19:00:00+00:00,USDT@bybit -> BNB@bybit -> BNB@okx -> USDT@okx,1.0003121585765566,0.3239781196344274
2026-05-29 19:05:00+00:00,USDT@binance -> LINK@binance -> LINK@bybit -> USDT@bybit,1.000889877641824,0.9236007155162734
2026-05-29 19:10:00+00:00,USDT@binance -> LTC@binance -> LTC@bybit -> USDT@bybit,1.0003870718018193,0.40177614249405125
2026-05-29 19:15:00+00:00,USDT@bybit -> ADA@bybit -> ADA@binance -> USDT@binance,1.0004330879168473,0.44955774869979315
2026-05-29 19:20:00+00:00,USDT@binance -> XRP@binance -> XRP@bybit -> USDT@bybit,1.000609198903442,0.6323934191425091
2026-05-29 19:25:00+00:00,USDT@binance -> ADA@binance -> ADA@okx -> USDT@okx,1.0004315925766076,0.4480522386120585
2026-05-29 19:30:00+00:00,USDT@bybit -> BNB@bybit -> BNB@okx -> USDT@okx,1.0004674353381116,0.4852828803777391
2026-05-29 19:35:00+00:00,USDT@binance -> SOL@binance -> SOL@bybit -> USDT@bybit,1.0002429838415745,0.2522732038333227
2026-05-29 19:40:00+00:00,USDT@bybit -> LTC@bybit -> LTC@okx -> USDT@okx,1.000385505011565,0.40025273619752655
2026-05-29 19:45:00+00:00,USDT@okx -> LTC@okx -> LTC@bybit -> USDT@bybit,1.0005785920925747,0.6007496372054746
2026-05-29 19:50:00+00:00,USDT@binance -> BNB@binance -> BNB@okx -> USDT@okx,1.0004361234852497,0.4528513059117945
2026-05-29 19:55:00+00:00,USDT@bybit -> BNB@bybit -> BNB@okx -> USDT@okx,1.0004677268475213,0.4856880182717427
2026-05-29 20:00:00+00:00,USDT@okx -> LTC@okx -> LTC@binance -> USDT@binance,1.0003850596842512,0.39986505655241494
2026-05-29 20:05:00+00:00,USDT@okx -> ADA@okx -> ADA@bybit -> USDT@bybit,1.0008580008580008,0.891024914948003
2026-05-29 20:10:00+00:00,USDT@okx -> ADA@okx -> ADA@binance -> USDT@binance,1.0004290004290004,0.4455506824810777
2026-05-29 20:15:00+00:00,USDT@bybit -> XRP@bybit -> XRP@binance -> USDT@binance,1.0004541326067213,0.47167265936970865
2026-05-29 20:20:00+00:00,USDT@bybit -> ADA@bybit -> ADA@binance -> USDT@binance,1.000428265524625,0.44482670800732704
2026-05-29 20:25:00+00:00,USDT@okx -> ADA@okx -> ADA@binance -> USDT@binance,1.0008576329331047,0.8908360599215484
2026-05-29 20:30:00+00:00,USDT@bybit -> DOGE@bybit -> DOGE@okx -> USDT@okx,1.000299251870324,0.31086401879512354
2026-05-29 20:35:00+00:00,USDT@binance -> LTC@binance -> LTC@bybit -> USDT@bybit,1.0003847633705272,0.3997056621302207
2026-05-29 20:40:00+00:00,USDT@okx -> ADA@okx -> ADA@binance -> USDT@binance,1.0004284490145674,0.445104964200021
2026-05-29 20:45:00+00:00,USDT@bybit -> ADA@bybit -> ADA@binance -> USDT@binance,1.0004288164665525,0.4455057877098194
2026-05-29 20:50:00+00:00,USDT@okx -> ADA@okx -> ADA@binance -> USDT@binance,1.0004295532646048,0.44629039841826107
2026-05-29 20:55:00+00:00,USDT@okx -> ADA@okx -> ADA@binance -> USDT@binance,1.0004293688278232,0.4461179375516366
2026-05-29 21:00:00+00:00,USDT@binance -> ADA@binance -> ADA@okx -> USDT@okx,1.0004295532646048,0.4463287321096688
2026-05-29 21:05:00+00:00,USDT@bybit -> AVAX@bybit -> AVAX@binance -> USDT@binance,1.0004534633261535,0.4711927995576396
2026-05-29 21:10:00+00:00,USDT@binance -> LTC@binance -> LTC@bybit -> USDT@bybit,1.000576479631053,0.5990459495605837
2026-05-29 21:15:00+00:00,USDT@binance -> BNB@binance -> BNB@okx -> USDT@okx,1.0004040780803183,0.4199199392730455
2026-05-29 21:20:00+00:00,USDT@binance -> ADA@binance -> ADA@okx -> USDT@okx,1.0008583690987123,0.8920574567323338
2026-05-29 21:25:00+00:00,USDT@binance -> ADA@binance -> ADA@okx -> USDT@okx,1.0004297378599054,0.4466420897459911
2026-05-29 21:30:00+00:00,USDT@okx -> AVAX@okx -> AVAX@bybit -> USDT@bybit,1.000680349245946,0.707141948325812
2026-05-29 21:35:00+00:00,USDT@bybit -> ADA@bybit -> ADA@binance -> USDT@binance,1.0004286326618088,0.4455428723715412
2026-05-29 21:40:00+00:00,USDT@binance -> ADA@binance -> ADA@okx -> USDT@okx,1.0004277159965782,0.44460909988448044
2026-05-29 21:45:00+00:00,USDT@okx -> ADA@okx -> ADA@binance -> USDT@binance,1.0004293688278232,0.44634630160595673
2026-05-29 21:50:00+00:00,USDT@bybit -> AVAX@bybit -> AVAX@binance -> USDT@binance,1.0004548555833521,0.4728611194313634
2026-05-29 21:55:00+00:00,USDT@binance -> ADA@binance -> ADA@bybit -> USDT@bybit,1.0004306632213609,0.44773146304139316
2026-05-29 22:00:00+00:00,USDT@bybit -> BNB@bybit -> BNB@okx -> USDT@okx,1.000467216944401,0.48575481871747517
2026-05-29 22:05:00+00:00,USDT@bybit -> ADA@bybit -> ADA@binance -> USDT@binance,1.0004306632213609,0.44777166486231307
2026-05-29 22:10:00+00:00,USDT@binance -> ADA@binance -> ADA@okx -> USDT@okx,1.0004297378599054,0.4468287851210657
2026-05-29 22:15:00+00:00,USDT@bybit -> ADA@bybit -> ADA@binance -> USDT@binance,1.0004291845493563,0.4462726462898806
2026-05-29 22:20:00+00:00,USDT@binance -> AVAX@binance -> AVAX@okx -> USDT@okx,1.00068019498923,0.7073074888015648
2026-05-29 22:25:00+00:00,USDT@okx -> LTC@okx -> LTC@bybit -> USDT@bybit,1.0005783689994217,0.6014636343949649
2026-05-29 22:30:00+00:00,USDT@bybit -> DOGE@bybit -> DOGE@binance -> USDT@binance,1.0003005710850617,0.3125911542628239
2026-05-29 22:35:00+00:00,USDT@bybit -> DOGE@bybit -> DOGE@binance -> USDT@binance,1.000300872530338,0.3129140595770565
2026-05-29 22:40:00+00:00,USDT@bybit -> ADA@bybit -> ADA@binance -> USDT@binance,1.0004288164665525,0.4459919900317471
2026-05-29 22:45:00+00:00,USDT@bybit -> LINK@bybit -> LINK@okx -> USDT@okx,1.000445087348392,0.46293442525988193
2026-05-29 22:50:00+00:00,USDT@okx -> LTC@okx -> LTC@bybit -> USDT@bybit,1.0005791505791506,0.602400123587969
2026-05-29 22:55:00+00:00,USDT@binance -> ADA@binance -> ADA@okx -> USDT@okx,1.0004291845493563,0.44643967957409536
2026-05-29 23:00:00+00:00,USDT@okx -> LTC@okx -> LTC@bybit -> USDT@bybit,1.0003858769052674,0.40140810240244074
2026-05-29 23:05:00+00:00,USDT@bybit -> DOGE@bybit -> DOGE@binance -> USDT@binance,1.0004006009013522,0.41674080648419876
2026-05-29 23:10:00+00:00,USDT@binance -> LTC@binance -> LTC@bybit -> USDT@bybit,1.000578480524489,0.6018111717700525
2026-05-29 23:15:00+00:00,USDT@binance -> LTC@binance -> LTC@bybit -> USDT@bybit,1.0003854307188282,0.4009986869853348
2026-05-29 23:20:00+00:00,USDT@bybit -> LINK@bybit -> LINK@binance -> USDT@binance,1.0004449883190565,0.4629797277792668
2026-05-29 23:25:00+00:00,USDT@okx -> ADA@okx -> ADA@binance -> USDT@binance,1.000862068965517,0.8969633545041098
2026-05-29 23:30:00+00:00,USDT@bybit -> DOGE@bybit -> DOGE@okx -> USDT@okx,1.000301416658294,0.3136442844048497
2026-05-29 23:35:00+00:00,USDT@binance -> LTC@binance -> LTC@bybit -> USDT@bybit,1.0005783689994217,0.6018499433134737
2026-05-29 23:40:00+00:00,USDT@bybit -> ADA@bybit -> ADA@binance -> USDT@binance,1.0004301075268818,0.4475951556917923
2026-05-29 23:45:00+00:00,USDT@bybit -> ADA@bybit -> ADA@binance -> USDT@binance,1.000859845227859,0.8948439350806977
2026-05-29 23:50:00+00:00,USDT@bybit -> ADA@bybit -> ADA@binance -> USDT@binance,1.0004293688278232,0.44688406221235333
2026-05-29 23:55:00+00:00,USDT@binance -> BNB@binance -> BNB@okx -> USDT@okx,1.000466490436946,0.4855408191409762
2026-05-30 00:00:00+00:00,USDT@bybit -> ADA@bybit -> ADA@binance -> USDT@binance,1.0004297378599054,0.44730821804056164
2026-05-30 00:05:00+00:00,USDT@okx -> ADA@okx -> ADA@binance -> USDT@binance,1.0008576329331047,0.8927366674119995
2026-05-30 00:10:00+00:00,USDT@bybit -> BNB@bybit -> BNB@okx -> USDT@okx,1.0004656216048426,0.48472150917404444
2026-05-30 00:15:00+00:00,USDT@binance -> LTC@binance -> LTC@okx -> USDT@okx,1.0005775895263767,0.6013103773700902
2026-05-30 00:20:00+00:00,USDT@binance -> ADA@binance -> ADA@okx -> USDT@okx,1.0004277159965782,0.4453074555421454
2026-05-30 00:25:00+00:00,USDT@okx -> ADA@okx -> ADA@binance -> USDT@binance,1.0004277159965782,0.4453265020543585
2026-05-30 00:30:00+00:00,USDT@okx -> ADA@okx -> ADA@binance -> USDT@binance,1.0008557980316646,0.891072224607209
2026-05-30 00:35:00+00:00,USDT@okx -> LTC@okx -> LTC@bybit -> USDT@bybit,1.0003849855630413,0.40088816233909447
2026-05-30 00:40:00+00:00,USDT@okx -> ADA@okx -> ADA@binance -> USDT@binance,1.0004260758414998,0.4436928378747975
2026-05-30 00:45:00+00:00,USDT@binance -> AVAX@binance -> AVAX@bybit -> USDT@bybit,1.0004512635379061,0.4699419944837356
2026-05-30 00:50:00+00:00,USDT@binance -> AVAX@binance -> AVAX@bybit -> USDT@bybit,1.0004513653802751,0.470069263811742
2026-05-30 00:55:00+00:00,USDT@bybit -> ADA@bybit -> ADA@binance -> USDT@binance,1.0004255319148936,0.4431853025113587
2026-05-30 01:00:00+00:00,USDT@okx -> AVAX@okx -> AVAX@binance -> USDT@binance,1.0003381043615462,0.3521457611062639
2026-05-30 01:05:00+00:00,USDT@binance -> ADA@binance -> ADA@okx -> USDT@okx,1.0004242681374629,0.44190284005436686
2026-05-30 01:10:00+00:00,USDT@bybit -> ADA@bybit -> ADA@binance -> USDT@binance,1.0004246284501062,0.44229689354231
2026-05-30 01:15:00+00:00,USDT@okx -> LTC@okx -> LTC@binance -> USDT@binance,1.0005738332058147,0.5977353178928508
2026-05-30 01:20:00+00:00,USDT@bybit -> ADA@bybit -> ADA@binance -> USDT@binance,1.0004237288135593,0.4414038930141252
2026-05-30 01:25:00+00:00,USDT@binance -> ADA@binance -> ADA@okx -> USDT@okx,1.0004233700254024,0.44104882637723386
2026-05-30 01:30:00+00:00,USDT@binance -> ADA@binance -> ADA@bybit -> USDT@bybit,1.0004230118443316,0.44069434550975733
2026-05-30 01:35:00+00:00,USDT@binance -> SOL@binance -> SOL@okx -> USDT@okx,1.000241662638956,0.25177513345095937
2026-05-30 01:40:00+00:00,USDT@bybit -> ADA@bybit -> ADA@binance -> USDT@binance,1.000422475707647,0.44016505269688344
2026-05-30 01:45:00+00:00,USDT@okx -> ADA@okx -> ADA@binance -> USDT@binance,1.0004212299915753,0.4388857187187243
2026-05-30 01:50:00+00:00,USDT@okx -> LTC@okx -> LTC@bybit -> USDT@bybit,1.0005731753916696,0.5972250199520888
2026-05-30 01:55:00+00:00,USDT@bybit -> ADA@bybit -> ADA@binance -> USDT@binance,1.0004206983592765,0.438375392222336
2026-05-30 02:00:00+00:00,USDT@binance -> ADA@binance -> ADA@okx -> USDT@okx,1.0004203446826396,0.43802528156836495
2026-05-30 02:05:00+00:00,USDT@binance -> LINK@binance -> LINK@okx -> USDT@okx,1.0002171788467804,0.22632336787491372
2026-05-30 02:10:00+00:00,USDT@bybit -> XRP@bybit -> XRP@binance -> USDT@binance,1.0003673229503378,0.3827977445327896
2026-05-30 02:15:00+00:00,USDT@binance -> AVAX@binance -> AVAX@bybit -> USDT@bybit,1.0008903728436285,0.9279170702202459
2026-05-30 02:20:00+00:00,USDT@binance -> ADA@binance -> ADA@okx -> USDT@okx,1.000419639110365,0.43737291279804386
2026-05-30 02:25:00+00:00,USDT@bybit -> ADA@bybit -> ADA@binance -> USDT@binance,1.0004203446826396,0.43812668704869256
2026-05-30 02:30:00+00:00,USDT@binance -> ADA@binance -> ADA@bybit -> USDT@bybit,1.000419991600168,0.4377770689448557
2026-05-30 02:35:00+00:00,USDT@binance -> ADA@binance -> ADA@bybit -> USDT@bybit,1.0004214075010534,0.4392713775239611
2026-05-30 02:40:00+00:00,USDT@binance -> SOL@binance -> SOL@okx -> USDT@okx,1.0002411672494875,0.25140115905042
2026-05-30 02:45:00+00:00,USDT@bybit -> LTC@bybit -> LTC@okx -> USDT@okx,1.0005720823798627,0.5963730240952408
2026-05-30 02:50:00+00:00,USDT@okx -> AVAX@okx -> AVAX@bybit -> USDT@bybit,1.0004445432318294,0.4634450693136735
2026-05-30 02:55:00+00:00,USDT@bybit -> LINK@bybit -> LINK@okx -> USDT@okx,1.0006474587245064,0.6750184706558672
2026-05-30 03:00:00+00:00,USDT@okx -> LTC@okx -> LTC@binance -> USDT@binance,1.0005716463414633,0.5960176427827946
2026-05-30 03:05:00+00:00,USDT@binance -> ADA@binance -> ADA@bybit -> USDT@bybit,1.0004185851820846,0.4364558943236601
2026-05-30 03:10:00+00:00,USDT@bybit -> ADA@bybit -> ADA@binance -> USDT@binance,1.0004191114836547,0.43702295772366667
2026-05-30 03:15:00+00:00,USDT@binance -> AVAX@binance -> AVAX@okx -> USDT@okx,1.0003326311120968,0.3468612305437511
2026-05-30 03:20:00+00:00,USDT@binance -> LTC@binance -> LTC@bybit -> USDT@bybit,1.0005720823798627,0.5965761816632866
2026-05-30 03:25:00+00:00,USDT@binance -> BNB@binance -> BNB@bybit -> USDT@bybit,1.000334102782165,0.3484273798695009
2026-05-30 03:30:00+00:00,USDT@binance -> AVAX@binance -> AVAX@bybit -> USDT@bybit,1.0006671114076051,0.6957369352258841
2026-05-30 03:35:00+00:00,USDT@okx -> BTC@okx -> BTC@bybit -> USDT@bybit,1.0002989455375584,0.3117939894435732
2026-05-30 03:40:00+00:00,USDT@okx -> BNB@okx -> BNB@bybit -> USDT@bybit,1.0004565515142292,0.47618798614944113
2026-05-30 03:45:00+00:00,USDT@binance -> AVAX@binance -> AVAX@bybit -> USDT@bybit,1.0004455335263978,0.4647173258161584
2026-05-30 03:50:00+00:00,USDT@binance -> BNB@binance -> BNB@bybit -> USDT@bybit,1.000485967683149,0.5069150817772187
2026-05-30 03:55:00+00:00,USDT@binance -> ADA@binance -> ADA@bybit -> USDT@bybit,1.0004230118443316,0.4412670055140507
2026-05-30 04:00:00+00:00,USDT@binance -> ADA@binance -> ADA@okx -> USDT@okx,1.0004228329809726,0.4410990814951564
2026-05-30 04:05:00+00:00,USDT@binance -> AVAX@binance -> AVAX@okx -> USDT@okx,1.000559284116331,0.5834694841409893
2026-05-30 04:10:00+00:00,USDT@bybit -> LINK@bybit -> LINK@binance -> USDT@binance,1.0007579038544825,0.7907224439311056
2026-05-30 04:15:00+00:00,USDT@okx -> LTC@okx -> LTC@bybit -> USDT@bybit,1.0005731753916696,0.5980402312780073
2026-05-30 04:20:00+00:00,USDT@okx -> BTC@okx -> BTC@bybit -> USDT@bybit,1.0003324422790283,0.3468837913270849
2026-05-30 04:25:00+00:00,USDT@okx -> BNB@okx -> BNB@bybit -> USDT@bybit,1.0006083650190114,0.6348139006778005
2026-05-30 04:30:00+00:00,USDT@binance -> ADA@binance -> ADA@okx -> USDT@okx,1.0004273504273504,0.44595676522615607
2026-05-30 04:35:00+00:00,USDT@binance -> ADA@binance -> ADA@bybit -> USDT@bybit,1.0004266211604096,0.44521477231476747
2026-05-30 04:40:00+00:00,USDT@binance -> ADA@binance -> ADA@okx -> USDT@okx,1.0004264392324094,0.445043900973533
2026-05-30 04:45:00+00:00,USDT@bybit -> ADA@bybit -> ADA@binance -> USDT@binance,1.0004260758414998,0.44468361830978037
2026-05-30 04:50:00+00:00,USDT@okx -> ADA@okx -> ADA@binance -> USDT@binance,1.0008517887563884,0.8890263377639049
2026-05-30 04:55:00+00:00,USDT@bybit -> ADA@bybit -> ADA@binance -> USDT@binance,1.0004255319148936,0.44417269071003734
2026-05-30 05:00:00+00:00,USDT@okx -> BNB@okx -> BNB@bybit -> USDT@bybit,1.0004555808656037,0.47555819609926675
2026-05-30 05:05:00+00:00,USDT@bybit -> LINK@bybit -> LINK@okx -> USDT@okx,1.000873362445415,0.9117011321025597
2026-05-30 05:10:00+00:00,USDT@okx -> ADA@okx -> ADA@binance -> USDT@binance,1.0004246284501062,0.44330741671785945
2026-05-30 05:15:00+00:00,USDT@binance -> BNB@binance -> BNB@okx -> USDT@okx,1.0004680728985793,0.4886836915926339
2026-05-30 05:20:00+00:00,USDT@binance -> LINK@binance -> LINK@okx -> USDT@okx,1.000436062356917,0.4552849298948894
2026-05-30 05:25:00+00:00,USDT@bybit -> BNB@bybit -> BNB@okx -> USDT@okx,1.0006034092623322,0.6300363216016547
2026-05-30 05:30:00+00:00,USDT@binance -> ADA@binance -> ADA@okx -> USDT@okx,1.0008510638297872,0.8886729341331571
2026-05-30 05:35:00+00:00,USDT@bybit -> DOGE@bybit -> DOGE@okx -> USDT@okx,1.0002965599051008,0.3096914486654365
2026-05-30 05:40:00+00:00,USDT@okx -> ADA@okx -> ADA@binance -> USDT@binance,1.0004249893752657,0.4438208814470913
2026-05-30 05:45:00+00:00,USDT@bybit -> LINK@bybit -> LINK@okx -> USDT@okx,1.0004361574528406,0.4555031800821606
2026-05-30 05:50:00+00:00,USDT@bybit -> LINK@bybit -> LINK@binance -> USDT@binance,1.0003271180896305,0.34164228539462943
2026-05-30 05:55:00+00:00,USDT@binance -> AVAX@binance -> AVAX@okx -> USDT@okx,1.000447427293065,0.4673085595882948
2026-05-30 06:00:00+00:00,USDT@binance -> ADA@binance -> ADA@okx -> USDT@okx,1.0004246284501062,0.4435165017135756
2026-05-30 06:05:00+00:00,USDT@bybit -> XRP@bybit -> XRP@okx -> USDT@okx,1.0002967359050445,0.3099482828444265
2026-05-30 06:10:00+00:00,USDT@okx -> LTC@okx -> LTC@bybit -> USDT@bybit,1.0005726283641918,0.598142799015594
2026-05-30 06:15:00+00:00,USDT@bybit -> LINK@bybit -> LINK@binance -> USDT@binance,1.000545791944111,0.5701432825531927
2026-05-30 06:20:00+00:00,USDT@bybit -> ADA@bybit -> ADA@binance -> USDT@binance,1.0004248088360237,0.44378654911718257
2026-05-30 06:25:00+00:00,USDT@bybit -> AVAX@bybit -> AVAX@okx -> USDT@okx,1.000447077232592,0.4670695944012844
2026-05-30 06:30:00+00:00,USDT@bybit -> XRP@bybit -> XRP@okx -> USDT@okx,1.0002228495023027,0.23282527608882542
2026-05-30 06:35:00+00:00,USDT@binance -> LINK@binance -> LINK@bybit -> USDT@bybit,1.0004349717268377,0.4544531991143664
2026-05-30 06:40:00+00:00,USDT@binance -> ADA@binance -> ADA@bybit -> USDT@bybit,1.0004239084357778,0.4429136710825425
2026-05-30 06:45:00+00:00,USDT@binance -> LTC@binance -> LTC@bybit -> USDT@bybit,1.000381679389313,0.3988082600958439
2026-05-30 06:50:00+00:00,USDT@okx -> AVAX@okx -> AVAX@bybit -> USDT@bybit,1.000448480771387,0.46862541642653893
2026-05-30 06:55:00+00:00,USDT@okx -> ADA@okx -> ADA@binance -> USDT@binance,1.0004249893752657,0.4440987610790065
2026-05-30 07:00:00+00:00,USDT@bybit -> ADA@bybit -> ADA@binance -> USDT@binance,1.0004258943781943,0.44506337082411795
2026-05-30 07:05:00+00:00,USDT@okx -> ADA@okx -> ADA@binance -> USDT@binance,1.0004255319148936,0.4447035323539684
2026-05-30 07:10:00+00:00,USDT@okx -> BNB@okx -> BNB@bybit -> USDT@bybit,1.0002993115833583,0.31280986871749106
2026-05-30 07:15:00+00:00,USDT@okx -> LTC@okx -> LTC@bybit -> USDT@bybit,1.0009549274255156,0.9980223953131832
2026-05-30 07:20:00+00:00,USDT@bybit -> ADA@bybit -> ADA@binance -> USDT@binance,1.0004249893752657,0.4442111579310374
2026-05-30 07:25:00+00:00,USDT@binance -> ADA@binance -> ADA@okx -> USDT@okx,1.0004249893752657,0.4442300364332869
2026-05-30 07:30:00+00:00,USDT@binance -> ADA@binance -> ADA@okx -> USDT@okx,1.0004248088360237,0.444060194872874
2026-05-30 07:35:00+00:00,USDT@okx -> BNB@okx -> BNB@binance -> USDT@binance,1.0002380598125278,0.248858706680542
2026-05-30 07:40:00+00:00,USDT@okx -> LTC@okx -> LTC@binance -> USDT@binance,1.0003818251240932,0.39915501741937204
2026-05-30 07:45:00+00:00,USDT@okx -> ADA@okx -> ADA@binance -> USDT@binance,1.0008517887563884,0.8904828842613384
2026-05-30 07:50:00+00:00,USDT@bybit -> LINK@bybit -> LINK@okx -> USDT@okx,1.000327797202797,0.34271720533574035
2026-05-30 07:55:00+00:00,USDT@bybit -> ADA@bybit -> ADA@binance -> USDT@binance,1.0004251700680273,0.44453666077047044
2026-05-30 08:00:00+00:00,USDT@bybit -> LINK@bybit -> LINK@okx -> USDT@okx,1.0006553795740034,0.6852613958261915
2026-05-30 08:05:00+00:00,USDT@bybit -> LINK@bybit -> LINK@okx -> USDT@okx,1.0004370151862776,0.45697070072639695
2026-05-30 08:10:00+00:00,USDT@okx -> ADA@okx -> ADA@binance -> USDT@binance,1.0008499787505312,0.8888303467976911
2026-05-30 08:15:00+00:00,USDT@bybit -> ADA@bybit -> ADA@binance -> USDT@binance,1.0004253509145045,0.44483104467981405
2026-05-30 08:20:00+00:00,USDT@bybit -> ADA@bybit -> ADA@binance -> USDT@binance,1.0004249893752657,0.44447185259111976
2026-05-30 08:25:00+00:00,USDT@okx -> LTC@okx -> LTC@binance -> USDT@binance,1.0003810975609755,0.39858487665077574
2026-05-30 08:30:00+00:00,USDT@bybit -> ADA@bybit -> ADA@okx -> USDT@okx,1.0008514261387824,0.8905292250486087
2026-05-30 08:35:00+00:00,USDT@binance -> AVAX@binance -> AVAX@okx -> USDT@okx,1.0005611042531704,0.5869238176087751
2026-05-30 08:40:00+00:00,USDT@binance -> ADA@binance -> ADA@okx -> USDT@okx,1.0004258943781943,0.4455171721141881
2026-05-30 08:45:00+00:00,USDT@bybit -> ADA@bybit -> ADA@binance -> USDT@binance,1.0004258943781943,0.44553614644008743
2026-05-30 08:50:00+00:00,USDT@bybit -> ADA@bybit -> ADA@binance -> USDT@binance,1.0004258943781943,0.44555512157409255
2026-05-30 08:55:00+00:00,USDT@okx -> AVAX@okx -> AVAX@bybit -> USDT@bybit,1.0005622399640166,0.588219937573293
2026-05-30 09:00:00+00:00,USDT@okx -> ADA@okx -> ADA@binance -> USDT@binance,1.0004268032437047,0.4465500652845893
2026-05-30 09:05:00+00:00,USDT@binance -> ADA@binance -> ADA@bybit -> USDT@bybit,1.0004260758414998,0.44580803492467025
2026-05-30 09:10:00+00:00,USDT@okx -> ADA@okx -> ADA@binance -> USDT@binance,1.0008521516829996,0.891654059456066
2026-05-30 09:15:00+00:00,USDT@bybit -> ADA@bybit -> ADA@binance -> USDT@binance,1.0004260758414998,0.445865020953404
2026-05-30 09:20:00+00:00,USDT@binance -> ADA@binance -> ADA@okx -> USDT@okx,1.0004257130693912,0.4455043808768364
2026-05-30 09:25:00+00:00,USDT@bybit -> ADA@bybit -> ADA@binance -> USDT@binance,1.0004251700680273,0.44495507700601056
2026-05-30 09:30:00+00:00,USDT@binance -> ADA@binance -> ADA@okx -> USDT@okx,1.0004253509145045,0.4451632652596859
2026-05-30 09:35:00+00:00,USDT@bybit -> ADA@bybit -> ADA@binance -> USDT@binance,1.0008514261387824,0.8911224801634764
2026-05-30 09:40:00+00:00,USDT@okx -> ADA@okx -> ADA@binance -> USDT@binance,1.0004258943781943,0.4457889545145982
2026-05-30 09:45:00+00:00,USDT@okx -> AVAX@okx -> AVAX@binance -> USDT@binance,1.0004482294935009,0.46918737969340757
2026-05-30 09:50:00+00:00,USDT@binance -> ADA@binance -> ADA@bybit -> USDT@bybit,1.0004248088360237,0.4446915729962853
2026-05-30 09:55:00+00:00,USDT@okx -> LTC@okx -> LTC@bybit -> USDT@bybit,1.0005693680015184,0.5960419996152793
2026-05-30 10:00:00+00:00,USDT@bybit -> ADA@bybit -> ADA@binance -> USDT@binance,1.0004253509145045,0.4453032905958085
2026-05-30 10:05:00+00:00,USDT@binance -> SOL@binance -> SOL@bybit -> USDT@bybit,1.0002427479062992,0.25414554351724794
2026-05-30 10:10:00+00:00,USDT@bybit -> ADA@bybit -> ADA@binance -> USDT@binance,1.0004253509145045,0.4453330417159324
2026-05-30 10:15:00+00:00,USDT@binance -> BNB@binance -> BNB@okx -> USDT@okx,1.000444510297822,0.465412289692768
2026-05-30 10:20:00+00:00,USDT@okx -> LTC@okx -> LTC@binance -> USDT@binance,1.0009505703422052,0.9953127905011623
2026-05-30 10:25:00+00:00,USDT@okx -> LTC@okx -> LTC@bybit -> USDT@bybit,1.000380228136882,0.39816296079325963
2026-05-30 10:30:00+00:00,USDT@bybit -> ADA@bybit -> ADA@binance -> USDT@binance,1.0004255319148936,0.44562059709887425
2026-05-30 10:35:00+00:00,USDT@binance -> LINK@binance -> LINK@bybit -> USDT@bybit,1.0005464480874315,0.5722693799135781
2026-05-30 10:40:00+00:00,USDT@okx -> ADA@okx -> ADA@binance -> USDT@binance,1.0008503401360545,0.8905698913096696
2026-05-30 10:45:00+00:00,USDT@binance -> BNB@binance -> BNB@bybit -> USDT@bybit,1.0003407558854467,0.356907458566868
2026-05-30 10:50:00+00:00,USDT@okx -> BNB@okx -> BNB@bybit -> USDT@bybit,1.000444510297822,0.4655956170909549
2026-05-30 10:55:00+00:00,USDT@okx -> LTC@okx -> LTC@bybit -> USDT@bybit,1.0005704506560182,0.5975365085435288
2026-05-30 11:00:00+00:00,USDT@okx -> ADA@okx -> ADA@binance -> USDT@binance,1.0004257130693912,0.4459520021829014
2026-05-30 11:05:00+00:00,USDT@binance -> LTC@binance -> LTC@bybit -> USDT@bybit,1.000570125427594,0.5972553297194209
2026-05-30 11:10:00+00:00,USDT@bybit -> ADA@bybit -> ADA@binance -> USDT@binance,1.0004262574595055,0.4465667407761509
2026-05-30 11:15:00+00:00,USDT@binance -> LTC@binance -> LTC@bybit -> USDT@bybit,1.0003801558639043,0.3982855846930845
2026-05-30 11:20:00+00:00,USDT@okx -> BNB@okx -> BNB@bybit -> USDT@bybit,1.0004472271914133,0.4685733716876683
2026-05-30 11:25:00+00:00,USDT@binance -> ADA@binance -> ADA@bybit -> USDT@bybit,1.0004262574595055,0.44662272652624285
2026-05-30 11:30:00+00:00,USDT@bybit -> ADA@bybit -> ADA@binance -> USDT@binance,1.0004258943781943,0.44626131972037963
2026-05-30 11:35:00+00:00,USDT@binance -> LTC@binance -> LTC@bybit -> USDT@bybit,1.0005693680015184,0.5966214869057099
2026-05-30 11:40:00+00:00,USDT@bybit -> ADA@bybit -> ADA@binance -> USDT@binance,1.0004251700680273,0.44554671215315367
2026-05-30 11:45:00+00:00,USDT@okx -> LTC@okx -> LTC@bybit -> USDT@bybit,1.0005707762557077,0.5981566333647022
2026-05-30 11:50:00+00:00,USDT@bybit -> ADA@bybit -> ADA@binance -> USDT@binance,1.0004251700680273,0.4455910872953951
2026-05-30 11:55:00+00:00,USDT@okx -> LTC@okx -> LTC@bybit -> USDT@bybit,1.0007619047619047,0.7985331782302184
2026-05-30 12:00:00+00:00,USDT@okx -> AVAX@okx -> AVAX@bybit -> USDT@bybit,1.0005607267018057,0.5877282997338675
2026-05-30 12:05:00+00:00,USDT@binance -> LINK@binance -> LINK@bybit -> USDT@bybit,1.0003284791415745,0.3443162452343237
2026-05-30 12:10:00+00:00,USDT@okx -> AVAX@okx -> AVAX@binance -> USDT@binance,1.0004488834025362,0.4705410634943858
2026-05-30 12:15:00+00:00,USDT@okx -> LTC@okx -> LTC@bybit -> USDT@bybit,1.0005711022272987,0.5986835569993892
2026-05-30 12:20:00+00:00,USDT@bybit -> ADA@bybit -> ADA@binance -> USDT@binance,1.0004249893752657,0.4455396415902023
2026-05-30 12:25:00+00:00,USDT@bybit -> ADA@bybit -> ADA@binance -> USDT@binance,1.0008503401360545,0.891496029443668
2026-05-30 12:30:00+00:00,USDT@bybit -> ADA@bybit -> ADA@binance -> USDT@binance,1.0008499787505312,0.8911929283710801
2026-05-30 12:35:00+00:00,USDT@okx -> LTC@okx -> LTC@binance -> USDT@binance,1.0005704506560182,0.5981617795330707
2026-05-30 12:40:00+00:00,USDT@okx -> AVAX@okx -> AVAX@binance -> USDT@binance,1.000448681996635,0.47050472942214216
2026-05-30 12:45:00+00:00,USDT@okx -> LTC@okx -> LTC@bybit -> USDT@bybit,1.0007604562737642,0.7974786814998573
2026-05-30 12:50:00+00:00,USDT@okx -> LTC@okx -> LTC@bybit -> USDT@bybit,1.000380011400342,0.39854235760617784
2026-05-30 12:55:00+00:00,USDT@okx -> LTC@okx -> LTC@bybit -> USDT@bybit,1.0005699088145896,0.5977226832881265
2026-05-30 13:00:00+00:00,USDT@binance -> ADA@binance -> ADA@bybit -> USDT@bybit,1.0004246284501062,0.44537742698285965
2026-05-30 13:05:00+00:00,USDT@binance -> LTC@binance -> LTC@bybit -> USDT@bybit,1.0005696923661223,0.5975550958719671
2026-05-30 13:10:00+00:00,USDT@okx -> ADA@okx -> ADA@binance -> USDT@binance,1.0008492569002123,0.8908434257298684
2026-05-30 13:15:00+00:00,USDT@bybit -> ADA@bybit -> ADA@binance -> USDT@binance,1.0004244482173175,0.4452704661033253
2026-05-30 13:20:00+00:00,USDT@bybit -> ADA@bybit -> ADA@binance -> USDT@binance,1.0004240882103477,0.44491168158859495
2026-05-30 13:25:00+00:00,USDT@binance -> AVAX@binance -> AVAX@okx -> USDT@okx,1.0003356831151393,0.35218067685609
2026-05-30 13:30:00+00:00,USDT@binance -> LINK@binance -> LINK@bybit -> USDT@bybit,1.0004371584699454,0.45865855931019767
2026-05-30 13:35:00+00:00,USDT@okx -> ADA@okx -> ADA@binance -> USDT@binance,1.0004253509145045,0.4462898002032631
2026-05-30 13:40:00+00:00,USDT@okx -> LTC@okx -> LTC@bybit -> USDT@bybit,1.000570125427594,0.5982166187331003
2026-05-30 13:45:00+00:00,USDT@okx -> LTC@okx -> LTC@bybit -> USDT@bybit,1.000570017100513,0.5981370535358237
2026-05-30 13:50:00+00:00,USDT@bybit -> ADA@bybit -> ADA@binance -> USDT@binance,1.0004242681374629,0.4452234130781224
2026-05-30 13:55:00+00:00,USDT@binance -> LTC@binance -> LTC@bybit -> USDT@bybit,1.0003792907263418,0.3980413832606062
2026-05-30 14:00:00+00:00,USDT@bybit -> ADA@bybit -> ADA@binance -> USDT@binance,1.0004237288135593,0.44469318267153074
2026-05-30 14:05:00+00:00,USDT@bybit -> ADA@bybit -> ADA@binance -> USDT@binance,1.0008478168715558,0.8898010855642762
2026-05-30 14:10:00+00:00,USDT@bybit -> ADA@bybit -> ADA@binance -> USDT@binance,1.0004240882103477,0.44512695527200474
2026-05-30 14:15:00+00:00,USDT@bybit -> LINK@bybit -> LINK@okx -> USDT@okx,1.000543773790103,0.5707742649410669
2026-05-30 14:20:00+00:00,USDT@bybit -> ADA@bybit -> ADA@binance -> USDT@binance,1.0004237288135593,0.44479277570070225
2026-05-30 14:25:00+00:00,USDT@binance -> LTC@binance -> LTC@bybit -> USDT@bybit,1.0005708848715509,0.5992894937760986
2026-05-30 14:30:00+00:00,USDT@binance -> LTC@binance -> LTC@bybit -> USDT@bybit,1.0003808073115004,0.39977736438709316
2026-05-30 14:35:00+00:00,USDT@bybit -> BTC@bybit -> BTC@okx -> USDT@okx,1.0002593455576942,0.27227531777321407
2026-05-30 14:40:00+00:00,USDT@binance -> LTC@binance -> LTC@bybit -> USDT@bybit,1.0005713197486195,0.5998186426294275
2026-05-30 14:45:00+00:00,USDT@binance -> AVAX@binance -> AVAX@bybit -> USDT@bybit,1.0002232142857141,0.23436217544919094
2026-05-30 14:50:00+00:00,USDT@binance -> LINK@binance -> LINK@bybit -> USDT@bybit,1.0003259452411994,0.3422314153293559
2026-05-30 14:55:00+00:00,USDT@binance -> LTC@binance -> LTC@bybit -> USDT@bybit,1.000380734818199,0.39977163730126525
2026-05-30 15:00:00+00:00,USDT@binance -> LTC@binance -> LTC@bybit -> USDT@bybit,1.0005720823798627,0.6007094865765946
2026-05-30 15:05:00+00:00,USDT@okx -> LTC@okx -> LTC@bybit -> USDT@bybit,1.0005719733079121,0.6006293156249085
2026-05-30 15:10:00+00:00,USDT@binance -> BNB@binance -> BNB@bybit -> USDT@bybit,1.0003923107100823,0.41198913943341375
2026-05-30 15:15:00+00:00,USDT@binance -> LTC@binance -> LTC@bybit -> USDT@bybit,1.000571537435702,0.6002294810421076
2026-05-30 15:20:00+00:00,USDT@okx -> LINK@okx -> LINK@bybit -> USDT@bybit,1.0002170138888888,0.22792134077210693
2026-05-30 15:25:00+00:00,USDT@okx -> ADA@okx -> ADA@binance -> USDT@binance,1.0004226542688082,0.44390715571103484
2026-05-30 15:30:00+00:00,USDT@okx -> ADA@okx -> ADA@binance -> USDT@binance,1.0004230118443316,0.4443014894786795
2026-05-30 15:35:00+00:00,USDT@bybit -> ADA@bybit -> ADA@binance -> USDT@binance,1.0004233700254024,0.44469650773799696
2026-05-30 15:40:00+00:00,USDT@binance -> AVAX@binance -> AVAX@okx -> USDT@okx,1.0004468774438608,0.46940794142646564
2026-05-30 15:45:00+00:00,USDT@okx -> ADA@okx -> ADA@binance -> USDT@binance,1.0008453085376163,0.8879666624866811
2026-05-30 15:50:00+00:00,USDT@okx -> LTC@okx -> LTC@bybit -> USDT@bybit,1.0007630675314765,0.801643157869357
2026-05-30 15:55:00+00:00,USDT@okx -> AVAX@okx -> AVAX@bybit -> USDT@bybit,1.0004463289444319,0.4689281511730513
2026-05-30 16:00:00+00:00,USDT@okx -> ADA@okx -> ADA@binance -> USDT@binance,1.0012701100762067,1.3344797826234347
2026-05-30 16:05:00+00:00,USDT@binance -> ADA@binance -> ADA@bybit -> USDT@bybit,1.000422475707647,0.44394333058616103
2026-05-30 16:10:00+00:00,USDT@binance -> LTC@binance -> LTC@bybit -> USDT@bybit,1.0005723006486074,0.6014068625505633
2026-05-30 16:15:00+00:00,USDT@okx -> ADA@okx -> ADA@binance -> USDT@binance,1.000845665961945,0.8887259184069306
2026-05-30 16:20:00+00:00,USDT@bybit -> ADA@bybit -> ADA@okx -> USDT@okx,1.000847098686997,0.8903068793801117
2026-05-30 16:25:00+00:00,USDT@okx -> ADA@okx -> ADA@binance -> USDT@binance,1.0004230118443316,0.4446261851928807
2026-05-30 16:30:00+00:00,USDT@bybit -> ADA@bybit -> ADA@binance -> USDT@binance,1.000422475707647,0.4440814382826596
2026-05-30 16:35:00+00:00,USDT@bybit -> ADA@bybit -> ADA@binance -> USDT@binance,1.0004222972972971,0.44391265733027957
2026-05-30 16:40:00+00:00,USDT@bybit -> LINK@bybit -> LINK@binance -> USDT@binance,1.0004336043360433,0.4558176970511218
2026-05-30 16:45:00+00:00,USDT@bybit -> ADA@bybit -> ADA@binance -> USDT@binance,1.0004226542688082,0.4443259279771925
2026-05-30 16:50:00+00:00,USDT@okx -> LTC@okx -> LTC@bybit -> USDT@bybit,1.0003820439350526,0.40165026864827974
2026-05-30 16:55:00+00:00,USDT@okx -> BNB@okx -> BNB@bybit -> USDT@bybit,1.0007057163020465,0.7419617101012659
2026-05-30 17:00:00+00:00,USDT@bybit -> AVAX@bybit -> AVAX@okx -> USDT@okx,1.00055617352614,0.584779721570694
2026-05-30 17:05:00+00:00,USDT@binance -> BNB@binance -> BNB@bybit -> USDT@bybit,1.0006070274009344,0.6382847092103295
2026-05-30 17:10:00+00:00,USDT@okx -> BNB@okx -> BNB@bybit -> USDT@bybit,1.0004241481690939,0.44601565636702
2026-05-30 17:15:00+00:00,USDT@bybit -> ADA@bybit -> ADA@binance -> USDT@binance,1.0008460236886634,0.8896792279132143
2026-05-30 17:20:00+00:00,USDT@binance -> BNB@binance -> BNB@bybit -> USDT@bybit,1.0002977076510866,0.313096104589464
2026-05-30 17:25:00+00:00,USDT@binance -> AVAX@binance -> AVAX@okx -> USDT@okx,1.0006685981724983,0.7031788221037629
2026-05-30 17:30:00+00:00,USDT@okx -> LTC@okx -> LTC@binance -> USDT@binance,1.0005740528128588,0.6037838362852141
2026-05-30 17:35:00+00:00,USDT@okx -> BNB@okx -> BNB@bybit -> USDT@bybit,1.0004262574595055,0.44835968507773344
2026-05-30 17:40:00+00:00,USDT@okx -> LTC@okx -> LTC@bybit -> USDT@bybit,1.0005732849226066,0.6030364936905781
2026-05-30 17:45:00+00:00,USDT@bybit -> ADA@bybit -> ADA@binance -> USDT@binance,1.0004222972972971,0.4442385814230968
2026-05-30 17:50:00+00:00,USDT@binance -> AVAX@binance -> AVAX@okx -> USDT@okx,1.0003340385257766,0.3514089916496041
2026-05-30 17:55:00+00:00,USDT@binance -> ADA@binance -> ADA@okx -> USDT@okx,1.0004217629692111,0.4437100487419599
2026-05-30 18:00:00+00:00,USDT@binance -> BNB@binance -> BNB@bybit -> USDT@bybit,1.0004357665977877,0.45846171289676346
2026-05-30 18:05:00+00:00,USDT@okx -> LTC@okx -> LTC@bybit -> USDT@bybit,1.0005726283641918,0.6024776156198012
2026-05-30 18:10:00+00:00,USDT@binance -> BNB@binance -> BNB@bybit -> USDT@bybit,1.0002804655728508,0.2951022270382012
2026-05-30 18:15:00+00:00,USDT@binance -> BNB@binance -> BNB@bybit -> USDT@bybit,1.0004487575026644,0.472190049128948
2026-05-30 18:20:00+00:00,USDT@okx -> BNB@okx -> BNB@bybit -> USDT@bybit,1.0007037297677692,0.7405093031196247
2026-05-30 18:25:00+00:00,USDT@binance -> BNB@binance -> BNB@bybit -> USDT@bybit,1.000422773393461,0.44490041037044886
2026-05-30 18:30:00+00:00,USDT@binance -> BNB@binance -> BNB@bybit -> USDT@bybit,1.000478361190838,0.5034188314473904
2026-05-30 18:35:00+00:00,USDT@okx -> ADA@okx -> ADA@binance -> USDT@binance,1.00042194092827,0.44406438927731284
2026-05-30 18:40:00+00:00,USDT@bybit -> ADA@bybit -> ADA@binance -> USDT@binance,1.000842815002107,0.8870434125800207
2026-05-30 18:45:00+00:00,USDT@binance -> DOGE@binance -> DOGE@bybit -> USDT@bybit,1.0003940886699507,0.41480422201676753
2026-05-30 18:50:00+00:00,USDT@okx -> AVAX@okx -> AVAX@bybit -> USDT@bybit,1.00055617352614,0.5854322546102997
2026-05-30 18:55:00+00:00,USDT@binance -> BNB@binance -> BNB@okx -> USDT@okx,1.0004884516084014,0.5141762723541333
2026-05-30 19:00:00+00:00,USDT@binance -> AVAX@binance -> AVAX@bybit -> USDT@bybit,1.000556111667223,0.5854282919825164
2026-05-30 19:05:00+00:00,USDT@binance -> AVAX@binance -> AVAX@okx -> USDT@okx,1.0004451864218142,0.4686814457304101
2026-05-30 19:10:00+00:00,USDT@bybit -> ADA@bybit -> ADA@binance -> USDT@binance,1.0004215851602023,0.4438543699899278
2026-05-30 19:15:00+00:00,USDT@binance -> LTC@binance -> LTC@bybit -> USDT@bybit,1.0005717552887363,0.6019822476003882
2026-05-30 19:20:00+00:00,USDT@okx -> BNB@okx -> BNB@bybit -> USDT@bybit,1.0004165509580671,0.4385978128066651
2026-05-30 19:25:00+00:00,USDT@bybit -> ADA@bybit -> ADA@binance -> USDT@binance,1.0004221190375686,0.4444791089317659
2026-05-30 19:30:00+00:00,USDT@binance -> LINK@binance -> LINK@bybit -> USDT@bybit,1.0005419466724472,0.5706782229404926
2026-05-30 19:35:00+00:00,USDT@okx -> BNB@okx -> BNB@bybit -> USDT@bybit,1.000559205927583,0.5888843980387177
2026-05-30 19:40:00+00:00,USDT@okx -> SOL@okx -> SOL@bybit -> USDT@bybit,1.0003617945007235,0.3810171538466013
2026-05-30 19:45:00+00:00,USDT@okx -> LINK@okx -> LINK@bybit -> USDT@bybit,1.0005400734499892,0.5687888933612328
2026-05-30 19:50:00+00:00,USDT@okx -> ADA@okx -> ADA@binance -> USDT@binance,1.0004212299915753,0.44365054500289774
2026-05-30 19:55:00+00:00,USDT@okx -> AVAX@okx -> AVAX@bybit -> USDT@bybit,1.0004450378282155,0.46874533105994914
2026-05-30 20:00:00+00:00,USDT@binance -> ADA@binance -> ADA@bybit -> USDT@bybit,1.000842815002107,0.887751903434033
2026-05-30 20:05:00+00:00,USDT@okx -> LTC@okx -> LTC@bybit -> USDT@bybit,1.0005708848715509,0.6013737822730302
2026-05-30 20:10:00+00:00,USDT@binance -> ADA@binance -> ADA@bybit -> USDT@bybit,1.0008438818565402,0.8890013046356899
2026-05-30 20:15:00+00:00,USDT@binance -> ADA@binance -> ADA@bybit -> USDT@bybit,1.0004217629692111,0.4443506731856896
2026-05-30 20:20:00+00:00,USDT@binance -> ADA@binance -> ADA@bybit -> USDT@bybit,1.00042194092827,0.4445569118948512
2026-05-30 20:25:00+00:00,USDT@okx -> BNB@okx -> BNB@bybit -> USDT@bybit,1.0004166088043327,0.43895750738039613
2026-05-30 20:30:00+00:00,USDT@okx -> BNB@okx -> BNB@binance -> USDT@binance,1.000556250869142,0.5861149952066511
2026-05-30 20:35:00+00:00,USDT@okx -> BNB@okx -> BNB@bybit -> USDT@bybit,1.000417130144605,0.43954957347000223
2026-05-30 20:40:00+00:00,USDT@okx -> BNB@okx -> BNB@bybit -> USDT@bybit,1.000277932184547,0.29288237884651697
2026-05-30 20:45:00+00:00,USDT@okx -> BNB@okx -> BNB@binance -> USDT@binance,1.0005697609783213,0.6004255639304301
2026-05-30 20:50:00+00:00,USDT@binance -> ADA@binance -> ADA@bybit -> USDT@bybit,1.0004208754208754,0.44355224321720516
2026-05-30 20:55:00+00:00,USDT@okx -> AVAX@okx -> AVAX@bybit -> USDT@bybit,1.0003334074238721,0.3513862475357239
2026-05-30 21:00:00+00:00,USDT@binance -> LTC@binance -> LTC@bybit -> USDT@bybit,1.0003808073115004,0.4013555307437465
2026-05-30 21:05:00+00:00,USDT@okx -> AVAX@okx -> AVAX@binance -> USDT@binance,1.0008887901344297,0.9367845877448124
2026-05-30 21:10:00+00:00,USDT@binance -> ADA@binance -> ADA@okx -> USDT@okx,1.0004203446826396,0.4430825715614258
2026-05-30 21:15:00+00:00,USDT@okx -> BNB@okx -> BNB@bybit -> USDT@bybit,1.000417130144605,0.4397126304234385
2026-05-30 21:20:00+00:00,USDT@okx -> BNB@okx -> BNB@bybit -> USDT@bybit,1.0005560189046427,0.5861449637281846
2026-05-30 21:25:00+00:00,USDT@binance -> DOGE@binance -> DOGE@bybit -> USDT@bybit,1.0004927079227435,0.5194325639346214
2026-05-30 21:30:00+00:00,USDT@binance -> ADA@binance -> ADA@bybit -> USDT@bybit,1.000420168067227,0.4429799474865271
2026-05-30 21:35:00+00:00,USDT@okx -> LTC@okx -> LTC@bybit -> USDT@bybit,1.0007610350076104,0.8023870418666097
2026-05-30 21:40:00+00:00,USDT@okx -> ADA@okx -> ADA@bybit -> USDT@bybit,1.0008396305625527,0.8853205807868114
2026-05-30 21:45:00+00:00,USDT@binance -> LTC@binance -> LTC@bybit -> USDT@bybit,1.0007610350076104,0.8025154823249548
2026-05-30 21:50:00+00:00,USDT@bybit -> ADA@bybit -> ADA@binance -> USDT@binance,1.0004205214465938,0.44347586010225665
2026-05-30 21:55:00+00:00,USDT@okx -> ADA@okx -> ADA@binance -> USDT@binance,1.0004210526315789,0.44405471280379794
2026-05-30 22:00:00+00:00,USDT@okx -> LTC@okx -> LTC@bybit -> USDT@bybit,1.0003812428516965,0.402087056187715
2026-05-30 22:05:00+00:00,USDT@binance -> LTC@binance -> LTC@bybit -> USDT@bybit,1.0003812428516965,0.4021023854693081
2026-05-30 22:10:00+00:00,USDT@okx -> ADA@okx -> ADA@binance -> USDT@binance,1.0004228329809726,0.4459851024629021
2026-05-30 22:15:00+00:00,USDT@binance -> DOGE@binance -> DOGE@bybit -> USDT@bybit,1.0008919722497522,0.9408517633809778
2026-05-30 22:20:00+00:00,USDT@okx -> AVAX@okx -> AVAX@bybit -> USDT@bybit,1.000447427293065,0.4719881212579665
2026-05-30 22:25:00+00:00,USDT@okx -> AVAX@okx -> AVAX@binance -> USDT@binance,1.0004469773159013,0.47153454009317736
2026-05-30 22:30:00+00:00,USDT@binance -> AVAX@binance -> AVAX@bybit -> USDT@bybit,1.0004471272076905,0.47171375062690635
2026-05-30 22:35:00+00:00,USDT@binance -> ADA@binance -> ADA@bybit -> USDT@bybit,1.0004242681374629,0.4476177236539801
2026-05-30 22:40:00+00:00,USDT@okx -> ADA@okx -> ADA@binance -> USDT@binance,1.000848896434635,0.8956534265065613
2026-05-30 22:45:00+00:00,USDT@bybit -> ADA@bybit -> ADA@binance -> USDT@binance,1.0004235493434985,0.4469162650434016
2026-05-30 22:50:00+00:00,USDT@bybit -> LINK@bybit -> LINK@okx -> USDT@okx,1.0004354452427606,0.45948791351783286
2026-05-30 22:55:00+00:00,USDT@binance -> AVAX@binance -> AVAX@bybit -> USDT@bybit,1.0003355704697987,0.35411407455887617
2026-05-30 23:00:00+00:00,USDT@bybit -> ADA@bybit -> ADA@binance -> USDT@binance,1.0004230118443316,0.4464024338378142
2026-05-30 23:05:00+00:00,USDT@binance -> ADA@binance -> ADA@bybit -> USDT@bybit,1.0008474576271187,0.8943559269798198
2026-05-30 23:10:00+00:00,USDT@bybit -> ADA@bybit -> ADA@binance -> USDT@binance,1.0004242681374629,0.4477850782472808
2026-05-30 23:15:00+00:00,USDT@binance -> AVAX@binance -> AVAX@bybit -> USDT@bybit,1.0005597223777007,0.5907725332681159
2026-05-30 23:20:00+00:00,USDT@bybit -> LINK@bybit -> LINK@okx -> USDT@okx,1.0002177700348434,0.2298635202941454
2026-05-30 23:25:00+00:00,USDT@bybit -> LINK@bybit -> LINK@okx -> USDT@okx,1.000435634937922,0.45983719082636215
2026-05-30 23:30:00+00:00,USDT@okx -> LTC@okx -> LTC@binance -> USDT@binance,1.0003814609956132,0.4026710872634404
2026-05-30 23:35:00+00:00,USDT@bybit -> LINK@bybit -> LINK@okx -> USDT@okx,1.000327367961589,0.34558354071481845
2026-05-30 23:40:00+00:00,USDT@bybit -> ADA@bybit -> ADA@binance -> USDT@binance,1.0004248088360237,0.4484609518792082
2026-05-30 23:45:00+00:00,USDT@binance -> ADA@binance -> ADA@okx -> USDT@okx,1.0004242681374629,0.44790917557025467
2026-05-30 23:50:00+00:00,USDT@bybit -> DOGE@bybit -> DOGE@okx -> USDT@okx,1.0004974629390109,0.5252048143151313
2026-05-30 23:55:00+00:00,USDT@binance -> LTC@binance -> LTC@bybit -> USDT@bybit,1.0005719733079121,0.6039004222408695
2026-05-31 00:00:00+00:00,USDT@okx -> AVAX@okx -> AVAX@bybit -> USDT@bybit,1.0006714413607878,0.7089612544271912
2026-05-31 00:05:00+00:00,USDT@okx -> ADA@okx -> ADA@binance -> USDT@binance,1.0004242681374629,0.4480061622340881
2026-05-31 00:10:00+00:00,USDT@binance -> ADA@binance -> ADA@okx -> USDT@okx,1.0004237288135593,0.44745564618729383
2026-05-31 00:15:00+00:00,USDT@bybit -> ADA@bybit -> ADA@binance -> USDT@binance,1.0004235493434985,0.44728507859661654
2026-05-31 00:20:00+00:00,USDT@okx -> ADA@okx -> ADA@binance -> USDT@binance,1.0008467400508045,0.894229296422193
2026-05-31 00:25:00+00:00,USDT@binance -> BNB@binance -> BNB@okx -> USDT@okx,1.0008277003724653,0.8741957969409925
2026-05-31 00:30:00+00:00,USDT@binance -> ADA@binance -> ADA@okx -> USDT@okx,1.0004231908590773,0.44700027151220706
2026-05-31 00:35:00+00:00,USDT@binance -> BNB@binance -> BNB@okx -> USDT@okx,1.000496798410245,0.5247713112441056
2026-05-31 00:40:00+00:00,USDT@bybit -> ADA@bybit -> ADA@binance -> USDT@binance,1.0008467400508045,0.894461319849468
2026-05-31 00:45:00+00:00,USDT@okx -> LTC@okx -> LTC@bybit -> USDT@bybit,1.000381388253242,0.40291695838081387
2026-05-31 00:50:00+00:00,USDT@bybit -> ADA@bybit -> ADA@binance -> USDT@binance,1.0004226542688082,0.4465293983812335
2026-05-31 00:55:00+00:00,USDT@binance -> BNB@binance -> BNB@okx -> USDT@okx,1.0003871039097494,0.40898813618127755
2026-05-31 01:00:00+00:00,USDT@bybit -> ADA@bybit -> ADA@binance -> USDT@binance,1.0008442380751372,0.8920000914507203
2026-05-31 01:05:00+00:00,USDT@bybit -> ADA@bybit -> ADA@binance -> USDT@binance,1.0004228329809726,0.44679209654655333
2026-05-31 01:10:00+00:00,USDT@okx -> AVAX@okx -> AVAX@bybit -> USDT@bybit,1.0005574136008917,0.5890234044268555
2026-05-31 01:15:00+00:00,USDT@bybit -> ADA@bybit -> ADA@okx -> USDT@okx,1.0008449514152937,0.8929166792418297
2026-05-31 01:20:00+00:00,USDT@okx -> AVAX@okx -> AVAX@binance -> USDT@binance,1.000444642063139,0.4699227130058072
2026-05-31 01:25:00+00:00,USDT@bybit -> ADA@bybit -> ADA@binance -> USDT@binance,1.0008449514152937,0.8930318325491596
2026-05-31 01:30:00+00:00,USDT@bybit -> ADA@bybit -> ADA@binance -> USDT@binance,1.0008431703204046,0.8912246855015978
2026-05-31 01:35:00+00:00,USDT@okx -> ADA@okx -> ADA@binance -> USDT@binance,1.00042194092827,0.44602599133899706
2026-05-31 01:40:00+00:00,USDT@binance -> BNB@binance -> BNB@bybit -> USDT@bybit,1.00022052540177,0.23312318043366084
2026-05-31 01:45:00+00:00,USDT@binance -> BNB@binance -> BNB@okx -> USDT@okx,1.000411409764125,0.4349216323603848
2026-05-31 01:50:00+00:00,USDT@bybit -> ADA@bybit -> ADA@binance -> USDT@binance,1.0004222972972971,0.44644974938920634
2026-05-31 01:55:00+00:00,USDT@bybit -> ADA@bybit -> ADA@binance -> USDT@binance,1.0008449514152937,0.8933144499612063
2026-05-31 02:00:00+00:00,USDT@bybit -> ADA@bybit -> ADA@binance -> USDT@binance,1.0004215851602023,0.44575336550328565
2026-05-31 02:05:00+00:00,USDT@bybit -> ADA@bybit -> ADA@binance -> USDT@binance,1.0004210526315789,0.44520907718329544
2026-05-31 02:10:00+00:00,USDT@okx -> SOL@okx -> SOL@bybit -> USDT@bybit,1.0003606636210625,0.3813715121005149
2026-05-31 02:15:00+00:00,USDT@binance -> BNB@binance -> BNB@okx -> USDT@okx,1.0004199460843413,0.44407375753449835
2026-05-31 02:20:00+00:00,USDT@okx -> ADA@okx -> ADA@binance -> USDT@binance,1.0008417508417509,0.8901503566878904
2026-05-31 02:25:00+00:00,USDT@okx -> DOGE@okx -> DOGE@bybit -> USDT@bybit,1.0005945892379349,0.6288302281920486
2026-05-31 02:30:00+00:00,USDT@bybit -> ADA@bybit -> ADA@binance -> USDT@binance,1.0004226542688082,0.4470205079475047
2026-05-31 02:35:00+00:00,USDT@binance -> LTC@binance -> LTC@bybit -> USDT@bybit,1.0005708848715509,0.603822202010137
2026-05-31 02:40:00+00:00,USDT@binance -> BNB@binance -> BNB@okx -> USDT@okx,1.000352523252976,0.37288344710700727
2026-05-31 02:45:00+00:00,USDT@bybit -> ADA@bybit -> ADA@binance -> USDT@binance,1.0008449514152937,0.893783603227301
2026-05-31 02:50:00+00:00,USDT@okx -> ADA@okx -> ADA@binance -> USDT@binance,1.0008442380751372,0.8931044936933296
2026-05-31 02:55:00+00:00,USDT@bybit -> ADA@bybit -> ADA@binance -> USDT@binance,1.0004214075010534,0.445837161074019
2026-05-31 03:00:00+00:00,USDT@bybit -> ADA@bybit -> ADA@binance -> USDT@binance,1.0004210526315789,0.4454804913452642
2026-05-31 03:05:00+00:00,USDT@bybit -> ADA@bybit -> ADA@binance -> USDT@binance,1.0008424599831507,0.8913738121265149
2026-05-31 03:10:00+00:00,USDT@okx -> ADA@okx -> ADA@binance -> USDT@binance,1.001263689974726,1.3371733602047842
2026-05-31 03:15:00+00:00,USDT@bybit -> ADA@bybit -> ADA@binance -> USDT@binance,1.0004206983592765,0.4452181614269189
2026-05-31 03:20:00+00:00,USDT@bybit -> ADA@bybit -> ADA@binance -> USDT@binance,1.0008403361344538,0.889351337418222
2026-05-31 03:25:00+00:00,USDT@bybit -> ADA@bybit -> ADA@binance -> USDT@binance,1.0008396305625527,0.8886792835110409
2026-05-31 03:30:00+00:00,USDT@okx -> LTC@okx -> LTC@bybit -> USDT@bybit,1.000948406676783,1.0038940578432025
2026-05-31 03:35:00+00:00,USDT@binance -> BNB@binance -> BNB@bybit -> USDT@bybit,1.000270197243988,0.28603250040400524
2026-05-31 03:40:00+00:00,USDT@bybit -> LINK@bybit -> LINK@binance -> USDT@binance,1.0003239390994494,0.34293323202004644
2026-05-31 03:45:00+00:00,USDT@bybit -> BNB@bybit -> BNB@binance -> USDT@binance,1.0004455245038475,0.4716630614115513
2026-05-31 03:50:00+00:00,USDT@okx -> LTC@okx -> LTC@binance -> USDT@binance,1.0003798670465338,0.4021714518044521
2026-05-31 03:55:00+00:00,USDT@bybit -> ADA@bybit -> ADA@binance -> USDT@binance,1.000420168067227,0.4448556991681199
2026-05-31 04:00:00+00:00,USDT@binance -> LTC@binance -> LTC@bybit -> USDT@bybit,1.0005696923661223,0.6031908751936794
2026-05-31 04:05:00+00:00,USDT@binance -> LTC@binance -> LTC@bybit -> USDT@bybit,1.0003799392097263,0.4023029516251084
2026-05-31 04:10:00+00:00,USDT@bybit -> ADA@bybit -> ADA@okx -> USDT@okx,1.0008410428931875,0.8905816644009332
2026-05-31 04:15:00+00:00,USDT@okx -> LTC@okx -> LTC@bybit -> USDT@bybit,1.0005696923661223,0.6032988931669734
2026-05-31 04:20:00+00:00,USDT@okx -> LTC@okx -> LTC@bybit -> USDT@bybit,1.0005691519635744,0.6027609487927029
2026-05-31 04:25:00+00:00,USDT@okx -> LTC@okx -> LTC@bybit -> USDT@bybit,1.0007597340930674,0.8046429349464963
2026-05-31 04:30:00+00:00,USDT@binance -> LINK@binance -> LINK@okx -> USDT@okx,1.0004326663061116,0.45827657216542383
2026-05-31 04:35:00+00:00,USDT@binance -> LTC@binance -> LTC@bybit -> USDT@bybit,1.0005698005698005,0.6035541624352899
2026-05-31 04:40:00+00:00,USDT@okx -> LTC@okx -> LTC@bybit -> USDT@bybit,1.0003800836183963,0.40262178277875166
2026-05-31 04:45:00+00:00,USDT@okx -> AVAX@okx -> AVAX@binance -> USDT@binance,1.0008872130420319,0.939858642713794
2026-05-31 04:50:00+00:00,USDT@bybit -> ADA@bybit -> ADA@binance -> USDT@binance,1.0004192872117401,0.4442063557790586
2026-05-31 04:55:00+00:00,USDT@okx -> LTC@okx -> LTC@bybit -> USDT@bybit,1.000570125427594,0.6040345377242897
2026-05-31 05:00:00+00:00,USDT@binance -> LINK@binance -> LINK@okx -> USDT@okx,1.00043261951114,0.45837637145670185
2026-05-31 05:05:00+00:00,USDT@bybit -> ADA@bybit -> ADA@binance -> USDT@binance,1.0004198152812764,0.44482905972286496
2026-05-31 05:10:00+00:00,USDT@okx -> LTC@okx -> LTC@bybit -> USDT@bybit,1.0003803727653102,0.40305336750321175
2026-05-31 05:15:00+00:00,USDT@binance -> LTC@binance -> LTC@bybit -> USDT@bybit,1.0003804451207914,0.4031453713152933
2026-05-31 05:20:00+00:00,USDT@binance -> AVAX@binance -> AVAX@okx -> USDT@okx,1.000443213296399,0.46967664179030605
2026-05-31 05:25:00+00:00,USDT@bybit -> DOGE@bybit -> DOGE@binance -> USDT@binance,1.0003958044725905,0.41945572559002553
2026-05-31 05:30:00+00:00,USDT@okx -> LINK@okx -> LINK@bybit -> USDT@bybit,1.0004326663061116,0.45853838238028505
2026-05-31 05:35:00+00:00,USDT@binance -> SOL@binance -> SOL@bybit -> USDT@bybit,1.000361010830325,0.3826146895719168
2026-05-31 05:40:00+00:00,USDT@bybit -> ADA@bybit -> ADA@binance -> USDT@binance,1.0008410428931875,0.8914053419538546
2026-05-31 05:45:00+00:00,USDT@okx -> LTC@okx -> LTC@bybit -> USDT@bybit,1.0005717552887363,0.6060435060704171
2026-05-31 05:50:00+00:00,USDT@bybit -> ADA@bybit -> ADA@okx -> USDT@okx,1.0008417508417509,0.8922817310336566
2026-05-31 05:55:00+00:00,USDT@binance -> AVAX@binance -> AVAX@okx -> USDT@okx,1.000442233278054,0.46882030940441494
2026-05-31 06:00:00+00:00,USDT@okx -> LTC@okx -> LTC@bybit -> USDT@bybit,1.0005719733079121,0.6063871153508367
2026-05-31 06:05:00+00:00,USDT@binance -> AVAX@binance -> AVAX@okx -> USDT@okx,1.0004424289348524,0.4690752993622719
2026-05-31 06:10:00+00:00,USDT@okx -> ADA@okx -> ADA@binance -> USDT@binance,1.0004210526315789,0.4464313064898079
2026-05-31 06:15:00+00:00,USDT@binance -> ADA@binance -> ADA@okx -> USDT@okx,1.0004212299915753,0.446638161770842
2026-05-31 06:20:00+00:00,USDT@okx -> ADA@okx -> ADA@binance -> USDT@binance,1.0004210526315789,0.4464689094147872
2026-05-31 06:25:00+00:00,USDT@binance -> BNB@binance -> BNB@okx -> USDT@okx,1.000462988180184,0.4909565121948446
2026-05-31 06:30:00+00:00,USDT@binance -> LTC@binance -> LTC@bybit -> USDT@bybit,1.000381170192491,0.40421475220220116
2026-05-31 06:35:00+00:00,USDT@binance -> LTC@binance -> LTC@bybit -> USDT@bybit,1.0005716463414633,0.6062297011495059
2026-05-31 06:40:00+00:00,USDT@okx -> LTC@okx -> LTC@bybit -> USDT@bybit,1.0003814609956132,0.4045616810405509
2026-05-31 06:45:00+00:00,USDT@bybit -> ADA@bybit -> ADA@binance -> USDT@binance,1.000420168067227,0.4456297911831477
2026-05-31 06:50:00+00:00,USDT@binance -> BNB@binance -> BNB@bybit -> USDT@bybit,1.0004355637828715,0.4619778803266871
2026-05-31 06:55:00+00:00,USDT@okx -> LTC@okx -> LTC@bybit -> USDT@bybit,1.0005717552887363,0.6064549249759056
2026-05-31 07:00:00+00:00,USDT@okx -> LTC@okx -> LTC@bybit -> USDT@bybit,1.0003816065636328,0.4047892803951141
2026-05-31 07:05:00+00:00,USDT@bybit -> ADA@bybit -> ADA@okx -> USDT@okx,1.0008424599831507,0.8936737895563978
2026-05-31 07:10:00+00:00,USDT@binance -> LINK@binance -> LINK@bybit -> USDT@bybit,1.0004347353548526,0.4612021108932685
2026-05-31 07:15:00+00:00,USDT@bybit -> ADA@bybit -> ADA@binance -> USDT@binance,1.0004215851602023,0.44727077394328424
2026-05-31 07:20:00+00:00,USDT@bybit -> ADA@bybit -> ADA@binance -> USDT@binance,1.0004226542688082,0.44842392344511744
2026-05-31 07:25:00+00:00,USDT@bybit -> ADA@bybit -> ADA@binance -> USDT@binance,1.0004222972972971,0.4480641238441683
2026-05-31 07:30:00+00:00,USDT@okx -> LTC@okx -> LTC@bybit -> USDT@bybit,1.0003824823101932,0.405836929308067
2026-05-31 07:35:00+00:00,USDT@okx -> BNB@okx -> BNB@bybit -> USDT@bybit,1.0004164353137148,0.44188002583394537
2026-05-31 07:40:00+00:00,USDT@bybit -> ADA@bybit -> ADA@binance -> USDT@binance,1.0004230118443316,0.4488770826442922
2026-05-31 07:45:00+00:00,USDT@binance -> ADA@binance -> ADA@bybit -> USDT@bybit,1.0008460236886634,0.8977921413533416
2026-05-31 07:50:00+00:00,USDT@binance -> ADA@binance -> ADA@okx -> USDT@okx,1.0004226542688082,0.44855456056373233
2026-05-31 07:55:00+00:00,USDT@binance -> AVAX@binance -> AVAX@bybit -> USDT@bybit,1.0003336670003338,0.35412911102771155
2026-05-31 08:00:00+00:00,USDT@okx -> ADA@okx -> ADA@binance -> USDT@binance,1.0004212299915753,0.4470768149371042
2026-05-31 08:05:00+00:00,USDT@binance -> ADA@binance -> ADA@okx -> USDT@okx,1.0004217629692111,0.4476613523162918
2026-05-31 08:10:00+00:00,USDT@binance -> ADA@binance -> ADA@okx -> USDT@okx,1.0004217629692111,0.4476802330144072
2026-05-31 08:15:00+00:00,USDT@binance -> LTC@binance -> LTC@bybit -> USDT@bybit,1.0003816065636328,0.4050733068119458
2026-05-31 08:20:00+00:00,USDT@bybit -> ADA@bybit -> ADA@binance -> USDT@binance,1.0004212299915753,0.4471504245288094
2026-05-31 08:25:00+00:00,USDT@okx -> AVAX@okx -> AVAX@bybit -> USDT@bybit,1.0004438526409232,0.4711850079333698
2026-05-31 08:30:00+00:00,USDT@binance -> ADA@binance -> ADA@bybit -> USDT@bybit,1.00042194092827,0.4479438571200838
2026-05-31 08:35:00+00:00,USDT@bybit -> AVAX@bybit -> AVAX@okx -> USDT@okx,1.0004442470013326,0.47164448501118456
2026-05-31 08:40:00+00:00,USDT@okx -> LINK@okx -> LINK@bybit -> USDT@bybit,1.0004332286364128,0.4599670313912596
2026-05-31 08:45:00+00:00,USDT@binance -> BNB@binance -> BNB@okx -> USDT@okx,1.000470418949582,0.4994743275085596
2026-05-31 08:50:00+00:00,USDT@binance -> BNB@binance -> BNB@okx -> USDT@okx,1.0003595431036867,0.3817682046763565
2026-05-31 08:55:00+00:00,USDT@binance -> ADA@binance -> ADA@okx -> USDT@okx,1.0008438818565402,0.8960784988737962
2026-05-31 09:00:00+00:00,USDT@okx -> LTC@okx -> LTC@binance -> USDT@binance,1.000381315538608,0.40493522555384237
2026-05-31 09:05:00+00:00,USDT@bybit -> DOGE@bybit -> DOGE@okx -> USDT@okx,1.0002981218324556,0.316600354527875
2026-05-31 09:10:00+00:00,USDT@binance -> BNB@binance -> BNB@okx -> USDT@okx,1.0004839267196681,0.513937329969729
2026-05-31 09:15:00+00:00,USDT@binance -> ADA@binance -> ADA@okx -> USDT@okx,1.0008431703204046,0.8955026781670185
2026-05-31 09:20:00+00:00,USDT@okx -> ADA@okx -> ADA@binance -> USDT@binance,1.0008431703204046,0.8955781842950259
2026-05-31 09:25:00+00:00,USDT@okx -> AVAX@okx -> AVAX@binance -> USDT@binance,1.0003328894806924,0.35361028108940146
2026-05-31 09:30:00+00:00,USDT@bybit -> ADA@bybit -> ADA@binance -> USDT@binance,1.0004210526315789,0.4472760612296511
2026-05-31 09:35:00+00:00,USDT@bybit -> ADA@bybit -> ADA@binance -> USDT@binance,1.0004210526315789,0.4472948939059134
2026-05-31 09:40:00+00:00,USDT@okx -> AVAX@okx -> AVAX@bybit -> USDT@bybit,1.0004430660168364,0.47070008972790506
2026-05-31 09:45:00+00:00,USDT@bybit -> ADA@bybit -> ADA@binance -> USDT@binance,1.000420168067227,0.446393769968521
2026-05-31 09:50:00+00:00,USDT@bybit -> ADA@bybit -> ADA@binance -> USDT@binance,1.0004210526315789,0.44735234185343353
2026-05-31 09:55:00+00:00,USDT@okx -> AVAX@okx -> AVAX@binance -> USDT@binance,1.0004452359750668,0.47306613852912616
2026-05-31 10:00:00+00:00,USDT@bybit -> ADA@bybit -> ADA@binance -> USDT@binance,1.0008449514152937,0.8978063825519662
2026-05-31 10:05:00+00:00,USDT@okx -> AVAX@okx -> AVAX@binance -> USDT@binance,1.0010015579790785,1.0642992109386806
2026-05-31 10:10:00+00:00,USDT@okx -> ADA@okx -> ADA@binance -> USDT@binance,1.0004226542688082,0.4491758513565482
2026-05-31 10:15:00+00:00,USDT@binance -> LINK@binance -> LINK@bybit -> USDT@bybit,1.0004354452427606,0.4627890188958683
2026-05-31 10:20:00+00:00,USDT@okx -> LTC@okx -> LTC@binance -> USDT@binance,1.0005739429883298,0.6100102893417526
2026-05-31 10:25:00+00:00,USDT@bybit -> ADA@bybit -> ADA@binance -> USDT@binance,1.0004235493434985,0.4501915551992629
2026-05-31 10:30:00+00:00,USDT@binance -> LINK@binance -> LINK@bybit -> USDT@bybit,1.000217509516041,0.23120114866331357
2026-05-31 10:35:00+00:00,USDT@bybit -> ADA@bybit -> ADA@binance -> USDT@binance,1.0004231908590773,0.44983935721344925
2026-05-31 10:40:00+00:00,USDT@okx -> SOL@okx -> SOL@bybit -> USDT@bybit,1.0004844374470148,0.5149644592620919
2026-05-31 10:45:00+00:00,USDT@bybit -> ADA@bybit -> ADA@binance -> USDT@binance,1.0004230118443316,0.4496898821815997
2026-05-31 10:50:00+00:00,USDT@binance -> ADA@binance -> ADA@okx -> USDT@okx,1.000422475707647,0.44913893133337224
2026-05-31 10:55:00+00:00,USDT@bybit -> ADA@bybit -> ADA@binance -> USDT@binance,1.00042194092827,0.4485893520500557
2026-05-31 11:00:00+00:00,USDT@bybit -> ADA@bybit -> ADA@binance -> USDT@binance,1.0004215851602023,0.4482300266837517
2026-05-31 11:05:00+00:00,USDT@bybit -> ADA@bybit -> ADA@binance -> USDT@binance,1.0004215851602023,0.44824892339651246
2026-05-31 11:10:00+00:00,USDT@binance -> ADA@binance -> ADA@bybit -> USDT@bybit,1.0004217629692111,0.4484568836729795
2026-05-31 11:15:00+00:00,USDT@bybit -> ADA@bybit -> ADA@binance -> USDT@binance,1.0004221190375686,0.44885441826823186
2026-05-31 11:20:00+00:00,USDT@okx -> AVAX@okx -> AVAX@binance -> USDT@binance,1.0006669630947087,0.7092358841612723
2026-05-31 11:25:00+00:00,USDT@bybit -> ADA@bybit -> ADA@binance -> USDT@binance,1.0004215851602023,0.44833555055121305
2026-05-31 11:30:00+00:00,USDT@bybit -> ADA@bybit -> ADA@binance -> USDT@binance,1.0004217629692111,0.44854355101741866
2026-05-31 11:35:00+00:00,USDT@binance -> ADA@binance -> ADA@bybit -> USDT@bybit,1.0004215851602023,0.44837336164318475
2026-05-31 11:40:00+00:00,USDT@bybit -> BNB@bybit -> BNB@okx -> USDT@okx,1.000415110004151,0.44150537615341734
2026-05-31 11:45:00+00:00,USDT@okx -> ADA@okx -> ADA@binance -> USDT@binance,1.0004221190375686,0.4489787259145719
2026-05-31 11:50:00+00:00,USDT@okx -> LINK@okx -> LINK@bybit -> USDT@bybit,1.0004343105320304,0.4619654721233684
2026-05-31 11:55:00+00:00,USDT@bybit -> AVAX@bybit -> AVAX@okx -> USDT@okx,1.0004437541601954,0.47203092793950413
2026-05-31 12:00:00+00:00,USDT@bybit -> ADA@bybit -> ADA@binance -> USDT@binance,1.0004228329809726,0.44979657471640344
2026-05-31 12:05:00+00:00,USDT@okx -> LINK@okx -> LINK@bybit -> USDT@bybit,1.000434546442151,0.46227653617008263
2026-05-31 12:10:00+00:00,USDT@bybit -> ADA@bybit -> ADA@binance -> USDT@binance,1.0004221190375686,0.44907560426986376
2026-05-31 12:15:00+00:00,USDT@binance -> LINK@binance -> LINK@bybit -> USDT@bybit,1.0006499133448874,0.6914460663404037
2026-05-31 12:20:00+00:00,USDT@bybit -> ADA@bybit -> ADA@binance -> USDT@binance,1.0004215851602023,0.44855571613919115
2026-05-31 12:25:00+00:00,USDT@bybit -> ADA@bybit -> ADA@binance -> USDT@binance,1.0004210526315789,0.44800800600158225
2026-05-31 12:30:00+00:00,USDT@binance -> BNB@binance -> BNB@bybit -> USDT@bybit,1.000455819992541,0.4850215602413839
2026-05-31 12:35:00+00:00,USDT@bybit -> ADA@bybit -> ADA@okx -> USDT@okx,1.0008417508417509,0.8957174387294519
2026-05-31 12:40:00+00:00,USDT@binance -> ADA@binance -> ADA@bybit -> USDT@bybit,1.0004205214465938,0.44751971781093897
2026-05-31 12:45:00+00:00,USDT@okx -> BNB@okx -> BNB@bybit -> USDT@bybit,1.000551876379691,0.5873325832926738
2026-05-31 12:50:00+00:00,USDT@bybit -> ADA@bybit -> ADA@binance -> USDT@binance,1.0004210526315789,0.44812857860394334
2026-05-31 12:55:00+00:00,USDT@binance -> BNB@binance -> BNB@bybit -> USDT@bybit,1.0004414523783247,0.4698599214402224
2026-05-31 13:00:00+00:00,USDT@binance -> LINK@binance -> LINK@bybit -> USDT@bybit,1.0006516780710328,0.693644296535956
2026-05-31 13:05:00+00:00,USDT@bybit -> ADA@bybit -> ADA@binance -> USDT@binance,1.0004214075010534,0.44857418350770084
2026-05-31 13:10:00+00:00,USDT@bybit -> ADA@bybit -> ADA@binance -> USDT@binance,1.0004212299915753,0.4484041258982353
2026-05-31 13:15:00+00:00,USDT@bybit -> ADA@bybit -> ADA@binance -> USDT@binance,1.0004208754208754,0.44804555357540854
2026-05-31 13:20:00+00:00,USDT@okx -> SOL@okx -> SOL@bybit -> USDT@bybit,1.0004818696542583,0.5129989349958264
2026-05-31 13:25:00+00:00,USDT@binance -> ADA@binance -> ADA@bybit -> USDT@bybit,1.0004208754208754,0.4480860015757693
2026-05-31 13:30:00+00:00,USDT@binance -> AVAX@binance -> AVAX@okx -> USDT@okx,1.000664231152441,0.7072050138452459
2026-05-31 13:35:00+00:00,USDT@bybit -> ADA@bybit -> ADA@binance -> USDT@binance,1.0004215851602023,0.4488903325655062
2026-05-31 13:40:00+00:00,USDT@bybit -> ADA@bybit -> ADA@binance -> USDT@binance,1.00042194092827,0.44928808349308647
2026-05-31 13:45:00+00:00,USDT@binance -> SOL@binance -> SOL@bybit -> USDT@bybit,1.0002417210539039,0.25739852228363663
2026-05-31 13:50:00+00:00,USDT@bybit -> ADA@bybit -> ADA@binance -> USDT@binance,1.000422475707647,0.44988737918875676
2026-05-31 13:55:00+00:00,USDT@binance -> ADA@binance -> ADA@bybit -> USDT@bybit,1.0004222972972971,0.4497163915865348
2026-05-31 14:00:00+00:00,USDT@okx -> AVAX@okx -> AVAX@binance -> USDT@binance,1.0004450378282155,0.4739534432205791
2026-05-31 14:05:00+00:00,USDT@bybit -> ADA@bybit -> ADA@binance -> USDT@binance,1.0004222972972971,0.44975539791401814
2026-05-31 14:10:00+00:00,USDT@okx -> BNB@okx -> BNB@bybit -> USDT@bybit,1.000551724137931,0.5876224870622588
2026-05-31 14:15:00+00:00,USDT@okx -> LINK@okx -> LINK@binance -> USDT@binance,1.000439705397384,0.4683410003516175
2026-05-31 14:20:00+00:00,USDT@bybit -> ADA@bybit -> ADA@binance -> USDT@binance,1.0004269854824936,0.4548127045898528
2026-05-31 14:25:00+00:00,USDT@bybit -> ADA@bybit -> ADA@okx -> USDT@okx,1.0008536064874092,0.9092760012117834
2026-05-31 14:30:00+00:00,USDT@binance -> ADA@binance -> ADA@okx -> USDT@okx,1.0004262574595055,0.45409538065637617
2026-05-31 14:35:00+00:00,USDT@okx -> XRP@okx -> XRP@bybit -> USDT@bybit,1.0003005259203606,0.3201662426920226
2026-05-31 14:40:00+00:00,USDT@binance -> ADA@binance -> ADA@okx -> USDT@okx,1.0004273504273504,0.4552928158898365
2026-05-31 14:45:00+00:00,USDT@okx -> BNB@okx -> BNB@binance -> USDT@binance,1.000458906967042,0.4889335796035883
2026-05-31 14:50:00+00:00,USDT@bybit -> LINK@bybit -> LINK@binance -> USDT@binance,1.000329091706889,0.3506405041098507
2026-05-31 14:55:00+00:00,USDT@bybit -> AVAX@bybit -> AVAX@okx -> USDT@okx,1.0003380281690142,0.3601739749428129
2026-05-31 15:00:00+00:00,USDT@bybit -> ADA@bybit -> ADA@binance -> USDT@binance,1.0004273504273504,0.45536354413233854
2026-05-31 15:05:00+00:00,USDT@binance -> LTC@binance -> LTC@bybit -> USDT@bybit,1.0003843936190657,0.409608391167996
2026-05-31 15:10:00+00:00,USDT@binance -> DOGE@binance -> DOGE@okx -> USDT@okx,1.0002996404314823,0.3193079875540233
2026-05-31 15:15:00+00:00,USDT@binance -> BNB@binance -> BNB@bybit -> USDT@bybit,1.0005409078930945,0.5764288391176392
2026-05-31 15:20:00+00:00,USDT@okx -> ADA@okx -> ADA@binance -> USDT@binance,1.0004260758414998,0.4540804278422953
2026-05-31 15:25:00+00:00,USDT@okx -> BNB@okx -> BNB@bybit -> USDT@bybit,1.0006927126627874,0.7382738793214787
2026-05-31 15:30:00+00:00,USDT@bybit -> ADA@bybit -> ADA@binance -> USDT@binance,1.0004258943781943,0.4539378192405446
2026-05-31 15:35:00+00:00,USDT@binance -> BNB@binance -> BNB@bybit -> USDT@bybit,1.000511169749803,0.5448514368602755
2026-05-31 15:40:00+00:00,USDT@binance -> LINK@binance -> LINK@okx -> USDT@okx,1.0004391261389833,0.46808469799187186
2026-05-31 15:45:00+00:00,USDT@bybit -> ADA@bybit -> ADA@okx -> USDT@okx,1.000853970964987,0.9103268035626395
2026-05-31 15:50:00+00:00,USDT@bybit -> ADA@bybit -> ADA@binance -> USDT@binance,1.0004268032437047,0.4550079896083958
2026-05-31 15:55:00+00:00,USDT@binance -> LTC@binance -> LTC@bybit -> USDT@bybit,1.0003850596842512,0.4105233809979369
2026-05-31 16:00:00+00:00,USDT@bybit -> ADA@bybit -> ADA@binance -> USDT@binance,1.0004271678769756,0.4554336919219611
2026-05-31 16:05:00+00:00,USDT@binance -> ADA@binance -> ADA@bybit -> USDT@bybit,1.0004278990158324,0.45623269839920794
2026-05-31 16:10:00+00:00,USDT@binance -> ADA@binance -> ADA@okx -> USDT@okx,1.0004286326618088,0.45703447896631355
2026-05-31 16:15:00+00:00,USDT@bybit -> ADA@bybit -> ADA@binance -> USDT@binance,1.0004278990158324,0.4562717770118466
2026-05-31 16:20:00+00:00,USDT@okx -> ADA@okx -> ADA@binance -> USDT@binance,1.0008580008580008,0.9149315916379087
2026-05-31 16:25:00+00:00,USDT@bybit -> ADA@bybit -> ADA@binance -> USDT@binance,1.0004284490145674,0.4569169936647569
2026-05-31 16:30:00+00:00,USDT@okx -> BNB@okx -> BNB@bybit -> USDT@bybit,1.0005686664771112,0.6064770855345952
2026-05-31 16:35:00+00:00,USDT@binance -> ADA@binance -> ADA@bybit -> USDT@bybit,1.0004293688278232,0.4579435820615453
2026-05-31 16:40:00+00:00,USDT@bybit -> ADA@bybit -> ADA@binance -> USDT@binance,1.0004293688278232,0.4579632447314492
2026-05-31 16:45:00+00:00,USDT@bybit -> XRP@bybit -> XRP@binance -> USDT@binance,1.0002262272830102,0.24130356533521416
2026-05-31 16:50:00+00:00,USDT@okx -> AVAX@okx -> AVAX@binance -> USDT@binance,1.0006798866855524,0.7252122313838055
2026-05-31 16:55:00+00:00,USDT@okx -> ADA@okx -> ADA@binance -> USDT@binance,1.0004293688278232,0.4580244074210778
2026-05-31 17:00:00+00:00,USDT@bybit -> AVAX@bybit -> AVAX@okx -> USDT@okx,1.000340097494615,0.36281078584877297
2026-05-31 17:05:00+00:00,USDT@bybit -> LINK@bybit -> LINK@okx -> USDT@okx,1.0005538325210455,0.5908401242813862
2026-05-31 17:10:00+00:00,USDT@binance -> ADA@binance -> ADA@okx -> USDT@okx,1.0004302925989672,0.4590705733283189
2026-05-31 17:15:00+00:00,USDT@bybit -> ADA@bybit -> ADA@binance -> USDT@binance,1.0004301075268818,0.45889286859040856
2026-05-31 17:20:00+00:00,USDT@bybit -> ADA@bybit -> ADA@binance -> USDT@binance,1.0004297378599054,0.4585181816756811
2026-05-31 17:25:00+00:00,USDT@bybit -> LTC@bybit -> LTC@okx -> USDT@okx,1.0005811700891127,0.6201187488827451
2026-05-31 17:30:00+00:00,USDT@bybit -> ADA@bybit -> ADA@binance -> USDT@binance,1.0004291845493563,0.4579741083487383
2026-05-31 17:35:00+00:00,USDT@bybit -> ADA@bybit -> ADA@binance -> USDT@binance,1.000428265524625,0.4570130491917658
2026-05-31 17:40:00+00:00,USDT@bybit -> AVAX@bybit -> AVAX@okx -> USDT@okx,1.00067712447805,0.7226077222672002
2026-05-31 17:45:00+00:00,USDT@binance -> BNB@binance -> BNB@bybit -> USDT@bybit,1.0005589714924539,0.5965586539633566
2026-05-31 17:50:00+00:00,USDT@binance -> BNB@binance -> BNB@bybit -> USDT@bybit,1.0005170992131707,0.5519015869190357
2026-05-31 17:55:00+00:00,USDT@bybit -> ADA@bybit -> ADA@binance -> USDT@binance,1.0008572653236179,0.9150092395754742
2026-05-31 18:00:00+00:00,USDT@bybit -> ADA@bybit -> ADA@binance -> USDT@binance,1.0004291845493563,0.45813295231269835
2026-05-31 18:05:00+00:00,USDT@binance -> BNB@binance -> BNB@okx -> USDT@okx,1.0006599918554198,0.7045383965377646
2026-05-31 18:10:00+00:00,USDT@binance -> LINK@binance -> LINK@okx -> USDT@okx,1.000884075588463,0.943809080361176
2026-05-31 18:15:00+00:00,USDT@binance -> BNB@binance -> BNB@okx -> USDT@okx,1.000309780618998,0.33074050793448917
2026-05-31 18:20:00+00:00,USDT@okx -> ADA@okx -> ADA@binance -> USDT@binance,1.0004297378599054,0.4588283201470164
2026-05-31 18:25:00+00:00,USDT@binance -> AVAX@binance -> AVAX@okx -> USDT@okx,1.0010178692603484,1.0868190968478715
2026-05-31 18:30:00+00:00,USDT@okx -> DOGE@okx -> DOGE@bybit -> USDT@bybit,1.0004020100502513,0.42928565456244044
2026-05-31 18:35:00+00:00,USDT@okx -> ADA@okx -> ADA@binance -> USDT@binance,1.0004290004290004,0.4581256946758117
2026-05-31 18:40:00+00:00,USDT@binance -> BNB@binance -> BNB@okx -> USDT@okx,1.0004366873741002,0.46635451989212845
2026-05-31 18:45:00+00:00,USDT@binance -> BNB@binance -> BNB@okx -> USDT@okx,1.0008320288812738,0.8885930687247863
2026-05-31 18:50:00+00:00,USDT@bybit -> LINK@bybit -> LINK@binance -> USDT@binance,1.0004422821760284,0.47238934171511526
2026-05-31 18:55:00+00:00,USDT@binance -> ADA@binance -> ADA@okx -> USDT@okx,1.0008580008580008,0.9164474822409423
2026-05-31 19:00:00+00:00,USDT@bybit -> LINK@bybit -> LINK@binance -> USDT@binance,1.0004435573297847,0.47381290099790535
2026-05-31 19:05:00+00:00,USDT@bybit -> ADA@bybit -> ADA@binance -> USDT@binance,1.0004293688278232,0.4586769285489118
2026-05-31 19:10:00+00:00,USDT@binance -> LINK@binance -> LINK@okx -> USDT@okx,1.0007759671876733,0.8289691874494934
2026-05-31 19:15:00+00:00,USDT@okx -> ADA@okx -> ADA@binance -> USDT@binance,1.0008602150537633,0.919042865549816
2026-05-31 19:20:00+00:00,USDT@bybit -> ADA@bybit -> ADA@binance -> USDT@binance,1.0004304778303916,0.4599566231115358
2026-05-31 19:25:00+00:00,USDT@bybit -> ADA@bybit -> ADA@binance -> USDT@binance,1.0004301075268818,0.4595807445809905
2026-05-31 19:30:00+00:00,USDT@okx -> LTC@okx -> LTC@binance -> USDT@binance,1.0011657276083157,1.245662936730453
2026-05-31 19:35:00+00:00,USDT@bybit -> LINK@bybit -> LINK@okx -> USDT@okx,1.0002218278615795,0.23706649412586442
2026-05-31 19:40:00+00:00,USDT@binance -> ADA@binance -> ADA@okx -> USDT@okx,1.0004293688278232,0.45887482274299063
2026-05-31 19:45:00+00:00,USDT@bybit -> DOGE@bybit -> DOGE@binance -> USDT@binance,1.000301416658294,0.32214368019204087
2026-05-31 19:50:00+00:00,USDT@binance -> ADA@binance -> ADA@okx -> USDT@okx,1.0004293688278232,0.45890835724290197
2026-05-31 19:55:00+00:00,USDT@binance -> LINK@binance -> LINK@okx -> USDT@okx,1.0004424778761063,0.4729395817940159
2026-05-31 20:00:00+00:00,USDT@binance -> ADA@binance -> ADA@bybit -> USDT@bybit,1.0004290004290004,0.4585545897950874
2026-05-31 20:05:00+00:00,USDT@bybit -> LINK@bybit -> LINK@binance -> USDT@binance,1.0004411602514613,0.4715723411366064
2026-05-31 20:10:00+00:00,USDT@bybit -> BNB@bybit -> BNB@okx -> USDT@okx,1.0011272368606452,1.2049978994001607
2026-05-31 20:15:00+00:00,USDT@binance -> BNB@binance -> BNB@okx -> USDT@okx,1.0004082724444257,0.43648581010497073
2026-05-31 20:20:00+00:00,USDT@bybit -> BNB@bybit -> BNB@okx -> USDT@okx,1.000563063063063,0.6019976970025327
2026-05-31 20:25:00+00:00,USDT@binance -> BNB@binance -> BNB@okx -> USDT@okx,1.000563142334225,0.6021163506383742
2026-05-31 20:30:00+00:00,USDT@binance -> AVAX@binance -> AVAX@okx -> USDT@okx,1.0004509582863585,0.48219540982246173
2026-05-31 20:35:00+00:00,USDT@okx -> LTC@okx -> LTC@bybit -> USDT@bybit,1.0003860258637327,0.41278384127456275
2026-05-31 20:40:00+00:00,USDT@binance -> SOL@binance -> SOL@bybit -> USDT@bybit,1.0003666585186997,0.3920891539500901
2026-05-31 20:45:00+00:00,USDT@binance -> ADA@binance -> ADA@bybit -> USDT@bybit,1.000428265524625,0.4579858792810186
2026-05-31 20:50:00+00:00,USDT@binance -> ADA@binance -> ADA@bybit -> USDT@bybit,1.0004278990158324,0.45761353303808067
2026-05-31 20:55:00+00:00,USDT@bybit -> AVAX@bybit -> AVAX@binance -> USDT@binance,1.0003374198627826,0.3608666926317307
2026-05-31 21:00:00+00:00,USDT@bybit -> LINK@bybit -> LINK@binance -> USDT@binance,1.0004400440044003,0.470637920674139
2026-05-31 21:05:00+00:00,USDT@binance -> ADA@binance -> ADA@bybit -> USDT@bybit,1.000427533133818,0.45727735721438734
2026-05-31 21:10:00+00:00,USDT@okx -> ADA@okx -> ADA@binance -> USDT@binance,1.000427533133818,0.4572969073365427
2026-05-31 21:15:00+00:00,USDT@binance -> BNB@binance -> BNB@bybit -> USDT@bybit,1.0006211530860014,0.6644245951469384
2026-05-31 21:20:00+00:00,USDT@okx -> BNB@okx -> BNB@bybit -> USDT@bybit,1.0005642544787698,0.6035997395458327
2026-05-31 21:25:00+00:00,USDT@bybit -> ADA@bybit -> ADA@binance -> USDT@binance,1.0004271678769756,0.45697992241952423
2026-05-31 21:30:00+00:00,USDT@binance -> LTC@binance -> LTC@bybit -> USDT@bybit,1.0005781460782424,0.6185213122237294
2026-05-31 21:35:00+00:00,USDT@binance -> AVAX@binance -> AVAX@bybit -> USDT@bybit,1.0006740815638693,0.7211982126779606
2026-05-31 21:40:00+00:00,USDT@bybit -> LINK@bybit -> LINK@binance -> USDT@binance,1.0004394155772822,0.4701613394832289
2026-05-31 21:45:00+00:00,USDT@binance -> BNB@binance -> BNB@bybit -> USDT@bybit,1.000351642168929,0.37626298771465433
2026-05-31 21:50:00+00:00,USDT@bybit -> ADA@bybit -> ADA@binance -> USDT@binance,1.0004255319148936,0.45534225989854527
2026-05-31 21:55:00+00:00,USDT@binance -> BNB@binance -> BNB@bybit -> USDT@bybit,1.0005485154920466,0.5869663430123903
2026-05-31 22:00:00+00:00,USDT@bybit -> LINK@bybit -> LINK@binance -> USDT@binance,1.0004391261389833,0.4699345884824875
2026-05-31 22:05:00+00:00,USDT@okx -> ADA@okx -> ADA@binance -> USDT@binance,1.0004260758414998,0.4559887239372803
2026-05-31 22:10:00+00:00,USDT@okx -> ADA@okx -> ADA@binance -> USDT@binance,1.0004249893752657,0.4548453607961698
2026-05-31 22:15:00+00:00,USDT@binance -> BNB@binance -> BNB@bybit -> USDT@bybit,1.000702444506884,0.7518239803942568
2026-05-31 22:20:00+00:00,USDT@binance -> BNB@binance -> BNB@okx -> USDT@okx,1.0005481300333094,0.5867029308738564
2026-05-31 22:25:00+00:00,USDT@bybit -> ADA@bybit -> ADA@binance -> USDT@binance,1.0008503401360545,0.9102299925003735
2026-05-31 22:30:00+00:00,USDT@bybit -> ADA@bybit -> ADA@binance -> USDT@binance,1.0004240882103477,0.45399554460536573
2026-05-31 22:35:00+00:00,USDT@binance -> DOGE@binance -> DOGE@bybit -> USDT@bybit,1.0005973715651135,0.639526220868672
2026-05-31 22:40:00+00:00,USDT@binance -> AVAX@binance -> AVAX@okx -> USDT@okx,1.0005578489345086,0.5972502768918567
2026-05-31 22:45:00+00:00,USDT@binance -> ADA@binance -> ADA@okx -> USDT@okx,1.0004240882103477,0.45406724825432104
2026-05-31 22:50:00+00:00,USDT@binance -> BNB@binance -> BNB@bybit -> USDT@bybit,1.000463177396943,0.49594070315362804
2026-05-31 22:55:00+00:00,USDT@binance -> BNB@binance -> BNB@bybit -> USDT@bybit,1.000477890534956,0.511718289911868
2026-05-31 23:00:00+00:00,USDT@okx -> ADA@okx -> ADA@binance -> USDT@binance,1.0008463817181548,0.9063366432567637
2026-05-31 23:05:00+00:00,USDT@bybit -> LTC@bybit -> LTC@binance -> USDT@binance,1.000191460846257,0.20504066200892201
2026-05-31 23:10:00+00:00,USDT@binance -> LINK@binance -> LINK@bybit -> USDT@bybit,1.0008725051804994,0.9344075748617598
2026-05-31 23:15:00+00:00,USDT@bybit -> ADA@bybit -> ADA@binance -> USDT@binance,1.0004239084357778,0.454023451672654
2026-05-31 23:20:00+00:00,USDT@binance -> AVAX@binance -> AVAX@okx -> USDT@okx,1.0004466778336125,0.478430697863196
2026-05-31 23:25:00+00:00,USDT@okx -> ADA@okx -> ADA@bybit -> USDT@bybit,1.000850701829009,0.9112161360365635
2026-05-31 23:30:00+00:00,USDT@binance -> BNB@binance -> BNB@okx -> USDT@okx,1.0004089633484226,0.43809204490423514
2026-05-31 23:35:00+00:00,USDT@bybit -> AVAX@bybit -> AVAX@binance -> USDT@binance,1.0002241398632747,0.2401141989755374
2026-05-31 23:40:00+00:00,USDT@bybit -> ADA@bybit -> ADA@binance -> USDT@binance,1.0004260758414998,0.4564522838299845
2026-05-31 23:45:00+00:00,USDT@binance -> ADA@binance -> ADA@bybit -> USDT@bybit,1.0004253509145045,0.45569508948420034
2026-05-31 23:50:00+00:00,USDT@okx -> DOGE@okx -> DOGE@bybit -> USDT@bybit,1.0004984051036683,0.5339836148755689
2026-05-31 23:55:00+00:00,USDT@bybit -> AVAX@bybit -> AVAX@okx -> USDT@okx,1.0010027855153205,1.0744226305550888
2026-06-01 00:00:00+00:00,USDT@binance -> LTC@binance -> LTC@okx -> USDT@okx,1.0003836562440054,0.4111051469445167
2026-06-01 00:05:00+00:00,USDT@okx -> ADA@okx -> ADA@binance -> USDT@binance,1.0004237288135593,0.45406215085830587
2026-06-01 00:10:00+00:00,USDT@binance -> DOGE@binance -> DOGE@bybit -> USDT@bybit,1.000397812033814,0.4263081381364239
2026-06-01 00:15:00+00:00,USDT@binance -> BNB@binance -> BNB@bybit -> USDT@bybit,1.0005075140271238,0.5438899493889948
2026-06-01 00:20:00+00:00,USDT@binance -> ADA@binance -> ADA@bybit -> USDT@bybit,1.0004235493434985,0.4539301575812874
2026-06-01 00:25:00+00:00,USDT@binance -> BNB@binance -> BNB@bybit -> USDT@bybit,1.0005186213083275,0.5558450908627007
2026-06-01 00:30:00+00:00,USDT@binance -> SOL@binance -> SOL@okx -> USDT@okx,1.0002413127413128,0.2586462547235555
2026-06-01 00:35:00+00:00,USDT@binance -> ADA@binance -> ADA@bybit -> USDT@bybit,1.0004226542688082,0.4530244903634108
2026-06-01 00:40:00+00:00,USDT@binance -> DOGE@binance -> DOGE@bybit -> USDT@bybit,1.00039639282529,0.4248939635908762
2026-06-01 00:45:00+00:00,USDT@okx -> DOGE@okx -> DOGE@bybit -> USDT@bybit,1.0005941182295277,0.6368613146124299
2026-06-01 00:50:00+00:00,USDT@binance -> BNB@binance -> BNB@bybit -> USDT@bybit,1.000561482313307,0.601913207286081
2026-06-01 00:55:00+00:00,USDT@okx -> LTC@okx -> LTC@bybit -> USDT@bybit,1.0003829950210648,0.4105965582142391
2026-06-01 01:00:00+00:00,USDT@okx -> DOGE@okx -> DOGE@bybit -> USDT@bybit,1.0005951200158698,0.6380333305810401
2026-06-01 01:05:00+00:00,USDT@binance -> LINK@binance -> LINK@okx -> USDT@okx,1.0006572461386791,0.704681220168568
2026-06-01 01:10:00+00:00,USDT@binance -> LTC@binance -> LTC@bybit -> USDT@bybit,1.0005767012687428,0.6183638665560167
2026-06-01 01:15:00+00:00,USDT@binance -> ADA@binance -> ADA@bybit -> USDT@bybit,1.0008499787505312,0.9114362779385907
2026-06-01 01:20:00+00:00,USDT@bybit -> ADA@bybit -> ADA@binance -> USDT@binance,1.0004257130693912,0.4565329606737257
2026-06-01 01:25:00+00:00,USDT@binance -> BNB@binance -> BNB@bybit -> USDT@bybit,1.0005683432793409,0.6095149632957961
2026-06-01 01:30:00+00:00,USDT@bybit -> LINK@bybit -> LINK@okx -> USDT@okx,1.00054842601733,0.5881882907835148
2026-06-01 01:35:00+00:00,USDT@bybit -> ADA@bybit -> ADA@binance -> USDT@binance,1.0004260758414998,0.45699247901325263
2026-06-01 01:40:00+00:00,USDT@bybit -> AVAX@bybit -> AVAX@okx -> USDT@okx,1.0006719677455482,0.7207573395623499
2026-06-01 01:45:00+00:00,USDT@bybit -> LINK@bybit -> LINK@okx -> USDT@okx,1.0005495109352676,0.5894489082458887
2026-06-01 01:50:00+00:00,USDT@binance -> ADA@binance -> ADA@okx -> USDT@okx,1.0004273504273504,0.4584350718447814
2026-06-01 01:55:00+00:00,USDT@binance -> BNB@binance -> BNB@okx -> USDT@okx,1.000445985411961,0.4784459747706959
2026-06-01 02:00:00+00:00,USDT@bybit -> ADA@bybit -> ADA@binance -> USDT@binance,1.000428265524625,0.4594568549125935
2026-06-01 02:05:00+00:00,USDT@bybit -> DOGE@bybit -> DOGE@binance -> USDT@binance,1.000397930760048,0.42693103935827964
2026-06-01 02:10:00+00:00,USDT@bybit -> ADA@bybit -> ADA@binance -> USDT@binance,1.0004260758414998,0.45714546016654234
2026-06-01 02:15:00+00:00,USDT@binance -> ADA@binance -> ADA@okx -> USDT@okx,1.0004268032437047,0.45794541594409505
2026-06-01 02:20:00+00:00,USDT@bybit -> ADA@bybit -> ADA@binance -> USDT@binance,1.0004260758414998,0.4571844499780511
2026-06-01 02:25:00+00:00,USDT@bybit -> LINK@bybit -> LINK@binance -> USDT@binance,1.000439705397384,0.4718292283363254
2026-06-01 02:30:00+00:00,USDT@bybit -> AVAX@bybit -> AVAX@okx -> USDT@okx,1.0004462293618919,0.47885087258633685
2026-06-01 02:35:00+00:00,USDT@binance -> BNB@binance -> BNB@okx -> USDT@okx,1.0005092369932382,0.5464890494230313
2026-06-01 02:40:00+00:00,USDT@okx -> ADA@okx -> ADA@binance -> USDT@binance,1.0004231908590773,0.4541715359534859
2026-06-01 02:45:00+00:00,USDT@bybit -> LINK@bybit -> LINK@binance -> USDT@binance,1.0003272251308901,0.3511952737605815
2026-06-01 02:50:00+00:00,USDT@okx -> DOGE@okx -> DOGE@bybit -> USDT@bybit,1.0003956478733926,0.42464406573268937
2026-06-01 02:55:00+00:00,USDT@bybit -> ADA@bybit -> ADA@binance -> USDT@binance,1.0004231908590773,0.4542235888893914
2026-06-01 03:00:00+00:00,USDT@binance -> BNB@binance -> BNB@okx -> USDT@okx,1.0005075855845693,0.5448300640766471
2026-06-01 03:05:00+00:00,USDT@okx -> ADA@okx -> ADA@binance -> USDT@binance,1.0004214075010534,0.4523515574845919
2026-06-01 03:10:00+00:00,USDT@binance -> ADA@binance -> ADA@bybit -> USDT@bybit,1.000422475707647,0.4535173135055053
2026-06-01 03:15:00+00:00,USDT@binance -> BNB@binance -> BNB@bybit -> USDT@bybit,1.0003109628540736,0.33382510207449506
2026-06-01 03:20:00+00:00,USDT@okx -> BNB@okx -> BNB@bybit -> USDT@bybit,1.0004242681374629,0.4554748473944339
2026-06-01 03:25:00+00:00,USDT@okx -> DOGE@okx -> DOGE@binance -> USDT@binance,1.000394944707741,0.4240125445471754
2026-06-01 03:30:00+00:00,USDT@okx -> LTC@okx -> LTC@bybit -> USDT@bybit,1.0005763688760807,0.6188139274051211
2026-06-01 03:35:00+00:00,USDT@bybit -> ADA@bybit -> ADA@binance -> USDT@binance,1.000422475707647,0.4536138764009395
2026-06-01 03:40:00+00:00,USDT@binance -> LTC@binance -> LTC@okx -> USDT@okx,1.0003845414343395,0.4129011370229481
2026-06-01 03:45:00+00:00,USDT@okx -> DOGE@okx -> DOGE@bybit -> USDT@bybit,1.000394983706922,0.42412982993640885
2026-06-01 03:50:00+00:00,USDT@binance -> LTC@binance -> LTC@okx -> USDT@okx,1.0005775895263767,0.6202347573691173
2026-06-01 03:55:00+00:00,USDT@bybit -> ADA@bybit -> ADA@binance -> USDT@binance,1.0004222972972971,0.45350301241566654
2026-06-01 04:00:00+00:00,USDT@okx -> BNB@okx -> BNB@bybit -> USDT@bybit,1.0005690709916062,0.6111483759862848
2026-06-01 04:05:00+00:00,USDT@okx -> ADA@okx -> ADA@binance -> USDT@binance,1.0004233700254024,0.4547000840558743
2026-06-01 04:10:00+00:00,USDT@bybit -> ADA@bybit -> ADA@okx -> USDT@okx,1.0008474576271187,0.910209380125406
2026-06-01 04:15:00+00:00,USDT@binance -> AVAX@binance -> AVAX@bybit -> USDT@bybit,1.0008922596475576,0.9584100731528843
2026-06-01 04:20:00+00:00,USDT@binance -> LTC@binance -> LTC@bybit -> USDT@bybit,1.0005801585766776,0.6232260281337412
2026-06-01 04:25:00+00:00,USDT@binance -> LINK@binance -> LINK@okx -> USDT@okx,1.0005495109352676,0.590337538793256
2026-06-01 04:30:00+00:00,USDT@binance -> BNB@binance -> BNB@bybit -> USDT@bybit,1.0005454127913653,0.5859671159189285
2026-06-01 04:35:00+00:00,USDT@binance -> LINK@binance -> LINK@bybit -> USDT@bybit,1.0004388370817334,0.4714926532360193
2026-06-01 04:40:00+00:00,USDT@binance -> BNB@binance -> BNB@bybit -> USDT@bybit,1.000458334526913,0.49246258916705304
2026-06-01 04:45:00+00:00,USDT@bybit -> ADA@bybit -> ADA@binance -> USDT@binance,1.0004280821917808,0.4599787153620497
2026-06-01 04:50:00+00:00,USDT@bybit -> ADA@bybit -> ADA@binance -> USDT@binance,1.0004268032437047,0.4586241045486265
2026-06-01 04:55:00+00:00,USDT@binance -> AVAX@binance -> AVAX@bybit -> USDT@bybit,1.0004469273743017,0.4802691125666721
2026-06-01 05:00:00+00:00,USDT@okx -> AVAX@okx -> AVAX@bybit -> USDT@bybit,1.0006713662302786,0.7214838310030594
2026-06-01 05:05:00+00:00,USDT@binance -> ADA@binance -> ADA@bybit -> USDT@bybit,1.0004268032437047,0.45869496997961745
2026-06-01 05:10:00+00:00,USDT@okx -> AVAX@okx -> AVAX@binance -> USDT@binance,1.0007844895214615,0.8431443784730202
2026-06-01 05:15:00+00:00,USDT@binance -> BNB@binance -> BNB@bybit -> USDT@bybit,1.0005305191918903,0.570229878956923
2026-06-01 05:20:00+00:00,USDT@binance -> BNB@binance -> BNB@bybit -> USDT@bybit,1.0006169562534972,0.6631721512854943
2026-06-01 05:25:00+00:00,USDT@okx -> ADA@okx -> ADA@binance -> USDT@binance,1.0004277159965782,0.45978436218983115
2026-06-01 05:30:00+00:00,USDT@bybit -> ADA@bybit -> ADA@binance -> USDT@binance,1.0004273504273504,0.4594110330069279
2026-06-01 05:35:00+00:00,USDT@okx -> LTC@okx -> LTC@binance -> USDT@binance,1.0007753440589262,0.8335473993716603
2026-06-01 05:40:00+00:00,USDT@bybit -> AVAX@bybit -> AVAX@okx -> USDT@okx,1.0005611672278338,0.6033395696292603
2026-06-01 05:45:00+00:00,USDT@bybit -> LTC@bybit -> LTC@okx -> USDT@okx,1.0009682416731216,1.0410645304380304
2026-06-01 05:50:00+00:00,USDT@binance -> SOL@binance -> SOL@bybit -> USDT@bybit,1.0002442002442002,0.2625923207544459
2026-06-01 05:55:00+00:00,USDT@binance -> ADA@binance -> ADA@bybit -> USDT@bybit,1.0004273504273504,0.45954778321432965
2026-06-01 06:00:00+00:00,USDT@binance -> LTC@binance -> LTC@bybit -> USDT@bybit,1.0005826374053215,0.626561138570592
2026-06-01 06:05:00+00:00,USDT@bybit -> DOGE@bybit -> DOGE@okx -> USDT@okx,1.000500300180108,0.538048040631218
2026-06-01 06:10:00+00:00,USDT@bybit -> LINK@bybit -> LINK@okx -> USDT@okx,1.0008851515822084,0.9519842694557824
2026-06-01 06:15:00+00:00,USDT@binance -> LINK@binance -> LINK@bybit -> USDT@bybit,1.0005529750055298,0.5947795990072609
2026-06-01 06:20:00+00:00,USDT@bybit -> ADA@bybit -> ADA@binance -> USDT@binance,1.0004291845493563,0.4616561823196138
2026-06-01 06:25:00+00:00,USDT@bybit -> ADA@bybit -> ADA@binance -> USDT@binance,1.0004295532646048,0.4620726247520837
2026-06-01 06:30:00+00:00,USDT@bybit -> ADA@bybit -> ADA@binance -> USDT@binance,1.0004295532646048,0.46209247323252844
2026-06-01 06:35:00+00:00,USDT@bybit -> DOGE@bybit -> DOGE@binance -> USDT@binance,1.0004999500049994,0.5378449589702801
2026-06-01 06:40:00+00:00,USDT@okx -> ADA@okx -> ADA@binance -> USDT@binance,1.0004306632213609,0.4633295742586092
2026-06-01 06:45:00+00:00,USDT@okx -> ADA@okx -> ADA@binance -> USDT@binance,1.0004293688278232,0.4619568932529788
2026-06-01 06:50:00+00:00,USDT@binance -> LINK@binance -> LINK@bybit -> USDT@bybit,1.0005545696539486,0.5966857808759255
2026-06-01 06:55:00+00:00,USDT@bybit -> DOGE@bybit -> DOGE@binance -> USDT@binance,1.000299520766773,0.32228538398156437
2026-06-01 07:00:00+00:00,USDT@okx -> LINK@okx -> LINK@binance -> USDT@binance,1.0003325205054312,0.35780393389222637
2026-06-01 07:05:00+00:00,USDT@bybit -> LINK@bybit -> LINK@binance -> USDT@binance,1.0005533421868085,0.5954357445692028
2026-06-01 07:10:00+00:00,USDT@bybit -> ADA@bybit -> ADA@binance -> USDT@binance,1.0012892135797165,1.3873627260331327
2026-06-01 07:15:00+00:00,USDT@okx -> LINK@okx -> LINK@binance -> USDT@binance,1.0004429188351234,0.47670014724040216
2026-06-01 07:20:00+00:00,USDT@bybit -> LINK@bybit -> LINK@okx -> USDT@okx,1.000666148551127,0.716987294846544
2026-06-01 07:25:00+00:00,USDT@bybit -> ADA@bybit -> ADA@binance -> USDT@binance,1.0008605851979346,0.9263245492052482
